# 3D point list with one line of data per point:
#   POINT3D_ID, X, Y, Z, R, G, B, ERROR, TRACK[] as (IMAGE_ID, POINT2D_IDX)
# Number of points: 1990, mean track length: 11.192462311557788
4 1.0132012405294171 -2.5622044273083646 2.6153741047862136 188 157 149 0.58071801644751198 20 172 35 64 28 381 27 302 31 411 32 408 36 370 39 66 38 64 34 66 37 55 12 24 15 23 11 25 16 242 14 14 6 31 7 16 18 188 33 31 19 308 24 44 3 15
5 1.0132012405294171 -2.5622044273083646 2.6153741047862136 188 157 149 0.58071801644751198 20 173 35 65 28 382 27 303 31 412 32 409 36 371 39 67 38 65 34 67 37 56 12 25 15 24 11 26 16 243 14 15 6 32 7 17 18 187 33 32 19 309 24 43 3 16
8 1.0348795572070604 -2.4336511887646921 2.6827013265795143 85 49 75 0.52708285760829687 20 121 35 106 28 439 27 346 30 351 29 483 31 459 32 147 36 415 39 104 38 112 34 110 37 110 10 237 12 209 13 214 15 207 11 238 16 269 9 356 14 190 6 335 7 230 18 144 8 26 19 100 24 64 3 196
9 1.1307645949575174 -2.4296087021605755 2.6692323947410115 87 48 79 0.43338737227443253 20 142 35 107 28 441 27 348 30 353 29 485 31 462 32 150 36 131 39 106 38 114 34 103 37 111 10 235 12 207 13 211 15 203 11 57 16 55 9 63 14 25 6 53 7 45 18 134 19 114 21 24 3 30
10 1.2052008558681178 -2.4267419250005018 2.6591257268776793 83 46 71 0.52455982447845217 20 156 35 111 28 445 27 352 30 357 29 489 31 464 32 154 36 133 39 110 38 118 34 107 37 357 10 46 12 206 13 39 15 200 11 56 16 50 9 60 14 188 6 332 7 38 18 131 19 120 3 32
11 1.1247361295278528 -2.3962603799379805 2.6893436023270767 127 102 99 0.14496332803517456 20 124 35 118 28 450 27 359 30 365 29 496 31 139 32 165 36 140 39 119 38 123 34 120 37 119
15 1.4917424127063268 -2.236753442146429 2.7239578408692804 186 178 169 0.31647068178717747 20 133 35 138 28 703 27 383 29 737 31 723 32 474 36 624 39 135 34 134 37 139 16 288 25 238 23 290 26 9 19 89
16 1.1863526396374371 -2.2214388287655944 2.7658611639840966 104 70 35 1.4793464247425587 20 107 35 146 27 388 30 384 31 506 10 71 13 56 9 131 21 70 21 75
17 1.5315231724892984 -2.1786050552423775 2.750161655786227 42 52 28 0.64532897184534233 20 118 35 149 28 485 27 391 30 398 29 543 31 202 32 211 36 180 39 149 38 153 34 145 37 149 10 77 13 63 15 63 11 92 16 95 6 355 14 227 33 95 8 38 3 201
18 0.67565815713497912 -2.2079303970251019 2.8535532090759941 70 39 44 0.28632743172164793 20 56 35 150 28 478 27 389 30 392 29 537 31 509 32 483 36 181 39 147 38 154 34 151 37 150 10 84 12 76 13 77 15 70 16 129 6 139 14 61
24 1.532367313100055 -1.955412639836593 2.8802120738437411 128 112 104 0.60804465163104748 20 250 35 205 28 548 27 442 30 451 29 290 31 285 32 290 36 234 39 206 38 201 34 212 37 208 10 409 12 276 13 281 11 296 16 431 9 538 14 379 6 516 7 359 18 21 8 225 19 236 31 575 3 218
25 1.3065425984175894 -1.9201357779559669 2.9168655815716735 193 153 126 0.74843643398689719 20 66 35 218 28 770 27 454 30 704 29 608 31 583 32 538 36 495 39 224 10 144 12 120 16 174 9 429 14 383 6 414 7 134 24 224 26 232 25 388
29 1.453559048175219 -1.8322551284510538 2.9521698166581078 143 122 116 0.34788000382337964 20 64 35 239 28 575 27 473 30 481 29 626 31 322 32 336 36 271 39 252 38 233 34 252 37 240 10 330 12 290 13 297 15 132 11 155 9 451 14 280 6 207 25 26 24 312
30 1.5482431680765629 -2.7236573545252396 2.442793054699945 60 52 50 0.47197305175598031 20 198 35 277 28 621 27 11 30 536 29 652 31 366 32 592 36 325 39 284 34 487 37 9 12 5 10 3 16 0 9 321 6 291 8 1 19 410
31 0.97999222923808604 -2.6202716120797844 2.59040692933258 176 150 125 0.47705078105544452 20 178 35 285 28 630 27 508 29 660 39 289 38 266 34 293 37 283 25 432 23 492 26 363 24 32 44 15
32 1.0903763699172113 -2.5817727329255376 2.598738512805419 94 47 88 0.51045208299321509 20 182 35 306 28 369 27 290 29 430 31 400 39 308 38 282 34 309 37 300 33 13 18 184
33 1.1461981276289155 -2.579149987603524 2.5908971885168595 94 41 93 0.59899580325655266 20 186 35 307 28 652 27 527 30 566 29 684 31 401 32 397 36 358 39 309 38 283 34 310 37 301 45 212 33 14 18 181 25 72 26 68 17 184 19 168 40 27
34 1.1153875406997242 -2.5742764620175671 2.5983924605102433 98 48 92 0.36219631704167538 20 319 35 310 28 373 27 528 30 309 31 404 32 402 36 361 39 310 38 287 34 313 37 305 45 36 19 160
35 1.1836034797568331 -2.5445138912107343 2.6016832018833398 84 44 70 0.49034353121855945 20 184 35 321 28 402 27 544 30 331 29 453 31 426 32 412 36 376 39 321 38 298 34 326 37 316 45 41 33 190 25 279 23 90 17 62 24 15 19 158
36 1.1828691557049151 -2.5442856109110581 2.6016052962740774 84 44 70 0.27121215822659228 20 183 35 322 28 403 27 545 30 332 29 454 31 427 32 413 36 377 39 322 38 299 34 327 37 317 45 42 23 89 17 61 19 157
39 1.26839278026911 -2.5119978366613864 2.6133944168379686 88 48 74 0.7641775509712001 20 185 35 340 28 412 27 323 30 592 29 462 31 435 32 431 36 393 39 342 38 316 34 82 37 332 10 218 12 193 13 196 15 183 11 221 16 33 9 344 14 176 6 321 7 23 45 47 18 150 8 14 25 386 23 451 26 318 17 252 19 318 21 224 3 21
40 1.0620015275227319 -2.5158203453862571 2.6421650272080606 93 50 82 0.57234688608663342 20 299 35 342 28 673 27 556 30 591 29 704 31 436 36 399 39 343 38 321 34 342 37 337 10 223 12 198 13 201 15 191 11 227 16 41 9 350 14 185 6 327 7 28 8 17 19 298 3 22
41 1.0622168106436569 -2.5149246675490966 2.6380769112229085 93 50 82 0.44006446091813911 20 298 35 343 28 674 27 557 29 705 31 437 32 435 36 400 39 344 38 322 34 343 37 338 16 42 33 285 18 171 19 297 24 190
42 1.0821006312141275 -2.5162114757965157 2.6382962280397164 92 45 85 0.65232086216724161 20 164 35 344 28 675 27 558 30 338 29 706 31 691 32 436 36 401 39 345 38 323 34 340 37 336 10 38 13 199 15 187 11 46 16 40 18 324 25 287 23 348 26 257 17 194 19 144 40 118
43 1.1444253699771545 -2.493109948144399 2.6356050558708306 180 151 141 0.33443904512824724 20 169 35 348 28 678 27 561 29 709 31 694 32 631 36 406 39 349 38 327 34 349 37 345 45 221 18 155 19 143 40 46
44 1.1444623368461513 -2.4932785752002253 2.636338130981295 180 151 141 0.33200978578909845 20 168 35 349 28 679 27 562 30 595 29 710 31 695 32 632 36 407 39 350 38 328 34 350 37 346 45 222 18 154 19 142 24 29
45 1.2399940154211238 -2.4489564592745547 2.6444534659709977 95 52 87 0.4676825131954348 20 171 35 351 28 433 27 566 30 345 29 474 31 451 32 449 36 409 39 353 38 333 34 353 37 349 33 65 23 72 26 236 17 158 19 132 24 19
48 1.270150845449985 -2.4257186754593709 2.6523320558927925 98 57 87 0.44361940207784173 20 303 35 357 28 685 27 573 30 600 29 718 31 465 32 455 36 418 39 359 38 339 34 359 37 355 10 231 12 202 15 197 11 234 16 260 45 82 33 214 18 127 19 286 21 27 40 54
49 1.2694714039356338 -2.4255033197249114 2.649253737090052 98 57 87 0.87916793253970227 20 304 35 358 28 686 27 574 30 601 29 719 31 466 32 456 36 419 39 360 38 340 34 360 37 356 10 232 12 203 15 198 15 441 11 235 11 452 16 261 16 479 45 83 33 215 18 126 19 287 21 28 21 271 40 55
50 0.82651407892133277 -2.2679607489934122 2.8079101617124897 152 146 142 0.57357387513439873 20 87 35 383 28 700 27 584 30 631 29 736 31 718 32 659 36 622 39 382 38 144 37 373 18 120 10 74 25 461 23 401 26 393 17 218 19 58 44 55
51 1.5199837835333125 -2.2153050312329436 2.7331680664443927 134 133 115 0.51057013677435614 20 274 35 386 28 708 27 587 30 634 29 739 31 504 32 477 36 441 39 384 38 358 34 376 37 377 12 235 13 241 15 235 16 82 9 129 19 87
52 1.0673970145105101 -2.2122253977541919 2.7903474038904532 183 125 76 0.37165377016061985 20 95 35 388 28 707 27 588 30 636 29 740 31 507 32 480 36 445 39 385 38 359 34 377 37 380 10 75 12 68 15 62 11 91 16 102 33 234 19 59 21 77
53 0.80415394742181368 -2.2184264294393388 2.828719502477469 178 177 172 1.4509974434352666 20 235 35 389 28 870 29 200 39 145 34 378 37 147 25 534 23 406 26 287 19 364
54 0.80162426548239518 -2.1709835328692746 2.8582471430714298 190 179 167 0.53729474791662435 20 353 35 396 29 746 38 526 37 530 10 103
55 0.94273739262206702 -2.1216026488021646 2.8540871546351121 155 118 78 0.6561884483873377 20 231 35 402 28 719 27 598 30 646 29 754 31 737 32 675 36 639 39 567 38 368 34 392 37 389 10 291 12 253 13 257 11 272 16 317 9 389 14 72 6 147 45 383 18 271 25 316 23 375 26 273 17 202 19 231 24 243 22 105
56 0.7753405317783959 -2.1120815450369359 2.8882424826998672 157 120 68 0.86816127118324682 20 223 35 405 28 507 27 601 32 504 36 460 37 394 12 257 13 263 11 273 16 141 9 171 6 156 18 275
58 1.0481877738923757 -2.0586331043286643 2.8678405594274126 52 65 35 0.50923892453459385 20 228 35 416 28 525 27 612 30 428 29 576 31 543 32 512 36 467 39 413 38 383 34 404 37 405 33 117 23 357 25 430 26 356 17 81 44 74 24 334
59 1.1612137385720354 -2.021618343370656 2.8786297655743733 100 88 53 0.94640718498088039 20 356 35 424 27 619 29 774 36 476 38 389 34 414 37 411 8 164 19 358
62 0.75075379813078125 -2.0070878665181064 2.9452798861009684 162 125 75 0.58373259197957428 20 26 35 435 28 750 27 629 30 674 29 782 31 762 32 527 36 657 39 432 38 401 34 426 37 424 18 378 23 224 17 121
63 1.293621686074752 -1.9666004234966561 2.8934742832877944 162 129 104 0.56076887940259568 20 78 35 440 30 689 29 791 31 768 32 700 36 660 37 553 16 162 45 151 25 53 23 67 26 50 19 33
64 1.0131233881853838 -1.9667240589944046 2.9259794353610236 197 183 165 0.61353956985591152 20 40 35 444 28 757 27 637 30 690 29 789 31 769 36 491 39 438 38 408 34 430 37 431 11 294 9 208 14 378 6 407 7 133 25 130 23 156 17 373
67 1.3822503741874042 -2.7316416062820088 2.4689715557807599 60 49 45 0.42396401991567662 20 332 35 493 28 618 31 649 32 589 36 562 39 495 38 462 34 488 37 269 10 5 12 6 13 175 15 2 11 7 16 1 9 4 14 147 6 9 7 201 45 196 18 340 17 16
68 1.2063346078076702 -2.629929171035581 2.5553275102098691 94 42 91 0.78338786564003982 20 329 35 498 28 817 27 682 30 764 29 845 31 831 32 593 36 564 39 498 38 465 34 490 37 475 12 175 11 10 16 6 9 324 14 2 6 294 7 205 45 319 18 334 8 6 25 390 23 458 26 323 17 265 19 493 20 501 3 11 40 1 44 129
71 1.0263354801874633 -2.5490000588204018 2.622226488909321 93 46 92 0.78388998655601738 20 305 35 513 28 662 27 541 30 581 29 693 31 683 32 620 36 586 39 513 38 481 34 508 37 488 10 216 12 190 13 190 15 178 11 218 16 244 9 341 7 215 18 333 8 13 25 105 23 133 26 90 17 95 19 304 24 42 3 180
72 0.85355068027862446 -2.5533531538306522 2.6362833013323099 100 55 96 0.63721259491720583 20 273 35 514 28 831 27 693 30 785 29 861 32 619 36 588 39 514 38 482 34 509 37 489 10 211 12 339 13 188 15 179 11 215 16 246 9 340 6 317 7 221 45 226 33 193 19 283 24 85 3 175 40 201
73 1.132937221961565 -2.5340565282705145 2.6090825113855534 187 158 130 1.7128253209659359 20 315 35 515 28 837 27 696 30 788 29 866 31 851 32 773 36 711 39 515 38 483 38 604 34 511 37 490 37 605 10 22 12 26 12 27 13 17 13 18 15 25 15 26 11 29 11 30 16 32 11 36 9 34 9 39 11 219 14 17 6 33 6 312 6 313 7 219 45 331 18 425 33 284 19 312 7 10 21 12 3 17 40 192
74 0.97786294408903962 -2.5380491328163441 2.6363236566397155 183 157 130 0.63941766448603488 20 288 35 516 28 835 27 694 30 787 29 696 29 864 31 684 32 621 36 589 39 517 38 485 34 515 37 492 10 217 12 192 13 194 15 182 11 220 16 248 16 249 9 342 14 174 6 319 8 15 25 437 23 495 26 366 19 294 19 295 24 298 44 131
76 1.1903477518562593 -2.5294610017452483 2.6121084014356546 180 155 129 0.4554008780569696 20 317 35 518 28 666 27 549 27 550 30 587 29 699 31 687 32 623 36 392 39 519 38 487 34 512 34 513 37 494 12 33 12 34 10 30 13 29 15 29 15 30 11 37 16 30 16 31 9 41 9 42 19 315 19 316 40 33
77 1.0025231300752275 -2.4994866300349026 2.6568442743471037 95 45 94 0.5806090081992541 20 278 35 521 28 676 27 559 30 593 29 707 31 692 32 627 36 593 38 491 34 518 37 497 13 341 10 371 12 342 15 337 11 229 16 406 9 351 14 328 6 330 7 332 45 81 18 426 19 393 24 198 21 132
81 0.9468621518155651 -2.4430420519624292 2.6918658113813589 91 47 88 0.70651023925234013 20 266 35 529 27 572 30 599 29 715 31 702 32 636 36 603 39 528 38 497 34 529 37 505 10 239 12 350 30 66 13 347 15 343 11 239 16 270 9 357 14 332 6 336 7 234 18 419 25 442 23 498 26 446 17 387 19 277 24 93 21 139 3 195 22 233
82 1.1939460685517469 -2.4157510301649858 2.6765135034156939 178 155 126 1.2522105599509414 20 283 35 531 28 847 27 706 29 878 31 860 32 787 36 605 38 621 34 531 37 507 13 483 10 527 15 493 11 492 16 266 16 528 7 435 18 303 8 24 8 206 24 186 19 281 21 147 21 295 3 269
84 1.1324116929162873 -2.314493019209733 2.7305070070233319 102 75 80 0.68844460000205132 20 377 35 541 28 857 27 718 27 719 30 815 30 816 29 734 31 714 32 655 36 617 39 546 38 513 38 514 34 544 37 519 37 520 10 252 12 219 13 225 15 220 11 248 37 631 16 285 9 102 6 91 45 244 18 288 18 289 33 375 17 179 19 82 19 83 19 379 24 201 24 202 21 161 40 65
86 0.9953342764942521 -2.2284978907206758 2.7949046818911429 150 106 54 0.41066997911728753 20 92 35 547 29 196 31 724 32 664 36 627 13 62 15 59 6 120 19 60 21 176
87 0.79237694389208135 -2.2297909598242831 2.8341487416092948 48 44 41 0.49770386634865577 20 236 35 548 28 704 27 727 30 633 29 738 31 725 32 665 36 628 39 554 38 522 34 550 37 525 10 82 13 69 16 122 14 234 18 116 8 48 25 343 23 408 26 398 19 245
88 0.68034910436169937 -2.2290092894753313 2.8408701116717223 109 108 108 1.0311286556085437 20 352 35 549 28 869 27 726 30 826 29 902 31 888 32 803 36 629 39 555 38 523 34 551 37 526 13 350 10 278 9 140 14 230 6 131 6 361 33 315 18 292 19 239 3 48
89 1.4699769123226425 -2.1717783274930711 2.761318507661418 163 153 143 0.45195019752455845 20 113 35 550 27 591 28 711 30 640 29 745 31 729 32 668 36 631 39 560 38 524 34 552 37 527 10 277 15 349 10 382 11 262 9 377 19 264 24 22
90 1.1671917801147191 -2.1049508269657071 2.8289367478878695 197 179 162 0.30684588597278917 20 362 35 558 28 883 27 733 30 838 29 758 31 741 32 677 36 640 39 569 38 535 34 557 37 538 45 256 33 322 25 411 23 337 26 247 17 164 24 315 40 81
91 0.81063643481544567 -2.1174597094188705 2.8785109734194423 97 71 48 0.86547166393158614 20 348 35 559 28 723 27 600 30 837 29 756 31 740 32 678 36 642 39 399 38 536 34 558 37 539 10 107 16 144 18 381 33 239 25 175 23 204 26 142 19 222 44 154 40 280
92 1.1957153576557391 -2.0637943181100287 2.8483597771365305 58 28 25 0.91559475483693453 20 243 35 563 28 888 27 737 30 842 29 765 31 900 32 684 27 611 36 647 36 760 39 411 38 381 34 401 37 403 37 655 10 394 12 365 13 92 13 356 15 358 11 387 16 419 9 394 6 376 7 103 45 135 8 157 23 335 17 258 19 234 3 65 40 155
95 1.5216209898330473 -1.9982226690083307 2.8538471557891345 66 54 48 1.0129842868107859 20 254 35 567 28 1010 27 743 30 965 29 928 31 911 32 902 36 764 39 578 39 693 38 548 38 658 34 568 34 668 37 194 37 661 12 375 11 394 45 375 8 58 18 354 25 372 23 291 26 306 19 243
96 1.3866430990153618 -2.0046619663432792 2.8638732471308175 57 47 38 0.23266091729084526 20 246 35 568 28 894 27 742 30 849 29 926 31 910 32 819 36 656 39 579 38 549 34 569 37 548 10 402 12 373 13 269 15 366 11 281 16 424 9 409 14 368 6 389 7 264 45 379 25 378 23 443 26 224 17 338 19 238 24 375 3 85
98 0.993655095849306 -1.957106267740889 2.9277569956615794 79 54 44 0.84108119444973062 20 35 35 574 28 902 27 640 29 793 32 702 34 579 37 558 18 41
99 1.0219686048597385 -1.9388149225518814 2.9398107339932391 170 139 121 1.5159907611670473 20 217 35 575 27 448 27 751 35 216 30 453 30 862 29 299 29 936 32 828 36 248 39 592 38 211 38 556 34 230 37 218 37 559 10 412 12 381 13 375 15 374 16 437 9 425 14 271 6 411 19 208 3 96
100 1.0546275944208858 -1.9355045236775736 2.9385384061945512 166 143 129 0.6120789329050893 20 39 35 577 28 907 27 753 30 863 29 938 31 923 36 669 39 594 34 676 37 561 10 414 12 383 13 377 15 376 11 299 16 346 9 427 8 69 25 522 23 578 26 441 17 370 44 96
101 0.98352812931301226 -1.9223182115586219 2.9573997254682323 150 113 85 0.61243626542102314 20 32 35 579 28 768 27 643 27 757 30 866 29 796 31 779 32 707 36 671 39 596 38 561 34 584 37 563 15 280 11 302 16 350 9 433 14 97 6 192 45 290 33 142 18 37 17 197 25 311 3 102
108 1.1669692178313282 -2.4933045438640602 2.6335523164881094 183 154 129 0.71014689922357732 20 400 35 627 28 840 30 791 29 868 31 853 32 779 36 719 39 646 38 614 34 627 37 614 10 224 13 340 15 189 11 228 16 253 9 347 18 416 17 270 19 399
109 0.98880243076988128 -2.4245294344263111 2.6971544971768853 180 156 122 1.1223618490058289 20 380 35 630 28 965 27 809 30 918 29 986 31 960 32 862 36 720 39 647 39 729 38 615 34 630 37 617 10 242 16 272 18 414 8 29 9 360 33 359 25 521 23 630 26 491 17 440 24 310 19 384 22 237
110 1.0811800698164411 -2.421196809259416 2.6843852506337402 184 155 123 0.75649078662294245 20 385 35 632 28 968 27 812 30 920 29 874 31 962 32 784 36 722 39 649 38 616 34 632 37 619 11 61 6 68 18 411
111 1.0285462427450274 -2.3513865808688545 2.7299075202466954 71 53 44 0.93834033568018271 20 265 35 634 28 972 27 815 30 923 29 991 31 964 32 866 36 723 39 652 38 698 34 636 37 622 10 475 12 446 13 44 15 344 15 445 12 351 16 410 16 484 45 446 18 482 25 431 25 571 23 628 26 487 17 438 19 272 24 217 21 232 44 49 44 202
112 0.69984831532095582 -2.3438976318153566 2.7735645002630092 56 55 55 1.2455005314802694 20 363 35 639 28 973 27 816 30 924 29 992 31 865 32 791 36 724 39 656 38 627 34 639 37 625 12 53 11 71 16 79 9 99 14 43 14 464 6 103 7 241 7 338 18 142 18 484 8 35 19 61 21 273 3 41
113 0.91401015119980134 -2.3205445707129702 2.7637581121463408 98 67 84 1.2021221992565942 20 259 35 642 28 855 27 822 30 808 29 889 31 870 32 793 36 731 39 659 38 630 34 646 37 627 10 62 12 55 13 52 15 50 11 80 16 80 18 302 23 634 26 495 17 444 3 409
114 0.91373429719767907 -2.3216592886859018 2.7651113671308605 98 67 84 0.9376768661668875 20 258 35 643 28 856 27 823 30 809 29 890 31 871 32 794 36 732 39 660 38 631 34 647 37 628 10 63 12 56 13 53 11 81 16 81 18 301 23 635 19 78
115 0.97908391841472442 -2.3191870113376272 2.7553187710304745 110 81 98 1.1939811424883966 20 376 35 644 28 981 27 825 30 812 29 892 31 874 32 796 36 734 39 661 38 632 34 649 37 630 10 255 12 222 13 48 10 59 15 49 15 224 11 74 11 75 16 294 9 110 45 451 33 311 18 399 19 265 24 317 21 62 40 263
116 1.4154508964838917 -2.3034895670334521 2.6966397462749114 96 70 79 0.60125133648251627 20 392 35 646 28 860 29 898 31 880 32 800 36 740 39 668 38 636 34 640 37 636 10 247 12 216 13 220 15 213 11 244 16 274 9 91 18 385 24 175
117 0.93709453358616568 -2.3191897485912674 2.7586114693734913 108 75 92 1.4258737872063625 20 375 35 648 28 980 27 824 30 810 29 996 31 872 32 795 36 733 39 664 38 639 34 648 37 629 10 258 10 614 12 226 12 573 13 232 13 567 15 232 15 580 11 575 16 295 16 620 9 112 14 649 45 453 18 400 33 309 8 336 19 375 24 322 21 65 21 376 40 264 44 50
118 1.3082536526265744 -2.3051780090676379 2.7087219999038981 110 83 90 0.98167399391983201 20 383 35 649 28 984 27 830 30 934 29 998 31 878 32 798 36 738 39 666 38 634 34 643 37 634 10 249 13 221 15 215 11 246 16 278 45 358 18 391 23 546 17 422 24 287 21 163 22 262
119 1.3082919845144818 -2.3051233778322469 2.7086030854403074 110 83 90 0.97053314723535578 20 382 35 650 28 985 27 831 30 935 29 999 31 879 32 799 36 739 39 667 38 635 34 644 37 635 10 250 13 222 15 216 11 247 16 279 45 359 18 390 23 547 17 423 24 288 21 164 40 212 22 263
120 1.0976212494451145 -2.2871890051412338 2.7460708523834851 183 158 127 0.99055526531833094 35 651 31 883 39 674 37 642 10 260 13 233 15 227 16 291 9 114 6 105 18 394 24 307 21 167
121 1.1113343559836073 -2.2876058802120123 2.7456546528525014 183 158 127 1.7468154987881832 20 262 35 652 39 675 37 643 10 262 12 228 13 51 28 864 15 229 11 79 16 293 9 117 31 884 33 419 18 285 19 266 21 170
122 0.94770533144573865 -2.2030736729883187 2.8170405994625547 192 170 146 0.66539058892206548 20 360 35 653 28 990 27 838 30 944 29 1012 31 890 32 804 36 747 39 679 38 643 34 655 37 646 10 282 12 242 13 248 15 244 11 96 16 310 9 142 18 280 19 247
123 0.89261322116516217 -2.1779566353816047 2.8323219546406566 184 141 97 1.3408253489294839 20 434 35 655 28 872 27 841 30 829 29 904 31 894 32 808 36 632 39 561 38 645 12 246 13 78 16 120 12 73 45 461 18 388 33 319 17 392 21 86 40 271
125 0.93696592614153118 -2.0743479012260049 2.8783017021937414 57 45 39 0.59385156240422865 20 350 35 662 28 1003 27 849 30 956 29 1025 31 994 32 897 36 758 39 689 38 653 34 663 37 656 13 359 11 275 9 397 14 357 7 259 45 386 18 377 19 351
126 0.93686566270375549 -2.0743918687235077 2.8785321256403424 57 45 39 0.68393770153043998 20 349 35 663 28 1004 27 850 30 957 29 1026 31 995 32 898 36 759 39 690 38 654 34 664 37 657 13 360 11 276 9 398 14 358 7 260 45 387 18 376 19 350 24 244 40 279
127 0.87065198844868641 -2.0416980203832154 2.9050176949144562 113 79 59 0.33996327606363513 20 42 35 666 28 1007 27 854 30 961 29 922 31 905 32 816 36 763 38 657 34 667 37 660 10 401 12 371 13 366 15 364 11 393 16 428 9 403 14 254 6 391 7 270 18 373 17 207 19 212 24 250 21 284 3 71
128 0.85922735441468645 -2.01606328924119 2.9206265499251738 195 170 147 0.85732149129161528 20 339 35 668 28 1064 27 857 30 1025 29 1028 31 998 32 904 36 830 39 694 38 660 34 670 37 663 10 403 13 368 15 369 11 395 16 433 9 411 14 371 6 400 7 274 18 371 8 171 19 346 3 77
129 0.97244790619252242 -2.0020305509359595 2.9107439733874449 174 165 158 0.49841896417535825 20 220 35 669 28 1009 27 859 30 964 29 927 31 912 32 821 36 766 39 696 38 661 34 671 37 664 10 404 12 376 13 371 15 373 11 397 16 432 6 513 9 533 7 271 18 366 25 574 23 632 26 493 17 439 19 211
130 0.94240853223324139 -1.9541332410423013 2.9450676415349069 66 55 51 0.67330023463381916 20 426 35 671 28 1012 27 912 30 968 29 1034 31 1003 32 912 36 835 39 758 38 724 34 737 37 714 14 499 17 385 19 344 24 405
131 0.94177691615810399 -1.9540531135965957 2.9458683133558119 66 55 51 0.81040600633943571 20 425 35 672 28 1013 27 913 30 969 29 1035 31 1004 32 913 36 836 39 759 38 725 34 738 37 715 14 500 45 407 33 431 25 530 23 587 26 454 17 384 19 343 21 328 40 243 44 245
132 1.4204563360266074 -1.9135310872415907 2.9124768058722093 94 72 53 0.49640916257795381 20 435 35 673 28 1017 27 866 30 972 29 1039 31 1005 32 832 36 773 39 704 38 666 34 677 37 666 10 495 12 465 13 459 11 471 16 504 9 610 14 505 6 632 7 479 45 388 33 454 18 350 25 493 23 442 26 309 19 352 24 422 3 223 22 335
133 0.82305038169833622 -1.929608629548496 2.9765226353513654 192 164 125 0.29555121730434236 20 15 35 675 28 910 27 865 30 865 29 940 31 924 32 833 36 774 39 705 38 667 34 678 37 668 10 416 12 385 13 461 12 466 15 380 15 466 11 402 9 542 14 384 6 526 7 375 45 508 18 363 8 237 25 536 23 527 3 217
134 0.86390994739361016 -1.9178579594214229 2.9762900007924413 192 163 126 0.28424191842732499 20 213 35 676 28 1016 27 867 30 973 29 1038 31 1006 32 914 36 775 39 707 38 669 34 683 37 672 10 497 12 467 13 462 15 467 11 472 16 506 9 611 14 507 6 528 7 376 33 456 18 360 8 238 19 201 3 220
135 1.1544451025180398 -1.9073233216050363 2.9412653039428118 132 91 68 0.89652785142613201 20 221 35 677 28 1018 27 868 30 974 29 1040 31 1007 32 834 36 776 39 708 38 670 34 680 37 670 10 415 12 384 13 379 15 379 11 401 16 441 9 436 6 419 7 138 33 432 18 29 8 175 19 209 3 101
136 1.4762345468924234 -1.8916999384189792 2.919313307759182 67 51 45 0.48172662739185829 20 437 35 681 28 1021 27 871 30 977 29 946 31 926 32 836 36 778 39 710 38 668 34 679 37 669 10 554 12 518 13 504 15 522 11 523 16 555 9 613 14 508 6 635 45 274 8 234 23 296 26 206 19 424 3 304 40 165
137 1.1484464633417708 -1.8773235237879693 2.9597268951702667 173 158 144 0.3572273087056192 20 342 35 682 28 1023 27 873 30 978 29 1043 31 1010 32 916 36 779 39 712 38 675 34 685 37 673 10 498 12 468 13 463 15 468 11 473 16 508 9 544 14 510 6 529 7 374 8 239 19 340 24 434 3 226
138 1.3067791803487279 -2.7488354102568548 2.4709347534860608 38 33 30 0.96301095467715925 20 505 35 691 18 502 26 514 24 411
142 1.0598140995945027 -2.4216591462036199 2.6848899566238615 182 154 129 1.0443533157146319 20 381 35 702 28 967 27 811 30 919 29 987 31 961 36 801 38 695 34 707 37 691 33 361 25 570 23 624 26 484 17 434 19 386 40 257 22 285 44 199
143 0.8547995786569843 -2.2703823628114748 2.8017233802969486 57 48 45 0.86840214121970205 20 441 35 710 28 1047 27 886 30 1004 29 1064 31 1032 32 873 36 812 39 734 38 704 34 714 37 695 10 480 12 447 13 445 15 448 11 379 16 487 9 519 14 222 6 356 7 247 45 493 18 481 8 147 25 585 23 640 26 500 17 448 19 445 24 399 21 236 3 46 40 300 44 235
145 0.90848358633028725 -2.2020188658237645 2.8247634966141564 153 107 56 0.89827929284541252 35 715 28 991 27 839 30 943 29 1013 31 980 32 883 36 817 39 740 38 705 34 719 37 697 10 384 11 380 9 381 14 350 7 249 45 460 33 421 18 476 25 582 23 637 26 497 17 445 24 398 21 242 40 303 22 230 44 237
146 1.0989642594090783 -2.1882625418508508 2.7977702646551887 190 175 164 0.92145341505746581 20 444 35 716 27 892 30 1011 29 1069 31 981 32 884 36 818 39 741 38 706 34 720 37 698 45 494 33 467 23 483 25 289 26 255 26 350 19 440 40 316 44 211
147 1.0995706847742832 -2.1866392916283628 2.7977556492899889 190 175 164 0.83605297788631694 20 443 35 717 28 992 27 893 30 1012 29 1070 31 982 32 885 36 819 39 742 38 707 34 721 37 699 10 482 12 449 13 489 15 450 11 456 16 489 9 589 20 249 14 475 6 601 7 451 45 495 18 525 8 211 23 484 26 351 19 439 21 312 3 286 40 317 22 183
148 1.3460403430646832 -2.151731126074099 2.7874183265526256 84 62 41 1.318003690973711 20 106 35 718 28 994 27 843 29 1016 31 985 32 887 39 743 38 708 34 723 37 700 12 75 13 72 16 111 6 128 18 66
150 1.4483088660356884 -2.0524949564338222 2.8317002189515197 158 114 67 0.72050236028595582 20 373 35 726 28 1005 27 852 30 959 29 1027 31 996 32 899 39 752 38 714 34 729 37 706 10 546 12 508 13 451 15 513 11 463 16 497 9 602 14 486 6 616 7 352 18 515 19 436 3 74
151 1.2121173260567992 -1.9953053942040504 2.8863192740135801 183 174 161 0.67144156377949427 20 516 35 731 28 1065 27 908 30 1027 29 1080 31 1043 32 905 36 831 39 755 38 719 34 734 37 710 45 466 33 476 18 450 23 558 25 507 26 425 17 345 19 505 24 457 3 214 3 416 40 276
152 1.3352185388059183 -1.8616544205067194 2.9471792205770293 86 69 55 0.52849721367133862 20 351 35 738 28 1068 27 914 30 1032 29 1082 31 1047 32 917 36 839 39 761 38 727 34 739 37 717 10 557 12 522 13 509 15 526 11 527 16 556 9 617 14 511 6 638 7 373 7 482 18 444 8 236 25 49 23 56 19 421 3 305
153 1.2278022010548235 -2.653343046724618 2.5398794600503649 186 157 125 0.49323841530366547 20 504 35 747 30 1043 29 1049 31 1017 39 769 14 542 7 424 45 481
154 1.2015228541387641 -2.4497582662042579 2.6421862636911935 80 41 69 1.0366197073318313 20 396 35 749 30 995 28 1037 36 854 39 774 38 738 34 751 37 726 10 578 30 793 12 538 13 530 15 543 11 543 16 578 9 690 14 614 6 665 7 508 33 411 8 332 6 666 21 347 3 349 3 350 40 252
155 1.4602775760460946 -2.2500517891681677 2.7210160794389044 60 50 49 0.53151105044656288 20 489 35 759 28 1048 27 931 28 1084 30 1005 29 1065 31 1033 32 932 36 858 39 778 38 742 34 754 37 730 10 536 12 499 13 486 15 501 11 501 16 533 9 584 14 470 6 593 7 443 18 466 25 600 26 510 17 413 19 483 21 307 3 281
158 1.3816539964104042 -2.1193528330610483 2.8000869775441348 117 89 62 0.44855624149487178 20 448 35 763 28 1117 27 935 30 1053 29 1073 32 937 36 864 39 784 38 749 34 761 37 737 10 541 12 505 13 492 15 510 11 509 16 538 9 593 14 569 6 607 7 454 8 296 25 555 19 444 21 316 3 290
159 1.3817179114834484 -2.1192050432207985 2.8003692501073423 117 89 62 0.51676035709963064 20 447 35 764 28 1118 27 936 30 1054 29 1074 32 938 36 865 39 785 38 750 34 762 37 738 10 542 12 506 13 493 15 511 11 510 16 539 9 594 14 570 6 608 7 455 8 297 25 556 23 610 19 443 24 416
160 0.94805263709103627 -1.9177106282037855 2.9641285963044632 187 166 145 0.76516651772664734 20 473 35 768 28 1093 27 942 30 1062 31 1079 32 942 31 1045 36 871 39 790 38 757 34 768 37 740 33 457 19 466 24 496 44 246
161 1.0356005442415652 -2.6530221255015243 2.5659202332235456 186 155 123 0.89581325118682942 20 529 35 784 28 1105 30 1074 29 1117 31 1060 32 979 36 888 39 806 38 775 34 784 37 756 10 574 12 535 13 526 15 539 11 539 16 575 9 687 14 610 6 706 7 553 45 512 33 489 8 331 19 519 24 449 21 337 3 403 40 311
162 1.2950123949279015 -2.6465429469805302 2.53351020908207 185 155 123 1.119681887024307 20 531 35 785 28 1106 27 952 30 1075 29 1093 32 957 36 890 39 807 38 776 34 782 37 758 12 486 13 478 15 489 11 491 16 523 9 641 14 609 6 664 7 506 45 532 33 490 18 569 8 330 25 627 23 688 26 542 17 487 19 520 3 404 40 333 44 316
163 1.4574013390609797 -2.2999798310679411 2.6945239886303733 186 159 130 1.1215061717809875 20 525 35 790 28 1110 27 958 30 1078 29 1094 31 1066 32 959 36 894 39 815 38 780 34 790 37 763 10 533 12 495 13 484 15 497 11 496 16 531 9 648 13 534 14 554 6 589 7 437 45 515 8 282 19 515 24 447 21 304 3 275 40 314
164 0.78033004496233271 -2.3210731406515821 2.7846834189633936 183 161 129 1.1820074696929026 20 481 35 791 28 1109 27 957 30 1077 29 1124 31 1088 32 984 36 893 39 814 38 781 34 822 37 764 10 585 12 546 13 539 15 551 11 550 16 589 9 653 14 561 6 672 7 512 33 496 18 563 8 291 23 717 26 572 17 528 19 476 24 461 21 351 3 354
165 0.72744899509621208 -2.2289572121894237 2.8452016450155324 154 141 143 1.2457767291585016 20 517 35 794 28 1087 27 960 30 1080 29 1125 32 965 36 900 39 823 38 784 34 794 37 769 7 460 12 548 33 466 19 508
166 1.0112980790055603 -2.1332069466788686 2.8396994818453982 185 174 168 1.1372418137996725 20 518 35 796 28 1115 27 964 30 1083 29 1129 31 1093 32 966 36 902 39 825 38 786 34 797 37 772 10 543 12 507 13 494 15 512 11 511 16 541 9 657 14 572 6 611 45 540 33 469 18 522 26 549 19 507 24 486 21 315 40 321
167 0.86454269814107021 -2.1014584252669488 2.8779330885692427 182 165 149 0.45608592371799805 20 514 35 797 34 798 37 774 19 504 24 492 44 300
172 1.1642090985883091 -2.2123153091224768 2.7757576657314824 106 80 52 0.92906475234679997 20 538 35 813 28 1147 27 986 30 1115 29 1151 31 1119 32 985 36 919 39 845 38 807 34 823 37 793 10 618 12 576 13 568 15 582 11 578 16 622 9 695 11 552 14 623 6 712 7 560 45 559 33 502 18 577 8 338 23 691 25 632 26 547 17 512 19 533 24 480 21 377 3 50 40 366 22 373 6 122 44 298
174 0.90299136581523243 -1.9963491412662866 2.9253283910703893 181 166 155 1.3127343546396391 20 548 35 816 28 1150 27 990 30 1118 29 1155 31 1123 32 1012 36 922 39 848 38 810 34 826 37 796 10 625 12 583 13 575 15 587 11 587 16 631 9 722 14 661 6 717 7 568 18 551 25 667 23 725 26 579 17 526 19 523 24 522 3 418
175 1.4315184865472572 -2.6292679292267009 2.5279276643782684 181 155 122 1.1460490138546537 20 564 35 827 28 1138 27 981 30 1103 29 1143 31 1110 32 997 36 933 39 856 38 819 34 815 37 805 10 630 12 597 13 582 15 594 11 600 16 639 9 733 14 679 6 728 7 596 45 552 33 514 8 388 24 473 18 612 21 392 3 459 40 356
176 1.2307311193387971 -2.5887762807526014 2.572235843520176 90 51 74 0.74736707917063427 20 562 35 831 31 1113 32 1001 36 935 39 859 38 822 34 834 37 809 33 517 18 603
177 1.3614804143003547 -2.5780574322998167 2.5600073613326657 94 41 93 0.80196538600222367 20 563 35 832 30 1124 28 1157 29 1146 28 1140 31 1114 32 1002 36 936 39 861 38 824 34 836 37 810 45 553 33 519 18 601 24 474
178 0.98292070743709359 -2.4725080961006261 2.6739214499723873 175 139 163 0.64976338258485233 20 557 35 834 28 1158 27 996 30 1125 31 1126 32 1004 36 938 39 863 38 826 34 838 37 812 45 578 33 522 24 501 19 545 40 361
179 1.3254042210629597 -2.143222471940363 2.7924052708033358 113 92 64 0.98236557827620274 20 521 35 840 28 1148 27 987 30 1116 29 1153 31 1120 32 1009 36 943 39 869 38 831 34 843 37 817 10 619 12 577 13 571 15 583 11 580 16 626 9 696 14 654 45 561 33 505 18 593 23 689 25 628 26 543 17 509 24 452 19 529 40 368 21 382 22 378 44 305
181 1.5857790318725957 -2.8431669596367826 2.3731101871190514 12 14 13 1.177462141517283 35 690 28 7 36 850 39 620 38 682 34 749 37 584 10 0 12 0 13 0 9 319 14 0 6 0 3 1
184 0.8734418740843235 -2.7712679118170831 2.4995094709779742 57 49 47 0.53818917696227064 20 323 35 8 28 12 29 14 31 13 34 2 11 3
185 0.87426740563004091 -2.7715060160129865 2.5041396354716658 57 49 47 0.42301174913562661 20 322 35 9 28 13 27 3 31 14 34 3 19 330
186 1.0942570520441317 -2.635531035543202 2.5703931785611389 82 42 72 0.25122016389824681 35 19 28 26 27 25 29 31 31 26 32 30 36 16 39 17 38 16 34 18 37 17 45 18 25 79 26 74 40 11
189 0.98894562172443101 -2.5894972880528493 2.60753865927953 187 151 160 0.56299985229671079 20 174 28 58 27 49 30 301 29 61 31 57 32 78 36 59 34 46 10 15 12 18 13 10 15 16 11 19 16 238 9 30 14 12 6 29 7 11 18 197 19 313
190 1.3576186999889868 -2.5941328387482852 2.5584986102554512 90 50 83 0.12277529163766088 35 29 28 62 38 29
191 1.3370335875565829 -2.5829763332895919 2.5617113895405268 85 47 77 0.091018019001962588 35 45 28 70 27 286 29 72 31 59 32 74 39 43 38 39 34 40 37 34
192 1.3370335875565829 -2.5829763332895919 2.5617113895405268 85 47 77 0.091018019001962588 35 46 28 71 27 287 29 73 31 60 32 75 39 44 38 40 34 41 37 35
193 1.3763273179330386 -2.5813647467017367 2.5558722727517145 87 43 76 0.074381609862277889 35 47 28 74 27 288 29 74 31 63 32 76 39 45 38 41 34 36 37 36
194 1.3763273179330386 -2.5813647467017367 2.5558722727517145 87 43 76 0.074381609862277889 35 48 28 75 27 289 29 75 31 64 32 77 39 46 38 42 34 37 37 37
195 0.82389261994522478 -2.5682629446003902 2.6438601560745427 78 47 65 0.33231686404469318 35 62 28 76 30 313 31 87 38 66 37 58
196 0.82359037863795415 -2.5676623217266461 2.6418747898457973 78 47 65 0.32065792590162551 35 63 28 77 30 314 29 85 31 88 36 85 38 67 37 59
197 1.1426696739296831 -2.5662446898878262 2.5895360953665629 81 44 68 0.41335729500212348 28 83 27 60 20 402 35 61 29 95 31 86 39 63 38 60 34 61 37 54
198 1.1687159012431907 -2.5436403137840395 2.6067128670818072 178 151 136 0.142246905194752 35 73 28 95 27 65 30 329 29 109 31 102 32 110 36 94 39 72 38 77 34 68 37 67 12 30 13 23 15 27
199 1.1686219174055006 -2.54355116241614 2.6063502365131503 178 151 136 0.12564209480703903 35 74 28 96 27 66 30 330 29 110 31 103 32 111 36 95 39 73 38 78 34 69 37 68 12 31
200 1.1287290732650779 -2.5193675937186133 2.6183557324547007 77 40 60 1.0756821804584791 35 82 28 99 30 50 29 461 31 109 36 98 38 87
201 1.2016195648667236 -2.5157261984099404 2.619825419694513 74 41 62 0.84053142263558045 35 83 28 103 27 69 29 115 31 110 39 80 34 81 37 78 10 37 12 39 13 32 15 34 11 43 14 19 6 44 25 394 23 461 26 327 17 263 21 15
203 1.0197878955871169 -2.4915727729440182 2.6603269601003716 191 160 165 0.18086154764455842 35 97 28 111 27 76 29 126 31 119
204 1.1578139095229429 -2.4776717806602213 2.6444766126625043 77 38 68 0.97988693914849612 35 100 28 114 27 80 29 131 31 122 32 129 39 98 38 104 34 97 37 96 10 226 16 257 45 72 19 292
205 1.2034404103193541 -2.4084209708593618 2.6502470068852881 174 149 125 0.23697084258370413 35 359 28 128 34 361
206 0.90921316683956233 -2.4041530675828771 2.720244920412715 168 146 124 0.15460528238705401 35 114 28 129 31 136 32 163 36 143 39 115 38 129 37 115
207 0.90950766214168066 -2.4047138948786784 2.7222052398904846 168 146 124 0.17326188872485712 35 115 28 130 30 68 29 144 31 135 32 164 36 142 39 116 38 130 34 124 37 116 15 41
208 1.1965751343105839 -2.3926996381059071 2.6788862782679561 173 149 126 0.25462564926825842 35 120 28 133 27 361 31 143 32 167 39 121 38 125 34 122 37 121 18 124
209 1.196312691337154 -2.3923783128656884 2.6769272940089097 173 149 126 0.20408013334944239 35 121 28 134 27 362 31 144 32 168 39 122 38 126 34 123 37 122
210 0.68554922924805883 -2.3090487343820603 2.7951986330873329 135 124 125 1.1861774868143447 35 132 28 144 27 373 20 239 30 87 29 520 31 163 36 157 39 129 38 139 34 130 37 131 12 62 15 51 16 93 7 85 33 85 19 250
211 0.80639212685414097 -2.2751497769902111 2.8095673695000456 33 33 31 0.33915487290914964 35 137 28 151 30 94 29 170 31 173 18 125 16 103
212 0.69870479962589194 -2.2391170912836982 2.8332158279462885 76 75 73 1.665030690937827 35 143 28 162 30 106 29 186 31 186 36 173 37 143 13 64 28 163
213 1.0663212428744928 -2.182227749932522 2.8128619010240179 173 128 79 1.6282914086021272 35 152 28 190 29 218 36 184
214 0.81974647823875535 -2.1665537940253152 2.8563737645357805 104 74 40 0.40036440386469396 35 162 28 194 27 399 30 133 29 224 31 218 32 224 39 162 38 167 34 164 37 160 45 140 23 402 26 138
215 0.91828328034953233 -2.1467809347990499 2.8328196717682408 140 94 45 0.71420362932250991 35 170 28 203 27 405 29 229 31 227 32 229 38 171 34 172 37 167 45 132 40 86
216 0.92101430560094166 -2.1498378173357797 2.8452886204051508 140 94 45 0.28536071308508182 35 171 28 204 27 406 29 230 31 228 32 230 36 198 38 172 34 173 37 168 40 85
219 1.0135885184082019 -2.0960965931493907 2.8537586847682812 170 153 129 0.27746356582092957 35 182 28 221 29 245 31 241 32 250 36 211 38 179 12 87
221 1.0060811521343898 -2.0796488045479702 2.8644345528680404 71 75 25 0.76012876570795374 35 185 28 223 30 424 29 251 31 249 32 511 36 216 39 186 38 182 34 188 37 183 10 109 12 92 13 90 16 138 45 384 33 113 18 73 17 290 19 36 40 159 45 143
222 1.0673916181263081 -2.0820701928823784 2.859485247908566 44 64 14 1.4163703866946553 35 184 28 225 30 161 30 163 29 249 32 509 39 184 34 187 18 70
224 1.241594183979509 -1.9998134887663928 2.8788304592033431 127 99 59 0.28327421214336085 35 197 28 248 27 432 30 441 29 589 31 557 36 230 38 195 34 202 37 197 17 42
225 1.3265280661725374 -1.9201214534314062 2.9122155246193446 182 160 135 0.14885905418064541 35 220 28 266 27 456 29 610 36 249 38 213 34 227 37 221
226 1.2551137748492054 -1.899735220075814 2.9333648939200345 175 148 122 0.071084318257047946 35 226 28 270 29 309 32 311 39 229
227 1.5491436910665448 -1.8647490162364251 2.9289222555061483 52 39 38 0.28142301441572337 35 231 28 283 32 318 34 242 37 230
228 1.5501251508205056 -1.8640089526203019 2.9302098986817602 52 39 38 0.4766985650606772 35 232 28 284 30 218 32 319 34 243 37 231 9 231
232 1.5621423099115592 -2.7015216580019432 2.4523013349565419 56 51 47 0.6695169745618812 35 12 28 327 27 18 30 6 29 25 31 20 32 18 36 9 39 13 38 7 34 6 37 12 6 8 9 7 8 3 19 180 21 2
234 1.1800165417971356 -2.6273890041497845 2.5575797926073247 86 46 70 0.5709548165784244 35 20 28 336 27 261 29 37 31 31 32 33 36 20 39 20 38 18 34 20 37 18 45 13 33 2 25 60 23 88 26 58
235 1.2287866211441463 -2.6297456579492429 2.5483960277013193 90 44 76 1.6149276494599347 35 21 28 338 27 262 30 14 31 32 32 24 36 21 39 21 38 19 37 19 45 198 23 68 29 30
236 1.3244501163365126 -2.6252635244748985 2.5352165576063732 84 48 71 0.62851318726405081 35 279 28 339 27 504 30 278 29 397 31 372 36 17 39 286 37 272 33 270 25 258 26 223 17 145
237 1.2776266392272473 -2.6261885610299189 2.5479418358283312 87 47 74 0.12234395953725853 35 22 28 340 27 263 31 33 32 34 36 22 39 22 38 17 34 19 37 21 25 40
239 0.64518265835473365 -2.6050024654528312 2.6170478058313238 53 49 46 0.6466233054883791 20 112 35 35 28 345 27 34 30 546 29 401 31 383 36 349 39 34 25 347 19 116
240 0.80060680133929529 -2.6073176283481496 2.6087198080130145 81 49 64 0.27684714511086728 20 139 35 295 28 348 27 266 29 404 31 384 32 392 36 45 39 298 38 276 34 302 37 294 19 141
241 0.80048012867731178 -2.6081816677582266 2.6121361970588306 81 49 64 0.49559230640319968 20 138 35 296 28 349 27 267 30 21 29 405 31 385 32 393 36 46 39 299 38 277 34 303 37 295 45 54 19 140
242 0.9035817535561631 -2.6117823170171528 2.6123942336939976 85 44 82 0.35997675604283319 35 291 28 351 27 268 30 290 29 408 31 379 32 388 36 341 39 294 38 271 34 29 37 290 45 328
243 0.9035817535561631 -2.6117823170171528 2.6123942336939976 85 44 82 0.35997675604283319 35 292 28 352 27 269 30 291 29 409 31 380 32 389 36 342 39 295 38 272 34 30 37 291 45 329
244 1.1550154014150753 -2.5977900133243761 2.5826468128325972 88 47 77 0.18708579001368658 35 33 28 357 27 45 27 46 29 56 31 46 32 64 36 47 39 32 38 32 37 27 37 28 45 28 40 21
245 1.1314709191377919 -2.594648597632617 2.585024762105379 183 153 149 0.25969567660998788 35 36 28 358 27 275 29 418 31 392 32 65 36 351 39 35 38 35 34 35 37 29 23 105 19 171
247 0.89561988799123848 -2.5870109026291357 2.6243316819488065 79 40 68 0.79277921248467165 35 49 28 360 27 283 29 423 31 68 32 399 36 67 39 49 38 50 34 54 37 45 10 21 13 16 16 27 45 59 25 137 23 172 26 274 40 38
248 1.1986738481171597 -2.5893437509537987 2.5760153923689595 86 46 76 0.14311780419577427 35 41 28 361 27 278 30 299 29 419 31 393 32 72 36 48 39 39 38 37 34 38 37 32 45 24
249 1.1986738481171597 -2.5893437509537987 2.5760153923689595 86 46 76 0.14311780419577427 35 42 28 362 27 279 30 300 29 420 31 394 32 73 36 49 39 40 38 38 34 39 37 33 45 25
250 1.2631839502240858 -2.5877598008754208 2.5670805348847963 87 48 73 0.16420375700400552 35 39 28 363 27 280 30 305 29 424 31 395 32 66 36 50 39 37 34 33 37 30 17 49
251 1.2626760700300519 -2.5873973731775091 2.5655873939402465 87 48 73 0.18672481790609741 35 40 28 364 27 281 30 306 29 425 31 396 32 67 36 51 39 38 38 36 34 34 37 31
252 0.9420764694632362 -2.5818074131635957 2.619428773580224 81 43 70 0.71331543788616414 35 308 28 365 27 524 20 295 30 564 29 426 29 681 31 397 32 400 36 359 39 50 38 285 34 311 37 303 10 208 12 184 13 185 15 171 11 212 16 240 14 172 6 315 7 217 18 199 3 178
253 0.94252694997197661 -2.5814244111138933 2.6177521474253682 81 43 70 0.53612941975015027 35 309 28 366 27 525 20 296 30 565 29 682 31 398 29 427 32 401 36 360 39 51 38 286 34 312 37 304 10 209 12 185 13 186 15 172 11 213 16 241 18 198 24 51
255 0.85410239235619745 -2.5692296602745648 2.6355103388542518 85 45 79 0.18346970830237463 35 319 28 371 27 300 30 311 29 434 31 409 32 102 36 84 39 318 38 297 34 64 37 314 19 293
256 0.85342081954140681 -2.5681684165162908 2.6316275271131011 85 45 79 0.13039665968708958 35 320 28 372 27 301 30 312 29 435 31 408 32 101 36 83 39 319 38 296 34 65 37 313
257 1.1155291417422333 -2.5730066875059818 2.5966282653701969 88 46 83 0.6454346129016495 35 311 28 374 27 529 30 310 29 433 31 405 32 403 39 311 38 288 34 314 37 306 45 37 33 28
258 1.1826820957661663 -2.5725123311905369 2.5903428959637895 78 46 65 0.094825640325386581 35 59 28 375 27 295 29 78 31 79 32 93 39 57 38 51 34 55 37 52
260 1.2802808508225707 -2.5689389495332762 2.5769557406033199 84 49 72 0.11780258249230466 35 57 28 379 27 298 29 90 31 82 32 97 36 76 39 61 38 56 34 52 37 47
262 1.0942166990292266 -2.564687216028477 2.6135644117534369 90 41 85 0.92165620985857821 35 313 28 383 30 39 29 438 31 410 20 181 32 407 36 78 39 317 38 291 34 317 25 85 23 123 26 77 17 85 24 31
264 0.80800683907232773 -2.5516413252963246 2.6463071798010458 81 50 63 0.94255300045606127 35 80 28 388 27 306 29 442 31 417 32 428 36 97 39 79 38 83 34 335 37 76 33 195 19 125 21 216
266 0.90194024906798864 -2.551072768135155 2.6380562578545601 82 40 74 0.23489509270224251 35 69 28 390 27 309 29 107 31 98 32 424 36 93 38 81 34 76 37 72 23 175 25 140 24 71
267 0.96438520923467497 -2.5495650173592281 2.6297425935310921 81 43 68 0.93861744865671537 35 326 28 392 27 540 30 580 29 444 20 291 31 419 32 426 36 381 39 326 38 309 34 331 37 326 10 214 13 192 15 176 16 34 9 337 6 39 7 19 33 40 33 191 19 299 24 54 40 45
268 0.96458136494893276 -2.5498166991847673 2.6294148292967408 81 43 68 0.73057334100915272 35 327 28 393 29 445 20 292 31 420 36 382 39 327 38 310 34 332 37 327 10 215 12 32 13 28 13 193 15 28 15 177 16 35 9 338 6 40 7 20 19 300 24 53
269 0.994269214720094 -2.5484283443670046 2.6253412636148274 80 42 67 0.68056009801533268 35 328 28 394 27 311 30 323 29 446 31 421 32 112 36 383 39 328 38 311 34 77 37 328 10 28 13 25 11 34 9 37 6 36 7 21 33 189 18 183 3 18
270 0.99463650495647493 -2.5486535898838629 2.6262353599756683 80 42 67 0.64886784088596039 35 329 28 395 27 312 30 324 29 447 31 422 32 113 36 384 39 329 38 312 34 78 37 329 10 29 13 26 11 35 9 38 6 37 7 22 18 182 19 301 20 301 24 47 3 19
271 1.0590313315455351 -2.547056324846833 2.6183029041309545 85 39 73 0.75734198475214898 35 330 28 396 27 542 29 448 31 423 32 416 36 374 39 330 38 303 37 320 45 55 18 177 33 188 25 94 26 85 17 90 40 35
272 1.058049384900269 -2.5476200002021421 2.6159441456503245 85 39 73 0.61203043622725595 35 331 28 397 27 543 30 325 29 449 31 424 36 375 39 331 38 304 37 321 10 27 9 339 14 171 6 314 7 214 19 402
273 1.0934959277728593 -2.5463956354603785 2.616233216346215 86 38 76 1.176003180162428 35 332 28 398 30 326 29 450 31 425 36 385 39 332 38 305 34 330 37 322 13 24 11 33 16 20 9 44 14 18 6 34 6 35 6 42 7 27 7 211
274 1.1127669532570381 -2.5454087881449317 2.6105510017636315 90 47 79 0.24638090154074657 35 70 28 399 27 314 29 108 31 99 32 109 36 86 39 69 38 74 34 72 37 64 45 48 17 76
275 1.1556949714273743 -2.5455456227855944 2.6125193401267537 86 42 75 0.44471339922924397 35 71 28 400 27 315 30 327 29 451 31 100 32 417 36 386 39 70 38 75 34 73 37 65 45 44 17 68 40 190
276 1.1550012217582688 -2.5444829394869828 2.6095119931920872 86 42 75 0.19717218309067433 35 72 28 401 27 316 30 328 29 452 31 101 32 418 36 387 39 71 38 76 34 74 37 66 45 45 17 69
277 1.2812935930706231 -2.5423874828799771 2.5930331377923439 88 51 84 0.41631536478688536 35 323 28 404 27 317 30 333 29 455 31 430 32 414 36 378 39 323 38 300 34 322 37 318 45 34 18 157 17 45 23 51 26 41 40 107
278 1.281163847697482 -2.5420408100302758 2.5922626167928815 88 51 84 0.31353219191711174 35 324 28 405 27 318 30 334 29 456 31 431 32 415 36 379 39 324 38 301 34 323 37 319 45 35 18 156 17 46 23 52 26 42
279 1.3069558103483754 -2.5372282921640248 2.5856447897275876 82 51 69 0.43526740632045208 35 75 28 406 27 319 29 111 31 104 32 421 36 87 39 74 38 70 34 70 37 69 25 32 23 45 26 34 17 37 40 28
280 1.3068440773170524 -2.5376092605258433 2.585884757388488 82 51 69 0.32820021658286069 35 76 28 407 27 320 29 112 31 105 36 88 39 75 38 71 34 71 37 70 25 33 26 35 17 38
281 1.0238223033900071 -2.534097332835608 2.6353330831457433 175 149 123 0.11918962097581424 35 336 28 408 30 335 29 459 31 432 32 429 36 391 39 336 38 314 34 337
282 1.4094270650335194 -2.5356071343734601 2.5768419315303239 81 47 73 0.64051409927203062 35 77 28 409 27 321 29 457 31 106 32 422 36 89 39 76 38 72 34 324 37 62 45 29 33 34 25 13 23 297 26 208 17 12 40 22
283 0.98498580774796762 -2.5117891514632276 2.6520901716545571 180 151 145 0.15892709694468637 35 89 28 410 31 114 32 120 36 103 39 85 38 92 34 88 37 83
284 1.1041306677824905 -2.5095840857282714 2.6319483182315171 87 42 84 0.34245458251388866 35 84 28 413 27 325 29 121 31 111 32 437 36 99 39 81 38 90 34 83 37 79 45 68 25 82
285 1.1044421560716362 -2.5096576792636034 2.6296438235622781 87 42 84 0.57676362451747687 35 85 28 414 27 326 29 122 31 112 32 438 36 100 39 82 38 91 34 84 37 80 45 69 40 42 33 44
286 1.1546028324427935 -2.5088627757959352 2.6285246745227466 81 37 73 0.26591616393975798 35 86 28 415 27 327 30 55 29 463 31 438 32 441 36 402 39 83 38 88 34 345 37 81 45 64 33 198 23 102 17 178 40 39
287 1.153201969174906 -2.5080368567551843 2.6250349341290162 81 37 73 0.49566594547950715 35 87 28 416 27 328 30 56 29 464 31 439 32 442 36 403 39 84 38 89 34 346 37 82 10 34 45 65 23 101 17 177 40 40
288 1.2425942802641328 -2.5060877745772872 2.6157300754010313 80 47 72 0.18847870220756152 35 345 28 419 27 331 29 466 31 441 32 440 36 102 39 346 38 324 34 344 37 339 45 50 18 151
289 1.2317546690273071 -2.4965211891127335 2.6220327423240355 177 151 134 0.30152786568599094 35 346 28 421 27 333 29 468 31 442 39 347 38 325 34 347 37 341 12 40 45 60 18 147
290 1.232964062353493 -2.495914526196179 2.623346781823519 177 151 134 0.46262203491393183 35 347 28 422 27 334 29 469 31 443 32 443 36 404 39 348 38 326 34 348 37 342 45 61 25 51 23 75 26 52 17 160 19 150 22 53
291 1.1288827061463862 -2.4938072860704508 2.63833808648101 86 41 79 0.095486881029550774 35 93 28 423 27 335 30 341 29 470 31 445 32 124 36 112 39 90 38 97 34 90 37 89
292 1.1288827061463862 -2.4938072860704508 2.63833808648101 86 41 79 0.095486881029550774 35 94 28 424 27 336 30 342 29 471 31 446 32 123 36 111 39 91 38 98 34 91 37 90
293 1.2536104702868724 -2.4885348951149266 2.6231545247718779 181 155 137 0.18492186512616204 35 95 28 425 27 337 29 472 31 447 32 126 36 113 39 92 38 99 34 92 37 92 45 63 18 141
294 1.1079177101979445 -2.4786511409967487 2.6532499183191636 88 43 82 0.77552481518209415 35 98 28 427 30 344 29 712 31 120 31 449 32 447 36 116 39 96 38 331 34 95 10 228 12 201 13 205 15 194 11 232 45 77 18 318 40 51
295 1.2432018549482107 -2.4786462165916303 2.6272842460795314 86 51 83 0.11104042497138762 35 350 28 428 29 473 31 448 32 446 39 351 38 329 34 351 37 347 45 66
297 1.2198329478559076 -2.4580897586377879 2.6468895099099634 81 44 74 0.68327484562736684 35 103 28 432 27 339 29 139 32 135 36 122 39 101 38 109 34 100 37 102 23 82 34 527 26 55 24 23
298 0.97014790741606083 -2.4352766935357146 2.691829141744194 82 43 66 0.56725307428213667 35 104 28 437 27 344 30 350 29 481 31 457 32 145 36 413 39 102 38 110 34 108 37 108 10 240 12 210 13 216 15 210 11 240 16 63 9 358 14 189 6 64 7 233 18 320 19 96 21 140 3 34
299 0.96996740666740222 -2.4350511088953781 2.6939571948147445 82 43 66 0.29188560285176851 35 105 28 438 27 345 29 482 31 458 32 146 36 414 39 103 38 111 34 109 37 109 12 211 13 217 16 64 19 97
300 1.1307170227898511 -2.4295973491454115 2.6690870176227639 79 44 66 0.43175252266610775 35 108 28 442 27 349 20 143 30 354 29 486 31 463 32 151 36 132 39 107 38 115 34 104 37 112 10 236 12 208 13 212 15 204 11 58 16 56 9 64 14 26 6 54 7 46 18 133 19 115 3 31
301 1.1571196322787054 -2.4285939795365499 2.6658049029740645 80 42 72 0.68788506146808792 35 109 28 443 27 350 30 355 29 487 31 460 32 152 36 416 39 108 38 116 34 105 37 106 10 47 12 44 13 209 15 205 11 54 16 52 9 65 8 25 19 119 3 193
302 1.1576126965627203 -2.4288791486307066 2.6653027496918908 80 42 72 0.59140773901467891 35 110 28 444 27 351 30 356 29 488 31 461 32 153 36 417 39 109 38 117 34 106 37 107 10 48 12 45 13 210 15 206 11 55 16 53 9 66 14 187 18 307 19 118 21 26
303 0.89590043180110868 -2.4061598102037323 2.7316248111212071 99 73 76 0.57625534401364864 35 362 28 446 27 353 30 359 29 492 31 470 32 460 39 363 38 346 34 364 37 366 45 241 18 315 17 396 40 217
304 0.89452730182575968 -2.4066711399514373 2.7282650276909766 99 73 76 1.1537381554573136 35 363 28 447 27 354 29 493 32 461 39 364 38 347 34 365 37 367 45 242 18 314 33 363 17 395 40 218 45 96 21 150
305 0.98410008338646371 -2.4051064397621027 2.7151444576558967 136 111 109 0.24120886452744011 35 112 28 448 27 355 30 361 29 490 31 468 32 155 36 136 39 112 38 119 34 113 37 113 45 237
306 0.98290924701161608 -2.4036876453454381 2.7066420303548084 136 111 109 0.59676302385033031 35 113 28 449 27 356 30 362 29 491 31 469 32 156 36 137 39 113 38 120 34 114 37 114 45 238 33 80 40 61
308 0.62656939129664291 -2.3867297142651749 2.7456870431700597 107 92 85 0.57444391591371879 35 122 28 452 27 363 30 371 29 152 31 150 32 174 36 145 39 124 38 132 37 125
313 0.62024346645489103 -2.3627243412627972 2.7848933333835597 53 51 48 0.90808162422921579 35 128 28 457 27 99 30 80 29 730 30 922 31 711 32 650 36 149 37 128
314 0.9130016486622794 -2.3618914983845332 2.7454139125608168 31 18 11 0.11484173214082241 35 372 28 458 27 577 30 611 29 508 31 482 32 464 36 427 39 372 38 349 34 369 37 369 25 320 23 382 24 107
315 0.9130016486622794 -2.3618914983845332 2.7454139125608168 31 18 11 0.11484173214082241 35 373 28 459 27 578 30 612 29 509 31 483 32 465 36 428 39 373 38 350 34 370 37 370 25 321 23 383 24 108
316 1.2552228692003264 -2.309356448700643 2.715930861935933 174 152 130 0.28549810919584645 35 131 28 462 27 371 30 375 29 519 31 494 32 184 39 376 38 138 34 128 37 130 18 111
317 1.5790371932022111 -2.2650224078294441 2.6975795049271416 44 32 26 0.63989090636504609 35 381 28 468 27 378 29 527 32 471 36 437 39 379 38 355 34 373 37 132 16 67 9 108 18 83 19 99
318 0.62297787879909927 -2.2546280266423735 2.8258024164115967 21 16 15 0.17611115908952668 35 141 28 469 27 381 31 502 36 168 39 138
320 1.0171101792243975 -2.2238600647148239 2.7891644871434949 120 77 42 1.4974980323629563 35 144 28 475 30 825 29 532 31 503 32 206 36 442 39 557 20 91 37 381 18 106 17 91
321 1.1864378455161095 -2.218425783016611 2.7685015478628716 94 59 23 0.21229142829663464 35 145 28 476 27 387 30 383 29 533 31 505 32 478 36 443 39 143 38 149 34 140 37 144 10 70 12 66 15 54 16 94 9 130 21 74
322 1.260515949432546 -2.2060447116308559 2.7649808998715786 133 89 49 0.53358682020399273 35 147 28 479 27 119 29 535 26 49 17 153
324 0.94934169705338523 -2.1780355874764399 2.8286011059516576 150 61 30 0.3216784207282089 35 155 28 483 27 394 30 639 29 544 31 517 32 487 36 188 39 153 38 160 34 383 37 155 10 87 15 71 11 99 9 146 14 239 6 134 7 95 45 377 18 95
328 1.0880487444123752 -2.1647772751292442 2.8077192011891206 90 64 39 0.68825548161322969 35 394 28 489 27 593 30 404 29 549 31 521 32 489 36 450 39 390 38 364 34 158 37 156 10 83 12 71 13 68 13 71 16 112 16 116 14 62 45 119 25 98 26 82 17 75 22 114
329 1.5933286267988724 -2.1653901195204668 2.7536435060776596 25 39 17 0.38270635381526225 35 390 28 492 27 592 20 272 30 641 29 550 31 516 32 484 36 447 39 387 38 361 34 149 37 382 10 281 12 240 13 246 15 241 11 264 16 413 9 380 14 233 6 358 7 244 19 270 21 180 3 57
331 1.1910511395279184 -2.148886962091114 2.8011945066063388 164 143 117 0.2202821046880129 35 165 28 495 27 142 30 409 29 228 20 94 31 223 32 491 36 197 39 165 38 168 34 166 37 163
332 0.87816262538064982 -2.1481202916330591 2.8575686208470019 170 135 107 0.21841562072006129 35 172 28 499 27 407 30 139 29 554 31 231 32 236 39 171 38 173 34 174 37 170
333 0.87816262538064982 -2.1481202916330591 2.8575686208470019 170 135 107 0.21841562072006129 35 173 28 500 27 408 30 140 29 555 31 232 32 237 39 172 38 174 34 175 37 171
334 1.5155218581127818 -2.1437249521950013 2.7647722050215067 63 82 37 0.45210105082097019 35 161 28 501 27 403 30 411 29 556 31 525 36 193 39 160 38 162 34 156 37 157 16 101
335 1.1276874241477521 -2.1383725864798313 2.816440964799205 185 166 150 0.2862262651447619 35 174 28 503 27 148 30 416 29 557 31 233 32 495 36 200 39 173 38 175 37 169 10 96 13 81 16 124
337 1.0963331891194945 -2.1089721065671707 2.8487549591352748 162 47 50 0.71164330951960353 35 181 28 508 30 154 29 242 31 239 32 246 36 206 39 179 38 177 34 181 37 176 12 255 13 88 11 106 16 320 45 131 33 238 17 186 40 83
338 1.2302876425902485 -2.108502868315921 2.8178424950639034 69 50 36 0.34634017109437648 35 180 28 509 27 417 30 420 29 563 31 535 32 499 36 203 39 397 38 370 34 179 37 391 12 82 15 81 9 156 45 123 21 95
341 1.2242905410796454 -2.0822938746972741 2.8377291753115021 67 62 61 0.71654429407763776 35 409 28 516 27 420 29 570 20 479 31 541 32 506 36 213 39 405 38 180 34 184 37 179 10 589 12 364 12 551 13 545 15 555 11 386 11 554 16 592 9 661 14 575 6 680 7 461 33 426 18 52 8 340 19 472 3 292
342 0.77962404449453682 -2.0806247875955486 2.8857827555253057 136 103 68 0.84748968030722038 35 186 28 518 29 573 32 258 36 217 39 187 38 184 34 189 37 184 18 86 24 136 40 168
345 1.2316983554069576 -2.0160388274438299 2.8607547681193934 184 167 153 1.220671133548467 35 194 28 528 27 428 30 436 29 274 31 271 32 276 36 225 39 198 38 192 34 199 37 195 23 83 17 41 45 138
346 0.9847782326864265 -2.0157390082494735 2.8985390628037631 146 137 82 0.24746511836020432 35 195 28 530 27 429 30 438 31 554 32 281 36 228 39 199 38 194 34 201 37 196
347 0.877481401617905 -2.0077344194073738 2.9226834824068471 162 138 117 0.2582918869289843 35 198 28 531 27 430 29 587 32 526 39 429 38 197 34 205 37 199 13 106 16 163
348 1.1592041180033545 -1.985527770275815 2.9007994757129176 63 52 25 1.1804824501222266 35 202 28 535 27 436 30 680 29 592 20 60 31 563 32 287 36 233 39 203 38 200 34 210 37 203 11 399 9 535 14 374 6 514 33 248 18 250 25 84 23 110 26 72 3 300
349 1.3012689033037999 -1.9816655934108187 2.8829627435117064 183 165 151 0.59626365808494797 35 437 28 537 27 183 27 633 30 445 29 787 31 564 32 696 39 434 38 402 34 208 37 423 12 106 26 48
350 1.0544726229629195 -1.9741201208991224 2.9160662242263697 84 81 50 0.17806112766383561 35 439 28 538 30 448 29 593 31 566 32 529 36 490 39 437 38 406 34 428 37 427 10 134 12 110 13 112 15 106 11 126 16 168 18 43
351 1.1714706617391686 -1.9733946798284587 2.903941452079466 151 129 106 1.0997631626724251 35 204 28 540 27 439 30 449 28 539 29 594 31 565 36 489 37 206 37 207 14 92 9 419 6 182 7 273 33 140 8 67 25 80 23 107 26 69 17 162 26 337 23 475 3 93
352 1.4151289026105653 -1.959051592130225 2.8848047291642667 103 70 45 0.52820869739230691 35 441 28 543 27 639 30 692 29 597 31 569 32 530 38 404 34 427 37 428 10 310 12 113 13 114 11 128 9 206 14 93 6 179 45 144 19 229
353 1.5930675005425428 -1.9603424910877068 2.8693519451113483 83 69 63 0.29979784261701692 20 101 28 544 30 693 31 567 36 485 10 311 15 269 11 292 9 210
354 1.2609622518562154 -1.9563922647421133 2.9124184017414798 158 133 117 1.0954423795510058 35 210 28 545 27 443 30 192 29 600 31 572 32 532 36 240 39 212 38 410 34 216 11 588 12 586 15 588 45 153 25 64 23 84
355 1.1199776959122729 -1.9553647594564167 2.9194180812920507 81 62 56 0.41749222565213978 35 211 28 546 27 444 30 193 29 598 31 573 32 295 36 241 39 213 38 208 34 218 37 213 10 137 16 172 23 125 25 99
358 0.68080722332855037 -1.9344423257186794 2.998620657439746 75 55 54 0.3990251207404602 35 223 28 554 27 458 30 702 29 603 31 585 32 309 36 252 39 226 38 219 16 187 6 200 25 360 23 252 26 176
359 1.4440620298911211 -1.9235095750594162 2.9065517241776111 143 106 66 0.62838953650319251 35 214 28 557 27 451 30 454 29 606 31 294 32 536 36 245 39 219 38 411 34 222 37 216 10 315 12 279 13 284 15 273 11 301 9 431 6 191 3 105
360 0.69824999437045532 -1.9168572564503799 3.0091890110907071 111 86 82 0.61684131606592196 35 227 28 560 27 646 28 772 29 613 29 797 32 542 36 497 39 444 38 415 34 238 37 226 10 150 45 176 25 481 23 534 26 406
361 0.82229608035626467 -1.8901508980814499 2.997259036837443 91 70 53 0.49413434996125771 35 452 28 563 27 465 30 459 29 617 31 594 38 226 34 248 37 234 14 101 26 143
362 0.82219593460019413 -1.890426158730063 2.9966906638522635 91 70 53 0.39056199142140646 35 453 28 564 30 460 29 618 31 595 32 325 39 237 38 227 37 235 10 323 12 285 13 292 15 288 11 151 9 228 14 102 6 203
363 0.74637411069720228 -1.887403714068552 3.0148114415353944 74 55 49 0.29845009297896063 35 456 28 565 30 464 29 620 31 305 32 550 36 506 36 507 39 242 38 423 34 444 37 440 10 327 12 289 13 296 15 293 11 314 16 361 9 447 6 209 7 154 8 83
365 1.1661025990476781 -1.8641234997273755 2.9623661427678618 148 120 100 0.26533197128817027 35 458 28 570 30 713 38 424 37 236 33 147
368 0.8094674113424134 -1.8170591692249503 3.0429098514789921 52 41 33 0.65867334667125532 20 10 35 462 28 579 27 659 30 484 29 629 31 606 32 556 36 282 39 459 38 429 34 452 37 445 10 339 12 301 13 302 15 301 11 329 9 249 45 303 45 306
369 0.84985474559487983 -1.8084251343081941 3.0452369054478576 38 29 25 1.0972633700353136 35 463 28 582 27 660 30 726 29 819 31 806 32 557 36 519 39 460 38 430 37 446 12 302 15 302 11 330 9 461 14 397 6 535 7 495 18 447 25 180 26 289 17 397 23 207 3 229 40 293
373 0.81777670258985291 -1.741135950776304 3.0873796745772712 96 86 74 0.4196732210521803 35 255 28 600 27 491 30 507 30 508 31 618 31 619 32 363 36 299 36 300 39 265 34 272 37 254 10 346 12 312 13 310 15 317 11 345 16 387 9 269 14 290 7 171
374 1.6119392699248363 -1.7066210854691977 3.0118212254615417 109 81 60 1.5998236887287407 35 256 28 602 27 244 30 510 29 361 31 343 32 364 36 301 39 266 38 249 34 270 10 182 10 566 12 157 12 568 13 159 13 519 15 147 15 534 11 178 11 535 16 613 9 272 9 679 14 640 6 247 6 698 7 544
375 0.8925747836303457 -1.7068739948203238 3.0968979225522975 101 87 74 0.49318620149519654 35 487 28 603 27 674 30 254 32 578 36 309 38 456 34 481 10 350 13 316 11 349 9 273 14 134 7 177 33 439 3 129
376 1.0304233705335943 -1.7067023423415912 3.0822331708792996 87 78 68 0.1987033536203319 35 475 28 605 27 668 30 512 29 640 31 627 32 736 36 543 39 478 38 446 34 470 37 258 10 447 12 411 13 405 15 400 11 426 9 476 14 296 6 449 7 399 8 254 3 238
377 1.0501226863999786 -1.7075105865134836 3.0797148947662105 79 70 60 0.28736066788619713 35 262 28 606 30 514 29 637 31 622 36 306 39 270 38 252 34 467 37 257 10 449 12 413 13 407 15 402 11 428 9 563 14 298 6 451 7 395 45 310 8 183 3 240
378 1.0706195574733666 -1.7064545094622612 3.078036840035006 89 79 70 0.27551475080591775 35 473 28 607 27 670 30 744 29 830 31 623 32 575 36 537 39 474 38 442 34 468 37 458 10 451 12 415 13 409 15 404 11 430 16 519 9 565 14 408 6 544 7 397 8 250 3 242
379 1.6080117037278256 -1.6894666629949489 3.0247032862821772 33 16 11 0.39006267724312549 35 260 28 609 27 494 30 516 29 643 31 347 32 572 36 304 39 272 38 440 34 464 37 456 12 158 15 149
380 1.6079122808856952 -1.6905438737823777 3.0244929356132286 33 16 11 0.17782671811915346 35 261 28 610 32 573 36 305 38 441 34 465 37 457 12 159 15 150
382 1.5430544417336207 -2.7689083511194008 2.4179024948457508 53 46 45 0.77894352275702805 20 413 35 4 28 616 27 7 27 497 30 270 29 384 31 12 32 584 36 560 39 283 38 4 38 257 34 284 37 7 10 1 12 1 13 1 15 0 11 199 9 0 14 146 16 395 6 289 19 460
383 1.5500149376642016 -2.7733186468851203 2.433266708602249 53 46 45 1.0105875048090101 35 5 28 617 27 8 27 498 30 271 29 385 32 585 36 561 38 258 34 285 6 290 9 320 18 434 8 0
385 0.83484239890115441 -2.6339178947250113 2.5886822248802552 86 46 76 0.34474831134613521 20 290 35 282 28 622 27 500 30 538 29 653 31 653 36 331 38 263 34 291 37 275 10 8 12 11 13 2 15 5
387 0.93432678329973262 -2.6326922859502306 2.5836068685205502 87 45 79 0.71266547594507446 35 284 28 624 30 8 29 393 31 655 32 598 39 500 38 262 38 264 38 468 34 292 34 493 37 277 37 278 37 476 45 211 18 206 17 206 24 40
388 0.9656213968093228 -2.6332537277493433 2.577017636552227 89 45 81 0.68277774580209005 35 281 28 626 27 503 29 388 28 330 31 370 32 380 36 19 39 288 38 260 34 289 37 274 45 209 33 269 25 296 23 360 26 264 17 203 44 11
389 0.98008807116743135 -2.6205806247170118 2.5917200141161851 175 151 123 0.37973171051027604 20 177 35 286 28 631 27 509 30 543 35 503 29 661 31 660 32 601 36 572 39 290 39 505 38 267 38 473 34 294 34 498 37 284 37 480 45 325 33 171 25 433 23 493 26 364 17 301 24 33 40 184
391 0.85259915294581712 -2.6088375478875894 2.6188892651367026 90 47 88 0.78944383637075799 35 505 28 634 27 511 30 547 29 663 31 662 32 602 36 345 39 506 38 474 34 499 37 481 45 330 17 322 19 147 40 193
393 1.2896398882707105 -2.6114283558054163 2.5512719944464162 173 150 128 0.30174433351364416 35 501 28 636 27 510 29 664 31 661 32 600 36 570 39 503 38 471 34 495 37 478 45 200 25 262 17 156
394 0.97021457276817413 -2.6024670003244665 2.5991902453890283 89 47 85 1.6418544124874794 35 506 28 637 30 552 29 667 31 664 32 55 39 31 38 30 37 26 16 235 45 215 18 337 19 317 40 109 40 111
395 0.81517743976340973 -2.5977685548287828 2.6114441485314344 175 148 130 0.50863357962761879 35 301 28 638 27 517 30 548 29 666 31 390 32 395 36 354 39 305 38 280 34 306 37 298 45 56 24 82
398 0.95945417244560138 -2.5885060145162964 2.6124486072500108 174 149 130 0.73065002016135672 35 304 28 643 27 523 30 563 29 672 31 672 32 614 36 355 39 306 38 281 34 307 37 299 10 205 12 181 13 182 15 169 11 209 16 237 9 332 14 165 6 309 7 15 33 280 18 335 8 11 19 401 21 10
399 1.2469312884251598 -2.5899078728008091 2.5686808100196039 179 151 135 0.17854033946707623 35 507 28 644 30 559 29 674 31 667 32 607 36 576 38 475 37 482 45 19
400 1.2468647303080107 -2.5900716911087827 2.5687016463356125 179 151 135 0.30808370938635576 35 508 28 645 27 519 30 560 29 673 31 668 36 577 20 327 39 507 38 476 34 300 37 483 45 20 23 65 19 324 16 10 40 13
401 1.0577818817124534 -2.5812534406755736 2.5991932180925019 87 46 77 0.38741921433827803 35 305 28 648 27 526 20 316 29 677 31 399 32 396 36 357 39 307 38 284 34 308 37 302 18 189 19 319 14 9
402 1.3928160531004474 -2.5790218407329588 2.5516113102332474 91 45 93 0.77023610156072653 35 512 28 653 27 690 29 683 31 675 32 613 36 581 39 512 38 479 34 504 37 487 11 365 9 500 14 152 6 295 7 202 45 14 33 9 8 200 20 545 25 245 23 300 26 213 17 15 3 173
403 0.83739928397596219 -2.5682588764798804 2.6307595600099392 175 150 130 0.20691492572344705 35 317 28 654 27 530 30 570 29 685 31 677 36 366 39 313 38 294 34 319 37 311 24 215
404 0.8379961448969363 -2.5682604205641768 2.630842702428636 175 150 130 0.29958022630990522 20 131 35 318 28 655 27 531 30 571 29 686 31 678 32 616 36 367 39 314 38 295 37 312 10 18 12 21 13 13 15 20 11 22 16 24
405 0.86873089625325917 -2.5682021233434211 2.6278175989044437 175 150 138 0.24524048085800532 35 314 28 656 27 532 30 572 29 687 31 679 36 369 39 315 38 292 34 320 37 309 9 33 14 168 24 209
406 0.86901110221023847 -2.5680323446983762 2.6283697322543262 175 150 138 0.24070942700169898 35 315 28 657 27 533 30 573 29 688 31 680 32 618 36 368 39 316 38 293 37 310 10 20 12 23 13 15 15 22 11 24 16 26 33 30 18 202 19 129 24 208
407 1.0591040262708797 -2.5655454796152268 2.6099041900813904 86 41 76 0.53271246696451846 35 316 28 658 27 534 31 406 32 406 36 365 39 312 38 290 34 316 37 308 25 93 26 84 17 89
408 1.3993087508550979 -2.5628026039733975 2.5729671053472338 86 44 85 0.64428677968575443 35 312 28 661 27 537 30 576 29 691 31 407 32 405 36 364 34 315 37 307 18 418 40 9
411 0.94060611615231426 -2.5179087257126307 2.652125168013979 83 42 75 1.1316707023955823 35 337 28 669 27 552 30 589 29 701 31 689 32 119 36 394 39 337 38 317 37 87 27 324 13 33 11 44 45 340 33 199 19 127 24 67
412 0.97014364380017315 -2.5196806906885039 2.6504146565277922 83 41 76 0.86773169665852357 35 341 28 670 27 553 30 336 29 702 31 433 31 434 32 432 36 395 36 396 39 338 38 318 34 341 37 333 10 225 12 199 13 202 15 192 11 225 16 43 16 44 9 348 14 184 6 329 7 34 33 45 18 176 25 298 23 365 26 267 17 103 19 284 19 285 24 197 3 20 40 202 44 23
415 1.2319354241877813 -2.4668789574342016 2.6379134149835313 177 152 130 0.12482175892534184 35 525 28 681 27 699 29 713 31 699 32 634 36 599 39 524 38 495 34 522 37 501 13 35 11 48
416 1.23219063565065 -2.4648591142596228 2.6357346853981625 177 152 130 0.66130997715901763 35 526 28 682 29 714 31 700 32 635 39 525 38 496 34 523 37 502 45 338 23 331 25 271 26 238
419 0.67633955085304454 -2.3835128365536504 2.7487263997393585 148 133 130 0.41941044948571266 35 123 28 688 27 364 30 607 29 502 31 477 32 462 36 423 39 369 38 133 34 366 37 126 16 70 9 80 14 334 6 338 7 238 18 321 23 231 25 354 26 164 19 258
421 0.79002887075742834 -2.362891396919824 2.7574397271095412 43 28 23 0.58536304007523554 35 375 28 691 30 610 6 97 25 339 23 405 26 395 24 338
422 1.2385180724710563 -2.346832985331758 2.6929919063257119 49 32 24 0.12288873700880977 35 376 28 694 30 615 29 512 31 487 36 431 39 374 38 351 40 136
423 1.2385180724710563 -2.346832985331758 2.6929919063257119 49 32 24 0.12288873700880977 35 377 28 695 30 616 29 513 31 488 36 432 39 375 38 352 40 137
424 0.62094007713201371 -2.3072657936431273 2.7838443748134609 75 54 56 0.6500253277687571 35 380 28 697 27 372 30 624 29 735 31 715 32 656 36 620 39 549 38 518 34 374 37 521 18 137 21 46
425 1.0327586888273177 -2.3010246329422204 2.7471240841115661 89 70 64 0.88058739017470256 35 378 28 698 30 625 29 521 31 495 32 468 36 434 39 377 38 353 34 371 37 371 10 256 12 223 13 229 15 225 11 252 16 289 9 370 14 340 9 513 7 336 18 291 24 96 21 165 3 272
426 1.0330255472604413 -2.3012211466107382 2.7500029381316642 89 70 64 0.49267356157746867 35 379 28 699 30 626 29 522 31 496 32 469 36 435 39 378 38 354 34 372 37 372 10 257 12 224 13 230 15 226 11 253 16 290 9 371 18 290 33 229 24 95 21 166
427 1.0569515016219531 -2.2506938244284398 2.7742539454971133 153 117 93 1.1544726010008493 35 139 28 702 27 585 29 529 31 720 32 199 39 383 39 551 38 146 34 546 37 374 12 234 13 240 18 281 26 261 19 256 44 56
429 1.4077264897408617 -2.2246393934705533 2.7389387043155922 88 60 48 0.53672961679890741 35 384 28 706 29 197 37 375 15 52 16 83
430 0.86444990763477192 -2.1867081624127334 2.8407907087371322 155 113 59 0.34757850759529918 35 392 28 710 27 590 30 637 29 743 31 728 32 669 36 448 39 388 38 362 34 382 45 262 18 108 25 333 23 518 26 283 17 211 19 47
431 1.2288510767224476 -2.1513561589229315 2.7946848356138112 178 166 149 1.1060235118677404 28 712 30 408 29 227 31 523 32 490 36 195 39 163 39 164 9 144 45 117 18 74 18 75 40 76
433 1.0581404586266532 -2.1167966985237761 2.8403966442749935 176 160 149 0.69797339754498622 35 403 28 722 27 599 30 648 29 755 31 738 32 676 36 458 39 396 38 369 34 393 37 390 12 85 15 83 16 131 7 96 45 263 33 386 18 78 23 356 17 281 19 41 40 154
435 0.97344411016617727 -2.1014792097173265 2.8601174572780539 156 114 73 0.48797587756186489 35 407 28 725 27 605 30 651 29 760 31 743 32 505 36 461 39 403 38 375 34 395 37 396 45 267 18 80 25 443 23 496 26 368 24 120 40 236
437 0.95437341053982383 -2.0874809343218894 2.8680621856657043 182 167 148 0.41365343492550832 35 411 28 727 27 607 30 653 29 762 31 746 32 681 36 644 39 406 38 377 34 398 37 398 45 269 25 309 23 501 26 110 17 294 44 157
438 1.0426718118623202 -2.083580566805348 2.8584143394163108 135 156 69 0.37467949849072762 35 412 28 728 27 608 30 654 29 763 31 747 36 463 39 407 34 399 37 399 15 255 45 142 18 72 23 138 25 109 26 92 19 226
440 1.300701943493596 -2.0630691473508587 2.8372612755979323 179 166 147 0.51021683030083398 35 561 28 731 27 738 30 843 29 766 31 748 32 682 36 645 39 573 38 539 34 560 37 542 45 257 33 330 40 152
442 1.1830659483995691 -2.0486378687752289 2.858376357744727 174 162 128 0.17382302007938946 35 417 28 733 27 613 30 657 29 578 31 546 32 515 36 470 39 414 38 384 34 409 37 407 23 99
443 1.1823771601000115 -2.0481291313057994 2.8553703580067018 174 162 128 0.13655881537300515 35 418 28 734 27 614 30 658 29 579 31 547 32 516 36 471 39 415 38 385 34 410 37 408
444 1.2846280834479391 -2.0492558079096983 2.8474356238610605 152 113 78 0.91752033284037982 20 85 28 735 30 655 29 769 31 544 32 513 36 468 10 117 12 260 13 265 15 258 11 277 16 139 9 174 14 250 6 155 7 106 24 88 21 103
445 1.2868329356910504 -2.049366875237975 2.8484115781761425 152 113 78 0.67468748195883277 20 84 28 736 30 656 29 770 31 545 32 514 36 469 16 140 24 89
446 1.2355833662358751 -2.0483450357516007 2.8561624653098643 103 67 53 0.94713757417262268 35 419 28 737 30 659 29 771 31 548 32 268 36 472 39 417 34 193 34 406 37 406 15 93 9 401 14 78 6 160 7 110 45 136 8 57 25 66 23 333 26 56 17 157 21 104 40 156 22 52
447 1.002345871496193 -2.0321640700639909 2.8942519115944227 175 166 151 0.91743093462120573 35 423 28 739 27 617 30 661 29 772 31 753 32 689 36 652 39 420 38 546 34 566 37 410 10 122 12 457 10 491 13 102 13 498 15 98 15 458 11 465 16 155 16 547 9 604 14 492 6 621 7 469 18 56 18 457 8 223 23 366 26 268 17 196 19 348 3 298
448 0.82622431079772274 -2.0274586376336332 2.9197755391693816 174 139 97 0.39370889087097094 35 427 28 740 27 618 30 663 29 773 31 756 32 690 39 423 38 393 34 420 37 415 23 199 25 172 26 135
450 1.0675669084472972 -2.0172673446062883 2.8880475848471434 40 49 20 0.54398012662452189 35 430 28 744 27 624 30 666 29 778 31 760 32 694 36 479 39 426 38 392 34 417 37 414 10 298 12 264 15 263 16 334 9 183 14 579 6 168 7 464 45 152 18 50 19 26 24 240
451 0.92233259735662287 -2.0148910580100408 2.9117244267074383 139 128 80 0.34877570187479917 35 431 28 746 27 627 30 669 29 780 31 761 32 695 36 481 39 428 38 397 34 421 37 420 10 299 12 265 13 105 15 266 11 121 16 160 9 190 14 258 6 173 7 129 45 396 18 57 17 302
452 1.5407795169515277 -2.0128323010637157 2.8444438044135967 116 83 74 0.59579975706683308 35 422 28 747 27 625 30 668 29 781 31 755 32 519 36 475 39 421 38 388 34 413 37 409 10 297 16 327 9 406 14 367 6 385 7 256 25 5 23 6 26 6
453 1.0046821649115274 -2.0092844349973613 2.9037651502286117 165 154 144 0.22107253657094394 35 196 28 748 27 628 30 671 29 586 31 555 32 523 36 482 38 398 34 422 23 367
454 1.2598414092380383 -1.9936011142819297 2.8799892405193654 165 166 114 0.29114782720569687 35 432 28 751 27 630 30 676 29 783 31 558 32 524 36 483 39 430 38 399 34 423 37 421 10 300 12 266 9 412 14 370 6 512 7 268 45 146
456 0.75906402323511302 -1.9755579892956106 2.962194762120077 88 64 33 0.75629397634659634 35 209 28 756 27 440 30 966 29 595 31 570 32 533 36 664 39 210 38 207 34 217 37 212 12 462 13 119 13 456 16 440 9 539 14 502 6 631 18 367 8 233 25 352 26 162 3 91
457 1.2145720994395075 -1.9656455994876159 2.9023342442297877 134 111 87 0.18419148569927926 35 207 28 759 27 191 30 688 29 596 31 568 32 291 36 238 39 208 38 203 34 214 12 111 13 113 9 202 14 265 6 180
458 0.71305969253222157 -1.9419317819167721 2.9885327372559902 118 91 84 0.891755568460596 35 447 28 767 27 642 30 699 29 795 31 778 32 539 32 706 36 496 39 441 38 559 34 434 34 583 10 320 12 387 13 381 15 283 15 382 11 306 16 355 9 438 14 274 6 424 25 478 17 228 21 256
459 1.3068190484073854 -1.9214732692964835 2.9179523374311338 181 136 108 0.28522417974549352 35 217 28 769 27 453 30 703 29 607 31 582 32 537 39 223 34 228 10 143 45 154 18 26
460 1.2658431898672313 -1.8871425962103843 2.9423439372462936 90 62 40 0.7773720363840313 35 450 28 775 27 648 30 707 29 619 31 591 32 545 36 501 39 448 38 418 34 435 37 228 10 147 12 124 13 130 15 117 11 143 16 181 9 543 14 386 6 527 7 532 45 160 18 19 8 72 8 348 25 65 19 20 3 224 3 420
462 0.68833111131219482 -1.8676180606127972 3.0336429561956844 78 61 57 0.61858660089895123 35 586 28 781 27 655 30 874 29 805 31 792 32 718 39 456 38 426 34 447 37 442 12 295 16 201 18 254
463 0.71364179653905435 -1.8551358728729717 3.0383892666433541 69 54 51 0.56709087247417711 35 241 28 783 27 471 30 718 29 624 31 602 32 553 36 512 35 242 39 253 39 254 38 235 34 450 34 451 37 443 10 171 12 144 11 162 9 243 6 221 7 159 18 255 23 533 25 542 26 405
465 1.2230716353724911 -1.8282189788628815 2.9790758583130001 156 111 66 0.8803009000196953 35 592 28 786 27 658 27 769 30 722 29 818 31 800 32 839 36 686 39 609 38 572 34 595 37 573 10 425 12 395 13 389 15 390 11 408 9 455 14 282 6 433 45 170 8 80 3 113 40 100
466 0.78759284535077712 -1.7993272402198581 3.0558387700649923 132 115 104 0.83639636259354344 35 464 28 787 32 730 36 520 39 461 38 431 34 455 18 32 25 199 23 221 26 157
467 0.78814429639363492 -1.796846319749307 3.0539147732893159 132 115 104 0.27263959815698208 35 465 28 788 30 730 31 807 32 731 20 7 36 521 39 462 38 432 34 456
469 0.94105526334373879 -1.7775726512144217 3.0441959269711845 59 48 48 1.8480612758213701 35 466 28 790 30 733 29 820 31 808 32 351 32 353 36 522 38 433 37 448 12 307 15 307 11 333 28 299 16 376 9 258 45 305 18 15 21 204 40 175
470 0.99224106303213455 -1.7625364914927124 3.0472816411317738 53 45 42 1.077385985746071 35 467 28 794 32 732 37 449 15 311 9 263
471 0.79066098899999893 -1.7414674258822682 3.0898219242587723 131 118 108 0.88833820656383511 35 471 28 796 27 663 30 736 29 825 31 813 32 570 36 531 39 469 38 438 34 461 37 454 10 347 12 313 13 311 15 318 14 403 45 427 23 225 25 208 26 163 26 461 17 449
472 0.86062779418905144 -1.723039979124031 3.0886961414318916 33 25 19 0.4086151158461484 35 259 28 797 30 741 29 828 31 621 36 534 39 268 38 251 34 466 10 348 12 314 13 313 15 319 11 179 7 172 25 342 23 403
473 1.462515034632706 -1.7150936841670337 3.0175284123955604 92 93 113 0.4919875493002181 35 470 28 799 20 36 30 740 29 829 31 816 32 734 36 530 39 473 38 437 34 460 37 452 10 435 12 402 15 395 11 341 33 351 3 125
474 0.93089283015212188 -1.707128307545531 3.0916842271565192 86 74 60 0.17689790509667352 35 483 28 800 27 779 30 746 29 834 31 629 32 744 36 546 39 481 38 451 34 476 37 460 10 439 12 418 13 412 15 407 11 420 9 557 6 546 7 403 8 187 3 230
476 0.83191482467647448 -1.706463995103892 3.1044721048448429 81 71 56 0.3933030087617837 35 488 28 804 27 673 31 822 36 551 39 489 38 458 37 470 12 425 7 178 8 107 3 128
477 0.85201701571139088 -1.7072849230902927 3.1011294370401967 99 86 72 0.25350837482933214 35 485 28 805 27 778 30 750 29 832 31 821 32 750 36 552 39 487 38 459 34 482 37 468 10 454 12 424 13 418 15 324 11 347 9 478 14 300 6 457 7 305 45 428 8 106
478 0.95196249013639966 -1.7064196407432015 3.0899164118174509 80 68 56 0.24786242695762115 35 477 28 806 27 492 30 748 29 836 31 631 32 746 36 548 39 483 38 453 34 478 37 462 10 441 12 420 13 414 15 413 11 432 9 559 14 406 20 6 6 548 7 405 8 257 3 232
479 0.95195696899875948 -1.7061086838637429 3.0899434589143882 80 68 56 0.23372302857638577 35 478 28 807 30 749 29 837 32 747 36 549 39 484 38 454 34 479 37 463 10 442 12 421 13 415 20 5 15 414 11 433 9 560 14 407 6 549 7 406 8 258 3 233
480 0.73456587035626364 -1.7001297333387433 3.1232872745033649 52 40 40 0.37773198790871637 35 266 28 808 30 520 29 642 31 354 32 373 36 311 10 184 13 161 11 182 9 278 14 304 9 277 6 462 6 463 7 182 7 183 3 131 3 132
481 1.3256374966454429 -1.6924710010222346 3.051037025060888 72 51 44 0.41313164399039881 35 481 28 809 30 751 29 838 31 819 32 577 32 738 36 545 38 444 12 473 11 418 12 407 16 460 9 555 6 542 8 247 26 239
482 1.5724447089494773 -1.6713486602511538 3.0414145824951175 72 39 26 0.6978706655837813 35 265 28 812 27 678 29 840 31 639 32 580 39 492 38 457 34 475 37 469 14 303 9 282 6 456
484 0.99735269502052026 -2.6066421148585057 2.5987028001363184 90 41 93 0.61631295000443298 35 610 28 821 27 685 30 773 29 855 31 838 32 759 39 628 38 589 34 611 37 591 18 433 25 520 23 580 26 443 17 382 24 291 21 7
488 0.8525715057692399 -2.5838116289365991 2.6231973502014796 91 39 90 0.13459511981602701 35 612 28 827 27 688 30 778 29 856 31 841 32 762 36 582 39 631 38 593 37 593
489 0.85243132400095434 -2.5830703925413649 2.6184393082245396 91 39 90 0.88924348614729465 35 613 28 828 27 689 30 779 29 857 31 842 32 763 36 583 20 280 39 632 38 594 37 594 16 401 10 366 12 336 13 336 15 332 9 505 19 398 14 170
491 0.918257044398609 -2.5361647812916042 2.6513009345869678 169 146 112 0.3458501136897999 35 623 28 833 27 800 30 911 29 974 31 849 32 774 36 714 39 641 38 607 34 624 37 608 25 576 23 633 26 494
492 0.91871545895182061 -2.5364487154151485 2.6538422155923524 169 146 112 0.3726887358912932 35 624 28 834 27 801 30 912 29 975 31 850 32 775 36 715 39 642 38 608 34 625 37 609 10 525 12 491 13 482 16 527 9 644 14 458
495 1.1622197711780096 -2.4933979634872685 2.634536113577294 175 149 120 0.81434263796030248 20 399 28 841 32 780 25 404 23 474 26 335 17 271 24 286 22 187 44 138
498 0.82195121646109659 -2.4057007014929725 2.7300645938992552 146 121 123 0.5074168538055791 35 533 28 849 27 711 30 796 29 879 31 862 32 646 36 609 39 537 38 508 34 540 37 515
499 0.82145801520205231 -2.4056457223153362 2.7294422265000873 146 121 123 0.64901583312813849 35 534 28 850 27 712 30 797 29 880 31 863 32 647 36 610 39 538 38 509 34 541 37 516 14 200 24 233 21 149 40 220 33 365
500 0.94325694982335917 -2.4039191772972712 2.7189401984578914 174 148 148 0.51227415310747293 35 535 28 851 27 713 29 725 31 706 32 644 36 611 39 535 38 506 34 538 37 513 45 239 25 449 23 506
501 0.94325694982335917 -2.4039191772972712 2.7189401984578914 174 148 148 0.51227415310747293 35 536 28 852 27 714 29 726 31 707 32 645 36 612 39 536 38 507 34 539 37 514 45 240 25 450 23 507
502 0.70251588730711467 -2.3773286183635967 2.754790440920861 114 105 100 0.62391381621184672 20 248 28 853 27 715 30 798 29 989 31 710 32 788 36 615 39 542 38 511 34 542 10 245 11 242 16 283 6 340 7 76 45 454 8 145 19 69 21 227 3 38
503 1.1104100043334839 -2.3334595994994984 2.7216508290892603 175 150 115 0.35300612399391601 35 636 28 854 27 716 30 802 29 884 31 866 32 790 36 726 39 654 38 626 34 637 9 90 26 435 17 363
504 1.2706873889902601 -2.3069893344277865 2.7032451702179263 103 76 80 0.46637625071154898 35 542 28 858 27 720 30 818 29 895 31 876 36 618 36 737 39 547 38 515 37 633 33 306
506 1.4162871981275342 -2.3039680400505058 2.6963547220676483 92 64 80 0.67015008071270876 20 391 28 861 32 801 10 248 12 217 15 214 11 245 16 275 9 92 18 384
507 1.1814716033779116 -2.2609485496057506 2.7426611637335991 127 111 95 1.258009024831235 35 544 28 865 27 723 30 821 29 899 31 717 32 658 34 545 10 66 13 231 9 373 14 560 7 446 18 100 25 403 23 466 26 244 17 261
508 1.0240819529104959 -2.2490663894615932 2.7805152478844644 156 127 105 1.0258030611999629 35 545 28 868 27 725 31 722 32 660 36 625 39 552 38 520 34 548 37 523 10 69 12 65 13 57 45 111 26 360 17 291 19 64
509 0.73971625068863756 -2.178844091692167 2.8675277138389168 125 102 100 0.71163085932108006 35 551 28 873 30 832 29 908 31 895 32 809 39 683 37 528 39 562 10 288 16 318 9 159 14 353 6 374 18 479 8 159 25 471 17 226 19 361 21 85
511 1.1668782841159429 -2.1554036259071734 2.8019536888295162 177 163 145 0.4686091244811541 35 552 28 877 27 731 29 909 32 670 36 633 38 527 37 529 45 252 33 423 18 81 17 165
512 0.69350587558286292 -2.1447707349735849 2.891963674427275 126 116 109 1.9890239825012275 35 556 28 879 27 411 29 558 29 911 31 897 36 754 39 175 34 556 37 535 15 89 12 89 32 239 11 107 16 149 16 325 9 169 6 154 6 378 7 118 18 392 33 236 25 477 26 297 19 354
513 1.1695303660370238 -2.106086520454963 2.8290926340578775 186 171 154 0.51936366188247796 20 361 28 884 27 734 36 641 39 570 10 290 12 252 13 256 15 251 11 271 16 315 9 390 14 354 6 371 7 251 8 50 19 363
514 1.2068624126033185 -2.0963181936684259 2.8309049529909203 174 156 144 0.76708405333061214 35 560 28 885 27 735 30 840 32 679 36 643 39 571 38 537 34 559 37 540 12 360 15 86 9 391 6 504 45 254 18 58 8 154 23 92 26 60 24 222 40 270
515 1.0211312882767098 -2.0637418120146158 2.8711663755758337 170 168 143 0.46166855922227035 35 664 28 887 27 851 30 958 29 917 31 902 32 814 36 761 39 691 38 655 34 665 37 658 10 397 12 367 13 361 15 360 11 389 16 421 9 399 14 359 9 528 6 379 45 270 18 370 8 162 25 438 23 490 26 361 17 286 19 223 24 336 21 246 40 277 44 160
517 0.7942324016885226 -1.9960436591940343 2.9428451724198017 112 88 59 1.0270356532719389 35 434 28 895 27 746 30 851 29 929 31 763 31 914 20 27 32 698 36 659 39 586 34 574 10 308 13 279 11 289 16 173 9 201
520 1.1295563355779266 -1.9692048446326935 2.9097547215066073 169 165 163 0.26171840627595516 35 572 28 898 27 747 30 854 29 932 31 915 32 823 39 589 38 553 38 662 34 576 37 554 45 392 18 251 40 240
522 1.1008350547313854 -1.9640322761220084 2.9171139621811393 59 54 37 0.65629726308684599 35 443 28 901 30 856 29 792 31 771 32 701 36 663 39 440 38 407 34 432 37 430 10 313 12 274 13 280 15 271 11 129 16 170 9 204 6 181 7 131 45 394 25 428 23 486 26 353 17 272 24 242 3 99 40 241 22 116
524 0.79757654134989164 -1.9113143449127494 2.9916599848011267 122 92 66 0.75716092923208878 35 449 28 914 27 759 30 208 29 799 31 780 32 709 36 674 39 445 38 417 34 436 37 434 12 284 13 290 15 286 11 145 16 356 9 227 45 417 18 46 25 465 23 214 26 291 17 323 22 4
526 1.2908929583448838 -1.9014927401081889 2.9279247437830747 94 65 40 0.67426181771086469 35 679 28 916 27 645 35 448 29 944 31 587 36 672 39 442 38 414 34 585 37 433 10 317 12 122 13 287 15 276 11 139 16 178 45 280
527 1.2921655077556513 -1.8994179624612786 2.9274878570539062 94 65 40 0.8051566016123467 35 680 28 917 29 945 36 673 11 140 15 277
528 0.68276649666241485 -1.8871873763080702 3.022596282571588 103 80 72 1.3990096764994697 35 457 28 918 27 761 30 708 29 801 31 784 32 714 36 508 39 452 38 228 10 159 10 167 12 132 12 141 13 298 11 152 11 154 16 362 11 316 9 235 9 238 6 213 45 421 18 47 8 84
529 0.98316000901403178 -1.8785441646983672 2.9812671682983378 145 99 65 0.65266600854153622 35 580 28 919 27 762 30 870 29 948 31 782 32 712 36 676 39 598 38 562 34 587 37 564 10 418 12 388 13 383 15 384 11 310 9 442 14 276 6 428 7 284 45 473 8 77 25 529 23 503 26 449 19 11 3 106
530 0.71273195474291307 -1.8762223081500085 3.0260674168421886 106 81 76 0.5889691405608054 35 583 28 920 27 764 30 871 29 949 31 788 32 715 36 678 39 601 38 565 34 589 37 567 10 423 12 392 13 387 15 388 11 406 16 446 9 449 6 215 7 290 18 258 8 85 25 543 23 241 26 173
531 0.75335964666795407 -1.862115803980942 3.0270926302842951 107 81 74 0.96355034553718333 35 587 28 922 27 765 20 14 30 875 29 952 31 794 32 719 36 680 39 603 38 567 34 591 37 569 11 409 16 447 9 453 14 281 6 434 18 253 8 89 25 476 3 111 40 247
532 0.88244457927785036 -1.8475499029801337 3.0124264855725773 99 77 63 0.80727367353291546 35 588 28 926 27 766 30 881 29 955 31 798 32 722 36 683 39 605 38 570 34 593 37 571 10 426 16 363 11 160 18 30 18 35 25 460 23 519 26 387
536 0.83014630880380336 -1.8275407714243912 3.0339661904738993 111 98 80 0.75401009273212616 35 595 28 931 27 771 20 208 30 887 29 958 31 932 32 727 36 691 39 612 38 574 16 452 33 154 18 243 8 91 19 2 21 116 7 381
537 0.86386898802301282 -1.8238844518830677 3.0294099220425483 166 148 132 0.6510296246281212 35 596 28 933 20 210 27 772 30 888 31 933 32 728 36 692 39 613 38 575 34 598 37 576 10 502 12 469 13 464 15 469 11 474 16 514 9 548 9 620 14 514 6 532 6 643 7 382 45 510 18 355 8 243 25 340 23 400 26 134 19 198 17 474
538 1.4261248705637486 -1.7611606238609783 2.9940749291532307 47 50 92 1.6130867005503167 35 597 28 936 27 773 20 45 30 891 29 959 31 934 32 843 36 693 39 614 38 576 34 599 37 577 10 430 10 431 12 399 13 393 13 394 15 393 15 394 11 413 16 450 9 463 14 124 6 226 45 294 18 2 25 36 23 35 26 29 17 5 19 13 3 118
540 1.5831861298299972 -1.7086261629621102 3.0148086208861087 36 25 21 1.1304369066572109 35 601 28 939 27 777 30 894 29 962 31 817 32 735 36 696 39 618 38 578 34 604 37 581 10 436 20 51 12 406 13 401 15 398 11 416 16 517 9 553 14 524 6 444 7 386 8 181 19 203 3 244
541 1.3941256158112574 -1.7025948944217728 3.0369837183236159 33 38 78 0.53133555790558973 35 688 28 940 30 984 31 939 36 697 38 580 37 582 37 677 10 567 12 531 16 567 9 680 14 602 8 323
542 1.0343479254159766 -2.6192368298182584 2.5829850192804891 176 152 118 0.51120773434831845 35 692 28 945 27 783 30 898 29 963 31 942 32 847 36 793 39 718 38 686 34 698 37 679 45 434 18 500 25 515 23 576 26 437 17 378 19 406 40 182
543 1.0331650608440388 -2.6198546281383148 2.5826679405636361 176 152 118 0.37092350418219289 35 693 28 946 27 784 30 899 29 964 31 943 32 848 36 794 39 719 38 687 34 699 37 680 45 435 25 516 23 577 26 438 33 271 44 189
544 0.91506003020680116 -2.5706769256771254 2.6220172338257668 175 151 116 1.2406999655541173 35 697 28 948 27 788 30 903 29 967 31 945 32 851 38 691 10 469 12 438 13 437 15 436 11 449 16 476 9 581 14 455 6 583 18 501 8 201 25 446 23 504 17 314 19 487 21 267
546 1.2612686782545712 -2.5649741720120187 2.5818770081721314 103 56 101 0.81121260745151769 35 696 28 951 27 791 30 906 29 970 31 948 32 850 20 408 36 797 39 724 38 690 34 702 37 685 10 206 20 409 12 182 13 183 15 168 11 210 16 15 9 331 14 316 6 302 7 208 45 436 24 168
549 1.2969227657696683 -2.5576346211291008 2.579644901152701 174 151 122 0.45720720520552849 35 615 28 954 27 793 30 908 29 972 31 845 32 768 36 705 39 634 38 598 34 613 37 598 18 420 40 177
550 1.2971869739016324 -2.5576162799898774 2.5838793600812076 174 151 122 0.33658363991595003 35 616 28 955 27 794 30 909 29 973 31 846 32 769 36 706 39 635 38 599 34 614 37 599 45 323
551 1.0471100623940321 -2.5333696530368406 2.6320457585192414 175 150 120 0.077440377834776419 35 621 28 956 27 802 30 913 29 978 31 953 32 855 36 712 39 639 38 605 34 619 37 606
552 1.0464725455041912 -2.5329706468504294 2.6303842115328977 175 150 120 0.20709453051350762 35 622 28 957 27 803 30 914 29 979 31 954 32 856 36 713 39 640 38 606 34 620 37 607 10 470 12 440 13 440 15 438 11 450 16 477 45 440 8 203
553 1.1658350733068557 -2.5265302563614398 2.6182693065747711 174 149 118 0.5340490828480684 20 401 28 962 27 805 30 917 29 982 31 956 32 858 36 799 39 644 38 612 34 623 37 612 18 322 25 503 23 559 26 426 17 356 19 403 44 195
554 1.2911735059311917 -2.5156849952178657 2.5962055377861657 174 150 116 0.52103961101994845 35 699 28 963 27 806 29 983 31 957 32 859 34 704 37 688 23 545 25 495 26 417 17 342
555 1.2916387136981631 -2.5194296338581932 2.6079397809702209 174 150 116 1.5018256942675547 35 700 28 964 27 807 20 406 30 991 29 984 31 958 32 860 34 705 37 689 16 526 9 43 7 331 8 202 24 276 21 344
556 1.0178623675321847 -2.4245113992099228 2.6955835916732176 175 150 119 1.1881209702753865 35 631 28 966 27 810 30 794 29 873 31 858 32 783 36 721 39 648 38 617 34 631 37 618 12 214 10 243 13 218 15 211 11 241 16 271 16 65 9 359 7 59 33 216 8 280 19 385 21 143 3 37 3 352 40 258
557 1.4586742786129407 -2.3669608016471808 2.6565555914565553 174 151 120 1.5392265701891208 35 704 28 971 27 814 30 921 29 990 31 963 32 865 36 805 39 732 38 623 34 708 37 621 16 267 14 194 6 63 7 41 45 483 33 413 18 477 8 277 23 437 23 541 25 240 17 336 19 128 24 272 21 152 21 297
559 0.87076134894856061 -2.3235836720148075 2.7727503129559001 106 76 88 1.3019440677353638 35 640 28 976 27 821 30 929 29 888 31 869 32 792 36 729 39 657 38 628 34 645 37 626 10 265 12 60 13 235 11 82 16 297 45 455 33 312 18 403 19 261 19 263 24 333 40 226
560 0.70541908801480657 -2.3158478378165213 2.7917728382848934 151 121 121 0.40014990245713683 35 706 28 977 27 826 30 931 29 997 31 969 32 869 36 807 39 670 38 701 34 710 37 640 10 476 13 443 15 446 11 377 9 515 14 467 6 499 7 343 45 491 18 410 8 146 19 367 19 442 21 300
561 0.70554846431731089 -2.3158683338526767 2.7920045930159736 151 121 121 0.4239903821631304 35 707 28 978 27 827 30 932 31 970 32 870 36 808 39 671 38 702 34 711 37 641 10 477 13 444 15 447 9 516 14 468 6 500 7 344 45 492 18 409 19 441 21 301
562 0.82557824713149919 -2.3223544001270304 2.7807412513823744 145 121 117 0.2246210551226043 35 647 28 979 27 820 30 930 29 995 31 968 32 802 36 728 39 663 34 650 37 639 25 458 23 526 26 392 17 324 24 339
563 1.1991430178533837 -2.3083214357963344 2.7196567090767561 143 114 119 1.630943465132209 20 379 28 982 27 828 30 817 36 735 38 640 10 251 12 218 13 223 16 280 7 439 14 552 45 445 21 162
564 0.85659972230759351 -2.2989823652047576 2.7845979626773829 177 154 122 1.1921079172650293 20 251 28 986 30 937 31 971 36 742 13 349 10 381 12 355 15 348 20 90 11 378 16 412 9 375 14 346 9 517 6 354 45 456 40 265
565 1.0044576902785316 -2.1735978117673525 2.820181150583343 149 39 35 0.88375251891134354 35 656 28 993 27 842 30 947 29 1014 31 983 32 886 36 751 39 682 38 646 34 722 37 648 12 244 15 69 15 350 11 265 14 352 6 364 7 248 45 459 33 422 18 383 25 524 23 583 26 445 17 379 24 394 40 269 22 236 44 210
567 1.3197590012205043 -2.1220837150811325 2.8046731237804599 104 71 44 0.8893416350456318 35 658 28 997 27 845 30 950 29 1020 31 989 32 891 36 756 39 747 38 648 34 659 37 651 10 387 12 358 13 353 15 353 11 268 16 312 9 386 6 138 7 561 18 368 25 498 23 550 26 420 19 251 21 188 3 62 3 414
569 1.2550224778296226 -2.1047320612848819 2.818452418156443 177 164 157 1.2283441418820709 20 368 35 722 28 999 27 899 30 1019 29 1023 31 992 32 893 36 823 39 749 38 712 34 727 37 704 10 486 12 452 13 448 15 453 11 383 16 495 9 524 14 477 6 503 6 610 7 458 45 458 18 458 23 554 26 322 23 457 17 244 19 365 24 378 21 282 3 204 40 267
570 1.3241092717550083 -2.0901877524760843 2.822834961968093 178 142 98 1.5660942732115557 35 660 28 1001 27 847 30 953 29 1024 31 993 32 896 36 757 39 687 38 651 34 661 37 654 10 389 12 361 13 259 15 356 20 98 11 384 16 417 9 526 6 372 7 351 45 372 18 365 25 267 23 321 26 229 19 248 24 195 21 319 3 64 40 229
572 1.2132207603714835 -2.0481634078354563 2.8650618894915105 183 167 153 1.392390488193302 35 665 28 1006 27 853 30 960 29 921 31 904 32 815 36 762 39 416 35 189 38 188 38 656 34 405 34 666 37 188 14 490 9 698 7 520 45 382 33 116 25 405 23 469 26 333 17 255 3 417 40 235
573 0.66764983543495426 -2.0282197930063361 2.9481303223650346 112 83 75 1.0723819297837123 35 667 28 1008 27 856 30 963 29 925 31 909 32 820 36 765 39 692 38 659 34 669 37 662 10 492 12 460 13 372 15 460 11 398 11 466 16 503 9 605 14 496 6 626 7 370 18 464 23 422 25 359 26 175 19 339 20 214 24 260
577 1.2469324111255717 -1.9007289019235705 2.9342137136437425 168 145 115 0.72429507275525029 35 736 28 1020 27 870 30 976 29 1042 31 1009 32 915 36 837 39 711 38 672 34 682 37 716 10 496 13 460 15 465 16 505 9 612 14 506 6 524 7 372 18 239 8 310 19 347 24 429 21 329 40 285
578 1.5106745097725063 -1.7933710134387124 2.9652018468778851 61 46 48 0.61605140796320368 35 683 28 1026 27 874 30 979 29 1044 36 784 34 687 10 561 16 560 9 621 14 515 6 642 7 486 18 233 3 307
579 1.4509312046211382 -1.7431217101077523 3.0078484823696581 157 159 170 0.37200295512317755 35 685 28 1028 27 774 30 892 29 960 31 935 36 785 39 617 34 602 34 689 15 530 45 411
580 1.4875392898956736 -1.7444963435971557 3.0008334772176029 35 44 83 0.67571753871387741 29 1089 35 780 31 1054 32 952 36 882 39 802 38 769 34 777 37 751 10 603 13 560 16 609 24 387
582 0.92046962752807038 -1.7316018117472478 3.0754140879975562 18 14 10 0.90617759001335707 35 687 28 1031 30 982 29 1046 31 1015 32 846 36 789 34 693 14 402 6 541 7 392 45 478 3 311
583 1.5545753698582467 -1.7150048256321977 3.0136445578798874 150 107 66 0.91407997259401763 20 346 35 741 28 1032 27 876 30 983 29 1047 31 1013 32 921 36 787 39 715 38 680 34 691 37 675 10 506 12 529 13 518 15 533 11 477 16 563 9 627 14 523 6 647 7 494 45 412 8 245 19 338 3 319
584 1.4907067047229954 -1.661023332429163 3.0585903786948783 26 36 72 1.4945808907239464 35 689 28 1033 36 790 34 694 14 420 9 287 6 459 28 813 7 301
586 1.2358301179693767 -2.4256619898263541 2.6538558045143925 174 151 120 0.86444074650596525 35 752 28 1041 27 880 30 997 29 1058 31 1024 32 928 36 855 39 775 38 739 34 752 37 727 45 482 33 412 17 347 40 254 22 199
587 1.2365010494547253 -2.4276008547049464 2.6559732219758478 174 151 120 1.4667392779551454 35 753 28 1042 27 881 30 998 29 1059 31 1025 32 929 36 856 39 776 38 740 34 753 37 728 16 581 14 617 25 389 23 456 26 321 17 346 24 20 22 200
588 0.76826263715734144 -2.3943794194151833 2.736170367282504 174 151 119 0.77318099006597352 35 703 28 1043 27 882 30 1000 29 1061 31 1028 32 930 36 804 39 731 38 697 34 709 37 693 12 493 15 443 11 494 45 488 18 485 18 531 21 293
590 1.2148633001951654 -2.2771515696774198 2.7337215607056797 172 151 123 0.32249357373777165 35 708 28 1045 27 884 30 1002 29 1062 31 1029 32 871 36 809 39 733 38 703 34 712 37 694 10 379 45 486 18 475 26 519 17 459 40 295 22 326
591 1.2151843995681557 -2.27713356357093 2.7333867238833265 172 151 123 0.44583128363039898 35 709 28 1046 27 885 30 1003 29 1063 31 1030 32 872 34 713 10 380 6 347 45 487 18 474 25 606 23 661 26 520 17 458 40 296 22 325 44 275
593 1.0129442295520352 -2.2088739640516479 2.8062896009184066 176 158 141 0.61268674342193863 20 365 28 1054 27 837 30 1010 29 1011 32 880 39 678 14 229 23 663 17 466
594 0.6390061448912322 -2.1658604163110735 2.888534400712226 115 94 94 0.91486053902446585 35 555 28 1055 27 595 27 895 30 1015 29 1015 31 986 32 889 36 752 39 684 38 530 34 555 37 649 45 544
595 1.6040373997848811 -2.1664623082542431 2.7545099499065846 41 56 31 0.91542743368765589 35 762 28 1056 27 894 30 1014 29 1071 31 1036 32 935 36 863 39 783 38 748 34 760 37 736 45 449 18 455 25 486
596 0.89606587781733305 -2.1452072554499151 2.8520291377924152 111 76 44 1.2190602052723225 35 721 28 1058 27 897 20 355 30 1017 29 1017 31 988 32 890 36 822 39 746 38 711 34 726 37 703 10 388 12 359 13 355 15 355 11 382 16 418 9 388 14 246 6 373 7 101 45 502 33 425 18 471 8 54 25 584 23 588 26 122 17 471 19 362 24 401 3 59 44 155
597 0.91665347879589754 -2.1051589653067344 2.8655575201250754 179 170 160 1.1413757474904487 35 723 28 1059 27 900 30 1020 29 1075 31 1039 32 895 36 825 39 750 38 713 34 728 37 705 10 391 15 357 14 355 6 375 18 467 25 581 23 636 26 496 17 443 44 213
598 0.85653896160656673 -2.0744907266378041 2.8907482817190737 172 152 135 0.96334949833241745 35 725 28 1060 27 902 30 1021 29 1076 31 1040 32 939 36 868 39 786 38 751 34 764 45 468 25 586 23 641 26 501 17 446 22 225 44 240
603 1.4549234057125533 -1.970220570838658 2.8784707850468814 133 51 56 0.85144104984997238 35 732 28 1067 27 910 30 1030 29 1030 31 1000 32 906 36 832 39 756 38 720 34 735 37 711 10 548 12 512 13 499 15 517 11 517 16 548 9 668 14 586 6 684 7 470 45 381 33 429 8 303 25 553 23 609 26 416 17 335 19 434 24 419 3 375 22 337
605 1.4255763005879261 -1.8172944972501053 2.9644832579534794 56 46 47 0.74099245509933997 20 431 35 776 28 1070 27 916 30 1069 29 1086 31 1053 32 949 36 879 39 798 38 765 34 774 37 747 10 560 12 564 13 558 15 568 11 530 16 604 9 676 14 667 12 612 6 692 6 737 7 535 7 585 18 510 8 350 8 398 19 497 3 436
606 0.77122665242511002 -1.7617699593697593 3.0833302279084962 22 18 17 1.6051576345359655 35 740 28 1073 27 875 30 1036 32 920 36 844 39 714 38 679 34 744 37 719 10 505 13 467 15 476 11 415 15 396 14 521 23 675 26 462 3 117
607 0.69811122488924415 -1.7085716688215866 3.1244789149845893 46 35 33 0.79595785488842252 35 742 28 1074 29 1091 31 1057 32 922 36 845 39 765 38 731 34 746 37 720 12 533 10 513 13 522 15 481 11 481 9 629 14 411 6 553 7 410 8 259 3 317
608 0.69940239914198343 -1.7084747974048713 3.1247108931986158 46 35 33 0.82801716795711122 35 743 28 1075 27 923 30 1038 29 1092 31 1058 32 923 36 846 39 766 38 732 34 747 37 721 15 482 10 514 11 482 14 412 6 554
609 1.1989094682807602 -2.4923841243636411 2.619562765050774 81 41 71 1.0202901662428749 35 748 28 1079 27 927 30 992 29 1055 31 1023 32 927 36 853 39 773 38 737 34 750 37 725 45 442 33 442 18 311 18 564 17 489 40 250
611 0.90480299239075179 -2.069945081750967 2.8848675914127822 47 34 28 1.6604436001532981 35 801 28 1089 27 937 30 1056 29 1103 31 1074 32 970 36 906 39 829 38 791 34 802 37 778 10 544 20 510 12 509 13 495 15 514 11 513 16 545 9 600 14 488 6 618 7 466 45 523 33 449 18 520 8 216 23 667 25 609 26 524 17 469 19 471 24 466 21 320 44 276
613 0.98871878361226262 -1.9710497499657409 2.929726798730496 83 67 59 1.1808871715868214 35 766 28 1092 27 941 30 1061 29 1105 31 1044 32 941 36 869 39 789 38 754 34 766 37 739 10 550 12 514 13 502 15 520 11 519 16 553 9 607 14 588 6 628 7 478 45 504 18 452 8 307 17 467 19 420 24 494 3 372 40 306
614 0.94869758822751327 -1.9156863878246422 2.9658335905787787 174 156 139 0.44268665963295861 35 769 28 1094 31 1080 36 872 39 791 38 758 34 769 37 741 45 528 19 465
617 1.2038328504156526 -1.8573553815021131 2.9654591752865431 171 153 139 0.46876191384817301 35 772 28 1098 30 1065 29 1084 31 1049 32 945 38 760 34 771 10 599 12 561 13 555 15 565 11 561 16 603 9 673 14 633 6 688 7 534 8 349 19 469
618 1.0566546945990489 -1.8454602989840005 2.9904298379372727 100 68 56 0.42596365235502376 20 420 35 774 28 1099 27 945 29 1085 31 1051 32 947 36 877 39 796 38 762 34 773 37 745 10 601 12 563 13 557 15 567 11 563 16 606 9 674 14 595 6 691 7 537 45 509 33 459 18 512 8 352 19 416 24 470 3 383 40 308 44 252
619 1.1486029077074216 -1.8411671766884743 2.979883723901017 125 78 58 0.84737138995056904 35 775 28 1100 27 915 30 1033 30 1068 29 1110 31 1052 32 948 36 878 39 797 38 763 34 740 37 746 10 559 12 524 13 511 15 528 11 529 16 559 9 619 14 596 6 640 7 485 45 507 33 458 8 316 17 428 23 622 26 480 19 337 20 337 21 369 40 307
620 1.3849826409846957 -1.7344083301021218 3.0140263085540249 116 119 126 1.5164584753823231 35 781 28 1102 27 949 20 340 30 1072 29 1112 31 1084 36 883 39 803 38 770 34 779 37 752 10 563 12 526 13 515 15 473 11 476 16 612 9 624 14 600 6 645 7 493 45 529 18 442 8 321 19 414 3 390
621 0.89878085895916715 -2.6519395499625547 2.5761327696064509 174 149 118 1.010362601460326 20 526 35 786 28 1104 27 950 30 1073 29 1116 31 1059 32 956 36 887 39 808 38 777 34 783 37 759 10 572 13 525 15 538 11 537 14 608 45 534 33 491 18 571 24 451 3 402 40 337
622 0.90088478112339554 -2.5144629463369239 2.6557180553071884 169 144 114 1.335133005510168 35 787 28 1108 27 953 29 1120 31 1063 32 926 36 892 38 779 34 789 37 790 45 514 18 585 40 313
623 1.0005256270739646 -2.2847977473369148 2.7790455739284421 169 156 136 0.62788996689782595 35 792 28 1111 31 1089 36 895 39 816 38 782 34 791 37 765 33 498
624 0.8399464895671831 -2.1495113827067223 2.8594972448578884 153 123 78 1.0955555668277404 35 795 28 1113 27 962 30 1082 29 1127 31 1092 36 901 39 824 38 785 34 796 37 771 45 521 33 468 25 658 23 716 26 571 17 515 22 348
625 0.86239447092835053 -2.1023274446595828 2.8813453561659217 173 157 141 0.87784304937114699 35 798 28 1119 27 966 30 1085 29 1101 31 1073 32 967 36 903 39 826 38 788 34 799 37 775 10 590 12 552 13 546 15 556 11 512 16 594 9 662 14 577 18 557 8 300 19 503 21 317
626 1.3944900067409134 -2.0638213391183746 2.8321078125850527 172 139 98 0.70764491384530293 35 799 28 1121 27 967 30 1086 29 1131 31 1095 32 968 36 904 39 827 38 789 34 800 37 776 45 498 33 473 18 550 21 385 40 302
628 0.96524758421232582 -2.0277096290596375 2.8964366498666765 166 150 136 0.6828160411995291 35 815 28 1124 27 989 30 1089 29 1134 31 1099 32 989 36 921 39 847 38 809 34 825 37 795 45 546 33 508 25 651 19 501 40 327 22 350
629 0.82619550462525448 -2.01238485110132 2.918219230393273 172 139 95 0.47191126203170269 35 802 28 1125 27 969 30 1090 29 1135 31 1100 32 990 36 907 39 830 38 792 34 803 37 779 33 475 23 698 26 557
631 1.2573010046871922 -1.8081782142799963 2.9881239933753281 160 135 106 0.84895445090005972 35 807 28 1130 20 508 27 974 30 1095 29 1139 31 1082 32 976 36 913 39 838 38 798 34 810 37 785 12 589 11 592 14 666 45 527 33 484 25 631 23 690 26 546 17 488 24 512 40 349 22 374 44 324
632 1.3298608785571366 -1.6463345409657049 3.0938451194918408 3 7 8 0.76241776236742875 35 809 28 1131 27 975 29 1114 31 1085 32 978 36 885 35 783 39 805 38 772 38 800 34 781 34 812 37 754 37 787 10 646 12 616 13 600 15 613 11 610 16 658 9 727 14 686 6 741 7 592 8 403 3 466
633 1.432199576006693 -2.6309467611544988 2.5293448973261983 175 148 119 0.82780536906378555 35 826 28 1137 27 980 30 1102 29 1142 31 1109 32 996 36 932 39 855 38 818 34 814 37 804 10 629 12 596 13 581 15 593 11 599 16 638 9 732 14 678 6 727 45 551 33 513 8 387 21 391 3 458 40 355
634 1.3116038262838319 -2.4978965716845374 2.6019586585610184 171 148 116 0.67758600723714468 35 789 28 1141 27 955 30 1108 29 1122 32 982 36 916 39 812 38 803 34 819 37 789
635 1.3116038262838319 -2.4978965716845374 2.6019586585610184 171 148 116 0.67758600723714468 35 788 28 1142 27 954 30 1109 29 1121 32 981 36 917 39 811 38 802 34 818 37 788
636 1.4144293343699108 -2.2314782854157102 2.7309830428934845 76 51 39 0.70353844151774936 35 838 28 1145 27 984 30 1113 29 1149 31 1117 32 1007 36 941 39 867 38 829 34 841 37 815 33 499 18 596
637 1.4161761901790237 -2.2325538109234841 2.7387581786025579 76 51 39 1.022775008015361 35 839 28 1146 27 985 30 1114 29 1150 31 1118 32 1008 36 942 39 868 38 830 34 842 37 816 45 558 33 500 18 595
638 1.2905390400224475 -1.8702350801551555 2.9454773588249514 93 72 52 1.2174008975357573 35 821 28 1151 27 992 30 1120 29 1157 31 1103 32 992 20 511 36 925 39 850 38 813 34 830 37 799 10 641 12 611 13 593 15 607 11 590 16 652 9 723 14 665 6 736 20 533 45 547 33 510 18 544 8 377 25 649 23 711 26 565 17 511 19 499 21 390 3 434
640 0.77335653987360808 -2.6428457320081029 2.5978841507065278 173 148 118 1.1725280631050874 35 828 28 1154 27 978 28 1135 30 1100 29 1140 31 1107 32 998 36 930 39 857 38 820 34 816 37 806 10 631 12 598 13 583 15 595 11 597 16 640 9 730 14 677 6 749 7 597 33 515 8 406 21 400 3 457
641 0.77483662863163372 -2.6429843594969453 2.5965113566594709 173 148 118 1.0950819590923473 35 829 28 1155 27 979 28 1136 30 1101 29 1141 31 1108 32 999 36 931 39 858 38 821 34 817 37 807 13 584 11 598 16 641 9 731 6 750 45 555 33 516 8 407
642 0.85060108648156219 -2.5812773759965211 2.6223375818557284 94 44 92 0.50835242034995398 20 559 35 833 28 1156 27 995 30 1123 31 1115 32 1003 36 937 39 862 38 825 34 837 37 811 10 632 12 599 13 585 15 596 11 601 16 642 9 711 14 647 33 520 18 605 19 548 24 505 21 393
643 0.98292070743709359 -2.4725080961006261 2.6739214499723873 168 136 148 0.64976338258485233 35 835 28 1159 27 997 30 1126 31 1127 32 1005 36 939 39 864 38 827 34 839 37 813 45 579 33 523 19 546 20 558 24 502 40 362
644 0.93095305294226915 -2.3400022678617676 2.76052255764453 169 144 119 0.78996827944276127 35 836 28 1161 27 998 30 1127 29 1160 31 1128 32 1015 36 940 39 865 38 828 34 840 37 814 45 580 33 524 33 532 18 600 40 376
645 0.94011167452206612 -2.2474591018450853 2.795011835560314 165 155 144 1.2310193014789819 35 837 28 1162 27 999 30 1128 29 1161 31 1129 39 866 10 617 12 603 15 581 16 623
646 0.65997794977908952 -2.0885039927241658 2.930177579843575 21 20 18 0.91818378386171517 35 843 28 1167 27 1002 30 1131 29 1162 20 549 31 1122 32 1011 36 946 39 872 38 834 34 845 37 820 45 567 33 527 19 543 40 373
648 1.0729226807393795 -1.9068845033488295 2.9621094257183245 168 154 143 1.0153818194713835 35 847 28 1173 27 1007 30 1139 29 1167 32 1018 36 950 39 876 38 838 34 850 37 824 45 582 33 538 25 675 23 734 26 586 17 534
649 0.82360034585613784 -2.4795602884429875 2.6815512827147119 168 145 113 0.82789521512829389 35 848 28 1176 27 1009 30 1142 29 1168 31 1133 32 1022 36 951 39 877 38 839 34 851 37 827 45 587 33 540 40 379
650 1.3976339446908375 -2.4610135965110902 2.631280522292033 170 145 114 0.50991052228770573 35 849 28 1178 27 1010 30 1143 29 1169 31 1134 32 1023 36 952 39 878 38 840 34 852 37 828 45 586 33 541 40 378
651 0.6927416216831942 -2.7716732944361295 2.5083629663010689 24 23 21 0.6672544778688928 28 326 27 2 36 6 37 266 26 136
653 0.68704817379335592 -2.7187375726520937 2.5797976297619556 55 50 47 0.040856215221225796 20 166 27 15
654 1.1207565344889352 -2.6354362823291617 2.5628138572780443 83 49 64 0.14822355471810206 28 27 27 22 29 33 31 23
655 1.1218952082086722 -2.6370679356178672 2.5686429017597159 83 49 64 0.34873779350886353 28 28 27 23 30 277 29 34 31 22 32 27 36 13
656 1.1315745992874382 -2.6285356330025333 2.5653157774549191 177 144 138 0.19821195751871551 28 32 27 26 30 13 29 35 31 30
657 1.1311424638954648 -2.6280086378506771 2.5640535664481687 177 144 138 0.19660571852906919 28 33 27 27 30 12 29 36 31 29 32 32
659 1.1345395546497787 -2.620860689060212 2.5809314716423302 87 41 83 0.32482384999271874 28 37 27 33 32 41 38 22 16 13
660 0.91368009973523479 -2.6048196640501926 2.5943105002709306 173 146 131 0.12950846754853604 28 46 27 35 30 22
661 0.91368009973523479 -2.6048196640501926 2.5943105002709306 173 146 131 0.12950846754853604 28 45 27 36 30 23
662 1.287169839600147 -2.6267698218614557 2.608471730935833 85 40 77 1.594717980503443 28 52 27 37 30 775
663 1.1047096892682933 -2.6030366753750123 2.5745794995680531 182 147 161 1.3366528513083724 28 47 27 38 31 43 32 52 36 36 38 31 29 55
664 1.1418772698765516 -2.6003365858620899 2.5785496162154478 83 47 64 0.34912859287699166 28 57 27 40 32 56
665 0.83744884818927179 -2.5968348964613011 2.6153468538315785 179 153 142 0.17663740618641391 28 353 27 41 30 294 29 412 31 53 32 68 36 52 38 43 37 38
666 0.84027777584081675 -2.6008816495354949 2.6314122451459285 179 153 142 0.73194844557846006 28 354 27 42 29 413 31 54 32 69 36 53 38 44 37 39 45 57 40 116
667 0.86790539897078467 -2.6036114601334095 2.6237392701727678 183 149 151 1.4460508894514745 28 355 27 43 30 296 29 416 31 55 32 70 36 56 39 41 25 155 23 186 26 125
668 0.86790539897078467 -2.6036114601334095 2.6237392701727678 183 149 151 1.4460508894514745 28 356 27 44 30 297 29 417 31 56 32 71 36 57 39 42 25 154 23 185 26 124
669 1.3354102408397086 -2.5931696646825682 2.553149223628699 187 154 163 1.6126428113582505 28 61 27 47 29 57 29 60 31 48 32 58 36 41
670 1.3352311453069461 -2.5930247878492123 2.552559304166456 187 154 163 1.4211855174213837 28 60 27 48 30 555 29 58 29 59 31 47 32 59 36 42
671 0.98894562172443101 -2.5894972880528493 2.60753865927953 184 149 158 0.56299985229671079 20 175 28 59 27 50 30 302 29 62 31 58 32 79 36 60 34 47 10 16 12 19 13 11 15 17 11 20 16 239 9 31 14 13 6 30 7 12 18 196 19 314
674 1.3823659158565966 -2.5706532040266787 2.5629814299688327 181 150 150 0.35355144525025145 28 84 27 54 29 93 31 77 32 89 25 19 23 23 26 23 17 18 45 17
675 1.3815001383309766 -2.5689512889957471 2.5585211027907104 181 150 150 0.16591370808482248 28 85 27 55 29 94 31 78 32 90
676 1.1224966698239969 -2.5662713480446127 2.6015774529545093 87 42 85 0.056774864776803123 28 86 27 61 29 96 31 84 32 100
677 1.1226743595467954 -2.5665209410150949 2.6022186019811682 87 42 85 0.061880478805587627 28 87 27 62 29 97 31 85
678 1.0774534921830174 -2.566344467071294 2.6132864630006596 82 41 72 0.20973475490060778 28 88 27 63
680 1.0159333600968719 -2.5089608721883985 2.6441394548887884 181 152 150 0.58271240900281662 35 91 27 71 32 122 36 106 39 88 38 95 34 87 37 86 40 52
681 1.0734266342525896 -2.5029997822609635 2.6457216980146145 189 152 164 0.50199893140281204 28 106 27 72 36 107 16 46 9 49 19 133
682 1.0734266342525896 -2.5029997822609635 2.6457216980146145 189 152 164 0.50199893140281204 28 107 27 73 36 108 16 47 9 50 19 134
683 0.98409417709569125 -2.4931522628777558 2.6649410761409467 187 156 164 0.12471144085760551 28 108 27 74 29 125 31 118 36 115
684 1.1598413328947359 -2.4778925162852099 2.6461122714810013 81 38 74 0.39288875097975301 35 99 27 79 30 597 29 130 31 121 39 97 38 103 34 96 37 95 45 71 23 104
685 1.0973961095162013 -2.4654040901591863 2.6551791757721355 192 157 165 0.15314766989773665 28 116 27 81 29 135 31 123 32 133 36 119
686 1.0973961095162013 -2.4654040901591863 2.6551791757721355 192 157 165 0.15314766989773665 28 117 27 82 29 136 31 124 32 134 36 120
687 0.95850565206872695 -2.4597976307530511 2.6814308157675071 182 150 154 0.50216003421674571 28 119 27 85 29 137 31 126 32 138 36 125 10 41 12 42 13 37 15 36 11 50 16 57 9 56 14 23 6 56 7 51 18 164 19 105 21 17 3 25
688 0.95850565206872695 -2.4597976307530511 2.6814308157675071 182 150 154 0.50216003421674571 28 120 27 86 29 138 31 127 32 139 36 126 10 42 12 43 13 38 15 37 11 51 16 58 9 57 14 24 6 57 7 52 18 165 19 104 21 16 3 26
689 0.71152253087974515 -2.2452419201996392 2.8179622616900883 37 38 36 1.6790922011398988 20 69 28 158 27 113 30 100 28 156 29 179 31 178 31 182 32 203 36 170 34 139 45 260 40 232
690 1.5448771995207213 -2.1684453522236966 2.7577364827544479 142 163 122 0.39786177147182639 20 117 28 490 27 136 30 400 29 222 31 208 32 217 36 182 10 80 12 70 13 66 15 65 11 94 16 98 9 141 14 59 6 125 33 98 19 81
692 0.95470792224986445 -1.8445149959534248 3.0080609791208919 70 50 35 0.35135894068265716 20 212 27 225 29 337
694 1.54196708946136 -2.7108091825463347 2.453588217079739 26 26 24 0.79130464539611023 35 278 27 256 31 367 32 378 36 326 39 285 34 287 37 271 10 6 19 182
697 1.0525197438483522 -2.6346397063966096 2.5713051717541369 83 45 71 0.40327601117871198 28 331 27 259 31 24 36 14 39 18 38 14 34 16 37 15 25 89 26 80 44 18
699 0.93636686783882794 -2.6199827409046303 2.5954660994615852 171 145 120 0.1627322403035541 28 342 27 264 30 280 29 398 31 376 32 42 36 32 39 25
700 0.93409152198598011 -2.6164786923169694 2.5833703914139279 171 145 120 0.51445339506761845 28 343 27 265 30 281 29 399 31 377 32 43 36 33 39 26 40 31
701 1.3345155041608279 -2.608466053881358 2.541001364320489 88 45 85 1.6736177472606353 28 41 35 24 27 271 29 47 29 53 31 34 32 35 32 46 36 23 39 27 38 25 34 23 37 22 45 6
702 1.3334319411987026 -2.6085440773891944 2.536938296447107 88 45 85 1.7951192942446879 28 42 35 25 27 272 30 286 29 48 29 54 31 35 32 36 32 47 36 24 39 28 38 26 34 24 37 23 45 7 40 0
703 0.85183964901394393 -2.5966029460891469 2.6133612772959598 88 45 84 0.17188596367975664 28 55 35 43 27 273 29 415 36 55 38 45 34 45
704 0.85167962194283509 -2.5966393699893557 2.6134661302479225 88 45 84 0.14521171604118607 35 44 27 274 29 414 36 54 38 46 34 44
705 1.232601838227869 -2.5916942510949514 2.5776227263556337 87 47 81 0.15998405173744906 35 38 27 277 30 304 29 421 39 36
706 1.2488433401185335 -2.5860662010246114 2.581557198859362 175 143 138 0.36498009953207688 28 367 35 302 27 284 29 428 34 42
707 1.2463685439663064 -2.5825153672458212 2.5739238098820381 175 143 138 0.084649277868783845 28 368 27 285 34 43 37 40
708 1.0756392715718948 -2.5763580920781219 2.6019237841839629 176 146 146 0.16159938962502463 35 53 27 291 30 307 29 431 31 402 39 55 38 58 34 58 37 50
709 1.35558591156575 -2.5701077604484279 2.5598295288148294 89 43 85 0.085957218063872659 35 50 27 293 31 73 39 53 38 48 34 49 37 44
712 1.4097414926817493 -2.5365444672952715 2.5781056911539628 88 49 84 0.26769361230486682 35 78 27 322 29 458 31 107 36 90 39 77 38 73 37 63 25 14 23 298 26 209
713 1.1687459974953331 -2.5098928222984647 2.624020790306592 170 142 121 1.6020356341523441 28 417 27 329 29 465 20 527 34 85 37 340 19 518 24 450
715 1.1043993314238352 -2.4302661368070009 2.6735409828403873 84 45 75 0.5874218775090424 20 135 28 440 27 347 30 352 29 484 31 131 32 148 36 130 39 105 38 113 34 102 37 105 10 49 12 47 13 40 15 38 11 59 16 59 9 62 6 58 7 44 18 138 19 111
716 1.0829717279241091 -2.3951622431162551 2.680305769025781 108 82 84 0.54690054219354201 35 116 27 357 30 363 29 494 31 137 32 159 36 138 39 117 38 121 34 118 37 117 45 93 40 132
717 1.0829717279241091 -2.3951622431162551 2.680305769025781 108 82 84 0.54690054219354201 35 117 27 358 30 364 29 495 31 138 32 160 36 139 39 118 38 122 34 119 37 118 45 94 40 133
719 0.70050624238867387 -2.3519538271476832 2.770362144590611 27 26 26 0.16407780480393566 35 129 27 368 29 159 31 155
720 1.2529619657776485 -2.3075285275004949 2.7067776741313443 169 147 126 0.23749895925385611 35 130 29 518 31 493 32 183 38 137 34 127 37 129 27 370
721 1.2086883036525646 -2.258478721586743 2.7388035134281132 129 116 105 1.1995475521747594 35 136 27 380 29 173 31 719 32 191 36 623 38 142
722 1.506282319035714 -2.2290234720190005 2.7231965283548427 116 113 96 0.31433810658066724 35 140 27 385 29 191 39 137 34 136 37 141
723 0.89018516526851943 -2.185826603503461 2.8350972429027608 184 145 96 0.18775650694072793 35 153 27 393 38 157 34 155 37 152 23 388 25 160
725 1.4948567286572376 -2.1467165258986309 2.7761745497151877 138 133 112 1.641801598498384 28 497 35 157 27 401 30 642 29 552 29 750 31 732 39 158 39 392 38 161 34 385 37 384 10 88 12 77 27 145 13 74 15 67 11 100 16 105 16 307 9 145 9 383 14 240 6 129 6 130 14 235 18 262 19 76 40 68
726 0.71017452250087232 -2.1619707246895339 2.8817286547765502 25 16 17 0.259359829610256 35 168 27 402 29 225 31 224 32 227 39 168 38 170 34 170 37 165 23 234 26 167
727 1.5820369610202902 -2.1338722892378308 2.773422254588545 137 158 99 0.39845680227434099 28 717 35 166 27 409 30 644 29 559 31 530 32 492 20 267 36 452 39 166 38 165 34 159 37 161 10 385 12 357 13 352 15 351 11 381 16 415 6 602 15 509 7 450 8 293 19 376 3 63 3 291
728 1.5819985432664123 -2.1336605111999458 2.7725199492433856 137 158 99 0.32017060164581512 35 167 27 410 30 645 29 560 31 531 39 167 38 166 34 160 37 162 25 1
729 1.1901998261901459 -2.11425347075786 2.8183941947867353 161 148 132 0.22551536867048619 35 179 27 416 29 239 39 177 34 178 37 175
730 1.0176658142244916 -2.0723637798165817 2.8650590847901425 165 175 137 0.092810980413975674 35 187 27 423 29 254 39 188 38 183
731 1.3060712858739534 -2.0423686412364219 2.851137668391083 125 90 51 0.51605634431303726 35 420 27 426 30 660 29 582 31 549 39 195 34 411 37 189 10 119 12 98 13 99 15 94 16 142 9 177 14 79 6 161 17 32
732 1.3541201674101349 -2.0210816410008028 2.857779711360982 109 97 90 0.29887462410788768 35 193 27 427 30 434 29 585 31 267 32 520 36 224 34 197 37 192 16 328 9 405 14 256 7 257 18 249 25 42 23 46 26 36 19 44 24 305
733 0.87708572385385741 -2.0079756306154701 2.9229999890589822 155 130 106 0.16131705789828094 35 199 27 431 38 198 34 206 37 200
734 0.67893834251219076 -1.9884649410569688 2.9706223509529699 86 71 66 0.29597968295859844 35 206 27 438 32 292 36 235 39 205 38 204 37 209
735 1.192056208548651 -1.9608342319187861 2.9024828357073273 172 161 151 0.28466450267345389 35 208 27 441 29 289 31 286 39 211 38 205 37 211
736 1.3266367520857938 -1.9204016258565972 2.9122743809208713 184 157 140 0.10469278626532284 35 219 27 455 29 609 38 212 34 226 37 220
737 0.96526364474283644 -1.9146514946431057 2.9612626723026954 176 158 143 0.39905786500573964 35 225 27 459 30 456 29 305 31 586 32 310 36 254 39 228 38 220 34 233 37 224 23 170
739 1.1077643302516449 -1.8502538643793496 2.9792548745796932 177 156 139 0.4571720387144062 20 30 35 238 27 469 29 623 32 551 36 270 39 250 38 232 34 253 37 239 10 165 12 138 16 192 7 283
740 1.5213765706305542 -1.8133320510619253 2.9633669265247451 56 45 45 2.2206231256971667 35 244 27 476 32 339 36 276 34 445 12 145
741 0.87887514488431229 -1.7896474236401403 3.0467428220273751 98 89 84 0.39735787821627494 35 249 27 483 30 495 31 612 32 349 38 245 34 264 7 167
743 1.6210286423789024 -1.7293657101219513 3.0164307563648123 107 85 74 0.14003134797084196 35 251 27 489 29 355 32 361 34 266
744 1.6210286423789024 -1.7293657101219513 3.0164307563648123 107 85 74 0.14003134797084196 35 252 27 490 29 356 32 362 34 267
745 0.96408757819410451 -2.6368274724290219 2.5887479869640511 89 45 85 1.3243031251455566 28 625 35 280 27 502 29 387 28 329 31 369 32 379 36 18 39 287 38 259 34 288 37 273 10 9 13 4 15 10 11 13
747 1.3935410854460923 -2.6009151158467172 2.5426299171841338 87 41 83 0.72630031759198732 20 196 28 642 27 514 30 554 29 671 31 663 32 387 36 340 16 5 45 317 18 323 25 12 26 16 17 139 23 440 19 176
748 1.2144343594179401 -2.5876010766362625 2.5727579237276306 172 144 126 0.16030623762281046 28 646 27 521 30 561 29 675 31 669 32 609 45 26 40 19
749 1.2149198477564465 -2.5885068464587953 2.5753352652092651 172 144 126 0.21517653554673613 28 647 27 522 30 562 29 676 36 353 20 325 10 12 12 17 13 9 15 15 11 16 16 12 45 27 18 330 31 670 19 322 40 20
750 1.0018010654642309 -2.5033816950238608 2.6558982601143426 88 38 89 0.72388806476424261 28 677 27 560 23 147 25 110
751 0.66981655498502524 -2.190895446348017 2.8624011944226897 125 102 105 0.16751953629136462 35 391 27 589 31 513 32 486 36 449 34 384
752 1.0232948699606279 -2.1551934769666206 2.8100149929851157 177 158 139 0.54714270295521628 35 398 27 594 29 749 39 393 38 365 34 163 37 386 45 373 40 230
753 0.87438713955686731 -2.1219840847203164 2.8648845666019747 181 163 152 0.36832628894527408 35 557 27 597 29 753 38 534 37 537 17 208 25 163
754 1.470702622275698 -2.0434240582147813 2.8332708619501958 162 139 115 1.3623801116146825 20 257 35 414 27 615 36 466 34 407 10 399 13 358 13 363 3 210
755 1.1614149264739324 -2.0205990486922798 2.8804352976409917 88 81 41 0.37280954428333396 35 425 27 620 29 775 31 552 36 477 38 390 34 415 37 412 18 260 23 109
756 1.260796690001166 -1.9935491863963963 2.8808551451572617 161 165 109 0.12807264466990576 35 433 27 631 29 784 31 559 32 525 39 431 38 400 34 424 37 422 45 147
758 0.95132129673451815 -1.9722089849002451 2.9245704200328055 56 51 47 1.6309283371827088 35 442 27 635 36 236 34 429 37 429 16 435 30 189 9 199 14 373 6 403 7 132 25 317 23 374 26 272
760 0.68797756763103057 -1.8688139061753588 3.035651634235633 76 56 57 0.31589559475378631 28 780 35 585 27 654 29 804 31 791 32 717 39 455 38 425 34 446 37 441 23 536 26 408
761 1.3347097310161444 -1.7885199333753763 2.9919701042725708 81 76 73 0.81916301086607368 35 245 27 661 30 488 29 630 31 331 32 347 36 285 39 260 38 241 34 258 37 246 10 172 12 148 15 142 11 165 23 326 24 238
762 0.84114944798186919 -1.7370092787943852 3.0829728942784191 95 88 81 0.35572391920543217 35 472 27 665 30 738 29 826 31 814 36 532 39 470 34 462 12 405 13 399 15 397
763 1.0304392227041981 -1.7064581021154785 3.082220171751529 90 86 81 0.18736993309018316 35 476 27 669 30 513 29 641 31 628 32 737 36 544 39 479 38 447 34 471 10 448 12 412 13 406 15 401 11 427 9 477 14 297 6 450 7 400 8 255 3 239
765 1.005932371084812 -2.6328153518408954 2.5776440079205609 89 40 88 0.79923310735370701 28 815 27 681 30 763 29 844 31 830 32 754 36 699 38 467 32 595 34 492 45 320 33 268 25 426 23 488 26 357 17 292 24 183 21 3 40 180 22 171 44 127
766 0.91419065120242937 -2.6241067471681783 2.5956046209102124 162 144 109 0.67749851232114222 28 816 35 502 27 684 30 765 35 603 29 846 31 832 32 755 36 700 39 504 39 621 38 472 38 585 34 497 37 479 45 326 17 316 23 371 44 9
767 1.3564902902603335 -2.5822450123042273 2.5588608145595675 88 38 87 0.089295922048202622 35 510 27 686 30 780 29 679 31 673 28 650 32 611 36 580 39 510 38 477 34 502 37 485
770 1.2310948290396804 -2.4661136164393942 2.6362802031472294 172 150 121 0.79814615415247825 20 176 27 700 30 792 36 600 17 256 23 332 40 200 45 337 22 201
771 1.1185677403881629 -2.416285280902926 2.6837654604727059 171 146 117 0.81753887673202486 20 129 28 845 27 704 29 875 31 859 32 785 38 618 45 348 18 306 25 514 23 570 26 434 40 207
772 1.2714689005016082 -2.4069333841954479 2.6682613911036608 167 143 109 0.65198402971430258 35 532 27 709 30 604 29 724 31 705 32 642 36 608 39 534 38 503 34 533 37 510 10 51 9 70 14 195 6 62 6 496 7 231 45 342 8 205 3 197
775 1.5019940543123147 -1.9280173323269083 2.8961647692150225 56 45 44 0.33762916574179569 20 440 28 913 27 754 30 864 29 939 31 921 32 827 36 667 36 772 39 701 38 665 34 580 34 674 10 552 12 463 13 457 15 463 11 470 16 551 9 609 7 474 8 231 3 378
777 1.22350726752785 -1.8272963401959834 2.9793443032053122 151 109 63 0.9737014852553133 35 591 27 768 29 817 27 657 31 799 32 838 36 685 39 608 38 571 34 594 37 572 10 424 12 394 13 388 15 389 11 407 16 443 9 454 45 169 33 253 18 9 8 79 25 77 23 98 26 245 3 112
782 1.0128271647414238 -2.208159330057275 2.803311618670338 174 155 140 0.78920295049512923 20 366 28 1053 27 836 30 1009 29 1010 31 978 32 879 36 816 39 677 38 642 34 718 37 696 14 228 45 457 25 573 23 662 26 490 17 465 24 393 40 266 22 280 44 209
783 1.1492310650096191 -1.8781944666904866 2.9597451590346133 163 149 140 0.19224945204842858 20 343 27 872 16 507 19 341 24 433 3 225
790 0.83898116866469252 -2.2176839450178547 2.8163506550053548 169 164 160 1.2654764388585626 20 534 28 1112 27 961 30 1081 29 1126 31 1090 32 986 34 795 37 770 45 564 25 641 23 696 26 555 17 493 40 372
791 1.1844452132437397 -2.397072676478718 2.6816306085785739 120 94 84 0.93194390414266381 35 812 27 983 30 1111 39 843 38 806 34 821 37 792 45 556 33 217 18 581 25 663 23 722 26 576 17 520 19 517 40 363 22 395
792 0.8983669561377382 -1.9958279517498112 2.9247358745478365 165 155 143 1.6228944068416271 35 817 27 991 30 1119 36 923 39 849 38 811 34 827 37 797 45 569 25 666 23 724 26 578 17 525 24 523 40 375
794 1.3063475998492728 -1.7520391491811307 3.0221933750415797 30 23 20 0.57114141638468874 35 844 27 1003 30 1132 29 1164 31 1125 29 1158 32 1014 36 947 39 873 38 835 34 846 37 822 45 570 33 529 40 350
795 0.95260792291332996 -1.8572887262320215 2.9973893858905472 70 53 42 0.95004145711469568 35 773 28 1069 27 944 20 470 28 1096 30 1067 29 1109 31 1050 32 918 36 876 39 795 38 761 34 772 37 744 10 600 12 562 13 556 15 566 11 562 16 605 9 703 14 634 6 690 7 536 33 482 18 514 8 351 25 653 26 567 17 524 19 463 24 498 21 367 3 380 40 352 22 370 44 282
798 1.1811539491176555 -2.4817599091189693 2.6286561492416589 86 45 76 0.78617071055722998 28 112 27 77 29 127 32 127 38 101 37 94 17 59 40 251
799 1.2534670077898111 -2.4618966285517208 2.6288502159060991 183 155 148 0.29893173814276913 28 118 27 84 32 132
802 1.2708510258150894 -2.3903194731219837 2.6672935632195989 165 142 123 0.14625968064591488 28 135 27 94 29 151 31 146 38 128 34 116 37 124
803 1.2708510258150894 -2.3903194731219837 2.6672935632195989 165 142 123 0.14625968064591488 28 136 27 95 29 150 31 145 38 127 34 115 37 123
805 0.73300891029352455 -2.3416927305347368 2.7794572488939182 160 145 142 1.5548279506181895 28 138 27 100 30 81 29 515 36 151 39 127 16 85 18 143
806 0.91488135619218558 -2.3121175263511606 2.7620009848623197 97 66 79 0.39461755476804833 28 143 27 104 29 164 31 161 34 129 30 374
807 0.68007109753347905 -2.3077073373297945 2.8335983928043844 45 45 45 1.0415409809695413 28 149 27 106 29 165 31 164 36 158
808 0.72888176067863519 -2.2696903610293657 2.8442181843862948 27 22 24 0.68865428774548154 28 153 27 109 30 99 29 175 31 174 32 198 36 167 38 145 37 140 45 121
809 1.4347435364744898 -2.2455225590679735 2.7241790891888855 83 59 48 0.41411806128210188 28 471 27 111 30 101 29 177 31 176 32 193 36 440 39 133
810 1.1024136766888601 -2.2076755903669363 2.7819366535465271 187 164 143 0.13706299624939308 28 172 27 117 29 201 32 209
811 1.5307294552669786 -2.203129820470215 2.7291056793930024 32 35 15 0.14543932540741006 28 175 27 118 30 110 29 203
814 0.6270100310639638 -2.1987821637036808 2.8552615664374517 42 38 35 0.38536753021190084 28 177 27 127 30 394 32 218 36 183
815 1.5838031828872181 -2.1869824869332888 2.7412210147157525 15 35 10 0.65999433421925957 28 186 27 128 30 120 29 540 31 199 32 210 36 179 39 146 38 150 34 143 16 89
817 1.1170348279064586 -2.1914420517012241 2.7915603313283541 134 101 55 1.2652023774209866 28 183 27 130 30 395 29 208 28 178 31 197 31 201 32 212 39 150 38 155 34 148 34 381 37 148 10 76 9 138 14 55 6 123 45 249 18 91 23 111 17 70 21 81 40 147 22 32
818 1.2889564596926817 -2.1815018523219791 2.7789648840384342 92 57 23 1.6696405502342528 28 189 27 132 29 217 31 204 32 214 10 383 20 449 12 238 13 245 15 240 11 260 16 414 9 520 45 106 18 268 8 209 17 35 19 369 3 200
819 0.92901478920718528 -2.1829620004330423 2.8291935246079163 190 142 83 0.55543051515872932 28 482 27 134 30 638 29 541 31 515 36 187 39 152 37 153 25 147 23 177 17 106
820 1.2702656373072541 -2.1738738671499185 2.7838335123191649 155 113 63 0.90727388047841473 28 191 27 135 30 399 29 545 31 210 32 219 34 152 45 107 25 50 17 39 40 72
821 1.5789899224575559 -2.1631191250050503 2.7570675919980201 153 170 131 0.35033909574073036 28 199 27 139 30 130 31 212 16 99 9 143 6 126
823 1.3173462242082297 -2.142197394499886 2.7881025251533691 150 124 97 0.19330871852672887 28 205 27 143 30 137 29 231 31 225
824 1.3173462242082297 -2.142197394499886 2.7881025251533691 150 124 97 0.19330871852672887 28 206 27 144 30 138 29 232 31 226
825 0.80708064623211218 -2.1503454169544232 2.8751759081339054 141 104 52 0.29937280403086053 28 498 27 146 30 415 29 553 32 496
826 0.82553287221690519 -2.1456112993134835 2.8721305015068221 89 54 22 0.31655488380815894 28 207 27 147 30 142 32 238
827 1.3495077425355975 -2.1305540145129824 2.786849957255161 148 122 86 0.13570723588730876 28 213 27 149 30 143 29 234 32 233
829 0.86325694426802446 -2.1393535410878419 2.8594271779359044 106 77 46 1.6279501446409672 28 880 27 151 30 144 30 833 29 912 31 234 31 898 32 811 36 201 36 755 39 565 37 173 10 289 12 251 13 255 15 252 11 270 16 316 9 160 14 68 6 149 18 93 18 472 8 155 17 210 19 360 24 247 21 280 8 156 40 88
831 1.1142222152387371 -2.072332806389344 2.8583985413718804 126 149 79 0.28694449784791332 28 228 27 163 29 255 31 252
832 0.75839260909343886 -2.0781607938382645 2.9066198911176393 120 84 37 0.3719712832834442 28 519 27 164 30 425 29 253 31 255 32 264 36 464 39 189 38 185 18 90 25 350 23 220 26 156
833 1.1011828085205295 -2.0668266958790666 2.8569018938934376 66 90 36 0.28557572050033003 28 522 27 165 30 166 32 260 36 220
834 1.2379735500494462 -2.0602511082761681 2.8415566395161815 150 128 116 0.3283444648337609 28 230 27 167 30 168 29 262 31 256 31 257
835 1.1971888465910072 -2.0189611829178786 2.8726449153879807 55 39 13 0.31318749562000509 28 241 27 169 31 268
836 0.80583701097724836 -2.0239827618854966 2.9199233432927829 109 100 41 0.23757383377690666 28 239 27 170 30 435 29 270 31 272 32 279 38 193
837 1.1228272516727695 -2.0114349763607708 2.8918315265606696 132 34 34 0.99231824032727722 28 244 27 173 30 178 29 275 17 65
838 1.1643142459232185 -2.0056858508182742 2.8863542968571232 177 176 145 0.25293719080411947 28 246 27 174 30 180 31 274 32 282 36 229 12 103 10 126 13 103 15 99 11 119 16 157 9 191 14 85 6 170 7 123 19 30
840 1.4753584021340209 -1.9814664218517524 2.8675977204925593 168 134 117 1.2288814040790099 28 251 27 180 30 187 29 282 27 184 38 196 34 203 10 129 12 107 13 275 15 102 11 124 16 159 14 91 6 174 3 215
841 1.2383186018554229 -1.9791479209245524 2.881384841385497 123 127 80 0.22311337654304905 28 252 27 181 29 280
842 1.2399418758552003 -1.9802523734188746 2.8836782184626761 123 127 80 0.44309359598589843 28 253 27 182 29 281 31 279 30 446
843 0.80878744935175328 -1.9793300502977678 2.9481867548053389 183 153 124 0.61059560468362339 28 536 27 187 30 447 29 283 31 284 32 293 36 237 39 207 34 215 37 210 10 136 13 118 15 109 16 176 9 212 14 267 6 185 45 289 18 55 17 213
844 1.2369160683699474 -1.9708735147191283 2.8965777470497236 177 166 141 0.93619414786374355 28 256 27 189 30 450 29 285 31 283 18 592 21 405
845 0.97400238648322657 -1.9472362390018119 2.9418738781148988 188 167 156 0.46428892790341569 28 550 27 194 30 695 29 293 31 578 32 534 12 115 13 121 15 113 11 131 16 343 9 421 14 268 6 188 7 277 18 42 45 282 3 95 40 99
846 0.97380689604088899 -1.9480591493005264 2.9420939455134145 188 167 156 0.27157144643871389 28 551 27 195 30 696 29 294 31 579 32 535 20 216 12 116 13 122 15 114 11 132 16 344 14 269 6 189
847 1.3324775973432059 -1.9616670064856652 2.9728088980448142 174 120 78 0.85750646500663741 28 261 27 198 30 196
848 1.2622236231774149 -1.9263668652860666 2.9208163547437316 147 119 107 0.48147803241200687 28 263 27 200 29 302 20 59 32 305 39 221 12 278 16 175 9 218
849 1.1041545643252262 -1.9023172044411443 2.9508488492924712 154 136 117 0.71339108533616846 28 269 27 202 29 615 34 235 10 146 12 123 13 128 15 116 11 142 16 351 19 15
850 1.2564848234422519 -1.8857645404053298 2.9642280666834075 160 103 70 0.24895576512309861 28 275 27 205 29 317
851 1.3424900104936421 -1.8760566424813159 2.9410952797915693 83 64 32 0.9603171552628087 28 276 27 206 29 318 31 302 45 158 40 170
852 0.74354961593545332 -1.8868474679620861 3.0055364411574659 62 44 42 0.34048478069105009 28 566 27 207 30 465 31 306
853 1.4890685816958831 -1.8705419379654891 2.9309100060574322 149 131 129 0.58809700697116041 28 279 27 210 30 467 29 321 31 304 10 153 11 149 6 425
854 1.5335611691418831 -1.8664771723120481 2.9280150679172743 84 65 62 0.36091345228706651 28 282 27 211 30 217 29 323 31 308 32 317 38 224 34 241 10 156 13 134 14 106 6 198 8 73
855 0.6703304828379224 -1.8751740260219036 3.0342567518564594 75 50 49 0.38160273159450364 28 277 27 214 30 468 26 178 23 257
856 0.66827924514608461 -1.8636493955710129 3.0332878705008284 118 92 88 0.23741994986135553 28 285 27 219 31 317
858 1.4691890827363463 -1.8450329647160626 2.9435704196848689 149 140 133 0.52620466036650271 28 289 27 223 30 477 29 335 31 314 9 237 14 389 6 431 33 148
859 1.1371762802052077 -1.7906350264505879 3.015560363001117 118 77 38 0.35351242236893393 28 590 27 234 30 487 29 345 31 333 34 260 25 295 23 350 26 83
860 0.88173084973436067 -1.7221347410506767 3.0995201215504911 21 17 15 0.58573186804123656 28 307 27 243 29 359 31 345 45 190
861 1.3173244402592594 -1.7078534565523982 3.0403146307708786 24 17 14 0.72033999375213786 28 310 27 245 10 181 12 155 9 270
863 0.81162155792613777 -1.7137320546857744 3.100413917099039 102 96 90 0.18045522459434207 28 312 27 248 29 363
864 0.81186336265236192 -1.7141374811527841 3.102275852878805 102 96 90 0.14690295777774143 28 313 27 249 30 251 29 364 31 348
866 0.81849016221960491 -1.7036234140114479 3.1165547228357866 14 9 6 0.87432419112962156 28 316 27 251 30 518 9 479 16 574 14 415 6 555 7 409 8 260
867 1.2416938511835725 -2.504958374290716 2.6121990938905228 84 43 80 0.14267917505509278 28 418 27 330 31 440 32 439 36 101 45 49
868 1.2531934023555058 -2.4882095257910892 2.6215655703258784 176 147 134 0.13148672125649336 28 426 27 338 36 114 39 93 38 100 34 93 37 93
869 0.75775324466356531 -2.3540274926624285 2.7670500753665719 107 98 88 1.0076706903776727 28 460 27 369 30 620 29 158 31 154 31 712 32 651 36 150 39 126 9 100 6 346 7 81 19 372 20 369
870 0.92084860261573154 -2.2820182257400279 2.783834169927728 57 39 25 0.59573100948633906 28 465 27 375 30 629 31 167 36 160 45 109 25 149 23 178 26 113 17 308 24 235
871 0.92123487969366458 -2.282320805120778 2.7845688673475784 57 39 25 0.7856133380532313 28 466 27 376 31 168 36 161 45 110 25 148 26 112 40 73
873 0.81265768478993605 -2.2461606434202857 2.8201393228939673 45 37 35 0.81874595999389632 28 470 27 384 30 379 29 183 31 181 32 201 36 169 39 139 10 78 12 69 13 65 15 64 16 114 9 588 14 474 7 452 18 118 8 213 19 53 21 238 3 285
874 1.5183144593568778 -2.145476577070891 2.7734950698910397 42 64 21 0.3932823445522064 28 502 27 404 31 526 36 194 39 161 34 157 37 158
875 1.4282822075314516 -2.1168858685434691 2.7856520530018067 156 132 108 0.47497619594963481 28 720 27 415 38 176
877 1.4130664837090354 -2.0800722704618142 2.8174485077818083 141 102 57 0.55716743873395458 28 517 27 421 30 160 29 572 31 244 32 253 36 212 38 178 10 106 13 87 15 88 11 105 16 130 40 78
878 1.00799526023914 -2.059218738140324 2.8749771055572606 167 158 129 0.27539495596020241 28 523 27 424 29 263 38 186 34 194 37 186 18 64
879 1.0081928385338128 -2.0587632812218564 2.8750350676230276 167 158 129 0.36635048887558408 28 524 27 425 29 264 36 222 39 194 38 187 34 195 37 187 33 387 18 63
880 1.1418824289801892 -1.9906375227220194 2.8974334212752515 147 154 86 0.23133458454656264 28 533 27 433 30 443 31 561 25 92 23 115 17 60
881 1.2929000095992154 -1.9400715336142871 2.9084502802351677 139 55 52 0.55372145892501656 28 765 27 447 30 859 29 296 31 774 32 299 36 494 9 213 14 381 6 409 45 276 25 55
882 0.94151240622245225 -1.93345981435102 2.9476681643634222 175 155 138 0.4770960197870287 28 552 27 449 29 298 31 581 32 306 36 247 39 222 38 214 45 287 17 295
884 1.2880719196865742 -1.8450620027322515 2.9545051673780698 119 87 63 0.75582853894568192 28 288 27 470 32 334 36 268 39 249 38 231 34 251 37 238 10 157 12 135 40 98
885 0.66168650501685911 -1.8530248238868958 3.0474710638076004 107 77 75 0.6274870073387403 28 574 27 472 32 338 35 243 38 239 10 501 7 384 18 451 8 319 3 306
886 1.5539903927332444 -1.8092657927616642 2.9481744802136478 46 37 36 0.91605244623721593 28 580 27 478 32 555 36 274 18 349
887 1.1871873756203237 -1.7932776226744951 3.001244772502361 120 78 36 1.1547779911361271 28 587 27 481 30 486 36 284 33 155 25 285 23 340 26 248 22 193
891 1.2323155924818046 -2.5236811341351739 2.6081161504044323 168 145 112 0.21642481169526734 28 668 27 551 30 588 29 700 31 688 32 626 38 488
892 1.036544107034181 -2.4155620248785712 2.6948264583618045 171 144 115 0.26177050510416122 28 687 27 576 30 602 29 721 31 704 36 607 39 531 38 502 37 359
893 1.2112346806410403 -2.3486319718249877 2.7005748209000191 44 34 30 0.21180819820907743 28 692 27 581 30 613 29 510 31 485 32 466 36 429 40 138
894 1.2112346806410403 -2.3486319718249877 2.7005748209000191 44 34 30 0.21180819820907743 28 693 27 582 30 614 29 511 31 486 32 467 36 430 40 139
896 1.0216582393885778 -2.0176625576339844 2.8958495541983753 60 78 35 0.26980887035694701 28 741 27 626 29 776 32 522 36 480 39 427 38 394 37 416 23 149
897 1.5796389453335529 -1.9649045840227073 2.8666437364071893 56 43 40 1.3709341092630918 28 761 27 636 31 767 32 528 39 436 38 403 34 425 10 307 20 255 12 272 13 277 15 105 11 288 16 335 9 203 14 376 7 122 33 139 8 170 19 242
898 0.63766144122846757 -1.9517541684979562 2.9940716296359957 64 49 46 0.43934457110833186 28 763 27 641 30 698 29 794 31 776 32 704 35 215 34 229 19 7
899 0.64023686389283541 -1.9220811742770989 3.0123647916030709 76 57 55 1.1700861159863545 28 771 27 644 30 868 29 611 32 708 26 562
900 1.0705188438472784 -1.7062906300079013 3.0784506979090893 82 69 62 0.28416684404763837 28 608 27 671 30 745 31 624 14 409
901 1.5030530209367816 -1.6781084849037096 3.0357449323442451 25 20 27 0.43284371555706347 28 811 27 676 30 523 31 638 32 749 36 550 39 490 38 450 37 466 10 453 20 34 12 316 13 402 15 320 11 350 16 568 9 276 14 133 6 250 7 295 8 101 25 253 21 291 3 134
902 0.95526676196438087 -2.4235268088841662 2.7047461082536586 172 149 114 0.73916702940287549 28 844 27 703 30 795 31 857 32 637 39 529 38 499 34 532 10 244 12 215 13 219 15 212 11 63 16 273 9 75 14 197 30 358 6 71 7 63 45 354 18 317 8 28 25 525 23 584 17 388 19 274 21 29 3 353
903 0.77704245239459602 -2.2997133499976163 2.7941312984630802 170 150 124 1.2551914935095998 28 862 27 722 30 936 29 166 31 165 31 882 45 247 18 305 9 518 25 589 23 213 23 644 26 460 17 476 19 254
904 0.763429729071333 -2.2164812578570277 2.8488221819693984 122 101 96 0.91055602622336562 28 871 27 729 30 827 29 741 31 726 32 666 36 630 39 558 34 379 10 284 12 245 13 351 15 246 15 352 11 266 16 416 9 384 14 241 6 142 7 98 45 261 18 396 21 179
907 1.1369843925212217 -1.9291432912687405 2.9361490339853633 168 154 141 0.84496543686799963 28 911 27 755 30 970 29 941 32 830 39 702 16 438 45 398 18 245 25 567 23 571 26 482 17 430 19 210 24 431 40 286
908 1.1385242579779917 -1.9281090063746493 2.9359072040569076 168 154 141 0.92285020589243061 28 912 27 756 30 971 29 942 32 831 39 703 16 439 7 136 45 399 33 144 25 568 23 572 26 483 40 287
909 0.63889994827675467 -1.8873649544474593 3.0052254311127418 70 52 51 0.90475368928549782 28 1022 27 760 30 869 29 947 31 596 45 304
910 0.79904655483853704 -1.6607699464004426 3.1489490820868902 7 2 0 1.4961499392992819 28 944 27 781 30 530 31 356
911 1.1651836340179085 -2.5261495981085673 2.6191432410516393 172 145 117 0.28719598504172644 28 961 27 804 30 916 29 981 31 955 32 857 36 798 39 643 38 611 34 622 37 611 17 357
912 0.73762865780029452 -2.3977153089240191 2.7359496082405501 38 31 25 1.1449738258281461 28 970 27 813 30 999 29 988 31 1027 32 864 36 803 39 730 38 696 34 635 37 692 10 530 12 494 13 533 15 547 11 493 16 482 16 584 9 647 14 36 14 550 6 669 7 556 18 532 8 367 23 645 19 448 20 446 31 1065 21 348 3 407
913 1.0046439185426166 -2.3369230043258282 2.7422903992759946 173 147 117 1.1010942268721366 28 974 27 817 30 926 29 993 31 965 32 867 36 725 39 653 38 699 34 638 45 450 25 523 23 582 26 444 17 380 24 313 40 223 44 149
916 1.1498945510687879 -2.1753547225607095 2.7941892820280341 152 115 70 1.3197126440187694 28 874 27 840 30 830 29 905 20 96 31 893 32 807 38 525 10 280 12 239 13 67 15 242 11 95 11 261 16 110 9 139 45 371 17 353 17 354 23 563 26 429 23 562 26 428 19 54 24 92 21 83 40 227 22 250 22 251 44 215
917 1.3796811015845378 -2.0294906436072937 2.8525375552959797 159 117 61 1.3495968947101618 28 893 27 855 30 962 31 906 36 650 16 148 14 81 45 378 7 111 18 252 17 137
918 1.1580547387066342 -1.9482544482599256 2.920889284231285 75 65 57 0.76757158859677999 28 1015 27 864 29 1036 32 911 45 395 23 481
922 1.4809783344200531 -2.2120585708015965 2.7417156463811261 139 136 119 1.1323437896725099 28 1088 27 933 30 1051 29 1099 31 1072 32 964 36 899 39 822 38 783 10 587 20 523 12 547 13 542 15 552 11 551 16 588 9 694 14 622 6 674 7 511 8 337 19 511 21 355 3 361
924 1.5543713350454273 -2.1373294069191764 2.7620978819859565 103 126 81 1.4702024671779599 28 1114 27 963 29 1128 33 424
925 1.013623553455518 -2.1342540531538985 2.8372214855969959 174 165 156 0.94297176176138298 28 1116 27 965 30 1084 29 1130 31 1094 37 773 45 541 33 470 25 634 23 692 26 548 17 490 40 322 22 351 44 320 24 487
929 1.6237692442708744 -1.934689382012396 3.0402014982730416 57 39 37 0.87269541620570323 28 1174 27 1008 30 1140 29 1166 31 1131 35 846 32 1017 34 849 33 537
930 1.2814729817739716 -1.9761029512338766 2.8826910632084539 159 127 106 1.3783708602748739 28 1179 27 1011 30 1144 32 1020 37 826 45 588 40 381
932 1.3777216809135537 -2.8652237839673926 2.4012790958838712 85 84 89 1.9660178522276821 28 3 29 382 31 3 39 281 45 316 28 325
933 0.88770791095219881 -2.8131253192751351 2.4646398989084837 49 44 40 1.4737227445219443 35 1 30 5 31 6 32 10 34 0 20 192
934 1.0970773584951008 -2.6177637540340237 2.5349608077411969 177 148 137 0.081593515012646917 28 31 30 9
935 1.2695301008569941 -2.5721382196098146 2.5448430931041783 176 146 137 1.1474341002902932 28 72 30 28 31 65 36 63 38 55
936 1.1059777745867165 -2.5846133834802765 2.5966548099665583 156 124 135 0.10839424461240088 28 68 30 31 36 65
937 1.3771186671814415 -2.558515061237522 2.5671546324307739 83 48 68 0.10628947516870235 28 386 30 38 29 105 39 64
938 1.2181807962863327 -2.5574408804253252 2.5917418412663777 176 146 147 0.41409403448594467 28 92 30 40 32 105 18 170
939 1.218313668099406 -2.5573526844776504 2.5917937880196695 176 146 147 0.37132388871082733 28 93 30 41 32 106 36 81 18 169
940 1.0777262105803365 -2.5457297859508965 2.618766747389575 92 54 71 0.28532908719233385 28 94 30 44
941 0.93613826490205099 -2.5369299126037728 2.6447721043287711 158 134 121 0.20036700817215847 28 97 30 46 29 113 31 108 32 114 38 84 34 79
942 0.93634323624002724 -2.5367801976003395 2.6444341305771935 158 134 121 0.2049345907731015 28 98 30 47 29 114 32 115 38 85
943 1.1710465911068781 -2.4717858355589044 2.6346890669124852 172 148 124 0.7232604008735144 28 430 30 57 29 128 31 450 32 448 36 408 39 352 38 332 34 352 37 348 45 74
944 0.96052807643592275 -2.4091309888864965 2.5496427718104586 83 39 69 0.13948974051213464 28 122 30 61
945 0.67256465459615244 -2.3153098325352648 2.7865314944001578 66 58 61 0.19238958927380145 28 142 30 85 29 163 36 156
946 0.99656254256907162 -2.321436711405148 2.7902820314436734 100 68 78 1.4656019357534007 28 146 30 86 32 185
947 0.78377747135737796 -2.2651909297710806 2.8137005968287583 23 24 23 0.35127167905500062 28 154 30 97 36 166
948 0.79930942199831623 -2.2456965355312422 2.8171449676084328 127 123 121 0.12172920692681156 28 159 30 104 29 181 31 179
949 0.79930942199831623 -2.2456965355312422 2.8171449676084328 127 123 121 0.12172920692681156 28 160 30 105 29 182 31 180
950 0.7407375231812191 -2.2279178789025527 2.8367577836979097 121 106 109 0.46737576181788398 28 168 30 109 29 195 31 189 36 174 34 144
951 1.5489054207452839 -2.218066158725895 2.7759206623799271 40 45 23 1.0025438685947707 28 176 30 111 33 91
952 1.4988801369842311 -2.1995715427875604 2.7453731909246502 146 147 129 1.1328763644846536 28 182 30 115 31 193 16 90 14 52 6 113 8 39 21 80
953 1.0386380293470336 -2.1702555406402166 2.8153292496560791 162 107 59 1.7868114216058886 28 192 30 128 31 213 33 103
954 1.0738038359690028 -2.1573173965632915 2.8117869160050062 186 153 122 0.24069449509298294 28 198 30 134 45 122
955 0.71621184023133511 -2.1331560369462657 2.7756525955908224 102 90 88 0.4195503207263398 28 200 30 135
957 1.0954182539565578 -2.1285891579740057 2.8251883801260713 181 133 112 1.8540825682355333 28 216 30 150 45 539 33 447 17 463 22 322
960 1.0079961534937876 -2.0467873950312798 2.8875364896896665 98 84 54 0.04500267071603492 28 232 30 172
961 0.787498179748646 -2.0307138336564385 2.9278439521551785 164 154 145 1.4874578876474651 28 238 30 174 32 277 36 226 12 458 13 453 15 459 14 86 14 493 7 362 18 267 8 64 25 184 19 345
962 1.3988998036711784 -2.0143183086778849 2.8529659295519885 142 107 65 0.70120481398637557 28 245 30 176 31 269 10 123 16 151 9 182 6 165
963 0.75177691977498451 -1.9920144860482227 2.8867336154959777 160 127 92 1.7715571630145499 28 247 30 182
964 1.3547263485311387 -1.9263410222514916 2.9220292295155779 167 143 99 0.14153494601982336 28 264 30 204 29 303 31 293
965 0.99991996635373459 -1.9196553811336026 2.9489090816619341 176 156 139 1.1567590835914812 28 558 30 205 32 540 45 288 25 134 17 288
966 1.2818562297120644 -1.8893953434225648 2.9309846201508845 117 90 63 0.35833776462369255 28 271 30 212 29 312 31 297 32 315 36 258 37 225
967 0.85135154103826804 -1.8869951961534195 2.9950264974524896 105 80 65 0.43327581578921798 28 567 30 214 31 307 12 129 14 103 6 204 7 148
969 1.359963204459635 -1.8120893801546358 2.9435543156330923 56 47 52 0.052038111531364742 28 294 30 230
970 1.5255447374576423 -1.7885601979900028 2.9701931512534241 59 43 40 1.982560436570765 28 297 30 236 36 283 30 237
971 1.4004626305479888 -1.7580441386495991 2.9965800664917719 164 165 183 1.8094303595232406 28 597 30 240 31 340 28 594 32 356 36 293 20 44 10 343 12 305 13 305 15 303 11 331 16 368 9 259 7 158 8 90
973 1.5716238396067173 -1.6983311270761459 3.0243667156658107 135 98 60 0.97482727760934862 28 318 30 252 29 368 31 344 32 366 10 183 9 472 14 404 7 388 3 137
976 1.2614422930496931 -2.6333018965253716 2.5311970733133888 174 144 121 0.402289355322758 28 29 30 276 32 25
977 1.3581492275066005 -2.6084912005610712 2.5233239454676486 141 112 116 0.90103339723668407 28 44 30 289 31 39 32 38 36 26 34 26
978 1.1887529442078604 -2.5603523479088968 2.5960445605756548 157 124 116 0.31408120828536984 28 91 30 319 31 92 32 104 36 80
979 0.9846876571484775 -2.5123681942525282 2.6553710856532673 145 115 121 0.16329315779389669 35 88 30 339 29 117 31 113
982 1.4102754557180173 -2.3859062779103595 2.6514741723459183 110 86 85 0.071252623766681011 35 368 30 367 29 500 31 473 32 457 39 367 38 343 34 111 37 362
984 1.4342463558168708 -2.3889627064685595 2.6597438725312164 155 131 121 0.95200977830352163 28 689 30 369 31 476 36 421 26 210 23 16 17 240
986 0.77693395528390041 -2.2347638371148322 2.835781095286559 165 156 151 0.4827306962965669 28 166 30 382 31 187 18 119 25 185 23 410
989 1.5468388242820439 -2.169595636204412 2.7604165791755237 118 141 96 0.1832620124988821 27 137 28 491 30 401 29 223 31 209
990 0.86128544840379528 -2.1712734402842808 2.8471368448586007 180 158 131 0.1752954520253738 35 159 30 403 29 221 31 215 36 192 19 43
991 1.5091063209205335 -2.1548747054098096 2.7465027861546991 105 129 77 0.81760867376308 28 201 30 406 31 520 33 101
992 0.96405287820322294 -2.1603606179970769 2.8400495062410687 177 141 102 1.4535160644851086 28 493 30 407 31 221 13 253 10 386 15 354 6 369 7 252 8 49 8 51 6 145 3 56
993 1.2603163256786947 -2.1486918454440356 2.7958736037501821 174 126 72 0.35325612078107416 28 496 30 410 29 551 31 524 10 86 16 113 45 114 23 69 19 56 40 75
994 1.5441120804536881 -2.1447246546832752 2.7718720642130155 51 74 30 0.17913816783768272 28 713 30 412 31 527 10 89 13 75
996 1.1755004472260198 -2.1374433930099692 2.8060060669206375 158 134 106 0.21540736072192515 28 504 30 417 31 229 32 231
997 1.0306304181278347 -2.0332386611193196 2.8936621201808603 50 82 26 0.17464704318888322 28 236 30 432 31 265
998 0.88002252873555387 -2.024956209280615 2.9103751926871184 166 145 125 0.19016896355566335 28 240 30 433 31 270 18 65
999 0.98335707597128375 -2.0149962323822983 2.8953056389252767 142 133 69 0.28656446761977039 28 529 30 437 29 273 34 200
1000 0.68247831915357227 -1.973805340955507 2.9986943454708279 101 79 74 1.8608351518244268 28 255 30 452 31 287 31 577
1002 1.0889219442965474 -1.841088624427935 2.982849400151999 161 124 92 0.1307542492537874 28 291 30 479 31 323
1003 1.4323166537398808 -1.7832111602507337 2.989379303512897 115 117 142 0.30004323969966784 28 300 30 492 29 348 31 332
1006 0.98950086822191863 -1.7065675118290913 3.0864247239347939 80 72 62 0.16643465794195086 28 604 30 515 31 633 14 292
1007 1.6103450002445221 -1.6618746149175343 3.0659188330956919 97 74 52 0.39614241428922781 28 612 30 527 31 642
1010 0.93989858899339329 -2.6761440929612816 2.5440587914331401 26 20 17 0.50855138400493849 28 328 30 537 29 26 36 329 14 444
1011 1.014741717491062 -2.6153989872944812 2.5865052457821243 172 143 136 0.3597118128058554 28 346 30 544 29 402 31 40 32 385 36 337 19 165
1014 0.67067034333073483 -2.3344748628104974 2.7792039749020088 90 85 90 0.3974241887495743 20 81 28 461 30 621 29 733 31 491 32 178 36 152 11 70
1015 0.95411901552396072 -2.2240507810620551 2.8065904090828173 167 124 73 0.2753595136109569 30 632 32 479 37 378 26 373
1016 1.2141673734282004 -2.2095706953112599 2.7660830210147584 117 75 42 1.4731925706408442 28 477 30 635 29 534 31 190 36 175 12 67 10 586 13 541 9 655 14 563 8 290 3 360 40 71
1017 1.2769131735290742 -1.9840901326650702 2.8857475109928132 117 96 65 0.43452783927502625 28 753 30 681 32 285 14 261 7 125 8 62 19 34 24 97
1018 1.2786885134892363 -1.9844049832730382 2.8870132677823035 117 96 65 0.32513338518981127 28 754 30 682 23 74 17 36 40 89
1020 1.4116588981777025 -1.9382373172510365 2.8987971966834252 142 103 65 0.87286208976701074 28 766 30 697 29 297 31 773 13 282 16 340
1023 0.92195381224967798 -1.8812747168428989 2.9885234151510462 123 79 56 0.52230003672559222 28 776 30 710 16 189 45 414 18 36 19 10
1025 1.0766954727655345 -1.8157856968814989 3.0040553933844372 162 123 76 0.48504409082463407 28 577 30 723 29 628 31 804 36 514 37 243 10 336 12 298 15 299 11 327 16 364 9 458 14 284 6 435 7 156 33 152 18 16 8 87
1026 1.0774862742004356 -1.8143957845647802 3.0041424234628789 162 123 76 0.5769992568315897 28 578 30 724 36 515 10 337 12 299 15 300 11 328 16 365 8 88 24 346
1027 1.3914957830116268 -1.7985749350958584 2.9759468805799081 53 44 58 0.96307898896975974 28 584 30 725 31 805 20 475 32 729 36 516 9 246 14 118 6 218 7 286 45 167 25 383
1028 1.0144164548800869 -1.8014109730388501 3.0218788496261246 139 91 45 0.6854911134466517 28 585 30 727 31 329 23 165
1029 0.84522515099273077 -1.7693427327115778 3.0005899684160435 29 18 15 1.0512269381133159 28 935 30 732 29 349
1031 1.46260340614934 -1.715831509981157 3.0170456443872107 109 111 131 0.39057929690808357 28 798 30 739 31 815 36 529 39 472 38 436 20 37 34 459 13 309 11 340
1034 1.3529646085659606 -1.6610562729805121 3.0720171899093769 33 39 66 0.8127336305488303 28 943 30 756 29 842 31 643 32 375 29 377 36 556 14 532 9 289 6 465 7 304 45 181
1035 1.5099484548077733 -1.6479652946566488 3.0646652910314636 6 6 7 0.19004401785516892 35 489 30 757 31 644
1036 0.64555553757333306 -2.8764675758992571 2.448470323100683 182 183 185 1.3380267303223903 28 814 30 761 32 3 35 273 34 484 33 267
1037 1.3785109954038393 -2.6217724276540815 2.5344572706287147 86 45 82 0.67316114417558803 28 629 30 766 29 849 31 657 20 197 32 596 36 566 10 198 20 412 12 174 13 334 15 161 11 201 16 230 9 322 14 149 6 13 7 1 45 431 18 492 8 5 21 131
1038 0.95680415052968359 -2.6183180330366302 2.5906389251364725 170 145 122 0.3665027340248741 35 504 30 770 10 10 13 5 15 11 11 14
1040 0.95644669381697622 -2.3413173393561433 2.7470629771460233 172 150 120 0.39469766447679155 35 635 30 801 32 789 38 625 25 526 17 386 24 319
1042 0.94114971921523849 -2.319617587821023 2.7609957718356597 96 65 81 0.22254953774792105 20 374 30 811 31 873 24 323 44 51
1043 1.2674575525497689 -2.1276275266929643 2.8031902242521696 160 104 57 0.74863800622649235 28 881 30 834 29 913 31 735 36 635 38 531 34 390 10 100 16 119 45 251 40 228
1045 1.5582880317119931 -1.9684548189801085 2.870811370233278 118 90 79 0.42852626918215359 28 900 30 853 31 766 28 760 32 697 9 207 30 190 14 266 6 402
1046 1.08592847782869 -1.9519889800856816 2.9282766433511709 169 159 149 1.0605160198053252 28 762 30 858 31 772 31 919 36 493 9 420 14 503 6 520 7 366 23 355 26 87
1047 0.66452362085653249 -1.8592972711166569 3.0383625374032972 110 81 77 0.22306819520040244 20 9 30 876
1048 0.81119044098637594 -1.8524443128604129 3.0209790680070245 92 75 65 0.3039991318966544 28 923 30 878 29 953 31 929
1049 0.87796526716856405 -1.8457758075743931 3.0083678714745883 92 75 59 1.3985688477451093 28 925 30 880 18 31 25 459
1050 0.99740712998651149 -1.8269699375014723 3.0069486493042819 104 77 56 1.2656433933437989 28 1024 30 884 31 1011 32 842 36 782 38 677 12 296 13 301 11 325 16 511 7 287 45 418 33 256 18 352 8 242 19 200
1051 1.0007233225225749 -1.8273640883177522 3.0055050318111141 104 77 56 1.2793940528812771 28 1025 30 885 11 326 12 297 45 419
1052 1.3377910631992249 -1.8238051801603861 2.9690379132641009 166 154 142 0.85354004157244778 28 932 30 886 36 687 9 546 14 513 6 530 7 377 45 284 40 290
1053 1.5314947182759233 -1.6938754521774531 3.0266830521932033 76 40 27 0.68672273140045192 28 941 30 895 31 818 36 535 39 619 10 437 13 160 15 399 11 417 16 208 16 456 9 554 14 527 6 539 7 498 8 182 3 133
1054 1.2528970353334372 -2.3280357995744132 2.7073658989974874 170 149 116 0.30424050886765663 35 637 30 928 29 886 9 362 40 211
1055 1.6098222738447054 -2.2132198062972157 2.7300462040429934 42 42 36 1.374202211004016 27 728 28 989 35 713 30 942 29 903 29 1068 28 1052 31 889 32 205 36 815 39 737 34 653 18 460
1056 1.6330060112609122 -1.6487337979260148 3.0888858210802876 13 13 11 0.8323381066902007 28 613 30 986 31 941 36 314 39 277 34 277
1058 1.2027887538228597 -2.4513913090511785 2.6476083534724135 74 35 65 1.2287555144701603 28 1038 30 996 40 253
1061 1.3025409242853869 -1.694841545606089 3.0502214493396131 66 38 34 1.4731155976389956 28 1076 30 1040 31 1056 45 476 33 462
1062 1.5725679812077182 -1.6459491968416815 3.06745678873349 7 7 6 1.2181447739007802 28 1077 35 269 30 1041 31 1016 36 847 37 722 13 578 12 592 15 592 11 595 16 636 9 707 11 567 14 642 14 672 6 723 7 574 8 402 3 454
1065 0.96506029523519299 -2.0284179684458916 2.8962271360718219 160 147 130 0.86950283279245755 28 1123 30 1088 29 1133 31 1098 32 988 45 545 33 507 25 652 40 326 22 349
1066 1.4834380105260414 -1.6974298652377997 3.0008076515003732 42 40 68 0.57115228624443881 35 782 30 1096 29 1113 32 954 36 884 39 804 38 771 34 780 37 753
1067 1.5855725161076459 -1.5822784377202683 2.8242633637074799 55 57 56 0.59680567680386554 28 1132 30 1097 29 1115
1068 1.1036610414994796 -2.5932778392132159 2.6053419886632674 87 50 78 0.59890721999266694 35 830 29 1144 31 1111 32 1000 36 934 39 860 38 823 34 835 37 808 33 518
1069 0.65204159571675424 -2.3426883705303192 2.7714593368462102 84 79 83 1.5969019132571434 28 1144 30 1112 29 1148 31 1116 39 844 33 495 18 148 6 88
1071 1.4962051999199126 -2.763724587075679 2.2811030091215359 28 27 25 1.58871645284969 28 1169 30 1135
1072 1.4962051999199126 -2.763724587075679 2.2811030091215359 28 27 25 1.58871645284969 28 1170 30 1136
1073 1.0953954609473906 -2.0110028772322521 2.9028897516767689 126 73 49 0.41531316871942831 28 1172 30 1138 33 535
1076 0.64672569070467056 -2.9510601150006632 2.5646166943790614 184 184 186 0.30225261246376617 30 266 29 0
1077 0.65702314570810227 -2.9583588596192132 2.6146155262094215 19 19 21 0.98984860071097891 28 0 30 1 29 1 31 0 32 0 36 318
1078 1.3373273053896961 -2.8821373947264526 2.4412431181817071 80 78 78 1.5927218110801575 35 270 29 4 31 365 32 5 34 280 37 262
1079 1.4495048653145208 -2.8709971250807276 2.3951358732715713 76 76 74 1.3062711671733587 28 4 29 6 37 1
1080 1.2989435483526128 -2.8661104879110813 2.4115853843246637 24 24 22 0.29752405518355368 28 324 29 7
1081 0.93189527508696268 -2.7961567171219026 2.4854893065923753 44 40 37 0.3538286405046675 30 267 29 10 31 8 32 11 36 4 34 1 37 5
1083 0.89396882608560835 -2.7754614612223998 2.4876842863081015 30 22 19 0.26881752516813073 35 7 29 13 37 8
1084 0.68059292698387897 -2.7067154309052981 2.5521430849016444 56 48 45 0.44916424017906559 27 14 29 24 25 173
1085 0.69915533929291096 -2.6267686700764021 2.6661464955024994 29 24 21 1.2938125009443404 28 34 29 40 31 42 32 54 36 335
1087 1.2220247078214641 -2.6164494040881503 2.5580612266672889 171 133 154 0.21736482390197423 30 283 29 44 36 28
1088 0.94195157157399234 -2.604816880319536 2.6007368368056167 87 47 79 0.32939337513153211 35 31 29 51 39 301 38 33 34 31
1089 0.94211707674910072 -2.6049654175495531 2.6012446383932333 87 47 79 0.2651492026472676 35 32 29 52 31 388 39 302 38 34 34 32 37 293
1090 1.3704628732680528 -2.5924100010302458 2.5500640421022598 185 154 162 0.14515363582720306 28 64 29 63 31 49 32 60 36 43
1091 1.3704628732680528 -2.5924100010302458 2.5500640421022598 185 154 162 0.14515363582720306 28 65 29 64 31 50 32 61 36 44
1092 1.3797476854437936 -2.5917903853351003 2.5488515029097263 183 153 151 0.56139612904606218 28 66 30 557 29 65 31 51 32 62 45 9
1093 1.3812793158697174 -2.5922285026006118 2.5498212592686751 183 153 151 0.19385723513132602 28 67 29 66 31 52 32 63
1094 0.80970066183498945 -2.5818696941016777 2.6195430952868075 79 48 58 0.4341236593899796 30 27 29 67 36 72 25 158 23 389 26 280
1095 1.1831050054583052 -2.5811584700390253 2.5682038037982475 184 156 142 0.42759133013726192 30 303 29 69 31 61 36 61
1097 1.3430170063259603 -2.5716415746067818 2.5676726227731712 185 154 152 0.13686268913515576 28 81 29 83 31 71 32 85
1098 1.3430170063259603 -2.5716415746067818 2.5676726227731712 185 154 152 0.13686268913515576 28 82 29 84 31 72 32 86
1099 0.88660455416842798 -2.568985687921582 2.6377074337540187 79 43 67 0.42113752013453082 27 59 30 315 29 86 31 89
1100 0.88356533673617588 -2.5712923005178858 2.6302620608335663 79 43 67 1.8311237561355926 27 58 30 316 29 87 31 90 23 181 25 145 26 117
1101 1.3373733031998754 -2.5596117321691181 2.5715117627603283 84 41 73 0.24910833097498261 30 36 29 98 38 61
1102 1.2453104157024149 -2.5570227452725436 2.5891614363088076 193 158 173 0.36824365143392956 30 321 29 101 31 93 18 167
1103 1.2447542525343536 -2.5566110032388769 2.587675595005654 193 158 173 0.35697537131977075 30 322 29 102 31 94 36 82 18 168 19 169
1105 0.9851749068317841 -2.5120924872998396 2.6544281247672323 178 148 154 0.18631154672875971 28 411 29 118 36 104 39 86 38 93 34 89 37 84
1106 1.2414173197824965 -2.4855416101791783 2.6035815533152298 186 157 149 1.0686273986692607 28 109 29 123 32 125
1107 1.2039422806238862 -2.4695850300760771 2.6363946311947308 95 47 92 0.098095868247650791 35 101 29 133 38 105 37 98
1108 1.2567346884753043 -2.4394927892796341 2.650083441742443 186 157 140 0.30136563226700164 28 123 29 141 31 128 32 142 33 69
1109 1.2561004431350806 -2.4375462257657596 2.6476419016213426 186 157 140 0.5502311200677904 28 124 29 142 31 129 32 143 40 53
1110 1.1450717332109082 -2.3960176614032327 2.6842326697630039 103 76 69 0.11914839508027529 30 74 29 146 31 141
1111 1.1450717332109082 -2.3960176614032327 2.6842326697630039 103 76 69 0.11914839508027529 30 75 29 147 31 142
1112 1.3194363553285691 -2.390403281064065 2.6610553566341526 100 74 64 0.13319115405224041 30 77 29 153 31 147
1113 1.3176229904746457 -2.3882311841460888 2.6548091120243851 100 74 64 0.19938904498754681 30 78 29 154 31 148 32 162
1114 0.9541705626725796 -2.3325200812724676 2.7523559717125559 189 162 149 1.2036400005798182 20 554 29 161 24 508
1115 0.61595269992326851 -2.3278578260769414 2.7823378925195636 101 93 91 0.41087417153740441 28 139 29 162 31 157
1116 0.77237033856524839 -2.2920004799640732 2.812510068244471 31 25 23 0.11385810281967439 30 92 29 167
1117 1.0373056666958822 -2.2902291326377577 2.7615771205174307 172 165 163 1.4182836949666904 30 378 29 168 31 166 45 102 23 141 40 69 40 145
1119 0.73700857731526781 -2.2419792564202572 2.8237885936059191 160 159 160 1.2536976244196538 27 114 30 103 29 180 31 183 32 204 45 374 17 450 22 272
1120 0.66338438625093188 -2.2409169539806268 2.8406165284107416 55 49 49 0.045044555612908217 30 107 29 184
1121 1.0441125317374023 -2.2353761079415286 2.7849193701789914 128 46 23 0.23143460906777011 28 164 29 187 32 202 10 274 13 61 15 58 11 89 9 133 14 224 7 88 21 178
1122 0.68950091260112734 -2.2313785695997037 2.8436362911653128 147 141 141 0.10931228852849756 28 167 29 192 31 188
1124 1.5810836478484438 -2.2165514455774891 2.7420496826484011 32 36 21 1.7346452906020848 28 171 29 199 36 172
1125 1.1036533440740457 -2.2092399940321941 2.7873159946502883 190 165 145 0.2184245057624572 28 173 29 202 23 347 26 78 17 72
1126 1.1697570971037423 -2.200151110277242 2.7780883026219541 67 40 15 0.088856702567946297 27 123 30 113 29 204
1127 1.1702119145763574 -2.200749118813393 2.7798602976100892 67 40 15 0.081304283951547707 27 124 30 114 29 205 31 195
1128 1.5465475847765049 -2.2021316607601755 2.740037351908799 150 160 133 0.17239362013217957 27 120 30 388 29 206 31 191
1129 1.2316582129058165 -2.1992937948297535 2.7732524620190837 196 164 139 0.25727642305440984 30 390 29 209 31 196 23 79 22 49
1130 1.2714134622597346 -2.1927253717443835 2.7684925461451164 164 123 88 0.42109191362365334 27 126 30 393 29 212 31 198
1131 1.2436467503740889 -2.187138010111195 2.7667223494027966 136 96 58 0.64337168821734136 28 185 29 214 45 108
1132 1.2791288912079921 -2.1812521383687553 2.7767986310563439 105 69 33 0.1479291493146227 28 188 29 216 31 203 32 213
1133 0.86101848008953297 -2.1716278527416466 2.8469987014863589 207 183 158 0.089882316085518152 35 158 29 220 31 214
1134 0.64610329314716952 -2.1337958786779216 2.8990313022015202 127 116 113 0.59779593103473294 30 836 29 235 31 237 31 736 36 638 20 219 39 566 38 532 19 349
1135 0.6247486327173325 -2.1160808344820454 2.9166230576480556 7 6 4 0.52049980574430499 27 602 29 240 36 210 34 396 37 178
1137 0.96828950479619147 -2.0703306954067306 2.8743372916882834 51 35 13 0.21492041066035525 28 520 29 256 32 261 36 218 39 190 34 191
1138 0.94500438901699835 -2.0545751399504741 2.8791472992152927 186 172 164 0.73760366769769414 30 844 29 265 26 271 25 312 17 381
1142 0.98190021889037626 -1.9656664497367182 2.9355590143201189 113 94 80 0.1699697263315581 30 191 29 287 25 141 23 166 26 107
1143 0.69556645439977338 -1.968435417042306 2.9768972021577342 65 55 46 0.1799063869470767 28 542 29 288 31 288 32 298 36 243
1144 0.90426792727045791 -1.9522836306182922 2.9498402516371387 95 61 46 1.0757009792548733 20 29 35 213 29 292 32 300 39 215 34 221 10 139 13 120 15 112 11 130 16 347 6 190
1146 1.0337958188029577 -1.9001194192866024 2.9539562376598534 152 148 91 0.17583917962980286 27 461 29 308 32 314 38 223 34 237
1148 1.2820576280214633 -1.8892241406201176 2.9302552446360037 122 96 70 0.2817457393082376 30 211 29 311 31 296
1149 1.4994104166693474 -1.8846855405156573 2.9271507259022465 162 140 135 0.72303265525738925 27 203 29 315 32 312 39 231 33 145
1153 0.78499316854773027 -1.8640782966735434 3.0189122114892624 166 150 134 0.39412761781050726 27 217 29 325 32 335 13 141 11 156 16 197 26 152 23 217
1154 0.78449263025176541 -1.8642066506431767 3.0189570731266118 166 150 134 0.3862358780289491 27 218 29 326 31 315 13 142 11 157 23 218 26 153
1155 0.91906179655781328 -1.8529453220000125 3.0040656866578703 72 56 41 0.080457343038965359 30 222 29 333 15 135
1157 0.95570057367917327 -1.8055745498405567 3.0316999180588029 173 169 165 1.487479313414958 28 295 29 342 36 287 25 324 40 103
1158 1.3201472038375619 -1.7834426650842599 3.0038002281932834 59 51 48 0.92919312604324145 28 591 29 347 31 336 39 262 34 259 9 254 7 157 8 93
1160 1.5678282106202348 -1.7526414420533374 2.9852187035595792 66 39 28 1.2028117259221303 28 305 30 243 29 352 32 355 36 295 37 252
1161 1.5011174652058823 -1.7234878768536841 2.9988214965371109 111 77 64 0.94924009247970054 28 306 29 357 31 812 30 509 36 528 34 269 16 204 8 179 6 233
1162 1.5367980578110849 -1.7249431059161253 3.007701746470727 139 88 58 0.42484956671469964 27 241 29 358 10 345 12 153 13 154
1163 0.99020639006011746 -1.70767405772613 3.0854469999351886 81 75 71 0.56674863796737984 35 479 29 366 32 740 36 541 39 485 38 448 34 473 37 464 10 443 12 409 13 416 15 409 11 422 9 474 14 293 6 454 7 302 45 424 8 252 25 156 3 234
1164 0.99008374065351767 -1.7058077185881906 3.0858982259419228 105 96 90 0.34056851704547253 35 480 29 370 31 634 32 741 36 542 39 486 38 449 34 474 37 465 10 444 12 410 13 417 15 410 11 423 9 475 6 455 7 303 45 425 8 253 3 235
1165 0.80328383586376284 -1.6775338055361944 3.128190140210434 45 6 12 0.24891475041719111 27 496 30 526 29 373 31 355 32 376 37 261 12 324 9 285
1166 1.3565926951376015 -2.8842694131429267 2.4317588591303991 71 70 68 0.45480515070997818 35 271 29 381 32 377 36 319 39 0 34 281
1167 0.97335363215928039 -2.6792836147731203 2.5552041649540334 29 20 18 0.74233010021342338 27 20 29 386 36 330 23 146
1169 1.0144938837998048 -2.6153070692172253 2.5873438145762919 185 151 153 0.21488128528771053 28 347 29 403 31 41 32 386 36 338 19 164
1170 0.92970993544934089 -2.6081313290711945 2.6020029252498205 81 45 65 0.48661602576588003 35 294 29 411 31 387 32 391 36 344 39 297 34 297 45 217 40 113
1171 1.2466454500157016 -2.5843920878327351 2.5729838087588996 180 152 141 0.43805129264631715 35 303 29 429 37 41
1174 1.2396784117441204 -2.4500165012624437 2.6443311691110831 86 48 80 0.58825850155724291 20 170 29 475 31 452 32 450 19 131
1175 1.1703237917294087 -2.4390542938263713 2.6578209786157441 174 147 122 0.32619415539011071 27 343 35 356 29 480 31 456 32 451 27 568 39 358 38 335 34 355 37 354 45 86
1176 0.72601578188638949 -2.3780866719153115 2.75449648896979 127 114 108 0.41756233041344082 30 608 29 504 36 146 6 85
1178 0.61852489653299014 -2.2841208771600239 2.8083622741740526 131 125 125 0.27532040741571384 28 464 29 523 31 169 34 133
1179 1.3896973097521601 -2.2628029389659297 2.7209395887894252 61 40 26 0.25059159576741619 30 630 29 524 31 500 36 163 13 54
1180 1.4212445331183925 -2.2603300554905323 2.7223038621657287 57 35 21 0.83935807215512326 30 823 29 525 31 716 36 439 9 121 6 351 18 88 17 9 21 237 22 69
1181 1.1827146739307715 -2.1673391644416626 2.7981967559144554 181 163 147 0.95033230078571052 28 487 29 548 31 518 36 189 39 156 13 249 9 382 6 360
1182 1.5870142149929489 -2.1118952352601434 2.8007254487971776 40 34 29 1.3781781506664927 27 158 29 565 31 534 39 176 33 109
1184 1.2966712554187072 -2.0820017534293225 2.8340176442968348 174 128 79 0.53910796096975611 27 422 30 422 29 571 31 247 32 254 37 180 45 126
1186 1.2418871008056269 -1.9993495836376374 2.8771779940258182 134 99 67 0.089638992848140184 30 440 29 588 31 556
1188 1.5202383410175626 -1.924629497672472 2.8876486547979003 96 81 79 0.83634572846866528 30 700 29 605 32 302 18 13
1191 1.3149291877176255 -1.8525021228607266 2.9570884321422595 122 96 71 0.2834724460157505 30 474 29 622 31 599 10 326 15 291 14 108
1192 0.73243793567621196 -1.8364130729734247 3.046327988741683 115 91 84 0.38154130198203767 27 475 29 627 31 604 32 340 9 248 45 309
1195 1.6005601202706179 -1.7442363156061083 3.0103476981729953 127 105 84 0.21342435392080189 30 506 29 636 31 616 32 360
1196 1.2362754038075532 -1.6682061181104433 3.0902576388549785 34 26 25 0.53951929743910254 35 268 29 645 36 698 37 260 14 533 6 560
1197 1.6216637589352167 -1.6285175512883121 2.973108483191234 48 50 49 1.1928097612454902 30 258 29 646 27 924 31 646
1198 0.44644017605679859 -1.6414052254423832 3.1296975311814701 92 92 94 1.2717794077033522 27 680 30 259 29 647 34 279
1199 1.354234355813174 -2.602244929800861 2.549399650897139 94 44 95 0.55513450688487054 27 513 30 550 29 670 31 381 36 339 38 270 45 8 11 12
1201 1.0353739102212676 -2.4175370400245866 2.6954314545209535 177 150 122 1.0443073015129769 27 575 29 720 31 703 36 606 39 530 38 501 37 358 12 48 13 41 15 40 11 64 33 360 24 207 19 275
1202 1.2174165262584857 -2.4101891433424174 2.6649202965750041 176 151 122 0.13485262472613127 27 707 29 722 45 234
1203 1.2174165262584857 -2.4101891433424174 2.6649202965750041 176 151 122 0.13485262472613127 27 708 29 723 45 235
1204 1.0530611073998413 -2.3495061679058109 2.7054486644189075 45 28 20 0.51077397090191734 27 579 29 731 33 368
1205 1.0563535006200588 -2.3528046794781781 2.7190287947695628 45 28 20 0.49078695336932049 27 580 29 732 33 369 25 294 23 354
1206 0.76081568473969219 -2.2168910217123998 2.8475586174062157 125 104 103 0.71339969173615647 20 76 29 742 31 727 32 667 39 559 34 380 25 191 17 326 19 240 24 132
1207 0.81782901656395068 -2.1832264305569349 2.8523467794639914 180 170 154 0.67200904377065451 27 395 29 744 31 730 39 389 18 112
1210 1.1630081018938574 -1.8833371006429664 2.9482522287900594 178 158 143 1.3503257943649369 27 649 29 800 31 781 32 710 34 437 45 285 17 55 23 339 40 172
1211 0.75596184137384759 -1.863898933691204 3.0077215775777577 119 92 85 0.44816250955445613 30 472 29 806 31 793
1212 1.457423322068238 -1.8597019830906605 2.9400186463356497 66 50 50 1.2148087267493819 27 653 29 809 32 837 36 780 39 454 38 674 34 442 37 439 10 420 12 287 13 294 15 290 11 312 9 444 26 19
1213 1.6234662418358863 -1.7481153708898782 2.9950859143618227 47 41 39 1.528322307114814 28 937 35 598 29 824 31 809 39 615 38 577 34 600 37 578 10 433 11 339 16 371 9 266 14 130
1214 1.3808271891561075 -1.7317360864636984 3.0152677723811006 164 163 174 0.46229054618405652 27 662 29 827 39 468 38 435 34 458 37 451 10 562 20 341 12 525 13 514 15 472 11 475 9 623 14 599 6 644 7 492 8 320 19 415 18 443 3 389
1215 1.6111585714292467 -1.6710506325782202 3.0315895780392195 32 20 14 0.61621223396047919 27 679 30 755 29 841 31 823 32 579 34 472 37 467 10 510 12 477 13 472 15 478 11 434 16 518 9 567 14 410 20 224 6 446 7 296 8 249 3 246
1216 1.3011936074084984 -2.6265485408794045 2.5436892950490915 179 155 126 1.3578759219354308 28 819 29 847 31 371 32 753 32 31 17 152
1218 1.1332162977952918 -2.5530453008716143 2.6070633191761519 89 39 92 1.0765525180881343 20 403 29 863 39 636 33 186 25 407 23 478 26 339 17 275 24 285 19 320 22 123 44 24
1219 1.1257661687682341 -2.4773166736848697 2.6288935876520032 90 40 92 0.39994725407431286 35 628 29 869 31 697 34 628 37 615
1222 1.1411346671344968 -2.3328510533241733 2.7156313757890684 178 151 122 0.22453026809578525 27 717 30 803 29 885 31 867
1223 1.4629609931748078 -2.3219335427428014 2.685173450645145 181 157 129 0.86611244172359181 35 638 29 891 31 868 36 727 39 655 38 624 37 623 18 96 25 488 23 542 26 414 17 415
1224 1.0956741674630328 -2.3133592933862945 2.7336096260987257 101 70 75 1.5780658089097246 30 814 29 893 31 875 34 543 45 364 25 564 23 621 17 431 24 212 40 221 22 288 44 205
1225 1.4485937622099254 -2.1756958944969962 2.7668719227177609 61 48 45 0.79651456830790612 30 946 29 907 32 805 39 680 14 231 18 462
1226 1.3956675823036127 -2.1471000699390581 2.7820416271117265 155 133 108 0.77151313687170286 28 878 29 910 32 671 10 283 12 243 13 250 15 245 16 306 8 43 26 26 19 257
1227 1.0309707174642226 -1.9455074846758418 2.9560881728914139 159 136 114 0.84998339599886419 30 861 29 935 45 164
1228 1.0547425860781705 -1.9337073369752127 2.9378354082338949 158 135 122 0.62095153291942395 28 906 29 937 31 922 34 675 10 413 12 382 13 376 15 375 11 298 16 345 9 426 18 248 8 68
1230 0.79788255329343039 -1.8340017267186859 3.0374804718771307 171 155 137 0.61398521838267306 28 930 29 957 36 690 25 468 17 401
1231 0.82635352155024255 -2.3236344671796152 2.786983934489101 152 127 119 0.29014753839520868 27 819 29 994 31 967 39 662 38 638 37 638 45 367
1232 0.89633813129313333 -2.2997724212644788 2.7798265270231983 178 152 124 0.75684557751314008 30 938 29 1000 39 672 12 230 10 268 13 237 15 233 16 300 9 126 33 378 18 297
1234 1.3137888380146898 -2.2581239502737298 2.7292205411112809 59 43 38 0.55936911097365671 27 833 29 1004 31 885 29 900 45 362 25 496 23 548 26 418 17 419
1235 1.3137888380146898 -2.2581239502737298 2.7292205411112809 59 43 38 0.55936911097365671 27 834 29 1005 31 886 29 901 45 363 25 497 23 549 26 419 17 420
1239 1.4084533373171417 -2.6748683899222812 2.4879984964414055 35 30 27 0.61287798099223323 30 987 29 1048 32 955 30 1042 14 539 6 663
1240 1.0667954881839612 -2.6266023433728654 2.5786218100375233 98 54 92 1.2813346760772293 30 988 29 1050 31 1018 36 851 39 771 34 696 10 466 12 434 13 434 15 432 11 446 16 472 9 579 6 579 7 328 19 491
1242 1.493274021814877 -1.7467080391793441 3.0140392077500255 39 44 86 1.054154591907654 35 779 29 1090 31 1055 32 953 36 881 39 801 38 768 34 776 37 750 45 526 33 398
1244 1.1613418503772561 -2.6505908518380563 2.5518911894782912 179 153 121 1.0725355551318352 27 951 29 1118 32 980 36 889 37 757 10 573 12 488 13 479 11 538 16 524 9 642 14 611 6 705 7 552 45 533 18 570 26 545 3 343 40 334
1245 1.183812955828264 -2.6057838884423905 2.5650406122079445 52 30 35 0.34763436079041798 35 26 28 49 27 270 29 50 32 48 36 34 17 169 40 12
1247 0.82250504016564252 -2.553074610998785 2.6395404008740879 82 44 77 0.74610833431125689 35 617 28 953 27 795 30 784 20 271 29 860 31 848 32 771 36 708 39 637 38 600 34 616 37 600 36 587 12 188 10 210 13 187 15 175 11 214 16 245 9 35 14 320 6 38 7 223 45 80 33 194 18 336 19 282 24 220 21 215 3 14
1248 0.69897801932057091 -1.915284824472093 3.0064242602249043 111 90 85 0.42328164335754087 30 458 29 798 27 647 29 614 31 589 36 498 38 416 10 151
1249 1.0254049007704533 -1.9466750916703006 2.9324175644223951 106 88 76 1.3779383002065353 35 576 28 905 27 752 29 601 27 446 28 764 31 775 32 703 36 668 39 216 39 593 38 210 38 557 34 220 34 581 37 215 37 560 25 123
1250 0.858146355684966 -1.869895476929694 3.00342875692301 140 123 106 0.84849797291325635 28 777 30 714 29 803 35 584 28 778 30 715 31 789 32 716 36 510 39 602 38 566 34 590 37 568 15 294 11 317 11 318 16 360 7 150 23 197 23 596 17 313
1252 1.0453166416189041 -2.0180034353118375 2.891885984261827 168 181 140 0.3939360370114327 20 54 35 429 28 743 27 623 30 665 29 777 35 428 28 742 27 622 30 664 31 758 31 759 32 692 32 693 36 654 36 655 39 424 39 425 38 395 38 396 34 418 34 419 37 417 37 418 10 125 11 118 16 156 9 184 14 491 6 510 6 511 7 356 7 357 45 275 8 220 8 221 25 113 23 143 26 95 17 82 19 24 3 296 3 297
1253 1.0545815963948804 -2.3345136656979202 2.7294779013748616 177 153 124 1.7700660997572764 20 109 35 540 29 883 35 705 28 975 27 818 31 966 32 652 32 868 36 806 30 927 39 545 38 700 37 518 37 624 45 447 33 224 25 103 17 282 17 372 19 84 24 86 22 242 44 54
1254 1.6149423862076508 -2.1045474946295726 2.7889258246722766 22 23 19 1.1949210555634711 28 1000 27 901 30 839 29 914 35 176 28 724 32 497 36 637 39 174 38 649 37 652 18 256 23 284 26 3
1255 0.77437477895685281 -2.2752477044837724 2.8150735662382811 34 33 31 0.57188661989480827 20 439 35 758 28 1081 27 928 30 1045 29 1095 31 1068 32 931 32 961 31 1031 36 857 39 777 38 744 34 758 37 732 10 538 12 502 13 488 15 506 11 506 16 535 9 586 14 626 6 598 7 347 33 445 18 401 8 295 25 615 23 674 26 530 17 501 24 437 19 438 21 354 3 284 44 234
1257 1.3978026810331357 -2.8417596219666557 2.3549533693961742 27 25 26 2.3654101049762084 28 6 31 4 39 717 37 583 32 752
1258 0.65884626875097452 -2.7145641564659111 2.5469876763705144 29 23 23 0.42809174895563129 35 14 31 18 34 9
1260 1.3873679491638455 -2.6283822116492761 2.537918379370109 82 41 67 0.23257703842472774 28 341 31 28 32 28
1261 1.3878687798616085 -2.6100153505331205 2.5184067631840654 182 148 153 0.11083168191768626 30 17 31 36 32 39
1262 1.3621112378079405 -2.6139677429615573 2.5380671260893903 177 143 148 0.23783463259972876 28 43 31 38 32 37 36 25 45 4
1263 1.1056250212330954 -2.6080025901252899 2.5819431049988406 187 151 165 0.15215035344628949 28 48 31 44 36 37
1265 1.277958782175507 -2.5830472730984844 2.5772271330474621 181 151 146 0.17129967880388 28 73 31 66 36 64
1266 1.35558591156575 -2.5701077604484279 2.5598295288148294 94 47 88 0.085957218063872659 27 294 35 51 31 74 39 52 38 49 34 50 37 43
1267 1.3716214524755552 -2.5699694003309923 2.5613975371586988 188 149 158 0.26495215687077389 29 91 31 75 32 87 36 70
1268 1.3716214524755552 -2.5699694003309923 2.5613975371586988 188 149 158 0.26495215687077389 29 92 31 76 32 88 36 71
1269 1.1879940685148862 -2.559298619169343 2.5914126341831452 178 148 137 0.19913267281030805 28 90 31 91 32 103 36 79
1270 1.02751417797091 -2.3993694840038917 2.6959951959468489 93 68 64 0.1282731934509537 30 71 31 134 32 158
1272 0.67845879466949965 -2.3979968366702931 2.7464750579075985 47 38 33 0.8677807848263569 28 132 31 149 36 144
1273 0.64722449861218023 -2.38624003053617 2.7404614999826653 106 92 87 0.71245978597225756 27 96 31 151 39 123
1274 1.2663702381135191 -2.3116286271361903 2.705463298682349 116 89 82 0.65010174970225443 29 516 31 159 23 62 40 63
1276 1.2986379113389268 -2.2982667596031847 2.7204262709194547 107 81 84 1.9302760841228614 28 463 31 162 36 155 13 228 12 221 15 223 9 106 18 279 21 173
1277 1.6166836966139775 -2.259295442378102 2.708635394621838 28 19 15 0.13551184732329766 28 157 31 172 32 190 36 159
1278 1.4363733947782924 -2.2473489835647311 2.7301031085387049 88 61 52 0.53943622979496031 27 110 30 102 31 175
1279 1.5556608555059064 -2.236555380827514 2.697131661234959 62 60 45 0.54896554296102229 28 161 31 177
1280 0.90706522841898785 -2.1618656623527723 2.8432222596479999 166 120 66 0.19709841297472483 28 197 31 220 32 225
1281 1.1748073696597905 -2.1373599796720937 2.8045888988358434 154 130 106 0.11722814447386996 30 418 31 230 32 232
1282 1.1763527272710588 -2.123317996205468 2.8222682154992831 184 165 145 0.47707304153296359 27 413 30 149 31 236 34 176 17 56
1283 0.80530867892160818 -2.100211918941072 2.9206727144402365 146 114 73 0.40361377111513069 29 568 31 245 32 255
1285 0.9635878743962627 -2.0681293365829023 2.8347418505977493 179 159 132 1.4976439932995085 28 521 29 250 31 248 32 262 36 219 39 191 34 192 6 135
1286 1.4523381364768 -2.0642204917471316 2.8287691180338546 151 109 69 0.81206958052730416 29 258 30 170 31 253 32 257 36 215 39 185 37 182 12 258 11 274
1287 1.0329124324742553 -2.0642517828569962 2.8684847817402415 168 175 138 0.11766920690771003 29 260 31 258 37 185
1288 0.87619640624368489 -2.0666242301412967 2.8930070552489386 175 139 120 0.25677499251338898 29 259 31 260 26 128
1289 1.135240073572511 -2.0449960220198484 2.8667045344349917 155 177 131 0.17695389902591088 29 268 31 262 32 269
1290 1.0428772873802081 -2.0444979860953114 2.8784951312728468 159 175 127 0.5036246896670179 30 431 31 263 25 112 26 93 17 191 23 142 26 94 24 116
1291 1.2546892239394565 -2.0367267377458127 2.8656231015615554 164 118 96 0.66969642683302189 28 234 31 264 36 223 33 120
1292 1.0336003456709291 -2.0359936948369608 2.9006718981150938 65 94 40 1.025331114807507 28 237 31 266 45 273 40 94
1294 0.99395701027490446 -2.0052719581307583 2.9183977015561311 165 158 145 0.62692905476474092 30 181 31 275 25 135
1295 0.79725605521247789 -1.9893726695184069 2.9495646670971403 100 79 52 0.4010033036901029 27 437 31 280 39 204 38 202 34 213 23 210 26 145
1296 1.1055408180464303 -1.9804470991800507 2.9055801954407672 126 115 102 0.35029002358846584 35 203 31 281 32 289 37 205 13 109 18 40
1297 1.4389751822135457 -1.9388025520957464 2.8960319027959924 161 121 85 0.9703749270638744 30 200 31 289 15 110 16 341 20 241 9 422 14 270 6 410 19 225 21 111
1298 0.73412283249207422 -1.9021402372061034 3.0059907044114111 106 86 82 0.067974753308557193 30 209 31 298 36 262
1299 0.73412283249207422 -1.9021402372061034 3.0059907044114111 106 86 82 0.067974753308557193 30 210 31 299 36 263
1300 1.121108073830912 -1.8841631002355477 2.9557075567387203 164 140 109 0.76422215551975203 30 461 31 300 9 224
1301 1.4391798755307736 -1.8421658869857709 2.9508042639293621 83 64 61 0.17628822284606874 30 225 31 316 32 330
1302 0.93704787198577988 -1.8496683104977882 3.0027416143632761 81 60 44 0.74448854155618283 35 240 31 320 34 254 37 241 10 168 12 142 11 158 8 81 23 184 25 329 17 99
1303 1.4144906711922514 -1.8195450473310737 2.9627718505960758 55 43 43 0.318119758337786 30 482 31 324 9 242
1304 1.2215256844112177 -1.8050123008735939 2.9977599115727833 173 138 99 0.4257046203219651 29 341 31 325 36 281 37 244
1305 1.3903889367524416 -1.8069359100804874 3.0723628369275304 46 46 81 1.1188831777280566 29 343 31 328 32 344 36 277
1308 0.79558358342435553 -1.7211068433720107 3.0903305042274014 30 20 12 1.0636365724705734 27 242 30 250 31 346 32 370 13 312 11 344 16 389 26 160
1309 0.97522171639170341 -1.7070317717238828 3.0871922321671357 22 16 10 0.54495723991371015 28 802 31 350 36 539 7 174
1311 1.3393067825994909 -1.6797436876529044 3.0621748855576194 23 17 17 0.19828046732693455 30 524 31 353 9 569 14 413 6 550
1312 0.67985214345226885 -2.8788880261159013 2.5121581215938815 36 32 31 1.1062292657244583 35 491 31 363 32 583 36 323 39 494 38 256 34 282 37 264 45 430
1313 1.2265152077066119 -2.8626651339332643 2.4206905806186421 27 26 24 0.15803521583670802 35 274 31 364 32 7 38 1
1315 0.66714354288446875 -2.3598983220834784 2.7640845430361676 54 49 47 0.937696835770225 29 729 31 484 36 148 9 88 16 287 14 213 6 89 7 80 18 152 19 255
1317 0.92773890252375169 -2.1827602577455703 2.8290617205379083 187 141 78 0.38202179269908465 27 133 31 514 36 186 39 151
1318 0.74613011339556468 -2.0259177492102749 2.9265274600616782 149 116 71 0.121851726560001 29 584 31 553 37 419
1319 1.5313498210689558 -1.9462577272170152 2.8826768255014419 110 96 87 1.0481289354934946 27 197 31 576 14 380 6 517 7 360 8 226 19 235 18 20 3 219
1320 1.4335326988044153 -1.9319674944421394 2.9055163620055491 149 116 78 0.66195699319006174 20 240 28 909 31 580 36 666
1321 1.1954355015973479 -1.8848990081232342 2.9508014688236046 185 164 145 0.39030617896571546 29 314 31 592 34 240 10 148 9 226 6 196
1322 0.92392254915196703 -1.7990988413155289 3.0342207781657864 40 37 32 0.4202657631459914 30 728 31 608 11 167 9 252 14 121 6 225 23 187 17 101
1323 0.91117563690742798 -1.7928810165740294 3.0420110947262842 107 91 81 0.6701724745053772 30 489 31 609 6 230
1324 0.90887694219097959 -1.7938673852359235 3.0435764858602199 107 91 81 1.0412923743303419 30 490 31 610 39 463 10 341 12 304 13 304 16 373 25 532 23 590 26 455 17 390
1325 0.72010863681168924 -1.7969699403846242 3.0652469576754271 36 24 20 0.08643052626093263 30 493 31 611
1326 0.89946976603819684 -1.7384412647631262 3.0772019684974454 88 76 65 0.76826704647662492 27 664 30 737 31 617 34 271 37 453 12 404 13 398 15 316 11 342 9 467 33 262 8 102 26 457 25 535 17 307 3 120
1327 0.9406427304854923 -1.7222998299101566 3.0796125023772296 18 16 12 0.70083878486643003 30 742 31 620 36 302 11 176 9 469 6 248 7 298
1328 1.501097757578377 -1.678720823953515 3.0319961845967343 26 18 30 0.4781696682485202 27 252 30 522 31 637
1329 1.0026705660016517 -1.6914175812408001 3.1019334920912405 20 15 12 0.37732986331875201 30 753 31 640 14 529 9 633 6 654 7 408 6 556
1330 1.3562996138757824 -1.6440930868235479 3.0631410627213267 1 5 16 0.64026352013879173 27 254 31 647
1331 0.76194002623392743 -2.7258647489706602 2.5269316343183852 31 27 26 0.113905349306839 35 495 31 651 37 472
1332 0.76262060147225497 -2.7274767061358483 2.5345336761382611 31 27 26 0.3027690912108621 35 496 31 652 37 473 12 8 10 197 11 200
1333 1.3463651612924987 -2.3154920539071058 2.6996693200648529 145 120 113 1.4843365674975286 30 623 31 713 40 134
1335 0.79815894199604465 -1.9435529351030261 2.9726582906550307 144 113 72 1.2727450604156001 29 295 31 777 32 705 39 595 38 558 9 432 7 142 23 211 26 148 19 12
1338 0.84069503096403486 -1.7665598551223578 3.0692011345923613 98 84 71 0.64109655648862363 28 793 31 811 32 566 38 434 10 434 12 401 13 396 11 414 16 209 9 550 14 520 7 499 8 322 3 388
1339 0.94339973375172148 -1.6907149930682261 3.1114940104952375 16 15 11 0.68449606744282132 27 677 30 754 31 825 36 312 39 275 45 313 23 517
1341 0.8454686893283051 -1.6895925120248834 3.1162124242199898 12 12 11 0.49239559702087554 28 810 31 827 14 416 9 574 6 557 7 307
1342 1.2613800650692173 -1.6651036941592037 3.08658564398459 34 29 26 0.90335665568183998 29 376 31 828 6 559
1343 1.3687095268325868 -2.6693279825821419 2.5000797317346688 26 22 22 1.1896713053567372 30 762 31 829 14 443 6 480 7 323 33 0 23 306
1345 1.2866712205784128 -2.4112949332747786 2.6586688860518555 174 150 121 1.4379834675194205 28 848 31 861 32 638 38 500 18 293
1346 1.0208589247795226 -2.0629805194399689 2.8688020779171315 173 170 147 0.053879546221319886 29 916 31 901 32 813
1347 0.6892802583588763 -2.0620077409889879 2.9223700263819445 34 26 22 0.6397211297219717 20 422 31 903 32 688 36 474 38 386 37 191 37 659
1349 1.1910558416869241 -2.026156769928626 2.8717592697319465 76 50 35 0.11868963652157143 29 924 31 908 32 818 36 651 38 545 34 565
1353 0.65727898815317276 -2.2653750936473909 2.8147227584483621 159 143 136 0.85406295465020532 29 1003 31 974 32 875 36 744 20 354 16 488 10 479 6 675 7 516 8 339 21 352 3 355
1358 0.92834584504679596 -2.5980991387996979 2.6829808516854157 173 150 120 0.1059657630406331 29 1053 31 1022
1359 0.99990434944140261 -2.6138878211335834 2.5908985860566753 89 43 86 0.75066567406232232 28 1078 31 1061 39 810 34 786 37 761 14 450 8 272
1360 0.90388307684772318 -2.5183737541083042 2.6618277499090333 170 145 114 1.1089822745577576 29 1119 31 1062 32 925 36 891 34 788 45 513 40 312
1361 1.5042541324435257 -1.8175568415544545 2.9541751401269596 64 49 46 0.55188053372520274 29 1138 31 1081 11 591 20 552 18 506 8 378 3 438
1362 0.77037609494289827 -2.5806616723618583 2.6229304157694817 172 149 117 0.80414347229318262 28 1107 31 1086 39 841 23 669
1363 0.8058196134342448 -1.7517336985772125 3.0817962115232942 55 43 29 1.2118627044226127 35 824 31 1105 32 994 36 928 39 853 38 816 34 832 37 802 10 644 12 614 13 596 15 610 11 608 16 656 9 736 14 671 32 977 7 591 45 573
1364 0.69101810367689132 -1.6611732589241055 3.1491746220493004 6 8 5 1.3123208955356815 35 810 31 1106 32 995 36 915 39 840 38 801 34 813 37 755 36 886 45 576
1365 1.0784818884103275 -2.5684581800258961 2.5194560647990842 99 55 91 2.2930931064934366 29 1145 30 1105 31 1112
1366 0.66371577942525106 -1.9871620821189522 2.9634995129510093 82 69 63 2.3799854399539027 35 818 31 1124 32 1013 36 924 38 812 34 828 37 798 33 509 40 310
1367 0.68565585660924855 -2.5035793472055765 2.7782847405587785 35 31 28 1.2720181347941584 28 1177 31 1132 32 1021
1368 1.3320184370238235 -2.0680508537514921 2.833289181279488 131 91 49 1.0027099388436591 28 886 27 736 31 254 20 93 35 413 27 610 30 426 29 574 32 510 28 730 36 214 39 408 38 378 34 400 37 400 10 110 12 90 13 89 15 90 11 108 16 133 14 76 19 48 24 205
1369 0.92277499045520173 -1.9739355670412144 2.9325908271725867 172 163 153 1.6196311021713685 35 734 28 1066 27 909 30 1029 29 1081 31 571 32 908 36 833 10 493 28 541 11 467 16 502 9 536 14 498 29 286 6 518 7 364 18 49 18 364 8 230 25 157 23 385
1370 0.91523784340624925 -1.763723824839285 3.0580685709819662 12 8 4 1.7734014102386497 35 469 30 735 29 822 31 614 31 341 32 564 36 298 36 527 34 268 37 450 10 432 12 400 13 395 15 313 28 595 16 381 15 314 9 464 14 127 7 294 8 100 25 332 25 533 23 191 23 591 26 456 3 115 3 116
1371 0.79849443303511147 -1.8341014412162677 3.0355164561308272 107 98 87 0.49748891889326197 35 594 28 929 29 956 31 803 20 12 29 813 32 726 36 689 39 611 38 428 34 597 37 575 10 428 12 396 13 390 15 391 11 410 16 451 9 459 14 286 6 438 7 162 18 246 8 92 19 1 20 13
1374 0.78928186464410011 -2.2855347798117132 2.8022549240572405 26 22 15 0.68185643801501983 27 374 28 150 29 169 35 135 31 497 36 162 39 131 38 140 34 132 37 135 45 115 40 77 40 148
1376 0.62293825905479883 -2.8678168286946768 2.4627097027351916 25 24 22 0.4114532533712798 28 2 32 6 36 322
1377 1.3198373369214436 -2.7539289113880145 2.4480576100499665 28 24 23 1.227049863515405 28 18 32 13 38 5 19 179
1378 0.70413808401540701 -2.7402426614723443 2.493526343905387 28 20 18 0.090564634079816075 35 276 32 15 34 286
1379 0.69352477745932162 -2.7308618873537585 2.5445934602568876 48 43 40 0.22877677590951062 28 20 32 16 36 327
1381 1.2081409036710673 -2.6369283277064608 2.5537786096245694 80 44 59 0.20172320157890278 27 24 32 26 38 13
1382 1.386545189360072 -2.6091654063199634 2.515001490912661 182 150 151 0.028035446112636978 31 37 32 40
1383 1.1840745396681072 -2.6067906161900947 2.5643001868661051 81 45 60 0.14107670064868752 35 27 32 49
1384 1.2416297075829137 -2.6155545930256694 2.5957568387155638 88 42 79 1.7041793478719471 28 1139 32 50 30 1106
1385 1.1061766485201086 -2.5849090531434289 2.5964890437521357 181 143 159 0.1241345909045556 28 69 32 82 36 66
1386 1.2206520929291771 -2.4814032678275892 2.6302778446535173 82 42 73 0.13465893396360645 28 113 32 128
1387 0.98253448632623219 -2.4744298385027936 2.6704726196395612 176 143 160 0.14278259921229544 28 115 32 130 36 118
1388 1.2844412220821899 -2.4554545376332038 2.6337508625523163 86 46 74 0.11790440536690437 27 341 32 137 36 124 39 100 38 108 34 99 37 101
1389 1.0708685655652304 -2.4508215896633492 2.6508406307706407 183 148 157 0.06122652933621299 30 62 32 140
1390 1.0708685655652304 -2.4508215896633492 2.6508406307706407 183 148 157 0.06122652933621299 30 63 32 141
1391 1.2569039157825694 -2.3900984387518345 2.6695054886155845 105 81 68 0.105009437457809 35 365 32 170 45 91
1392 0.88381606637128762 -2.3326257787238007 2.7778506994870602 94 62 69 0.43703629110851622 28 141 32 179 45 105
1393 0.93373171720546544 -2.3279992503628053 2.7548480193692275 101 72 77 0.34887195022539547 27 101 30 82 32 180
1394 1.2433487838438759 -2.3015735708557314 2.7208383183855354 92 63 69 0.020161001602866088 28 148 32 187
1395 0.64865571910343589 -2.2131769833165875 3.0442359208753689 168 159 160 0.68963866414182673 28 193 25 547
1396 1.539715410636153 -2.1241707063780817 2.7818277800252491 139 137 105 0.18580195310564052 27 152 32 235 34 168
1397 1.3250873750694458 -2.1093584236753968 2.8412986549060784 188 152 120 1.7123638442455931 30 156 32 244 33 237
1398 0.83178163193816712 -2.1213877881259036 2.8838371833926484 178 160 148 2.0242431892444204 28 214 32 245 45 149 40 163
1399 1.2966189718000287 -2.0971231827316585 2.8060215517829215 195 162 129 0.18411197852565389 31 240 32 247 36 208
1404 1.7623446134758616 -1.8672041275272513 3.3067029096082239 215 213 214 0.93256739571221048 31 931 32 332
1405 0.93294909090335043 -1.7856081501565075 3.0364676968100657 65 56 53 1.6554841119962245 28 298 32 350 26 120 17 104 17 200
1406 1.2620329982798635 -1.7549320480605723 3.0124904677423574 54 45 42 1.4377753907519824 29 634 32 358 36 523 39 264 6 231 7 163 19 6
1407 1.2965307568760864 -1.7061274076398725 3.0479312541325472 80 59 54 0.73768878616646405 29 638 32 369 39 269 10 568 12 156 12 532 13 157 13 521 15 148 15 535 11 174 11 480 16 569 9 628 14 525 6 649 7 500 25 280 3 318
1408 0.85898161442612342 -2.6223347091853517 2.5994859068788263 180 153 140 0.19648578553686247 28 334 35 289 32 383 36 30 39 23 37 285 45 43
1410 1.5030796436203071 -2.2544546756033164 2.7126781502989572 61 48 40 0.5718341050565845 35 382 32 473 38 141 37 136 25 235 12 59 13 55 23 289 26 7 19 90
1411 1.145885447896652 -2.0839198270754906 2.8454902567826705 126 112 67 0.24001693411014918 31 539 32 507 39 183 34 186 18 59
1413 0.80461936590279182 -1.7757866300522205 3.0486950675791062 119 100 85 2.0059802971993252 28 592 32 565 36 296
1414 1.2668796178117443 -1.7403732320565946 3.1093369147213568 18 14 13 2.1163363838266434 35 253 32 569 34 457 37 580 14 441 11 486
1416 1.0700577715963744 -1.7068178601625446 3.0797523091338661 82 72 67 0.92611046039759859 29 831 32 576 36 538 39 475 38 443 34 469 37 459 10 452 12 416 13 410 15 405 11 431 16 520 9 566 6 545 7 398 45 311 8 251 25 575 23 631 26 492 3 243
1417 1.6000505314100968 -2.8961648303505454 2.4445601161805448 69 67 68 1.0787181588881987 35 602 32 582
1419 1.2466024988233408 -2.5905762685618661 2.5669085376223113 181 152 142 0.14598735148128494 27 520 32 606 39 508 34 301
1423 1.1365903378327065 -2.4120578221583311 2.6850683595430151 175 148 121 0.25998776374004884 30 603 32 641 39 533 34 535 37 509
1424 1.2726004505248405 -2.4074000413178074 2.6690223438459797 172 148 121 1.0149427793233146 27 710 32 643 14 196 6 497 7 232 45 343 17 251 23 452
1425 1.6147299175963765 -2.1371279053896348 2.7684613077876117 66 80 54 0.8415146515136277 28 716 32 672 36 451 20 119 33 107
1426 1.0622245217369133 -2.1338754655105183 2.8283703304054839 124 78 45 1.4030796095139577 28 211 32 674 45 258 33 320 23 131 25 107 26 262
1427 1.3327542651883952 -2.0463697605285169 2.8178131173982348 165 123 78 0.58249969647573285 29 768 32 685 36 465 40 231
1428 1.0099724443053943 -1.7064901932308325 3.0843033294801163 89 77 65 0.18919604954903971 31 626 32 743 39 477 10 446 12 423 13 404 15 412 11 425 9 562 14 295 6 448 7 402 8 186 3 237
1429 0.99915614876746739 -2.6038226879124613 2.5922065447630547 90 40 96 1.4156537793877404 20 313 30 774 32 760 39 629 38 590 17 383 40 185 44 190
1431 0.86681696290360255 -1.6524057063971684 3.1158464557911087 4 6 5 1.9164318610271234 28 1168 32 1019 36 948 39 874 45 574
1432 0.91726208663410991 -2.7873089239692934 2.4850931844124364 40 34 32 2.0632596810480011 28 11 29 12 31 11 32 12 20 193 28 8 35 2 27 255 31 7 36 5
1433 0.64050699212825468 -2.7584461710964905 2.5255021399719362 31 26 24 1.4144862413208825 28 14 30 268 32 14 28 15 30 269 29 19 31 15 36 7 36 8
1434 0.74279506530246409 -2.7208160406202535 2.5430439531779023 39 36 34 1.9415934131595323 30 273 31 19 32 19 28 21 35 11 27 10 31 17 36 10 39 12 38 9 38 10 34 7 25 165 25 331 23 196 23 397
1435 0.84942302700198036 -2.7061389689939865 2.544974182032663 41 37 36 0.17139191740984225 35 15 27 257 32 20 35 16 27 258 31 21 39 14 39 15 34 10 34 11
1436 0.64292646107950158 -2.615196835503816 2.6248465004351709 40 36 33 2.4201973950539859 28 333 29 394 31 375 32 44 35 34 28 344 30 545 29 400 31 382 36 35 36 348 39 33 39 293 38 27 34 27 37 289
1437 1.1247361295278528 -2.3962603799379805 2.6893436023270767 118 92 90 0.14496332803517456 35 119 28 451 27 360 20 123 29 497 32 166 30 366 31 140 36 141 39 120 38 124 34 121 37 120
1438 0.69695714903964834 -2.3725821738262334 2.7572058605325869 89 85 83 1.8322704793958464 28 137 27 97 30 79 29 155 32 176 27 367 30 373 29 506 31 480 20 247 36 426 16 284 10 246 11 243 9 84 14 39 6 341 7 77 25 198 26 166 19 68 3 39
1440 1.270844920486965 -2.3105237860956116 2.7079412807790235 105 78 80 1.0399461865138497 35 543 28 859 27 721 30 819 29 896 31 877 32 182 29 517 31 160 36 619 39 128 39 548 38 516 34 126 23 63
1441 0.79295838771695115 -2.1238530771234632 2.8814710200225417 167 138 102 1.2422444388770866 32 241 20 52 28 217 27 156 30 152 29 236 36 202 36 205 39 178 18 94 33 112 25 181 19 32
1442 1.2464944095011976 -2.0926291824855419 2.8338138170478944 97 88 71 1.4151912240239923 28 220 27 159 32 248 35 183 28 222 27 161 30 159 29 246 31 243 36 207 12 88 13 86 15 87 9 168 14 74 17 43 23 459
1443 1.1832789242547215 -2.0272103684518088 2.8729845507922196 82 59 41 1.2504896292060563 35 729 28 1063 27 906 30 1024 29 1079 31 1042 32 817 29 923 31 907 36 828 38 544 38 717 34 564 34 732 14 583 7 467 45 463 18 259 7 115 23 561 25 509 26 427 17 349 24 392 21 248 40 273
1445 1.0257395867828134 -2.602039591199818 2.5970400099218356 86 41 79 0.59879942437511058 35 298 28 641 27 516 30 553 29 669 20 180 31 666 32 603 35 297 28 50 27 515 28 640 31 665 36 346 36 347 38 274 38 275 34 298 34 299 10 204 12 180 13 181 15 167 11 208 16 14 9 330 6 305 7 9 45 213 18 200 18 201 33 279 8 10 25 101 23 132 17 199 3 174
1446 0.78909593386797949 -1.7760876836022019 3.0615163700449686 99 88 78 2.2784803858562936 35 778 32 951 28 792 30 734 29 821 31 810 36 526 39 800 38 767 34 778 13 512 27 947 15 306 16 379 16 566 9 256 14 519 6 239 6 646 9 255 14 123 45 187 25 616 19 336
1447 1.5675000598797573 -1.7440337119816813 2.9952373816989666 45 31 31 1.8762326695999163 35 599 28 938 27 487 30 504 29 351 29 961 30 893 31 936 32 354 20 55 28 304 32 844 36 294 36 786 39 713 38 678 34 603 34 690 37 251 9 466 14 399 6 441 45 286 45 472 8 180 3 122
1448 0.60386064333087686 -2.941921871685262 2.6132848806757334 47 47 47 0.13876265343614302 32 2 36 2
1449 0.96782982947887208 -2.6403895697851931 2.563308473333862 175 149 122 1.3943791113341915 29 27 36 12 23 358
1450 0.73588889541377533 -2.6164457288909535 2.610733808419631 38 29 24 0.2921811023582947 28 337 36 38 34 28 37 24 24 94
1452 0.93668204946190159 -2.4985350679457548 2.6614148108679885 177 150 134 1.8837404063570351 31 117 36 109 39 95 45 233 40 57
1453 0.9923608016562766 -2.4444784601116361 2.6835802685269425 86 45 81 0.18495772550370357 30 349 36 128 9 69 14 28 6 61
1454 0.98582307492508825 -2.3268831295730066 2.7596449465748374 98 66 74 0.24514454492958007 32 181 36 153 45 100
1455 1.5900122204245195 -1.9424932774599015 2.8779406947864343 54 40 39 0.13343944322728776 30 198 36 239
1456 1.5569270772466319 -1.8114105940077323 2.9467415579500571 53 40 38 0.97525846734246768 27 479 36 275 38 236 9 241 14 112 7 282
1457 1.1551240475108717 -1.8142146136598833 2.9948830964871944 159 114 74 0.13718437067418063 31 605 36 278 9 245
1459 0.83998151185626135 -1.796505624157698 3.0526620478598563 114 100 89 1.0608936369346338 30 731 36 292 16 206 7 168
1460 1.3319598012037848 -1.7047108611433368 3.0337634771633928 25 19 22 1.2119192759338218 29 639 36 303 10 564 12 527 13 516 15 531 11 175 11 533 16 564 9 625 7 496 3 313 13 158
1462 1.7573615171983683 -1.5307688072504293 3.0017945899210976 26 28 25 0.78648459625483813 31 357 36 315
1463 1.7685040575382869 -1.4884984832654666 3.1063394501234187 46 48 47 1.2050976794101962 30 265 36 316 39 278
1464 1.2337735808180983 -2.4967058577100625 2.6263963886756607 187 160 143 0.25724443106182032 32 444 36 405 18 146
1465 0.64873444585873274 -2.3415378841037069 2.7732300359026465 98 95 101 1.2157366908687097 31 490 36 433 38 136 12 52 7 240 14 338 21 229
1466 1.5932535328700748 -1.9600973562172399 2.8691753367110899 90 76 73 0.34382646491575486 20 100 30 694 36 486 10 312 15 270 11 293 9 211 14 95
1467 0.66699787473181582 -1.9114735548986457 3.0142985753326643 96 75 70 0.33933244159145448 32 543 36 499 39 446 38 419 34 438 10 158 12 128 13 136 15 121
1468 0.66664861316582402 -1.9105680488138432 3.0148346048774566 96 75 70 0.50820105491550149 32 544 36 500 39 447 38 420 34 439 25 362 23 424
1470 1.0904164246501349 -1.8699299191561642 2.9741103288080812 183 166 150 1.7526303425323064 20 336 29 324 36 509 10 556 10 660 12 130 12 631 13 137 13 506 13 611 15 628 11 623 16 676 9 753 14 703 6 767 7 618 8 422 19 555 21 413 3 303 3 473
1472 0.98892514054111702 -1.8114087809546493 3.0321776195610557 138 110 83 1.2774981745958862 30 485 36 517 45 180 17 198
1473 0.96543438427030104 -1.7658914132538597 3.0452678822370025 59 49 47 1.0023306428816849 28 791 36 524 39 465 15 309 16 377 26 452 23 585 44 310
1474 0.77648410537367862 -1.7212321459559294 3.1003099176688589 16 12 10 1.5195945278195944 20 206 31 938 36 533 45 315
1475 0.81924776146089096 -2.6420209243218871 2.6772484935544467 175 149 125 0.6030503180043929 32 382 36 569
1476 1.0754325189903466 -2.5996800888237188 2.5879566524915139 146 109 123 0.77357177333731952 32 604 36 574 34 500 45 33 18 192 23 121
1477 1.074943090595383 -2.5979501737152604 2.5913082729407133 146 109 123 0.89859768367149617 32 605 36 575 34 501 23 122 25 87
1478 0.95548145034015453 -2.5322326251540308 2.6450521232005149 179 154 128 0.43582454152009681 20 281 35 520 36 592 39 521 38 490 34 517 37 496 12 195 10 220 13 198 15 185 11 223 16 252 19 290
1479 1.4258419956240851 -1.9263937409731131 2.8774867058972782 158 116 81 1.6153623909694108 28 908 36 665 33 341
1482 0.81358498800552681 -1.9577887610320928 2.961470851693059 68 57 51 0.53585582098837625 29 1032 36 770 10 410 9 423 6 416 7 280 21 325
1483 0.81332539475665033 -1.9577385816965709 2.9612856842658317 68 57 51 0.54586681527012382 29 1033 36 771 10 411 9 424 6 417 21 326
1484 0.76461844188730088 -1.8375317610744566 3.0420717614804529 61 40 37 1.1858271106418594 36 781 19 413 20 419 32 342
1485 0.90641326566317348 -1.8261166485457572 3.0209551873979801 171 155 138 0.83933937879239751 28 934 36 783 16 513 8 177 19 199
1486 1.6007164107619607 -2.0918345368002678 2.7910096604510404 34 36 35 1.6601983640942948 29 1102 31 1038 38 787 36 866 26 412
1487 1.063976124832446 -2.2336593275914245 2.780908905476192 136 36 21 0.2344290702407833 35 142 28 473 27 386 30 380 29 189 31 184 32 475 36 171 28 474 30 381 32 476 39 140 39 141 38 147 38 148 34 137 34 138 37 142 10 72 10 73 13 58 13 59 15 55 15 56 16 96 16 97 6 116 18 101 18 102 8 292 14 621 19 62 19 63 33 464 21 71 21 72
1488 0.85432406302170993 -2.6236869883841316 2.6044247135935326 176 150 129 1.8700038853014722 35 290 28 335 30 541 28 628 29 396 31 374 32 384 36 31 36 336 35 288 31 373 39 24 39 292 38 269 34 295 37 286 37 288 40 114
1489 1.3305282703316759 -2.5693164238692581 2.5605156753181459 141 111 124 0.39432188708465532 28 79 27 52 29 81 31 69 32 83 36 68 28 377 29 436 45 21
1490 1.3326573699615323 -2.5716478048364886 2.567866497028068 184 147 161 0.34890051397033311 28 378 29 437 36 69 28 80 27 53 29 82 31 70 32 84
1491 1.0176980791259285 -2.5109675128495423 2.6499102409079587 170 142 142 0.15176788112094919 28 105 30 340 29 120 31 116 36 105 35 90 28 104 27 70 29 119 31 115 32 121 39 87 38 94 34 86 37 85
1492 1.1857646163548954 -1.8742511038981979 2.9634120159998267 162 135 113 0.55469737152799437 27 466 29 322 36 264 35 233 32 323 39 240 38 225 34 244 37 233 45 165 17 163 25 283
1493 0.71138308142722184 -1.9030799657447421 3.012298032905468 78 59 54 0.60633115082574796 27 463 29 310 32 547 28 773 30 705 36 260 36 261 28 774 30 706 39 235 12 134 6 206
1494 1.4855983971695683 -1.850144904869893 2.9467573667458229 94 77 75 1.7147545502272388 20 233 28 290 30 478 29 625 31 601 32 329 36 265 35 235 28 573 30 471 29 329 31 310 32 327 39 248 34 246 34 249 10 328 12 391 13 386 15 387 11 405 9 450 14 279 6 432 7 141 8 76 3 114
1496 1.5025060087049391 -1.8617251932910786 2.9296989815148122 67 52 47 1.4614982308364368 28 278 30 215 36 675 30 873 31 928 31 785 11 150 9 230 6 201
1497 1.5570812169308459 -2.1112275192192667 2.791494442409503 38 29 22 1.5749848046822668 35 177 28 219 27 157 29 241 31 235 29 757 31 739 36 636 30 151 9 162
1498 0.6334698967893152 -2.2361187245449381 2.8343866188455471 41 37 38 0.31047833109514722 28 1050 30 1007 29 1067 31 1035 20 432 35 761 32 934 36 862 28 1086 30 1048 29 1098 39 782 38 747 34 759 37 735 19 433
1499 0.72183770399920455 -1.8218745455218956 3.0582467141545959 104 79 72 1.2488567917275888 28 1101 27 946 30 1070 29 1111 32 950 36 880 31 330 38 766 37 748 45 531 33 460 25 620 23 678 26 533 17 477
1500 0.5953958988618443 -2.8640826640751733 2.5122618072577394 30 29 27 1.9400564193631891 20 544 39 8 24 420
1501 1.1329740078489312 -2.584661110399288 2.5968061037298886 87 44 75 0.13234044841640152 27 51 29 71 39 47 38 47 34 48 37 42
1502 0.8768893544317713 -2.2676158155652151 2.7994880146525465 49 33 26 0.062612777331119945 29 172 39 132
1503 0.74554793975097133 -2.176241516347992 2.80973674658394 120 104 105 1.927667362670072 30 124 31 731 39 155
1504 0.70991055871409203 -2.161748977686202 2.8787058085018828 26 16 15 0.39485510386931555 32 228 39 169 34 171 37 166 7 108 26 168
1507 1.4406129495711839 -1.8235413061233894 2.9592525386774979 43 32 31 0.25418905875625447 27 229 39 255 38 234 37 242 15 136
1508 1.2034062243461927 -1.8286594674720518 2.9816032441333302 186 161 141 1.1898419887427363 27 474 32 554 39 256 38 238 34 449 13 145 11 321 45 293 33 346 25 81 17 53
1509 0.75342075787143425 -1.8401865166941405 3.0401884534510808 49 28 25 0.35001419651617166 31 603 39 257 34 255 12 147 13 146 16 203 9 247 14 393 6 437 7 164
1510 0.78979295679918327 -1.8167867401952862 3.0621146233664756 62 41 32 0.189925175784183 32 346 39 259 45 308
1511 1.050100582126148 -1.706209050873533 3.0798114592170438 91 75 65 0.18718129347636359 35 263 39 271 10 450 12 414 13 408 15 403 11 429 9 564 14 299 6 452 7 396 8 184 3 241
1512 1.0201345124965464 -1.6800066159522808 3.1269004349530745 31 26 24 1.7177300959977273 39 276 15 612 13 599 11 609 16 659 9 737 14 685 6 756 7 606 8 413
1513 0.70127016932318409 -2.8682335059491511 2.475156783642479 26 21 18 0.3665406430807443 35 275 36 559 39 282 34 283 37 265 18 213
1514 0.84621696852983208 -2.6246216537996272 2.6165769472782703 177 148 144 0.090309567693069567 35 287 39 291 38 268 37 287
1515 0.60306931197098612 -2.6108180952781788 2.6157820800891352 19 19 19 0.1366352513403406 35 299 39 303 38 278 34 304 37 296
1516 1.2677979402922921 -2.5130118834030735 2.608267382856754 85 50 74 0.24404552606588489 32 430 39 341 38 315 37 331 45 46 18 149
1518 1.0199835985099945 -1.7574633864797413 3.0516220320236358 51 43 41 0.19562670559556083 29 823 39 466
1519 0.84162037892457664 -1.7359082419673006 3.0848975147792697 100 86 80 0.55442150960720393 27 666 39 471 34 463 13 400 16 212
1522 0.99704606840892396 -2.1535401973968362 2.8285449346343312 188 173 148 1.4120666786364537 35 553 39 563 38 529 34 554 37 532 10 99 12 79 13 251 15 75 16 128 6 363 25 301 23 158 26 101 19 435 20 438 24 395 21 243
1523 1.4019233800565678 -1.979978978065688 2.8760247926985327 150 113 69 0.50721893474076996 30 686 39 584 34 570 37 551 18 34 21 253
1524 1.4019966975789553 -1.9796845051364143 2.8753807805427822 150 113 69 0.50139432126158989 30 687 39 585 34 571 37 552 21 254
1526 1.4504824901874442 -1.7399891713305122 3.0080820743830556 177 179 190 0.6542495938592503 35 684 39 616 34 601 34 688 10 604 20 429 12 566 15 529 11 531 16 610 14 638 6 696 7 542 8 357 19 418 3 424
1528 0.8681057367904873 -2.3235827814252157 2.7730356043606981 109 81 92 1.1620060739821829 35 641 36 730 39 658 38 629 10 266 12 61 13 236 11 83 16 298 33 313 19 260
1530 0.61308784157553664 -2.9218176479186555 2.4853473436425406 61 61 61 1.7862191356675288 35 745 36 848 39 767 38 733 37 723 12 594 10 609 13 579 15 577 10 570 11 571 9 685 9 728 14 675 6 703 6 747 7 550 7 578 15 487 33 404 38 773 8 385 13 476
1534 0.66841503220012133 -1.8143790463040512 3.0739415634303349 24 23 19 1.7061897772301948 35 777 36 841 39 799 38 728 34 775 37 749 16 614 25 623 26 539
1536 1.0442034324509391 -2.23052651819703 2.7844541533979688 146 62 44 0.61076457291727138 27 888 30 1050 39 821 45 490 17 436 40 298 22 282
1537 1.6400223769853541 -1.9297302331279265 3.0152015167541779 50 41 36 0.70593042013264362 35 819 36 912 39 836 38 797 34 829
1539 0.66613434487348955 -1.7144443916578751 3.2210870185555138 36 28 26 0.56863234656364658 35 825 36 929 39 854 38 817 34 833 37 803 33 512
1540 1.237189442200378 -2.5690405716142162 2.5775010375205238 85 36 85 2.2995154780729816 20 407 28 830 27 692 30 783 29 859 31 844 36 585 39 60 35 56 27 297 29 88 32 96 36 75 38 54 34 51 34 507 37 596 19 407
1541 1.3990575440558766 -1.8708227541302638 2.9342403933795116 105 75 50 2.8945750561629229 35 230 28 569 30 463 29 319 31 593 32 546 36 502 39 236 20 63 35 454 27 651 30 711 29 802 31 783 32 711 36 503 39 450 38 421 34 239 34 440 37 229 37 436 14 100 6 195 25 34 25 263 23 40 23 315 26 226 10 149 17 10 22 307
1542 1.4078868545991485 -2.2235416060851505 2.7395978570826256 89 63 50 0.66278273914729635 27 116 29 198 39 142 35 385 28 705 37 376 15 53 11 87 16 84
1543 1.5561508863016684 -1.7810494098737548 2.9669835233566704 91 70 57 1.7739064338181136 35 247 31 334 32 348 39 261 20 229 28 789 30 729 31 607 36 518 38 242 10 429 12 398 13 392 15 470 13 465 30 496 11 412 16 561 9 549 14 395 6 531 7 487 14 517 8 241 3 308
1544 0.9350703936528012 -2.1638506255331968 2.842656688324082 182 128 70 1.8613662584726813 35 163 27 400 39 391 35 164 36 196 29 748 38 164 34 162 34 165 37 385 27 141 25 454 23 509 26 378
1545 1.0114037211147338 -1.7138098290584176 3.0841181079396045 8 6 6 1.3614490717430288 31 625 32 742 39 476 35 258 29 360 38 250 34 275 10 445 12 422 13 403 15 411 11 424 9 561 14 294 30 743 6 447 7 401 8 185 3 236
1546 1.3182663556569261 -2.5636103013856979 2.5735835820912296 89 43 85 1.1244631257518911 20 411 28 659 27 535 30 574 29 689 31 676 32 404 36 362 38 289 45 208 33 180 25 30 23 44 26 33 18 161 17 147 19 409 9 327 40 14
1549 0.59498395823883177 -2.8021195930190101 2.5156242337774022 24 20 19 0.45271281470120384 39 10 38 3 37 6 12 2 11 0
1550 1.1442358066321692 -2.6260814456077997 2.5601126920462929 78 45 49 0.46265701157489758 27 28 38 20 37 279 18 193
1552 1.3049576499650324 -2.6108214763733004 2.5506657931989278 77 34 54 0.12258796165593058 29 49 38 24 34 22 37 281
1553 0.95297973974110795 -2.5551885182406666 2.623417688322256 185 152 149 0.70816914146323628 31 95 38 68 37 60 12 28 10 25 13 21 11 27 16 28
1554 0.95297973974110795 -2.5551885182406666 2.623417688322256 185 152 149 0.70816914146323628 31 96 38 69 37 61 12 29 10 26 13 22 11 28 16 29
1555 1.0192309621013778 -2.5475955171774545 2.6280214391271062 77 40 64 0.24065347805308776 27 313 38 79 37 73
1556 1.2040049704015099 -2.4696185414516525 2.6365011669961946 90 44 84 0.12189586680784952 29 134 38 106 37 99
1557 0.62576562290347393 -2.2228975802115603 2.8516795631979597 17 19 17 0.075623846842792844 39 144 38 151 34 146 37 146
1558 0.67163272653380524 -2.0480699078709343 2.9307918874325622 53 42 39 1.1811314672709443 39 197 38 191 37 193 9 188 6 175 7 130 21 384
1559 1.1095427148325518 -1.8085571869909891 3.0067276278754065 156 106 59 0.049257329489563739 29 339 38 240 34 257
1561 1.0037753056701273 -2.482709122650224 2.6563028654888918 90 41 88 0.79367301235955345 27 564 38 330 33 57 19 547
1562 0.95355362533333032 -2.0722297927015876 2.8861929465730265 61 45 41 0.091513450646066863 39 409 38 379 34 402 37 401
1563 0.95081188885960044 -2.0705182510948936 2.8692744690068661 61 45 41 0.38364613808901826 39 410 38 380 34 403 37 402 17 96
1564 0.71293264376895438 -1.9475975796287819 2.9886470338702247 123 98 86 0.7502462230272281 39 217 38 412 10 319 12 386 13 380 15 282 15 381 11 305 16 354 9 437 6 423 18 263 8 74 17 227 21 110 3 100
1567 1.0010484965031829 -2.0320000091747281 2.8891412821144078 173 172 155 0.028127054778317433 31 754 38 547 34 567
1568 1.0357409977715757 -1.9636080841647741 2.925519796201979 188 173 162 1.0121169540804071 27 749 38 555 37 557 9 209 10 135 14 377 6 408 6 519 17 374
1570 0.99208859703735031 -1.9023386665229631 2.9665861683599095 179 166 154 1.0440266357944836 20 421 38 673 10 417 13 382 15 383 11 308 3 103
1571 1.33135587799567 -1.7215251706930044 3.0330464506942763 24 20 21 0.70813189258723075 39 764 38 681 34 745 10 565 12 528 13 517 15 532 11 534 16 565 9 626 14 601 7 497 25 607 23 659 24 432 3 314
1572 1.1031093823898543 -2.6536455213795955 2.554924954195505 181 153 120 0.57069128381452416 20 500 38 735 10 460 12 487 13 430 15 428 11 442 16 467 9 577 14 543 6 575 7 426 19 494 3 258
1574 0.74474998302500117 -1.7567319948230022 3.1184907421401786 10 10 10 1.0437065398934673 28 1152 27 994 30 1122 39 851 37 801
1576 0.81113794285716578 -1.8531735700656795 3.0232960539618468 102 87 80 0.48705391999739067 29 954 31 930 36 681 38 676 36 682 39 604 16 448 16 449 18 358 19 4
1577 0.88368193545930673 -2.6057014943573069 2.6118724345357012 125 86 106 2.638775414168498 20 300 35 28 28 350 35 607 29 407 31 45 32 53 36 40 39 627 38 279 38 588 35 300 28 639 27 518 30 293 29 668 31 389 32 394 36 352 39 304 34 305 37 25 37 297 37 590 18 205 33 11 17 209 19 310
1578 1.2537867247679682 -2.5322424850618721 2.6007349665112085 177 151 121 1.3938811127666433 38 484 20 458 35 619 28 960 27 799 30 915 29 980 31 952 32 772 39 516 39 727 38 693 34 510 34 703 37 491 37 604 12 439 13 438 15 437 11 371 16 402 9 508 14 326 6 489 7 330 18 489 8 139 33 355 25 500 23 552 26 422 26 423 19 455 21 220 3 186
1579 0.85344411877689086 -2.4050112907849086 2.7148657841108994 143 118 108 0.27361221024355115 35 361 32 459 39 362 38 345 35 360 39 361 37 364 37 365 45 98
1580 1.4558901060660903 -2.0803154178988206 2.8119909727655097 163 142 117 0.53334440461637223 35 408 28 729 27 609 29 764 31 744 39 572 37 541 10 390 13 261 15 253
1581 0.63857727099303963 -1.9940040637827354 2.9707886326488508 63 50 47 0.85490713997682821 27 634 29 786 38 405 35 733 28 897 30 852 29 1029 27 860 30 1028 31 1001 32 907 36 768 34 672 37 426 37 712 19 202
1583 1.3548934643551236 -2.250592554243156 2.7327032038646544 54 41 36 0.92842127439577926 28 1082 27 929 30 1046 29 1096 31 1069 32 962 36 897 39 818 38 745 36 860 39 780 34 756 37 733 37 767 45 517 18 524 17 456 23 654 22 330
1585 1.3548934643551236 -2.250592554243156 2.7327032038646544 54 41 36 0.92842127439577926 28 1083 27 930 30 1047 29 1097 31 1070 32 963 36 898 39 819 38 746 36 861 39 781 34 757 37 734 37 768 45 518 18 523 17 457 23 655 22 331
1586 0.61889233278051914 -2.4055903251425113 2.7027836456863716 33 26 23 1.6705908009848649 35 754 27 956 30 1076 29 1060 29 1123 28 969 31 1026 31 1064 32 863 32 958 36 802 39 813 38 622 35 633 39 651 34 634 37 620 37 729 37 762
1587 0.82740759019251509 -2.700595317596254 2.5248742171887817 31 27 25 0.2043589897997454 35 17 38 12 34 12
1589 1.3293322209039142 -2.1575270123956884 2.3051380402795707 81 62 51 0.69337500174711786 38 152 34 141
1590 1.2258395458344633 -2.170767077720388 2.7844295915422901 173 135 90 1.1488648019295584 32 485 38 158 34 153 35 156 18 82 10 79 11 93
1592 1.1448261997332438 -1.9030043456587689 2.9440682207849225 136 106 79 1.3486510298263641 39 230 34 234 16 180 7 139 18 28
1593 1.3285816803484938 -1.7687260612811608 3.0012861881357158 36 23 25 0.87052559002828189 32 560 34 263 25 274
1594 1.5617283566946012 -1.6596031451977524 3.051692965736041 62 32 24 0.35617242347084688 35 267 38 253 34 276 6 460
1595 1.5445366599485237 -1.6467661864945353 3.0853946132003771 8 3 1 0.3314489211789356 35 490 38 254 34 278
1597 0.86929805096914869 -2.5677620296118082 2.6284449236557652 175 152 134 0.28063025680567405 32 617 34 321 10 19 12 22 13 14 20 140 15 21 11 23 16 25 18 203 19 130
1599 0.5983679809605682 -2.6277046221719802 2.5721752497914898 26 25 23 0.16641891771057096 35 23 36 333 38 265 34 496 37 282
1600 0.94762028496438067 -2.4428230841098326 2.6919318818542579 89 46 81 0.95073015282991158 27 571 34 528 45 350 19 276
1601 0.61576016012167145 -2.7524166350882404 2.6808854931741983 35 31 28 1.090257849766709 38 8 34 605 37 13
1602 0.73721461255470799 -2.2918996692400242 2.8017827089407601 49 49 51 0.62315105111149693 20 478 34 651 19 475
1603 0.59110790600192398 -2.7678255870872608 2.4482287958912532 27 23 21 0.72388583395690176 38 581 34 695
1604 0.64485246681130548 -1.8634113515325088 3.0840949805789002 126 103 98 1.5924114800921545 29 331 36 840 38 764 34 741
1606 0.99951471664277158 -2.6164068525331357 2.5893931221363231 86 42 82 0.19631026073157776 39 809 34 785 37 760 14 449
1608 0.63418651950450222 -2.3605963456353956 2.7536532056205121 82 77 77 2.0433321363178796 32 177 35 127 28 456 27 98 29 156 31 481 36 147 39 125 34 125 29 507 31 489
1609 1.0498370106104959 -1.8698239468007432 3.016184867132035 136 110 93 1.6450195616342631 35 455 36 504 39 451 38 422 34 443 35 236 28 571 27 467 30 716 29 621 31 598 36 266 39 247 38 230 37 237 37 437
1610 1.3564902902603335 -2.5822450123042273 2.5588608145595675 89 41 91 0.089295922048202622 35 511 29 680 31 674 27 687 30 781 36 579 39 511 38 478 34 503 28 651 32 612 37 486
1611 1.0906911898409799 -1.9863046925155405 2.9062352621407657 48 43 28 1.9673412175330562 35 436 27 632 30 679 29 785 31 560 36 484 28 1091 27 938 30 1058 29 1104 31 1075 20 430 20 513 39 433 39 788 34 209 34 806 39 833 37 202 10 130 10 596 12 108 12 558 13 107 13 552 15 104 15 562 11 122 11 516 16 598 9 666 14 497 6 624 7 473 33 451 18 517 8 305 23 352 17 273 19 422 19 500 24 458 3 370 40 95
1612 0.78560043391194445 -2.880997452020257 2.4537801494267142 124 124 123 0.060675655374295714 39 2 37 2
1613 1.2900019111549887 -2.8391061854698574 2.4453929176627831 45 44 42 0.1555061124804834 20 200 38 2 37 3
1614 0.62719220751910087 -2.7400677911393281 2.5295936982874379 26 20 20 0.41026021686329028 31 16 37 10 23 219
1615 1.3567975621730157 -1.8702331315616203 2.940242934512189 122 97 64 1.5617841744634458 39 238 37 232 12 126 13 131 11 146 9 229
1619 1.0209707576802791 -1.8635204888333148 2.9846138067402084 129 83 46 1.3142799788715793 31 790 37 566 10 325 12 288 13 295 15 292 11 313 9 232 14 277 6 205 7 146 8 82 19 8 24 347 44 99 23 362
1620 1.1100896935032325 -2.5591660601305741 2.6064839761901615 182 152 142 0.18209453935956335 20 179 35 66 28 385 29 440 31 414 32 410 36 372 38 62 34 62 37 57 35 67 27 304 30 317 28 384 29 439 31 413 32 411 36 373 38 63 34 63 17 79
1621 1.1629384639099183 -2.0425413770311041 2.8688279952787457 117 107 76 1.4369046452201453 35 190 29 269 34 196 37 190 35 421 28 526 27 616 30 430 29 581 31 550 32 517 39 418 38 387 34 412 10 120 12 99 12 456 10 490 13 100 13 452 15 95 15 457 11 115 11 392 16 422 9 175 9 530 14 253 6 383 7 261 8 165 19 357 3 208
1622 1.1840447250090524 -1.9964000335094094 2.889298606472563 125 116 82 2.4925615374583767 27 175 30 184 29 279 31 278 37 198 28 249 27 177 30 442 31 277 10 304 20 67 13 271 16 338 9 413 9 414 6 396 6 397 7 126 8 169
1623 1.0344255628674566 -1.9006004684907767 2.9540472391901424 147 143 89 0.26990837131780582 35 228 27 460 30 207 29 307 36 257 39 233 38 222 34 236 37 227 35 229 39 234
1624 1.5302940124481816 -1.7698410211012872 2.9787686866405605 174 139 113 0.98215010962944449 27 485 30 498 36 289 37 248 27 919 31 1012 32 919 36 842 39 762 38 729 34 742 32 559 33 486 25 375 23 436
1626 1.1236703266765897 -2.0541520304703194 2.8692567440842436 56 81 39 1.4342907619272589 35 415 29 577 39 412 38 382 37 404 28 233 30 171 31 261 38 189 10 294 12 261 13 266 15 259 11 278 16 329 9 400 14 252 6 163 7 258 17 176 26 346 3 69 40 158
1629 1.1082453602581488 -2.1426195735494744 2.8204256622159809 88 65 41 1.2179607187102233 20 359 35 657 28 995 27 844 30 948 29 1018 31 896 32 810 36 753 39 685 38 647 34 658 37 650 10 485 12 451 13 447 15 452 11 459 16 494 9 523 14 476 6 502 7 349 45 253 20 88 18 463 8 151 25 288 23 346 26 254 17 181 21 281 3 55 40 79 22 25 44 241
1630 0.79635221513754406 -2.1007569639954919 2.8763543461812406 117 88 54 2.3720798409512178 29 569 31 246 30 157 29 243 34 183
1631 1.2464235611565282 -2.5888656791736757 2.5709250984924634 200 170 162 0.11035028136883636 20 328 10 13 12 14 13 6 15 12 11 17 16 9 9 25 6 24 19 325
1632 1.307136759007415 -2.1419901213799348 2.7972829700005484 105 73 45 0.72206742131390422 35 400 10 93 16 115 9 149 3 203 6 501
1635 1.4097119132817033 -2.066314332635824 2.826837252817668 198 174 142 0.27112430474470017 20 256 10 111 12 91 11 109
1636 1.1884589091326601 -2.0342198091727104 2.8699572032989975 78 45 32 0.36669288455294713 32 273 10 121 12 101 13 101 15 97 11 116 16 152 7 116
1638 0.89159972241426977 -1.8634134857717553 3.0016252677228463 196 174 151 0.61511029303778575 32 333 10 162 12 139 13 139 15 127 11 153 16 358 25 335 26 130
1639 1.4643400981784451 -1.8252990299822109 2.9567529459183439 75 57 54 1.6771090261674497 30 229 10 169 27 228 15 133 16 188 9 244 14 113 6 212 33 150 19 19
1640 0.91655200018941552 -2.6226434460687384 2.5915251694560997 197 167 139 0.81020564988287225 38 584 10 200 12 178 13 179 15 162 11 204 9 326 14 5 6 300
1641 1.1660647984304295 -2.3114898280210534 2.7262301503539037 159 131 125 1.0416579211711383 20 378 10 253 13 224 15 219 11 249 16 282 9 98 19 380
1642 0.92302852448138306 -2.1742708730282594 2.8342566649186209 203 151 91 0.94545934462100401 31 984 10 286 15 248 16 314 18 386
1643 1.5445675515460142 -1.9921075535671084 2.8572853379374692 95 67 59 0.40531687479756145 20 103 10 302 12 268 13 272 15 264 11 284 16 332 9 195 14 89 6 171 19 50 39 580
1644 1.5444465896861288 -1.9913355254691343 2.8570959094284527 95 67 59 0.24396736599557567 20 102 10 303 12 269 13 273 15 265 11 285 9 196
1646 0.93007939986955346 -2.4386876123606709 2.6945704357636258 196 168 133 2.588650115642404 35 751 10 377 11 376 7 58 8 278 14 27 21 135
1647 1.1982045041529403 -2.0697108910948776 2.8465228247253411 63 20 24 0.23618523725746735 20 242 10 395 12 366 13 357 15 359 11 388 16 420 9 395 14 248 6 377 7 104 8 158 19 233 3 66
1651 1.2540482946761891 -1.711922987707482 3.0458162126617525 76 55 50 0.80168394500981799 20 17 10 508 12 472 13 469 11 479 6 538 7 389 3 315
1652 1.5950725369966723 -1.6711920271483465 3.034091280054223 177 128 93 0.56080300418604823 20 48 10 511 12 475 13 470 15 479 16 458 9 568 6 251
1653 1.4597721748747263 -2.298783327088207 2.6933442570124635 201 173 136 0.67607188630995241 20 524 10 534 12 496 13 485 15 498 11 497 16 532 9 649 6 590 7 438 8 283 19 514 3 276
1654 1.4848604712967342 -2.2660831238737513 2.7064913985248209 70 52 48 0.78097645538169402 35 756 36 810 10 535 11 500 9 583 14 557 6 591 18 469 8 207 8 284
1656 1.6555606704757726 -1.7735478258096882 3.085833601783055 52 31 28 1.0727600040205099 27 921 10 569 12 534 13 523 16 572
1658 1.3812770266324801 -1.7812736740556741 2.9875665002707628 70 72 127 0.82864225945315917 20 476 10 602 12 565 13 559 15 569 11 564 16 607 9 704 14 636 6 693 7 538 18 509 8 353 19 468 3 421
1659 1.4494985770673148 -1.732065435564516 3.0086490889357242 206 209 216 0.16662700902496938 20 428 10 605 12 567 13 513 11 532 16 611 9 678 14 639 6 697 7 543 8 358 19 417 18 439 3 425
1662 1.5323140178353978 -2.0753324768425712 2.8124435086783466 38 36 37 0.89557128633130889 20 539 10 638 12 606 13 591 15 603 11 604 16 647 9 718 14 657 14 682 6 733 7 582 8 392 19 530 21 396
1664 1.1973482271301852 -1.7215367629776479 3.0525486023066195 34 34 34 0.76458718069771603 20 16 10 655 9 748 14 698
1665 1.5555477210964308 -2.2647026685051488 2.6995770519849356 56 43 41 0.59738524747053834 20 159 35 133 28 467 27 379 30 95 29 526 31 498 32 470 36 436 39 130 38 356 34 131 37 133 15 48 11 76 16 66 9 107 14 48 6 87 18 85 19 98
1668 1.5568558257762275 -1.6868807912300985 3.0285292513712152 82 40 26 0.26382428892927628 35 474 28 611 27 675 30 517 29 644 31 635 32 574 36 536 39 480 34 273 37 256 10 349 12 315 13 314 11 180 9 274 14 132 6 249
1669 0.70289881832770651 -2.1237640553841426 2.900215511538669 19 18 13 1.367582575272597 35 659 28 998 27 846 30 952 29 1021 31 991 32 894 36 824 39 686 38 650 34 660 37 653 10 396 39 568 38 533 37 536 12 93 12 259 13 91 13 264 15 257 16 423 9 173 9 396 6 382 18 473 26 506
1670 1.5384010757353279 -1.7678192160199244 2.9944019256686238 134 108 85 0.63127932168833367 10 642 28 1072 29 1088 36 843 39 763 38 730 34 743 12 613 15 590 11 606 16 653 9 725 14 668 6 754 7 586
1672 1.4407563567081807 -1.9952148299158323 2.8650055499394136 168 111 75 0.10281916447582751 27 176 12 105 15 101
1676 1.408222306305871 -1.8993522405213494 2.9197467219011837 149 107 73 0.40348687263373662 10 318 20 74 12 281 13 289 15 281 11 141 11 304 16 177 9 223
1677 1.2409390582074868 -1.7561039636670281 3.0218693015494513 80 65 60 0.56878430982279449 36 525 12 308
1678 1.3206423760778323 -1.7387293043385967 3.0179698041702481 79 61 56 1.055121768235779 20 33 12 310 9 465 6 442 8 94 19 554 3 121
1679 1.6222572102785926 -1.6641933513112355 3.0409105505894241 45 26 23 0.27460443367105691 10 354 29 374 12 320 13 319 15 325 11 183 9 283 14 137 6 253
1682 1.5939450441894885 -1.6708765931752598 3.0364124109111774 181 134 102 0.84392051106430255 10 512 31 940 12 476 13 471 15 480 16 459 14 528 6 652 16 570 7 501 8 325 3 391
1683 1.549466891368638 -1.930125886238018 2.8912853208047382 85 69 65 1.1036231696952872 20 480 12 516 16 550 14 504 7 475 18 235 31 920 8 229 19 429 3 379
1687 1.4354614778797381 -2.225426389503578 2.738335694634356 97 73 63 0.66881945306928148 10 634 20 541 12 601 13 587 15 598 11 576 16 645 9 713 14 650 6 730 7 557 8 370 19 536 21 378 3 432
1689 0.93523741028977547 -2.5502167417830242 2.6307462774919874 126 89 98 0.89076267677027876 20 286 35 325 28 391 30 579 27 539 29 692 31 418 32 425 36 380 39 325 38 308 34 333 37 325 10 213 12 191 13 191 15 181 11 217 16 37 13 27 9 336 15 333 14 173 6 316 7 218 18 190 8 141 19 296 24 61 3 179
1690 0.99900342379570839 -2.4027301337102829 2.7056831736746534 173 149 125 1.0950935059991007 20 522 35 811 28 1143 27 982 30 1110 29 1147 31 1087 32 983 36 918 39 842 38 805 34 820 37 791 10 581 12 542 28 131 27 90 30 69 29 145 31 132 39 114 38 131 34 117 13 532 15 546 11 546 16 583 9 646 14 618 6 668 7 509 45 557 18 583 8 279 23 723 25 664 26 577 19 513 24 482 21 349 3 351 40 365 44 329
1692 0.84777616842378745 -2.0109347720988255 2.9356115792672646 183 145 105 1.5970251289099875 10 132 12 273 29 277 32 283 36 231 39 200 15 107 11 125 16 167 9 198
1693 0.79132939786055889 -1.7136044666285257 3.108395946737728 87 87 84 0.35701093746724966 28 311 27 246 30 511 29 362 31 349 32 371 10 351 12 318 13 318 15 323 11 351 9 275 14 302 6 255 7 179 25 473 3 126
1694 0.91227480244559511 -1.7096408554565476 3.0939981838880866 90 81 71 0.37381937573146273 32 748 36 308 10 438 12 417 28 314 27 250 30 253 29 367 36 307 13 411 15 321 11 346 9 473 14 291 6 453 7 175 8 189 3 130
1696 1.1900583051034481 -1.9655862935397819 2.9026844171993096 144 132 121 0.67951316519693439 10 597 27 861 35 735 28 1011 27 911 30 1031 29 1031 20 225 31 1002 32 909 36 834 39 757 38 721 34 736 37 713 12 559 13 553 15 563 11 559 16 597 9 667 14 585 6 685 7 525 45 391 18 449 8 343 3 373 40 166
1697 1.0072864493980258 -2.4440156144841927 2.6720490500882037 109 68 102 1.7856237450400494 35 750 27 87 30 1044 29 478 28 435 32 144 36 129 34 101 12 492 10 612 12 571 13 566 16 618 9 67 9 645 14 548 6 667 7 434 8 333 19 103 21 372 3 348 40 208
1698 1.6631507906419603 -1.7192179754544403 3.0653787938489141 32 30 26 0.31754099781934747 12 427 13 422 15 485 11 485
1699 1.504535316867857 -1.8899978132136579 2.916908303913615 151 131 123 1.5054574940018131 20 238 35 224 28 562 27 462 28 273 29 616 31 588 31 590 32 541 36 253 39 443 38 217 34 232 37 223 30 213 10 322 12 282 27 204 28 568 29 316 32 313 36 256 39 232 15 285 11 307 16 349 9 441 14 385 6 422 7 279 18 7 8 235 19 219 17 4 24 304 3 109
1700 1.0816095922303686 -2.4415331852783351 2.6675292989415418 91 44 87 1.5707775905260002 20 275 35 354 28 436 27 570 30 346 29 477 31 453 32 453 36 412 39 356 38 338 34 356 37 352 10 45 12 572 10 613 13 208 15 199 11 53 16 54 9 691 14 615 6 709 7 42 45 236 15 544 33 71 8 142 7 36 19 280 24 194 3 28 40 59
1702 1.3368255020322513 -1.9556284205269732 2.89860998880981 176 129 87 0.58050802807046498 38 206 13 117 8 228
1703 0.76403619427969527 -2.2417144134807927 2.8340945619486684 184 173 171 0.71754630748789561 10 279 12 241 20 79 13 247 15 243 11 263 16 311 9 379 14 349 6 362 7 250 18 398 8 47 19 246 21 240 3 52
1704 0.86449624548933446 -1.9387478897157422 2.9632591055835635 180 128 71 0.32804363768121009 20 24 13 286 11 136 9 219
1705 1.445780298173273 -2.6430848358631507 2.5130567332417115 202 168 134 0.50637668987724949 38 683 13 426 15 426 3 344
1706 1.445780298173273 -2.6430848358631507 2.5130567332417115 202 168 134 0.50637668987724949 38 684 13 427 15 427 3 345
1708 1.1352119413419122 -2.6514491673461054 2.5514538087200824 199 169 134 0.52188821360401461 10 461 20 503 13 431 15 429 11 443 16 468 9 578 14 544 6 576 7 425 3 259
1709 1.3832648907981586 -2.5651455468532194 2.5590485266368836 157 113 140 0.74881335797170734 10 611 20 546 13 565 21 370
1710 1.0126185351151957 -2.4654515798102632 2.6837104118950506 91 58 78 0.50519929244189832 28 431 36 121 18 602
1711 1.5986105733490956 -2.143648522459384 2.7684637086894104 124 151 91 1.7305064093496825 20 556 13 572 15 600 11 581 16 624 9 734 14 655 6 605 7 514 21 395
1712 0.88910137300734637 -1.6630080664917133 3.1272941492838338 92 88 83 0.88318274583167877 34 811 13 598 14 427 7 312
1716 1.020090876960547 -1.9744051088261414 2.9191266603926609 133 121 107 2.8709822801349953 20 47 35 571 28 755 30 685 29 788 31 765 32 699 36 488 39 588 38 552 34 575 37 425 10 306 12 271 13 278 20 41 35 445 28 758 27 638 30 691 29 790 31 770 32 531 36 492 39 439 38 409 34 431 37 432 10 314 12 275 13 116 15 268 11 287 11 295 16 339 9 197 6 178 7 272 45 159 45 397 18 45 25 129 25 440 19 21 40 283
1717 1.3028329569058525 -2.0629245177750564 2.8331222199106443 181 162 136 1.539315910828319 35 562 28 732 27 739 29 767 31 749 32 683 36 646 39 574 38 540 34 561 37 543 10 293 12 256 13 262 12 550 13 544 15 256 15 554 11 110 16 321 16 591 9 172 9 660 14 576 6 153 6 679 7 459 18 48 3 364
1718 1.2752389071055619 -1.918751922198263 2.9222148130681913 191 165 150 1.230940926730649 28 262 29 301 36 244 39 218 34 223 13 285 20 58 35 221 28 268 30 455 29 306 31 295 32 307 36 250 39 227 38 215 34 231 37 222 15 275 11 300 16 436 20 57 9 428 14 272 6 412 6 413 7 367 18 353 8 173 19 214 3 221
1722 1.2166267814747274 -1.7518763731203764 3.0243761918385799 77 62 57 1.3815711956245906 35 468 15 312 20 25 11 334 16 374 17 250
1724 1.1766764304158825 -2.3003373338229363 3.1578584276948227 40 30 29 0.10555991008023669 39 381 15 416
1726 1.5507366322068079 -1.867630141887503 2.5897517212212233 176 178 177 1.6985766616859483 12 442 34 684 15 440 35 737 36 838
1728 1.5047768660493004 -1.7065302607723625 3.0128068033382163 140 94 78 0.59219036137552772 39 267 15 475 16 516 9 551 14 522 6 536 7 385 8 244 3 316
1729 1.1059084094967238 -2.238774181218619 2.7728800544745011 153 109 69 2.2348450826884436 20 484 15 505 11 505 7 340 18 559 19 478 3 199
1730 1.2315383100284321 -2.3993502887098974 2.6651692383187284 188 163 129 0.67295946084265634 32 1006 15 579 11 544 16 580 9 692 14 616 6 710 8 334
1731 1.3825643793746503 -2.7306839277111421 2.4684553030267438 58 48 46 0.42119677398866451 20 331 28 619 27 499 30 534 29 650 31 650 32 590 36 563 39 496 34 489 12 7 13 176 15 3 35 494 30 533 29 649 38 463 37 270 11 8 16 2 9 5 45 197 25 8 23 14 23 15 26 14 26 15 17 17
1732 1.233797570744166 -2.2857853104971224 2.7273149319590635 110 98 82 1.1454157072163593 20 540 15 47 10 58 13 47 32 657 11 73 16 75 9 105 7 75 18 105 24 477 21 66
1733 0.75586289828791187 -2.6806366486183926 2.5798749631570081 106 88 74 1.5221283816061153 13 429 15 160 28 23 30 274 36 11 39 16
1734 1.5977886156920063 -1.7486510252626799 2.9974040884148501 102 80 70 1.8457740188257035 30 503 29 633 32 562 39 464 34 453 37 447 35 250 28 599 27 488 30 505 29 635 31 615 32 359 36 297 39 263 38 246 34 265 37 253 10 180 12 152 13 151 11 172 9 265 16 453
1736 1.2213960120817298 -2.3053203241498221 2.7081848909262924 192 168 148 2.0253784637501111 10 54 15 42 16 585 15 548 9 89 14 553 6 670 7 510
1737 1.5111783720679497 -1.7653128368689857 2.9966760586521142 64 42 34 2.037848891570516 10 504 35 248 28 593 27 486 30 502 29 632 31 613 32 561 38 244 37 250 16 515 12 470 15 471 13 466
1738 0.83459463529468281 -2.7445647521322405 2.505033448361039 70 65 62 0.17797601258663528 12 3 11 5 6 5
1739 1.2148547185738439 -2.5920255361432751 2.575563173623884 209 175 177 0.061132076479951225 10 11 12 16 13 8 15 14 11 15 16 11
1740 1.2463988313169585 -2.5892764239348276 2.5710664081630399 202 172 170 0.12579679243535616 10 14 12 15 13 7 15 13 11 18 18 329
1741 1.2290591099657173 -2.5169601433139879 2.6085350474003732 201 171 159 0.16314334205870015 12 35 11 38 16 21
1743 0.9426402732450041 -2.5209907925706507 2.6524520016171862 104 65 82 0.4424857019219372 10 39 13 34 15 35 11 45 16 45 9 46 14 180 6 45 7 33 19 126 24 68
1744 1.0844863569294401 -2.5135032362603993 2.6406958375263181 110 70 96 0.50488126266966493 15 188 30 337 11 47 9 48 14 183 6 47 7 30 3 24
1746 1.4694446656916573 -2.2832699748082264 2.6999534106784973 211 188 158 0.15438751778622722 20 149 11 69 19 94
1747 0.95501597895473744 -2.2722430289356237 2.757910857119672 125 98 103 1.5983182974110024 10 259 12 57 11 77 9 101 21 61 20 569
1748 0.91556391919977964 -2.2958878705227619 2.7774666589373869 202 175 155 2.1765123361338214 38 517 11 84 16 91 18 295 19 71 24 231
1749 1.4084942595077097 -2.2285441096176575 2.7446775819695599 111 85 73 0.8388983900830812 32 663 11 86 21 78
1751 0.83516295224647197 -2.0913304831108714 2.8851079777968445 108 85 67 0.10328152317694275 10 112 12 94 13 93 11 111
1753 1.050043837754729 -2.0588974891766854 2.8696091928735705 49 63 24 0.23903580185817169 10 115 12 96 13 96 15 91 11 113 16 146 6 157 18 61 31 542
1754 1.0511193910064596 -2.0604564004003718 2.8697253970988625 49 63 24 0.68689230723418571 10 116 12 97 13 97 15 92 11 114 16 147 6 158 18 60 21 247
1755 1.1642184750476943 -2.0054279236893362 2.8865581671714602 206 206 170 0.27129853200380771 10 127 12 104 13 104 15 100 11 120 16 158 9 192 7 124 19 29
1756 1.6118054190242401 -1.9323042293655224 2.8866027707002391 67 52 49 0.16916402705615113 10 140 12 117 13 123 15 111 11 135 9 220 6 186
1757 1.5482415544717836 -1.876050769070144 2.9165554867070056 80 60 60 1.7419132992215851 12 283 15 118 11 144 8 176 3 110
1759 1.0508913985905495 -1.8271639142818401 2.9937570641254587 109 67 39 0.4006905525166129 10 334 12 143 13 143 11 159 13 300
1760 1.547838356199789 -1.8501719415444964 2.9537415931435467 104 75 72 0.12679028407139045 10 170 12 294 11 161
1761 1.7097641490530708 -1.689566665013023 2.9444836109637609 51 53 52 1.5650137958154755 15 140 11 164 14 285
1762 0.80577133351495933 -1.8327929544219519 3.0459523563743689 55 37 26 0.1366817956535735 12 149 13 148 15 143 11 166
1763 1.5306409660773463 -1.739726477436627 2.997102749993128 166 110 73 0.20001042050145501 10 176 11 169 9 264
1764 0.80201546643968236 -1.6151855109959388 3.0594558564816539 150 133 114 0.89751947665972942 10 344 11 171 16 210
1765 1.2058641827431609 -1.7074986188339891 3.0353678404393261 41 35 30 0.51104379105165065 12 311 13 153 11 173
1766 1.6205265698623275 -1.648766896565562 3.0393698991539781 48 24 21 0.42434788351348496 10 355 12 321 13 320 15 326 11 184 16 385 9 284 14 138 6 254
1767 1.4805047535993929 -1.5887296726862261 3.0860940983926302 78 54 52 1.3681264606200652 15 153 11 185 9 302 6 275 7 180
1768 1.3572922870690101 -1.6658029410431758 3.1067702191541398 78 54 50 0.40359275158471558 10 190 12 165 13 164 11 186 16 220 6 283
1769 1.3828092702083252 -1.5952674833441913 3.0961760881653055 75 46 46 2.2784117988241936 12 166 15 156 11 187 16 219 9 306 13 165 6 280 6 724 7 188 9 301 3 141
1770 1.4465090623256296 -1.663161830861688 3.0972689675972171 77 48 46 0.19107575396799581 15 154 11 188 9 303
1771 0.96932673420200044 -1.6610371478395827 3.145883980914526 66 47 43 0.48621847305764931 10 193 11 189 9 304 6 475 8 193 3 142
1773 0.77500959279117676 -1.6700752258506937 3.1670935215207821 76 51 47 0.68860720070921333 10 195 12 170 11 191 9 490 8 120
1774 1.6309276943210325 -1.6811066619506649 3.0877006316484104 83 53 51 0.30629348365801773 10 194 12 169 13 167 15 157 11 194
1775 1.0823430058735997 -1.656061191873218 3.1342376681495523 67 47 45 0.83954930335240985 10 192 11 195 12 167 13 166 16 225 9 487 14 442 6 473 7 317 8 118 3 249
1776 0.97463174169518862 -2.6155652075222826 2.6037844674417006 106 65 100 0.47798431376827905 10 203 12 334 15 166 11 207 9 329 14 163 6 304 3 172
1777 1.1520955922737319 -2.4895234526667078 2.6484570954433404 108 69 99 0.27981142464875614 10 227 12 200 13 204 15 193 11 231 16 258 7 37 3 194
1778 0.63890108383579458 -2.1659476675669014 2.8766446372811143 121 98 101 0.28310975270954464 10 287 12 250 13 254 15 250 11 269 16 322 9 387 14 244 7 254 8 55
1779 0.77951585059439188 -2.0530608532253716 2.9143039030790043 89 68 44 0.33790888036669453 10 296 12 262 13 267 15 261 11 280 16 336 9 181 14 82 6 169 7 128 18 270
1780 1.3868608032691021 -2.0054180740684147 2.8639768564250234 62 46 30 0.19681162618126932 12 374 13 270 15 367 11 282 16 425 9 410 14 369 6 390 7 265 18 247 19 237 3 86
1781 1.0381034973352699 -1.9323715018264429 2.9364140657213089 180 147 130 0.1534569767576098 12 277 13 283 15 272 11 297 9 215
1782 1.0978857316262807 -1.7476537760762487 3.0441582589277778 86 76 67 1.2057908420937042 39 467 11 337 6 244 8 99
1783 1.1316984249821398 -1.6622734770384842 3.1170512908031744 35 25 23 0.37099758108137454 10 360 12 325 13 322 15 327 11 356 9 484 6 563 7 412 3 327
1786 1.1816857091621562 -1.5886641686424041 3.1143627481298406 72 53 49 1.3146960607751601 15 329 11 360 9 489 14 311 9 486 6 471 7 314
1787 1.2958514428618317 -1.6464019612594207 3.1835647735534653 94 58 53 1.0784706542462741 13 333 11 362 16 226 9 309 9 311
1788 1.5042163019954873 -1.7082882070086833 3.1721337097411442 94 52 53 0.36699466372760453 10 363 12 329 13 331 15 330 11 364
1789 1.3550865562288641 -2.5855663242403999 2.5584503775850851 111 69 108 0.12987307419847971 12 333 11 366 9 501 14 156
1790 1.1689382940046984 -2.5249769838862748 2.618169707723156 195 165 139 0.18590129259881435 10 370 12 340 13 339 15 336 11 372 16 405 19 404
1791 0.58358400795273224 -2.6788542254747236 2.7195398275955629 182 183 181 1.9291512319515225 10 44 13 213 15 492 11 375 10 526 13 442 12 46 12 444 12 540 9 71
1792 0.63428227064302389 -2.1282289748867003 2.9125489002146883 17 16 14 0.48313878503872265 10 398 12 368 13 362 15 361 11 390 9 529 14 360 6 508 7 358 8 222 3 295
1793 1.5867289145520937 -1.7742376537505893 2.9637380194872995 86 66 66 0.83827510975495312 12 397 13 391 15 392 11 411 9 460 14 394 3 309
1794 1.6349725856901145 -1.6516930884346124 3.0463953472364733 200 177 159 0.16712632764697305 10 455 12 426 13 421 15 415 11 436 9 575 14 423 6 552 7 502 3 323
1795 0.95565820826180858 -1.6529380486510883 3.1331177083817865 49 29 26 0.49778288172882029 12 429 13 423 15 418 11 437 7 413
1797 1.0364181336838343 -1.7187386761198176 3.1342347238718511 33 18 15 1.0753982813298109 10 458 12 431 15 421 11 439 14 144
1798 1.0455045349150047 -2.5337513814163626 2.6307169747126857 197 171 141 0.14512387896665874 10 471 12 441 13 439 15 439 11 451 9 510 6 493 8 204 3 266
1799 0.63765308520255481 -2.2357151085116267 2.8334236821961207 61 57 54 0.53684841233902625 10 481 12 448 13 446 15 449 11 455 16 492 9 587 14 473 6 600 7 457 18 529 8 212 21 279
1800 1.6287109368930912 -2.1435101995938344 2.757628422626873 25 26 21 0.4019370569162094 10 484 12 450 15 451 11 457 16 486 9 590 6 599 8 210
1801 0.88240695355856791 -2.1126909450448967 2.8701538469777463 208 188 169 0.31150427797440516 10 488 12 454 13 450 15 455 11 461 16 498 14 482 6 505 7 353 18 470
1802 1.5133137151949074 -1.9510382733610485 2.8769095056426282 85 68 64 0.1480041684199738 13 454 15 461 11 468
1803 1.3364253188655342 -1.6648132441186014 3.0626662432784828 41 37 38 0.36670303187006081 10 516 12 479 13 473 11 483 16 522 9 570 14 414 6 551 7 393 8 256 3 322
1804 1.2233352389444059 -1.7087801945707308 3.2343507595045322 90 55 49 0.29181853958415177 10 518 12 483 13 475 15 486 11 489 14 538 9 639 18 609
1806 1.059609738254103 -2.3222832915106806 2.745419536651418 198 170 136 0.35852975643768953 12 498 15 500 11 499 9 651 14 556 6 671 7 448 8 287 21 303
1810 0.99194684615744766 -1.9697935906578494 2.9283685674390409 62 41 29 0.28253707091957997 10 549 12 513 13 501 15 519 11 518 9 606 14 587 6 627 7 477 8 306 3 371
1811 1.6184006686692978 -1.9569971468177005 2.8689650384855856 100 79 74 0.21979421076336184 10 551 12 515 13 500 15 518 11 520 16 549 9 669 14 589 6 625 7 523 8 304 3 377
1812 1.2348288798411149 -1.8684067958562116 2.9566611155681519 170 57 60 0.24394485057787316 10 500 12 521 13 508 15 525 11 526 16 510 8 314 19 206 3 382
1813 1.6236801358808439 -1.8454746698692763 2.931615201848373 86 68 66 0.4122903530978988 10 558 12 523 13 510 15 527 11 528 16 557 9 675 14 512 6 689 7 530 8 315 3 386
1814 1.3373433809369186 -1.7235021236507444 3.2203590935099853 91 50 43 0.49106300052248714 15 537 11 536 14 536 9 682
1815 1.1650815966359604 -2.5049713150406632 2.6178260193744181 201 171 145 0.34167684405829668 10 575 12 536 13 527 15 540 11 540 16 576 9 688 14 612 6 707 7 554 8 365 21 343 3 406
1816 1.1650815966359604 -2.5049713150406632 2.6178260193744181 201 171 145 0.34167684405829668 10 576 12 537 13 528 15 541 11 541 16 577 9 689 14 613 6 708 7 555 8 366 21 342 3 405
1817 1.119899328352663 -2.428123980434322 2.6890937970912212 179 152 135 0.27989333781253578 10 580 12 541 13 531 15 545 11 545 16 582 21 350
1818 0.72858327938247014 -2.3361641805106816 2.77766287048297 185 164 157 0.77349594163435353 10 582 12 544 13 537 15 549 11 547 16 586 9 693 14 619 6 711 7 559 18 584 8 369 19 510 21 375 3 408
1819 0.72827394106295007 -2.332013063293966 2.778645165690834 185 164 157 0.61067964737792668 10 583 12 545 13 538 15 550 11 548 16 587 19 509
1820 1.1495703253121536 -2.2909317581830662 2.741042311177984 203 175 151 1.5762297437156212 10 584 12 225 13 536 11 549 9 372 14 559 6 592 7 445 8 285 19 378 10 64 24 303
1821 0.76970422385877491 -2.0579120842687462 2.9152752554386505 118 93 64 0.41393239582874131 10 592 12 554 13 548 15 558 11 556 16 596 9 665 14 629 6 682 7 524 18 556
1823 0.58883070611539234 -2.1354869639604974 3.191437352080706 22 24 23 1.169275963341452 10 606 11 566 12 569 13 561 15 572 14 641
1827 0.72332851115821706 -2.5866916998183638 2.6406931946871701 46 41 40 0.89563745794269067 34 787 11 573 7 580
1829 0.77757805102233346 -2.1422267443720702 2.8633768753968627 198 194 191 1.0923403283851449 10 637 12 605 13 590 11 584 16 649 9 717 7 565
1830 0.68153558145367299 -2.0926135017366398 2.9176695050494041 57 56 55 0.5600218247244344 10 623 11 586 9 697 14 628 8 342
1831 1.0083606756651877 -1.9085734578850375 2.9594796938141377 198 182 175 0.74513040971349909 10 626 12 587 13 576 15 589 11 589 9 701 14 663 12 609 15 605 6 718 7 570 18 547 8 345 3 419
1834 0.72222853723367197 -2.0283859713544441 2.9392974021287555 199 198 193 0.57828758829171434 10 640 12 608 13 592 15 604 11 605 16 651 9 721 14 683 6 735 7 603 18 594 8 395 3 450
1835 0.68008740721310268 -1.7793273137686028 3.085647318800544 33 32 30 1.0506780399757967 10 643 12 622 13 594 15 608 11 607 16 655 9 735 14 684 6 738 7 589 8 400
1836 1.3281497496199632 -2.4662552634318966 2.6270681511061684 195 166 134 0.49329336428378723 10 647 12 617 13 601 15 614 11 611 16 661 14 680 19 559
1837 0.89414853343235789 -2.4741349271291968 2.6834257415756668 193 164 133 0.82378027123468311 10 648 12 618 13 602 15 615 11 612 16 662 9 740 14 688 6 757 7 598 8 408 21 401 3 460
1838 1.6076278836111404 -1.6904875667124188 3.0294697660813128 148 114 94 1.5664401538452797 10 650 12 623 15 617 11 613 9 744 14 693 6 762 7 611 8 417 3 470
1839 0.68983236432409356 -1.7239132734975406 3.263386582396155 61 37 35 1.6674925717856508 10 651 13 605 15 618 11 614 15 622 16 667
1840 0.68983236432409356 -1.7239132734975406 3.263386582396155 61 37 35 1.6674925717856508 10 652 13 606 15 619 11 615 15 623 16 668
1841 1.307172192861987 -1.9815526236169489 2.8760481421798634 193 183 168 0.52782252959627018 10 653 12 624 15 620 11 616 16 665 9 747 6 759 7 609 21 407
1842 1.4789529679549809 -1.7933790989314546 2.9585964103240241 109 92 90 1.6980998736887745 10 654 12 625 13 604 15 621 11 617 16 666 9 743 14 691 6 760 7 610 8 416 3 469
1843 1.4067160020399645 -2.4420488462536718 2.6005970280860149 196 169 135 1.5040343011809818 10 659 12 630 13 610 15 627 11 622 16 673 9 749 6 765 7 617 8 419 21 412
1844 1.4841034169949956 -1.8622356180801547 2.9296340654934392 82 72 67 2.4248769151632343 30 466 31 303 11 148 10 152 32 326 34 245 35 234 29 328 30 470 31 309 29 320 27 209
1846 0.8677746899665566 -1.7027799385397768 3.1072854653558188 53 48 40 2.6909792234484127 28 315 35 486 27 672 29 833 31 636 32 751 36 553 39 488 38 455 34 480 12 317 13 315 11 348 32 374 36 313 39 274 34 483 37 259 10 517 12 480 15 483 11 484 9 571 14 301 14 417 6 558 7 176 8 105
1848 0.82107681938714516 -2.0133886686038474 2.9317115224649033 121 98 67 2.0877958580776377 10 595 12 557 13 551 15 561 11 558 35 803 28 1126 27 970 30 1091 29 1136 31 1101 32 991 36 908 39 831 38 793 34 804 37 780 16 599 9 700 14 631 6 686 7 526 19 498
1851 1.0138628416123454 -2.5876329744120619 2.6029534508497303 184 149 155 0.56143000526983744 32 80 16 16 18 195 19 155
1852 1.0138628416123454 -2.5876329744120619 2.6029534508497303 184 149 155 0.56143000526983744 32 81 16 17 18 194 19 156
1854 1.5479971129239747 -2.2528854213416434 2.7096050883489773 117 107 96 1.0320045895415551 29 530 16 76 9 123 6 100 33 88 19 92
1855 1.5438834627726448 -2.2023767710503366 2.7382363747509788 143 157 126 0.36712637583535718 31 192 16 86 9 135 6 112 14 225
1856 1.6274999085224935 -2.1263580891798632 2.7709186831566956 26 29 15 0.87311679058440728 12 247 15 73 16 109 21 99
1858 0.86655547338286809 -2.0682788719762568 2.8922422798236957 199 171 149 0.48104297966703696 10 118 13 98 15 96 16 153 18 79
1859 1.1839097580181195 -1.8975984765003868 2.9689275529043524 191 161 143 0.076326331888174836 10 160 12 131 16 185
1860 0.91057061505568992 -1.8544098401490439 2.9975796370462309 159 139 115 0.052783875511207931 10 164 16 196 12 137 15 129
1862 1.1763009634348345 -1.5550758437046543 3.0245525893738194 37 30 29 0.26720347929950272 12 154 16 207
1863 1.346014460854507 -1.6682815369071915 3.099241050473188 28 13 13 1.1490752656056671 15 152 16 218 9 300 7 187
1864 1.2475320236448921 -1.6267780978517274 3.1062167774356908 69 44 40 2.3869601111477654 13 474 16 222
1866 1.1294602860969101 -2.4761493147548079 2.6474527421872378 103 60 101 0.12130315087436025 10 374 12 345 13 344 15 340 16 255
1867 0.94393320340931042 -2.484814640449299 2.6730037992382685 95 58 87 0.30655152201185343 10 230 15 196 16 263 18 328 19 278 20 127
1868 0.61835897957406416 -2.2779334467321055 2.816372739176261 176 162 162 0.33880296237192764 12 64 16 305 6 115 7 89
1869 1.6038174358147619 -2.1047483268198364 2.7878627710892885 46 44 37 0.75330436525660227 10 104 12 83 13 84 15 80 16 313 9 163 6 370 7 91 19 73
1870 1.0152851242933303 -2.1153162829397703 2.8507866979524414 191 174 153 0.28340741629154192 10 292 12 254 13 258 16 319
1871 1.5188260785430416 -2.0358496486475715 2.8369533739198056 60 53 48 0.94548282217900359 36 473 16 323 18 356
1872 1.5333549767210262 -1.8736621293120126 2.9286938043356985 94 69 64 0.55282103613287703 10 155 13 133 16 352 7 140
1873 0.90969550718042969 -1.809066652347707 3.0421366467664961 131 112 98 0.15333676795318779 10 340 12 303 13 303 16 372
1874 0.65012306994809432 -1.6604149029645339 3.1613463791385201 152 143 136 0.78232135481889786 11 355 16 391 6 565 13 326 12 161 8 191
1875 0.62399965133299273 -1.879283152025379 3.1922445591252875 25 24 23 0.56447913424477436 11 359 16 392
1876 1.353972235013271 -2.5763484059432624 2.5593693772964916 107 68 96 0.29115505610550002 11 367 16 396 9 502 6 485 7 507 8 269 3 263
1877 1.3539619036580612 -2.5643686994423041 2.559225113054342 107 68 96 0.20781096763465653 12 332 16 397 14 157
1878 0.851548948430357 -2.6852715354420926 2.6162996462092583 98 56 89 1.4147091160719658 10 365 12 335 13 335 15 331 16 400 9 504 14 169
1879 1.592821747722291 -1.7203710839727182 2.9983766926661288 133 101 80 1.3095783574367188 13 152 16 454 14 400 6 443 7 292
1882 0.59085459769847637 -2.4940661101317017 2.7416758610055871 10 11 6 0.42624359079245083 13 348 16 481 10 378
1883 1.0316529797035141 -2.3579650730581978 2.7341320129060227 93 74 67 0.53400839658287791 10 474 12 445 15 444 16 483 9 514 14 341 6 498 7 337 3 273
1884 0.8229350900341732 -2.1642860325172908 2.8640859225160824 148 114 86 0.44621442068034767 10 487 12 453 13 449 15 454 16 496 9 525 21 184
1886 1.3030762713224227 -1.6734358488798724 3.06784166947513 66 49 42 1.6310261923877154 10 515 12 478 16 521 9 573 14 305 6 458 3 245
1887 0.96092866803526422 -2.4059245518444801 2.7166552856867106 133 104 87 0.56214253553525084 10 531 11 495 12 543 15 495 16 530 14 551 8 281 21 298
1888 0.63316670213442938 -2.1532988016793926 2.8856709825925493 138 127 124 0.95558086087963612 12 580 16 543 8 374 21 356
1889 1.0396272491506902 -2.1344183865509891 2.8325967406165926 177 160 144 0.79009073360247251 10 588 11 553 12 549 13 543 15 553 16 590 9 656 14 571 6 677 7 517 18 554 8 298 3 412
1891 0.63661134954607324 -2.2747414626468787 2.8021168027159238 151 145 145 0.11823947492278918 10 616 12 575 16 621
1892 0.81383695086265062 -2.0821711019836218 2.8931397387639191 116 90 65 0.78828754884791508 10 622 11 585 12 581 13 574 15 586 16 630 9 719 14 658 6 716 7 566 18 597 8 375 21 383 3 415
1893 1.435330945354945 -2.2244089325928638 2.7383553859870071 97 70 59 0.68179519465847549 10 635 11 577 12 602 13 588 15 599 16 646 9 714 14 651 6 731 7 558 8 371 19 535 21 379 3 433
1894 1.4919923891557176 -2.0178556515746502 2.8482098325149021 176 165 150 0.8598806038672151 10 639 12 607 16 650 9 720 14 659 6 734 7 583 8 393 19 526 21 403 3 453
1896 0.76090464177029804 -1.7502512666746461 3.0921677390957529 28 29 25 1.4453544049396863 10 645 11 594 12 615 13 597 15 611 16 657 14 670 15 591 6 721 6 722 7 573 8 381 8 401 3 441 3 442
1897 1.5115432199403054 -2.6513364712340266 2.4597524137083711 48 44 43 0.5869678267910331 11 620 12 627 13 607 15 624 16 671 21 410
1898 1.5375480698226689 -2.845198653551265 2.4555915206100369 48 44 43 1.7866145829530544 11 621 12 628 13 608 15 625 16 672 9 756 14 704 6 768 7 619 8 427
1899 0.98334950688129363 -2.1247435602160287 2.8158429925467972 184 137 99 0.94410575716791256 11 618 16 674 9 752 14 701 6 766
1900 0.98297494435694466 -2.1834742605766113 2.8190204122940283 184 137 99 1.2797990289213219 11 619 16 675 14 702 18 619
1901 1.5478552109904022 -2.1910912525751276 2.7402086800012482 68 82 55 1.8599340548712016 28 179 27 121 30 389 29 207 16 87 35 148 28 481 27 390 30 396 29 539 31 510 32 481 36 178 39 386 38 360 34 142 15 61
1902 0.68276229429769775 -2.3764362487372415 2.7545062713291641 79 71 69 2.1461268439091641 35 371 28 455 27 366 30 372 29 505 31 479 32 463 36 425 39 371 38 348 34 368 37 368 12 49 16 71 35 124 27 365 29 503 31 478 36 424 39 370 38 134 34 367 37 127 26 165 25 197
1903 0.83353413186645897 -2.09471012471744 2.886732074900249 100 71 50 0.59601656398052283 10 113 12 95 13 94 11 112 16 150 35 410 28 726 27 606 30 652 29 761 31 745 32 680 36 462 38 376 34 397 37 397 18 273 23 399 25 170 26 286 19 28
1904 0.68094426768431016 -1.9303909596428914 3.0011894267014902 84 64 61 1.8115026167364199 35 222 28 553 27 457 30 701 29 602 31 584 32 308 36 251 39 225 38 218 12 125 16 186 28 559 30 457 29 612 36 255 13 132 6 199 18 54
1905 1.162965953180092 -1.6880353962288468 3.1230694959730179 52 37 36 2.1649109679821263 12 168 11 190 16 223 10 457 12 430 13 424 15 419 11 438 9 485 9 488 6 474 7 415 3 147 7 313
1906 1.3743043927490897 -2.2829127075342668 2.7125566519876143 183 158 129 0.4926835269413683 10 254 20 384 12 220 13 226 15 221 11 251 16 281 9 367 6 344 7 67 8 31 21 233 3 42
1907 0.88256291764277506 -1.7625606846394448 3.0619099580172358 112 102 95 0.31693710375600459 32 567 38 247 10 178 12 151 13 150 15 146 16 382 29 350 10 177 12 150 13 149 15 145 11 170
1908 1.6110850118980364 -1.7660285541481378 2.9720561174096924 92 75 67 2.0178616721286047 16 200 9 253 14 288 6 222 6 227
1910 1.2048187334086522 -2.5693366946727254 2.5899194099603546 87 41 79 1.7520754072321765 35 695 28 950 27 790 30 905 29 969 31 947 32 764 36 703 39 723 38 689 34 701 37 684 13 184 10 207 12 183 15 170 11 211 16 236 35 55 29 80 31 81 32 95 39 59 38 53 34 57 37 46 9 333 14 318 6 306 45 324 18 429 8 136 23 556 17 170 19 405 40 183
1911 0.68798817949744973 -2.6296082272251282 2.601678269332476 71 66 63 0.19976085929697651 10 7 11 9 15 4 9 14
1914 0.61425624635783604 -2.3499830086212148 2.775869859364311 195 191 192 0.19062574859045758 10 55 16 77 9 93
1919 0.74559747742842764 -2.2114944914049786 2.8555403317061363 187 171 171 0.094715518910789193 12 248 13 252 15 249 9 150
1921 0.9751423349175985 -1.9787012231932315 2.9253837144674431 84 73 64 0.4366831613028358 10 309 11 291 9 200 6 405 3 87
1923 1.4292787539841312 -1.7822112011495974 2.9820444928884942 153 152 186 0.27177526355734039 30 491 9 251 14 287 6 436 7 153
1924 1.6283526765007112 -1.7601657503836852 2.9808780514234434 110 95 92 0.44443033862109405 16 366 9 261 14 398 6 229 7 288
1925 1.7222402117909672 -1.7987833407103684 2.9760426883276088 47 49 48 1.1795787312354502 15 304 9 262 14 126 6 238
1926 1.6387899296494652 -1.7538006919841185 3.0008995368849942 143 115 97 0.78409230226882976 13 156 9 267 14 131 6 241 7 166 21 262
1927 1.1853537132278809 -1.6593144545004175 3.0886339048141269 58 48 46 0.3107258734520037 10 357 12 323 13 321 9 286
1928 1.5250904932604357 -1.655951624414532 3.054842112456376 157 131 117 0.4299804084389719 10 185 9 288 14 139 6 260 7 173
1929 1.0514688639760752 -1.6712727434236196 3.1142335359197744 93 81 79 1.3024257583714107 15 417 29 375 9 290
1930 1.0571454938470008 -1.6656778517473683 3.1241437452028618 43 33 31 0.25221555761480391 12 326 13 323 9 294 6 281 3 325
1931 0.97466446794283246 -2.6150975975330097 2.6038546416248298 109 68 98 0.53168235833011224 10 202 11 206 15 165 9 328 14 162 6 303 3 171
1933 1.1948134752692898 -2.3925822989919623 2.6824430641552408 203 176 147 0.81559266495371829 10 528 15 494 16 529 9 361 19 516 21 296
1934 1.2549123626919223 -2.2928293516323661 2.7192564466992653 200 176 152 1.1459000247194999 12 352 15 345 9 364 14 216 19 382
1935 1.6092251556767456 -2.2484482681208386 2.7061128999551514 124 114 105 0.46196144226024466 16 286 9 374 14 345 6 350 7 237 21 309
1936 1.613254331008688 -2.1728140043433442 2.7475222313595773 132 157 118 0.73847079629122181 16 303 9 378 14 232 6 357 7 243 19 86 21 245 3 58
1937 1.5985218319972792 -1.985607114765179 2.8486647025477492 80 63 57 0.39383147588321693 16 330 9 415 7 114
1938 1.2268357901807037 -1.9893127563119442 2.888809259204256 204 191 178 0.36329471017385578 10 407 15 371 9 417 8 60 19 221 3 88
1939 1.2268357901807037 -1.9893127563119442 2.888809259204256 204 191 178 0.36329471017385578 10 408 15 372 9 418 8 61 19 220 3 89
1940 0.65305486036207283 -1.9615579442457149 2.9870233487070363 136 108 97 0.32460984173470631 15 278 9 430 14 273 6 194 7 143 3 98
1941 1.502905346434086 -1.8910231740318859 2.9174218207425646 183 154 145 0.31823769020158343 10 321 15 284 16 348 9 440 6 421 7 278 3 108
1942 1.7196244294547391 -1.8811390444752207 2.998661147823833 40 42 41 1.3176077836652282 13 307 15 315 9 468 12 309
1943 0.64818122594793237 -1.6585972762830206 3.1616152745957744 175 171 169 0.54583192195633834 11 354 9 481 7 417 6 564 3 247
1944 1.1040126686572131 -1.6540678665259145 3.120373669438631 41 30 28 0.74411879530111324 16 463 9 483 14 312 6 470 7 315 8 261 3 326
1945 1.1451584586086905 -2.1030997189085845 2.8167947810965508 206 189 166 1.6133055626891903 15 76 9 522 8 150 21 187
1946 1.0688586908111855 -1.9183166819970974 2.9423491798514978 192 165 148 0.52305483200502823 11 400 12 464 13 458 15 464 9 540 8 174
1947 1.2798179891197914 -1.6285257490874305 3.0701735573304316 76 55 50 0.34904724711020335 13 420 9 572 14 306
1949 1.2364830032625627 -1.8620953290877467 2.9579459586717372 174 74 74 0.54070089383882436 16 600 9 615 14 593 6 636 7 484 18 445 8 313 3 381
1950 1.2556138160336161 -1.6786317238895723 3.0672788763556409 72 52 51 1.3729159480217372 11 181 9 631 6 651 8 327 3 321
1951 1.0081493084117648 -2.1292130403504359 2.8409313583288403 203 193 180 0.23375735933946062 16 542 9 658 14 573 6 612
1953 1.0097181355246407 -1.910725512613312 2.9596886114668726 204 186 174 0.87076838351306618 10 627 12 588 13 577 15 606 9 702 12 610 14 664 6 719 18 546 8 346 19 522
1955 0.57667340283243951 -2.4061340744478086 2.7827927555197838 24 24 24 0.82743683755849518 10 633 12 600 16 663 9 712 13 586 15 597 11 602 14 648
1956 0.69034133949740639 -1.4731200667947451 3.2517818169094355 66 40 39 1.6402134840528746 10 519 12 484 9 738 14 695
1957 0.69034133949740639 -1.4731200667947451 3.2517818169094355 66 40 39 1.6402134840528746 10 520 12 485 9 739 14 696
1959 1.5265992600997143 -2.1268908709433765 2.781199756932462 71 67 51 1.8496646088487136 11 103 15 78 16 118 27 155 34 389 20 110 35 175 29 752 28 882 35 554 27 732 30 835 28 718 31 734 32 673 36 634 39 564 38 367 38 528 34 553 37 533 37 388 10 97 12 78 13 80 16 309 9 158 9 385 14 566 6 365 6 676 7 90 7 513 18 261 23 288 25 236 26 202 17 129 19 75 24 179
1962 1.0766752705168678 -1.6604875532019205 3.1221818222061173 39 29 27 0.2340131932040192 10 359 12 328 13 325 11 358 9 482 10 358 12 327 13 324 15 328 11 357 14 142 14 143 6 472 7 316 8 190 3 248
1963 1.2326525041758836 -2.1079840963822281 2.8145611351422484 110 94 79 1.3724648783044979 10 102 12 81 13 83 15 77 11 102 16 126 9 157 28 510 27 418 30 421 29 564 31 536 32 500 36 204 39 398 38 371 34 180 37 392 15 82 45 124
1964 1.3336857480858346 -2.0332875637407657 2.8518919343537363 139 126 112 1.1763357360210787 28 235 32 271 16 145 9 179 20 83 14 80 6 164 7 255 25 45 23 49 17 143 19 46 18 257 19 232
1966 1.3711247573193013 -1.9889481281010193 2.8753849323174996 187 167 146 0.76925781364793488 20 82 10 305 12 267 13 370 15 368 11 286 16 426 9 534 12 459 16 499 14 495 6 399 7 269 19 230 3 90
1967 0.87542188221669082 -2.7858011157819353 2.4914613145544462 42 36 33 1.9897611669639024 35 3 28 9 29 9 39 11 10 2 15 1 9 3 11 4 16 3 31 9 35 6 28 10 29 383 6 3 6 4 7 0 25 120
1968 1.2102010908434617 -2.3455025843427943 2.6890380000431091 206 178 153 1.315219959108106 20 115 9 78 6 72
1969 1.2681140826811499 -2.5627328875404571 2.5546755217605956 141 106 107 1.3016531516271221 9 15 10 463 14 3 6 15
1971 0.75101109222866103 -2.3892848618465314 2.7449606127491433 213 192 174 1.3555808116711294 9 82 16 73 3 40 19 79
1975 1.3880895697601148 -1.8669261826328214 2.9403780649613682 147 114 77 0.68188527643882102 11 309 13 291 15 287 14 105 6 197 28 779 45 156 19 22
1977 1.127124623683962 -2.4442239069226424 2.6442022249754489 111 72 103 1.2537268960500552 9 345 10 373 12 344 13 343 15 339 14 177 6 325 7 224 3 187
1978 1.0884934685643182 -2.4261540356971327 2.6831953763585492 188 160 146 1.0796618711340964 36 134 14 192 6 65 19 387 24 296 21 144
1979 1.0460848904374569 -1.6731612298131482 3.1144315912924108 74 59 57 0.49456811820734248 12 481 14 434 15 484 6 562
1980 1.6473265688406851 -2.6065317316510881 2.5987070105904073 182 184 183 0.42577318756303123 16 39 14 460
1981 1.4789179359820521 -2.3546131852425218 2.6622058398220574 71 54 48 1.0048183360859151 16 619 14 462 6 588 21 299
1982 1.4116107925946799 -1.7577972032130074 3.2151241711395926 92 51 45 0.20066583655968664 9 637 11 488 14 535
1983 1.5918425427995626 -2.0340196915747395 2.772935031231897 142 159 107 0.1074259740029985 16 490 14 567
1984 1.5953700782674245 -1.9179231103481964 2.892565013600874 68 53 51 0.39980598895878738 16 552 14 590 6 630 7 476 8 308
1985 1.2536515553617058 -2.2907182559635326 2.7249662332018638 182 160 137 1.6170637671411281 10 615 11 250 12 574 15 346 12 353 14 620 18 389 19 381 21 168
1987 1.604268994187946 -1.8584606788439113 2.9260057374099913 51 40 37 0.43804886211715766 20 245 10 421 12 389 13 384 15 385 11 403 9 545 14 388 6 426
1989 1.6396983314358671 -1.7296305820564994 3.1813529974218171 71 40 38 0.85714816457590071 10 607 15 573 11 568 14 674 10 608 13 562 15 574 11 569 12 593 11 596 16 660
1990 0.61424346264493723 -2.9234616365132671 2.4859972927302896 52 52 51 1.4577674071071915 10 610 12 595 15 578 11 572 13 580 9 729 14 676 35 746 36 849 39 768 38 734 34 748 38 774 37 724 10 571 9 686 6 704 6 748 7 551 7 579 8 386
1991 1.2353397609173529 -1.8646349241446014 2.9565888763660255 138 40 44 0.96553435857246861 20 345 35 581 28 921 27 763 30 872 29 950 31 927 32 713 36 677 39 599 38 563 34 586 37 565 37 674 10 499 12 520 13 507 15 524 11 525 16 509 9 616 14 594 30 1066 32 946 34 686 16 601 6 637 45 281 45 505 25 74 23 93 26 61 17 249 19 207 24 113 40 289
1992 1.0213965704604122 -1.8435382759853491 2.9958854780565662 154 117 78 0.5492256908283597 35 589 28 927 27 767 30 882 29 811 31 796 32 720 36 684 39 606 38 568 34 592 37 570 35 590 28 928 20 18 30 883 29 812 31 797 32 721 39 607 38 569 10 332 12 291 10 331 15 295 15 296 11 319 11 320 16 445 9 240 14 111 6 211 45 415 45 416 25 445 23 368 26 367 17 375 24 251 40 244 44 101
1993 1.4577610101605616 -1.8542307028797362 2.9395158998537769 135 116 111 0.83546686718901086 27 652 28 782 29 808 36 505 39 453 20 234 34 441 37 438 10 324 12 286 13 293 15 289 11 311 16 353 9 443 10 419 31 313 25 25 26 20 24 218
1995 1.1823670383721641 -2.6337135345536886 2.5602268328809648 153 122 113 0.66027276718496164 9 19 6 18 7 3 8 134 3 13 8 8
1996 1.2132398228808232 -2.5788961305274722 2.5764441544364991 198 163 170 0.15949669302759556 9 28 14 161 6 23
1997 1.2463819643262484 -2.592038891314675 2.5708091394895982 198 162 168 0.092975904492222525 9 26 6 25 7 7
1998 0.92970319265947221 -2.6199546968993079 2.6117575712331731 202 174 155 0.18585239077457874 9 29 6 28 7 14
1999 1.0841261801043258 -2.4957833424659039 2.6435599964971446 109 74 91 0.30094822458404852 9 47 14 182 6 46 7 29 3 23
2000 1.0867955705027088 -2.468288400173277 2.6651173145992768 107 72 96 0.44980853809405447 9 58 14 21 6 51
2001 1.0859028224189402 -2.4650262270929995 2.6655009053425944 107 72 96 0.46203704930590311 9 59 14 22 6 52 7 43 3 29
2002 1.4264721768528497 -2.3074243742901053 2.6617021591072154 180 154 130 2.0753331277494302 9 73 6 59 7 48 6 66 21 43
2003 0.70316509023578189 -2.3982738376873947 2.740353715523244 70 59 57 0.36743801880722149 13 43 6 74 19 77
2004 1.0380809798163526 -2.3844647615481875 2.7145389603685737 200 174 153 0.47729424976498241 14 203 6 76 7 64
2005 1.3941107583459 -2.3198669630044888 2.69020395845719 201 176 155 0.27204725240172573 9 87 6 77 21 57
2006 0.93287790368425094 -2.38006853599091 2.7308916911699375 202 175 152 0.13249754514150616 9 85 6 79 21 44
2007 0.89175496676111832 -2.3420461106886172 2.7339336094232012 198 174 151 1.9887133111869779 9 86 6 80 7 66 21 37 14 201
2008 1.3341964106091639 -2.36949864787021 2.7107251836195694 195 168 154 1.1647738186092633 9 365 14 342 6 93 7 69 21 63
2009 1.5684233913499355 -2.256777749257787 2.7075754780224939 106 96 84 0.88102567419215239 9 124 14 344 6 101 7 70
2010 1.0963506536597221 -2.2921430180849747 2.7467447481970657 200 173 155 0.45946348839538431 9 115 14 50 6 106 18 393
2012 1.590742916333292 -2.1870421297349787 2.7384806450803238 133 153 120 0.37567284788891814 16 88 6 114 7 82
2013 0.97347591263386191 -2.1776404516651762 2.8251512372330048 178 129 87 0.4071749413780209 14 237 6 136 19 49 3 54
2016 1.4029203689664165 -1.8125258129131021 2.9730651436137991 86 74 78 0.63420951085199218 14 114 6 216
2017 1.4029203689664167 -1.8125258129131046 2.9730651436137991 86 74 78 0.63420951085194266 14 115 6 217
2018 1.5347305319629638 -1.7767412693199505 2.9690009114380618 113 79 73 0.31590436413514045 9 250 14 120 6 220 7 149
2019 1.0777656388720478 -1.7454449986607541 3.0484569820498075 91 77 74 1.2787452268448014 32 733 6 243 17 365 26 97
2020 0.77664325681189206 -1.703549944173927 3.1166305646691037 45 40 36 1.2492035270355497 10 353 32 581 39 491 6 257 36 554 45 193 17 225
2021 1.0243627409223051 -1.6908135570533493 3.0969239332973557 53 40 36 0.99678550901017182 14 419 30 521 6 259 7 407 8 109
2022 0.75281830599889787 -1.6927853986671337 3.1233454201506143 82 66 67 0.47474717062226263 9 279 6 264 7 184
2023 1.3060762846284086 -1.6522637536164593 3.0806974319459903 98 83 78 0.23416043504144479 14 424 6 265 7 306
2024 0.7419826304231032 -1.6656734931563839 3.1442298229048777 84 74 73 0.15125328280963191 14 307 6 272 7 191
2025 0.72336848335663251 -1.6088868583994484 3.1496776572282847 90 81 78 1.2131226666093045 13 425 6 274 7 192
2031 1.3572233783148258 -2.2848665306915721 2.7126603316621036 192 169 146 0.96070143750384707 9 366 14 465 6 343 7 236 7 440
2032 1.3931551529316588 -2.2823109484758679 2.7104890427487112 201 174 154 0.7631397743372359 9 368 12 354 13 227 14 343 15 222 20 386 6 345 31 972 30 1001 7 235 45 443 18 382 8 32 19 383 24 283 21 234 3 43
2033 0.85353045952010376 -2.3227157464499646 2.7685734929679664 203 178 149 0.50955037869792574 9 369 6 352 7 341 21 159
2035 0.64757140061234608 -2.203166217390419 2.854774556113024 134 127 125 0.9721729110110453 14 351 6 367 8 152 21 241
2037 0.82813198750857164 -2.0699980236790694 2.8987666196561412 118 94 68 0.17638651199477876 9 178 6 384 18 84 32 266 3 206
2038 0.92356514109904642 -2.0347143703047332 2.8978716401946287 187 175 148 0.22919556547107631 9 404 14 363 6 387
2041 0.76951960446722878 -2.0023281240430548 2.9436250365681098 178 145 105 0.2173826995895039 14 263 6 406 8 172 3 213
2042 1.202933214027601 -1.8884268537404869 2.9404187670098976 181 136 93 0.59268701958857606 9 439 14 275 6 420 7 371 3 222
2043 0.94708781612154547 -1.8364302870621754 3.0232437469359104 188 178 164 1.7144858828375369 14 597 6 439 7 491 21 117 3 385
2044 1.6104593030147232 -1.6589573139136788 3.0474164341629604 159 137 118 0.59895467655083268 10 186 6 461 7 299
2045 0.84879417570146798 -1.6678669345179091 3.1297023436490994 121 88 92 0.35012474342298061 14 426 6 466 7 311
2046 1.0668105217475072 -1.6616369050533923 3.111822249521965 94 82 80 0.55448765815596635 9 291 14 436 6 467 7 309
2047 1.1242824639316318 -1.6645371489805096 3.106855721558317 92 81 77 0.25293064486862588 9 292 14 440 6 468
2048 0.78345203397187957 -1.7002247683679246 3.1362476648486304 161 112 114 0.76022084522944533 14 425 6 469 7 190
2049 1.3329274794717847 -2.5778934022104352 2.5600266423242624 160 128 136 0.29891547509937144 9 497 14 315 6 484 7 206 8 9
2050 1.0001801415472256 -2.6179022693584675 2.5885924064119163 116 76 103 0.3432839194914582 14 313 6 487 7 327 3 261
2052 1.0449157560116298 -2.5295485989004591 2.6313867595228544 205 175 151 0.16621894867941103 9 509 6 492 3 265
2053 0.64899230901846217 -2.1447563514233168 2.8951626303324094 149 132 130 0.16784233019950798 9 527 14 356 6 507 7 355 8 163
2054 1.5222476074276952 -1.8757705557278626 2.9180010878686695 89 70 66 0.98929147434118347 14 509 6 525 3 227
2055 0.9990433247935937 -1.7940278194510688 3.0262842884432888 218 188 154 0.18592044790037643 14 518 6 534 7 383
2056 1.1594393039108224 -1.6613496637617189 3.1018752976484554 98 85 79 0.18150325753614724 9 480 14 429 6 561 7 308
2057 0.67844741681327225 -1.654300178735727 3.1589445843134283 105 94 85 0.71275421494583213 15 423 6 566 7 416 8 262
2058 1.3968075602748167 -2.6368988940106757 2.5181323255203942 205 178 149 0.3036795230124999 10 522 11 490 6 573 3 260
2059 0.81180841595719044 -2.6374063857582484 2.5792722564939026 206 176 142 0.83106769508701483 14 540 6 574
2060 1.1037741905158429 -2.5128823241591651 2.6301208452010685 177 147 136 0.061700366572594562 14 547 6 585 7 432
2062 0.77673561778469213 -2.2658363893489271 2.8166507693318192 57 55 53 0.55836600889359045 14 625 6 597 7 346 8 294 18 580 21 353 3 283
2064 0.71190526769772933 -2.1559118109651161 2.8830402292296533 118 106 103 0.27543609780625589 9 596 14 479 6 615 8 299 3 289
2065 0.99731826462772188 -2.0737584550461623 2.8683002200796941 144 125 83 1.018327753718183 9 599 14 484 6 617 19 426 21 98
2067 1.0310026107529864 -2.0249954375429207 2.9083916822832112 92 84 63 0.15999091186947886 14 584 6 623
2068 1.1794820053423716 -1.8250980927438973 2.9859216863734566 175 127 88 0.19546301742159292 20 423 6 641 7 488 8 317 3 384
2069 1.2528935368979803 -1.6687668178860564 3.0682255226964386 76 55 55 0.87100322581023237 9 630 6 650 8 326 3 320
2071 0.97421555404945614 -1.7995889290654628 3.0246890801921746 187 166 138 0.39735045309287825 14 635 6 695 7 540 8 355
2072 0.63290563909507758 -2.4114678945673886 2.715595050357106 58 50 48 0.84925269884246635 10 579 6 729 8 389
2073 1.5850631872118441 -1.4139587602587342 3.1850204388475207 79 45 44 1.6096199977463435 9 495 6 744 7 594
2074 1.1632343783471377 -2.3923725494421317 2.6991462593539133 180 154 131 0.70433714481314469 9 741 14 689 6 751 7 599 8 409 3 448
2075 1.6781133260592906 -2.437619168532227 2.6936137746562658 32 32 34 1.8476224715404861 9 742 6 752 8 368 7 601
2076 1.1145333487415534 -1.6926887039275025 3.0662990814903215 45 43 44 1.9806360367495404 14 692 6 761 7 612 8 412 8 423 7 616 3 464
2077 1.402263459600313 -1.5690143100017822 3.0896451671542189 50 26 24 0.31031023610140285 10 187 12 164 6 763
2078 0.66315521901643837 -2.8486073375263858 2.5575206372477788 55 53 53 1.5853448899827918 9 754 6 769 7 620 8 428 3 475
2079 0.66315521901643837 -2.8486073375263858 2.5575206372477788 55 53 53 1.5853448899827918 9 755 6 770 7 621 8 429 3 476
2080 0.83392605679439724 -2.7620872468781248 2.504473359970588 52 46 44 0.52953644126464239 28 614 29 17 37 267 12 4 11 6 6 6 28 615 29 18 32 586 36 324 37 268
2081 1.558718844325637 -2.7252744633114392 2.4508056758770653 38 34 31 2.1281081588297646 20 199 35 10 34 4 9 6 6 7 28 620 30 535 29 651 32 591 34 486 8 2
2082 1.0075389717231047 -2.5358685202386604 2.6338342734475906 186 159 140 0.61747445924706312 10 35 12 36 15 32 11 39 9 40 6 41 20 293 35 517 28 665 27 695 30 584 29 697 31 685 32 622 36 590 39 518 38 486 34 514 37 493 10 36 12 37 13 31 15 33 11 40 45 219 33 42 18 331 18 332 23 489 25 429 26 359 17 293 24 45 24 193
2084 1.0696652743101733 -2.0997982999326505 2.8400933757674562 115 92 68 1.1295641279248163 20 77 9 166 14 69 6 146 28 513 27 604 30 650 29 759 31 742 32 503 39 400 39 402 38 373 34 182 37 177 7 97 18 71 8 153
2085 0.87114851251144221 -2.6359227595619585 2.5955676467894904 94 50 85 1.9678815837971608 10 201 11 205 12 179 13 180 15 164 16 234 9 22 14 4 6 299 35 283 28 623 27 501 30 539 29 654 31 654 32 597 36 332 39 499 38 261 34 290 37 276 12 12 15 6 7 209 45 214 33 170 3 9 40 110
2086 0.95349753297235851 -2.5335246334750074 2.6431461157214131 178 152 122 1.1271014938803727 35 519 28 836 27 697 29 865 32 625 36 591 39 520 38 489 34 516 37 495 12 341 13 195 9 343 6 320 10 219 20 151 12 194 13 197 15 184 11 222 16 251 9 45 18 432 21 13
2087 1.0022291324069432 -2.4990477543842657 2.6572435079085603 97 49 96 0.60490838035261663 16 407 9 352 6 331 20 277 35 522 30 594 29 708 31 693 32 628 36 594 38 492 34 519 37 498 12 343 10 372 13 342 15 338 11 230 14 329 7 333 18 427 19 392 24 199 3 189 40 56
2088 1.3315259322448219 -1.6852209602676886 3.0532087358316047 61 41 40 2.6147069784077015 11 419 12 474 12 408 16 461 9 556 6 543 35 482 29 839 31 820 32 739 38 445 35 264 28 319 30 525 29 372 31 352 36 310 39 273 10 352 30 752 12 319 13 317 15 322 11 352 7 390 8 248 25 58
2089 1.6030226467416153 -2.1310199562156158 2.7726938549094702 156 174 124 2.0527887685956343 13 573 15 601 20 555 11 582 16 625 14 656 6 606 20 116 10 101 12 80 13 82 15 74 11 101 16 491 14 568 7 515 19 80 3 363
2090 1.4030682836692392 -2.0617581708487287 2.835524432283 179 149 111 2.2827980784656625 10 591 12 553 13 547 15 557 11 555 16 593 9 663 14 578 6 681 35 800 28 1122 27 968 30 1087 29 1132 31 1096 32 969 36 905 39 828 38 790 34 801 37 777 7 518 33 474 18 549 8 341 19 473 21 386 3 367
2091 1.1138200012592792 -2.2336812290579022 2.772838055415642 155 110 66 1.6336095552947911 13 540 15 504 11 504 9 654 14 562 6 673 20 372 29 1007 36 745 8 289 19 479 3 358
2094 1.3225169997856943 -2.3392243948862328 2.6798905295292026 190 163 141 1.6662799381240365 6 69 14 204 7 56 21 40
2095 1.3459613444139933 -2.3787363872576703 2.6765401848035983 192 165 144 1.9415414926287724 14 335 7 57 21 154
2096 0.9819372957008321 -2.4110152076095233 2.6983800108828961 202 173 166 0.5327370072710329 10 241 7 60 21 30 3 36
2097 0.95028738975113569 -2.3954968035845829 2.7312979501130026 201 175 151 1.9896124007922034 14 218 7 68 21 38
2098 0.90989472433747676 -2.3862944397609196 2.7308985598869726 200 174 150 0.53211117623737947 6 339 14 37 7 71 21 153
2099 0.83925667389135106 -2.4201315664689838 2.7395921780569088 194 168 145 1.380907480402862 6 81 7 74 21 35
2100 1.5400034956790092 -2.1168352789376033 2.7934599507669424 59 56 48 0.75620300162841525 6 143 16 121 7 92
2101 0.91223405767031329 -2.1217691070420894 2.8532221989798909 158 128 86 1.2577386513386819 9 155 7 99 8 52 21 182 3 61
2102 0.83308523762072606 -1.891959069596912 2.954593150145314 186 142 91 2.0003409729577779 6 187 7 137
2103 1.0396433899467323 -1.8664084819625624 2.9830118670747323 142 106 81 0.63026805908322014 9 445 10 161 7 147 3 107
2104 1.4962163578218617 -1.5997479960478522 3.0842590920957647 45 22 19 1.563352351546053 13 163 7 181
2105 1.4122483247991582 -2.579397874205255 2.5587154184993506 201 172 153 1.4507567774175762 6 21 7 204 21 217 16 398
2106 1.1416500985818847 -2.5258209739251027 2.6201048116750996 183 153 150 0.92868527963220271 14 175 7 220 19 311 20 312 24 180
2107 0.78411943764157455 -2.3959149494144252 2.7425319446515588 202 175 145 0.56970569534802795 14 208 7 239 21 34
2108 1.2676781423002204 -2.1122639471260394 2.8364654180338937 153 126 107 1.114110811047401 6 152 9 170 14 75 7 253 21 102 3 67
2109 1.242647593672231 -1.991711394106964 2.8817034855134489 170 139 95 0.55526569743116894 6 395 9 408 14 88 7 267 3 81
2110 0.71591534221637887 -1.8875879198312955 3.0079047923290188 108 83 73 0.45308194357694648 14 387 7 285 8 240 19 3
2112 0.78971382480213126 -2.0224903647408805 2.928215571411533 177 164 135 1.4061722674915007 14 494 7 363 8 65 14 87
2115 1.2096445909351514 -1.6459696541780067 3.1106097603609468 44 29 26 1.566059929216006 10 361 12 428 15 155 7 411
2116 1.0115775408872736 -2.3236921858777726 2.7543031043895079 201 175 150 0.31559735127879085 9 652 14 558 7 449 8 288
2117 1.3308581188570148 -2.0403452880980351 2.848181632111312 172 137 102 1.0791833628604692 9 664 14 581 7 462 21 359 33 450 40 272
2118 1.175486515572695 -1.8691279820031275 2.9392096895949527 162 121 90 0.94604345243627785 6 633 7 480 8 309 21 259 3 301
2119 1.2259248961788747 -1.7288765177649001 3.236303350168992 95 54 51 0.19720599100590042 6 700 7 547 8 362
2120 0.72880232431459502 -1.7203468317300128 3.1283070759343277 75 63 63 1.5817455296642933 6 739 7 575 3 443
2121 1.0982197750739984 -1.9903565023351888 2.8997950272531541 146 91 77 0.95949403354627183 14 660 7 584 8 394 19 525 21 402 3 452
2122 1.5467168661807282 -1.8127703492205793 2.9916113263921846 186 137 99 0.34404784794421789 6 755 7 587 8 399 3 465
2123 0.60544850904474246 -1.9205239530853193 3.1950424290414823 29 29 29 0.95224562413734271 6 743 7 593 8 404
2124 1.070424940800172 -2.3617574382675883 2.7172254248738499 171 144 121 1.1942047602524575 14 690 7 600 8 410 3 449
2125 0.67932834587827651 -1.7521195024259313 3.2829302492981243 71 41 39 0.61223713763123999 6 745 7 607 8 414
2126 0.67932834587827651 -1.7521195024259313 3.2829302492981243 71 41 39 0.61223713763123999 6 746 7 608 8 415
2127 1.6524684134257335 -1.5809917253140278 3.0688684051963304 19 21 18 1.2421918241374053 6 742 7 613
2128 1.3381246402710762 -2.2348288019305027 2.7646163639612498 159 128 100 2.0005742333688454 14 699 7 614 9 750 8 420
2129 1.3381246402710762 -2.2348288019305027 2.7646163639612498 159 128 100 2.0005742333688454 14 700 7 615 9 751 8 421
2130 0.87653868362218224 -1.9893132867677479 2.935352781357361 178 155 136 1.4201535989171448 14 264 6 183 7 135 35 438 28 752 27 435 30 684 29 591 31 764 32 288 36 487 39 435 34 211 37 204 10 133 12 379 13 373 11 290 6 184 23 393 19 17 3 83 3 84
2131 1.0926363343981111 -2.0613222291487383 2.8673322996127713 138 145 88 1.4912286814253426 14 361 6 381 7 113 35 188 28 229 27 166 30 427 29 261 31 259 36 221 39 192 10 114
2132 1.5490668118808983 -2.1441043675833851 2.7739162092516674 71 92 48 1.7580309704876969 14 242 6 366 7 246 28 714 30 413 31 528 10 90 13 76 16 106 9 147 21 96 33 104 3 205
2133 0.80938814027053108 -2.5839658604441604 2.6247717163906135 100 71 78 1.3885114507061338 14 10 7 216 35 52 28 359 27 282 29 68 31 67 32 398 36 73 39 54 38 57 34 60 37 49 15 18 16 22 25 159 23 390 26 281 3 170
2134 1.5027096775924573 -2.1156584892147294 2.7946248371160229 41 40 37 1.2986093397691194 9 659 14 574 6 678 7 456 27 898 30 951 29 1022 30 1018 31 990 32 892 39 748 11 460 16 493 16 540 9 595 14 478 6 609 18 454 17 332 19 477 3 365
2135 1.6467670723028549 -1.6502837708739735 3.0397558013809038 43 34 28 1.3118509564135443 6 256 12 322 7 297 10 356 13 162 7 394
2136 1.2931206873859835 -2.5888493462114983 2.566941419377589 183 158 124 0.87687412220183814 16 7 6 301 7 326 20 460 35 694 28 947 27 877 30 902 29 966 31 944 32 849 36 795 39 720 38 688 34 700 37 681 10 524 12 490 13 480 13 481 10 523 12 489 15 490 15 491 16 474 16 475 9 580 14 451 14 452 6 580 6 581 9 503 45 433 33 405 18 533 25 380 23 446 26 314 17 247 17 248 21 268 21 269 40 249
2139 1.0538240629430102 -2.6110036998653618 2.5774468534385586 71 37 52 1.1527034534516531 30 24 45 32 40 24
2140 1.4196026773569688 -2.4014643688057187 2.6537217489079503 153 130 99 1.1164921786894739 31 467 45 78 23 20
2141 1.3735374970646346 -2.3075991014713111 2.6958486317674937 114 92 79 0.075598730049151935 32 654 45 95
2143 1.4944130797116346 -2.1661828244534456 2.7654092518353131 58 80 34 1.554146022529804 34 656 36 749 45 104 33 383 18 369
2144 1.0385196331027486 -2.2492943536173748 2.7794389653527132 184 137 114 1.0351235060873658 27 586 29 178 32 200 39 136 19 66
2145 1.2876461703652242 -2.6088980625891618 2.5502472176966755 164 140 117 0.81043115058340653 36 571 45 201 17 155 25 261 40 105
2146 1.4774619490573728 -1.7308120933019424 3.0109737449480445 31 32 59 0.87041728097701088 27 775 35 600 36 694 37 579 28 1029 30 980 45 295
2147 1.4021588058026659 -2.3242026226796422 2.7012360599114404 158 138 111 1.4294170385831446 29 887 45 349 18 103 40 129
2148 1.3006972451761056 -2.3287525062697711 2.7056620859074032 164 145 115 1.811986038714124 30 805 45 355 18 113 40 210
2149 1.0914102856530024 -2.315164482870812 2.7314332716686849 136 112 112 0.079430238562737218 29 894 45 365 40 222
2150 1.3086436767714529 -1.6974411342553002 3.0572767007066992 50 34 33 0.41230924967386562 30 1039 45 475
2151 0.77375873529737582 -2.1716381923446773 2.8812968460485173 163 163 157 0.78270818599780334 28 1163 45 585 40 380
2152 1.1778521738314092 -2.4367292458767231 2.6626143674193119 122 90 91 2.2107360522644406 28 126 27 88 30 67 29 143 31 130 37 103 10 43 12 41 11 52 9 55 45 85 20 287 35 355 27 342 29 479 31 455 39 357 38 334 34 354 37 353
2153 1.2061598823204671 -1.8575772891042477 2.9653772925369295 172 155 142 1.3698420002793801 35 582 29 951 39 600 38 564 34 588 6 202 45 406 20 427 35 771 28 1097 30 1064 29 1083 31 1048 32 944 36 875 39 794 38 759 34 770 37 743 10 598 12 560 13 554 15 564 11 560 16 602 9 672 14 632 6 687 7 533 17 424 25 563 24 459 40 171 44 288
2154 1.0778064579818207 -2.5764420784712168 2.6105907345365842 154 122 124 0.96574108734244191 28 89 27 64 32 92 45 40 35 54 28 370 27 292 30 308 29 432 31 403 32 91 36 74 39 56 38 59 34 59 37 51
2155 0.92008989190598967 -1.7272939356930044 3.0766236307692449 19 14 10 1.2290582031685606 27 667 32 571 34 274 37 455 45 186 35 686 28 1030 27 776 30 981 29 1045 31 1014 32 845 36 788 38 579 34 692 37 676 10 507 12 471 13 468 15 477 11 478 16 571 9 552 14 401 6 540 7 391 45 477 18 234 8 246 25 334 23 514 26 385 3 310
2156 1.0638115001406112 -2.6311700569230605 2.5741306271034978 106 61 97 2.4276809173804157 28 332 27 260 31 25 32 29 36 15 39 19 38 15 34 17 37 16 45 206 28 1034 30 989 29 1051 31 1019 36 852 39 772 38 685 34 697 37 678 10 467 12 13 12 435 13 435 15 7 15 433 11 447 16 473 18 538 25 90 26 81 17 285 19 492 24 369 20 497 21 265 40 106 44 19
2157 1.1209289903836857 -1.9924355438527082 2.8968024831790111 153 50 61 0.78109586709451706 35 569 27 744 29 930 39 582 38 550 34 572 37 549 10 405 12 377 45 278 35 570 28 896 27 745 30 850 29 931 31 913 32 822 36 658 36 767 39 583 39 697 38 551 34 573 37 550 10 406 12 378 13 369 15 370 11 123 11 396 16 429 9 532 14 259 6 398 19 215
2158 1.13679673209462 -2.0153296623537722 2.8824842298517015 179 177 141 1.5025770226597104 27 907 30 1026 31 999 32 903 36 829 38 718 37 709 45 467 20 68 35 426 28 745 27 621 30 667 29 779 31 757 32 691 36 478 39 422 38 391 34 416 37 413 10 124 12 263 13 268 15 262 11 117 16 333 9 185 6 622 7 521 18 362 23 343 25 286 26 251 17 172 19 31 24 330 3 369 40 278
2159 1.3144023069795352 -2.6103482116795611 2.550959664046526 90 44 93 0.43671116240667252 20 462 10 465 12 433 13 433 15 431 35 605 27 786 32 757 39 623 38 583 34 607 37 587 11 445 16 471 7 325 35 604 28 824 27 785 30 900 29 854 31 835 32 756 36 701 39 622 38 582 34 606 37 586 10 464 12 432 20 463 13 432 15 430 11 444 16 470 9 496 14 448 6 481 6 577 7 324 45 318 18 430 8 199 8 268 17 149 26 31 19 456 19 457 24 3 3 262
2160 0.67466463834462598 -2.2585601532521959 2.8227190127156203 106 96 92 1.8889848650429697 20 232 35 546 28 867 27 724 31 721 32 661 36 626 39 553 38 521 34 549 37 524 10 275 12 356 13 243 15 238 11 257 16 308 9 376 6 359 10 272 28 152 29 174 12 236 13 242 15 237 11 256 18 129 18 300 8 45 30 824 19 241 3 44
2161 1.5849317300915211 -1.9976123222448523 2.8511003603795015 131 106 100 0.53254412157669584 28 250 31 273 32 278 36 227 9 194 16 331 14 372 6 394 7 262 8 59 19 51
2164 1.1258729883743026 -2.2873402625173473 2.7441713102676921 137 119 104 2.1704227723950043 10 261 12 227 28 863 13 50 15 228 16 292 9 116 10 263 11 254 12 229 13 234 15 230 9 118 6 107 10 264 11 255 15 231 9 119 14 220 6 108 7 79 18 283 18 284 18 286 19 268 21 169 21 171 21 172
2165 1.5722881132412823 -2.8367667532788681 2.3912858987428414 46 45 43 1.341249227108166 28 1134 27 977 30 1099 16 617 9 710 13 564 15 576 9 684 14 607 14 646 6 702 7 549 8 364 6 726 3 431
2166 1.378735797053511 -2.5648439027159871 2.5508816257457134 74 40 63 1.9976933532782342 30 569 33 22
2167 0.70250688533637784 -2.2222811442377237 2.7149433514451728 149 143 144 0.64237884134606582 35 387 37 379 33 92 36 444
2168 0.85015897517891581 -2.0453218600607959 2.8877776635643597 145 112 80 0.19917509409957929 35 191 33 122
2169 0.63432261010927715 -1.9316276453831871 3.3066462571062338 26 26 26 1.2416610088885467 36 874 33 250 37 784
2170 0.92091460497042865 -2.5592073487426146 2.6437946007910584 112 84 83 1.1898888048847487 30 577 37 315 39 320 33 282 29 443 34 325 38 302 20 284 31 415 31 682 27 538 27 307 45 334 40 198
2172 1.173868514101148 -2.3235958806296049 2.6889141139996102 154 132 111 0.13227245655914088 30 804 33 373
2174 0.62522023815892147 -1.9085382916494171 3.3515543815977167 29 34 30 1.0553974256487322 35 820 33 481 37 821
2176 1.2322715873595378 -2.4699186812815492 2.6308209767123656 120 91 96 0.77274958974994534 28 1160 33 521 40 359
2177 0.72435396192583257 -1.7657876097128349 3.1215234253476725 20 17 18 0.9083509457866763 29 1163 34 847 38 836 45 583 33 530
2178 0.82688349118779414 -1.7370504514997942 3.0925503440338042 69 55 44 1.6574033079763779 45 572 33 531 21 398
2179 1.1609220350781067 -1.9304342377526869 2.9284255762453411 162 132 116 0.3957498686191 28 556 34 225 10 142 12 119 13 126 11 134 9 217 33 340 28 555 27 450 30 203 29 300 31 292 32 304 36 246 39 220 34 224 10 141 12 118 13 125 11 133 9 216
2183 1.1142719960471839 -1.9739336618658649 2.9114669564289493 147 138 125 0.64415356737124907 16 164 18 39
2184 0.78220834273748152 -1.9205342614379957 2.9870249645009266 0 0 0 0.27622244218673031 14 99 30 206
2185 1.2447209473843834 -2.11972181884776 2.8160989304782302 205 187 167 0.89245263700510924 36 456 18 69 24 78
2190 0.87035522876286719 -2.0427151337584144 2.9050405384096374 120 86 60 0.13155395198065226 6 392 14 255 18 372 3 72
2192 0.92506551180222696 -2.1748118322836203 2.8337987150141846 195 145 83 0.085073495192023521 10 285 18 387 15 247
2193 0.77988164331870036 -2.239780662331051 2.8346422908261597 0 0 0 1.0956895830650486 6 133 45 125 10 81
2194 1.4106077064516773 -2.5573465089409577 2.5629269177253486 194 164 137 1.2457921806418075 30 578 32 99 18 415
2195 1.6198366906578887 -2.2343023439827223 2.7325024197985024 77 77 62 0.70996401685737642 36 165 23 650 25 595 26 508 17 454
2196 1.4891685740504581 -2.2650640825566928 2.7119445349882141 68 52 47 0.12566774068217515 35 757 36 811 18 468
2197 0.71256152573575338 -2.2203811219161755 2.8489070435599544 175 155 157 0.80508039552907151 10 483 45 500 18 480 21 311
2199 1.2202830927632404 -2.5056777700378139 3.0885719282032671 63 59 58 2.8826692724325449 11 335 18 607
2202 1.051423310148569 -1.8789811652288162 2.96926643885894 197 182 169 2.6489080981744988 39 793 10 555 12 519 13 505 15 523 11 524 16 558 9 671 14 592 7 483 18 33 10 154 27 650 12 127 13 135 15 119 11 147 45 410
2203 0.82248809806912415 -1.8810861354054638 3.0057443009110112 106 90 74 2.2880798600861172 30 712 31 786 18 38 32 324 34 247 26 144 27 464
2204 0.90114503417929459 -2.0343493530149983 2.9051398331389859 176 161 143 0.51599580597908035 14 366 6 393 18 67 28 738 30 847 31 752 32 521 36 653 25 325
2205 1.061236782323534 -2.2906242386839173 2.7449119500926646 193 166 135 1.4363839612694635 12 497 15 499 11 498 9 650 14 555 7 447 45 536 33 497 23 626 26 486 17 464 21 302 40 339
2206 1.0585307916142825 -2.1640381750825899 2.8187215571347459 169 130 92 1.885071287809666 10 85 11 98 13 73 14 64 12 74 15 66 6 137 7 94 18 89 28 195 27 140 30 132 35 393 28 488 27 398 29 226 28 202 31 217 31 222 32 222 32 488 36 191 39 157 38 363 34 386 37 383 45 120 10 92 14 63 23 137
2207 0.83572054909783267 -2.1465890953087494 2.8656779980436897 101 82 55 1.3371580775924745 28 208 27 150 30 141 18 99 16 134 36 455 19 39
2208 0.92216354553782176 -2.3436740694917044 2.7528520973527062 76 67 53 1.2782741634272854 30 800 33 371 20 105 18 304 9 103 15 45 24 227 21 54
2210 1.1859539438778983 -2.5775532161696355 2.593745918329819 113 82 90 1.8281333928246186 29 70 31 62 36 62 18 178 35 60 28 376 27 296 32 94 39 58 38 52 34 56 37 53
2211 1.5984772167112942 -2.130219445427262 2.7830992434314807 134 148 95 2.8387200888932109 35 169 28 506 27 412 30 419 29 561 31 532 32 234 36 199 39 170 38 169 34 167 37 164 18 453 35 720 28 996 30 949 29 1019 31 987 32 888 36 821 39 745 38 709 34 724 37 702
2212 1.3746864140530262 -1.9091563637092581 2.9170921803912417 82 60 39 1.0365102754438185 9 541 14 382 7 365 18 238 35 674 28 915 27 758 20 70 35 578 30 867 29 943 31 925 36 670 39 597 38 560 34 582 37 562 37 667 10 316 12 280 13 378 11 303 16 342 9 434 6 415 7 275 45 277 25 264 23 317 26 227 19 25 3 104 40 238
2213 1.2749156407724589 -2.4544790882394638 2.6400869058310277 87 42 87 1.9570384287267948 35 102 27 340 29 140 28 121 31 125 32 136 36 123 39 99 38 107 34 98 37 100 18 407 20 493 35 701 28 1039 27 879 30 994 29 985 31 959 32 861 36 800 39 728 38 694 34 706 37 690 10 472 12 443 13 441 15 442 11 453 16 480 9 582 14 459 6 586 7 433 45 336 8 276 25 499 23 551 26 421 17 344 19 485 40 43 40 123
2214 1.381292373533487 -1.7808468712223713 2.9870586431343367 36 38 71 0.8867636383334403 11 565 15 570 16 608 9 705 14 637 6 694 7 539 18 508 8 354 19 467 3 422
2215 1.5513551524106985 -2.2299459740214305 2.7192792481714725 53 51 35 2.9588146109338371 28 472 27 382 29 531 31 501 32 195 36 164 39 134 38 143 37 138 18 374 35 712 28 1051 27 889 30 1008 29 1009 31 976 32 877 36 814 39 736 34 716
2216 1.5567528380239219 -2.2240998896360882 2.7248050219974562 56 57 44 1.0696543466750301 14 221 6 109 18 375 35 711 29 1008 31 975 32 876 36 813 39 735 34 715 8 34 16 78
2217 0.85150515777722668 -2.0761126171758848 2.895425694241665 121 107 95 2.2993601949857307 35 724 28 1061 27 903 30 1022 29 1077 31 1041 32 940 36 867 39 787 38 752 34 763 18 379 10 400 11 391 12 369 13 364 15 362
2218 0.77556562885116298 -2.1696417730646127 2.8642780093457456 172 169 165 1.530092045622413 12 621 28 1164 10 636 12 604 13 589 15 602 11 603 16 648 9 716 11 583 14 681 6 732 7 564 18 611 8 373 21 394 3 411
2219 1.1319046308761676 -2.4774981386804384 2.6482889699459102 97 49 99 0.92725705200012154 20 543 10 577 12 539 13 529 15 542 11 542 16 579 18 566 35 629 29 870 31 854 20 294 28 1036 27 878 30 993 36 598 34 629 37 616 8 275 25 510 23 565 26 431 17 361 19 538 24 476 21 346 22 246
2220 1.5114059761548713 -1.9430578455886436 2.8671347987147713 81 63 61 3.3276303351801326 45 266 18 10
2221 1.6138669265554939 -1.9985205828455368 2.8540609221041771 70 60 58 1.0928130017240016 34 733 35 730 18 448 33 243 24 370
2222 1.2580780392305133 -2.4701073736456949 2.6514000809075924 202 175 157 0.44971607925269885 6 55 7 39 8 22
2224 1.3593132200947318 -2.1692663807169534 2.7720866307068155 174 150 125 1.2878800457697144 10 276 11 258 8 41
2226 1.3976497221853188 -1.865731607459767 3.0862463811151644 76 43 38 1.1751904501661823 7 186 8 115
2227 1.0424133827635502 -2.5747154622805222 2.6071003823324057 194 168 153 0.20147278603049426 6 310 8 138 3 177
2228 1.0252678457092235 -2.0275448280964157 2.8903559027530314 128 137 90 0.55322444876107679 6 509 9 531 14 364 8 166 19 216 3 73
2229 1.1972560073363472 -2.5992503068313133 2.5760702981665662 135 104 113 0.10209998104338663 14 545 8 270 3 346
2230 1.4295371491407731 -1.6768083100260169 3.0355461475622278 80 86 136 0.15875867049455289 14 526 8 324
2232 1.62044688969637 -1.6587176343838672 3.0704808312659129 80 51 50 0.58279754408373208 7 503 8 360 3 427
2233 0.60314886294208481 -2.9367938750093021 2.479799356267133 0 0 0 0.70932077173821495 13 477 36 1 15 488
2234 0.56525719198895719 -2.6599870646690493 2.7975420822363501 29 31 28 0.37715248813288865 7 602 8 391
2235 1.5346460772006987 -2.2630784818871503 2.7029743477987904 51 44 40 0.46534343266490696 9 111 10 61 12 54 16 72 6 342 13 49 8 30 20 155 36 438 39 380 27 583 28 701 29 528 31 499 32 472 34 375 35 134 37 134 38 357 19 95
2236 1.4380064657152225 -2.0920656514710112 2.8061629669770229 159 123 88 2.4475343066321389 14 481 6 613 7 350 18 518 8 46 27 419 28 514 32 501 10 105 31 537 35 404 37 393 34 391 12 86 13 85 28 515 30 158 29 248 31 242 32 249 36 209 39 181 38 372 15 84 11 104 16 127 9 161 45 118
2237 1.5724445334705197 -2.8368963020936415 2.3914669275664 34 33 31 1.2328318437346244 6 725 7 576 8 384 28 1133 27 976 30 1098 15 575 13 563 16 616 9 683 9 709 14 606 14 645 6 701 7 548 8 363 3 430
2238 1.0930726733816389 -2.0321946034583163 2.8829039748642411 162 161 108 1.0198691013082006 14 365 6 388 7 121 8 167 35 192 28 527 27 168 30 662 29 583 31 551 34 198 9 180 23 129 17 71 3 209
2239 0.93926758627357565 -1.7538981998732339 3.0608974706272329 30 27 24 1.3476858119803476 10 628 11 593 12 590 13 595 15 609 16 654 14 669 6 720 20 469 7 571 8 379 16 380 18 12 3 439
2240 1.231297331127899 -2.5416940701203834 2.5949918327447894 88 47 82 0.518640249780428 35 334 28 664 27 547 30 583 29 695 20 188 31 429 32 420 36 389 39 334 38 307 34 329 37 324 12 187 15 174 16 19 9 335 14 167 6 308 45 39 18 162 20 187 35 333 28 663 27 546 30 582 29 694 31 428 32 419 36 388 39 333 38 306 34 328 37 323 10 23 12 186 13 19 15 173 11 31 16 18 9 334 14 166 6 307 7 210 45 38 8 137 10 24 11 32 13 20 19 162 19 163 3 181 3 182 40 29 40 30
2242 1.1112795065247931 -2.0437302400779958 2.8722388311116274 72 91 58 0.55510178401292332 35 728 27 904 32 900 36 826 39 753 38 716 34 730 37 708 45 465 33 427 35 727 28 1062 27 905 30 1023 29 1078 31 997 32 901 36 827 39 754 38 715 34 731 37 707 10 547 12 511 20 230 13 497 15 516 11 515 16 544 14 580 45 464 18 456 23 573 26 436 17 358 19 356 40 274 40 275 21 285
2243 1.1157468493464544 -2.6218816282253146 2.5696226059285778 87 44 85 1.0195224081178491 35 500 28 632 27 506 30 542 29 659 31 658 32 599 36 567 39 501 38 469 34 494 37 477 12 176 13 177 15 9 11 11 16 232 9 20 14 6 6 19 7 4 33 4 28 36 27 32 34 21 19 323 3 10
2244 1.2305118715525885 -2.569518399824863 2.5822061121331443 86 36 90 0.28187706091736592 28 829 27 691 30 782 29 858 31 843 36 584 38 595 32 765 34 506 37 595 18 428 32 766 38 596 45 210
2245 1.4683118285451937 -1.866496921298928 2.9333212300823144 88 65 59 0.37186297963344006 32 548 25 23
2246 1.406522134847874 -1.770085835388469 2.9910384105487613 78 82 121 1.2008072366725366 27 235 25 37 17 7
2249 1.6004906066033628 -1.6272242026640911 7.3987920583534201 0 0 0 0.99331107817967634 31 360 36 555
2251 1.2453395554033888 -2.1172770237935787 2.815316422870132 215 195 172 1.2709402471042692 36 457 25 277 18 68 24 79
2252 1.1241828536507328 -1.9630101304808054 2.913719343659178 121 109 105 2.6607741998430434 35 212 28 547 27 445 30 194 29 599 31 574 32 296 36 242 39 214 38 209 34 219 37 214 10 138 16 166 25 100 35 573 28 899 27 748 29 933 31 916 32 824 36 661 39 590 38 554 38 663 34 577 37 555 25 291 23 126 23 345 26 253 17 267 44 95
2253 1.1101492856787618 -2.4940704465799617 2.642733233548185 177 150 125 0.8164994136848146 20 163 32 629 36 595 37 343 18 159 25 281 35 523 28 839 27 698 30 790 32 630 20 162 36 596 39 522 38 493 34 520 37 499 45 225 33 55 18 158 18 160 23 344 26 252 17 188 17 189 19 137 19 138 24 188 24 189 40 121 22 120 44 136 44 137
2254 1.6097040662186746 -2.1633388289098909 2.741921195238918 203 209 202 0.16007850452169148 25 232 23 0 26 1
2255 1.5831245952049871 -2.1537161247132999 2.7490368491710049 57 73 47 0.20854891607947473 25 0 23 1 26 2 24 274
2256 1.5416477798333557 -1.6453485291690453 3.0132849802579971 61 45 39 1.1578537823579294 25 4 23 4 26 199 17 330
2257 1.5211012165265279 -1.7219161653636081 2.9827280046346791 84 56 48 0.1864222664504861 25 242 23 7 26 203
2259 1.3884161771812971 -1.7664034677299298 2.9147772734395052 116 92 86 1.9281962926443945 25 11 23 11 26 10
2260 1.4322403208719168 -2.3902222615860569 2.6589041284064523 145 117 113 0.92567027514265043 36 422 23 17 26 211 17 239
2261 1.4204019445664215 -2.635132796111384 2.559382187790828 206 170 180 1.5002927477316064 25 250 23 26 17 144
2267 0.84802623034439772 -2.2026554060747081 2.5413482128358651 208 179 157 0.60744178925244652 39 556 23 47
2268 1.3044815314309774 -2.1003328479088315 2.817793112315782 222 183 142 0.28665485749680081 25 46 23 53 26 43 24 203
2269 1.2799297637858611 -2.053083584371461 2.8323785843741276 227 196 160 0.16368950934671864 25 48 23 57 26 46
2272 1.2222860447295563 -2.489751725834938 2.6194311885509554 216 186 179 0.57050075000098788 25 52 23 76 17 161
2274 1.2084795348330526 -2.4649384011242836 2.6328018387167211 214 181 181 0.083425918774042818 25 54 23 78 26 53
2275 1.2872192529469837 -1.7202161679452519 3.0368339652831411 58 56 52 0.24997331855651458 35 257 37 255 23 85
2276 1.2074311601015759 -1.9653374533088552 2.898592616286352 170 144 120 0.096144084372293673 25 73 23 96 26 64 17 51
2277 1.0998343319345734 -2.6179539724909531 2.5865920287788735 116 72 101 1.2442825905285313 25 83 23 116 26 75 17 287
2278 1.0378823692938988 -2.6343231618755252 2.5771198737708558 217 183 163 0.17334019410061047 25 97 23 130 26 86 17 93
2281 0.97833170446813567 -2.4943214018337283 2.6487482751046918 113 73 100 0.32203699903321564 25 111 23 148 26 265
2282 1.0440647949414055 -1.8010730704129034 3.0158531835339719 216 153 109 0.10989500634891154 25 131 23 155 26 100
2284 0.93493987284989888 -2.605180587297685 2.6003223387428864 109 72 84 0.12768898702846221 25 125 23 163 26 270 25 300 17 108 44 17
2285 0.98095606204669838 -1.9655782188821402 2.9352272003656048 151 127 110 0.063311290642884543 25 142 23 167 26 108
2286 0.94517695258876011 -2.1772245628399545 2.8271991174977655 187 92 62 0.097959943279948641 25 143 23 169 26 111 17 100
2287 0.95377309647029085 -2.6904696485704158 2.6162226882531696 211 181 157 1.7840615284296888 25 452 23 179 26 380
2288 0.8786869655781091 -1.754929625148413 3.0800760237687657 65 50 43 1.0723512064855065 25 178 23 202 26 141
2289 0.73778472423786956 -2.7788736455296195 2.5438176509026813 55 47 45 1.0676312192335284 25 462 23 205 26 396
2292 0.88783509161417795 -1.7026328397245367 3.1271430992892779 52 44 42 0.8437347970646174 25 187 23 212
2293 0.72438212806241387 -2.2280548284647517 2.8705120871726217 111 80 86 0.067195565454493927 25 355 23 243 26 171
2294 0.8541085066627957 -1.8817267903048318 3.0983728567244895 140 111 105 0.86163191128394478 25 357 23 244 26 296
2295 0.72315434386566302 -1.8092135115081938 3.0656022602886059 144 116 111 0.096695018604635849 30 235 23 248
2296 0.65278355653828701 -2.0008238239362353 2.9619701913781404 111 89 78 1.8746226627508247 27 178 23 253 26 177
2297 0.71694305337077258 -1.691939510650345 3.2011124817506476 10 5 1 1.8803005371792871 25 482 23 261 17 125
2298 1.5049792179758521 -1.9508061686540925 2.8562130718304446 149 115 103 0.54205764293377934 25 237 23 287 17 0
2299 1.4225057026878078 -2.3387298167177875 2.6706543828172205 66 44 31 0.04464658801669686 25 243 23 294 26 204
2300 1.4225057026878078 -2.3387298167177875 2.6706543828172205 66 44 31 0.04464658801669686 25 244 23 295 26 205
2302 1.3944895223006333 -2.5593972363041226 2.565337835647735 116 73 103 0.35745176865518885 25 246 23 304 26 218 24 0
2305 1.3261261880282011 -2.0668404452130833 2.8306611166957305 162 121 72 0.48064108415059742 25 385 23 320 26 231 17 142 45 127 24 204
2306 1.3367917987578184 -2.0875705084606566 2.8261275345684735 215 175 123 0.12301468271841109 25 268 23 322 26 230
2307 1.3354732777913956 -1.7884956938077052 2.9909436504835427 115 110 113 0.026376287199878837 37 245 23 327
2314 0.94502343976973613 -2.3612170842188966 2.7407841831558697 51 37 26 0.15276875037869875 25 307 23 372 26 375 17 304 24 99
2315 0.94502343976973613 -2.3612170842188966 2.7407841831558697 51 37 26 0.15276875037869875 25 308 23 373 26 376 17 303 24 100
2316 0.89153458081849679 -2.6049224493805458 2.6156467723275298 207 179 164 0.49042821744808213 25 315 23 377 26 114
2317 0.89153458081849679 -2.6049224493805458 2.6156467723275298 207 179 164 0.49042821744808213 25 314 23 378 26 115
2318 0.91559434903935755 -2.0133786580919191 2.908922259871896 165 151 100 0.07100917209466362 25 322 23 379 26 275
2319 0.91559434903935755 -2.0133786580919191 2.908922259871896 165 151 100 0.07100917209466362 25 323 23 380 26 276
2320 0.84486975234237804 -2.6191344259522045 2.5955694700660006 214 181 172 0.11762837190596268 25 318 23 386 26 277 17 212
2321 0.89776039748820224 -2.3406436882594508 2.7762936359673729 131 98 106 0.23145083972999181 25 326 23 392 26 282
2322 0.75413886197675872 -1.9957751622910784 2.9266419797669254 144 111 78 0.59145685651794011 25 186 23 409 26 290 17 219
2324 1.4566977754957626 -2.0677178547514563 2.8295660630426691 188 141 95 0.25365930474796433 25 376 23 438 26 215
2325 1.3454886634054672 -1.9372320891797297 2.8813540178841439 191 145 95 0.26878322795390547 25 379 23 444 26 311
2326 1.2955283079002664 -2.5584540458239 2.5821543145848516 215 185 159 0.63137202416495553 25 381 23 447 26 315 17 245 24 167 20 459
2327 1.2898132985897692 -1.9020881210977023 2.9277931045406342 145 106 69 0.1559041319821132 25 392 23 454 26 319
2328 1.2898132985897692 -1.9020881210977023 2.9277931045406342 145 106 69 0.1559041319821132 25 393 23 455 26 320
2330 1.1987500076406759 -2.4821055875835913 2.6331348966628707 119 76 108 0.10535001589903618 25 395 23 462 26 328 17 262 22 129
2331 1.2521070358893724 -1.9041003782407253 2.9351982980911373 212 184 143 1.2428699650115471 25 401 23 463 26 326 17 343 22 301
2332 1.1664813881376535 -2.5578918848625505 2.5980199716500998 211 180 152 0.29088853090808231 25 399 23 467 26 331 22 190
2333 1.1943687371797391 -1.9553040068841541 2.9140199308480761 202 186 168 0.8853769875218539 25 413 23 476 26 338 17 259 24 234 22 195
2335 1.1513888370450676 -1.9443589532788805 2.9192489971339386 139 131 107 0.94700690846342606 25 416 23 480 26 342 17 168 27 863 24 396 40 97 44 97
2337 0.97547992283389195 -2.1022201785473 2.8595432376425625 198 154 114 0.46724589313674758 25 444 23 497 26 369 44 69
2338 0.92031172406091655 -2.5908045639187334 2.6110779473651902 207 177 147 0.1057608650882854 25 441 23 499 26 370
2340 0.89219995494382687 -2.6185555050009626 2.603404066797208 121 78 112 1.0742936801481822 25 448 23 508 26 377 17 319 44 124
2341 0.86970731375355159 -2.5878878357062027 2.6238507914476252 118 75 115 0.67957261506114364 25 453 23 510 17 447
2342 0.83586744943870439 -2.6308233529142941 2.5860522792642806 121 78 105 0.19930739642746786 25 451 23 511 26 379
2343 0.92094303519111154 -1.8635484043847892 2.99906343193285 151 127 103 0.479891329373 45 173 23 512 26 279 17 205
2345 0.83401564572811204 -2.5584083473643449 2.647806054211415 119 79 114 0.33325062571017883 25 456 23 515 26 386 44 294
2346 0.82359086457349862 -2.5539222050132593 2.6439953611150289 119 79 114 0.32787286145523181 25 457 23 516 17 402
2347 0.90149740288374303 -2.0517755369560207 2.934666647081773 203 161 118 0.74715639873117967 25 337 23 524 26 390
2348 0.85888651249925918 -1.674607856302466 3.1544607030201481 55 45 43 0.4776898943982954 25 472 23 530 26 401
2349 0.77243295985314531 -2.3139485144736178 2.8155519987014404 78 78 78 0.11794928548922645 25 467 23 531 26 402
2350 1.3747985942594374 -2.0800139511907672 2.8213457913253994 211 178 136 0.40462500358552916 25 494 23 544 26 310 17 339 24 372 20 445
2352 1.1193146753776224 -2.2665131433558736 2.755502275274694 162 141 120 1.061487716610402 45 245 23 566 40 67
2353 1.2257169882433716 -1.6599395342185983 3.0953788550292964 49 37 35 0.25571367978510889 25 566 23 567 26 479
2355 1.1021290722197417 -2.5281063715608463 2.6231990900073012 208 181 152 0.4599166911488311 25 512 23 569 26 433 17 368 22 245 44 194
2356 1.0565100103398248 -2.5322443750087631 2.6316066345447333 210 180 152 0.21207636487624612 25 517 23 574 26 439 17 376 24 292
2357 1.0591995119410482 -2.5332541363562631 2.6322590740509342 210 180 152 0.20238358144219032 25 518 23 575 26 440 17 377
2358 0.98446645984377867 -2.6016945802738078 2.5957124501825892 126 78 127 0.11121588298598695 25 519 23 579 26 442
2359 0.80548382607363567 -2.0365469130008553 2.9511958945346617 169 141 101 0.29793911643364979 25 537 23 599 17 405
2360 0.68444741016188659 -1.8899664463319088 3.0253070660604315 134 106 96 0.21722931741182405 25 544 23 602 26 463
2361 1.5162504607741689 -1.7276207124012022 2.9594633081642541 77 63 59 1.4394283609110354 25 548 23 605 17 410
2362 1.5929800677956667 -1.7010177113715601 3.0078994682497044 140 105 91 1.6598728511005394 25 549 23 606 26 467 24 90
2363 1.439335812184956 -1.9650297514001438 2.8791520821108909 171 88 80 1.0432169344530109 25 552 23 608 26 415 17 334 22 338 44 308
2365 1.3326389966647421 -1.9041293834465653 2.9507456060819726 142 112 81 0.30028924086280678 25 558 23 614 26 473
2366 1.3326389966647421 -1.9041293834465653 2.9507456060819726 142 112 81 0.30028924086280678 25 559 23 615 26 474
2367 1.3370095090634582 -1.6608130828756209 3.0816235776254515 40 36 35 0.94988655520535303 25 630 23 616 26 475 26 544 17 418
2368 1.2969795561311159 -1.6932423502094884 3.0505722249155913 126 93 86 0.66174584046458773 25 561 23 617 26 476 17 421 22 304
2371 1.1270287281037092 -1.8375264378340843 2.9714349019129056 168 113 83 0.24816195760501025 25 569 23 623 26 481 17 429
2373 0.86899135672818761 -1.7086255702204929 3.1057076754658524 151 136 120 0.14755056414654924 25 590 23 643 26 503
2374 0.67060216467686529 -1.755405819002205 3.2983412503458576 57 39 39 0.76970444237219127 25 593 23 648 26 465
2375 1.5341078083436086 -1.77358024027924 2.9450872127965888 88 72 72 0.09078748546724949 25 596 23 651
2378 1.2267821369754388 -2.5660135361201148 2.5837396638286751 120 75 121 0.50627281745934416 25 605 23 660 26 518 24 170 22 300 44 266
2380 0.92556707546441319 -1.9840179193941756 2.9421709104052818 205 191 181 0.26131785728520501 25 639 23 668 26 525 17 470
2381 0.83623888624503406 -1.915577242382799 2.9697196311472065 207 170 122 0.20136102317358454 25 610 23 670 26 526
2382 0.84483304620482602 -1.9187536705105557 2.9736410385356327 207 170 122 0.40664593493569856 25 611 23 671 26 527 17 473
2385 0.65336906441465803 -2.3884963150299652 2.7617572659667253 155 144 136 1.6448774660476682 25 617 23 677 26 532 17 479 24 489 22 89
2386 0.63435027082544293 -2.2766300937359438 2.8109515224942228 196 177 176 0.88951159629867393 25 619 23 679 26 534 17 478 45 538
2387 0.66627085267554875 -2.1492990945200967 2.9043201945639079 167 151 148 0.50393271818760221 25 621 23 680 26 536 17 480
2388 0.61958620359153127 -2.0204002666379011 2.950534785039578 124 99 89 0.6572341215990285 25 622 23 681 26 537
2389 1.3544633099772692 -2.6084922261493757 2.5434960390962331 164 129 131 0.55186937582941176 25 626 23 684 17 486 22 355
2390 1.4161001334489931 -1.7323687089326936 3.0171003821649132 176 176 192 0.45272879290335782 25 629 23 687 26 541 17 482 22 383
2391 0.99997963462301476 -1.6721353590490897 3.1078766960075583 41 32 30 1.1591914050253325 25 654 23 694 26 551
2392 0.87533963810276194 -2.1079311040131938 2.8722455918112981 209 191 173 0.36108622376812988 25 640 23 695 26 554 17 492 44 301
2393 1.0381185759455174 -2.6412607328597035 2.7388574444048022 205 179 147 0.80345838819790949 25 657 23 697 26 556
2394 0.70396249572076697 -2.2249343197911684 2.8348324119143506 188 172 175 0.33471695630502329 25 643 23 701 26 559 17 502
2395 0.64263842935932891 -1.8565681244847165 3.0439800449295702 143 109 99 0.49955779130696454 25 647 23 707 26 538 17 503 24 518
2398 0.79185770426959445 -2.6509293491825967 2.5826433719063862 212 182 146 0.12409632116272043 25 655 23 714 26 569 17 517
2399 0.7884196809893208 -2.649913502870219 2.5829426188441489 212 182 146 0.76337154263765505 25 656 23 715 26 570 17 516 24 504
2400 0.69168960248989009 -1.7270399680462361 3.13952780410593 103 88 87 0.54798021645514305 25 659 23 718 17 504
2401 0.69168960248989009 -1.7270399680462361 3.13952780410593 103 88 87 0.54798021645514305 25 660 23 719 17 505
2402 1.5438776193534396 -1.6734808803538488 3.0519039625530717 96 75 65 0.59066552157936536 25 671 23 720 26 574 17 518
2403 1.2930029037772657 -1.7545434042029757 3.0189506146729119 71 59 57 0.3472940844855017 25 662 23 721 26 575 17 510
2404 0.73533848215434661 -1.7670040512633141 3.098006622219633 47 47 45 0.34615285580232369 25 668 23 727 26 580 17 530
2405 0.69575412164275952 -2.1946651135794721 3.0248532096789349 80 56 52 0.58282094246258331 25 677 23 728 26 590
2406 1.2790186427256822 -1.9877116759996061 2.8852663215890364 154 131 101 0.094041581119785222 25 672 23 731 26 583 17 533
2407 1.0792618602963215 -1.9913306151057237 2.9060897537753418 104 96 62 1.2526366508506643 25 674 23 732 26 585 17 521 22 390
2408 0.83692661917161681 -2.4932939921876991 2.6780334266871413 204 175 141 0.37601617537728804 25 678 23 735 26 587 17 538
2409 0.71790661494303709 -2.1627712878140843 2.8510305783076739 208 198 193 0.46742086141422429 25 679 23 736 26 591 17 540
2410 1.1975796448492204 -1.7075041235959687 3.0745654209267368 27 27 27 0.40941602930101756 25 681 23 737 26 592 17 539
2411 1.0318159727555913 -2.5195399368407378 2.6447202864026833 87 40 84 0.67472365783690658 35 338 28 671 27 554 32 433 36 397 39 339 38 319 34 338 37 334 45 223 18 172 25 106 23 134 35 339 28 672 27 555 30 590 29 703 20 158 31 690 32 434 36 398 39 340 38 320 34 339 37 335 10 222 12 197 13 200 15 190 11 226 16 254 9 349 14 181 6 328 7 31 33 43 18 173 8 18 26 91 17 94 19 139 3 190 40 48
2412 0.79047101965193467 -2.3628278481245997 2.7594804454502047 33 21 17 0.98212463373031411 35 374 28 690 30 609 6 96 14 339 25 338 23 404 23 208 26 394 24 337 21 274
2413 1.351183762418728 -1.9523612069542837 2.8957483304951275 148 105 64 1.0504732891778488 39 209 15 108 25 269 23 318 35 670 28 1014 27 862 30 967 29 1037 31 917 32 910 36 769 39 700 38 664 34 673 37 665 10 494 20 357 12 461 13 455 15 462 11 469 16 501 9 608 14 501 6 629 7 361 45 271 18 513 8 227 9 537 26 228 17 138 19 353 19 425 20 436 3 216 40 160
2415 1.2409092385284295 -2.1786729787569792 2.7721118312182256 126 94 55 1.5616722136722525 30 397 31 512 23 73 35 151 28 484 27 392 29 542 31 207 32 216 36 185 38 156 34 150 37 151 45 113 28 184
2416 1.3700334778731833 -2.3874537070845747 2.6579823993350256 116 93 93 2.958589495509782 25 256 23 28 35 367 28 454 29 499 31 472 32 172 39 366 38 342 34 363 37 361 18 114 35 538 30 606 29 728 31 709 32 649 36 614 39 540 38 505 34 537 37 512 21 33 7 47
2417 1.3355959018086176 -2.5702696380059398 2.5660786448453536 214 176 188 0.16566818677774231 23 42 17 27 25 27
2418 1.3549152969796048 -2.6227642820963437 2.4043627775098382 85 79 77 2.6338121079609986 27 19 26 0
2419 1.5233957066586359 -2.1984929232487738 2.7435859184644666 81 87 62 0.46866704523719233 23 286 25 234 26 5 24 279
2420 1.427003011711276 -2.3443622032455944 2.6560857425211313 226 198 173 0.055040970430079272 25 241 26 12
2421 1.3637449419919734 -2.5866884791901956 2.5462796297455834 227 190 207 0.052192323038376287 23 22 25 16 26 21
2422 1.3761488011699181 -2.5692755635940778 2.561112542120251 234 192 206 0.13828044019605887 25 20 26 24 17 19
2423 1.1971557502655248 -1.7294187317512295 2.9506786993916165 92 97 142 1.4450019919855457 23 54 25 275 26 44
2424 1.1688729714393042 -2.6206367176197536 2.5549156622927534 123 81 103 0.021903635712173339 23 87 25 59 26 57
2425 1.1637700909260393 -2.5618078891023011 2.5834616970179227 123 79 112 0.061257189574737136 25 61 26 59
2428 1.1999997248929957 -1.8187768142775609 2.9941585084582973 178 131 87 0.81479864778738165 25 86 26 73 24 123
2429 1.0169103418938379 -2.5417452648314041 2.6239696333346791 114 74 99 0.16071985801367861 25 104 26 89 24 41
2431 0.87465482218201696 -1.7951173916852166 3.1045233205105518 155 138 125 0.93025973897572478 23 223 25 538 26 158 17 498
2432 1.3828992128248931 -2.0448797233729095 2.8076594124772325 185 141 91 0.44122910210881722 23 439 25 377 26 216 24 295
2433 1.4525545714492283 -2.6597119965595635 2.5518326858268248 127 84 111 1.5717493312266733 23 30 25 247 26 219
2434 1.3025487088221979 -2.6147106749960938 2.5317630584375093 128 82 113 0.20926296497625971 23 313 25 257 26 222
2439 1.1714445768809374 -2.0329707291361099 2.8663275448184158 112 78 58 0.090826820935521302 25 412 26 336 17 260
2440 1.1251180086680352 -2.5494504445383654 2.6054569101616072 122 75 119 0.31746539949941915 23 477 25 408 26 340 17 274
2441 1.121012717262448 -2.1651565373610335 2.8058475484750951 213 198 174 0.17457179603780293 23 482 25 415 26 345 44 214
2442 1.1157844523250209 -2.4048612258220805 2.7019329301721764 184 155 151 0.81034954598824238 25 417 26 348 17 280 22 249
2443 1.0811753274556812 -2.3938973657996478 2.6902776146019409 184 155 151 0.8332094502647136 25 418 26 349 17 279 44 144
2444 0.75041303198978693 -2.9783907158273428 2.7142394997355761 158 160 159 0.8692292691775082 23 603 25 592 26 464
2445 1.4462726363278418 -2.2813919761205339 2.7022921310596804 217 189 153 0.1940664969759647 23 607 25 550 26 469 17 414
2446 1.3986978700453709 -2.0342219014095098 2.8420720074592891 203 156 104 0.71063934035377174 25 554 26 470 24 418
2447 0.78446338001082461 -2.3861285551318758 2.7456772553526578 210 181 151 0.25806771260572892 23 642 25 588 26 502
2448 0.85378984876960007 -2.1817384690559805 2.9660986250118402 0 0 0 1.1729938074068731 23 647 25 618
2449 1.4231946668129229 -2.6389553837214921 2.515230860911541 217 186 152 0.26032439870214436 23 682 25 624 26 540 17 485 44 340
2450 0.91539329612104681 -2.6510438079327212 2.5686684334335266 214 183 148 0.13543163834606295 23 693 25 635 26 550
2453 0.62692353153619629 -2.2394159947489465 2.8743418450556217 53 41 38 0.34966678019512315 25 676 26 589 17 537
2454 0.81800230222710335 -1.8079047274106999 3.0547356205890197 83 70 61 1.8306327785987433 29 340 35 246 38 243 27 233 28 296 36 291 10 342 12 306 13 306 15 305 11 332 16 375 9 257
2455 1.4096009692276033 -1.7525947102927719 2.9973931361945141 139 140 167 1.7004074333592576 25 35 23 34 26 28 28 598 30 241 32 357 9 260 14 125 6 232 8 178
2456 1.1655138793487354 -2.6133075878587952 2.5656293637552543 191 162 140 1.8705015180331861 27 505 25 62 23 94 26 62 20 410 35 609 28 823 30 772 29 853 31 837 39 625 38 587 34 609 37 589 45 205 33 275 19 408 24 173
2457 1.3144416975715603 -1.8269792919831365 2.9691147499644956 108 76 50 0.7203679977481291 25 273 23 329 26 235 35 459 28 785 20 46 27 656 30 719 29 815 31 801 32 724 36 513 39 457 38 427 34 448 37 444 10 333 12 293 13 299 15 297 11 322 9 452 14 110 6 208 45 283 17 21 24 236
2458 1.5304614120452522 -1.7707304041490235 2.9815736477609418 178 147 122 1.1228614312051337 25 374 23 435 26 307 27 484 30 497 29 631 32 558 36 288 37 247 15 571 9 462 9 622 28 1071 30 1035 29 1087 6 533 45 404 8 318 3 119 10 175
2459 0.95927600389154755 -2.5320947000729221 2.6379808665514499 196 167 141 1.1746148474752758 25 436 23 494 26 365 20 282 32 624 19 291 44 130
2460 1.2529104800245936 -2.6267276961576123 2.5524783103675985 101 53 97 1.745907782609226 28 1035 30 990 29 1052 31 1020 32 924 39 770 38 736 10 462 16 469 33 441 18 535 25 604 23 658 26 517 20 330 35 499 28 818 27 683 30 540 29 657 31 656 32 594 36 565 39 497 38 466 34 491 37 474 11 202 16 4 9 323 14 150 6 14 7 2 45 199 18 186 8 132 23 328 17 254 17 461 19 329 21 214 3 12 40 248
2461 0.88228209910455402 -2.428568344251246 2.7361193997093354 208 178 150 2.2285428500360953 36 420 26 284
2462 1.3683213472136369 -2.3870649581761421 2.6556781500525495 130 106 106 2.9815535093791818 35 537 30 605 29 727 31 708 32 648 36 613 39 539 38 504 34 536 37 511 25 255 23 27 35 366 28 453 29 498 31 471 32 171 39 365 38 341 34 362 37 360 18 115
2463 1.0425734901613566 -2.2308824423654054 2.7873706598747665 152 83 54 1.0501208410293787 30 1049 39 820 16 104 14 56 6 127 7 87 20 252 35 714 28 988 27 887 30 941 29 1006 31 977 32 878 36 746 39 738 34 654 37 645 10 273 13 60 15 57 11 88 16 304 9 132 14 223 8 40 25 572 23 627 26 488 17 435 19 253 24 318 21 177 44 208
2464 1.4001249999715175 -1.766707680719396 2.9969384731167161 67 69 112 1.3588637497612892 23 445 17 8 26 312 24 230 22 209 44 184
2465 1.4122214846487895 -2.5367262698582631 2.5781922332976248 113 81 85 0.16731903401506631 30 45 17 11
2466 1.3158631848563893 -2.5927112976340148 2.539459785850815 101 61 88 0.71854353632887635 25 24 26 30 17 23
2467 1.3148653309975493 -2.3129317720217988 2.705294993811211 128 98 97 0.21453843667799838 23 319 17 29
2471 1.0622279241825852 -1.7173459473269397 3.0708136117146028 22 21 19 0.58529235773763999 23 159 26 102 17 80
2472 1.1162078706361707 -2.6577878783194167 2.5782859671830423 199 165 137 1.4394421417321188 23 118 17 86 26 347
2474 0.68328364201894753 -2.2564002935131207 2.8263537699001793 78 72 71 0.64505936753733883 23 238 26 169 17 231 24 134
2475 1.4682514398564472 -1.7285004718583123 2.9965205597715263 95 75 87 0.27526697538275463 23 543 25 492 17 235
2476 1.4309453117651574 -2.0863548235847791 2.8148150514403834 152 116 74 1.2957225878881735 23 441 45 496 17 237 22 265
2477 1.0683942978605374 -2.3164088862203531 2.7452541936612374 194 164 129 0.14852978234246661 23 487 25 427 17 283
2478 0.73747019639745703 -2.3543504674629889 2.791066991758564 64 59 56 0.39584354394860383 26 404 17 327 23 420
2479 1.4143935112875481 -2.0676798285192208 2.8317489402775915 192 158 123 0.88459836976309791 23 309 26 27 17 337
2480 1.1997053036754093 -2.5112122074218353 2.6191357537213222 112 76 91 0.27377743013934647 26 424 17 352 22 194
2481 1.0412005515020879 -1.8344800287088372 2.9890553426125637 136 94 62 0.43150910223833738 23 581 26 362 17 366 23 491
2482 0.85546620511243598 -2.3433959256528469 2.7655848910564229 194 167 140 1.0988813387303147 30 925 17 398 44 142
2483 0.80944110694222793 -2.4045178326703316 2.7312291932859334 161 135 121 0.19465295210043318 23 593 26 458 17 403
2484 0.80944110694222793 -2.4045178326703316 2.7312291932859334 161 135 121 0.19465295210043318 23 594 26 459 17 404
2485 0.75037950857602376 -1.8367318592075663 3.0384596639292822 82 62 54 1.7770941859968825 25 474 45 423 17 406
2488 1.4127722930841851 -2.4983753246547371 2.583577389570233 196 166 130 1.6248134032403645 23 683 45 554 17 483
2490 1.3877974188317455 -1.8692400921084962 2.9233162174947376 142 118 93 0.41046375474975522 23 710 26 564 17 508
2491 1.082182617772411 -1.9895975362092839 2.9053141723653901 79 56 43 1.2092725573263701 23 733 17 522 22 391
2492 0.77205134240431406 -2.3217950343309255 2.7788301751207771 191 165 132 1.4072067176396066 45 560 17 529 40 367
2493 1.5028314859836926 -1.8153970658423173 2.9397098720290766 84 65 59 0.14004970880127038 23 729 26 582 17 531
2494 1.4152430574333732 -2.4950123002940239 2.6151769172804644 192 164 127 0.72211219398295046 23 730 25 670 17 532 24 526
2495 1.3754608220922981 -2.6195444449698972 2.5310507120004568 100 56 85 1.100648665389794 25 248 23 305 26 220 17 141 30 767 29 850 45 432 18 493 40 176 22 146
2496 1.155881163708637 -1.9062742776835679 2.9374793458159756 133 89 62 0.20708197379476334 25 565 23 620 26 478 17 427 35 678 28 1019 27 869 30 975 29 1041 31 1008 32 835 36 777 39 709 38 671 34 681 37 671 45 402 40 242
2497 1.4134880181406844 -2.3034677992919725 2.6952525154217053 98 66 78 0.93494288134180559 25 18 23 301 26 17 17 136 35 645 27 832 30 820 29 897 31 881 36 741 39 669 38 637 34 641 37 637 45 351 23 302 26 214 40 135
2498 1.3567184444931997 -2.5606792066700472 2.5683860319571461 98 52 95 1.1581285575161882 25 254 23 312 26 221 17 20 28 660 27 536 30 575 29 690 31 681 36 363 45 23 33 21 44 139
2500 1.1753269130817334 -2.4156578326610125 2.6718256498002502 183 156 127 1.0788896576379738 25 506 23 560 17 355 20 390 29 877 38 620 34 633 10 238 12 213 13 215 12 212 15 208 15 209 16 268 33 76 19 391 21 146 40 204 22 255
2501 1.2803139682157358 -2.5684507955275317 2.5808591237097094 99 64 84 1.1055206056004006 35 58 28 380 27 299 31 83 32 98 36 77 39 62 34 53 37 48 33 20 17 44 30 320 29 104 23 323 26 40
2502 0.97136718462159988 -2.2782606970530592 2.7731063851895676 174 159 146 1.7832807161838073 27 107 26 106 17 514 15 347 9 125 14 347 35 793 27 959 30 1079 35 755 28 1044 27 883 31 1067 32 960 36 896 39 817 38 741 34 793 37 766 12 501 15 503 11 503 6 353 6 596 7 83 18 528 40 340 22 371
2503 0.93006780883345719 -2.6060124189617562 2.5993851989950136 93 55 78 0.69827938135705991 25 124 23 162 26 269 25 299 17 107 35 293 28 635 27 512 29 410 29 665 31 386 32 390 36 343 39 296 38 273 34 296 37 292 44 16
2506 1.1681517584331933 -2.6107361694485478 2.5708460907272901 181 156 128 0.68179823160953312 35 608 28 822 30 771 29 852 31 836 39 624 38 586 34 608 37 588 45 204 25 397 23 464 26 329 17 67 25 63 26 243 24 172
2507 0.82182460214153519 -2.6159353417896947 2.6027387358290506 92 49 90 1.2286426162997752 25 455 23 513 26 384 17 112 35 606 28 820 27 782 30 768 29 848 31 833 32 758 36 573 39 626 34 610 10 199 12 177 13 178 15 163 11 203 16 233 9 325 14 151 6 298 7 8 33 274 18 341 19 400 19 307 3 7 44 123
2508 1.5678401136255575 -2.0687336731318116 2.8089721211613559 25 27 24 1.2311611206443944 23 709 25 648 35 845 28 1171 27 1006 30 1137 29 1165 31 1130 32 1016 36 949 39 875 38 837 34 848 37 823 45 581 33 533 18 610 17 507 24 500
2509 1.0563862245659974 -1.7915136897219639 3.0155951690698792 161 54 44 0.49942254632947697 25 439 23 359 26 263 17 187 28 588 27 482 29 344 37 249
2510 1.0739595629668122 -2.1922425092317677 2.7988400672244942 157 110 61 0.81199878680223647 25 102 23 351 26 259 17 190 28 709 27 129 30 118 29 538 31 511 32 482 36 446 34 147 45 250 40 149 22 112 44 67
2511 0.99426713379864307 -2.4404853144868963 2.6844755276035275 87 48 74 0.96436958704478926 25 297 23 361 26 266 17 201 28 434 30 348 29 476 31 454 32 454 36 127 10 50 11 60 16 61 9 68 6 60 7 55 45 92 24 73
2513 1.2038998347260108 -2.1419707388895826 2.8075044489930203 179 167 154 0.58251159946994224 25 650 23 712 26 566 17 519 35 842 27 1001 36 945 39 871 20 535 38 833 37 819 10 621 12 579 13 570 15 585 11 579 20 536 35 841 28 1165 27 1000 30 1129 29 1152 31 1121 32 1010 36 944 39 870 38 832 34 844 37 818 10 620 12 578 13 569 15 584 16 627 16 628 9 715 14 652 14 653 6 713 6 714 7 562 45 562 33 526 18 576 8 372 28 1166 30 1130 45 563 19 527 19 528 24 506 24 507 21 380 21 381 3 413 40 369 40 370 22 394 44 331
2514 1.2675200187368088 -1.82467292772863 2.9762147511352244 181 160 133 0.47823051689249874 25 402 23 460 26 325 17 242 20 38 35 593 27 770 29 816 31 802 32 725 36 688 39 610 38 573 34 596 37 574 10 335 15 298 11 324 9 456 45 291 8 78 10 427 21 202
2515 1.2767850453030973 -1.9602252147095967 2.9016528230590337 181 169 159 1.266591157988558 25 278 26 240 17 243 28 903 27 750 30 857 29 934 32 825 36 662 39 591 34 578 37 556 12 380 13 374 16 434 6 515 18 244 19 217 40 92
2516 0.91409699152579627 -2.5715585537988552 2.6236726090113067 184 156 127 1.4091452607537127 25 447 23 505 26 374 17 315 20 455 35 698 28 949 27 789 30 904 29 968 31 946 32 852 38 692 29 1054 31 1021 12 437 13 436 15 435 19 486 24 374 21 266
2517 1.2122372048153178 -2.5334491040408609 2.6051242606636373 181 157 126 0.97658638869015724 25 272 26 241 17 350 20 456 35 620 28 958 27 797 30 910 29 976 31 950 32 853 36 709 39 638 38 602 34 617 37 602 10 368 12 337 13 337 15 334 11 369 16 403 9 506 14 323 6 490 7 212 45 438 33 283 18 490 19 454 24 14 21 218 3 183 40 188
2518 1.1071978437170511 -2.5286141310885601 2.6256578830514457 185 160 128 1.6171176021384521 25 511 23 568 26 432 17 369 32 777 36 717 38 610 45 333 20 311 35 625 32 776 36 716 38 609 34 621 37 610 13 30 10 32 12 38 15 31 11 42 16 38 9 643 14 546 6 584 7 431 45 332 18 326 8 274 19 305 19 306 10 31 11 41 20 310 19 303 20 309 3 347 40 195 40 196 22 244 44 193
2519 0.89024770892642058 -2.5512342461870099 2.6347265839080549 85 41 80 2.1889066981262832 35 68 28 389 27 308 29 106 31 97 32 423 36 92 39 68 38 80 34 75 37 71 45 224 23 174 25 139 17 394 35 618 28 832 27 796 20 389 30 786 29 862 31 847 32 770 36 707 38 601 37 601 12 189 10 212 13 189 15 180 11 216 16 247 9 36 14 322 6 318 7 222 24 70 19 289 40 122
2520 1.3357123332267824 -1.8982082868367254 2.9248255831997172 165 158 137 1.5320969129229161 25 557 23 613 26 471 17 417 35 770 28 1095 27 943 30 1063 29 1108 31 1046 32 943 36 873 39 792 38 756 34 767 37 742 10 553 12 517 13 503 15 521 11 521 16 554 9 670 14 591 6 634 7 481 45 503 33 478 18 446 19 423 24 425 21 366 3 302 40 305
2521 1.1929450617646755 -2.1086212218165952 2.8281566583126283 186 172 157 1.0880052468485668 25 562 23 619 17 426 30 1055 29 1100 45 499 33 448 22 294
2522 0.93147459259813081 -1.7064336916171821 3.0920377285990521 97 83 69 0.53691846893758244 25 587 23 639 26 499 17 442 35 484 28 801 27 780 30 747 29 835 31 630 32 745 36 547 39 482 38 452 34 477 37 461 10 440 12 419 13 413 15 408 11 421 9 558 14 405 6 547 7 404 45 426 33 403 18 5 8 188 24 442 3 231 44 256
2524 0.79817444409541771 -2.0677235183818041 2.9073688966969349 93 70 47 1.605749804136188 25 642 26 558 17 499 39 193 34 408 20 218 35 564 39 575 38 543 37 546 10 295 20 551 35 814 28 1149 27 988 30 1117 29 1154 31 1097 32 987 36 920 39 846 38 808 34 824 37 794 12 370 13 365 15 363 11 279 16 427 9 402 14 362 6 167 45 565 33 506 18 380 8 168 24 514 19 213 19 544 3 366 40 348
2525 1.1642873262109541 -2.5620754621275688 2.5955029390947058 158 137 108 0.90379582796255409 23 97 25 67 35 614 28 952 27 792 30 907 29 971 31 949 32 767 36 704 39 633 38 597 34 615 37 597 10 367 11 368 16 399 45 437 18 496 23 468 25 400 26 332 17 66 17 269 40 186 45 327 22 189
2526 1.275057764890591 -2.2065198059970181 2.7699186567853209 54 38 21 1.9107023888188521 23 330 29 536 17 154 28 174 27 122 31 194
2527 1.4598855067903911 -2.2503901562609276 2.7209089591640883 55 46 45 0.67998820847678942 25 599 26 509 20 488 35 760 28 1049 27 932 28 1085 30 1006 29 1066 31 1034 32 933 36 859 39 779 38 743 34 755 37 731 10 537 12 500 13 487 15 502 11 502 16 534 9 585 14 471 6 594 7 444 45 485 18 465 17 412 19 482 24 10 21 308 3 282 8 208
2528 1.318856135128003 -2.5834752020189073 2.5624848578121533 48 32 44 0.67373472012046742 23 314 25 259 26 225 17 33 29 678 45 202 28 649 31 671 32 610 36 578 18 325 34 505 35 509 37 484 38 480 39 509 40 4
2529 0.97016939091879406 -2.648080499456178 2.5819328852498891 192 162 140 0.49534999066223406 23 157 17 105
2530 1.0978163248404795 -2.4626922312959656 2.6615792769418838 208 171 177 0.1265190998968867 16 48 19 124 21 18
2532 1.425514114873802 -1.9693385044258234 2.8723314069611035 148 95 63 1.4230898923015747 12 109 15 103 19 228
2533 0.8934313588688535 -2.2003808830249065 2.8299731348088213 162 120 69 0.40398447730675296 18 109 20 80 19 244
2536 1.6256200976454076 -1.6620441840394167 3.0433863809082378 75 47 28 0.62384521558313721 18 228 19 464
2537 1.1695492181806015 -2.583338560819092 2.5844178152316122 197 169 146 0.10166216714666403 20 498 19 489 24 367
2538 1.5364171858923883 -1.7496306973816242 2.9953093734148686 180 132 87 0.11372982419606757 20 515 19 496
2539 1.3771363488915123 -2.8597425925963242 2.3657047403517928 65 61 60 0.84221889814860984 30 4 19 521
2540 0.77763746727363547 -2.6350587217245844 2.5861923885224054 205 175 139 1.4483575688891777 20 561 19 558 24 503 44 328
2541 0.695848582438237 -1.7261859581074721 3.1386739627829479 45 46 44 0.53091495044932824 20 571 19 562
2542 0.61909488032980275 -2.4020141725453774 2.7311545505782107 38 34 32 1.4889869626097896 11 454 9 72 14 191 14 461 6 337 8 335 19 67 39 541 38 510 37 517 27 89
2543 1.2049766294835 -2.4299453766135293 2.6585647189776349 104 68 93 0.49776980516355707 9 61 6 333 19 121 20 157 16 51 3 33
2544 1.2250661504337061 -2.3084091641137805 2.717914763911466 125 100 106 1.0786637589971098 10 57 12 51 13 46 15 44 11 68 16 69 19 88 28 983 27 829 30 933 32 797 36 736 39 665 38 633 34 642 37 632 10 56 12 50 13 45 15 43 11 67 16 68 45 360 33 376 25 560 23 618 26 477 17 425 24 293 21 59 21 60 40 214 22 299 44 236
2545 0.83820601343027767 -2.5691434903845121 2.6308630196358531 180 153 139 0.64105734135401538 9 32 14 164 7 18 19 288 32 615 34 318 10 17 12 20 13 12 15 19 11 21 16 23 20 132 45 70
2546 1.1471348607170659 -2.6231176382158883 2.569371609719866 95 54 80 0.89360948006318053 13 3 9 21 14 314 6 488 7 5 8 135 19 326 28 633 27 507 30 279 29 662 20 324 31 659 32 381 36 334 39 502 38 470 37 280 27 29 38 21 45 203 23 336 17 183 40 10
2548 1.0640208431176215 -2.0007158660278481 2.9019639631324261 175 188 145 0.62682940802847431 20 53 35 200 28 532 30 675 29 278 31 276 14 260 7 127 8 63 19 23 25 108 23 135 26 88 24 340
2549 1.411540575218134 -2.2381938985960206 2.7510220827992184 90 67 61 1.0181564620559849 23 37 24 25
2550 1.1562248561061332 -2.4778867634246637 2.6451263270973735 111 74 90 0.32589644368043563 23 103 24 30 44 42
2551 1.0958469383150862 -2.4160110257638547 2.6856004409572884 202 174 151 0.59216253837004107 20 126 24 49
2552 0.48219175279485699 -2.6197897052865895 2.7087503922719365 167 167 167 1.805543626594166 26 302 24 130
2554 0.69841866593410928 -1.7995959799103123 3.0685649278609111 59 40 39 0.055936180181645714 20 2 24 159
2555 0.66373817840258331 -2.9833456027799037 2.4854851314595452 48 47 45 1.269971106899265 19 551 24 196
2556 1.0559509602424826 -2.1190753634785939 2.8386001093421473 212 187 169 0.77874211191952092 19 42 24 232 44 70
2557 1.1930837676050401 -1.7326974770683263 3.0407583665445053 52 45 42 0.42486829697088307 26 250 24 249 23 342
2559 0.95603278976715034 -2.3003511989097998 2.7693398890389362 193 168 151 0.11928251787463084 19 259 24 324
2562 1.2021953357879775 -2.4935212483735079 2.631083407344474 124 86 111 1.2470004869959794 20 494 24 415 44 267
2563 1.3065619161299258 -2.0860704652592879 2.8275421192661541 203 156 100 0.49785367081947474 19 474 20 482 24 453
2565 1.0535705714659986 -2.4055796707891388 2.6982207544125369 172 144 123 0.075796165933846915 19 537 20 542 24 478
2566 1.167872178932958 -2.213464096241383 2.7744335629892207 152 120 90 0.57540602461948098 20 537 24 481 44 299
2567 0.98426715908705309 -1.9745387494237563 2.9318050089051439 102 82 70 0.87287737856089864 27 940 24 493 30 1060
2568 1.2823147951414191 -1.8727462509110493 2.9503135698416498 130 93 72 1.0143308558328912 20 512 24 509 44 311
2569 0.95700581649535077 -1.7483324123871933 3.056527764869756 24 23 19 1.6852279539608055 25 665 23 713 26 568 17 513 24 517 35 823 28 1153 27 993 30 1121 29 1159 31 1104 32 993 36 927 39 852 38 815 34 831 37 800 10 179 13 308 45 571 21 208 40 354
2570 1.2445492817199202 -2.1410956833147599 2.8022058249231083 161 115 69 0.66357520900917411 25 57 23 77 26 54 24 74 35 399 28 715 27 596 30 643 29 751 31 733 32 493 36 453 39 395 38 366 34 388 37 387 10 94 13 79 15 72 16 117 9 148 14 238 6 132 45 116 22 51
2571 1.3315125556676426 -1.9882103779629792 2.8793287504590785 183 177 169 1.2075747717328076 25 602 23 656 26 515 24 455 20 519 35 804 28 1127 27 971 30 1092 29 1137 31 1102 32 971 36 909 39 832 38 794 34 805 37 781 13 549 10 593 12 555 15 559 11 557 16 595 9 699 14 630 6 683 7 522 7 567 45 543 18 573 8 302 19 506 21 361 3 374 3 462 8 411 40 343 22 353
2572 1.3662477713436663 -1.8476184601670551 2.9507463289562228 95 71 47 0.84019228507855614 31 600 36 511 35 237 28 286 27 468 30 220 29 332 31 312 32 328 36 267 38 229 34 250 9 233 14 107 6 427 25 44 26 37 17 13 24 225
2573 1.1739056493994064 -2.5901151311580177 2.5813748712221485 176 149 119 1.1162270981901956 35 611 28 826 27 787 30 901 29 965 31 840 32 761 36 702 39 630 38 592 34 612 37 592 12 436 10 468 15 434 11 448 16 525 6 582 7 429 45 321 18 499 25 398 23 465 26 330 17 268 19 490 20 499 24 366 28 825 31 839 38 591 45 322 40 178 40 179 44 192
2574 1.1455721034884159 -2.0471060206444798 2.8652269135353423 168 175 135 0.6752817576108715 20 433 35 565 28 889 27 740 30 845 29 919 32 686 36 648 39 576 38 541 34 562 37 544 7 463 6 380 8 161 23 341 25 282 26 249 17 171 19 359 24 390 35 566 28 890 27 741 30 846 29 920 32 687 36 649 39 577 38 542 34 563 37 545 45 268 18 51 3 68 44 217 44 218 24 389
2575 1.0322536353653029 -2.1033425369193615 2.8513702272331876 109 88 55 0.76794078543880417 28 511 29 566 9 393 14 73 6 151 7 105 18 76 35 406 28 512 27 603 29 567 31 538 32 502 36 459 39 401 38 374 34 394 37 395 45 265 25 115 23 145 25 114 26 96 17 88 21 97
2576 1.2120782152726761 -2.5342769281778184 2.6042702052432221 174 149 118 0.51353215846271583 28 959 27 798 29 977 31 951 32 854 36 710 38 603 34 618 37 603 10 369 12 338 13 338 15 335 11 370 16 404 7 213 45 439 8 140 19 453 9 507 14 324 6 491 21 219 3 184 40 189
2577 1.5145211981481861 -2.1949192767188426 2.7455936516665638 70 75 54 1.659058001889999 28 480 30 391 29 210 31 508 32 208 36 176 37 145 33 93 27 891 30 945 31 979 32 881 39 739 34 717 16 299 9 136 14 53 6 117 7 242 45 448 33 420 18 459 8 37 19 85 21 244
2578 1.2922989879296891 -2.1738514066848911 2.7785501617508293 110 78 50 1.2273057641618808 25 603 23 657 26 516 25 47 23 60 26 47 17 34 20 104 35 154 27 396 29 547 31 211 39 154 38 159 34 154 37 154 12 237 35 654 28 875 27 730 20 450 30 831 29 906 31 892 32 806 36 750 39 681 38 644 34 657 37 647 13 244 15 239 11 259 45 368 23 55 17 31 19 65 19 370 24 417 40 146 44 304
2579 0.94800671137300618 -2.4942017866137549 2.6678000517678653 130 98 114 2.7104522278453853 20 134 35 92 28 420 29 467 31 444 32 445 36 110 39 89 38 96 34 94 37 91 10 40 13 203 20 128 35 524 28 680 27 563 30 596 29 711 31 696 32 633 36 597 39 523 38 494 34 521 37 500 10 229 12 346 15 195 11 233 16 259 16 262 9 353 45 232 18 174 18 327 25 127 25 132 23 168 26 109 27 332 17 109 19 279 19 122 24 72 24 83 7 32 14 179
2580 1.3494534954248854 -2.3054435830558986 2.7040661952367211 178 151 134 0.14486938529725943 9 94 21 64
2583 0.83981094321011973 -1.6483962641559491 3.1470041328232101 55 30 26 0.92703693609935511 6 764 21 129 8 418 3 471
2584 1.0483861252369884 -2.4416626947047102 2.6677506309641781 208 178 167 0.67906025040097517 8 143 21 136 3 191
2585 1.1166720834400525 -2.4215670565741867 2.6787967137599078 209 178 164 0.3790280370526542 19 388 21 145
2586 1.045658593059327 -2.332529811924172 2.7392136517246639 209 184 157 0.34247315970461439 9 96 14 45 21 157
2587 1.5663407831608838 -2.1410366387931337 2.7652649244465795 135 164 108 2.1326015772109002 7 86 16 108 21 186
2588 1.0533658138443092 -2.428237277385763 2.6865067619020286 208 180 159 0.44796167591648234 18 483 21 225
2589 1.4401598986535977 -2.3258192525794588 2.6732234598624265 168 143 113 0.1545831878170128 14 333 21 230
2590 0.99997083257025055 -2.59327908794201 2.5940314523668122 147 107 124 0.0021375945355372817 8 271 21 338
2591 0.84989667873346297 -2.3142739280392193 2.7784754645959264 197 170 147 1.1494879551850654 14 469 6 595 21 278 20 520 3 277
2592 0.69019922804479594 -2.1752918936919872 2.8736312069531342 150 137 138 0.51468230640610957 12 84 15 85 16 137 9 153 6 148 9 154 21 91 35 160 28 486 27 397 30 402 29 546 31 522 32 223 39 159 38 163 34 161 37 159 19 428
2593 1.4101852005952629 -2.386245069138496 2.6531923838025397 127 102 96 0.25655107535849958 14 193 7 40 21 151 35 369 30 368 29 501 31 474 32 458 39 368 38 344 34 112 37 363
2594 0.86245806764863486 -2.0959979967001101 2.8294981066830562 122 114 99 2.1818073366967909 15 68 21 84 12 72 13 70 11 97
2595 1.2822685369771623 -2.0206670597961569 2.8658391721468086 197 180 162 1.8292999696668042 14 582 6 619 21 322 11 464 9 603 7 354 8 218 3 211
2596 0.88599683876713231 -2.2981592727384883 2.7822801591029132 190 161 138 2.7072085609286733 6 110 18 299 21 68 10 270 12 232 13 239 16 302 9 128 14 51 6 111 30 939 29 1001 39 673 15 234 10 269 12 231 13 238 16 301 9 127 18 296 18 298 23 638 25 583 26 498 19 371 44 203
2597 1.6182031624313833 -2.0346773832887619 2.8126041655756384 82 80 77 1.2069859505219018 16 132 21 286 3 78
2598 1.6056527709016426 -2.0416310473084991 2.8228684047706492 101 97 91 0.66020104569844795 8 160 16 136 19 252 3 80
2599 0.7271231486696843 -1.7204650526967771 3.1104009728875446 57 57 55 1.1069627107811706 15 406 3 123
2600 0.79387748570538175 -1.6995008795223228 3.1093210647945861 174 158 149 0.26624028801538741 8 108 16 462 3 127
2601 0.65966845266519814 -1.6681520850105243 3.1494792101906737 35 26 24 0.9237828285822518 8 114 16 464 3 135
2602 1.2475538902673355 -2.5286651175118897 2.6008354706210102 209 183 166 0.4562092088200751 7 329 14 325 3 185
2604 1.4105857251298064 -1.7353997523951643 3.0128902717706074 191 188 200 1.4849352448729738 21 399 3 423 33 511
2605 0.97135535844752119 -1.7430603141556933 3.0618846337276149 56 52 53 0.076238861102552985 7 588 3 440
2606 1.1286065518304107 -2.5131846311259891 2.6309161147171274 98 48 97 1.1423492522608889 14 178 6 326 7 225 3 188 20 307 35 626 28 838 27 68 27 808 35 81 30 789 29 460 29 867 31 852 32 778 36 718 39 645 38 86 38 613 34 80 34 626 37 613 10 221 12 196 15 186 11 224 16 250 9 346 45 441 18 424 8 16 25 508 23 564 26 430 17 362 19 302 24 184 40 197 22 185
2607 1.1326786363966521 -2.1514900120818039 2.8094107471308063 193 182 168 0.86383773229782002 10 539 12 503 13 490 15 507 11 507 16 536 9 591 14 564 6 603 7 453 8 149 3 287 20 442 35 719 28 1057 27 896 30 1016 29 1072 31 1037 32 936 36 820 39 744 38 710 34 725 37 701 10 540 12 504 13 491 15 508 11 508 16 537 9 592 14 565 6 604 45 497 18 521 25 513 24 382 17 266 21 314 40 301 22 289 44 242
2608 0.8811661948510684 -2.5599797124053882 2.6850379175778443 0 0 0 1.7820787014024906 33 36 45 339
2609 1.2448518840939913 -2.3067653186385075 2.7297422825895268 92 68 66 0.072556682475977519 45 361 40 215
2612 1.1686091670900978 -1.6901306505810594 2.8578939435088699 127 106 87 0.65085995659739559 17 1 22 165
2614 1.0438409091341323 -1.8539743081818916 2.9801605699056193 163 117 82 1.4952063748411784 17 432 22 238 23 629 26 489
2615 1.2682217130972633 -2.1050917462291929 2.8223686163786645 211 189 166 0.3936393887540795 23 553 22 302 44 279
2616 0.79314260699232308 -1.9628597096067568 2.9589305240540416 66 58 53 1.182520316053989 25 613 23 672 26 528 17 496 22 275 20 472 35 805 28 1128 27 972 30 1093 29 1106 31 1076 32 972 36 910 39 834 38 795 34 807 37 782 12 584 16 632 14 662 7 569 45 550 21 387
2617 0.83609516129741324 -2.1525837503430854 2.8569782901808227 125 100 65 0.76246528972583594 23 395 22 98 35 401 28 494 30 414 31 529 32 494 36 454 39 394 18 98 25 167 26 132
2618 0.79450731132653352 -1.9619523305011253 2.9582747232915185 66 58 52 1.3200186584438118 25 614 23 673 26 529 17 497 23 700 22 274 35 806 28 1129 27 973 30 1094 29 1107 31 1077 32 973 36 911 39 835 38 796 34 808 37 783 12 585 7 529 40 330
2619 1.261744590596702 -1.8449994527101434 2.9608642850345879 95 71 47 1.2461803467686943 28 784 27 221 30 877 29 810 31 795 32 552 36 679 39 251 10 422 12 390 13 385 15 386 11 404 9 446 14 278 6 429 18 11 8 75 3 228 7 531 8 347
2620 1.0640778586797626 -2.4424281117348965 2.6735325177171698 94 54 85 0.60282017910479979 35 353 28 684 30 598 29 717 36 411 39 355 38 337 34 358 37 351 10 234 12 205 13 207 15 202 11 237 16 265 9 354 14 186 6 334 7 49 18 312 19 113 3 27 13 206 15 201 31 701 35 352 37 350 10 233 11 236 12 204 16 264 27 569 28 683 29 716 20 130 18 313 8 23 32 452 34 357 36 410 38 336 39 354 33 212 25 292 23 349 26 258 17 192 19 112 21 20
2621 1.1448731295440633 -2.4151860305142461 2.6780074387038062 175 149 119 1.8397592585235598 35 530 28 846 27 705 29 876 32 786 36 604 39 650 38 498 38 619 34 530 37 506 37 508 32 640 39 532 34 534 10 52 15 39 11 62 20 137 16 62 7 54 45 347 18 132 19 107 21 31 21 141 18 406 21 142 33 79 40 206 20 387 19 390
2622 1.1694132280888914 -2.4598178595109226 2.651498001309176 183 157 132 0.76316594494480572 25 70 26 65 17 63 20 393 35 528 28 843 27 702 29 872 31 856 32 782 36 602 39 527 34 525 37 504 10 375 12 347 13 345 15 341 11 373 16 408 9 511 14 330 6 494 7 228 45 228 19 395 24 181 40 125 22 192 25 71 26 66 17 64 35 527 28 842 27 701 29 871 31 855 32 781 36 601 39 526 34 524 37 503 10 376 12 348 13 346 15 342 11 374 16 409 9 512 14 331 6 495 45 227 33 289 18 412 19 394 24 182 21 137 40 124
2624 0.88938911564435341 -1.6960185546925626 3.0942745959768319 103 83 78 0.49485812240391269 25 171 44 111
2625 1.0761417642344049 -1.8815426221063163 2.9684646635640437 218 198 183 1.0736519395877195 24 438 44 250
2626 1.031742913849943 -1.9166458253858405 2.9505436215247989 213 193 177 0.74918093670150798 24 521 44 334
2627 1.4143081286569061 -1.7387939770767356 3.0162082192127757 148 145 174 0.6608795401905988 24 511 44 338
2628 0.98125076350612694 -2.3203692259369881 2.7553126504434644 138 106 116 1.9227296211970168 25 304 36 154 23 369 17 300 30 813 44 53 25 128 23 370 26 104
2629 0.90367462184848424 -2.0697515530318085 2.8838772810227198 79 65 59 1.7125543477731249 25 608 23 666 26 523 17 468 25 637 26 552 22 277 44 277 10 545 12 510 13 496 15 515 11 514 9 601 14 489 18 519 8 217 19 470 20 509 28 1090 30 1057 45 524 24 467 21 321
2630 1.1428775395802526 -1.9933317274304314 2.8927453906025828 175 175 120 1.5809337240926025 25 414 27 858 23 479 26 341 17 264 24 329 44 170 20 226 35 201 28 534 27 434 30 444 29 590 31 562 32 284 36 232 39 202 38 199 34 207 37 201 10 301 12 270 13 274 15 267 11 283 16 337 9 193 25 91 23 114 19 27
2631 1.0885853549320608 -2.0878002543229366 2.8504396422817648 166 166 136 0.86411033390790881 35 661 28 1002 27 848 30 954 29 915 31 899 32 812 39 688 38 652 34 662 37 181 38 181 10 392 12 362 12 455 10 489 15 254 9 597 14 483 30 955 6 614 45 380 18 265 8 215 33 326 25 425 23 485 26 352 17 277 19 40 21 283 40 234 44 159 19 431 24 326
