# 3D point list with one line of data per point:
#   POINT3D_ID, X, Y, Z, R, G, B, ERROR, TRACK[] as (IMAGE_ID, POINT2D_IDX)
# Number of points: 1103, mean track length: 3.954669084315503
1 -0.56385489347543571 0.40261742477501505 4.6370575089039789 51 51 53 0.83561960387687972 47 179 4 7
3 -0.59682302030099976 0.60611141606481311 5.0774110800760006 65 67 66 1.0084534369205207 47 367 45 438 5 30
4 -1.0808277412638712 0.60900437245348082 5.0013044333700396 54 55 50 0.15953864196509207 47 265 4 31 1 20
5 -0.9473531705227165 0.60845627270897751 4.9945265083404493 77 77 77 0.82814798943442058 47 268 4 33 45 335 1 24 2 18 1 23
6 -1.1514723898290693 0.62361708947004524 5.0199927865355134 42 42 40 1.733728481164458 47 365 4 39 45 434 1 32
7 -0.49076287185765577 0.61248806268188394 4.9648458871531975 239 242 245 0.52199188675137642 47 208 4 44 45 268 46 258 6 39 5 31 3 297 1 35 2 30
8 -0.95021338866043714 0.73996727037052046 4.9069879340067599 101 115 141 1.3822887823087475 47 213 4 52 8 65
11 -0.43606569653450356 1.0088650487328428 4.9187187336933569 95 107 127 0.28190147472566945 47 303 4 64 45 377 6 153 13 177
12 -1.0767000652477696 1.0775596589747127 4.9891530355710234 8 14 21 1.2248910591078095 47 225 4 66 45 288 6 64 5 67 13 66 3 201 7 73 1 162 2 144
13 -0.17425832692389642 1.0554950804455945 4.9697342506020874 27 31 39 1.6266542296938666 47 227 4 67 45 159 5 145 19 59
14 -0.17425832692389642 1.0554950804455945 4.9697342506020874 27 31 39 1.6266542296938666 47 228 4 68 45 160 5 146 19 60
15 -0.19817808123270492 1.0535756779150818 4.9527017630634784 24 29 43 1.3927632759870856 47 107 4 69 45 162 6 70 19 57 3 100 1 86 2 73
16 -0.19817808123270492 1.0535756779150818 4.9527017630634784 24 29 43 1.3927632759870856 47 108 4 70 45 163 6 71 19 58 3 101 1 87 2 74
17 -0.25027276481090066 1.0852132575395832 4.9690754600412461 8 15 29 1.1225541441896913 47 117 4 75 45 175 6 76 5 80 13 83 19 65 3 110 7 86 1 95 2 81
18 -1.0526898521061674 1.1394221547271119 4.9839435602684352 7 7 9 1.0074939285424904 47 308 4 76 45 385 46 375 6 155 5 82 13 182 7 76 44 551 48 464
19 -1.1063864875975264 1.1441744618317971 4.9977677722223239 98 98 96 0.3540259866670773 47 116 4 77 45 176 3 113 7 75 1 171 2 151
20 -0.3299928266365687 1.2504728405900656 5.0744168355002168 90 95 105 1.6357735689178374 47 131 4 81 6 174
21 -0.40395240962266254 1.3126071003654149 4.9882594574088071 141 155 182 0.91270290298007672 47 136 4 85 45 201 46 118 6 183 1 111 19 156
23 -1.0554008957444416 1.6121234857401312 5.0158625416698568 116 117 122 0.595395911072644 47 332 4 100 6 99 7 203 8 173 9 112
24 -1.0106181036325903 1.6190418569661271 5.0089403108136317 225 227 228 0.89445829503965946 47 333 4 101 6 103 13 117 19 84 7 130 8 265 47 407 9 113 10 353 11 176 12 273
25 -1.0091954850713736 1.6149497642590711 4.9875720598480138 225 227 228 0.22403277442121761 47 334 4 102 6 104 19 85
26 -0.43872733752222115 1.6027027943139029 4.9734940019270617 234 234 234 0.51865219548974362 47 249 4 103 6 105 13 119 7 132
27 -0.43872733752222115 1.6027027943139029 4.9734940019270617 234 234 234 0.51865219548974362 47 250 4 104 6 106 13 120 7 133
28 -0.1692924667454041 0.54804886506268291 5.0329143861123953 107 107 103 0.65692922025272849 47 362 4 118 19 108 13 243
29 -0.51924063221993044 0.60778254374022933 4.9677408300492676 28 32 36 0.51731587422043224 47 372 4 135 46 334 3 165
30 -0.37210132535753293 0.73704956641191877 4.9274631692823574 250 253 255 0.29512891956751985 47 82 4 144 45 271 5 39 3 72
31 -0.3717047359186133 0.7380453253830187 4.9326420831910243 250 253 255 0.36740706373205639 47 83 4 145 45 272
33 -0.72554750916284927 1.1585137134398875 4.9567022820826221 136 145 166 0.4215326068790371 4 160 6 161 5 158 13 191 45 391 3 211 47 315 1 176 2 156
34 -0.13817766449494398 1.156659480878995 4.9716516877359904 63 67 71 0.78371072289628407 47 391 4 166 45 464 6 168 5 161 3 214 1 228 8 320
35 -0.16032053311066446 1.1646177080662317 4.9770312265033301 24 28 30 0.52990934785955224 47 320 4 168 45 400 6 170 5 163 19 147
36 -0.56965221103385899 1.2214940449749747 4.9648323701684784 56 68 84 0.20195028177164909 47 324 4 171 45 403 6 173 5 215 13 206 19 149 3 271 7 191 1 231 2 198 8 249
37 0.040862693613081015 1.2957623743908633 5.1559292434744748 23 29 35 1.3760535834511465 4 174 13 215 7 197
38 -0.084377816348074827 1.4510500151106427 5.089425570448916 122 137 165 1.0851410926582548 47 139 19 224 7 125
39 -0.37781429938870315 1.5781981892514567 5.0298006098903834 123 124 130 0.70248522265083269 47 406 4 184 13 118 19 86
40 -0.63502887150143827 0.61157627915088408 4.9625364284468452 36 37 37 1.3025424714205953 47 275 4 194 46 259 6 38 3 51
41 -0.38918641915120733 0.78465914590763541 4.8999076861966149 20 20 20 2.1304127130926047 47 432 4 200 5 196 1 55 45 448 2 52
42 -1.0973826727649878 1.1058353690152711 4.9828721386687977 103 105 104 0.73276294553214683 47 382 4 208 45 452 46 368 6 218 5 250 13 258 19 193 3 263 7 249 2 239
43 -1.2765615054620094 1.3312514720347977 5.112305648502252 20 20 20 1.8167460864510949 47 440 4 218 6 229 5 219 13 283 19 208 3 275 1 271
44 -1.2389851064569821 1.3382693498624227 5.09449770600781 14 17 17 1.3282730639983231 4 221 6 230 5 221 19 210 3 278 1 328 2 298
45 -0.95165065904970181 1.3238345876197393 5.0215105633380723 134 148 173 0.58504928977578097 47 399 4 222 45 475 46 396 6 234 5 222 19 152 1 235 2 203
46 -0.8579149516418092 1.3219021519182594 5.011217991804874 141 157 183 1.3296774290804703 47 400 4 223 45 477 46 395 6 235 5 266 47 444 13 290 19 214 19 265 3 279 5 171 7 321 1 237
47 -0.94366891494577865 0.41091133713276429 5.1938455854269483 6 8 7 0.48531514454786256 47 171 4 232
48 -1.0802028815766385 0.56951055591195199 5.0894510653298655 98 99 94 1.9476942217951538 47 483 1 191 4 240
49 -0.90377067106427567 0.76631655517340957 4.923238712397298 253 253 252 1.5763876571484694 47 422 4 249 45 497 6 304 5 238 13 411 19 242 3 243 1 135 2 119 8 218
50 -0.9060559390188736 0.76956497570901616 4.9401201082123816 253 253 252 1.5057739334838258 47 423 4 250 45 498 6 305 19 243 8 219
51 -0.37439317125996063 0.75604706189543303 4.9169466394033829 237 238 239 1.3517106326879915 47 426 4 252 6 307 45 501 5 240 46 424 13 413 19 285
52 -0.37439317125996063 0.75604706189543303 4.9169466394033829 237 238 239 1.3517106326879915 47 427 4 253 6 308 45 502 5 241 46 425 13 412 19 284
53 -0.36525051573314782 1.2942197061683722 4.968624156704033 7 9 4 0.6015049679975164 47 446 4 268 45 521 46 388 5 264 13 291 19 217 6 236 44 555 48 454
54 -1.2372842802966415 1.3571801510210442 5.0754419577744825 162 160 148 0.32604323391132278 47 443 4 270 6 285 5 268 19 264 3 348
55 -0.9358267658625623 1.3397636566162263 5.0222504031623236 16 19 24 0.31365819078000712 47 403 4 271 45 520 6 238 5 267 19 215 7 106
56 -1.0493387022466723 1.3246140779228956 4.9264320543800597 162 158 149 0.18868318883655766 47 404 45 523 46 402
58 -1.1984784713293148 1.6177260240694686 5.0276111168212196 117 117 119 1.3170984196967479 47 537 4 276 6 321 13 395 19 296 7 396 8 467
59 -0.22118138861593184 0.57624455921421858 4.9205447584521291 254 254 254 1.442702070994127 47 203 4 282
60 -0.88405035774382101 0.7762254092644123 4.9629050411091242 25 28 27 0.8648707385729153 47 421 4 285 45 496 46 426 6 264 5 283 19 245 13 246 7 308
61 -0.045896213228992878 0.43045252182395594 5.7243078577599347 61 64 70 1.3997448421989993 47 481 4 299 5 272
62 -1.2314444998740481 0.68718490511094965 4.9842860112856986 68 71 79 0.39202186444091741 47 493 4 303 45 560 5 305 3 359 2 284 1 313
63 -0.93723403591036258 0.76556700577953807 4.9570345442152055 10 12 9 0.70914786415049003 47 457 4 307 45 530 6 337
64 -0.4007392966218104 0.75530236047482646 4.9351212093608749 43 44 46 1.7715951726627124 47 459 4 309 45 532 46 475 5 239 6 338 7 372 8 404
65 -0.61290856429011809 0.77881851652133782 4.897877839701569 118 124 128 1.5862507016443239 4 311 5 337 13 457 19 341 3 379 1 368 2 330 8 484 9 368 10 532 11 274 12 336
66 -0.91720282397800812 0.8816860759841626 4.8212723355206046 5 5 3 0.19176932295726937 47 499 4 312 45 566 6 340 5 309 19 346 3 364 1 319 2 289
67 -0.38190460272974114 0.8694920397858481 4.8063618668420558 6 6 4 0.8045674196894298 47 501 4 313 45 568 6 342 5 310 13 461 19 306 3 365 7 374 1 320 2 291 8 443 9 300 10 459
69 -1.096796124801497 1.1769860715423635 4.9976769562833949 14 14 12 0.87483108116086417 47 504 4 317 45 573 46 516 6 314 19 313 44 679 48 588
70 -0.76011759683464497 1.1617670129697844 4.9584793303385357 30 28 28 0.51867621509156991 47 507 4 318 45 576 46 514 44 673 48 663
71 -0.76103645417713195 1.1611026728928497 4.9545584323365484 30 28 28 0.38722308938333455 47 508 4 319 45 577 46 515 6 348 5 347 13 422 19 314 3 387 7 382 1 345 2 311 8 448 44 674 48 664 9 341 10 536 11 304 12 373 14 308
72 -0.51888842070589347 1.1551335612251648 4.9474921480909249 35 30 30 0.30031270310566449 47 509 4 320 45 578 46 511 6 349 5 348 3 388 7 424 1 346 2 312 13 425 8 453 44 669 48 658 9 345 10 542 11 310 43 481
73 -0.51876283542843893 1.1548726871231645 4.946557626726765 35 30 30 0.3022106541770494 47 510 4 321 45 579 6 350 13 424 19 315 3 389 7 425 5 349 1 347 2 313 8 452 9 344 10 541 11 311 12 375 14 311
74 -0.75941964152127361 1.2273951970087273 4.9735517894187318 25 24 22 0.46599119251071952 47 511 4 324 45 581 46 521 6 351 13 428 19 318 3 392 7 386 1 350 2 315 8 455 44 678 48 671 9 346 10 539 11 308 12 343 43 491 40 483
75 -0.63815601204151251 1.2582392166657357 4.9789864324734676 142 158 181 0.65108855843124913 47 514 4 328 45 584 46 522 6 354 5 322 13 432 19 321 3 395 7 391 1 352 2 319 8 459 48 630
76 -0.75559070408364482 1.2910808612407429 4.9926518862846905 28 23 21 0.28194536674479181 47 515 4 330 45 585 46 526 6 355 5 324 13 433 19 322 3 396 7 392 1 354 2 320 8 460 9 348 10 544
77 -0.75580442863984032 1.2904166250118367 4.9934575370852663 28 23 21 0.43854625782819889 47 516 4 331 45 586 6 356 5 325 13 434 19 323 3 397 7 393 1 355 2 321 8 461 9 349 10 545 11 280 12 348 14 266
78 -0.51571428363476335 1.2858980496718946 4.9866181670662613 27 23 22 0.98376770540306147 47 517 4 332 6 358 13 435 19 324 3 398 7 394 1 356 2 322 8 462 44 682 46 524 48 669 9 353 10 548 12 352 14 194 43 487 40 522
79 -0.51443217109468609 1.2851870611822949 4.9858076231555986 27 23 22 0.48120664502554417 47 518 4 333 6 359 45 587 13 436 19 325 3 399 7 395 1 357 2 323 8 463 9 354 10 549 11 316 12 353
80 -1.3745036312760925 1.5648275998377612 5.2010515310898686 123 124 126 1.8200727105268699 47 548 45 620 6 382 4 334 19 363 7 437 8 510 9 406 10 594 13 481 11 362
81 -0.56626785685998593 0.39954179222485786 4.7751314902272854 32 32 29 1.3820601237048173 47 556 46 547
82 -0.3040919324411655 0.45619289409831204 5.1852826416353972 36 35 33 1.2089886969967123 47 540 4 344 6 384
83 -0.76318310145204182 1.0941959170853266 4.9410582969308523 32 22 23 0.52913230549707946 47 532 4 350 45 599 46 540 6 376 5 342 13 463 19 348 3 383 7 418 1 340 2 306 8 488 44 704 48 660 9 336 10 534 11 300 12 339
84 -0.52169314657838883 1.0894610810896752 4.9345553910396704 32 26 24 0.62849292583472438 47 534 4 351 45 601 46 507 6 377 5 344 13 465 19 350 3 384 7 421 1 342 2 308 8 490 44 667 48 654 9 377 10 537 43 478 40 462
85 -0.52148209529381717 1.0889179883292939 4.9344375267675771 32 26 24 0.49762100945654175 47 535 4 352 45 602 46 508 6 378 5 345 13 466 19 351 3 385 7 422 1 343 2 309 8 491 10 538 11 305 12 374
86 -1.0255771055400993 0.82480216448900956 4.9451189783536051 118 135 163 1.7389531767949993 47 529 4 363 6 375 19 344 7 434
87 -1.2038261018114405 0.93458741144262913 4.9887872962329318 122 138 163 1.4061822772847521 47 561 4 364 5 369 13 460 3 420 1 372
88 -0.56672099002631837 1.2785138010926058 4.9807309225692675 145 161 186 1.0356227927563755 47 547 4 366 6 393 13 480 3 424 8 509 9 405 10 577 11 339 12 381
89 -0.80104229743126898 0.53303318693310209 5.221966062085265 130 129 123 1.4955416716081718 47 557 4 369 45 627
90 -0.75665499849080031 0.61440483859393658 4.9680184388534148 20 21 16 1.8995636538152845 4 371 6 397 13 500 3 404 5 377 8 517 44 728 9 415 7 446 10 602
91 -0.44779379760134075 1.256397804997377 4.9898678804750487 146 162 188 1.2340881017891623 47 563 4 378 6 405 5 388 13 494 19 380 7 455 8 526 44 721
93 -0.14341007448248155 1.0984918011220428 4.9366230992877496 55 56 61 2.501980891229965 47 587 46 575 7 491 8 558 44 748 4 385 9 448
94 -0.99920010952529859 1.2611093019954935 5.0214524950834871 132 148 173 1.3906859940054743 47 574 4 387 45 639 46 582 6 412 5 387 13 501 19 386 7 467 1 393 2 355
96 -0.82995113275743204 1.255722361154326 5.0026061706945608 139 157 181 1.2320815338882014 47 576 4 389 45 641 6 414 13 503 7 469
97 -0.27660771614374147 1.224893802543437 4.9917524909004882 139 156 184 0.71870474587860378 47 577 4 391 45 642 46 577
98 -1.1082118213504248 1.2994565401600926 4.9650927965332468 33 24 21 1.3081596697654916 47 579 4 393 45 645 46 583 6 417 5 390 13 504 19 387 3 434 7 470 2 356 44 753 1 394 43 600 40 590
100 -0.004453100884530989 1.4860108680507513 5.0954050879471975 141 148 164 1.1305225137374939 47 589 4 404 45 648 6 431 5 403 3 436 1 398 2 359
101 -1.075467549298982 0.29821566176289777 5.8720151458966781 250 250 252 0.69157870372373453 45 5 4 1 47 5 3 1 1 3 2 0
102 -0.86187422959827453 0.0060742946867722927 3.0294543568556636 155 148 142 1.0580097055272999 47 1 45 7
103 -0.54527425867005785 0.29136637546400679 5.8509837062751853 19 20 15 0.64233444180541421 4 2 47 15 45 23 6 2 3 10
104 -0.080377966499392758 0.29170294083679965 5.9179431885804794 243 245 243 1.0280394239466375 47 157 45 28 6 190 19 164 4 109 13 231
110 -1.0600032165098709 1.0823097885646542 4.9965078765816413 13 16 24 2.0538317272461919 47 99 45 147 46 204 5 68 3 99 1 164 2 147
111 -1.0591975104970035 1.101988721499316 5.0237135533852042 167 167 169 1.0936114777576404 47 100 45 150 46 95
114 -1.0234440564832212 1.1112595882367298 5.0109853284295118 14 14 20 1.1549877382598059 47 105 45 156 46 210 5 79 3 111 1 94 2 79 44 381
115 -1.0831353098043872 1.1127223757147293 4.9854314131312201 133 129 126 0.42630961462990957 47 106 45 164 46 211 2 77
116 -0.6628724924408802 1.0893721359487805 4.9305066871499381 56 68 80 0.68943540927120983 47 112 45 168 46 200 48 315
117 -0.6628724924408802 1.0893721359487805 4.9305066871499381 56 68 80 0.68943540927120983 47 113 45 169 46 201 48 316
118 -0.24024286661568578 1.074482418279465 4.9670915070907338 16 18 31 1.1629801462111253 4 71 45 171 6 73 5 75 19 63 3 106 1 166 2 150
121 -0.63517620334349922 1.1131457117448469 4.7909157417496537 69 73 91 0.46576212396912275 45 183 1 90
122 -0.63517620334349922 1.1131457117448469 4.7909157417496537 69 73 91 0.46576212396912275 45 184 1 91
125 -0.3942833899552004 1.2279369254290338 4.9593294807206894 116 123 130 1.5529137499751557 47 133 45 195 46 223
126 -0.1657964164499558 1.2285484720495106 4.9604274167090638 254 254 250 0.43317115768280923 47 134 45 196 46 221
130 -0.15436528303768154 1.5690672943218156 5.0501078213912596 242 242 243 1.1765445613105092 47 144 45 222 6 101 46 317 13 227 7 134 45 414 44 608
132 -0.56376122927214412 0.29971485837995865 5.8298633697158158 4 3 2 0.80731001346400655 4 3 45 234 47 19 5 5 19 1 3 152
133 -0.070664551654145952 0.3245836288043944 5.8152637678482479 63 68 71 1.170220453951877 6 296 19 273 4 228 13 366
134 -0.039995565380146883 0.36009909515948429 5.9533060578703587 44 48 49 0.14155036873007129 4 11 45 238
140 -0.22923541170755338 0.6034598335759811 5.0331682803234852 59 56 53 0.29400005300220916 47 205 45 266 46 250
142 -0.92506130457628288 0.83651853507304008 4.8522570233752882 16 19 18 1.2727785430176322 47 220 46 78 45 281
143 -0.11674242779004858 1.0744721859997375 4.9755944044728286 24 31 39 1.2257809995030358 4 74 45 291 46 194 6 75 5 76 13 86 19 66 3 203 7 89 1 167 44 359
144 -0.11631832698232424 1.1110436342260472 4.9726076981413128 152 152 150 0.55271885782524144 4 158 45 293 6 80 13 197 19 136 1 174 2 154 9 93
145 -1.2101591556081357 1.3491545391719151 5.0694252583769357 156 154 141 1.5098479455302707 4 84 5 98 3 223 45 297
149 -0.2693542773488169 1.3168429476776657 5.0359250018269908 144 152 175 1.1134092768054782 47 240 45 307 6 86 44 387
150 -0.52192818935460361 1.5880632664541237 5.0436928147697682 224 220 220 0.85466958465768583 47 245 45 314 6 100 7 207 8 271
151 -0.92377845957091143 -0.14652717433273005 1.2551595542153777 170 168 166 1.7950893357322619 47 22 45 321
152 -1.0981173870674676 0.53209928662656336 5.1369328705691224 92 88 85 0.32706683483890797 4 17 45 325 46 328 6 16
153 -1.1975872222311563 0.61026833177840722 5.1827060556285653 16 22 22 0.82898460390412143 47 187 45 328 6 120
154 -0.98178941222455351 0.59832113971442835 4.8259559663360365 69 68 63 0.49052898168901743 4 121 13 32
156 -1.1872308096067745 0.64911722377668324 5.0089040776523248 18 19 21 1.2574618350666571 47 272 45 347 46 341 6 34 19 119 44 522
157 -0.49780492421654776 0.62187065177937684 4.9269780626874295 23 25 24 1.4500511057442194 47 375 45 351 46 262 48 395
159 -0.61922535635819687 0.77796726063271326 4.8926883549008719 124 127 132 1.2970134396233819 47 285 45 362 46 272 3 245 48 409
161 -0.86274095119479544 0.14585671704818515 1.8321156179629419 14 14 13 2.3218598829168027 47 433 45 370
163 -0.72778717027372941 1.0890920292898172 4.9385802021009502 136 148 176 0.66420661177131801 47 306 45 381 6 154 5 148 13 180 19 131 8 113 44 465 48 442
164 -0.70931483708082077 1.0908834298497834 4.9399624157697648 60 69 79 0.45435933365810421 47 307 45 382 46 297 13 77 19 132 3 261 1 217 2 188 48 443
167 -0.13706473044258333 1.1140980147577104 4.9614888269695321 18 18 20 0.59739665550310928 47 313 45 388 6 159 4 80 13 196 19 139 7 187 9 180 10 343 11 88 12 81
168 -0.18856588415300471 1.1325005902935017 4.964191461517097 41 37 38 0.71323448725581706 47 231 45 390 6 82 19 70
169 -0.70834250282070965 1.1584326370291624 4.951315272781283 50 61 70 0.7100303786543315 4 161 47 388 45 392 46 305 6 162 5 211 13 192 19 140 3 267 1 224 48 450
170 -0.57215707036446495 1.155159779818526 4.9466335125645955 55 58 63 0.16237798158525479 4 163 45 394 46 303 6 163 13 195 3 268 1 226 2 193 48 446
171 -0.24814658193763353 1.1456443002811956 4.9700508260092429 33 36 44 0.7034263857492129 47 316 45 395 46 206 6 165 13 199 19 144 3 116 1 103 2 90
172 -0.24826259445269785 1.1473519152471297 4.9766204033150503 33 36 44 0.11426335737484994 47 317 45 396 46 207
173 -0.15856678368789168 1.1468471391500712 4.9681340706501951 162 161 159 0.97259926416077636 47 318 45 397 46 367 4 165 13 278 19 203 6 223 5 88
174 -0.56966253831813507 1.2215068107656954 4.965242361416764 42 48 58 0.20752517316069621 47 325 45 404 46 309 2 199 13 207 8 250 7 192
175 -0.35703950303260967 1.3413740722550209 5.0216989016172215 198 198 196 1.629901525394629 47 536 45 408 5 355 46 527
177 -0.18852262353061983 0.37453033701351662 5.8685439996682423 10 10 8 0.70606343505379665 47 342 45 423 4 191 6 193 5 184
180 -0.71191498492799765 0.59100015608697287 4.975729068712246 40 44 45 0.99736239340203492 47 364 45 437 6 126 3 232 1 246
181 -0.15751267789761297 0.58675729486389605 4.9414442032837886 57 57 57 0.3904057214773165 47 373 45 444 48 381
182 -0.11109714040007937 0.61518874968030346 4.9394384456188298 31 39 42 1.6135641445816751 47 376 6 201 4 51 19 187 13 330 2 175 1 254
183 -0.86071825264574409 0.12416423703062553 1.8658120115414689 27 28 30 1.5407754654621058 47 424 45 447
184 -0.55456630065710621 1.0925337801573205 4.9335543678706832 141 155 183 0.66334793223553135 4 209 45 453 46 366 5 208 13 261 7 256 8 310 44 460
187 -1.0334059304240404 1.1389882872899944 4.9801246087393976 152 151 146 1.2150401643183233 47 384 45 457 46 377 1 97 2 86 44 475 48 463 43 142
189 -1.0633904587439398 1.1966974600383269 5.0411020315533461 18 19 22 0.60365555694535411 47 387 45 461 46 382 44 481
191 0.0077851141970744662 1.279844348891781 5.0390797052183247 162 172 200 1.5161876429887202 45 476 47 401 2 274
192 -0.86091603307528419 1.3418194357684072 5.0198761643737733 12 15 18 0.76272157883237479 4 179 45 479 46 401 6 181 19 154 3 285
196 -0.67074967771008631 0.60980845511606319 4.9481533690061763 168 167 163 0.71165083777893201 47 419 45 495 6 259 5 190 13 325 19 239 7 300 8 349 48 556 44 578 9 250
198 -0.43217764248455259 0.77437154021151622 4.9221437187933459 19 24 28 0.84042813302023411 47 429 45 503 46 267
199 -0.95054035238964152 0.88522279134228732 4.8487219702701108 91 97 112 2.0633348602610586 47 461 46 480 45 505 5 285 1 322 2 290
200 -1.0669886154110799 1.119312881422863 4.9877758352926485 130 129 127 0.73718946237456706 47 436 45 509 46 446 6 274 5 289 44 598 48 586
201 -0.14914459683323725 1.0991557933732972 4.9774205268439102 154 152 153 0.95160825336623289 47 437 45 510 46 440 13 346 19 257 6 275 7 315 44 590 8 247
205 -1.1621065053408659 1.3233744164148684 4.9422483195992326 174 171 154 0.15641738264924673 47 445 45 519 46 456
207 -0.52638340180580134 0.52514644590720405 5.0955901384465419 105 104 98 1.664038794223158 47 454 45 528 46 414 6 196 5 12 13 239
209 -0.40162500228097808 0.81898575651471184 4.8396674978304457 33 35 34 0.87762631172645056 47 497 45 535 1 282 2 257
210 -1.124572710560894 1.1602756592447543 5.0018001283294895 137 133 130 1.6447861957824776 47 468 45 542 6 313 4 210 13 344 19 196 19 256 2 297
211 -0.10418834888493368 1.299483217455802 4.9186426782507819 205 202 194 0.31021230418804935 47 470 45 544 46 488
212 -1.212241091637261 1.5200958677152943 5.271968917150895 54 61 69 1.7272478213829996 46 528 6 381 4 367 13 472 19 357 7 428 44 687 45 545
213 -1.098393125298424 0.32333067527202852 5.8872172407374119 5 6 7 1.0244332858038343 47 473 45 547 4 294 6 325 5 329 3 402
214 -0.54913241322213602 0.30884138363654662 5.8391007094133025 5 10 6 0.55207975849744995 4 296 47 474 45 548 6 327 5 299
216 -1.0975132317466174 1.1747754267897079 4.9939316898551445 14 12 13 0.21283040090867072 47 505 45 574 46 517 44 680
217 -0.21663421218084386 1.1347701155596575 4.976785566646166 153 150 145 1.8493888086793151 47 506 45 575 46 486 5 318 13 426 7 426 1 325 8 421 44 640 10 511 11 257
218 -0.64163726642938157 1.1909733384131493 4.9495588042292358 142 154 178 1.1218126518610576 4 322 45 580 5 319 13 427 19 317 3 390 7 385 2 314 8 454
219 -0.51665630955907293 1.2212560647509081 4.9662052555636818 27 23 21 0.28215687666861367 4 325 47 512 45 582 46 518 6 352 5 351 13 430 19 319 3 393 7 390 1 351 2 317 8 458 44 675 48 661 9 351 10 547 11 314 43 485
220 -0.51670410187477889 1.2218383821593248 4.9670355719315467 27 23 21 0.15927315011238163 47 513 45 583 46 519 44 676 48 662
221 -0.41342605686066847 0.30763521949645906 5.8319311073762128 7 9 8 0.59275355915261163 4 339 45 589 47 523 6 365 5 332
222 -0.16067354929474326 0.30274928612714641 5.832753480750009 8 8 6 0.64640908306575429 47 524 45 590 4 340 6 366 5 333
224 -0.12908125876593898 0.59729633419720385 4.8948698556458643 31 30 35 1.3230466484813459 47 491 45 596 5 365 4 357
225 -0.98856310148729443 1.1100725173646568 4.9717348613907077 118 133 156 0.76627248867555475 47 530 45 597 46 542 44 705
226 -0.98665328451395473 1.111820681248646 4.9764159403875903 118 133 156 0.77027285356387976 47 531 45 598 46 541 6 391 4 365 13 478 19 362
228 -0.41526568896034988 0.79105659802446116 4.9298434541254101 44 46 45 1.1384008842238886 47 544 45 614 46 556
230 -1.0461612076890245 0.54176935030840823 5.2073948652433044 117 114 105 1.2420484424357352 47 568 45 625 46 571 13 484 19 366
232 -0.084118653323733542 0.72514190075164597 4.9988799516529276 126 141 170 1.5525953075189156 47 572 45 631 46 563
233 -0.96951866405100173 0.79930474452493283 4.8882356766559489 17 22 18 0.74779007811503917 47 560 45 632 46 564
234 -1.1850724862677939 1.3945833330460586 5.066786173961999 133 138 157 1.3161086529984336 47 564 45 633 6 419 13 496 19 390 7 457
235 -1.0631443236054052 1.2431085747296995 4.569830674627978 142 152 176 0.12549769875833916 45 634 2 157
236 -1.1989947483856049 1.2435568730417599 5.057776915167282 124 136 158 1.9417182241958792 47 573 45 638 46 591 44 768 48 753 43 599
237 -0.10647760284438125 1.2092973975154095 5.0032314012406376 144 158 185 2.0104391183303756 47 562 46 569 44 736 48 707
238 -0.17005004010745864 1.2806757586974924 4.9424804435398544 37 26 20 0.24709944846860976 47 581 45 647 46 581
239 0.0067071289243792681 0.38881839131173052 5.9756018527293158 231 245 254 1.9698706613780086 4 410 45 649
240 -0.63706889597945715 0.39851869878110668 5.517875790442992 146 137 128 2.3971442468917279 47 584 45 650 6 409 19 383 4 382 46 586
241 -0.63706889597945715 0.39851869878110668 5.517875790442992 146 137 128 2.3971442468917279 47 585 45 651 6 408 19 382 4 381 46 587
245 0.24874589928748775 1.3790928184470055 8.7141554986833683 170 181 201 2.085228169761363 47 280 44 436
251 -0.69698420867836108 0.8635120956532768 8.5362353031098781 26 23 20 1.6724721424950013 45 54 46 18
252 -0.59846310786782086 0.57435957329068577 4.8302330266372868 93 97 100 0.72317424749076176 45 84 3 403
254 -0.025282435105419686 1.7905959487345964 6.4624386799430971 145 158 185 0.85692871263328052 46 119 48 187
258 -1.0029025678655452 0.82742278535611624 4.931599039354797 76 81 102 1.9656070921683308 45 279 46 189 3 179 1 152 2 53
259 -0.57373329656790206 1.0880415145406606 4.9334277126879469 29 36 50 0.38380590175663704 45 383 46 199 5 149 13 79 3 262 1 218 2 189 48 438
260 -1.0477648314419243 1.1209390299062267 4.9838481558865855 146 142 143 0.51789383634931607 47 229 46 212 1 168 44 383
261 -0.39535875603744008 1.1619502972143285 4.937768468267822 93 93 98 0.72303506373058268 47 124 46 214
263 -1.0979632869436113 1.1505317691798471 4.9940749992178821 40 39 36 0.61286401247625277 4 79 47 230 46 220 7 77
264 -0.17582860194209352 1.2209175960283776 4.928496395627386 254 251 246 0.96688916562629057 45 197 46 222 44 372 48 441 43 337 40 304 37 334
265 0.0022590876318694907 1.3309420671712455 5.0767264406059125 193 192 181 0.58761513379257913 45 204 46 226
266 -0.31263129813192037 1.2842128645683044 4.9967257428354044 153 168 191 1.7484469137282102 4 172 46 227 5 95
267 -0.96871112643031465 0.67379214610931526 5.2770224033641764 19 20 18 2.004650693071385 47 61 46 265
268 -0.60347367871214752 0.77488303061262398 4.8854151234149263 93 100 110 1.0983354194432071 45 361 46 270 5 132 19 44 2 123 44 437 48 407 43 321 40 194
270 -0.44382637873936104 0.95882730255880377 4.9330713627944744 102 113 131 0.25421416708431666 45 373 46 288
271 0.13296443399005453 2.5892090847657512 10.766527652291638 112 111 106 3.3203707999119092 47 226 46 293
274 -0.156144538638294 1.5688819151631623 5.0445616667800683 239 238 236 0.89124955321661259 45 415 46 318 6 102 47 145 45 223
275 -1.1483112474719617 0.30639790135445122 6.0001188140479549 124 123 118 1.554968533477187 45 318 46 320
276 -1.1630855102768636 0.32171910651394214 6.079129431572742 249 250 247 1.7807738987268604 45 11 46 321
280 -0.34481761015826484 0.85717483142764417 4.835748872779428 115 123 145 0.64174988735173399 45 506 46 351
281 -0.1033802228151505 1.1172419809408902 4.9767929073203083 42 44 51 0.90635435115341834 45 389 46 361 6 160 5 209 13 271 19 143 3 266 2 191 8 253
282 -0.21628215510240109 1.1660839934409 4.9872861080066038 25 26 30 0.66519910861091691 45 465 46 369 44 542
283 -0.74068086404119393 1.003015551593025 4.2412949923804755 151 161 187 0.61693669470909707 47 321 46 384
284 -0.11033636940843659 1.2480709130316727 4.9040812000860479 162 177 199 1.6727334983794637 46 386 44 597
285 -0.88627022058338856 1.3162636977087503 4.9882846859401546 189 189 188 0.87627330081000221 47 329 46 397 6 84 13 211 3 126 7 272 44 487
286 -1.1680954594044366 1.2953564413627212 4.987585838288024 102 111 119 1.5431495962001556 45 471 46 398 44 564 48 591
288 -1.0379279771817864 1.2894279283364052 4.9255998137630508 149 160 183 0.063010755002757352 45 474 46 400
289 -0.67481212824545733 0.58142139129202386 5.0019534392526408 253 253 251 0.089676015754479033 45 432 46 417
290 -0.67481212824545733 0.58142139129202386 5.0019534392526408 253 253 251 0.089676015754479033 45 433 46 418
292 -0.68495585349660471 1.0907329742884531 4.9328634311279078 134 148 174 0.54382061582072072 4 257 46 443 44 594 48 512 9 222
293 -0.1666754739934749 1.1737867501282142 5.0109616852627941 30 30 31 0.32919303396395871 45 511 46 445
294 -0.18995285881152538 1.2229706722702647 4.9618132904971377 54 50 59 0.84819415169511103 4 263 46 449 6 278 5 255 19 261 7 274 6 224 44 641
297 -1.1879317478882221 0.4522153296146586 5.7817483532006291 19 20 23 0.61924298452612458 45 425 46 464
298 -1.1983870940248467 0.5873020436296581 5.1754787524900445 19 24 27 1.3052289328200677 45 529 46 467 44 580 48 558 43 238
299 -0.39006405970569413 0.89239764560567048 4.7387988251309547 120 107 97 0.4233759300737161 45 540 47 463 6 272
300 -0.2175033104746095 1.2260553350174623 4.9991724044241179 114 128 157 1.6359767038009125 45 516 46 487 5 292 48 628
301 -0.18032835771069272 1.1451525279823658 4.9546000937055501 48 48 48 0.61050915291113561 4 353 6 379 13 467 19 353
302 -0.75886949288086381 1.2290631783081702 4.9757111064770383 26 21 21 0.540329061194042 4 323 46 520 44 677 48 670 43 490 40 482
303 -0.51427915138824587 1.2901690378576658 4.991836606973866 25 21 19 0.46613072810307565 45 588 46 523 44 681 48 668
304 -0.40086562381798285 0.82867163996172732 4.8896609911483457 23 25 22 0.41806610636734298 47 498 46 534
307 -0.32722524519016194 0.7824366423657646 4.9153544763866313 30 38 41 1.7204223112202923 4 362 46 555 6 390 45 615 19 361 7 435 8 498 44 698
308 -0.13806602454392713 0.59844740460473833 5.0535456567273886 42 42 40 1.3487036842970488 45 629 46 560 44 726 48 732
310 -0.27600378431569039 1.3552762875151274 5.0051244616241721 185 186 186 0.50961444260114297 45 655 46 592 44 767
311 -0.42152472519396977 1.3726589543775707 5.0325467307947465 198 199 198 0.69778480443439006 45 654 46 593 44 751
312 -0.64132895945239021 1.1240741644514627 4.9378357895796254 127 144 173 0.85143049838699847 47 503 4 316 45 572 46 510 47 502 45 571 6 345 5 317 13 421 19 310 3 386 7 378 1 344 2 310 8 450 9 338
314 -0.84404341216163492 0.8089497996298517 4.9564250649451651 33 40 50 1.74712097855851 4 57 47 89 46 279 5 242 19 124 3 300 1 259 2 230
316 -0.072339073998504283 0.35258871640529332 6.4089338984849578 8 8 6 0.94314150793931772 47 158 5 111
320 -0.86968794990843579 0.50589260603746333 5.0485637647381489 109 108 103 0.022430540652647435 45 326 6 14
322 -1.0159038490865611 0.60599602763014604 4.9805221704200955 62 63 58 0.014058655153667979 13 31 6 26
323 -1.0006000545077793 0.62619323568229635 4.9815268752516761 62 63 58 0.10813920002941861 45 261 3 61
324 -0.58195108885933733 0.61712856217988654 4.9934855095179467 34 36 33 0.78336634247003945 47 276 6 41
327 -0.89991946548137514 0.82513766140817202 4.8787783235135027 35 36 37 1.9274990617366037 46 280 6 54 19 125
328 -0.98925225980197273 0.90627279422570028 4.9244045511977026 58 74 97 0.39017550221542935 4 153 47 295 6 56
329 -0.30395630699178289 0.9092597761396739 4.9193944711523265 91 107 131 1.3128011381040685 47 95 6 58 8 105
332 -0.22744626086618391 1.2586018967409955 4.8902519380553651 23 23 24 0.99063071557034665 45 200 6 83
340 -0.90666051694231475 0.28329390024900281 5.8325211228664751 136 131 128 1.8598315187642738 6 108 4 105 13 1 45 483
344 -0.15780132358828439 0.57466851232005611 5.0461602687318701 65 69 68 0.89951409942088689 46 28 6 129 19 186
345 -0.85533328388516017 0.62346905144190135 4.946862290235428 17 18 17 2.0574228628875511 45 91 6 130 3 64 8 202 9 139
350 -0.45758457776718264 0.96819486352198625 4.9313131798398695 86 98 120 0.32726902099858224 45 287 6 152 5 144
351 -1.1417922532289793 1.185806421231794 5.0471967139378444 50 55 58 0.82711895796045132 4 162 45 458 6 158 13 264 19 135
354 -0.70573147364294952 1.2243146646456908 4.9686790805454057 63 65 83 0.27393937415635261 4 170 45 401 6 171 5 213 13 203 46 310 19 148 3 270 7 263 47 394 1 230 2 196 8 242
362 -0.91342368146925124 0.83597738870150051 4.8177431787672376 253 251 252 1.1566240742796965 45 128 6 204 5 140 19 287 3 177
364 -0.88377350950959377 0.95233076700986352 4.7633216366309146 36 30 27 1.2590687475732165 47 435 6 212 5 245 19 191 3 337 1 285 13 335 2 294
365 -0.4412420189755204 0.94506260824455535 4.8149814329045748 97 105 126 0.81866841776687138 47 298 6 213
366 -0.45662803031499855 0.99112992501272201 4.9216893848714909 81 92 112 0.97570001384964955 47 379 6 214 5 205 19 192 44 183
373 -1.0931706005641812 0.3961893963596323 5.8897023665645447 7 8 10 0.65153359241416742 4 230 47 337 6 243 5 182
376 -0.79037229037604528 0.56487073209215743 5.0219291142755385 96 97 92 0.5289247466971384 47 484 6 256 19 237
388 -0.87024662854067281 0.51375065867562697 5.3285607962477748 142 141 137 1.9994921023660446 47 258 6 299
390 -0.34439211858828811 0.7566345211535388 4.9606693446633185 30 35 35 0.83480947179554477 4 284 45 499 47 460 6 309 5 307 46 423 7 309
391 -0.40255883290146455 0.813085537390701 4.8244977367990733 33 33 33 1.2519008691301632 4 286 45 536 6 310 5 284 19 289
395 -0.82746375582685971 1.5872133456011803 5.0587660529199869 118 122 132 0.96506576598428662 47 519 6 320 19 295 8 431 10 477 12 275 14 210
396 -0.8477786781447606 0.3156651112608439 5.859738438509412 7 9 8 0.6307360151331517 4 295 45 526 6 326 5 298
397 -0.29983626661838525 0.30306753367471184 5.8310520095227556 5 7 6 0.43724037729386434 4 297 47 475 6 328 5 300
399 -0.38373233289163444 0.86950049183481026 4.7990759187716643 6 8 3 0.93621904202029305 47 500 6 341 5 311 46 537 19 307 3 366 45 567 1 321 2 292 48 614
406 -0.71391352255736273 0.31470504978451397 5.8392017257266637 11 12 12 0.68134945747654596 4 338 47 539 6 364 5 331
418 -0.92465139855798317 0.96143515737312402 4.8432602221419083 41 37 34 1.2949200411726287 45 652 19 395 13 519 7 487 2 362
433 -1.1410631473619315 0.29790262081672575 5.9359794332021592 145 140 135 0.90195282255571274 5 4 6 107 19 0 4 107
435 -1.213641891720066 0.42474204230448703 5.8159437062603754 17 24 24 0.13980329688595422 4 12 5 10
436 -0.37991505883538523 0.56684696592485084 5.0105996946393327 69 70 69 0.099286952352667934 6 122 5 18 4 120
437 -0.38963542142409435 0.5804233669000376 4.9785449006458791 244 252 253 0.11846584119784971 4 32 5 21 2 14
439 -0.92750519365814854 0.61556844066243788 5.0137407025357899 68 68 66 0.9561921203365511 45 258 5 29
440 -0.91180266993544079 0.62011661836217158 4.6909766157736703 16 16 14 1.0379377504952274 4 134 13 34
443 -0.37538491853376332 0.78952702647737905 4.9004768177078137 244 248 249 2.5267895461422443 6 146 5 49 7 240 8 87
444 -0.37715400583898062 0.83142606238799466 4.8866825667264022 251 253 252 0.82754229405940427 4 204 6 151 5 51
445 -0.37505353636292404 0.83459600803369416 4.9262579439828116 251 253 252 1.4203220439239308 6 150 5 52 4 203 10 171
446 -0.83371445033379388 0.88526048556497694 4.8321972011695244 132 149 175 1.1668689104241532 47 221 3 186
449 -0.43381945075405304 1.024803329356903 4.864635312723375 96 112 136 0.6756857771456859 6 63 5 65
450 -0.41914991833185911 1.0591168677565828 4.9039093945164591 60 76 102 0.9828877158637449 6 69 5 70 19 130 13 183 1 216 2 145
451 -0.16546476400682086 1.0917269255206477 4.7532025532548072 6 14 27 0.1792678103802107 47 392 1 88 2 75
452 -1.0566368480094732 1.0940216931623579 4.99134073776903 120 124 125 1.0896838029952318 45 151 47 101 5 73
453 -0.31140843911537464 1.1017737949748414 5.136955929804337 85 102 128 0.29087648928513965 6 74 5 81
454 -1.0831926584699778 1.1438683991955838 4.9961850390209293 80 80 79 0.31628233413234397 4 78 5 83 3 208 1 172 2 152
457 -1.0722320820461222 1.1701236600147544 5.0038010621505196 93 93 93 1.6982181132673897 45 387 47 311 5 87 13 263 19 198 7 255 44 478
458 -0.22560848008645676 1.1599156513856288 4.9713996768756461 48 53 67 0.51795936579487178 6 167 5 91 13 202 19 145 3 119 7 189 1 104 2 91 8 319
459 -1.3912662282090766 1.2807701989967699 6.0110882371463088 119 123 122 0.30491803502929948 47 97 5 92
460 -0.91087145712605788 1.3237314294039684 4.9824829498318808 176 180 178 0.24314652686908556 45 299 47 236 5 97 3 128 1 180 2 98
461 -0.45175609500041014 1.3653803836113649 4.7141094760670974 158 173 199 0.50298967530696292 47 243 5 102
462 0.11964550892413958 1.392365076180009 5.5440449726354437 249 248 246 0.53737931029138952 4 90 5 103 3 227 2 170 1 187
465 -1.1456170892522595 0.39623770771416317 5.8991760844201986 11 14 13 0.69880487882104636 4 186 5 107
466 -0.29846522695117783 0.37635971481460501 5.8532692430019386 11 9 10 0.38460240001619472 47 341 5 109
467 -0.94175231257046188 0.5820634999203339 5.0415934290353874 45 45 43 1.1764550070974886 6 21 5 114 3 231 1 244
468 -0.13297165438522532 0.56475039039878094 4.996074584243094 30 31 30 0.39732970069232321 4 126 6 125 5 115 19 113 3 33
469 -0.56116570304320768 0.59094073819081372 4.9649510100151764 63 71 79 0.48768060912250277 47 62 5 117
470 -0.89717611889406668 0.60578228028708314 4.9956476585913938 25 25 23 0.90647054031959939 45 436 47 366 5 120 1 25
471 -0.79112446556752669 0.61642140684707536 4.987824582359341 15 16 18 0.13345380546512994 47 271 5 125
473 -0.44235989768472972 0.77130649266871987 4.9203389510211819 66 81 107 0.46547735552068226 4 148 6 49 5 135 13 58 3 246
474 -0.92809705335410619 0.80589496587817633 4.8789034780338909 42 41 43 1.3291680625413691 4 201 46 349 5 137 3 173
476 -0.9119064569481079 0.83585090699793463 4.8109661269779069 246 247 249 1.0574129964573904 6 205 5 141 19 288 3 178
479 -1.0283691442477274 1.1620762731460583 5.0023142720806497 33 37 40 0.32849276585422027 6 157 5 155 13 187 19 134 3 210
480 -0.20846736605330646 1.1646165997547409 4.9820314828138459 26 27 34 0.66214817225264078 4 167 6 169 5 162 13 205 19 146 3 120 7 99 2 92
482 -0.34739026248206395 1.3037027403801085 4.9739981507552606 175 179 181 0.50817230157561077 4 175 5 168 13 294 19 155 3 131
483 -1.0511232018391035 1.3916099007671501 5.0564348803050203 145 159 185 1.270928304741312 4 180 5 173 3 291
484 -0.9637277002079776 1.3991653204870544 5.1321646435220041 148 162 184 1.9847312593428768 5 174 13 107 4 92
485 -1.0066636886063944 0.58349387142564479 5.0501537564337555 40 40 37 1.5697211597458494 4 22 5 186
486 -0.18992422136281101 0.57269339213308101 4.7656932774885528 126 135 145 3.3091519659132476 4 244 13 146
487 -0.11654995427419597 0.63144720069843308 4.9641203621405614 226 232 233 1.0550079722243284 4 142 5 192 13 160 19 120 3 166 7 174 1 256 8 221 9 210 11 204 12 241
489 -0.896865493224826 0.83730550462439979 4.8980048582220919 28 32 31 2.3058072321990166 4 202 6 267 5 198 13 380 19 286 1 205
490 -1.0695317769693242 1.1664628182245951 5.0055163827717815 111 111 111 0.71282063882560487 4 211 5 210 13 262 19 197 7 254
493 -1.0621216814203918 0.39510666135990624 5.8878995190294967 6 8 7 0.66948601144431841 4 231 5 226 47 409
494 -0.51742011764568396 0.37951668939554151 5.8954819316073594 7 8 10 0.25823986695951867 4 235 6 248 5 228
495 -0.82462010465546676 0.58860162534652771 5.0170491827655015 36 36 34 0.79682699417788605 47 455 5 233 3 34
496 -0.14605464231934934 0.5601227116774149 5.0912912020600167 246 248 246 0.28433629043675679 4 242 5 234 6 197
497 -0.14646925394467158 0.5631166434785424 5.0447789338813989 246 248 246 1.1519911203607367 4 243 5 235 3 331 1 250 2 215
498 -0.17901614096900687 1.1379059774545086 4.9796460751750313 20 22 22 0.24357383611731559 4 260 6 276 5 253 3 343 1 292
499 -0.18051883439743599 1.1365976611029589 4.9729679514384895 20 22 22 0.42523433409545447 4 261 6 277 5 254 13 348 19 258 7 316 8 422 9 310
500 -0.18956780126062375 1.2214367596913274 4.9618807848281969 56 53 55 0.63230366609231126 4 264 6 279 5 256 13 289 6 225 19 262 7 275
501 0.079583326942731847 1.270023041406307 5.1423890784196962 78 78 79 0.68975606668548906 6 231 5 259 3 273 1 238 2 166
502 -1.2926584365122711 1.3220944600475339 5.0927798883282325 29 29 26 1.081665965051563 6 280 5 261 3 320 19 260 45 469
505 -0.36549570229628858 1.2940015277915216 4.9689747264068407 7 8 7 0.67714346988568275 4 269 46 389 5 265 13 292 44 556 48 455
506 -1.0717478963135039 1.350753586912639 4.9941124067009843 156 156 146 1.443693470384886 4 272 6 289 5 269 13 358 19 268 7 320 8 374 9 271
507 -0.012439995314446287 1.4669154259323298 5.2430294204319763 96 108 124 1.6743301850904202 4 275 6 319 6 93 5 270 13 394 19 294 3 353 7 356
508 -0.15900995581176647 1.5861359033778173 4.9695016513827355 128 130 138 2.2123342286773422 47 538 5 271 3 329
509 -0.75176469319001915 0.58107529353116094 5.1400805722446483 29 31 30 2.1712264969923214 4 241 47 527 5 276
510 -1.0966360427119 1.1596370103832143 5.0089032360091084 13 13 13 0.46708476965235368 4 259 5 290 13 343 19 255 3 342 7 311 1 291 2 271
512 0.10430179005387798 1.3487213887473999 5.3432776869402225 31 31 30 1.9409109822326374 4 291 6 317 13 470 19 327 7 439 5 294
513 0.12461272245655983 1.3682117250491899 5.5447503713083126 31 31 30 1.6721554319124632 4 292 6 318 5 295 3 352 2 277 1 300
514 0.093152366217059093 1.4324715221965618 5.5226167242807227 132 135 144 1.5346517808792755 6 294 5 296 3 400
515 -1.1143685324628698 0.4809824446036865 5.2566502303273914 26 26 24 1.8652994618863428 4 278 6 297 5 301 1 126 2 5
516 -1.1138612595698629 0.48337170235910065 5.2454852834466497 26 26 24 1.8336921140160378 4 279 6 298 5 302 19 174 1 127 2 6
517 -0.3440796578099693 0.87057976668528203 4.8140624104538947 114 128 150 1.0797909167204056 4 288 6 343 5 312 13 419 19 308 3 367 1 284 2 260
519 0.13626761090879713 1.3309969263130947 5.5476619616830201 246 246 234 1.3449542712920826 6 316 5 327 13 392
520 -0.31924920666015588 0.46010365190805774 5.0982603401248596 12 12 12 2.2647936729869493 4 345 5 334
521 -0.30214477420038177 0.74561646670040571 4.8839765097232233 127 144 174 0.76684580505563249 4 348 45 500 5 336 47 428 3 377
522 -0.88841453890757238 0.94817502248499186 4.968432201050903 34 24 15 2.3463541676851496 4 349 5 340 2 264 1 262
523 -0.35133199802130033 0.93455356227634578 4.7559408010375339 32 21 16 1.078140295380642 47 545 5 341 3 382 1 336 2 304
524 -0.76279750844890026 1.0939028902420125 4.9403035528835133 29 25 21 0.35322602321863916 47 533 5 343 13 464 19 349 7 419 1 341 2 307 9 337 10 535 11 301
525 -0.16935004976260162 1.1993408291105705 4.9356413130872179 113 127 157 1.0061954598593814 4 355 5 350 13 469 3 411 1 349 2 316
527 -0.5561704357134688 0.47266296267891578 5.0481577603887793 37 38 40 0.28444612501682076 4 343 5 363
528 -0.12047773409333457 0.68396743249765701 4.8949567352855388 124 141 169 1.4953097717896764 4 359 6 387 5 366 13 453 7 414 1 314 3 376 2 286 8 485 9 397 10 592 11 359 12 420 14 407
529 -0.95169519028556904 0.78504479814635197 4.9170655112346235 28 30 28 1.185574451862311 4 360 6 388 5 367 3 419 8 497
530 -0.702344740101429 1.2870719058000251 5.0099295961275168 145 161 187 1.2679381621986117 45 619 47 546 5 370 3 423
533 -1.1984814724380952 0.3625694229038614 5.7718833541034416 183 185 180 1.3891445567185654 4 380 6 407 5 380
534 -0.93909481014836516 0.51328557442172296 5.7921561225950535 130 126 122 2.4841416354999861 6 422 8 554
535 -0.45302064253222318 1.1112114560882351 4.9338348184766403 130 149 179 1.4343508094482189 6 401 5 383 13 492 19 377 7 452
536 -0.44570727048021463 1.2570502492425029 4.9807025880776576 144 164 191 1.0700101116108474 4 379 6 406 5 389 13 495 19 381 7 456 1 384 2 347 8 527
537 -0.65481668765163803 0.79811969836795871 4.9009495777492793 118 130 144 1.4455463869852725 4 398 6 423 13 511 19 394 3 439 7 486 2 361 8 547 9 446
539 -1.0971645935511531 1.1267052481018218 4.9645576190868903 81 81 81 1.2335688098400257 4 402 6 427 5 397 13 512 19 398 7 490 1 402 2 364
540 -1.0972548458942337 1.1270787312940691 4.9787116387596111 81 81 81 0.81069644858970669 4 403 6 428 5 398 19 399 1 403 2 365
541 -0.27756135570352591 1.2122842359490429 4.9568918891005467 133 152 182 1.8398751718073234 4 390 3 431 2 353 5 399
543 -0.77629117147045579 0.37231178937359832 5.7805270261308968 41 42 44 1.3211755905732165 6 433 4 406 1 400 5 405 2 360
544 -0.48710139212368908 0.37556969880409108 5.5961330186948839 41 43 42 1.6711094990772759 4 407 6 434 5 406 19 404
546 -0.26541035638244426 0.63087096473433624 4.8385907217103137 245 250 251 0.68167038445346395 4 411 3 437
547 -0.379061328312851 0.81096285129582879 4.7684054624906382 231 235 236 0.81693822801287963 4 412 6 436 5 410
548 -0.92782875175478796 0.84628586174876452 4.8086388487975826 28 28 28 1.7133585266261049 4 413 5 411 3 440
549 -0.93092057322731281 0.83255410728887647 4.9611260261634742 28 28 28 1.4015024470331294 5 412 3 441 8 555
550 -0.52322029887240495 0.91918693798286522 4.8815044769511671 139 156 182 0.73538268708575516 4 415 6 438 5 413 13 521 19 408
551 -0.80782296743625359 0.97949213185074968 5.0228959271593094 135 154 184 1.5460693242596741 4 417 6 439 5 415 19 409 3 443 1 401 2 363
552 -0.38755763943547439 0.9697277477135231 4.7824333584972436 27 26 25 1.0083706762921589 4 399 6 426 5 416 19 396 3 442
554 -0.28403968207301822 1.3768426635714111 5.1020425755229226 156 167 195 0.6135733404572673 4 418 5 419
555 -0.28340718515814844 1.383335084546238 5.064977839304067 156 167 195 3.0796806054839125 4 419 5 420 3 446 8 542
556 -0.20794011332769224 1.510280598654866 5.0639883877779299 76 84 107 1.3539019795617133 4 420 6 443 5 421 13 528 19 412 3 447 1 408 2 368
557 -0.38953388652854981 1.3208676003864528 4.9897140362158119 23 23 22 1.8092449600373963 45 203 46 120 5 223 4 224 6 292 46 390 13 296 19 221 19 271 3 282 7 284 8 256 44 233
560 -0.21523237105848883 1.3261049396968427 4.9598116564723798 123 123 121 1.5268687538460914 47 448 45 524 46 455 13 363 7 332 44 601 19 272
563 -1.053368626259152 1.5533657044001004 5.3380065230319724 112 119 137 0.84481824176953157 6 94 5 104
564 -0.27168963341614749 0.70078879537019656 7.0731523710467297 23 28 24 0.16689017671949413 6 334 5 138
566 -1.0603395702766671 1.067990870510533 4.9774038713717648 117 128 150 0.35232385779676628 4 207 6 216 5 207 1 215 2 187
567 -0.98740704214699626 0.74838408445447469 4.9570659962879784 111 127 155 1.9839683641991366 5 306 1 334
568 -0.21768898046152838 0.3830102410654872 5.5723663320113781 36 36 36 0.48942255987369532 4 408 5 408
571 -0.65471352853372045 0.77755238323790021 4.8937800000614384 85 90 102 0.68801400478367225 46 273 13 50 19 42 3 171 1 138
573 -1.162434720065191 1.0983180800695749 4.9924963360482941 15 23 35 0.30779349394016009 6 66 13 69 3 202 7 72 1 165 2 148
574 -1.015150435525801 1.1023186819705497 4.9812537742961593 121 135 156 0.73146192386186959 46 209 13 74 44 382
575 -0.25738938206166107 0.71795127784298418 1.5984726166849066 118 134 158 1.3198804108908619 6 78 13 76
576 -0.66979773902515849 1.1583373854470027 4.9395335463328651 63 74 100 1.2858717930259911 5 85 46 217 13 89 1 101
577 -0.76262894864570929 1.1818074650891794 4.9528560227428349 20 22 25 0.053777747949317098 46 104 13 96
579 -0.91767567178690534 1.3916960906739779 5.0527978083829606 151 157 178 1.9640643428502127 4 94 13 108 19 75 3 225
580 -1.2495816780478566 1.4891516800860256 5.296120771723662 70 74 77 1.7767554439784865 6 92 8 153 46 127
581 -0.066102020368820721 1.3281474188605917 5.1862096441772962 241 246 249 1.5405860966722233 4 87 6 87 19 158 3 289 8 167
582 0.11708069417619618 1.4107049964582468 5.499941904669682 237 238 239 0.6110979868648263 6 91 13 113 19 78 4 95
583 -1.0857684265011065 1.6283186371484695 5.1291412680364035 0 0 0 1.2573653801414673 45 219 47 142
586 -1.1231688167180092 0.55466744816073332 5.0517849019504268 177 177 175 0.4878987269036239 47 358 13 131 45 430
587 -1.0476134589779045 0.58270671115983763 5.0129075981809832 29 26 25 0.15329427744865592 6 116 13 133
589 -0.74620512866733746 0.59804439901633788 4.9692658403518903 11 11 11 0.021915994593051911 6 123 13 140
590 -0.14792192354423891 0.55897228987213365 5.0256290671449344 251 253 252 0.21661326030461561 6 198 13 144 19 110
592 -0.3120518450891635 0.78798073707263128 4.8870089711516913 84 85 88 1.4174829700937142 45 365 47 291 44 334 48 405
593 -1.0550749459597928 1.1228776693268987 4.9900359097386726 110 110 110 1.6585965388468369 5 252 13 179 1 169 2 240
594 -0.92816629655158145 1.1278276712979776 4.9159490659969878 143 143 145 1.2822349247536251 6 156 13 186 19 133 7 78
596 -0.23368094301405759 1.1038031298733486 4.9592672808119946 129 129 125 0.48904319557417109 45 386 13 193 47 310 44 458 46 362
598 -0.16585496090878046 1.2269681623733346 4.8999554424842575 111 95 82 1.0649438594008864 45 198 13 212 1 178 44 373
601 -1.0893153235481796 1.6038319770561609 5.0497098762356529 204 204 204 0.59513067209603332 4 99 13 224 7 123 8 169 9 186 10 213
602 -0.029653675921322627 1.5027052244086669 5.2539575679475634 138 146 167 2.0516998996923088 6 95 13 225 19 82 7 204 9 194 11 128
604 -0.90138339746400453 0.60006087709469158 4.7412672908056956 10 10 8 1.7781081138581232 6 199 19 182 8 282
605 -0.89591175224462827 0.61396068978909524 4.9664417034683837 13 12 10 0.29854518003068992 6 128 13 242 19 112
607 -0.70920879272070259 0.774941139471653 4.888408374882224 91 98 109 0.97760775029736291 4 199 6 203 46 427 13 248 1 201 8 293 44 527 48 564 43 394 40 365 37 320
609 -0.7236712806254284 1.1706713228560566 4.9534771336094421 134 149 168 0.34968800328738919 46 380 13 268 48 520
611 -0.2054558356820704 1.1442613622700251 4.9617743122112472 126 127 124 0.9737616978062581 4 214 6 221 13 276 19 202 7 317 13 349 9 309
612 -0.20435663665390857 1.1460448730307955 4.9531155193387555 126 127 124 0.26637831488932945 4 215 6 222 13 277
614 -0.87021040895621138 1.2856912292797684 5.0046365819773371 103 111 125 0.36438518414364307 6 227 13 284
615 -1.1888764518460944 1.3402199641351131 5.0711442669547306 13 16 20 1.9965907964329901 4 173 6 178 3 281 2 300 1 330
616 -0.5980764382208934 0.38557774552099466 8.719707134367594 13 13 15 1.710102146671707 6 246 13 311
618 -0.48273137271116717 0.58595934864283072 3.8399980544040471 22 22 20 0.18471824385912672 6 262 13 328
620 -1.7223972722784111 1.779354641149401 14.792472288767806 120 112 106 0.28858175176423123 6 311 13 336
621 -0.6034497753545387 1.5963382179998191 5.0427767321371011 231 230 218 0.27837182230406099 6 295 13 364
622 -0.4166638523524524 0.73451815783377405 4.9697182391744237 117 134 159 1.1346548685451143 6 263 8 294 9 212 10 315
623 -0.082528001822137778 0.53546367746803514 0.9260341191840249 251 253 252 1.5680698034276095 6 206 13 379
624 -0.30569694302041994 0.86824413288498103 4.8867630275996472 87 98 116 0.31104737795630322 6 270 13 384
625 -1.1471327985060424 1.3407517290873965 4.9334980290262171 167 165 153 0.99770044225772048 4 290 13 390 6 288 19 292 7 319
627 -0.51625218730118572 1.220949012154295 4.9646886414445817 28 24 25 0.27982227037737528 4 326 6 353 13 431 5 352 19 320 3 394 7 389 2 318 8 457 9 350 10 546 11 313 12 378 14 313
628 0.066500312932554165 1.3134746060485913 5.1689779391725059 207 207 202 0.32652978254464454 6 291 13 437 19 293
629 -1.0802611650435998 1.6172406351702131 5.0107455932618752 218 214 205 0.63857259969157809 4 336 6 361 13 438 19 331 7 398 8 469 9 360 10 514 11 283 12 354 14 316
630 -2.1682475269136297 0.7869967371637604 16.475608105482134 131 130 125 0.56970683780023612 6 330 13 448
631 -0.38186780712636026 0.86878999757213393 4.811298662592228 9 11 10 0.03081869348908808 4 314 13 462
632 -0.18015428750979337 1.1504253858473108 4.9727717622665599 41 42 40 1.2167022762590076 4 354 6 380 13 468 19 354 7 388 8 494 9 382
633 -1.2131235857685585 1.5187785476516524 5.2947448428035893 63 66 75 1.6291127816306561 13 471 19 356 44 686 48 699
634 -0.12541036813040518 0.34663760419462708 5.5653497634048703 149 148 141 1.4191108579965828 6 367 13 473 7 441
635 -1.2295130861940149 0.70168846614919855 4.9902934522802838 80 89 101 1.5687339145027737 6 335 13 476 19 338
636 -1.0449439820618849 0.54129737970037894 5.196748422577758 92 92 90 1.2019418232578003 47 569 13 485 45 626 19 367
638 -0.82627356316090916 1.2743262343305644 5.01026232640515 136 154 176 1.609571884889806 4 377 6 404 13 493 19 379 7 453 8 508
640 -0.9060854370956718 0.50890001718227351 5.1910979762529577 93 94 89 1.629365269780376 5 382 13 509 3 416
641 -1.0736825767035463 0.94919265379326112 4.9022128609361513 137 149 171 1.0086980082792287 4 416 6 437 13 517 19 407
642 -1.3327267184824201 1.5078149388906921 5.2754587000675315 108 108 108 1.3141696641037826 13 525 19 411
643 -1.1395135259896951 0.61166283437565805 5.0444256565317991 8 8 7 2.2746555513254014 6 411 13 490 47 570 4 384 45 637 19 385
645 -0.14741231863555018 0.43730519884856295 5.2470126822297205 134 134 126 1.5526646338209849 4 14 6 253 13 407 44 54
646 -0.26711249257605651 0.97676867723423433 5.0186870541680557 141 158 186 1.6560380963388557 13 524 19 410 3 430 7 499
647 -0.62074298543633222 0.33563533369680859 4.9038846575697557 2 3 0 1.3865679649578362 45 557 19 2
650 -0.93375629768000423 0.5939962619595347 5.0001639776239566 62 62 60 0.16958611915784039 6 25 19 21
651 -0.34619909423926409 0.50787329114506263 2.2120273901825307 69 69 67 1.2175026995886009 13 35 19 37
652 -0.37550784601868858 0.45305785118350594 0.44506819490977095 101 116 137 0.75634290368871748 6 44 19 39
653 -0.68986879230723308 0.76376157974738401 4.8857623627945772 128 137 151 1.5597329522196708 6 45 46 64 19 40 1 43 8 77 44 155 9 39
654 -0.32771268416682586 0.74989520019016764 4.917707244553136 17 25 33 2.1945991607540587 6 140 19 41 2 227
655 -0.60270910306187786 0.7746893955011418 4.8996125732298168 96 106 116 0.5418071272376519 5 133 19 45 2 124
656 -0.68241972628424019 0.79024834162423463 4.9278069064073193 121 132 146 1.5109233878202146 5 42 19 48 1 146 2 129 9 43
657 -0.86832517025993894 0.84328959611644849 5.0577218071627295 90 102 115 1.2388368473469229 6 148 19 50
658 -0.41798389015888915 0.80755745403412549 4.8903481132044835 20 23 29 0.77464446121355213 6 147 19 51
659 -0.42372164335860907 0.99142903167399754 4.8749344340681384 39 47 60 2.1238081411743419 13 176 19 55 7 250 6 215
660 -0.14341970671568208 1.0575322454073373 4.9489414978117781 8 15 23 0.33690185315387344 5 72 19 62 3 104 1 89 2 76
661 -0.18035169709922594 1.094037345044176 4.9748580536850069 139 141 140 1.6508620575750772 6 77 19 67 7 91 9 88
662 -0.1964397595372164 1.125619047830497 4.9808834084582294 110 111 106 0.47851636935328057 6 81 19 69 8 140
665 -1.0818663875131871 1.4938183509737275 5.1916627561903059 17 28 49 1.6279395471586158 4 182 19 79 3 143
667 -1.095183881085477 1.5992506958920165 5.0136666587466987 117 117 121 0.15531180807843414 13 223 19 83
670 -1.1162193623435563 0.45008248970776465 5.4875668995957048 36 36 34 1.190085945164844 13 124 19 97 7 218
671 -1.1812550241117385 0.5770566083577926 4.8566572008454205 144 147 145 1.4883270089008349 13 238 19 103 3 29
672 -1.0699179861416337 0.60262609829361535 5.1033359200211841 53 52 49 2.049993582867963 6 118 13 134 19 106 9 136 7 156
674 -0.9473885581311996 0.7585293927831277 4.9956614370693764 96 113 143 2.2596908729959577 46 342 5 193 3 244 1 44
675 -0.99181520395179557 0.78290890530034929 4.9503038868586087 51 61 83 1.211650618525663 6 139 19 123 3 169 7 52 1 202 2 177
677 -0.9452222395788169 1.1715187899484818 4.95646801037317 72 83 102 0.55790651602046548 13 85 19 137
680 -1.0540845795544014 1.324598846743736 5.0249468842660017 142 148 160 0.61290835599174787 4 83 19 150 3 218 1 234 2 202
683 -0.14897218188563804 1.1013875795375276 4.9756586162581584 131 132 134 0.84142375730924235 6 219 19 199 3 265
685 -0.35655733734805639 1.1445134487567512 4.9657822595246621 165 167 161 0.53464742839011659 13 347 19 201
687 -0.33592124708256599 1.2210226368450057 4.9649404438248936 77 88 99 1.4723656482655634 13 355 19 206 9 311 8 424
688 -1.1832771286638628 1.305787204126813 5.0094321030730082 112 121 132 1.5495902823267886 4 329 5 323 19 207 6 281 3 372
691 0.06075585948201908 1.2623859054189421 5.1598485697246481 185 197 212 0.70962825679701014 5 218 19 213 3 317
695 -0.8894739551182469 1.0195182502531395 4.9009241307218954 102 110 120 0.41759419324992725 13 340 19 251 7 310
696 -0.3332687964463189 1.1593709934948471 4.9226454343373938 77 86 102 0.67656498421793543 13 351 19 259 44 207
698 -0.56936377934062776 0.4702490122195504 5.2171445189926047 28 28 26 0.084072188337063702 13 405 19 277 7 365
699 -0.56936377934062776 0.4702490122195504 5.2171445189926047 28 28 26 0.084072188337063702 13 406 19 278 7 366
700 -0.66903244100033665 0.58223748182174018 4.9422286798413158 72 73 68 1.0582419123478002 19 279 8 398 13 373
701 -0.56193746727897864 0.5860989373042631 4.9881328658951753 69 69 67 0.12209059472796074 6 302 19 280
702 -0.84055188353709998 0.76550082911585737 4.856689483076793 111 123 151 0.089792329117920372 6 306 19 282
703 -0.3084922915629974 0.74420704775607327 4.9737794961423383 122 137 165 1.1763187382545108 4 308 45 561 19 283
704 -0.54057510462015046 0.30594069944838193 5.6742394482168361 3 5 2 0.77973744374629705 13 398 19 299
706 -0.16809326152063511 1.096049502358573 5.0955932528169603 138 139 141 1.5494131644802447 4 315 6 344 19 309
707 -0.54677040493654494 1.1240907566885274 4.9462831242698693 129 145 176 0.29136048657851765 6 346 19 311 7 380
708 -0.54677040493654494 1.1240907566885274 4.9462831242698693 129 145 176 0.29136048657851765 6 347 19 312 7 381
710 -1.1193261741835656 1.6048781424153142 4.9897354310385431 118 119 124 0.061442727028169698 4 335 19 330
711 -1.080326550134632 1.6177565140115604 5.0124377585016235 216 213 205 0.43067174940230035 13 439 19 332 7 399 8 470 9 361 10 515 11 284
712 -0.94576750145450306 0.31365454160316875 5.6218440247469976 29 30 25 1.1980488529918345 13 441 19 333
713 -0.69691103414787448 0.30757895890664827 5.5989008604197803 8 8 6 1.0237827859371151 13 443 19 334
714 -0.1547971201299112 0.64245487257123013 5.0287927283195204 210 228 243 0.2193093305697594 13 452 19 339 7 412
715 -1.0923852685207696 1.170541792782932 4.9849399422770428 27 27 27 0.20521076951229283 5 346 19 352
716 -1.0969623780681212 0.46412268815665403 5.2707765014743426 15 15 13 0.5578588658979764 13 483 19 365 7 440
717 -0.81185064129971307 0.53520952078131512 5.2003159952407803 110 109 105 1.0953987328204875 13 486 19 369 7 443
718 -0.91626038307796875 1.0668291635536318 4.9133799217387955 5 7 5 0.89435647195872392 6 398 19 374 7 450
719 -0.37443726784699394 1.0575440023919818 4.8673402044051883 5 7 4 1.2129926623670038 6 399 19 375
720 -0.11784063882430061 1.1869557033797948 4.8947222572131777 127 144 174 1.5167318147798132 6 402 45 643 19 378
724 -0.28440546912792031 1.2432210536691497 4.9917404618089858 141 157 183 1.0648775478702406 6 416 13 505 19 388 44 738
725 -1.3449556539600489 1.4605582778160835 5.2800976007777116 85 86 81 0.7798294784120815 13 497 19 391 7 427
726 -0.35908947975385674 0.49431357762104117 5.1424675555535124 114 113 108 1.4014275259549041 13 510 19 393 7 484 8 546 9 443
727 -0.39689342962833929 0.94306547993478718 4.7704330656785601 47 43 43 0.67322659461041912 9 419 10 604 11 379 12 447
728 -0.15804648266010807 1.1045577680696479 4.9203284882512754 56 58 58 0.52597863380421861 6 429 13 513 19 400
730 -0.9222688684145941 0.78409997241950113 4.9113117578342296 26 29 29 1.4178567117782093 5 195 19 188 47 88 6 141 44 441
731 -0.90475267666670989 1.3067645052169838 4.9869519717310729 2 2 2 0.59117499403192075 47 441 45 517 46 393 5 262 4 266 6 283 19 211 4 219 6 232 13 287 44 603 48 532
732 -0.90486949020234264 1.3080365498035058 4.9891495138304212 2 2 2 0.86854562284129788 47 442 45 518 46 394 5 263 4 267 6 284 19 212 4 220 6 233 13 288 3 319 48 533 43 352 40 136
733 -1.1400634072823865 0.61105848631930382 5.0510289725812969 7 9 8 1.9412548453278347 4 370 45 636 5 376 13 489 19 371 6 410 4 383 19 384
734 -0.17312096674448152 1.2762274015670341 4.9287923908389981 33 24 18 1.1466323823501294 47 580 4 394 45 646 46 580 6 418 19 389 5 391 13 506 3 435 7 475 1 395 2 357 8 540 44 749 48 739 9 438 10 622 11 396 14 431 28 350
735 -1.1166383659974801 1.1957101367653629 5.0526632353503764 18 20 22 1.8045211714605485 19 200 47 312 45 460 46 381 7 184 5 90
737 -1.1747437262018172 0.46641319332359926 5.065676721336323 156 153 153 2.2954840785448596 5 106 19 98
739 -0.32789774680469952 0.83628317255393525 4.9555045369889932 87 91 96 0.91951966350300651 4 205 6 269 19 247
740 -0.18936251210577304 0.39471201955418556 1.4627759043535649 25 25 23 2.1822766230317563 13 474 19 360
741 -0.461207559465309 0.27186764472831648 5.8794051738044386 199 195 189 2.5941905531738558 5 2 47 9 3 2
743 -0.82627162756611472 0.2924327626624556 5.8630767431902617 254 254 249 0.64000629984741109 3 5 6 1 45 15 47 10 1 5 2 3
745 -0.5263853047152256 0.28487715955304077 5.8568161610237919 255 255 250 0.54725461676000653 45 21 3 8 2 4 1 7
747 -0.56131702503962655 0.33203821262261096 5.8397790723089438 8 6 7 0.85326197700601147 5 7 3 15
748 -0.12226804145098731 0.51351892056194914 4.9187137579139888 191 188 188 1.567516826671242 19 179 3 28
752 -0.10438757321393112 0.61120689478660262 4.9070349271546316 37 47 48 1.5494068614944077 45 103 3 65
753 -0.37214565070659367 0.73733011981849306 4.9218887137514873 245 252 254 0.054982130033129031 5 40 3 73
755 -0.92440699440166119 0.89845191224633325 4.8058679705964193 6 5 7 0.29759221549150355 5 56 3 85 1 64
757 -0.94096398873611853 1.0823168442678648 4.9628037639814071 73 82 99 1.3410419463878407 5 69 3 102 2 72
758 -0.1332315801485435 1.0729171838698537 5.0123097093977105 184 184 192 1.8218321378516542 4 72 3 107 44 185
762 -1.296171873850575 1.3276626487126748 5.1015609709983289 10 11 6 0.58498534995577889 5 96 3 125 1 179 2 163
763 -0.38092807301958342 1.3046438708145445 4.9718664688992869 169 170 172 0.20541510518701936 4 176 6 182 3 129
764 -1.2160503211319431 1.3596714895381068 5.108390535293597 132 131 120 1.3359756751263543 5 99 3 138 2 102
766 -0.22722986273676105 1.5235354413327955 5.2138237157667335 110 118 139 1.3345388272132253 4 97 3 145
768 -0.75984335126863489 0.27778173471410439 5.888719555509109 198 194 185 1.3525657879358768 47 2 3 147
769 -1.0903589596026573 0.30688482810449907 5.8621131795951973 16 16 14 0.47913475507401709 47 6 3 149 2 1
770 -0.56057036445474029 0.31044480324974721 5.7562822653865933 15 13 11 1.1911826381320116 5 6 3 153 2 2
771 -1.0998823560082251 0.59812725608484574 5.0236756295040088 70 71 66 1.3474661429352242 4 122 45 249 1 128
775 -0.45363247321272271 0.81084735479059988 4.9420056628393816 88 106 130 0.69236644908623524 5 139 3 180 1 154 2 232
776 -0.83555081067971515 0.82841936881314548 4.9842947601282468 85 101 126 1.8639809005235239 45 119 3 185
777 -0.025176891669890268 0.55313947550600451 7.1222142645491298 150 165 194 1.0844535255872421 19 102 3 187
778 -0.17269102992412819 1.0902745931311362 4.9521180561615434 169 169 180 0.97689089890112424 45 179 47 118 3 204 1 170 2 84
779 -1.018775546608446 1.1424192794759802 4.9837679566633684 18 23 29 0.24301121602882569 5 152 3 207 1 173 2 153
780 -0.86350611215163386 1.1647569710399275 5.3979557276281529 139 156 182 0.63604759546594791 4 258 3 215
781 -0.72359095505731108 1.2254456860309213 4.973445659566309 140 156 180 0.33847895288909935 5 165 6 172 3 216 7 188 44 476 43 272 40 123
783 -1.2727163255300167 1.3119559097758384 5.0866694300461077 107 118 130 0.192712989300133 5 166 3 272
784 -1.044166765810306 1.3309307236990304 4.9770248719315271 34 38 40 1.1337442389617651 4 177 6 180 7 268 8 315
787 -0.94919609335275967 0.98930916064893015 4.7849772596290743 80 93 107 0.78129524086450508 5 204 3 307 2 263 1 286
788 -0.20443128466524402 1.0778391152680598 5.0059221616997123 136 139 148 0.2920650191007112 5 251 3 315 1 289 2 270
789 -0.18160664004673033 1.086305442967076 4.9524606153672135 187 187 199 0.49467554779851486 45 455 47 385 3 316 1 267 2 242
790 0.00043194061322127949 1.3006573521350506 5.0358639538633128 36 38 41 1.6663759898899368 47 405 3 325 1 114
791 -0.043573542552976539 1.4806013398346773 5.2026203628795642 134 150 183 0.66830615271108362 5 224 3 327 1 302
792 -0.46682457987348192 0.62903237415368884 4.9135879303586618 130 131 135 1.5915382813654433 4 301 3 334 2 253 1 277
793 -0.93998861943578194 0.83382486005762435 4.8419469090046681 22 22 20 1.4181954016880884 19 246 3 335 1 280 2 256 45 565
794 -0.41369051170247928 0.93863539256779471 4.739011842444107 28 24 22 0.26126442123354665 5 286 3 338 1 324 2 295
795 -0.41646436200872727 0.9699485790191017 4.7733465423801507 95 106 124 0.64860436942369448 5 203 3 339 1 287 2 267
796 -0.97273760297266643 0.99842598741821387 4.9367311992557372 44 56 71 0.64816648164840673 4 255 5 247 3 340 2 268
797 -1.3025520877204269 1.3459065851823435 5.1276090306954121 157 154 142 0.020170200533152261 19 209 3 347
798 0.053717637550273034 1.5105249891342152 5.1638109521951376 151 154 159 0.65155815227366853 5 328 3 354 1 303 2 279
799 -1.0796430947344475 1.6155954807821413 4.989959862155418 214 209 208 0.26690399089206546 4 337 6 362 3 355
800 -0.34417108745727421 0.75769915759991902 4.9554949883661683 27 29 28 0.78706561961445698 5 308 3 362 2 254 1 315
801 -0.95126395794678709 0.95261919542293083 4.7610109967701897 22 18 15 0.3086591110325751 5 339 3 369 2 293
803 -0.71008255653345231 0.78399799925748748 4.914412950417347 108 114 124 0.88439895253029754 5 368 3 408 1 366 2 337
804 -1.2017728596180763 1.2878164829890693 5.0629673049815382 122 137 160 1.7204107908929436 6 392 45 618 3 412 1 376 5 353 2 341
805 -0.27451857337138819 1.0063004773682496 4.9700098706212135 146 163 193 1.367803052855364 4 401 5 396 1 391 2 352
806 -0.99657551028593716 1.2642427136583945 5.0134090012429153 127 144 172 0.22148906750480643 5 386 1 392 2 354
807 -0.80912292288691468 0.98856934535052809 4.8148282744442197 0 0 0 0.027049503264954672 4 400 6 425
808 -0.63565853285731122 1.2416561316640904 4.9809410422389737 143 159 184 1.3046029497154219 5 417 3 444 1 405 2 367 8 549
809 -0.63459953662531099 1.2438158631199805 4.9770918813126164 143 159 184 1.6625195836962368 5 418 3 445 1 404 2 366 8 550 9 447 10 618 11 380
810 -1.0539649992658828 1.3203620807498992 5.039114202891831 110 111 120 1.6631862228540359 4 82 5 167 13 357 3 217 47 397 19 263 1 233 1 295 7 353 2 201 2 273 8 417
811 -0.95201190147001125 0.31468608306071855 5.7884014261639436 4 4 3 2.4230196653422684 5 180 3 7 47 522 6 363
812 -0.37843719739669179 0.29754185572779457 6.2241376092349823 0 0 0 2.0628079153787207 45 6 47 11
813 -0.64713520691336057 0.79163505139222334 4.8840120462440009 129 140 157 1.0771244500132349 4 150 3 79 5 44 1 147 2 131 8 81 44 342 48 286 9 42
816 -0.14111023820616309 0.6143036399318893 4.9724367861732937 247 250 247 0.75028388668728963 13 45 7 51 8 75 9 38 10 153 11 58 12 32 14 109
818 -0.28904374842232805 0.86217059795382278 4.9219091320215025 146 161 181 0.20748817052969365 45 135 7 66
821 -0.75359872289102858 1.1406563405039962 4.9451800672785229 4 5 16 0.35805875223446143 5 153 7 84 1 99
823 -0.10837622532553684 1.0881552342856045 4.9743284800165108 8 12 21 0.11496820511871841 19 68 7 92
824 -0.13858823259310862 1.1006366227887121 5.000188887276698 118 120 119 0.076442302794372544 13 88 7 93
828 0.011526158688053231 1.2994921843672165 5.1841020181589688 12 14 20 0.85131043561058284 7 112 9 187 8 263 10 357 11 178 12 108
830 -1.1703069483405195 1.5318065387471902 5.2029437873348616 116 119 133 0.52018524298232305 13 221 7 118
833 -0.90952172457810831 1.5951685165680818 5.0614705922596075 226 227 222 0.29908535236745781 6 97 7 127
837 -1.1152259319562909 0.55234067880068927 5.0408079646591135 187 187 187 0.4236214798493676 45 244 7 151 47 183
844 -0.57956663223121663 0.56093549703182477 5.0194562647149974 109 109 107 0.61242086393797146 13 137 7 226 8 346
845 -0.1722757630876752 0.529621484880754 5.0205258832571538 196 196 194 0.64570046721528107 13 138 7 229 8 286 9 205
846 -0.55613501406856825 0.6647027494537201 6.3537318931497353 12 12 10 0.93948273394230786 19 115 7 231
848 -0.88904789701794895 0.78799999188791625 4.9136003511539208 38 44 44 2.9655883246833321 6 46 7 238
849 -0.37241872373074802 0.78456343882354973 4.8874534434711698 250 252 251 1.4920900752001411 6 145 7 239 8 86
850 -0.83260631658202211 0.78801242685761752 4.931707428201535 0 0 0 1.9475142353895996 13 162 47 425 45 533 6 266
851 -1.1083478085388887 1.1264202223640201 4.9841837139006282 92 92 90 0.38419406466159833 19 194 7 251 8 304 9 219
852 0.047265302483754927 1.0473452687112577 5.267887351053349 156 165 182 2.5395721002475389 13 181 7 258
853 -0.080290014691977288 0.41628056994930313 5.6418101452235803 13 20 26 2.7034660258797363 13 370 7 291
854 -0.09667285511786014 0.56364191242760975 5.1371123937153902 36 48 52 1.8760945590460238 13 326 7 304 8 216 9 35
856 -0.1153932618553556 1.2819896629761436 5.0043063548485334 147 163 185 1.9442479426144299 13 362 7 330 8 429 9 356 10 552 12 407
857 -0.19308879061416295 1.3372463189307049 4.9860707651382068 0 0 0 1.9907170872487421 3 349 5 293 4 273 6 293
858 -0.13470168391098339 1.3311788580686816 4.9982348927474201 183 181 169 0.97373534728882527 13 393 7 333
860 -0.82585488583048261 0.81546152232255398 4.9163184983069783 122 140 162 0.74454465764953748 7 343 8 403
861 -1.2924010426802959 1.3229778654324222 5.1064524627514398 36 38 34 0.48010473561856926 13 352 7 351 8 369
864 -0.85564011331134238 0.47399034180011762 5.1976993140660666 16 16 14 0.75725057746514013 13 403 7 363 9 326
865 -1.2031996072078666 1.6219311657745745 5.0396216386138155 119 120 123 0.61509643176586959 6 322 7 397 8 468 9 359
866 -1.4316363279206952 0.3046000221579932 10.917782984142381 9 9 9 1.0443368229790013 19 298 7 405
867 -0.075908559853462065 0.60007371043582569 5.0704957678998834 214 231 241 2.0208492275532017 13 450 7 411 8 482
870 -1.3626452028876637 1.5614655717126156 5.1873642968339881 120 121 123 1.2014307112948044 13 482 7 438 8 511 9 407 10 595 11 363
871 -0.27994667394914519 0.51374209905862611 5.1766851953878428 102 103 98 0.087252833623870929 13 487 7 444
872 -0.27832370679286178 0.51584715583710528 5.1795420564990788 102 103 98 1.7093311254772385 13 488 7 445 8 519 9 417
873 -0.61735003021412582 0.61178605538905095 4.9559441439282779 7 9 7 2.0557551712627191 13 475 1 365 3 405 2 329 8 520 44 727
875 -0.16937072041872481 1.3940889939150851 5.0925776359803523 151 166 189 0.33726859752370419 4 396 7 479
876 -1.3429285845064192 0.33793997520545271 9.0732638966509178 75 79 80 1.5165416091882107 13 507 7 481
877 -0.23680513098797529 1.2792740261400466 4.9147999884326392 121 128 138 1.7891546109267396 13 391 45 304 19 270 7 329 47 135 8 385 9 283
878 -0.3082207810243428 0.93131486722774171 4.9221259505161958 82 94 109 1.5246478129526038 5 63 7 68 9 69
879 -0.85070088694227175 1.0355899941280764 4.9163753739468143 131 149 174 1.7428235877873366 45 145 7 71 1 82
880 -0.91124071591730149 1.3251697178013135 4.9867318156845988 0 0 0 0.0094123240583281788 45 300 47 237
882 -0.84478768910717739 0.59671240963841909 4.9739688461463683 50 49 44 1.4695122700630316 4 125 7 158 1 18
883 -0.66165008989411223 0.62920004123345374 5.682369681592526 8 8 6 1.4591746799492884 19 29 7 169
887 -0.65230558784830361 0.5684931572776305 5.053996968891135 0 0 0 0.64655519742488721 3 30 13 136
888 -0.84341058780850486 0.60706007055206423 4.9935824010094176 23 25 24 1.9697615135879853 3 41 4 128 1 27
892 -0.68998908414224303 0.7719136287915751 4.9033418836806062 104 113 124 0.44216487107785724 45 110 1 48 2 42
895 -0.46714078491346755 0.87487935284463492 4.8662894140079951 149 166 196 1.2384031258412398 3 188 5 55 1 66
898 -0.1440340528235996 1.0573972660782038 4.9508193459991432 0 0 0 0.22576618345968091 5 71 19 61 3 103
899 -1.109129746023779 1.1128512065175935 4.9900851241980897 106 106 106 0.48958312902420587 45 161 1 92
900 -0.67223910288147271 1.1588046938827967 4.954433982804554 127 136 169 0.67698031562160244 5 86 13 90 1 102
904 -0.26048548956565487 0.90401510956093722 4.2568726921293276 177 196 229 2.1837200126457774 5 199 1 141
905 -0.6482697280445987 0.79105821425779244 4.8965682401085244 129 139 154 0.31847266902298271 3 80 5 45 1 148 2 132
906 -0.45635700045457384 0.77015237599264563 4.9432211810129454 148 163 194 1.3765797347813562 4 147 1 151 2 178
908 -0.29694662154950824 0.92817635255757625 4.9299423615921949 173 192 224 2.0434876216151134 3 90 1 157 8 231
910 -0.17089204298439645 1.1217943873117553 4.9613640980329254 122 123 128 0.80285601237883897 5 84 1 175 2 155
912 0.032978467012531501 1.2748029291633878 5.1072080756223128 149 164 197 1.2347814610381518 19 153 1 182 2 164
914 -1.0047096613757456 0.77999822020860676 5.369853953841127 0 0 0 2.5082828346719941 4 198 5 197
915 -0.40902626277166165 0.77420361435988105 4.9280489891763226 30 36 44 1.2236325898321645 3 381 19 343 1 203 6 373
916 -0.52220951998917697 1.1223330483026321 4.9444538538195832 144 154 186 0.66729121731292551 5 150 1 220 8 239
917 -0.52220951998917697 1.1223330483026321 4.9444538538195832 144 154 186 0.66729121731292551 5 151 1 221 8 238
921 -0.18239956312270608 0.54082365458518045 5.0500623731683838 128 127 123 0.88795087821442154 5 231 1 245 2 210
922 -0.49515862186401494 0.57744901335308207 5.0045231707509252 35 38 41 1.8855985135024957 5 277 1 249 2 214
923 -0.3073951130062873 0.77153109168274447 4.7913323638571308 171 187 220 0.7531278449402401 3 77 1 258 2 226
924 -0.85130078513106389 0.89096882183637305 4.8533411598960461 91 107 133 2.3601196360912784 45 538 1 261 2 259
925 -0.18098263350112762 1.0867065686612711 4.9543093953280275 224 227 236 0.46972877073859093 45 454 1 266 2 241
926 -0.17037844221676293 1.2248218731689615 4.8937243620869735 160 145 130 0.27503582384194669 3 345 5 257 1 268 2 243
930 -0.13453402432644579 0.61756406218790461 4.9029799063605033 69 73 74 0.75185185657426612 3 332 1 308 2 280
931 -0.13453402432644579 0.61756406218790461 4.9029799063605033 69 73 74 0.75185185657426612 3 333 1 309 2 281
934 -0.44788600537825873 0.74691180875561547 4.9097395370816033 125 144 176 1.1135019721434687 4 306 7 416 1 335 2 303
935 -0.90976090063004034 1.008147263520746 4.852306377859116 6 6 4 1.2983364713305083 13 420 1 337
936 -1.0620641131287194 1.2896607053368414 4.9277764909444004 40 31 26 1.5341484780950954 6 282 1 353 2 333
940 -0.86969314847895729 0.79615955818613593 4.9175878585051152 81 90 111 1.4564582745776249 45 613 47 543 1 367
943 -0.16101319013939994 0.75263543989731152 4.7383682998929224 128 145 175 0.55216634219025262 3 438 1 389 2 351
944 0.011675231271720921 1.5049923196299795 5.2887467190542061 0 0 0 0.83404230555172143 19 401 13 514
945 -0.70105111180410551 0.79150753438805699 4.9032760473139758 122 133 150 0.26790289942331386 19 46 3 174 1 144 13 56 2 127
946 -0.44252216745203943 0.90252286296566919 4.9492878318621889 66 78 102 1.3904060746952129 5 143 3 191 1 214 6 207 13 255 19 127 2 236
948 -0.80455239318020566 0.57649657073587879 4.7692585981352611 13 15 12 0.7029201794136215 45 342 48 277
949 -0.37143494791443765 0.72600772660441848 4.9076119148796336 95 108 135 0.1984732422299802 3 71 1 41 2 37
950 -0.66402998547280812 0.79119707999231603 4.9019879863987068 127 139 155 0.18097599224402983 5 43 1 51 2 130
951 -0.054239529934441276 0.613418691316164 7.0924076496291315 143 158 189 1.1017500956453559 45 558 1 83 2 71
952 -0.86235616141746307 1.3416204356042696 4.9823327095842656 8 14 27 0.50093867824371197 3 286 1 112 2 167
953 -1.243966340825186 1.5329050978952403 5.2570984012594275 84 88 89 0.12626626239719779 3 144 1 121
954 -0.11422620233697779 0.79690363623051275 4.968434741744681 208 223 248 0.35458186423525168 3 181 1 155
955 -0.5519504055298271 0.99689823250323606 5.9566164575855787 140 157 185 1.8258774579201249 45 112 1 225 2 192
956 -0.29080369299375231 1.3232013957683502 4.9805127023039137 248 249 252 0.81437153040509391 3 224 1 239 2 204
957 -0.26601843851942009 0.8012889516000723 4.9362187635909756 199 219 245 1.0453269194294921 3 336 1 283 2 258
958 -0.18025821770794659 1.1398766551239394 4.9627935438504496 24 25 27 0.071356628171496864 3 344 1 293 2 272
959 -0.83052377620304019 0.76549360774924602 5.0326748233170902 123 140 169 0.16271073046303197 3 378 1 316
960 -0.30123201799995525 0.80101952872783344 4.9133033517624005 75 90 113 0.11617205503705728 3 363 1 317 2 288
961 -1.3267932785307999 1.3010881382302157 5.21688321419155 76 75 72 1.5819799331071245 3 346 1 358 2 324
962 -0.91310218260246201 0.57667567322817681 4.9225705222256835 152 151 146 2.6327506885024885 47 486 1 362
963 -1.1533596221224123 0.60039212651619467 5.0504757261494166 25 25 25 0.43567792585896958 3 418 1 364 2 328
964 -0.15723986502747087 1.0197866160188522 4.8814897826252359 139 158 190 2.0216955414662166 3 410 1 373 2 332
965 -0.84876644540913559 0.6089775551296186 4.9879598210655116 24 27 26 1.958671838260148 4 129 45 339 47 269 1 26 1 28 2 25 3 42
966 -0.47874138412515266 0.28299369675597219 5.8832404641159393 28 26 21 0.55421609542222738 3 151 2 7
967 -1.0135578443708166 0.59565672064279729 5.0122407318022697 74 75 70 1.2133818437940116 5 116 45 250 2 12
968 -0.55824663274990183 0.61521094216234351 4.9555547827012063 35 44 52 0.31145027712980988 5 126 2 29
969 -0.43618631062953273 0.62723697674062617 4.9317588008899715 237 239 238 0.18571348560645354 3 67 2 31
970 -0.57968478880391394 0.7672718737490678 4.887484416957796 137 149 164 1.1980053774753225 45 111 47 217 2 43 44 152 48 107
973 -0.91631927283875569 1.2848398171710431 4.4646084489489244 0 0 0 0.56118499207969397 45 212 47 242
974 -0.88944528196708006 1.0155392116923838 5.5847157411986146 112 119 136 0.504473574414946 3 98 2 80
975 -0.14582317473786557 1.107429150077073 4.9955212890188001 122 122 130 0.07929218177436187 3 114 2 87
976 -0.70983315041685136 1.2243336794301976 4.9687395588201335 26 35 53 0.4111719705792129 45 188 2 94 44 231
979 -0.14545541362154293 0.30500274509615832 5.7135801598168383 204 201 194 1.8903355699109818 47 27 2 111
980 -0.22990263877635958 0.90413651703946096 4.259674367394787 186 202 233 1.6354747094615205 5 60 2 125
981 -0.59637855868393708 0.7882668568386958 4.9273959650427317 131 141 154 1.4057616575740981 1 56 5 46 2 133
982 -0.59637855868393708 0.7882668568386958 4.9273959650427317 131 141 154 1.4057616575740981 1 57 5 47 2 134
983 -0.41379109687628368 0.91558636346824906 5.4493939899094217 211 218 238 1.5723050760758677 1 161 3 197 2 142
986 -0.48734147084205748 0.63378146735754215 4.9247009721898589 92 92 96 1.0909818818892092 1 197 4 247 2 174
988 -0.42763067224080031 0.9119460195328194 5.3872896352874911 96 111 130 0.95020526091425817 1 158 3 91 2 183
989 -0.57208395452765326 1.1561070653197263 4.938734216854944 52 58 71 0.063276707678935104 1 227 3 269 2 194
990 -0.53919634689748985 1.201887491751247 5.097359619570228 147 166 196 1.6372793075353129 1 232 45 463 2 200
991 -0.55151154557277549 0.34058057340198383 5.704674369372408 18 17 17 1.034479507706128 1 275 3 374 2 208
992 -0.57174605570678527 0.61438825010909193 4.8594967659714019 74 75 76 0.78890614936315195 1 193 19 35 2 212
993 -0.88410736112918964 0.79576503250778829 4.775114587014877 76 87 106 1.6024949732807243 1 198 3 167 2 224
994 -0.40989203448043765 1.1594332310272966 3.3654252344198867 139 158 188 0.64354382138915722 1 260 3 310 2 235
996 -0.97419036911048429 0.37761901882182547 5.6083110961663039 22 23 18 1.7802796890130306 1 274 3 401 2 248
997 -0.85623841152363145 0.34374330194140446 5.7349904859849881 9 8 6 1.5642629957754581 1 304 3 373 2 249
998 -0.45725384144352132 0.55773613070384676 4.8586536713843529 12 12 14 1.5502610358219922 1 306 19 180 2 251
1000 0.12784871088025437 1.3642412878721606 5.5877204577770936 27 26 31 1.2378672172369238 1 299 3 351 2 276
1001 -0.95432147420906432 0.92319100332129511 4.9149272674066173 0 0 0 0.67072061252798254 1 323 19 249
1002 -0.46345115333249243 0.92737298559754078 4.9636643418944031 215 221 245 1.4198918801950211 4 62 2 296 47 222 6 59
1003 -1.4148132573026642 1.3053808565222675 6.1148304601933532 116 113 108 0.50507582702490639 3 287 2 301
1004 -1.1533596221224123 0.60039212651619467 5.0504757261494166 13 17 16 0.43567792585896958 1 363 3 417 2 327
1005 -0.90818691155519471 1.2582519014307492 5.064833694949721 2 4 4 0.16095074450203908 1 374 3 421 2 339
1006 -0.90818691155519471 1.2582519014307492 5.064833694949721 2 4 4 0.16095074450203908 1 375 3 422 2 340
1008 -0.82992690116415702 1.2632764082306822 5.0255558377719067 140 157 183 2.0893470413814144 4 376 6 403 1 383 2 346 47 575 4 388 45 640 6 413 5 385 13 502 3 428 7 468
1009 -0.36922616461959579 1.3114436380409824 4.9583800819193522 172 173 174 0.37433783775472618 3 133 2 99
1010 -0.68369018725115527 0.79102528948854167 4.9046286278349083 123 132 150 0.24137001675149769 1 145 19 47 2 128
1011 -0.246171073726552 1.0209394488846812 6.081278681303127 111 119 132 1.0840712197277376 3 209 2 160
1012 -0.1263108926188847 0.85209844749205021 5.3696812648437522 149 165 191 3.2233798292971674 5 243 2 181
1013 -0.022321537036555001 1.3085603737834393 5.1423022020161149 53 53 54 2.4878191725796759 1 272 3 137 2 245
1015 -0.12066779749463064 0.33715874361667553 5.4692526479198245 146 145 140 3.1922920487146893 7 13 8 19
1016 -0.12130021859715358 0.36811004063947694 5.3784008789792672 144 143 139 2.4291750402448153 7 146 8 25
1019 -0.39799027169986623 0.77159272089860265 4.9561471255001184 75 79 78 1.1706332651128428 7 178 8 85
1020 -1.1519211034670707 1.0903015167882577 5.072902837346386 14 19 31 1.2598336419550886 19 56 8 102 6 65 7 70
1021 -2.3801669016694595 1.5804822259056681 13.029402580155962 190 203 212 0.99441628391245729 7 62 8 108
1022 -0.32242135657347248 1.0163549494067239 4.821527010516335 206 206 194 3.0250892191144962 4 65 5 206 8 115
1023 -1.0731519732837653 1.2548607264093312 4.9629722223212021 121 117 116 1.7471554865478529 47 129 8 124
1025 0.36435198135792557 0.96312182712319183 3.6181131347384539 137 147 172 1.812712943223113 7 108 8 150
1026 -0.37690991677702812 1.310241032243795 4.9780229233802649 196 200 199 0.29030937907620086 7 110 8 157 9 102
1027 -0.37690991677702812 1.310241032243795 4.9780229233802649 196 200 199 0.29030937907620086 7 111 8 158 9 103
1029 -1.2712692261142273 1.5787429400543707 5.0999998064291976 115 116 110 1.6585245860341877 45 214 8 162
1031 -0.063492317118959238 1.4591028061649463 5.1504414936317344 102 119 149 1.9257097077759133 13 114 8 181 4 183 19 80
1032 -0.90504992985464061 0.26770484590570159 5.7365397218357002 0 0 0 0.20329626342575763 7 1 47 152
1033 -1.4162884166049736 0.72414508390321297 6.8958261472893883 9 9 7 0.12930290864104721 7 163 8 208
1034 -0.4526123094213812 0.79033682132529648 4.903455933216315 80 95 126 2.0783937945569675 7 56 8 224 47 289
1035 -1.2457120652033657 1.5848782700531887 5.1019783418221269 118 117 115 1.3493941481801155 45 482 8 257
1036 0.12501464003995358 1.253460092010553 5.8315351634495292 142 145 151 0.1558457429514962 7 194 9 105
1037 -0.11378796064831991 1.325824002275338 5.1067713650805366 11 13 20 0.019701633476429878 7 198 8 262
1038 -0.99475970907483235 1.6300509932764173 4.985588720075758 147 146 143 1.2241296122797829 7 206 8 268 9 114 10 231
1039 0.097878938556661632 1.3976147369885317 5.4840273258792527 123 125 131 1.3627815933164138 7 202 8 269 9 191
1042 -0.61769849057837589 0.60068329879481586 4.8915655337698469 34 34 34 1.799467803248981 7 167 8 285
1043 -1.1807822630801994 1.2887379655743412 4.9567928381064021 139 146 158 1.2503330107857995 7 352 8 312
1044 -0.085338574400024875 1.3271190133360362 5.0887824691775823 17 20 25 1.8733888732936599 7 199 8 334 10 433 11 230 12 277
1046 -0.15767658967407228 1.1434217258116302 4.9842120827714007 131 131 131 0.56055486324538906 7 318 8 379 9 275 10 470 11 258 12 314 14 137
1048 -0.16434577975738071 0.61332803237911315 4.9630653215538869 26 26 26 1.3752456607238963 7 371 8 402 10 492
1049 -0.12256109696167346 0.55975884059346592 1.2787869165958325 0 0 0 0.053699936645759921 13 251 19 52
1050 -2.3573335321284636 1.3635056869045623 9.4409130542811965 55 54 50 1.7055544401765155 7 60 8 408
1051 -1.1346616242582328 1.1174501917198432 4.9948118120824363 94 94 95 0.65473113380353654 5 287 8 412 9 301
1052 0.1071884550012288 0.87569948548289345 3.1451526637711429 203 197 183 1.663628961566616 7 384 8 414
1053 -0.3627757273466945 0.58214753121271412 5.0596838937212816 17 17 15 1.5097972698730064 13 410 11 294
1055 -0.75882643576533471 1.1614697477795319 4.9502304439016553 41 32 30 0.26459455059301085 7 383 13 423 8 449 9 342
1057 -0.3986237193852834 0.43537958576116098 5.1312435140125459 51 48 49 0.54569743955495187 7 410 8 478
1059 -0.45481477366734935 1.1077420865016661 4.9294115735010742 128 143 174 0.90806222989197782 7 451 8 521 9 404 10 575
1061 -0.50103962866439511 0.52553631666858724 5.2015501728198767 75 75 73 0.66139754382987681 7 462 8 536 9 432
1062 -0.1767144134539109 0.58795418569975488 4.9701691647715869 12 12 10 1.3187330064245013 7 449 8 537 9 433 10 613 11 388 12 464 14 425
1063 -1.1198640884742257 1.2953916927719145 4.9673296223391583 39 30 25 1.049364737700204 7 471 8 539 9 437 10 616 11 391 12 453 14 426
1065 -0.25424588375780821 1.3840237010383636 5.0290332151246417 0 0 0 0.90590809127367389 6 430 7 477
1067 -0.89023062398742014 0.51092016442351973 5.1453814178176289 73 73 71 1.1726796157133532 7 483 8 545 9 441
1069 0.011292915909650546 1.3583708022092915 5.1045499956440903 167 181 208 1.9452168710801125 7 495 9 450 10 628 12 465 14 434 28 353
1070 -1.1149888900471916 0.5514768639137434 5.0395377470668921 0 0 0 0.044431130689861355 45 245 47 184
1071 -0.30174131087844691 1.126312125404848 5.4232852022414013 137 154 182 2.2610048393192046 13 188 8 134
1072 0.014163532558744656 1.2936899674636924 4.142023753442742 53 58 78 1.2986964652146797 7 129 8 177
1073 -1.0875162265481639 1.2104219089085095 4.9577471390167505 101 115 142 2.7188017043867427 3 391 8 447
1074 -0.25668550045627325 0.23110869783762106 5.666481545265647 254 253 251 0.11543640393087691 8 10 44 4
1075 -0.59587645085732677 0.22539681079954121 5.776462233248326 155 151 140 0.89194196689026972 8 6 44 9
1078 -0.92949322319014061 0.34326975317000763 4.4618314352397777 127 124 119 2.0142163374057893 45 61 44 58
1079 -0.76228714305726752 0.33817363437127718 4.0802929320192529 131 128 122 0.31691999499847046 46 146 44 61
1080 -1.0443429677640086 0.28506256918391243 3.40124667678674 48 47 43 2.0910337793790981 47 48 44 71
1083 -0.68589232121085819 0.53571983931994893 5.0334588267027414 188 187 183 0.91807034590344705 46 149 44 92 48 261 43 208 40 181
1084 -0.6835077477455328 0.53666400876581233 5.0359115067862286 188 187 183 0.91992341995642668 45 71 47 49 44 93 48 262 43 209 40 182
1085 -0.16203552502986637 0.59763476686948447 4.8274799212384147 84 97 103 1.067273741752341 46 469 44 96
1086 -0.6040388632520185 0.58315518123076426 4.9802344881756362 39 38 36 1.2977597875765521 4 29 44 107
1088 -0.41535192292709666 1.0585358368317435 6.2407586839045033 0 0 0 0.29119905145933661 45 113 46 69
1090 -0.74207016856287455 0.79162394956836912 4.9084240763839864 134 149 177 0.84136759672859596 46 178 47 90 48 287
1091 5.7053725190798819 3.9350924005044279 17.661501291646328 60 65 83 2.2491396417323015 46 536 44 176
1092 -0.1779363478641236 1.2080373987239412 4.9254445897603771 70 71 76 0.68341277030170777 46 103 44 210 48 148
1093 -1.2026844667366965 1.0185295731126152 4.751433014748681 120 130 151 2.7532503356571709 46 208 48 157
1094 -1.0391660105006342 1.1020554845982904 4.9685272336925586 140 140 140 1.1907357414133983 47 103 44 219 45 154
1095 -1.0061748677141957 1.1427379622624434 4.9804868135818881 132 140 165 1.7492407485325385 45 177 44 227
1096 -1.0752775970267889 1.2428990269267415 4.9728468126589629 63 69 82 0.16902925675817759 45 187 47 128 44 241
1098 -0.13171486213194233 1.5493314589423264 5.3114690404652132 116 122 145 2.1319262964762027 45 411 44 247
1100 -0.60969146703597121 1.5899379873292419 5.0601850807892657 133 133 140 1.2018064282992054 45 221 44 258
1102 -0.58770069047068685 1.7067278665533181 5.3766962035686952 133 134 138 1.3595506386476743 45 220 48 229
1106 -0.15791860305376657 0.61037460157245071 4.9265919050225522 252 253 255 0.49847817532865579 46 165 44 300 48 256
1107 -0.63785428197565319 0.5959555937004305 4.9578997797432507 20 20 19 1.6103775424153595 8 203 44 319 11 31
1108 1.7031542014055723 2.3589467522041718 11.656845532998485 166 168 167 1.6977283788646997 46 75 44 347
1109 -1.0390186647424533 1.0992266445526224 5.0210693060018174 17 23 31 1.3039857258766272 45 152 44 374
1110 -0.206547375624063 1.2375714185725095 4.9315285783326681 163 157 164 0.14161433668329065 46 224 44 379
1112 0.031964085636994419 1.6188700225754795 5.2796872814311779 138 138 145 1.4544364923197821 45 218 44 402
1113 -0.37121667310511974 0.81188410570653391 4.8968012282051623 0 0 0 3.0958547061479513 45 126 46 346
1114 -0.86735363333634641 0.83081030975636894 4.8724674443297982 92 104 120 0.49229882783258305 46 350 44 445
1115 -0.8927919531394759 1.0262296198835814 4.8812622908780163 196 195 195 0.62166896518846493 46 360 44 462 48 510
1116 -0.68951523386752378 1.1599331240222552 4.9475748412268246 146 159 185 0.12997530141750246 45 393 46 218 44 469
1119 -1.061063500067764 1.3321630966943392 4.9334643970509893 198 195 190 0.14057768611894203 46 233 44 491 48 536
1121 -0.58747662902738584 0.50158979692602046 5.1074475788315956 100 99 95 0.22461008163115501 47 357 44 506
1123 0.066144745959443252 0.71351180433110439 5.8709541520423878 29 29 27 1.6129244481068197 46 329 44 512
1124 -0.62481334867530691 0.77717050009614697 4.8786198245855905 121 124 135 1.0989383211030015 46 271 44 525 48 408
1125 -0.89177521854110731 0.78982411585990253 4.9238319553987369 55 55 53 0.054660179929926639 46 429 44 531
1126 -0.91236086057090615 0.80219517671491558 4.9007917837310542 250 254 253 1.4254473426532563 46 347 44 532 48 297
1127 -0.91290094916320064 0.79933925830514141 4.8992188335716786 250 254 253 0.57412395274154848 46 348 44 533
1128 -0.22124824965429407 1.1625704399738617 4.9765873234964157 32 33 43 0.63266519001367227 46 370 44 543
1132 -1.2677602463300883 0.60514871633347722 3.1525700246326815 25 25 26 0.46118038489570468 46 371 44 591
1133 -0.72408728128744082 1.1045346899965807 4.9417150253444024 141 149 177 0.72302102978803751 46 444 44 595 48 515
1134 -0.17335335295844093 1.9232207492865885 6.9386205955004909 6 6 8 0.78505939952030546 47 447 44 604
1135 -0.18460405149592657 1.6065096035254873 5.0963488994702999 138 137 142 1.0280977970466765 48 635 43 286
1136 -0.56553658409135354 0.31331402619264925 5.3652023756272982 37 36 32 0.95756644682127856 46 493 44 623
1137 -0.54067508636290795 1.1908203192999591 4.9589701485572544 154 165 192 0.85295101258500328 8 420 44 642 48 629
1138 -0.2563280081586915 0.53595212918513935 4.9829184993710474 94 92 90 0.96942040145679487 46 495 44 657
1139 -0.5201619532433599 1.1550012170139348 4.9463255944288722 23 20 18 0.11716997832191858 19 316 46 512 44 670 43 482 40 466
1141 1.6623086317816738 2.379114095687052 11.796135628477259 19 19 17 0.42772706669277372 46 533 44 699
1142 -1.1321865971279628 1.1479218082593929 5.0156489477551132 140 136 133 0.88888597771595868 46 513 44 706 48 672
1145 -1.2474339968392469 0.68972106448353554 4.9630105076422124 64 68 71 0.87916831574389265 44 717 48 692 40 536 37 614
1148 -0.036504794129829973 0.62689990089594139 5.8625398050664517 100 99 97 1.2615328065569162 46 559 48 730
1151 -0.4153389939141221 0.49039259860777756 5.1041924026033989 97 96 92 2.0663445749308074 46 588 44 760 48 744
1153 -1.3070850820782085 1.4110677905872038 5.2465228596790761 126 129 134 2.3958436105951932 45 298 44 565
1155 -0.36947883786949121 0.94930717305984758 4.7916470016219419 73 53 44 0.92661523768895504 46 566 44 732 48 718
1156 -0.28261535683184102 1.2416415937687635 4.9947697864052785 153 168 194 1.2057692685758736 6 415 44 737
1161 -1.9357520583420949 0.11154472766160083 2.6868064276760943 107 106 104 1.5445765240979212 44 68 48 29
1162 -1.0189774006151733 0.091390522983394271 2.6095982292239026 0 0 0 0.26207589684550758 46 323 47 175
1163 -1.4170736945337017 0.2146559963442583 3.392940917919784 99 97 98 0.11572502632241602 46 20 48 40
1165 -0.23049475482180543 0.59319441014589946 4.8942080890587158 44 44 44 0.89152965848575383 46 36 48 57
1166 -1.008489252107464 0.49234897313696036 4.2915964585227151 80 80 80 2.612006542969556 44 124 48 68
1168 -1.1418586362597491 0.54799434329743368 5.0546546753847705 57 56 54 0.35560432002949538 44 320 48 81
1169 -0.73359240258131986 0.67740272063509988 5.2517895162863395 57 57 55 1.4172777158217493 44 137 48 88
1171 -0.36974613227127484 0.83743337883712421 4.8000504239735724 19 24 26 1.5162075487902373 44 344 48 114
1173 1.2433617761823432 2.9231246929974994 12.116675240299173 48 54 51 2.4545204537650829 47 102 48 181
1174 -1.120394172812136 1.2625586116732632 4.9960487040687909 100 95 98 1.2269203100822668 44 398 48 197
1175 1.6974610796839595 3.3212121512381838 12.155398062642274 34 33 34 0.24280736198301128 46 219 48 209
1176 -0.1642174631335567 1.081495682689763 4.907735091008445 142 142 140 0.14372702175513632 44 360 48 305
1177 -0.46032455049685983 1.607172468118522 4.9981525272625129 236 235 231 0.74515717105631851 44 494 48 360 43 293 40 249 37 276
1178 -0.46032455049685983 1.607172468118522 4.9981525272625129 236 235 231 0.74515717105631851 44 495 48 361 43 294 40 250 37 277
1179 -0.20024303824749909 0.51972682860240105 4.9637892056375588 179 178 176 1.5691832208853298 46 243 48 375
1180 -0.45818351737693386 0.81783870012277438 4.8901088978278802 44 48 53 1.3229188559225575 44 439 48 411 43 444 40 422
1182 -1.06486412678592 1.1788093337501671 5.0171044978038699 159 155 153 0.71853383666099102 44 477 48 469
1183 -0.92821508842777378 1.3309611156713521 5.0249763319194178 65 66 70 0.058318478385127687 44 490 48 474
1186 -0.35684793432009698 1.009040535229345 4.8731565927541025 0 0 0 0.11126762815934098 45 379 47 305
1187 -0.24093195038451889 1.269696610161976 4.9478764018490669 140 144 153 1.6304000816910356 44 550 48 518
1188 -1.0393148326867592 1.1913948648685067 5.02574008615343 90 90 94 0.91804354213590655 44 557 48 530
1189 -1.1632851725444022 1.3282843379103475 4.9610081335745262 206 203 197 2.2882012478677054 44 607 48 537 40 395
1190 -0.62560577347109469 1.5797201976070767 5.0634285388156295 142 143 154 1.022849231158018 44 614 48 540 43 355 40 143
1191 -1.1749115419353926 0.25879706694926036 5.8291573020239724 106 106 102 3.0451579745182706 44 569 48 546
1193 -0.19448216450375094 1.1243642819014736 4.9477451231024574 74 73 71 0.8587075638955588 44 639 48 578
1195 -0.25329181651153021 1.5704895392461291 5.0587683775972661 239 237 230 1.0479478571191125 48 593 43 285 40 244
1197 -1.2999301424899765 1.314719254293329 5.0793489162548164 21 25 27 0.12589687626655205 44 606 37 517
1198 -0.94958130695974308 0.5091638586203423 5.137864718283784 99 98 94 0.73647528370124105 44 660 48 609 43 506
1199 -0.60467152874801133 0.77161138382650418 4.8828066769432787 106 114 127 1.7443120025240884 47 496 48 612
1200 -0.9346467427332894 1.202149226395764 4.9820351761389725 27 23 24 1.5864595531308789 44 644 43 521
1201 -0.38794732902732776 1.5790271108652087 5.0527609832809528 146 146 158 1.2902756776473976 44 613 48 636 43 418 40 321 37 366
1202 -0.56986084552155281 1.5803203093898144 5.058154394985948 145 143 156 0.84960565748045824 44 647 48 637 43 461 40 438 37 512
1204 -0.94466703915519712 0.89669929438231122 4.861268138748315 179 173 157 1.8766940646569208 44 666 48 649
1205 -0.52419014156735 1.0904045766929988 4.9318374965806608 31 21 20 0.47393175714043362 44 668 48 655 43 479
1206 -0.22175135475020727 1.228140311060788 4.9430776942517607 38 36 40 0.56565053142436561 44 671 48 657
1207 -0.210385825863911 1.5918343841706293 5.9198784996281768 25 21 22 0.82226416978071537 45 522 48 673
1208 -0.75651295390601536 1.3392299308834994 4.9804533075057691 175 177 191 0.16347679740744436 44 684 48 676
1209 -0.74829144787444901 0.47143629179690077 5.1835623516748157 29 26 21 2.4329576618415918 48 683 43 505 40 505 37 533
1210 3.3591966274040512 1.5252769397934713 13.545730170953666 28 27 23 1.1550275201454614 44 691 48 689
1211 -0.52988904409978499 1.3254220281935498 4.943270419368945 211 210 207 0.10004777726215361 44 707 48 697
1212 -0.47594522796086058 1.5766826578974555 5.0183504261638534 145 146 160 1.1449893303142047 48 698 43 539 40 540 37 587
1213 -0.16689796331256732 1.6004703808136873 5.0214779026147349 150 151 156 0.95140079897511742 44 724 48 710 43 562 40 564 37 620
1215 -0.92449885547424437 0.9609369929983399 4.7856327223958841 71 52 41 0.85921116304039369 44 734 48 720 43 593
1216 -0.92171749753823495 1.1899186217869593 4.9783376597414852 27 26 24 1.8670642235727655 44 741 48 722 43 585
1217 -0.0014480936571753399 1.5220299279820579 5.1646794794873854 155 157 168 1.0422682447184421 44 742 48 725 46 585
1218 1.2441606642008687 3.8366255491287085 12.492420575195624 0 0 0 1.5031372921462656 44 743 45 635
1220 -0.93257525663827512 0.58613463791083875 4.8476090405558097 48 47 46 0.52367700512339477 44 747 48 737
1221 -0.97006329899015331 0.91648384675418748 4.878316057674728 178 172 158 1.4240017409124233 48 738 43 592 40 580
1222 -0.85728121900864873 1.3398212312497189 4.9321446779103031 198 197 197 0.25657106850786493 44 769 48 741
1223 -1.0957779312272036 1.3096425248172539 4.992196250474497 33 22 20 0.74004216329176098 44 752 48 742
1224 -0.39565309431119267 0.79861600390300136 4.871402917154712 44 46 43 1.2936464366944047 44 764 48 749 43 605 40 587
1225 -0.6722848165461387 0.79853281051265335 4.9022108331337364 147 154 172 0.76373582314019117 44 765 48 750 43 589
1226 -0.98288686102340939 0.80253508239473037 4.8618902143912583 24 23 20 1.6875550969173159 44 731 48 751 43 606 40 593
1227 -0.1828534508982308 0.63965028734193752 4.8473541801586002 0 0 0 0.54928134158919095 44 114 46 58
1228 -0.63492444551082117 0.7328873430210574 5.9121572700173246 39 40 35 0.648503973650985 44 130 48 89
1229 -0.0037202778775450264 1.4001025080490737 5.1275781188085796 198 196 199 1.7563316250022776 44 479 48 161
1230 -0.22619529585013137 1.5669223946886444 5.3613999563610983 128 133 155 1.876382457993395 44 401 48 191
1231 -0.34670444379401111 1.6596198423900539 5.5757231976144812 126 131 153 2.8137601152578759 46 235 48 216
1232 -0.08385353120356677 0.61391466874931389 5.2438563345528246 59 58 54 0.23842118161816175 44 508 48 382
1233 -1.1907751846245842 0.34928131826187359 5.7659868752323655 20 28 31 0.29441596549329779 43 211 40 60 48 489
1234 -0.76889082710420131 0.45493039459771123 5.1435152527291983 29 26 21 0.98683597950634661 44 713 48 684
1235 -0.64775382649284907 0.77861527071299597 4.8913765955358857 88 94 103 2.4898203039897941 46 274 13 51 19 43 3 172 1 139 2 122 48 413 4 146 8 78 44 338 1 140 3 170 5 134 43 240
1236 -1.2494669722566174 1.5809653975706237 5.073852288178335 163 162 154 1.0305488238336049 4 98 45 412 47 331 7 122
1237 -1.3359066048187658 1.3049133731910507 5.1826656266777968 69 66 57 1.2944551758675218 13 275 19 205 7 186 1 294 3 122 2 96
1238 -0.37113653224111798 0.27452028098569198 5.7680754350296128 14 16 15 0.80895324158702764 8 12 9 3 10 285
1240 -0.12436304256387633 0.52128642127691704 4.9243248852907691 202 202 200 0.37019659065523014 8 57 9 33
1241 -0.17179250982640934 0.52927841741036907 5.0036456205051492 202 202 200 0.12236365084237286 7 162 9 34
1242 -0.13493566995164094 0.59144197744621374 5.1241509531818563 0 2 11 0.85598032833120952 8 220 9 36
1243 -0.95888405900830431 0.96802540569639872 4.7577459071302561 15 15 18 0.78942347945642299 13 170 9 57
1245 0.086959949919590607 0.94147586117057325 6.2144799783926343 187 187 186 0.13816949345149743 9 73 10 420
1251 -1.051491620676448 1.6095606999176237 5.0121711169321053 116 116 114 0.16138141599710776 8 172 9 111
1253 -0.96655020140133374 0.24925531351449626 5.8091223545985917 22 22 20 0.1203781757576942 8 1 9 120 10 367
1254 -0.96655020140133374 0.24925531351449626 5.8091223545985917 22 22 20 0.1203781757576942 8 2 9 121 10 368
1256 -0.092627382772935418 0.33259529523928333 5.7498365120012949 34 46 53 0.011052629395438402 8 279 9 133
1258 -1.1950137406211909 0.64557600378857083 4.9851991533710613 9 14 18 0.76713344676914441 8 193 9 135 10 288 11 138 12 228 14 231 28 151
1261 -1.089413960108192 1.6030074976694904 5.0497171228967517 212 212 210 0.6001096023663911 8 168 9 185 10 212
1262 -1.2014037319164517 0.29397432387397043 5.8303700214327128 12 14 13 0.62266314135295531 8 272 9 195 10 3
1263 -0.15491468704856232 0.54078003258630669 5.0061773687818176 59 59 57 0.22523923339774612 8 287 9 206 10 387
1264 -1.1256998925598507 1.1302313197091458 5.0094376172754451 84 83 81 0.37715324304743464 8 303 9 218 10 399
1265 -1.0842496187592596 1.1638166079355969 5.0149825624581617 119 119 118 0.35979622918717807 8 307 9 220 10 402
1266 -0.77182802689591101 1.1456742618345415 4.9582813800296073 20 23 29 0.43529755453562718 8 309 9 223 10 405 11 165 12 188
1267 -1.0487039989974258 1.2639921994682988 5.0011629857281052 103 117 144 1.3477279324211806 8 370 9 225
1268 -0.15611798045286115 1.2393044181591952 5.0137551642058025 117 132 152 1.105310224397263 8 155 11 285 12 356 14 275
1270 0.12447355488996199 1.3706283863635123 5.5687845665730613 245 244 239 1.7824404432872614 8 336 9 242 10 481 12 325 14 290 28 204
1271 -0.10642240339224639 0.2659255080830446 5.9266821659246496 39 48 58 0.69839977061311276 8 394 9 245 10 449 11 239 12 288 14 240
1272 -0.38121944595598645 0.77209502772012673 4.8844529615277326 18 19 21 0.59925498410461231 8 354 9 259 10 394
1273 0.024557462265148065 1.0601965289218513 6.3130002029475429 117 121 120 1.4179598164401637 8 130 9 270 10 199 11 282
1274 -0.89553982713509461 1.3372213722027939 5.0217659032013406 99 99 102 0.41527621042053064 8 378 9 273 10 466 11 253 12 311
1277 -0.35719510101332697 1.3273882409579798 5.0173122665358134 126 126 125 0.41065529456851041 8 386 9 284 10 472
1278 -0.13010383407044637 1.3215012930885643 4.9678498344283781 179 176 167 0.62400909691357498 8 389 9 287 10 479
1280 -1.0805926951341955 1.3164190450772197 5.0636853221108398 139 150 171 1.8558351334676206 8 418 9 306 10 504 11 307
1281 -0.19777423922500628 0.24240637433692031 5.8124428224086646 37 37 35 1.4002453580515644 8 433 9 324 10 486 11 235 14 161 10 52
1282 -0.52995176527008014 0.45984318453338674 5.1410109642169806 17 17 15 0.80450476220085965 8 476 9 328
1284 -0.28757490274120467 0.83627121884214228 4.8797763949114072 48 49 44 0.10326005095525648 8 406 9 335
1285 -1.0710555240361015 1.2640251345618949 4.9912444308485133 33 29 30 1.3685427806571253 8 451 9 343 10 574 11 337
1286 -0.33923965164909253 1.2572954189250982 4.9691513255131463 209 207 195 1.5656631708878734 8 465 9 355 10 551
1287 -0.080281560557021514 0.36305675595638437 5.7279458384127278 220 237 246 0.9669097549565896 8 480 9 365 10 590 11 358 12 415
1288 -1.1925976010035744 1.2294685034502253 5.0785659297109085 111 125 151 1.2114284485997704 8 503 9 374 10 570
1289 -1.1814457815806392 1.2291406271098608 5.0644983695830845 111 125 151 1.7902871787491124 8 504 9 375 10 571 11 299
1291 -0.60095061746931122 0.27271029496913896 5.9061637011150765 13 14 9 1.5881116225636109 8 531 10 585 11 351
1292 -0.86378494454939303 0.27478008713376573 5.8660216409048829 8 8 8 1.6502514080250765 8 530 9 412 10 558 11 325 12 389 14 365
1294 -0.35865745442579233 1.192401801554194 4.9686102491435582 18 18 16 1.6221414626415409 8 524 9 422 10 605
1295 -0.35865745442579233 1.192401801554194 4.9686102491435582 18 18 16 1.6221414626415409 8 525 9 423 10 606
1296 0.050258385781485865 1.2417599253185247 5.5653608247051309 176 187 197 0.57030992891159837 8 512 9 424 10 608
1297 -0.76042182485148979 0.52865247367469093 5.1342885870389772 67 65 66 0.33376587369738159 8 534 9 430
1298 -1.1148637430923214 1.1106829304367092 4.9360207673960144 54 55 58 1.6069681265314464 8 548 9 436
1299 -0.2343947626997793 1.3700692897142537 4.9473119302884028 155 169 195 0.95562803802565577 7 476 8 541 9 439
1300 0.056547347588809922 1.3604433872516672 5.5282067295858903 12 13 15 1.0069282521546483 8 528 9 440 10 623 11 398 12 461 14 435 28 363
1301 -0.15871044020947689 1.5172583368171515 5.2202689950372383 0 0 0 1.8394617470910064 8 553 9 452
1302 -0.35351509076280407 0.89155365943985121 4.8229344452137095 75 75 73 0.1104676293908087 8 101 9 64
1304 -0.52995176527008303 0.45984318453338713 5.141010964216985 17 17 15 0.80450476220086298 8 477 9 329
1305 -0.18184796370121706 1.154541591869958 4.9778444334681815 32 32 30 0.30970524003960115 8 493 9 381 10 578
1306 -1.0911841871492594 0.28222620632514922 5.768018423324186 6 7 9 0.3040434585842689 8 514 9 410 10 584
1307 -1.4531324658346541 0.3837567570190808 7.5298209719102207 0 0 0 0.20756784749489554 7 359 8 533
1308 -0.33283749626268 0.27426928499566539 5.862608678793948 9 11 10 1.6475951985974531 8 544 9 426 11 387 10 611 14 419 12 412
1311 -1.0488947817567442 0.64748275998581117 5.033666758444781 21 23 22 0.45347448856342093 9 23 11 142
1312 -0.99275471350901323 1.0405872313241806 4.8186521956713406 17 24 33 0.60144961539806541 9 61 10 168
1313 -1.0896171099054079 1.2469349781841348 4.9533573409529739 255 253 250 0.15240837029549786 9 75 10 178 11 162 12 186
1314 -0.18480177026135158 1.1314213532995481 4.9673785535011543 40 39 37 0.13582003405867504 8 145 10 198
1315 -1.2258780033099586 1.549281431452298 5.3105484679885793 118 121 137 0.42789480284444781 9 182 10 200
1316 -0.11139788953433126 1.1357965905436089 4.977803582173598 38 43 50 0.23412841460962894 9 181 10 206
1318 -0.15107774443440161 1.2211017044874488 4.9234277737143577 254 253 248 0.62312823144034368 9 97 10 211 11 174 12 208
1319 -0.12969588836613166 1.2314873660352872 4.9274524099704342 127 122 119 0.4311544759645059 9 98 10 221 11 93
1320 -0.12956356719475481 1.2306100249110041 4.9267717285189168 127 122 119 0.38357901619357082 9 99 10 222
1322 -1.1511345068446848 1.6967001157155284 5.2342282072901805 226 223 221 0.7224621860753031 9 387 12 91
1324 -0.056033539157026607 1.3251176887846514 5.2216772037765224 249 253 255 0.26742453688654338 9 188 10 241 11 107 12 106
1325 -0.47656147299514962 1.597381866397239 4.9985792239192106 127 125 125 0.088000632843365206 9 118 10 255 11 114 12 114
1326 -0.47656147299514962 1.597381866397239 4.9985792239192106 127 125 125 0.088000632843365206 9 119 10 256 11 115 12 115
1327 -0.16950195415870453 1.4987410542573463 5.19075046072295 164 176 200 0.94840062002490133 9 193 11 123
1328 -0.84176791662696226 0.59457979057696397 4.8972655804654561 38 38 36 2.1312595019939828 9 137 10 292
1330 -0.080988330643643955 0.85208728602205552 6.2775541985842676 177 189 205 0.92661047097261307 9 165 10 324
1331 -1.0728119396381843 1.3035940814140012 5.0007582568964235 26 26 24 0.80240000586188276 9 79 10 329
1332 -1.0630884670248779 1.3066280010445461 4.9730725777683409 132 131 128 0.44573553278264899 9 82 10 330
1333 -1.0630884670248779 1.3066280010445461 4.9730725777683409 132 131 128 0.44573553278264899 9 83 10 331
1334 -0.54981565092308105 1.2208563917696829 4.9653714443154344 152 166 183 0.048948290309148192 9 179 10 340
1335 -0.19298732542003511 1.0967297896484192 4.9860329391820137 134 134 132 2.6647942577453558 9 227 10 341 12 199
1336 -0.10073459515043716 1.4797992931221342 5.2511250596911641 118 133 166 1.7902786702548323 8 338 10 363
1338 -0.57157354742614475 0.22228382784997058 5.8183963570948212 84 84 81 0.65293172839552516 9 126 10 369 11 232
1339 -0.30153825961572023 0.21835648536032215 5.7812030365474207 85 87 86 0.12495220492301765 9 128 10 376
1341 0.049648461499078499 0.81306054509764225 6.2331506280654612 186 196 199 1.5081989565253358 9 217 10 407 11 214
1342 -1.1147860248651458 1.3555061757649072 5.0465089469971014 162 160 155 0.47863359891228119 9 272 10 412
1343 -0.11500476464031219 1.2997342270607404 4.9688092633349994 17 16 20 0.67588813225569866 9 240 10 432
1344 -0.081004798711783288 1.3261221220545383 5.083399871013194 16 19 26 1.6959020773821496 8 335 10 434 12 278
1345 -0.68524137691137343 0.60901714491666248 4.9658639819456543 171 171 173 0.17747129481602 9 249 10 451 11 241 12 233
1346 -0.15783977527757645 1.1432255459349647 4.9843584341147418 129 128 127 0.53845709394513641 9 276 10 471 11 259 12 315 14 138
1348 -0.77270745265073826 0.25307627808102628 5.8614398589757402 23 23 21 0.72774146156195707 9 291 11 185
1349 -1.2978642790515373 1.4797347338608013 5.1982333884358125 112 111 111 1.557669608476653 9 352 10 508 11 252
1350 -0.54300463377482477 1.1959913252542154 4.9611981383703787 142 158 186 0.28148064116976823 8 419 10 509 11 254 12 262 14 125
1351 -0.76128301656780073 1.2269203278270848 4.9742105129257865 41 40 34 0.2457662432097602 9 347 10 540 11 309 12 344
1352 -0.11524115214284375 1.27878793164292 5.0033489900705996 151 166 192 0.50119306568740296 9 357 10 553 11 321
1353 -0.14641568791728746 1.5761540574954032 5.0046776381563838 133 135 147 0.35031938756774472 9 362 10 556
1354 -1.2272508737710965 0.66284310678549407 4.9814033563441686 185 203 217 0.59612040331885596 9 366 10 562 11 326
1355 -1.1982999029596582 1.62230978369053 5.0362206038295634 119 117 122 0.29154278119345045 9 386 10 580 11 342 12 403
1356 -1.0566766673872805 1.6483304056461221 4.9588475876687408 117 119 120 0.64534447750912927 9 388 10 581 11 345 12 405 14 391 28 326
1357 -0.22854407562010634 1.6043876057930146 5.0016283039630745 133 134 142 0.88222066143133349 9 389 10 582 11 347 12 436 14 415 28 342
1358 -0.22854407562010634 1.6043876057930146 5.0016283039630745 133 134 142 0.88222066143133349 9 390 10 583 11 348 12 437 14 416 28 343
1359 -0.31168170876447776 0.4561279293620597 5.2073674761071285 19 18 16 0.64929264905313655 9 394 10 588 11 355
1360 -0.31168170876447776 0.4561279293620597 5.2073674761071285 19 18 16 0.64929264905313655 9 395 10 589 11 356
1361 -0.17051507185653164 0.60093993960136316 5.2350181998102823 211 229 242 2.1858890264765773 9 396 10 591 47 58
1362 -0.46939071194079807 1.6309294933822343 4.9340398449789733 128 128 136 0.24657344899551048 9 408 10 598 11 365 12 434 14 413 28 340
1363 -0.46939071194079807 1.6309294933822343 4.9340398449789733 128 128 136 0.24657344899551048 9 409 10 599 11 366 12 435 14 414 28 341
1365 -0.4185240404723547 1.5039473170119819 5.011458197760323 124 130 146 1.5627420825430896 9 451 10 632 11 401
1369 -0.14998215784644767 1.4957167593434824 5.2475490580898132 28 32 45 1.4673956993903103 4 356 6 360 19 329 7 431 8 472 9 319 10 482 11 181 5 375
1371 -0.76040387802793263 0.56525150813609071 5.0083183428445421 52 52 50 0.98769169135820167 8 35 11 19
1372 -0.51467047482016248 0.61316748531137699 4.9284445662181717 15 15 12 0.93497037698685093 8 206 11 41
1375 -1.2776756190059673 1.2798053903038502 5.0774681899924889 223 223 209 0.689868866077051 10 177 11 66 12 61
1376 -1.2320844031878224 1.596807282036834 5.1055432839258019 222 219 213 0.21263362471950842 10 346 11 90 12 78
1377 -1.2320844031878224 1.596807282036834 5.1055432839258019 222 219 213 0.21263362471950842 10 347 11 91 12 79
1378 -0.10757137056943068 1.2593735598012978 4.9313259453802534 175 173 169 0.12390396083652237 10 229 11 97 12 95
1380 -0.094985139306723754 1.3371766440997288 5.0712412613558886 176 174 161 1.388013521148092 9 110 10 358 11 106
1382 0.10641322919559659 1.2489360409923806 5.9148626296203863 122 121 125 1.2114894543038879 10 478 11 109 12 111
1383 -0.58847164540436947 1.5879369402522936 5.0555970814620279 124 124 125 0.56165766003271356 10 360 11 112 12 218 14 73 28 136
1384 0.13252010732660999 1.3141430359579795 5.6655465147263833 145 148 153 1.5692428540047128 10 249 11 116 14 228 12 118
1385 -0.46215643352851576 1.6030145893490964 4.9853565527836095 234 233 235 0.19289713654832097 10 259 11 119 12 116
1386 -0.46215643352851576 1.6030145893490964 4.9853565527836095 234 233 235 0.19289713654832097 10 260 11 120 12 117
1387 -0.25511945347517706 1.5754898719056818 5.0539735208813683 238 238 238 0.35126614415036483 10 365 11 126 12 126
1388 -0.25744290806928083 1.5766977729232734 5.0559322023371127 238 238 238 0.30376631304145485 10 366 11 127 12 127 10 439
1389 -0.39653988662850748 0.89552160264316905 4.8144996943069129 159 164 176 0.47897085812593504 10 321 11 159 12 253 14 254
1390 -1.082447925457088 1.2442572017924922 4.9474988609169879 247 246 242 0.20852343329708667 10 179 11 163 12 187 14 179
1391 -0.75348185995514572 1.1210345978156073 4.9307189798018598 136 145 171 0.97294623675196357 10 404 11 164 12 304
1392 -0.18942183585532352 1.12523604729202 4.9577832112613169 143 143 141 0.19664155194111346 10 342 11 172 12 203
1393 -0.43891756990562614 1.6068650665851352 4.9912314417821113 228 228 226 0.31411415806550524 10 362 11 180 12 280
1394 -0.14633618935869064 1.5653860876640053 5.0560256994754411 240 240 238 0.51012697909595228 10 440 11 183 12 283
1396 -0.42303626311892362 0.24324595688224648 5.7959347938044834 22 22 22 0.9077257306608536 10 374 11 189 12 329
1398 -0.736687961687991 1.2535453570995887 4.9848872311084609 157 165 181 0.47963979148571473 10 465 11 217 12 261
1399 -0.19555751239676816 1.1084362351221826 4.9603376983218705 108 108 106 0.17084497038712865 10 424 11 218 12 265
1401 -0.0034013654889982299 1.2280828891802302 5.5644346220874281 221 218 213 1.5763376616186537 10 475 11 227
1404 -0.685447645385726 0.60860298211774477 4.9658370959872222 162 161 159 0.083609239395787377 10 452 11 242 12 234 14 158
1405 -0.34649907625207421 1.021926570006521 4.8816784691516153 29 31 28 0.88440612263309193 11 249 12 256
1406 -0.54303531614755096 1.1279102069666114 4.9427024084468254 134 148 182 0.42420265503982202 10 505 11 251 12 308 14 184
1407 -0.11408458764727465 1.2923994715125313 5.6153076663277322 218 213 208 1.1404651853925967 11 262 12 321
1409 -0.023700387635033744 1.3374756003648478 5.1562585083294685 214 211 205 1.4232675128711383 10 517 11 286 12 358 14 329
1410 -0.051057457291617349 1.4617114148672428 5.3305965403943363 45 57 73 0.96670365609957065 10 483 11 289 12 362 14 400 12 410 28 328
1411 -0.24295628978220413 0.56639366576300376 4.984196139993335 0 0 0 0.2568246170533412 8 438 9 331
1413 0.075328339110138656 0.91028430776368985 6.2659598804584693 244 241 226 1.3852791125613599 10 543 11 312 12 379
1414 -0.32635272894507339 1.1554123569598276 4.9836066105667349 146 162 188 1.0084637334680036 11 315 12 349
1415 -0.30338572773962846 1.267403785954323 4.9528371075442239 206 201 190 1.3225504751460733 10 597 11 320 12 355 14 139
1416 -0.08474452308504439 0.26738542470758148 5.9569782309989137 222 242 251 1.0223293518703829 10 565 11 329 12 391 14 344
1417 -0.32605336794753925 1.0483011103760811 4.9032749074071331 197 196 178 0.78346231535395028 11 361 12 428
1418 -0.87271180108006885 0.97593197381694397 4.9038079720827188 188 186 171 1.7520091813799121 11 378 12 446
1419 -0.14163991185196065 1.1237100850132586 4.9615907794083238 96 98 97 0.72510747461511027 10 619 11 382 12 450
1420 -0.14426285933234109 1.3538605395386254 4.9784960212690486 156 167 189 1.6414588656428191 10 610 11 383 12 451
1421 -1.127688656035845 1.2966928276051102 4.9731575654651552 43 32 28 0.2629433463836307 10 617 11 392 12 454 14 427
1422 -0.17451629949094999 1.277245221273938 4.9285409180736375 50 36 31 0.8424542968481612 10 621 11 395 12 459
1423 -0.91648012132257561 0.29921757398033871 5.8799297387705387 38 40 39 0.23053148822792968 10 10 11 4
1424 -0.52904573285225698 1.1408906359604849 4.9488919517970018 18 23 30 0.17347673711804623 10 414 11 216 12 260
1425 -0.037178744811412479 1.2557992324295528 5.5853476502481199 51 52 56 1.7049020894707991 10 476 11 229
1427 -0.54692604872530959 0.72845120475621739 7.1673803853296034 48 50 45 1.8759193984124807 10 162 12 46 14 45 28 122
1428 -0.49325438587592163 0.70273431866953218 7.1164750374724868 48 50 45 1.4649528923537012 10 160 12 47 14 44
1429 -0.36561644540326033 0.84751623542997623 4.8086994774490268 253 253 253 0.43956852874316243 11 63 12 51
1430 -0.2046691159821297 1.0626290191749528 4.967948992053584 17 23 36 0.57115352846172773 11 80 12 73
1431 -1.2542558311110579 1.5856907608728315 5.1162069070431269 109 110 102 0.34936979294436593 10 205 12 74 14 61
1433 -0.10522895700972419 1.2756130588926868 4.9348005863242683 186 179 176 0.40924685515356785 11 100 12 97
1434 -0.10522895700972419 1.2756130588926868 4.9348005863242683 186 179 176 0.40924685515356785 11 99 12 98
1435 -0.74090154188009927 1.591051646782415 5.0611345325503212 229 227 217 0.13250372545881339 10 238 12 100
1437 -0.061950844813915613 1.3204225834396455 5.1926304366320091 145 158 180 0.64223763582808424 11 105 12 105 14 147
1438 -0.042172701820956567 1.3184028542939625 5.2088190035716107 249 253 255 0.094243308536368947 11 108 12 107
1439 -0.047071686076752738 1.3283541062328563 5.1973733073406292 18 22 28 1.1287618754748874 11 179 12 109 14 289
1440 -0.54143850607772548 1.5809105367812066 5.0546844596462819 130 131 136 0.037775789014383644 10 250 12 112
1442 -0.34784328564455447 1.5749520756560793 5.0504773714418425 234 234 230 0.13091818137392 10 262 12 121
1444 -1.2755807212691925 0.92157546406852886 4.997915130772542 200 197 180 2.1282262989754921 11 245 12 155
1445 -0.77214017763527909 1.1457230621854855 4.9587130135895157 22 25 35 0.25251214187234466 10 406 12 189 9 224
1447 -0.53938049553873868 1.3025437968477549 4.9784900840644752 168 176 197 0.53612797389893752 11 220 12 204
1449 -0.14598098621210118 1.3214083325761796 4.9809883045904444 190 191 186 1.0419350434036061 11 264 12 216 14 358
1450 -0.93741958780349055 0.88280279182191168 4.8413262118616354 2 3 6 0.39758633785077796 11 247 12 239 14 107
1451 -0.39374874723321174 0.89513250049187276 4.8129710961263621 152 160 181 0.34399530104949788 11 160 12 254 14 255
1452 -0.75212292185389196 1.1940218682607748 4.9779399363464965 152 161 176 0.44504703182343991 11 250 12 255 14 183
1453 -0.52904573285225709 1.1408906359604851 4.9488919517970018 15 19 29 0.17347673711801126 10 413 11 215 12 259
1454 -0.17384741433338124 1.2160542942678254 4.9315408272859038 56 53 58 0.086392685367929503 11 224 12 272 14 142
1455 0.011940316886702147 1.2919467538335796 5.2155235767413695 18 20 26 0.63691506818248478 10 355 12 279
1456 -0.48339595875222552 1.6011068509498927 5.021971942218463 130 133 142 0.51851554359520358 11 287 12 359 14 328 28 281
1457 0.056211281447162087 1.3894289495204051 5.507695194206657 104 108 119 0.83844940693108616 11 288 12 361 14 332 10 518 28 256
1458 -0.449337590139681 1.1674256606890934 4.9372892761885989 151 163 185 0.44290219066009617 11 338 12 377
1459 -0.43057110998710635 1.2791864137916986 4.9696334575672054 162 178 194 0.25806360631533376 11 341 12 383 10 579
1460 -0.0060565651799504338 1.0571610534713201 6.2868067682189182 196 204 217 2.237339106824082 10 512 12 384 14 356
1461 -0.47824588423706382 1.5983480684842757 5.0207601369121351 130 134 144 0.5491634064656874 11 322 12 385 28 280
1462 -1.0939521792897355 0.28408390193274791 5.7898575947336113 5 7 6 0.071196331125704948 11 324 14 363
1463 -0.37811250210531289 0.98653051735931296 4.8247889803941 124 140 165 1.8049820831621801 11 335 12 402 14 409
1464 -0.043938408861514282 1.2399376189745062 5.571797551279964 95 99 102 1.5502846320444204 11 346 12 408
1465 -0.63578211916281069 1.2621239925828232 4.9794342932090014 158 171 188 1.3511735276489507 11 381 12 431 14 351
1467 -0.39722306295877707 0.76775817248971523 4.9054354625316545 25 27 24 0.47678095037391621 11 376 12 444
1469 -0.86618114319632622 0.52610539810791535 5.1814528836828417 62 61 56 0.51752053491900574 11 399 12 463
1470 -0.1192702735118684 1.5255173825307884 5.176947036932944 0 0 0 2.4355889899065382 10 633 11 402 12 468
1471 -0.12156181031851157 1.2663836121177217 5.6942439109781517 217 216 212 2.5655740823599746 11 228 14 281
1474 -1.067034929164896 1.2967730932734762 4.9676056998775744 169 164 158 0.55755420795914101 12 191 14 120 28 169
1475 -1.067034929164896 1.2967730932734762 4.9676056998775744 169 164 158 0.55755420795914101 12 192 14 121 28 170
1476 0.051049163873115665 1.3963435723409754 5.5341586804756515 102 106 113 0.80324336849758871 12 281 14 153 28 147
1477 -0.14016504966617158 1.2201734107658155 4.9170245198020517 253 249 246 0.93545941825260226 11 175 14 207 28 131
1479 -0.12438557069713445 1.3304176980296603 5.0548872429540994 39 42 42 1.9613909658225048 11 103 14 217
1480 -1.198848372606331 0.62039281601464746 4.9927750629248004 181 190 191 0.52429163010153534 11 234 14 230 28 150
1481 -0.40320685768916142 0.85769732063160353 4.8413473193066228 255 255 253 1.0463044792776635 11 64 14 252
1482 -0.6534935144074262 0.61528463591382154 7.3541316724119703 92 85 65 1.0943362821490652 12 296 14 258 28 117
1483 -0.57167088609460792 0.71856574607726553 7.2697218996005617 35 33 28 0.39857452417328959 12 298 14 262 28 275
1485 -0.64311417932513204 1.2686667474451152 4.9846621844404106 172 182 191 0.14070150850733429 12 430 14 350
1486 -0.14657709562143528 1.2397987920927038 4.970303258106858 43 33 30 0.192189256620414 12 406 14 393
1487 0.57918477052407658 0.89545952190249878 6.9206545570057649 64 65 61 0.17928504001558318 12 433 14 398
1488 -0.71604264362901737 0.62075704569713785 7.208600808769507 16 19 16 1.9720535681334173 12 395 14 421 28 346
1489 -0.025444666954066681 1.1113807498149046 6.3588181755145525 112 116 117 1.876572035010768 12 458 14 433
1490 -0.57936623415649813 0.48735750862615618 5.2173495592369727 8 8 6 1.0829033772256527 12 365 14 298
1492 -1.122104271318827 1.1791744639906456 5.0498904678387584 160 159 166 0.68506991722564314 44 232 43 153
1494 -1.1403273965234064 1.247190206990024 4.9947181135235201 19 19 29 0.71722189806460812 44 244 43 166
1496 -0.1810855921098489 1.2354583896759699 4.9328861675439031 63 58 55 0.69273863689914883 48 444 43 253 40 109 37 124
1497 -0.20892726992325761 1.2369664214827272 4.9266427164343671 245 242 239 0.44942922036052441 44 378 43 255 40 216 37 260
1498 -0.76018918875719454 1.1289759713564276 4.9459631860028415 163 169 189 0.47801413338370008 44 467 43 265 40 226
1499 -1.1106830507057852 1.2472255203463576 4.9543957943234949 255 252 251 0.99601983308307562 48 345 43 291 40 323 37 369
1501 -0.21899479611431952 1.2699472001943761 4.9364754944209084 122 118 117 0.64257261985061509 48 319 43 341 40 306 37 343
1503 -1.1210402887965116 1.1137625935376996 4.994338510345389 177 172 173 0.88637262134029926 48 524 43 411 40 316
1504 -1.1764685671187634 0.27738435514495535 5.9251084092415747 37 39 44 0.45079210365890504 43 433 40 418 48 547
1505 -0.6666550750936151 0.61078769347489348 4.9510038534814829 154 155 150 0.3870007800053788 48 557 43 440 40 350
1506 -0.95864931902066475 0.89241832849149139 4.8339400612222514 178 174 161 0.79398033303211157 48 648 43 477 40 427
1507 -0.30833054566060369 0.76615836933812209 4.9314223890881586 30 30 31 1.4559294216305876 48 691 43 509
1508 -0.46761118246073174 1.269758195895053 4.9837676960019044 185 196 216 1.9826510720159303 48 695 43 517
1509 -0.76460461473009533 1.2924105942561284 4.9909936393884866 23 22 18 0.66341554189610141 48 674 43 522 40 486 37 561
1510 -1.1962826248356142 0.3776271200535653 5.7469169303056393 213 224 226 0.8858723593658735 43 527 40 529
1511 -1.0438724482050135 0.97459771545340346 4.9549091123174156 144 158 185 0.88521392099491969 48 693 43 533 40 520
1512 -0.17002373796925899 1.5975166293453025 5.0195057231212816 150 150 158 0.64435004192063428 48 709 43 561 40 563 37 619
1513 -0.45001426864335203 1.6287656190391993 4.9409618304133271 144 144 152 0.23049327868136132 48 711 43 565 40 565 37 621
1514 -0.45001426864335203 1.6287656190391993 4.9409618304133271 144 144 152 0.23049327868136132 48 712 43 566 40 566 37 622
1516 -1.0093627746554299 1.2355464032864731 4.9929218191094513 160 172 196 0.85272910246069489 44 750 48 740 43 598 40 585 37 635
1517 8.6143203735810445 3.0134675488858433 23.00776783514883 0 0 0 1.6093296424637771 44 745 48 748
1518 -0.98335263630282177 0.77429019911002328 4.9315961568886051 152 163 193 1.6214240948962164 48 568 43 106
1519 -1.1636544568504481 0.38621362300107903 5.729032328721372 9 14 18 0.56437563592968032 43 309 40 66
1520 -0.2008049041351618 0.21081455849802555 5.7591014086785934 245 245 245 0.6587753761111107 43 180 40 3 37 3
1521 -0.45453541507884365 0.21719928421663692 5.7606374653826746 254 254 254 0.80694755585854672 43 10 40 8 37 12
1523 -0.30484729655101805 0.66327743574868991 4.8897702699449912 189 203 229 1.383439784551054 48 72 40 48
1524 -0.42976710934836626 0.86204457314285343 4.8005309053396683 192 185 178 1.0036508234694117 43 391 40 82
1525 -0.71270560274083383 0.75294861490789389 4.893479573160632 243 251 255 0.91611754986605487 43 101 40 86 37 242
1527 -0.52191249398464934 1.5825624962736817 5.0610754884543692 241 242 247 0.12727243007044681 43 172 40 140 37 170
1528 -0.52191249398464934 1.5825624962736817 5.0610754884543692 241 242 247 0.12727243007044681 43 173 40 141 37 169
1529 -1.2363440866023878 1.3424608625604495 5.2724325065230548 40 45 48 1.8483369261028113 43 178 40 144 37 177
1530 0.099004022401653444 0.41228157879839478 6.0934111088181044 57 56 54 1.4589596597264869 43 300 37 25
1533 -1.1639709948689274 1.2858012368283362 4.9694552200721729 175 170 166 0.82984826905470543 43 292 40 252 37 374
1535 -0.78113540671764037 1.5940842954628109 5.0604329667534476 240 239 234 0.20589570442256419 43 296 40 256 37 287
1536 -0.20956113610970711 1.1943788547838965 4.8917736359347188 80 73 64 1.6497842257562523 43 400 40 300 37 422
1537 -0.22001281263868314 1.2708194539783086 4.9361271867313938 136 132 129 0.17075367496450369 43 340 40 305 37 342
1540 -0.14481486349964659 0.62852730292020986 4.9466001603172449 24 29 33 0.6558751207792809 43 305 40 342 37 389
1541 -1.3389873112298825 1.2986067701423707 5.0487967067551072 19 21 26 0.34730939583440457 48 595 40 398
1542 -0.28346760124822479 0.29610807717721455 5.7852317622749183 14 14 14 2.0359819131770052 43 467 40 405 37 525
1543 -0.8956331513142386 0.76697381973180268 4.9067677011985227 17 22 26 1.4845610551516293 43 512 40 425
1544 -1.0904138133874157 1.1683813280334143 5.0045791759285594 99 98 96 0.19766700435455553 43 458 40 436
1545 -1.1277823913920624 1.161865114965674 5.0121908713617502 178 176 178 1.0420557462460551 43 492 40 437
1546 -1.1247777803720533 1.3451814952422658 5.0225204868533204 221 220 215 1.5290744003368042 43 462 40 439 37 514
1547 -0.3468975369591264 0.75197104106677692 4.8986536906882314 37 38 39 0.4453548169402663 43 508 40 457 37 537
1548 -0.74709779375687668 0.73672616076845387 7.2465979471381692 93 91 79 0.42046365742616598 43 446 40 461 37 582
1549 -0.078022529333160617 0.64539225094946806 4.9936351647132469 18 22 25 1.6228382117563767 40 502 37 591
1550 -0.53358372075732441 0.57769434517074114 7.153373870616103 33 35 34 1.5614174332680069 43 507 40 532 37 613
1552 -1.1350984056668167 1.2572715488790263 4.9960497849113956 34 31 31 0.50482940584456193 43 538 40 542
1553 0.091968052599757794 0.38718419326759629 5.7096598903789548 30 28 23 1.137388717421552 40 546 37 603
1554 -0.38987002602230081 0.26768464964530109 5.8447458128198209 10 10 8 1.1057990935097084 43 547 40 547 37 604
1556 -0.39270995560512034 0.80167716121439148 4.8761239741178706 26 26 30 1.4690352448220707 43 604 40 586 37 630
1557 -0.15312422370882484 1.2755564839429345 4.942666810545699 39 30 26 0.62900303436748339 43 595 40 588 37 633
1558 -0.15312422370882484 1.2755564839429345 4.942666810545699 39 30 26 0.62900303436748339 43 596 40 589 37 634
1559 -1.112371336591532 1.2977693218179347 4.9585774152353812 30 22 20 0.4173578245079938 43 601 40 591 37 637
1560 -0.94678591932817746 0.8143139173309516 4.8908036339307337 22 22 22 0.87313466836230291 43 607 40 594
1561 -0.7601502424033475 1.2582690860494778 4.9819823030327548 199 199 211 0.5067582739486336 43 144 40 126 37 152
1563 -0.85878508462847636 0.24384306019733393 5.7896739138984854 18 19 17 0.084888942726322386 43 367 40 340
1564 -0.85878508462847636 0.24384306019733393 5.7896739138984854 18 19 17 0.084888942726322386 43 368 40 341
1565 -0.4239676508160205 0.69060937278418189 7.0824097818760867 28 25 23 0.28857372118635344 40 90 37 121
1566 -0.70365468574360346 0.74345661996935064 7.3264178854337922 80 74 60 0.14456634315115835 40 211 37 141
1567 -0.1330485689546505 1.5605418171476011 5.0955817514917552 154 154 160 1.3347051447547111 40 236 37 151
1568 -1.222488815754381 1.5228239932385317 5.2723130027433838 88 94 106 0.43652211508562849 40 149 37 184
1569 -0.41022085006520059 0.69633750833984231 7.0702002004564566 253 252 247 0.28433156557360656 40 197 37 253
1570 -1.044109080609215 1.4508451164844822 5.0968801563105073 134 139 159 1.5991955306918653 40 255 37 288
1571 -1.0413762056215787 1.6218813695605812 5.0095621228284566 233 232 227 0.0028718385246987981 40 257 37 289
1572 -1.0413762056215787 1.6218813695605812 5.0095621228284566 233 232 227 0.0028718385246987981 40 258 37 290
1573 -0.42404113825713419 0.73531808057385672 7.0686862823208081 255 252 246 0.48011512932784595 40 299 37 338
1574 -1.1654155806768567 1.2868456637343779 4.9690236593267638 176 169 161 0.27100845555431219 40 251 37 373
1575 -0.94285179261237229 1.594834420397045 5.0640273276401864 148 145 152 0.070932003007243491 40 327 37 376
1576 0.033836335979006815 0.3797979213240395 5.6395986080123786 51 45 36 1.4255260869166688 40 160 37 379
1577 -0.53112815848832973 0.60956088556394306 7.1018945573178929 44 45 39 0.22436606183436031 40 361 37 493
1578 -0.14572294188990573 0.25387890803218033 5.8418077815698819 13 13 11 0.33570490827614585 40 493 37 563
1579 -1.209264248081009 1.5494568012236363 5.2701473887704662 149 150 162 0.90566685380298417 40 492 37 590
1580 -0.44474774315617949 0.70501051729777975 7.0917517316833569 22 22 20 0.30908863311125612 40 533 37 599
1581 -1.0321567184671854 1.6433637103076169 4.9519371914600097 146 145 143 0.10502721587887862 40 568 37 623
1582 -1.1493112739775284 1.6318819363568005 5.0329653629198257 144 142 150 0.2735473757148188 40 569 37 624
1583 -1.8279884607796095 0.40457849713850419 4.6550619035950058 244 247 250 2.1696953390508753 40 534 37 328
1585 -0.93095280991568008 0.92592204446917292 4.8416146214207583 88 83 77 0.33364286465230608 14 28 28 41
1587 -0.29286178854306077 1.5736978689226864 5.068068001754539 133 133 138 0.74738170983489005 14 79 28 88
1589 -0.081474437198071278 1.327844768015964 5.0508183283957422 15 19 24 1.6074895296753011 12 323 28 196
1590 -0.55650328350370015 0.71038132312151259 7.2576826337221521 36 35 31 1.4107939163812417 12 44 14 263 28 276
1591 -0.53072326896903343 0.73902973427315799 7.2399391898148693 244 241 226 0.23287224257646899 12 300 28 277
1593 -0.94821823861981747 0.95883754271514654 4.7923040019696979 32 25 16 0.49589887682329292 14 405 28 333
1595 -0.091637155145622859 1.5313962606552753 5.1597430268007161 135 140 159 1.4458546945768347 14 438 28 362
1596 -0.32635919504287836 1.0669472751778999 4.9099798351898061 103 101 98 1.9353467249436684 14 411 28 302 11 394 12 457
1597 -0.030250657772228486 1.5456722482216916 5.0887986308508193 127 128 130 0.33184684715819451 12 129 28 91
1598 -0.25018652312468403 1.5768481457569909 5.0624919160943787 241 239 237 1.9980718754669964 44 610 48 592 44 492 43 284 40 243 37 360
