mtllib scene_textured.mtl
v -0.003418 -2.406692 6.541185
v -0.020163 -2.457190 6.530231
v -0.044989 -2.416127 6.584023
v 0.571993 -1.277059 7.240375
v 0.517657 -1.280138 7.204041
v 0.529838 -1.229973 7.248991
v 0.246112 -0.173567 7.948000
v 0.224487 -0.197124 7.935486
v 0.284293 -0.199207 7.930669
v 0.308580 -0.382205 7.807341
v 0.246085 -0.393559 7.801135
v 0.256326 -0.361613 7.821934
v 0.618399 -1.252200 7.290586
v 0.605893 -1.201340 7.318515
v 0.575103 -1.224997 7.279589
v -0.140044 -1.830701 7.150237
v -0.163367 -1.898708 7.128895
v -0.177554 -1.861502 7.182155
v 0.112954 -2.316645 6.508977
v 0.158188 -2.281816 6.505292
v 0.162801 -2.313438 6.481722
v 0.245019 -2.544501 6.324060
v 0.258143 -2.587023 6.322415
v 0.301226 -2.548805 6.314115
v 0.318750 -2.598060 6.312576
v 0.024351 -2.459708 6.486037
v 0.028029 -2.417523 6.504754
v -0.000967 -2.504193 6.488420
v -0.043878 -2.516222 6.525698
v 0.103769 -2.163599 6.622020
v 0.150600 -2.125078 6.620700
v 0.162020 -2.168857 6.586843
v 0.199901 -2.124037 6.597025
v -0.172648 -2.513522 6.716288
v -0.153308 -2.519564 6.674756
v -0.143284 -2.458369 6.708888
v -0.066925 -2.618516 6.512580
v -0.105788 -2.669805 6.544123
v -0.098355 -2.610801 6.546901
v 0.192138 -2.277654 6.488298
v 0.215057 -2.304407 6.458812
v 0.171820 -2.401507 6.412558
v 0.110171 -2.442283 6.430364
v 0.121469 -2.391682 6.453692
v 0.356690 -2.203925 6.500902
v 0.305475 -2.168962 6.530341
v 0.379772 -2.160648 6.530107
v 0.172752 -1.960770 6.722934
v 0.112210 -1.943364 6.768298
v 0.113133 -1.992437 6.732800
v 0.144794 -2.498106 6.375208
v 0.110595 -2.555645 6.381933
v 0.167526 -2.533966 6.352665
v 0.232717 -2.158078 6.559278
v 0.240293 -2.114886 6.587021
v 0.287115 -2.115716 6.573310
v 0.263757 -2.281769 6.450806
v 0.307074 -2.273519 6.446430
v 0.282070 -2.243778 6.475893
v 0.035978 -1.577122 7.056610
v -0.004870 -1.599407 7.089202
v 0.027748 -1.625383 7.036231
v 0.013768 -2.594547 6.443123
v 0.050880 -2.637573 6.410840
v 0.060934 -2.584133 6.404254
v 0.084398 -2.604579 6.385260
v 0.160898 -2.585172 6.350803
v 0.105802 -2.639419 6.378856
v 0.129124 -2.610783 6.362735
v 0.298257 -2.311452 6.416304
v 0.253991 -2.317039 6.427992
v 0.458806 -2.237024 6.485035
v 0.452106 -2.279881 6.446708
v 0.403768 -2.265342 6.452979
v 0.171004 -2.350565 6.449836
v 0.012227 -2.718798 6.467038
v 0.032601 -2.683052 6.433639
v 0.104029 -2.688621 6.418380
v 0.062229 -2.340290 6.527835
v 0.029399 -2.331807 6.560511
v 0.077468 -2.295730 6.550945
v -0.023490 -2.126180 6.743677
v -0.023516 -2.161869 6.727513
v -0.052596 -2.158745 6.767940
v 0.205346 -2.004531 6.676119
v 0.172140 -2.046116 6.664508
v 0.229808 -2.048645 6.637619
v 0.106379 -2.121176 6.646459
v 0.135101 -2.086326 6.655174
v 0.045640 -2.202019 6.639725
v 0.056158 -2.140366 6.665502
v 0.076239 -2.376000 6.493167
v 0.127617 -2.350723 6.477178
v -0.173474 -2.175897 6.937345
v -0.193008 -2.149091 6.986734
v -0.164329 -2.131695 6.951828
v -0.008845 -2.370919 6.570725
v -0.045994 -2.371018 6.622509
v -0.005676 -2.329684 6.601587
v -0.036482 -2.316958 6.647625
v 0.262382 -2.078584 6.605431
v 0.291289 -2.029562 6.630412
v 0.004555 -2.227936 6.658345
v 0.015674 -2.260832 6.632421
v 0.103643 -2.046671 6.698632
v 0.070370 -2.019455 6.737957
v 0.066980 -2.748095 6.503299
v -0.061138 -2.455970 6.576677
v -0.084353 -2.524258 6.563705
v -0.071933 -2.567411 6.532581
v -0.163932 -2.749334 6.618742
v -0.154598 -2.699745 6.595169
v -0.188041 -2.706951 6.644567
v 0.032991 -2.290377 6.591278
v 0.904515 -1.986720 6.959893
v 0.880700 -1.988266 6.934149
v 0.857111 -1.927574 6.954073
v -0.037976 -2.259506 6.693697
v -0.078253 -1.885839 7.007411
v -0.124732 -1.902935 7.065657
v -0.083659 -1.836825 7.052915
v 0.805098 -1.383157 7.302002
v 0.773629 -1.333135 7.328379
v 0.740866 -1.358992 7.300223
v 0.905951 -1.777656 7.079354
v 0.927436 -1.779738 7.084870
v 0.905967 -1.823894 7.058642
v -0.214842 -2.253453 6.964646
v -0.225705 -2.279750 6.981526
v -0.173724 -2.063286 7.133765
v -0.132583 -2.099668 6.924713
v -0.089967 -2.059539 6.887376
v -0.122659 -2.051289 6.946530
v -0.110312 -2.388573 6.710351
v -0.131170 -2.352743 6.764651
v -0.081426 -2.327985 6.710467
v -0.212909 -2.354908 6.896508
v -0.205503 -2.366457 6.928596
v -0.199663 -1.731353 7.316171
v -0.179304 -1.739901 7.271732
v -0.191302 -1.785954 7.266091
v -0.148980 -2.036321 7.005361
v -0.194097 -2.059740 7.061506
v -0.169453 -2.092336 6.990194
v -0.030355 -2.758495 6.521118
v -0.084840 -2.760346 6.547976
v -0.028048 -2.776568 6.560214
v 0.381379 -2.333658 6.388952
v 0.352695 -2.293910 6.425928
v 0.415498 -2.304651 6.418755
v -0.111962 -2.011654 6.963055
v -0.123025 -1.991807 7.000237
v -0.087489 -1.971119 6.955970
v 0.058111 -1.728460 6.947682
v 0.011736 -1.704473 7.008334
v 0.071362 -1.687467 6.964012
v -0.054193 -1.845161 7.002999
v 0.014511 -1.982343 6.811692
v -0.021256 -2.046681 6.797217
v -0.042122 -2.013091 6.851616
v 0.099482 -1.704253 6.933966
v 0.156832 -1.904346 6.771037
v 0.143580 -1.853548 6.812293
v 0.197083 -1.862763 6.781448
v 0.565328 -2.550716 6.326901
v 0.553028 -2.504160 6.323262
v 0.598637 -2.512235 6.336121
v 0.020281 -1.394714 7.190676
v 0.030814 -1.336419 7.217741
v -0.012794 -1.372726 7.224635
v 0.156877 -1.737024 6.881465
v 0.144314 -1.774114 6.863181
v 0.188977 -1.759318 6.854342
v 0.270428 -1.734669 6.845585
v 0.250632 -1.756918 6.837099
v 0.277362 -1.772563 6.818037
v 0.025716 -1.927612 6.841258
v -0.013182 -1.956821 6.859465
v 0.248199 -0.238378 7.906438
v -0.150312 -2.321158 6.810814
v -0.104111 -2.275658 6.771317
v 0.022969 -1.831232 6.912231
v -0.026465 -1.854100 6.958427
v 0.005497 -1.802593 6.949512
v 0.057678 -1.888208 6.844365
v 0.092896 -1.841408 6.848615
v 0.048471 -1.851607 6.875502
v -0.081045 -1.224837 7.362711
v -0.086533 -1.189459 7.391891
v -0.035744 -1.194212 7.357082
v 0.773579 -1.021989 7.855106
v 0.783820 -0.881528 7.851078
v 0.785666 -0.872212 7.825799
v 0.035571 -0.976168 7.474990
v 0.049238 -0.924610 7.506366
v -0.008714 -0.940017 7.526639
v -0.010373 -0.766265 7.665255
v 0.033305 -0.771661 7.623158
v 0.051796 -0.735894 7.635793
v -0.046762 -1.078131 7.454638
v -0.022180 -1.101094 7.415849
v -0.083734 -1.100131 7.470528
v -0.057550 -1.053943 7.479370
v 0.712804 -0.672169 7.817745
v 0.752363 -0.787828 7.804926
v 0.705893 -0.715995 7.790420
v 0.728185 -0.629205 7.847301
v 0.687193 -0.592573 7.831373
v -0.024388 -0.199937 8.063535
v -0.076731 -0.231661 8.045233
v 0.000454 -0.195592 8.036959
v 0.174577 -0.665441 7.623239
v 0.140595 -0.630668 7.661232
v 0.190153 -0.613799 7.655967
v 0.019718 -0.609475 7.756114
v -0.026635 -0.638528 7.793826
v -0.018180 -0.576637 7.815890
v -0.062130 -1.120168 7.421264
v -0.092010 -1.147998 7.426675
v 0.810787 -1.340895 7.320360
v 0.178906 -0.190579 7.947651
v 0.214416 -0.165726 7.969935
v 0.031925 -0.303973 7.933256
v -0.002225 -0.259246 7.975472
v -0.036923 -0.311864 7.983474
v 0.105810 -0.524345 7.748307
v 0.072418 -0.497629 7.784670
v 0.126867 -0.482398 7.769961
v 0.431468 -1.389631 7.091654
v 0.439174 -1.342898 7.125887
v 0.390823 -1.365173 7.103892
v 0.306470 -0.248667 7.896268
v 0.366371 -0.258165 7.894989
v 0.343355 -0.218087 7.921094
v 0.212121 -0.273231 7.890230
v 0.189835 -0.231484 7.920043
v 0.343735 -0.417142 7.783065
v 0.292352 -0.435915 7.769719
v 0.019888 -0.222549 7.978156
v 0.044297 -0.249667 7.950866
v 0.324865 -0.648312 7.614887
v 0.301470 -0.682202 7.588057
v 0.269896 -0.653945 7.610745
v 0.292062 -0.610944 7.642968
v 0.116543 -1.666515 6.948251
v -0.035200 -0.715111 7.728162
v 0.027247 -0.689316 7.688507
v 0.114331 -0.814193 7.550014
v 0.072451 -0.787013 7.589365
v 0.140472 -0.776232 7.565196
v 0.113312 -0.722099 7.609132
v 0.154705 -0.936880 7.452497
v 0.124505 -0.910333 7.481817
v 0.095175 -0.937018 7.476051
v 0.119591 -0.850517 7.526098
v 0.156207 -0.825636 7.526990
v -0.094332 -0.918316 7.620973
v -0.059520 -0.936487 7.562829
v -0.091901 -0.969553 7.571014
v 0.109773 -1.493783 7.072526
v 0.151958 -1.453804 7.080569
v 0.158330 -1.499822 7.045530
v 0.060391 -0.557812 7.753558
v 0.080602 -0.624377 7.696341
v -0.040540 -1.696750 7.079555
v -0.057193 -1.761716 7.063773
v 0.927074 -1.269115 7.323847
v 0.892597 -1.303573 7.311018
v 0.892853 -1.237533 7.353424
v 0.005396 -1.145184 7.368276
v 0.044743 -1.101392 7.380663
v 0.469720 -1.038951 7.356775
v 0.434709 -1.007490 7.366804
v 0.428337 -1.039944 7.342768
v -0.107102 -1.257295 7.365975
v -0.115865 -1.303273 7.358779
v -0.141164 -1.266650 7.408971
v 0.747412 -1.167251 7.464301
v 0.717141 -1.136751 7.465548
v 0.758364 -1.130905 7.490113
v 0.231813 -2.390611 6.381147
v 0.279469 -2.384783 6.359001
v 0.251316 -2.435713 6.342318
v 0.301987 -2.419085 6.329572
v 0.233714 -1.355679 7.129772
v 0.188117 -1.385567 7.117085
v 0.219716 -1.397360 7.097465
v -0.113688 -1.675366 7.193796
v -0.108532 -1.725660 7.162979
v -0.125218 -1.707721 7.190293
v 0.229401 -1.741019 6.852075
v 0.249465 -1.705517 6.871505
v -0.163396 -1.334291 7.437969
v -0.048122 -1.147230 7.393374
v 0.317799 -1.734458 6.838091
v 0.333356 -1.772112 6.809196
v -0.036856 -0.843866 7.631883
v 0.015916 -0.802938 7.615036
v -0.198072 -2.535689 6.738750
v -0.178252 -2.490919 6.743909
v 0.242240 -1.823537 6.792626
v 0.182108 -1.808498 6.823951
v -0.046052 -1.509378 7.190464
v -0.032037 -1.457054 7.200424
v -0.073068 -1.475881 7.240634
v -0.153000 -1.402573 7.388961
v -0.123315 -1.368890 7.349439
v 0.166174 -1.544176 7.012586
v 0.217696 -1.547169 6.993410
v 0.205862 -1.506556 7.023363
v 0.666490 -2.344236 6.506374
v 0.621523 -2.289852 6.520275
v 0.617139 -2.327540 6.477972
v 0.002766 -1.479620 7.159124
v 0.052004 -1.495319 7.107986
v -0.010406 -1.540157 7.136015
v 0.189194 -1.422605 7.088427
v 0.419315 -1.470637 7.032961
v 0.394854 -1.506683 7.000508
v 0.442266 -1.517817 7.002334
v 0.265528 -2.349010 6.395932
v 0.861671 -1.570026 7.170662
v 0.828647 -1.542218 7.192410
v 0.869827 -1.510700 7.211449
v -0.020939 -1.288026 7.280873
v 0.015700 -1.236947 7.297767
v -0.053265 -1.254803 7.328751
v 0.346935 -0.822272 7.490163
v 0.394173 -0.814535 7.504843
v 0.383882 -0.846434 7.476484
v 0.151060 -0.880577 7.491537
v 0.069425 -1.193732 7.302660
v 0.075058 -1.244457 7.260323
v 0.094356 -0.888855 7.510733
v 0.075675 -0.844107 7.549129
v 0.061816 -1.146343 7.341354
v 0.120265 -1.149470 7.312271
v 0.845493 -1.276140 7.346749
v 0.842428 -1.322958 7.316491
v 0.803962 -1.305166 7.343200
v 0.808763 -1.825039 7.011913
v 0.810861 -1.876789 6.965246
v 0.854930 -1.868603 6.998382
v 0.913986 -1.350339 7.274055
v 0.932110 -1.314619 7.296872
v 0.547050 -1.120320 7.337993
v 0.505315 -1.078087 7.345249
v 0.546573 -1.078723 7.367041
v 0.429094 -1.111261 7.294529
v 0.490776 -1.125778 7.306057
v 0.452782 -1.149285 7.274277
v -0.006679 -0.363573 7.934827
v 0.049790 -0.363189 7.890845
v 0.012172 -0.412241 7.885505
v -0.089576 -0.362662 8.049015
v -0.100180 -0.291868 8.049250
v -0.087724 -0.429627 8.048556
v 0.224238 -0.366558 7.822942
v 0.946729 -1.309665 7.318228
v 0.937986 -1.396864 7.257402
v 0.148383 -1.406152 7.117106
v 0.263167 -2.632590 6.338449
v 0.208728 -2.603238 6.334254
v 0.652865 -1.558943 7.085194
v 0.680783 -1.543799 7.119447
v 0.627066 -1.517728 7.097124
v 0.862480 -1.444437 7.260731
v 0.805221 -1.442579 7.287536
v 0.476671 -1.483110 7.040457
v 0.494357 -1.444430 7.074443
v 0.528640 -1.479933 7.065440
v 0.520064 -1.514700 7.034971
v 0.725976 -1.626804 7.093093
v 0.723621 -1.670807 7.059130
v 0.758205 -1.667765 7.093505
v 0.702990 -1.208861 7.393268
v 0.753032 -1.245321 7.393212
v 0.751476 -1.203110 7.432439
v 0.778585 -1.532866 7.189940
v 0.723886 -1.533661 7.157793
v 0.725476 -1.487588 7.189727
v 0.671774 -1.492387 7.147839
v 0.825603 -1.659647 7.137615
v 0.865755 -1.626661 7.145355
v 0.818031 -1.605997 7.156649
v 0.868333 -1.365460 7.288949
v 0.569595 -1.523589 7.054969
v 0.586470 -1.571074 7.028362
v 0.619444 -1.561604 7.058338
v 0.682606 -0.988041 7.539585
v 0.691152 -1.034857 7.517656
v 0.642741 -1.007529 7.493486
v 0.549104 -1.312304 7.198280
v 0.703633 -1.380009 7.259364
v 0.757802 -1.410243 7.277156
v 0.725162 -1.438311 7.231548
v 0.771314 -1.575995 7.158421
v 0.907434 -1.399933 7.261049
v 0.726588 -1.582750 7.126836
v 0.537654 -1.380422 7.140958
v 0.488883 -1.347555 7.138671
v 0.517828 -1.326978 7.168102
v 0.917429 -1.509092 7.242018
v 0.712734 -1.264247 7.355010
v 0.478045 -0.731784 7.595111
v 0.517574 -0.747269 7.602043
v 0.507920 -0.706781 7.624066
v 0.833056 -1.354967 7.305593
v 0.683638 -1.626682 7.059129
v 0.686109 -1.586919 7.090980
v 0.349229 -0.341863 7.833163
v 0.404930 -0.351173 7.835286
v 0.371615 -0.386686 7.805883
v 0.103796 -1.442682 7.112193
v 0.103731 -1.386062 7.149362
v 0.050487 -1.430655 7.151764
v 0.660740 -0.859392 7.612548
v 0.606398 -0.862049 7.572998
v 0.647153 -0.910051 7.566146
v 0.631369 -0.490985 7.855256
v 0.667809 -0.485345 7.893230
v 0.672494 -0.530063 7.866332
v 0.579682 -0.601851 7.737203
v 0.571449 -0.543100 7.771643
v 0.626033 -0.593451 7.779894
v 0.503191 -0.513975 7.753314
v 0.493893 -0.457174 7.789266
v 0.548702 -0.471685 7.806071
v 0.060662 -1.365792 7.181097
v 0.217513 -0.442122 7.774482
v 0.173268 -0.474220 7.759898
v 0.150333 -0.431626 7.797059
v 0.144071 -0.587215 7.690832
v 0.328616 -0.296301 7.864297
v 0.385074 -0.305814 7.863197
v 0.553152 -0.419984 7.847615
v 0.550160 -0.364784 7.889892
v 0.601516 -0.405121 7.893273
v 0.418173 -0.574963 7.680584
v 0.397468 -0.537755 7.700862
v 0.447330 -0.538011 7.713970
v 0.267676 -0.287399 7.873864
v 0.593577 -0.496870 7.819641
v 0.594278 -0.452335 7.850889
v 0.406743 -0.175014 7.978993
v 0.462272 -0.189347 8.045129
v 0.458539 -0.187366 7.984146
v 0.593327 -0.242587 8.009573
v 0.608664 -0.295345 7.984737
v 0.633274 -0.250185 8.041863
v 0.672154 -0.262287 8.076802
v 0.649955 -0.233054 8.093931
v 0.688814 -0.259831 8.110572
v 0.606884 -0.680952 7.703776
v 0.625336 -0.652355 7.740886
v 0.568058 -0.652786 7.695449
v 0.487235 -0.215534 7.966725
v 0.411394 -0.216171 7.938456
v 0.344171 -0.179268 7.952014
v 0.461664 -0.250744 7.930140
v 0.518145 -0.261535 7.949628
v 0.707863 -0.943807 7.576803
v 0.739076 -0.996390 7.558835
v 0.653421 -0.403074 7.939868
v 0.661442 -0.353046 7.988925
v 0.609854 -0.355721 7.937775
v 0.138735 -0.170282 7.971261
v 0.175825 -0.162620 8.011790
v 0.109506 -0.170079 8.007000
v 0.707592 -0.348779 8.164083
v 0.514424 -0.310429 8.190919
v 0.661596 -0.273440 8.161383
v 0.558113 -0.288774 7.952942
v 0.526533 -0.311403 7.916941
v 0.571710 -0.322272 7.936603
v 0.742759 -0.557009 7.923494
v 0.748141 -0.512778 7.995829
v 0.711248 -0.509911 7.923393
v 0.628465 -0.539666 7.818811
v 0.352894 -1.696663 6.861166
v 0.403568 -1.663257 6.888032
v 0.411458 -1.707478 6.857625
v 0.731569 -0.816702 7.720766
v 0.769736 -0.844536 7.731675
v 0.020062 -0.527235 7.801298
v 0.020024 -0.567052 7.780708
v -0.011678 -2.667244 6.458104
v 0.679257 -0.686106 7.774728
v 0.643835 -0.715608 7.715172
v 0.684020 -0.716950 7.753300
v -0.147408 -0.701170 7.904154
v -0.107630 -0.681073 7.855317
v -0.140084 -0.760845 7.828419
v -0.069704 -0.555528 7.883029
v -0.086969 -0.529527 7.905014
v -0.067675 -0.495392 7.907399
v -0.022139 -0.513081 7.852234
v -0.073588 -0.811341 7.696024
v 0.249289 -0.869097 7.465619
v 0.203677 -0.900022 7.457390
v 0.251210 -0.914104 7.431359
v 0.178477 -0.722351 7.584391
v 0.220834 -0.647047 7.624252
v 0.242971 -0.613971 7.644318
v 0.450769 -0.361609 7.842216
v 0.493065 -0.400887 7.830877
v 0.490259 -0.341477 7.874377
v 0.672611 -0.821724 7.649850
v 0.620989 -0.811801 7.619951
v 0.658237 -0.775515 7.674538
v 0.078290 -0.686777 7.652958
v 0.121278 -0.668591 7.641919
v -0.156696 -0.821075 7.793030
v -0.127932 -0.833478 7.739972
v -0.065356 -0.622307 7.846763
v -0.105594 -0.611437 7.902452
v 0.873740 -0.929511 7.497052
v 0.832422 -0.981523 7.517661
v 0.823072 -0.923678 7.559268
v 0.225989 -0.685751 7.594607
v 0.034699 -0.887275 7.540578
v 0.023899 -0.842401 7.582045
v 0.638111 -1.166344 7.369711
v 0.632913 -1.096106 7.419772
v 0.683417 -1.149097 7.424077
v 0.397502 -0.701154 7.591187
v 0.381888 -0.733294 7.567068
v 0.431285 -0.735235 7.577206
v 0.687151 -1.817030 6.923297
v 0.734889 -1.833465 6.947807
v 0.709766 -1.863598 6.902914
v -0.184733 -1.700079 7.305981
v 0.759961 -1.290295 7.358782
v 0.508781 -2.126597 6.582678
v 0.457896 -2.105695 6.579057
v 0.488161 -2.086781 6.601268
v -0.095391 -2.776577 6.592302
v 0.181239 -2.654057 6.368340
v 0.325805 -2.659571 6.426038
v 0.062773 -1.934607 6.807269
v 0.303427 -1.811089 6.785446
v 0.640053 -1.780051 6.913021
v 0.606330 -1.720623 6.930964
v 0.656950 -1.742551 6.954547
v 0.432276 -1.856839 6.752604
v 0.423432 -1.813938 6.783625
v 0.392121 -1.842301 6.758556
v 0.343538 -1.908182 6.706084
v 0.283896 -1.932818 6.697055
v 0.283820 -1.888125 6.733372
v -0.147470 -2.696844 6.683363
v -0.200587 -2.564408 6.760594
v -0.063225 -2.445858 6.878242
v 0.357946 -1.246281 7.186248
v 0.387279 -1.280022 7.161423
v 0.349813 -1.290647 7.155877
v 0.389888 -1.318224 7.136134
v 0.314076 -1.264955 7.175932
v 0.604161 -1.800312 6.870283
v 0.603058 -1.844404 6.832592
v 0.651985 -1.841652 6.872224
v 0.670537 -1.399745 7.216306
v 0.650677 -1.353787 7.239019
v 0.686178 -1.331526 7.284791
v -0.218878 -2.112269 7.070912
v -0.220803 -2.170662 7.037260
v -0.143240 -1.726984 7.214227
v -0.028288 -1.794855 6.999019
v 0.641755 -1.891908 6.818091
v 0.598510 -1.878659 6.797893
v 0.622158 -1.921014 6.775338
v 0.361828 -2.560337 6.306313
v 0.350682 -2.513664 6.305480
v 0.104517 -1.891769 6.808779
v 0.903744 -2.075053 6.936562
v 0.877077 -2.135126 6.919397
v 0.907821 -2.162526 6.946190
v 0.720671 -2.054620 6.775877
v 0.696958 -2.086806 6.735639
v 0.689307 -2.039495 6.752738
v 0.898170 -1.962450 7.047783
v 0.922627 -1.904290 7.026294
v 0.900405 -1.924311 6.989923
v 0.916627 -2.494163 6.774590
v 0.919918 -2.538739 6.715813
v 0.886655 -2.480534 6.730723
v 0.689251 -1.896587 6.855264
v 0.681434 -1.934419 6.811399
v 0.725483 -1.945531 6.849254
v 0.775386 -1.988751 6.863955
v 0.707564 -1.995491 6.794011
v -0.013950 -1.051340 7.449987
v -0.031912 -1.006698 7.495818
v 0.812593 -2.472252 6.567237
v 0.763438 -2.437130 6.517961
v 0.788627 -2.484040 6.492041
v 0.740052 -2.458017 6.452228
v 0.709066 -2.397861 6.488632
v 0.674389 -2.429111 6.416820
v -0.072477 -2.369234 6.664790
v 0.408441 -2.202876 6.501851
v -0.203211 -2.119452 7.029559
v 0.868396 -2.724191 6.547539
v 0.885466 -2.675792 6.573524
v 0.904650 -2.737029 6.602811
v 0.843712 -2.477864 6.641222
v 0.806844 -2.430122 6.626190
v 0.339294 -1.850013 6.753124
v 0.393385 -1.880174 6.729904
v 0.224563 -2.091708 6.609871
v 0.186542 -2.086747 6.629643
v 0.582140 -1.945480 6.738443
v 0.573157 -1.898058 6.769466
v 0.347675 -1.804820 6.784509
v 0.150718 -1.697185 6.911524
v 0.222503 -1.912079 6.735054
v 0.166293 -2.468867 6.370657
v 0.195497 -2.441831 6.368910
v 0.182576 -2.487840 6.355309
v 0.866067 -2.610730 6.545634
v 0.858862 -2.560674 6.548124
v 0.876814 -2.577024 6.574729
v 0.939709 -2.536346 6.766263
v 0.237915 -1.965326 6.689390
v 0.252932 -2.004441 6.656718
v 0.656404 -2.232265 6.590490
v 0.693377 -2.221881 6.632617
v 0.651651 -2.174834 6.630357
v 0.410560 -1.744026 6.830649
v 0.369210 -1.736245 6.832875
v 0.515856 -2.471447 6.319595
v 0.574829 -2.458396 6.341580
v 0.419298 -1.959016 6.667419
v 0.373641 -1.951673 6.668775
v 0.395120 -1.991974 6.642042
v 0.459004 -1.948668 6.686187
v 0.407815 -1.923508 6.695321
v 0.289645 -1.976759 6.662761
v 0.340269 -1.987410 6.645626
v 0.184618 -2.620702 6.342987
v 0.220108 -2.350000 6.420799
v 0.337448 -2.128593 6.553892
v 0.341803 -2.245477 6.466753
v 0.393737 -2.231590 6.480689
v 0.148185 -2.456743 6.393612
v -0.053934 -0.261717 8.008601
v -0.071094 -0.295363 8.014262
v -0.088301 -0.335526 8.033564
v 0.232812 -2.257282 6.481959
v -0.027637 -2.566013 6.487796
v 0.304659 -2.494480 6.311252
v 0.340348 -2.457958 6.312247
v 0.428937 -2.622483 6.319355
v 0.370824 -2.623752 6.320043
v 0.419119 -2.607585 6.300254
v 0.414415 -2.581758 6.301107
v 0.705200 -2.265127 6.611183
v 0.742816 -2.295943 6.635822
v 0.716957 -2.308958 6.593194
v 0.212225 -2.516177 6.334903
v 0.204938 -2.564209 6.336042
v 0.640505 -2.476383 6.362807
v 0.691459 -2.482708 6.389443
v 0.524434 -2.417041 6.341268
v 0.570165 -2.412958 6.357791
v 0.632190 -1.662065 6.992925
v 0.679245 -1.669360 7.025361
v 0.632270 -1.612581 7.029592
v 0.670130 -2.571197 6.361189
v 0.718502 -2.540977 6.391461
v 0.673247 -2.519546 6.365874
v 0.599282 -2.228343 6.553607
v 0.546861 -2.252193 6.505004
v 0.614265 -2.423113 6.375841
v 0.218025 -2.472736 6.341067
v 0.706655 -2.587693 6.378790
v 0.737459 -2.597383 6.394925
v 0.654064 -1.589336 7.063329
v 0.612113 -2.186866 6.592628
v 0.597104 -2.130876 6.624853
v 0.286995 -2.458512 6.318986
v 0.713576 -2.687683 6.396121
v 0.730616 -2.667316 6.392520
v 0.761976 -2.700366 6.431703
v 0.729291 -2.352757 6.571310
v 0.707439 -2.362241 6.532837
v 0.743442 -2.394505 6.545255
v 0.529681 -0.597747 7.707785
v 0.497577 -0.559420 7.716735
v 0.471430 -0.589764 7.686607
v 0.580019 -1.477410 7.095607
v 0.029606 -2.375024 6.529928
v 0.052661 -2.487186 6.450181
v -0.032986 -2.624733 6.475033
v -0.049199 -2.721775 6.503585
v -0.055153 -1.916446 6.952775
v 0.003635 -1.894637 6.891054
v 0.008492 -2.130146 6.707382
v 0.003380 -2.080842 6.745065
v 0.048776 -2.089868 6.701009
v 0.017043 -2.538489 6.457269
v 0.058114 -2.540707 6.423277
v -0.062793 -2.670441 6.497589
v -0.088319 -2.713027 6.527697
v 0.026339 -2.026824 6.764169
v 0.047009 -2.052037 6.728418
v -0.210272 -2.619458 6.689481
v -0.207501 -2.660385 6.683594
v -0.209500 -2.574410 6.717839
v -0.195814 -1.902139 7.175212
v 0.257347 -2.494896 6.324754
v 0.095436 -2.229539 6.585349
v 0.135371 -2.262572 6.534750
v 0.068113 -2.430032 6.467270
v 0.102023 -2.494746 6.407448
v 0.192225 -2.246279 6.511445
v 0.363668 -2.592080 6.307344
v 0.725107 -2.486771 6.411815
v 0.178634 -2.210316 6.546527
v 0.901428 -2.614269 6.613012
v 0.904224 -2.559031 6.657623
v 0.867512 -2.534666 6.600331
v 0.701714 -2.625250 6.375628
v 0.710493 -2.459031 6.412690
v 0.554798 -1.990538 6.695442
v 0.612966 -2.009322 6.713906
v 0.576148 -2.036478 6.676284
v 0.560398 -2.167006 6.576904
v 0.517821 -2.172728 6.551730
v 0.246636 -2.211260 6.513476
v 0.305667 -2.212647 6.495839
v -0.146461 -2.406809 6.756783
v 0.683246 -2.278913 6.578970
v 0.306255 -2.070853 6.599532
v 0.354148 -2.039361 6.614285
v -0.076111 -2.005349 6.908789
v -0.042288 -1.951844 6.903421
v 0.480235 -2.581833 6.306842
v 0.508422 -2.531335 6.311329
v 0.538150 -2.587719 6.319314
v 0.465009 -2.434533 6.322129
v 0.753423 -2.344351 6.614219
v 0.762007 -2.386497 6.589487
v 0.088372 -2.095634 6.672821
v -0.184082 -2.654449 6.638312
v -0.193330 -2.616815 6.661168
v -0.061999 -2.485875 6.557143
v -0.024740 -0.894349 7.575603
v 0.891264 -2.769538 6.584221
v 0.807689 -2.720674 6.630859
v 0.785579 -2.709789 6.546929
v 0.155572 -2.009250 6.697363
v 0.543789 -2.204876 6.539902
v 0.001192 -2.190136 6.686925
v 0.061393 -1.816870 6.885375
v -0.060165 -2.067677 6.836099
v -0.049231 -2.105999 6.794487
v -0.000889 -2.297442 6.618114
v -0.051277 -2.208927 6.739134
v 0.242844 -1.868634 6.758704
v 0.528343 -2.035704 6.651686
v -0.119414 -2.535307 6.600337
v -0.110446 -2.574275 6.577443
v -0.132528 -2.242843 6.827722
v -0.149571 -2.257581 6.837151
v -0.163415 -2.254818 6.864832
v -0.093651 -2.204570 6.799940
v 0.913761 -2.688324 6.620373
v -0.169064 -1.799072 7.217817
v -0.084874 -2.153628 6.817727
v -0.094754 -2.489030 6.599098
v -0.136225 -2.633609 6.589499
v -0.186599 -2.554477 6.697438
v -0.123279 -2.736468 6.571401
v -0.117709 -2.473062 6.646704
v -0.084389 -2.414868 6.649526
v -0.082613 -2.447149 6.609961
v -0.131629 -2.517922 6.632541
v -0.160303 -2.579850 6.637909
v -0.069737 -2.385452 6.642982
v -0.198540 -2.593588 6.681908
v -0.199051 -2.498656 6.768458
v 0.921367 -2.464591 6.820247
v 0.933851 -2.499173 6.802878
v 0.891326 -2.445270 6.785109
v 0.033985 -2.710120 6.630431
v 0.931371 -2.594856 6.684605
v 0.930302 -2.654227 6.662502
v -0.149772 -2.278426 6.826814
v -0.115064 -2.766272 6.632641
v 0.812420 -2.385074 6.683978
v 0.777406 -2.334559 6.660293
v 0.782732 -2.382923 6.630039
v -0.214382 -2.161584 7.019771
v -0.175954 -2.449054 6.770913
v 0.064540 -1.982142 6.770390
v -0.216082 -2.413595 6.862568
v -0.207239 -2.461920 6.809127
v -0.181258 -2.386519 6.814272
v -0.184536 -2.310948 6.867507
v 0.476139 -2.154474 6.548766
v 0.827017 -2.281721 6.785275
v 0.845960 -2.261668 6.835385
v 0.865410 -2.324199 6.831264
v 0.899872 -1.769615 7.139111
v 0.831231 -1.978744 6.908695
v 0.796118 -1.925083 6.920066
v -0.133969 -2.189366 6.866601
v -0.098965 -2.115985 6.861705
v -0.204968 -2.207040 6.973561
v -0.141546 -2.142556 6.910400
v 0.930513 -1.607581 7.150334
v 0.935242 -1.698544 7.116502
v 0.909703 -1.645774 7.130199
v -0.157610 -1.946501 7.081428
v -0.115087 -1.944681 7.021410
v -0.137795 -1.933421 7.055987
v -0.182252 -2.228667 6.917257
v -0.133170 -1.773218 7.175997
v 0.299881 -1.702364 6.862200
v -0.042918 -1.979662 6.875926
v -0.158812 -1.996274 7.048871
v -0.193256 -1.987379 7.109637
v -0.191038 -1.938793 7.136263
v -0.198281 -2.476178 6.845407
v 0.792145 -1.960353 6.895980
v -0.219244 -2.045072 7.121323
v -0.204385 -2.251428 6.942858
v -0.212659 -2.017663 7.119666
v 0.555216 -0.782886 7.599240
v 0.554825 -0.731210 7.633660
v 0.039063 -2.076199 7.127467
v -0.193017 -2.268427 6.909789
v -0.211067 -1.907024 7.203599
v -0.198280 -1.843941 7.229200
v -0.182735 -0.948353 7.734003
v -0.169283 -0.912122 7.715180
v -0.162732 -0.948634 7.755839
v 0.020523 -1.187977 7.332860
v -0.184166 -1.568938 7.428386
v -0.183948 -1.651484 7.330805
v -0.159715 -1.667196 7.270540
v -0.040858 -1.648302 7.110077
v -0.011325 -1.653014 7.060962
v -0.075316 -1.728495 7.110014
v 0.257474 -1.637133 6.918941
v 0.286308 -1.668059 6.888925
v 0.217229 -1.673485 6.903392
v -0.052516 -1.415172 7.241455
v -0.016006 -1.416978 7.205531
v 0.795278 -1.693787 7.111420
v 0.792267 -1.733988 7.089448
v 0.822524 -1.740617 7.097883
v 0.543588 -1.636981 6.951770
v 0.521214 -1.669100 6.917251
v 0.491048 -1.627615 6.934163
v -0.129748 -1.612892 7.237668
v -0.100799 -1.777992 7.121358
v -0.087262 -1.800595 7.084264
v -0.107685 -1.823168 7.104630
v 0.280505 -1.849592 6.761930
v -0.125842 -1.860894 7.101052
v 0.870197 -1.771452 7.080691
v 0.857156 -1.822845 7.038564
v -0.074940 -1.686861 7.134894
v -0.159727 -1.622329 7.277736
v 0.077931 -1.639168 6.990458
v -0.088874 -1.626076 7.188217
v 0.820657 -2.095539 6.859533
v 0.823074 -2.035351 6.877055
v 0.861365 -2.074888 6.900421
v -0.075062 -1.647889 7.154895
v -0.175336 -1.580019 7.382060
v -0.162046 -1.510894 7.406182
v 0.017290 -1.760292 6.964111
v 0.051374 -1.779879 6.920291
v 0.227965 -1.586273 6.965100
v 0.194133 -1.616435 6.952590
v 0.235006 -1.616912 6.941778
v 0.228175 -1.776958 6.828863
v 0.068335 -1.537837 7.062826
v 0.027480 -1.548174 7.088281
v 0.197258 -1.717527 6.878785
v 0.214868 -1.638709 6.929663
v 0.107176 -1.743549 6.903615
v 0.171093 -1.652191 6.934525
v 0.391233 -1.417824 7.066031
v 0.435202 -1.683982 6.877895
v 0.464958 -1.665330 6.899402
v -0.195234 -1.630047 7.386827
v 0.116274 -1.540292 7.034630
v 0.132709 -1.812869 6.843671
v 0.098264 -1.792537 6.876323
v -0.160809 -1.192373 7.528525
v -0.131941 -1.203122 7.440841
v -0.126055 -1.152258 7.485750
v -0.165018 -1.251911 7.481662
v 0.077590 -1.051676 7.396815
v 0.103411 -0.990199 7.431674
v 0.039630 -1.026675 7.437366
v 0.556361 -1.347805 7.175966
v 0.289072 -0.925460 7.413374
v 0.293568 -0.888156 7.440391
v 0.511773 -0.870326 7.510069
v 0.556698 -0.858231 7.544292
v 0.574671 -0.903206 7.519502
v -0.145924 -1.126601 7.568860
v -0.151581 -1.595279 7.304384
v -0.136838 -1.540299 7.334437
v 0.214259 -0.944136 7.420474
v 0.679969 -1.779828 6.945911
v 0.712843 -1.798029 6.958883
v -0.099926 -1.036805 7.543268
v 0.661833 -1.059570 7.472900
v 0.608689 -1.027731 7.448224
v -0.095072 -0.862136 7.673666
v -0.134140 -0.994595 7.616964
v -0.062753 -0.975023 7.534902
v -0.146860 -0.789666 7.874153
v -0.134822 -0.703286 7.920709
v -0.157433 -0.661637 7.947323
v -0.180554 -1.235338 7.564925
v -0.171520 -1.174184 7.598839
v 0.358480 -0.789309 7.518041
v 0.223689 -0.539678 7.701722
v 0.220653 -0.583400 7.671173
v 0.187660 -0.570330 7.687705
v 0.178764 -1.064060 7.344810
v 0.205486 -1.020143 7.367610
v 0.238564 -1.051279 7.335487
v 0.025096 -1.066599 7.413523
v 0.736569 -1.043782 7.534727
v 0.713179 -1.018498 7.545072
v -0.157459 -1.079223 7.622678
v -0.153935 -0.948235 7.668818
v -0.002665 -0.663176 7.741244
v 0.112068 -1.092845 7.352168
v 0.143258 -1.032971 7.384195
v 0.294163 -0.720840 7.562629
v 0.267043 -0.693411 7.580781
v 0.240005 -0.730582 7.562019
v 0.109710 -0.563545 7.721436
v 0.456090 -0.877580 7.475301
v 0.516529 -0.923975 7.466270
v 0.206917 -0.785234 7.536575
v 0.259415 -0.575818 7.670374
v 0.305468 -0.567667 7.673961
v 0.146273 -0.694129 7.613098
v 0.161435 -0.528039 7.727112
v 0.057401 -0.409397 7.853151
v 0.413397 -0.868699 7.466890
v 0.420972 -0.845001 7.488199
v 0.699573 -0.894547 7.606891
v 0.213182 -0.328088 7.853331
v 0.287959 -0.332424 7.839799
v 0.207850 -0.493976 7.738039
v 0.031891 -0.646382 7.719335
v -0.044134 -0.680332 7.770643
v -0.174399 -1.016977 7.685536
v 0.263189 -0.491817 7.732165
v -0.041496 -0.426469 7.929969
v -0.020539 -0.460841 7.880966
v -0.165206 -0.859160 7.762609
v 0.844521 -0.881501 7.642710
v 0.806966 -0.903522 7.773481
v -0.069510 -0.671052 7.812037
v -0.100792 -0.781367 7.752145
v -0.064389 -0.755478 7.726659
v -0.091189 -0.686795 7.815065
v -0.081504 -0.719162 7.780722
v 0.723384 -0.465043 7.984810
v 0.700200 -0.409895 7.995292
v 0.685612 -0.453694 7.938527
v -0.064907 -0.728295 7.738990
v 0.754215 -0.432043 8.157734
v 0.724706 -0.412770 8.192692
v -0.124160 -0.500045 7.977050
v -0.122140 -0.615668 7.941107
v -0.104770 -0.461267 7.993159
v -0.046271 -1.138206 7.692283
v -0.139918 -0.893845 7.690747
v -0.114651 -0.540665 7.944949
v -0.152517 -0.872621 7.803789
v -0.135143 -0.657888 7.919452
v -0.138122 -0.615245 7.944928
v -0.175552 -1.153358 7.623983
v -0.172890 -1.192531 7.632070
v -0.159717 -0.917468 7.688021
v 0.050277 -0.194270 8.005693
v 0.056114 -0.213940 7.968054
v -0.164725 -1.039757 7.718684
v -0.168080 -1.150780 7.616962
v 0.005933 -1.015481 7.463102
v -0.020768 -0.218768 8.005548
v -0.091115 -1.443757 7.281665
v 0.385496 -0.652708 7.621991
v 0.345855 -0.697367 7.583108
v -0.120140 -0.438899 8.041249
v -0.115675 -0.570731 7.997016
v -0.116940 -0.409610 8.058886
v 0.143650 -0.277106 7.903159
v 0.189440 -0.229170 8.126081
v 0.186572 -0.856914 7.846695
v 0.007136 -0.371642 8.042076
v -0.075870 -0.636083 7.976637
v 0.184293 -0.383252 7.820825
v 0.108738 -0.382393 7.847093
v -0.067796 -0.431723 8.032720
v -0.063972 -0.380029 7.986803
v 0.306251 -0.177287 8.037045
v 0.139546 -0.213994 7.943621
v 0.146358 -0.337999 7.863710
v 0.288307 -0.165080 7.968857
v 0.029253 -0.463530 7.836725
v 0.090586 -0.191017 7.970442
v 0.091142 -0.235465 7.941216
v 0.080126 -0.276604 7.924421
v 0.403908 -0.509774 7.722725
v 0.377305 -0.478349 7.742369
v 0.361511 -0.513870 7.714482
v 0.091078 -0.322744 7.892853
v -0.011107 -1.216447 7.326546
v 0.422588 -0.273386 7.897892
v 0.475862 -0.292240 7.904990
v 0.712898 -0.557633 7.880038
v 0.738166 -0.598725 7.881670
v 0.346574 -0.449788 7.762456
v 0.393427 -0.435939 7.775968
v 0.667973 -0.300902 8.038260
v 0.271077 -0.539365 7.696910
v 0.312145 -0.523947 7.705573
v 0.090554 -0.442080 7.812476
v -0.114957 -1.229181 7.391503
v 0.255185 -0.819445 7.501589
v 0.203818 -0.849227 7.496618
v 0.272812 -0.767802 7.534940
v 0.342322 -1.387916 7.087084
v 0.337655 -1.336152 7.126098
v 0.293268 -1.368779 7.106626
v 0.288395 -1.336148 7.136222
v 0.772367 -1.485737 7.226414
v -0.045368 -1.355379 7.260546
v -0.036261 -1.319742 7.269239
v -0.071016 -1.324916 7.299398
v 0.126802 -1.198401 7.273718
v 0.196192 -1.153918 7.278979
v -0.173151 -1.628237 7.298030
v 0.295718 -1.176703 7.236896
v 0.258289 -1.157594 7.256527
v 0.239468 -1.194468 7.236555
v 0.026226 -1.284465 7.253792
v -0.008951 -1.323180 7.248897
v 0.099118 -1.324100 7.190969
v 0.063736 -1.294689 7.223292
v 0.102239 -1.274328 7.223298
v 0.180110 -1.210944 7.243991
v 0.217436 -1.244905 7.208348
v 0.170363 -1.242289 7.224073
v -0.167157 -1.433262 7.432973
v -0.127546 -1.446347 7.348965
v -0.097936 -1.546358 7.248819
v -0.085278 -1.586998 7.198334
v 0.005457 -1.437875 7.177856
v -0.109320 -1.493338 7.300115
v 0.072761 -1.584235 7.027639
v 0.161120 -1.347198 7.153253
v 0.154712 -1.280081 7.201338
v 0.239172 -1.431800 7.066432
v 0.293732 -1.410878 7.072143
v 0.293757 -1.459004 7.036528
v 0.142710 -1.622915 6.966820
v -0.058406 -1.558108 7.183828
v -0.051682 -1.602224 7.150565
v 0.595022 -1.335716 7.212181
v -0.128575 -1.501843 7.350336
v -0.190429 -1.371028 7.519628
v -0.185469 -1.472991 7.467692
v -0.089432 -1.390944 7.290857
v 0.062600 -1.327972 7.200485
v 0.255623 -1.393906 7.092124
v 0.133096 -1.239477 7.239079
v 0.261943 -1.122272 7.280559
v 0.215029 -1.302551 7.171849
v 0.304507 -1.301498 7.157590
v 0.262372 -1.311929 7.155161
v 0.291557 -1.226932 7.204900
v 0.267313 -1.275266 7.178539
v 0.355868 -1.507254 6.995674
v 0.373000 -1.533976 6.976189
v 0.716888 -1.085688 7.498958
v 0.322307 -1.538446 6.974277
v 0.196649 -1.464911 7.055739
v 0.177667 -1.583662 6.981331
v 0.265000 -1.510254 7.005390
v 0.238840 -1.474575 7.035310
v 0.123927 -1.585364 7.000741
v 0.722874 -1.310568 7.325811
v 0.266512 -1.556381 6.972247
v 0.297187 -1.567617 6.956700
v 0.274456 -1.595097 6.943814
v 0.456066 -0.925394 7.437074
v 0.405574 -0.923271 7.422367
v 0.437968 -0.965241 7.399172
v 0.720282 -1.175769 7.439737
v 0.220035 -1.094206 7.309667
v 0.163336 -1.111048 7.319112
v 0.392740 -1.017334 7.350402
v 0.401470 -0.984296 7.375040
v 0.658811 -1.230123 7.338870
v 0.671153 -1.283331 7.310035
v 0.339180 -1.072946 7.307097
v 0.316294 -1.111365 7.280588
v 0.282639 -1.075454 7.308252
v 0.312222 -1.045640 7.325876
v 0.294774 -1.142413 7.260001
v 0.177239 -0.983507 7.406217
v 0.279678 -1.038961 7.334262
v 0.254072 -1.018277 7.353991
v 0.246673 -0.983845 7.386811
v 0.258392 -0.946337 7.404130
v 0.384943 -0.885281 7.447304
v 0.343935 -0.921929 7.415589
v 0.299019 -0.841981 7.477713
v 0.554400 -0.984629 7.439645
v 0.571248 -0.947649 7.479702
v 0.300040 -1.008717 7.354264
v 0.297724 -0.960209 7.387931
v 0.774136 -1.078653 7.513305
v 0.309722 -0.797245 7.510307
v 0.423738 -0.895554 7.449170
v 0.404428 -0.773826 7.541336
v 0.336582 -0.753818 7.542618
v 0.388050 -0.953882 7.394989
v 0.340893 -0.865278 7.457062
v 0.394262 -1.064355 7.319209
v 0.455579 -0.825306 7.518488
v 0.547891 -1.176739 7.297926
v 0.523988 -1.006117 7.404531
v 0.517280 -1.041236 7.376520
v 0.568444 -1.048374 7.403417
v 0.587325 -1.155074 7.339253
v 0.439240 -1.178261 7.249530
v 0.485540 -1.186632 7.259827
v 0.438059 -1.212040 7.224207
v 0.481336 -1.003521 7.386141
v 0.452932 -1.074397 7.326861
v 0.630482 -1.303160 7.263135
v 0.495383 -0.966289 7.420411
v 0.353269 -0.981769 7.372411
v 0.349460 -1.030877 7.336946
v 0.399316 -1.153630 7.258450
v 0.371091 -1.108997 7.285029
v 0.339064 -1.148139 7.254588
v 0.353972 -1.193499 7.223697
v 0.406090 -1.190855 7.232131
v 0.476651 -1.243602 7.213168
v 0.461911 -1.837287 6.773444
v 0.479971 -1.875282 6.750135
v 0.393355 -1.219198 7.208325
v 0.420806 -1.255652 7.185736
v 0.483469 -1.394944 7.104450
v 0.449801 -1.432768 7.067535
v 0.360287 -1.467925 7.027019
v 0.765000 -1.712285 7.073783
v 0.319782 -1.495128 7.005991
v 0.336408 -1.428032 7.055400
v 0.764809 -0.949174 7.576784
v 0.490024 -1.535715 7.005147
v 0.633506 -1.701445 6.965165
v 0.673304 -1.711137 6.990400
v 0.594273 -1.668258 6.960286
v 0.923939 -1.463531 7.225708
v 0.868500 -1.696368 7.117678
v 0.911658 -1.688642 7.113588
v 0.457421 -1.561290 6.972559
v 0.411339 -1.546853 6.971964
v 0.503520 -1.754758 6.850217
v 0.445136 -1.734597 6.844731
v 0.460611 -1.706300 6.869121
v 0.500995 -1.701189 6.886241
v 0.421632 -1.586459 6.943837
v 0.465351 -1.596037 6.947621
v 0.510096 -1.586978 6.973304
v 0.438959 -1.624206 6.920662
v 0.576577 -1.611559 6.991875
v 0.541078 -1.555154 7.014397
v 0.373172 -1.568146 6.951290
v 0.907135 -1.482144 7.212581
v 0.678081 -1.444661 7.186714
v 0.641481 -1.450595 7.156029
v 0.774831 -1.453329 7.261058
v 0.588906 -1.111729 7.372053
v 0.681257 -1.105716 7.457536
v 0.816477 -1.478442 7.258141
v 0.826675 -1.460611 7.288046
v 0.773684 -1.628975 7.130061
v 0.816079 -1.512892 7.216393
v 0.931437 -1.511036 7.193041
v 0.915898 -1.549871 7.175056
v 0.914002 -1.505393 7.188286
v 0.468905 -1.298479 7.167603
v 0.812353 -1.566383 7.177019
v 0.902716 -1.593690 7.150169
v 0.727816 -2.254329 6.646357
v 0.386045 -1.777645 6.805012
v 0.377921 -1.816072 6.776459
v 0.622730 -1.472684 7.126110
v 0.592324 -1.430824 7.137193
v 0.634597 -1.414264 7.178558
v 0.784774 -1.763766 7.052449
v 0.761820 -0.714176 7.861870
v 0.421513 -1.298879 7.151947
v 0.535448 -1.434612 7.101069
v 0.590411 -1.381369 7.173647
v 0.627130 -1.376346 7.204231
v 0.937753 -1.198742 7.382649
v 0.932445 -1.229834 7.355580
v 0.955831 -1.081203 7.422009
v 0.945529 -1.056032 7.426981
v 0.950111 -1.019511 7.424090
v 0.920665 -0.921214 7.468747
v 0.887901 -0.980779 7.469377
v 0.889429 -0.875083 7.513208
v 0.916696 -1.036220 7.436145
v 0.939792 -1.006637 7.417347
v 0.837595 -1.231115 7.387443
v 0.792998 -1.223838 7.419600
v 0.798292 -1.263101 7.376775
v 0.923063 -1.121298 7.424800
v 0.873750 -1.193186 7.396251
v 0.828849 -1.195102 7.422472
v 0.908481 -1.188176 7.456642
v 0.934471 -0.986401 7.430522
v 0.502052 -0.650110 7.660488
v 0.465261 -2.486377 6.306301
v 0.600783 -0.218331 8.038552
v 0.949705 -1.009768 7.444743
v 0.553654 -0.574120 7.736558
v 0.531928 -0.556631 7.735539
v 0.667402 -0.638348 7.789859
v 0.438215 -0.319846 7.867610
v 0.522822 -0.436062 7.817374
v 0.428147 -0.395905 7.810784
v 0.699329 -0.279065 8.138053
v 0.771504 -0.647704 7.933266
v 0.572867 -0.829431 7.576321
v 0.522551 -0.824645 7.550896
v 0.791432 -1.173270 7.458622
v 0.788644 -0.978822 7.555310
v 0.736337 -0.423019 8.077008
v 0.781317 -0.816001 7.849532
v 0.639722 -0.445885 7.894107
v 0.361101 -0.560161 7.682098
v 0.389798 -0.601685 7.656387
v 0.544877 -0.688649 7.656113
v 0.587956 -0.703808 7.673936
v 0.604912 -0.754122 7.651324
v 0.480669 -0.776825 7.567049
v 0.587683 -0.203294 8.052072
v 0.579756 -0.217792 8.096605
v 0.438794 -0.481646 7.752965
v 0.436919 -0.625362 7.651654
v 0.344509 -0.605589 7.647852
v 0.324390 -0.480866 7.737453
v 0.448829 -0.435376 7.790346
v 0.708189 -0.316303 8.100572
v 0.771675 -0.557023 8.072618
v 0.700930 -0.360275 8.039062
v 0.359874 -0.163207 7.991771
v 0.526510 -0.195131 8.022077
v 0.551340 -0.218032 7.999011
v 0.565993 -0.259008 7.980492
v 0.785568 -1.025293 7.536418
v 0.624408 -0.954963 7.515393
v 0.663662 -0.949560 7.551414
v 0.704247 -0.689676 7.798722
v 0.448646 -0.685946 7.616630
v 0.760017 -0.900269 7.623642
v 0.716567 -0.852012 7.656791
v 0.701233 -0.799751 7.686822
v 0.721098 -0.783790 7.733402
v 0.858208 -1.152035 7.438482
v 0.905101 -1.162989 7.405364
v 0.375221 -1.615874 6.918198
v 0.694490 -0.754578 7.737033
v 0.598575 -0.981909 7.471972
v 0.871489 -1.095036 7.458414
v 0.926504 -0.944065 7.527266
v 0.563938 -1.680771 6.931126
v 0.448377 -1.990437 6.652220
v 0.925625 -0.859571 7.488497
v 0.909722 -0.840370 7.545393
v 0.839976 -1.049168 7.490112
v 0.891895 -0.887939 7.625860
v 0.814030 -1.117069 7.480896
v 0.912758 -1.195397 7.376178
v 0.447702 -1.901242 6.721972
v 0.422362 -2.035508 6.618659
v 0.568599 -1.809590 6.839526
v 0.563963 -1.770670 6.866825
v 0.543122 -1.785305 6.844055
v 0.882372 -2.510067 6.673483
v 0.595201 -1.757426 6.896663
v 0.776390 -1.843163 6.972164
v 0.761209 -1.875605 6.933248
v 0.528912 -1.883363 6.760780
v 0.504875 -1.842339 6.783506
v 0.664075 -1.954535 6.778049
v 0.638750 -1.969563 6.749311
v 0.526953 -1.807721 6.819141
v 0.475486 -1.802895 6.804047
v 0.441716 -1.769619 6.819138
v 0.552212 -1.720127 6.897597
v 0.661286 -2.104028 6.692431
v 0.614492 -2.075894 6.674837
v 0.655732 -2.053460 6.718279
v 0.555984 -1.851459 6.799763
v 0.321879 -1.680654 6.873819
v 0.343447 -1.657644 6.889136
v 0.727453 -1.728293 7.025116
v 0.825593 -1.790758 7.060805
v 0.349751 -2.407271 6.328195
v 0.790262 -2.241208 6.750701
v 0.816500 -2.221379 6.805695
v 0.778000 -2.180734 6.770757
v 0.908101 -1.733591 7.098577
v 0.312301 -1.627223 6.914343
v 0.326274 -1.584693 6.940255
v 0.751426 -1.795468 6.995621
v 0.827078 -1.700097 7.129005
v 0.851017 -2.110878 6.891051
v 0.889814 -1.857634 7.024590
v 0.701694 -1.759206 6.979174
v 0.477472 -2.027646 6.636679
v 0.495523 -2.057803 6.623436
v 0.740069 -1.909398 6.891798
v 0.892342 -2.194860 6.938896
v 0.869235 -2.199804 6.911805
v 0.889673 -2.241006 6.934076
v 0.913803 -2.234035 6.942314
v 0.866601 -2.026423 6.911369
v 0.559357 -1.233822 7.693235
v 0.834630 -2.347344 6.753514
v 0.805498 -2.295368 6.737448
v 0.769286 -2.134703 6.786026
v 0.741334 -2.143747 6.746760
v 0.932739 -2.186322 6.941724
v 0.887485 -2.113855 7.042777
v 0.834544 -2.438887 6.676683
v 0.885166 -2.249368 6.971169
v 0.926360 -2.290342 6.924850
v 0.905358 -2.281151 6.921566
v 0.905991 -2.419938 6.839959
v 0.894095 -2.373691 6.851340
v 0.858251 -2.466025 6.824692
v 0.872732 -2.389894 6.799695
v 0.901410 -2.330898 6.887654
v 0.874185 -2.266609 6.888407
v 0.874285 -2.275428 6.976034
v 0.894070 -2.356195 6.920296
v 0.941925 -2.577159 6.728402
v 0.615534 -2.564611 6.340655
v 0.842159 -2.208122 6.860848
v 0.843928 -2.148634 6.881011
v 0.652328 -2.373844 6.456367
v 0.806965 -2.153520 6.824370
v 0.663545 -2.008265 6.748254
v 0.742750 -2.197488 6.713427
v 0.765036 -2.270285 6.688967
v 0.780813 -2.104207 6.813353
v 0.671628 -1.980494 6.761794
v 0.764513 -1.945826 6.885367
v 0.859499 -2.469112 6.692388
v 0.855053 -2.424413 6.732714
v 0.654703 -1.923594 6.789671
v 0.766894 -2.052012 6.821999
v 0.500559 -1.986195 6.673227
v 0.644538 -2.624241 6.359403
v 0.696617 -2.182466 6.667222
v 0.549511 -1.913029 6.746667
v 0.514825 -1.930905 6.720219
v 0.460828 -2.062689 6.608757
v 0.522144 -2.082765 6.617286
v 0.326900 -1.949652 6.673602
v 0.850609 -2.667071 6.515948
v 0.836125 -2.616929 6.495932
v 0.800828 -2.326741 6.705110
v 0.498464 -2.201013 6.523486
v 0.741195 -2.098241 6.773267
v 0.701899 -2.139518 6.706169
v 0.719192 -2.117296 6.739088
v 0.636520 -2.125599 6.655742
v 0.667781 -2.145953 6.667210
v 0.760530 -2.507951 6.436127
v 0.864203 -2.673902 6.673774
v 0.829590 -2.522900 6.530034
v 0.517146 -2.439167 6.820001
v 0.841784 -2.721969 6.647922
v 0.641134 -2.529210 6.350170
v 0.835085 -2.570604 6.506463
v 0.584412 -2.593485 6.333413
v 0.746514 -2.636621 6.398502
v 0.426391 -2.391995 6.341651
v 0.384517 -2.392541 6.337300
v 0.401640 -2.433006 6.315498
v 0.807151 -2.590998 6.462755
v 0.814169 -2.644408 6.464268
v 0.425928 -2.134875 6.551599
v 0.443387 -2.182837 6.521311
v 0.799413 -2.533124 6.470088
v 0.553136 -2.283881 6.477063
v 0.582951 -2.292471 6.488223
v 0.563611 -2.316155 6.452902
v 0.777585 -2.665624 6.426528
v 0.767607 -2.564824 6.427127
v 0.782867 -2.500311 6.462528
v 0.437356 -2.459869 6.306064
v 0.407282 -2.487040 6.302161
v 0.779054 -2.423115 6.574306
v 0.781618 -2.409081 6.604364
v 0.684010 -2.315856 6.551901
v 0.648499 -2.269190 6.557300
v 0.563537 -2.077363 6.642342
v 0.427486 -2.074010 6.594003
v 0.388437 -2.073373 6.589707
v 0.725356 -2.223872 6.668205
v 0.470996 -2.313094 6.420286
v 0.493369 -2.347972 6.391610
v 0.434675 -2.347882 6.381261
v 0.586493 -2.386136 6.388634
v 0.601193 -2.356142 6.432145
v 0.548726 -2.388373 6.367509
v 0.590455 -2.629131 6.342272
v 0.623238 -2.661114 6.431123
v 0.549850 -2.116263 6.607785
v 0.516190 -2.377231 6.368430
v 0.547703 -2.355064 6.401622
v 0.475645 -2.385556 6.354627
v 0.337859 -2.330151 6.392401
v 0.415017 -2.098496 6.574035
v 0.339742 -2.089374 6.580723
v 0.380229 -2.113503 6.562225
v 0.337285 -2.581053 6.310677
v 0.771668 -2.484671 6.456937
v 0.396695 -2.534615 6.302427
v 0.351947 -2.364876 6.358549
v 0.511605 -2.638839 6.342282
v 0.446144 -2.533714 6.302854
v 0.394953 -2.365839 6.359360
v 0.317579 -2.384517 6.346821
v 0.309031 -2.352107 6.376839
v 0.820782 -2.698798 6.480286
v 0.690353 -2.663079 6.380165
v 0.510973 -2.284760 6.459010
v 0.517270 -2.321146 6.425366
v 0.628102 -2.390982 6.413182
v 0.777694 -2.618487 6.422757
v 0.736809 -0.563599 8.127550
vt 0.204640 0.608347
vt 0.198307 0.612391
vt 0.207961 0.616375
vt 0.461110 0.599909
vt 0.458401 0.608236
vt 0.468050 0.606226
vt 0.666361 0.542524
vt 0.657799 0.542039
vt 0.660965 0.538255
vt 0.647344 0.920520
vt 0.638261 0.922320
vt 0.639880 0.917004
vt 0.470615 0.599314
vt 0.476210 0.594576
vt 0.467611 0.592787
vt 0.136845 0.863770
vt 0.126817 0.867272
vt 0.134023 0.868165
vt 0.813630 0.850187
vt 0.820436 0.845883
vt 0.820920 0.852293
vt 0.308174 0.829707
vt 0.301957 0.834836
vt 0.299925 0.828468
vt 0.310886 0.837085
vt 0.301957 0.834836
vt 0.308174 0.829707
vt 0.373990 0.751871
vt 0.372313 0.758269
vt 0.364742 0.753148
vt 0.198307 0.612391
vt 0.188859 0.610414
vt 0.191564 0.618267
vt 0.960306 0.815694
vt 0.967292 0.810596
vt 0.968560 0.819196
vt 0.968560 0.819196
vt 0.967292 0.810596
vt 0.974409 0.812334
vt 0.442044 0.862978
vt 0.431434 0.864663
vt 0.435935 0.866735
vt 0.178678 0.626589
vt 0.175843 0.636609
vt 0.183232 0.631788
vt 0.820920 0.852293
vt 0.820436 0.845883
vt 0.825443 0.846898
vt 0.351854 0.683574
vt 0.351614 0.691079
vt 0.357226 0.686627
vt 0.335132 0.690676
vt 0.329945 0.699634
vt 0.338649 0.697624
vt 0.591435 0.865006
vt 0.584314 0.858740
vt 0.595163 0.857609
vt 0.229398 0.694571
vt 0.238714 0.694451
vt 0.232596 0.685862
vt 0.984333 0.851780
vt 0.982638 0.859681
vt 0.990722 0.854831
vt 0.978901 0.819972
vt 0.980416 0.811923
vt 0.987409 0.813206
vt 0.568658 0.820003
vt 0.572253 0.826670
vt 0.565560 0.827334
vt 0.924675 0.863763
vt 0.931060 0.867428
vt 0.932380 0.862231
vt 0.170621 0.603467
vt 0.164674 0.608912
vt 0.173804 0.611708
vt 0.972133 0.867803
vt 0.979618 0.866557
vt 0.975664 0.863411
vt 0.976694 0.852705
vt 0.982638 0.859681
vt 0.984333 0.851780
vt 0.975664 0.863411
vt 0.973564 0.857176
vt 0.970186 0.860285
vt 0.570564 0.834482
vt 0.565560 0.827334
vt 0.572253 0.826670
vt 0.565560 0.827334
vt 0.570564 0.834482
vt 0.563820 0.834143
vt 0.838707 0.912541
vt 0.837326 0.921697
vt 0.829728 0.919003
vt 0.351614 0.691079
vt 0.351854 0.683574
vt 0.344569 0.690289
vt 0.159691 0.623477
vt 0.161159 0.615973
vt 0.156645 0.609273
vt 0.349839 0.705304
vt 0.352610 0.709605
vt 0.357463 0.702707
vt 0.114989 0.786407
vt 0.113875 0.791712
vt 0.108103 0.787622
vt 0.866090 0.678145
vt 0.857850 0.675792
vt 0.863046 0.669307
vt 0.202550 0.689819
vt 0.205387 0.696177
vt 0.210595 0.691882
vt 0.197780 0.696704
vt 0.205387 0.696177
vt 0.202550 0.689819
vt 0.204658 0.703363
vt 0.197780 0.696704
vt 0.194505 0.704991
vt 0.807958 0.859550
vt 0.815536 0.857685
vt 0.814380 0.865352
vt 0.679275 0.963856
vt 0.684754 0.965584
vt 0.685937 0.962388
vt 0.368292 0.740158
vt 0.360438 0.735249
vt 0.368705 0.733185
vt 0.362883 0.727345
vt 0.368705 0.733185
vt 0.360438 0.735249
vt 0.875307 0.676179
vt 0.870498 0.684657
vt 0.866090 0.678145
vt 0.317796 0.739277
vt 0.316665 0.733289
vt 0.323978 0.731987
vt 0.229398 0.694571
vt 0.219509 0.696218
vt 0.226399 0.700786
vt 0.159691 0.623477
vt 0.156645 0.609273
vt 0.156353 0.624708
vt 0.972133 0.867803
vt 0.970186 0.860285
vt 0.964910 0.859697
vt 0.203184 0.619940
vt 0.207961 0.616375
vt 0.198307 0.612391
vt 0.186702 0.625021
vt 0.194722 0.625702
vt 0.191564 0.618267
vt 0.181193 0.655564
vt 0.177439 0.647669
vt 0.173086 0.654403
vt 0.357463 0.702707
vt 0.352610 0.709605
vt 0.360077 0.708584
vt 0.439443 0.727832
vt 0.438427 0.731323
vt 0.447492 0.734670
vt 0.316665 0.733289
vt 0.317796 0.739277
vt 0.308081 0.734503
vt 0.298248 0.782984
vt 0.288961 0.781149
vt 0.297652 0.774722
vt 0.632770 0.739557
vt 0.637704 0.734695
vt 0.642140 0.742934
vt 0.495410 0.986457
vt 0.495332 0.983449
vt 0.488361 0.986359
vt 0.432901 0.835172
vt 0.431181 0.839529
vt 0.463405 0.832791
vt 0.399196 0.861081
vt 0.394710 0.857724
vt 0.391405 0.862875
vt 0.292053 0.748700
vt 0.288568 0.740652
vt 0.298562 0.741492
vt 0.416290 0.836517
vt 0.416446 0.839658
vt 0.431181 0.839529
vt 0.045234 0.657122
vt 0.041063 0.652337
vt 0.036014 0.656028
vt 0.012354 0.838106
vt 0.021905 0.840391
vt 0.020823 0.835146
vt 0.739502 0.917796
vt 0.737178 0.914324
vt 0.744312 0.918081
vt 0.193262 0.604869
vt 0.188859 0.610414
vt 0.198307 0.612391
vt 0.053290 0.834567
vt 0.061986 0.838796
vt 0.059759 0.829088
vt 0.020925 0.830732
vt 0.026300 0.831723
vt 0.025766 0.827509
vt 0.280962 0.701034
vt 0.288679 0.707081
vt 0.287545 0.699047
vt 0.297652 0.774722
vt 0.303292 0.778831
vt 0.298248 0.782984
vt 0.103540 0.741390
vt 0.097442 0.748294
vt 0.093270 0.740115
vt 0.287545 0.699047
vt 0.283049 0.695215
vt 0.280962 0.701034
vt 0.243953 0.687888
vt 0.253948 0.689568
vt 0.250174 0.681868
vt 0.913947 0.728539
vt 0.911911 0.721775
vt 0.918976 0.722445
vt 0.375346 0.790710
vt 0.379789 0.784595
vt 0.370149 0.786309
vt 0.269569 0.682625
vt 0.268379 0.689151
vt 0.274655 0.687198
vt 0.440366 0.967418
vt 0.436447 0.963743
vt 0.439516 0.960128
vt 0.243953 0.687888
vt 0.232596 0.685862
vt 0.238714 0.694451
vt 0.891423 0.863730
vt 0.882068 0.865928
vt 0.888584 0.869012
vt 0.666361 0.542524
vt 0.661034 0.548968
vt 0.657799 0.542039
vt 0.177194 0.893292
vt 0.180365 0.887602
vt 0.169581 0.891389
vt 0.317853 0.783484
vt 0.308456 0.782767
vt 0.315206 0.777682
vt 0.321833 0.788518
vt 0.329007 0.789887
vt 0.322811 0.794860
vt 0.711511 0.683720
vt 0.710990 0.677235
vt 0.717813 0.680030
vt 0.139477 0.828971
vt 0.138996 0.826860
vt 0.121947 0.820860
vt 0.559826 0.685944
vt 0.560752 0.677977
vt 0.552105 0.680120
vt 0.592977 0.676795
vt 0.587516 0.679434
vt 0.590399 0.685096
vt 0.959129 0.726727
vt 0.953752 0.723669
vt 0.957131 0.731722
vt 0.957131 0.731722
vt 0.963816 0.728001
vt 0.959129 0.726727
vt 0.722733 0.920184
vt 0.706545 0.914543
vt 0.715486 0.921239
vt 0.114047 0.942384
vt 0.125524 0.946018
vt 0.121239 0.940088
vt 0.746254 0.853622
vt 0.735761 0.858303
vt 0.743240 0.853280
vt 0.648632 0.621018
vt 0.644027 0.614310
vt 0.651103 0.612284
vt 0.627802 0.606681
vt 0.621897 0.608767
vt 0.623118 0.599344
vt 0.986205 0.768607
vt 0.986268 0.761894
vt 0.990738 0.767413
vt 0.637704 0.734695
vt 0.643071 0.736235
vt 0.642140 0.742934
vt 0.651368 0.540637
vt 0.656631 0.536288
vt 0.657799 0.542039
vt 0.091996 0.702323
vt 0.098835 0.697854
vt 0.091027 0.693391
vt 0.639682 0.595466
vt 0.635247 0.590079
vt 0.642830 0.588693
vt 0.440427 0.627816
vt 0.444858 0.620427
vt 0.436244 0.621741
vt 0.674835 0.545544
vt 0.678028 0.552203
vt 0.669364 0.550825
vt 0.655778 0.554484
vt 0.652764 0.547445
vt 0.661034 0.548968
vt 0.669188 0.573210
vt 0.674156 0.579155
vt 0.666619 0.582348
vt 0.098835 0.697854
vt 0.103963 0.694896
vt 0.099171 0.691683
vt 0.098835 0.697854
vt 0.099171 0.691683
vt 0.091027 0.693391
vt 0.744851 0.575943
vt 0.741250 0.581746
vt 0.736886 0.576909
vt 0.740346 0.569648
vt 0.744851 0.575943
vt 0.736886 0.576909
vt 0.287545 0.699047
vt 0.289066 0.692663
vt 0.283049 0.695215
vt 0.590399 0.685096
vt 0.600400 0.687975
vt 0.601899 0.679815
vt 0.577950 0.668548
vt 0.583693 0.674201
vt 0.583876 0.664758
vt 0.583876 0.664758
vt 0.583693 0.674201
vt 0.593478 0.668378
vt 0.245739 0.646682
vt 0.249614 0.642467
vt 0.244704 0.638538
vt 0.577950 0.668548
vt 0.575168 0.662725
vt 0.571769 0.667921
vt 0.714788 0.768040
vt 0.708618 0.761822
vt 0.707103 0.767056
vt 0.515259 0.793638
vt 0.521138 0.787338
vt 0.512454 0.786689
vt 0.627802 0.606681
vt 0.633359 0.599781
vt 0.635779 0.611670
vt 0.022665 0.612107
vt 0.022119 0.626303
vt 0.029721 0.621874
vt 0.660107 0.726428
vt 0.654997 0.731731
vt 0.655223 0.720591
vt 0.953752 0.723669
vt 0.951550 0.714409
vt 0.944944 0.720190
vt 0.539761 0.723247
vt 0.540833 0.717386
vt 0.546029 0.722319
vt 0.982854 0.782684
vt 0.979636 0.787729
vt 0.975945 0.779959
vt 0.489533 0.573246
vt 0.493698 0.577684
vt 0.495896 0.571603
vt 0.623630 0.776212
vt 0.630638 0.777301
vt 0.625976 0.785765
vt 0.633659 0.784626
vt 0.625976 0.785765
vt 0.630638 0.777301
vt 0.529818 0.777109
vt 0.532811 0.781654
vt 0.537635 0.774734
vt 0.335238 0.959509
vt 0.334762 0.967195
vt 0.332358 0.962859
vt 0.841715 0.730911
vt 0.842429 0.725268
vt 0.839071 0.728134
vt 0.847214 0.727865
vt 0.842429 0.725268
vt 0.841715 0.730911
vt 0.967057 0.785113
vt 0.975945 0.779959
vt 0.979636 0.787729
vt 0.716324 0.671553
vt 0.717813 0.680030
vt 0.710990 0.677235
vt 0.842429 0.725268
vt 0.842254 0.718713
vt 0.836335 0.724638
vt 0.836146 0.716860
vt 0.836335 0.724638
vt 0.842254 0.718713
vt 0.590399 0.685096
vt 0.582897 0.681872
vt 0.578310 0.688929
vt 0.441180 0.867182
vt 0.435935 0.866735
vt 0.435256 0.869840
vt 0.822569 0.736359
vt 0.831461 0.737862
vt 0.828425 0.729886
vt 0.362530 0.798633
vt 0.362406 0.793495
vt 0.354723 0.795428
vt 0.407904 0.692652
vt 0.418466 0.692835
vt 0.407761 0.684706
vt 0.414926 0.680324
vt 0.407761 0.684706
vt 0.418466 0.692835
vt 0.035473 0.689376
vt 0.037056 0.696970
vt 0.029557 0.695114
vt 0.028611 0.686840
vt 0.035473 0.689376
vt 0.029557 0.695114
vt 0.937650 0.673118
vt 0.946187 0.672060
vt 0.937331 0.665150
vt 0.356601 0.788986
vt 0.350993 0.782498
vt 0.346899 0.791008
vt 0.525834 0.781739
vt 0.532811 0.781654
vt 0.529818 0.777109
vt 0.551527 0.582029
vt 0.544249 0.580529
vt 0.548214 0.573436
vt 0.630638 0.777301
vt 0.623630 0.776212
vt 0.629118 0.769303
vt 0.205584 0.900118
vt 0.200695 0.894854
vt 0.206862 0.889440
vt 0.332772 0.614694
vt 0.342195 0.614316
vt 0.336884 0.622139
vt 0.825690 0.814359
vt 0.832761 0.812535
vt 0.831082 0.818454
vt 0.249614 0.642467
vt 0.254079 0.638591
vt 0.244704 0.638538
vt 0.724629 0.689454
vt 0.732345 0.683412
vt 0.732822 0.692878
vt 0.565779 0.671584
vt 0.571769 0.667921
vt 0.565828 0.663656
vt 0.571769 0.667921
vt 0.565779 0.671584
vt 0.573879 0.673991
vt 0.723700 0.672834
vt 0.717813 0.680030
vt 0.716324 0.671553
vt 0.731545 0.674667
vt 0.739728 0.676913
vt 0.732345 0.683412
vt 0.990738 0.767413
vt 0.992322 0.772414
vt 0.986205 0.768607
vt 0.654997 0.731731
vt 0.647675 0.734027
vt 0.648271 0.726129
vt 0.647675 0.734027
vt 0.643071 0.736235
vt 0.642199 0.730202
vt 0.482018 0.668505
vt 0.478975 0.675238
vt 0.488963 0.675299
vt 0.660731 0.734033
vt 0.657978 0.740053
vt 0.654997 0.731731
vt 0.557546 0.734620
vt 0.551317 0.728388
vt 0.557592 0.727205
vt 0.539639 0.735917
vt 0.548962 0.737259
vt 0.543098 0.742387
vt 0.082977 0.698495
vt 0.081181 0.691137
vt 0.074274 0.696276
vt 0.402344 0.996094
vt 0.402344 0.996094
vt 0.402344 0.996094
vt 0.639880 0.917004
vt 0.638261 0.922320
vt 0.635268 0.917627
vt 0.951554 0.729323
vt 0.957131 0.731722
vt 0.953752 0.723669
vt 0.253779 0.646356
vt 0.254079 0.638591
vt 0.249614 0.642467
vt 0.660731 0.734033
vt 0.662927 0.732340
vt 0.661413 0.747368
vt 0.525834 0.781739
vt 0.521138 0.787338
vt 0.530098 0.787548
vt 0.532811 0.781654
vt 0.525834 0.781739
vt 0.530098 0.787548
vt 0.303087 0.840751
vt 0.294833 0.836526
vt 0.301957 0.834836
vt 0.776776 0.823383
vt 0.784977 0.825470
vt 0.780633 0.829842
vt 0.482567 0.795430
vt 0.491442 0.795360
vt 0.480805 0.787186
vt 0.420051 0.615093
vt 0.427600 0.612269
vt 0.422159 0.607090
vt 0.422159 0.607090
vt 0.415362 0.608514
vt 0.420051 0.615093
vt 0.515530 0.682328
vt 0.513236 0.687673
vt 0.521237 0.687106
vt 0.917579 0.775176
vt 0.917487 0.782545
vt 0.910386 0.777380
vt 0.159227 0.968872
vt 0.153745 0.967261
vt 0.158263 0.962628
vt 0.799846 0.819366
vt 0.791581 0.821553
vt 0.791920 0.813191
vt 0.776776 0.823383
vt 0.783724 0.816566
vt 0.784977 0.825470
vt 0.527403 0.673144
vt 0.523812 0.666167
vt 0.518961 0.672138
vt 0.491442 0.795360
vt 0.493081 0.786173
vt 0.480805 0.787186
vt 0.579043 0.584674
vt 0.573842 0.587911
vt 0.571381 0.579571
vt 0.208540 0.780724
vt 0.200988 0.779526
vt 0.203327 0.786712
vt 0.453657 0.603509
vt 0.458401 0.608236
vt 0.461110 0.599909
vt 0.264286 0.782605
vt 0.272379 0.785534
vt 0.267417 0.792268
vt 0.799846 0.819366
vt 0.798674 0.827289
vt 0.791581 0.821553
vt 0.103229 0.897486
vt 0.114403 0.896683
vt 0.109223 0.891436
vt 0.798674 0.827289
vt 0.791887 0.830292
vt 0.791581 0.821553
vt 0.440697 0.605449
vt 0.445027 0.612853
vt 0.449727 0.608353
vt 0.870353 0.776435
vt 0.884015 0.775240
vt 0.854697 0.774003
vt 0.911434 0.786588
vt 0.910386 0.777380
vt 0.917487 0.782545
vt 0.771600 0.583669
vt 0.772902 0.590190
vt 0.767064 0.588329
vt 0.646245 0.738945
vt 0.643071 0.736235
vt 0.647675 0.734027
vt 0.647675 0.734027
vt 0.654997 0.731731
vt 0.651327 0.741294
vt 0.588879 0.593671
vt 0.589369 0.586113
vt 0.595447 0.591497
vt 0.675211 0.566481
vt 0.683325 0.567690
vt 0.678329 0.573912
vt 0.529313 0.801578
vt 0.535073 0.793858
vt 0.524907 0.794161
vt 0.791778 0.614248
vt 0.785815 0.607318
vt 0.793964 0.605245
vt 0.848691 0.859447
vt 0.854007 0.856972
vt 0.854631 0.864224
vt 0.782661 0.564684
vt 0.781621 0.555281
vt 0.789607 0.561910
vt 0.771605 0.551939
vt 0.770457 0.542775
vt 0.778480 0.544170
vt 0.370149 0.786309
vt 0.379789 0.784595
vt 0.373418 0.780645
vt 0.655838 0.582963
vt 0.649377 0.588052
vt 0.646355 0.580462
vt 0.644027 0.614310
vt 0.635779 0.611670
vt 0.644733 0.606884
vt 0.675211 0.566481
vt 0.672392 0.558801
vt 0.680575 0.560177
vt 0.246699 0.759461
vt 0.255932 0.759695
vt 0.250488 0.752244
vt 0.758830 0.563149
vt 0.755955 0.557216
vt 0.763266 0.556744
vt 0.663657 0.557149
vt 0.655778 0.554484
vt 0.661034 0.548968
vt 0.785058 0.547154
vt 0.785298 0.539912
vt 0.790692 0.545072
vt 0.684353 0.537207
vt 0.692831 0.536558
vt 0.691858 0.538713
vt 0.778480 0.544170
vt 0.781621 0.555281
vt 0.771605 0.551939
vt 0.384117 0.826562
vt 0.380414 0.835086
vt 0.378268 0.826832
vt 0.293380 0.892144
vt 0.290616 0.888227
vt 0.295722 0.891472
vt 0.624295 0.865489
vt 0.632738 0.863209
vt 0.629970 0.868893
vt 0.402344 0.996094
vt 0.402344 0.996094
vt 0.402344 0.996094
vt 0.691858 0.538713
vt 0.695912 0.543323
vt 0.684788 0.544565
vt 0.675132 0.538883
vt 0.684353 0.537207
vt 0.684788 0.544565
vt 0.684788 0.544565
vt 0.695912 0.543323
vt 0.692042 0.549710
vt 0.700322 0.550397
vt 0.692042 0.549710
vt 0.695912 0.543323
vt 0.701765 0.866949
vt 0.693792 0.866323
vt 0.697571 0.859228
vt 0.258950 0.750860
vt 0.261174 0.743233
vt 0.252513 0.744564
vt 0.010377 0.986677
vt 0.019773 0.985447
vt 0.013984 0.987856
vt 0.402344 0.996094
vt 0.402344 0.996094
vt 0.402344 0.996094
vt 0.374927 0.840804
vt 0.368312 0.840151
vt 0.373011 0.835517
vt 0.361949 0.899449
vt 0.361972 0.894421
vt 0.355998 0.895343
vt 0.790120 0.553073
vt 0.796685 0.550035
vt 0.798668 0.559864
vt 0.067736 0.968216
vt 0.075171 0.962819
vt 0.075975 0.969822
vt 0.810289 0.598181
vt 0.804739 0.594838
vt 0.808110 0.587495
vt 0.583693 0.674201
vt 0.587516 0.679434
vt 0.592977 0.676795
vt 0.592977 0.676795
vt 0.593478 0.668378
vt 0.583693 0.674201
vt 0.627999 0.599728
vt 0.628111 0.593331
vt 0.633359 0.599781
vt 0.173804 0.611708
vt 0.164674 0.608912
vt 0.166581 0.620656
vt 0.797963 0.579886
vt 0.791953 0.581216
vt 0.797362 0.574825
vt 0.710992 0.580999
vt 0.704182 0.585696
vt 0.704994 0.576686
vt 0.778480 0.544170
vt 0.785298 0.539912
vt 0.785058 0.547154
vt 0.778480 0.544170
vt 0.785058 0.547154
vt 0.781621 0.555281
vt 0.216490 0.835321
vt 0.214586 0.827189
vt 0.207031 0.832453
vt 0.626965 0.968252
vt 0.625608 0.961547
vt 0.631984 0.962884
vt 0.400203 0.922937
vt 0.398271 0.919109
vt 0.401459 0.915327
vt 0.616741 0.593331
vt 0.617088 0.584100
vt 0.622781 0.589026
vt 0.590399 0.685096
vt 0.578310 0.688929
vt 0.585961 0.693344
vt 0.582897 0.681872
vt 0.587516 0.679434
vt 0.583693 0.674201
vt 0.592977 0.676795
vt 0.590399 0.685096
vt 0.601899 0.679815
vt 0.246850 0.625021
vt 0.249938 0.631520
vt 0.254495 0.624906
vt 0.592171 0.659273
vt 0.583876 0.664758
vt 0.593478 0.668378
vt 0.297021 0.631175
vt 0.296540 0.623842
vt 0.291287 0.627203
vt 0.695947 0.564652
vt 0.696165 0.574787
vt 0.690044 0.568840
vt 0.795853 0.598477
vt 0.788175 0.598369
vt 0.793859 0.591096
vt 0.635124 0.622364
vt 0.641128 0.620466
vt 0.639764 0.629461
vt 0.152388 0.792829
vt 0.157339 0.798477
vt 0.164099 0.796254
vt 0.218037 0.819728
vt 0.223472 0.826413
vt 0.226590 0.818704
vt 0.616741 0.593331
vt 0.623118 0.599344
vt 0.617142 0.604022
vt 0.712938 0.723778
vt 0.706186 0.729240
vt 0.714471 0.730478
vt 0.389783 0.826803
vt 0.384117 0.826562
vt 0.386676 0.822146
vt 0.284867 0.626809
vt 0.288758 0.633752
vt 0.291287 0.627203
vt 0.575871 0.680988
vt 0.573879 0.673991
vt 0.567630 0.679787
vt 0.484039 0.589618
vt 0.496496 0.590249
vt 0.489602 0.582751
vt 0.760109 0.589554
vt 0.752824 0.589711
vt 0.755257 0.584240
vt 0.163928 0.738265
vt 0.163440 0.730818
vt 0.156010 0.734848
vt 0.045234 0.657122
vt 0.047622 0.652901
vt 0.041063 0.652337
vt 0.911434 0.786588
vt 0.917487 0.782545
vt 0.918193 0.790164
vt 0.177099 0.838762
vt 0.169440 0.836155
vt 0.174310 0.832387
vt 0.526736 0.693042
vt 0.534289 0.693638
vt 0.529195 0.686801
vt 0.160292 0.639835
vt 0.165104 0.648339
vt 0.163731 0.642126
vt 0.642663 0.889488
vt 0.654200 0.887962
vt 0.665154 0.887751
vt 0.888279 0.858950
vt 0.882068 0.865928
vt 0.891423 0.863730
vt 0.836335 0.724638
vt 0.836146 0.716860
vt 0.829963 0.721371
vt 0.581614 0.624767
vt 0.576462 0.615247
vt 0.584395 0.616698
vt 0.878641 0.823222
vt 0.883792 0.818280
vt 0.876142 0.817363
vt 0.273278 0.834959
vt 0.264071 0.838828
vt 0.264326 0.829866
vt 0.402344 0.996094
vt 0.402344 0.996094
vt 0.402344 0.996094
vt 0.461994 0.632349
vt 0.455776 0.628086
vt 0.454017 0.633714
vt 0.395820 0.635995
vt 0.389930 0.630931
vt 0.395541 0.629173
vt 0.461994 0.632349
vt 0.454017 0.633714
vt 0.458844 0.638945
vt 0.156772 0.743935
vt 0.153452 0.751750
vt 0.162372 0.751388
vt 0.114403 0.896683
vt 0.116152 0.890565
vt 0.109223 0.891436
vt 0.654997 0.731731
vt 0.657978 0.740053
vt 0.651327 0.741294
vt 0.256313 0.780366
vt 0.264286 0.782605
vt 0.259212 0.788064
vt 0.264286 0.782605
vt 0.261761 0.774432
vt 0.269925 0.777171
vt 0.264286 0.782605
vt 0.269925 0.777171
vt 0.272379 0.785534
vt 0.402344 0.996094
vt 0.402344 0.996094
vt 0.402344 0.996094
vt 0.402344 0.996094
vt 0.402344 0.996094
vt 0.402344 0.996094
vt 0.151519 0.859424
vt 0.153328 0.863124
vt 0.155004 0.861202
vt 0.022119 0.626303
vt 0.022665 0.612107
vt 0.013487 0.620662
vt 0.215396 0.754950
vt 0.212139 0.748224
vt 0.218502 0.749528
vt 0.149735 0.886056
vt 0.149880 0.893001
vt 0.141266 0.889718
vt 0.894205 0.852778
vt 0.884502 0.852371
vt 0.888279 0.858950
vt 0.238714 0.694451
vt 0.248734 0.695289
vt 0.243953 0.687888
vt 0.039926 0.783651
vt 0.042865 0.788167
vt 0.051938 0.784414
vt 0.128792 0.622053
vt 0.124960 0.629573
vt 0.123798 0.621732
vt 0.555299 0.969553
vt 0.560257 0.965392
vt 0.552925 0.963213
vt 0.545820 0.968265
vt 0.555299 0.969553
vt 0.552925 0.963213
vt 0.512542 0.863266
vt 0.502699 0.863039
vt 0.511883 0.867831
vt 0.140708 0.732607
vt 0.139328 0.739624
vt 0.147901 0.738217
vt 0.137516 0.606414
vt 0.126780 0.612535
vt 0.129753 0.601528
vt 0.962436 0.722147
vt 0.963816 0.728001
vt 0.971083 0.724231
vt 0.736989 0.816378
vt 0.745075 0.820093
vt 0.742072 0.812479
vt 0.741838 0.834099
vt 0.749616 0.828459
vt 0.739076 0.823927
vt 0.307803 0.744453
vt 0.299931 0.749513
vt 0.298562 0.741492
vt 0.599058 0.864866
vt 0.591435 0.865006
vt 0.595163 0.857609
vt 0.394695 0.870373
vt 0.404439 0.868500
vt 0.396122 0.866613
vt 0.678402 0.690840
vt 0.681030 0.682405
vt 0.685669 0.689754
vt 0.182649 0.868486
vt 0.186125 0.863425
vt 0.189204 0.870546
vt 0.982638 0.859681
vt 0.975664 0.863411
vt 0.979618 0.866557
vt 0.973564 0.857176
vt 0.975664 0.863411
vt 0.982638 0.859681
vt 0.675522 0.813769
vt 0.672716 0.820891
vt 0.681614 0.820325
vt 0.866787 0.831126
vt 0.877454 0.831094
vt 0.871817 0.823412
vt 0.153452 0.751750
vt 0.156772 0.743935
vt 0.145743 0.745783
vt 0.978321 0.806975
vt 0.974409 0.812334
vt 0.972826 0.804736
vt 0.215396 0.754950
vt 0.209360 0.759555
vt 0.208282 0.751821
vt 0.829963 0.721371
vt 0.830817 0.715119
vt 0.823487 0.716673
vt 0.289066 0.692663
vt 0.282210 0.687908
vt 0.283049 0.695215
vt 0.250174 0.681868
vt 0.239880 0.678388
vt 0.243953 0.687888
vt 0.092767 0.859871
vt 0.097498 0.856471
vt 0.094923 0.863546
vt 0.089536 0.986599
vt 0.096841 0.987777
vt 0.095995 0.984969
vt 0.502699 0.863039
vt 0.512542 0.863266
vt 0.506083 0.859954
vt 0.868180 0.663055
vt 0.869907 0.670739
vt 0.863046 0.669307
vt 0.970359 0.666482
vt 0.963819 0.660014
vt 0.959399 0.666057
vt 0.534001 0.825633
vt 0.527689 0.824344
vt 0.534271 0.818670
vt 0.915303 0.714160
vt 0.911911 0.721775
vt 0.906159 0.717021
vt 0.891330 0.670561
vt 0.888444 0.663018
vt 0.895392 0.664367
vt 0.901715 0.661910
vt 0.895392 0.664367
vt 0.894044 0.657517
vt 0.883004 0.669420
vt 0.875307 0.676179
vt 0.875570 0.666583
vt 0.232596 0.685862
vt 0.243953 0.687888
vt 0.239880 0.678388
vt 0.973564 0.857176
vt 0.971010 0.849230
vt 0.967337 0.849221
vt 0.970186 0.860285
vt 0.973564 0.857176
vt 0.967337 0.849221
vt 0.622539 0.767365
vt 0.629118 0.769303
vt 0.623630 0.776212
vt 0.018916 0.740823
vt 0.025309 0.747207
vt 0.013909 0.748095
vt 0.344569 0.690289
vt 0.351854 0.683574
vt 0.343224 0.683308
vt 0.572253 0.826670
vt 0.568658 0.820003
vt 0.577899 0.821159
vt 0.075013 0.832134
vt 0.068066 0.830725
vt 0.072068 0.840244
vt 0.973564 0.857176
vt 0.982638 0.859681
vt 0.976694 0.852705
vt 0.325901 0.694474
vt 0.329945 0.699634
vt 0.335132 0.690676
vt 0.095468 0.706740
vt 0.099806 0.704619
vt 0.091996 0.702323
vt 0.090833 0.708608
vt 0.095468 0.706740
vt 0.091996 0.702323
vt 0.343224 0.683308
vt 0.335173 0.682057
vt 0.335132 0.690676
vt 0.343224 0.683308
vt 0.335132 0.690676
vt 0.344569 0.690289
vt 0.322893 0.692078
vt 0.325901 0.694474
vt 0.326860 0.687699
vt 0.359942 0.680632
vt 0.361633 0.673301
vt 0.354828 0.676362
vt 0.354828 0.676362
vt 0.351854 0.683574
vt 0.359942 0.680632
vt 0.191564 0.618267
vt 0.188859 0.610414
vt 0.182091 0.617118
vt 0.610837 0.828408
vt 0.616151 0.823017
vt 0.617713 0.831640
vt 0.751485 0.709768
vt 0.753595 0.712925
vt 0.752254 0.707075
vt 0.892191 0.968241
vt 0.885264 0.969526
vt 0.891441 0.964370
vt 0.221384 0.869369
vt 0.219397 0.863460
vt 0.213928 0.867605
vt 0.156645 0.609273
vt 0.161159 0.615973
vt 0.164674 0.608912
vt 0.295156 0.823712
vt 0.294207 0.830699
vt 0.288876 0.825383
vt 0.967292 0.810596
vt 0.972826 0.804736
vt 0.974409 0.812334
vt 0.589469 0.779096
vt 0.592031 0.788632
vt 0.583964 0.788912
vt 0.623705 0.662723
vt 0.615640 0.656683
vt 0.622965 0.655159
vt 0.580890 0.593627
vt 0.588088 0.601793
vt 0.580725 0.602924
vt 0.640129 0.670419
vt 0.648116 0.672217
vt 0.640291 0.678354
vt 0.166765 0.675237
vt 0.155446 0.671895
vt 0.159333 0.683749
vt 0.623705 0.662723
vt 0.630327 0.655683
vt 0.634506 0.664207
vt 0.097498 0.856471
vt 0.100455 0.862540
vt 0.094923 0.863546
vt 0.967337 0.849221
vt 0.964910 0.859697
vt 0.970186 0.860285
vt 0.646612 0.679835
vt 0.648116 0.672217
vt 0.651914 0.680386
vt 0.584368 0.588217
vt 0.580890 0.593627
vt 0.579043 0.584674
vt 0.970359 0.666482
vt 0.966067 0.672919
vt 0.976303 0.674977
vt 0.610589 0.816366
vt 0.616151 0.823017
vt 0.608238 0.822666
vt 0.649823 0.693726
vt 0.651890 0.690892
vt 0.658445 0.693637
vt 0.933059 0.652887
vt 0.936716 0.658563
vt 0.940916 0.654898
vt 0.957412 0.675248
vt 0.966067 0.672919
vt 0.959399 0.666057
vt 0.766608 0.564960
vt 0.770577 0.559598
vt 0.775216 0.565245
vt 0.571381 0.579571
vt 0.580376 0.576113
vt 0.579043 0.584674
vt 0.424532 0.599185
vt 0.419190 0.592056
vt 0.415520 0.600905
vt 0.164674 0.608912
vt 0.161159 0.615973
vt 0.166581 0.620656
vt 0.665154 0.887751
vt 0.632419 0.891925
vt 0.642663 0.889488
vt 0.374899 0.744965
vt 0.375198 0.737591
vt 0.380242 0.742168
vt 0.193262 0.604869
vt 0.186284 0.601273
vt 0.188859 0.610414
vt 0.975664 0.863411
vt 0.970186 0.860285
vt 0.972133 0.867803
vt 0.173804 0.611708
vt 0.166581 0.620656
vt 0.173992 0.620764
vt 0.159691 0.623477
vt 0.166581 0.620656
vt 0.161159 0.615973
vt 0.164213 0.632123
vt 0.166581 0.620656
vt 0.159691 0.623477
vt 0.313603 0.791823
vt 0.302318 0.789967
vt 0.308456 0.782767
vt 0.209657 0.709909
vt 0.219188 0.710352
vt 0.214227 0.704209
vt 0.178678 0.626589
vt 0.182091 0.617118
vt 0.173992 0.620764
vt 0.181727 0.608588
vt 0.177518 0.602263
vt 0.173804 0.611708
vt 0.181727 0.608588
vt 0.173804 0.611708
vt 0.182091 0.617118
vt 0.182091 0.617118
vt 0.178678 0.626589
vt 0.186702 0.625021
vt 0.188859 0.610414
vt 0.186284 0.601273
vt 0.181727 0.608588
vt 0.374899 0.744965
vt 0.368842 0.746786
vt 0.368292 0.740158
vt 0.181727 0.608588
vt 0.186284 0.601273
vt 0.177518 0.602263
vt 0.170889 0.628771
vt 0.166581 0.620656
vt 0.164213 0.632123
vt 0.170889 0.628771
vt 0.173992 0.620764
vt 0.166581 0.620656
vt 0.175843 0.636609
vt 0.170889 0.628771
vt 0.168520 0.636921
vt 0.173992 0.620764
vt 0.170889 0.628771
vt 0.178678 0.626589
vt 0.170889 0.628771
vt 0.175843 0.636609
vt 0.178678 0.626589
vt 0.098931 0.869004
vt 0.094923 0.863546
vt 0.100455 0.862540
vt 0.181727 0.608588
vt 0.182091 0.617118
vt 0.188859 0.610414
vt 0.173992 0.620764
vt 0.182091 0.617118
vt 0.173804 0.611708
vt 0.813630 0.850187
vt 0.815536 0.857685
vt 0.807958 0.859550
vt 0.349839 0.705304
vt 0.352437 0.698102
vt 0.342913 0.703763
vt 0.219188 0.710352
vt 0.227701 0.706932
vt 0.221430 0.704260
vt 0.402344 0.996094
vt 0.402344 0.996094
vt 0.402344 0.996094
vt 0.324105 0.986706
vt 0.335217 0.988191
vt 0.331621 0.985793
vt 0.402344 0.996094
vt 0.402344 0.996094
vt 0.402344 0.996094
vt 0.754672 0.921776
vt 0.739502 0.917796
vt 0.744312 0.918081
vt 0.170621 0.603467
vt 0.173804 0.611708
vt 0.177518 0.602263
vt 0.754672 0.921776
vt 0.744312 0.918081
vt 0.755866 0.918404
vt 0.313603 0.791823
vt 0.317853 0.783484
vt 0.321833 0.788518
vt 0.182091 0.617118
vt 0.186702 0.625021
vt 0.191564 0.618267
vt 0.368292 0.740158
vt 0.375198 0.737591
vt 0.374899 0.744965
vt 0.368842 0.746786
vt 0.373990 0.751871
vt 0.364742 0.753148
vt 0.374899 0.744965
vt 0.373990 0.751871
vt 0.368842 0.746786
vt 0.128305 0.870716
vt 0.134023 0.868165
vt 0.126817 0.867272
vt 0.351854 0.683574
vt 0.357226 0.686627
vt 0.359942 0.680632
vt 0.091981 0.870088
vt 0.089124 0.863551
vt 0.094923 0.863546
vt 0.603966 0.827726
vt 0.608238 0.822666
vt 0.610837 0.828408
vt 0.105985 0.867045
vt 0.098931 0.869004
vt 0.100455 0.862540
vt 0.105985 0.867045
vt 0.100455 0.862540
vt 0.105951 0.857605
vt 0.603966 0.827726
vt 0.603250 0.818141
vt 0.608238 0.822666
vt 0.335132 0.690676
vt 0.326860 0.687699
vt 0.325901 0.694474
vt 0.357463 0.702707
vt 0.352437 0.698102
vt 0.349839 0.705304
vt 0.357463 0.702707
vt 0.360077 0.708584
vt 0.368721 0.699567
vt 0.361600 0.694417
vt 0.357463 0.702707
vt 0.368721 0.699567
vt 0.375198 0.737591
vt 0.368292 0.740158
vt 0.368705 0.733185
vt 0.337338 0.710678
vt 0.342913 0.703763
vt 0.333630 0.705340
vt 0.337338 0.710678
vt 0.333630 0.705340
vt 0.330166 0.711492
vt 0.333630 0.705340
vt 0.324266 0.707858
vt 0.330166 0.711492
vt 0.344822 0.710057
vt 0.349839 0.705304
vt 0.342913 0.703763
vt 0.342913 0.703763
vt 0.337338 0.710678
vt 0.344822 0.710057
vt 0.982638 0.859681
vt 0.986867 0.866684
vt 0.992780 0.860588
vt 0.979618 0.866557
vt 0.986867 0.866684
vt 0.982638 0.859681
vt 0.990722 0.854831
vt 0.982638 0.859681
vt 0.992780 0.860588
vt 0.329945 0.699634
vt 0.333630 0.705340
vt 0.338649 0.697624
vt 0.329945 0.699634
vt 0.320927 0.701164
vt 0.324266 0.707858
vt 0.324266 0.707858
vt 0.333630 0.705340
vt 0.329945 0.699634
vt 0.986867 0.866684
vt 0.995916 0.867063
vt 0.992780 0.860588
vt 0.338649 0.697624
vt 0.333630 0.705340
vt 0.342913 0.703763
vt 0.654200 0.887962
vt 0.642663 0.889488
vt 0.642541 0.885837
vt 0.303087 0.840751
vt 0.291448 0.838602
vt 0.294833 0.836526
vt 0.294833 0.836526
vt 0.291448 0.838602
vt 0.287983 0.832960
vt 0.976694 0.852705
vt 0.971010 0.849230
vt 0.973564 0.857176
vt 0.362937 0.686311
vt 0.357406 0.691450
vt 0.361600 0.694417
vt 0.361600 0.694417
vt 0.357406 0.691450
vt 0.352437 0.698102
vt 0.357226 0.686627
vt 0.357406 0.691450
vt 0.362937 0.686311
vt 0.357226 0.686627
vt 0.362937 0.686311
vt 0.359942 0.680632
vt 0.361600 0.694417
vt 0.352437 0.698102
vt 0.357463 0.702707
vt 0.820920 0.852293
vt 0.815536 0.857685
vt 0.813630 0.850187
vt 0.815536 0.857685
vt 0.820920 0.852293
vt 0.821856 0.860236
vt 0.821856 0.860236
vt 0.814380 0.865352
vt 0.815536 0.857685
vt 0.883931 0.965470
vt 0.885264 0.969526
vt 0.877292 0.965991
vt 0.592031 0.788632
vt 0.597356 0.788192
vt 0.596328 0.797454
vt 0.335173 0.682057
vt 0.326860 0.687699
vt 0.335132 0.690676
vt 0.617802 0.784302
vt 0.623630 0.776212
vt 0.625976 0.785765
vt 0.978901 0.819972
vt 0.970506 0.828023
vt 0.968560 0.819196
vt 0.107338 0.923398
vt 0.106314 0.917731
vt 0.096397 0.918266
vt 0.646344 0.685586
vt 0.646612 0.679835
vt 0.651914 0.680386
vt 0.737156 0.828624
vt 0.741838 0.834099
vt 0.739076 0.823927
vt 0.732978 0.826367
vt 0.737156 0.828624
vt 0.739076 0.823927
vt 0.102404 0.619201
vt 0.111647 0.620471
vt 0.105682 0.627119
vt 0.186125 0.863425
vt 0.182649 0.868486
vt 0.180567 0.863903
vt 0.045483 0.738436
vt 0.053462 0.744325
vt 0.046772 0.747191
vt 0.361633 0.673301
vt 0.359942 0.680632
vt 0.368185 0.678170
vt 0.359942 0.680632
vt 0.362937 0.686311
vt 0.368185 0.678170
vt 0.580156 0.871727
vt 0.575539 0.865472
vt 0.583880 0.866424
vt 0.583880 0.866424
vt 0.591435 0.865006
vt 0.588803 0.872406
vt 0.588803 0.872406
vt 0.580156 0.871727
vt 0.583880 0.866424
vt 0.591435 0.865006
vt 0.583880 0.866424
vt 0.584314 0.858740
vt 0.583880 0.866424
vt 0.575539 0.865472
vt 0.584314 0.858740
vt 0.978901 0.819972
vt 0.989701 0.823915
vt 0.980421 0.830892
vt 0.978901 0.819972
vt 0.980421 0.830892
vt 0.970506 0.828023
vt 0.362937 0.686311
vt 0.369822 0.687863
vt 0.368185 0.678170
vt 0.987409 0.813206
vt 0.989701 0.823915
vt 0.978901 0.819972
vt 0.018916 0.740823
vt 0.013909 0.748095
vt 0.011350 0.737328
vt 0.442044 0.862978
vt 0.452657 0.862901
vt 0.450803 0.858594
vt 0.968560 0.819196
vt 0.974409 0.812334
vt 0.978901 0.819972
vt 0.974409 0.812334
vt 0.980416 0.811923
vt 0.978901 0.819972
vt 0.213928 0.867605
vt 0.216730 0.872908
vt 0.221384 0.869369
vt 0.294207 0.830699
vt 0.295156 0.823712
vt 0.299925 0.828468
vt 0.098931 0.869004
vt 0.091981 0.870088
vt 0.094923 0.863546
vt 0.287983 0.832960
vt 0.288876 0.825383
vt 0.294207 0.830699
vt 0.294833 0.836526
vt 0.287983 0.832960
vt 0.294207 0.830699
vt 0.294833 0.836526
vt 0.294207 0.830699
vt 0.301957 0.834836
vt 0.299925 0.828468
vt 0.301957 0.834836
vt 0.294207 0.830699
vt 0.299925 0.828468
vt 0.295156 0.823712
vt 0.301662 0.821155
vt 0.308174 0.829707
vt 0.299925 0.828468
vt 0.301662 0.821155
vt 0.877095 0.684151
vt 0.870498 0.684657
vt 0.875307 0.676179
vt 0.884650 0.678920
vt 0.877095 0.684151
vt 0.875307 0.676179
vt 0.603250 0.818141
vt 0.610589 0.816366
vt 0.608238 0.822666
vt 0.320927 0.701164
vt 0.329945 0.699634
vt 0.325901 0.694474
vt 0.331690 0.739824
vt 0.317796 0.739277
vt 0.323978 0.731987
vt 0.951973 0.819527
vt 0.960306 0.815694
vt 0.958559 0.827504
vt 0.025766 0.827509
vt 0.024405 0.821944
vt 0.017681 0.826559
vt 0.958559 0.827504
vt 0.960306 0.815694
vt 0.968560 0.819196
vt 0.320645 0.745782
vt 0.317796 0.739277
vt 0.331690 0.739824
vt 0.338649 0.697624
vt 0.344569 0.690289
vt 0.335132 0.690676
vt 0.089124 0.863551
vt 0.092767 0.859871
vt 0.094923 0.863546
vt 0.325901 0.694474
vt 0.322893 0.692078
vt 0.318725 0.695217
vt 0.325901 0.694474
vt 0.318725 0.695217
vt 0.320927 0.701164
vt 0.100455 0.862540
vt 0.097498 0.856471
vt 0.105951 0.857605
vt 0.900929 0.733976
vt 0.905097 0.726304
vt 0.909855 0.734349
vt 0.635049 0.819362
vt 0.644232 0.816025
vt 0.642763 0.825088
vt 0.906159 0.717021
vt 0.907590 0.707956
vt 0.915303 0.714160
vt 0.683290 0.884550
vt 0.688965 0.884671
vt 0.699571 0.888994
vt 0.693315 0.829754
vt 0.686097 0.828751
vt 0.690061 0.834653
vt 0.933059 0.652887
vt 0.940916 0.654898
vt 0.937519 0.649725
vt 0.068066 0.830725
vt 0.059759 0.829088
vt 0.061986 0.838796
vt 0.205387 0.696177
vt 0.197780 0.696704
vt 0.204658 0.703363
vt 0.205387 0.696177
vt 0.204658 0.703363
vt 0.211000 0.698645
vt 0.958559 0.827504
vt 0.968560 0.819196
vt 0.970506 0.828023
vt 0.361600 0.694417
vt 0.368721 0.699567
vt 0.369822 0.687863
vt 0.362937 0.686311
vt 0.361600 0.694417
vt 0.369822 0.687863
vt 0.386800 0.987243
vt 0.385877 0.985548
vt 0.379522 0.984699
vt 0.566365 0.985333
vt 0.567727 0.988880
vt 0.574835 0.988605
vt 0.191564 0.618267
vt 0.198199 0.620407
vt 0.198307 0.612391
vt 0.360438 0.735249
vt 0.368292 0.740158
vt 0.360755 0.743406
vt 0.368842 0.746786
vt 0.360755 0.743406
vt 0.368292 0.740158
vt 0.567851 0.696834
vt 0.568589 0.687764
vt 0.562293 0.692691
vt 0.736581 0.724786
vt 0.748291 0.729932
vt 0.744469 0.721887
vt 0.857850 0.675792
vt 0.855942 0.668415
vt 0.863046 0.669307
vt 0.980416 0.811923
vt 0.974409 0.812334
vt 0.978321 0.806975
vt 0.202550 0.689819
vt 0.210595 0.691882
vt 0.208230 0.684416
vt 0.168856 0.684045
vt 0.166765 0.675237
vt 0.159333 0.683749
vt 0.316665 0.733289
vt 0.308081 0.734503
vt 0.316608 0.726793
vt 0.875307 0.676179
vt 0.866090 0.678145
vt 0.869907 0.670739
vt 0.869907 0.670739
vt 0.868180 0.663055
vt 0.875570 0.666583
vt 0.324515 0.784104
vt 0.329007 0.789887
vt 0.321833 0.788518
vt 0.089294 0.746751
vt 0.097442 0.748294
vt 0.091162 0.754348
vt 0.319774 0.752783
vt 0.313369 0.749375
vt 0.320645 0.745782
vt 0.313369 0.749375
vt 0.314686 0.744373
vt 0.320645 0.745782
vt 0.866090 0.678145
vt 0.859408 0.683876
vt 0.857850 0.675792
vt 0.216546 0.686332
vt 0.208230 0.684416
vt 0.210595 0.691882
vt 0.181763 0.857069
vt 0.180567 0.863903
vt 0.175033 0.861269
vt 0.313603 0.791823
vt 0.308456 0.782767
vt 0.317853 0.783484
vt 0.117495 0.798706
vt 0.107183 0.795520
vt 0.113875 0.791712
vt 0.239880 0.678388
vt 0.250174 0.681868
vt 0.247482 0.675197
vt 0.102404 0.619201
vt 0.105682 0.627119
vt 0.098002 0.628872
vt 0.224166 0.688577
vt 0.216546 0.686332
vt 0.219509 0.696218
vt 0.219509 0.696218
vt 0.216546 0.686332
vt 0.210595 0.691882
vt 0.308081 0.734503
vt 0.306589 0.725225
vt 0.316608 0.726793
vt 0.863046 0.669307
vt 0.855942 0.668415
vt 0.858964 0.660045
vt 0.858964 0.660045
vt 0.868180 0.663055
vt 0.863046 0.669307
vt 0.219509 0.696218
vt 0.229398 0.694571
vt 0.224166 0.688577
vt 0.869907 0.670739
vt 0.866090 0.678145
vt 0.863046 0.669307
vt 0.211000 0.698645
vt 0.219509 0.696218
vt 0.210595 0.691882
vt 0.210595 0.691882
vt 0.205387 0.696177
vt 0.211000 0.698645
vt 0.214227 0.704209
vt 0.219509 0.696218
vt 0.211000 0.698645
vt 0.314686 0.744373
vt 0.307803 0.744453
vt 0.317796 0.739277
vt 0.362883 0.727345
vt 0.369926 0.728345
vt 0.368705 0.733185
vt 0.103540 0.741390
vt 0.105614 0.750054
vt 0.097442 0.748294
vt 0.120232 0.782053
vt 0.120539 0.790487
vt 0.114989 0.786407
vt 0.120539 0.790487
vt 0.113875 0.791712
vt 0.114989 0.786407
vt 0.194722 0.625702
vt 0.198199 0.620407
vt 0.191564 0.618267
vt 0.190385 0.632874
vt 0.197184 0.632804
vt 0.194722 0.625702
vt 0.198199 0.620407
vt 0.203184 0.619940
vt 0.198307 0.612391
vt 0.317796 0.739277
vt 0.320645 0.745782
vt 0.314686 0.744373
vt 0.316608 0.726793
vt 0.323978 0.731987
vt 0.316665 0.733289
vt 0.204658 0.703363
vt 0.194505 0.704991
vt 0.200219 0.710963
vt 0.204658 0.703363
vt 0.200219 0.710963
vt 0.209657 0.709909
vt 0.829820 0.939507
vt 0.826840 0.940815
vt 0.824443 0.939068
vt 0.227701 0.706932
vt 0.226399 0.700786
vt 0.221430 0.704260
vt 0.117495 0.798706
vt 0.113875 0.791712
vt 0.120539 0.790487
vt 0.317796 0.739277
vt 0.307803 0.744453
vt 0.308081 0.734503
vt 0.204658 0.703363
vt 0.209657 0.709909
vt 0.214227 0.704209
vt 0.204658 0.703363
vt 0.214227 0.704209
vt 0.211000 0.698645
vt 0.095130 0.799396
vt 0.098579 0.789456
vt 0.107183 0.795520
vt 0.295287 0.730937
vt 0.306589 0.725225
vt 0.308081 0.734503
vt 0.299931 0.749513
vt 0.292053 0.748700
vt 0.298562 0.741492
vt 0.681030 0.682405
vt 0.686838 0.681770
vt 0.685669 0.689754
vt 0.036014 0.656028
vt 0.041063 0.652337
vt 0.030985 0.651063
vt 0.101681 0.756648
vt 0.097442 0.748294
vt 0.105614 0.750054
vt 0.098579 0.789456
vt 0.101380 0.782607
vt 0.108103 0.787622
vt 0.298562 0.741492
vt 0.308081 0.734503
vt 0.307803 0.744453
vt 0.194722 0.625702
vt 0.197184 0.632804
vt 0.201895 0.627214
vt 0.183232 0.631788
vt 0.184723 0.640599
vt 0.190385 0.632874
vt 0.307803 0.744453
vt 0.305256 0.752662
vt 0.299931 0.749513
vt 0.194722 0.625702
vt 0.201895 0.627214
vt 0.198199 0.620407
vt 0.435935 0.866735
vt 0.431434 0.864663
vt 0.429238 0.868845
vt 0.169893 0.645663
vt 0.175843 0.636609
vt 0.168520 0.636921
vt 0.827109 0.890065
vt 0.820341 0.887655
vt 0.816354 0.892060
vt 0.203184 0.619940
vt 0.198199 0.620407
vt 0.201895 0.627214
vt 0.207335 0.624121
vt 0.213953 0.625551
vt 0.207961 0.616375
vt 0.203184 0.619940
vt 0.207335 0.624121
vt 0.207961 0.616375
vt 0.805453 0.893682
vt 0.816354 0.892060
vt 0.813254 0.889849
vt 0.827109 0.890065
vt 0.836496 0.885475
vt 0.828307 0.882882
vt 0.299931 0.749513
vt 0.296984 0.756033
vt 0.292053 0.748700
vt 0.195722 0.643003
vt 0.187287 0.650662
vt 0.193950 0.650679
vt 0.827109 0.890065
vt 0.828307 0.882882
vt 0.820341 0.887655
vt 0.820341 0.887655
vt 0.828307 0.882882
vt 0.820911 0.883376
vt 0.820911 0.883376
vt 0.814433 0.885252
vt 0.820341 0.887655
vt 0.300561 0.752856
vt 0.296984 0.756033
vt 0.299931 0.749513
vt 0.305256 0.752662
vt 0.300561 0.752856
vt 0.299931 0.749513
vt 0.355532 0.734711
vt 0.360438 0.735249
vt 0.351524 0.737339
vt 0.360755 0.743406
vt 0.351524 0.737339
vt 0.360438 0.735249
vt 0.201895 0.627214
vt 0.207335 0.624121
vt 0.203184 0.619940
vt 0.195722 0.643003
vt 0.197184 0.632804
vt 0.190385 0.632874
vt 0.629032 0.896278
vt 0.632419 0.891925
vt 0.665154 0.887751
vt 0.021236 0.892404
vt 0.017943 0.902812
vt 0.013282 0.894975
vt 0.186702 0.625021
vt 0.190385 0.632874
vt 0.194722 0.625702
vt 0.813254 0.889849
vt 0.820341 0.887655
vt 0.814433 0.885252
vt 0.808360 0.888699
vt 0.805453 0.893682
vt 0.813254 0.889849
vt 0.820341 0.887655
vt 0.813254 0.889849
vt 0.816354 0.892060
vt 0.390072 0.985837
vt 0.385877 0.985548
vt 0.386800 0.987243
vt 0.193950 0.650679
vt 0.198460 0.651257
vt 0.195722 0.643003
vt 0.808360 0.888699
vt 0.813254 0.889849
vt 0.814433 0.885252
vt 0.190385 0.632874
vt 0.186702 0.625021
vt 0.183232 0.631788
vt 0.183232 0.631788
vt 0.186702 0.625021
vt 0.178678 0.626589
vt 0.184723 0.640599
vt 0.195722 0.643003
vt 0.190385 0.632874
vt 0.184723 0.640599
vt 0.183232 0.631788
vt 0.175843 0.636609
vt 0.175843 0.636609
vt 0.177439 0.647669
vt 0.184723 0.640599
vt 0.440325 0.917498
vt 0.450200 0.921323
vt 0.448105 0.915254
vt 0.184723 0.640599
vt 0.187287 0.650662
vt 0.195722 0.643003
vt 0.764207 0.889894
vt 0.758497 0.891871
vt 0.762099 0.894252
vt 0.764207 0.889894
vt 0.762099 0.894252
vt 0.770762 0.889881
vt 0.758712 0.886594
vt 0.758497 0.891871
vt 0.764207 0.889894
vt 0.173086 0.654403
vt 0.177439 0.647669
vt 0.169893 0.645663
vt 0.519368 0.862381
vt 0.513493 0.860654
vt 0.512542 0.863266
vt 0.519368 0.862381
vt 0.512542 0.863266
vt 0.520066 0.866885
vt 0.175843 0.636609
vt 0.169893 0.645663
vt 0.177439 0.647669
vt 0.164213 0.632123
vt 0.168520 0.636921
vt 0.170889 0.628771
vt 0.077783 0.730301
vt 0.075532 0.735481
vt 0.069258 0.729111
vt 0.442428 0.869673
vt 0.441180 0.867182
vt 0.435256 0.869840
vt 0.747195 0.913852
vt 0.755866 0.918404
vt 0.744312 0.918081
vt 0.747195 0.913852
vt 0.744312 0.918081
vt 0.737178 0.914324
vt 0.168520 0.636921
vt 0.164213 0.632123
vt 0.163731 0.642126
vt 0.169893 0.645663
vt 0.168520 0.636921
vt 0.163731 0.642126
vt 0.165104 0.648339
vt 0.169893 0.645663
vt 0.163731 0.642126
vt 0.402344 0.996094
vt 0.402344 0.996094
vt 0.402344 0.996094
vt 0.458811 0.939939
vt 0.449092 0.940221
vt 0.450643 0.944738
vt 0.212447 0.988034
vt 0.213852 0.985839
vt 0.208971 0.988248
vt 0.044537 0.962321
vt 0.038408 0.967294
vt 0.047801 0.968925
vt 0.236594 0.987499
vt 0.228587 0.984861
vt 0.230537 0.987117
vt 0.298562 0.741492
vt 0.295287 0.730937
vt 0.308081 0.734503
vt 0.905895 0.945114
vt 0.909121 0.946628
vt 0.901011 0.940539
vt 0.402344 0.996094
vt 0.402344 0.996094
vt 0.402344 0.996094
vt 0.402344 0.996094
vt 0.402344 0.996094
vt 0.402344 0.996094
vt 0.169893 0.645663
vt 0.165104 0.648339
vt 0.173086 0.654403
vt 0.688546 0.824386
vt 0.696881 0.824833
vt 0.690786 0.818229
vt 0.402344 0.996094
vt 0.402344 0.996094
vt 0.402344 0.996094
vt 0.402344 0.996094
vt 0.402344 0.996094
vt 0.402344 0.996094
vt 0.402344 0.996094
vt 0.402344 0.996094
vt 0.402344 0.996094
vt 0.402344 0.996094
vt 0.402344 0.996094
vt 0.402344 0.996094
vt 0.313603 0.791823
vt 0.304702 0.797050
vt 0.302318 0.789967
vt 0.390072 0.985837
vt 0.386800 0.987243
vt 0.394347 0.986552
vt 0.753286 0.889130
vt 0.758497 0.891871
vt 0.758712 0.886594
vt 0.423060 0.870607
vt 0.429238 0.868845
vt 0.420658 0.865965
vt 0.431434 0.864663
vt 0.420658 0.865965
vt 0.429238 0.868845
vt 0.684754 0.965584
vt 0.684188 0.967794
vt 0.690326 0.966153
vt 0.448710 0.866630
vt 0.452657 0.862901
vt 0.442044 0.862978
vt 0.402344 0.996094
vt 0.402344 0.996094
vt 0.402344 0.996094
vt 0.226399 0.700786
vt 0.227701 0.706932
vt 0.233929 0.701370
vt 0.407097 0.838153
vt 0.416446 0.839658
vt 0.416290 0.836517
vt 0.762099 0.894252
vt 0.778235 0.891475
vt 0.770762 0.889881
vt 0.460047 0.860901
vt 0.452657 0.862901
vt 0.460202 0.867025
vt 0.460202 0.867025
vt 0.448710 0.866630
vt 0.450501 0.870334
vt 0.460202 0.867025
vt 0.452657 0.862901
vt 0.448710 0.866630
vt 0.176459 0.914946
vt 0.180152 0.920395
vt 0.184944 0.918009
vt 0.418002 0.916029
vt 0.423292 0.919156
vt 0.417669 0.922857
vt 0.450803 0.858594
vt 0.452657 0.862901
vt 0.460047 0.860901
vt 0.460202 0.867025
vt 0.471107 0.870233
vt 0.474083 0.867028
vt 0.416290 0.836517
vt 0.431181 0.839529
vt 0.432901 0.835172
vt 0.168801 0.897428
vt 0.177194 0.893292
vt 0.169581 0.891389
vt 0.168801 0.897428
vt 0.182658 0.897024
vt 0.177194 0.893292
vt 0.418614 0.819318
vt 0.412386 0.821108
vt 0.418659 0.828275
vt 0.450501 0.870334
vt 0.448710 0.866630
vt 0.442428 0.869673
vt 0.441180 0.867182
vt 0.448710 0.866630
vt 0.442044 0.862978
vt 0.442044 0.862978
vt 0.435935 0.866735
vt 0.441180 0.867182
vt 0.435935 0.866735
vt 0.429238 0.868845
vt 0.435256 0.869840
vt 0.040289 0.744976
vt 0.037583 0.735906
vt 0.045483 0.738436
vt 0.016985 0.795555
vt 0.021795 0.792667
vt 0.012687 0.789747
vt 0.402344 0.996094
vt 0.402344 0.996094
vt 0.402344 0.996094
vt 0.236987 0.898426
vt 0.231627 0.890244
vt 0.241025 0.888110
vt 0.447492 0.734670
vt 0.438427 0.731323
vt 0.438969 0.738487
vt 0.448710 0.866630
vt 0.441180 0.867182
vt 0.442428 0.869673
vt 0.288568 0.740652
vt 0.295287 0.730937
vt 0.298562 0.741492
vt 0.098579 0.789456
vt 0.108103 0.787622
vt 0.107183 0.795520
vt 0.108103 0.787622
vt 0.113875 0.791712
vt 0.107183 0.795520
vt 0.418614 0.819318
vt 0.418659 0.828275
vt 0.424432 0.822114
vt 0.826426 0.944097
vt 0.824443 0.939068
vt 0.826840 0.940815
vt 0.114989 0.786407
vt 0.109775 0.779812
vt 0.120232 0.782053
vt 0.114989 0.786407
vt 0.108103 0.787622
vt 0.109775 0.779812
vt 0.090435 0.781847
vt 0.099016 0.774845
vt 0.101380 0.782607
vt 0.226399 0.700786
vt 0.233929 0.701370
vt 0.229398 0.694571
vt 0.879382 0.859383
vt 0.888279 0.858950
vt 0.884502 0.852371
vt 0.229398 0.694571
vt 0.233929 0.701370
vt 0.238714 0.694451
vt 0.679275 0.963856
vt 0.676265 0.967374
vt 0.684754 0.965584
vt 0.381839 0.868200
vt 0.388641 0.866681
vt 0.384763 0.864373
vt 0.219188 0.710352
vt 0.221430 0.704260
vt 0.214227 0.704209
vt 0.226399 0.700786
vt 0.219509 0.696218
vt 0.221430 0.704260
vt 0.214227 0.704209
vt 0.221430 0.704260
vt 0.219509 0.696218
vt 0.493019 0.921404
vt 0.501952 0.917246
vt 0.492158 0.917846
vt 0.101681 0.756648
vt 0.091162 0.754348
vt 0.097442 0.748294
vt 0.080345 0.749302
vt 0.089294 0.746751
vt 0.091162 0.754348
vt 0.101380 0.782607
vt 0.098579 0.789456
vt 0.090435 0.781847
vt 0.530761 0.921490
vt 0.523997 0.916988
vt 0.520882 0.921916
vt 0.020823 0.835146
vt 0.026300 0.831723
vt 0.020925 0.830732
vt 0.526539 0.656576
vt 0.512129 0.656055
vt 0.520220 0.659743
vt 0.105614 0.750054
vt 0.103540 0.741390
vt 0.111179 0.746111
vt 0.108103 0.787622
vt 0.101380 0.782607
vt 0.109775 0.779812
vt 0.109775 0.779812
vt 0.101380 0.782607
vt 0.099016 0.774845
vt 0.082866 0.741403
vt 0.075532 0.735481
vt 0.085966 0.734315
vt 0.038071 0.833117
vt 0.034075 0.830419
vt 0.038168 0.835399
vt 0.341583 0.858986
vt 0.339453 0.862368
vt 0.334777 0.861290
vt 0.343306 0.866941
vt 0.339453 0.862368
vt 0.341583 0.858986
vt 0.097442 0.748294
vt 0.089294 0.746751
vt 0.093270 0.740115
vt 0.550292 0.917584
vt 0.548609 0.923273
vt 0.556979 0.921788
vt 0.493019 0.921404
vt 0.499952 0.922901
vt 0.501952 0.917246
vt 0.089294 0.746751
vt 0.080345 0.749302
vt 0.082866 0.741403
vt 0.093270 0.740115
vt 0.098874 0.734286
vt 0.103540 0.741390
vt 0.020925 0.830732
vt 0.025766 0.827509
vt 0.017681 0.826559
vt 0.136845 0.863770
vt 0.143807 0.866395
vt 0.145618 0.862426
vt 0.134023 0.868165
vt 0.143807 0.866395
vt 0.136845 0.863770
vt 0.388641 0.866681
vt 0.388306 0.869872
vt 0.396122 0.866613
vt 0.310250 0.800598
vt 0.304702 0.797050
vt 0.313603 0.791823
vt 0.847412 0.720945
vt 0.842254 0.718713
vt 0.842429 0.725268
vt 0.085966 0.734315
vt 0.092972 0.729824
vt 0.093418 0.734670
vt 0.093418 0.734670
vt 0.093270 0.740115
vt 0.085966 0.734315
vt 0.092972 0.729824
vt 0.098874 0.734286
vt 0.093418 0.734670
vt 0.093418 0.734670
vt 0.098874 0.734286
vt 0.093270 0.740115
vt 0.073161 0.742092
vt 0.082866 0.741403
vt 0.080345 0.749302
vt 0.384763 0.864373
vt 0.391405 0.862875
vt 0.385518 0.859459
vt 0.029282 0.835933
vt 0.038168 0.835399
vt 0.034075 0.830419
vt 0.024405 0.821944
vt 0.025766 0.827509
vt 0.032802 0.823104
vt 0.381839 0.868200
vt 0.384763 0.864373
vt 0.375823 0.864185
vt 0.375823 0.864185
vt 0.384763 0.864373
vt 0.385518 0.859459
vt 0.085966 0.734315
vt 0.075532 0.735481
vt 0.077783 0.730301
vt 0.391405 0.862875
vt 0.384763 0.864373
vt 0.388641 0.866681
vt 0.391405 0.862875
vt 0.396122 0.866613
vt 0.399196 0.861081
vt 0.020823 0.835146
vt 0.014452 0.832404
vt 0.012354 0.838106
vt 0.388641 0.866681
vt 0.396122 0.866613
vt 0.391405 0.862875
vt 0.029282 0.835933
vt 0.020823 0.835146
vt 0.021905 0.840391
vt 0.029282 0.835933
vt 0.026300 0.831723
vt 0.020823 0.835146
vt 0.021905 0.840391
vt 0.034833 0.839720
vt 0.029282 0.835933
vt 0.048867 0.860535
vt 0.047758 0.868570
vt 0.054811 0.867282
vt 0.343306 0.866941
vt 0.341583 0.858986
vt 0.351307 0.862973
vt 0.034075 0.830419
vt 0.032802 0.823104
vt 0.025766 0.827509
vt 0.026300 0.831723
vt 0.034075 0.830419
vt 0.025766 0.827509
vt 0.082866 0.741403
vt 0.085966 0.734315
vt 0.093270 0.740115
vt 0.034075 0.830419
vt 0.026300 0.831723
vt 0.029282 0.835933
vt 0.034833 0.839720
vt 0.038168 0.835399
vt 0.029282 0.835933
vt 0.875252 0.658166
vt 0.875570 0.666583
vt 0.868180 0.663055
vt 0.402344 0.996094
vt 0.402344 0.996094
vt 0.402344 0.996094
vt 0.396122 0.866613
vt 0.388306 0.869872
vt 0.394695 0.870373
vt 0.778235 0.891475
vt 0.762099 0.894252
vt 0.778300 0.895063
vt 0.042032 0.888900
vt 0.043499 0.894801
vt 0.050007 0.894157
vt 0.676265 0.967374
vt 0.684188 0.967794
vt 0.684754 0.965584
vt 0.402344 0.996094
vt 0.402344 0.996094
vt 0.402344 0.996094
vt 0.149910 0.988156
vt 0.150142 0.986180
vt 0.141943 0.985069
vt 0.402344 0.996094
vt 0.402344 0.996094
vt 0.402344 0.996094
vt 0.149910 0.988156
vt 0.158810 0.986716
vt 0.150142 0.986180
vt 0.703548 0.966585
vt 0.699600 0.964373
vt 0.692713 0.967438
vt 0.181421 0.985773
vt 0.180187 0.988268
vt 0.188141 0.987850
vt 0.351515 0.985401
vt 0.358004 0.987327
vt 0.359887 0.983779
vt 0.402344 0.996094
vt 0.402344 0.996094
vt 0.402344 0.996094
vt 0.402344 0.996094
vt 0.402344 0.996094
vt 0.402344 0.996094
vt 0.684188 0.967794
vt 0.692713 0.967438
vt 0.690326 0.966153
vt 0.574034 0.937927
vt 0.583161 0.941469
vt 0.585274 0.936832
vt 0.580294 0.944146
vt 0.583161 0.941469
vt 0.574034 0.937927
vt 0.778534 0.586661
vt 0.778424 0.595244
vt 0.772902 0.590190
vt 0.402344 0.996094
vt 0.402344 0.996094
vt 0.402344 0.996094
vt 0.690326 0.966153
vt 0.692713 0.967438
vt 0.699600 0.964373
vt 0.460202 0.867025
vt 0.450501 0.870334
vt 0.461031 0.870918
vt 0.460202 0.867025
vt 0.461031 0.870918
vt 0.471107 0.870233
vt 0.424432 0.822114
vt 0.418659 0.828275
vt 0.426812 0.829595
vt 0.135807 0.988045
vt 0.149910 0.988156
vt 0.141943 0.985069
vt 0.134776 0.985687
vt 0.135807 0.988045
vt 0.141943 0.985069
vt 0.426812 0.829595
vt 0.432901 0.835172
vt 0.431380 0.832220
vt 0.426812 0.829595
vt 0.431380 0.832220
vt 0.431621 0.826426
vt 0.424432 0.822114
vt 0.426812 0.829595
vt 0.431621 0.826426
vt 0.432901 0.835172
vt 0.418659 0.828275
vt 0.416290 0.836517
vt 0.418659 0.828275
vt 0.432901 0.835172
vt 0.426812 0.829595
vt 0.402344 0.996094
vt 0.402344 0.996094
vt 0.402344 0.996094
vt 0.430506 0.986840
vt 0.449595 0.986809
vt 0.440049 0.984553
vt 0.787895 0.893390
vt 0.778235 0.891475
vt 0.778300 0.895063
vt 0.583161 0.941469
vt 0.600668 0.940658
vt 0.585274 0.936832
vt 0.047758 0.868570
vt 0.063503 0.872602
vt 0.054811 0.867282
vt 0.054811 0.867282
vt 0.061563 0.868550
vt 0.057474 0.861861
vt 0.128827 0.872164
vt 0.156607 0.868624
vt 0.138279 0.870023
vt 0.580294 0.944146
vt 0.600668 0.940658
vt 0.583161 0.941469
vt 0.402344 0.996094
vt 0.402344 0.996094
vt 0.402344 0.996094
vt 0.402344 0.996094
vt 0.402344 0.996094
vt 0.402344 0.996094
vt 0.138279 0.870023
vt 0.147448 0.868424
vt 0.143807 0.866395
vt 0.732345 0.683412
vt 0.724629 0.689454
vt 0.725603 0.680732
vt 0.402344 0.996094
vt 0.402344 0.996094
vt 0.402344 0.996094
vt 0.134023 0.868165
vt 0.128305 0.870716
vt 0.138279 0.870023
vt 0.071458 0.869485
vt 0.061563 0.868550
vt 0.063503 0.872602
vt 0.063503 0.872602
vt 0.061563 0.868550
vt 0.054811 0.867282
vt 0.138279 0.870023
vt 0.143807 0.866395
vt 0.134023 0.868165
vt 0.147448 0.868424
vt 0.138279 0.870023
vt 0.156607 0.868624
vt 0.048474 0.645630
vt 0.047622 0.652901
vt 0.054393 0.651566
vt 0.032469 0.614956
vt 0.029721 0.621874
vt 0.036911 0.621215
vt 0.029721 0.621874
vt 0.022119 0.626303
vt 0.029241 0.629444
vt 0.857993 0.726148
vt 0.852916 0.722518
vt 0.852523 0.731925
vt 0.032469 0.614956
vt 0.039789 0.613250
vt 0.032533 0.607887
vt 0.039789 0.613250
vt 0.032469 0.614956
vt 0.036911 0.621215
vt 0.362406 0.793495
vt 0.362530 0.798633
vt 0.370724 0.795983
vt 0.362406 0.793495
vt 0.370724 0.795983
vt 0.368133 0.791275
vt 0.726522 0.986097
vt 0.742498 0.986545
vt 0.712900 0.985184
vt 0.045234 0.657122
vt 0.054393 0.651566
vt 0.047622 0.652901
vt 0.262417 0.920192
vt 0.257902 0.919885
vt 0.258394 0.913019
vt 0.273278 0.834959
vt 0.264326 0.829866
vt 0.272941 0.823316
vt 0.566841 0.602131
vt 0.563194 0.608932
vt 0.558617 0.601953
vt 0.051686 0.636702
vt 0.041495 0.636009
vt 0.048474 0.645630
vt 0.136845 0.863770
vt 0.145618 0.862426
vt 0.142791 0.859086
vt 0.020053 0.633166
vt 0.019427 0.638131
vt 0.025256 0.635880
vt 0.267661 0.815414
vt 0.264013 0.822390
vt 0.258429 0.816340
vt 0.126817 0.867272
vt 0.136845 0.863770
vt 0.130742 0.862775
vt 0.581164 0.916187
vt 0.575733 0.920253
vt 0.583552 0.920154
vt 0.057474 0.861861
vt 0.048867 0.860535
vt 0.054811 0.867282
vt 0.335238 0.959509
vt 0.332358 0.962859
vt 0.327489 0.962977
vt 0.500244 0.665850
vt 0.499214 0.660567
vt 0.491655 0.660669
vt 0.500244 0.665850
vt 0.491655 0.660669
vt 0.490734 0.667981
vt 0.033853 0.636443
vt 0.029241 0.629444
vt 0.025256 0.635880
vt 0.035330 0.628688
vt 0.029241 0.629444
vt 0.033853 0.636443
vt 0.054025 0.643128
vt 0.051686 0.636702
vt 0.048474 0.645630
vt 0.295844 0.697942
vt 0.288679 0.707081
vt 0.301053 0.704749
vt 0.868180 0.663055
vt 0.866629 0.652630
vt 0.875252 0.658166
vt 0.041495 0.636009
vt 0.051686 0.636702
vt 0.045710 0.630183
vt 0.130742 0.862775
vt 0.123550 0.863268
vt 0.126817 0.867272
vt 0.048474 0.645630
vt 0.037954 0.643676
vt 0.041063 0.652337
vt 0.047622 0.652901
vt 0.048474 0.645630
vt 0.041063 0.652337
vt 0.020053 0.633166
vt 0.013991 0.632680
vt 0.019427 0.638131
vt 0.131986 0.857976
vt 0.123550 0.863268
vt 0.130742 0.862775
vt 0.019427 0.638131
vt 0.013991 0.632680
vt 0.015675 0.641904
vt 0.041063 0.652337
vt 0.037954 0.643676
vt 0.030985 0.651063
vt 0.145618 0.862426
vt 0.143807 0.866395
vt 0.153328 0.863124
vt 0.029721 0.621874
vt 0.029241 0.629444
vt 0.035330 0.628688
vt 0.142791 0.859086
vt 0.135989 0.860275
vt 0.136845 0.863770
vt 0.136845 0.863770
vt 0.135989 0.860275
vt 0.130742 0.862775
vt 0.421026 0.740040
vt 0.430041 0.739720
vt 0.425269 0.734054
vt 0.828425 0.729886
vt 0.836335 0.724638
vt 0.829963 0.721371
vt 0.040863 0.627733
vt 0.035330 0.628688
vt 0.041495 0.636009
vt 0.045710 0.630183
vt 0.040863 0.627733
vt 0.041495 0.636009
vt 0.852523 0.731925
vt 0.852916 0.722518
vt 0.847214 0.727865
vt 0.025256 0.635880
vt 0.029241 0.629444
vt 0.022119 0.626303
vt 0.362406 0.793495
vt 0.356601 0.788986
vt 0.354723 0.795428
vt 0.013991 0.632680
vt 0.022119 0.626303
vt 0.013487 0.620662
vt 0.308995 0.773507
vt 0.303292 0.778831
vt 0.297652 0.774722
vt 0.022119 0.626303
vt 0.020053 0.633166
vt 0.025256 0.635880
vt 0.020053 0.633166
vt 0.022119 0.626303
vt 0.013991 0.632680
vt 0.153328 0.863124
vt 0.151519 0.859424
vt 0.145618 0.862426
vt 0.142791 0.859086
vt 0.145618 0.862426
vt 0.151519 0.859424
vt 0.272941 0.823316
vt 0.264326 0.829866
vt 0.264013 0.822390
vt 0.603576 0.923631
vt 0.608056 0.916062
vt 0.599730 0.919814
vt 0.020044 0.870374
vt 0.022598 0.865207
vt 0.027732 0.871488
vt 0.033853 0.636443
vt 0.041495 0.636009
vt 0.035330 0.628688
vt 0.032469 0.614956
vt 0.022665 0.612107
vt 0.029721 0.621874
vt 0.032533 0.607887
vt 0.022665 0.612107
vt 0.032469 0.614956
vt 0.847214 0.727865
vt 0.847412 0.720945
vt 0.842429 0.725268
vt 0.287545 0.699047
vt 0.288679 0.707081
vt 0.295844 0.697942
vt 0.517624 0.801748
vt 0.529313 0.801578
vt 0.524907 0.794161
vt 0.048474 0.645630
vt 0.041495 0.636009
vt 0.037954 0.643676
vt 0.255033 0.832743
vt 0.258275 0.825087
vt 0.264326 0.829866
vt 0.287545 0.699047
vt 0.295844 0.697942
vt 0.289066 0.692663
vt 0.308456 0.782767
vt 0.302318 0.789967
vt 0.298248 0.782984
vt 0.351307 0.862973
vt 0.355707 0.870987
vt 0.343306 0.866941
vt 0.022598 0.865207
vt 0.020044 0.870374
vt 0.013575 0.865201
vt 0.308456 0.782767
vt 0.303292 0.778831
vt 0.308995 0.773507
vt 0.592030 0.737445
vt 0.592954 0.743506
vt 0.597916 0.738312
vt 0.828425 0.729886
vt 0.831461 0.737862
vt 0.836026 0.731381
vt 0.264071 0.838828
vt 0.255033 0.832743
vt 0.264326 0.829866
vt 0.472908 0.892878
vt 0.481742 0.889541
vt 0.478920 0.898180
vt 0.882068 0.865928
vt 0.888279 0.858950
vt 0.879382 0.859383
vt 0.836026 0.731381
vt 0.836335 0.724638
vt 0.828425 0.729886
vt 0.436447 0.963743
vt 0.440366 0.967418
vt 0.432966 0.967032
vt 0.946195 0.858997
vt 0.938035 0.857463
vt 0.937994 0.862861
vt 0.937994 0.862861
vt 0.938035 0.857463
vt 0.932380 0.862231
vt 0.269569 0.682625
vt 0.265186 0.676954
vt 0.260723 0.683827
vt 0.269569 0.682625
vt 0.274655 0.687198
vt 0.276958 0.681256
vt 0.277905 0.673528
vt 0.271742 0.676641
vt 0.276958 0.681256
vt 0.276958 0.681256
vt 0.271742 0.676641
vt 0.269569 0.682625
vt 0.271742 0.676641
vt 0.265186 0.676954
vt 0.269569 0.682625
vt 0.432966 0.967032
vt 0.433331 0.960377
vt 0.436447 0.963743
vt 0.588207 0.740595
vt 0.592954 0.743506
vt 0.592030 0.737445
vt 0.858034 0.731902
vt 0.857993 0.726148
vt 0.852523 0.731925
vt 0.272165 0.702164
vt 0.280962 0.701034
vt 0.275569 0.694299
vt 0.275569 0.694299
vt 0.280962 0.701034
vt 0.283049 0.695215
vt 0.845726 0.735020
vt 0.849427 0.740985
vt 0.852523 0.731925
vt 0.282210 0.687908
vt 0.289066 0.692663
vt 0.289854 0.684762
vt 0.849427 0.740985
vt 0.856275 0.737866
vt 0.852523 0.731925
vt 0.847214 0.727865
vt 0.845726 0.735020
vt 0.852523 0.731925
vt 0.436244 0.621741
vt 0.430736 0.627939
vt 0.440427 0.627816
vt 0.075171 0.962819
vt 0.079541 0.965981
vt 0.075975 0.969822
vt 0.549643 0.613606
vt 0.544828 0.609955
vt 0.554382 0.609557
vt 0.448935 0.627807
vt 0.444858 0.620427
vt 0.440427 0.627816
vt 0.054393 0.651566
vt 0.045234 0.657122
vt 0.060068 0.655694
vt 0.852523 0.731925
vt 0.856275 0.737866
vt 0.858034 0.731902
vt 0.021710 0.684071
vt 0.022377 0.692947
vt 0.015636 0.690553
vt 0.938035 0.857463
vt 0.946195 0.858997
vt 0.944497 0.851304
vt 0.093270 0.740115
vt 0.089294 0.746751
vt 0.082866 0.741403
vt 0.264013 0.822390
vt 0.258275 0.825087
vt 0.258429 0.816340
vt 0.258275 0.825087
vt 0.264013 0.822390
vt 0.264326 0.829866
vt 0.888584 0.869012
vt 0.899001 0.865966
vt 0.891423 0.863730
vt 0.267661 0.815414
vt 0.272941 0.823316
vt 0.264013 0.822390
vt 0.858964 0.660045
vt 0.866629 0.652630
vt 0.868180 0.663055
vt 0.251550 0.822338
vt 0.258429 0.816340
vt 0.258275 0.825087
vt 0.268379 0.689151
vt 0.275569 0.694299
vt 0.274655 0.687198
vt 0.276958 0.681256
vt 0.274655 0.687198
vt 0.282210 0.687908
vt 0.283049 0.695215
vt 0.282210 0.687908
vt 0.275569 0.694299
vt 0.275569 0.694299
vt 0.282210 0.687908
vt 0.274655 0.687198
vt 0.261783 0.690969
vt 0.268379 0.689151
vt 0.260723 0.683827
vt 0.260723 0.683827
vt 0.268379 0.689151
vt 0.269569 0.682625
vt 0.253948 0.689568
vt 0.243953 0.687888
vt 0.248734 0.695289
vt 0.253948 0.689568
vt 0.261783 0.690969
vt 0.260723 0.683827
vt 0.260723 0.683827
vt 0.250174 0.681868
vt 0.253948 0.689568
vt 0.177533 0.962819
vt 0.184599 0.962311
vt 0.182417 0.967769
vt 0.253948 0.689568
vt 0.258499 0.696716
vt 0.261783 0.690969
vt 0.264629 0.701003
vt 0.267053 0.695768
vt 0.258499 0.696716
vt 0.261783 0.690969
vt 0.258499 0.696716
vt 0.267053 0.695768
vt 0.313603 0.791823
vt 0.321833 0.788518
vt 0.322811 0.794860
vt 0.896981 0.859006
vt 0.891423 0.863730
vt 0.899001 0.865966
vt 0.896981 0.859006
vt 0.903640 0.853777
vt 0.894205 0.852778
vt 0.248734 0.695289
vt 0.258499 0.696716
vt 0.253948 0.689568
vt 0.888279 0.858950
vt 0.891423 0.863730
vt 0.896981 0.859006
vt 0.888279 0.858950
vt 0.896981 0.859006
vt 0.894205 0.852778
vt 0.308456 0.782767
vt 0.298248 0.782984
vt 0.303292 0.778831
vt 0.027732 0.871488
vt 0.022598 0.865207
vt 0.029362 0.864343
vt 0.029362 0.864343
vt 0.022598 0.865207
vt 0.022122 0.856103
vt 0.022122 0.856103
vt 0.022598 0.865207
vt 0.013575 0.865201
vt 0.315206 0.777682
vt 0.323253 0.777588
vt 0.317853 0.783484
vt 0.308456 0.782767
vt 0.308995 0.773507
vt 0.315206 0.777682
vt 0.267053 0.695768
vt 0.272165 0.702164
vt 0.275569 0.694299
vt 0.268379 0.689151
vt 0.267053 0.695768
vt 0.275569 0.694299
vt 0.267053 0.695768
vt 0.264629 0.701003
vt 0.272165 0.702164
vt 0.321833 0.788518
vt 0.317853 0.783484
vt 0.324515 0.784104
vt 0.324515 0.784104
vt 0.317853 0.783484
vt 0.323253 0.777588
vt 0.978307 0.764672
vt 0.978260 0.771938
vt 0.969309 0.765397
vt 0.968906 0.773822
vt 0.969309 0.765397
vt 0.978260 0.771938
vt 0.964984 0.714620
vt 0.969538 0.705493
vt 0.959202 0.709546
vt 0.978260 0.771938
vt 0.978307 0.764672
vt 0.986205 0.768607
vt 0.447401 0.602493
vt 0.440697 0.605449
vt 0.449727 0.608353
vt 0.250762 0.618830
vt 0.244469 0.619775
vt 0.246850 0.625021
vt 0.771528 0.611215
vt 0.778351 0.608036
vt 0.780865 0.615365
vt 0.969309 0.765397
vt 0.971472 0.757245
vt 0.978307 0.764672
vt 0.401887 0.794351
vt 0.411670 0.794051
vt 0.409317 0.800985
vt 0.242284 0.630445
vt 0.249938 0.631520
vt 0.246850 0.625021
vt 0.146670 0.942824
vt 0.142602 0.947217
vt 0.141739 0.940838
vt 0.969756 0.733131
vt 0.957131 0.731722
vt 0.959266 0.738812
vt 0.203327 0.786712
vt 0.195104 0.783956
vt 0.198014 0.791892
vt 0.144921 0.786831
vt 0.150000 0.783840
vt 0.141973 0.777993
vt 0.641128 0.620466
vt 0.644027 0.614310
vt 0.648632 0.621018
vt 0.708479 0.775675
vt 0.707103 0.767056
vt 0.699026 0.769778
vt 0.969756 0.733131
vt 0.980303 0.731841
vt 0.977563 0.728214
vt 0.582897 0.681872
vt 0.583693 0.674201
vt 0.575871 0.680988
vt 0.402344 0.996094
vt 0.402344 0.996094
vt 0.402344 0.996094
vt 0.969309 0.765397
vt 0.961767 0.767561
vt 0.963769 0.759846
vt 0.250762 0.618830
vt 0.246850 0.625021
vt 0.254495 0.624906
vt 0.832761 0.812535
vt 0.825690 0.814359
vt 0.827555 0.808332
vt 0.656249 0.599854
vt 0.655612 0.607365
vt 0.650958 0.604738
vt 0.748366 0.663451
vt 0.752393 0.656162
vt 0.757022 0.662318
vt 0.575871 0.680988
vt 0.578310 0.688929
vt 0.582897 0.681872
vt 0.953752 0.723669
vt 0.962436 0.722147
vt 0.958218 0.716942
vt 0.200725 0.772847
vt 0.200988 0.779526
vt 0.204729 0.776237
vt 0.699026 0.769778
vt 0.700646 0.783521
vt 0.708479 0.775675
vt 0.968554 0.739749
vt 0.969756 0.733131
vt 0.959266 0.738812
vt 0.655612 0.607365
vt 0.651103 0.612284
vt 0.650958 0.604738
vt 0.567630 0.679787
vt 0.568589 0.687764
vt 0.575871 0.680988
vt 0.980303 0.731841
vt 0.984280 0.727469
vt 0.977563 0.728214
vt 0.568589 0.687764
vt 0.567630 0.679787
vt 0.559826 0.685944
vt 0.567851 0.696834
vt 0.578310 0.688929
vt 0.568589 0.687764
vt 0.708479 0.775675
vt 0.714788 0.768040
vt 0.707103 0.767056
vt 0.716677 0.778375
vt 0.714788 0.768040
vt 0.708479 0.775675
vt 0.573879 0.673991
vt 0.583693 0.674201
vt 0.577950 0.668548
vt 0.571769 0.667921
vt 0.573879 0.673991
vt 0.577950 0.668548
vt 0.624640 0.614683
vt 0.628276 0.620878
vt 0.620050 0.622335
vt 0.592977 0.676795
vt 0.600472 0.673013
vt 0.593478 0.668378
vt 0.575871 0.680988
vt 0.568589 0.687764
vt 0.578310 0.688929
vt 0.738791 0.666853
vt 0.734159 0.658625
vt 0.743512 0.656885
vt 0.285028 0.616125
vt 0.278747 0.617431
vt 0.283255 0.621125
vt 0.278747 0.617431
vt 0.277445 0.625172
vt 0.283255 0.621125
vt 0.644733 0.606884
vt 0.635779 0.611670
vt 0.640057 0.602131
vt 0.284867 0.626809
vt 0.283255 0.621125
vt 0.277445 0.625172
vt 0.771950 0.620639
vt 0.763066 0.613764
vt 0.771528 0.611215
vt 0.289798 0.620388
vt 0.283255 0.621125
vt 0.284867 0.626809
vt 0.096314 0.943255
vt 0.091545 0.944871
vt 0.092313 0.938907
vt 0.583876 0.664758
vt 0.575168 0.662725
vt 0.577950 0.668548
vt 0.896334 0.886527
vt 0.891385 0.895298
vt 0.887647 0.884353
vt 0.592171 0.659273
vt 0.581139 0.655435
vt 0.583876 0.664758
vt 0.583876 0.664758
vt 0.581139 0.655435
vt 0.575168 0.662725
vt 0.289798 0.620388
vt 0.284867 0.626809
vt 0.291287 0.627203
vt 0.740346 0.569648
vt 0.735885 0.563721
vt 0.742514 0.562430
vt 0.740346 0.569648
vt 0.736886 0.576909
vt 0.733316 0.570036
vt 0.296540 0.623842
vt 0.289798 0.620388
vt 0.291287 0.627203
vt 0.733316 0.570036
vt 0.735885 0.563721
vt 0.740346 0.569648
vt 0.320303 0.891462
vt 0.317208 0.886971
vt 0.324204 0.888765
vt 0.315617 0.893808
vt 0.317208 0.886971
vt 0.320303 0.891462
vt 0.324204 0.888765
vt 0.324124 0.896544
vt 0.320303 0.891462
vt 0.284867 0.626809
vt 0.279483 0.633644
vt 0.288758 0.633752
vt 0.656249 0.599854
vt 0.650958 0.604738
vt 0.647471 0.597005
vt 0.291287 0.627203
vt 0.288758 0.633752
vt 0.297021 0.631175
vt 0.073263 0.690332
vt 0.074274 0.696276
vt 0.081181 0.691137
vt 0.600472 0.673013
vt 0.592977 0.676795
vt 0.601899 0.679815
vt 0.836647 0.817642
vt 0.835413 0.822061
vt 0.831082 0.818454
vt 0.253779 0.646356
vt 0.249614 0.642467
vt 0.245739 0.646682
vt 0.791778 0.614248
vt 0.799601 0.610329
vt 0.800704 0.618428
vt 0.575871 0.680988
vt 0.583693 0.674201
vt 0.573879 0.673991
vt 0.587516 0.679434
vt 0.582897 0.681872
vt 0.590399 0.685096
vt 0.663657 0.557149
vt 0.666377 0.564869
vt 0.655706 0.563667
vt 0.624640 0.614683
vt 0.621897 0.608767
vt 0.627802 0.606681
vt 0.654203 0.591813
vt 0.649377 0.588052
vt 0.655838 0.582963
vt 0.297021 0.631175
vt 0.301710 0.626699
vt 0.296540 0.623842
vt 0.627802 0.606681
vt 0.629189 0.613506
vt 0.624640 0.614683
vt 0.624640 0.614683
vt 0.619260 0.615527
vt 0.621897 0.608767
vt 0.277445 0.625172
vt 0.279483 0.633644
vt 0.284867 0.626809
vt 0.144921 0.786831
vt 0.141973 0.777993
vt 0.136774 0.786058
vt 0.627802 0.606681
vt 0.623118 0.599344
vt 0.627999 0.599728
vt 0.720737 0.785900
vt 0.716677 0.778375
vt 0.710902 0.785842
vt 0.655838 0.582963
vt 0.666619 0.582348
vt 0.662167 0.591814
vt 0.620050 0.622335
vt 0.619260 0.615527
vt 0.624640 0.614683
vt 0.629189 0.613506
vt 0.635779 0.611670
vt 0.628276 0.620878
vt 0.628276 0.620878
vt 0.635779 0.611670
vt 0.635124 0.622364
vt 0.624640 0.614683
vt 0.629189 0.613506
vt 0.628276 0.620878
vt 0.635124 0.622364
vt 0.635779 0.611670
vt 0.641128 0.620466
vt 0.644027 0.614310
vt 0.641128 0.620466
vt 0.635779 0.611670
vt 0.074260 0.703110
vt 0.074274 0.696276
vt 0.067492 0.700693
vt 0.152618 0.799080
vt 0.157339 0.798477
vt 0.152388 0.792829
vt 0.402344 0.996094
vt 0.402344 0.996094
vt 0.402344 0.996094
vt 0.621897 0.608767
vt 0.616262 0.612239
vt 0.617142 0.604022
vt 0.152388 0.792829
vt 0.156863 0.788484
vt 0.150000 0.783840
vt 0.144921 0.786831
vt 0.152388 0.792829
vt 0.150000 0.783840
vt 0.152388 0.792829
vt 0.164099 0.796254
vt 0.156863 0.788484
vt 0.150000 0.783840
vt 0.156863 0.788484
vt 0.156598 0.782089
vt 0.650958 0.604738
vt 0.644733 0.606884
vt 0.647471 0.597005
vt 0.163427 0.785428
vt 0.171640 0.790961
vt 0.168662 0.786843
vt 0.245518 0.739918
vt 0.253624 0.737634
vt 0.245713 0.734335
vt 0.621897 0.608767
vt 0.619260 0.615527
vt 0.616262 0.612239
vt 0.620050 0.622335
vt 0.614316 0.620226
vt 0.619260 0.615527
vt 0.070181 0.939880
vt 0.069687 0.943418
vt 0.067002 0.937488
vt 0.074528 0.939484
vt 0.070181 0.939880
vt 0.067002 0.937488
vt 0.716677 0.778375
vt 0.708479 0.775675
vt 0.710902 0.785842
vt 0.402344 0.996094
vt 0.402344 0.996094
vt 0.402344 0.996094
vt 0.402344 0.996094
vt 0.402344 0.996094
vt 0.402344 0.996094
vt 0.402344 0.996094
vt 0.402344 0.996094
vt 0.402344 0.996094
vt 0.168954 0.784057
vt 0.168662 0.786843
vt 0.171640 0.790961
vt 0.402344 0.996094
vt 0.402344 0.996094
vt 0.402344 0.996094
vt 0.195104 0.783956
vt 0.203327 0.786712
vt 0.200988 0.779526
vt 0.136774 0.786058
vt 0.144718 0.793565
vt 0.144921 0.786831
vt 0.716677 0.778375
vt 0.722664 0.775568
vt 0.714788 0.768040
vt 0.968906 0.773822
vt 0.975945 0.779959
vt 0.967057 0.785113
vt 0.232311 0.915058
vt 0.225141 0.920366
vt 0.238304 0.915621
vt 0.292195 0.915890
vt 0.291492 0.919344
vt 0.296924 0.915281
vt 0.223472 0.826413
vt 0.220885 0.832895
vt 0.226439 0.832416
vt 0.447847 0.697872
vt 0.444171 0.696807
vt 0.436543 0.698577
vt 0.436543 0.698577
vt 0.443943 0.701395
vt 0.447847 0.697872
vt 0.261997 0.986723
vt 0.265263 0.984004
vt 0.256886 0.986047
vt 0.753082 0.858624
vt 0.748157 0.859458
vt 0.752760 0.854540
vt 0.402344 0.996094
vt 0.402344 0.996094
vt 0.402344 0.996094
vt 0.700646 0.783521
vt 0.689299 0.793043
vt 0.710902 0.785842
vt 0.616262 0.612239
vt 0.611634 0.611463
vt 0.617142 0.604022
vt 0.720737 0.785900
vt 0.709119 0.789370
vt 0.720382 0.786237
vt 0.402344 0.996094
vt 0.402344 0.996094
vt 0.402344 0.996094
vt 0.205969 0.838626
vt 0.216490 0.835321
vt 0.207031 0.832453
vt 0.400203 0.922937
vt 0.393740 0.919527
vt 0.398271 0.919109
vt 0.164099 0.796254
vt 0.157339 0.798477
vt 0.151925 0.802503
vt 0.624667 0.989489
vt 0.675028 0.986392
vt 0.663773 0.986098
vt 0.402344 0.996094
vt 0.402344 0.996094
vt 0.402344 0.996094
vt 0.669364 0.550825
vt 0.666361 0.542524
vt 0.674835 0.545544
vt 0.292195 0.915890
vt 0.284909 0.915756
vt 0.282064 0.921180
vt 0.723242 0.780955
vt 0.716677 0.778375
vt 0.720737 0.785900
vt 0.716677 0.778375
vt 0.723242 0.780955
vt 0.721103 0.778355
vt 0.708479 0.775675
vt 0.700646 0.783521
vt 0.710902 0.785842
vt 0.709119 0.789370
vt 0.710902 0.785842
vt 0.689299 0.793043
vt 0.720737 0.785900
vt 0.710902 0.785842
vt 0.709119 0.789370
vt 0.968554 0.739749
vt 0.959266 0.738812
vt 0.958860 0.741892
vt 0.860952 0.989424
vt 0.861266 0.986292
vt 0.868597 0.986806
vt 0.963769 0.759846
vt 0.971472 0.757245
vt 0.969309 0.765397
vt 0.959266 0.738812
vt 0.958797 0.740972
vt 0.958860 0.741892
vt 0.447847 0.697872
vt 0.447324 0.696624
vt 0.444171 0.696807
vt 0.264151 0.987638
vt 0.265263 0.984004
vt 0.261997 0.986723
vt 0.152618 0.799080
vt 0.144718 0.793565
vt 0.145351 0.798941
vt 0.152388 0.792829
vt 0.144718 0.793565
vt 0.152618 0.799080
vt 0.144921 0.786831
vt 0.144718 0.793565
vt 0.152388 0.792829
vt 0.594939 0.691897
vt 0.590399 0.685096
vt 0.585961 0.693344
vt 0.594939 0.691897
vt 0.600400 0.687975
vt 0.590399 0.685096
vt 0.594939 0.691897
vt 0.599175 0.691940
vt 0.600400 0.687975
vt 0.291492 0.919344
vt 0.292195 0.915890
vt 0.282064 0.921180
vt 0.973971 0.714860
vt 0.968009 0.719200
vt 0.971083 0.724231
vt 0.156863 0.788484
vt 0.164099 0.796254
vt 0.163427 0.785428
vt 0.156863 0.788484
vt 0.163427 0.785428
vt 0.156598 0.782089
vt 0.734159 0.658625
vt 0.738112 0.648318
vt 0.743512 0.656885
vt 0.742855 0.857952
vt 0.738480 0.863750
vt 0.735761 0.858303
vt 0.614316 0.620226
vt 0.613324 0.614191
vt 0.616262 0.612239
vt 0.614316 0.620226
vt 0.616262 0.612239
vt 0.619260 0.615527
vt 0.402344 0.996094
vt 0.402344 0.996094
vt 0.402344 0.996094
vt 0.163427 0.785428
vt 0.164099 0.796254
vt 0.171640 0.790961
vt 0.226439 0.832416
vt 0.232903 0.825945
vt 0.223472 0.826413
vt 0.205969 0.838626
vt 0.207031 0.832453
vt 0.194850 0.838679
vt 0.223472 0.826413
vt 0.218037 0.819728
vt 0.214586 0.827189
vt 0.222761 0.836986
vt 0.216490 0.835321
vt 0.205969 0.838626
vt 0.214586 0.827189
vt 0.220885 0.832895
vt 0.223472 0.826413
vt 0.429103 0.794403
vt 0.426398 0.787873
vt 0.434759 0.788512
vt 0.216490 0.835321
vt 0.222761 0.836986
vt 0.220885 0.832895
vt 0.216490 0.835321
vt 0.220885 0.832895
vt 0.214586 0.827189
vt 0.226439 0.832416
vt 0.220885 0.832895
vt 0.222761 0.836986
vt 0.402344 0.996094
vt 0.402344 0.996094
vt 0.402344 0.996094
vt 0.290655 0.612496
vt 0.290212 0.603739
vt 0.282682 0.609805
vt 0.402344 0.996094
vt 0.402344 0.996094
vt 0.402344 0.996094
vt 0.402344 0.996094
vt 0.402344 0.996094
vt 0.402344 0.996094
vt 0.402344 0.996094
vt 0.402344 0.996094
vt 0.402344 0.996094
vt 0.476676 0.742167
vt 0.468530 0.752852
vt 0.473127 0.737371
vt 0.473788 0.733962
vt 0.476676 0.742167
vt 0.473127 0.737371
vt 0.684482 0.941235
vt 0.668946 0.945794
vt 0.687902 0.940562
vt 0.654203 0.591813
vt 0.647471 0.597005
vt 0.649377 0.588052
vt 0.652764 0.547445
vt 0.655778 0.554484
vt 0.646102 0.554469
vt 0.402344 0.996094
vt 0.402344 0.996094
vt 0.402344 0.996094
vt 0.736366 0.868147
vt 0.732908 0.866376
vt 0.738480 0.863750
vt 0.476676 0.742167
vt 0.469757 0.759061
vt 0.468530 0.752852
vt 0.402344 0.996094
vt 0.402344 0.996094
vt 0.402344 0.996094
vt 0.402344 0.996094
vt 0.402344 0.996094
vt 0.402344 0.996094
vt 0.075459 0.672776
vt 0.067777 0.677700
vt 0.076697 0.683245
vt 0.402344 0.996094
vt 0.402344 0.996094
vt 0.402344 0.996094
vt 0.402344 0.996094
vt 0.402344 0.996094
vt 0.402344 0.996094
vt 0.402344 0.996094
vt 0.402344 0.996094
vt 0.402344 0.996094
vt 0.402344 0.996094
vt 0.402344 0.996094
vt 0.402344 0.996094
vt 0.402344 0.996094
vt 0.402344 0.996094
vt 0.402344 0.996094
vt 0.402344 0.996094
vt 0.402344 0.996094
vt 0.402344 0.996094
vt 0.608250 0.894741
vt 0.602985 0.891389
vt 0.597583 0.896546
vt 0.608250 0.894741
vt 0.597583 0.896546
vt 0.603113 0.897332
vt 0.608250 0.894741
vt 0.612105 0.887915
vt 0.602985 0.891389
vt 0.402344 0.996094
vt 0.402344 0.996094
vt 0.402344 0.996094
vt 0.402344 0.996094
vt 0.402344 0.996094
vt 0.402344 0.996094
vt 0.674835 0.545544
vt 0.666361 0.542524
vt 0.675132 0.538883
vt 0.746254 0.853622
vt 0.742855 0.857952
vt 0.735761 0.858303
vt 0.635247 0.590079
vt 0.633359 0.599781
vt 0.628111 0.593331
vt 0.639682 0.595466
vt 0.633359 0.599781
vt 0.635247 0.590079
vt 0.081181 0.691137
vt 0.082977 0.698495
vt 0.091027 0.693391
vt 0.402344 0.996094
vt 0.402344 0.996094
vt 0.402344 0.996094
vt 0.485185 0.736361
vt 0.482553 0.728800
vt 0.491633 0.731026
vt 0.485185 0.736361
vt 0.473788 0.733962
vt 0.482553 0.728800
vt 0.944944 0.720190
vt 0.946243 0.727614
vt 0.953752 0.723669
vt 0.024682 0.987220
vt 0.019773 0.985447
vt 0.038553 0.986578
vt 0.402344 0.996094
vt 0.402344 0.996094
vt 0.402344 0.996094
vt 0.095468 0.706740
vt 0.090833 0.708608
vt 0.097337 0.710277
vt 0.752760 0.854540
vt 0.742855 0.857952
vt 0.746254 0.853622
vt 0.090833 0.708608
vt 0.078875 0.707744
vt 0.097337 0.710277
vt 0.645820 0.536873
vt 0.651368 0.540637
vt 0.645766 0.544051
vt 0.402344 0.996094
vt 0.402344 0.996094
vt 0.402344 0.996094
vt 0.402344 0.996094
vt 0.402344 0.996094
vt 0.402344 0.996094
vt 0.402344 0.996094
vt 0.402344 0.996094
vt 0.402344 0.996094
vt 0.735761 0.858303
vt 0.738480 0.863750
vt 0.732908 0.866376
vt 0.633906 0.911008
vt 0.635268 0.917627
vt 0.629528 0.920006
vt 0.861766 0.884271
vt 0.852725 0.888577
vt 0.860821 0.893696
vt 0.652764 0.547445
vt 0.645766 0.544051
vt 0.651368 0.540637
vt 0.667222 0.536237
vt 0.675132 0.538883
vt 0.666361 0.542524
vt 0.667222 0.536237
vt 0.666361 0.542524
vt 0.660965 0.538255
vt 0.105545 0.700251
vt 0.098835 0.697854
vt 0.099806 0.704619
vt 0.099806 0.704619
vt 0.098835 0.697854
vt 0.091996 0.702323
vt 0.103963 0.694896
vt 0.098835 0.697854
vt 0.105545 0.700251
vt 0.742855 0.857952
vt 0.752760 0.854540
vt 0.748157 0.859458
vt 0.476676 0.742167
vt 0.485185 0.736361
vt 0.488419 0.744374
vt 0.485185 0.736361
vt 0.476676 0.742167
vt 0.473788 0.733962
vt 0.623178 0.580618
vt 0.629634 0.583000
vt 0.622781 0.589026
vt 0.065175 0.694271
vt 0.067492 0.700693
vt 0.074274 0.696276
vt 0.638894 0.547121
vt 0.634160 0.543050
vt 0.639012 0.539782
vt 0.633767 0.538823
vt 0.639012 0.539782
vt 0.634160 0.543050
vt 0.633767 0.538823
vt 0.642108 0.535428
vt 0.639012 0.539782
vt 0.402344 0.996094
vt 0.402344 0.996094
vt 0.402344 0.996094
vt 0.104759 0.689963
vt 0.100750 0.685249
vt 0.099171 0.691683
vt 0.402344 0.996094
vt 0.402344 0.996094
vt 0.402344 0.996094
vt 0.402344 0.996094
vt 0.402344 0.996094
vt 0.402344 0.996094
vt 0.402344 0.996094
vt 0.402344 0.996094
vt 0.402344 0.996094
vt 0.645766 0.544051
vt 0.638894 0.547121
vt 0.639012 0.539782
vt 0.639012 0.539782
vt 0.645820 0.536873
vt 0.645766 0.544051
vt 0.491633 0.731026
vt 0.494372 0.739756
vt 0.485185 0.736361
vt 0.645820 0.536873
vt 0.639012 0.539782
vt 0.642108 0.535428
vt 0.103821 0.678451
vt 0.093506 0.678071
vt 0.100750 0.685249
vt 0.652764 0.547445
vt 0.646102 0.554469
vt 0.645766 0.544051
vt 0.645820 0.536873
vt 0.656631 0.536288
vt 0.651368 0.540637
vt 0.019773 0.985447
vt 0.024682 0.987220
vt 0.013984 0.987856
vt 0.656631 0.536288
vt 0.667222 0.536237
vt 0.660965 0.538255
vt 0.660965 0.538255
vt 0.657799 0.542039
vt 0.656631 0.536288
vt 0.644564 0.912218
vt 0.647344 0.920520
vt 0.639880 0.917004
vt 0.655838 0.582963
vt 0.662167 0.591814
vt 0.654203 0.591813
vt 0.094422 0.686827
vt 0.091027 0.693391
vt 0.099171 0.691683
vt 0.861766 0.884271
vt 0.860821 0.893696
vt 0.870892 0.893864
vt 0.646102 0.554469
vt 0.655778 0.554484
vt 0.655706 0.563667
vt 0.393740 0.919527
vt 0.401459 0.915327
vt 0.398271 0.919109
vt 0.623118 0.599344
vt 0.622781 0.589026
vt 0.628111 0.593331
vt 0.649377 0.588052
vt 0.647471 0.597005
vt 0.642830 0.588693
vt 0.491633 0.731026
vt 0.500852 0.735945
vt 0.494372 0.739756
vt 0.981780 0.720673
vt 0.977563 0.728214
vt 0.984280 0.727469
vt 0.657799 0.542039
vt 0.661034 0.548968
vt 0.652764 0.547445
vt 0.644733 0.606884
vt 0.650958 0.604738
vt 0.651103 0.612284
vt 0.651103 0.612284
vt 0.644027 0.614310
vt 0.644733 0.606884
vt 0.104759 0.689963
vt 0.099171 0.691683
vt 0.103963 0.694896
vt 0.744742 0.967344
vt 0.747282 0.961793
vt 0.750737 0.966661
vt 0.086801 0.685457
vt 0.081181 0.691137
vt 0.091027 0.693391
vt 0.721044 0.684898
vt 0.717813 0.680030
vt 0.725603 0.680732
vt 0.628111 0.593331
vt 0.622781 0.589026
vt 0.629634 0.583000
vt 0.649377 0.588052
vt 0.642830 0.588693
vt 0.646355 0.580462
vt 0.623118 0.599344
vt 0.616741 0.593331
vt 0.622781 0.589026
vt 0.660105 0.575045
vt 0.669188 0.573210
vt 0.666619 0.582348
vt 0.651360 0.572723
vt 0.655838 0.582963
vt 0.646355 0.580462
vt 0.660105 0.575045
vt 0.655838 0.582963
vt 0.651360 0.572723
vt 0.666619 0.582348
vt 0.655838 0.582963
vt 0.660105 0.575045
vt 0.633906 0.911008
vt 0.644564 0.912218
vt 0.639880 0.917004
vt 0.633906 0.911008
vt 0.639880 0.917004
vt 0.635268 0.917627
vt 0.693990 0.556519
vt 0.686208 0.554200
vt 0.692042 0.549710
vt 0.700322 0.550397
vt 0.693990 0.556519
vt 0.692042 0.549710
vt 0.798668 0.559864
vt 0.802541 0.553305
vt 0.806194 0.558849
vt 0.661034 0.548968
vt 0.669364 0.550825
vt 0.663657 0.557149
vt 0.749084 0.542775
vt 0.748811 0.537516
vt 0.755890 0.540346
vt 0.653384 0.913845
vt 0.647344 0.920520
vt 0.644564 0.912218
vt 0.638261 0.922320
vt 0.629528 0.920006
vt 0.635268 0.917627
vt 0.288135 0.890965
vt 0.292628 0.897525
vt 0.284585 0.897422
vt 0.656249 0.599854
vt 0.647471 0.597005
vt 0.654203 0.591813
vt 0.835413 0.822061
vt 0.836647 0.817642
vt 0.841799 0.822845
vt 0.296540 0.623842
vt 0.301710 0.626699
vt 0.302691 0.621226
vt 0.655612 0.607365
vt 0.656249 0.599854
vt 0.661227 0.606379
vt 0.737774 0.557648
vt 0.731058 0.557537
vt 0.736935 0.549749
vt 0.737774 0.557648
vt 0.736935 0.549749
vt 0.743715 0.555161
vt 0.735885 0.563721
vt 0.731058 0.557537
vt 0.737774 0.557648
vt 0.737774 0.557648
vt 0.742514 0.562430
vt 0.735885 0.563721
vt 0.742514 0.562430
vt 0.737774 0.557648
vt 0.743715 0.555161
vt 0.662167 0.591814
vt 0.656249 0.599854
vt 0.654203 0.591813
vt 0.086801 0.685457
vt 0.076697 0.683245
vt 0.081181 0.691137
vt 0.067023 0.685992
vt 0.073263 0.690332
vt 0.076697 0.683245
vt 0.093506 0.678071
vt 0.086801 0.685457
vt 0.094422 0.686827
vt 0.635779 0.611670
vt 0.633359 0.599781
vt 0.640057 0.602131
vt 0.640057 0.602131
vt 0.647471 0.597005
vt 0.644733 0.606884
vt 0.639682 0.595466
vt 0.647471 0.597005
vt 0.640057 0.602131
vt 0.647471 0.597005
vt 0.639682 0.595466
vt 0.642830 0.588693
vt 0.663657 0.557149
vt 0.655706 0.563667
vt 0.655778 0.554484
vt 0.607194 0.885932
vt 0.602985 0.891389
vt 0.612105 0.887915
vt 0.629189 0.613506
vt 0.627802 0.606681
vt 0.635779 0.611670
vt 0.076697 0.683245
vt 0.067777 0.677700
vt 0.067023 0.685992
vt 0.981999 0.777952
vt 0.978260 0.771938
vt 0.986780 0.775056
vt 0.232903 0.825945
vt 0.226590 0.818704
vt 0.223472 0.826413
vt 0.100750 0.685249
vt 0.094422 0.686827
vt 0.099171 0.691683
vt 0.086801 0.685457
vt 0.091027 0.693391
vt 0.094422 0.686827
vt 0.093506 0.678071
vt 0.083500 0.677886
vt 0.086801 0.685457
vt 0.617088 0.584100
vt 0.623178 0.580618
vt 0.622781 0.589026
vt 0.732345 0.683412
vt 0.725603 0.680732
vt 0.731545 0.674667
vt 0.083500 0.677886
vt 0.076697 0.683245
vt 0.086801 0.685457
vt 0.100750 0.685249
vt 0.093506 0.678071
vt 0.094422 0.686827
vt 0.552105 0.680120
vt 0.560752 0.677977
vt 0.557391 0.671687
vt 0.629634 0.583000
vt 0.635247 0.590079
vt 0.628111 0.593331
vt 0.628111 0.593331
vt 0.627999 0.599728
vt 0.623118 0.599344
vt 0.987392 0.942995
vt 0.981072 0.945954
vt 0.981783 0.940635
vt 0.640057 0.602131
vt 0.633359 0.599781
vt 0.639682 0.595466
vt 0.621897 0.608767
vt 0.617142 0.604022
vt 0.623118 0.599344
vt 0.635247 0.590079
vt 0.637987 0.581181
vt 0.642830 0.588693
vt 0.425132 0.891529
vt 0.421591 0.899702
vt 0.416835 0.892336
vt 0.076697 0.683245
vt 0.073263 0.690332
vt 0.081181 0.691137
vt 0.962436 0.722147
vt 0.953752 0.723669
vt 0.959129 0.726727
vt 0.962436 0.722147
vt 0.959129 0.726727
vt 0.963816 0.728001
vt 0.074274 0.696276
vt 0.074260 0.703110
vt 0.082977 0.698495
vt 0.494372 0.739756
vt 0.488419 0.744374
vt 0.485185 0.736361
vt 0.067023 0.685992
vt 0.065175 0.694271
vt 0.073263 0.690332
vt 0.073263 0.690332
vt 0.065175 0.694271
vt 0.074274 0.696276
vt 0.254495 0.624906
vt 0.258545 0.631031
vt 0.262799 0.623655
vt 0.971472 0.757245
vt 0.986268 0.761894
vt 0.978307 0.764672
vt 0.076697 0.683245
vt 0.083500 0.677886
vt 0.075459 0.672776
vt 0.986780 0.775056
vt 0.978260 0.771938
vt 0.986205 0.768607
vt 0.969756 0.733131
vt 0.971083 0.724231
vt 0.963816 0.728001
vt 0.971083 0.724231
vt 0.977563 0.728214
vt 0.981780 0.720673
vt 0.969756 0.733131
vt 0.963816 0.728001
vt 0.957131 0.731722
vt 0.969756 0.733131
vt 0.977563 0.728214
vt 0.971083 0.724231
vt 0.981780 0.720673
vt 0.973971 0.714860
vt 0.971083 0.724231
vt 0.637987 0.581181
vt 0.635247 0.590079
vt 0.629634 0.583000
vt 0.721631 0.655417
vt 0.724515 0.649863
vt 0.729083 0.652870
vt 0.249938 0.631520
vt 0.242284 0.630445
vt 0.244704 0.638538
vt 0.278747 0.617431
vt 0.271222 0.620770
vt 0.277445 0.625172
vt 0.557391 0.671687
vt 0.560752 0.677977
vt 0.565779 0.671584
vt 0.978307 0.764672
vt 0.986268 0.761894
vt 0.986205 0.768607
vt 0.717813 0.680030
vt 0.723700 0.672834
vt 0.725603 0.680732
vt 0.560752 0.677977
vt 0.559826 0.685944
vt 0.567630 0.679787
vt 0.324124 0.896544
vt 0.315617 0.893808
vt 0.320303 0.891462
vt 0.559826 0.685944
vt 0.562293 0.692691
vt 0.568589 0.687764
vt 0.381261 0.644664
vt 0.387977 0.639020
vt 0.388462 0.648620
vt 0.387977 0.639020
vt 0.381261 0.644664
vt 0.380735 0.638289
vt 0.791920 0.813191
vt 0.799014 0.810575
vt 0.799846 0.819366
vt 0.961767 0.767561
vt 0.968906 0.773822
vt 0.967057 0.785113
vt 0.969309 0.765397
vt 0.968906 0.773822
vt 0.961767 0.767561
vt 0.978260 0.771938
vt 0.975945 0.779959
vt 0.968906 0.773822
vt 0.981999 0.777952
vt 0.975945 0.779959
vt 0.978260 0.771938
vt 0.521138 0.787338
vt 0.515259 0.793638
vt 0.524907 0.794161
vt 0.517624 0.801748
vt 0.524907 0.794161
vt 0.515259 0.793638
vt 0.710990 0.677235
vt 0.711511 0.683720
vt 0.707129 0.682502
vt 0.434548 0.774621
vt 0.440083 0.777263
vt 0.437732 0.781210
vt 0.440083 0.777263
vt 0.434548 0.774621
vt 0.442341 0.773983
vt 0.013574 0.948079
vt 0.021910 0.946530
vt 0.018036 0.942665
vt 0.774849 0.921818
vt 0.776085 0.911651
vt 0.783530 0.918291
vt 0.064574 0.650283
vt 0.054393 0.651566
vt 0.060068 0.655694
vt 0.953752 0.723669
vt 0.958218 0.716942
vt 0.951550 0.714409
vt 0.750514 0.679632
vt 0.740404 0.685897
vt 0.739728 0.676913
vt 0.971083 0.724231
vt 0.968009 0.719200
vt 0.962436 0.722147
vt 0.894277 0.914142
vt 0.894934 0.920684
vt 0.888956 0.914704
vt 0.897692 0.911193
vt 0.894277 0.914142
vt 0.888956 0.914704
vt 0.894277 0.914142
vt 0.897489 0.915138
vt 0.894934 0.920684
vt 0.114947 0.985619
vt 0.115415 0.988452
vt 0.118941 0.984721
vt 0.986205 0.768607
vt 0.992322 0.772414
vt 0.986780 0.775056
vt 0.964984 0.714620
vt 0.958218 0.716942
vt 0.962436 0.722147
vt 0.374031 0.612661
vt 0.376896 0.606447
vt 0.382301 0.610290
vt 0.951554 0.729323
vt 0.953752 0.723669
vt 0.946243 0.727614
vt 0.342195 0.614316
vt 0.350354 0.617726
vt 0.343320 0.623434
vt 0.717813 0.680030
vt 0.721044 0.684898
vt 0.715165 0.689830
vt 0.717813 0.680030
vt 0.715165 0.689830
vt 0.711511 0.683720
vt 0.724629 0.689454
vt 0.715165 0.689830
vt 0.721044 0.684898
vt 0.725603 0.680732
vt 0.724629 0.689454
vt 0.721044 0.684898
vt 0.725603 0.680732
vt 0.723700 0.672834
vt 0.731545 0.674667
vt 0.342195 0.614316
vt 0.343320 0.623434
vt 0.336884 0.622139
vt 0.440083 0.777263
vt 0.442341 0.773983
vt 0.443614 0.780038
vt 0.353310 0.632855
vt 0.348413 0.626791
vt 0.353971 0.624107
vt 0.338328 0.628860
vt 0.336884 0.622139
vt 0.343320 0.623434
vt 0.343320 0.623434
vt 0.343734 0.632677
vt 0.338328 0.628860
vt 0.530098 0.787548
vt 0.521138 0.787338
vt 0.524907 0.794161
vt 0.350354 0.617726
vt 0.348413 0.626791
vt 0.343320 0.623434
vt 0.931060 0.867428
vt 0.937994 0.862861
vt 0.932380 0.862231
vt 0.022377 0.692947
vt 0.021710 0.684071
vt 0.028611 0.686840
vt 0.029557 0.695114
vt 0.022377 0.692947
vt 0.028611 0.686840
vt 0.370648 0.621230
vt 0.365422 0.614359
vt 0.374031 0.612661
vt 0.363871 0.619827
vt 0.365422 0.614359
vt 0.370648 0.621230
vt 0.732822 0.692878
vt 0.732345 0.683412
vt 0.740404 0.685897
vt 0.445906 0.635676
vt 0.448935 0.627807
vt 0.440427 0.627816
vt 0.445906 0.635676
vt 0.440427 0.627816
vt 0.436278 0.635190
vt 0.332772 0.614694
vt 0.324564 0.619164
vt 0.325641 0.612671
vt 0.330150 0.625796
vt 0.324564 0.619164
vt 0.332772 0.614694
vt 0.407706 0.699988
vt 0.407904 0.692652
vt 0.399549 0.690703
vt 0.383593 0.789987
vt 0.379789 0.784595
vt 0.375346 0.790710
vt 0.975945 0.779959
vt 0.981999 0.777952
vt 0.982854 0.782684
vt 0.711511 0.683720
vt 0.708000 0.687798
vt 0.707129 0.682502
vt 0.325641 0.612671
vt 0.329132 0.608603
vt 0.332772 0.614694
vt 0.057989 0.642899
vt 0.058281 0.630613
vt 0.051686 0.636702
vt 0.058281 0.630613
vt 0.050550 0.628078
vt 0.051686 0.636702
vt 0.363480 0.788489
vt 0.362693 0.782312
vt 0.356601 0.788986
vt 0.350993 0.782498
vt 0.356601 0.788986
vt 0.362693 0.782312
vt 0.362693 0.782312
vt 0.370149 0.786309
vt 0.373418 0.780645
vt 0.370149 0.786309
vt 0.362693 0.782312
vt 0.363480 0.788489
vt 0.383593 0.789987
vt 0.375346 0.790710
vt 0.379998 0.794937
vt 0.437732 0.781210
vt 0.440083 0.777263
vt 0.443614 0.780038
vt 0.417648 0.783153
vt 0.426398 0.787873
vt 0.419984 0.791724
vt 0.946195 0.858997
vt 0.937994 0.862861
vt 0.941555 0.867349
vt 0.920216 0.857348
vt 0.924675 0.863763
vt 0.929802 0.857448
vt 0.932380 0.862231
vt 0.929802 0.857448
vt 0.924675 0.863763
vt 0.353310 0.632855
vt 0.361439 0.626346
vt 0.362072 0.638496
vt 0.521206 0.565643
vt 0.529438 0.562450
vt 0.529161 0.571407
vt 0.354723 0.795428
vt 0.356601 0.788986
vt 0.346899 0.791008
vt 0.363480 0.788489
vt 0.356601 0.788986
vt 0.362406 0.793495
vt 0.363480 0.788489
vt 0.362406 0.793495
vt 0.368133 0.791275
vt 0.370149 0.786309
vt 0.368133 0.791275
vt 0.375346 0.790710
vt 0.368133 0.791275
vt 0.370149 0.786309
vt 0.363480 0.788489
vt 0.588207 0.740595
vt 0.586803 0.747118
vt 0.592954 0.743506
vt 0.025799 0.708885
vt 0.033305 0.709154
vt 0.029767 0.715214
vt 0.346899 0.791008
vt 0.347757 0.797070
vt 0.354723 0.795428
vt 0.931060 0.867428
vt 0.941555 0.867349
vt 0.937994 0.862861
vt 0.051839 0.622766
vt 0.049203 0.613706
vt 0.044789 0.622398
vt 0.039789 0.613250
vt 0.044789 0.622398
vt 0.049203 0.613706
vt 0.040863 0.627733
vt 0.036911 0.621215
vt 0.035330 0.628688
vt 0.029721 0.621874
vt 0.035330 0.628688
vt 0.036911 0.621215
vt 0.040863 0.627733
vt 0.044789 0.622398
vt 0.036911 0.621215
vt 0.045710 0.630183
vt 0.044789 0.622398
vt 0.040863 0.627733
vt 0.050550 0.628078
vt 0.044789 0.622398
vt 0.045710 0.630183
vt 0.051839 0.622766
vt 0.044789 0.622398
vt 0.050550 0.628078
vt 0.039789 0.613250
vt 0.036911 0.621215
vt 0.044789 0.622398
vt 0.347725 0.639022
vt 0.353310 0.632855
vt 0.353722 0.643882
vt 0.453657 0.603509
vt 0.451372 0.596535
vt 0.447401 0.602493
vt 0.054025 0.643128
vt 0.057989 0.642899
vt 0.051686 0.636702
vt 0.045710 0.630183
vt 0.051686 0.636702
vt 0.050550 0.628078
vt 0.380735 0.638289
vt 0.381261 0.644664
vt 0.372596 0.641280
vt 0.402344 0.996094
vt 0.402344 0.996094
vt 0.402344 0.996094
vt 0.402344 0.996094
vt 0.402344 0.996094
vt 0.402344 0.996094
vt 0.260291 0.891638
vt 0.266329 0.899631
vt 0.256554 0.899932
vt 0.393620 0.695078
vt 0.389018 0.696876
vt 0.397538 0.702981
vt 0.393647 0.710730
vt 0.443943 0.701395
vt 0.420302 0.704900
vt 0.418466 0.692835
vt 0.420302 0.704900
vt 0.436543 0.698577
vt 0.436543 0.698577
vt 0.420302 0.704900
vt 0.443943 0.701395
vt 0.393647 0.710730
vt 0.420302 0.704900
vt 0.406280 0.707320
vt 0.407706 0.699988
vt 0.406280 0.707320
vt 0.420302 0.704900
vt 0.397538 0.702981
vt 0.406280 0.707320
vt 0.407706 0.699988
vt 0.397538 0.702981
vt 0.393647 0.710730
vt 0.406280 0.707320
vt 0.437732 0.781210
vt 0.429383 0.781517
vt 0.434548 0.774621
vt 0.407761 0.684706
vt 0.399549 0.690703
vt 0.407904 0.692652
vt 0.418466 0.692835
vt 0.407904 0.692652
vt 0.407706 0.699988
vt 0.420302 0.704900
vt 0.418466 0.692835
vt 0.407706 0.699988
vt 0.437732 0.781210
vt 0.434759 0.788512
vt 0.429383 0.781517
vt 0.375346 0.790710
vt 0.370724 0.795983
vt 0.379998 0.794937
vt 0.332772 0.614694
vt 0.336884 0.622139
vt 0.330150 0.625796
vt 0.407761 0.684706
vt 0.406871 0.673816
vt 0.400306 0.678855
vt 0.414926 0.680324
vt 0.406871 0.673816
vt 0.407761 0.684706
vt 0.390748 0.688505
vt 0.389018 0.696876
vt 0.393620 0.695078
vt 0.050550 0.628078
vt 0.058281 0.630613
vt 0.051839 0.622766
vt 0.728104 0.939970
vt 0.702407 0.943742
vt 0.751365 0.936894
vt 0.419984 0.791724
vt 0.421620 0.800799
vt 0.411670 0.794051
vt 0.411670 0.794051
vt 0.421620 0.800799
vt 0.409317 0.800985
vt 0.368133 0.791275
vt 0.370724 0.795983
vt 0.375346 0.790710
vt 0.930628 0.940845
vt 0.932944 0.947197
vt 0.939180 0.943194
vt 0.353310 0.632855
vt 0.347725 0.639022
vt 0.348089 0.632711
vt 0.348089 0.632711
vt 0.347725 0.639022
vt 0.343734 0.632677
vt 0.426398 0.787873
vt 0.429383 0.781517
vt 0.434759 0.788512
vt 0.426398 0.787873
vt 0.417648 0.783153
vt 0.429383 0.781517
vt 0.400306 0.678855
vt 0.399549 0.690703
vt 0.407761 0.684706
vt 0.353671 0.801654
vt 0.354723 0.795428
vt 0.347757 0.797070
vt 0.353722 0.643882
vt 0.353310 0.632855
vt 0.362072 0.638496
vt 0.372596 0.641280
vt 0.375574 0.648976
vt 0.370296 0.649031
vt 0.381261 0.644664
vt 0.375574 0.648976
vt 0.372596 0.641280
vt 0.419984 0.791724
vt 0.426398 0.787873
vt 0.429103 0.794403
vt 0.373418 0.780645
vt 0.368542 0.774654
vt 0.362693 0.782312
vt 0.354723 0.795428
vt 0.353671 0.801654
vt 0.362530 0.798633
vt 0.429103 0.794403
vt 0.421620 0.800799
vt 0.419984 0.791724
vt 0.348413 0.626791
vt 0.353310 0.632855
vt 0.348089 0.632711
vt 0.348089 0.632711
vt 0.343734 0.632677
vt 0.348413 0.626791
vt 0.350354 0.617726
vt 0.357905 0.610760
vt 0.358560 0.618459
vt 0.348413 0.626791
vt 0.343734 0.632677
vt 0.343320 0.623434
vt 0.353310 0.632855
vt 0.353971 0.624107
vt 0.361439 0.626346
vt 0.376896 0.606447
vt 0.367977 0.604508
vt 0.377567 0.600188
vt 0.353971 0.624107
vt 0.358560 0.618459
vt 0.361439 0.626346
vt 0.350354 0.617726
vt 0.358560 0.618459
vt 0.353971 0.624107
vt 0.353971 0.624107
vt 0.348413 0.626791
vt 0.350354 0.617726
vt 0.358560 0.618459
vt 0.365422 0.614359
vt 0.363871 0.619827
vt 0.362072 0.638496
vt 0.361439 0.626346
vt 0.370099 0.631343
vt 0.525834 0.781739
vt 0.529818 0.777109
vt 0.522970 0.774446
vt 0.383235 0.632232
vt 0.387977 0.639020
vt 0.380735 0.638289
vt 0.383235 0.632232
vt 0.380735 0.638289
vt 0.376975 0.633750
vt 0.540492 0.785362
vt 0.532811 0.781654
vt 0.530098 0.787548
vt 0.535073 0.793858
vt 0.540492 0.785362
vt 0.530098 0.787548
vt 0.376975 0.633750
vt 0.380735 0.638289
vt 0.372596 0.641280
vt 0.540492 0.785362
vt 0.537635 0.774734
vt 0.532811 0.781654
vt 0.370099 0.631343
vt 0.372596 0.641280
vt 0.362072 0.638496
vt 0.535073 0.793858
vt 0.530098 0.787548
vt 0.524907 0.794161
vt 0.376975 0.633750
vt 0.372596 0.641280
vt 0.370099 0.631343
vt 0.384714 0.626119
vt 0.389930 0.630931
vt 0.383235 0.632232
vt 0.383235 0.632232
vt 0.389930 0.630931
vt 0.387977 0.639020
vt 0.361439 0.626346
vt 0.363871 0.619827
vt 0.370648 0.621230
vt 0.367977 0.604508
vt 0.376896 0.606447
vt 0.374031 0.612661
vt 0.374031 0.612661
vt 0.382301 0.610290
vt 0.381531 0.619099
vt 0.370648 0.621230
vt 0.377827 0.627292
vt 0.370099 0.631343
vt 0.537811 0.893702
vt 0.547099 0.888588
vt 0.546526 0.898758
vt 0.377827 0.627292
vt 0.376975 0.633750
vt 0.370099 0.631343
vt 0.544249 0.580529
vt 0.540730 0.585901
vt 0.538258 0.580867
vt 0.376975 0.633750
vt 0.377827 0.627292
vt 0.383235 0.632232
vt 0.731417 0.891687
vt 0.732687 0.887197
vt 0.736130 0.893410
vt 0.365422 0.614359
vt 0.358560 0.618459
vt 0.357905 0.610760
vt 0.363871 0.619827
vt 0.361439 0.626346
vt 0.358560 0.618459
vt 0.502480 0.577656
vt 0.495896 0.571603
vt 0.493698 0.577684
vt 0.456560 0.582677
vt 0.448430 0.580140
vt 0.450652 0.588098
vt 0.296163 0.688715
vt 0.289066 0.692663
vt 0.295844 0.697942
vt 0.015636 0.690553
vt 0.022377 0.692947
vt 0.016019 0.699220
vt 0.015636 0.690553
vt 0.016019 0.699220
vt 0.010956 0.696151
vt 0.538258 0.580867
vt 0.540730 0.585901
vt 0.532996 0.586570
vt 0.592030 0.737445
vt 0.587557 0.734258
vt 0.588207 0.740595
vt 0.035473 0.689376
vt 0.028611 0.686840
vt 0.034315 0.681507
vt 0.521138 0.787338
vt 0.517819 0.780895
vt 0.512454 0.786689
vt 0.031053 0.702654
vt 0.029557 0.695114
vt 0.037056 0.696970
vt 0.035473 0.689376
vt 0.040431 0.684294
vt 0.044160 0.691239
vt 0.037056 0.696970
vt 0.035473 0.689376
vt 0.044160 0.691239
vt 0.022377 0.692947
vt 0.023271 0.701388
vt 0.016019 0.699220
vt 0.022377 0.692947
vt 0.029557 0.695114
vt 0.023271 0.701388
vt 0.031053 0.702654
vt 0.023271 0.701388
vt 0.029557 0.695114
vt 0.453843 0.574527
vt 0.461941 0.577140
vt 0.459052 0.569642
vt 0.296163 0.688715
vt 0.289854 0.684762
vt 0.289066 0.692663
vt 0.031053 0.702654
vt 0.025799 0.708885
vt 0.023271 0.701388
vt 0.023271 0.701388
vt 0.025799 0.708885
vt 0.016533 0.709202
vt 0.016533 0.709202
vt 0.016019 0.699220
vt 0.023271 0.701388
vt 0.377827 0.627292
vt 0.384714 0.626119
vt 0.383235 0.632232
vt 0.523889 0.558789
vt 0.529438 0.562450
vt 0.521206 0.565643
vt 0.605300 0.739633
vt 0.611120 0.732441
vt 0.602455 0.732477
vt 0.525834 0.781739
vt 0.522970 0.774446
vt 0.517819 0.780895
vt 0.517819 0.780895
vt 0.521138 0.787338
vt 0.525834 0.781739
vt 0.048639 0.682195
vt 0.040431 0.684294
vt 0.040674 0.676380
vt 0.599749 0.727966
vt 0.602455 0.732477
vt 0.604961 0.724017
vt 0.597916 0.738312
vt 0.605300 0.739633
vt 0.602455 0.732477
vt 0.031053 0.702654
vt 0.037056 0.696970
vt 0.038423 0.704266
vt 0.034315 0.681507
vt 0.040674 0.676380
vt 0.040431 0.684294
vt 0.040431 0.684294
vt 0.035473 0.689376
vt 0.034315 0.681507
vt 0.033305 0.709154
vt 0.025799 0.708885
vt 0.031053 0.702654
vt 0.595094 0.731496
vt 0.602455 0.732477
vt 0.599749 0.727966
vt 0.597916 0.738312
vt 0.602455 0.732477
vt 0.595094 0.731496
vt 0.033305 0.709154
vt 0.031053 0.702654
vt 0.038423 0.704266
vt 0.365422 0.614359
vt 0.367977 0.604508
vt 0.374031 0.612661
vt 0.370296 0.649031
vt 0.375574 0.648976
vt 0.372971 0.655797
vt 0.818627 0.677060
vt 0.825648 0.681752
vt 0.826167 0.674230
vt 0.381531 0.619099
vt 0.370648 0.621230
vt 0.374031 0.612661
vt 0.367977 0.604508
vt 0.365422 0.614359
vt 0.357905 0.610760
vt 0.748366 0.663451
vt 0.743512 0.656885
vt 0.752393 0.656162
vt 0.493698 0.577684
vt 0.489533 0.573246
vt 0.486949 0.577274
vt 0.750514 0.679632
vt 0.745978 0.671346
vt 0.754156 0.669685
vt 0.750514 0.679632
vt 0.754156 0.669685
vt 0.760141 0.675306
vt 0.814675 0.682562
vt 0.811039 0.677671
vt 0.808770 0.683953
vt 0.469963 0.578577
vt 0.464623 0.584852
vt 0.473565 0.586618
vt 0.739728 0.676913
vt 0.740404 0.685897
vt 0.732345 0.683412
vt 0.389094 0.591946
vt 0.385571 0.598751
vt 0.380749 0.592177
vt 0.380749 0.592177
vt 0.385198 0.587094
vt 0.389094 0.591946
vt 0.377827 0.627292
vt 0.381531 0.619099
vt 0.384714 0.626119
vt 0.370648 0.621230
vt 0.381531 0.619099
vt 0.377827 0.627292
vt 0.376896 0.606447
vt 0.377567 0.600188
vt 0.382279 0.604208
vt 0.376896 0.606447
vt 0.382279 0.604208
vt 0.382301 0.610290
vt 0.760141 0.675306
vt 0.754156 0.669685
vt 0.763335 0.667274
vt 0.754156 0.669685
vt 0.757022 0.662318
vt 0.763335 0.667274
vt 0.540833 0.717386
vt 0.539761 0.723247
vt 0.534471 0.719659
vt 0.739728 0.676913
vt 0.738791 0.666853
vt 0.745978 0.671346
vt 0.731545 0.674667
vt 0.738791 0.666853
vt 0.739728 0.676913
vt 0.729388 0.666248
vt 0.738791 0.666853
vt 0.731545 0.674667
vt 0.723700 0.672834
vt 0.729388 0.666248
vt 0.731545 0.674667
vt 0.242284 0.630445
vt 0.236281 0.635906
vt 0.244704 0.638538
vt 0.958218 0.716942
vt 0.964984 0.714620
vt 0.959202 0.709546
vt 0.977836 0.916866
vt 0.980095 0.911979
vt 0.983378 0.915181
vt 0.245739 0.646682
vt 0.244704 0.638538
vt 0.236546 0.646096
vt 0.235295 0.626161
vt 0.236281 0.635906
vt 0.242284 0.630445
vt 0.235295 0.626161
vt 0.242284 0.630445
vt 0.241227 0.624302
vt 0.271222 0.620770
vt 0.262799 0.623655
vt 0.268955 0.630147
vt 0.268955 0.630147
vt 0.277445 0.625172
vt 0.271222 0.620770
vt 0.573879 0.673991
vt 0.565779 0.671584
vt 0.567630 0.679787
vt 0.825648 0.681752
vt 0.825474 0.690857
vt 0.832207 0.684683
vt 0.738791 0.666853
vt 0.748366 0.663451
vt 0.745978 0.671346
vt 0.973971 0.714860
vt 0.964984 0.714620
vt 0.968009 0.719200
vt 0.754156 0.669685
vt 0.748366 0.663451
vt 0.757022 0.662318
vt 0.262799 0.623655
vt 0.258669 0.617629
vt 0.254495 0.624906
vt 0.745978 0.671346
vt 0.748366 0.663451
vt 0.754156 0.669685
vt 0.750514 0.679632
vt 0.739728 0.676913
vt 0.745978 0.671346
vt 0.244469 0.619775
vt 0.241227 0.624302
vt 0.246850 0.625021
vt 0.246850 0.625021
vt 0.241227 0.624302
vt 0.242284 0.630445
vt 0.236281 0.635906
vt 0.236546 0.646096
vt 0.244704 0.638538
vt 0.397076 0.898260
vt 0.391683 0.889757
vt 0.402079 0.890345
vt 0.254495 0.624906
vt 0.258669 0.617629
vt 0.250762 0.618830
vt 0.951550 0.714409
vt 0.958218 0.716942
vt 0.959202 0.709546
vt 0.748556 0.648921
vt 0.752393 0.656162
vt 0.743512 0.656885
vt 0.245739 0.646682
vt 0.236546 0.646096
vt 0.240393 0.655092
vt 0.743512 0.656885
vt 0.748366 0.663451
vt 0.738791 0.666853
vt 0.780135 0.623325
vt 0.777412 0.630308
vt 0.771950 0.620639
vt 0.752393 0.656162
vt 0.748556 0.648921
vt 0.758540 0.650134
vt 0.759393 0.656744
vt 0.758540 0.650134
vt 0.766157 0.655458
vt 0.983378 0.915181
vt 0.980095 0.911979
vt 0.986318 0.910626
vt 0.752393 0.656162
vt 0.759393 0.656744
vt 0.757022 0.662318
vt 0.238550 0.618798
vt 0.235295 0.626161
vt 0.241227 0.624302
vt 0.244469 0.619775
vt 0.238550 0.618798
vt 0.241227 0.624302
vt 0.693052 0.736965
vt 0.685665 0.739096
vt 0.691851 0.744731
vt 0.973971 0.714860
vt 0.969538 0.705493
vt 0.964984 0.714620
vt 0.758540 0.650134
vt 0.759393 0.656744
vt 0.752393 0.656162
vt 0.729388 0.666248
vt 0.734159 0.658625
vt 0.738791 0.666853
vt 0.567630 0.679787
vt 0.565779 0.671584
vt 0.560752 0.677977
vt 0.271222 0.620770
vt 0.266141 0.615741
vt 0.262799 0.623655
vt 0.830902 0.678955
vt 0.835530 0.680406
vt 0.834773 0.674074
vt 0.244704 0.638538
vt 0.254079 0.638591
vt 0.249938 0.631520
vt 0.254079 0.638591
vt 0.258545 0.631031
vt 0.249938 0.631520
vt 0.249938 0.631520
vt 0.258545 0.631031
vt 0.254495 0.624906
vt 0.244469 0.619775
vt 0.250762 0.618830
vt 0.244960 0.611800
vt 0.268955 0.630147
vt 0.258545 0.631031
vt 0.263062 0.637440
vt 0.263062 0.637440
vt 0.258545 0.631031
vt 0.254079 0.638591
vt 0.571769 0.667921
vt 0.575168 0.662725
vt 0.565828 0.663656
vt 0.780135 0.623325
vt 0.771950 0.620639
vt 0.780865 0.615365
vt 0.780865 0.615365
vt 0.771950 0.620639
vt 0.771528 0.611215
vt 0.749027 0.599586
vt 0.746022 0.593597
vt 0.755934 0.596433
vt 0.752824 0.589711
vt 0.755934 0.596433
vt 0.746022 0.593597
vt 0.752824 0.589711
vt 0.746022 0.593597
vt 0.747667 0.584051
vt 0.278747 0.617431
vt 0.273363 0.611543
vt 0.271222 0.620770
vt 0.819951 0.684460
vt 0.825474 0.690857
vt 0.825648 0.681752
vt 0.238550 0.618798
vt 0.244469 0.619775
vt 0.244960 0.611800
vt 0.825648 0.681752
vt 0.830902 0.678955
vt 0.826167 0.674230
vt 0.817527 0.826103
vt 0.824611 0.822078
vt 0.824833 0.832180
vt 0.539761 0.723247
vt 0.534540 0.727963
vt 0.534471 0.719659
vt 0.983550 0.920709
vt 0.977836 0.916866
vt 0.983378 0.915181
vt 0.286110 0.964994
vt 0.280833 0.969320
vt 0.276945 0.964235
vt 0.478298 0.603338
vt 0.476210 0.594576
vt 0.470615 0.599314
vt 0.807588 0.657708
vt 0.807004 0.665380
vt 0.813368 0.664299
vt 0.813368 0.664299
vt 0.818265 0.659686
vt 0.807588 0.657708
vt 0.832761 0.812535
vt 0.836647 0.817642
vt 0.831082 0.818454
vt 0.824833 0.832180
vt 0.824611 0.822078
vt 0.831086 0.825403
vt 0.483737 0.597290
vt 0.476210 0.594576
vt 0.478298 0.603338
vt 0.475167 0.619851
vt 0.474636 0.612848
vt 0.468988 0.620142
vt 0.807004 0.665380
vt 0.812675 0.670685
vt 0.813368 0.664299
vt 0.557592 0.727205
vt 0.551317 0.728388
vt 0.553243 0.721504
vt 0.543374 0.728939
vt 0.539761 0.723247
vt 0.546029 0.722319
vt 0.551317 0.728388
vt 0.546029 0.722319
vt 0.553243 0.721504
vt 0.543374 0.728939
vt 0.546029 0.722319
vt 0.551317 0.728388
vt 0.464623 0.584852
vt 0.459013 0.591054
vt 0.467611 0.592787
vt 0.548962 0.737259
vt 0.551317 0.728388
vt 0.557546 0.734620
vt 0.551317 0.728388
vt 0.548962 0.737259
vt 0.543374 0.728939
vt 0.807004 0.665380
vt 0.806178 0.672509
vt 0.812675 0.670685
vt 0.812675 0.670685
vt 0.811039 0.677671
vt 0.818627 0.677060
vt 0.818627 0.677060
vt 0.819672 0.668482
vt 0.812675 0.670685
vt 0.520700 0.718142
vt 0.528710 0.713445
vt 0.527941 0.722264
vt 0.527941 0.722264
vt 0.528710 0.713445
vt 0.534471 0.719659
vt 0.808770 0.683953
vt 0.814889 0.689682
vt 0.814675 0.682562
vt 0.234787 0.610888
vt 0.238550 0.618798
vt 0.244960 0.611800
vt 0.234787 0.610888
vt 0.230344 0.618822
vt 0.238550 0.618798
vt 0.238550 0.618798
vt 0.230344 0.618822
vt 0.235295 0.626161
vt 0.543374 0.728939
vt 0.534540 0.727963
vt 0.539761 0.723247
vt 0.763335 0.667274
vt 0.768171 0.673869
vt 0.760141 0.675306
vt 0.986318 0.910626
vt 0.987726 0.916234
vt 0.983378 0.915181
vt 0.806178 0.672509
vt 0.811039 0.677671
vt 0.812675 0.670685
vt 0.819951 0.684460
vt 0.814889 0.689682
vt 0.825474 0.690857
vt 0.534540 0.727963
vt 0.527941 0.722264
vt 0.534471 0.719659
vt 0.760141 0.675306
vt 0.768171 0.673869
vt 0.764868 0.679339
vt 0.543374 0.728939
vt 0.539639 0.735917
vt 0.534540 0.727963
vt 0.987726 0.916234
vt 0.983550 0.920709
vt 0.983378 0.915181
vt 0.527941 0.722264
vt 0.522330 0.724902
vt 0.520700 0.718142
vt 0.814675 0.682562
vt 0.814889 0.689682
vt 0.819951 0.684460
vt 0.522330 0.724902
vt 0.527941 0.722264
vt 0.526238 0.729804
vt 0.527941 0.722264
vt 0.534540 0.727963
vt 0.526238 0.729804
vt 0.540937 0.747871
vt 0.534982 0.743900
vt 0.543098 0.742387
vt 0.534540 0.727963
vt 0.539639 0.735917
vt 0.530889 0.736121
vt 0.470615 0.599314
vt 0.467611 0.592787
vt 0.461110 0.599909
vt 0.468050 0.606226
vt 0.470615 0.599314
vt 0.461110 0.599909
vt 0.539639 0.735917
vt 0.543374 0.728939
vt 0.548962 0.737259
vt 0.397822 0.605907
vt 0.390883 0.613444
vt 0.388816 0.605355
vt 0.543098 0.742387
vt 0.534982 0.743900
vt 0.539639 0.735917
vt 0.534540 0.727963
vt 0.530889 0.736121
vt 0.526238 0.729804
vt 0.393733 0.598199
vt 0.397822 0.605907
vt 0.388816 0.605355
vt 0.882472 0.939151
vt 0.876337 0.939427
vt 0.879714 0.944163
vt 0.463970 0.614383
vt 0.468988 0.620142
vt 0.474636 0.612848
vt 0.548962 0.737259
vt 0.547961 0.748419
vt 0.543098 0.742387
vt 0.534982 0.743900
vt 0.530889 0.736121
vt 0.539639 0.735917
vt 0.382279 0.604208
vt 0.388816 0.605355
vt 0.382301 0.610290
vt 0.484039 0.589618
vt 0.476210 0.594576
vt 0.483737 0.597290
vt 0.478298 0.603338
vt 0.470615 0.599314
vt 0.468050 0.606226
vt 0.886375 0.945059
vt 0.882472 0.939151
vt 0.879714 0.944163
vt 0.469963 0.578577
vt 0.473565 0.586618
vt 0.479729 0.579931
vt 0.385571 0.598751
vt 0.388816 0.605355
vt 0.382279 0.604208
vt 0.393733 0.598199
vt 0.388816 0.605355
vt 0.385571 0.598751
vt 0.393733 0.598199
vt 0.385571 0.598751
vt 0.389094 0.591946
vt 0.381531 0.619099
vt 0.391289 0.622975
vt 0.384714 0.626119
vt 0.388816 0.605355
vt 0.390883 0.613444
vt 0.382301 0.610290
vt 0.398710 0.612599
vt 0.390883 0.613444
vt 0.397822 0.605907
vt 0.390883 0.613444
vt 0.391289 0.622975
vt 0.381531 0.619099
vt 0.381531 0.619099
vt 0.382301 0.610290
vt 0.390883 0.613444
vt 0.876142 0.817363
vt 0.879851 0.812728
vt 0.873232 0.810335
vt 0.398710 0.612599
vt 0.396686 0.617931
vt 0.390883 0.613444
vt 0.460625 0.622922
vt 0.461994 0.632349
vt 0.467048 0.626937
vt 0.391289 0.622975
vt 0.390883 0.613444
vt 0.396686 0.617931
vt 0.436335 0.613805
vt 0.427600 0.612269
vt 0.428749 0.619061
vt 0.547961 0.748419
vt 0.548962 0.737259
vt 0.557509 0.744756
vt 0.467048 0.626937
vt 0.472393 0.624908
vt 0.468988 0.620142
vt 0.467048 0.626937
vt 0.468988 0.620142
vt 0.460625 0.622922
vt 0.544249 0.580529
vt 0.538258 0.580867
vt 0.539168 0.573357
vt 0.539168 0.573357
vt 0.548214 0.573436
vt 0.544249 0.580529
vt 0.508254 0.681440
vt 0.515530 0.682328
vt 0.512877 0.676751
vt 0.532996 0.586570
vt 0.532852 0.578449
vt 0.538258 0.580867
vt 0.529438 0.562450
vt 0.535747 0.565954
vt 0.529161 0.571407
vt 0.524588 0.580507
vt 0.529161 0.571407
vt 0.532852 0.578449
vt 0.040431 0.684294
vt 0.048639 0.682195
vt 0.044160 0.691239
vt 0.539168 0.573357
vt 0.532852 0.578449
vt 0.529161 0.571407
vt 0.539168 0.573357
vt 0.529161 0.571407
vt 0.535747 0.565954
vt 0.381112 0.652667
vt 0.381261 0.644664
vt 0.388462 0.648620
vt 0.529438 0.562450
vt 0.536886 0.558384
vt 0.535747 0.565954
vt 0.701765 0.866949
vt 0.697571 0.859228
vt 0.705458 0.860053
vt 0.427600 0.612269
vt 0.420051 0.615093
vt 0.428749 0.619061
vt 0.551527 0.582029
vt 0.557044 0.574767
vt 0.558883 0.584403
vt 0.563672 0.579572
vt 0.558883 0.584403
vt 0.557044 0.574767
vt 0.464623 0.584852
vt 0.456560 0.582677
vt 0.459013 0.591054
vt 0.459013 0.591054
vt 0.456560 0.582677
vt 0.450652 0.588098
vt 0.375574 0.648976
vt 0.381261 0.644664
vt 0.381112 0.652667
vt 0.513236 0.687673
vt 0.515530 0.682328
vt 0.508254 0.681440
vt 0.539168 0.573357
vt 0.535747 0.565954
vt 0.544145 0.563934
vt 0.536886 0.558384
vt 0.544145 0.563934
vt 0.535747 0.565954
vt 0.326552 0.820355
vt 0.332549 0.827452
vt 0.326490 0.827212
vt 0.574726 0.605956
vt 0.580725 0.602924
vt 0.580814 0.610261
vt 0.524588 0.580507
vt 0.532852 0.578449
vt 0.532996 0.586570
vt 0.604961 0.724017
vt 0.602455 0.732477
vt 0.611120 0.732441
vt 0.854697 0.774003
vt 0.860124 0.776941
vt 0.870353 0.776435
vt 0.430736 0.627939
vt 0.436278 0.635190
vt 0.440427 0.627816
vt 0.579043 0.584674
vt 0.580376 0.576113
vt 0.584270 0.582599
vt 0.482567 0.795430
vt 0.486585 0.802396
vt 0.491442 0.795360
vt 0.436335 0.613805
vt 0.436244 0.621741
vt 0.444858 0.620427
vt 0.436335 0.613805
vt 0.444858 0.620427
vt 0.445027 0.612853
vt 0.520220 0.659743
vt 0.513386 0.659541
vt 0.512680 0.665912
vt 0.264286 0.782605
vt 0.267417 0.792268
vt 0.259212 0.788064
vt 0.539168 0.573357
vt 0.544145 0.563934
vt 0.548214 0.573436
vt 0.204577 0.923277
vt 0.205432 0.916507
vt 0.208691 0.919343
vt 0.436335 0.613805
vt 0.428749 0.619061
vt 0.436244 0.621741
vt 0.577236 0.888629
vt 0.581197 0.897362
vt 0.572437 0.896112
vt 0.428749 0.619061
vt 0.430736 0.627939
vt 0.436244 0.621741
vt 0.572437 0.896112
vt 0.568346 0.886618
vt 0.577236 0.888629
vt 0.551527 0.582029
vt 0.558883 0.584403
vt 0.553662 0.590076
vt 0.553662 0.590076
vt 0.546575 0.588035
vt 0.551527 0.582029
vt 0.544249 0.580529
vt 0.551527 0.582029
vt 0.546575 0.588035
vt 0.546575 0.588035
vt 0.540730 0.585901
vt 0.544249 0.580529
vt 0.548372 0.825717
vt 0.539372 0.823347
vt 0.541855 0.817721
vt 0.553528 0.617375
vt 0.559891 0.615525
vt 0.560087 0.625535
vt 0.545845 0.618266
vt 0.549643 0.613606
vt 0.553528 0.617375
vt 0.554724 0.596603
vt 0.547966 0.595456
vt 0.553662 0.590076
vt 0.553662 0.590076
vt 0.561786 0.593677
vt 0.554724 0.596603
vt 0.550490 0.602320
vt 0.558617 0.601953
vt 0.554382 0.609557
vt 0.566841 0.602131
vt 0.561786 0.593677
vt 0.572145 0.595935
vt 0.558883 0.584403
vt 0.561786 0.593677
vt 0.553662 0.590076
vt 0.566791 0.586565
vt 0.573842 0.587911
vt 0.572145 0.595935
vt 0.584368 0.588217
vt 0.589369 0.586113
vt 0.588879 0.593671
vt 0.572145 0.595935
vt 0.561786 0.593677
vt 0.566791 0.586565
vt 0.561786 0.593677
vt 0.558883 0.584403
vt 0.566791 0.586565
vt 0.547966 0.595456
vt 0.546575 0.588035
vt 0.553662 0.590076
vt 0.547966 0.595456
vt 0.540580 0.592324
vt 0.546575 0.588035
vt 0.829444 0.961481
vt 0.833320 0.966831
vt 0.825228 0.967236
vt 0.772117 0.969867
vt 0.769880 0.962551
vt 0.778632 0.965710
vt 0.456560 0.582677
vt 0.461941 0.577140
vt 0.453843 0.574527
vt 0.469110 0.786337
vt 0.480805 0.787186
vt 0.473007 0.780825
vt 0.783724 0.816566
vt 0.779192 0.810300
vt 0.784813 0.807512
vt 0.500584 0.831059
vt 0.506695 0.833351
vt 0.502587 0.826782
vt 0.797220 0.654759
vt 0.794050 0.661070
vt 0.801379 0.661057
vt 0.489602 0.582751
vt 0.496496 0.590249
vt 0.497402 0.582987
vt 0.647675 0.734027
vt 0.642199 0.730202
vt 0.648271 0.726129
vt 0.512877 0.676751
vt 0.506109 0.677320
vt 0.508254 0.681440
vt 0.540937 0.747871
vt 0.543098 0.742387
vt 0.547961 0.748419
vt 0.480805 0.787186
vt 0.476218 0.778299
vt 0.473007 0.780825
vt 0.497166 0.825363
vt 0.500584 0.831059
vt 0.502587 0.826782
vt 0.453657 0.603509
vt 0.447401 0.602493
vt 0.449727 0.608353
vt 0.453657 0.603509
vt 0.461110 0.599909
vt 0.451372 0.596535
vt 0.480805 0.787186
vt 0.480075 0.792309
vt 0.482567 0.795430
vt 0.522886 0.679826
vt 0.518961 0.672138
vt 0.512877 0.676751
vt 0.527403 0.673144
vt 0.518961 0.672138
vt 0.522886 0.679826
vt 0.109565 0.887295
vt 0.116152 0.890565
vt 0.121387 0.888080
vt 0.491845 0.818292
vt 0.491625 0.825607
vt 0.497166 0.825363
vt 0.469110 0.786337
vt 0.476117 0.793940
vt 0.480805 0.787186
vt 0.056802 0.987591
vt 0.063032 0.985892
vt 0.064206 0.985006
vt 0.467931 0.777327
vt 0.461654 0.779705
vt 0.468499 0.779906
vt 0.473007 0.780825
vt 0.467931 0.777327
vt 0.468499 0.779906
vt 0.109223 0.891436
vt 0.109565 0.887295
vt 0.099917 0.889221
vt 0.099917 0.889221
vt 0.103229 0.897486
vt 0.109223 0.891436
vt 0.495489 0.831565
vt 0.500584 0.831059
vt 0.497166 0.825363
vt 0.469963 0.578577
vt 0.466686 0.571604
vt 0.461941 0.577140
vt 0.461941 0.577140
vt 0.464623 0.584852
vt 0.469963 0.578577
vt 0.449727 0.608353
vt 0.445027 0.612853
vt 0.453595 0.615752
vt 0.731417 0.891687
vt 0.736130 0.893410
vt 0.727663 0.895534
vt 0.502587 0.826782
vt 0.500189 0.823832
vt 0.497166 0.825363
vt 0.476117 0.793940
vt 0.480075 0.792309
vt 0.480805 0.787186
vt 0.491845 0.818292
vt 0.487130 0.823973
vt 0.491625 0.825607
vt 0.557509 0.744756
vt 0.548962 0.737259
vt 0.557546 0.734620
vt 0.488319 0.830867
vt 0.495489 0.831565
vt 0.491625 0.825607
vt 0.495489 0.831565
vt 0.497166 0.825363
vt 0.491625 0.825607
vt 0.467611 0.592787
vt 0.476210 0.594576
vt 0.473565 0.586618
vt 0.491625 0.825607
vt 0.487130 0.823973
vt 0.488319 0.830867
vt 0.205584 0.900118
vt 0.198237 0.899094
vt 0.200695 0.894854
vt 0.527403 0.673144
vt 0.533974 0.673868
vt 0.533000 0.666636
vt 0.545820 0.968265
vt 0.552925 0.963213
vt 0.533047 0.965582
vt 0.488319 0.830867
vt 0.487130 0.823973
vt 0.483493 0.826251
vt 0.501976 0.838066
vt 0.500584 0.831059
vt 0.495489 0.831565
vt 0.109223 0.891436
vt 0.116152 0.890565
vt 0.109565 0.887295
vt 0.573842 0.587911
vt 0.566791 0.586565
vt 0.571381 0.579571
vt 0.563672 0.579572
vt 0.571381 0.579571
vt 0.566791 0.586565
vt 0.528514 0.660670
vt 0.533000 0.666636
vt 0.535872 0.658611
vt 0.213701 0.897246
vt 0.205584 0.900118
vt 0.206862 0.889440
vt 0.784033 0.661062
vt 0.794050 0.661070
vt 0.789438 0.655080
vt 0.530379 0.698034
vt 0.534289 0.693638
vt 0.526736 0.693042
vt 0.573842 0.587911
vt 0.579043 0.584674
vt 0.580890 0.593627
vt 0.449016 0.728393
vt 0.439443 0.727832
vt 0.447492 0.734670
vt 0.784977 0.825470
vt 0.791581 0.821553
vt 0.791887 0.830292
vt 0.213701 0.897246
vt 0.206862 0.889440
vt 0.213463 0.890421
vt 0.520514 0.947139
vt 0.524726 0.939488
vt 0.529278 0.946457
vt 0.473007 0.780825
vt 0.468499 0.779906
vt 0.469110 0.786337
vt 0.526539 0.656576
vt 0.528514 0.660670
vt 0.535872 0.658611
vt 0.225873 0.865742
vt 0.219397 0.863460
vt 0.221384 0.869369
vt 0.830817 0.715119
vt 0.836146 0.716860
vt 0.835246 0.709437
vt 0.885380 0.829427
vt 0.890092 0.823511
vt 0.883293 0.825082
vt 0.579043 0.584674
vt 0.584270 0.582599
vt 0.584368 0.588217
vt 0.524940 0.698014
vt 0.530379 0.698034
vt 0.526736 0.693042
vt 0.779192 0.810300
vt 0.783724 0.816566
vt 0.776239 0.815282
vt 0.573842 0.587911
vt 0.580890 0.593627
vt 0.572145 0.595935
vt 0.563672 0.579572
vt 0.566791 0.586565
vt 0.558883 0.584403
vt 0.784977 0.825470
vt 0.783724 0.816566
vt 0.791581 0.821553
vt 0.415520 0.600905
vt 0.415362 0.608514
vt 0.422159 0.607090
vt 0.776239 0.815282
vt 0.783724 0.816566
vt 0.776776 0.823383
vt 0.776239 0.815282
vt 0.771687 0.808788
vt 0.779192 0.810300
vt 0.254650 0.798919
vt 0.253690 0.792501
vt 0.260250 0.796082
vt 0.769632 0.817922
vt 0.776239 0.815282
vt 0.776776 0.823383
vt 0.742498 0.986545
vt 0.726522 0.986097
vt 0.735114 0.988176
vt 0.499876 0.678635
vt 0.506109 0.677320
vt 0.505607 0.672809
vt 0.508254 0.681440
vt 0.506109 0.677320
vt 0.499876 0.678635
vt 0.482018 0.668505
vt 0.488963 0.675299
vt 0.490734 0.667981
vt 0.520220 0.659743
vt 0.528514 0.660670
vt 0.526539 0.656576
vt 0.799014 0.810575
vt 0.791920 0.813191
vt 0.792003 0.803770
vt 0.654997 0.731731
vt 0.660107 0.726428
vt 0.660731 0.734033
vt 0.791581 0.821553
vt 0.783724 0.816566
vt 0.791920 0.813191
vt 0.379755 0.918977
vt 0.369069 0.914088
vt 0.372559 0.921228
vt 0.259212 0.788064
vt 0.267417 0.792268
vt 0.260250 0.796082
vt 0.506695 0.833351
vt 0.500584 0.831059
vt 0.501976 0.838066
vt 0.253690 0.792501
vt 0.254650 0.798919
vt 0.247159 0.797484
vt 0.260250 0.796082
vt 0.253690 0.792501
vt 0.259212 0.788064
vt 0.791920 0.813191
vt 0.783724 0.816566
vt 0.784813 0.807512
vt 0.791920 0.813191
vt 0.784813 0.807512
vt 0.792003 0.803770
vt 0.467931 0.777327
vt 0.473007 0.780825
vt 0.476218 0.778299
vt 0.064206 0.985006
vt 0.063032 0.985892
vt 0.070241 0.986590
vt 0.474636 0.612848
vt 0.478298 0.603338
vt 0.468050 0.606226
vt 0.807004 0.665380
vt 0.807588 0.657708
vt 0.801379 0.661057
vt 0.646344 0.685586
vt 0.640291 0.678354
vt 0.646612 0.679835
vt 0.539168 0.573357
vt 0.538258 0.580867
vt 0.532852 0.578449
vt 0.395820 0.635995
vt 0.387977 0.639020
vt 0.389930 0.630931
vt 0.461994 0.632349
vt 0.460625 0.622922
vt 0.455776 0.628086
vt 0.452562 0.622982
vt 0.448935 0.627807
vt 0.455776 0.628086
vt 0.460625 0.622922
vt 0.452562 0.622982
vt 0.455776 0.628086
vt 0.453595 0.615752
vt 0.452562 0.622982
vt 0.460625 0.622922
vt 0.453595 0.615752
vt 0.444858 0.620427
vt 0.452562 0.622982
vt 0.448935 0.627807
vt 0.452562 0.622982
vt 0.444858 0.620427
vt 0.551527 0.582029
vt 0.548214 0.573436
vt 0.557044 0.574767
vt 0.427600 0.612269
vt 0.436335 0.613805
vt 0.430703 0.605927
vt 0.430703 0.605927
vt 0.422159 0.607090
vt 0.427600 0.612269
vt 0.424532 0.599185
vt 0.422159 0.607090
vt 0.430703 0.605927
vt 0.424532 0.599185
vt 0.415520 0.600905
vt 0.422159 0.607090
vt 0.430703 0.605927
vt 0.433613 0.597188
vt 0.424532 0.599185
vt 0.430703 0.605927
vt 0.440697 0.605449
vt 0.433613 0.597188
vt 0.433613 0.597188
vt 0.440697 0.605449
vt 0.442702 0.597357
vt 0.253690 0.792501
vt 0.247012 0.788348
vt 0.252660 0.785672
vt 0.247012 0.788348
vt 0.247856 0.779634
vt 0.252660 0.785672
vt 0.252660 0.785672
vt 0.247856 0.779634
vt 0.256313 0.780366
vt 0.451372 0.596535
vt 0.459013 0.591054
vt 0.450652 0.588098
vt 0.256313 0.780366
vt 0.259212 0.788064
vt 0.252660 0.785672
vt 0.252660 0.785672
vt 0.259212 0.788064
vt 0.253690 0.792501
vt 0.247159 0.797484
vt 0.247012 0.788348
vt 0.253690 0.792501
vt 0.776239 0.815282
vt 0.769632 0.817922
vt 0.771687 0.808788
vt 0.440697 0.605449
vt 0.430703 0.605927
vt 0.436335 0.613805
vt 0.453595 0.615752
vt 0.445027 0.612853
vt 0.444858 0.620427
vt 0.453595 0.615752
vt 0.460625 0.622922
vt 0.463970 0.614383
vt 0.453595 0.615752
vt 0.463970 0.614383
vt 0.458401 0.608236
vt 0.468050 0.606226
vt 0.458401 0.608236
vt 0.463970 0.614383
vt 0.468050 0.606226
vt 0.463970 0.614383
vt 0.474636 0.612848
vt 0.458401 0.608236
vt 0.449727 0.608353
vt 0.453595 0.615752
vt 0.440697 0.605449
vt 0.436335 0.613805
vt 0.445027 0.612853
vt 0.442702 0.597357
vt 0.440697 0.605449
vt 0.447401 0.602493
vt 0.447401 0.602493
vt 0.451372 0.596535
vt 0.442702 0.597357
vt 0.451372 0.596535
vt 0.461110 0.599909
vt 0.459013 0.591054
vt 0.453657 0.603509
vt 0.449727 0.608353
vt 0.458401 0.608236
vt 0.464623 0.584852
vt 0.461941 0.577140
vt 0.456560 0.582677
vt 0.461110 0.599909
vt 0.467611 0.592787
vt 0.459013 0.591054
vt 0.463970 0.614383
vt 0.460625 0.622922
vt 0.468988 0.620142
vt 0.467611 0.592787
vt 0.473565 0.586618
vt 0.464623 0.584852
vt 0.473565 0.586618
vt 0.476210 0.594576
vt 0.484039 0.589618
vt 0.484039 0.589618
vt 0.479729 0.579931
vt 0.473565 0.586618
vt 0.198014 0.791892
vt 0.195104 0.783956
vt 0.187079 0.788388
vt 0.801379 0.661057
vt 0.807588 0.657708
vt 0.797220 0.654759
vt 0.661011 0.719509
vt 0.661882 0.713970
vt 0.662927 0.732340
vt 0.691415 0.712470
vt 0.694902 0.713913
vt 0.699822 0.713341
vt 0.713734 0.717463
vt 0.705665 0.721829
vt 0.712938 0.723778
vt 0.713734 0.717463
vt 0.712938 0.723778
vt 0.720478 0.721707
vt 0.425220 0.944616
vt 0.428254 0.940799
vt 0.429724 0.942427
vt 0.923824 0.785807
vt 0.923378 0.778659
vt 0.929548 0.781105
vt 0.660107 0.726428
vt 0.662927 0.732340
vt 0.660731 0.734033
vt 0.661011 0.719509
vt 0.662927 0.732340
vt 0.660107 0.726428
vt 0.655223 0.720591
vt 0.661011 0.719509
vt 0.660107 0.726428
vt 0.917579 0.775176
vt 0.923378 0.778659
vt 0.917487 0.782545
vt 0.697708 0.717872
vt 0.694902 0.713913
vt 0.685998 0.716890
vt 0.699822 0.713341
vt 0.694902 0.713913
vt 0.697708 0.717872
vt 0.641551 0.722815
vt 0.648271 0.726129
vt 0.642199 0.730202
vt 0.489602 0.582751
vt 0.493698 0.577684
vt 0.486949 0.577274
vt 0.934821 0.775651
vt 0.929548 0.781105
vt 0.928539 0.774722
vt 0.930400 0.789007
vt 0.923824 0.785807
vt 0.929548 0.781105
vt 0.937296 0.783565
vt 0.930400 0.789007
vt 0.929548 0.781105
vt 0.630304 0.731607
vt 0.635891 0.727319
vt 0.637704 0.734695
vt 0.637704 0.734695
vt 0.635891 0.727319
vt 0.642199 0.730202
vt 0.789438 0.655080
vt 0.794050 0.661070
vt 0.797220 0.654759
vt 0.789744 0.647482
vt 0.789438 0.655080
vt 0.797220 0.654759
vt 0.807588 0.657708
vt 0.802112 0.648132
vt 0.797220 0.654759
vt 0.797220 0.654759
vt 0.802112 0.648132
vt 0.789744 0.647482
vt 0.913228 0.771049
vt 0.917579 0.775176
vt 0.910386 0.777380
vt 0.785815 0.607318
vt 0.788175 0.598369
vt 0.793964 0.605245
vt 0.486949 0.577274
vt 0.479729 0.579931
vt 0.489602 0.582751
vt 0.489602 0.582751
vt 0.479729 0.579931
vt 0.484039 0.589618
vt 0.192630 0.798029
vt 0.198014 0.791892
vt 0.187079 0.788388
vt 0.204729 0.776237
vt 0.200988 0.779526
vt 0.208540 0.780724
vt 0.402344 0.996094
vt 0.402344 0.996094
vt 0.402344 0.996094
vt 0.493749 0.944720
vt 0.496490 0.942483
vt 0.477765 0.943209
vt 0.428254 0.940799
vt 0.425220 0.944616
vt 0.427467 0.937869
vt 0.827555 0.808332
vt 0.825690 0.814359
vt 0.820329 0.809801
vt 0.314421 0.945138
vt 0.323388 0.941906
vt 0.319749 0.940489
vt 0.780771 0.573336
vt 0.770941 0.574348
vt 0.775216 0.565245
vt 0.634967 0.827813
vt 0.642763 0.825088
vt 0.641643 0.834372
vt 0.386676 0.822146
vt 0.384117 0.826562
vt 0.379437 0.822336
vt 0.693163 0.984309
vt 0.697639 0.986675
vt 0.694825 0.983914
vt 0.989622 0.986353
vt 0.993137 0.987136
vt 0.988263 0.984839
vt 0.965288 0.883444
vt 0.959374 0.886164
vt 0.961724 0.889355
vt 0.064674 0.914524
vt 0.068863 0.921724
vt 0.071342 0.915550
vt 0.766608 0.564960
vt 0.775216 0.565245
vt 0.770941 0.574348
vt 0.797362 0.574825
vt 0.795675 0.567699
vt 0.802372 0.571260
vt 0.373011 0.835517
vt 0.368312 0.840151
vt 0.367211 0.831913
vt 0.700322 0.550397
vt 0.701405 0.558668
vt 0.693990 0.556519
vt 0.690044 0.568840
vt 0.683325 0.567690
vt 0.688331 0.561941
vt 0.704182 0.585696
vt 0.700447 0.580261
vt 0.704994 0.576686
vt 0.790120 0.553073
vt 0.798668 0.559864
vt 0.789607 0.561910
vt 0.683325 0.567690
vt 0.690044 0.568840
vt 0.686596 0.574983
vt 0.292628 0.897525
vt 0.288135 0.890965
vt 0.293380 0.892144
vt 0.402344 0.996094
vt 0.402344 0.996094
vt 0.402344 0.996094
vt 0.806194 0.558849
vt 0.811232 0.563607
vt 0.809620 0.575280
vt 0.722733 0.920184
vt 0.719212 0.913083
vt 0.706545 0.914543
vt 0.798668 0.559864
vt 0.806194 0.558849
vt 0.804644 0.564275
vt 0.809620 0.575280
vt 0.804644 0.564275
vt 0.806194 0.558849
vt 0.778424 0.595244
vt 0.780903 0.602661
vt 0.773359 0.603090
vt 0.685665 0.739096
vt 0.679459 0.734662
vt 0.680343 0.740620
vt 0.252513 0.744564
vt 0.261174 0.743233
vt 0.253624 0.737634
vt 0.854631 0.864224
vt 0.848195 0.867709
vt 0.848691 0.859447
vt 0.790692 0.545072
vt 0.790120 0.553073
vt 0.785058 0.547154
vt 0.778424 0.595244
vt 0.788175 0.598369
vt 0.780903 0.602661
vt 0.705458 0.860053
vt 0.713457 0.857231
vt 0.708627 0.864770
vt 0.253624 0.737634
vt 0.254809 0.732176
vt 0.245713 0.734335
vt 0.190306 0.941591
vt 0.218872 0.944587
vt 0.217250 0.940385
vt 0.755955 0.557216
vt 0.750870 0.553405
vt 0.757035 0.552513
vt 0.849974 0.851596
vt 0.854007 0.856972
vt 0.848691 0.859447
vt 0.854007 0.856972
vt 0.849974 0.851596
vt 0.856642 0.850691
vt 0.849974 0.851596
vt 0.848691 0.859447
vt 0.843324 0.854400
vt 0.678329 0.573912
vt 0.683325 0.567690
vt 0.686596 0.574983
vt 0.282682 0.609805
vt 0.290212 0.603739
vt 0.282374 0.602305
vt 0.781621 0.555281
vt 0.785058 0.547154
vt 0.790120 0.553073
vt 0.991747 0.892761
vt 0.983744 0.886274
vt 0.992200 0.883598
vt 0.778851 0.560878
vt 0.781621 0.555281
vt 0.782661 0.564684
vt 0.750870 0.553405
vt 0.750585 0.561054
vt 0.743715 0.555161
vt 0.802372 0.571260
vt 0.795675 0.567699
vt 0.798668 0.559864
vt 0.755955 0.557216
vt 0.758830 0.563149
vt 0.750585 0.561054
vt 0.754558 0.567804
vt 0.750585 0.561054
vt 0.758830 0.563149
vt 0.130094 0.922361
vt 0.124348 0.920587
vt 0.127619 0.915634
vt 0.782661 0.564684
vt 0.789607 0.561910
vt 0.789351 0.571504
vt 0.789351 0.571504
vt 0.789607 0.561910
vt 0.795675 0.567699
vt 0.788175 0.598369
vt 0.778424 0.595244
vt 0.785965 0.589104
vt 0.793859 0.591096
vt 0.788175 0.598369
vt 0.785965 0.589104
vt 0.624295 0.865489
vt 0.626090 0.856550
vt 0.632738 0.863209
vt 0.626090 0.856550
vt 0.624295 0.865489
vt 0.618726 0.857409
vt 0.706545 0.914543
vt 0.719212 0.913083
vt 0.705019 0.910353
vt 0.772902 0.590190
vt 0.771600 0.583669
vt 0.778534 0.586661
vt 0.795853 0.598477
vt 0.793964 0.605245
vt 0.788175 0.598369
vt 0.750870 0.553405
vt 0.755955 0.557216
vt 0.750585 0.561054
vt 0.775216 0.565245
vt 0.778851 0.560878
vt 0.782661 0.564684
vt 0.686208 0.554200
vt 0.678028 0.552203
vt 0.684788 0.544565
vt 0.680575 0.560177
vt 0.678028 0.552203
vt 0.686208 0.554200
vt 0.686208 0.554200
vt 0.693990 0.556519
vt 0.688331 0.561941
vt 0.704728 0.567205
vt 0.696165 0.574787
vt 0.695947 0.564652
vt 0.767064 0.588329
vt 0.772902 0.590190
vt 0.767297 0.595760
vt 0.961724 0.889355
vt 0.954750 0.889771
vt 0.960443 0.894459
vt 0.954750 0.889771
vt 0.961724 0.889355
vt 0.959374 0.886164
vt 0.770577 0.559598
vt 0.763266 0.556744
vt 0.771605 0.551939
vt 0.961724 0.889355
vt 0.960443 0.894459
vt 0.968423 0.893497
vt 0.386676 0.822146
vt 0.379437 0.822336
vt 0.377617 0.819743
vt 0.402344 0.996094
vt 0.402344 0.996094
vt 0.402344 0.996094
vt 0.766608 0.564960
vt 0.763266 0.556744
vt 0.770577 0.559598
vt 0.766608 0.564960
vt 0.758830 0.563149
vt 0.763266 0.556744
vt 0.757035 0.552513
vt 0.762278 0.547490
vt 0.763266 0.556744
vt 0.763266 0.556744
vt 0.762278 0.547490
vt 0.771605 0.551939
vt 0.766608 0.564960
vt 0.761379 0.571269
vt 0.758830 0.563149
vt 0.683325 0.567690
vt 0.675211 0.566481
vt 0.680575 0.560177
vt 0.770941 0.574348
vt 0.761379 0.571269
vt 0.766608 0.564960
vt 0.777184 0.579859
vt 0.783582 0.581239
vt 0.778534 0.586661
vt 0.298475 0.602805
vt 0.290212 0.603739
vt 0.297700 0.609355
vt 0.290655 0.612496
vt 0.297700 0.609355
vt 0.290212 0.603739
vt 0.753712 0.576257
vt 0.754558 0.567804
vt 0.761379 0.571269
vt 0.761379 0.571269
vt 0.754558 0.567804
vt 0.758830 0.563149
vt 0.298475 0.602805
vt 0.297700 0.609355
vt 0.305133 0.606653
vt 0.744851 0.575943
vt 0.740346 0.569648
vt 0.747942 0.568694
vt 0.742514 0.562430
vt 0.747942 0.568694
vt 0.740346 0.569648
vt 0.750585 0.561054
vt 0.747942 0.568694
vt 0.742514 0.562430
vt 0.750585 0.561054
vt 0.742514 0.562430
vt 0.743715 0.555161
vt 0.661034 0.548968
vt 0.666361 0.542524
vt 0.669364 0.550825
vt 0.736935 0.549749
vt 0.745714 0.548000
vt 0.743715 0.555161
vt 0.666619 0.582348
vt 0.671089 0.590076
vt 0.662167 0.591814
vt 0.753340 0.547443
vt 0.745714 0.548000
vt 0.749084 0.542775
vt 0.761102 0.533559
vt 0.763963 0.539735
vt 0.755890 0.540346
vt 0.674466 0.584620
vt 0.671089 0.590076
vt 0.666619 0.582348
vt 0.666619 0.582348
vt 0.674156 0.579155
vt 0.674466 0.584620
vt 0.750870 0.553405
vt 0.743715 0.555161
vt 0.745714 0.548000
vt 0.745714 0.548000
vt 0.753340 0.547443
vt 0.750870 0.553405
vt 0.675211 0.566481
vt 0.678329 0.573912
vt 0.669188 0.573210
vt 0.669188 0.573210
vt 0.678329 0.573912
vt 0.674156 0.579155
vt 0.690044 0.568840
vt 0.688331 0.561941
vt 0.695947 0.564652
vt 0.402344 0.996094
vt 0.402344 0.996094
vt 0.402344 0.996094
vt 0.811232 0.563607
vt 0.811726 0.616832
vt 0.809620 0.575280
vt 0.666377 0.564869
vt 0.672392 0.558801
vt 0.675211 0.566481
vt 0.663657 0.557149
vt 0.672392 0.558801
vt 0.666377 0.564869
vt 0.672392 0.558801
vt 0.669364 0.550825
vt 0.678028 0.552203
vt 0.669364 0.550825
vt 0.672392 0.558801
vt 0.663657 0.557149
vt 0.680575 0.560177
vt 0.672392 0.558801
vt 0.678028 0.552203
vt 0.761102 0.533559
vt 0.755890 0.540346
vt 0.752953 0.532480
vt 0.752953 0.532480
vt 0.755890 0.540346
vt 0.748811 0.537516
vt 0.763963 0.539735
vt 0.770579 0.533530
vt 0.770457 0.542775
vt 0.770457 0.542775
vt 0.770579 0.533530
vt 0.774793 0.538853
vt 0.340402 0.935972
vt 0.346779 0.939068
vt 0.338650 0.943514
vt 0.762278 0.547490
vt 0.770457 0.542775
vt 0.771605 0.551939
vt 0.968423 0.893497
vt 0.965288 0.883444
vt 0.961724 0.889355
vt 0.807889 0.939707
vt 0.804400 0.946524
vt 0.798156 0.941067
vt 0.757035 0.552513
vt 0.763266 0.556744
vt 0.755955 0.557216
vt 0.757035 0.552513
vt 0.753340 0.547443
vt 0.762278 0.547490
vt 0.755890 0.540346
vt 0.763963 0.539735
vt 0.762278 0.547490
vt 0.762278 0.547490
vt 0.753340 0.547443
vt 0.755890 0.540346
vt 0.753340 0.547443
vt 0.749084 0.542775
vt 0.755890 0.540346
vt 0.770579 0.533530
vt 0.763963 0.539735
vt 0.761102 0.533559
vt 0.690044 0.568840
vt 0.696165 0.574787
vt 0.686596 0.574983
vt 0.704728 0.567205
vt 0.704994 0.576686
vt 0.696165 0.574787
vt 0.786710 0.865806
vt 0.791425 0.865638
vt 0.784259 0.859816
vt 0.947218 0.986544
vt 0.942437 0.986043
vt 0.949433 0.988863
vt 0.696165 0.574787
vt 0.704994 0.576686
vt 0.700447 0.580261
vt 0.778480 0.544170
vt 0.770457 0.542775
vt 0.774793 0.538853
vt 0.255932 0.759695
vt 0.263519 0.756369
vt 0.258950 0.750860
vt 0.701405 0.558668
vt 0.708033 0.559335
vt 0.704728 0.567205
vt 0.688331 0.561941
vt 0.693990 0.556519
vt 0.695947 0.564652
vt 0.361972 0.894421
vt 0.361949 0.899449
vt 0.367926 0.897690
vt 0.245713 0.734335
vt 0.237248 0.736273
vt 0.245518 0.739918
vt 0.686208 0.554200
vt 0.684788 0.544565
vt 0.692042 0.549710
vt 0.356806 0.891065
vt 0.361972 0.894421
vt 0.373566 0.895712
vt 0.270067 0.742125
vt 0.270118 0.736143
vt 0.261979 0.737390
vt 0.674835 0.545544
vt 0.675132 0.538883
vt 0.684788 0.544565
vt 0.674835 0.545544
vt 0.684788 0.544565
vt 0.678028 0.552203
vt 0.684353 0.537207
vt 0.677706 0.535061
vt 0.692831 0.536558
vt 0.856642 0.850691
vt 0.860274 0.858928
vt 0.854007 0.856972
vt 0.701864 0.538268
vt 0.692831 0.536558
vt 0.709884 0.538424
vt 0.402344 0.996094
vt 0.402344 0.996094
vt 0.402344 0.996094
vt 0.402344 0.996094
vt 0.402344 0.996094
vt 0.402344 0.996094
vt 0.692831 0.536558
vt 0.701864 0.538268
vt 0.691858 0.538713
vt 0.402344 0.996094
vt 0.402344 0.996094
vt 0.402344 0.996094
vt 0.372175 0.823892
vt 0.378268 0.826832
vt 0.374239 0.830282
vt 0.380414 0.835086
vt 0.374239 0.830282
vt 0.378268 0.826832
vt 0.373011 0.835517
vt 0.374239 0.830282
vt 0.380414 0.835086
vt 0.380414 0.835086
vt 0.374927 0.840804
vt 0.373011 0.835517
vt 0.854007 0.856972
vt 0.860274 0.858928
vt 0.854631 0.864224
vt 0.298185 0.898795
vt 0.293380 0.892144
vt 0.295722 0.891472
vt 0.361972 0.894421
vt 0.367926 0.897690
vt 0.373566 0.895712
vt 0.384117 0.826562
vt 0.378268 0.826832
vt 0.379437 0.822336
vt 0.372175 0.823892
vt 0.377617 0.819743
vt 0.379437 0.822336
vt 0.379437 0.822336
vt 0.378268 0.826832
vt 0.372175 0.823892
vt 0.372175 0.823892
vt 0.374239 0.830282
vt 0.367211 0.831913
vt 0.374239 0.830282
vt 0.373011 0.835517
vt 0.367211 0.831913
vt 0.705317 0.542358
vt 0.695912 0.543323
vt 0.701864 0.538268
vt 0.700322 0.550397
vt 0.695912 0.543323
vt 0.705317 0.542358
vt 0.701864 0.538268
vt 0.710775 0.538198
vt 0.705317 0.542358
vt 0.402344 0.996094
vt 0.402344 0.996094
vt 0.402344 0.996094
vt 0.250488 0.752244
vt 0.242351 0.753470
vt 0.246699 0.759461
vt 0.261979 0.737390
vt 0.270118 0.736143
vt 0.254809 0.732176
vt 0.701405 0.558668
vt 0.704728 0.567205
vt 0.695947 0.564652
vt 0.695947 0.564652
vt 0.693990 0.556519
vt 0.701405 0.558668
vt 0.683325 0.567690
vt 0.680575 0.560177
vt 0.688331 0.561941
vt 0.686208 0.554200
vt 0.688331 0.561941
vt 0.680575 0.560177
vt 0.701864 0.538268
vt 0.695912 0.543323
vt 0.691858 0.538713
vt 0.684353 0.537207
vt 0.691858 0.538713
vt 0.684788 0.544565
vt 0.806998 0.551663
vt 0.811232 0.563607
vt 0.806194 0.558849
vt 0.684353 0.537207
vt 0.675132 0.538883
vt 0.677706 0.535061
vt 0.677706 0.535061
vt 0.675132 0.538883
vt 0.667222 0.536237
vt 0.356806 0.891065
vt 0.373566 0.895712
vt 0.372726 0.893122
vt 0.361972 0.894421
vt 0.356806 0.891065
vt 0.344552 0.891477
vt 0.344552 0.891477
vt 0.355998 0.895343
vt 0.361972 0.894421
vt 0.261174 0.743233
vt 0.268953 0.750841
vt 0.270067 0.742125
vt 0.252513 0.744564
vt 0.253624 0.737634
vt 0.245518 0.739918
vt 0.802478 0.545258
vt 0.806998 0.551663
vt 0.802541 0.553305
vt 0.806194 0.558849
vt 0.802541 0.553305
vt 0.806998 0.551663
vt 0.802541 0.553305
vt 0.796685 0.550035
vt 0.802478 0.545258
vt 0.707025 0.735028
vt 0.700548 0.735431
vt 0.704690 0.741636
vt 0.255932 0.759695
vt 0.258950 0.750860
vt 0.250488 0.752244
vt 0.244902 0.746708
vt 0.242351 0.753470
vt 0.250488 0.752244
vt 0.245518 0.739918
vt 0.244902 0.746708
vt 0.252513 0.744564
vt 0.244902 0.746708
vt 0.250488 0.752244
vt 0.252513 0.744564
vt 0.705665 0.721829
vt 0.706186 0.729240
vt 0.712938 0.723778
vt 0.489533 0.573246
vt 0.488357 0.566825
vt 0.482840 0.572713
vt 0.261979 0.737390
vt 0.261174 0.743233
vt 0.270067 0.742125
vt 0.292628 0.897525
vt 0.293380 0.892144
vt 0.298185 0.898795
vt 0.214408 0.783470
vt 0.208540 0.780724
vt 0.211694 0.789351
vt 0.784259 0.859816
vt 0.774970 0.859974
vt 0.786710 0.865806
vt 0.973422 0.985353
vt 0.966189 0.986431
vt 0.970155 0.986640
vt 0.473303 0.916503
vt 0.472032 0.919780
vt 0.468361 0.920472
vt 0.522601 0.985883
vt 0.522912 0.989385
vt 0.518639 0.985958
vt 0.789607 0.561910
vt 0.798668 0.559864
vt 0.795675 0.567699
vt 0.776439 0.852158
vt 0.774970 0.859974
vt 0.784259 0.859816
vt 0.402344 0.996094
vt 0.402344 0.996094
vt 0.402344 0.996094
vt 0.402344 0.996094
vt 0.402344 0.996094
vt 0.402344 0.996094
vt 0.798668 0.559864
vt 0.796685 0.550035
vt 0.802541 0.553305
vt 0.806984 0.921414
vt 0.799386 0.911767
vt 0.808368 0.922314
vt 0.250488 0.752244
vt 0.258950 0.750860
vt 0.252513 0.744564
vt 0.263519 0.756369
vt 0.268953 0.750841
vt 0.258950 0.750860
vt 0.261174 0.743233
vt 0.258950 0.750860
vt 0.268953 0.750841
vt 0.261174 0.743233
vt 0.261979 0.737390
vt 0.253624 0.737634
vt 0.253624 0.737634
vt 0.261979 0.737390
vt 0.254809 0.732176
vt 0.767064 0.588329
vt 0.760109 0.589554
vt 0.762891 0.581084
vt 0.402344 0.996094
vt 0.402344 0.996094
vt 0.402344 0.996094
vt 0.808422 0.610388
vt 0.802276 0.602344
vt 0.810289 0.598181
vt 0.810289 0.598181
vt 0.820654 0.606988
vt 0.808422 0.610388
vt 0.319274 0.866409
vt 0.258666 0.859922
vt 0.305219 0.872194
vt 0.808110 0.587495
vt 0.813050 0.598049
vt 0.810289 0.598181
vt 0.318372 0.865438
vt 0.258666 0.859922
vt 0.319274 0.866409
vt 0.402344 0.996094
vt 0.402344 0.996094
vt 0.402344 0.996094
vt 0.397538 0.702981
vt 0.399549 0.690703
vt 0.393620 0.695078
vt 0.802276 0.602344
vt 0.804739 0.594838
vt 0.810289 0.598181
vt 0.830902 0.678955
vt 0.834773 0.674074
vt 0.826167 0.674230
vt 0.170475 0.940829
vt 0.165877 0.943688
vt 0.173893 0.946545
vt 0.193062 0.775803
vt 0.200988 0.779526
vt 0.200725 0.772847
vt 0.698016 0.741996
vt 0.693052 0.736965
vt 0.691851 0.744731
vt 0.697571 0.859228
vt 0.705099 0.852035
vt 0.705458 0.860053
vt 0.819672 0.668482
vt 0.813368 0.664299
vt 0.812675 0.670685
vt 0.818566 0.817705
vt 0.825690 0.814359
vt 0.824611 0.822078
vt 0.824611 0.822078
vt 0.817527 0.826103
vt 0.818566 0.817705
vt 0.923378 0.778659
vt 0.928539 0.774722
vt 0.929548 0.781105
vt 0.820329 0.809801
vt 0.825690 0.814359
vt 0.818566 0.817705
vt 0.791953 0.581216
vt 0.793859 0.591096
vt 0.785965 0.589104
vt 0.861844 0.917933
vt 0.856752 0.916438
vt 0.857424 0.921016
vt 0.939398 0.771231
vt 0.932868 0.768277
vt 0.942116 0.764786
vt 0.808422 0.610388
vt 0.820654 0.606988
vt 0.817266 0.616446
vt 0.407259 0.943798
vt 0.397457 0.942685
vt 0.404739 0.936908
vt 0.800161 0.593917
vt 0.795853 0.598477
vt 0.793859 0.591096
vt 0.923378 0.778659
vt 0.923824 0.785807
vt 0.917487 0.782545
vt 0.917487 0.782545
vt 0.923824 0.785807
vt 0.918193 0.790164
vt 0.864686 0.913119
vt 0.866008 0.921798
vt 0.873763 0.919939
vt 0.139477 0.828971
vt 0.121947 0.820860
vt 0.135064 0.829276
vt 0.135450 0.836467
vt 0.135064 0.829276
vt 0.121947 0.820860
vt 0.762891 0.581084
vt 0.771600 0.583669
vt 0.767064 0.588329
vt 0.513386 0.659541
vt 0.520220 0.659743
vt 0.512129 0.656055
vt 0.825690 0.814359
vt 0.831082 0.818454
vt 0.824611 0.822078
vt 0.801310 0.578299
vt 0.799427 0.585685
vt 0.797963 0.579886
vt 0.797362 0.574825
vt 0.801310 0.578299
vt 0.797963 0.579886
vt 0.139549 0.838753
vt 0.139477 0.828971
vt 0.135064 0.829276
vt 0.705458 0.860053
vt 0.708627 0.864770
vt 0.701765 0.866949
vt 0.800161 0.593917
vt 0.793859 0.591096
vt 0.799427 0.585685
vt 0.857424 0.921016
vt 0.866008 0.921798
vt 0.861844 0.917933
vt 0.866008 0.921798
vt 0.864686 0.913119
vt 0.861844 0.917933
vt 0.861844 0.917933
vt 0.864686 0.913119
vt 0.856752 0.916438
vt 0.789351 0.571504
vt 0.797362 0.574825
vt 0.791953 0.581216
vt 0.795675 0.567699
vt 0.797362 0.574825
vt 0.789351 0.571504
vt 0.788175 0.598369
vt 0.785815 0.607318
vt 0.780903 0.602661
vt 0.802276 0.602344
vt 0.795853 0.598477
vt 0.800161 0.593917
vt 0.804739 0.594838
vt 0.802276 0.602344
vt 0.800161 0.593917
vt 0.813368 0.664299
vt 0.819672 0.668482
vt 0.818265 0.659686
vt 0.220576 0.785852
vt 0.218987 0.796682
vt 0.227488 0.791818
vt 0.048826 0.939697
vt 0.041555 0.946509
vt 0.040591 0.939278
vt 0.211694 0.789351
vt 0.218987 0.796682
vt 0.220576 0.785852
vt 0.214408 0.783470
vt 0.220576 0.785852
vt 0.216556 0.776942
vt 0.793859 0.591096
vt 0.791953 0.581216
vt 0.799427 0.585685
vt 0.799427 0.585685
vt 0.791953 0.581216
vt 0.797963 0.579886
vt 0.791953 0.581216
vt 0.783582 0.581239
vt 0.786487 0.576896
vt 0.785965 0.589104
vt 0.783582 0.581239
vt 0.791953 0.581216
vt 0.771600 0.583669
vt 0.770941 0.574348
vt 0.777184 0.579859
vt 0.753712 0.576257
vt 0.762891 0.581084
vt 0.755257 0.584240
vt 0.771600 0.583669
vt 0.762891 0.581084
vt 0.770941 0.574348
vt 0.285028 0.616125
vt 0.290655 0.612496
vt 0.282682 0.609805
vt 0.762891 0.581084
vt 0.753712 0.576257
vt 0.761379 0.571269
vt 0.770941 0.574348
vt 0.762891 0.581084
vt 0.761379 0.571269
vt 0.762891 0.581084
vt 0.760109 0.589554
vt 0.755257 0.584240
vt 0.760109 0.589554
vt 0.767064 0.588329
vt 0.767297 0.595760
vt 0.777184 0.579859
vt 0.778534 0.586661
vt 0.771600 0.583669
vt 0.755257 0.584240
vt 0.752824 0.589711
vt 0.747667 0.584051
vt 0.282682 0.609805
vt 0.273363 0.611543
vt 0.278747 0.617431
vt 0.282682 0.609805
vt 0.278747 0.617431
vt 0.285028 0.616125
vt 0.789351 0.571504
vt 0.791953 0.581216
vt 0.786487 0.576896
vt 0.697708 0.717872
vt 0.705665 0.721829
vt 0.704399 0.715523
vt 0.778534 0.586661
vt 0.783582 0.581239
vt 0.785965 0.589104
vt 0.778424 0.595244
vt 0.778534 0.586661
vt 0.785965 0.589104
vt 0.214408 0.783470
vt 0.216556 0.776942
vt 0.208540 0.780724
vt 0.220576 0.785852
vt 0.214408 0.783470
vt 0.211694 0.789351
vt 0.502480 0.577656
vt 0.497402 0.582987
vt 0.504505 0.585821
vt 0.210717 0.797338
vt 0.205601 0.793316
vt 0.203415 0.799990
vt 0.203415 0.799990
vt 0.205601 0.793316
vt 0.198014 0.791892
vt 0.767297 0.595760
vt 0.763291 0.604581
vt 0.755934 0.596433
vt 0.763291 0.604581
vt 0.767297 0.595760
vt 0.773359 0.603090
vt 0.763291 0.604581
vt 0.773359 0.603090
vt 0.771528 0.611215
vt 0.211694 0.789351
vt 0.210717 0.797338
vt 0.218987 0.796682
vt 0.830902 0.678955
vt 0.832207 0.684683
vt 0.835530 0.680406
vt 0.825648 0.681752
vt 0.832207 0.684683
vt 0.830902 0.678955
vt 0.749027 0.599586
vt 0.741867 0.601028
vt 0.746022 0.593597
vt 0.831082 0.818454
vt 0.831086 0.825403
vt 0.824611 0.822078
vt 0.831086 0.825403
vt 0.831082 0.818454
vt 0.835413 0.822061
vt 0.266141 0.615741
vt 0.258669 0.617629
vt 0.262799 0.623655
vt 0.258545 0.631031
vt 0.268955 0.630147
vt 0.262799 0.623655
vt 0.826167 0.674230
vt 0.834773 0.674074
vt 0.827970 0.665191
vt 0.836647 0.817642
vt 0.841933 0.813316
vt 0.841799 0.822845
vt 0.763066 0.613764
vt 0.763291 0.604581
vt 0.771528 0.611215
vt 0.819951 0.684460
vt 0.825648 0.681752
vt 0.818627 0.677060
vt 0.763291 0.604581
vt 0.754153 0.603672
vt 0.755934 0.596433
vt 0.767297 0.595760
vt 0.755934 0.596433
vt 0.760109 0.589554
vt 0.755934 0.596433
vt 0.752824 0.589711
vt 0.760109 0.589554
vt 0.773359 0.603090
vt 0.767297 0.595760
vt 0.778424 0.595244
vt 0.647738 0.967418
vt 0.653338 0.962083
vt 0.658730 0.967171
vt 0.771528 0.611215
vt 0.773359 0.603090
vt 0.778351 0.608036
vt 0.754153 0.603672
vt 0.749027 0.599586
vt 0.755934 0.596433
vt 0.273363 0.611543
vt 0.266141 0.615741
vt 0.271222 0.620770
vt 0.203415 0.799990
vt 0.198014 0.791892
vt 0.192630 0.798029
vt 0.819672 0.668482
vt 0.827970 0.665191
vt 0.818265 0.659686
vt 0.827970 0.665191
vt 0.819672 0.668482
vt 0.826167 0.674230
vt 0.814675 0.682562
vt 0.818627 0.677060
vt 0.811039 0.677671
vt 0.819951 0.684460
vt 0.818627 0.677060
vt 0.814675 0.682562
vt 0.826167 0.674230
vt 0.819672 0.668482
vt 0.818627 0.677060
vt 0.211694 0.789351
vt 0.205601 0.793316
vt 0.210717 0.797338
vt 0.690060 0.723908
vt 0.697708 0.717872
vt 0.685998 0.716890
vt 0.472895 0.985735
vt 0.465721 0.986253
vt 0.469517 0.989425
vt 0.284317 0.945497
vt 0.280118 0.941544
vt 0.287890 0.942233
vt 0.208540 0.780724
vt 0.203327 0.786712
vt 0.211694 0.789351
vt 0.205601 0.793316
vt 0.203327 0.786712
vt 0.198014 0.791892
vt 0.205601 0.793316
vt 0.211694 0.789351
vt 0.203327 0.786712
vt 0.635891 0.727319
vt 0.641551 0.722815
vt 0.642199 0.730202
vt 0.221172 0.964945
vt 0.234545 0.969023
vt 0.233737 0.968050
vt 0.504505 0.585821
vt 0.497402 0.582987
vt 0.496496 0.590249
vt 0.497402 0.582987
vt 0.493698 0.577684
vt 0.489602 0.582751
vt 0.497402 0.582987
vt 0.502480 0.577656
vt 0.493698 0.577684
vt 0.489533 0.573246
vt 0.482840 0.572713
vt 0.486949 0.577274
vt 0.566841 0.602131
vt 0.574726 0.605956
vt 0.569888 0.609656
vt 0.891330 0.670561
vt 0.895392 0.664367
vt 0.899623 0.669952
vt 0.878641 0.823222
vt 0.871817 0.823412
vt 0.877454 0.831094
vt 0.200988 0.779526
vt 0.193062 0.775803
vt 0.195104 0.783956
vt 0.773359 0.603090
vt 0.780903 0.602661
vt 0.778351 0.608036
vt 0.785815 0.607318
vt 0.780865 0.615365
vt 0.778351 0.608036
vt 0.778351 0.608036
vt 0.780903 0.602661
vt 0.785815 0.607318
vt 0.793964 0.605245
vt 0.799601 0.610329
vt 0.791778 0.614248
vt 0.793964 0.605245
vt 0.802276 0.602344
vt 0.799601 0.610329
vt 0.802276 0.602344
vt 0.808422 0.610388
vt 0.799601 0.610329
vt 0.720478 0.721707
vt 0.722309 0.716857
vt 0.713734 0.717463
vt 0.713734 0.717463
vt 0.722309 0.716857
vt 0.711418 0.716575
vt 0.705665 0.721829
vt 0.713734 0.717463
vt 0.704399 0.715523
vt 0.223850 0.967171
vt 0.234545 0.969023
vt 0.221172 0.964945
vt 0.924227 0.967708
vt 0.916438 0.970689
vt 0.916013 0.963135
vt 0.802276 0.602344
vt 0.793964 0.605245
vt 0.795853 0.598477
vt 0.140298 0.839551
vt 0.127547 0.834162
vt 0.136893 0.841424
vt 0.942116 0.764786
vt 0.932868 0.768277
vt 0.934943 0.759728
vt 0.696707 0.728184
vt 0.697708 0.717872
vt 0.690060 0.723908
vt 0.697708 0.717872
vt 0.696707 0.728184
vt 0.705665 0.721829
vt 0.698016 0.741996
vt 0.700548 0.735431
vt 0.693052 0.736965
vt 0.504367 0.946818
vt 0.496490 0.942483
vt 0.493749 0.944720
vt 0.720478 0.721707
vt 0.712938 0.723778
vt 0.714471 0.730478
vt 0.817266 0.616446
vt 0.820654 0.606988
vt 0.826714 0.611752
vt 0.704690 0.741636
vt 0.700548 0.735431
vt 0.698016 0.741996
vt 0.826714 0.611752
vt 0.829746 0.605501
vt 0.831945 0.610680
vt 0.826714 0.611752
vt 0.820654 0.606988
vt 0.829746 0.605501
vt 0.140298 0.839551
vt 0.136038 0.832832
vt 0.127547 0.834162
vt 0.402344 0.996094
vt 0.402344 0.996094
vt 0.402344 0.996094
vt 0.402344 0.996094
vt 0.402344 0.996094
vt 0.402344 0.996094
vt 0.136038 0.832832
vt 0.121947 0.820860
vt 0.127547 0.834162
vt 0.707025 0.735028
vt 0.706186 0.729240
vt 0.700548 0.735431
vt 0.714471 0.730478
vt 0.706186 0.729240
vt 0.707025 0.735028
vt 0.696707 0.728184
vt 0.706186 0.729240
vt 0.705665 0.721829
vt 0.700548 0.735431
vt 0.706186 0.729240
vt 0.696707 0.728184
vt 0.700548 0.735431
vt 0.696707 0.728184
vt 0.693052 0.736965
vt 0.928539 0.774722
vt 0.923455 0.770189
vt 0.932868 0.768277
vt 0.696707 0.728184
vt 0.690060 0.723908
vt 0.687411 0.731618
vt 0.696707 0.728184
vt 0.687411 0.731618
vt 0.693052 0.736965
vt 0.693052 0.736965
vt 0.687411 0.731618
vt 0.685665 0.739096
vt 0.685665 0.739096
vt 0.687411 0.731618
vt 0.679459 0.734662
vt 0.926863 0.761718
vt 0.932868 0.768277
vt 0.923455 0.770189
vt 0.926863 0.761718
vt 0.934943 0.759728
vt 0.932868 0.768277
vt 0.934821 0.775651
vt 0.937296 0.783565
vt 0.929548 0.781105
vt 0.397538 0.702981
vt 0.407706 0.699988
vt 0.399549 0.690703
vt 0.654997 0.731731
vt 0.648271 0.726129
vt 0.655223 0.720591
vt 0.923455 0.770189
vt 0.923378 0.778659
vt 0.917579 0.775176
vt 0.928539 0.774722
vt 0.923378 0.778659
vt 0.923455 0.770189
vt 0.306454 0.947121
vt 0.314421 0.945138
vt 0.319749 0.940489
vt 0.402344 0.996094
vt 0.402344 0.996094
vt 0.402344 0.996094
vt 0.012710 0.966049
vt 0.021106 0.967588
vt 0.022767 0.967189
vt 0.127547 0.834162
vt 0.094147 0.829202
vt 0.117702 0.834935
vt 0.121947 0.820860
vt 0.094147 0.829202
vt 0.127547 0.834162
vt 0.942116 0.764786
vt 0.943926 0.777168
vt 0.939398 0.771231
vt 0.080572 0.892364
vt 0.076217 0.896576
vt 0.082502 0.898758
vt 0.080572 0.892364
vt 0.075658 0.891240
vt 0.076217 0.896576
vt 0.069425 0.893870
vt 0.075658 0.891240
vt 0.070619 0.888426
vt 0.075658 0.891240
vt 0.069425 0.893870
vt 0.076217 0.896576
vt 0.075658 0.891240
vt 0.075379 0.887776
vt 0.070619 0.888426
vt 0.075658 0.891240
vt 0.080572 0.892364
vt 0.075379 0.887776
vt 0.932868 0.768277
vt 0.934821 0.775651
vt 0.928539 0.774722
vt 0.868224 0.815458
vt 0.871817 0.823412
vt 0.876142 0.817363
vt 0.895166 0.678418
vt 0.891330 0.670561
vt 0.899623 0.669952
vt 0.876142 0.817363
vt 0.871817 0.823412
vt 0.878641 0.823222
vt 0.566212 0.630290
vt 0.569577 0.626653
vt 0.570159 0.634030
vt 0.907057 0.807558
vt 0.909089 0.814727
vt 0.916039 0.812720
vt 0.574580 0.622738
vt 0.576462 0.615247
vt 0.581614 0.624767
vt 0.836146 0.716860
vt 0.830817 0.715119
vt 0.829963 0.721371
vt 0.878641 0.823222
vt 0.883293 0.825082
vt 0.883792 0.818280
vt 0.884434 0.654377
vt 0.892354 0.649175
vt 0.894044 0.657517
vt 0.884434 0.654377
vt 0.894044 0.657517
vt 0.888444 0.663018
vt 0.168289 0.745608
vt 0.156772 0.743935
vt 0.162372 0.751388
vt 0.511883 0.867831
vt 0.520066 0.866885
vt 0.512542 0.863266
vt 0.478975 0.675238
vt 0.477291 0.682850
vt 0.484136 0.680345
vt 0.147901 0.738217
vt 0.156772 0.743935
vt 0.156010 0.734848
vt 0.156010 0.734848
vt 0.156772 0.743935
vt 0.163928 0.738265
vt 0.201829 0.749954
vt 0.194680 0.749081
vt 0.198554 0.743418
vt 0.168289 0.745608
vt 0.162372 0.751388
vt 0.170249 0.752658
vt 0.168289 0.745608
vt 0.163928 0.738265
vt 0.156772 0.743935
vt 0.875307 0.676179
vt 0.869907 0.670739
vt 0.875570 0.666583
vt 0.885380 0.829427
vt 0.883293 0.825082
vt 0.877454 0.831094
vt 0.145743 0.745783
vt 0.147901 0.738217
vt 0.139328 0.739624
vt 0.194680 0.749081
vt 0.192289 0.742960
vt 0.198554 0.743418
vt 0.215396 0.754950
vt 0.208282 0.751821
vt 0.212139 0.748224
vt 0.156772 0.743935
vt 0.147901 0.738217
vt 0.145743 0.745783
vt 0.113337 0.603551
vt 0.119904 0.608051
vt 0.115821 0.612283
vt 0.873232 0.810335
vt 0.868224 0.815458
vt 0.876142 0.817363
vt 0.877454 0.831094
vt 0.883293 0.825082
vt 0.878641 0.823222
vt 0.158831 0.757094
vt 0.166257 0.757674
vt 0.162372 0.751388
vt 0.198917 0.729122
vt 0.202016 0.737492
vt 0.194514 0.737200
vt 0.558617 0.601953
vt 0.554724 0.596603
vt 0.561786 0.593677
vt 0.153452 0.751750
vt 0.158831 0.757094
vt 0.162372 0.751388
vt 0.548372 0.825717
vt 0.543860 0.835690
vt 0.538732 0.830005
vt 0.566212 0.630290
vt 0.560087 0.625535
vt 0.569577 0.626653
vt 0.566841 0.602131
vt 0.569888 0.609656
vt 0.563194 0.608932
vt 0.527689 0.824344
vt 0.534001 0.825633
vt 0.530124 0.832076
vt 0.835246 0.709437
vt 0.836146 0.716860
vt 0.841862 0.711525
vt 0.883792 0.818280
vt 0.883293 0.825082
vt 0.890092 0.823511
vt 0.563555 0.635188
vt 0.560087 0.625535
vt 0.566212 0.630290
vt 0.170249 0.752658
vt 0.162372 0.751388
vt 0.166257 0.757674
vt 0.560087 0.625535
vt 0.567907 0.617438
vt 0.569577 0.626653
vt 0.569577 0.626653
vt 0.567907 0.617438
vt 0.574580 0.622738
vt 0.559891 0.615525
vt 0.567907 0.617438
vt 0.560087 0.625535
vt 0.106906 0.609676
vt 0.113337 0.603551
vt 0.115821 0.612283
vt 0.525350 0.816847
vt 0.534271 0.818670
vt 0.527689 0.824344
vt 0.538732 0.830005
vt 0.543860 0.835690
vt 0.535757 0.838678
vt 0.119196 0.635312
vt 0.111737 0.632757
vt 0.118408 0.626293
vt 0.894044 0.657517
vt 0.892354 0.649175
vt 0.900488 0.652903
vt 0.879851 0.812728
vt 0.876142 0.817363
vt 0.883792 0.818280
vt 0.192289 0.742960
vt 0.186867 0.739312
vt 0.194514 0.737200
vt 0.194514 0.737200
vt 0.198554 0.743418
vt 0.192289 0.742960
vt 0.202016 0.737492
vt 0.198554 0.743418
vt 0.194514 0.737200
vt 0.202016 0.737492
vt 0.206036 0.744274
vt 0.198554 0.743418
vt 0.206036 0.744274
vt 0.202016 0.737492
vt 0.208142 0.737205
vt 0.208142 0.737205
vt 0.213036 0.742349
vt 0.206036 0.744274
vt 0.566212 0.630290
vt 0.570159 0.634030
vt 0.563555 0.635188
vt 0.198554 0.743418
vt 0.206036 0.744274
vt 0.201829 0.749954
vt 0.208282 0.751821
vt 0.201829 0.749954
vt 0.206036 0.744274
vt 0.206036 0.744274
vt 0.212139 0.748224
vt 0.208282 0.751821
vt 0.206036 0.744274
vt 0.213036 0.742349
vt 0.212139 0.748224
vt 0.213036 0.742349
vt 0.218502 0.749528
vt 0.212139 0.748224
vt 0.842254 0.718713
vt 0.841862 0.711525
vt 0.836146 0.716860
vt 0.534271 0.818670
vt 0.539372 0.823347
vt 0.534001 0.825633
vt 0.539372 0.823347
vt 0.548372 0.825717
vt 0.538732 0.830005
vt 0.847412 0.720945
vt 0.848190 0.713514
vt 0.842254 0.718713
vt 0.848190 0.713514
vt 0.841862 0.711525
vt 0.842254 0.718713
vt 0.530124 0.832076
vt 0.534001 0.825633
vt 0.538732 0.830005
vt 0.530124 0.832076
vt 0.538732 0.830005
vt 0.535757 0.838678
vt 0.513318 0.967039
vt 0.509542 0.963298
vt 0.514272 0.959476
vt 0.553528 0.617375
vt 0.554382 0.609557
vt 0.559891 0.615525
vt 0.847412 0.720945
vt 0.850765 0.717729
vt 0.848190 0.713514
vt 0.574909 0.720159
vt 0.578123 0.724829
vt 0.582375 0.721408
vt 0.582375 0.721408
vt 0.581391 0.712160
vt 0.574909 0.720159
vt 0.333714 0.819959
vt 0.340442 0.818684
vt 0.340734 0.828308
vt 0.566841 0.602131
vt 0.558617 0.601953
vt 0.561786 0.593677
vt 0.534001 0.825633
vt 0.539372 0.823347
vt 0.538732 0.830005
vt 0.490331 0.962849
vt 0.486102 0.967775
vt 0.484087 0.961942
vt 0.326552 0.820355
vt 0.333714 0.819959
vt 0.332549 0.827452
vt 0.576462 0.615247
vt 0.574580 0.622738
vt 0.567907 0.617438
vt 0.541855 0.817721
vt 0.539372 0.823347
vt 0.534271 0.818670
vt 0.563194 0.608932
vt 0.567907 0.617438
vt 0.559891 0.615525
vt 0.567907 0.617438
vt 0.563194 0.608932
vt 0.569888 0.609656
vt 0.554382 0.609557
vt 0.563194 0.608932
vt 0.559891 0.615525
vt 0.414119 0.962238
vt 0.406603 0.963161
vt 0.414851 0.969977
vt 0.580890 0.593627
vt 0.584368 0.588217
vt 0.588879 0.593671
vt 0.847412 0.720945
vt 0.852916 0.722518
vt 0.850765 0.717729
vt 0.572145 0.595935
vt 0.580725 0.602924
vt 0.574726 0.605956
vt 0.499876 0.678635
vt 0.505607 0.672809
vt 0.496553 0.672549
vt 0.500244 0.665850
vt 0.496553 0.672549
vt 0.505607 0.672809
vt 0.592030 0.737445
vt 0.597916 0.738312
vt 0.595094 0.731496
vt 0.847412 0.720945
vt 0.847214 0.727865
vt 0.852916 0.722518
vt 0.580890 0.593627
vt 0.580725 0.602924
vt 0.572145 0.595935
vt 0.641134 0.783291
vt 0.639422 0.791810
vt 0.633659 0.784626
vt 0.576462 0.615247
vt 0.580814 0.610261
vt 0.584395 0.616698
vt 0.329839 0.833559
vt 0.326490 0.827212
vt 0.332549 0.827452
vt 0.574726 0.605956
vt 0.580814 0.610261
vt 0.576462 0.615247
vt 0.030993 0.802952
vt 0.026445 0.797121
vt 0.021496 0.801136
vt 0.506367 0.660152
vt 0.513386 0.659541
vt 0.512129 0.656055
vt 0.569888 0.609656
vt 0.576462 0.615247
vt 0.567907 0.617438
vt 0.355211 0.968417
vt 0.351213 0.961560
vt 0.357654 0.961133
vt 0.569888 0.609656
vt 0.574726 0.605956
vt 0.576462 0.615247
vt 0.572145 0.595935
vt 0.574726 0.605956
vt 0.566841 0.602131
vt 0.590183 0.716328
vt 0.581391 0.712160
vt 0.582375 0.721408
vt 0.588471 0.725977
vt 0.590183 0.716328
vt 0.582375 0.721408
vt 0.581050 0.730135
vt 0.588471 0.725977
vt 0.582375 0.721408
vt 0.578123 0.724829
vt 0.581050 0.730135
vt 0.582375 0.721408
vt 0.581050 0.730135
vt 0.587557 0.734258
vt 0.588471 0.725977
vt 0.515530 0.682328
vt 0.522886 0.679826
vt 0.512877 0.676751
vt 0.596168 0.723670
vt 0.590183 0.716328
vt 0.588471 0.725977
vt 0.544828 0.609955
vt 0.540669 0.601222
vt 0.550490 0.602320
vt 0.554382 0.609557
vt 0.544828 0.609955
vt 0.550490 0.602320
vt 0.340442 0.818684
vt 0.346543 0.823850
vt 0.340734 0.828308
vt 0.529195 0.686801
vt 0.521237 0.687106
vt 0.526736 0.693042
vt 0.333714 0.819959
vt 0.340734 0.828308
vt 0.332549 0.827452
vt 0.520220 0.659743
vt 0.523812 0.666167
vt 0.528514 0.660670
vt 0.596168 0.723670
vt 0.595094 0.731496
vt 0.599749 0.727966
vt 0.599749 0.727966
vt 0.604961 0.724017
vt 0.596168 0.723670
vt 0.540580 0.592324
vt 0.540730 0.585901
vt 0.546575 0.588035
vt 0.540580 0.592324
vt 0.547966 0.595456
vt 0.540669 0.601222
vt 0.596168 0.723670
vt 0.604961 0.724017
vt 0.599142 0.716418
vt 0.540580 0.592324
vt 0.532996 0.586570
vt 0.540730 0.585901
vt 0.596168 0.723670
vt 0.599142 0.716418
vt 0.590183 0.716328
vt 0.595094 0.731496
vt 0.596168 0.723670
vt 0.588471 0.725977
vt 0.588471 0.725977
vt 0.587557 0.734258
vt 0.595094 0.731496
vt 0.587557 0.734258
vt 0.592030 0.737445
vt 0.595094 0.731496
vt 0.594985 0.599778
vt 0.588879 0.593671
vt 0.595447 0.591497
vt 0.594985 0.599778
vt 0.588088 0.601793
vt 0.588879 0.593671
vt 0.346543 0.823850
vt 0.349253 0.832058
vt 0.340734 0.828308
vt 0.945902 0.918152
vt 0.953799 0.921625
vt 0.950341 0.913162
vt 0.531745 0.680010
vt 0.527403 0.673144
vt 0.522886 0.679826
vt 0.531745 0.680010
vt 0.522886 0.679826
vt 0.529195 0.686801
vt 0.515530 0.682328
vt 0.521237 0.687106
vt 0.522886 0.679826
vt 0.533000 0.666636
vt 0.528514 0.660670
vt 0.523812 0.666167
vt 0.521237 0.687106
vt 0.529195 0.686801
vt 0.522886 0.679826
vt 0.481743 0.831990
vt 0.488319 0.830867
vt 0.483493 0.826251
vt 0.533974 0.673868
vt 0.527403 0.673144
vt 0.531745 0.680010
vt 0.925009 0.988847
vt 0.886745 0.985351
vt 0.896105 0.987152
vt 0.512680 0.665912
vt 0.518961 0.672138
vt 0.523812 0.666167
vt 0.518961 0.672138
vt 0.512680 0.665912
vt 0.512931 0.671976
vt 0.520220 0.659743
vt 0.512680 0.665912
vt 0.523812 0.666167
vt 0.484096 0.686705
vt 0.492213 0.683930
vt 0.484136 0.680345
vt 0.042865 0.788167
vt 0.045316 0.792038
vt 0.050745 0.790588
vt 0.512877 0.676751
vt 0.518961 0.672138
vt 0.512931 0.671976
vt 0.512877 0.676751
vt 0.512931 0.671976
vt 0.505607 0.672809
vt 0.523812 0.666167
vt 0.527403 0.673144
vt 0.533000 0.666636
vt 0.574600 0.963686
vt 0.582364 0.969008
vt 0.584518 0.961319
vt 0.484999 0.694047
vt 0.489741 0.689939
vt 0.484096 0.686705
vt 0.283872 0.985405
vt 0.296374 0.987704
vt 0.307099 0.988314
vt 0.856698 0.941987
vt 0.846237 0.941788
vt 0.851367 0.947034
vt 0.506367 0.660152
vt 0.500244 0.665850
vt 0.512680 0.665912
vt 0.512680 0.665912
vt 0.513386 0.659541
vt 0.506367 0.660152
vt 0.506367 0.660152
vt 0.499214 0.660567
vt 0.500244 0.665850
vt 0.482018 0.668505
vt 0.490734 0.667981
vt 0.485025 0.663206
vt 0.505607 0.672809
vt 0.512680 0.665912
vt 0.500244 0.665850
vt 0.495410 0.986457
vt 0.502085 0.986248
vt 0.495332 0.983449
vt 0.490734 0.667981
vt 0.491655 0.660669
vt 0.485025 0.663206
vt 0.512129 0.656055
vt 0.499193 0.657372
vt 0.506367 0.660152
vt 0.505607 0.672809
vt 0.512931 0.671976
vt 0.512680 0.665912
vt 0.340734 0.828308
vt 0.344000 0.839170
vt 0.336609 0.834794
vt 0.092657 0.634136
vt 0.089875 0.628842
vt 0.098002 0.628872
vt 0.492213 0.683930
vt 0.489741 0.689939
vt 0.496375 0.691475
vt 0.252138 0.962355
vt 0.258063 0.960264
vt 0.255281 0.967932
vt 0.490734 0.667981
vt 0.496553 0.672549
vt 0.500244 0.665850
vt 0.488963 0.675299
vt 0.496553 0.672549
vt 0.490734 0.667981
vt 0.499876 0.678635
vt 0.496553 0.672549
vt 0.488963 0.675299
vt 0.953799 0.921625
vt 0.960911 0.916372
vt 0.950341 0.913162
vt 0.499876 0.678635
vt 0.492213 0.683930
vt 0.503308 0.687320
vt 0.896105 0.987152
vt 0.886745 0.985351
vt 0.883952 0.986256
vt 0.513493 0.860654
vt 0.506083 0.859954
vt 0.512542 0.863266
vt 0.402344 0.996094
vt 0.402344 0.996094
vt 0.402344 0.996094
vt 0.469529 0.677695
vt 0.478975 0.675238
vt 0.471154 0.668398
vt 0.071342 0.915550
vt 0.068863 0.921724
vt 0.076977 0.919021
vt 0.584395 0.616698
vt 0.591377 0.617332
vt 0.587915 0.622465
vt 0.329839 0.833559
vt 0.332549 0.827452
vt 0.336609 0.834794
vt 0.197731 0.967720
vt 0.201112 0.962506
vt 0.202744 0.969193
vt 0.336609 0.834794
vt 0.332549 0.827452
vt 0.340734 0.828308
vt 0.147901 0.738217
vt 0.156010 0.734848
vt 0.148883 0.730203
vt 0.449003 0.898364
vt 0.445698 0.887640
vt 0.451575 0.890313
vt 0.035117 0.785823
vt 0.033446 0.789194
vt 0.042865 0.788167
vt 0.028433 0.786132
vt 0.033446 0.789194
vt 0.035117 0.785823
vt 0.409877 0.729196
vt 0.404552 0.726069
vt 0.403310 0.729495
vt 0.491655 0.660669
vt 0.478655 0.658366
vt 0.485025 0.663206
vt 0.432388 0.733359
vt 0.438427 0.731323
vt 0.426423 0.727865
vt 0.426423 0.727865
vt 0.438427 0.731323
vt 0.439443 0.727832
vt 0.402344 0.996094
vt 0.402344 0.996094
vt 0.402344 0.996094
vt 0.657069 0.851835
vt 0.663532 0.856180
vt 0.668108 0.852735
vt 0.405939 0.746567
vt 0.410341 0.752118
vt 0.413000 0.747810
vt 0.111737 0.632757
vt 0.111647 0.620471
vt 0.118408 0.626293
vt 0.477291 0.682850
vt 0.477203 0.690780
vt 0.484096 0.686705
vt 0.051938 0.784414
vt 0.042865 0.788167
vt 0.050745 0.790588
vt 0.035117 0.785823
vt 0.042865 0.788167
vt 0.039926 0.783651
vt 0.426423 0.727865
vt 0.425269 0.734054
vt 0.432388 0.733359
vt 0.039926 0.783651
vt 0.029699 0.782676
vt 0.035117 0.785823
vt 0.036388 0.780054
vt 0.039926 0.783651
vt 0.051938 0.784414
vt 0.071409 0.785158
vt 0.036388 0.780054
vt 0.051938 0.784414
vt 0.039926 0.783651
vt 0.036388 0.780054
vt 0.029699 0.782676
vt 0.787300 0.767900
vt 0.892524 0.788162
vt 0.767034 0.761554
vt 0.402344 0.996094
vt 0.402344 0.996094
vt 0.402344 0.996094
vt 0.918251 0.828381
vt 0.919397 0.822565
vt 0.912127 0.821839
vt 0.683602 0.695467
vt 0.678402 0.690840
vt 0.685669 0.689754
vt 0.402344 0.996094
vt 0.402344 0.996094
vt 0.402344 0.996094
vt 0.021084 0.780810
vt 0.022278 0.783842
vt 0.029699 0.782676
vt 0.526762 0.864505
vt 0.533857 0.866146
vt 0.557659 0.866842
vt 0.402344 0.996094
vt 0.402344 0.996094
vt 0.402344 0.996094
vt 0.528695 0.869494
vt 0.533857 0.866146
vt 0.526762 0.864505
vt 0.402344 0.996094
vt 0.402344 0.996094
vt 0.402344 0.996094
vt 0.686449 0.910031
vt 0.678081 0.911111
vt 0.682628 0.915320
vt 0.028433 0.786132
vt 0.029699 0.782676
vt 0.022278 0.783842
vt 0.592386 0.986194
vt 0.600855 0.987977
vt 0.607433 0.985350
vt 0.767034 0.761554
vt 0.739017 0.757502
vt 0.753795 0.760964
vt 0.787300 0.767900
vt 0.767034 0.761554
vt 0.753795 0.760964
vt 0.528695 0.869494
vt 0.526762 0.864505
vt 0.520066 0.866885
vt 0.022278 0.783842
vt 0.023101 0.788425
vt 0.028433 0.786132
vt 0.013928 0.784394
vt 0.023101 0.788425
vt 0.022278 0.783842
vt 0.013928 0.784394
vt 0.022278 0.783842
vt 0.021084 0.780810
vt 0.402344 0.996094
vt 0.402344 0.996094
vt 0.402344 0.996094
vt 0.785228 0.986318
vt 0.759768 0.986116
vt 0.788682 0.986917
vt 0.402344 0.996094
vt 0.402344 0.996094
vt 0.402344 0.996094
vt 0.974941 0.967308
vt 0.961363 0.965074
vt 0.941713 0.962674
vt 0.809578 0.983851
vt 0.816617 0.986307
vt 0.842315 0.987673
vt 0.520066 0.866885
vt 0.526762 0.864505
vt 0.519368 0.862381
vt 0.402344 0.996094
vt 0.402344 0.996094
vt 0.402344 0.996094
vt 0.402344 0.996094
vt 0.402344 0.996094
vt 0.402344 0.996094
vt 0.402344 0.996094
vt 0.402344 0.996094
vt 0.402344 0.996094
vt 0.744469 0.721887
vt 0.739965 0.718925
vt 0.736581 0.724786
vt 0.627836 0.670982
vt 0.631330 0.678524
vt 0.623164 0.677243
vt 0.023101 0.788425
vt 0.013928 0.784394
vt 0.012687 0.789747
vt 0.402344 0.996094
vt 0.402344 0.996094
vt 0.402344 0.996094
vt 0.402344 0.996094
vt 0.402344 0.996094
vt 0.402344 0.996094
vt 0.861936 0.967672
vt 0.857936 0.963539
vt 0.851779 0.968085
vt 0.030400 0.793232
vt 0.039600 0.793020
vt 0.033446 0.789194
vt 0.425269 0.734054
vt 0.430041 0.739720
vt 0.432388 0.733359
vt 0.928283 0.658641
vt 0.918303 0.664638
vt 0.929314 0.667783
vt 0.023101 0.788425
vt 0.030400 0.793232
vt 0.033446 0.789194
vt 0.028433 0.786132
vt 0.023101 0.788425
vt 0.033446 0.789194
vt 0.312315 0.961601
vt 0.310879 0.966967
vt 0.306399 0.965882
vt 0.036870 0.798560
vt 0.039600 0.793020
vt 0.030400 0.793232
vt 0.111647 0.620471
vt 0.115821 0.612283
vt 0.119730 0.617743
vt 0.033446 0.789194
vt 0.039600 0.793020
vt 0.042865 0.788167
vt 0.405939 0.746567
vt 0.396627 0.744811
vt 0.401485 0.752060
vt 0.664412 0.862458
vt 0.676191 0.865558
vt 0.671959 0.858312
vt 0.432388 0.733359
vt 0.430041 0.739720
vt 0.438969 0.738487
vt 0.432388 0.733359
vt 0.438969 0.738487
vt 0.438427 0.731323
vt 0.036870 0.798560
vt 0.030400 0.793232
vt 0.026445 0.797121
vt 0.038192 0.804238
vt 0.043552 0.802494
vt 0.036870 0.798560
vt 0.121016 0.612892
vt 0.115821 0.612283
vt 0.119904 0.608051
vt 0.119730 0.617743
vt 0.115821 0.612283
vt 0.121016 0.612892
vt 0.021795 0.792667
vt 0.016985 0.795555
vt 0.026445 0.797121
vt 0.016985 0.795555
vt 0.021496 0.801136
vt 0.026445 0.797121
vt 0.469529 0.677695
vt 0.470066 0.686286
vt 0.477291 0.682850
vt 0.040702 0.914617
vt 0.037925 0.920616
vt 0.046037 0.918300
vt 0.044608 0.898992
vt 0.050007 0.894157
vt 0.043499 0.894801
vt 0.348814 0.917588
vt 0.343865 0.923000
vt 0.340109 0.917523
vt 0.478975 0.675238
vt 0.482018 0.668505
vt 0.471154 0.668398
vt 0.471154 0.668398
vt 0.482018 0.668505
vt 0.473725 0.661800
vt 0.148883 0.730203
vt 0.156010 0.734848
vt 0.156583 0.726821
vt 0.430041 0.739720
vt 0.436165 0.746693
vt 0.438969 0.738487
vt 0.924098 0.818004
vt 0.915832 0.818016
vt 0.919397 0.822565
vt 0.627612 0.941394
vt 0.618922 0.946120
vt 0.621586 0.939820
vt 0.140708 0.732607
vt 0.147901 0.738217
vt 0.148883 0.730203
vt 0.485025 0.663206
vt 0.478655 0.658366
vt 0.473725 0.661800
vt 0.473725 0.661800
vt 0.482018 0.668505
vt 0.485025 0.663206
vt 0.042865 0.788167
vt 0.039600 0.793020
vt 0.045316 0.792038
vt 0.045316 0.792038
vt 0.039600 0.793020
vt 0.046406 0.796552
vt 0.139140 0.743916
vt 0.145743 0.745783
vt 0.139328 0.739624
vt 0.124960 0.629573
vt 0.119196 0.635312
vt 0.118408 0.626293
vt 0.026445 0.797121
vt 0.030400 0.793232
vt 0.021795 0.792667
vt 0.143406 0.726448
vt 0.135911 0.724828
vt 0.140708 0.732607
vt 0.043499 0.894801
vt 0.037255 0.897393
vt 0.044608 0.898992
vt 0.023101 0.788425
vt 0.012687 0.789747
vt 0.021795 0.792667
vt 0.030993 0.802952
vt 0.038192 0.804238
vt 0.036870 0.798560
vt 0.026445 0.797121
vt 0.030993 0.802952
vt 0.036870 0.798560
vt 0.023101 0.788425
vt 0.021795 0.792667
vt 0.030400 0.793232
vt 0.430041 0.739720
vt 0.425903 0.748072
vt 0.436165 0.746693
vt 0.421026 0.740040
vt 0.425903 0.748072
vt 0.430041 0.739720
vt 0.436165 0.746693
vt 0.425903 0.748072
vt 0.432977 0.756921
vt 0.093729 0.620232
vt 0.085372 0.622366
vt 0.087265 0.613910
vt 0.139140 0.743916
vt 0.133971 0.742483
vt 0.138432 0.749063
vt 0.145743 0.745783
vt 0.139140 0.743916
vt 0.138432 0.749063
vt 0.139328 0.739624
vt 0.140708 0.732607
vt 0.129583 0.735593
vt 0.036870 0.798560
vt 0.043552 0.802494
vt 0.046406 0.796552
vt 0.046406 0.796552
vt 0.039600 0.793020
vt 0.036870 0.798560
vt 0.118408 0.626293
vt 0.123798 0.621732
vt 0.124960 0.629573
vt 0.900488 0.652903
vt 0.901715 0.661910
vt 0.894044 0.657517
vt 0.637273 0.686361
vt 0.631330 0.678524
vt 0.640291 0.678354
vt 0.119730 0.617743
vt 0.123798 0.621732
vt 0.118408 0.626293
vt 0.119730 0.617743
vt 0.126780 0.612535
vt 0.123798 0.621732
vt 0.123798 0.621732
vt 0.126780 0.612535
vt 0.128792 0.622053
vt 0.124667 0.648185
vt 0.124025 0.656438
vt 0.117417 0.650083
vt 0.121016 0.612892
vt 0.119904 0.608051
vt 0.126780 0.612535
vt 0.119730 0.617743
vt 0.121016 0.612892
vt 0.126780 0.612535
vt 0.111647 0.620471
vt 0.106906 0.609676
vt 0.115821 0.612283
vt 0.928423 0.913399
vt 0.924836 0.916230
vt 0.921954 0.911551
vt 0.919605 0.919602
vt 0.924836 0.916230
vt 0.929524 0.921144
vt 0.118408 0.626293
vt 0.111647 0.620471
vt 0.119730 0.617743
vt 0.106906 0.609676
vt 0.111647 0.620471
vt 0.102404 0.619201
vt 0.111647 0.620471
vt 0.111737 0.632757
vt 0.105682 0.627119
vt 0.102404 0.619201
vt 0.096248 0.608921
vt 0.106906 0.609676
vt 0.133971 0.742483
vt 0.139140 0.743916
vt 0.139328 0.739624
vt 0.122754 0.602777
vt 0.126780 0.612535
vt 0.119904 0.608051
vt 0.929524 0.921144
vt 0.924836 0.916230
vt 0.928423 0.913399
vt 0.170390 0.828773
vt 0.175784 0.827310
vt 0.174310 0.832387
vt 0.174310 0.832387
vt 0.175784 0.827310
vt 0.179680 0.830995
vt 0.152357 0.915952
vt 0.148756 0.921239
vt 0.157157 0.918990
vt 0.863671 0.805513
vt 0.859568 0.814219
vt 0.868224 0.815458
vt 0.868224 0.815458
vt 0.873232 0.810335
vt 0.863671 0.805513
vt 0.319768 0.921146
vt 0.318918 0.913984
vt 0.310866 0.916333
vt 0.875307 0.676179
vt 0.883004 0.669420
vt 0.884650 0.678920
vt 0.883004 0.669420
vt 0.881401 0.662211
vt 0.888444 0.663018
vt 0.894044 0.657517
vt 0.895392 0.664367
vt 0.888444 0.663018
vt 0.883004 0.669420
vt 0.875570 0.666583
vt 0.881401 0.662211
vt 0.881401 0.662211
vt 0.875570 0.666583
vt 0.875252 0.658166
vt 0.881401 0.662211
vt 0.875252 0.658166
vt 0.884434 0.654377
vt 0.881401 0.662211
vt 0.884434 0.654377
vt 0.888444 0.663018
vt 0.664412 0.862458
vt 0.671959 0.858312
vt 0.663532 0.856180
vt 0.175784 0.827310
vt 0.181178 0.822866
vt 0.179680 0.830995
vt 0.170390 0.828773
vt 0.173309 0.822570
vt 0.175784 0.827310
vt 0.884650 0.678920
vt 0.883004 0.669420
vt 0.891330 0.670561
vt 0.170390 0.828773
vt 0.164979 0.824697
vt 0.173309 0.822570
vt 0.919397 0.822565
vt 0.927432 0.826296
vt 0.924098 0.818004
vt 0.673896 0.684174
vt 0.676313 0.674370
vt 0.681030 0.682405
vt 0.670340 0.677875
vt 0.676313 0.674370
vt 0.673896 0.684174
vt 0.668108 0.852735
vt 0.663532 0.856180
vt 0.671959 0.858312
vt 0.912127 0.821839
vt 0.915832 0.818016
vt 0.909089 0.814727
vt 0.919397 0.822565
vt 0.915832 0.818016
vt 0.912127 0.821839
vt 0.528695 0.869494
vt 0.520066 0.866885
vt 0.519973 0.872431
vt 0.663532 0.856180
vt 0.657250 0.857082
vt 0.664412 0.862458
vt 0.657250 0.857082
vt 0.663532 0.856180
vt 0.657069 0.851835
vt 0.693315 0.829754
vt 0.696881 0.824833
vt 0.688546 0.824386
vt 0.924098 0.818004
vt 0.927432 0.826296
vt 0.936008 0.821372
vt 0.932073 0.813847
vt 0.924098 0.818004
vt 0.936008 0.821372
vt 0.174319 0.688074
vt 0.168046 0.691289
vt 0.176648 0.694664
vt 0.684159 0.921031
vt 0.682628 0.915320
vt 0.673144 0.919920
vt 0.682628 0.915320
vt 0.678081 0.911111
vt 0.671702 0.914257
vt 0.929872 0.893510
vt 0.937573 0.894747
vt 0.927013 0.889694
vt 0.511883 0.867831
vt 0.519973 0.872431
vt 0.520066 0.866885
vt 0.924098 0.818004
vt 0.916039 0.812720
vt 0.915832 0.818016
vt 0.124960 0.629573
vt 0.128792 0.622053
vt 0.132000 0.628246
vt 0.124667 0.648185
vt 0.125641 0.639150
vt 0.132084 0.646546
vt 0.410341 0.752118
vt 0.401485 0.752060
vt 0.409511 0.758169
vt 0.264090 0.943967
vt 0.238865 0.939865
vt 0.244527 0.941614
vt 0.409511 0.758169
vt 0.413839 0.755435
vt 0.410341 0.752118
vt 0.132000 0.628246
vt 0.128462 0.633509
vt 0.124960 0.629573
vt 0.120120 0.643123
vt 0.115135 0.641195
vt 0.119196 0.635312
vt 0.119196 0.635312
vt 0.125641 0.639150
vt 0.120120 0.643123
vt 0.915832 0.818016
vt 0.916039 0.812720
vt 0.909089 0.814727
vt 0.732978 0.826367
vt 0.730921 0.820841
vt 0.723975 0.827380
vt 0.229063 0.871127
vt 0.225873 0.865742
vt 0.221384 0.869369
vt 0.418249 0.746026
vt 0.425903 0.748072
vt 0.421026 0.740040
vt 0.164979 0.824697
vt 0.169284 0.816819
vt 0.173309 0.822570
vt 0.888444 0.663018
vt 0.891330 0.670561
vt 0.883004 0.669420
vt 0.891330 0.670561
vt 0.895166 0.678418
vt 0.884650 0.678920
vt 0.126780 0.612535
vt 0.136112 0.618207
vt 0.128792 0.622053
vt 0.132000 0.628246
vt 0.128792 0.622053
vt 0.136112 0.618207
vt 0.976982 0.663705
vt 0.970359 0.666482
vt 0.979112 0.668621
vt 0.425903 0.748072
vt 0.418249 0.746026
vt 0.417726 0.752028
vt 0.976303 0.674977
vt 0.979112 0.668621
vt 0.970359 0.666482
vt 0.120120 0.643123
vt 0.125641 0.639150
vt 0.124667 0.648185
vt 0.917038 0.887902
vt 0.927013 0.889694
vt 0.924522 0.885253
vt 0.402344 0.996094
vt 0.402344 0.996094
vt 0.402344 0.996094
vt 0.498044 0.859794
vt 0.492839 0.861516
vt 0.502699 0.863039
vt 0.502699 0.863039
vt 0.506083 0.859954
vt 0.498044 0.859794
vt 0.402344 0.996094
vt 0.402344 0.996094
vt 0.402344 0.996094
vt 0.402344 0.996094
vt 0.402344 0.996094
vt 0.402344 0.996094
vt 0.402344 0.996094
vt 0.402344 0.996094
vt 0.402344 0.996094
vt 0.402344 0.996094
vt 0.402344 0.996094
vt 0.402344 0.996094
vt 0.672716 0.820891
vt 0.665385 0.810832
vt 0.663545 0.818929
vt 0.402344 0.996094
vt 0.402344 0.996094
vt 0.402344 0.996094
vt 0.402344 0.996094
vt 0.402344 0.996094
vt 0.402344 0.996094
vt 0.748291 0.729932
vt 0.804108 0.742345
vt 0.744469 0.721887
vt 0.402344 0.996094
vt 0.402344 0.996094
vt 0.402344 0.996094
vt 0.402344 0.996094
vt 0.402344 0.996094
vt 0.402344 0.996094
vt 0.402344 0.996094
vt 0.402344 0.996094
vt 0.402344 0.996094
vt 0.402344 0.996094
vt 0.402344 0.996094
vt 0.402344 0.996094
vt 0.402344 0.996094
vt 0.402344 0.996094
vt 0.402344 0.996094
vt 0.402344 0.996094
vt 0.402344 0.996094
vt 0.402344 0.996094
vt 0.634506 0.664207
vt 0.640129 0.670419
vt 0.634928 0.672719
vt 0.402344 0.996094
vt 0.402344 0.996094
vt 0.402344 0.996094
vt 0.669851 0.670528
vt 0.676313 0.674370
vt 0.670340 0.677875
vt 0.913947 0.728539
vt 0.917026 0.734603
vt 0.909855 0.734349
vt 0.646344 0.685586
vt 0.651914 0.680386
vt 0.653987 0.686007
vt 0.012506 0.921443
vt 0.016470 0.925544
vt 0.021879 0.923050
vt 0.723778 0.967663
vt 0.719624 0.961729
vt 0.727437 0.960427
vt 0.674596 0.666932
vt 0.676313 0.674370
vt 0.669851 0.670528
vt 0.674596 0.666932
vt 0.669851 0.670528
vt 0.669134 0.662353
vt 0.675522 0.813769
vt 0.665385 0.810832
vt 0.672716 0.820891
vt 0.649115 0.788295
vt 0.646750 0.780658
vt 0.653412 0.780484
vt 0.673896 0.684174
vt 0.681030 0.682405
vt 0.678402 0.690840
vt 0.724887 0.809201
vt 0.717592 0.808996
vt 0.719853 0.813529
vt 0.451575 0.890313
vt 0.457273 0.891833
vt 0.454708 0.898283
vt 0.451575 0.890313
vt 0.454708 0.898283
vt 0.449003 0.898364
vt 0.673144 0.919920
vt 0.682628 0.915320
vt 0.671702 0.914257
vt 0.670340 0.677875
vt 0.666433 0.683600
vt 0.664538 0.675812
vt 0.032526 0.742050
vt 0.035106 0.751036
vt 0.025309 0.747207
vt 0.554170 0.940023
vt 0.546013 0.939300
vt 0.549600 0.946395
vt 0.915788 0.892312
vt 0.927013 0.889694
vt 0.917038 0.887902
vt 0.927013 0.889694
vt 0.923216 0.895295
vt 0.929872 0.893510
vt 0.915788 0.892312
vt 0.923216 0.895295
vt 0.927013 0.889694
vt 0.219397 0.863460
vt 0.225873 0.865742
vt 0.227414 0.859884
vt 0.152490 0.682918
vt 0.152271 0.678140
vt 0.145878 0.681394
vt 0.040289 0.744976
vt 0.035106 0.751036
vt 0.032526 0.742050
vt 0.660031 0.688773
vt 0.651890 0.690892
vt 0.653987 0.686007
vt 0.133675 0.964313
vt 0.125141 0.969689
vt 0.123992 0.963625
vt 0.548744 0.985898
vt 0.541465 0.984605
vt 0.542653 0.987408
vt 0.658992 0.813453
vt 0.663545 0.818929
vt 0.665385 0.810832
vt 0.216402 0.858074
vt 0.211049 0.861892
vt 0.219397 0.863460
vt 0.651914 0.680386
vt 0.648116 0.672217
vt 0.657042 0.673840
vt 0.776306 0.942979
vt 0.767878 0.941358
vt 0.771405 0.943925
vt 0.917026 0.734603
vt 0.913947 0.728539
vt 0.921723 0.730029
vt 0.927432 0.826296
vt 0.919397 0.822565
vt 0.918251 0.828381
vt 0.595058 0.783907
vt 0.592031 0.788632
vt 0.589469 0.779096
vt 0.592031 0.788632
vt 0.595058 0.783907
vt 0.597356 0.788192
vt 0.647729 0.855528
vt 0.657250 0.857082
vt 0.657069 0.851835
vt 0.649115 0.788295
vt 0.653412 0.780484
vt 0.659218 0.788367
vt 0.625390 0.819296
vt 0.635049 0.819362
vt 0.630695 0.823811
vt 0.626147 0.827970
vt 0.616151 0.823017
vt 0.625390 0.819296
vt 0.206112 0.865764
vt 0.213928 0.867605
vt 0.211049 0.861892
vt 0.931226 0.647197
vt 0.933059 0.652887
vt 0.937519 0.649725
vt 0.630327 0.655683
vt 0.623705 0.662723
vt 0.622965 0.655159
vt 0.927432 0.826296
vt 0.918251 0.828381
vt 0.925209 0.832433
vt 0.920225 0.833091
vt 0.925209 0.832433
vt 0.918251 0.828381
vt 0.680114 0.826262
vt 0.681614 0.820325
vt 0.672716 0.820891
vt 0.681614 0.820325
vt 0.680114 0.826262
vt 0.683569 0.825046
vt 0.686097 0.828751
vt 0.683569 0.825046
vt 0.680114 0.826262
vt 0.688546 0.824386
vt 0.683569 0.825046
vt 0.686097 0.828751
vt 0.653580 0.860845
vt 0.657250 0.857082
vt 0.647729 0.855528
vt 0.928283 0.658641
vt 0.936716 0.658563
vt 0.933059 0.652887
vt 0.686097 0.828751
vt 0.693315 0.829754
vt 0.688546 0.824386
vt 0.653580 0.860845
vt 0.664412 0.862458
vt 0.657250 0.857082
vt 0.227414 0.859884
vt 0.216402 0.858074
vt 0.219397 0.863460
vt 0.216730 0.872908
vt 0.213928 0.867605
vt 0.209365 0.872893
vt 0.956181 0.658344
vt 0.951934 0.661979
vt 0.959399 0.666057
vt 0.963819 0.660014
vt 0.956181 0.658344
vt 0.959399 0.666057
vt 0.959399 0.666057
vt 0.966067 0.672919
vt 0.970359 0.666482
vt 0.951788 0.667547
vt 0.959399 0.666057
vt 0.951934 0.661979
vt 0.963766 0.946200
vt 0.958522 0.940054
vt 0.966218 0.938957
vt 0.087265 0.613910
vt 0.085372 0.622366
vt 0.080895 0.616730
vt 0.170390 0.828773
vt 0.165282 0.831159
vt 0.164979 0.824697
vt 0.388706 0.966893
vt 0.382392 0.961479
vt 0.379630 0.967961
vt 0.895166 0.678418
vt 0.889536 0.685559
vt 0.884650 0.678920
vt 0.164979 0.824697
vt 0.165282 0.831159
vt 0.159625 0.831445
vt 0.213928 0.867605
vt 0.206112 0.865764
vt 0.209365 0.872893
vt 0.377154 0.946683
vt 0.378471 0.938995
vt 0.368811 0.941890
vt 0.128462 0.633509
vt 0.125641 0.639150
vt 0.124960 0.629573
vt 0.124960 0.629573
vt 0.125641 0.639150
vt 0.119196 0.635312
vt 0.132000 0.628246
vt 0.131955 0.636544
vt 0.128462 0.633509
vt 0.413000 0.747810
vt 0.410341 0.752118
vt 0.417726 0.752028
vt 0.401485 0.752060
vt 0.410341 0.752118
vt 0.405939 0.746567
vt 0.231833 0.866049
vt 0.237323 0.870497
vt 0.239201 0.863225
vt 0.117417 0.650083
vt 0.120120 0.643123
vt 0.124667 0.648185
vt 0.231833 0.866049
vt 0.227414 0.859884
vt 0.225873 0.865742
vt 0.239201 0.863225
vt 0.227414 0.859884
vt 0.231833 0.866049
vt 0.231833 0.866049
vt 0.229063 0.871127
vt 0.237323 0.870497
vt 0.225873 0.865742
vt 0.229063 0.871127
vt 0.231833 0.866049
vt 0.802040 0.963306
vt 0.796757 0.968249
vt 0.805303 0.969716
vt 0.592031 0.788632
vt 0.596328 0.797454
vt 0.589137 0.795412
vt 0.143555 0.696291
vt 0.136064 0.692928
vt 0.135307 0.702337
vt 0.035106 0.751036
vt 0.040289 0.744976
vt 0.043663 0.753343
vt 0.646750 0.780658
vt 0.649115 0.788295
vt 0.641134 0.783291
vt 0.641134 0.783291
vt 0.649115 0.788295
vt 0.639422 0.791810
vt 0.608238 0.822666
vt 0.616151 0.823017
vt 0.610837 0.828408
vt 0.213928 0.867605
vt 0.219397 0.863460
vt 0.211049 0.861892
vt 0.944733 0.662063
vt 0.940916 0.654898
vt 0.936716 0.658563
vt 0.417726 0.752028
vt 0.418249 0.746026
vt 0.413000 0.747810
vt 0.037583 0.735906
vt 0.040289 0.744976
vt 0.032526 0.742050
vt 0.936716 0.658563
vt 0.937331 0.665150
vt 0.944733 0.662063
vt 0.928283 0.658641
vt 0.937331 0.665150
vt 0.936716 0.658563
vt 0.588803 0.872406
vt 0.591435 0.865006
vt 0.596648 0.869875
vt 0.579899 0.780081
vt 0.572911 0.779338
vt 0.575643 0.773773
vt 0.937650 0.673118
vt 0.929314 0.667783
vt 0.930085 0.676043
vt 0.565685 0.780694
vt 0.569634 0.775069
vt 0.572911 0.779338
vt 0.025309 0.747207
vt 0.035106 0.751036
vt 0.029610 0.755308
vt 0.507019 0.890900
vt 0.504509 0.892794
vt 0.498696 0.892364
vt 0.977295 0.682466
vt 0.974178 0.689090
vt 0.982782 0.686686
vt 0.374377 0.963700
vt 0.379630 0.967961
vt 0.382392 0.961479
vt 0.384183 0.944590
vt 0.378471 0.938995
vt 0.377154 0.946683
vt 0.100435 0.968850
vt 0.107325 0.966608
vt 0.098915 0.961735
vt 0.177099 0.838762
vt 0.174310 0.832387
vt 0.179680 0.830995
vt 0.967888 0.681104
vt 0.959891 0.684036
vt 0.965388 0.687981
vt 0.957412 0.675248
vt 0.967888 0.681104
vt 0.966067 0.672919
vt 0.967888 0.681104
vt 0.957412 0.675248
vt 0.959891 0.684036
vt 0.890919 0.734121
vt 0.883415 0.735253
vt 0.883022 0.730590
vt 0.115135 0.641195
vt 0.111737 0.632757
vt 0.119196 0.635312
vt 0.979112 0.668621
vt 0.976303 0.674977
vt 0.987486 0.671870
vt 0.087265 0.613910
vt 0.096248 0.608921
vt 0.093729 0.620232
vt 0.098002 0.628872
vt 0.089875 0.628842
vt 0.093729 0.620232
vt 0.135867 0.684221
vt 0.129822 0.689443
vt 0.136064 0.692928
vt 0.951788 0.667547
vt 0.957412 0.675248
vt 0.959399 0.666057
vt 0.977295 0.682466
vt 0.967888 0.681104
vt 0.974178 0.689090
vt 0.976303 0.674977
vt 0.967888 0.681104
vt 0.977295 0.682466
vt 0.093729 0.620232
vt 0.096248 0.608921
vt 0.102404 0.619201
vt 0.093729 0.620232
vt 0.102404 0.619201
vt 0.098002 0.628872
vt 0.127525 0.695994
vt 0.125590 0.703942
vt 0.135307 0.702337
vt 0.579218 0.831373
vt 0.576528 0.839252
vt 0.570564 0.834482
vt 0.169440 0.836155
vt 0.170390 0.828773
vt 0.174310 0.832387
vt 0.946187 0.672060
vt 0.957412 0.675248
vt 0.951788 0.667547
vt 0.046772 0.747191
vt 0.040289 0.744976
vt 0.045483 0.738436
vt 0.169440 0.836155
vt 0.163087 0.835541
vt 0.165282 0.831159
vt 0.169440 0.836155
vt 0.165282 0.831159
vt 0.170390 0.828773
vt 0.180567 0.863903
vt 0.181763 0.857069
vt 0.186125 0.863425
vt 0.877095 0.684151
vt 0.873745 0.692204
vt 0.870498 0.684657
vt 0.881924 0.688202
vt 0.873745 0.692204
vt 0.877095 0.684151
vt 0.881924 0.688202
vt 0.877095 0.684151
vt 0.884650 0.678920
vt 0.018916 0.740823
vt 0.019397 0.733360
vt 0.025521 0.738219
vt 0.018916 0.740823
vt 0.011350 0.737328
vt 0.019397 0.733360
vt 0.025309 0.747207
vt 0.018916 0.740823
vt 0.025521 0.738219
vt 0.025309 0.747207
vt 0.025521 0.738219
vt 0.032526 0.742050
vt 0.032526 0.742050
vt 0.025521 0.738219
vt 0.030928 0.735304
vt 0.037583 0.735906
vt 0.032526 0.742050
vt 0.030928 0.735304
vt 0.966067 0.672919
vt 0.967888 0.681104
vt 0.976303 0.674977
vt 0.146515 0.672791
vt 0.145878 0.681394
vt 0.152271 0.678140
vt 0.138436 0.675549
vt 0.145878 0.681394
vt 0.146515 0.672791
vt 0.599058 0.864866
vt 0.596648 0.869875
vt 0.591435 0.865006
vt 0.037349 0.761399
vt 0.027241 0.760924
vt 0.029610 0.755308
vt 0.163087 0.835541
vt 0.157950 0.838355
vt 0.159625 0.831445
vt 0.159625 0.831445
vt 0.165282 0.831159
vt 0.163087 0.835541
vt 0.026903 0.730597
vt 0.025521 0.738219
vt 0.019397 0.733360
vt 0.889536 0.685559
vt 0.881924 0.688202
vt 0.884650 0.678920
vt 0.572253 0.826670
vt 0.577899 0.821159
vt 0.579218 0.831373
vt 0.159333 0.683749
vt 0.155446 0.671895
vt 0.152271 0.678140
vt 0.659218 0.788367
vt 0.653412 0.780484
vt 0.661361 0.778844
vt 0.145578 0.895287
vt 0.142330 0.897283
vt 0.141266 0.889718
vt 0.634928 0.672719
vt 0.640129 0.670419
vt 0.640291 0.678354
vt 0.303087 0.840751
vt 0.301957 0.834836
vt 0.310886 0.837085
vt 0.683290 0.884550
vt 0.699571 0.888994
vt 0.704065 0.891105
vt 0.626147 0.827970
vt 0.617713 0.831640
vt 0.616151 0.823017
vt 0.603966 0.827726
vt 0.610837 0.828408
vt 0.610485 0.836327
vt 0.617713 0.831640
vt 0.610485 0.836327
vt 0.610837 0.828408
vt 0.135307 0.702337
vt 0.138155 0.710748
vt 0.144750 0.705107
vt 0.776306 0.942979
vt 0.771405 0.943925
vt 0.772912 0.945672
vt 0.626147 0.827970
vt 0.624647 0.835013
vt 0.617713 0.831640
vt 0.891441 0.964370
vt 0.885264 0.969526
vt 0.883931 0.965470
vt 0.630695 0.823811
vt 0.635049 0.819362
vt 0.634967 0.827813
vt 0.642763 0.825088
vt 0.634967 0.827813
vt 0.635049 0.819362
vt 0.647079 0.768240
vt 0.641971 0.774860
vt 0.640326 0.767239
vt 0.890919 0.734121
vt 0.883022 0.730590
vt 0.888126 0.727019
vt 0.891441 0.964370
vt 0.893962 0.969509
vt 0.892191 0.968241
vt 0.458141 0.965233
vt 0.467157 0.967470
vt 0.463574 0.970273
vt 0.683290 0.884550
vt 0.704065 0.891105
vt 0.706736 0.894703
vt 0.895584 0.726953
vt 0.905097 0.726304
vt 0.900929 0.733976
vt 0.890919 0.734121
vt 0.900929 0.733976
vt 0.893514 0.739294
vt 0.895584 0.726953
vt 0.900929 0.733976
vt 0.890919 0.734121
vt 0.893514 0.739294
vt 0.900929 0.733976
vt 0.906319 0.740741
vt 0.888126 0.727019
vt 0.895584 0.726953
vt 0.890919 0.734121
vt 0.624647 0.835013
vt 0.626147 0.827970
vt 0.632120 0.834979
vt 0.632120 0.834979
vt 0.626147 0.827970
vt 0.634967 0.827813
vt 0.634967 0.827813
vt 0.641643 0.834372
vt 0.632120 0.834979
vt 0.630695 0.823811
vt 0.626147 0.827970
vt 0.625390 0.819296
vt 0.634967 0.827813
vt 0.626147 0.827970
vt 0.630695 0.823811
vt 0.699571 0.888994
vt 0.688965 0.884671
vt 0.698290 0.884248
vt 0.149139 0.897580
vt 0.142330 0.897283
vt 0.145578 0.895287
vt 0.879474 0.733406
vt 0.883022 0.730590
vt 0.883415 0.735253
vt 0.888126 0.727019
vt 0.883022 0.730590
vt 0.881185 0.723679
vt 0.629118 0.769303
vt 0.627895 0.762284
vt 0.634555 0.762571
vt 0.572253 0.826670
vt 0.579218 0.831373
vt 0.570564 0.834482
vt 0.061986 0.838796
vt 0.072068 0.840244
vt 0.068066 0.830725
vt 0.127525 0.695994
vt 0.135307 0.702337
vt 0.136064 0.692928
vt 0.348484 0.678111
vt 0.351854 0.683574
vt 0.354828 0.676362
vt 0.646750 0.780658
vt 0.648739 0.775179
vt 0.653412 0.780484
vt 0.636386 0.778396
vt 0.633659 0.784626
vt 0.630638 0.777301
vt 0.641134 0.783291
vt 0.633659 0.784626
vt 0.636386 0.778396
vt 0.629118 0.769303
vt 0.634555 0.762571
vt 0.635559 0.771406
vt 0.629118 0.769303
vt 0.635559 0.771406
vt 0.630638 0.777301
vt 0.641971 0.774860
vt 0.636386 0.778396
vt 0.635559 0.771406
vt 0.630638 0.777301
vt 0.635559 0.771406
vt 0.636386 0.778396
vt 0.641971 0.774860
vt 0.641134 0.783291
vt 0.636386 0.778396
vt 0.641134 0.783291
vt 0.641971 0.774860
vt 0.646750 0.780658
vt 0.135307 0.702337
vt 0.130940 0.708826
vt 0.138155 0.710748
vt 0.666433 0.683600
vt 0.673896 0.684174
vt 0.668779 0.690747
vt 0.670340 0.677875
vt 0.673896 0.684174
vt 0.666433 0.683600
vt 0.576528 0.839252
vt 0.579218 0.831373
vt 0.583382 0.840168
vt 0.641971 0.774860
vt 0.648739 0.775179
vt 0.646750 0.780658
vt 0.504509 0.892794
vt 0.514175 0.895731
vt 0.517836 0.898626
vt 0.627895 0.762284
vt 0.629118 0.769303
vt 0.622539 0.767365
vt 0.348484 0.678111
vt 0.343224 0.683308
vt 0.351854 0.683574
vt 0.634555 0.762571
vt 0.640326 0.767239
vt 0.635559 0.771406
vt 0.635559 0.771406
vt 0.640326 0.767239
vt 0.641971 0.774860
vt 0.647079 0.768240
vt 0.648739 0.775179
vt 0.641971 0.774860
vt 0.035106 0.751036
vt 0.043663 0.753343
vt 0.037349 0.761399
vt 0.159333 0.683749
vt 0.150844 0.689699
vt 0.159844 0.697788
vt 0.159844 0.697788
vt 0.168046 0.691289
vt 0.159333 0.683749
vt 0.564595 0.773267
vt 0.569634 0.775069
vt 0.565685 0.780694
vt 0.905097 0.726304
vt 0.911911 0.721775
vt 0.913947 0.728539
vt 0.913947 0.728539
vt 0.909855 0.734349
vt 0.905097 0.726304
vt 0.136064 0.692928
vt 0.142784 0.688911
vt 0.135867 0.684221
vt 0.143555 0.696291
vt 0.150564 0.699106
vt 0.150844 0.689699
vt 0.143555 0.696291
vt 0.150844 0.689699
vt 0.142784 0.688911
vt 0.136064 0.692928
vt 0.143555 0.696291
vt 0.142784 0.688911
vt 0.583964 0.788912
vt 0.579899 0.780081
vt 0.589469 0.779096
vt 0.558208 0.775136
vt 0.564595 0.773267
vt 0.565685 0.780694
vt 0.668861 0.784699
vt 0.659218 0.788367
vt 0.661361 0.778844
vt 0.136064 0.692928
vt 0.129822 0.689443
vt 0.127525 0.695994
vt 0.666433 0.683600
vt 0.668779 0.690747
vt 0.660031 0.688773
vt 0.906159 0.717021
vt 0.911911 0.721775
vt 0.905097 0.726304
vt 0.915303 0.714160
vt 0.918976 0.722445
vt 0.911911 0.721775
vt 0.579899 0.780081
vt 0.582252 0.773401
vt 0.589469 0.779096
vt 0.634506 0.664207
vt 0.627836 0.670982
vt 0.623705 0.662723
vt 0.634928 0.672719
vt 0.627836 0.670982
vt 0.634506 0.664207
vt 0.152271 0.678140
vt 0.152490 0.682918
vt 0.159333 0.683749
vt 0.923556 0.671972
vt 0.930085 0.676043
vt 0.929314 0.667783
vt 0.739076 0.823927
vt 0.730921 0.820841
vt 0.732978 0.826367
vt 0.583964 0.788912
vt 0.592031 0.788632
vt 0.589137 0.795412
vt 0.937331 0.665150
vt 0.929314 0.667783
vt 0.937650 0.673118
vt 0.152271 0.678140
vt 0.155446 0.671895
vt 0.146515 0.672791
vt 0.924927 0.649971
vt 0.931226 0.647197
vt 0.923773 0.642080
vt 0.631330 0.678524
vt 0.627836 0.670982
vt 0.634928 0.672719
vt 0.150844 0.689699
vt 0.152490 0.682918
vt 0.145878 0.681394
vt 0.145878 0.681394
vt 0.142784 0.688911
vt 0.150844 0.689699
vt 0.575643 0.773773
vt 0.569634 0.775069
vt 0.569721 0.768358
vt 0.739076 0.823927
vt 0.736989 0.816378
vt 0.735310 0.819100
vt 0.745075 0.820093
vt 0.736989 0.816378
vt 0.739076 0.823927
vt 0.933059 0.652887
vt 0.931226 0.647197
vt 0.924927 0.649971
vt 0.159333 0.683749
vt 0.152490 0.682918
vt 0.150844 0.689699
vt 0.745075 0.820093
vt 0.739076 0.823927
vt 0.749616 0.828459
vt 0.168856 0.684045
vt 0.168046 0.691289
vt 0.174319 0.688074
vt 0.159333 0.683749
vt 0.168046 0.691289
vt 0.168856 0.684045
vt 0.159844 0.697788
vt 0.150844 0.689699
vt 0.150564 0.699106
vt 0.564595 0.773267
vt 0.569721 0.768358
vt 0.569634 0.775069
vt 0.578197 0.767171
vt 0.575643 0.773773
vt 0.569721 0.768358
vt 0.582252 0.773401
vt 0.575643 0.773773
vt 0.578197 0.767171
vt 0.924927 0.649971
vt 0.928283 0.658641
vt 0.933059 0.652887
vt 0.937331 0.665150
vt 0.946187 0.672060
vt 0.944733 0.662063
vt 0.575643 0.773773
vt 0.582252 0.773401
vt 0.579899 0.780081
vt 0.944733 0.662063
vt 0.946187 0.672060
vt 0.951788 0.667547
vt 0.634928 0.672719
vt 0.640291 0.678354
vt 0.631330 0.678524
vt 0.667166 0.653160
vt 0.669134 0.662353
vt 0.661225 0.658600
vt 0.648116 0.672217
vt 0.646612 0.679835
vt 0.640291 0.678354
vt 0.730921 0.820841
vt 0.733245 0.817358
vt 0.728737 0.814773
vt 0.602442 0.965744
vt 0.604535 0.967734
vt 0.600425 0.970222
vt 0.730921 0.820841
vt 0.739076 0.823927
vt 0.735310 0.819100
vt 0.923556 0.671972
vt 0.929314 0.667783
vt 0.918303 0.664638
vt 0.944733 0.662063
vt 0.951788 0.667547
vt 0.951934 0.661979
vt 0.651914 0.680386
vt 0.657042 0.673840
vt 0.659194 0.682000
vt 0.575643 0.773773
vt 0.572911 0.779338
vt 0.569634 0.775069
vt 0.144750 0.705107
vt 0.143555 0.696291
vt 0.135307 0.702337
vt 0.150564 0.699106
vt 0.143555 0.696291
vt 0.144750 0.705107
vt 0.065475 0.823249
vt 0.059759 0.829088
vt 0.068066 0.830725
vt 0.037349 0.761399
vt 0.029610 0.755308
vt 0.035106 0.751036
vt 0.130940 0.708826
vt 0.135307 0.702337
vt 0.125590 0.703942
vt 0.929314 0.667783
vt 0.937331 0.665150
vt 0.928283 0.658641
vt 0.138436 0.675549
vt 0.135867 0.684221
vt 0.145878 0.681394
vt 0.142784 0.688911
vt 0.145878 0.681394
vt 0.135867 0.684221
vt 0.730921 0.820841
vt 0.722070 0.819707
vt 0.723975 0.827380
vt 0.730921 0.820841
vt 0.728737 0.814773
vt 0.722070 0.819707
vt 0.520339 0.895826
vt 0.517836 0.898626
vt 0.514175 0.895731
vt 0.728737 0.814773
vt 0.724887 0.809201
vt 0.719853 0.813529
vt 0.659194 0.682000
vt 0.653987 0.686007
vt 0.651914 0.680386
vt 0.660031 0.688773
vt 0.653987 0.686007
vt 0.659194 0.682000
vt 0.660031 0.688773
vt 0.659194 0.682000
vt 0.666433 0.683600
vt 0.666433 0.683600
vt 0.659194 0.682000
vt 0.664538 0.675812
vt 0.719853 0.813529
vt 0.713900 0.818099
vt 0.722070 0.819707
vt 0.719853 0.813529
vt 0.722070 0.819707
vt 0.728737 0.814773
vt 0.402344 0.996094
vt 0.402344 0.996094
vt 0.402344 0.996094
vt 0.739965 0.718925
vt 0.744469 0.721887
vt 0.739808 0.712638
vt 0.653242 0.944041
vt 0.645842 0.943594
vt 0.650373 0.937238
vt 0.660031 0.688773
vt 0.658445 0.693637
vt 0.651890 0.690892
vt 0.658445 0.693637
vt 0.660031 0.688773
vt 0.668779 0.690747
vt 0.704729 0.895601
vt 0.683290 0.884550
vt 0.706736 0.894703
vt 0.514175 0.895731
vt 0.504509 0.892794
vt 0.507019 0.890900
vt 0.514175 0.895731
vt 0.507019 0.890900
vt 0.515784 0.890366
vt 0.909855 0.734349
vt 0.906319 0.740741
vt 0.900929 0.733976
vt 0.917026 0.734603
vt 0.918145 0.739460
vt 0.909855 0.734349
vt 0.909855 0.734349
vt 0.918145 0.739460
vt 0.906319 0.740741
vt 0.640291 0.678354
vt 0.646344 0.685586
vt 0.637273 0.686361
vt 0.917026 0.734603
vt 0.921723 0.730029
vt 0.926466 0.737997
vt 0.926466 0.737997
vt 0.918145 0.739460
vt 0.917026 0.734603
vt 0.520339 0.895826
vt 0.514175 0.895731
vt 0.515784 0.890366
vt 0.402344 0.996094
vt 0.402344 0.996094
vt 0.402344 0.996094
vt 0.653987 0.686007
vt 0.651890 0.690892
vt 0.646344 0.685586
vt 0.906319 0.740741
vt 0.918145 0.739460
vt 0.924177 0.739861
vt 0.738245 0.710717
vt 0.747752 0.714582
vt 0.738886 0.708505
vt 0.744469 0.721887
vt 0.747752 0.714582
vt 0.738245 0.710717
vt 0.402344 0.996094
vt 0.402344 0.996094
vt 0.402344 0.996094
vt 0.804108 0.742345
vt 0.747752 0.714582
vt 0.744469 0.721887
vt 0.402344 0.996094
vt 0.402344 0.996094
vt 0.402344 0.996094
vt 0.402344 0.996094
vt 0.402344 0.996094
vt 0.402344 0.996094
vt 0.402344 0.996094
vt 0.402344 0.996094
vt 0.402344 0.996094
vt 0.402344 0.996094
vt 0.402344 0.996094
vt 0.402344 0.996094
vt 0.402344 0.996094
vt 0.402344 0.996094
vt 0.402344 0.996094
vt 0.402344 0.996094
vt 0.402344 0.996094
vt 0.402344 0.996094
vt 0.402344 0.996094
vt 0.402344 0.996094
vt 0.402344 0.996094
vt 0.402344 0.996094
vt 0.402344 0.996094
vt 0.402344 0.996094
vt 0.402344 0.996094
vt 0.402344 0.996094
vt 0.402344 0.996094
vt 0.402344 0.996094
vt 0.402344 0.996094
vt 0.402344 0.996094
vt 0.402344 0.996094
vt 0.402344 0.996094
vt 0.402344 0.996094
vt 0.402344 0.996094
vt 0.402344 0.996094
vt 0.402344 0.996094
vt 0.402344 0.996094
vt 0.402344 0.996094
vt 0.402344 0.996094
vt 0.402344 0.996094
vt 0.402344 0.996094
vt 0.402344 0.996094
vt 0.402344 0.996094
vt 0.402344 0.996094
vt 0.402344 0.996094
vt 0.402344 0.996094
vt 0.402344 0.996094
vt 0.402344 0.996094
vt 0.402344 0.996094
vt 0.402344 0.996094
vt 0.402344 0.996094
vt 0.402344 0.996094
vt 0.402344 0.996094
vt 0.402344 0.996094
usemtl material_00
f 1/1 2/2 3/3
f 4/4 5/5 6/6
f 9/7 8/8 7/9
f 10/10 11/11 12/12
f 15/13 14/14 13/15
f 16/16 17/17 18/18
f 19/19 20/20 21/21
f 24/22 23/23 22/24
f 25/25 23/26 24/27
f 27/28 26/29 2/30
f 2/31 28/32 29/33
f 30/34 31/35 32/36
f 32/37 31/38 33/39
f 36/40 35/41 34/42
f 37/43 38/44 39/45
f 21/46 20/47 40/48
f 41/49 21/50 40/51
f 42/52 43/53 44/54
f 45/55 46/56 47/57
f 50/58 49/59 48/60
f 53/61 52/62 51/63
f 54/64 55/65 56/66
f 59/67 58/68 57/69
f 62/70 61/71 60/72
f 65/73 64/74 63/75
f 64/76 65/77 66/78
f 67/79 52/80 53/81
f 66/82 69/83 68/84
f 70/85 57/86 58/87
f 57/88 70/89 71/90
f 72/91 73/92 74/93
f 21/94 41/95 75/96
f 76/97 77/98 78/99
f 79/100 80/101 81/102
f 82/103 83/104 84/105
f 87/106 86/107 85/108
f 31/109 88/110 89/111
f 30/112 88/113 31/114
f 91/115 30/116 90/117
f 92/118 93/119 44/120
f 94/121 95/122 96/123
f 97/124 98/125 99/126
f 100/127 99/128 98/129
f 102/130 101/131 87/132
f 104/133 103/134 90/135
f 50/136 105/137 106/138
f 76/139 78/140 107/141
f 64/142 68/143 78/144
f 108/145 3/146 2/147
f 110/148 109/149 29/150
f 113/151 112/152 111/153
f 81/154 80/155 114/156
f 115/157 116/158 117/159
f 103/160 104/161 118/162
f 119/163 120/164 121/165
f 124/166 123/167 122/168
f 125/169 126/170 127/171
f 128/172 129/173 130/174
f 133/175 132/176 131/177
f 134/178 135/179 136/180
f 137/181 138/182 129/183
f 139/184 140/185 141/186
f 144/187 143/188 142/189
f 147/190 146/191 145/192
f 26/193 28/194 2/195
f 148/196 149/197 150/198
f 151/199 152/200 153/201
f 154/202 155/203 156/204
f 121/205 157/206 119/207
f 158/208 159/209 160/210
f 156/211 161/212 154/213
f 162/214 163/215 164/216
f 165/217 166/218 167/219
f 170/220 169/221 168/222
f 173/223 172/224 171/225
f 176/226 175/227 174/228
f 162/229 48/230 49/231
f 177/232 158/233 178/234
f 9/235 179/236 8/237
f 180/238 181/239 135/240
f 182/241 183/242 184/243
f 187/244 186/245 185/246
f 188/247 189/248 190/249
f 193/250 192/251 191/252
f 196/253 195/254 194/255
f 199/256 198/257 197/258
f 200/259 201/260 202/261
f 202/262 203/263 200/264
f 204/265 205/266 206/267
f 204/268 208/269 207/270
f 211/271 210/272 209/273
f 212/274 213/275 214/276
f 215/277 216/278 217/279
f 219/280 202/281 218/282
f 123/283 220/284 122/285
f 221/286 222/287 8/288
f 225/289 224/290 223/291
f 226/292 227/293 228/294
f 231/295 230/296 229/297
f 234/298 233/299 232/300
f 235/301 236/302 179/303
f 10/304 237/305 238/306
f 224/307 239/308 240/309
f 224/310 240/311 223/312
f 241/313 242/314 243/315
f 244/316 241/317 243/318
f 156/319 245/320 161/321
f 197/322 246/323 247/324
f 248/325 249/326 250/327
f 250/328 249/329 251/330
f 254/331 253/332 252/333
f 248/334 256/335 255/336
f 257/337 258/338 259/339
f 260/340 261/341 262/342
f 215/343 263/344 264/345
f 155/346 266/347 265/348
f 267/349 268/350 269/351
f 201/352 271/353 270/354
f 274/355 273/356 272/357
f 275/358 276/359 277/360
f 278/361 279/362 280/363
f 281/364 282/365 283/366
f 284/367 283/368 282/369
f 287/370 286/371 285/372
f 288/373 289/374 290/375
f 291/376 174/377 175/378
f 292/379 174/380 291/381
f 293/382 277/383 276/384
f 294/385 190/386 189/387
f 174/388 295/389 176/390
f 296/391 176/392 295/393
f 197/394 298/395 297/396
f 300/397 34/398 299/399
f 164/400 302/401 301/402
f 305/403 304/404 303/405
f 306/406 293/407 307/408
f 276/409 307/410 293/411
f 310/412 309/413 308/414
f 262/415 310/416 308/417
f 313/418 312/419 311/420
f 314/421 315/422 316/423
f 317/424 286/425 287/426
f 320/427 319/428 318/429
f 282/430 281/431 321/432
f 322/433 323/434 324/435
f 327/436 326/437 325/438
f 328/439 329/440 330/441
f 253/442 331/443 252/444
f 326/445 332/446 333/447
f 334/448 255/449 331/450
f 255/451 334/452 335/453
f 270/454 190/455 294/456
f 336/457 337/458 332/459
f 218/460 294/461 219/462
f 268/463 339/464 338/465
f 339/466 220/467 340/468
f 343/469 342/470 341/471
f 345/472 344/473 268/474
f 346/475 347/476 348/477
f 349/478 350/479 351/480
f 352/481 353/482 354/483
f 355/484 356/485 357/486
f 12/487 11/488 358/489
f 218/490 202/491 201/492
f 334/493 331/494 253/495
f 345/496 359/497 360/498
f 317/499 261/500 361/501
f 286/502 317/503 361/504
f 362/505 363/506 23/507
f 366/508 365/509 364/510
f 368/511 122/512 367/513
f 369/514 370/515 371/516
f 371/517 372/518 369/519
f 375/520 374/521 373/522
f 378/523 377/524 376/525
f 220/526 123/527 340/528
f 379/529 380/530 381/531
f 366/532 382/533 365/534
f 385/535 384/536 383/537
f 122/538 386/539 367/540
f 389/541 388/542 387/543
f 390/544 391/545 392/546
f 393/547 5/548 4/549
f 394/550 395/551 396/552
f 379/553 397/554 380/555
f 367/556 386/557 398/558
f 397/559 399/560 380/561
f 400/562 401/563 402/564
f 360/565 359/566 403/567
f 404/568 376/569 377/570
f 407/571 406/572 405/573
f 408/574 220/575 339/576
f 339/577 268/578 386/579
f 409/580 410/581 373/582
f 411/583 412/584 413/585
f 416/586 415/587 414/588
f 419/589 418/590 417/591
f 420/592 421/593 422/594
f 423/595 424/596 425/597
f 426/598 427/599 428/600
f 168/601 169/602 429/603
f 430/604 431/605 432/606
f 213/607 264/608 433/609
f 411/610 434/611 435/612
f 436/613 437/614 438/615
f 439/616 440/617 441/618
f 442/619 235/620 179/621
f 443/622 444/623 420/624
f 445/625 446/626 447/627
f 428/628 424/629 426/630
f 450/631 449/632 448/633
f 451/634 452/635 453/636
f 456/637 455/638 454/639
f 205/640 191/641 192/642
f 447/643 457/644 458/645
f 459/646 445/647 458/648
f 458/649 457/650 460/651
f 461/652 460/653 457/654
f 463/655 390/656 462/657
f 466/658 465/659 464/660
f 469/661 468/662 467/663
f 472/664 471/665 470/666
f 475/667 474/668 473/669
f 478/670 477/671 476/672
f 479/673 422/674 208/675
f 480/676 481/677 482/678
f 484/679 483/680 205/681
f 249/682 198/683 199/684
f 199/685 251/686 249/687
f 486/688 485/689 263/690
f 63/691 64/692 487/693
f 490/694 489/695 488/696
f 444/697 428/698 436/699
f 428/700 444/701 443/702
f 428/703 443/704 424/705
f 491/706 492/707 493/708
f 236/709 221/710 8/711
f 494/712 495/713 496/714
f 494/715 496/716 497/717
f 197/718 297/719 498/720
f 298/721 198/722 249/723
f 199/724 197/725 247/726
f 501/727 500/728 499/729
f 502/730 250/731 251/732
f 214/733 504/734 503/735
f 507/736 506/737 505/738
f 508/739 509/740 510/741
f 511/742 512/743 251/744
f 514/745 513/746 493/747
f 515/748 516/749 494/750
f 494/751 217/752 515/753
f 517/754 518/755 519/756
f 451/757 450/758 452/759
f 520/760 212/761 503/762
f 522/763 335/764 521/765
f 523/766 524/767 525/768
f 528/769 527/770 526/771
f 529/772 530/773 531/774
f 139/775 532/776 140/777
f 404/778 377/779 533/780
f 534/781 535/782 536/783
f 410/784 365/785 399/786
f 147/787 537/788 146/789
f 538/790 362/791 539/792
f 540/793 158/794 177/795
f 176/796 296/797 541/798
f 542/799 543/800 544/801
f 547/802 546/803 545/804
f 548/805 549/806 550/807
f 553/808 552/809 551/810
f 554/811 555/812 556/813
f 557/814 556/815 555/816
f 554/817 556/818 558/819
f 561/820 560/821 559/822
f 386/823 344/824 398/825
f 268/826 344/827 386/828
f 563/829 394/830 562/831
f 394/832 564/833 124/834
f 394/835 124/836 395/837
f 130/838 565/839 566/840
f 566/841 128/842 130/843
f 289/844 567/845 290/846
f 266/847 155/848 568/849
f 571/850 570/851 569/852
f 573/853 572/854 24/855
f 574/856 49/857 540/858
f 49/859 574/860 162/861
f 577/862 576/863 575/864
f 578/865 579/866 580/867
f 583/868 582/869 581/870
f 115/871 583/872 581/873
f 584/874 585/875 586/876
f 589/877 588/878 587/879
f 590/880 591/881 589/882
f 592/883 203/884 593/885
f 596/886 595/887 594/888
f 599/889 598/890 597/891
f 100/892 600/893 136/894
f 601/895 45/896 47/897
f 602/898 143/899 144/900
f 603/901 604/902 605/903
f 55/904 101/905 56/906
f 52/907 66/908 65/909
f 69/910 66/911 52/912
f 606/913 594/914 607/915
f 548/916 608/917 609/918
f 560/919 561/920 569/921
f 610/922 33/923 611/924
f 571/925 612/926 613/927
f 541/928 614/929 608/930
f 245/931 615/932 161/933
f 164/934 616/935 162/936
f 617/937 618/938 619/939
f 620/940 621/941 622/942
f 585/943 584/944 623/945
f 624/946 625/947 85/948
f 628/949 627/950 626/951
f 629/952 630/953 482/954
f 632/955 166/956 631/957
f 635/958 634/959 633/960
f 636/961 633/962 637/963
f 639/964 102/965 638/966
f 48/967 162/968 616/969
f 69/970 640/971 538/972
f 68/973 69/974 538/975
f 641/976 321/977 281/978
f 642/979 47/980 46/981
f 75/982 41/983 641/984
f 58/985 59/986 643/987
f 644/988 74/989 643/990
f 69/991 52/992 67/993
f 645/994 43/995 42/996
f 647/997 646/998 225/999
f 648/1000 647/1001 225/1002
f 641/1003 281/1004 42/1005
f 641/1006 42/1007 75/1008
f 617/1009 645/1010 618/1011
f 649/1012 59/1013 57/1014
f 57/1015 41/1016 649/1017
f 29/1018 28/1019 650/1020
f 651/1021 652/1022 573/1023
f 653/1024 654/1025 655/1026
f 655/1027 654/1028 656/1029
f 657/1030 658/1031 659/1032
f 78/1033 77/1034 64/1035
f 660/1036 661/1037 53/1038
f 31/1039 611/1040 33/1041
f 599/1042 663/1043 662/1044
f 632/1045 664/1046 665/1047
f 668/1048 667/1049 666/1050
f 671/1051 670/1052 669/1053
f 672/1054 312/1055 673/1056
f 632/1057 674/1058 662/1059
f 618/1060 675/1061 619/1062
f 538/1063 78/1064 68/1065
f 676/1066 670/1067 677/1068
f 678/1069 668/1070 389/1071
f 628/1072 679/1073 680/1074
f 284/1075 652/1076 681/1077
f 682/1078 683/1079 684/1080
f 687/1081 686/1082 685/1083
f 672/1084 679/1085 626/1086
f 690/1087 689/1088 688/1089
f 387/1090 366/1091 389/1092
f 691/1093 366/1094 387/1095
f 64/1096 77/1097 487/1098
f 539/1099 78/1100 538/1101
f 692/1102 80/1103 79/1104
f 26/1105 693/1106 28/1107
f 66/1108 68/1109 64/1110
f 63/1111 487/1112 694/1113
f 76/1114 487/1115 77/1116
f 695/1117 487/1118 76/1119
f 697/1120 696/1121 183/1122
f 698/1123 699/1124 700/1125
f 37/1126 650/1127 694/1128
f 701/1129 702/1130 63/1131
f 701/1132 63/1133 650/1134
f 650/1135 37/1136 110/1137
f 28/1138 693/1139 701/1140
f 692/1141 1/1142 97/1143
f 701/1144 693/1145 702/1146
f 703/1147 487/1148 695/1149
f 703/1150 694/1151 487/1152
f 38/1153 703/1154 704/1155
f 694/1156 703/1157 37/1158
f 703/1159 38/1160 37/1161
f 660/1162 619/1163 675/1164
f 701/1165 650/1166 28/1167
f 694/1168 650/1169 63/1170
f 19/1171 93/1172 92/1173
f 79/1174 19/1175 92/1176
f 699/1177 705/1178 706/1179
f 707/1180 708/1181 552/1182
f 707/1183 552/1184 709/1185
f 708/1186 551/1187 552/1188
f 107/1189 147/1190 145/1191
f 65/1192 63/1193 702/1194
f 107/1195 145/1196 76/1197
f 697/1198 182/1199 187/1200
f 650/1201 110/1202 29/1203
f 97/1204 80/1205 692/1206
f 1/1207 27/1208 2/1209
f 692/1210 27/1211 1/1212
f 710/1213 18/1214 17/1215
f 41/1216 40/1217 649/1218
f 53/1219 51/1220 619/1221
f 711/1222 681/1223 651/1224
f 711/1225 660/1226 675/1227
f 711/1228 675/1229 283/1230
f 711/1231 283/1232 681/1233
f 42/1234 618/1235 645/1236
f 81/1237 19/1238 79/1239
f 81/1240 114/1241 712/1242
f 713/1243 81/1244 712/1245
f 80/1246 97/1247 99/1248
f 27/1249 92/1250 714/1251
f 27/1252 714/1253 26/1254
f 714/1255 693/1256 26/1257
f 692/1258 79/1259 92/1260
f 92/1261 27/1262 692/1263
f 52/1264 702/1265 715/1266
f 65/1267 702/1268 52/1269
f 51/1270 52/1271 715/1272
f 43/1273 714/1274 44/1275
f 43/1276 715/1277 693/1278
f 693/1279 714/1280 43/1281
f 702/1282 693/1283 715/1284
f 44/1285 714/1286 92/1287
f 362/1288 538/1289 640/1290
f 362/1291 640/1292 363/1293
f 363/1294 640/1295 67/1296
f 67/1297 640/1298 69/1299
f 716/1300 20/1301 713/1302
f 713/1303 20/1304 19/1305
f 40/1306 20/1307 716/1308
f 40/1309 716/1310 649/1311
f 713/1312 19/1313 81/1314
f 21/1315 93/1316 19/1317
f 93/1318 21/1319 75/1320
f 75/1321 44/1322 93/1323
f 717/1324 654/1325 25/1326
f 663/1327 718/1328 670/1329
f 281/1330 618/1331 42/1332
f 618/1333 281/1334 283/1335
f 54/1336 719/1337 32/1338
f 722/1339 721/1340 720/1341
f 723/1342 676/1343 677/1344
f 724/1345 599/1346 597/1347
f 718/1348 724/1349 597/1350
f 725/1351 726/1352 727/1353
f 101/1354 55/1355 610/1356
f 534/1357 728/1358 729/1359
f 59/1360 649/1361 730/1362
f 649/1363 716/1364 730/1365
f 59/1366 730/1367 731/1368
f 731/1369 45/1370 643/1371
f 643/1372 59/1373 731/1374
f 45/1375 731/1376 46/1377
f 731/1378 730/1379 46/1380
f 54/1381 46/1382 730/1383
f 54/1384 730/1385 719/1386
f 716/1387 719/1388 730/1389
f 56/1390 46/1391 54/1392
f 642/1393 46/1394 56/1395
f 36/1396 732/1397 134/1398
f 32/1399 33/1400 54/1401
f 33/1402 55/1403 54/1404
f 659/1405 733/1406 657/1407
f 661/1408 660/1409 22/1410
f 660/1411 53/1412 619/1413
f 67/1414 53/1415 661/1416
f 363/1417 67/1418 661/1419
f 363/1420 661/1421 23/1422
f 22/1423 23/1424 661/1425
f 22/1426 660/1427 711/1428
f 24/1429 22/1430 711/1431
f 734/1432 101/1433 102/1434
f 735/1435 734/1436 102/1437
f 283/1438 284/1439 681/1440
f 715/1441 43/1442 645/1443
f 712/1444 104/1445 90/1446
f 90/1447 30/1448 712/1449
f 153/1450 737/1451 736/1452
f 712/1453 30/1454 32/1455
f 114/1456 104/1457 712/1458
f 44/1459 75/1460 42/1461
f 51/1462 617/1463 619/1464
f 645/1465 617/1466 51/1467
f 645/1468 51/1469 715/1470
f 675/1471 618/1472 283/1473
f 738/1474 739/1475 740/1476
f 741/1477 664/1478 631/1479
f 631/1480 664/1481 632/1482
f 539/1483 362/1484 654/1485
f 742/1486 743/1487 685/1488
f 687/1489 685/1490 743/1491
f 74/1492 150/1493 149/1494
f 88/1495 30/1496 91/1497
f 88/1498 91/1499 744/1500
f 712/1501 32/1502 719/1503
f 713/1504 712/1505 719/1506
f 716/1507 713/1508 719/1509
f 707/1510 746/1511 745/1512
f 112/1513 113/1514 745/1515
f 29/1516 747/1517 2/1518
f 98/1519 97/1520 3/1521
f 1/1522 3/1523 97/1524
f 257/1525 748/1526 258/1527
f 749/1528 750/1529 751/1530
f 86/1531 752/1532 85/1533
f 55/1534 33/1535 610/1536
f 31/1537 89/1538 611/1539
f 753/1540 672/1541 673/1542
f 103/1543 118/1544 754/1545
f 102/1546 87/1547 625/1548
f 625/1549 624/1550 638/1551
f 755/1552 186/1553 187/1554
f 756/1555 159/1556 757/1557
f 80/1558 99/1559 114/1560
f 99/1561 758/1562 114/1563
f 87/1564 611/1565 86/1566
f 86/1567 611/1568 89/1569
f 87/1570 610/1571 611/1572
f 697/1573 183/1574 182/1575
f 754/1576 759/1577 83/1578
f 616/1579 164/1580 760/1581
f 725/1582 727/1583 761/1584
f 752/1585 86/1586 105/1587
f 105/1588 86/1589 89/1590
f 118/1591 759/1592 754/1593
f 85/1594 752/1595 48/1596
f 48/1597 624/1598 85/1599
f 105/1600 50/1601 752/1602
f 625/1603 87/1604 85/1605
f 744/1606 105/1607 89/1608
f 89/1609 88/1610 744/1611
f 700/1612 105/1613 744/1614
f 758/1615 100/1616 104/1617
f 100/1618 758/1619 99/1620
f 158/1621 705/1622 159/1623
f 699/1624 698/1625 82/1626
f 698/1627 83/1628 82/1629
f 109/1630 747/1631 29/1632
f 763/1633 762/1634 109/1635
f 747/1636 108/1637 2/1638
f 104/1639 114/1640 758/1641
f 754/1642 90/1643 103/1644
f 91/1645 90/1646 754/1647
f 91/1648 754/1649 698/1650
f 764/1651 765/1652 766/1653
f 705/1654 106/1655 706/1656
f 754/1657 83/1658 698/1659
f 104/1660 100/1661 118/1662
f 91/1663 698/1664 700/1665
f 91/1666 700/1667 744/1668
f 181/1669 767/1670 759/1671
f 181/1672 759/1673 118/1674
f 600/1675 134/1676 136/1677
f 604/1678 768/1679 605/1680
f 141/1681 140/1682 769/1683
f 699/1684 159/1685 705/1686
f 767/1687 770/1688 84/1689
f 136/1690 118/1691 100/1692
f 109/1693 762/1694 771/1695
f 39/1696 772/1697 763/1698
f 100/1699 98/1700 600/1701
f 109/1702 771/1703 747/1704
f 34/1705 35/1706 773/1707
f 774/1708 38/1709 704/1710
f 36/1711 775/1712 35/1713
f 108/1714 747/1715 771/1716
f 777/1717 776/1718 3/1719
f 108/1720 777/1721 3/1722
f 779/1723 35/1724 778/1725
f 36/1726 134/1727 776/1728
f 600/1729 776/1730 134/1731
f 779/1732 745/1733 746/1734
f 36/1735 776/1736 775/1737
f 775/1738 776/1739 777/1740
f 777/1741 771/1742 775/1743
f 780/1744 776/1745 600/1746
f 98/1747 780/1748 600/1749
f 780/1750 98/1751 776/1752
f 3/1753 776/1754 98/1755
f 771/1756 777/1757 108/1758
f 779/1759 762/1760 763/1761
f 107/1762 78/1763 539/1764
f 767/1765 181/1766 764/1767
f 110/1768 763/1769 109/1770
f 778/1771 775/1772 771/1773
f 762/1774 779/1775 778/1776
f 775/1777 778/1778 35/1779
f 781/1780 746/1781 707/1782
f 746/1783 781/1784 779/1785
f 762/1786 778/1787 771/1788
f 763/1789 110/1790 39/1791
f 39/1792 110/1793 37/1794
f 772/1795 779/1796 763/1797
f 772/1798 39/1799 38/1800
f 38/1801 112/1802 772/1803
f 112/1804 745/1805 772/1806
f 772/1807 745/1808 779/1809
f 299/1810 709/1811 552/1812
f 299/1813 552/1814 782/1815
f 773/1816 709/1817 299/1818
f 111/1819 112/1820 774/1821
f 783/1822 784/1823 584/1824
f 783/1825 584/1826 785/1827
f 38/1828 774/1829 112/1830
f 695/1831 704/1832 703/1833
f 151/1834 133/1835 142/1836
f 782/1837 300/1838 299/1839
f 695/1840 76/1841 145/1842
f 695/1843 145/1844 146/1845
f 704/1846 695/1847 146/1848
f 774/1849 704/1850 146/1851
f 537/1852 774/1853 146/1854
f 539/1855 786/1856 107/1857
f 787/1858 788/1859 720/1860
f 765/1861 764/1862 789/1863
f 745/1864 113/1865 708/1866
f 707/1867 745/1868 708/1869
f 136/1870 181/1871 118/1872
f 790/1873 111/1874 537/1875
f 786/1876 790/1877 537/1878
f 786/1879 537/1880 147/1881
f 774/1882 537/1883 111/1884
f 793/1885 792/1886 791/1887
f 111/1888 551/1889 113/1890
f 790/1891 551/1892 111/1893
f 113/1894 551/1895 708/1896
f 790/1897 786/1898 551/1899
f 697/1900 737/1901 696/1902
f 781/1903 707/1904 709/1905
f 781/1906 709/1907 773/1908
f 781/1909 773/1910 779/1911
f 35/1912 779/1913 773/1914
f 95/1915 794/1916 602/1917
f 795/1918 732/1919 36/1920
f 147/1921 107/1922 786/1923
f 106/1924 705/1925 796/1926
f 797/1927 138/1928 137/1929
f 552/1930 798/1931 782/1932
f 135/1933 732/1934 799/1935
f 799/1936 795/1937 798/1938
f 799/1939 732/1940 795/1941
f 181/1942 789/1943 764/1944
f 789/1945 181/1946 180/1947
f 134/1948 732/1949 135/1950
f 799/1951 137/1952 800/1953
f 137/1954 129/1955 128/1956
f 799/1957 180/1958 135/1959
f 799/1960 800/1961 180/1962
f 789/1963 180/1964 800/1965
f 798/1966 795/1967 782/1968
f 300/1969 795/1970 36/1971
f 36/1972 34/1973 300/1974
f 34/1975 773/1976 299/1977
f 801/1978 535/1979 534/1980
f 802/1981 803/1982 804/1983
f 805/1984 127/1985 126/1986
f 806/1987 807/1988 117/1989
f 117/1990 116/1991 806/1992
f 795/1993 300/1994 782/1995
f 135/1996 181/1997 136/1998
f 767/1999 84/2000 759/2001
f 84/2002 83/2003 759/2004
f 789/2005 800/2006 766/2007
f 789/2008 766/2009 765/2010
f 82/2011 757/2012 699/2013
f 82/2014 84/2015 757/2016
f 808/2017 809/2018 770/2019
f 106/2020 796/2021 50/2022
f 796/2023 540/2024 49/2025
f 50/2026 796/2027 49/2028
f 94/2029 810/2030 95/2031
f 94/2032 96/2033 811/2034
f 699/2035 706/2036 700/2037
f 106/2038 105/2039 706/2040
f 700/2041 706/2042 105/2043
f 766/2044 808/2045 764/2046
f 699/2047 757/2048 159/2049
f 809/2050 756/2051 757/2052
f 770/2053 767/2054 808/2055
f 808/2056 767/2057 764/2058
f 142/2059 152/2060 151/2061
f 812/2062 813/2063 814/2064
f 705/2065 158/2066 796/2067
f 84/2068 770/2069 757/2070
f 757/2071 770/2072 809/2073
f 132/2074 133/2075 736/2076
f 817/2077 816/2078 815/2079
f 120/2080 817/2081 815/2082
f 816/2083 817/2084 120/2085
f 159/2086 756/2087 160/2088
f 808/2089 818/2090 94/2091
f 766/2092 818/2093 808/2094
f 756/2095 809/2096 132/2097
f 160/2098 178/2099 158/2100
f 151/2101 153/2102 736/2103
f 16/2104 769/2105 819/2106
f 18/2107 769/2108 16/2109
f 96/2110 95/2111 144/2112
f 178/2113 737/2114 697/2115
f 820/2116 295/2117 174/2118
f 736/2119 737/2120 821/2121
f 821/2122 160/2123 736/2124
f 737/2125 178/2126 821/2127
f 821/2128 178/2129 160/2130
f 131/2131 132/2132 809/2133
f 811/2134 131/2135 809/2136
f 822/2137 815/2138 816/2139
f 737/2140 153/2141 696/2142
f 94/2143 811/2144 808/2145
f 808/2146 811/2147 809/2148
f 736/2149 133/2150 151/2151
f 131/2152 811/2153 96/2154
f 131/2155 144/2156 133/2157
f 142/2158 133/2159 144/2160
f 96/2161 144/2162 131/2163
f 822/2164 142/2165 143/2166
f 822/2167 152/2168 142/2169
f 143/2170 823/2171 822/2172
f 815/2173 823/2174 824/2175
f 816/2176 120/2177 119/2178
f 816/2179 696/2180 153/2181
f 152/2182 816/2183 153/2184
f 132/2185 736/2186 160/2187
f 816/2188 152/2189 822/2190
f 823/2191 815/2192 822/2193
f 549/2194 638/2195 624/2196
f 786/2197 553/2198 551/2199
f 144/2200 95/2201 602/2202
f 798/2203 552/2204 825/2205
f 806/2206 826/2207 807/2208
f 810/2209 794/2210 95/2211
f 129/2212 138/2213 130/2214
f 566/2215 794/2216 810/2217
f 827/2218 565/2219 130/2220
f 566/2221 565/2222 794/2223
f 827/2224 143/2225 565/2226
f 818/2227 828/2228 810/2229
f 818/2230 810/2231 94/2232
f 553/2233 138/2234 825/2235
f 825/2236 552/2237 553/2238
f 794/2239 565/2240 602/2241
f 143/2242 829/2243 823/2244
f 827/2245 829/2246 143/2247
f 831/2248 830/2249 406/2250
f 832/2251 130/2252 553/2253
f 602/2254 565/2255 143/2256
f 799/2257 798/2258 797/2259
f 799/2260 797/2261 137/2262
f 766/2263 800/2264 833/2265
f 128/2266 566/2267 810/2268
f 828/2269 128/2270 810/2271
f 833/2272 128/2273 828/2274
f 833/2275 828/2276 818/2277
f 766/2278 833/2279 818/2280
f 128/2281 800/2282 137/2283
f 800/2284 128/2285 833/2286
f 130/2287 138/2288 553/2289
f 825/2290 138/2291 797/2292
f 797/2293 798/2294 825/2295
f 829/2296 834/2297 823/2298
f 823/2299 834/2300 824/2301
f 824/2302 710/2303 17/2304
f 834/2305 139/2306 835/2307
f 827/2308 834/2309 829/2310
f 838/2311 837/2312 836/2313
f 827/2314 130/2315 834/2316
f 835/2317 141/2318 769/2319
f 332/2320 326/2321 839/2322
f 130/2323 840/2324 834/2325
f 18/2326 710/2327 835/2328
f 835/2329 710/2330 834/2331
f 834/2332 710/2333 824/2334
f 835/2335 769/2336 18/2337
f 141/2338 835/2339 139/2340
f 842/2341 532/2342 841/2343
f 844/2344 265/2345 843/2346
f 265/2347 266/2348 845/2349
f 846/2350 847/2351 848/2352
f 844/2353 61/2354 62/2355
f 61/2356 844/2357 843/2358
f 304/2359 305/2360 849/2361
f 304/2362 849/2363 850/2364
f 812/2365 403/2366 813/2367
f 139/2368 841/2369 532/2370
f 853/2371 852/2372 851/2373
f 548/2374 550/2375 608/2376
f 854/2377 855/2378 856/2379
f 857/2380 288/2381 842/2382
f 16/2383 819/2384 858/2385
f 859/2386 860/2387 858/2388
f 541/2389 861/2390 301/2391
f 17/2392 16/2393 862/2394
f 120/2395 815/2396 17/2397
f 17/2398 815/2399 824/2400
f 288/2401 290/2402 567/2403
f 863/2404 125/2405 127/2406
f 863/2407 127/2408 864/2409
f 289/2410 845/2411 858/2412
f 865/2413 845/2414 289/2415
f 866/2416 857/2417 842/2418
f 867/2419 155/2420 62/2421
f 624/2422 616/2423 549/2424
f 288/2425 857/2426 868/2427
f 862/2428 120/2429 17/2430
f 842/2431 567/2432 140/2433
f 532/2434 842/2435 140/2436
f 859/2437 121/2438 860/2439
f 121/2440 120/2441 862/2442
f 860/2443 121/2444 862/2445
f 140/2446 567/2447 769/2448
f 819/2449 769/2450 567/2451
f 265/2452 845/2453 865/2454
f 858/2455 860/2456 16/2457
f 16/2458 860/2459 862/2460
f 869/2461 870/2462 871/2463
f 301/2464 176/2465 541/2466
f 872/2467 865/2468 288/2469
f 868/2470 872/2471 288/2472
f 848/2473 847/2474 292/2475
f 858/2476 845/2477 266/2478
f 304/2479 314/2480 303/2481
f 121/2482 266/2483 568/2484
f 568/2485 157/2486 121/2487
f 266/2488 859/2489 858/2490
f 859/2491 266/2492 121/2493
f 567/2494 289/2495 819/2496
f 858/2497 819/2498 289/2499
f 608/2500 550/2501 861/2502
f 840/2503 874/2504 873/2505
f 184/2506 875/2507 876/2508
f 289/2509 288/2510 865/2511
f 844/2512 155/2513 265/2514
f 62/2515 155/2516 844/2517
f 292/2518 820/2519 174/2520
f 156/2521 155/2522 867/2523
f 315/2524 416/2525 414/2526
f 842/2527 288/2528 567/2529
f 616/2530 760/2531 550/2532
f 156/2533 867/2534 245/2535
f 183/2536 696/2537 119/2538
f 119/2539 696/2540 816/2541
f 875/2542 184/2543 568/2544
f 183/2545 157/2546 568/2547
f 879/2548 878/2549 877/2550
f 301/2551 302/2552 880/2553
f 549/2554 616/2555 550/2556
f 50/2557 48/2558 752/2559
f 158/2560 540/2561 796/2562
f 880/2563 176/2564 301/2565
f 175/2566 176/2567 880/2568
f 315/2569 881/2570 882/2571
f 882/2572 881/2573 60/2574
f 173/2575 880/2576 302/2577
f 173/2578 171/2579 883/2580
f 292/2581 291/2582 883/2583
f 883/2584 291/2585 173/2586
f 291/2587 880/2588 173/2589
f 880/2590 291/2591 175/2592
f 884/2593 878/2594 879/2595
f 884/2596 846/2597 848/2598
f 876/2599 154/2600 885/2601
f 885/2602 154/2603 161/2604
f 883/2605 615/2606 848/2607
f 615/2608 245/2609 886/2610
f 615/2611 886/2612 848/2613
f 292/2614 883/2615 848/2616
f 229/2617 887/2618 231/2619
f 481/2620 888/2621 482/2622
f 888/2623 481/2624 889/2625
f 557/2626 230/2627 231/2628
f 841/2629 139/2630 890/2631
f 848/2632 886/2633 884/2634
f 260/2635 891/2636 881/2637
f 881/2638 315/2639 260/2640
f 160/2641 756/2642 132/2643
f 861/2644 760/2645 301/2646
f 760/2647 861/2648 550/2649
f 178/2650 697/2651 177/2652
f 541/2653 608/2654 861/2655
f 48/2656 616/2657 624/2658
f 164/2659 301/2660 760/2661
f 172/2662 885/2663 171/2664
f 883/2665 171/2666 615/2667
f 161/2668 615/2669 885/2670
f 885/2671 615/2672 171/2673
f 892/2674 172/2675 302/2676
f 302/2677 172/2678 173/2679
f 163/2680 162/2681 574/2682
f 163/2683 892/2684 302/2685
f 302/2686 164/2687 163/2688
f 893/2689 172/2690 892/2691
f 163/2692 186/2693 892/2694
f 755/2695 893/2696 186/2697
f 892/2698 186/2699 893/2700
f 697/2701 187/2702 185/2703
f 185/2704 177/2705 697/2706
f 185/2707 186/2708 574/2709
f 574/2710 186/2711 163/2712
f 540/2713 177/2714 185/2715
f 540/2716 185/2717 574/2718
f 183/2719 119/2720 157/2721
f 876/2722 875/2723 154/2724
f 154/2725 875/2726 155/2727
f 155/2728 875/2729 568/2730
f 184/2731 876/2732 182/2733
f 183/2734 568/2735 184/2736
f 893/2737 876/2738 885/2739
f 172/2740 893/2741 885/2742
f 893/2743 755/2744 876/2745
f 187/2746 182/2747 755/2748
f 755/2749 182/2750 876/2751
f 896/2752 895/2753 894/2754
f 897/2755 894/2756 895/2757
f 900/2758 899/2759 898/2760
f 895/2761 896/2762 219/2763
f 901/2764 400/2765 402/2766
f 903/2767 902/2768 501/2769
f 904/2770 905/2771 906/2772
f 894/2773 907/2774 896/2775
f 873/2776 909/2777 908/2778
f 910/2779 500/2780 501/2781
f 912/2782 529/2783 911/2784
f 913/2785 202/2786 907/2787
f 392/2788 914/2789 915/2790
f 916/2791 498/2792 297/2793
f 512/2794 213/2795 212/2796
f 917/2797 259/2798 913/2799
f 913/2800 259/2801 918/2802
f 298/2803 249/2804 522/2805
f 919/2806 920/2807 921/2808
f 894/2809 922/2810 923/2811
f 903/2812 501/2813 499/2814
f 329/2815 328/2816 924/2817
f 925/2818 926/2819 927/2820
f 928/2821 929/2822 930/2823
f 522/2824 297/2825 298/2826
f 201/2827 592/2828 931/2829
f 932/2830 391/2831 933/2832
f 913/2833 934/2834 917/2835
f 934/2836 913/2837 907/2838
f 926/2839 214/2840 927/2841
f 521/2842 748/2843 522/2844
f 259/2845 258/2846 918/2847
f 748/2848 521/2849 196/2850
f 257/2851 297/2852 748/2853
f 917/2854 257/2855 259/2856
f 935/2857 257/2858 917/2859
f 335/2860 249/2861 248/2862
f 255/2863 335/2864 248/2865
f 936/2866 247/2867 246/2868
f 199/2869 511/2870 251/2871
f 522/2872 748/2873 297/2874
f 937/2875 898/2876 938/2877
f 242/2878 939/2879 940/2880
f 939/2881 941/2882 940/2883
f 433/2884 264/2885 942/2886
f 520/2887 940/2888 941/2889
f 944/2890 943/2891 904/2892
f 243/2893 940/2894 520/2895
f 242/2896 940/2897 243/2898
f 250/2899 256/2900 248/2901
f 941/2902 945/2903 502/2904
f 502/2905 945/2906 250/2907
f 250/2908 945/2909 256/2910
f 243/2911 520/2912 503/2913
f 244/2914 946/2915 947/2916
f 244/2917 243/2918 504/2919
f 504/2920 243/2921 503/2922
f 504/2923 946/2924 244/2925
f 948/2926 512/2927 212/2928
f 251/2929 512/2930 948/2931
f 212/2932 502/2933 948/2934
f 520/2935 502/2936 212/2937
f 925/2938 927/2939 949/2940
f 503/2941 212/2942 214/2943
f 950/2944 354/2945 353/2946
f 511/2947 199/2948 247/2949
f 952/2950 951/2951 330/2952
f 334/2953 253/2954 254/2955
f 419/2956 953/2957 462/2958
f 522/2959 249/2960 335/2961
f 198/2962 298/2963 197/2964
f 442/2965 955/2966 954/2967
f 936/2968 216/2969 215/2970
f 956/2971 431/2972 430/2973
f 214/2974 926/2975 504/2976
f 215/2977 957/2978 936/2979
f 936/2980 958/2981 216/2982
f 941/2983 502/2984 520/2985
f 916/2986 297/2987 257/2988
f 215/2989 217/2990 486/2991
f 836/2992 935/2993 959/2994
f 430/2995 238/2996 960/2997
f 246/2998 958/2999 936/3000
f 957/3001 264/3002 247/3003
f 247/3004 264/3005 511/3006
f 936/3007 957/3008 247/3009
f 511/3010 264/3011 512/3012
f 213/3013 512/3014 264/3015
f 961/3016 354/3017 962/3018
f 963/3019 513/3020 514/3021
f 964/3022 484/3023 965/3024
f 216/3025 966/3026 515/3027
f 514/3028 967/3029 498/3030
f 916/3031 514/3032 498/3033
f 514/3034 493/3035 967/3036
f 498/3037 967/3038 968/3039
f 927/3040 433/3041 949/3042
f 970/3043 492/3044 969/3045
f 973/3046 972/3047 971/3048
f 216/3049 958/3050 966/3051
f 246/3052 970/3053 958/3054
f 974/3055 968/3056 970/3057
f 246/3058 974/3059 970/3060
f 935/3061 917/3062 959/3063
f 976/3064 975/3065 470/3066
f 470/3067 471/3068 976/3069
f 977/3070 978/3071 979/3072
f 966/3073 969/3074 492/3075
f 980/3076 920/3077 919/3078
f 914/3079 392/3080 391/3081
f 257/3082 981/3083 916/3084
f 935/3085 981/3086 257/3087
f 897/3088 277/3089 293/3090
f 982/3091 978/3092 977/3093
f 963/3094 983/3095 513/3096
f 516/3097 984/3098 985/3099
f 986/3100 923/3101 922/3102
f 922/3103 987/3104 986/3105
f 988/3106 981/3107 935/3108
f 990/3109 239/3110 989/3111
f 982/3112 985/3113 920/3114
f 934/3115 987/3116 959/3117
f 966/3118 492/3119 515/3120
f 836/3121 991/3122 838/3123
f 986/3124 987/3125 934/3126
f 919/3127 491/3128 493/3129
f 494/3130 982/3131 495/3132
f 493/3133 513/3134 983/3135
f 980/3136 919/3137 983/3138
f 139/3139 840/3140 890/3141
f 232/3142 9/3143 234/3144
f 963/3145 837/3146 838/3147
f 837/3148 935/3149 836/3150
f 935/3151 837/3152 988/3153
f 917/3154 934/3155 959/3156
f 991/3157 959/3158 987/3159
f 836/3160 959/3161 991/3162
f 934/3163 907/3164 986/3165
f 923/3166 992/3167 907/3168
f 923/3169 907/3170 894/3171
f 907/3172 992/3173 986/3174
f 986/3175 992/3176 923/3177
f 837/3178 981/3179 988/3180
f 963/3181 981/3182 837/3183
f 514/3184 981/3185 963/3186
f 916/3187 981/3188 514/3189
f 968/3190 197/3191 498/3192
f 968/3193 246/3194 197/3195
f 968/3196 974/3197 246/3198
f 983/3199 963/3200 838/3201
f 194/3202 993/3203 593/3204
f 967/3205 493/3206 970/3207
f 967/3208 970/3209 968/3210
f 898/3211 899/3212 938/3213
f 994/3214 646/3215 210/3216
f 970/3217 969/3218 966/3219
f 970/3220 966/3221 958/3222
f 987/3223 980/3224 991/3225
f 970/3226 493/3227 492/3228
f 985/3229 982/3230 516/3231
f 919/3232 493/3233 983/3234
f 516/3235 515/3236 492/3237
f 921/3238 491/3239 919/3240
f 492/3241 984/3242 516/3243
f 305/3244 995/3245 849/3246
f 491/3247 921/3248 984/3249
f 491/3250 984/3251 492/3252
f 985/3253 984/3254 921/3255
f 921/3256 920/3257 985/3258
f 241/3259 996/3260 997/3261
f 991/3262 980/3263 838/3264
f 980/3265 983/3266 838/3267
f 832/3268 980/3269 130/3270
f 979/3271 999/3272 998/3273
f 1000/3274 979/3275 998/3276
f 998/3277 999/3278 1000/3279
f 956/3280 949/3281 431/3282
f 236/3283 235/3284 1001/3285
f 989/3286 211/3287 1002/3288
f 647/3289 356/3290 646/3291
f 979/3292 978/3293 999/3294
f 357/3295 1005/3296 1003/3297
f 1003/3298 1005/3299 980/3300
f 1006/3301 432/3302 1007/3303
f 1005/3304 357/3305 1000/3306
f 1004/3307 1008/3308 1003/3309
f 1008/3310 1004/3311 355/3312
f 978/3313 920/3314 980/3315
f 999/3316 978/3317 980/3318
f 920/3319 978/3320 982/3321
f 979/3322 496/3323 982/3324
f 979/3325 982/3326 977/3327
f 979/3328 961/3329 496/3330
f 357/3331 1003/3332 355/3333
f 1008/3334 355/3335 1003/3336
f 234/3337 9/3338 459/3339
f 211/3340 994/3341 210/3342
f 227/3343 263/3344 485/3345
f 226/3346 263/3347 227/3348
f 353/3349 352/3350 223/3351
f 1000/3352 357/3353 648/3354
f 1009/3355 648/3356 225/3357
f 1009/3358 1000/3359 648/3360
f 270/3361 294/3362 201/3363
f 222/3364 468/3365 1010/3366
f 209/3367 1002/3368 211/3369
f 647/3370 648/3371 356/3372
f 989/3373 994/3374 211/3375
f 648/3376 357/3377 356/3378
f 467/3379 221/3380 1011/3381
f 209/3382 210/3383 1004/3384
f 356/3385 355/3386 210/3387
f 210/3388 355/3389 1004/3390
f 210/3391 646/3392 356/3393
f 954/3394 358/3395 1006/3396
f 954/3397 1006/3398 1012/3399
f 236/3400 1011/3401 221/3402
f 1013/3403 459/3404 9/3405
f 1013/3406 9/3407 7/3408
f 994/3409 224/3410 646/3411
f 646/3412 224/3413 225/3414
f 239/3415 224/3416 994/3417
f 994/3418 989/3419 239/3420
f 979/3421 1009/3422 961/3423
f 1009/3424 979/3425 1000/3426
f 962/3427 1014/3428 497/3429
f 1014/3430 962/3431 354/3432
f 1016/3433 990/3434 1015/3435
f 989/3436 1015/3437 990/3438
f 989/3439 469/3440 1015/3441
f 1002/3442 469/3443 989/3444
f 990/3445 1016/3446 240/3447
f 468/3448 1002/3449 1010/3450
f 1002/3451 468/3452 469/3453
f 1013/3454 222/3455 1010/3456
f 1011/3457 1016/3458 1015/3459
f 1015/3460 467/3461 1011/3462
f 225/3463 352/3464 1009/3465
f 467/3466 1015/3467 469/3468
f 1011/3469 1001/3470 1016/3471
f 236/3472 1001/3473 1011/3474
f 467/3475 222/3476 221/3477
f 468/3478 222/3479 467/3480
f 222/3481 1013/3482 7/3483
f 7/3484 8/3485 222/3486
f 955/3487 10/3488 12/3489
f 430/3490 960/3491 956/3492
f 1017/3493 223/3494 240/3495
f 954/3496 1012/3497 1001/3498
f 1001/3499 235/3500 954/3501
f 982/3502 496/3503 495/3504
f 217/3505 497/3506 485/3507
f 431/3508 949/3509 228/3510
f 225/3511 223/3512 352/3513
f 196/3514 918/3515 258/3516
f 8/3517 179/3518 236/3519
f 433/3520 927/3521 214/3522
f 214/3523 213/3524 433/3525
f 990/3526 240/3527 239/3528
f 1020/3529 1019/3530 1018/3531
f 1021/3532 353/3533 223/3534
f 1022/3535 190/3536 839/3537
f 485/3538 497/3539 1014/3540
f 431/3541 228/3542 432/3543
f 217/3544 494/3545 497/3546
f 11/3547 10/3548 238/3549
f 1006/3550 430/3551 432/3552
f 11/3553 430/3554 1006/3555
f 238/3556 430/3557 11/3558
f 954/3559 955/3560 12/3561
f 954/3562 12/3563 358/3564
f 1024/3565 1023/3566 460/3567
f 461/3568 1024/3569 460/3570
f 208/3571 1025/3572 1026/3573
f 179/3574 232/3575 442/3576
f 1027/3577 237/3578 1028/3579
f 411/3580 10/3581 955/3582
f 11/3583 1006/3584 358/3585
f 450/3586 1029/3587 449/3588
f 925/3589 949/3590 956/3591
f 951/3592 952/3593 943/3594
f 504/3595 926/3596 946/3597
f 926/3598 925/3599 946/3600
f 1030/3601 925/3602 960/3603
f 1030/3604 960/3605 1031/3606
f 946/3607 925/3608 1030/3609
f 1030/3610 947/3611 946/3612
f 947/3613 1030/3614 1031/3615
f 960/3616 925/3617 956/3618
f 1021/3619 1007/3620 353/3621
f 1032/3622 950/3623 1007/3624
f 1001/3625 1021/3626 1017/3627
f 264/3628 263/3629 942/3630
f 942/3631 949/3632 433/3633
f 226/3634 949/3635 942/3636
f 949/3637 226/3638 228/3639
f 442/3640 954/3641 235/3642
f 962/3643 496/3644 961/3645
f 957/3646 215/3647 264/3648
f 1007/3649 432/3650 1032/3651
f 1033/3652 895/3653 189/3654
f 982/3655 494/3656 516/3657
f 1016/3658 1017/3659 240/3660
f 1021/3661 223/3662 1017/3663
f 1001/3664 1012/3665 1021/3666
f 496/3667 962/3668 497/3669
f 332/3670 839/3671 336/3672
f 1012/3673 1007/3674 1021/3675
f 1016/3676 1001/3677 1017/3678
f 194/3679 195/3680 254/3681
f 1014/3682 227/3683 485/3684
f 485/3685 486/3686 217/3687
f 263/3688 215/3689 486/3690
f 942/3691 263/3692 226/3693
f 216/3694 515/3695 217/3696
f 227/3697 1032/3698 228/3699
f 432/3700 228/3701 1032/3702
f 1007/3703 950/3704 353/3705
f 592/3706 201/3707 200/3708
f 592/3709 200/3710 203/3711
f 354/3712 961/3713 352/3714
f 352/3715 961/3716 1009/3717
f 1032/3718 1014/3719 950/3720
f 950/3721 1014/3722 354/3723
f 499/3724 1035/3725 1034/3726
f 907/3727 202/3728 896/3729
f 1007/3730 1012/3731 1006/3732
f 189/3733 895/3734 219/3735
f 913/3736 593/3737 203/3738
f 593/3739 918/3740 196/3741
f 913/3742 203/3743 202/3744
f 913/3745 918/3746 593/3747
f 196/3748 194/3749 593/3750
f 1032/3751 227/3752 1014/3753
f 592/3754 993/3755 900/3756
f 500/3757 910/3758 252/3759
f 939/3760 1036/3761 941/3762
f 254/3763 195/3764 334/3765
f 896/3766 202/3767 219/3768
f 190/3769 270/3770 839/3771
f 195/3772 196/3773 521/3774
f 502/3775 251/3776 948/3777
f 196/3778 258/3779 748/3780
f 1039/3781 1038/3782 1037/3783
f 1038/3784 1039/3785 1040/3786
f 381/3787 1041/3788 379/3789
f 922/3790 897/3791 293/3792
f 894/3793 897/3794 922/3795
f 895/3796 277/3797 897/3798
f 1033/3799 277/3800 895/3801
f 261/3802 260/3803 414/3804
f 315/3805 414/3806 260/3807
f 189/3808 188/3809 1033/3810
f 1044/3811 1043/3812 1042/3813
f 1043/3814 1044/3815 325/3816
f 890/3817 840/3818 873/3819
f 841/3820 873/3821 908/3822
f 873/3823 841/3824 890/3825
f 201/3826 931/3827 271/3828
f 1046/3829 1045/3830 337/3831
f 593/3832 993/3833 592/3834
f 1047/3835 842/3836 841/3837
f 908/3838 1047/3839 841/3840
f 1047/3841 866/3842 842/3843
f 866/3844 1047/3845 908/3846
f 219/3847 294/3848 189/3849
f 900/3850 931/3851 592/3852
f 1050/3853 1049/3854 1048/3855
f 218/3856 201/3857 294/3858
f 326/3859 333/3860 1051/3861
f 190/3862 1022/3863 327/3864
f 190/3865 327/3866 188/3867
f 326/3868 327/3869 1022/3870
f 839/3871 326/3872 1022/3873
f 839/3874 270/3875 336/3876
f 326/3877 1051/3878 325/3879
f 1043/3880 325/3881 1052/3882
f 1053/3883 1054/3884 1055/3885
f 1052/3886 325/3887 1051/3888
f 1051/3889 169/3890 1052/3891
f 361/3892 261/3893 414/3894
f 333/3895 1054/3896 1051/3897
f 61/3898 882/3899 60/3900
f 891/3901 260/3902 262/3903
f 308/3904 891/3905 262/3906
f 1057/3907 1056/3908 1050/3909
f 1058/3910 1056/3911 1057/3912
f 333/3913 332/3914 1045/3915
f 1038/3916 557/3917 231/3918
f 1038/3919 231/3920 1037/3921
f 327/3922 276/3923 275/3924
f 1044/3925 276/3926 327/3927
f 1059/3928 306/3929 1060/3930
f 1052/3931 169/3932 170/3933
f 277/3934 1033/3935 275/3936
f 188/3937 275/3938 1033/3939
f 275/3940 188/3941 327/3942
f 908/3943 1061/3944 857/3945
f 1061/3946 1062/3947 857/3948
f 1063/3949 416/3950 314/3951
f 315/3952 314/3953 416/3954
f 416/3955 168/3956 429/3957
f 168/3958 416/3959 1063/3960
f 1052/3961 170/3962 1042/3963
f 1042/3964 1043/3965 1052/3966
f 1060/3967 995/3968 1064/3969
f 315/3970 882/3971 316/3972
f 867/3973 62/3974 1065/3975
f 60/3976 1065/3977 62/3978
f 1053/3979 1067/3980 1066/3981
f 1068/3982 1069/3983 1070/3984
f 303/3985 314/3986 316/3987
f 1063/3988 314/3989 304/3990
f 1063/3991 304/3992 850/3993
f 168/3994 850/3995 170/3996
f 850/3997 168/3998 1063/3999
f 884/4000 886/4001 878/4002
f 1071/4003 878/4004 886/4005
f 316/4006 1072/4007 303/4008
f 61/4009 316/4010 882/4011
f 1072/4012 316/4013 1073/4014
f 61/4015 1073/4016 316/4017
f 872/4018 843/4019 865/4020
f 265/4021 865/4022 843/4023
f 872/4024 1073/4025 843/4026
f 868/4027 1073/4028 872/4029
f 1062/4030 1073/4031 868/4032
f 1072/4033 1073/4034 1062/4035
f 61/4036 843/4037 1073/4038
f 429/4039 1053/4040 415/4041
f 393/4042 1074/4043 901/4044
f 866/4045 908/4046 857/4047
f 868/4048 857/4049 1062/4050
f 1040/4051 1039/4052 285/4053
f 130/4054 980/4055 840/4056
f 987/4057 840/4058 980/4059
f 874/4060 909/4061 873/4062
f 1075/4063 909/4064 874/4065
f 840/4066 987/4067 1076/4068
f 293/4069 1076/4070 922/4071
f 922/4072 1076/4073 987/4074
f 840/4075 1076/4076 1077/4077
f 1059/4078 1077/4079 1076/4080
f 874/4081 1077/4082 1059/4083
f 874/4084 840/4085 1077/4086
f 1042/4087 1078/4088 1044/4089
f 307/4090 1060/4091 306/4092
f 293/4093 306/4094 1059/4095
f 1076/4096 293/4097 1059/4098
f 1042/4099 849/4100 1078/4101
f 170/4102 849/4103 1042/4104
f 327/4105 325/4106 1044/4107
f 307/4108 1044/4109 1078/4110
f 276/4111 1044/4112 307/4113
f 1064/4114 909/4115 1075/4116
f 1062/4117 1061/4118 1072/4119
f 139/4120 834/4121 840/4122
f 1064/4123 1061/4124 909/4125
f 909/4126 1061/4127 908/4128
f 850/4129 849/4130 170/4131
f 1064/4132 1075/4133 1060/4134
f 1053/4135 429/4136 1079/4137
f 1079/4138 429/4139 169/4140
f 995/4141 1078/4142 849/4143
f 995/4144 1060/4145 1078/4146
f 1078/4147 1060/4148 307/4149
f 1061/4150 303/4151 1072/4152
f 415/4153 1053/4154 1066/4155
f 285/4156 1080/4157 287/4158
f 1039/4159 1080/4160 285/4161
f 1064/4162 995/4163 305/4164
f 429/4165 415/4166 416/4167
f 303/4168 1061/4169 305/4170
f 305/4171 1061/4172 1064/4173
f 1054/4174 1053/4175 1079/4176
f 1079/4177 169/4178 1054/4179
f 333/4180 1045/4181 1081/4182
f 1054/4183 169/4184 1051/4185
f 1053/4186 1055/4187 1067/4188
f 1049/4189 1046/4190 1082/4191
f 1055/4192 1081/4193 1067/4194
f 333/4195 1081/4196 1055/4197
f 1055/4198 1054/4199 333/4200
f 1081/4201 1056/4202 1058/4203
f 1066/4204 1067/4205 1083/4206
f 317/4207 287/4208 1068/4209
f 1084/4210 1038/4211 1040/4212
f 1084/4213 1040/4214 1085/4215
f 1066/4216 286/4217 361/4218
f 415/4219 1066/4220 361/4221
f 1085/4222 1040/4223 285/4224
f 1066/4225 285/4226 286/4227
f 1083/4228 285/4229 1066/4230
f 415/4231 361/4232 414/4233
f 1085/4234 285/4235 1083/4236
f 558/4237 556/4238 1084/4239
f 1084/4240 556/4241 1038/4242
f 1067/4243 1058/4244 1057/4245
f 1046/4246 1049/4247 1050/4248
f 1050/4249 1048/4250 1086/4251
f 1057/4252 1087/4253 1083/4254
f 1067/4255 1057/4256 1083/4257
f 1087/4258 1085/4259 1083/4260
f 319/4261 1089/4262 1088/4263
f 1085/4264 1087/4265 1084/4266
f 408/4267 339/4268 386/4269
f 1056/4270 1081/4271 1045/4272
f 1058/4273 1067/4274 1081/4275
f 1090/4276 280/4277 279/4278
f 564/4279 394/4280 563/4281
f 1071/4282 245/4283 867/4284
f 881/4285 891/4286 1065/4287
f 881/4288 1065/4289 60/4290
f 1088/4291 1089/4292 1091/4293
f 879/4294 846/4295 884/4296
f 310/4297 262/4298 1092/4299
f 261/4300 1092/4301 262/4302
f 1093/4303 308/4304 309/4305
f 310/4306 1095/4307 1094/4308
f 309/4309 310/4310 1094/4311
f 891/4312 1096/4313 1065/4314
f 891/4315 308/4316 1096/4317
f 1093/4318 1096/4319 308/4320
f 124/4321 1097/4322 123/4323
f 1071/4324 886/4325 245/4326
f 1093/4327 1071/4328 1096/4329
f 1096/4330 1071/4331 867/4332
f 867/4333 1065/4334 1096/4335
f 1087/4336 558/4337 1084/4338
f 1080/4339 1069/4340 1068/4341
f 309/4342 1094/4343 1098/4344
f 317/4345 1068/4346 1092/4347
f 1092/4348 261/4349 317/4350
f 1070/4351 1095/4352 1068/4353
f 1099/4354 1098/4355 1091/4356
f 877/4357 309/4358 1098/4359
f 1093/4360 309/4361 877/4362
f 1092/4363 1068/4364 1095/4365
f 1095/4366 310/4367 1092/4368
f 878/4369 1071/4370 1093/4371
f 1100/4372 1098/4373 1099/4374
f 877/4375 1098/4376 1100/4377
f 878/4378 1093/4379 877/4380
f 1056/4381 1046/4382 1050/4383
f 287/4384 1080/4385 1068/4386
f 1103/4387 1102/4388 1101/4389
f 1086/4390 1057/4391 1050/4392
f 1046/4393 1056/4394 1045/4395
f 928/4396 938/4397 929/4398
f 279/4399 278/4400 1104/4401
f 1046/4402 1106/4403 1105/4404
f 1046/4405 1105/4406 1082/4407
f 1108/4408 273/4409 1107/4410
f 404/4411 1110/4412 1109/4413
f 337/4414 1045/4415 332/4416
f 1111/4417 1112/4418 1113/4419
f 1113/4420 1114/4421 1111/4422
f 1087/4423 1086/4424 558/4425
f 1057/4426 1086/4427 1087/4428
f 1049/4429 1082/4430 1115/4431
f 1049/4432 1115/4433 1048/4434
f 1082/4435 1105/4436 1113/4437
f 1105/4438 930/4439 1113/4440
f 273/4441 274/4442 1107/4443
f 337/4444 937/4445 1106/4446
f 336/4447 937/4448 337/4449
f 271/4450 937/4451 336/4452
f 270/4453 271/4454 336/4455
f 910/4456 1116/4457 252/4458
f 931/4459 900/4460 898/4461
f 930/4462 1118/4463 1117/4464
f 254/4465 252/4466 899/4467
f 1119/4468 1116/4469 910/4470
f 1119/4471 910/4472 1120/4473
f 1036/4474 1034/4475 945/4476
f 945/4477 941/4478 1036/4479
f 335/4480 334/4481 521/4482
f 1102/4483 1122/4484 1121/4485
f 937/4486 928/4487 1106/4488
f 194/4489 900/4490 993/4491
f 1105/4492 928/4493 930/4494
f 1034/4495 1123/4496 499/4497
f 1106/4498 928/4499 1105/4500
f 1046/4501 337/4502 1106/4503
f 902/4504 1120/4505 501/4506
f 501/4507 1120/4508 910/4509
f 1116/4510 899/4511 252/4512
f 938/4513 899/4514 1116/4515
f 499/4516 1123/4517 903/4518
f 271/4519 931/4520 898/4521
f 1116/4522 929/4523 938/4524
f 254/4525 899/4526 194/4527
f 938/4528 928/4529 937/4530
f 1125/4531 1124/4532 944/4533
f 929/4534 1116/4535 1119/4536
f 1118/4537 1119/4538 1126/4539
f 1117/4540 1118/4541 1126/4542
f 929/4543 1118/4544 930/4545
f 1127/4546 1119/4547 1120/4548
f 902/4549 1127/4550 1120/4551
f 1128/4552 280/4553 1090/4554
f 194/4555 899/4556 900/4557
f 1119/4558 1118/4559 929/4560
f 271/4561 898/4562 937/4563
f 521/4564 334/4565 195/4566
f 1036/4567 1129/4568 1034/4569
f 1130/4570 951/4571 943/4572
f 252/4573 331/4574 500/4575
f 331/4576 1035/4577 500/4578
f 500/4579 1035/4580 499/4581
f 902/4582 903/4583 1122/4584
f 945/4585 1035/4586 256/4587
f 256/4588 1035/4589 331/4590
f 255/4591 256/4592 331/4593
f 1125/4594 944/4595 906/4596
f 906/4597 944/4598 904/4599
f 924/4600 1132/4601 1131/4602
f 527/4603 1131/4604 1132/4605
f 527/4606 1132/4607 997/4608
f 939/4609 1132/4610 1036/4611
f 1133/4612 1122/4613 1102/4614
f 1127/4615 902/4616 1122/4617
f 1102/4618 1130/4619 1101/4620
f 903/4621 1134/4622 1122/4623
f 274/4624 1135/4625 1107/4626
f 1113/4627 930/4628 1117/4629
f 1136/4630 952/4631 329/4632
f 1137/4633 14/4634 15/4635
f 1140/4636 1139/4637 1138/4638
f 1138/4639 1124/4640 1140/4641
f 329/4642 952/4643 330/4644
f 1122/4645 1134/4646 1121/4647
f 1141/4648 14/4649 1137/4650
f 1142/4651 1143/4652 1144/4653
f 1139/4654 1145/4655 1138/4656
f 348/4657 347/4658 1139/4659
f 1146/4660 274/4661 272/4662
f 347/4663 272/4664 1139/4665
f 1146/4666 272/4667 347/4668
f 1110/4669 1147/4670 13/4671
f 350/4672 347/4673 346/4674
f 347/4675 350/4676 1146/4677
f 1139/4678 272/4679 1145/4680
f 1145/4681 273/4682 1103/4683
f 1103/4684 1148/4685 1145/4686
f 1126/4687 1149/4688 1150/4689
f 1150/4690 1149/4691 1107/4692
f 1107/4693 1149/4694 1108/4695
f 1149/4696 1127/4697 1122/4698
f 1149/4699 1126/4700 1127/4701
f 1127/4702 1126/4703 1119/4704
f 1146/4705 1135/4706 274/4707
f 1113/4708 1112/4709 1082/4710
f 1126/4711 1114/4712 1117/4713
f 272/4714 273/4715 1145/4716
f 1133/4717 1149/4718 1122/4719
f 1135/4720 1150/4721 1107/4722
f 1082/4723 1112/4724 1115/4725
f 1146/4726 349/4727 1135/4728
f 1114/4729 1113/4730 1117/4731
f 1150/4732 1114/4733 1126/4734
f 1108/4735 1149/4736 1133/4737
f 1114/4738 1150/4739 1111/4740
f 1150/4741 1135/4742 1111/4743
f 1142/4744 1151/4745 351/4746
f 1135/4747 349/4748 1152/4749
f 15/4750 13/4751 4/4752
f 6/4753 15/4754 4/4755
f 349/4756 1146/4757 350/4758
f 1151/4759 1154/4760 1153/4761
f 351/4762 1151/4763 349/4764
f 1135/4765 1152/4766 1111/4767
f 1152/4768 1151/4769 1153/4770
f 1142/4771 1144/4772 1155/4773
f 1156/4774 1144/4775 1143/4776
f 350/4777 1143/4778 351/4779
f 1151/4780 1152/4781 349/4782
f 1115/4783 1153/4784 1048/4785
f 523/4786 14/4787 1141/4788
f 1137/4789 15/4790 6/4791
f 1151/4792 1142/4793 1155/4794
f 404/4795 1109/4796 376/4797
f 1112/4798 1153/4799 1115/4800
f 1152/4801 1153/4802 1112/4803
f 1152/4804 1112/4805 1111/4806
f 1086/4807 554/4808 558/4809
f 1153/4810 1154/4811 1048/4812
f 1155/4813 1154/4814 1151/4815
f 1154/4816 554/4817 1086/4818
f 1086/4819 1048/4820 1154/4821
f 545/4822 1157/4823 1158/4824
f 1155/4825 1159/4826 1154/4827
f 1160/4828 554/4829 1159/4830
f 554/4831 1154/4832 1159/4833
f 1161/4834 370/4835 1162/4836
f 1143/4837 350/4838 1137/4839
f 1159/4840 1155/4841 1144/4842
f 1159/4843 1144/4844 1160/4845
f 319/4846 1088/4847 1163/4848
f 1163/4849 318/4850 319/4851
f 1164/4852 375/4853 851/4854
f 1091/4855 1165/4856 1088/4857
f 1069/4858 1166/4859 1070/4860
f 1094/4861 1070/4862 1165/4863
f 1095/4864 1070/4865 1094/4866
f 1163/4867 1165/4868 1070/4869
f 1163/4870 1070/4871 1166/4872
f 1069/4873 1039/4874 1037/4875
f 1069/4876 1037/4877 1166/4878
f 463/4879 462/4880 1167/4881
f 370/4882 369/4883 1162/4884
f 320/4885 369/4886 1168/4887
f 372/4888 1168/4889 369/4890
f 1110/4891 564/4892 1147/4893
f 1147/4894 564/4895 563/4896
f 1080/4897 1039/4898 1069/4899
f 374/4900 375/4901 1164/4902
f 1163/4903 1166/4904 887/4905
f 1037/4906 887/4907 1166/4908
f 666/4909 1170/4910 1169/4911
f 1171/4912 666/4913 1169/4914
f 1094/4915 1165/4916 1091/4917
f 1091/4918 1098/4919 1094/4920
f 403/4921 1172/4922 360/4923
f 887/4924 1037/4925 231/4926
f 389/4927 366/4928 364/4929
f 368/4930 395/4931 122/4932
f 1161/4933 229/4934 230/4935
f 1161/4936 230/4937 401/4938
f 814/4939 1174/4940 1173/4941
f 394/4942 396/4943 562/4944
f 1163/4945 887/4946 318/4947
f 122/4948 220/4949 408/4950
f 1161/4951 1162/4952 229/4953
f 1162/4954 369/4955 318/4956
f 1162/4957 887/4958 229/4959
f 318/4960 887/4961 1162/4962
f 320/4963 1168/4964 1175/4965
f 1175/4966 1176/4967 320/4968
f 319/4969 320/4970 1176/4971
f 1176/4972 1089/4973 319/4974
f 1177/4975 1178/4976 1179/4977
f 1179/4978 1180/4979 1177/4980
f 482/4981 888/4982 1179/4983
f 1182/4984 1181/4985 1175/4986
f 1175/4987 1183/4988 1182/4989
f 1184/4990 856/4991 889/4992
f 854/4993 1183/4994 1185/4995
f 1168/4996 1183/4997 1175/4998
f 1186/4999 388/5000 1185/5001
f 678/5002 410/5003 409/5004
f 1185/5005 1183/5006 1186/5007
f 1183/5008 1168/5009 1186/5010
f 1181/5011 1176/5012 1175/5013
f 1181/5014 1187/5015 1176/5016
f 1182/5017 856/5018 1184/5019
f 395/5020 124/5021 122/5022
f 564/5023 1097/5024 124/5025
f 324/5026 367/5027 1188/5028
f 382/5029 1190/5030 1189/5031
f 1191/5032 395/5033 368/5034
f 1192/5035 346/5036 348/5037
f 525/5038 524/5039 1193/5040
f 339/5041 340/5042 338/5043
f 851/5044 852/5045 1164/5046
f 1142/5047 351/5048 1143/5049
f 367/5050 1172/5051 1188/5052
f 1194/5053 1191/5054 368/5055
f 393/5056 901/5057 402/5058
f 393/5059 4/5060 1074/5061
f 367/5062 1195/5063 368/5064
f 1196/5065 383/5066 851/5067
f 385/5068 383/5069 1196/5070
f 360/5071 344/5072 345/5073
f 324/5074 1197/5075 1194/5076
f 324/5077 1194/5078 367/5079
f 1199/5080 1198/5081 403/5082
f 1198/5083 1199/5084 1200/5085
f 1188/5086 1198/5087 1200/5088
f 398/5089 360/5090 1172/5091
f 1172/5092 367/5093 398/5094
f 1041/5095 1191/5096 1194/5097
f 404/5098 533/5099 1097/5100
f 1097/5101 1110/5102 404/5103
f 402/5104 401/5105 1201/5106
f 408/5107 386/5108 122/5109
f 368/5110 1195/5111 1194/5112
f 1194/5113 1195/5114 367/5115
f 324/5116 323/5117 1197/5118
f 1137/5119 350/5120 346/5121
f 379/5122 1041/5123 1197/5124
f 1041/5125 1194/5126 1197/5127
f 13/5128 14/5129 1109/5130
f 1197/5131 323/5132 379/5133
f 322/5134 1202/5135 323/5136
f 385/5137 1202/5138 322/5139
f 115/5140 581/5141 575/5142
f 379/5143 323/5144 1202/5145
f 396/5146 1191/5147 1041/5148
f 398/5149 344/5150 360/5151
f 388/5152 1186/5153 387/5154
f 372/5155 387/5156 1186/5157
f 1203/5158 322/5159 1199/5160
f 1199/5161 322/5162 324/5163
f 1137/5164 346/5165 1141/5166
f 364/5167 365/5168 410/5169
f 388/5170 389/5171 668/5172
f 583/5173 115/5174 117/5175
f 365/5176 380/5177 399/5178
f 1199/5179 324/5180 1200/5181
f 889/5182 856/5183 855/5184
f 1188/5185 1200/5186 324/5187
f 812/5188 1203/5189 1199/5190
f 1204/5191 658/5192 657/5193
f 614/5194 296/5195 1205/5196
f 614/5197 1205/5198 1206/5199
f 389/5200 364/5201 678/5202
f 678/5203 364/5204 410/5205
f 1190/5206 382/5207 1207/5208
f 388/5209 668/5210 1185/5211
f 372/5212 1186/5213 1168/5214
f 365/5215 382/5216 380/5217
f 387/5218 372/5219 371/5220
f 1207/5221 382/5222 366/5223
f 1207/5224 1208/5225 1190/5226
f 1190/5227 1209/5228 1189/5229
f 691/5230 1207/5231 366/5232
f 403/5233 812/5234 1199/5235
f 1210/5236 852/5237 853/5238
f 1164/5239 852/5240 1210/5241
f 343/5242 341/5243 864/5244
f 814/5245 1203/5246 812/5247
f 1041/5248 381/5249 396/5250
f 268/5251 267/5252 345/5253
f 380/5254 382/5255 381/5256
f 207/5257 1211/5258 204/5259
f 562/5260 396/5261 1189/5262
f 395/5263 1191/5264 396/5265
f 1209/5266 1190/5267 1208/5268
f 1189/5269 1209/5270 562/5271
f 381/5272 382/5273 1189/5274
f 381/5275 1189/5276 396/5277
f 1198/5278 1188/5279 1172/5280
f 403/5281 1198/5282 1172/5283
f 1143/5284 1137/5285 6/5286
f 1139/5287 1140/5288 348/5289
f 723/5290 669/5291 676/5292
f 1163/5293 1088/5294 1165/5295
f 557/5296 1038/5297 556/5298
f 554/5299 1160/5300 555/5301
f 1212/5302 557/5303 555/5304
f 1160/5305 1212/5306 555/5307
f 1201/5308 1212/5309 1160/5310
f 1201/5311 230/5312 1212/5313
f 557/5314 1212/5315 230/5316
f 320/5317 318/5318 369/5319
f 370/5320 1161/5321 1213/5322
f 1213/5323 371/5324 370/5325
f 691/5326 371/5327 1213/5328
f 691/5329 387/5330 371/5331
f 1213/5332 1208/5333 691/5334
f 1213/5335 400/5336 1208/5337
f 1208/5338 400/5339 1214/5340
f 1209/5341 1214/5342 1215/5343
f 1214/5344 1074/5345 1215/5346
f 1215/5347 1074/5348 563/5349
f 1074/5350 1147/5351 563/5352
f 563/5353 562/5354 1215/5355
f 1215/5356 562/5357 1209/5358
f 1208/5359 1214/5360 1209/5361
f 1207/5362 691/5363 1208/5364
f 400/5365 1213/5366 1161/5367
f 1201/5368 401/5369 230/5370
f 1201/5371 1160/5372 1156/5373
f 1201/5374 1156/5375 5/5376
f 6/5377 5/5378 1156/5379
f 6/5380 1156/5381 1143/5382
f 5/5383 402/5384 1201/5385
f 400/5386 1161/5387 401/5388
f 1214/5389 400/5390 901/5391
f 901/5392 1074/5393 1214/5394
f 1074/5395 4/5396 1147/5397
f 393/5398 402/5399 5/5400
f 1110/5401 1097/5402 564/5403
f 4/5404 13/5405 1147/5406
f 1156/5407 1160/5408 1144/5409
f 13/5410 1109/5411 1110/5412
f 1109/5413 14/5414 523/5415
f 523/5416 376/5417 1109/5418
f 915/5419 914/5420 524/5421
f 348/5422 1140/5423 1192/5424
f 1217/5425 1216/5426 359/5427
f 1218/5428 1219/5429 1220/5430
f 1221/5431 1222/5432 517/5433
f 1221/5434 517/5435 1223/5436
f 1224/5437 1225/5438 1220/5439
f 1228/5440 1227/5441 1226/5442
f 267/5443 359/5444 345/5445
f 1217/5446 359/5447 267/5448
f 269/5449 1217/5450 267/5451
f 378/5452 1227/5453 377/5454
f 1224/5455 1219/5456 1229/5457
f 1220/5458 1219/5459 1224/5460
f 1228/5461 338/5462 340/5463
f 525/5464 279/5465 1104/5466
f 1230/5467 1226/5468 1231/5469
f 338/5470 1228/5471 1226/5472
f 269/5473 338/5474 1226/5475
f 1097/5476 533/5477 123/5478
f 123/5479 533/5480 340/5481
f 1141/5482 346/5483 1192/5484
f 523/5485 1141/5486 1192/5487
f 1140/5488 524/5489 1192/5490
f 1192/5491 524/5492 523/5493
f 1104/5494 378/5495 376/5496
f 418/5497 509/5498 417/5499
f 1104/5500 376/5501 525/5502
f 525/5503 376/5504 523/5505
f 1140/5506 915/5507 524/5508
f 933/5509 391/5510 390/5511
f 403/5512 359/5513 1232/5514
f 1216/5515 1232/5516 359/5517
f 1225/5518 1224/5519 1233/5520
f 924/5521 328/5522 1129/5523
f 1229/5524 1219/5525 1218/5526
f 456/5527 1234/5528 688/5529
f 1235/5530 631/5531 739/5532
f 452/5533 450/5534 1236/5535
f 1220/5536 1233/5537 1237/5538
f 1225/5539 1233/5540 1220/5541
f 424/5542 1238/5543 1239/5544
f 529/5545 542/5546 911/5547
f 690/5548 688/5549 1234/5550
f 488/5551 1240/5552 204/5553
f 473/5554 474/5555 461/5556
f 461/5557 474/5558 1024/5559
f 505/5560 412/5561 1241/5562
f 428/5563 1242/5564 436/5565
f 479/5566 208/5567 425/5568
f 412/5569 505/5570 1243/5571
f 1029/5572 450/5573 451/5574
f 470/5575 1244/5576 472/5577
f 1026/5578 1245/5579 1211/5580
f 204/5581 1211/5582 205/5583
f 208/5584 1026/5585 207/5586
f 1211/5587 207/5588 1026/5589
f 830/5590 1246/5591 1247/5592
f 280/5593 1248/5594 278/5595
f 464/5596 465/5597 972/5598
f 422/5599 479/5600 420/5601
f 420/5602 479/5603 443/5604
f 830/5605 509/5606 1246/5607
f 1167/5608 519/5609 1249/5610
f 972/5611 1250/5612 971/5613
f 191/5614 205/5615 1251/5616
f 440/5617 1020/5618 1018/5619
f 1252/5620 421/5621 420/5622
f 421/5623 1252/5624 973/5625
f 1252/5626 420/5627 444/5628
f 413/5629 412/5630 1243/5631
f 997/5632 996/5633 526/5634
f 424/5635 443/5636 479/5637
f 425/5638 424/5639 479/5640
f 1238/5641 424/5642 423/5643
f 1020/5644 1253/5645 1031/5646
f 204/5647 1240/5648 208/5649
f 440/5650 439/5651 1253/5652
f 1254/5653 1253/5654 439/5655
f 1256/5656 1255/5657 456/5658
f 423/5659 425/5660 455/5661
f 455/5662 425/5663 1240/5664
f 509/5665 830/5666 1257/5667
f 510/5668 509/5669 1257/5670
f 456/5671 423/5672 455/5673
f 423/5674 456/5675 688/5676
f 205/5677 1211/5678 1251/5679
f 406/5680 407/5681 831/5682
f 508/5683 417/5684 509/5685
f 1020/5686 440/5687 1253/5688
f 688/5689 1238/5690 423/5691
f 1023/5692 233/5693 458/5694
f 435/5695 233/5696 1023/5697
f 1023/5698 1024/5699 1241/5700
f 437/5701 506/5702 507/5703
f 405/5704 406/5705 1258/5706
f 1239/5707 688/5708 689/5709
f 688/5710 1239/5711 1238/5712
f 689/5713 441/5714 426/5715
f 1239/5716 689/5717 426/5718
f 452/5719 1236/5720 1259/5721
f 1260/5722 452/5723 1259/5724
f 690/5725 441/5726 689/5727
f 690/5728 439/5729 441/5730
f 1018/5731 1261/5732 441/5733
f 441/5734 1261/5735 426/5736
f 690/5737 1262/5738 439/5739
f 412/5740 411/5741 435/5742
f 1234/5743 1262/5744 690/5745
f 1255/5746 1256/5747 831/5748
f 1254/5749 996/5750 1263/5751
f 241/5752 1263/5753 996/5754
f 996/5755 1254/5756 1262/5757
f 1262/5758 1254/5759 439/5760
f 1254/5761 1263/5762 1253/5763
f 241/5764 244/5765 1263/5766
f 947/5767 1263/5768 244/5769
f 1253/5770 1263/5771 947/5772
f 1253/5773 947/5774 1031/5775
f 179/5776 9/5777 232/5778
f 960/5779 1264/5780 1031/5781
f 238/5782 1264/5783 960/5784
f 1019/5785 1264/5786 1027/5787
f 1243/5788 1265/5789 1028/5790
f 1027/5791 1264/5792 238/5793
f 238/5794 237/5795 1027/5796
f 1020/5797 1031/5798 1264/5799
f 1264/5800 1019/5801 1020/5802
f 411/5803 413/5804 10/5805
f 10/5806 413/5807 237/5808
f 505/5809 1241/5810 507/5811
f 1211/5812 191/5813 1251/5814
f 1245/5815 191/5816 1211/5817
f 955/5818 434/5819 411/5820
f 442/5821 434/5822 955/5823
f 434/5824 232/5825 233/5826
f 232/5827 434/5828 442/5829
f 435/5830 434/5831 233/5832
f 1243/5833 1028/5834 413/5835
f 413/5836 1028/5837 237/5838
f 1265/5839 506/5840 427/5841
f 427/5842 506/5843 1242/5844
f 1265/5845 427/5846 1261/5847
f 1261/5848 427/5849 426/5850
f 426/5851 424/5852 1239/5853
f 456/5854 1255/5855 1234/5856
f 1018/5857 441/5858 440/5859
f 1018/5860 1019/5861 1261/5862
f 1028/5863 1265/5864 1261/5865
f 1261/5866 1019/5867 1028/5868
f 1019/5869 1027/5870 1028/5871
f 506/5872 1265/5873 1243/5874
f 505/5875 506/5876 1243/5877
f 437/5878 436/5879 506/5880
f 1266/5881 1244/5882 470/5883
f 1244/5884 1266/5885 453/5886
f 506/5887 436/5888 1242/5889
f 428/5890 427/5891 1242/5892
f 437/5893 475/5894 466/5895
f 474/5896 475/5897 437/5898
f 1241/5899 1024/5900 507/5901
f 477/5902 478/5903 971/5904
f 971/5905 478/5906 973/5907
f 1023/5908 458/5909 460/5910
f 1267/5911 477/5912 1250/5913
f 1029/5914 1266/5915 1268/5916
f 234/5917 459/5918 458/5919
f 234/5920 458/5921 233/5922
f 445/5923 1269/5924 446/5925
f 973/5926 478/5927 421/5928
f 1270/5929 446/5930 1260/5931
f 1010/5932 1269/5933 1013/5934
f 1010/5935 446/5936 1269/5937
f 446/5938 1270/5939 447/5940
f 452/5941 1244/5942 453/5943
f 1271/5944 448/5945 1272/5946
f 449/5947 1272/5948 448/5949
f 473/5950 1272/5951 449/5952
f 449/5953 475/5954 473/5955
f 421/5956 478/5957 422/5958
f 1266/5959 451/5960 453/5961
f 477/5962 971/5963 1250/5964
f 450/5965 448/5966 1236/5967
f 1271/5968 1259/5969 1236/5970
f 1236/5971 448/5972 1271/5973
f 1271/5974 1272/5975 461/5976
f 1272/5977 473/5978 461/5979
f 1271/5980 457/5981 1270/5982
f 461/5983 457/5984 1271/5985
f 1270/5986 1259/5987 1271/5988
f 1259/5989 1270/5990 1260/5991
f 438/5992 444/5993 436/5994
f 1268/5995 1266/5996 1250/5997
f 474/5998 437/5999 507/6000
f 507/6001 1024/6002 474/6003
f 412/6004 435/6005 1241/6006
f 1023/6007 1241/6008 435/6009
f 1270/6010 457/6011 447/6012
f 445/6013 447/6014 458/6015
f 476/6016 1245/6017 1026/6018
f 445/6019 459/6020 1269/6021
f 1269/6022 459/6023 1013/6024
f 1267/6025 1250/6026 975/6027
f 477/6028 1267/6029 1245/6030
f 1245/6031 476/6032 477/6033
f 465/6034 449/6035 1029/6036
f 464/6037 972/6038 973/6039
f 478/6040 476/6041 1025/6042
f 1026/6043 1025/6044 476/6045
f 1025/6046 422/6047 478/6048
f 1249/6049 1273/6050 463/6051
f 437/6052 466/6053 438/6054
f 1252/6055 444/6056 438/6057
f 973/6058 1252/6059 464/6060
f 1252/6061 438/6062 464/6063
f 1222/6064 518/6065 517/6066
f 278/6067 1248/6068 378/6069
f 1268/6070 465/6071 1029/6072
f 1029/6073 451/6074 1266/6075
f 1275/6076 390/6077 1274/6078
f 470/6079 1250/6080 1266/6081
f 204/6082 206/6083 1276/6084
f 204/6085 1276/6086 488/6087
f 1276/6088 206/6089 488/6090
f 425/6091 208/6092 1240/6093
f 975/6094 1250/6095 470/6096
f 980/6097 1005/6098 999/6099
f 999/6100 1005/6101 1000/6102
f 208/6103 422/6104 1025/6105
f 193/6106 205/6107 192/6108
f 438/6109 466/6110 464/6111
f 475/6112 449/6113 466/6114
f 465/6115 466/6116 449/6117
f 465/6118 1268/6119 972/6120
f 972/6121 1268/6122 1250/6123
f 405/6124 528/6125 1277/6126
f 1267/6127 975/6128 976/6129
f 1278/6130 1279/6131 484/6132
f 484/6133 964/6134 1278/6135
f 1267/6136 191/6137 1245/6138
f 205/6139 193/6140 484/6141
f 1458/6142 191/6143 1267/6144
f 976/6145 1458/6146 1267/6147
f 874/6148 1060/6149 1075/6150
f 1279/6151 483/6152 484/6153
f 1130/6154 943/6155 1101/6156
f 454/6157 1256/6158 456/6159
f 1090/6160 391/6161 932/6162
f 932/6163 1128/6164 1090/6165
f 462/6166 1278/6167 1167/6168
f 1148/6169 1138/6170 1145/6171
f 1123/6172 328/6173 1134/6174
f 1134/6175 903/6176 1123/6177
f 1227/6178 1231/6179 1226/6180
f 1129/6181 328/6182 1123/6183
f 489/6184 510/6185 1257/6186
f 1281/6187 483/6188 1280/6189
f 1283/6190 1282/6191 1229/6192
f 1278/6193 964/6194 519/6195
f 1184/6196 1284/6197 1181/6198
f 1280/6199 508/6200 510/6201
f 1227/6202 1228/6203 377/6204
f 377/6205 1228/6206 533/6207
f 205/6208 1285/6209 206/6210
f 193/6211 191/6212 965/6213
f 964/6214 965/6215 191/6216
f 1277/6217 407/6218 405/6219
f 1174/6220 814/6221 813/6222
f 328/6223 330/6224 1134/6225
f 206/6226 1285/6227 490/6228
f 488/6229 206/6230 490/6231
f 484/6232 193/6233 965/6234
f 1167/6235 1249/6236 463/6237
f 1280/6238 510/6239 1285/6240
f 1280/6241 1285/6242 1281/6243
f 1285/6244 205/6245 1281/6246
f 1281/6247 205/6248 483/6249
f 455/6250 488/6251 489/6252
f 1240/6253 488/6254 455/6255
f 509/6256 418/6257 1246/6258
f 1279/6259 508/6260 1280/6261
f 483/6262 1279/6263 1280/6264
f 1138/6265 1148/6266 1124/6267
f 419/6268 906/6269 418/6270
f 1278/6271 462/6272 953/6273
f 1274/6274 906/6275 419/6276
f 1275/6277 419/6278 462/6279
f 510/6280 489/6281 1285/6282
f 1285/6283 489/6284 490/6285
f 489/6286 1256/6287 454/6288
f 1257/6289 1256/6290 489/6291
f 407/6292 1234/6293 1255/6294
f 996/6295 1277/6296 526/6297
f 407/6298 1277/6299 1234/6300
f 242/6301 241/6302 997/6303
f 1277/6304 996/6305 1262/6306
f 1234/6307 1277/6308 1262/6309
f 1277/6310 528/6311 526/6312
f 528/6313 405/6314 1258/6315
f 1255/6316 831/6317 407/6318
f 526/6319 527/6320 997/6321
f 997/6322 1132/6323 939/6324
f 997/6325 939/6326 242/6327
f 455/6328 489/6329 454/6330
f 1224/6331 1222/6332 1233/6333
f 831/6334 1256/6335 1257/6336
f 830/6337 831/6338 1257/6339
f 1275/6340 462/6341 390/6342
f 419/6343 1275/6344 1274/6345
f 1090/6346 1193/6347 914/6348
f 1125/6349 1286/6350 1124/6351
f 1124/6352 1286/6353 915/6354
f 1258/6355 1136/6356 1131/6357
f 1136/6358 1258/6359 1247/6360
f 1136/6361 1247/6362 904/6363
f 1274/6364 1125/6365 906/6366
f 1130/6367 1121/6368 951/6369
f 1102/6370 1121/6371 1130/6372
f 924/6373 1129/6374 1132/6375
f 330/6376 1121/6377 1134/6378
f 1121/6379 330/6380 951/6381
f 1129/6382 1123/6383 1034/6384
f 1035/6385 945/6386 1034/6387
f 1101/6388 943/6389 944/6390
f 952/6391 1136/6392 943/6393
f 943/6394 1136/6395 904/6396
f 1133/6397 1102/6398 1103/6399
f 1136/6400 329/6401 1131/6402
f 1258/6403 1131/6404 528/6405
f 1131/6406 527/6407 528/6408
f 1247/6409 1258/6410 830/6411
f 1258/6412 406/6413 830/6414
f 904/6415 1247/6416 905/6417
f 329/6418 924/6419 1131/6420
f 1132/6421 1129/6422 1036/6423
f 1124/6424 915/6425 1140/6426
f 1148/6427 944/6428 1124/6429
f 944/6430 1148/6431 1101/6432
f 1108/6433 1103/6434 273/6435
f 1133/6436 1103/6437 1108/6438
f 1101/6439 1148/6440 1103/6441
f 1274/6442 1286/6443 1125/6444
f 1287/6445 1224/6446 1229/6447
f 463/6448 932/6449 933/6450
f 933/6451 390/6452 463/6453
f 390/6454 392/6455 1274/6456
f 1286/6457 392/6458 915/6459
f 1286/6460 1274/6461 392/6462
f 533/6463 1228/6464 340/6465
f 1237/6466 1221/6467 1288/6468
f 914/6469 1193/6470 524/6471
f 1193/6472 279/6473 525/6474
f 1193/6475 1090/6476 279/6477
f 278/6478 378/6479 1104/6480
f 854/6481 1171/6482 1289/6483
f 635/6484 633/6485 1290/6486
f 547/6487 609/6488 608/6489
f 391/6490 1090/6491 914/6492
f 1247/6493 1246/6494 905/6495
f 418/6496 906/6497 905/6498
f 905/6499 1246/6500 418/6501
f 417/6502 953/6503 419/6504
f 417/6505 1279/6506 953/6507
f 1279/6508 1278/6509 953/6510
f 1223/6511 1291/6512 1221/6513
f 1221/6514 1291/6515 1288/6516
f 1222/6517 1221/6518 1233/6519
f 1233/6520 1221/6521 1237/6522
f 519/6523 1167/6524 1278/6525
f 1279/6526 417/6527 508/6528
f 1292/6529 1288/6530 1291/6531
f 1229/6532 1282/6533 1287/6534
f 1293/6535 1224/6536 1287/6537
f 1224/6538 1293/6539 1222/6540
f 932/6541 1273/6542 1128/6543
f 1229/6544 1232/6545 1216/6546
f 1223/6547 517/6548 519/6549
f 519/6550 964/6551 1223/6552
f 463/6553 1273/6554 932/6555
f 1223/6556 1292/6557 1291/6558
f 1223/6559 964/6560 1292/6561
f 1292/6562 1294/6563 1288/6564
f 964/6565 1294/6566 1292/6567
f 191/6568 1294/6569 964/6570
f 1294/6571 191/6572 1288/6573
f 1249/6574 518/6575 1273/6576
f 519/6577 518/6578 1249/6579
f 1293/6580 518/6581 1222/6582
f 1273/6583 518/6584 1293/6585
f 1273/6586 1293/6587 1128/6588
f 1231/6589 1248/6590 1282/6591
f 1293/6592 1287/6593 1295/6594
f 1293/6595 1295/6596 1128/6597
f 1128/6598 1295/6599 280/6600
f 280/6601 1295/6602 1248/6603
f 1295/6604 1282/6605 1248/6606
f 1295/6607 1287/6608 1282/6609
f 1230/6610 269/6611 1226/6612
f 874/6613 1059/6614 1060/6615
f 268/6616 338/6617 269/6618
f 1248/6619 1227/6620 378/6621
f 1231/6622 1227/6623 1248/6624
f 1232/6625 1229/6626 1218/6627
f 1237/6628 1232/6629 1218/6630
f 1218/6631 1220/6632 1237/6633
f 1288/6634 1232/6635 1237/6636
f 191/6637 1232/6638 1288/6639
f 1229/6640 1216/6641 1283/6642
f 1283/6643 1230/6644 1282/6645
f 1283/6646 1296/6647 1230/6648
f 269/6649 1296/6650 1217/6651
f 1296/6652 269/6653 1230/6654
f 1296/6655 1216/6656 1217/6657
f 1296/6658 1283/6659 1216/6660
f 1282/6661 1230/6662 1231/6663
f 1297/6664 609/6665 545/6666
f 1298/6667 635/6668 1290/6669
f 545/6670 609/6671 547/6672
f 1301/6673 1300/6674 1299/6675
f 585/6676 1302/6677 586/6678
f 1303/6679 543/6680 542/6681
f 296/6682 614/6683 541/6684
f 547/6685 1206/6686 546/6687
f 548/6688 609/6689 637/6690
f 548/6691 637/6692 634/6693
f 542/6694 561/6695 559/6696
f 586/6697 785/6698 584/6699
f 342/6700 1305/6701 1304/6702
f 587/6703 561/6704 531/6705
f 531/6706 561/6707 529/6708
f 1306/6709 1158/6710 1307/6711
f 542/6712 559/6713 1303/6714
f 542/6715 529/6716 561/6717
f 102/6718 625/6719 638/6720
f 614/6721 1206/6722 608/6723
f 569/6724 587/6725 588/6726
f 1158/6727 1157/6728 1307/6729
f 571/6730 613/6731 570/6732
f 561/6733 587/6734 569/6735
f 571/6736 1308/6737 1309/6738
f 1158/6739 1297/6740 545/6741
f 608/6742 1206/6743 547/6744
f 1299/6745 1300/6746 559/6747
f 1177/6748 1310/6749 1311/6750
f 856/6751 1182/6752 1183/6753
f 560/6754 1299/6755 559/6756
f 1177/6757 1311/6758 1312/6759
f 1301/6760 1177/6761 1300/6762
f 854/6763 1289/6764 855/6765
f 630/6766 629/6767 1205/6768
f 1205/6769 296/6770 630/6771
f 546/6772 1206/6773 1205/6774
f 1310/6775 1177/6776 1301/6777
f 1303/6778 559/6779 1300/6780
f 1177/6781 1313/6782 1300/6783
f 1300/6784 1313/6785 1303/6786
f 1180/6787 1313/6788 1177/6789
f 612/6790 571/6791 1309/6792
f 480/6793 482/6794 630/6795
f 1312/6796 1311/6797 546/6798
f 1314/6799 1315/6800 1316/6801
f 637/6802 609/6803 1297/6804
f 1157/6805 545/6806 546/6807
f 1157/6808 546/6809 1311/6810
f 1311/6811 1307/6812 1157/6813
f 1310/6814 1307/6815 1311/6816
f 1310/6817 1317/6818 1307/6819
f 1317/6820 1310/6821 1299/6822
f 1299/6823 560/6824 1317/6825
f 1301/6826 1299/6827 1310/6828
f 1307/6829 1317/6830 1306/6831
f 613/6832 1306/6833 1317/6834
f 1317/6835 570/6836 613/6837
f 1317/6838 560/6839 570/6840
f 560/6841 569/6842 570/6843
f 295/6844 630/6845 296/6846
f 482/6847 1178/6848 629/6849
f 1178/6850 1177/6851 1312/6852
f 820/6853 480/6854 295/6855
f 480/6856 630/6857 295/6858
f 1205/6859 629/6860 1312/6861
f 1205/6862 1312/6863 546/6864
f 1179/6865 888/6866 889/6867
f 1179/6868 889/6869 1180/6870
f 820/6871 1318/6872 480/6873
f 480/6874 1318/6875 1319/6876
f 1319/6877 481/6878 480/6879
f 667/6880 374/6881 1320/6882
f 854/6883 856/6884 1183/6885
f 629/6886 1178/6887 1312/6888
f 1182/6889 1184/6890 1181/6891
f 666/6892 667/6893 1170/6894
f 543/6895 1303/6896 1313/6897
f 1179/6898 1178/6899 482/6900
f 855/6901 1313/6902 1180/6903
f 1313/6904 855/6905 1289/6906
f 889/6907 855/6908 1180/6909
f 409/6910 667/6911 668/6912
f 668/6913 678/6914 409/6915
f 820/6916 847/6917 1318/6918
f 1185/6919 666/6920 1171/6921
f 1210/6922 853/6923 1321/6924
f 863/6925 1321/6926 853/6927
f 879/6928 877/6929 1100/6930
f 820/6931 292/6932 847/6933
f 668/6934 666/6935 1185/6936
f 1322/6937 652/6938 284/6939
f 543/6940 1169/6941 544/6942
f 544/6943 1169/6944 1170/6945
f 1171/6946 1169/6947 543/6948
f 1325/6949 1324/6950 1323/6951
f 1326/6952 1174/6953 813/6954
f 1289/6955 543/6956 1313/6957
f 1305/6958 530/6959 1304/6960
f 1289/6961 1171/6962 543/6963
f 1185/6964 1171/6965 854/6966
f 1284/6967 481/6968 1319/6969
f 1327/6970 1284/6971 1319/6972
f 847/6973 1327/6974 1319/6975
f 1318/6976 847/6977 1319/6978
f 847/6979 846/6980 1327/6981
f 375/6982 1196/6983 851/6984
f 1328/6985 1284/6986 1327/6987
f 481/6988 1284/6989 1184/6990
f 889/6991 481/6992 1184/6993
f 374/6994 1164/6995 1320/6996
f 399/6997 373/6998 410/6999
f 667/7000 1320/7001 1170/7002
f 814/7003 384/7004 1203/7005
f 1328/7006 1100/7007 1099/7008
f 1099/7009 1091/7010 1328/7011
f 1187/7012 1089/7013 1176/7014
f 1187/7015 1181/7016 1284/7017
f 1328/7018 1091/7019 1187/7020
f 1187/7021 1091/7022 1089/7023
f 1328/7024 1187/7025 1284/7026
f 1100/7027 1328/7028 1327/7029
f 1327/7030 846/7031 1100/7032
f 846/7033 879/7034 1100/7035
f 374/7036 409/7037 373/7038
f 374/7039 667/7040 409/7041
f 1164/7042 1210/7043 1320/7044
f 1304/7045 1329/7046 341/7047
f 397/7048 385/7049 1196/7050
f 397/7051 1196/7052 399/7053
f 375/7054 373/7055 1196/7056
f 322/7057 1203/7058 384/7059
f 373/7060 399/7061 1196/7062
f 397/7063 379/7064 1202/7065
f 1202/7066 385/7067 397/7068
f 403/7069 805/7070 813/7071
f 1173/7072 383/7073 384/7074
f 383/7075 1173/7076 1330/7077
f 814/7078 1173/7079 384/7080
f 530/7081 1329/7082 1304/7083
f 576/7084 1331/7085 871/7086
f 851/7087 383/7088 1330/7089
f 851/7090 1330/7091 853/7092
f 384/7093 385/7094 322/7095
f 807/7096 1305/7097 342/7098
f 529/7099 912/7100 530/7101
f 582/7102 127/7103 805/7104
f 341/7105 342/7106 1304/7107
f 1326/7108 863/7109 1173/7110
f 1173/7111 1174/7112 1326/7113
f 1326/7114 125/7115 863/7116
f 343/7117 864/7118 1332/7119
f 853/7120 1173/7121 863/7122
f 125/7123 1326/7124 126/7125
f 864/7126 127/7127 1332/7128
f 813/7129 126/7130 1326/7131
f 853/7132 1330/7133 1173/7134
f 1320/7135 1329/7136 1333/7137
f 1335/7138 1334/7139 761/7140
f 1329/7141 912/7142 1333/7143
f 912/7144 1329/7145 530/7146
f 864/7147 1321/7148 863/7149
f 341/7150 1321/7151 864/7152
f 1210/7153 1321/7154 341/7155
f 1329/7156 1210/7157 341/7158
f 1210/7159 1329/7160 1320/7161
f 813/7162 805/7163 126/7164
f 784/7165 623/7166 584/7167
f 805/7168 581/7169 582/7170
f 807/7171 342/7172 117/7173
f 911/7174 542/7175 544/7176
f 544/7177 1333/7178 911/7179
f 544/7180 1170/7181 1333/7182
f 911/7183 1333/7184 912/7185
f 1333/7186 1170/7187 1320/7188
f 587/7189 531/7190 1336/7191
f 722/7192 606/7193 1302/7194
f 1337/7195 1338/7196 576/7197
f 1339/7198 1338/7199 1337/7200
f 1337/7201 1340/7202 1339/7203
f 127/7204 582/7205 1332/7206
f 1341/7207 116/7208 575/7209
f 575/7210 116/7211 115/7212
f 403/7213 1342/7214 805/7215
f 1343/7216 1344/7217 802/7218
f 1325/7219 1346/7220 1345/7221
f 1315/7222 726/7223 1316/7224
f 1305/7225 531/7226 530/7227
f 575/7228 576/7229 871/7230
f 1337/7231 576/7232 577/7233
f 575/7234 871/7235 1341/7236
f 577/7237 1340/7238 1337/7239
f 1347/7240 577/7241 575/7242
f 581/7243 1347/7244 575/7245
f 577/7246 1347/7247 1340/7248
f 581/7249 1342/7250 1348/7251
f 805/7252 1342/7253 581/7254
f 607/7255 1349/7256 606/7257
f 749/7258 603/7259 605/7260
f 1348/7261 1350/7262 1351/7263
f 1351/7264 1352/7265 1340/7266
f 1353/7267 1354/7268 1350/7269
f 788/7270 787/7271 1355/7272
f 1356/7273 1354/7274 1353/7275
f 1354/7276 1357/7277 1350/7278
f 1357/7279 1354/7280 804/7281
f 1339/7282 1340/7283 1352/7284
f 1351/7285 1340/7286 1347/7287
f 1348/7288 1351/7289 1347/7290
f 581/7291 1348/7292 1347/7293
f 1356/7294 1353/7295 785/7296
f 1352/7297 1358/7298 1339/7299
f 1357/7300 1358/7301 1352/7302
f 1357/7303 1352/7304 1351/7305
f 1350/7306 1357/7307 1351/7308
f 1359/7309 1353/7310 1350/7311
f 1348/7312 1342/7313 1350/7314
f 1359/7315 1360/7316 783/7317
f 783/7318 1353/7319 1359/7320
f 785/7321 1353/7322 783/7323
f 1355/7324 787/7325 1361/7326
f 1350/7327 1342/7328 1359/7329
f 1359/7330 1342/7331 1360/7332
f 751/7333 603/7334 749/7335
f 167/7336 1362/7337 165/7338
f 1358/7339 1357/7340 804/7341
f 1232/7342 1342/7343 403/7344
f 191/7345 1342/7346 1232/7347
f 721/7348 787/7349 720/7350
f 1363/7351 1364/7352 1338/7353
f 871/7354 870/7355 1341/7356
f 598/7357 599/7358 1365/7359
f 1358/7360 1363/7361 1338/7362
f 1339/7363 1358/7364 1338/7365
f 871/7366 1331/7367 869/7368
f 1366/7369 1364/7370 1363/7371
f 726/7372 1309/7373 1367/7374
f 1338/7375 1364/7376 576/7377
f 1325/7378 1323/7379 1368/7380
f 1369/7381 1368/7382 1323/7383
f 1341/7384 870/7385 806/7386
f 1341/7387 806/7388 116/7389
f 1366/7390 1363/7391 1324/7392
f 1345/7393 1370/7394 1366/7395
f 1371/7396 1309/7397 1308/7398
f 1367/7399 1309/7400 1371/7401
f 803/7402 802/7403 1324/7404
f 802/7405 1323/7406 1324/7407
f 807/7408 1336/7409 1305/7410
f 1372/7411 589/7412 1336/7413
f 1372/7414 807/7415 826/7416
f 807/7417 1372/7418 1336/7419
f 342/7420 343/7421 117/7422
f 117/7423 343/7424 583/7425
f 1336/7426 531/7427 1305/7428
f 870/7429 590/7430 806/7431
f 1374/7432 1373/7433 1349/7434
f 806/7435 590/7436 826/7437
f 589/7438 587/7439 1336/7440
f 1332/7441 582/7442 583/7443
f 583/7444 343/7445 1332/7446
f 576/7447 1364/7448 1331/7449
f 1331/7450 1364/7451 869/7452
f 1375/7453 569/7454 588/7455
f 579/7456 1314/7457 1316/7458
f 1324/7459 1363/7460 803/7461
f 1372/7462 590/7463 589/7464
f 826/7465 590/7466 1372/7467
f 1358/7468 804/7469 803/7470
f 1325/7471 1345/7472 1366/7473
f 1324/7474 1325/7475 1366/7476
f 1358/7477 803/7478 1363/7479
f 870/7480 1376/7481 590/7482
f 869/7483 1376/7484 870/7485
f 590/7486 1376/7487 591/7488
f 1377/7489 1290/7490 636/7491
f 1375/7492 1308/7493 571/7494
f 569/7495 1375/7496 571/7497
f 588/7498 589/7499 591/7500
f 1366/7501 1370/7502 869/7503
f 869/7504 1364/7505 1366/7506
f 1316/7507 580/7508 579/7509
f 1297/7510 636/7511 637/7512
f 1378/7513 1362/7514 669/7515
f 1367/7516 580/7517 1316/7518
f 1367/7519 591/7520 580/7521
f 580/7522 591/7523 578/7524
f 1379/7525 627/7526 628/7527
f 1371/7528 1308/7529 591/7530
f 1367/7531 1371/7532 591/7533
f 726/7534 612/7535 1309/7536
f 613/7537 1380/7538 1306/7539
f 1381/7540 1380/7541 612/7542
f 1316/7543 726/7544 1367/7545
f 612/7546 726/7547 725/7548
f 726/7549 1315/7550 727/7551
f 725/7552 1381/7553 612/7554
f 1308/7555 1375/7556 588/7557
f 588/7558 591/7559 1308/7560
f 612/7561 1380/7562 613/7563
f 1382/7564 1335/7565 536/7566
f 536/7567 1335/7568 1383/7569
f 1380/7570 1381/7571 1306/7572
f 1381/7573 636/7574 1297/7575
f 1297/7576 1158/7577 1381/7578
f 1158/7579 1306/7580 1381/7581
f 102/7582 639/7583 735/7584
f 639/7585 1384/7586 634/7587
f 637/7588 633/7589 634/7590
f 639/7591 638/7592 1384/7593
f 1384/7594 638/7595 549/7596
f 1384/7597 549/7598 548/7599
f 1384/7600 548/7601 634/7602
f 1369/7603 1323/7604 1344/7605
f 1335/7606 761/7607 1383/7608
f 1382/7609 1334/7610 1335/7611
f 735/7612 639/7613 635/7614
f 1382/7615 1298/7616 1334/7617
f 1349/7618 791/7619 1374/7620
f 1385/7621 620/7622 604/7623
f 1386/7624 620/7625 1385/7626
f 802/7627 1344/7628 1323/7629
f 606/7630 1373/7631 1302/7632
f 1349/7633 1373/7634 606/7635
f 1356/7636 785/7637 1374/7638
f 1344/7639 1387/7640 1369/7641
f 1387/7642 1344/7643 1343/7644
f 742/7645 792/7646 793/7647
f 1374/7648 791/7649 1343/7650
f 1356/7651 1374/7652 1343/7653
f 729/7654 1388/7655 801/7656
f 802/7657 804/7658 1343/7659
f 804/7660 1354/7661 1356/7662
f 622/7663 722/7664 720/7665
f 586/7666 1374/7667 785/7668
f 1374/7669 586/7670 1373/7671
f 579/7672 578/7673 1389/7674
f 1379/7675 1390/7676 1368/7677
f 1346/7678 1368/7679 1390/7680
f 1360/7681 784/7682 783/7683
f 1390/7684 1391/7685 1346/7686
f 1389/7687 1391/7688 579/7689
f 1393/7690 1392/7691 1314/7692
f 1314/7693 1390/7694 1393/7695
f 1373/7696 586/7697 1302/7698
f 718/7699 1394/7700 670/7701
f 627/7702 1204/7703 657/7704
f 1370/7705 1376/7706 869/7707
f 1298/7708 1290/7709 1334/7710
f 634/7711 635/7712 639/7713
f 635/7714 1298/7715 735/7716
f 591/7717 1376/7718 578/7719
f 1389/7720 578/7721 1376/7722
f 1393/7723 628/7724 1392/7725
f 1376/7726 1370/7727 1389/7728
f 680/7729 1392/7730 628/7731
f 1393/7732 1390/7733 1379/7734
f 768/7735 720/7736 788/7737
f 1355/7738 1395/7739 788/7740
f 1361/7741 787/7742 585/7743
f 585/7744 623/7745 1361/7746
f 784/7747 1360/7748 623/7749
f 1342/7750 1355/7751 1360/7752
f 1355/7753 623/7754 1360/7755
f 623/7756 1355/7757 1361/7758
f 594/7759 722/7760 1396/7761
f 1355/7762 1397/7763 1395/7764
f 1355/7765 1342/7766 1397/7767
f 750/7768 1397/7769 751/7770
f 605/7771 768/7772 1395/7773
f 1398/7774 750/7775 749/7776
f 1398/7777 1397/7778 750/7779
f 1398/7780 1395/7781 1397/7782
f 1395/7783 1398/7784 605/7785
f 1398/7786 749/7787 605/7788
f 662/7789 671/7790 1399/7791
f 768/7792 788/7793 1395/7794
f 1400/7795 620/7796 1386/7797
f 165/7798 1401/7799 740/7800
f 723/7801 677/7802 1402/7803
f 787/7804 721/7805 585/7806
f 1334/7807 1290/7808 1377/7809
f 621/7810 620/7811 1400/7812
f 621/7813 1400/7814 1396/7815
f 606/7816 722/7817 594/7818
f 1405/7819 1404/7820 1403/7821
f 1385/7822 604/7823 603/7824
f 1400/7825 1386/7826 1406/7827
f 1302/7828 585/7829 721/7830
f 1302/7831 721/7832 722/7833
f 1343/7834 804/7835 1356/7836
f 1386/7837 1407/7838 1406/7839
f 1408/7840 1409/7841 47/7842
f 1396/7843 1400/7844 1410/7845
f 604/7846 720/7847 768/7848
f 720/7849 620/7850 622/7851
f 604/7852 620/7853 720/7854
f 658/7855 1204/7856 1369/7857
f 1411/7858 1412/7859 1413/7860
f 801/7861 1409/7862 1408/7863
f 1414/7864 683/7865 1402/7866
f 72/7867 74/7868 644/7869
f 722/7870 622/7871 621/7872
f 621/7873 1396/7874 722/7875
f 792/7876 742/7877 658/7878
f 677/7879 670/7880 1415/7881
f 596/7882 1410/7883 1416/7884
f 1401/7885 165/7886 1362/7887
f 791/7888 1349/7889 607/7890
f 724/7891 663/7892 599/7893
f 663/7894 724/7895 718/7896
f 791/7897 1387/7898 1343/7899
f 1405/7900 1403/7901 741/7902
f 1405/7903 741/7904 1417/7905
f 1418/7906 652/7907 1405/7908
f 685/7909 659/7910 742/7911
f 1419/7912 687/7913 743/7914
f 674/7915 632/7916 665/7917
f 791/7918 607/7919 793/7920
f 1420/7921 793/7922 607/7923
f 1419/7924 607/7925 594/7926
f 607/7927 1419/7928 1420/7929
f 743/7930 1420/7931 1419/7932
f 793/7933 1420/7934 743/7935
f 792/7936 1387/7937 791/7938
f 598/7939 686/7940 687/7941
f 743/7942 742/7943 793/7944
f 792/7945 1369/7946 1387/7947
f 1369/7948 792/7949 658/7950
f 733/7951 659/7952 1421/7953
f 657/7954 733/7955 626/7956
f 627/7957 657/7958 626/7959
f 626/7960 679/7961 628/7962
f 1422/7963 626/7964 733/7965
f 1423/7966 761/7967 727/7968
f 636/7969 1290/7970 633/7971
f 1382/7972 1424/7973 1298/7974
f 761/7975 1423/7976 1383/7977
f 1298/7978 1425/7979 735/7980
f 1298/7981 1424/7982 1425/7983
f 659/7984 685/7985 1421/7986
f 1423/7987 1315/7988 680/7989
f 1391/7990 1390/7991 579/7992
f 579/7993 1390/7994 1314/7995
f 1389/7996 1346/7997 1391/7998
f 1345/7999 1346/8000 1389/8001
f 1368/8002 1346/8003 1325/8004
f 1426/8005 1379/8006 1368/8007
f 628/8008 1393/8009 1379/8010
f 1426/8011 1369/8012 1204/8013
f 1368/8014 1369/8015 1426/8016
f 1426/8017 627/8018 1379/8019
f 1204/8020 627/8021 1426/8022
f 1396/8023 1410/8024 596/8025
f 663/8026 670/8027 671/8028
f 1427/8029 1428/8030 1429/8031
f 1409/8032 801/8033 1388/8034
f 1404/8035 1405/8036 1322/8037
f 1322/8038 1405/8039 652/8040
f 681/8041 652/8042 651/8043
f 659/8044 658/8045 742/8046
f 1421/8047 685/8048 686/8049
f 1389/8050 1370/8051 1345/8052
f 535/8053 801/8054 1408/8055
f 686/8056 311/8057 1421/8058
f 598/8059 311/8060 686/8061
f 643/8062 45/8063 644/8064
f 674/8065 665/8066 1430/8067
f 313/8068 1365/8069 1431/8070
f 664/8071 1432/8072 665/8073
f 47/8074 1409/8075 601/8076
f 1378/8077 1434/8078 1433/8079
f 1435/8080 534/8081 1383/8082
f 1435/8083 1383/8084 1423/8085
f 727/8086 1315/8087 1423/8088
f 1435/8089 1423/8090 680/8091
f 534/8092 536/8093 1383/8094
f 728/8095 753/8096 729/8097
f 672/8098 728/8099 679/8100
f 728/8101 672/8102 753/8103
f 656/8104 717/8105 572/8106
f 1392/8107 1315/8108 1314/8109
f 1392/8110 680/8111 1315/8112
f 636/8113 1381/8114 1377/8115
f 761/8116 1334/8117 1377/8118
f 1437/8119 1436/8120 1428/8121
f 1422/8122 672/8123 626/8124
f 1435/8125 728/8126 534/8127
f 680/8128 728/8129 1435/8130
f 1377/8131 1381/8132 725/8133
f 1377/8134 725/8135 761/8136
f 1438/8137 1403/8138 1429/8139
f 149/8140 1439/8141 70/8142
f 535/8143 1382/8144 536/8145
f 312/8146 672/8147 1422/8148
f 729/8149 801/8150 534/8151
f 535/8152 1440/8153 1424/8154
f 535/8155 1424/8156 1382/8157
f 610/8158 87/8159 101/8160
f 734/8161 56/8162 101/8163
f 1441/8164 56/8165 734/8166
f 1441/8167 734/8168 735/8169
f 642/8170 1441/8171 1442/8172
f 642/8173 56/8174 1441/8175
f 47/8176 642/8177 1442/8178
f 47/8179 1442/8180 1408/8181
f 1408/8182 1442/8183 1440/8184
f 535/8185 1408/8186 1440/8187
f 679/8188 728/8189 680/8190
f 313/8191 1413/8192 1412/8193
f 1431/8194 1413/8195 313/8196
f 601/8197 644/8198 45/8199
f 72/8200 644/8201 601/8202
f 1440/8203 1442/8204 1425/8205
f 1425/8206 1424/8207 1440/8208
f 1425/8209 1442/8210 1441/8211
f 1425/8212 1441/8213 735/8214
f 58/8215 643/8216 149/8217
f 673/8218 312/8219 1412/8220
f 741/8221 1403/8222 1438/8223
f 1443/8224 25/8225 24/8226
f 1399/8227 671/8228 669/8229
f 362/8230 23/8231 25/8232
f 539/8233 654/8234 653/8235
f 1418/8236 573/8237 652/8238
f 711/8239 651/8240 24/8241
f 573/8242 24/8243 651/8244
f 1429/8245 148/8246 150/8247
f 596/8248 1416/8249 1444/8250
f 1418/8251 1445/8252 573/8253
f 656/8254 654/8255 717/8256
f 1417/8257 741/8258 1235/8259
f 631/8260 1235/8261 741/8262
f 148/8263 1446/8264 1439/8265
f 656/8266 572/8267 1445/8268
f 656/8269 653/8270 655/8271
f 24/8272 572/8273 1443/8274
f 539/8275 653/8276 1447/8277
f 1448/8278 739/8279 738/8280
f 656/8281 738/8282 653/8283
f 1448/8284 738/8285 656/8286
f 653/8287 738/8288 1447/8289
f 1445/8290 1448/8291 656/8292
f 1445/8293 1418/8294 1448/8295
f 1448/8296 1418/8297 1235/8298
f 1235/8299 739/8300 1448/8301
f 1417/8302 1418/8303 1405/8304
f 1235/8305 1418/8306 1417/8307
f 654/8308 362/8309 25/8310
f 717/8311 25/8312 1443/8313
f 1443/8314 572/8315 717/8316
f 1445/8317 572/8318 573/8319
f 321/8320 71/8321 70/8322
f 58/8323 149/8324 70/8325
f 149/8326 643/8327 74/8328
f 1438/8329 1429/8330 1428/8331
f 71/8332 41/8333 57/8334
f 1404/8335 1449/8336 1403/8337
f 1450/8338 284/8339 282/8340
f 1322/8341 284/8342 1450/8343
f 321/8344 70/8345 1451/8346
f 321/8347 1451/8348 282/8349
f 1446/8350 1450/8351 1451/8352
f 282/8353 1451/8354 1450/8355
f 1446/8356 1322/8357 1450/8358
f 1322/8359 1446/8360 1404/8361
f 1429/8362 1449/8363 148/8364
f 1407/8365 1385/8366 1452/8367
f 1386/8368 1385/8369 1407/8370
f 1439/8371 149/8372 148/8373
f 1446/8374 1449/8375 1404/8376
f 1434/8377 1453/8378 682/8379
f 71/8380 321/8381 641/8382
f 71/8383 641/8384 41/8385
f 70/8386 1439/8387 1451/8388
f 1451/8389 1439/8390 1446/8391
f 148/8392 1449/8393 1446/8394
f 1409/8395 1388/8396 72/8397
f 673/8398 1454/8399 72/8400
f 72/8401 1388/8402 673/8403
f 1436/8404 1432/8405 664/8406
f 739/8407 166/8408 165/8409
f 165/8410 740/8411 739/8412
f 1428/8413 1455/8414 1437/8415
f 1427/8416 73/8417 1454/8418
f 1427/8419 1454/8420 1455/8421
f 1428/8422 1427/8423 1455/8424
f 662/8425 674/8426 599/8427
f 1438/8428 1436/8429 664/8430
f 664/8431 741/8432 1438/8433
f 1428/8434 1436/8435 1438/8436
f 1407/8437 1452/8438 1414/8439
f 631/8440 166/8441 739/8442
f 632/8443 167/8444 166/8445
f 674/8446 1456/8447 599/8448
f 662/8449 167/8450 632/8451
f 1399/8452 167/8453 662/8454
f 1412/8455 1411/8456 673/8457
f 1456/8458 1431/8459 1365/8460
f 597/8461 1394/8462 718/8463
f 662/8464 663/8465 671/8466
f 311/8467 1365/8468 313/8469
f 1412/8470 312/8471 313/8472
f 595/8473 1419/8474 594/8475
f 1362/8476 167/8477 1399/8478
f 1454/8479 1411/8480 1413/8481
f 1413/8482 1455/8483 1454/8484
f 1430/8485 1432/8486 1437/8487
f 597/8488 596/8489 1444/8490
f 595/8491 596/8492 597/8493
f 687/8494 1419/8495 595/8496
f 673/8497 1411/8498 1454/8499
f 595/8500 597/8501 598/8502
f 753/8503 1388/8504 729/8505
f 673/8506 1388/8507 753/8508
f 72/8509 1454/8510 73/8511
f 1436/8512 1437/8513 1432/8514
f 1431/8515 1430/8516 1437/8517
f 1456/8518 1430/8519 1431/8520
f 595/8521 598/8522 687/8523
f 311/8524 312/8525 1421/8526
f 1430/8527 1456/8528 674/8529
f 1421/8530 312/8531 1422/8532
f 1399/8533 669/8534 1362/8535
f 594/8536 1396/8537 596/8538
f 670/8539 676/8540 669/8541
f 1394/8542 1416/8543 1410/8544
f 1444/8545 1416/8546 1394/8547
f 1394/8548 597/8549 1444/8550
f 1456/8551 1365/8552 599/8553
f 1421/8554 1422/8555 733/8556
f 677/8557 1415/8558 1457/8559
f 1430/8560 665/8561 1432/8562
f 150/8563 1427/8564 1429/8565
f 73/8566 1427/8567 150/8568
f 73/8569 150/8570 74/8571
f 72/8572 601/8573 1409/8574
f 1449/8575 1429/8576 1403/8577
f 1365/8578 311/8579 598/8580
f 1431/8581 1437/8582 1413/8583
f 1455/8584 1413/8585 1437/8586
f 1394/8587 1415/8588 670/8589
f 1394/8590 1410/8591 1415/8592
f 683/8593 682/8594 1453/8595
f 1410/8596 1400/8597 1406/8598
f 1457/8599 1402/8600 677/8601
f 1414/8602 1402/8603 1457/8604
f 1414/8605 1457/8606 1407/8607
f 1407/8608 1457/8609 1406/8610
f 1406/8611 1457/8612 1415/8613
f 1406/8614 1415/8615 1410/8616
f 1397/8617 786/8618 539/8619
f 603/8620 751/8621 1452/8622
f 603/8623 1452/8624 1385/8625
f 1414/8626 684/8627 683/8628
f 684/8629 1414/8630 1452/8631
f 1434/8632 539/8633 1447/8634
f 1453/8635 1434/8636 1378/8637
f 1453/8638 1378/8639 723/8640
f 740/8641 1447/8642 738/8643
f 1401/8644 1433/8645 740/8646
f 740/8647 1433/8648 1447/8649
f 669/8650 723/8651 1378/8652
f 1401/8653 1362/8654 1378/8655
f 1378/8656 1433/8657 1401/8658
f 683/8659 1453/8660 723/8661
f 1452/8662 751/8663 684/8664
f 1402/8665 683/8666 723/8667
f 1447/8668 1433/8669 1434/8670
f 684/8671 1434/8672 682/8673
f 751/8674 1434/8675 684/8676
f 539/8677 1434/8678 1397/8679
f 1397/8680 1434/8681 751/8682
f 553/8683 786/8684 1397/8685
f 832/8686 553/8687 1397/8688
f 980/8689 832/8690 1397/8691
f 1458/8692 976/8693 471/8694
f 472/8695 1244/8696 452/8697
f 472/8698 452/8699 1260/8700
f 1002/8701 209/8702 1004/8703
f 471/8704 472/8705 1260/8706
f 980/8707 1397/8708 1342/8709
f 471/8710 1260/8711 446/8712
f 471/8713 446/8714 1010/8715
f 471/8716 1010/8717 1002/8718
f 1003/8719 980/8720 1342/8721
f 1003/8722 1342/8723 191/8724
f 1003/8725 191/8726 1458/8727
f 1004/8728 1003/8729 1458/8730
f 1004/8731 1458/8732 471/8733
f 1002/8734 1004/8735 471/8736
