# 3D point list with one line of data per point:
#   POINT3D_ID, X, Y, Z, R, G, B, ERROR, TRACK[] as (IMAGE_ID, POINT2D_IDX)
# Number of points: 2354, mean track length: 11.091758708581139
1 0.97609865537157292 -6.1576644688513849 10.90957784117071 238 170 169 0.95891450396083755 4 650 15 13 6 670 2 424 3 437 22 7
3 1.4173579156474594 -5.820744615010411 11.038522089095155 255 190 181 2.0341984069787449 4 532 15 27 6 540 16 302 6 51 9 52 5 284 5 473 11 346 10 452 7 405 12 36 14 38 13 44 1 346 20 23 18 22 21 20 22 13 29 27 25 24 17 27 17 222 24 28 44 138 44 212
4 1.7900190280311241 -5.8142834756038351 11.211324794127275 217 160 101 0.7027929812486724 4 537 15 31 6 676 9 297 5 630 11 496 10 565 19 35 19 305 3 343
5 -0.16352774360054148 -5.6733102951836702 11.131179274313078 195 178 118 0.33371836233123908 4 330 15 33 8 45 10 49
6 -0.1414206317909093 -5.5813423786731695 11.072110063720642 183 62 14 0.82325891037724686 4 50 15 38 9 62 8 49 10 53 7 249 12 287 14 288 13 54 1 24 2 195 3 24 23 32 20 32 18 33 21 25 22 22 29 32 25 193 17 38 24 35 44 28 28 18 30 10 46 17 45 11 47 11 48 11 34 262
12 0.6351226123065975 -5.4989609466938179 11.110242885999229 219 168 118 0.30905039893118103 4 347 15 47 6 366 16 317 9 314 8 321 5 306 11 204 10 68 7 260 12 55 14 298 13 295 19 319 1 32 2 210 3 222 23 180 20 216 18 214 21 187 22 190 29 187 25 204 17 46 24 46 44 227 26 227
13 0.63598727304980096 -5.5036046600786666 11.116903265116212 219 168 118 0.21628396021885407 4 346 15 48 6 365 9 313 8 320 10 67 7 259 12 56 14 299 13 294 19 320 1 31 2 209 3 221 23 181 20 217 18 215 21 188 22 191 29 188 25 205 17 47 24 47
14 0.69016904967520443 -5.4823351797319546 11.0963604064129 186 70 18 0.16106740413873355 4 68 15 49 16 72 8 68 5 75 10 72 7 54 12 60 14 59 13 65 1 38 2 29 3 34 23 37 20 40 18 40 21 37 22 30 29 42 25 39 17 51 24 48
15 0.69016904967520443 -5.4823351797319546 11.0963604064129 186 70 18 0.16106740413873355 4 69 15 50 16 73 8 69 5 76 10 73 7 55 12 59 14 60 13 66 1 39 2 30 3 35 23 38 20 41 18 41 21 38 22 31 29 43 25 40 17 52 24 49
17 0.30704156535583044 -5.4233156751138427 11.09407759433865 172 58 9 1.0988745220524621 4 76 15 56 6 75 16 322 9 76 8 74 5 311 7 61 12 67 19 66 38 207
19 -0.15840058967773726 -5.4359186449165735 11.299054759211915 176 53 8 0.7012660353129343 4 355 15 61 6 77 16 82 9 85 8 332 5 86 11 42 19 74 3 615 18 50
23 1.066557164674105 -5.2644964327596897 11.12177068581363 158 57 7 0.73454450368454893 4 97 15 68 6 87 8 97 5 96 11 52 10 91 7 74 14 73 13 80 1 55 2 45 3 46 23 48 18 58 21 46 29 208 25 55
25 -0.30344088054695034 -5.3668089721766181 11.349104794587449 184 55 3 0.5402137242988535 4 99 15 73 6 88 16 514 9 333 8 342 5 498 11 371 10 317 7 273 12 317 19 338 1 233 3 49 18 243
26 0.72937130991308108 -5.1563458541091629 11.269065959717231 161 51 1 0.76358395359643183 4 558 15 76 6 568 16 523 9 512 8 510 5 507 11 382 10 477 7 439 12 451 19 495 23 325 21 321 22 326 29 58 29 341 28 317 34 273 10 322 33 150
27 -0.258908933882465 -5.1981710911151557 11.343762784790046 158 65 15 0.64948988682653885 4 107 15 78 6 97 16 102 9 103 8 102 10 98 7 277 12 84 14 84 13 90 1 59 3 53 23 53 20 51 18 61 21 49 22 48 29 60 25 60 17 74 26 66 37 59 38 60 41 44 39 48 28 49 32 38 34 37 46 41 45 37 47 40 48 37
29 -0.1641854333463458 -5.2000273710635696 11.356445986113748 172 57 7 0.54271140850577315 4 371 15 80 8 350 10 320 14 324 13 320 20 53 17 258 44 51 26 247 39 169 30 30 40 33
30 -0.46920100877123844 -5.2233699273932466 11.429790866987711 168 65 13 0.39036881298812842 4 376 15 82 6 394 16 351 9 340 8 352 5 337 11 60 10 324 7 281 12 319 14 326 13 322 19 94 1 237 2 237 3 245 23 207 20 243 18 62 21 210 22 219 29 216 25 234 17 76 24 201 35 40 28 50
33 1.5388808019178268 -5.1234937643572271 11.286934809754126 246 207 168 0.40358593906154805 4 669 15 86 6 689 16 525 9 516 8 513 5 755 10 576 7 443 12 455 14 456 13 437 19 619 1 462 2 444 3 454 29 451
34 2.8797882121478451 -5.0405637599104232 11.321341798915395 141 58 7 0.58127443301105919 4 128 15 88 6 123 16 120 9 116 11 81 10 117 7 105 12 98 14 95 13 99 19 100 1 72 2 61 3 69 23 57 20 60 21 53 29 63 25 64 41 55 39 60 32 388 34 417 46 60 45 66 47 63 48 65
36 2.7844863522834911 -5.0026111009011851 11.350770038826553 180 142 87 0.35045987816419866 4 395 15 93 6 128 8 366 5 356 10 123 10 340 7 296 12 102 14 99 13 106 19 106 1 252 2 65 3 258 23 63 20 65 18 75 21 58 29 221 25 71 17 85 24 61 26 65 37 200 38 224 41 187 39 181 34 29
39 -0.82297674915210284 -5.1128384656255221 11.48896097023886 255 208 186 0.32304926086928587 4 388 15 97 6 406 16 115 9 117 8 122 5 352 11 241 10 332 7 289 12 99 14 101 13 103 19 110 1 244 2 241 3 252
41 0.29314563223809037 -4.9856930232577552 11.306631704706152 173 55 2 0.57092256596619917 4 391 15 99 6 121 16 124 9 347 8 363 5 355 10 334 12 330 14 338 13 330 19 111 1 247 2 243 3 254 23 214 20 253 18 255 21 222 22 229 29 228 25 247 17 91 24 210 37 196 38 218 41 184 39 178 28 58 32 253 47 50 48 51
47 2.1532765653879435 -4.7891755633250295 11.284626545714367 179 138 86 0.28641779750830654 4 411 15 109 6 423 16 374 9 363 8 381 5 371 11 257 10 352 7 315 12 340 14 345 13 338 19 120 1 263 2 253 3 266 23 223 20 259 18 93 21 230 22 234 29 234 25 253 17 101 24 72 26 100 37 204 38 230 41 192 39 189 28 57 32 39 34 36 46 266 45 258 47 245 48 249 40 254
48 2.1510930835343283 -4.7835691331839882 11.272413050749158 179 138 86 0.1693663459797605 4 412 15 110 6 424 8 382 10 353 7 316 1 264 2 254 3 267 18 94 26 101
49 0.61857607492457378 -4.8314213824110306 11.34511035519135 167 56 3 0.34625000109459958 4 408 15 111 6 420 16 370 9 361 8 378 5 367 11 250 10 347 7 312 12 128 14 126 13 126 19 124 1 261 2 80 3 91 23 86 20 95 18 97 21 79 22 71 29 95 25 91 17 109 24 79 37 71 38 82 41 61 39 70
52 -0.65324250842174847 -4.8817018458232395 11.442188928621569 180 57 8 0.72480257381901558 4 407 15 115 6 418 16 369 9 359 8 371 5 362 11 246 10 345 7 301 12 341 14 123 13 339 19 127 1 259 2 250 3 263 23 229 20 97 18 99 22 75 29 238 25 258 17 113 24 83 28 72 34 51 46 49 45 47 47 236 48 238
53 -0.22022434872349222 -4.9042466916021734 11.513499560354312 179 56 7 0.40311289294312336 4 144 15 116 9 144 8 373 10 349 7 309 14 125 2 252 3 265 23 228 20 92 18 101 21 81 25 95 17 115 44 64 28 71 34 49
54 -0.49187871467443028 -4.9058016390656531 11.513428812921553 162 63 15 0.3918947058475919 4 140 15 117 6 140 16 139 9 141 11 93 10 138 12 133 13 130 19 128 1 90 2 78 3 86 20 99 21 84 22 77 25 97 24 85
55 -0.49169890409645062 -4.9040185931802469 11.510457153194388 162 63 15 0.55893389157165474 4 141 15 118 6 141 16 140 9 142 8 372 5 365 11 94 10 139 7 308 12 134 13 131 19 129 1 91 2 79 3 87 20 100 21 85 22 78 25 98 24 86 44 62 26 120 32 407 34 606
58 2.669142427298739 -4.7509385878943267 11.506058972314811 166 64 18 0.18240881535858433 4 151 15 123 10 150 20 101 39 85
61 0.026740750745168001 -4.709737973125951 11.572615895739402 199 150 98 0.3624788920108053 4 424 15 126 16 383 5 379 11 263 7 322 14 134 13 136 19 135 20 105 18 106 21 87 22 84 25 106 17 120 39 75 34 59
62 0.026895286501933031 -4.7094707787993917 11.572545085329427 199 150 98 0.3619577676287461 4 425 15 127 16 384 9 150 5 380 11 264 7 323 14 135 13 137 19 136 20 106 18 107 21 88 22 85 25 107 17 121 39 76 34 60
63 0.46478263961435679 -4.6306816913393574 11.48433996647193 201 155 102 0.23588195169734513 4 155 15 130 6 435 5 383 11 265 13 142 19 137
64 0.46904811439012306 -4.6458729538565233 11.526009840687481 201 155 102 0.64034212509508492 4 156 15 131 6 436 5 384 11 266 13 143 19 138 28 337
65 2.4783992713609879 -4.5832965083632757 11.570084968071329 198 153 98 0.42549489994813461 4 163 15 132 9 156 11 111 10 160 12 149 14 142 19 139 1 106 2 94 2 282 3 287 23 96 18 110 21 93 22 89 29 107 25 112 17 125 44 72 37 101 38 242 41 86 39 92 28 77
66 2.1681159736711142 -4.5308160734745861 11.476699553800334 161 129 74 0.45427658245016228 4 440 15 135 6 444 16 393 9 380 8 407 5 387 11 272 10 378 7 338 12 154 19 141 1 286 2 281 3 289 18 111 37 222 38 244 41 209 39 200 28 333 32 262 34 294 46 277 45 270 47 258 48 262 40 261
68 -0.27037156039360216 -4.554880262272512 11.655809536443389 195 162 103 0.23287919969173165 4 444 15 143 16 394 9 384 8 411 5 389 11 273 10 382 7 341 12 364 14 150 13 359 19 145 1 289 2 285 3 293 23 100 20 119 18 118 21 98 22 97 29 260 25 119 17 133 24 100 28 87 32 69 34 69
70 2.6095138594923917 -4.273253658481809 11.706178996687468 194 131 45 0.57878065483957919 4 448 15 145 6 599 16 397 9 387 5 536 10 166 14 154 13 149 19 150 37 105 35 158
73 0.007308884348530771 -3.7805495149294317 12.00723742555388 214 133 104 0.22285349919042474 4 186 15 153 6 190 16 171 9 178 8 187 5 173 10 172 7 148 12 164 14 160 13 157 19 169 1 116 2 104 3 110 23 110 20 123 22 103 29 112 25 131 26 135
74 -0.68543443531772164 -3.8013223362963555 12.261204812214142 95 0 0 0.33829841474073413 4 454 15 155 6 194 16 175 9 184 8 191 5 179 11 125 10 387 7 350 12 167 14 164 13 160 19 174 1 294 2 290 3 295 23 112 20 126 18 125 21 110 22 106 29 115 25 133 17 143 24 106 44 83 37 112 38 119 41 96 39 101
75 0.30440846869432908 -3.5181708244166017 12.067745800894819 139 32 4 0.78974617032708239 4 458 15 160 6 457 16 180 16 408 12 175 14 173 13 169 19 178 2 291 3 117 23 116 20 129 17 148 24 109 44 86 26 497 38 125 39 109
76 1.3934964016364753 -3.2887106237835075 11.915769023655562 199 154 111 1.5701403960281093 4 200 15 163 26 142
79 0.41401541869846176 -2.8222035505085183 12.511535623446386 206 148 67 0.6333589198950923 4 479 15 180 6 476 16 424 9 218 8 232 5 413 11 148 7 177 14 196 19 208 2 125 20 150 44 92
81 0.99784564855464597 -2.4819963420572324 12.669258609604551 203 152 107 0.27479980425739708 4 614 15 188 6 630 16 432 9 578 5 573 11 436 14 396 19 409
83 0.99175941816412139 -2.3887317265198553 12.710237913443782 175 137 75 0.7242963214481879 4 620 15 191 6 484 9 432 8 240 5 576 11 439 10 407 7 364 14 204 13 390 19 222 2 395 3 313 23 137 20 162 18 314 22 137 29 291 17 174 24 135 26 300 38 146 39 128 32 447 28 533
85 0.14515835427255311 -2.1887722677392123 13.068345019194448 200 163 105 0.85939803284379512 4 496 15 196 6 489 16 441 9 435 8 448 4 242 11 155 10 414 7 374 5 431 14 210 19 227 19 231 1 316 2 309 3 317 23 140 20 170 18 159 21 140 29 298 17 179 24 140 37 139 41 133
87 2.2084608505321408 -1.7243433061170284 13.202540007225208 166 118 55 1.8108648093781121 4 504 15 203 6 269 4 253 16 241 16 242 9 239 8 256 10 226 10 420 7 195 14 222 13 221 13 222 6 501 1 158 2 315 3 321 23 142 21 141 22 144 29 146 25 170 17 187 37 147 38 166 41 139 39 136
88 -0.41845791745544519 -0.95991083938553101 14.20121841112209 209 147 133 0.42644617855929789 4 638 15 218 6 515 16 459 9 459 8 462 5 448 11 322 7 386 12 413 14 419 13 404 1 330 3 333 44 112 26 320
89 -0.30684507764991326 -0.91639099833897231 14.118324465924271 181 124 108 0.30183490668627794 4 510 15 219 6 517 16 460 9 460 8 463 5 449 11 469 10 432 7 388 12 414 14 242 13 237 1 333 2 326 3 427 23 147 20 188 18 182 22 160 29 158 17 201 24 155 44 372 26 322 38 177
91 -0.31155643633786573 -5.6536553550913435 11.169590480561398 180 69 25 0.69113704840637358 4 333 15 244 6 546 16 309 9 300 8 309 5 481 11 356 10 280 7 242 12 282 14 284 13 279 19 313 1 196 2 338 3 345 23 169 20 205 18 201 21 175 22 180 29 175 25 190 17 227 24 173 26 220 28 301 30 9 34 19 32 233
93 0.24067378678984841 -5.6005832697063722 11.099620231137838 196 69 18 0.70549442906306459 4 539 15 246 6 548 16 626 15 486 9 491 8 605 5 483 11 360 10 459 7 416 12 527 14 535 13 413 19 472 1 350 2 193 3 206 3 551 23 309 23 395 20 207 18 203 18 426 21 176 22 391 29 328 24 401 44 302 28 300 32 228 34 407
95 -0.067774977946984685 -5.6146390416524126 11.155798880814126 200 169 106 0.13642418966235123 4 337 15 251 6 352 16 313 9 307 8 487 5 301 11 357 10 283 7 417 12 288 14 292 13 286 1 201 2 198 3 208 23 174 20 211 18 207 21 182 22 185 29 181 25 197 17 234 24 177 35 16
98 0.74487239918410908 -5.476556675986922 11.084857191606364 206 161 102 0.24965307558474245 4 348 15 257 6 367 16 319 9 315 8 322 5 307 11 206 10 294 12 296 14 300 13 296 1 210 2 211 3 223 23 182 18 216 21 189 22 192 29 189 25 206 26 44
99 0.74474969139467551 -5.480344556170472 11.090105408499053 206 161 102 0.21100130983659218 4 349 15 258 6 368 16 320 9 316 8 323 5 308 11 207 10 295 12 297 14 301 13 297 19 321 1 211 2 212 3 224 23 183 20 218 18 217 21 190 22 193 29 190 25 207 17 240 24 183 44 228
103 0.80149731832761262 -5.4354527702555346 11.157280626422448 193 62 13 0.79663584867461112 4 353 15 263 9 501 8 500 10 470 7 428 12 445 14 305 1 358 2 346 3 352 20 223 18 222 21 195 22 198 29 336 25 346 17 245 24 189 26 233 38 43 35 36 32 235 34 263 30 255 46 35 45 236 47 226 48 225 40 27 33 15
104 0.63669939820249044 -5.3697497261687666 11.182614068954615 210 161 105 0.56068504134101604 4 356 15 268 6 375 16 333 9 323 8 333 5 320 11 214 10 304 7 265 12 306 14 314 13 304 19 75 1 219 2 220 3 229 23 191 20 229 18 227 21 197 22 206 29 202 25 218 17 248 24 191 28 33 32 19 17 58 20 44 21 40 34 26
105 0.63629320378986121 -5.3678130958757135 11.179874490947158 210 161 105 0.56862692069228593 4 357 15 269 6 376 16 334 9 324 8 334 5 321 11 215 10 305 7 266 12 307 14 315 13 305 19 76 1 220 2 221 3 230 23 192 20 230 18 228 21 198 22 207 29 203 25 219 17 59 17 249 21 39 20 43 24 192 28 34 32 20 34 27 17 68
106 0.74055022907184376 -5.3299967789997034 11.109642717040616 205 160 101 0.28000875203430031 4 358 15 270 6 377 16 335 9 325 8 335 5 322 11 216 10 306 7 267 12 308 14 312 13 306 19 79 1 222 2 222 3 231 23 196 20 232 18 229 21 199 22 208 29 204 25 220 17 250 24 193 37 51 38 53 39 38
107 0.74055022907184376 -5.3299967789997034 11.109642717040616 205 160 101 0.28000875203430031 4 359 15 271 6 378 16 336 9 326 8 336 5 323 11 217 10 307 7 268 12 309 14 313 13 307 19 80 1 223 2 223 3 232 23 197 20 233 18 230 21 200 22 209 29 205 25 221 17 251 24 194 37 52 38 52 39 39
109 0.91320223107831988 -5.3073027577588672 11.119356699795704 177 64 10 0.41173217372335835 4 361 15 274 6 379 16 338 9 328 8 340 5 324 11 218 10 309 7 270 13 309 19 82 1 226 2 225 3 234 18 235
111 0.45045323815637639 -5.2850653020083556 11.171479546176501 168 60 11 0.45407138360647747 4 364 15 277 6 383 16 340 9 334 8 343 10 311 7 274 12 312 14 321 13 315 1 231 2 230 3 239 23 202 20 237 18 240 29 211 25 228 17 72 24 54 37 54 39 165 28 38 32 29
112 0.44909660657985073 -5.2825238955168317 11.165073013288517 168 60 11 0.45826504208208363 4 365 15 278 6 384 16 341 9 335 8 344 5 326 11 222 10 312 7 275 12 313 14 322 13 316 19 334 1 232 2 231 3 240 23 203 20 238 18 241 21 207 22 216 29 212 25 229 17 73 24 55 26 56 37 55 38 55 41 38 39 166 32 30
113 0.58420338879473743 -5.2977334624454908 11.19199087213674 185 61 9 0.66635977389048739 4 366 15 279 9 330 8 501 10 313 7 271 12 314 14 318 13 311 1 227 2 232 3 235 23 204 20 239 18 236 21 208 22 213 29 213 25 230 17 255 24 198 44 153 26 241 35 41 28 314 32 28 34 270 33 24
114 0.57753557240154174 -5.2861855341785322 11.152960033199191 185 61 9 0.40676971455263872 4 367 15 280 6 380 16 342 9 331 5 325 11 221 10 314 7 272 13 312 19 335 1 228 2 233 3 236 18 237 37 185
117 0.72013804260122316 -5.1406910311126683 11.239808304397382 186 57 2 0.71482492192804159 4 559 15 283 6 569 16 524 9 513 8 511 5 508 11 383 10 323 10 478 7 440 12 452 19 496 23 326 21 322 22 327 29 342 26 361 35 140 28 318 34 274 30 259 33 149
123 -0.46540665044667767 -5.134011832652253 11.508934549919065 181 64 11 1.0456078263030884 4 387 15 291 7 287 12 325 14 333 13 327 1 243 3 67 23 212 20 251 18 252 21 220 22 226 29 225 25 242 24 208 26 257 37 61 41 46 30 41
124 1.708688707647728 -4.9571034484722718 11.174915351294695 242 203 157 0.72326464601393703 4 390 15 292 6 573 16 645 9 121 5 511 10 115 14 98 19 353 20 69 22 55 17 84 26 367
125 2.7973068879635239 -4.9039205635857872 11.42818304829845 184 151 94 0.30174029627794569 4 410 15 295 6 425 16 366 9 350 8 380 5 369 11 255 10 350 7 307 12 334 14 343 13 334 19 359 1 265 2 255 3 268 23 218 20 255 18 256 21 225 22 230 29 229 25 248 17 268 24 212 26 256 37 203 38 229 41 191 39 188 28 322 30 273 47 247 48 251
126 1.9163644577764729 -4.8074113449317597 11.213499517490344 158 53 9 0.21414231034482109 4 401 15 296 6 580 9 353 8 376 5 516 10 342 19 362 18 259 39 187
127 2.562586025364475 -4.8485073863793398 11.378882461165187 147 54 5 0.63526692493238646 4 413 15 297 6 582 16 534 9 358 8 521 5 518 11 256 10 354 7 451 12 335 14 344 13 337 19 360 1 371 2 357 3 370 23 220 20 257 18 258 21 227 22 232 29 232 25 365 17 269 24 213 26 258 37 281 38 314 41 264 39 267 28 326 32 397 34 275
128 0.76236829145676788 -4.8281189143140875 11.314058270216519 172 60 7 0.52166114657042395 4 402 15 298 6 414 16 372 9 356 8 374 5 360 11 252 10 343 7 305 12 338 14 121 13 335 19 122 1 257 2 248 3 261 23 82 23 224 20 90 18 262 21 231 22 237 29 91 25 254 17 104 24 75 26 111 44 168 37 75 39 182
129 0.76255207609402298 -4.8285411146230075 11.314792688968286 172 60 7 0.52908272137200774 4 403 15 299 6 415 16 373 9 357 8 375 5 361 11 253 10 344 7 306 12 339 14 122 13 336 19 123 1 258 2 249 3 262 23 83 23 225 20 91 18 263 21 232 22 238 29 92 25 255 17 105 24 76 26 112 37 76 39 183
130 0.47659603709194526 -4.8513857789135395 11.353961672286207 163 56 6 0.95229432780369094 4 405 15 300 6 416 16 367 9 354 5 363 11 247 7 303 12 336 14 119 13 122 19 118 1 83 1 255 2 74 3 79 3 84 23 226 20 87 20 260 18 91 18 260 21 77 22 69 22 235 29 89 25 256 17 102 26 115 44 167 38 80 38 219 41 59 39 65 35 52
132 0.31282620949615314 -4.8558039412799081 11.391366850240638 171 50 2 0.60056934087840053 4 567 15 302 6 419 16 533 9 360 8 377 5 517 11 393 10 346 7 310 12 126 13 124 19 363 1 92 3 82 3 465 23 84 20 93 18 96 29 93 17 107 24 77 38 78 41 57 35 51 39 63
133 2.2501114500371586 -4.7226853808075955 11.344307151074704 159 135 79 0.69201423001747309 4 414 15 305 6 426 16 376 9 365 8 385 5 374 10 356 7 318 14 346 19 130 1 266 2 256 3 269 20 262 18 266 22 239 25 260 24 214 26 109 37 208 38 234 41 196 30 282 46 269 45 260 47 246 48 253 40 255
134 2.3966150667725894 -4.7095667854311083 11.461481196412889 149 64 22 0.26045115939279989 4 571 15 306 6 590 16 538 9 526 8 524 5 523 11 394 10 488 7 455 12 347 14 348 13 344 19 365 3 374 20 265 18 267 21 234 22 240 25 261 17 270 24 215 26 263
136 2.1687344446120136 -4.6188508178282834 11.416044372305439 162 128 74 0.40186867262466236 4 429 15 308 6 434 16 386 9 372 8 394 5 382 11 267 10 364 7 326 12 355 14 353 13 349 19 134 1 276 2 266 3 277 23 234 20 269 18 269 21 237 22 244 29 245 25 263 17 273 24 216 44 171 26 269 37 215 38 321 41 202 39 196 35 223 28 331 32 52 29 101 34 291 46 275 45 265 47 255 48 258 40 258
137 2.1659142068811952 -4.6145845975174682 11.405690432979489 162 128 74 0.25531867883307008 4 428 15 309 6 433 16 385 9 373 8 393 5 381 11 268 10 365 7 325 12 354 14 352 13 348 19 133 1 275 2 267 3 278 23 233 20 268 18 270 21 236 22 243 29 244 17 274 37 216 38 320 41 201 39 197 28 332 32 53 34 292 46 274 45 264 47 254 48 257 40 257
138 -0.36158819350026811 -4.7163110927493097 11.596215775428412 187 160 99 0.34033613056413736 4 573 15 310 6 592 16 543 9 531 5 526 10 491 7 458 12 350 14 354 19 368 1 374 2 363 3 377 23 236 20 270 18 271 21 238 22 245 29 246 25 264 2 258 17 275 24 217 38 227 35 54
139 -0.36148851057754894 -4.7151923133845219 11.594304629982947 187 160 99 0.35196571336790672 4 574 15 311 6 593 16 544 9 532 5 527 10 492 7 459 12 351 14 355 19 369 1 375 2 259 2 364 3 378 23 237 20 271 18 272 21 239 22 246 29 247 25 265 17 276 24 218 26 272 38 228 35 55
140 -0.072830469612021373 -4.6370427468106579 11.596793545185939 186 158 99 0.42484900262171882 4 575 15 312 8 528 10 493 7 460 14 359 13 353 19 372 1 376 23 243 20 275 18 273 21 246 29 252 17 277 24 221 44 253 26 276 37 207 38 232 41 195 39 192 28 339 32 267 34 301
141 2.25365792842392 -4.5307839947672219 11.513739964488888 152 55 13 0.53287394629350104 4 578 15 315 6 595 16 546 9 536 8 531 5 531 11 398 10 496 7 464 12 471 14 365 13 456 19 370 1 379 2 367 3 381 23 345 20 274 18 277 21 244 22 247 29 365 25 269 17 278 24 225 44 73 26 270 37 289 38 322 41 272 39 276 35 68 28 336 32 263 34 295 46 584 40 262
143 -0.60276156515823831 -4.6397403039376863 11.631812682040497 188 161 100 0.21892713511692516 4 438 15 318 6 441 16 390 9 378 8 401 5 530 11 270 10 375 7 333 12 361 14 363 13 357 19 375 1 282 2 274 3 285 23 246 20 281 18 280 21 252 22 253 29 258 25 277 17 280 24 228 28 344
146 0.015657249209959739 -3.8446112615583701 11.952383185491295 157 33 16 0.4287935771339742 4 586 15 327 6 602 16 402 16 553 9 390 9 547 8 535 11 405 10 502 7 468 12 475 14 369 13 368 19 382 1 384 2 371 3 384 23 250 20 286 18 289 21 257 22 262 29 266 25 282 17 289 24 236 44 258 26 385 37 109 38 116 41 212 39 203
147 -0.062977002923923095 -3.7739475154848714 12.020374014907574 78 1 0 0.22113595142684347 4 590 15 328 6 604 16 558 9 554 8 538 5 540 11 409 10 506 7 471 12 478 14 371 13 465 19 530 1 389 2 375 3 388 23 350 20 287 18 380 21 258 22 263 29 376 25 378 17 290 24 237 26 388 37 230 38 250 41 215 39 206
148 -0.21605546973863213 -3.7660582074850186 12.074319752366639 197 125 86 0.17688954939233642 4 591 15 329 6 607 16 404 9 391 8 415 5 541 11 410 10 386 7 472 12 371 14 372 13 369 19 385 1 390 2 377 3 390 23 251 20 288 18 290 21 259 22 264 29 267 25 283 17 291 24 238 44 260 26 285 37 114 38 121 41 99 39 102
149 2.4246436940674623 -3.5671057627875569 12.071006328708384 178 60 0 1.1040918452008712 4 455 15 330 6 609 16 405 8 417 5 403 5 543 10 389 7 352 12 372 14 373 13 370 19 176 2 380 3 393 23 252 20 289 18 291 21 260 29 268 25 284 24 239 44 262 37 303 38 255 41 221 41 289 19 534 35 170
150 0.60875834037825238 -3.5003457016949424 12.042848731758168 175 99 17 0.25286793627669285 4 594 15 332 6 610 16 563 8 544 5 548 11 416 10 511 7 475 12 482 14 376 19 389 29 269 39 210
151 0.71151940051262541 -3.4388583879455354 12.04371340846801 189 142 44 0.4667923755871432 4 461 15 334 6 613 16 566 9 560 8 423 5 549 11 552 10 395 13 172 19 390 18 293 17 150 38 254
152 -0.82771891546168219 -3.4574544820225732 12.501396017512397 186 112 39 1.1307890986456064 4 600 15 335 6 617 16 572 9 400 8 428 10 519 14 378 19 395 23 258 18 298 21 261 24 114 26 147 37 234 38 253 41 285 39 361 5 188 32 430 34 454
153 -0.66320233910021087 -3.2806019110157401 12.670770203902231 184 89 30 0.88810641908404986 4 707 15 340 6 733 16 675 9 686 8 660 5 687 11 558 10 616 7 356 12 579 14 495 14 592 13 559 19 549 1 497 2 481 3 500 20 387 18 390 21 355 22 357 29 127 29 384 25 296 24 250 44 266 26 584 38 257
155 0.38027744470511016 -2.7352161238804831 12.592483446710153 181 129 68 0.70100913219259053 15 345 16 580 9 573 8 558 6 741 5 567 11 430 7 491 7 602 12 386 14 388 13 380 19 403 2 489 3 510 23 268 20 396 18 308 21 362 29 286 29 394 25 395 17 307 26 411 37 317 38 350 41 299 39 295 35 175
156 -0.070274564708756995 -2.7182689350249079 12.76032367663108 192 110 59 0.29608351758562412 4 611 15 346 6 626 8 560 5 569 11 434 10 529 7 493 12 390 14 389 13 382 19 405 1 403 2 389 3 404 23 270 20 303 18 309 21 270 22 277 29 287 25 303 17 308 24 256 37 243 38 135 41 115 39 216
157 -0.51105106863947103 -2.2048489566319756 13.298900258589088 210 150 97 0.59067773417226965 4 624 15 356 6 642 16 442 9 586 5 582 10 540 7 375 14 403 1 414 2 397 3 412 20 404 21 369 22 371 24 263 37 136 38 149 39 130
158 -0.38471029890122033 -1.1725689043205181 13.925558317332202 198 160 145 1.0767022853548402 4 824 15 361 6 764 16 704 9 718 8 686 5 727 11 596 10 720 7 513 7 630 12 599 14 619 13 582 19 582 19 673 1 426 1 525 2 509 3 534 23 476 20 412 18 326 21 377 21 485 22 287 17 429 24 378 37 333 38 174 38 276 39 228 39 312
160 -0.50587808485009356 -0.93084212157061441 14.380013057461968 233 203 194 1.7080736045885736 4 829 15 363 6 847 8 688 8 689 10 726 13 236 19 269 3 537 20 187 20 320 23 291 18 327 21 286 25 321 29 307 29 157 24 275
162 0.3848448060987536 -0.52122938370059979 14.283517662011008 168 144 138 0.50307918502164617 4 645 15 365 6 666 16 611 9 726 8 586 11 607 7 521 2 420 18 329 17 330 24 280
163 2.6254828421943897 -5.9299436919652218 11.012034410009587 205 71 22 1.4562484195489125 4 322 15 382 6 345 16 485 4 25 9 478 5 29 5 281 11 342 10 37 19 459 2 185
166 0.68704616947703034 -5.4164705039619134 11.114958650365574 192 61 4 0.10453112643407747 4 549 15 395 6 555 9 499 10 468 12 443 14 445 13 420 1 356 2 344 3 350 23 317 20 350 18 351 21 311 22 315 29 334 25 344 17 356
168 0.68330546735647912 -5.2844079716086982 11.152807110631869 190 63 5 0.60316858362268344 4 551 15 400 6 381 16 343 9 505 8 502 5 497 11 223 10 471 7 433 12 446 14 448 13 425 19 336 1 359 2 348 3 356 23 320 20 355 18 355 21 318 22 320 29 337 25 352 17 361 26 355 28 313 32 243 38 210 34 269
169 -0.43504236506899369 -5.2435453037433648 11.280646191656222 179 164 105 1.0346878236760895 4 555 15 403 6 562 9 506 8 503 5 502 11 376 10 473 7 436 14 454 13 433 19 488 1 362 2 349 3 357 23 322 20 357 18 360 21 319 22 322 29 338 25 354 17 366 24 317 26 359 37 269 38 297 41 252 39 255 35 353 45 237 46 240 48 226
170 -0.42751897088547064 -5.2920288508082178 11.387251114703695 179 164 105 0.24466210385803511 4 556 15 404 6 563 9 507 8 504 5 503 11 377 10 474 7 437 13 434 19 489 1 363 2 350 3 358 20 358 18 361 22 323 17 367
171 0.27640894380767206 -5.239087643606581 11.261967263607058 181 161 107 0.45149913989344093 4 553 15 405 6 561 16 519 9 510 8 620 12 450 14 453 13 432 19 485 2 443 23 324 20 356 29 340 25 353 17 364 24 315 44 244 26 357 32 395 34 423
173 2.6149960780651691 -5.0825647962366043 11.255476596246986 156 138 82 0.35927555273841355 4 670 15 407 6 692 16 640 9 646 8 624 5 649 11 515 10 579 7 567 12 540 14 548 13 524 19 497 1 465 2 446 3 457 23 328 20 360 18 363 22 328 29 344 25 441 17 370 24 322 26 356 38 401 41 336 28 479 30 553
174 -0.083895406977550421 -5.1511267324012069 11.341471018518588 185 160 101 0.42777937896619062 4 560 15 408 16 639 5 647 11 513 10 479 7 442 12 454 14 457 13 439 19 498 1 366 23 330 20 363 18 365 22 330 29 346 25 356 17 372 24 324 44 160 26 365 37 192 39 174 35 44 32 247 34 279 30 36 46 248
175 3.1293545141299837 -5.0680918373219264 11.4619135445152 150 128 72 0.74632194396435148 4 674 15 410 6 695 16 646 9 651 8 628 5 654 11 521 10 584 7 571 12 543 14 552 13 526 19 499 1 469 2 450 3 460 23 409 20 445 18 366 18 438 21 414 22 406 29 453 25 444 17 374 24 325 44 320 26 360 37 408 38 470 41 403 39 405 45 610 47 613 48 610 30 678
176 -0.064004374309035855 -5.0634371991015659 11.381650617192285 187 159 103 0.13692788458910141 4 672 15 411 6 693 16 643 9 649 8 625 5 651 11 516 10 580 7 569 12 457 14 460 13 442 19 501 1 466 2 448 3 458 23 333 20 366 18 368 21 328 22 332 29 349 25 358 17 375 24 327 44 318 26 462 37 273 38 305 41 257 39 259
177 -0.064203135369204828 -5.0652194293689101 11.385855209742655 187 159 103 0.20393588034572169 4 673 15 412 6 694 16 644 9 650 8 626 5 652 11 517 10 581 7 570 12 458 14 461 13 443 19 502 1 467 2 449 3 459 23 334 20 367 18 369 21 329 22 333 29 350 25 359 17 376 24 328 44 319 26 463 37 274 38 306 41 258 39 260 32 255 28 483 34 286 30 260
178 -0.54040069551995773 -5.0813116573181345 11.421874322039089 193 164 107 0.70697955579455818 4 562 15 413 6 572 16 527 9 519 8 517 5 510 11 387 10 481 7 448 12 456 14 459 13 441 19 503 1 367 2 354 3 366 23 332 20 368 18 370 21 327 22 334 29 348 25 360 17 377 24 329 26 259 38 216 35 135 28 327 32 258 30 37 34 289
179 0.62016586578093802 -4.9450897549347861 11.323375960740243 182 55 0 0.44371857813638865 4 565 15 416 6 578 16 530 9 520 8 518 5 514 11 391 10 482 7 449 12 460 14 462 13 446 19 505 1 368 2 355 3 367 23 336 20 370 18 372 21 331 22 335 29 352 25 363 17 379 24 332 37 277 38 310 41 261 39 263 32 251 28 59 34 284 33 158
180 0.6189261934693181 -4.939567826271845 11.31139546802085 182 55 0 0.34413045529913971 4 566 15 417 6 579 16 531 9 521 8 519 5 515 11 392 10 483 7 450 12 461 14 463 13 447 19 506 1 369 2 356 3 368 23 337 20 371 18 373 21 332 22 336 29 353 25 364 17 380 24 333 37 278 38 311 41 262 39 264 35 150 26 369 28 60 32 252 34 285
181 -0.058851540337065487 -4.9583010871939983 11.454738841284342 180 159 106 0.2205863215902408 4 676 15 418 6 696 16 648 9 522 5 655 11 522 12 462 14 465 13 449 19 507 23 339 20 372 18 374 21 334 22 337 29 354 25 366 17 381 32 403 28 587 34 433
182 -0.058086055281967051 -4.9534282144471344 11.438001381143174 180 159 106 0.34833127508279693 4 677 15 419 6 697 16 649 9 523 8 631 5 656 11 523 10 585 7 572 12 463 14 466 13 450 19 508 3 461 23 338 20 373 18 375 21 333 22 338 29 355 25 367 17 382 24 334 44 164 37 276 26 371 38 309 41 260 39 262 35 146 32 404 34 434 33 162
184 2.4844717625678885 -4.762114864187974 11.399116866317765 159 140 83 1.4301802006281532 4 772 15 421 6 702 16 653 9 656 5 763 11 635 14 468 23 342 21 337 29 358 25 370 37 359 37 360 32 399 34 428
185 2.0173992278036934 -4.6976703392332064 11.341306249245681 179 155 99 0.67703222211989067 4 568 15 424 6 586 16 537 9 525 8 522 5 522 11 529 10 486 12 346 14 469 13 343 19 514 1 372 3 373 23 343 20 264 20 376 18 377 21 338 22 341 29 359 25 371 26 265 37 287 38 319 41 270 39 273 28 67 34 45 30 281 46 415 45 414 47 416 48 422
186 1.9398024217512386 -4.6296360193264903 11.371968282367968 186 66 24 0.63194233934875632 4 688 15 426 6 710 16 661 9 665 8 646 5 666 11 538 10 596 7 578 12 550 14 470 12 465 13 452 19 516 1 481 2 87 10 152 3 476 23 344 23 417 20 377 18 378 21 339 22 342 29 360 25 372 17 387 24 339 26 372 37 92 41 352 39 274 39 347 28 490 32 402 34 431 30 459 46 416 45 415 47 68 47 417 48 423 40 65 40 418
187 0.64469711436016208 -4.6577896073456406 11.435329985821449 218 122 79 0.40643250942549486 4 569 15 428 6 587 16 541 8 525 5 524 11 534 8 642 10 489 7 456 12 467 14 472 13 453 19 517 2 458 21 341 22 344 29 363 25 374 17 389 24 341 44 332 26 376 37 284 38 317 41 267 39 270 35 217
188 0.027369948277666874 -4.6380867655043314 11.603241541879761 181 160 101 0.36282279420362429 4 576 15 430 6 594 16 545 9 533 8 529 5 528 10 494 7 461 12 469 14 474 13 455 1 377 2 365 3 379 23 346 20 378 18 274 22 249 29 366 25 271 24 222 44 252 35 216 28 338 32 266 34 300
189 -0.50117930659918897 -3.8037007246546928 12.149903675074677 85 2 0 0.42678084921378256 4 702 15 435 6 724 16 668 8 654 5 677 11 549 10 604 7 587 12 479 14 484 13 466 19 384 1 489 2 474 3 488 23 351 20 379 18 381 21 346 22 347 29 377 25 379 17 399 24 104 24 350 18 124 44 404 26 389 37 111 37 293 38 117 39 278
191 -0.5697888259143794 -3.3338258261303451 12.558250428852665 149 26 7 0.31061169023789403 4 706 15 446 6 732 16 672 9 683 8 659 5 685 11 651 10 615 7 594 14 494 13 474 19 544 1 496 2 480 3 499 23 357 20 385 18 387 21 353 22 355 29 381 25 387 17 405 24 355 44 265 26 582 37 305 38 337 41 292 39 287 35 80
192 -0.154258654038781 -3.0536384456129277 12.550401458149764 130 19 2 0.5999380063148092 4 710 15 450 6 736 16 677 9 566 16 578 8 551 5 688 11 561 7 484 12 493 12 581 14 497 14 598 13 478 19 553 1 500 2 483 3 399 3 504 23 363 20 301 18 394 21 268 21 357 22 360 29 388 25 390 17 411 24 253 24 359 44 269 29 489 26 406 37 240 38 259 41 108 41 295 39 214
193 0.17335899508030977 -2.8160012060052035 12.593347952943832 180 119 64 0.36346849653112212 4 714 15 453 6 740 16 683 9 694 8 666 5 693 11 566 10 622 7 601 12 587 14 602 13 569 19 557 19 649 1 506 2 488 3 509 23 364 20 393 18 396 21 360 21 454 22 362 29 391 29 493 25 393 25 489 17 415 17 497 24 362 44 354 26 524 37 312 38 346 39 290
194 2.1303938012876373 -2.4859507803468808 12.714341628190297 156 52 15 0.6637151835090922 4 799 15 463 6 631 6 746 16 688 9 699 5 700 11 571 10 532 7 606 14 394 14 605 19 655 2 492 26 163 41 375 39 376 35 334
195 1.5517371870470986 -2.4527593788425679 12.668766561692724 187 146 87 1.2467107402547866 4 722 15 464 6 748 8 672 5 702 11 437 10 627 7 608 9 424 12 503 14 395 13 486 19 568 1 510 2 493 3 406 3 512 1 405 20 400 18 312 21 272 29 400 25 401 17 422 24 369 26 416 38 356 41 305 39 219 35 239
196 1.7787406173302549 -2.4383789569094727 12.706501249189628 189 141 86 0.58073819935452642 4 724 15 465 6 749 16 589 9 427 8 567 5 703 11 663 10 534 7 609 12 395 19 569 1 406 1 511 2 392 3 513 23 370 20 401 18 404 21 273 22 370 29 401 25 306 17 423 24 259 44 279 26 415 37 324 38 358 41 306 39 305
197 0.47984551039854884 -2.3332183838624316 12.84762496506085 187 152 122 0.30441358641070432 4 727 15 466 6 753 16 692 9 705 5 707 11 576 10 630 7 613 12 591 14 607 13 574 19 572 1 515 2 496 3 518 23 457 20 403 18 405 21 368 21 465 22 453 29 404 25 494 17 424 24 371 26 529 38 357 35 236
199 -0.5732412252140906 -1.8471613717407775 13.551663307262027 183 157 148 1.116864712979589 4 629 15 471 6 274 16 700 11 586 10 642 7 699 12 513 12 594 14 413 19 428 19 578 1 421 2 403 3 415 20 312 18 407 18 494 21 372 21 473 22 284 29 150 25 172 17 189 24 375 24 268 41 513 39 513 37 525
200 -0.82771407211727088 -5.8705924097593991 11.176261439351128 186 162 105 0.87103033053225798 4 323 15 482 6 346 9 487 15 238 8 478 5 472 11 345 10 277 19 469
203 2.3255353410093536 -5.3314209070152385 11.033988689320298 187 165 107 0.52774135131677669 4 664 15 488 6 685 16 633 9 636 5 641 11 510 10 573 7 555 12 530 14 537 13 514 19 610 1 456 2 439 3 453 23 399 20 433 18 428 21 403 22 394 29 441 25 434 17 451 24 403 44 310 26 449 37 405 38 393 41 399 39 329 28 568 32 468 34 509 26 345 30 547 47 488 45 486 48 483 40 494
204 -0.52872677638568899 -5.4531768396723255 11.322186785166455 187 160 107 0.5515987488008457 4 661 15 489 16 629 15 490 9 637 9 638 8 612 8 613 5 636 5 637 11 503 11 504 10 569 10 570 7 551 7 552 12 532 12 533 14 539 14 540 13 515 13 516 19 479 19 480 1 452 2 435 6 680 3 449 23 400 23 401 20 434 20 435 18 429 21 404 21 405 22 395 22 396 29 442 29 443 25 435 25 436 17 453 17 454 24 309 24 310 44 305 44 306 26 455 37 267 38 41 21 204 39 253 39 325 41 250 35 202 35 203 28 476 28 477 30 544 34 519 32 476
205 -0.07628208265972776 -5.3774278371942064 11.179722962935926 185 160 104 0.99053543552658918 4 662 15 491 6 681 16 630 9 639 5 639 11 505 7 553 14 541 19 611 1 453 2 436 23 402 20 436 18 430 21 406 22 397 29 444 17 455 24 404 44 308 28 475 32 242 32 244 34 271 34 268 30 545
206 -0.074149941494048272 -5.4053508862470281 11.228292368436875 185 160 104 0.82780755716770782 4 663 15 492 6 682 16 631 9 640 5 640 11 506 7 554 14 542 19 612 1 454 2 437 23 403 20 437 18 431 21 407 22 398 29 445 17 456 24 405 44 309 37 345 38 391 41 328 39 326 32 245 34 272
207 0.52436094601694316 -5.2293062465006299 11.20085934982931 181 159 101 0.830140031372398 4 668 15 496 6 687 16 637 9 644 8 709 5 750 11 624 10 575 7 649 12 538 19 614 1 460 23 405 20 439 18 432 21 408 22 400 29 448 24 406 37 270 38 211 41 254 39 256 28 570 32 475 34 518
209 2.3144226344893704 -5.0194597757606694 11.189970555096 169 153 94 0.31514407380907372 4 671 15 499 6 691 16 642 9 648 5 650 11 518 10 578 7 568 12 541 14 550 19 621 1 464 2 447 3 456 23 408 20 444 18 437 21 413 22 405 29 452 25 443 17 461 24 411 44 317 26 459 37 352 38 404 41 337 39 333 35 272 28 571 34 514 30 551
210 0.39829935834908847 -4.9195579932039584 11.372532167318081 178 158 102 0.36734042047408233 4 678 15 500 6 698 16 651 9 654 8 632 5 657 11 524 10 587 7 574 12 545 14 554 13 527 19 622 1 471 2 452 3 462 23 411 20 446 18 439 21 416 22 407 29 455 25 446 17 463 24 412 44 321 26 465 37 354 38 403 41 339 39 335 35 214 28 485 32 401 34 430 30 439 33 238
211 -0.56503060696332796 -4.9717502147086812 11.504815799770775 183 163 101 0.32458415105732219 4 675 15 501 6 699 16 650 9 653 8 630 5 658 11 525 10 586 7 573 12 544 14 553 13 528 19 509 1 470 2 451 3 463 23 413 20 447 18 440 21 417 22 408 29 456 25 447 17 383 24 335 44 248 26 467 38 308 35 141 28 487 34 296 30 438
212 0.051721567499256549 -4.9154836180902652 11.426284633554214 190 61 12 0.53889052557224981 4 762 15 502 6 784 16 732 9 655 8 712 5 757 11 630 10 672 7 652 12 546 14 555 13 529 19 623 1 541 2 530 3 558 23 510 20 535 18 441 21 518 22 409 29 533 25 536 17 464 24 413 44 322 26 563 37 353 38 402 41 338 39 334 35 147 28 489 32 487 34 532 45 246 47 237 40 44 33 239
213 2.1594575223331129 -4.7123525720598058 11.318274828346969 160 139 84 0.39934225659932576 4 771 15 503 6 787 16 739 9 751 8 720 5 762 11 634 10 676 7 659 12 549 14 557 13 531 19 624 1 549 2 537 3 562 23 414 20 448 18 442 21 418 22 410 29 457 25 449 17 465 24 414 44 397 26 466 37 413 38 473 37 412 41 407 41 408 39 409 39 410 38 474 35 363 28 637 28 638 32 537 32 538 34 601 34 602 46 486 46 487 30 622 45 499 45 500 47 506 47 507 48 500 48 501 40 555 33 309
215 -0.25689352681765848 -4.8678097722190685 11.640749518294047 187 162 104 1.0566039642565845 4 770 15 505 16 737 9 749 5 761 12 635 14 556 13 530 19 626 1 547 2 536 23 416 18 444 22 413 29 459 17 467 24 415 44 324 37 409 38 406 41 404 39 406 28 588
216 0.99684527736052264 -4.6436811138702838 11.417394505222864 147 60 11 0.68993387114265248 4 682 15 509 6 704 16 659 9 663 8 644 5 663 11 536 10 594 7 576 12 557 14 562 13 539 19 627 1 476 2 460 3 470 23 418 20 454 18 445 21 421 22 415 29 463 25 454 17 468 24 417 26 471 37 362 38 409 41 348 39 343 45 411 47 504 48 497 40 416
217 0.99655916456566307 -4.6449916805910494 11.419809063812767 147 60 11 0.70213612560179917 4 683 15 510 6 705 16 660 9 664 8 645 5 664 11 537 10 595 7 577 12 558 14 563 13 540 19 628 1 477 2 461 3 471 23 419 20 455 18 446 21 422 22 416 29 464 25 455 17 469 24 418 26 472 37 363 38 410 41 349 39 344 32 406 34 535 45 412 47 505 48 498 40 417
218 -0.26874646977899574 -4.739786505163611 11.635108564701419 207 118 74 0.74903876542146774 4 685 15 513 6 707 16 656 9 660 8 639 10 591 7 580 12 554 14 567 13 536 1 480 2 463 3 473 23 420 20 459 18 447 21 425 22 417 29 460 25 457 17 471 24 421 44 326 26 476 38 408 35 215 28 495 45 408 46 410 40 409 48 416
219 0.27656977106083241 -4.6819215829086991 11.498084152092737 188 104 52 0.29554691571164254 4 686 15 514 6 708 16 657 9 661 8 640 5 661 11 532 10 592 7 581 12 555 14 560 13 537 19 519 1 474 2 456 3 474 23 421 20 452 18 448 29 461 25 458 17 391 24 343 44 327 26 474 37 282 38 315 41 265 39 268 32 408 30 453
220 0.27384315456490921 -4.6748434173478328 11.481202463187557 188 104 52 0.35833182435794303 4 687 15 515 6 709 16 658 9 662 8 641 5 662 11 533 10 593 7 582 12 556 14 561 13 538 19 520 1 475 2 457 3 475 23 422 20 453 18 449 29 462 25 459 17 392 24 344 44 328 26 475 37 283 38 316 41 266 39 269 32 409 34 435 46 536 45 558 47 558 48 565
221 -0.89090725072153576 -4.7442016160476337 11.654192893356008 178 111 69 0.51208703511849907 4 684 15 516 6 711 9 666 8 636 5 665 6 791 11 530 10 597 7 579 12 551 14 564 14 565 13 541 19 629 1 478 2 462 3 478 23 423 20 456 18 450 21 426 22 418 29 465 25 376 17 472 24 422 44 325 26 273 38 313
222 -0.60651405485475374 -4.5541910187044286 11.651458372925109 158 67 20 1.2360038049745763 4 691 15 517 5 158 8 167 16 157 11 113 11 541 12 563 14 571 19 632 23 428 18 455 21 429 22 423 25 464 17 476 24 425 26 484 37 364 41 350 39 345 28 597 32 545 30 561
223 2.3012963290702522 -4.0227687837641968 11.798663751445895 174 157 57 1.0145530607311783 4 857 15 519 6 874 16 827 9 543 9 756 5 852 10 754 12 566 14 656 19 714 23 521 20 546 18 457 22 508 29 543 17 478 24 429 38 423 41 414 41 94 38 114 39 466
224 2.4181859503028753 -3.6693748729131026 12.03304575720902 166 128 24 0.30072094715229819 4 781 15 520 6 798 16 669 9 675 8 656 5 774 11 550 10 605 7 588 12 569 14 578 13 550 19 634 1 491 3 489 23 431 20 464 18 459 21 431 22 425 29 472 25 466 17 479 24 431 26 487 37 371 38 430 41 360 39 360
225 -0.64613361240744693 -3.7053597283413948 12.306781692603563 178 137 102 0.37945753669637133 4 782 15 523 6 800 16 748 9 676 8 730 5 775 11 644 10 685 7 668 12 571 14 581 13 551 19 640 1 559 2 548 3 573 23 435 20 469 18 463 21 438 22 429 29 476 25 469 17 481 24 434 44 341 26 575 37 297 38 327 41 282 39 281 35 75
226 0.052531625197848417 -3.5925748592006981 12.099172923696051 165 53 34 0.72102325991830052 4 783 15 526 6 802 9 678 8 731 5 779 10 686 7 669 12 573 14 583 13 554 19 642 1 560 3 493 23 437 18 465 22 432 25 472 17 484 24 436 44 343 37 370 38 331 41 357 39 357 32 591 28 687 33 326 40 610
227 -0.51782697791792165 -3.6141620332590256 12.285078388323329 141 15 5 0.59928288757188164 4 787 15 527 16 752 9 762 8 732 5 780 11 648 10 689 7 670 12 644 14 662 13 623 19 644 1 561 2 550 3 575 23 439 20 471 18 467 21 440 22 434 29 478 25 474 17 485 24 437 44 344 26 496 37 299 38 329 41 284 39 282 35 78
228 -0.45500955646072333 -3.2173240907112119 12.561717451831536 185 83 25 0.36687362481078256 4 708 15 531 6 806 16 758 9 687 8 661 5 786 11 559 10 690 7 675 12 580 14 593 13 560 19 550 1 568 2 553 3 577 23 445 20 475 18 471 21 446 22 440 29 486 25 481 17 488 24 443 26 518 37 374 38 339 41 363 39 364 35 164
229 2.2114861855019101 -3.0186347658570902 12.377069310311143 174 71 22 0.3780016506565208 4 791 15 532 6 809 8 739 5 788 10 691 7 676 13 631 19 647 2 554 3 579 23 446 20 476 21 447 22 441 29 487 25 482 17 489 24 444 26 508
230 2.2119143678444484 -3.0191616397540524 12.377266812131376 174 71 22 0.37716233650880365 4 792 15 533 6 810 9 769 8 740 5 789 11 655 10 692 7 677 13 632 19 648 2 555 3 580 23 447 20 477 21 448 22 442 29 488 25 483 17 490 24 445 26 509
231 2.3692839696617352 -2.9869963311306176 12.518858697593361 177 134 87 0.51801094051536956 4 793 15 534 6 811 16 760 9 688 8 664 5 790 10 618 7 597 12 492 14 596 13 561 1 501 2 556 3 505 23 360 20 388 18 391 18 473 21 356 21 449 22 358 29 385 25 389 17 408 24 358 44 352 26 402 37 425 38 531 41 421 39 424
232 2.3748322723361746 -2.9833520355161696 12.532955911071012 177 134 87 0.5245155630153322 4 794 15 535 6 812 16 761 9 689 5 791 11 656 13 562 19 729 21 450 44 353 26 513 37 426 38 532 41 422 39 425
234 1.5156376651723351 -2.8441123293209274 12.403128504034214 175 135 63 0.42783651868504446 4 796 15 537 6 813 8 743 11 658 10 695 7 679 12 653 14 670 13 634 2 558 3 582 23 536 20 479 21 538 29 553 25 562 26 520 35 328
235 1.873158595124127 -2.7714912014363984 12.475382798972033 183 148 108 0.57079816985718701 4 797 15 539 16 763 9 771 10 696 14 601 1 575 2 559 23 450 20 482 18 476 21 453 22 445 29 556 25 487 17 494 37 378 38 437 41 370 39 370 34 101
236 0.54412534201932361 -2.5958069429252251 12.802830248646321 184 135 61 1.3681222521514886 4 719 15 540 16 586 9 422 8 563 5 572 5 699 10 531 7 495 19 567 2 391 17 503 37 380 41 373 39 373 35 287 28 396 34 343 46 313 45 133 47 126 48 302 40 114
237 -0.18751390731288939 -1.7622832337853744 13.452168494002608 200 169 138 0.67747244076188129 4 813 15 541 6 838 16 777 9 712 8 756 5 810 11 679 10 709 7 701 12 669 14 685 13 653 1 592 2 574 3 529 23 463 20 498 18 496 21 474 22 456 29 568 25 580 17 583 24 463 26 596 37 331 38 160 21 142 41 310 39 309
238 -0.48769714174185563 -1.58089619105739 13.966424408478638 179 157 144 1.2832971743395758 4 877 15 543 6 903 16 780 9 798 8 761 5 815 11 683 7 706 12 674 14 615 13 659 19 671 1 601 2 641 3 662 20 502 18 499 21 480 29 506 25 506 17 513 24 464 44 369
239 2.1994050080901424 -1.1783628020907 13.611008483931643 119 99 73 0.88221696128059401 4 822 15 544 6 904 16 783 9 800 8 762 5 878 11 753 10 717 7 707 12 677 14 690 13 661 19 746 1 602 2 642 3 663 23 471 18 566 21 482 22 462 29 574 25 585 17 515 24 466 37 447 38 504 41 442 39 444 35 379
240 2.1840355696698461 -1.1710386097230427 13.549956157831847 119 99 73 0.9193249205370736 4 823 15 545 6 905 16 784 9 801 8 763 5 879 11 754 10 718 7 708 12 678 14 691 13 662 19 747 1 603 2 643 3 664 23 472 18 567 21 483 22 463 29 575 25 586 17 516 24 467
242 -0.4766350244928288 -1.1126463415364518 14.153232338935904 233 196 178 0.63008067095768294 4 827 15 549 6 846 16 706 9 720 8 767 5 820 11 688 10 724 7 711 12 601 14 620 13 587 1 606 2 580 3 604 23 478 20 505 19 832 15 690 18 501 21 488 22 375 22 467 17 520 24 471 44 286 37 253 41 144
243 2.5132161708842635 -6.5607032584488714 10.962294420497257 250 176 175 1.5410712951767718 4 885 15 555 6 912 7 227 13 501 19 4 1 660 2 651 3 674 23 485 20 418 20 512 18 416 21 290 21 385 22 293 22 474 20 325 29 418 29 515 25 421 21 554 17 332 17 436
244 -0.22319949527438793 -6.4158122747413522 10.756875952249295 197 74 35 0.77391661267296974 4 2 15 556 6 2 5 1 11 1 10 1 13 593 19 593 23 487 20 513 18 417 21 495 22 475 29 516 25 519 17 526 24 479
245 -0.25861831273968472 -5.9266632119639526 11.08244482049175 197 63 1 0.67363497647321158 4 755 15 562 16 796 9 816 8 769 5 829 11 698 10 732 7 720 12 689 14 704 13 673 19 692 20 522
246 0.15340106878084458 -5.2577852995618786 11.262538925509476 179 158 104 0.37456341919783914 4 758 15 572 6 781 16 726 9 741 8 707 5 748 11 703 10 668 7 647 12 623 14 637 13 604 19 701 1 537 2 525 3 553 23 505 20 532 18 525 21 513 22 496 29 529 25 532 17 544 24 494 44 388 26 558 35 265 28 573 32 477 34 520
247 2.9431999072335202 -5.0125800431105763 11.38329294096069 171 61 17 0.40178200356534433 4 847 15 574 6 865 16 809 9 830 8 781 5 838 11 709 10 747 7 733 12 699 14 645 13 688 19 703 1 625 2 600 3 626 23 582 20 590 18 593 21 573 22 560 29 604 25 616 17 549 24 499 44 450 26 561 37 464 38 521 41 461 39 457 35 361 28 480 30 679
248 0.69366036343910475 -4.7541029010546509 11.351233275956087 180 158 101 0.48977572728118346 4 768 15 575 6 786 16 734 9 746 8 717 5 759 11 631 10 674 7 654 12 632 14 648 13 612 1 543 2 532 3 560 23 511 20 536 18 529 21 519 22 498 29 535 25 537 17 550 24 502 44 395 26 564 37 356 41 342 39 337 34 533 30 450
249 0.36031178401823766 -4.7802351285704026 11.436975031235914 181 161 100 0.45847083470905642 4 851 15 576 6 869 16 738 9 750 8 719 5 845 11 719 7 739 12 636 14 646 19 707 2 602 3 630 23 514 20 539 18 532 21 522 22 501 29 536 25 538 17 553 24 500 37 410 38 471 41 405 39 407 32 540 34 604 30 558
250 0.55714656216443015 -4.7659758015683993 11.412293203428964 182 160 102 0.46238077170998743 4 767 15 577 6 870 16 817 9 839 8 788 5 846 11 720 10 748 7 740 12 706 14 647 13 611 19 708 1 548 2 603 3 631 23 515 20 540 18 533 21 523 22 502 29 537 25 539 17 554 24 501 44 398 26 565 37 411 38 472 41 406 39 408 35 315 32 539 34 603 30 559 33 318
251 1.2427717722194549 -4.6047754619862076 11.329129158175103 219 159 104 0.34883321370793102 4 774 15 578 6 789 16 740 9 752 8 721 5 765 11 636 10 678 7 661 12 637 14 650 13 613 19 709 1 551 2 539 3 564 23 516 20 541 18 534 21 524 22 503 29 538 25 540 17 555 24 419 37 414 41 409 39 411 46 581 47 611
252 1.2418456519294341 -4.6026590419671063 11.324019422004998 219 159 104 0.38269415115176975 4 775 15 579 6 790 16 741 9 753 8 722 5 766 11 637 10 679 7 662 12 638 14 651 13 614 19 710 1 552 2 540 3 565 23 517 20 542 18 535 21 525 22 504 29 539 25 541 17 556 24 420 37 415 38 475 41 410 39 412 46 582 47 612 40 600
253 1.4428107650033573 -4.3459042526022316 11.543116805440384 187 162 112 0.78450645453176082 4 855 15 581 6 873 16 823 9 843 8 792 5 850 11 725 10 753 7 744 12 710 14 654 13 699 19 712 1 631 2 608 3 636 23 519 20 544 18 537 21 527 22 506 29 541 25 542 17 558 24 426 44 458 26 636 37 417 38 526 39 463 35 317 28 641 32 544 34 608 46 541 30 630 45 564 47 566 37 416 41 411 48 506 40 560
255 -0.064356123838898605 -3.8210292615674879 12.000037041809259 137 30 21 0.23807142504386664 4 859 15 584 6 876 16 830 9 847 8 795 5 856 11 729 10 757 7 747 12 714 14 728 13 703 19 716 1 635 2 612 3 639 23 523 20 547 18 538 21 529 22 511 29 616 25 546 17 559 24 509 44 460 26 638 37 420 38 481 41 417 39 416 35 281
256 -0.30932261129642663 -3.822582524650266 12.074161573646645 106 3 0 0.37824140243968002 4 860 15 586 6 878 16 832 9 849 8 797 5 858 11 731 10 758 7 748 12 716 14 658 13 705 19 718 1 636 2 613 3 640 23 526 20 549 18 540 22 513 25 548 17 561 24 511 44 403 26 640 37 419 38 480 41 416 39 415 35 280
257 -0.41042801911455151 -3.6881014471946512 12.206362676190436 185 143 98 0.40404632076541858 4 861 15 587 6 879 16 746 9 758 8 798 5 859 11 732 10 759 7 749 12 640 14 659 13 618 19 721 1 637 2 614 3 641 23 527 20 550 18 541 21 530 22 514 29 544 25 551 17 563 24 513 44 406 26 574 37 368 38 426 41 355 39 355
259 1.7129644569862579 -2.8394152608996532 12.441648574292421 169 64 17 0.55705262952917245 4 868 15 594 6 890 16 835 9 853 8 802 5 865 11 739 10 767 7 758 12 654 14 671 13 635 19 732 1 642 2 625 3 651 23 537 20 557 18 550 21 539 22 522 29 554 25 563 17 573 24 521 26 586 37 428 38 533 41 473 39 471 35 369 28 120
261 0.34954229493703826 -2.3927057510462593 12.810646995605287 186 132 68 0.8614311650965758 4 872 15 598 6 896 16 768 5 796 11 664 10 772 7 687 12 660 13 642 19 657 19 737 6 818 1 646 3 586 3 657 23 545 20 490 18 487 18 553 21 464 21 544 22 451 29 498 25 569 17 506 26 526 37 434 39 433
265 -0.32120962426134547 -1.753116105710296 13.516516239925238 193 115 78 0.28416649890224926 4 814 15 605 6 902 16 779 9 793 8 758 5 814 11 682 10 712 7 703 12 671 14 687 13 655 19 742 1 593 2 640 3 598 23 465 20 500 18 562 21 476 22 534 29 570 25 582 17 585 24 530 44 428 26 600 37 389 38 448 41 379 39 381 35 244
266 2.6938855015486114 -1.4906093531569018 13.925448035121029 113 99 77 1.5290291750197109 15 606 6 942 16 846 4 919 9 795 8 759 5 877 11 752 10 646 7 778 12 672 14 688 13 656 19 743 1 523 1 655 1 689 2 688 3 702 23 555 20 567 18 497 21 478 22 458 29 571 25 502 17 586 24 531 44 431 26 306
267 1.1247909589222835 -1.4328077987047381 13.76864842743635 162 101 34 0.97201094635982688 4 270 15 607 16 781 9 799 11 459 10 233 12 675 14 689 13 660 19 672 23 556 20 568 18 500 21 550 22 537 29 572 25 583 17 514 24 465 5 722 44 432 26 654
268 0.74372185469772412 -5.935137931739642 11.102245394979931 192 66 11 0.51582636326152109 4 756 15 620 6 779 16 798 9 818 8 770 5 743 11 699 10 664 7 721 12 737 14 705 13 674 13 725 19 756 1 535 2 522 3 549 23 619 20 625 18 576 21 607 22 590 29 643 25 649 17 595 24 538
273 2.17064662220344 -5.0038570896840024 11.13932473278228 171 154 97 0.66941413758513069 4 845 15 632 6 864 16 808 9 829 8 780 5 837 11 708 10 744 7 732 12 698 14 716 13 687 19 772 1 622 2 596 3 624 23 581 20 589 18 591 21 572 22 559 29 603 25 615 17 603 24 546 26 624 37 462 38 519 41 460 39 456 28 669 32 572 34 635 40 596 45 608 46 579 47 608 48 608
274 1.7766278639281912 -4.9808315647101979 11.136902612196398 193 177 121 0.44096172764976421 4 897 15 633 6 923 16 869 9 882 8 839 5 895 11 778 10 797 7 795 12 744 14 758 13 730 19 773 1 670 2 663 3 683 23 624 18 592 18 630 21 614 22 597 29 650 25 658 17 636
275 2.6401297869635569 -4.9609011143960053 11.354201410986205 152 49 8 0.152847880973283 4 899 15 634 6 927 16 810 9 831 8 840 5 899 11 779 10 800 7 798 12 700 14 717 13 689 19 774 1 674 2 667 3 687 23 583 20 591 18 594 21 574 22 561 29 605 25 617 17 604 24 547 44 451 26 626
276 2.6365747653040148 -4.9535546613172903 11.334973874037381 152 49 8 0.43559014925957684 4 900 15 635 6 928 16 811 9 832 8 841 5 900 11 780 10 801 7 799 12 701 14 718 13 690 19 775 1 675 2 668 3 688 23 584 20 592 18 595 21 575 22 562 29 606 25 618 17 605 24 548 44 452 26 627 37 463 38 563 41 462 39 493 35 398 28 673 32 473 34 516 30 713
277 1.5951944453771463 -4.8481679679165159 11.184910411417642 185 60 12 0.57865434567565366 4 848 15 636 6 924 16 812 9 833 8 782 5 839 5 896 11 711 10 745 10 798 7 734 12 702 14 719 13 691 19 777 1 623 1 671 2 598 2 665 3 684 23 585 20 593 18 596 21 576 22 564 29 607 29 653 25 619 17 607 24 550 44 499 26 628 37 504 38 561 41 495 39 491
278 1.5916050748405208 -4.8411703700666191 11.165290654864473 185 60 12 0.48766253937088061 4 849 15 637 16 813 9 834 8 783 5 840 11 712 10 746 7 735 12 703 14 720 13 692 19 778 1 624 2 599 23 586 20 594 18 597 21 577 22 565 29 608 25 620 17 608 24 551 26 629
279 2.8297114417879192 -4.8359801199364503 11.497991065762925 185 161 104 0.20876396943416464 4 902 15 638 6 929 16 874 9 835 8 844 5 903 11 783 10 803 7 800 12 704 14 721 13 693 19 779 1 628 2 605 3 633 23 587 20 595 18 598 21 578 22 566 29 609 25 621 17 609 24 552 44 453 26 630 37 507 38 523 41 499 39 494
280 2.821449170189831 -4.8262609089150965 11.475234143816037 185 161 104 0.21291297870269157 4 903 15 639 6 930 16 875 9 836 8 845 5 904 11 784 10 804 7 801 12 705 14 722 13 694 19 780 23 588 20 596 18 599 21 579 22 567 29 610 25 622 17 610 24 553 44 454 26 631 30 681
281 2.3135653901823123 -4.6007288517128542 11.467610739738126 149 43 3 0.80909197471461702 4 904 15 640 6 932 16 876 9 889 8 846 5 905 11 785 10 805 7 803 12 752 14 723 13 736 19 782 1 676 2 672 3 689 23 589 20 597 18 600 21 580 22 568 29 613 25 625 17 611 24 554 44 501 26 633 37 510 38 566 41 501 39 497 35 403 28 679 32 579 34 641 45 612 47 615 48 611 40 604
282 -0.70772951085956148 -2.8711260438612132 13.053908546490657 202 81 16 1.3829363034538338 4 942 15 649 6 971 16 908 15 685 9 903 9 927 5 943 11 822 10 843 12 769 14 731 14 779 13 750 19 786 1 710 2 733 3 728 23 597 23 646 20 606 20 645 18 607 21 589 21 633 22 573 22 613 29 623 29 672 25 632 25 679 17 616 24 564 44 520
283 2.2590360677285628 -2.3514837546762513 13.012666101050103 168 130 65 1.9260146841048533 15 652 16 912 9 904 8 883 5 946 4 963 6 973 11 824 10 845 7 812 12 771 14 733 13 752 19 788 1 731 2 716 44 558 26 646 38 579 38 621 37 570 41 548 39 543
284 0.86954136888053513 -5.1532784462874544 11.176132262091112 180 162 100 0.42419949786266159 4 895 15 667 6 921 16 866 9 880 8 871 5 934 11 812 10 833 7 826 12 742 14 756 13 728 19 806 1 668 2 660 3 681 23 622 20 628 18 628 21 612 22 595 29 648 25 656 17 634 24 581 44 543 26 667 35 393 28 698
285 1.9868325742252866 -4.8711406674097484 11.236885157001021 212 110 58 0.45277488185972192 4 898 15 668 6 925 16 870 9 884 8 842 5 897 11 781 10 799 7 796 12 746 14 759 13 731 19 807 1 672 2 664 3 685 23 625 20 629 18 631 21 615 22 598 29 651 25 660 17 637 24 582 44 497 37 505 38 562 41 496 39 492 35 397 32 576 28 675 34 638 46 599 45 631 47 634 48 633 33 308
286 0.9168877179813093 -4.8088080152392871 11.318467725330166 180 160 101 0.81162906614593877 4 934 15 670 6 962 16 872 9 887 8 873 5 901 11 813 10 834 12 749 14 802 13 733 19 809 2 669 3 721 20 631 18 634 21 618 22 600 29 654 25 662 17 639 24 584 44 549 26 671 32 609 34 669
288 1.8053987665831457 -4.3954277243043309 11.490334591921194 175 156 97 0.54531435894872704 4 935 15 673 6 963 16 878 9 891 8 848 5 936 11 814 10 836 7 830 12 754 14 765 13 738 19 812 1 703 2 707 3 722 23 633 20 634 18 637 21 623 22 602 29 657 25 665 17 642 24 586 44 506 26 678 37 514 38 567 41 504 39 500 35 404 28 705
289 2.8543595511581632 -3.9450157610072694 11.980730619694459 136 48 8 0.33563905746292921 4 937 15 675 6 965 5 938 11 817 10 838 7 832 19 816 1 705 2 709 3 725 23 635 20 637 18 639 21 625 25 666 24 587
290 -0.55211325977142767 -3.955546344556677 12.109004100488319 181 143 39 0.39177778009761388 4 910 15 678 6 936 16 881 9 894 8 876 5 911 11 792 10 808 7 806 12 759 14 770 13 741 19 819 1 680 2 676 3 693 23 638 20 639 22 605 29 664 25 670 17 613 44 511 39 465
291 1.9626107893231663 -3.3748418714289885 12.173786292047229 189 64 0 0.60758319169389496 4 939 15 681 6 967 16 883 9 897 8 852 5 912 5 940 11 819 10 809 10 840 7 807 12 762 14 774 13 744 19 821 1 682 2 712 3 727 23 642 20 642 18 642 21 629 22 608 29 668 25 674 17 646 24 590 44 515 26 681 37 515 38 604 41 541 39 505
293 2.2431788019613581 -0.94960474029873509 13.779485967198282 174 142 128 1.2165632889026159 4 921 15 689 6 946 16 922 9 910 14 785 19 831 3 706 23 654 20 650 21 641 29 681 24 600 44 528 26 657 37 531 38 586 41 518 39 517
294 -0.077013779277873548 -5.7567019459639637 11.143864220017553 190 174 111 0.57177338126462607 4 928 15 700 6 954 16 896 9 915 5 929 11 808 10 826 7 823 12 782 14 795 19 840 1 698 2 701 3 715 23 662 20 656 18 661 29 687 17 661 26 706
296 2.9995444717606983 -5.230813511855267 11.303391835791027 163 146 90 0.84642393967556573 4 951 15 706 6 981 16 934 9 919 8 901 5 960 11 837 10 853 7 852 12 788 14 799 13 765 19 845 1 718 2 724 3 735 23 666 20 662 18 667 21 653 22 632 29 690 25 693 17 667 24 614 44 542 26 708 37 567 39 551 35 463 28 729 32 629 34 682 30 778
298 -0.32137384819842224 -5.0284950412346543 11.389713931914347 242 155 104 1.0549470627824287 4 954 15 709 6 985 16 936 9 948 8 904 5 963 11 840 10 855 7 855 12 814 14 821 13 790 19 849 1 720 2 727 3 739 23 690 20 666 18 670 21 677 22 636 29 712 25 714 17 671 24 617 44 546 37 406 41 401 39 403 35 433 28 732 32 634 34 687 30 747
299 0.1629366433817348 -5.018242089328858 11.351748572233967 189 60 5 0.60530866188877508 4 955 15 710 6 984 16 937 9 949 8 902 5 961 11 838 10 856 7 853 12 815 14 801 13 791 19 847 1 721 2 728 3 738 23 668 20 664 18 671 21 656 22 634 29 713 25 715 17 669 24 618 44 547 26 735 37 568 38 628 41 561 41 569 39 552 32 633 34 686
300 0.83254758934309769 -4.1524836588856333 11.613912050140375 194 59 0 1.1530106914275238 4 936 15 713 6 964 16 902 9 924 8 849 5 937 11 789 10 837 7 831 12 756 14 767 13 769 19 852 1 704 2 708 3 723 23 673 20 636 18 674 21 624 22 639 29 659 25 698 17 673 24 621 44 507 39 502 30 689
302 0.57214956153692464 -3.7367510018228547 11.938351467012561 196 60 0 1.0180168002782763 4 958 15 715 6 988 16 903 16 940 9 953 8 906 5 966 11 843 10 859 7 858 12 793 14 805 13 771 19 854 1 725 2 731 3 742 23 675 20 669 18 676 21 659 22 641 29 694 25 700 17 675 24 623 44 552 26 718 37 551 38 603 41 540 39 536 35 406
303 2.2711090457334908 -3.3134997906716337 12.240634817984107 171 136 69 0.52752993897867517 4 940 15 716 6 968 16 905 9 925 8 878 5 941 11 820 10 841 7 835 12 794 14 806 13 772 19 855 1 707 2 713 3 743 23 676 20 670 18 677 21 660 22 642 29 695 25 701 17 676 24 624 44 554 26 682 37 553 38 606 41 543 39 538 35 441
304 2.2806196811279511 -3.3231719394753974 12.276671504886545 171 136 69 0.43404757203624927 4 941 15 717 6 969 16 906 9 926 8 879 5 942 11 821 10 842 7 836 12 795 14 807 13 773 19 856 1 708 2 714 3 744 23 677 20 671 18 678 21 661 22 643 29 696 25 702 17 677 24 625 44 555 26 683 37 554 39 539
305 1.0329209519166027 -2.6596373185825444 12.661751987264399 182 83 26 1.4588134056898574 4 960 15 718 6 990 16 943 9 956 8 911 5 969 11 846 10 862 7 862 12 820 14 826 13 795 19 857 1 728 2 734 3 745 23 695 20 688 18 679 21 683 22 644 29 718 25 719 17 678 24 626 44 572 26 722 37 519 41 544 39 542
306 0.11730587942989594 -1.4229580642102768 13.577039232122599 200 118 74 1.0633137996318325 4 946 15 723 6 999 16 947 9 959 5 975 2 742 3 754 18 685 21 673 26 726 37 528 38 611 41 516 39 515
308 1.0458031850195766 -5.3873882994672959 11.139003667901754 210 147 110 1.3706127245696853 4 932 15 729 6 960 16 933 9 946 8 900 5 933 11 811 10 832 7 825 12 812 14 819 13 788 19 865 1 702 2 705 3 719 20 681 18 688 22 658 17 686 44 540 26 732 23 688
310 1.2197333649898423 -3.5758346002585646 12.24821776886392 195 64 0 2.0360980987930812 4 976 16 954 9 965 15 744 8 924 5 984 11 861 10 880 7 875 12 827 14 835 13 805 19 883 23 704 18 705 21 693 22 673 25 727 17 696 41 573
311 2.1825583603336174 -2.9015243463871534 12.591525552818789 175 136 78 1.0967820722482076 4 979 15 735 8 909 11 864 8 926 10 860 14 824 19 872 1 726 1 746 2 732
313 0.044996480331623748 -2.3049542473267572 12.87235982182219 183 147 85 0.77491209176384546 4 966 15 737 6 995 14 829 19 876 2 738 3 750 23 697 20 690 18 698 21 685 22 667 29 720 25 721 17 691 24 642 26 749 38 608
314 2.2575394952633636 -4.7872846043737143 11.28591566016555 115 40 8 0.84525745306827693 4 986 15 740 6 1015 16 964 9 973 8 935 5 993 11 871 10 888 7 885 12 836 14 846 13 813 19 881 1 753 2 755 3 769 23 712 20 693 18 703 21 701 22 671 29 734 25 736 17 694 24 647 44 592 26 753 37 593 41 584 39 573
315 1.173830917412882 -4.3385441896876795 11.479575831436645 179 158 101 0.97887574704992575 4 974 15 742 16 952 9 962 8 922 5 980 7 872 12 825 14 833 13 804 19 882 1 742 2 748 3 770 23 702 20 694 18 704 21 691 22 672 29 726 25 726 17 695 24 649 44 579 26 760 37 581 38 631 39 564
316 -0.91972521394721751 -0.56253955313914072 14.861311015512243 31 31 31 1.005270118542994 4 983 15 748 6 1012 16 960 9 969 8 929 5 989 11 865 10 885 7 878 12 831 14 839 13 808 19 885 1 750 2 752 3 766 23 706 20 697 18 699 19 877 21 686 22 675 24 643 24 652
317 1.9494723882306013 -0.53640714253132471 14.221307752119996 167 150 143 0.80528271965365983 4 995 15 761 16 976 9 980 8 946 5 1003 11 883 10 897 7 895 12 844 14 855 13 822 19 899 23 720 20 712 18 721 21 708 22 683 29 744 25 739 17 710 24 657 44 603 26 761 37 599 38 643 41 589 39 578 35 474
319 2.3343709115378393 -4.1189663841981679 11.740466555456374 188 62 2 1.8127745393163202 15 147 6 174 9 169 17 136
320 0.80914869069831863 -3.4669572154204191 11.929520809519406 170 66 3 1.986327810282198 15 159 6 197 11 417 10 178 26 392
321 3.0957754795827874 -6.1869156956856877 10.839877112649994 246 172 168 0.76961679203866262 15 10 9 33 8 24 12 427 14 23 13 27 19 455 23 14 20 196 18 4 21 10 22 5 17 10 24 12
322 0.85830663989681821 -5.986767419954437 11.045204906633513 255 189 184 1.1201768651665978 16 718 9 733 8 596 11 615 7 643 5 620 12 431 14 532 10 447 26 440
327 -0.66932431500533873 -4.6441357316427769 11.626470672034323 188 154 100 0.20220536943309703 4 436 15 316 6 438 16 388 9 376 8 398 10 369 7 330 12 358 14 360 13 355 19 143 1 277 2 271 3 280 23 244 20 278 18 278 21 249 22 250 29 256 25 274 17 129 24 226 37 81 38 87 41 69 39 77 32 65
328 2.928482865623514 -4.1874442779201022 11.957538456017742 142 61 12 0.57206415991980764 4 450 15 324 6 450 14 368 19 378 1 293 18 284 17 284 37 225 41 275 39 277
329 -0.84810772661399747 -5.6810994848711482 11.307609994942158 158 61 28 0.68030362451050752 4 540 15 253 6 549 16 503 9 309 8 315 5 304 11 195 10 285 7 251 12 291 14 290 13 288 19 315 1 200 2 197 3 210 18 209 22 309 17 236 24 179
331 2.9234699312106627 -4.298342043712764 11.900861404212289 154 128 41 0.64670353170957928 4 584 15 323 6 601 16 551 9 539 5 673 16 665 11 543 10 501 13 365 13 547 19 523 20 283 18 283 44 337 26 280
332 2.7271219964784308 -3.8175668731049948 12.107396723514933 160 113 31 0.43706756867344859 4 588 15 433 6 606 16 554 9 548 8 537 5 537 12 476 14 480 13 461 4 701 19 379 1 387 1 488 2 376 3 389 23 108 12 162 18 286 22 346 29 370 25 127 17 288 24 233 26 283 37 116 38 333 39 107
333 2.7558434245389676 -3.6373781603896109 12.21459839105326 162 115 36 0.47903585729286952 4 456 15 156 6 608 16 559 9 392 9 555 8 196 5 542 11 413 10 390 7 156 12 170 14 166 13 161 19 386 1 121 3 118 20 125 18 126 17 144 26 134 37 236 38 335 41 219 39 211
334 -0.87649516303724051 -3.6999379632100116 12.506166460693747 208 75 20 1.0879235357560453 4 595 15 436 6 611 16 561 9 557 8 542 5 546 11 414 10 509 7 473 12 480 14 584 13 467 13 555 19 387 1 296 4 459 3 121 20 128 22 265 25 381 41 102 39 106
335 1.4147217676892783 -2.6962987002594745 12.537859225078895 169 88 26 0.89114414016464838 4 610 15 183 6 625 16 579 9 572 8 557 5 566 11 432 10 528 7 490 19 401 3 402 17 305 44 274
339 0.38291384475136903 -5.0708579089502228 11.306590945981924 182 159 105 0.58306957946906546 15 409 6 690 16 641 9 647 8 623 5 648 11 514 10 577 7 566 12 542 14 551 13 525 19 500 1 463 2 445 3 455 23 410 20 364 18 367 21 325 21 415 22 331 29 454 25 445 17 373 24 326 44 392 26 460 37 275 38 307 41 259 39 177 39 261 35 212 28 482 32 398 34 426 30 437 33 157
340 0.46755056352339908 -4.7753096108236557 11.433479105291914 185 160 104 0.62766309961360722 15 423 6 701 19 513 3 468 17 386 24 338 39 266 30 449
341 0.92831026116688131 -4.2225647754144777 11.609272850249356 192 56 1 1.3573155264311918 15 518 6 719 8 174 9 166 5 671 1 555 22 424 38 416
342 2.1300084645483839 -3.1010145565448197 12.322904204669532 181 142 98 0.58035128645222012 15 448 6 734 16 676 9 685 8 662 5 783 11 560 10 617 7 596 12 578 14 591 13 558 19 548 1 566 2 552 3 501 23 444 20 474 18 389 21 445 22 439 29 383 25 480 17 157 14 184 24 357 24 442 26 503 37 377 38 435 41 369 39 369
343 2.3895268439153221 -2.4951337884701092 12.819391774110859 127 34 3 0.64532202975454667 4 721 15 460 6 747 16 766 9 700 8 671 5 794 11 662 10 626 7 607 12 659 14 505 14 606 13 571 19 565 2 494 3 585 20 488 21 365 29 398 29 496 25 399 17 419 17 504 24 368 24 452 44 191 26 642 37 247 38 148 35 335
345 -0.10622691726934978 -2.2019486400435491 13.10592480332379 187 109 34 0.55067928233425523 15 600 6 823 16 769 9 781 8 752 11 670 12 663 14 678 13 644 19 738 2 634 3 659 23 549 20 564 18 556 21 468 22 528 29 563 25 573 17 577 24 457 44 425 26 592 37 384 38 500 41 433 39 438
346 2.2728485691924343 -1.8378166026155447 13.182972996709081 173 117 41 1.0368388412443015 4 807 15 469 6 831 16 696 9 787 5 808 11 676 10 638 7 618 12 592 14 410 13 576 19 663 1 586 2 571 3 523 37 390
347 -0.42261520982642059 -1.9577099890455414 13.539611644050515 166 145 138 0.57634765201072347 15 604 6 833 16 843 9 859 8 816 12 667 14 682 13 649 19 741 1 588 23 553 18 560 21 470 22 531 29 566 25 578 17 582 24 529 44 427 28 253
348 2.7977864414357176 -1.2803258737600813 13.95702264102451 182 152 138 0.90117919281560666 4 821 15 360 6 844 16 601 9 607 8 576 10 545 7 509 12 515 14 517 13 398 19 433 1 524 2 508 3 533 20 315 18 322 21 145 20 182 21 282 22 151 29 507 17 326 24 269
350 -0.31060060549380097 -3.8126990227531938 12.050382326544865 104 2 0 0.26580127295072964 15 585 6 877 16 831 9 848 8 796 5 857 11 730 12 715 14 657 13 704 19 717 23 525 20 548 18 539 22 512 25 547 17 560 24 510 44 402 26 639
354 2.5144520373992703 -0.96529849255866018 13.949417810413165 22 43 102 0.73921766580145232 15 658 16 848 9 863 8 820 11 758 10 781 4 923 7 780 12 727 14 742 13 716 19 793 1 691 23 608 20 617 18 618 22 582 29 637 25 642 17 624 24 572 44 482 37 532 38 587 41 519 39 518 12 776 35 423
357 -0.074136196554821093 -0.80173204732960635 14.161377156719928 199 170 163 0.43400682334527635 15 691 9 911 16 923 8 892 5 953 11 831 12 778 14 787 13 755 19 833 23 655 20 651 18 652 25 686 17 656 24 601 44 486 26 699
358 2.6353334287758297 -3.4772130205058112 12.238700464309794 179 55 5 0.70273278971606867 4 938 15 679 6 966 16 904 9 895 8 877 5 939 11 818 10 839 7 833 12 760 14 772 13 742 19 820 1 706 2 711 3 726 23 640 20 640 18 640 21 627 22 606 29 666 25 672 17 644 24 588 44 513 26 679 37 552 38 605 41 542 39 537 35 440 32 86
359 -0.72164799193916485 -5.5707750339087072 11.349177104653526 197 104 58 0.82140626458797483 4 950 15 703 6 980 16 930 9 943 8 897 5 957 11 834 10 851 7 848 12 786 13 764 19 843 1 714 2 723 3 734 23 686 20 659 18 664 21 650 22 630 29 706 25 709 17 664 24 610 44 536 28 726
360 1.0809507416856183 -2.3751712806650196 12.745245377793269 176 145 102 0.52199726204397789 15 720 6 993 16 911 9 929 5 945 12 797 14 809 13 775 19 858 3 748 23 680 20 672 18 680 21 664 22 645 29 698 25 704 17 679 24 627 44 556 26 724 37 520 41 547 39 509 35 445
361 1.9950852329380857 -1.3908042915344137 13.455394306538615 158 149 148 0.52409005094594907 4 967 15 687 6 998 16 918 9 936 8 888 10 868 12 802 14 814 13 780 19 829 1 736 2 741 3 753 23 684 20 677 18 684 21 671 22 650 29 702 25 683 17 654 24 631 44 561 26 695
362 -0.44330620410545152 -0.56336927428050698 14.635029661518825 199 189 190 0.45800232438970967 4 969 15 727 6 1000 5 976 11 854 10 869 7 867 1 737 3 755 22 654
364 3.1490999706358251 -6.5136254432268359 10.801902027973 182 109 102 0.79061464031270867 15 477 16 7 9 7 5 253 6 10 11 169 13 2 19 591 23 484 20 511 18 414 21 494 22 380 29 514 25 517 17 435 24 387 44 378
365 2.4159239410717595 -6.3683271390939193 10.791196459565899 241 167 161 0.85885066758560646 15 374 16 13 9 272 12 259 14 260 13 257 23 382 20 420 18 418 21 387 22 382 29 421 25 423 17 340 24 389
367 2.6247522105933272 -6.1467775557864917 10.919923494490311 194 80 53 0.25363499334480116 15 11 16 24 9 34 13 31 18 5
368 0.59148806628448591 -6.2662280627357578 11.21993166278115 186 98 86 1.4653755251568388 15 231 16 26 9 282 12 270 14 27 13 35 19 598 23 387 20 424 18 339 18 419 22 171 22 385 29 519 25 523 17 344 17 442 24 396 44 132
372 -1.1985682108246418 -5.8416203224698791 11.289784544321165 169 76 53 0.61025392904435605 4 325 16 49 10 278 2 189
373 1.2291661606410615 -5.8375358787091285 11.237123185485048 252 225 208 0.35191904503394095 15 30 16 50 9 55 11 185 8 303 7 407 14 41 13 48 8 304 19 34 18 28 24 29
374 0.29087681568788371 -5.6688319089784667 11.115042619041343 194 158 106 0.20463231285923111 4 46 6 57 16 55 5 43 11 16
375 1.1916699562043227 -5.7152558729736596 11.20048948741222 181 168 135 1.4895080847440354 15 242 16 56 9 57 9 299 8 46 5 44 11 17 12 46 14 45 13 51 13 277 19 308 23 307 20 343 7 36 18 199 21 304 22 177 29 326 25 337 17 226 24 171 44 140 26 333 41 247 37 266 35 119 32 374 28 564 34 406
377 1.8570194260008293 -5.7789668346616709 11.477937737749775 244 225 192 0.17025432044088742 15 387 16 61 22 308 17 351
378 1.2043951168387392 -5.5016310980541716 11.031983597781688 198 145 131 2.114272191634452 15 40 16 70 23 34 21 30
379 2.3200953594675471 -5.5283980490465696 11.087863326795416 247 209 174 0.75916794225929662 6 71 16 71 5 74 11 35 10 69 7 53 1 40 26 212
380 -0.55625019604124792 -5.5149445027066717 11.203731064724545 179 84 44 1.6794370928042994 4 72 16 74 6 70
382 -0.45397974002537478 -5.4339952051525495 11.304088232418252 171 70 20 0.27160597982201923 6 82 16 81 8 331 5 87 11 41 10 78 7 63 12 305 14 311 13 303 19 81 1 42 2 219 23 195 20 231 18 233 21 201 22 210 25 223
384 0.56627383561117461 -5.3257055311598807 11.082126438787983 187 66 19 0.24341180068814811 15 66 16 84 9 90 8 84 11 44 12 70 13 75 22 42 25 54 17 65
385 0.15340511826993525 -5.3246865770351341 11.209311216883718 204 149 95 0.18324087672879746 4 94 6 85 16 93 9 95 8 92 5 92 10 87 7 69 19 85 3 43 18 56
386 0.15369511136417394 -5.3244908335714829 11.209317875845418 204 149 95 0.1938086576311718 4 95 6 86 16 94 9 96 8 93 5 93 11 51 10 88 7 70 19 86 3 44 18 57
387 2.6065616138052876 -5.2603168759102399 11.082805082866246 160 110 62 0.77899355093171696 4 102 16 95 5 330 11 227
389 -0.02738511287268634 -5.3021677123597817 11.243628084624623 160 89 41 0.28954810852781054 6 91 16 98 11 53 7 75 12 80 1 51 2 43 26 59
390 -0.02738511287268634 -5.3021677123597817 11.243628084624623 160 89 41 0.28954810852781054 6 92 16 99 11 54 12 81 7 76 1 52 2 44 26 60
392 -0.68322772313558533 -5.1756237913709553 11.336149211840029 177 80 40 1.7620709959692473 4 105 16 101 6 107 8 100 44 157 32 248
394 -0.23034512504383933 -5.174677933111326 11.401354400262992 211 130 81 0.091719629914386938 6 108 16 109 4 113 9 105 8 103 5 118 11 66 10 103 7 86
396 1.6430630077000588 -4.9653474784848628 11.11525517714823 198 70 19 0.89967188124696884 4 116 6 113 16 114 38 73
397 -0.71559060089104509 -5.0987222032813024 11.462866535935362 217 142 93 0.12832926443043585 4 119 6 114 16 119 9 119 8 123 5 119 11 70 10 114 7 97 13 104 1 68 2 54 3 64 18 78 25 77 18 79 26 90
398 2.583725901576047 -5.0130173663123818 11.302912703454163 133 52 4 0.87849567634719428 6 575 16 121 17 82 41 54 30 442
399 0.16380119447269922 -5.0686458591411405 11.449324326996363 189 62 15 0.44938662193983253 6 409 16 122 5 354 11 243 14 337 12 459 13 444 19 356 22 227 29 226 25 244
400 0.16410788756424916 -5.0689568079794443 11.451600436562854 189 62 15 0.47770203199975558 4 125 6 408 16 123 5 353 11 242 14 336 19 355 25 243
401 0.5644050612453434 -4.9806524151126039 11.277777281511936 211 132 82 0.11608089309777975 4 121 6 116 16 125 5 123
402 0.56622823115892218 -4.9864183683618482 11.286130714457745 211 132 82 0.16209918142729485 6 117 16 126 5 124 11 76
405 -0.18271325717517939 -5.0070134219517888 11.453489662983204 224 147 97 0.1735606203017839 4 133 16 131 9 130 8 136 5 134 11 83 10 125
407 0.78460905970570061 -4.8632774295021957 11.275715776987905 203 152 93 0.3615047971986951 4 135 6 133 16 135
408 -0.4349094759338098 -4.9503126925674943 11.502518685308246 227 165 112 0.35810453354961691 4 137 6 137 16 136 9 134 8 147 5 138 11 91 10 132
411 -0.31639001794347854 -4.9110352527776397 11.521701291887478 175 68 22 0.51049540762355305 4 143 6 143 16 141 9 138 8 154 5 142 11 97 10 142 7 119 13 132 2 82 3 88 25 93
412 -0.22347331945345233 -4.9629668864341321 11.60618313799743 171 65 19 0.75768733478439942 4 145 6 144 16 142 9 145 5 143 11 98 26 117
413 0.076042441606621686 -4.8912811215715903 11.470098909731593 178 61 16 0.36264215862842564 4 146 6 145 16 143 8 155 5 366 11 249
415 -0.69062338094143416 -4.7471197123246132 11.579921046835086 159 81 39 0.10574143084122815 4 150 6 151 16 148 5 147 11 103
416 -0.13928985780938408 -4.7184347239678592 11.581853343232018 203 160 102 0.2320700243186877 6 154 16 150 11 105
417 -0.13928985780938408 -4.7184347239678592 11.581853343232018 203 160 102 0.2320700243186877 6 155 16 151 11 106
418 -0.79672431721262249 -4.7453555751208105 11.659040447225197 243 203 181 0.21161242535972333 4 422 6 431 16 152 9 151 8 160 5 378 11 107 10 155 7 129 12 145 14 138 13 139 3 273 18 109 21 92 25 111
420 2.427130143783196 -4.1727496800832684 11.73493090285992 186 64 0 1.484255683064448 4 176 6 172 16 160 9 168 5 395 2 98
421 3.1161698027681908 -4.2425377964649078 12.510764697691048 123 35 0 1.2180514593226908 15 148 16 161 13 151 17 137
422 -0.31519198288777006 -3.983021309334386 11.96976884871378 192 58 0 0.3929907875792738 6 179 16 163 26 132
423 2.7130883089433877 -3.8841360277305359 12.013487793393855 140 69 0 0.2496348942060139 4 183 6 187 16 164 8 182 5 165 11 118 10 170 7 147 12 159 1 114 3 108 21 108 25 126 44 79 37 115 38 123 39 105
424 -0.13438101126916874 -3.8639972710460428 12.068333474958253 169 45 24 0.93868893986370017 4 184 6 188 16 167 8 184 5 168 11 119 9 389 10 171 14 159 13 154 1 115 2 102 3 109 18 122 22 102 25 128
425 -1.1416701353382452 -3.8360670461332522 11.947127085151571 215 77 21 1.0172085875148533 15 151 16 168 13 156
426 -0.68588271629160491 -3.7968362745829318 12.257390255016592 103 3 0 0.26957821097065154 6 193 16 174 9 183 5 178 11 124 19 173 2 289 29 114 25 132 24 105
427 -0.19757073499572919 -3.6971042814707791 12.11841810894288 204 114 76 0.18030053559319462 4 189 16 176 8 193 10 177 12 169 1 119 2 107 3 114 23 113 22 108 25 135
428 -0.29100916276869643 -3.5567874488016655 12.232811678912553 148 29 10 1.7473664924548036 6 198 16 181 8 202 5 182 11 128 10 181 3 120 29 118
429 1.6937327443478549 -3.5110672888942913 12.218330204773778 189 65 4 1.9416389149705278 16 182 9 187 13 168 4 197 32 428
430 2.2087688971012849 -3.3925638745102753 12.214472893492907 185 67 0 1.2131546508327136 4 202 6 460 16 185 9 193 5 404 7 161 19 179 19 181 41 107
431 2.7188290738004084 -3.3279286115780371 12.389778173986057 157 53 2 2.0126358884846614 6 210 15 165 16 190 9 196 9 199 8 218 5 406 7 164 12 180 13 177 1 301 19 182 2 296 23 122 11 419 29 122
433 -0.64621528053764532 -3.418454745829985 12.60995675119322 184 59 38 0.73999852595492122 4 204 6 211 16 195 5 191 11 134 10 185 14 178
434 0.17209313683179836 -3.1759280302582908 12.333154302103129 135 13 0 0.25157010186728368 4 206 6 214 16 197 9 205 8 222 5 194 11 138 10 189 7 168 13 187 1 130 2 117 3 134
438 0.23791312949947468 -2.9724814944205682 12.49716231495519 182 101 43 0.42652484471563334 6 226 16 206 5 205 11 146
439 -0.19362806131688273 -3.0050923803925484 12.667003587448882 206 131 61 0.23943488499107138 6 228 16 207 5 207 11 147 26 157
440 -1.007973349771063 -3.0725758252298632 12.843624515427209 234 186 116 1.4964750169372338 4 214 16 208 7 175 13 192
441 1.3822082157841156 -2.8459304650363952 12.355629270630509 168 80 17 1.4574148893845686 6 473 16 209 9 413 5 565 11 564 35 232 32 96 26 296
442 -1.1669203013014267 -3.1705636506214403 13.587860543574312 186 121 40 0.76394093567092436 15 176 16 213 9 415 5 212 4 483 6 236 11 292 10 197 14 192 23 134 17 168
443 0.062397683157268381 -2.8541715417910378 12.646915643407565 207 161 84 0.95987016720350593 4 216 6 624 16 215 9 693 10 621 6 739 13 568 26 159
445 -0.1234120526074324 -2.8205246878244439 12.676264066953207 177 109 32 0.25462831367873739 6 235 16 218 10 198 7 179 1 142 2 126 3 145
448 0.90535803587586916 -2.5087525674455375 12.726103540778491 192 142 84 1.3346911624896016 4 233 6 247 16 224 5 218 11 572 19 411 29 137
449 0.66232880182802789 -2.5580854507732398 12.850442384266092 193 143 80 1.5811931254679332 6 246 16 225 9 225 13 198 19 218
454 1.4980535778398973 -1.7253311492356493 13.102955645348635 146 68 47 1.5307985500881496 6 270 16 243 4 808 9 595 5 714 11 584 19 242 1 654
455 1.5616596588413607 -1.6673633826093748 13.1010397371371 203 141 101 0.53603774314221686 6 273 16 245 9 445 5 437 11 453 10 227 19 245
456 0.14734129827302139 -1.7623067897706608 13.343196260577473 191 111 71 0.81663394358913788 4 630 6 647 16 246 9 596 5 589 19 429 38 162
457 1.2835342009035855 -1.663289242646671 13.345771138931253 204 138 97 1.2004584412191117 4 258 16 250 10 228 19 250 20 176
458 1.6576222279930075 -1.4296941915347186 13.432817882207438 169 123 78 0.95791877652275648 4 267 16 253 9 603 5 721 11 456 19 253
459 1.5597352331220014 -1.3818032149150683 13.58543765736184 179 132 87 1.5585912909470963 4 269 16 254 7 205 19 254 14 838 18 707 37 587
460 1.3344543096441588 -1.4779178502902592 13.950871209809316 172 123 78 1.9977947791620714 6 507 9 716 5 442 11 315 12 673 20 313 14 230 18 168 18 565 22 149 17 587
461 1.3806618120445986 -1.3359042776611176 13.538541314728526 189 174 172 2.0627367253883708 6 287 16 259 4 271 9 451 23 469 21 481 22 461 25 507 26 535 35 295
462 2.7827981422200652 -0.83095965217218359 14.134054553489422 61 65 91 1.6805590801721706 4 280 16 264 5 238
464 3.0269471118831013 0.45383228025834044 14.487906509782917 41 41 41 0.92373175639292016 4 290 16 272 18 186 21 154 24 156
465 -0.50181671728422572 -6.5751242420979681 10.916604089380668 183 86 65 1.9555706257499563 15 0 16 276 8 269 19 0 23 6 21 3 25 0 24 4
468 -0.11309813051826376 -6.3935133373780779 10.827051348872784 241 168 153 1.2208630845733992 15 2 16 279 9 10 8 13 12 5 14 7 13 9 21 6 17 210 24 160
469 2.6025527140021318 -6.284652898906856 10.762015813866578 245 171 164 1.6417020644388105 15 228 16 282 9 21 12 261 14 16 9 23 12 18 13 16 13 261 19 451 20 330
470 0.41260077427151309 -6.2374204038069818 10.986475255902663 253 192 183 1.1585488150987684 15 379 16 286 9 280 8 472 5 464 4 306 11 330 10 268 12 266 14 436 13 263 44 296
471 1.2349406209794869 -6.4695503107636583 11.288632461967431 238 165 159 0.61640699957488521 15 9 16 287 9 279 8 283 13 21
472 0.40226462954010678 -6.0981171248926627 10.990783625757128 184 71 43 1.5119645112505882 15 617 16 290 9 35 8 26 5 883 10 787 7 784 12 27 19 753 23 566 20 576 18 574 21 559 22 546 29 588 25 597 17 592 24 535
473 3.1408706908562922 -5.9719717928949727 10.891627683100433 210 82 37 1.0501825032635537 4 314 15 234 16 292 6 334 9 477 5 274 6 336 4 24 10 25 12 274 13 270 7 18 23 23 18 194 22 172 29 168 25 16 17 19 24 22
477 -1.3209014434254462 -6.0305935061946547 11.438386558396632 183 66 37 1.1627792760459241 15 237 16 299 9 290 8 295 4 37 14 277 13 273 19 468 2 187 20 339 18 343 25 334 17 348 26 332 19 467
479 -0.71845315626650719 -5.672219455690481 11.246430168513465 177 67 24 0.54512098557687116 15 250 16 310 9 302 8 310 5 299 11 19 10 282 7 243 12 283 14 286 13 282 19 48 1 199 20 208 18 204 21 177 22 182 29 178 25 192 17 36 24 175 26 339 28 20
480 -0.62538915297070319 -5.7057440772431711 11.316376687112584 177 60 16 0.97022828608458489 15 247 16 311 9 303 8 311 5 296 11 194 7 244 12 284 14 46 13 280 19 49 1 536 4 757 6 780 2 523 3 550 23 170 20 30 18 31 21 178 22 20 17 229 24 32
481 -0.47558822549864177 -5.6490257931303764 11.206474595170132 172 69 29 0.48706696850583425 15 36 16 312 9 305 8 313 5 300 11 20 7 247 13 283 19 51 23 172 20 209 18 205 21 180 22 183 29 179 25 195 17 231 37 18 38 17 41 164 39 152 28 21
482 0.36927124066831085 -5.4584571877118222 10.971609610182929 232 201 156 1.6297884833252263 4 55 16 315 6 354 11 199 19 318 26 223 38 295 41 14
483 1.8478172553978782 -5.4423116117334134 11.052945565409079 186 164 113 0.87962478573829084 15 51 16 321 5 82 14 61 19 324 20 39 44 304
484 1.08997179844402 -5.4607530661834653 11.197357161224073 225 155 125 1.3029155748022572 6 76 15 57 16 323 19 64 2 36 18 46 29 48 25 49 17 56 24 51 9 81
486 -0.67842574218566276 -5.4201863270739805 11.239165437745765 195 65 19 1.2280380893586103 6 371 15 267 16 325 8 330 5 313 10 303 7 264 1 218 23 194 18 232 22 205 17 62
488 0.3042674068982465 -5.3627678772317271 11.14109133964952 189 57 12 0.68613239426669725 4 85 6 78 16 330 9 321 5 318 11 210 10 81 7 65 19 73 23 46 20 49 17 63
489 1.489853631410156 -5.4197400735315391 11.253794911561108 245 223 192 0.58971016057262471 15 397 16 332 9 322 8 337 14 310 13 73 20 352 21 313 22 317 25 349 17 358 24 308
490 1.2684577369083139 -5.2435939963074176 11.090400140871957 171 69 26 0.33767524552733519 15 70 16 346 9 337 8 347 5 98 11 226 10 92 7 276 12 79 14 78 13 82 19 87 23 47 20 50 18 59 29 55 25 56 17 71 38 59 41 43 39 47
492 0.73569762214529144 -5.0491976567258376 11.211921835099934 204 155 102 0.67786478378433257 4 379 6 395 16 353 9 113 8 119 8 359 5 338 11 385 19 343 18 69
493 0.66197427170986045 -5.0402697485375985 11.23285206106916 186 53 2 0.29199612610335995 4 384 6 400 16 354 8 515 5 347 11 240 19 348
495 0.56123976625444494 -4.6480483557204728 11.432819034880151 196 159 107 0.39645333898268292 4 418 6 428 16 379 9 367 8 391 5 375 11 260 10 361 14 140 13 140 19 366 2 260 20 107 29 104 17 123 24 92 37 87 41 73
496 0.55838755787332606 -4.6426475722030309 11.41891375454933 196 159 107 0.36675806769743891 4 419 6 429 16 380 9 368 5 376 11 261 10 362 14 141 13 141 19 367 2 261 20 108 29 105 17 124 24 93
500 2.1681530051710056 -4.5343781369869216 11.479617644415413 166 131 78 0.25498069182885646 4 439 6 443 16 392 9 379 8 406 5 386 11 271 10 377 7 337 12 153 19 140 1 285 2 280 3 288 37 221 38 243 41 208 39 199 32 261
502 -0.058068922163128638 -3.9520541376455047 11.92319841994018 203 136 100 0.1974625357054848 6 180 16 399 9 173 8 177 5 398 11 403 19 160 35 157
503 0.086099499066222204 -3.9146317359752816 11.907083673382207 189 63 13 1.8789457959345617 4 453 6 182 16 400 9 388 8 180 11 116 7 145 12 160 14 156 19 163 3 106
504 -0.27183510930983307 -3.9479039321176699 11.98251392043441 203 140 100 0.55733471849769212 4 180 6 454 16 401 9 174 8 179 5 400 11 404 19 164 44 339 26 133 35 71
505 -0.48198667063989903 -3.8900971087845382 12.163177681147991 185 135 104 1.4130518106790759 6 189 16 403 5 170 11 546 19 168 26 490
507 -0.94694363478558574 -3.7149942028786516 12.553817355364806 222 91 27 1.0371514633967531 4 194 6 458 16 407 9 394 5 181 14 172 26 495
508 -0.20510422119192839 -3.4673441870443114 12.297835094353786 116 46 49 0.25962108330618372 15 441 16 410 9 397 12 485 14 488 13 469 19 539 23 353 20 382 18 295 21 350 22 350 25 385 17 401 24 352 26 579
509 -0.72872962668870711 -3.4487821255065967 12.602297512265915 153 29 4 0.82662586298573015 4 468 6 466 16 412 9 200 8 430 5 407 11 282 10 399 7 355 12 181 13 180 2 295 3 397 23 125 37 119 38 127
510 2.057345449064711 -3.2972443407043652 12.24525821890097 195 140 80 1.481399088294147 4 465 6 462 16 413 9 403 10 184 13 373 19 185 16 192
511 -0.33139455283282399 -3.3411773067364154 12.358655266457417 185 76 64 0.21741019640125234 15 170 16 414 9 404 8 217 12 183 13 184 19 188 23 126 20 134 22 117 29 125 25 147 17 153 24 115
512 -0.0089360939127268689 -3.2353659350989443 12.021608543112569 100 0 0 1.4908074587359694 15 171 16 415 9 202 8 214 12 377 14 181 13 185 19 192 20 137 18 136 15 169 21 122 22 118 13 181 17 154 17 298 24 117 26 399
513 1.6038187125166063 -2.9312481704637863 12.381120551103269 194 143 95 0.40303625701789986 4 605 6 622 16 419 9 567 8 436 5 560 11 562 7 486 19 399 2 122 3 309 20 141 25 156 17 167 38 261 35 231
514 2.0047804718312046 -2.917977265459613 12.389446418943171 163 83 20 0.41528553942632246 4 606 6 623 16 420 9 412 8 552 5 561 11 425 10 525 7 487 13 378 19 398 3 400 23 266 18 306 29 282 24 123 37 241 41 226 39 215 35 233
515 -0.8563876179573533 -3.0231731884878235 13.016359815955559 227 102 48 0.88874848205277479 15 343 16 422 9 414 12 384 14 194 13 379 19 204 20 144 18 147 22 130 17 303 24 125 37 123 39 368
516 0.55789508505541352 -2.8073616301260937 12.453109704980983 198 156 118 0.20279806574224493 6 231 16 423 9 417
518 1.2781144828630451 -2.7171672400244518 12.4911857919056 190 114 49 0.18596125158642821 6 478 16 427 9 221 5 416
519 1.2113033216852729 -2.628141310162146 12.617650731860261 172 70 26 1.4266404678457141 6 481 16 428 9 420 8 235 5 418 4 222 7 180 12 199 14 197 19 215 1 144 1 149 2 132 3 312 29 135 37 126 39 121 28 383
521 0.95452134590788784 -2.5469483792328269 12.677211608006848 169 70 20 0.57008816238853599 4 227 6 241 16 430 14 504 19 217 39 375
522 0.80979682166937295 -2.6087284388950462 13.149458552287674 191 144 85 1.8052172788860996 15 347 16 431 5 701
523 0.54130223198908489 -2.4495184337167388 12.481118802039431 195 150 95 1.1467348250001812 4 235 16 433 6 245 9 425 5 422 11 299 19 220 34 472
524 3.120697304611614 -2.5334276185286253 13.715908437918378 136 62 24 1.1225631618621714 15 349 16 436 9 429 5 577 6 640 10 538 7 501 12 204 13 388 1 313 3 315 20 305 22 280 29 289 25 305 17 171
525 2.9046351721816297 -2.2894104167549951 13.659170440420096 157 96 31 0.56524600743447995 4 623 15 353 16 439 6 641 9 230 8 446 10 412 16 234 7 503 12 210 13 392 1 413 2 396 3 410 20 164 18 156 17 317 24 137
526 0.15000957244137048 -2.1894829136941758 13.048978990323604 195 167 104 0.26137643941788125 4 495 6 488 16 440 9 434 8 447 5 581 11 154 10 413 7 373 12 400 14 209 19 226 1 315 2 308 3 316 23 139 20 169 18 158 21 139 29 297 17 178 24 139 37 138 41 132
527 0.84295873501255691 -1.9585261358896626 12.997388758200367 201 140 93 0.63356638854966452 4 501 6 643 16 444 9 589 8 250 5 711 11 581 10 417 7 376 14 214 19 423 1 317 2 312 3 156 18 163 37 143 39 134
528 -0.52313093347582895 -1.9383345539186805 13.417931742749428 196 166 157 0.74459582213481956 6 499 16 447 9 440 7 379 19 425
529 3.2448343419152281 -1.8311563461356217 14.557097718775582 194 157 139 0.75568437067690608 15 359 16 448 9 441 8 575 11 589 12 405 14 412 13 396 19 424 23 283 20 311 22 283 29 302 14 219 12 222 15 201 25 411 24 267 44 101
530 2.0637691555362396 -1.4685083428667338 13.370197808258524 184 169 153 1.8252097774762468 6 504 16 451 4 264 5 594 10 231
531 2.7926484299133656 -1.4815216739940242 13.849034795200293 184 157 145 1.0771890364668071 4 266 16 452 6 506 14 227 1 324 18 167 25 173
532 -0.60265905878606529 -1.181447875299755 14.116844327558029 232 195 180 1.1873680635583064 6 654 15 212 16 455 11 320 10 429 7 384 12 408 14 417 13 400 2 409 3 421 18 175 21 149 22 155 17 197
536 0.29344546625624501 -0.52855045787506805 14.214970402840592 174 148 144 0.61502669747983529 6 665 16 464 8 465 5 606 10 555 7 520 12 418 14 424 4 288 19 438 2 419 3 433 23 293 20 324 18 185 29 310 25 322 17 203 24 279 26 191
538 -1.4203538020885131 -6.2599479052660749 10.739428644497023 217 125 112 1.8815600708200571 4 516 16 469 6 526 8 273 5 456 5 460 11 327 10 440 7 231 7 522
539 2.6106707581877235 -6.518916642661944 11.036294354756459 242 165 161 0.25301071984219875 15 1 16 470 18 1 21 4 29 4 17 2
541 0.19243337108883288 -6.0879040695136011 10.465911094576709 191 75 46 1.6978515281995794 15 376 16 473 9 471 6 316 4 297 5 736 11 610 7 638 12 423 14 433 13 406 19 292 23 385 20 332 20 423 18 337 21 394 14 529 29 428 23 492
542 0.28343789279140513 -6.0342241358176221 10.650028416267963 194 73 34 0.90901022770896878 15 12 16 476 14 530 18 191 17 12
545 2.1616163037556944 -5.8785528412153818 10.806489353402817 249 181 162 1.6594099737573 6 332 16 482 4 316 8 288 19 458 23 389 21 395
546 2.1818758749700726 -5.8172838942039471 10.866422059396339 202 68 22 0.91140802348114769 15 383 16 490 9 479 8 599 5 625 11 344 12 277 14 438 13 409 19 462 23 304 20 337 18 342 22 305 29 320 25 332 44 210 41 323 37 453
547 -1.0943211283734326 -5.9825525192479647 11.303316052564867 184 111 97 1.2242351010620944 15 236 16 491 9 481 8 476 11 343 6 538 4 531 14 35 19 466 23 305 20 338 18 197 21 302 22 175 29 324 25 333 17 223 24 169
549 0.71072675638177185 -5.9703394851797009 11.324989838357702 197 172 122 1.1681735191276623 6 542 16 497 4 534 9 53 15 235 23 165 20 202 18 19 21 172 22 174 17 25 24 27
550 0.60187721767432267 -5.9185168130818884 11.333589841786031 245 226 191 1.5177810986886722 15 385 16 499 9 294 5 286 11 349 12 280 14 279 13 275 19 28 23 306 20 340 18 26 18 344 21 303 22 176 29 325 25 335 19 604 17 28 24 487
551 -0.92998312651165704 -5.6795858612065491 11.172448977859098 228 210 183 0.81726526804615185 4 44 15 243 16 501 9 490 8 603 5 631 10 456 7 412 12 436 14 283 13 278 1 195 2 191 3 19 17 34 44 142
553 -1.1185981680045551 -5.5411265939428631 11.379295962303132 208 181 131 0.63982011067067512 6 678 16 510 4 659 9 498 8 495 5 635 11 502 10 568 7 550 13 422 1 450 2 434 3 447
554 0.2295735324838081 -5.408354933431994 11.167080870663574 193 105 56 0.4312218645046621 6 557 16 512 5 495 11 368 19 331
555 0.0266277353560265 -5.2312036096708292 11.250842234411213 186 161 103 0.53765962583899207 4 552 6 560 16 517 9 509 8 619 5 646 11 378 12 448 14 451 13 430 19 492 23 323 20 359 18 362 21 320 22 324 29 339 17 368 24 320 26 358 38 301 35 263 30 430
558 2.708630436458066 -5.0355679748947901 11.334238223140535 149 57 14 0.48557412818270718 4 563 6 576 16 528 8 130 5 512 11 388 19 344 23 209 17 262 44 161 37 279 35 58 28 48 30 443
559 2.7016511156613623 -5.0204236482374212 11.309305489395438 149 57 14 0.2759939011876239 4 564 6 577 16 529 5 513 11 389 19 345
560 2.3491957542961441 -4.7122116867110204 11.192364471038635 153 73 29 1.4185868425159247 6 583 16 535 5 519 14 130
561 2.2558905232724706 -4.6657094854952321 11.398947099886103 149 54 12 0.21838545656159214 6 589 16 539 9 527 8 527 19 515 41 271
562 2.1784484122328416 -4.7518923104814403 11.68474077777158 186 89 42 0.79206083495392221 15 425 16 540 9 528 11 395 7 132
564 -0.98818861466269881 -4.5149724271326352 11.895366586070574 230 193 134 1.1011842933475404 4 172 16 548 9 537 5 393 12 155 14 152 14 478 28 681 30 683 45 609 46 580 47 610 48 609 40 599
568 -0.063433336213259653 -3.7797046342319378 12.028996397000174 76 0 0 0.18393903727766747 4 589 6 603 16 557 9 553 5 539 11 408 10 505 14 370 19 529 1 388 2 374 3 387
569 -0.54430946693683524 -3.7210354277026383 12.280189488025984 156 25 7 0.67195797580336525 4 592 16 560 9 556 8 540 11 411 10 507 1 391 2 378 3 391 20 380 29 378 25 380 17 292 24 240 44 177 38 251 41 216 39 207
571 0.63622280772861084 -3.4171641782382922 12.097189430401361 198 64 0 0.51612839440869707 6 203 16 567 9 396 5 551
574 1.950043538974793 -3.1900567153796908 12.171215248419145 189 139 68 0.66440536175917897 6 212 16 574 9 203 11 557 10 614 19 543
575 -0.38360984499804307 -3.3074361923835411 12.47511249502902 117 10 0 0.27233689291052648 6 620 15 337 16 575 9 564 8 546 5 686 11 420 10 522 7 482 12 490 14 381 13 475 19 546 1 399 2 479 3 497 23 261 20 296 18 302 21 264 22 269 29 278 25 293 17 299 24 247 26 511 37 238 38 256 41 222 39 213
576 -0.38753258909144284 -3.2905312507419939 12.399995852340552 117 10 0 0.10139017929257473 15 338 16 576 9 565 8 547 13 476 19 547 23 262 20 297 18 303 21 265 22 270 29 279 25 294 17 300 24 248
578 2.8890098650365483 -2.621874565906968 13.297710371321795 86 19 0 0.28882051072284259 15 458 16 583 9 575 8 564 6 634 4 616 11 570 10 533 7 496 12 498 14 502 13 482 19 407 1 407 2 393 3 407 20 154 18 310 22 278 17 309 24 257
579 2.8955493067685159 -2.4834271698529218 12.987087028936749 138 69 16 1.810060840146293 15 459 16 587 11 298 5 421 7 362 7 611 12 502 13 483 19 408 3 148 18 311 11 438 25 162 17 418 24 258
580 0.26275246932150392 -2.5228244912275359 12.757539968841447 196 163 113 0.53288985626230756 4 615 6 632 16 588 9 579 8 566 5 574 11 435 10 206 19 412 44 278 41 119
581 2.0096109473993526 -2.4177432646144443 12.723357580447038 181 131 58 0.54784565121626783 4 617 6 750 16 590 9 580 8 568 5 575 5 704 11 573 7 612 14 508 13 200 14 201 19 410 1 408 1 512 3 514 23 371 20 402 21 367 29 402 25 402 17 313 26 414 37 325 38 360 39 221 35 243
582 0.77383616765310137 -2.3888975333688274 12.814258449854902 178 132 52 0.38985271499449925 4 621 6 638 16 594 8 443 5 578 11 441 10 213 19 416
583 0.46178686056967405 -2.0254739415279595 13.064053775943865 205 164 128 0.52926702124612746 4 500 6 493 16 595 9 438 8 450 11 451 12 214 14 212 13 215 19 233 18 162 24 144 5 710 26 423
584 1.9910818478270278 -1.7636213711668638 13.208534789665832 193 124 76 1.3594130673103448 4 628 16 597 6 759 9 593 8 682 5 713 11 748 10 639 7 698 14 221 10 224 19 577
585 2.4218136965228876 -1.7431344794787733 13.399584924870259 156 104 57 0.91740283819281809 6 835 16 598 9 709 5 716 11 582 10 641 7 620 12 512 14 515 14 611 19 664 3 526 23 461 20 496 18 492 21 472 24 462 26 530 37 391 38 451 41 383
586 0.098177560844021836 -1.6990182390668316 13.373769212995267 202 162 104 0.45190149454108325 4 260 6 278 16 600 9 600 5 592 19 432 38 163
587 3.2846668393033793 -0.85771208504780228 14.570201388174665 41 37 38 1.5388425609702021 4 281 15 472 16 605 6 297 9 615 8 581 5 447 5 604 11 597 10 245 7 213 7 516 12 519 13 401 19 586 1 171 21 150 25 320
588 -0.97252053069470845 -6.1449350824449587 11.375550542260793 233 158 153 0.68986586518933146 15 479 16 618 9 626 8 595 5 619 11 490 7 540 12 523 14 533 13 507 2 333 3 337 23 495 21 502 29 522 25 526 44 382
589 1.3662581332879313 -5.8651101884169172 11.012951135758099 255 191 191 1.0402176954377889 4 31 6 39 16 619 9 629 8 600 11 494 10 34 12 524 14 534 13 509 23 390 20 426 21 396 25 426 22 386 29 431 17 347 19 463 24 299 26 329
591 -0.55357034539055228 -5.6021752734372114 11.203731102918622 184 161 106 0.65493485840833765 15 392 16 627 9 634 8 606 5 633 11 497 7 547 12 439 14 441 13 416 19 476 2 339 23 311 20 345 18 348 21 308 22 312 29 331 25 341 17 354 24 303 44 224 26 344 35 113 28 467 30 246
592 0.37659334554192947 -5.3303372272822171 11.121085499513452 187 165 107 0.55106336845477044 15 493 16 634 9 641 8 614 5 642 11 507 10 572 7 559 12 534 14 543 13 517 19 481 15 398 1 455 2 438 3 452 23 318 23 404 20 353 20 438 18 353 21 316 22 318 22 399 29 446 25 350 25 437 17 359 24 311 26 353 37 544 41 533 39 530 34 416 45 400 46 402 47 225 48 410
593 0.38236781291637267 -5.3406167118395187 11.147669063928467 187 165 107 0.55342245801762202 15 399 16 635 9 642 8 615 5 643 11 508 7 560 12 535 13 518 19 482 23 319 20 354 18 354 21 317 22 319 25 351 17 360 24 312 35 131
594 -0.63094003906435792 -5.0514750673328708 11.476804273790352 194 61 14 0.47994642844442931 15 414 16 647 9 652 8 627 5 653 11 519 10 582 13 445 19 504 18 371 35 138
595 -0.70112402199021173 -4.7227192832198188 11.574085175401372 153 68 28 0.32941316160137063 4 681 6 706 16 654 9 658 8 637 5 660 11 531 10 589 7 575 1 473 2 455 3 469 37 280 38 407 41 263
596 -0.69516328715782971 -4.717398345072195 11.554739107079234 153 68 28 0.70393440697022647 15 511 16 655 9 659 12 552 13 535 18 451 21 423 25 456 26 477 30 451
597 0.046778504341947635 -4.5406662182155211 11.637487196379135 165 85 35 0.31518233692820113 4 692 6 715 16 662 9 670 8 648 10 600 7 584 12 562 14 572 13 544 2 466 3 481 23 427 20 461 18 454 21 428 22 422 29 469 17 475 44 335 26 482 35 219 32 490 30 286 48 421
598 -0.02373252444401731 -4.2998464117565769 11.77255094893709 194 60 5 1.6635473829862082 15 146 16 663 9 540 5 670 24 428 38 323 28 643 32 495 34 544
600 0.2202253895451575 -3.7679477321159163 11.951527389215542 168 44 18 0.24014845613126634 4 700 6 723 16 667 9 674 8 653 5 676 11 548 10 603 7 586 12 568 13 549 19 528 1 487 2 473 3 487 23 430 20 463 18 458 21 430 29 471 25 465 17 398 24 349 26 386 37 296 38 326 41 281 39 280 35 76
601 -0.75146442948889913 -3.7761681449240143 12.32279504471876 167 39 18 0.45448975700075278 6 725 16 670 5 678 11 551 10 606 7 590 19 531 3 490 21 432 26 286
602 -0.74898643480150295 -3.7733109225083927 12.309828045956863 167 39 18 0.26520334183133226 6 726 16 671 5 679 10 607 7 591 19 532 3 491 21 433
604 2.8562322875196497 -2.9584704678696423 12.914054614879381 142 94 34 0.46670705974656201 4 712 6 737 15 451 16 679 9 569 8 553 5 690 10 619 7 599 12 494 14 498 13 479 19 555 1 503 2 486 3 507 23 361 20 389 18 392 21 128 22 272 29 386 25 299 29 283 17 301 24 251 44 271 35 330
605 2.8573527995529213 -2.9586723820005987 12.914124430393665 142 94 34 0.4300502858065588 4 713 6 738 15 452 16 680 9 570 8 554 5 691 11 565 10 620 7 600 12 495 14 499 13 480 19 556 1 504 2 487 3 508 23 362 20 390 18 393 22 273 29 387 25 300 29 284 17 302 24 252 44 272 35 331
606 0.016655313884947145 -2.9368412334832406 12.570014717555678 200 75 6 0.6577928703915239 4 711 6 814 16 681 9 692 8 665 5 792 11 657 10 693 7 598 12 585 14 600 13 566 1 502 2 485 3 506 29 389 25 391 25 486 26 408 38 345 35 172
607 -0.055193006730474441 -2.8628222205050071 12.6508503670651 193 146 63 1.5356212757083338 4 480 15 179 16 682 8 556 5 692 10 196 10 527 14 195 13 194 19 207 1 308 2 303 3 310 23 136 20 151 25 159 24 126
608 0.17210778790039144 -2.8185844772853463 12.59305770893735 167 99 23 0.36129221115857668 15 454 16 684 9 695 8 667 5 694 10 623 12 588 13 570 23 365 20 394 18 397 21 361 29 392 25 394 17 416 24 363 37 313 38 347 41 296 39 291
611 2.2885944761533681 -2.0577741142276285 13.040255340319666 159 88 20 0.98719142819918881 4 803 6 825 16 693 8 678 5 802 11 671 10 703 7 692 1 581 2 565 3 589 23 459 20 493 21 466 22 455 29 502 25 497 37 387 38 447 41 377 39 379
613 1.745686093970042 -1.7133511615067727 13.101830154769896 194 128 79 0.72011242628906791 6 268 16 699 9 710 5 715 11 585 19 426 3 414 2 401
614 1.2208611588500324 -1.6001411610708536 13.231568122783059 198 140 92 0.41187612191440198 4 736 6 839 16 701 9 714 8 683 5 718 11 593 10 644 7 624 13 495 19 668 1 521 2 505 3 530 23 466 18 408 21 477 22 457 29 504 25 501 26 532 38 450 41 312 38 368
615 -0.39667892280247941 -1.6191958101074606 13.396245577979956 193 165 153 0.97737502216707273 6 761 16 702 4 737 9 715 8 685 11 594 10 715 7 626 12 597 14 614 13 579 3 532 23 467 20 411 12 514 21 479 29 413 25 503 17 427 24 376
617 2.6536921040142127 -6.382623718199838 11.050713324462354 201 93 74 0.91232403428914077 15 614 16 715 9 813 12 686 14 700 13 669 19 750 23 612 20 619 18 572 21 556 21 603 29 638 25 645 17 590 17 629 12 735 13 722 14 749 24 534 24 576
620 1.8879027186176718 -5.5166135891449004 11.038105868092257 241 226 211 1.1993586601102193 4 64 15 567 16 722 9 737 8 610 5 487 11 500 10 291 7 421 12 619 14 633 13 600 19 696 23 503 20 528 18 520 21 565 22 490 29 594 25 605 17 539 24 491
621 1.8879027186176718 -5.5166135891449004 11.038105868092257 241 226 211 1.1993586601102193 15 568 16 723 9 738 8 611 4 65 5 488 11 501 10 292 7 422 12 620 14 634 13 601 19 697 23 504 20 529 18 521 21 566 22 491 29 595 25 606 17 540 24 492
622 1.3965914244253319 -5.1177085245794682 10.947647164911794 247 238 218 1.1855857610501328 15 401 16 727 9 645 8 837 6 920 5 891 11 771 10 795 7 793 12 539 14 449 13 428 13 519 19 484 1 667 2 661 18 357 18 586 22 321 17 363 24 314 44 541
624 2.4887501216078474 -5.032477519081489 11.204711371340668 159 140 86 0.49048308770602012 4 761 6 783 16 731 5 756 11 629 14 549 19 620 2 528 20 443 25 442 17 462 24 410 37 407 38 467 41 402 39 404 28 572 32 471 34 513 30 552
625 0.052929687917363431 -4.9194433714387227 11.424065755168012 188 61 13 0.10157339366185253 4 763 16 733 5 758
626 -0.81740014162292174 -4.8351462300843018 11.576790623445195 222 203 179 1.0137332248710613 4 852 6 871 16 735 9 657 8 713 5 847 11 718 10 749 7 742 12 548 15 506 14 558 13 532 1 627 2 604 3 632 44 393 28 590 32 489 28 591 35 314 34 537 34 538
627 -1.0191177163809566 -4.7261542010615036 12.051020004855728 255 243 241 0.45105480889780236 15 431 16 743 9 669 8 724 5 767 8 723 11 639 11 640 10 680 7 663 12 560 12 561 14 476 14 477 13 458 19 521 1 483 18 281 22 255 22 256 17 281 24 230
628 2.7424381322156446 -4.3257076318320546 11.684730738500416 171 53 1 0.90582181179696009 4 693 6 718 16 744 8 725 5 770 11 641 10 681 7 664 1 484 2 467 3 567 26 480 41 354 39 350
630 2.3645451509573556 -3.5829314984468712 12.130153696330028 192 63 0 0.91875623507421322 4 784 16 749 5 776 11 646 10 687 19 636 19 719 11 733 44 410 26 572 37 372 41 361 39 362
631 2.3695011863895181 -3.5824881210426245 12.124694711972372 192 63 0 0.77342868426299605 4 785 16 750 5 777 11 647 10 688 19 637 37 373 41 362 39 363
632 -0.073677343464737782 -3.6406035556512117 12.179700851471468 184 132 84 1.3808495630501367 6 801 16 751 4 193 9 759 5 778 12 642 14 660 13 620 2 615 3 116 20 466 22 427 17 147 26 573 37 369 41 356 39 356
633 1.7417297599238977 -3.4718045614733817 12.035742207199897 177 144 47 0.50940856868072937 4 703 6 804 16 753 9 761 8 657 5 781 11 649 10 609 12 574 14 585 19 643 3 494 23 438 20 470 18 382 18 466 21 347 22 433 25 473 17 400 44 412 26 390 26 494 35 326
634 0.065221031078728564 -3.5288435125259929 12.275001968094385 134 13 0 0.35666242828402789 15 588 16 754 9 763 12 645 14 663 13 624 19 722 23 528 20 551 18 543 21 531 22 516 29 545 25 552 17 564 24 438 26 577
636 -0.07298134747439021 -3.3487510556194855 12.207398580942915 187 91 80 1.0282743141444881 15 590 16 756 9 765 8 658 11 556 5 684 10 613 12 647 14 665 13 626 19 724 1 494 2 477 20 553 18 545 21 532 22 517 29 548 25 555 17 566 24 514 44 416 26 581 37 304
637 3.4495357986026498 -3.1685327956234075 14.4542033404311 120 44 3 1.7368405403157219 15 538 16 762 9 770 12 586 13 567 19 730 23 534 20 555 18 475 21 535 22 520 29 550 25 560 17 493 17 571 24 446 24 519
638 -0.8666205595233627 -2.7561070744011493 13.219175572621097 238 187 119 0.6560257968149189 4 870 6 894 16 765 9 777 8 746 5 868 11 741 10 769 7 764 12 657 14 674 13 640 1 644 2 629 3 655
639 2.6544393826300818 -1.9515809973332288 13.332780876024895 110 32 5 1.6229447401296839 4 804 6 827 16 770 9 590 8 679 5 804 11 673 10 704 7 695 13 217 19 660 1 582 2 567 3 591 23 460 20 173 20 494 21 469 22 143 29 406 25 408 24 460
640 -0.22307886488866596 -2.0410081220351532 13.51158504621778 191 112 67 1.525432003063349 4 806 6 828 16 771 9 784 8 753 5 805 11 675 10 706 12 593 14 610 13 646 19 662 1 585 2 568 3 521 19 575 23 552 18 491 21 636 12 773 14 783 22 616 29 631 29 677 17 510 44 477 26 691 37 386
641 0.016463762734713783 -1.7937218372100816 13.412009913100698 196 118 64 0.56571437799302071 4 812 16 775 6 837 9 790 5 809 11 678 14 684 13 651 19 665 2 573 3 596 23 554 22 533 25 500 44 365 11 799
642 1.1244033914894378 -1.669328765204527 13.205764226914956 172 85 57 0.65307495441400498 4 734 6 648 16 776 9 791 5 876 10 708 7 700 12 595 14 612 13 652 19 666 18 495 22 147 41 381 35 184
643 -0.32067288291506646 -1.7536841531579181 13.528446262445751 194 118 73 0.25989893530945479 4 815 6 901 16 778 9 792 8 757 5 813 11 681 10 711 7 702 12 670 14 686 13 654 1 594 2 639 3 597 23 464 20 499 18 561 21 475 29 569 25 581 37 388 39 380 41 378
644 1.7880940952186231 -1.0638517568199333 13.69203557274713 140 113 92 0.75299789370192372 4 879 6 907 16 786 8 764 11 755 10 780 14 618 13 663 2 645 3 666 17 517 24 468
645 1.385281714938045 -1.0651078393234872 14.10517260489905 132 105 77 1.193393105504825 15 547 16 787 9 802 8 765 12 679 14 692 13 583 19 674 17 518 24 469
646 1.385281714938045 -1.0651078393234872 14.10517260489905 132 105 77 1.193393105504825 15 548 16 788 9 803 8 766 12 680 14 693 13 584 19 675 17 519 24 470
647 2.6314132151976288 -0.73450659749460945 14.187500543624026 93 98 118 0.68726390922574865 4 881 15 551 16 790 9 807 8 768 5 881 11 693 10 727 7 713 12 682 14 695 13 665 19 678 2 648 23 480 20 508 18 503 21 490 22 469 29 511 17 521 24 474 44 433 26 428 26 540 37 490 38 548 41 149 41 484 37 164 39 145 39 481 35 425
648 2.2411377197487803 -0.72323036803326313 14.250917945188986 152 128 119 0.47793725811192384 15 552 16 791 9 808 8 692 5 729 11 600 7 633 12 602 14 622 13 590 19 679 23 559 20 570 18 504 21 552 22 470 29 579 25 589 17 522 24 475
649 3.6075535828326037 -6.2712297334040308 10.806069437290354 201 68 21 1.4074472834666434 4 519 6 528 15 558 16 794 9 730 6 20 8 592 5 11 5 461 11 611 5 739 10 443 12 610 14 628 14 701 13 595 13 670 19 683 19 751 1 342 2 332 3 186 23 489 23 564 20 574 18 509 21 388 21 557 22 476 29 587 29 518 25 521 17 437 17 591 44 126 44 295 24 480
650 1.5177188678426061 -5.8135551349768457 11.293805747047303 249 217 208 0.73973487097543233 15 623 16 800 9 820 8 773 5 830 4 837 6 856 11 700 10 735 7 723 12 691 14 709 13 678 19 760 1 614 2 588 3 613 23 573 20 581 18 580 21 564 22 550 29 593 25 602 17 598 24 540 44 494 25 654 26 663
651 1.3662171279503983 -5.3114559777515176 10.927597108760699 241 227 201 0.96626854519322103 15 626 16 801 9 822 12 693 14 711 13 680 19 765 23 576 20 584 18 585 21 567 22 553 29 596 25 607 17 601 24 543 44 439 26 616
653 -1.0550098094370346 -5.2096404366766187 12.349640053835461 202 182 128 0.83937373305408292 15 669 16 814 9 886 8 785 5 764 4 773 6 788 11 716 10 677 7 660 7 741 12 748 14 761 13 735 19 808 1 550 2 538 3 563 23 627 20 630 18 633 21 617 22 599 25 661 17 638 24 583 44 498
654 -0.57897046636970173 -4.8462196037405763 11.531587998388202 186 163 106 0.44417373097114421 4 765 6 867 16 815 9 837 8 786 5 843 11 714 7 737 12 633 13 695 19 705 1 544 3 628 23 512 20 537 18 530 21 520 22 499 29 611 25 623 17 551 24 503 26 634
655 -0.57432095268288885 -4.8545268491510383 11.545873841045399 186 163 106 0.46907301904701915 4 766 6 868 16 816 9 838 8 787 5 844 11 715 7 738 13 696 19 706 3 629 23 513 20 538 29 612 25 624 24 504 44 455
657 2.9106546111505764 -4.6203901966284251 11.59725611215028 121 67 26 1.0778689491189333 4 854 16 820 6 872 2 607 2 673 6 933 44 250
658 3.0904368969841145 -4.5804157637227991 11.923502457433891 160 145 90 0.70591507320716029 15 580 16 822 9 840 8 791 5 849 4 856 6 793 4 908 11 724 10 752 7 139 7 743 12 707 14 724 13 698 19 711 1 632 2 609 3 637 23 518 20 543 18 536 21 526 22 505 29 540 25 626 17 557 24 507 44 457 26 568 37 470 38 527 41 468 39 462
660 1.9850191239773645 -4.2600556662476174 11.727041066637574 170 48 0 0.466201847469355 4 909 16 825 23 590
663 3.1062629129606507 -3.1783820037340127 13.058986613625281 146 116 70 0.61801976936454106 15 591 16 833 9 851 8 800 6 939 4 912 5 862 11 737 10 813 7 756 12 648 14 666 13 627 19 726 1 683 2 678 3 694 20 554 23 532 18 547 21 534 22 519 29 549 25 556 17 568 24 516 44 417 26 500
664 1.6538572592803698 -2.5338510336622488 12.597144109691635 172 94 21 1.701183727834086 6 892 16 838 9 855 8 806 7 762 12 719 14 732 13 709 2 627 2 681 3 653 23 453 21 460 29 560 25 567 44 422 26 588 37 431 41 426 35 332
665 3.0220318172723788 -2.4376642186698221 13.593685688014313 102 27 2 1.1804839419417343 15 596 16 839 9 856 8 809 12 720 14 734 13 710 19 736 1 647 23 599 20 161 20 608 18 552 21 591 22 526 29 625 25 634 17 575 24 525 44 473 37 523 38 580 39 510 41 510
666 3.0532985953449061 -2.4403132262637479 13.693842446016454 102 27 2 0.27692321287050031 15 597 16 840 9 857 8 810 12 721 14 735 13 711 1 648
667 1.9971397494506196 -2.0579644264947565 12.970609500469408 182 116 62 0.84318127794823661 4 802 6 824 16 841 9 858 10 633 5 432 12 664 14 679 13 645 1 580 2 564 3 588 23 548 20 563 18 555 21 547 22 527 25 572 17 576 24 458 26 169 37 440 38 445 41 435 39 439 35 337
668 0.71808264027699842 -1.5102318425074761 13.315158915922641 189 155 105 0.63939709916045362 15 655 16 844 9 860 8 817 11 750 11 801 10 776 4 875 7 776 12 724 14 738 13 713 19 790 1 597 2 686 4 916 23 603 20 613 18 613 21 597 22 577 29 632 25 637 17 621 24 570 44 479 26 652 37 484 38 541 41 479 35 339
669 0.71374112386201716 -1.5067971828898399 13.286615512820731 189 155 105 0.55973420859643885 15 656 16 845 9 861 8 818 11 751 4 917 10 777 4 876 7 777 12 725 14 739 13 714 19 791 1 598 2 687 23 604 20 614 18 614 21 598 22 578 29 633 25 638 17 622 24 571 26 653 37 485 38 542 41 480
672 2.4243699460296861 -5.7229310786720955 10.958955268982935 204 186 146 1.5148676982153406 15 622 16 859 9 877 8 831 5 888 6 855 4 836 11 768 10 793 7 788 12 738 14 753 13 726 19 758 1 613 2 587 3 612 23 572 20 580 18 579 21 563 21 609 22 592 29 592 25 601 25 651 17 597 24 539 24 579 44 490 38 553 39 487
673 0.83912069309933202 -5.6294341676402544 10.92027014986312 234 222 181 2.0048152741646428 4 892 6 955 15 625 16 861 9 879 8 772 10 734 12 740 14 754 13 727 19 762 1 665 2 657 3 678 23 621 20 627 18 582 21 611 29 647 25 655 17 600 24 542 44 493 35 429
676 1.8050812046014204 -5.0373537280462113 11.236862899220418 210 192 137 1.170227422535737 4 896 6 922 16 868 9 881 8 838 5 894 11 777 10 796 7 794 12 743 14 757 13 729 1 669 2 662 3 682 23 623 18 629 21 613 22 596 29 649 25 657 17 635 44 544 38 599 37 546 41 534 39 532
677 2.3268744741724707 -4.8876085111756797 11.269927504737852 132 47 0 0.71737300546273686 4 901 6 926 16 871 9 885 8 843 5 898 11 782 10 802 7 797 12 747 14 760 13 732 19 776 1 673 2 666 3 686 23 626 18 632 21 616 22 563 29 652 25 659 17 606 24 549 26 670 37 506 38 84 41 497 39 67 35 360 28 674 32 575 30 680 40 598
679 -0.55488173923247386 -3.9572882197516872 12.108350783321704 181 141 37 0.26381491605259955 15 677 16 880 9 893 8 875 5 910 11 791 7 805 12 758 14 769 13 740 19 818 23 637 22 604 29 663 25 669 44 510
680 -0.97995020906911012 -3.6404285640653971 12.759482583443676 220 182 102 0.24506952109970914 15 680 16 882 9 896 8 851 11 793 7 834 12 761 14 773 13 743 19 822 23 641 20 641 18 641 21 628 22 607 29 667 25 673 17 645 24 589 44 463 26 684 37 422 38 483 41 418 39 358
681 -1.1861784410604135 -3.5705144142468117 13.139640030229433 200 76 16 0.51661630934713865 15 682 16 884 9 898 8 853 11 794 12 763 14 775 13 745 7 752 19 823 23 643 18 643 21 630 22 609 29 669 25 675 17 647 24 591 44 465 44 516 26 685 38 429 41 359 39 419
682 0.080086420431838765 -3.1875551924494574 12.212598414353192 153 27 18 0.43786348321536045 15 683 16 885 9 900 8 881 12 765 14 776 13 746 19 824 23 644 20 643 18 644 21 631 22 610 29 670 25 676 17 648 44 468 24 592 26 686
683 0.51885014150261222 -2.9589205213733107 12.485486124120339 196 72 0 0.87849385221940135 4 914 6 970 16 887 9 902 8 855 5 914 11 795 10 815 7 809 12 767 14 778 13 749 19 825 1 709 2 680 3 696 23 645 20 644 18 645 21 632 22 611 29 671 25 678 17 649 24 593 44 518 26 687 26 721 37 517 38 573 41 507 39 507 35 368
685 3.2374719942921186 -0.85306585681679592 15.0661528993909 134 126 123 0.62486779718990537 15 608 9 806 8 862 11 760 7 782 23 558 18 568 21 551 22 538 25 588 29 577 17 588 24 532 26 601
686 2.4921154453994356 -0.49239987463361701 14.201012128149788 4 27 75 1.3602625835193323 4 925 6 950 16 893 8 864 14 746 8 823 3 543 23 656 18 653 22 623 29 682 26 602 41 485 35 382
688 -0.3524841590204949 -5.775296312021263 11.094226783784915 193 174 116 0.82657146106352741 15 696 16 895 9 914 11 807 7 786 12 781 13 760 19 803 23 659 18 658 21 610 22 593 17 632 24 580 30 769
689 1.8191101155111369 -5.5279899248744968 10.950833900676722 222 204 169 0.70603145415825685 15 701 16 897 9 916 8 896 5 955 11 809 10 829 7 847 12 784 14 796 13 761 19 841 23 685 20 657 18 662 21 674 22 627 29 705 25 708 17 662 24 608
690 2.4741718466398011 -5.4677218118985706 10.944978247172319 223 158 107 1.020324404754209 6 959 15 702 16 899 9 917 8 870 5 932 11 810 10 831 7 824 12 785 14 797 13 762 2 704 3 718 23 663 20 658 18 663 21 648 22 628 29 688 25 691 24 609 39 548
691 -0.73514860220311007 -5.0276914929337915 11.317253697728718 201 132 80 2.2025830044016153 15 708 16 901 8 872 11 776 16 867 7 827 13 767 19 846 23 689 20 663 18 668 22 633 25 713 17 668 37 194 30 746
692 1.0661903020547938 -2.3737731217886338 12.734877590072401 189 157 117 1.3817609426460502 15 719 16 910 9 928 11 850 12 796 14 808 13 774 7 811
693 -0.58145310169938114 -2.4794573793882924 13.40963452660996 201 91 28 1.6474087338343422 15 721 16 914 9 931 8 884 5 972 9 957 11 853 10 865 7 864 12 798 12 821 14 810 13 776 19 859 20 673 18 681 21 666 23 681 22 646 29 719 25 720 17 680 24 628 44 557
694 1.0142362301404091 -1.6770002957433925 13.248312975023079 182 93 63 0.82936608440807014 6 974 16 915 9 932 8 885 5 949 11 826 10 846 7 839 2 718 35 338
695 0.99227293675798889 -1.6487751490688243 13.107055488805882 182 93 63 1.2669704640315358 6 975 16 916 9 933 8 886 5 950 11 827 10 847 7 840 12 800 14 811 13 777 2 719 23 698 21 668 29 722 25 723 17 681 37 526 38 581 41 514 39 514
696 1.9918311978646726 -1.3912385987728875 13.444533069135417 163 152 150 0.50058869299035513 6 997 16 917 9 935 8 887 10 867 12 801 14 813 13 779 1 735 2 740 3 752 23 683 20 676 21 670 22 649 29 701 25 682 44 560 37 560 38 613 41 551 26 694 39 546 35 447
697 1.1607545034745415 -0.42061023846055612 14.524459688916828 148 139 140 0.32696275442470707 6 978 16 924 14 788 19 834
702 -0.61770737913364493 -3.4977408117754543 12.580566513950009 161 26 12 1.1987514019409247 4 978 6 1010 16 941 9 954 8 907 11 862 7 859 12 817 14 823 13 793 1 745 2 751 3 764 44 569
704 2.6356614030792 -2.4218011623510534 13.257078884493509 161 124 54 1.6376434053650439 6 994 16 944 4 965 9 930 16 909 8 882 5 971 11 823 11 852 10 864 7 837 12 770 1 733 2 737 3 749 23 649 18 648 29 674 24 595
705 0.57567502536775705 -6.4893711091936845 11.143711216703393 251 184 189 1.2928447028694419 15 611 16 949 8 893 5 922 4 927 6 952 11 833 10 822 7 816 12 685 14 696 13 667 19 749 1 694 2 694 23 561 20 573 18 571 21 555 22 542 29 584 25 594 24 533
706 2.4991815368835311 -3.9970777028727706 11.914685515126809 169 133 33 0.76412692024689299 4 975 6 1007 16 953 9 964 8 923 5 981 11 859 10 879 7 873 15 733 12 826 14 834 15 743 19 870 1 743 2 749 3 762 23 703 20 685 20 695 18 693 21 680 21 692 22 663 17 688 24 637 44 580 26 741 37 582 38 632 41 572 39 565
707 -0.92443730375737132 -0.56907528818935216 14.910330483258626 34 32 33 0.9256150325024125 4 984 6 1013 16 961 8 930 5 990 11 866 10 886 7 879 12 832 14 840 19 878 1 751 2 753 3 767 23 707 18 700 21 687 24 644
708 3.4396779768654646 -5.9181850939300595 11.020997692082917 158 41 0 0.63547323540317713 15 751 16 962 9 971 8 933 5 991 4 985 6 1014 11 869 10 887 7 882 12 835 14 843 13 810 19 887 1 752 2 754 3 768 23 709 20 699 18 709 21 697 22 677 29 731 25 732 17 700 24 654
709 1.3401900891353944 -5.9312846675022586 11.514246112432557 213 194 155 0.68495074423744629 15 738 16 963 9 972 8 934 5 992 11 870 7 883 12 824 14 831 13 801 19 879 18 701 22 669 17 692 24 645
710 0.57237477957022986 -4.0692169516210015 11.744271804845665 198 63 0 1.0519752690936923 6 1017 16 965 9 963 8 937 5 994 11 873 10 889 7 887 12 838 14 847 13 815 3 771 29 736
711 3.1365014616621001 -4.0943648225800899 11.888948900725005 154 43 0 1.5295981235348666 4 988 6 1018 16 966 8 944 5 999 11 881 10 890 7 893 2 757 3 772 29 735 44 601 1 755
712 0.016624888002254763 -2.331334281777651 13.271294880850364 191 149 102 1.439119634871721 15 746 16 968 9 968 8 927 5 987 11 874 10 883 7 877 12 830 13 807 21 694 44 582 1 749
714 2.1126773547724049 -5.5842000886294807 11.320439172583534 188 167 110 0.55355636249767826 6 1021 16 973 8 942 5 997 11 878 10 893 7 891 1 758 2 760 3 775
715 2.1133246559407142 -5.5849052301488911 11.321770405756567 188 167 110 0.52392268654499052 6 1022 16 974 4 991 8 943 5 998 11 879 10 894 7 892 1 759 2 761 3 776
716 3.041093294286318 -2.7652173893727916 13.397906859878342 120 47 4 1.6442770398635436 15 759 16 975 9 979 8 945 5 1001 11 882 10 896 4 992 6 1023 7 894 12 843 14 854 13 821 19 897 1 760 2 762 3 777 23 718 20 710 18 719 21 706 22 688 29 741 25 744 17 708 24 664 44 602
722 3.6119484568141349 -6.6720103561779176 10.953279948865058 225 174 167 0.77435892044317156 16 467 9 2 5 251 7 1 4 5
727 -1.2667202711439494 -6.4765096586975739 11.04083769995373 236 138 122 1.0264508621242605 16 10 9 13 5 254
728 -1.2665853662841939 -6.4251384931475144 11.076968065677567 178 74 59 1.4723302459973897 16 281 9 16 8 589 11 609 7 526 12 15 13 18
729 0.4140573727791631 -6.473940794742246 11.112879569850556 178 80 69 1.3770126500084423 15 227 9 19 12 14 14 263 13 259 19 596 23 383 20 421 21 160 29 422 25 424 24 162 24 392 17 6
731 0.4505431488015057 -5.7566875657751542 10.273114238176476 255 207 189 1.9143932421638232 15 17 9 36 14 26 13 34 12 269 9 281 16 22
732 0.50544183224809247 -5.8812687215550001 10.616740420120143 255 207 189 1.0825781806076509 16 28 9 37 8 27 5 267 19 457 23 302 20 335 21 298 22 303 29 317 25 331 17 346 24 296
733 2.3152807506994639 -5.9964268483551315 10.782899271898414 192 74 38 0.12959384137501043 15 16 9 38 13 36
734 0.50422981136321687 -6.0225914052942446 10.949431016961087 188 67 39 0.63074535518628883 4 753 6 776 16 34 9 41 8 285 11 6 12 29 13 38 2 520 3 547
736 0.40587640183793083 -5.7651380087613608 10.78254196353735 255 224 198 0.86593545157106655 16 46 9 47 8 36 6 27 4 22
738 -0.093764220284760655 -5.8748292127267812 11.177065103587392 211 170 117 0.36096279947622034 15 28 9 51 10 451 18 25
740 -0.25130994062530215 -5.6815745132032864 11.146557322880618 205 169 116 0.48255770726351199 4 329 9 56 8 44 10 48 19 42
742 1.1926741021424143 -5.6643909668688588 11.154954039111985 255 246 219 2.0077772202175623 16 58 9 59 8 53 12 45 14 44 13 50
748 -0.34554902690255612 -5.5942223770475454 11.2119180230212 220 157 109 0.13961100925718403 16 64 9 68 8 57 5 64 11 25 7 42 12 51 14 51 1 27 29 36 24 39 26 39
750 0.22795918779920213 -5.499826797024479 11.024649509342654 187 59 9 1.5301468994156258 4 54 9 70 44 37 26 615 35 351
753 -0.86917680127346708 -5.4665152323370521 11.224656570408145 163 63 30 2.1554572505523946 4 548 6 553 16 79 9 82 12 68 14 69 1 449 2 343 3 349 18 49 29 49 41 248 38 389 39 251 28 474
755 0.68666106908942059 -5.3427063100528054 11.1285472714611 182 63 9 0.15882131477868092 4 86 6 79 9 91 8 88 5 88 11 47 10 84 7 66 12 71 14 71 13 77 19 77 1 45 2 38 3 41 23 44 20 46 18 51 21 42 22 40 29 52 25 50 37 49 41 34 39 34
756 0.68779588743972719 -5.3458799186485857 11.134491920370452 182 63 9 0.14818382926453963 4 87 6 80 9 92 8 89 5 89 11 48 10 83 7 67 12 72 14 72 13 78 19 78 1 46 2 39 3 42 23 43 20 45 18 52 21 43 22 39 29 51 25 51
759 -1.19182495490215 -5.2962602676997257 11.438666325799822 196 73 26 1.095649421588065 4 554 6 564 9 99 5 753 10 472 12 82 14 81 1 360 3 360 35 124
761 0.62390929379239224 -5.1310376834023916 11.271855923095774 227 143 91 1.0959292732775363 4 110 6 103 9 108 8 108 5 114 16 112 11 231 10 101 7 80 19 96 23 52 21 48 38 66
762 -0.0047709494244003274 -5.104032933539675 11.330243171811597 164 62 10 0.33315238530160102 4 115 6 112 9 109 8 111 10 110 7 91 12 94 14 90 13 93 1 63 3 58 20 61 18 71 21 54 22 51 29 69 25 65 38 64 28 582
766 -0.22299644932024443 -5.0686127473757132 11.495664710561527 184 65 13 0.16900027640976681 4 129 6 125 9 122
767 -0.22184170977095477 -5.0677252085550784 11.487394297120799 184 65 13 0.33842181167420216 4 130 6 126 9 123 8 128 10 116 20 75
768 -0.94541967578517738 -5.0579938715214956 11.472600767641048 146 77 43 0.28630864739919265 15 100 9 126 12 106 14 109 13 110 18 83 21 66 17 93 24 67
770 -0.88178911914350044 -5.1306718605234813 12.083491266597866 149 72 36 1.5079577563385556 15 114 9 139 12 130 13 128 19 126 23 89 18 265 21 83 22 74 29 237 29 233 21 228 23 221 25 251 17 112 24 82 44 166 26 262
772 0.30999656104885137 -4.857214806581629 11.419199658053218 204 162 106 0.99076008957089623 15 303 9 148 10 146 7 311 12 127 13 125 1 93 3 83 23 85 20 94 29 94 17 108 24 78 44 323 3 466 26 468 38 79 41 58 39 64
773 -0.47668918205525895 -4.7082210408471701 11.597146611100426 198 155 102 0.11005705487871316 6 156 9 154 7 131 12 147 1 98 3 95 29 106
774 2.4793631585076166 -4.5823010267851059 11.565333190546479 198 152 100 0.097060972006901725 4 164 9 157 10 161 1 107 39 93
775 -0.44127788232870047 -4.6444661821427031 11.642450357055171 195 163 108 1.1903703126709289 15 136 9 158 8 166 10 158 7 134 7 328 12 150 1 101 2 92 18 116 22 94 25 114 24 97 24 98 28 81
779 0.057000454910938685 -3.8869222147447915 11.897902869467185 217 176 160 0.16179907999531951 4 182 9 175 8 181 10 168 7 146 12 161 14 157 19 166 3 107 23 109
780 -0.77581958828310171 -3.8801719909886807 12.208061726396158 198 64 3 0.78960266001260115 6 456 9 177 5 171 26 137
781 -0.44872445522775223 -3.776542895847482 12.162483274728222 144 23 7 0.17119588323009555 6 192 9 182 8 190 10 176 7 154 13 159 1 118 2 106 3 113
782 2.9860554216540747 -3.5363863880041482 12.462552938438028 155 79 22 0.40545270136721367 6 206 9 188 37 307 38 340
783 2.9857252349231609 -3.5373347194011195 12.459573330744547 155 79 22 0.42029503364895537 6 207 9 189 11 129 37 308 38 341
785 -0.44780631547190103 -3.624506771767555 13.150927205506939 167 36 19 0.52191365354239516 15 164 9 198 19 392 18 134 21 119 23 121 22 114 17 152 24 111
788 -0.87162854080875363 -3.1510760460390492 13.126185743476285 230 108 51 0.28508893232318105 15 175 9 215 8 437 12 383 14 190 13 191
789 0.43184121054577612 -2.3797065825085331 12.997398239710249 200 157 117 2.0850000037540881 4 241 6 254 9 229 8 445 5 222 11 304 11 442 7 186
790 -0.43076010398147807 -2.3357496489758036 13.185090308877554 202 121 88 1.3608828191000666 6 487 9 231 5 226 13 209 19 225 10 217 38 143
794 2.3435860520638916 -6.5371833885164916 10.880009943170633 190 80 49 0.82119746605729493 15 366 9 269 8 14 12 253 14 427 19 439 23 380 20 417 18 330 21 383 22 292 29 417 25 420 17 331 24 281
796 0.29245031210479772 -6.0511999612788179 10.481340553401299 255 213 205 1.7871927029016679 16 474 9 277 8 275 5 9 11 170 7 3 12 263 14 265 19 291 23 16 20 7 14 22 29 13 25 11 23 17 17 215
798 -1.1664437059199901 -5.8115322726534924 10.855964205358797 255 200 199 1.9342675686628745 16 483 9 287 8 475 11 338 12 432 20 203 29 174 24 168
801 -0.47229655597018289 -5.6506911583732045 11.208463418601031 169 70 23 0.64145467085778651 15 37 9 306 8 314 7 248 12 286 14 287 13 284 23 173 20 210 18 206 21 181 22 184 29 180 25 196 17 232 24 34 44 223 26 222 37 19 38 18 41 165 39 153 4 339 28 22
803 -0.83077177563737847 -5.3825176950765918 11.353885016490313 171 66 33 0.80356550162570506 16 92 9 329 8 338 12 76 13 310 19 483 2 227 23 205 14 74 20 240 18 242 21 209 29 214 25 231 37 42 38 42 41 26 28 46 47 25
805 -0.76925457968715727 -5.0831752221592446 11.50399955462011 180 67 35 1.1448364016663031 16 361 9 346 8 362 6 120 5 122 11 74 10 119 7 291 12 329 14 339 13 111 19 358 1 70 2 59 3 68 23 216 20 254 18 254 21 224 29 711 25 76 24 615 44 545 26 736 39 52 28 61 28 731 21 223 23 215
809 -0.20506404726340841 -3.4681913639749653 12.302047919264927 114 46 52 0.26962930025725279 15 440 9 398 8 207 12 484 14 487 13 470 19 540 23 354 20 383 18 296 21 351 22 351 25 386 17 402 24 353 26 580
810 -0.42420130540150253 -3.3701347455959332 12.150313191720683 152 53 52 0.63251907820042308 15 336 9 401 8 545 16 189 11 553 12 375 14 379 13 179 19 393 23 257 20 294 18 300 21 263 22 267 29 274 25 289 17 296 24 244
811 0.0611449677944352 -3.2835765776066088 11.990230321100894 182 76 70 0.68599153248739742 15 443 16 194 9 402 12 376 14 380 13 374 19 541 23 260 20 295 18 384 21 121 22 268 29 276 25 291 17 297 24 245 26 396
813 0.19997701688848399 -2.6972174585741344 12.769373005083676 187 151 70 0.92662047493756028 4 224 6 627 9 419 5 570 11 296 10 202 19 406 44 190
815 -0.55473549870026329 -2.0704869168967841 12.849405051202204 208 156 96 0.65713404022965138 15 358 16 236 9 437 12 403 14 408 19 422 20 406 23 280 18 318 22 142 17 322 24 265
816 0.4592138067730534 -2.0156814726914773 13.037439800939236 211 163 127 0.36559640724896114 6 494 9 439 11 452 19 234
817 -0.90763265658228121 -1.8816549156887241 13.626151326529026 190 119 94 1.6006150828886454 4 254 9 442 11 313 5 591 7 196 7 506 12 223 14 225 13 225 3 162 28 431
818 2.2262533977834451 -1.08733614897936 13.701729443227173 178 140 122 1.0896246367977522 6 514 9 456 10 427
820 3.5238310441479146 -6.3714785151679578 10.742378102096652 255 190 179 0.70320400857237175 15 370 9 469 12 421 14 430 13 253 12 256 19 442 23 155 20 327 18 332 21 292 22 295 29 163 25 178 17 208 17 336 24 286 44 292
824 3.2467608575228697 -5.8219804279331333 10.956023963927336 139 43 0 0.42869725633114686 4 533 6 541 16 496 9 486 8 481 5 474 11 348 10 453 7 406 12 34 14 275 1 347 2 335 3 341 23 164 20 201 18 15 21 171 29 321 17 221 24 166 26 201
828 -0.31749181558624795 -5.3703198497349458 11.082621838856539 192 61 12 0.71249248742039606 16 327 9 502 8 499 7 431 12 303 14 308 13 423 23 190 20 228 18 226 21 314 22 202 29 200 25 216 32 26
829 -0.3082355840343256 -5.4403633669411491 11.243585477929011 192 61 12 0.46655574731694172 16 326 9 503 8 498 7 432 12 304 14 309 13 424 23 189 20 227 18 225 21 315 22 203 29 199 25 217 37 35 41 22
831 2.2653139158876598 -4.0331882547049496 11.80419231022382 179 156 54 0.62394331623212484 6 451 9 544 19 154 38 115
832 -0.47947344552986837 -3.439170116606268 12.715423987211262 196 78 69 0.37293346481636058 15 445 9 562 12 489 14 490 14 491 13 472 19 542 20 384 18 385 21 352 23 356 22 354 29 380 25 479 23 443 29 482 17 404 24 354
833 2.4013851596200175 -3.1939038037844454 12.334374140550514 168 82 16 0.24115069441080145 4 602 6 621 9 563 8 548 5 557 11 422 10 523 7 483 14 493 13 473 19 396 3 398 18 301 25 292 24 246
834 1.8865512247044496 -2.8665466022560993 12.395900083202818 167 74 19 1.0398712436206516 4 212 6 229 9 568 5 563 11 428 7 176 44 187
835 2.7023648508811502 -2.0983118056056353 13.409612707286682 153 87 25 1.0937719448467427 4 625 9 585 5 583 6 492 4 499 11 447 12 508 14 401 4 730 13 210 19 419 2 498 3 520 20 310
836 1.8031983724473633 -1.8238679274689713 13.206751181480113 147 71 47 0.40268107250008695 4 251 6 646 9 591 5 587 3 524
837 1.3793952650495818 -1.4229490733106644 13.467737674183102 180 128 79 1.2142857934330802 4 268 6 650 9 604 5 596 11 457 19 581 23 468 22 460 29 505 25 505 44 370 26 534 37 332 38 453 41 313 39 311
838 0.81397543740308886 -1.3424820732466101 13.444739794358098 172 121 59 1.2578150066702942 6 762 9 608 4 738 5 723 5 724 11 684 19 258
839 -1.5464530898338078 -6.5672994175879458 11.210554880093964 186 57 5 1.8881969431217975 16 612 9 623 8 587 5 458 11 480 10 5 6 317 7 230 16 11 12 521 14 525 19 450 1 1 18 3 29 314 25 5 12 12 44 202 26 326 41 236 39 238
840 0.19311714904016611 -6.207641844944578 10.492316982385098 255 218 209 1.6902089162978891 16 613 9 624 8 467 12 522 8 12 13 502 14 526 19 594 20 514 23 488 21 496 18 508 29 517 25 520 24 390 17 528
843 -0.37218399975330624 -4.6155775369774741 11.518277478547583 188 166 109 0.50151306913184734 4 689 6 712 9 667 5 667 11 539 10 598 14 568 41 345 39 340
844 -0.37138493498117259 -4.6311926219037591 11.557114570032827 188 166 109 0.65208956836857079 4 690 6 713 9 668 8 647 5 668 11 540 10 599 12 559 14 569 13 543 1 482 2 464 3 479 23 425 18 453 21 427 22 420 29 467 25 460 17 473 24 345 26 478 37 358 41 346 39 341 28 498 32 413 30 279
849 0.2830678284932211 -2.6007898188924417 12.710456894015065 187 122 63 0.30252077970458313 4 716 6 743 9 698 5 697 11 568 7 604 19 563 2 490 23 455 25 492 38 352 39 297 35 177
850 0.34586477905020724 -0.61187072351465199 14.118690005183318 198 140 121 0.3566095478455944 15 554 16 711 9 724 11 695 12 604 14 624 13 592 3 608 18 507 22 473 29 512 25 515 35 191 39 315
851 -1.0894527414788049 -6.6980558520816889 11.190234437128646 204 75 30 0.2735593109795823 16 712 9 728 8 698 11 608 12 607
852 -1.0350579934751967 -6.4889034058516977 11.115736949656242 203 67 17 1.3505317544969575 15 557 16 714 9 729 8 700 11 696 7 715 12 608 14 627 13 594 19 595 23 490 18 510 21 497 22 477 29 425 25 522 17 527
855 -0.98122768974236796 -5.9695232015848987 11.41679781510005 228 211 190 0.39653097881086313 15 563 9 735 12 613 14 631 13 598 19 693 23 392 20 429 18 423 21 397 22 485 29 434 25 429 17 446 24 399 44 300
857 0.15801060673465181 -5.2848310369167653 11.324000348947786 182 159 105 0.078176694484672599 15 571 9 740 12 622 14 636 13 603
860 2.8516547159776433 -3.5756603557606703 12.392731001050626 156 44 0 0.7738189142514349 15 524 9 760 8 733 12 643 14 661 13 622 19 639 23 433 20 468 18 462 18 542 21 437 22 515 29 474 25 468 17 482 24 433 44 411 26 489
864 0.23588259816250245 -0.99247298489990965 13.920985389336789 169 132 114 1.3330719681598604 15 609 16 789 9 805 8 821 5 880 11 759 7 781 12 681 14 694 13 664 19 677 23 479 20 506 20 569 18 569 16 850 21 489 22 539 29 578 25 511 17 589 24 472 26 659 37 446 44 484 41 386
865 2.2946199992559628 -0.30369222520992323 14.288864358620634 135 131 127 1.676768110326641 4 926 9 811 8 824 5 824 11 802 12 779 14 625 14 789 19 682 23 611 20 571 18 654 29 580 17 204 37 491 38 509 39 482 39 520
867 2.8440880767091778 -5.7613837082470489 10.573643488084381 201 71 23 0.54506386575897914 16 795 9 815 8 828 12 687 14 702 13 671
869 3.6513766310047169 -1.4019806237953443 15.931932026028658 152 131 126 0.47787387031101203 15 657 16 847 9 862 12 726 14 741 13 715 19 792 18 615 22 579 17 623
872 3.2495582694421703 -6.3836771608733143 10.588746053269581 211 84 37 1.6438997487232085 15 662 9 868 8 699 7 523 12 730 14 747 13 719 19 795 23 657 20 652 18 620 21 642 29 683 25 687 17 626 24 574
874 3.3168271229603006 -6.4299061566800262 11.113829505888098 243 164 157 1.8493244559838142 9 871 8 866 5 926 11 804 10 823 7 819 12 733 14 748 15 663 13 721 19 797 22 585
877 0.9035243794665947 -4.77560163340336 11.282835279521477 185 160 103 1.3018209953341926 16 873 9 888 5 902 12 750 13 734 2 670 20 632 18 635 21 619 29 655 25 663 26 632 37 465 38 522 41 463 39 458
880 -0.66087752416826884 -4.5812739553342929 11.494814862181043 199 159 104 0.87489104946680096 15 711 9 921 7 828 12 790 14 803 19 850 23 670 24 619 44 550 26 713 32 670 34 722 30 752
882 3.2002192157021576 -1.5095309030321085 14.944689710460022 187 159 148 0.8216523528786368 15 722 16 919 9 934 8 889 11 828 7 842 12 803 14 812 13 778 19 860 23 682 20 675 18 683 21 669 22 648 29 700 25 706 17 682 24 630 44 573
883 3.8310562813617848 -1.2630145854964598 15.559381564484973 38 36 37 1.1077966736617746 15 726 16 921 9 938 8 861 11 829 5 952 10 820 10 849 6 947 4 922 7 843 16 948 12 805 14 816 13 782 13 799 19 861 2 692 3 667 3 707 2 646 23 699 20 678 18 686 21 672 14 784 12 775 22 651 29 703 29 723 25 707 17 683 24 632 24 596
884 0.45453832500695573 -5.8042990361871061 11.238385721023356 213 197 144 1.0098035875094189 16 928 9 941 5 930 4 929 6 957 10 827 7 845 1 699 2 702 3 716 44 535
885 0.46457124643887454 -5.859886789213733 11.330414441277476 213 197 144 1.0018126964251506 16 929 9 942 5 931 4 930 10 828 7 846
886 -1.0279073788978665 -5.3289475782134321 11.407259585887262 191 170 118 1.4149296380738039 15 730 9 947 12 813 14 820 13 789 19 866 20 682 23 667 18 689 21 654 22 659 29 691 25 694 17 687 24 634 44 566 38 557
887 2.9276443460337083 -5.684229140826468 11.008958430998597 183 167 109 0.96416181741025153 6 1004 15 739 9 961 8 919 11 858 10 874 7 871 14 832 13 802 19 880 3 759 23 701 20 692 18 702 21 689 22 670 29 725 25 725 17 693 24 646 44 576 26 729 37 576 38 639 41 583 39 561
888 -1.3603355145526805 -6.6992516511036238 11.976135134795443 234 159 154 0.84906560193933533 15 750 16 971 9 977 8 932 11 868 12 834 14 842 13 809 19 886 23 708 20 698 18 708 21 696 22 676 29 730 25 731 17 699 24 653 44 596
889 -1.0822610379449951 -5.1275419197840648 11.268045083913954 193 173 117 1.9862571587695754 15 756 12 842 14 850 13 819 19 888 23 716 20 700 18 710 21 698 22 678 25 733 44 598 28 701 30 745 46 469 45 478 47 480 48 477
891 -0.093205241421866231 -2.4222755732227674 12.990952961968347 204 135 100 1.9554666009622321 4 493 9 433 4 238 16 231 8 242 15 192 10 214 7 368 12 398 13 204 13 391 19 224 19 415 18 155 17 175 38 141
893 -0.010967108178888517 -2.8768902555565101 12.687034522988458 204 149 80 2.123238593367923 4 980 6 1011 9 955 4 959 16 942 6 989 8 910 5 968 5 986 11 845 10 861 7 861 12 819 14 825 13 794 19 873 1 727 1 747 23 694 20 687 18 695 21 682 22 665 29 717 25 718 15 736 17 690 24 639 44 571 26 747 37 555 38 620 41 562 39 554 35 438 28 380
895 2.3847846633532854 -6.4104422295577894 10.934548652470568 255 197 184 0.42917577815310848 16 18 9 20 8 18 12 11 14 10 13 15
898 0.31041777731614806 -5.0863677750030396 11.287300640441623 182 64 23 0.24147962595976782 16 113 9 110 8 114 11 69 10 109 7 92 12 93 13 94 19 102 1 62 3 57 23 58 20 62 29 65
900 -1.1061970043544715 -6.2600205599743557 10.910559021425746 228 151 138 2.0400082148273992 16 283 9 274 8 276 7 531 11 4 12 262
904 0.50857204631158703 -6.2303964079079659 11.143561030741695 254 217 207 0.7412213762565576 16 479 9 474 8 474 12 429
906 1.6073626786787716 -5.734555540427877 11.203626506055969 255 194 196 0.53101970837546764 16 502 9 489 8 485 11 355 5 480 10 457 7 413 12 434 13 411 19 470 1 447 5 632 20 341 44 217
908 2.6229142757038391 -6.0482659179854092 10.93428459262382 201 66 15 0.25098733347053126 16 716 9 732 8 702 11 488 12 612 14 629 13 596 19 686 23 494 20 517 18 514 21 501 22 480 29 521 25 525 17 531 24 481
915 -1.5120870512024029 -6.5999412428965769 11.291082946838666 182 58 24 1.8685585025250973 9 14 8 16 4 298 6 318 14 9 13 13 1 179 5 8
920 -0.78928234410532139 -5.9471658856923169 11.200859547962128 180 51 4 0.12874146762504451 15 25 8 38
921 1.1141625437922997 -5.757258469684186 10.87241298746471 254 186 181 1.087004385300381 6 38 8 41 2 184
923 -1.1664847099787163 -5.4920839833589294 10.991793211319258 179 59 24 1.9896399945714718 6 351 8 47 4 47 1 22 2 15 2 16 3 21 3 205 34 512
926 -0.17867481345010444 -5.5457091590152068 11.171250092373418 224 151 101 1.3500525703545785 4 66 8 64 34 20 32 16
928 0.57805278001018368 -5.4923542387292441 11.121533900420962 188 74 30 0.17590869714806673 9 74 8 66 10 70 7 56 14 58 13 64 1 36 2 27 3 32 22 33 25 43
930 1.3171889263136844 -5.4927397023731013 11.398497608452097 168 65 33 0.43727811837642894 9 86 16 85 8 87
933 0.10644210466258927 -5.1066588625566744 11.331688636757479 185 58 6 0.15781036428464126 15 89 8 112 10 105
934 0.10644210466258927 -5.1066588625566744 11.331688636757479 185 58 6 0.15781036428464126 15 90 8 113 10 106
935 0.040305058604477501 -4.9978980440307144 11.428949777611129 178 63 15 0.1174176926026308 4 134 8 137 10 122
938 2.9448324869080853 -4.9402347270132658 11.425413772877596 170 56 9 0.26177691476575371 15 102 8 152 10 134 7 113 12 114 14 111 13 114 1 88 2 76 23 72 20 73 18 81 21 64 22 60 29 79 25 82 24 65 37 78 38 85 41 66 39 73 46 62 45 70 47 66 48 68 40 66
939 2.9448324869080853 -4.9402347270132658 11.425413772877596 170 56 9 0.26177691476575371 15 103 8 153 10 135 7 114 12 115 14 112 13 115 1 89 2 77 23 73 20 74 18 82 21 65 22 61 29 80 25 83 24 66 37 79 38 86 41 67 39 74 46 63 45 71 47 67 48 69 40 67
941 -0.79737941431771886 -4.7408731710562089 11.648424011072848 234 201 181 0.25928446441254471 4 423 6 432 8 161 10 156 7 130 12 146 14 139 3 274 26 126
943 1.9203008378479371 -4.4486912281597553 11.430638547286449 151 53 10 0.22933693193873808 4 165 8 170 7 138 14 149 13 148 23 99 20 118 21 97 22 96 25 118
944 -0.39772859164242891 -3.7745728929120999 12.10239667503425 219 140 107 0.13523495709596861 9 181 16 173 8 188 5 175 10 175 7 151 12 166 14 162 19 172 2 105 3 112
945 -0.11749166343007823 -3.7321950084449216 12.060725235835402 216 123 92 0.21886434899274976 4 188 8 192 5 177 12 168
946 -0.14231760570938576 -3.6657147030054502 12.138179794144246 151 34 6 0.16337320679845563 4 190 8 195 7 155 1 120
947 2.7521879443497972 -3.6454061463776126 12.250612786606265 179 121 44 1.2484326992064996 4 457 8 197 11 127 4 192 10 391 7 157 13 162 1 122 2 109 3 119 17 145 37 237 38 336 41 220 6 196 39 212
948 -1.1492194551512565 -3.7720506685441011 12.567908320765968 194 67 12 1.5173564579224714 9 185 16 178 8 198 19 177 29 117 26 288 39 103 37 113
950 1.5675559460111002 -3.383469900001987 12.07605078084655 207 147 92 0.48997977384305419 4 462 8 205 10 396
951 -0.48929981171952369 -3.4911659809071764 12.414558134137151 175 42 29 0.49536646731400474 4 464 6 209 8 209 5 187 11 130 10 397 7 353 1 298 3 299 29 121 25 142 26 144 9 194 37 118
952 0.094036970834101577 -3.4581031023130673 12.309414190697497 179 49 37 0.74350406717209072 4 201 6 208 8 210 5 186 11 132 10 182 7 162 3 123 18 132
953 0.042320380011282223 -3.3222115082674399 12.464661354822514 90 0 0 0.79378502664894068 4 601 8 219 5 554 7 165 1 128 2 115 3 305 29 126 25 149 37 121 39 113
954 -0.033562869460357921 -2.8988601403693011 12.578256795659454 186 80 13 0.19398640482949861 6 230 8 231 10 195
955 1.2394448466685097 -2.7081694244654235 12.765478991137597 193 98 47 1.1500287896686889 4 223 8 234 1 145 20 153 21 135 29 136 26 160 28 381 32 299 34 328 30 337 45 319 47 310 48 319 40 314
956 -0.84042531800405129 -2.6603488299991302 13.367276058855689 204 103 36 0.45610318037241571 9 428 16 435 8 238 5 423 11 301 10 208 7 182 12 203 14 202 13 201 20 157 20 159 26 301
958 2.6318023145118716 -1.9407674291393473 13.509680433827659 146 64 15 0.86141610032435734 4 503 6 496 9 234 8 252 5 434 10 419 7 377 12 217 1 319 2 313 3 320
959 1.2049154930837882 -1.2704427050613905 13.701578303516783 152 142 140 0.8654740887575102 15 207 8 263 14 235 19 259 17 194 37 157
960 2.6902590290403494 -5.8889067018135473 10.885517205678136 197 82 47 0.94207605483178991 4 527 6 532 9 45 8 293 5 279 10 448 7 239 7 400 12 30 14 32 1 445 2 181 3 199 20 15 25 17 44 209 26 14
961 0.47447269246101798 -5.8444972297670583 11.003459058704379 182 70 40 0.84063153984894112 4 656 6 675 8 296 5 470 10 564 7 404 12 33 14 36 1 446 2 429 3 440 44 21
962 -0.19759492195615408 -5.7731426694760515 10.941269682309942 210 170 115 1.3022846517772468 15 26 8 297 19 304 20 25 17 30 24 170 35 7
963 0.97218245252399849 -5.9115476419977702 11.159187716708875 190 78 47 0.47181641166819105 15 480 8 298 12 525 16 621 9 631 13 510 19 602 23 497 20 427 20 523 18 421 21 506 22 387 29 432 25 427 17 444 26 330 38 462 37 402 41 396 39 399
964 0.95278934170650964 -5.8701139213269471 11.067938931218896 190 78 47 0.60675604917651005 15 481 8 299 12 526 9 632 16 622 13 511 19 603 23 498 20 524 18 422 21 507 22 388 20 428 29 433 25 428 17 445 44 384
967 1.5562255450950151 -5.1389418761983983 11.155019592014566 178 70 40 1.4364848819259026 4 104 8 354 10 99 26 243 30 33
970 -1.277663272885186 -5.2748937860221936 12.292268144983225 212 92 51 1.07805887212405 9 351 16 365 8 370 5 372 11 254 10 351 7 314 12 123 14 117 13 121 44 61 20 256
972 2.7837552742859049 -4.7171921783661572 11.495683580023346 206 159 103 0.56194785952412418 4 421 8 388 5 146 10 358 7 320 12 141 1 273 2 265 3 276 23 93 22 81 29 100 25 103 37 213 38 236
973 -0.47284048161073683 -4.6686086642767126 11.652123315572139 192 163 107 0.34651073364440832 4 433 8 395 10 367 28 80
974 -0.47421487535774082 -4.6470110915204135 11.605766719438574 192 163 107 0.11762664544073427 4 434 8 396 10 368
976 -0.53346451305063869 -4.63266213811493 11.635017094095865 189 162 108 0.64409464913622061 15 142 8 402 10 376 7 336 12 362 14 364 13 358 1 283 2 277 3 286 23 97 21 253 22 90 29 259 25 279 17 132 24 99 38 89 37 86 41 72 39 80 28 84 34 65 34 539
979 0.10076229458250389 -3.3789207327647075 12.431733890255177 176 43 26 1.0060345768941501 4 467 6 463 8 431 5 189 11 283 10 400 16 193 3 303
980 -0.8872896629130298 -2.5180174048166344 13.04908051781768 235 122 61 0.85511028845284587 9 582 16 437 8 441 5 220 10 210 12 505 13 489 1 152
981 0.57206992564843429 -2.3718320325765805 12.795481692533542 182 135 54 0.84129639633283748 4 491 8 444 6 250 10 212 7 366 13 206 19 223 2 135 3 151 21 138 24 136 38 145
982 0.5999564550984231 -2.0677709190481788 13.100831919457093 189 101 62 0.21567309052392139 4 244 6 261 8 449 13 212 19 232
986 -0.69888824305323127 -1.1598292806991635 14.782262698124844 216 191 185 0.83981543230774314 9 613 16 456 8 461 5 603 4 744 11 467 10 550 4 636 6 659 7 515 12 237 14 522 1 429 2 413 3 425 20 319 21 151 17 328
993 3.1330652675672948 -4.9684101261482523 11.517432211884982 151 130 79 0.45607633704804523 15 415 8 520 13 448 14 464 1 370 3 369 23 335 20 369 21 330 29 351 17 378 24 331 44 247 41 343 39 338
994 3.1389339347623233 -4.821360716569143 11.624282613263018 159 137 79 0.28517879868278784 4 572 6 591 8 523 10 487 7 454 19 511 1 373 2 362 3 376 23 341 20 375 21 336 22 340 29 357 25 369 44 249
995 2.1976573866280122 -4.4752727350444834 11.556705448952744 163 142 84 0.30754746803568067 4 579 6 597 8 532
996 -0.54069055194641713 -3.7037763370901704 12.25318511767377 160 26 10 0.1942401899940058 4 593 8 541 11 412 10 508 1 392 2 379 3 392
997 3.2019285444092871 -2.946252404865672 13.023144500052194 148 86 30 0.99888081406510554 4 481 8 555 5 210 8 439 7 488
998 3.3611717997583339 -2.8833273467054887 13.568570289013122 150 85 33 0.63680795919978839 6 628 9 571 8 559 4 612 5 568 10 530 7 492 12 496 1 404 2 390 3 405 20 481 21 452 17 414
1004 3.4042131040444907 -1.174051873142866 15.198079943861913 112 94 84 0.82919374049779071 9 611 8 579 11 464 4 635 6 656 10 549 7 512 1 427 2 411 3 423 44 284 21 146
1005 0.87327966364867038 -0.63158642169504586 14.164703696975677 161 139 131 0.28115877693986968 9 619 16 608 8 583 11 473 7 518 12 520 14 524 13 498 21 380 26 189 41 314
1006 0.87284362815689043 -0.63385915671337134 14.159683861799842 161 139 131 0.21622587497919107 9 620 16 609 8 584 11 474 13 499 35 195 41 315
1007 -0.98277904762637203 -5.9046287325702655 10.782141103801202 191 67 25 1.3390604853288377 8 593 5 740 9 39 11 612 10 662 7 641 19 688 20 518 18 516 22 481 17 533 24 483
1008 2.9759673817715981 -6.1257405215933742 10.979208804673034 222 148 138 0.56074854698125287 9 284 5 17 4 313 6 330 10 272 7 12 12 272 14 271 13 268 19 296 1 184 2 175 3 194 18 7 29 17 17 16 24 16
1009 3.3463274373132275 -5.932574009862325 10.899464730815563 151 36 0 0.56914145344254308 4 528 8 598 10 449 7 401 13 506 1 345 23 388 20 336 18 341 18 420 21 299 29 429 17 443 24 398 26 327 37 260 41 158
1010 -0.57424614722251677 -4.7435702233038288 11.64136061891695 155 62 18 0.62606346123569856 15 512 8 638 10 590 12 553 14 566 13 542 1 479 3 472 23 424 20 458 18 452 21 424 29 466 17 470 37 357 41 344 39 339 28 595 32 412
1011 0.11588614111248233 -3.8044300940166211 11.947537233433888 187 172 167 0.31459149181350238 9 551 8 651 10 601 14 482 13 463 19 526 2 471 3 484 21 344 29 374 17 396 24 347 37 228 38 248 41 213 39 204
1014 -1.2266046941830204 -3.2719222870246694 13.23364776807585 175 118 38 0.083566088147111237 9 690 8 663 14 597
1015 -0.22258784818475008 -2.7169777544124569 12.754398304980585 205 90 17 1.4553444561417215 5 696 4 715 7 684 11 297 23 271 9 223 37 316 38 349 35 173
1016 -0.82085836825812186 -2.7754276246278575 12.835053095591048 208 92 33 0.50015777519917359 9 696 16 685 8 669 11 567 7 603 12 589 14 501 13 481
1017 0.27365084367869552 -2.6020068047226892 12.726142609411227 181 105 29 0.70688372247480868 4 717 6 744 8 670 5 698 16 584 11 569 10 624 7 605 12 499 19 564 1 507 2 491 3 511 23 456 20 399 21 366 21 462 22 369 29 399 25 400 25 493 44 276 26 417 37 319 38 353 41 301 39 298 35 178
1018 1.8080861518947078 -0.96581581997103205 13.977308266155807 190 154 138 1.5975174145250413 9 719 16 705 8 687 5 821 11 690 10 725 7 712 12 600 14 520 19 585 1 607 14 237 3 668
1021 0.53451832826016588 -5.2587364919995974 11.260475103550553 181 159 103 0.57548069952564451 4 667 6 686 8 708 5 749 11 623 7 648 19 613 28 569 32 474 34 517
1022 0.24990481251564009 -4.8376951372640429 11.564862680190743 183 162 105 1.4626202462646489 4 679 8 718 1 472 35 271
1025 -0.2280968994419291 -3.1192319850798369 11.602903902534608 90 6 3 0.8747547949765655 9 766 16 757 8 735 11 650 18 304 23 263 21 266 22 271 25 295 24 249
1026 2.7869001844402304 -3.0812382821632527 12.781787571268945 134 59 10 1.1305788567580066 6 888 8 741 4 866 5 864 10 766 7 755 14 595 2 623 3 649 17 491
1027 3.1463942979514874 -3.0231182896346134 13.382849421256948 128 51 6 0.4729580907060742 6 815 8 744 4 798 11 659 19 731 1 576 2 560 3 583 23 535 20 556 21 536 22 521 29 551 25 561 17 572 24 520
1029 0.87631761674137165 -2.3100589255530779 12.748452755803262 189 153 111 0.99264975640054964 4 800 6 819 8 748 5 798 11 665 10 700 7 688 1 578 2 632 23 546 21 545 29 562 25 495 37 382 35 290 32 162 34 179
1030 -0.58785422310657554 -1.9770882987667926 13.285213443636348 199 108 71 2.0279072794533173 6 830 9 783 16 774 8 754 5 807 11 674 7 697 9 592 16 698 12 220 13 220 19 238 1 584 2 570 3 593
1032 -0.64859224553981998 -1.6351963303642405 14.027202660427829 226 214 214 1.2697702505764259 9 796 8 760 13 657 1 688 2 690 6 944 3 704 18 563 22 535
1033 -1.2167542083626497 -5.8118201965473801 11.694731734166153 193 62 11 1.2909104942218821 16 898 8 774 5 490 11 620 10 293 7 549 1 352 2 217
1034 1.2907152786958518 -4.9542727166448755 10.994369156146968 181 160 105 0.7084627678038391 4 844 8 779 6 863 5 836 11 707 10 743 7 731 1 621 2 595
1035 -1.257250505765531 -4.8153441463646143 12.542597085017723 255 174 166 0.97944941103770056 9 754 8 790 5 907 11 787 10 807 12 639 14 573
1036 3.1249108652681921 -3.1877581039859058 13.090342738622905 146 114 67 0.45028693351464427 6 940 9 852 16 834 8 801 4 913 5 863 11 738 10 814 7 757 12 649 13 628 1 684 2 679 3 695 26 501
1039 2.9161877197207939 -5.8949351699551045 10.791225972060598 200 71 22 0.9079649815324885 4 889 6 916 8 829 5 885 11 767 10 790 7 822 1 697 2 699 3 713
1040 -0.56093720935500291 -5.2632273925520305 11.338498620147863 183 164 103 0.52721596256067049 9 823 8 835 5 832 11 772 10 737 7 724 12 694 14 712 13 681 19 766 1 615 20 585 21 568 29 597 25 609 24 544 44 440 26 622 28 671 30 672 30 673
1042 1.4274287708384721 -6.4252345758458427 11.258226951735821 206 67 10 1.0960249389004642 4 886 8 867 6 913 5 923 7 817 14 791 15 693 13 758 19 798 1 695 2 696 23 613 18 655 21 643 24 602
1043 1.4274287708384721 -6.4252345758458427 11.258226951735821 206 67 10 1.0960249389004642 4 887 8 868 6 914 5 924 7 818 14 792 15 694 13 759 19 799 1 696 2 697 23 614 18 656 21 644 24 603
1044 0.082688200175588422 -3.2312592344238751 12.391250746374798 142 23 13 1.2243490170494091 9 901 16 886 8 880 12 766 13 747 3 132 37 477 38 529 35 283
1046 0.25116249135589158 -1.8919667777303655 13.300218157996337 200 119 74 0.34733554087210616 9 958 16 945 8 914 12 822 13 798 44 559
1047 -0.97884432573603664 -4.6676073028453819 12.050559874810835 255 234 206 1.7930634321625736 9 974 8 936 12 837 13 814 44 577 37 509 38 564 41 464 39 459
1048 0.016548148882340397 -6.236206501242088 11.030962972740006 204 67 12 0.96168806148290276 4 990 8 941 6 1020 5 996 11 877 10 892 7 890 1 757 2 759 3 774 44 597
1052 -0.62732874041212761 -5.2340913179509565 11.426454105134678 163 68 23 1.0405334091607512 6 102 4 106 8 99 5 106 5 112 7 79 12 83 14 82 13 87 19 95 1 57 2 47 3 51 23 54 20 55 21 50 22 47 29 61 25 59 17 75 44 49 26 73 30 29
1054 1.237145433543628 -6.0787903918195552 11.131177163922956 170 126 128 1.3122151617835276 15 695 16 857 9 873 8 826 4 890 6 915 5 884 11 765 10 789 7 785 12 736 14 750 13 723 19 838 1 662 2 653 3 676 23 658 20 653 18 657 21 645 22 624 29 684 25 688 17 630 24 604 26 661
1055 2.8213099344358983 -6.5070421988408444 10.961854435609268 236 186 190 1.150468295089079 15 692 16 894 9 913 8 865 11 763 12 731 14 790 13 720 19 836 22 584 17 628 24 575 26 700
1057 -1.1185341577650956 -6.5552635691120118 11.04448190689534 211 95 59 0.31577236580546575 6 3 5 2
1059 -1.3601637046927606 -6.3144000520254195 11.186986841343883 211 133 129 0.49222550729983183 6 21 8 19 5 12 11 173
1061 -1.206601835498063 -6.1648308209268956 11.437064772507131 229 161 162 0.32323701084885931 8 31 5 19 16 40 11 176 7 22 5 20
1063 0.78796994571705636 -6.0221581320889701 11.135486862809978 177 62 26 1.6140012106366683 8 34 5 23 7 20
1064 -1.1981285631055916 -6.0039966938149698 11.337288177655566 252 185 186 1.2186762907274216 4 33 6 43 5 27 11 178 10 33 7 24 19 303 15 384 1 15 23 167 18 23 21 173 25 189 17 224
1065 0.23471970481565971 -5.9573634342247566 11.157348227673268 180 65 19 1.2921317692368861 4 29 5 28 6 342 11 617 5 623 7 544
1067 2.6285685834877919 -5.6960130260563453 10.762001493524021 195 157 118 1.332879473940273 4 35 6 45 5 34
1070 -1.0123644739454127 -5.855569220311506 11.58075129104855 184 163 127 0.8352120992965224 8 48 5 52 16 54 10 58 1 25 3 28
1071 -1.084039664499082 -5.3427876994230781 10.798387089333493 184 169 138 1.2448091327956108 8 59 16 66 5 58 11 23
1072 -0.58632313065927066 -5.6624867732237281 11.348533632959402 208 143 92 0.36986162389167782 8 54 16 62 5 66
1073 -0.39680275702917495 -5.538901954182017 11.154170610339845 175 64 30 0.51825989206843281 16 67 5 67 11 31 7 43
1074 -0.39680275702917495 -5.538901954182017 11.154170610339845 175 64 30 0.51825989206843281 16 68 5 68 11 32 7 44
1077 2.3042197831486515 -5.5988964461756963 11.420831404034905 238 215 166 0.67586446331140071 16 78 5 85 9 77 11 209 19 57
1078 -0.93590997121491937 -5.4018274573830842 11.31286386907583 245 218 195 0.12751536261981891 8 80 5 90 11 46 10 85 7 68 1 221
1079 -0.97940141906407907 -5.3984258434796084 11.3968043858768 189 156 112 0.62764264665551905 6 385 5 94 10 310 7 71
1081 -0.33980512666224161 -5.1793257754698363 11.361236480860519 206 146 92 0.17526181487138004 16 107 5 111 11 63
1082 -0.71695385852285187 -5.1734967587665182 11.408830513951973 208 124 81 0.21078602777471678 6 106 5 116
1083 -0.9603400460432987 -5.1359939059230149 11.554909066698247 242 210 191 0.24791633052451761 4 389 5 120 6 574 11 72 10 333 7 100 1 245
1084 0.67453662163385364 -5.0045024943933401 11.307687971228729 211 135 83 0.14230438175422933 4 122 6 118 5 125 11 77
1085 0.67453662163385364 -5.0045024943933401 11.307687971228729 211 135 83 0.14230438175422933 4 123 6 119 5 126 11 78
1088 0.44606726856101864 -4.8976923051443437 11.355433467644609 190 155 98 0.072057952408050935 6 132 5 137 19 116
1089 -0.68914050214808098 -4.7540228806132383 11.589963885170626 163 93 42 0.21660024861723859 8 159 16 149 5 148 11 104
1090 -0.63516766090565913 -4.6586699590866916 11.551527431590396 181 96 49 0.11454551961074926 6 157 5 153 10 157
1092 -0.76861497913425791 -4.7177465409230424 11.954780809436429 252 202 173 1.8976699275109603 6 160 5 159 7 136 2 286 1 291 3 99 3 294 25 116
1093 -0.41551755752958452 -3.8235550652479025 11.99381731398622 149 42 15 0.32095805307308262 8 185 5 169 11 121 26 136
1095 -1.0285236588596673 -3.3490601905050443 13.187253197464674 242 119 52 0.085301743165271421 4 472 6 471 5 200 1 305
1096 3.171722626690749 -3.1750703924441566 13.429419347454925 128 71 9 0.25149323146486718 4 608 6 474 5 206
1098 1.260891185968364 -2.7578954701318534 12.371773058375279 180 84 29 0.38920663520018306 9 219 5 211 11 149
1099 0.44105400675909234 -2.7644243527988741 12.529234653460104 171 114 26 0.23687111161805285 6 234 5 213 38 134
1100 -0.88320317688792616 -2.6025469100929501 13.335992335317156 241 125 68 0.48658937597527496 8 442 16 228 5 221 10 209
1101 2.7252223035515764 -1.997926288674073 13.304436277857862 101 34 9 1.4507552694525303 9 232 5 227 14 404 18 316 19 420 24 141 44 363 37 441 38 501 41 436 39 440 35 377
1102 2.0503607781435957 -1.7667402205452751 12.793423585249437 143 51 10 0.60557268257692032 4 248 6 267 5 228 20 410 18 406 21 371 25 412 29 410 17 426 24 266
1103 0.95679611835144762 -1.3588526867077559 13.570649458042054 174 124 78 0.20666907878262353 6 288 5 232 10 234
1104 2.8706514954199207 -0.94973065650165178 14.219536806533547 116 121 150 1.7450430473368475 6 294 5 237 1 166 1 167 24 151 3 175 2 153
1105 -0.56890051061970104 -0.95519095952605459 15.182141982645037 202 154 145 1.1387167513574168 8 266 16 268 5 240 9 257 11 160 7 218 12 241 13 238 19 270 23 146 22 159
1106 0.78004962619359486 -0.6512373659472056 14.345577926987797 177 148 136 0.37872872751781617 4 284 6 301 5 241 11 163 10 257 7 222 1 176 2 160 3 182
1107 3.1830079103393394 0.29613457382638558 14.194541502245261 44 45 47 0.96949219883170112 15 222 5 246
1108 3.4648391568389338 -6.4747391712991282 10.769447797444826 190 92 72 0.4619997909986569 4 6 5 255 6 11 10 3
1109 3.4709393291380612 -6.4640269724061987 10.751172696289393 190 92 72 1.0742090055002174 4 7 6 12 5 256 11 328 10 4 7 229 8 588 11 481 16 713 26 0
1110 3.4039675207744384 -6.4310982063738553 10.782906331971954 239 162 152 0.22134447538767241 4 299 5 258 7 232
1112 0.69880516754643685 -6.3530361016027808 11.086635034378842 238 168 166 0.54884387297946002 16 284 5 263 10 13 13 24 9 24 14 19 1 5 23 13 21 9 20 6 23 12 25 9
1113 -1.4225296202581672 -6.3336390498523993 11.306119221225059 255 193 193 1.9157588982689799 4 308 8 282 5 264 16 288 10 269 7 235 1 180 26 12
1117 3.1135875554075869 -5.9080872734086114 10.789242648904976 238 144 115 1.4388868107515462 4 315 5 275 6 335 10 26 17 20 7 19
1118 2.892014884081795 -5.9418859162215538 10.886702865215545 220 105 73 0.19657500472349154 6 32 5 277 11 177
1119 2.7009778410457255 -5.9127159553108362 10.913435797271571 199 72 35 0.3947024913242988 9 46 5 280 12 31 14 33 20 16 8 39 25 18
1120 2.9168586117649955 -5.8931542983062117 10.918662680112357 183 64 21 1.3993466374779375 6 537 5 282 11 181 19 599 3 441 44 208
1121 0.96845473977907104 -5.6460897636826273 10.957184423669931 181 168 126 0.62429261550499093 16 52 5 287 11 187 7 409
1122 -0.643941078714235 -5.7277527157986645 11.204808495689479 183 155 101 1.6849747470615366 16 500 11 351 10 455 7 30 19 309 1 21 18 30 44 219
1124 -1.1659653362384437 -6.1819462293438479 12.127073283110255 219 186 167 0.77347695239043146 8 307 5 298 11 354 7 246
1125 -0.47700528346956794 -5.5354905465441036 11.2701616593439 174 76 37 0.55673022013503337 4 352 5 309 6 369 11 33 19 61 26 49
1127 2.3374877810219106 -5.1077253186949543 11.146862679707942 166 118 70 1.0610023014772922 4 108 6 98 5 335 19 90
1128 2.4132188090743205 -5.2628541786220442 11.37403029820512 166 118 70 1.4159434008080554 4 109 6 99 5 336 18 356 23 321 24 313 44 313 26 352
1131 -0.87488920588818997 -5.1491687425078023 11.492133393785265 223 158 164 0.26873913669786964 8 356 5 349 11 234 10 329 7 285 14 96 13 100 19 107 1 241 20 250 23 210 21 218 29 223 25 240 24 207
1132 -0.87798851910787601 -5.1505112680222469 11.492172163119664 223 158 164 0.45910270883917459 8 357 5 350 11 235 10 330 7 286 1 242 3 250 44 246
1133 -0.17161184155945233 -4.5136401060371485 11.651581377090242 193 151 100 0.33807130333772439 8 171 5 391 19 147 39 87
1134 -0.18216265577813151 -4.5692340737477846 11.754541990239115 193 151 100 1.4163967196041283 8 172 5 392 19 148 23 102 17 135 41 199 37 212 39 194
1135 -0.42078843318283266 -3.9314895599776434 11.893400685068114 190 76 0 2.081047844321176 6 181 5 399 11 115
1136 -0.18387185321357441 -3.8808147808373246 11.949445767033351 179 64 33 1.4281241458470855 16 166 5 401 25 129 44 80
1137 -0.70151529007924784 -3.9453579723137513 12.354308700461674 202 73 7 1.1239886721148444 9 176 16 169 5 402 11 278 19 167 19 383 26 387
1139 -0.92482366473117983 -3.4367677344578618 12.650672132025043 225 95 26 0.55251683070842372 6 213 5 408 11 133
1140 3.4040036563853473 -3.3106908013858027 13.172757522335113 154 110 67 0.76751169157376786 6 470 5 410 4 211 11 424 9 204 19 189 26 141
1141 2.9510648596223135 -2.5171625262863695 13.417204262695478 110 33 0 0.26282104290356184 4 492 5 424 10 408 7 363 15 348 12 396 14 200 13 199 1 312 2 306 3 152 24 132
1142 0.97169288452891645 -1.9543316861496689 13.012988008717802 194 118 75 0.34169527294657404 8 451 5 433 10 219 12 216 29 145 17 182 37 144
1145 2.2890125718561087 -1.6433445400886129 13.848771874170682 149 96 29 1.8582702495224275 6 284 9 243 5 438 7 200
1146 1.8764419345232746 -1.4186426546085813 13.419065429643561 180 168 162 0.74889263284512375 6 505 5 441 7 204 9 448 19 252
1147 0.83742817450557183 -1.289217344569241 13.6129056106628 175 160 159 0.11832486610015847 16 261 5 445
1149 2.2262926174054125 -0.6022757433138124 14.097632002910769 169 150 144 0.40792410710776161 16 270 5 450 10 434 13 240
1151 0.050882802491225322 -6.3047060017689258 10.672689361204975 189 73 37 1.9810230250743841 4 647 6 667 5 455 11 168 10 439 7 225 1 338 2 421 32 600 25 328 18 2 23 297 29 8 23 158
1152 0.91031744159509265 -6.5491818645019153 11.342062146815575 227 156 154 0.34961417150164209 8 278 5 462 11 172 7 5
1153 0.91031744159509265 -6.5491818645019153 11.342062146815575 227 156 154 0.34961417150164209 8 279 5 463 11 171 7 6
1154 -1.2775653895898438 -6.2458306877411474 11.616592641574297 254 186 182 0.87159276524219231 8 32 5 468 16 42 11 7 7 21 7 402
1155 -0.65453079588457963 -5.952287500534033 11.164308138523577 192 60 9 0.1609679862978769 4 529 6 533 5 469
1157 2.4312441030918892 -5.5296881783421119 10.969138064956606 200 119 69 0.057949163377103555 4 544 5 486 10 463 7 420 1 351
1158 -0.89673821713264679 -5.5074496834379474 11.119772194575088 232 183 176 1.5028911072929392 8 491 16 508 5 489 11 364 7 423 2 200 44 34
1159 0.090470224118129577 -5.4696251184920044 11.256934488354478 188 103 59 0.16413134548869954 6 556 5 494 19 477
1160 -0.24389311471288933 -5.4134779687484604 11.261826013594213 193 104 58 1.3333920061288154 16 513 5 496 11 370 19 332 28 310
1162 -0.20377464511081661 -5.2523466416974163 11.286905916267665 190 160 107 0.56256427114071428 8 505 16 515 5 500 11 512 19 490 24 318 38 298 41 253 34 425
1163 -0.20543682688180392 -5.2610387319358827 11.307721899954583 190 160 107 0.24873109923355699 8 506 16 516 5 501 19 491 24 319 38 299
1166 -1.0750672388208895 -4.770550865525629 12.368524326806948 210 80 34 0.63031187650189058 4 580 8 533 16 547 5 533 6 717 11 400 10 498 7 467 1 381 2 370 3 382
1167 -1.1394199262054705 -4.6664128618832788 12.195029013021284 255 221 225 0.60572037352751595 4 170 6 168 5 534 7 344
1168 -0.75042668778942168 -4.3812275815664323 11.886822005305982 171 119 35 0.83842171794237197 8 173 5 535 10 164
1172 3.0838150686113321 -3.3289248776614353 13.114802721998098 148 61 9 1.5156082671665734 4 469 6 469 9 405 16 577 5 558 11 423 10 402 14 182 13 186 19 191 23 531 19 725 20 552 18 546 21 533 22 518 29 547 25 554 17 567 24 515 44 181 44 466
1173 3.2573438544456601 -3.1085005770215028 13.212684092386098 128 63 3 0.81620544078633284 4 476 6 475 16 418 5 564 9 410 11 427 10 193 7 174 15 173 12 191 19 198 2 124 44 88 26 145 26 146 35 238
1175 0.030849595787511508 -2.2319450990665102 13.218872655901171 201 164 131 1.6299449881280488 6 754 5 580 7 617 10 632 1 412 10 539 23 277 29 295
1176 -0.45251729359933635 -2.1539866978742515 13.31279607649147 183 116 32 0.78699919884739389 4 498 6 491 9 436 15 357 5 584 11 308 10 415 7 694 12 401 13 395 19 421 2 311 18 317 17 321 38 152 38 153
1177 2.6715650696731705 -1.6854525026157576 13.950160129338082 145 132 120 1.4516225258794531 4 631 5 593 6 503 11 314 10 544 7 380 1 422 2 316 3 324
1178 1.7472998724960893 -1.4431789894966116 13.245769951015674 171 118 66 0.8749852163837929 9 602 5 595 16 251 11 455
1179 -0.0066992220855160564 -1.3697423259429644 13.824295882878253 194 127 67 1.0568305146107355 4 739 6 289 5 598 11 461 24 272
1182 0.2075293372007902 -5.9174434062945593 11.105890983924491 198 63 8 1.4310995931103585 6 341 8 703 16 487 5 622 7 543 44 211 26 331
1183 -1.3611183046503805 -6.0964975759536033 11.519343531980473 188 67 29 1.2606953921677309 6 46 5 626 4 36 11 618 16 720 2 186 3 14
1184 1.5744983947191209 -5.6008215800712478 11.182859590952672 179 67 27 0.82285324837717966 4 345 6 360 8 609 5 634 11 499 10 464 7 548 12 618 1 209 18 519 44 303 26 553
1185 2.2789343941056006 -4.1305691920302179 11.766767948660082 194 60 0 1.7697412976584608 4 177 6 720 9 673 5 674 19 152
1187 2.1524297278038143 -3.3255876453077344 12.219826046530029 184 147 87 0.55477460354545949 9 682 16 570 5 683 10 517 38 342
1188 3.0887026905375774 -2.1277413081740875 13.664306280779115 95 77 47 1.4845498409941129 4 731 15 355 5 708 11 578 10 637 7 504 14 400 19 418 1 519 18 315 17 319 24 261
1189 -0.68126067427723691 -0.96288083554264259 15.265065638831475 209 194 194 1.070974183287025 8 691 5 730 16 709 10 652 7 634 1 531 3 607
1190 3.2784677546607459 -0.72058032918409554 15.046996446545055 22 22 22 0.95512183700669773 6 299 5 732 11 602 9 721 10 250 19 268 44 373
1192 2.8106412100769904 -3.7559270831116689 12.045976657875704 143 51 10 0.82297866970700362 8 729 5 773 2 547 39 209 37 233
1195 -0.9902241859375539 -3.3797112244833292 12.962058364344786 246 115 47 1.5670688378709279 4 789 6 808 8 737 5 785 11 654 7 674 44 350 26 583 25 557 29 484
1197 -0.56273654233768466 -2.0358918952977203 13.505565928591201 198 105 57 0.89772562607014972 4 805 6 829 5 806 10 705 7 696 1 583 2 569 3 592 25 575 26 595 37 328 39 306
1199 0.7407261841709496 -1.0380350811584553 13.893956045541476 130 110 96 1.1139167776797454 9 864 16 849 5 819 11 757 10 723 35 296
1200 1.4585292543316577 -1.0116038907577369 14.486987596854474 197 160 151 1.4001568779834588 4 924 6 948 8 580 5 822 11 691 10 782 7 632 1 692 2 722 3 732
1202 2.3122716809651855 -4.0210572173800054 11.799857068486295 170 158 53 0.49994642213833129 9 757 5 853 38 424 41 415
1203 -0.34053233665106353 -2.2962526619139889 13.214721011715742 190 163 133 1.131855942941596 9 905 16 889 5 871 11 797 6 259 10 773 7 768 12 772 14 782 13 753 18 610 21 592 29 627 24 138 24 567 44 522 38 496
1204 0.12122721986259974 -2.0481090563822977 13.332231092302438 192 127 61 1.6958835989078413 9 782 5 872 7 771 12 722 13 712 18 557 25 574 24 526
1206 2.1303383019704847 -1.9347099684996545 13.091411815511677 126 35 12 1.5347195745610234 8 812 5 916 16 842 11 744 7 770 7 813 14 211 13 214 17 619 24 568 26 649
1207 0.52455040061986036 -1.9536494010672949 13.087848245929578 191 149 77 0.32329857079854091 9 906 16 890 5 917 11 798 7 814 26 650
1208 2.7988028908681812 -1.4461894722488646 13.438972391701224 185 156 143 1.8939349340430978 6 841 5 920 4 817 10 819 1 599 2 576 3 600 10 778
1212 0.65344299154684571 -2.0621988829430049 12.642477360739742 183 74 23 1.0956742683645673 8 857 5 947 11 825 7 838
1213 0.72094111431804819 -2.12622505581361 13.027134782331002 183 74 23 0.85150208271689154 8 858 5 948 35 415
1214 -1.5240455780516227 -6.6291926093688209 11.749781966067633 245 175 175 0.43861629749358133 4 949 5 954 6 979 7 844 1 713 10 850 2 698 3 712
1215 -0.95366785519444941 -5.2460195509543563 11.497783439028421 228 212 186 0.92036896871225427 4 953 6 983 16 104 8 353 10 876 7 85 1 717 2 726 3 737 5 959
1216 3.4071102228185892 -3.52873452570079 13.142821645279859 166 55 0 0.67540348895600932 16 907 5 967 8 908 11 844 7 860
1217 1.0336493275237715 -2.6449052656311869 12.58887803279122 181 72 19 0.3259034817915083 4 961 6 991 5 970 11 847 10 863 7 863 1 729 2 735 3 746 35 444
1218 2.503750094063415 -5.967344848008115 10.359406564324205 243 175 172 2.1326673381691537 4 970 5 977 6 1001 10 870 7 868 1 738 2 743 3 756 17 657
1221 2.0960744342042896 -3.6064116634332883 12.061985157488321 194 65 0 1.2357392270927718 6 1008 5 982 11 860 7 874 37 583 38 633 41 574 39 566 35 454
1223 0.69201827278631123 -3.150256307810209 12.110140452519266 197 69 0 1.0443388642459954 16 955 5 985 11 863 14 836
1224 -0.43733371306972024 -0.55322873989817767 14.514949054107024 200 190 190 0.33904583931024734 4 982 5 988 3 765
1225 -0.67680293739977337 -6.5261727898710751 10.892390967136224 133 42 6 2.5144153820646644 16 793 9 812 8 697 5 0 4 646 9 867 10 556 12 684 19 796 1 436 20 618 21 384 20 572 23 560 29 583 25 593 25 644 6 771 17 627
1227 1.710522141049132 -5.8872895472590558 11.362246569862501 135 41 7 0.74631011574248851 4 48 6 58 15 483 16 625 9 633 8 602 5 291 11 352 8 484 13 512 19 606 29 435 17 447 44 216
1228 -1.1349673801592519 -5.93322846631205 11.255533633095096 97 44 36 1.4477760586432613 15 29 5 33 16 492 9 482 8 477 10 36
1229 0.43724248703950147 -2.6365964470927596 12.670766163763675 118 99 79 0.81966490705878758 6 816 9 775 5 793 10 698 12 656 13 638 19 652 1 577 20 486 18 484 21 459 22 448 29 495 17 502 24 450 41 424 39 372
1231 -0.45924316271245436 -4.5489626787938207 11.639327243215952 191 158 96 0.36330473313231032 4 441 9 383 8 409 15 321 5 388 4 442 15 320 6 445 9 382 8 408 10 379 10 380 7 340 12 366 12 367 13 361 13 362 1 287 1 288 2 283 3 290 3 291 23 247 23 248 21 254 21 255 22 257 22 258 29 262 29 263 44 74 26 127 32 71 32 72 34 73 30 60
1232 0.61964801343885489 -6.1100320128476122 11.135203774457658 183 68 39 1.0712242163522327 6 331 4 524 5 618 15 380 8 29 11 487 10 446 10 562 7 539 1 343 2 178 3 195 18 340
1234 2.9270545507724983 -4.3014208169907793 11.903804981608626 155 129 39 0.70174622472955683 4 696 16 664 5 672 4 583 15 322 6 600 16 550 9 538 11 542 10 500 7 347 10 385 12 368 13 364 13 546 19 522 20 282 18 282 21 100 17 283 24 102 44 256 44 336 26 279
1236 -1.0040257628825098 -3.5057036281838849 13.322148736168943 171 79 32 0.89243792152953327 15 447 16 674 9 684 8 736 5 784 4 788 6 807 11 653 7 673 12 577 14 590 13 557 1 567 3 502 1 498 23 359 8 221 21 123 17 407
1237 -1.0969479062575684 -0.82435567367783513 15.313043908809606 23 23 24 1.1332192990493746 15 661 16 852 9 866 8 822 5 882 4 832 9 912 8 863 5 921 11 761 10 728 10 784 10 821 6 951 4 884 6 910 7 783 7 815 12 729 14 745 13 718 19 794 1 658 2 650 2 693 3 672 23 610 18 570 18 619 13 666 15 610 19 748 21 553 21 602 9 809 22 540 22 583 17 625 24 573 44 375 37 334 41 145
1239 -0.99463583096748642 -5.8105672282286216 11.254587713314796 141 130 108 1.527365280565822 15 699 16 927 9 940 8 918 5 979 11 857 10 873 7 870 12 809 14 794 13 785 19 839 23 661 20 655 18 660 21 647 22 626 29 686 25 690 17 660 24 607 44 563 26 730 28 724
1241 -1.0122223671446866 -6.3653727310990407 11.177432671288951 188 79 51 0.75236428427106128 9 26 11 5 14 20 13 25 20 8 29 14 25 12
1242 3.1411161121145752 -5.9124127246312872 10.936454139006523 196 68 23 0.33203001286171824 5 26 11 9 1 190 2 182 3 200
1243 3.3038509411806674 -5.8271364826163241 10.890213930838646 173 64 23 0.18274121263877796 5 30 11 12 10 39
1244 3.3080250212668862 -5.8359865342762491 10.902523017634765 173 64 23 0.23178786829330542 5 31 11 13 10 40 7 27
1245 -0.71200016209845818 -5.6209562682142238 11.195802449226139 177 60 16 0.30172982438494028 6 63 11 18 44 29
1246 1.0090785363198658 -5.7282612123924448 11.329429574350117 252 227 209 0.65474559983123881 5 56 11 26 7 39
1248 0.93894204574111695 -5.335255136464788 10.715633864859113 171 76 44 0.31623096281889895 5 60 11 30 17 53
1249 1.4760436041823382 -5.2164268786213102 10.662233123817959 249 149 119 0.85028798416739726 5 81 11 37 1 35
1251 -1.0035383299425373 -5.3298833210249867 11.475833731730194 189 169 120 1.7899071923245422 6 95 11 56 26 245
1252 -0.71662925650406017 -5.0851381232470017 11.430279432501623 209 133 86 0.13787321571701228 9 118 16 118 11 71
1253 -0.60851264028295415 -4.9887013577315402 11.247976859410919 211 126 84 1.2702323566799198 16 116 11 73 25 85 26 102
1255 1.6460134033578859 -4.8754993448073645 11.135587203062329 174 53 7 0.59955503267519972 5 131 11 84 19 112 38 221
1256 -0.76151644354064163 -5.0657771535266454 11.901733228211043 170 97 63 1.1959769775920681 16 144 11 99 7 123 5 144 12 132
1258 1.3453765440840046 -2.3221511788740168 12.755675790662208 191 142 89 0.38734717841917621 5 706 11 153 19 571 26 419 35 241
1263 0.96845473977907104 -5.6460897636826273 10.957184423669931 187 172 130 0.62429261550499093 5 288 11 188 7 410 16 51
1264 -0.7857244367776236 -5.6785058530064783 11.231270980092118 192 159 105 0.40223331101138432 5 294 11 189 7 32 19 45 17 35
1266 0.77383289977937542 -5.600304211397785 10.998565574727804 205 164 109 1.0511614470705162 15 386 11 193 19 311 23 308 21 305 29 327 25 338 24 300 26 213
1267 1.8882094455690461 -5.7581539839400797 11.316152512466832 184 162 114 0.79939560712876523 16 308 11 196 9 58 19 307 23 30 22 19 44 25
1268 0.938081102259822 -5.7034277419156227 11.14702312768339 255 239 224 1.3415525624992328 5 293 1 349 2 17 44 220 26 29
1269 1.4290951972324062 -5.5983855073888753 11.144230929657434 177 161 119 0.19485923257968624 5 65 11 200 10 61 7 252
1270 -0.2516457441721322 -5.7695038191709314 11.640669912784524 197 107 63 1.0793406721310828 15 43 11 205 12 295 16 69 13 292
1273 -0.68780677703291737 -3.8723583218024795 12.29177327675448 194 114 78 1.5115139602180849 16 170 11 279 19 171 44 81 26 138
1274 -0.30662916297633308 -3.4259172629919719 12.668754510547126 176 55 38 0.20930593930078337 5 192 11 284 1 302
1275 -1.1915184264586485 -3.4422455506582947 13.467928541576676 197 160 106 0.52090125599345316 5 411 11 286 7 358 14 185 19 195 23 127 20 138 18 138 21 124 22 119 25 151 17 158 24 118
1278 -1.0600915285294759 -3.0800827733044387 13.179301846386803 178 118 31 1.7458200114605515 4 482 11 293 1 140 16 421 8 438 17 169 29 134
1279 -0.67575645380257465 -1.8394661391022145 13.374731672155226 244 195 177 1.5052813999400467 6 271 8 452 11 309 23 602 18 612
1280 -0.65554208699984429 -1.8846507006837818 13.563394803885204 244 195 177 1.2507495578406782 6 272 8 453 11 310 13 224 22 146
1282 1.9959666557023201 -5.5684213537320275 9.6727346339409976 255 205 197 0.60952261324135826 5 737 11 329 10 729
1283 2.9212648644053796 -6.373622856937657 11.281717990875432 250 178 168 0.17487481436764127 5 16 11 334 7 236
1284 -1.1339373544785829 -5.8200992487038805 10.87576401733307 255 192 192 0.084380792706823166 5 273 11 337
1285 0.56942912225475417 -5.7631112404637062 10.751905847739927 213 120 97 1.6459607215369951 16 294 11 339
1286 1.5063336025912728 -5.3542507199079994 10.994727888286114 186 75 32 0.5705995480523649 5 84 11 367 10 76 7 429 26 229
1287 1.1832877081040756 -4.5479502318325924 11.425842362124804 182 154 99 1.0457460003099242 4 157 6 714 11 396
1288 -0.84426396258764791 -4.4437294919849739 11.491670890143524 252 211 171 0.48883440582549248 5 769 11 399 7 466
1289 0.35017041722145231 -2.7162567819201406 12.720043297506656 180 115 32 1.7711296917453567 4 485 6 238 10 201 19 404 1 147 2 131 6 239 23 269 24 130 38 137 35 176
1290 -0.32598628716884021 -2.1782488686851074 13.257558987422797 186 128 65 0.90653614089456513 4 728 6 755 11 445 10 634 1 516 2 497 3 519 29 144 37 137 39 131
1292 0.18104027312644705 -2.0791333496800384 12.987967783375732 195 153 81 1.3507463033659555 15 198 16 443 11 449 14 406 26 422
1294 -0.72575244568372366 -1.1389655352620383 14.427991740412335 214 187 180 0.22342797791079769 9 612 11 466 14 521
1295 3.0921671713183767 -0.82408056107489935 15.120495308528314 9 20 49 0.42803552399132017 4 745 11 468 1 528 3 538
1296 -0.30511528483908029 -0.9079953000514106 14.080703800570754 188 133 120 0.25300043016224982 6 516 11 470 10 431 7 387 1 332 2 325
1297 -1.4371639075284675 -6.5545147866605333 11.096271262841043 191 56 4 1.2908001981075712 5 608 15 226 11 478 13 8 19 447 29 420 44 125 17 339 44 201
1298 3.0018554278642782 -6.3709023272747816 11.027921698003698 224 148 141 0.72326518303694587 4 520 5 616 11 484 10 558 7 536
1300 0.19733662966712684 -5.0907230492684752 9.7894221835144553 255 230 225 0.36800212334294763 8 705 11 492 7 644
1302 -0.27818080764584846 -2.3910201528086801 12.871940743181922 202 112 75 1.3496159013846964 9 704 11 575
1303 0.47429519982737117 -2.0055727556598661 13.055079301831773 198 158 124 0.38083242887150831 9 707 11 579 35 94
1304 3.4775032166410229 -1.9490548303786113 15.408976174169787 190 152 133 0.7347442634124699 5 717 8 574 11 588 10 713 7 623
1305 0.55809870781104221 -1.6865072990511787 13.28814628836103 195 152 88 0.16454965308279548 9 597 11 590 19 579
1306 0.55809870781104221 -1.6865072990511787 13.28814628836103 195 152 88 0.16454965308279548 9 598 11 591 19 580
1307 0.41925888980873161 -1.6752190213840421 13.281542041381275 200 157 88 0.3953517533006935 9 713 16 599 11 592 9 599 35 182
1309 3.1709199128229559 -0.7311581903130957 15.202465417977221 114 111 109 0.19539124184323717 9 254 10 252 7 216
1310 3.1995154500371625 -0.75183840691691695 15.264334302212726 114 111 109 1.4303221316620687 9 255 11 599 10 253 5 239 7 217
1311 0.4545786630347744 -0.58296947037126501 14.154079326556216 176 111 90 0.63340076315439819 5 735 11 605 23 482 21 492 35 193 26 543
1312 0.043662757359894062 -5.3488095335614814 11.213530969877546 196 96 50 0.22651072129041833 15 570 11 621 22 494 17 542
1313 1.0282642553336467 -4.5156265260151507 11.352031051452009 183 158 101 1.0081848695189044 16 742 11 638 19 630 25 461 37 366 41 353 35 63
1314 0.60771130827944908 -2.5746362130519032 12.633742245235442 182 117 26 0.95723825803944007 8 805 9 778 16 837 11 661 7 685 12 658 19 654 23 544 20 561 21 543
1317 0.58303204268762554 -1.3409403840832281 13.6091194995251 176 95 66 0.4484273780689596 4 819 9 717 11 685 23 470
1318 0.47429391866980497 -1.0308548747838961 13.830605752583203 149 128 115 0.60872577666384842 5 602 11 689 7 385 14 239 19 676
1319 1.0225277352136011 -0.85198919836904263 13.057305752718777 178 145 130 1.6665996457267722 5 728 11 692 10 243
1320 1.584331016647097 -5.1069594215907994 11.062219114937921 209 70 22 0.4755411698446716 4 760 6 782 11 706 10 671 7 730 12 629 14 642 13 607 3 555 44 446
1321 1.4326788186445936 -4.7032248891798432 11.35101197565262 179 158 103 1.8875310439574631 16 818 11 722 10 750 12 751 23 628 21 620 44 500 26 672 47 609
1323 3.4678136058549525 -2.70973146132236 13.835920025794126 135 61 26 0.3204394635223588 5 870 8 808 11 742 10 771 7 765 3 698
1324 2.7220604300991189 -1.7863954254448924 14.432689644251266 146 138 133 1.2650562474529214 5 918 11 749 10 818 7 775 1 685
1325 -0.57106543139614774 -6.674204136080208 11.154245783662446 196 65 12 1.6913780637599456 6 911 11 762 7 714 1 659 44 377
1326 0.73314585243105146 -6.0203774534494761 10.924724848380981 250 184 184 0.81465386647265103 5 828 11 764 7 642 3 675
1328 2.4389052842672219 -5.9082364429362366 10.815817648516678 201 64 10 0.65701988200813521 5 928 11 806 10 825 7 821
1329 3.2762497940122399 -0.97773866492843042 14.911848958820439 140 129 127 0.70097247043938526 16 892 11 830 9 909 15 688 12 777 14 786 13 754 19 830 23 653 20 649 18 651 21 640 22 622 29 680 25 685 17 655 24 599 44 527 26 698 37 561 38 614 41 553 39 547 35 458
1330 1.3175739224117435 -2.4677595413985407 12.943294876817278 179 140 62 1.1906602363629972 4 981 11 849 1 748 37 586 41 576 39 569
1332 1.9332991918374161 -1.460217834729588 13.394452221415653 182 149 118 1.3735951726420221 5 995 11 876 10 891 7 889 1 756 41 577 35 468
1333 -1.336483107652658 -6.545258326395758 11.051095331432608 199 84 45 2.5022052844023537 6 314 16 6 5 454 11 0 6 527 5 609 11 479
1334 1.5179832103089381 -2.8459404111790834 12.407206144131996 87 67 31 0.54914180402800539 4 795 15 536 8 742 10 694 7 678 12 652 14 669 13 633 2 557 3 581 20 478 21 537 44 418 26 519 35 327
1335 0.11692798304154763 -6.337461060317179 10.677007028573373 249 184 170 1.5317697268966417 4 4 5 4 11 167 15 373 16 278 8 271 19 449 24 290
1336 -0.092431783013297311 -3.3465973990998434 12.538610375405526 162 36 18 1.181743542186436 8 432 5 193 11 136 7 167 14 180 1 303 2 297 3 130 23 530 20 135 25 148 26 148
1339 -1.1336878401308095 -3.6528435626632825 12.788840716883554 187 147 85 2.3913149999005112 4 977 6 1009 11 280 4 203 6 461 9 395 5 405 16 409 19 391 1 125 1 744 2 750 10 881 3 763 23 120 25 140
1341 0.01147247653506127 -3.3788858724708866 12.155293856996781 126 25 22 1.0183187105354483 4 598 6 615 5 552 11 418 15 167 16 191 9 197 10 515 7 477 14 177 13 176 19 186 1 395 6 729 2 382 3 395 23 255 20 292 18 297 24 112 26 291 41 105 39 111
1342 0.35717411389414955 -4.4445050008347335 11.627852016626955 130 114 75 1.5595114295502603 8 921 4 956 15 731 6 986 16 938 9 950 5 964 11 841 10 857 7 856 12 816 14 822 15 741 13 803 16 951 19 867 1 722 2 729 2 747 3 740 3 761 23 691 20 683 18 690 21 678 21 690 22 660 29 714 25 716 24 635 24 648 44 578 26 737 38 103
1344 2.5010270203812417 -4.3080321120529748 11.713777789256572 191 58 0 1.213496871321506 4 777 6 795 15 582 16 745 9 671 9 755 15 432 8 649 8 726 5 771 11 726 15 641 16 824 9 844 5 851 10 682 7 585 7 665 12 564 14 574 14 655 14 725 13 545 13 617 19 713 19 783 1 554 2 542 3 569 23 429 23 520 20 545 18 456 21 528 22 507 29 368 29 470 29 542 25 543 17 394 17 477 24 346 24 427 26 483 26 569 37 418 37 472 37 291 38 418 38 478 41 412 41 469 39 349 39 413
1345 2.8308219351589856 -4.8401039469369511 10.925846478500874 75 66 41 1.782731423999766 4 561 6 571 5 128 8 131 11 79 10 113 10 118 7 104
1346 -1.0795413934801763 -4.7280260015189821 11.87399120578605 184 116 93 2.520236708351423 4 776 15 137 6 792 16 155 4 162 6 442 9 155 5 157 11 110 15 140 16 391 9 381 8 405 5 532 11 397 7 339 7 462 12 363 14 147 13 146 19 142 19 373 1 105 1 553 2 93 2 465 3 566 20 116 18 113 18 117 20 113 21 94 21 95 22 93 17 131 24 96
1348 2.5935518512689653 -0.72541503760508941 14.664926297465922 11 26 76 0.95825890859962537 6 766 4 746 5 731 11 601 15 550 16 708 9 722 10 654 7 635 12 603 14 623 11 159 13 588 1 529 9 253 12 240 2 513 3 539 23 481 20 507 18 502 21 491 22 468 29 156 29 510 25 512 17 200 17 523 24 473 44 374
1351 3.2079309071827362 -2.7596940947249879 13.620973184491788 70 41 11 0.34563977007283991 15 595 16 836 9 773 8 804 4 871 5 867 6 895 11 740 10 770 7 761 12 717 14 673 13 637 1 645 19 735 2 630 3 656 20 560 18 551 22 525 17 574 24 524
1355 1.2795733295477663 -6.4990967054964539 11.230010001950852 165 70 45 1.4015629734523967 4 305 6 324 10 12 7 233 14 14 9 273 12 16 13 260 12 424 1 4 2 168 3 3 23 491 20 516 18 512 21 391 22 479 29 424 17 530 24 391
1356 0.74665568509191294 -6.1328825905186166 10.858919049044298 252 183 184 1.906391413189696 4 307 10 15 6 326 2 3 3 4 3 187 2 165 6 321
1357 0.67144082333675903 -6.1539297166180811 11.154797169137485 254 172 166 0.97837785176628955 4 312 10 20 25 185 18 14 19 13 20 14 21 15 23 22 29 167 24 21
1359 -1.3152365560717318 -6.065292950873979 11.279894545077871 162 62 44 0.21348069247164095 4 318 6 33 10 27 1 187 2 179 3 197
1360 -1.2997811456841202 -5.7681953082520714 10.890905452243311 162 62 44 1.0227982261640636 4 319 10 28 12 35 1 188 2 180 3 198
1361 -1.2862789219475614 -6.0206603741420146 11.305140469522296 255 200 192 0.038430337440756239 4 26 6 34 10 30
1362 -1.4439779655789819 -5.9336728918993984 11.37740346142693 215 95 63 0.35576204072300471 4 40 10 42 7 29 2 11
1363 -1.4429351405179485 -5.9494290654366582 11.398499424554961 215 95 63 0.23217945396269976 4 41 6 49 10 43 2 12
1364 1.2774774657170034 -5.6743365195076736 11.153839040247645 175 164 124 0.35079139825099387 6 60 10 50 2 18 3 25
1365 1.2774774657170034 -5.6743365195076736 11.153839040247645 175 164 124 0.35079139825099387 6 61 10 51 2 19 3 26
1366 -0.87519685762686095 -5.220596245960178 11.407199415531196 215 166 162 1.2703963456300258 11 58 15 81 10 97 7 82 19 92 1 58 14 86 2 48 11 229 3 52 18 66 22 49 25 61 17 79 24 58 26 74 30 25
1368 2.0128648099339612 -4.877781046458443 11.19983721838954 164 56 10 0.17607389781179864 8 142 10 126 7 109 12 113 1 76 2 66 3 74 37 73 41 63 39 69 45 57
1369 2.0127655157585824 -4.8784068728115617 11.200502769055317 164 56 10 0.1722577740021774 8 143 10 127 7 110 1 77 2 67 3 75 37 74 41 64 39 68 45 58
1370 -0.01318224091785947 -4.884583214665148 11.428288345746353 155 72 28 0.24960833588604162 4 139 10 137 1 87
1371 2.993810465991841 -4.8073481412929944 11.602935787849782 118 50 3 0.53964538228412928 4 152 10 151 44 67
1372 2.6617933418420572 -4.3344100302897663 11.433141815249492 160 141 92 0.64380004915878286 4 168 10 162 1 110
1373 -0.80662651490915649 -4.3718301862205546 11.759613454889219 207 183 126 0.1968254131162078 4 581 6 447 10 163
1374 -1.2417567645465475 -3.6963725563223133 13.644599843699986 188 90 29 0.79767585472045921 4 208 10 188
1376 -0.012720427822223409 -2.4207734937839995 12.889997346642259 204 156 110 1.3945146792235328 4 237 10 211 5 797 7 184 14 205 13 205 8 243 20 491 22 452 17 507 24 454 38 140
1378 -0.30204895167418788 -1.9840435364298319 13.358376589835952 174 104 47 0.53368334351569124 4 249 6 497 16 238 10 220 1 320
1379 -0.59340082913138403 -1.9610771877491373 13.459715003435488 191 114 76 0.66948089490531226 4 252 10 223 12 219
1380 -0.16741070328319643 -1.6737579272779919 13.528330129767125 185 136 76 0.40530777439501098 4 263 10 230 12 226 14 226 13 227 1 160 18 166 22 148 17 191
1381 0.98020296930181072 -1.3040766392922496 13.523742019735979 184 165 162 1.1630472512812926 16 260 10 236 7 207 44 196
1383 2.7068134233768562 -1.0630955165499729 14.041259654633665 144 152 194 0.18364880998805613 4 278 6 292 10 240 2 150 3 173
1384 -0.51089321027519374 -1.0291435312155808 14.314624840364582 211 161 152 0.39882084965852532 9 252 15 217 10 246 12 410 14 240 13 235 19 267 18 181 22 158 24 154 26 316
1386 0.16542915894440027 -0.68702944830988411 14.065605352052193 178 158 151 0.53046168386095138 4 641 6 521 10 255 2 328
1387 2.3729988074199575 0.59488326012461001 14.033132782765467 12 14 13 0.93405191157885925 15 223 10 262 12 247 20 190
1388 -1.2482010082143307 -6.6457353206786589 11.544297119154988 245 164 151 0.72384311945386237 4 303 6 319 10 265
1389 -1.2493997537588617 -6.6002328529115424 11.811031401159921 241 170 168 1.4397261292923422 4 15 10 271 6 25 1 183 2 177
1391 -0.46759165750135534 -5.1925607045750404 11.348409403176934 176 65 16 0.83550710905921433 15 83 10 325 7 282 12 320 14 327 13 323 1 238 2 238 3 246 23 208 20 244 18 63 21 211 22 220 29 217 25 235 17 77 24 202 26 250 28 51 32 41 34 39 30 258
1394 -0.078858274358280855 -3.506445080310066 12.139426123467743 196 101 60 1.5100924105128148 8 204 10 394 2 292 3 296 23 118 21 117 13 170 29 120 25 138 39 108 28 362 32 285 34 318 40 443
1395 -1.1840303023561181 -3.6960059363656912 13.115651712852673 195 155 83 1.2566847504989518 4 466 6 464 10 398 7 354 8 425 11 281 13 173 19 183 1 299 2 294 3 304 20 130 17 151
1396 3.4963450519744428 -3.3824085191713862 13.154866354544959 153 59 9 0.97983405609353647 11 139 10 401 7 595 11 652 12 576 14 587 23 440 22 436 44 349 26 140 41 368
1397 1.7841092797710782 -2.8147757810931342 12.453246272423128 156 57 13 0.25583458170594736 4 477 10 404 13 193 1 139 18 146
1400 1.3859262496306815 -1.6421715081175856 13.181989937147517 199 141 94 0.39152566790189203 16 249 10 422 7 197 19 249 1 159
1401 2.3866776379033068 -1.6296783004988187 13.346001924427267 170 148 137 1.5093102460123529 9 240 10 423 19 246 9 241
1402 -0.15878448824150074 -1.3084030491276015 13.594963994608703 183 151 135 1.5125125075812516 6 511 10 425 7 382 12 232 13 230 19 434 2 322 3 170 23 145 20 183 20 185 22 154 17 195 26 183 37 154 38 172
1403 -0.99700944370905675 -0.70833459072644278 15.266979775822984 42 40 41 0.36568692107546358 4 515 6 522 10 436 1 336 2 330 3 335
1404 -0.99788458307221717 -0.70993508870968436 15.267446860217465 42 40 41 0.32463248977045417 6 523 10 437 1 337 3 336
1405 -1.2326109490058237 -6.7803696502905302 11.166094316959832 126 100 85 0.14206945758237818 4 293 6 525 10 438
1408 -0.84106318169749106 -4.2564012589268136 11.778640862299184 201 133 63 1.1825085630460674 8 175 10 499 1 383 41 88
1409 0.60609356619454435 -3.495747879751693 12.0377933114335 178 104 20 0.13468058658085891 15 333 10 512 7 476 14 377 29 270
1410 -1.2935331494615931 -3.778255896459239 12.958715097081699 206 182 142 0.24130516384141537 6 459 10 514 4 463 1 394 3 298
1412 -0.38354949503783392 -3.3198303831838771 12.506120165398546 118 10 1 0.117974033389141 11 421 10 521 7 481 1 398
1413 3.232258342578421 -1.9710222630197987 14.415369723545538 158 103 74 1.1812279425858243 4 505 5 588 10 541 3 527
1414 0.87283134742819091 -1.1656430072064918 14.080847178566426 160 151 146 0.97167477420797255 4 634 10 548 22 464
1415 3.5235330178518272 -6.3186720403246639 11.019855632308532 193 71 37 1.0587532263869079 6 530 10 559 7 396 11 333
1416 3.1885949788023291 -5.6356468692818842 11.158897198521531 156 139 90 0.72114074710241016 6 677 10 566 12 47 1 448 2 433 3 446 18 29 44 222
1418 0.82655183999668325 -3.5793565815940349 11.962466492814603 176 164 69 0.34610459873996957 6 799 10 608 7 667 14 582 13 552 19 638 1 558 2 475 3 572 23 434 20 467 18 461 21 436 22 428 29 475 25 470 38 428 41 358 39 359
1419 -1.2805499939424752 -3.8062017844191973 13.03971767919675 208 185 142 0.20549721356192252 4 704 6 728 10 610 1 492 2 551 3 495
1420 1.0208025181146676 -2.3148848035576384 12.760918278026423 184 145 104 0.28101969893806622 8 675 10 629 14 510 3 517 38 359
1422 0.19966009069064497 -2.0840502786625463 13.033447753135476 194 148 78 0.14741788621990817 11 448 10 635 14 405
1423 -0.60974586342663295 -2.1468321299371591 13.32787740103462 203 102 48 2.1243660479084494 15 601 10 636 1 518 20 407 18 489 29 409 25 410 44 476 11 450 37 326 38 154
1424 -0.83252980273606603 -1.9932707543681409 13.916998673771975 230 148 111 1.5234535399706355 4 733 6 834 10 640 1 589 7 194 2 503 3 594 23 462 17 185
1426 3.5331047934084094 -1.3978262302690379 15.941441431194592 162 148 146 0.23609636223499508 4 741 5 726 10 648 6 765 7 629 1 526 2 511 3 535
1431 0.45132999358861514 -2.6544919532836069 12.69796106463799 179 155 114 0.93908360909741639 6 817 10 699 13 639 24 451
1432 0.60973105563870322 -1.5798819201297316 13.42824997867571 194 120 67 0.88287019662312471 8 684 10 714 7 625 1 522
1433 2.5847914447968341 -3.5450078443363693 12.190323001026519 183 60 3 0.28243137330187174 6 881 10 760 1 638 3 643
1434 2.6540669580222418 -1.2835899257755321 15.078931893147354 173 138 120 1.0155030136862007 4 880 10 779 1 656
1435 -0.16574343543763406 -0.78179701787487699 14.143750290265013 195 175 167 1.5514084267202055 4 882 6 949 16 792 10 783 3 708 22 541
1436 -0.62151962183117826 -5.9043037147608297 11.329627940238463 207 188 149 0.85361520460384566 4 891 10 791 1 663 2 655
1438 -1.1101644288604542 -3.2625630129925294 12.392136805699208 205 80 14 0.82405986098643957 4 865 10 811 6 885 1 639 2 618 3 646
1441 0.32441382239560862 -6.2032405905428627 11.343628963433755 255 195 172 0.6965129627232628 4 21 5 272 10 22 15 233 9 42 7 399 23 161 20 199 18 195 21 169 22 173 29 169 25 186 17 218
1442 1.16138680574092 -5.8792916771675525 11.367473758942554 135 128 119 1.7117428638742018 4 893 5 889 6 919 10 794 16 860 9 878 8 832 15 484 7 789 12 739 14 707 14 708 13 676 13 677 19 607 1 666 2 658 3 679 23 393 20 430 18 424 18 626 18 627 21 398 22 16 22 389 29 29 29 436 25 26 25 430 17 33 17 448
1443 0.44754283532907468 -1.7544204256612781 13.17404817790664 180 94 59 2.0833298247316225 9 444 16 450 5 436 10 543 4 810 6 900 9 789 11 677 1 591 2 638 39 386
1444 3.6444177691436912 -6.5278110635307511 11.051125080098869 168 120 112 0.8981015565211824 4 749 5 738 6 772 15 371 16 472 9 470 8 469 11 483 10 661 7 393 7 530 7 717 12 422 14 431 13 254 12 257 19 443 1 532 2 518 3 436 23 156 20 328 18 333 21 293 22 296 29 164 25 179 17 209 17 337 24 287
1445 2.9209067316465211 -3.3509382195441586 12.394255605524469 140 57 1 1.1145888208063703 15 161 10 518 15 442 16 571 9 561 12 486 14 489 13 174 13 471 3 302 23 254 20 291 18 294 21 349 22 349 29 271 25 287 24 351
1450 2.4302711936740642 -5.9344596294689218 10.958013453320737 163 52 8 0.95437421614676843 15 666 6 917 16 797 15 618 9 817 9 875 8 869 12 688 14 703 13 672 19 754 19 801 2 654 23 617 20 623 18 623 22 589 29 640 25 648 17 593 24 536 24 578 30 538
1452 -0.43103579929859792 -4.8310510232105557 11.538456647179526 112 90 57 0.35443877183058403 4 769 15 504 6 785 16 736 9 748 8 715 5 760 10 675 7 656 14 649 13 610 19 625 1 546 2 535 3 559 23 415 20 449 18 443 21 420 22 412 29 458 25 451 17 466 24 416 44 394 38 405 28 589 30 557
1454 0.29432672990756686 -6.2696185212100355 10.674935549208215 201 82 56 0.23467041779612632 6 9 7 2 3 0
1455 -1.4787729173219075 -6.1440724271731098 11.040425399414762 232 158 158 1.3711577251182647 8 284 7 9 13 32 22 302
1456 -0.69003167849509583 -5.8205895729772523 11.091795909238497 206 167 118 1.75837245657956 10 450 7 28 2 430 3 442
1457 -1.0524632685272419 -5.5693451806958922 11.108861457021135 221 206 173 1.1161990706810361 5 48 10 52 7 33 1 23 26 42
1458 2.6299920627297588 -5.4861340434498009 11.006088337893644 210 156 104 0.15699744693512432 8 71 7 51 2 31 37 39 38 44 39 29
1459 0.88721947283141245 -5.3820145936457866 10.942893148988498 175 70 23 0.32320732749363262 15 52 7 58 14 64 13 69 18 43 22 34 29 45 25 44
1460 0.89454790825620734 -5.3872833171239343 10.975768257793122 175 70 23 1.125556919591743 15 53 7 59 14 65 13 70 18 44 22 35 29 46 25 45 37 38 38 40 41 24 39 28 37 41 41 25
1461 0.62865708473212378 -5.273227616253835 11.156900951553107 184 55 4 0.15184093098185075 10 90 7 72 1 48 2 40 22 46
1463 -0.95136111110701638 -5.0169157633593873 11.331816198095051 242 219 194 0.98694563971282878 8 121 7 99 12 107 13 102 21 67 18 84 20 79 25 84 17 94 24 68 26 105
1464 0.43588663026173868 -5.0109782835064882 11.290564855733383 147 60 6 0.4600478304930451 8 126 7 102 2 56 23 69 26 82 41 47
1465 0.79661784353281839 -4.9920015827569078 11.245461499510213 171 62 14 0.71535522402305818 8 127 7 103 1 69 2 57 3 66 23 68 21 61 29 75 44 57 26 81 38 71 30 43
1466 -0.31874001456193984 -4.9042066994000084 11.523761787399222 178 65 19 0.093560306403511498 10 143 7 120 13 133 2 83 3 89 25 94
1467 -0.12125680979987261 -4.8750357278847627 11.475928184871051 169 60 16 0.8594372869290976 10 144 7 122 1 94 2 84 3 90 25 96 26 118 15 121
1468 1.9302573085432795 -4.4608772961783965 11.479500517896181 147 55 9 0.55720067991021427 5 160 8 169 7 137 14 148 13 147 23 98 20 117 21 96 22 95 25 117 37 102 41 87 39 94 32 54 46 73 45 80 47 73 48 74
1469 -0.57734205199842836 -3.7163991730323156 11.957866470603765 172 53 26 0.39291412650326296 8 189 11 123 7 152
1470 2.7482921253757975 -3.2557384390810409 12.447286704981106 133 78 13 0.47906041215546702 8 220 7 166 13 182 1 129 2 116
1471 -0.043209129268041803 -2.2417231633365731 12.658044207150343 204 169 137 1.7410654315697165 6 256 7 189 1 154 4 240 2 139 3 153
1472 3.27351043504243 -2.2802378836179731 13.824813915063631 112 88 69 1.2396119158420378 15 193 7 190 12 209 14 208 1 157 20 166 21 274 29 293 25 166
1473 -0.7972146054514907 -1.8101582410227528 13.782753574455892 230 152 123 1.9632834226510123 9 242 7 198 15 204 2 404 3 416 17 190
1474 0.68873809154549048 -1.6629277008385988 13.301754231991227 185 128 60 0.12495988554415245 8 260 7 199 19 251
1475 2.2839734475241156 -1.5389789592579299 13.759515949389003 141 134 128 1.6654506049834139 8 261 7 203 2 148 6 285 4 506
1477 -0.38965434946495192 -1.0984144797990629 13.964480247918063 200 160 148 1.1798262791292962 4 279 7 212 1 329 2 151 22 157
1478 2.7932387354969772 -0.69860562241584934 14.470516243242297 85 95 119 1.8888462309453879 16 267 7 215 11 161
1479 3.1181426797429181 -6.6939371256260243 11.090226158475348 226 155 146 0.19398401473716925 5 457 8 272 10 441 7 228
1481 0.92348749215747727 -5.7116830619167951 10.962567792926306 231 210 186 0.59688054428637538 10 46 11 183 7 240 5 476
1482 0.44127069921995232 -5.865812349583817 11.389120938770823 255 248 226 0.23970610704409445 5 477 10 279 7 241
1485 -1.0950803873115491 -4.8382575008546791 12.205073040819785 255 239 238 0.54817809810067408 4 445 6 596 10 497 1 380 2 368
1488 0.26498757108229359 -3.6489453305065251 11.969741634142618 166 51 23 1.6296413353972272 10 388 7 351 14 165 19 175 13 163 14 167 1 295 2 288 18 127 25 134 25 136 41 101 35 160
1489 2.2608763784391663 -2.9451516366030002 12.432967792301534 187 145 107 0.3218587176744569 15 174 7 359 14 385 1 307 2 123 38 262 39 116
1492 -0.49935126878999003 -1.9995456720470819 13.33061077089704 196 110 63 0.40094121198434629 9 237 7 378
1496 0.27003410327449601 -5.8986146567592845 10.898912303132755 226 155 137 0.7874899620944612 5 271 10 21 7 398 35 200
1497 -0.38805722400366149 -5.5084911861986088 11.177067934794337 192 63 15 0.38512112369868312 15 393 7 424 12 440 14 442 13 417 23 312 20 346 18 349 21 309 29 332 24 304 26 347 28 308
1499 -1.3609342853662603 -6.6076487328382152 11.370153148175545 195 67 23 1.4462695479790579 4 748 8 274 16 14 7 525
1500 2.8215983836210383 -6.1534006026495458 10.470368613556024 249 183 185 1.626908405375237 6 668 7 527 4 648 1 438 2 517
1503 1.7535068614466132 -5.1723886613652477 11.302260373769077 206 183 125 1.3640521723100527 16 638 7 565 1 461 21 412 26 557 28 315
1505 1.9056580843614053 -1.8144441238319842 13.076820294991046 149 66 52 0.81098648155867303 6 644 8 680 7 619 14 411 13 577 18 165
1506 0.016885292252798008 -4.8060929277125499 11.462774464045289 180 163 104 0.92589838775047995 8 716 11 632 7 657 19 704 21 419 22 411 25 450 26 469 35 269 41 341 11 717
1509 0.50717477906115838 -3.5764691119870866 12.021133633663515 197 63 0 1.2627186859518336 15 645 7 750 13 706 23 592 20 600 18 603 21 583 29 617 24 560 38 484
1510 1.6443448497863251 -2.5365914594692374 12.612537162264108 173 94 20 1.8680324478755452 6 893 8 807 7 763 2 628 3 654 23 454 20 487 21 461 29 561 25 568 44 423 26 589 22 449 37 432 41 427 35 333 2 682
1511 2.5665649673099828 -1.2164900527457139 13.328607176989156 179 144 131 0.37511789144545921 8 819 7 779 37 487
1512 2.818056339070421 -1.3790894906844007 13.674326611524815 176 152 140 1.2430841701652924 4 920 6 945 7 841 1 690 2 691 3 705
1513 -0.57789158625995696 -2.355756549902265 12.821195074709554 199 90 23 0.29244566203440886 5 973 10 866 7 865
1514 -1.0299586750316219 -1.9187030304520334 13.909405014924365 192 121 93 0.46946740970737461 8 915 16 946 7 866 1 734 20 674 18 682 22 647 24 629
1515 -1.4454335932839042 -6.3921189199113968 11.153272184384765 207 116 95 1.6839918255075763 5 260 10 442 7 4 10 10 1 341 2 423 6 669 3 435
1516 2.9615500641474277 -4.847501163540743 11.539330409318978 188 165 108 1.4254946654945382 4 416 15 113 6 427 16 375 9 364 8 384 5 373 10 355 7 317 4 680 15 420 6 703 16 652 9 524 8 635 5 659 11 528 10 588 12 343 12 464 14 128 14 467 13 341 13 451 19 121 19 510 1 269 2 257 2 454 3 270 23 81 23 340 20 89 20 374 18 95 18 376 21 76 21 335 22 68 22 339 29 235 29 356 25 90 25 368 17 106 17 385 24 74 24 336 44 169 26 94 26 368 37 206 37 361 38 235 38 411 41 194 41 347 39 191 39 342 46 276 45 267 47 256 48 260 40 425
1517 0.94767854012967379 -5.5874517359429214 11.086317777134589 200 125 95 1.729622829283789 5 57 11 27 7 40 4 340 15 249 6 355 9 310 8 316 10 59 12 290 14 289 13 285 1 203 2 201 3 211 20 29 21 24 25 339 17 233 24 174 26 30 26 216 37 176 38 198 35 123 39 155 41 167 28 8 32 9 34 6 34 7 34 259 28 9 45 19 41 168 38 202 40 236
1519 -0.41422302778432291 -4.9525309089029212 11.542983625623258 201 122 71 2.1584773343752501 4 142 6 142 9 143 5 141 11 96 7 118 4 138 6 138 16 137 9 135 8 148 5 139 11 92 10 133
1520 -0.50657505146550974 -0.80312742536503334 14.495076840725876 163 95 81 0.88098700171012922 4 513 16 462 9 462 8 267 11 324 7 219 6 520 10 251 4 514 16 463 9 463 8 268 11 325 7 220 12 243 12 244 14 245 14 246 13 241 13 242 19 273 19 274 1 174 2 157 2 158 23 149 23 150 18 183 22 161 17 202
1521 -0.6689152701585056 -5.5941004739859403 11.24629931663357 187 61 16 1.3744061078367691 4 61 6 65 10 290 7 258 16 65 5 70 10 289 12 294 14 296 14 297 13 291 20 215 18 37 18 38 21 186 22 189 29 185 29 186 25 201 28 307
1522 2.885593625158287 -3.4268892541143874 12.568347792778084 143 113 55 1.4186022855113853 4 864 6 884 5 861 10 762 7 672 15 439 9 680 19 537 1 565 2 617 3 645 25 384 44 347 37 424 15 529 41 420 39 422
1523 2.9830827864877754 -5.8587080082412184 10.590845181947042 215 120 92 1.7011590190899279 5 467 11 486 10 445 7 538 6 531 2 5 3 439
1524 2.885593625158287 -3.4268892541143874 12.568347792778084 143 113 55 1.4186022855113853 4 863 6 883 5 860 10 761 7 671 15 438 9 679 19 536 1 564 2 616 3 644 25 383 44 346 37 423 15 528 41 419 39 421
1525 -0.67079950323350546 -1.9336895099117364 14.665456115151983 230 203 197 1.3045570874350172 15 654 16 891 8 860 7 704 5 919 11 800 10 229 12 723 12 774 14 737 19 789 1 161 23 650 20 612 21 596 22 576 22 621 17 620 17 653 24 569 44 523
1527 2.7363885836876616 -1.1563943304691766 13.994315856054287 33 32 53 0.91185948908372594 4 508 9 248 6 513 8 457 5 234 10 426 2 408 3 330 23 144 29 154 44 109 37 254 38 279 41 233 39 232
1528 3.1505358194780531 -2.4130105504808554 13.509368965600466 23 17 15 2.0086351034280465 4 494 6 486 8 245 15 189 16 229 9 431 5 427 10 215 7 367 8 676 16 691 9 703 7 614 12 205 12 590 14 203 13 202 13 573 19 221 19 656 1 314 2 307 20 489 18 486 21 463 22 450 29 497 17 505 24 453 44 98 44 361
1529 0.32900498314612231 -6.527232493647614 10.932368601856226 177 77 62 0.45146648107373222 15 225 12 4 14 257 13 6 19 284 23 295 20 193 18 188 21 157 22 164 29 312 25 326 17 207 24 285
1530 -0.1167532172303495 -6.3563399434988055 10.7637889696593 255 212 193 0.90537850509592632 9 11 16 280 12 6 14 8 13 10 24 161
1531 2.2263956403725556 -6.2695739369977899 10.594292426330027 255 184 164 0.26382165046220929 16 12 12 9
1532 0.37692481591531862 -5.6856734566326539 10.919501818330925 192 172 122 0.32959980329287908 15 239 12 39 14 281
1534 1.3133192072271802 -5.4002573365712374 11.197949920543435 225 181 130 1.3847852981232966 5 91 12 73 41 33 37 48 39 33
1535 -0.1378393706533943 -5.3195526173224028 11.272456772475637 169 58 11 0.40573090699932657 4 100 12 77 14 80 13 83 1 49 3 48 25 57 44 239 26 58 41 36
1536 1.5312286569121758 -5.3070235359235598 11.619330684192979 194 172 119 1.6804811689204555 9 338 16 103 12 87 3 365
1537 -0.71740658774642285 -5.0993592171001083 11.464904674226853 233 160 107 0.075630263123032851 7 98 12 101 14 103 13 105 2 55 3 65 25 78
1538 3.0149650496509368 -4.1603854134897276 12.14751473077898 156 68 23 1.3823379651626724 4 178 12 157 2 101 17 138
1539 3.2907179650941676 -3.937017085302593 12.622976956694437 171 60 14 0.26160923209525888 7 150 12 163 14 158 13 153 19 165 22 101
1542 -0.09634173822667258 -3.6188763848089396 12.471842527120156 139 22 6 0.16536624451058846 8 422 16 183 12 176
1543 -1.11360408393789 -3.6512314961899044 13.182669384000762 180 80 21 0.29244459247449217 8 429 12 179 14 176 23 123
1544 -0.92161141185109452 -3.6326494454708707 13.276936828857515 222 99 27 1.2807068890597437 15 168 12 182 20 133 18 135 22 116 29 124 25 145 24 113
1545 -0.076642008638134154 -3.105238722167007 12.511847882949722 228 135 88 0.52756636462987638 8 227 11 288 12 190 14 188 1 135 25 154 17 163 26 404 44 185 38 130
1546 1.8051036019916957 -2.4980706682604685 12.643642488487826 163 81 15 0.17560511333310294 6 244 12 201 4 487 13 197
1547 3.0430665574449298 -1.7630497323381793 14.499093520736846 149 133 120 1.884846808104695 10 645 12 224 13 226 19 243 1 596 4 816 20 174 21 278 17 188 44 102
1548 -0.33318946369336649 -6.4238665908643631 10.632731078461729 203 194 195 1.7709593634193421 8 3 12 248 19 1 18 0 22 1 25 1 17 1 24 5 19 281 44 290
1549 -1.2397796942259391 -6.8050363172063655 11.526010753986283 190 74 39 1.3858860563501869 8 10 12 254 14 258 13 252 19 444
1550 0.41916267768677684 -6.5010448873439364 10.951925745923687 254 187 183 0.55888666260626974 8 468 16 468 12 255 14 259 19 285 23 157 18 189 21 158
1552 0.42583804783103224 -6.4225827107497837 11.325314361145999 255 229 222 1.7605444070045568 15 378 12 265 14 435 13 262 19 290 23 15 20 333 22 300 29 12 25 10 17 214 24 13
1553 -0.39649449701649053 -5.1189807139661223 11.457189657991577 190 61 10 0.13383506561658151 7 288 12 326 14 334 2 240 3 251
1555 -0.6579362226290123 -4.964568020458632 11.470452047674875 190 59 14 0.98128402365422018 7 300 12 333 13 333 2 246 23 222 9 883 12 745 20 258 21 229 22 233 25 252 17 100 28 68
1556 3.1109472155501567 -6.171925273939201 10.410875146610243 244 151 139 0.68315278714894789 9 468 16 471 12 420 14 432 13 255 14 261
1557 3.1924363212853906 -6.3614121913541357 11.198144217166211 0 0 0 1.4707528930463187 9 473 11 613
1558 3.252807057765593 -5.9736214084082144 10.817719550962014 207 73 19 1.0723869996246025 16 481 12 430 13 408 21 168 29 316 25 330 17 345 24 295 44 207 26 437
1559 2.4783040256823181 -5.8137873302643417 11.012161217795192 235 220 172 0.72955285209941989 11 495 12 433 13 410 19 301 23 166 20 22 13 43 18 18 21 18 29 173 17 26 24 167
1560 -0.5548134919736003 -5.610283969500319 11.225279463404407 183 160 110 0.11114926674328747 15 391 12 438 14 440 13 415 19 475 18 347 21 307 22 311 29 330 26 343
1561 1.9392574631426658 -4.6308042124505882 11.379387765960956 193 72 19 0.39252381310733359 15 427 12 466 14 471 18 379 21 340 22 343 29 361 25 373 17 388 24 340 26 373 39 275 35 221 28 491 34 432 46 417 45 416 48 424 40 419
1563 3.3641468587878767 -1.3582746931662824 15.713474842462995 48 46 83 0.94143141463680147 8 577 9 453 16 602 12 516 14 518 13 399 19 255 20 179 18 172 22 152 17 192 24 147 44 106
1565 2.2601017934289915 -4.7990732521696566 11.284332784546134 156 67 26 0.1366512438023216 11 526 12 547 26 464
1566 0.049308210241821498 -3.5953984434643229 12.111411182813168 170 56 35 0.31957703748387861 15 525 12 572 13 553 19 641 3 492 23 436 18 464 22 431 25 471 17 483 24 435 38 330
1567 0.26479564104932635 -3.2350802441956983 13.850877823669848 197 154 76 0.85313606949877718 9 691 12 584 14 599 13 565 18 474 22 443 28 173
1568 0.15524870956241713 0.42960087732752983 14.763199508230329 54 52 57 0.70320730846977753 6 309 12 605 19 589
1569 2.4144300505460126 -4.280215666599215 11.748323306610299 196 63 6 0.60368599398911871 11 788 12 755 14 766 19 815 38 569 39 504
1570 2.0577384956933868 -1.9237558420259446 13.13637841910332 154 69 52 1.7203900684733118 4 945 14 736 1 711 15 653 3 158 10 816 18 611 20 610 20 611 21 594 21 595 22 618 22 619 29 629 29 630 17 651
1571 2.8249984515328586 -6.2714394092644996 11.256287457357249 245 164 135 0.93413416141301153 9 960 16 950 12 823 14 830 13 800 23 700 20 691 21 688 22 668 29 724 25 724 26 752
1575 2.1584544446099785 -4.8651177043299647 11.254629630904699 183 113 63 1.4424386623985559 4 136 6 135 16 134 9 132 8 149 11 95 10 131 7 112 12 116 4 404 15 108 6 413 16 364 9 349 5 359 14 113 13 116 19 114 1 82 2 73 3 78 23 75 18 87 21 68 22 63 29 83 25 86 17 96 26 83 37 77 41 65 39 72 46 58 45 63 47 61 48 61 40 60
1576 0.38505946713424682 -4.999171432569292 11.334916427772528 186 156 101 2.0402440931254668 15 293 7 290 12 328 15 101 10 336 7 295 14 340 13 329 13 331 2 242 3 255 23 213 23 217 20 77 20 252 18 86 18 253 21 221 22 62 22 228 29 82 29 227 25 245 17 95 17 266 5 509 24 209 24 211 37 65 37 195 38 72 41 183 32 49 34 43
1578 2.1933100085399326 -2.3459696471415112 12.529897628540789 158 86 39 2.0804512060695997 4 490 10 406 12 202 4 236 6 248 5 219 10 207 14 397 1 513 3 515 18 609 22 575 25 163 17 618 24 566
1579 -0.01432382246418089 -6.4917606323003989 10.833342649128166 187 123 109 0.55873111302915413 12 250 15 367 16 277 9 266 7 0 14 254 8 5 13 249 19 441 23 294 20 326 18 331 21 291 22 294 29 311 25 325 17 335 24 284
1580 0.77717399935187104 -5.2816867936839413 11.160306345624415 185 58 7 1.7449427815155332 15 276 8 346 10 316 7 435 12 316 15 71 9 97 7 73 14 320 13 314 1 230 14 76 2 41 2 229 3 45 3 238 23 201 20 236 18 239 21 206 22 215 29 56 29 210 25 227 17 254 24 197 26 240 41 39 35 42 28 40 34 267 30 24 33 23
1581 1.0955072668424126 -2.5370680067747142 12.630847950465213 166 72 33 1.8145463257768368 4 228 6 242 16 222 8 236 5 419 10 204 12 393 4 718 15 186 10 625 7 494 14 393 13 384 19 216 1 508 23 272 20 306 18 152 21 271 22 135 25 161 17 310
1582 -0.32679246365323217 -1.312141831941428 13.86950141764607 188 182 184 1.2730346913210953 4 878 15 546 6 906 16 785 12 517 1 425 2 577 3 420 3 665 23 288 23 473 20 317 18 412 21 376 22 286 29 306 29 576 25 318 25 587 24 149
1583 1.1167926988291326 -0.656992578126675 14.219885662617616 170 151 145 1.2554616393870044 4 883 16 853 9 810 12 683 4 642 15 221 6 662 16 607 9 617 8 582 5 733 8 695 10 656 7 636 14 247 14 523 13 591 19 275 1 433 1 693 2 514 3 430 3 709 23 151 20 321 18 506 22 288 29 160 25 590 17 432 24 277 24 478 26 541
1585 0.35207292991776606 -0.82847032913107121 14.906245415607581 180 155 145 1.6861253612484899 15 659 16 851 9 865 12 728 6 661 10 655 7 517 14 744 13 717 19 681 1 432 2 329 17 525 24 477 44 485
1587 -1.0283136213579853 -0.86645397233206767 14.952596938408732 180 176 176 1.9109121712031671 5 605 10 256 11 162 12 245 9 461 16 269 11 323 14 244 26 190
1590 2.4510217390623521 -5.967846187179159 10.379666257484766 193 72 38 1.2186037225216826 16 20 14 21 13 26
1591 2.6728927031825576 -5.9443596291355112 10.687795622400531 183 62 22 0.66412898903127904 16 32 14 30 13 37 19 12 23 20 20 13 18 12 21 13 29 19 25 15 17 18 24 20 44 18
1594 2.3934366991443072 -5.4417657513735653 10.969168293499301 225 167 116 0.9437965228067654 4 70 14 54 3 37 37 45 38 46 41 29 46 39 45 34 47 37 48 34
1596 -0.58622816298958336 -5.1496762837335881 11.44689191450742 171 61 14 0.19773441901832142 8 109 14 93 13 97 23 61 25 68
1598 1.5607486183300086 -2.829711132218355 12.430590107541621 183 134 59 0.26195392229701014 4 215 14 191 3 142 21 131 29 133 41 113 39 118
1599 0.92083571027572242 -1.2529816336542479 13.615109312524986 143 138 135 1.137269312912778 10 237 12 233 14 236 5 233 13 231 20 184
1601 -1.0016977948518413 -0.79788427312738652 15.170244483228842 9 9 10 0.25085343395817677 5 451 9 258 14 250
1602 2.5566658530746524 0.57512608754645611 14.208211513165628 36 36 38 0.8492141022195705 6 307 14 253 21 155
1605 -1.201682124465723 -3.8188873500445961 13.008816881713811 181 156 108 0.16988677483345749 12 483 16 564 14 485
1606 3.3087878048427255 -3.4034327491483998 13.261548267579876 152 47 0 0.19044514079512539 8 549 15 444 14 492 22 352 17 403
1607 2.1182475743976901 -1.9911382814721101 12.963030067611594 177 102 57 1.3638137734711342 4 243 12 212 14 511 13 211 22 141
1608 -0.90863879164324357 -5.3758487883827177 11.568789653236154 219 203 178 0.4050566659869862 9 742 12 624 15 402 14 545 13 520 19 487 3 50 18 359 17 365 24 316
1609 2.0549255693913828 -4.4998537997704355 11.485199844715513 178 81 35 0.16826653692822 7 583 14 570 2 541 3 482 23 426 25 463 17 474 24 424
1612 1.3375356657839128 -6.4692548413660278 11.237906413642497 203 68 11 1.2040335551132968 7 719 15 613 14 699 1 442 23 563 21 500 22 544 22 587 29 586 25 596
1613 2.4983842356696697 -4.4592210384476791 11.635775672916102 182 164 102 0.57918749795922919 11 815 14 763 19 810 23 630 44 504 26 676
1614 2.4983842356696697 -4.4592210384476791 11.635775672916102 182 164 102 0.57918749795922919 11 816 14 764 19 811 23 631 44 505 26 677
1615 2.1113366618842813 -2.3537559502692518 13.481054526045659 184 141 80 2.151962304227883 9 966 12 828 16 956 14 827 13 796 19 874 18 696 22 666 24 640
1616 2.0910420166842583 -2.34681292529543 13.421258598211827 184 141 80 1.9391464567584538 9 967 12 829 16 957 14 828 13 797 19 875 18 697 24 641
1618 0.084470233428238062 -5.6219185842063588 11.13532171337085 195 98 47 0.49540521631866286 4 334 15 245 6 547 16 504 9 301 8 486 5 482 11 359 10 458 7 415 14 285 13 412 19 314 1 197 2 192 20 206 18 202 22 181 29 176 30 542
1619 -0.67116470653621851 -4.8898354134433619 11.441164545090171 146 70 28 1.4668998994540754 6 866 4 850 8 784 5 842 11 713 10 673 4 764 7 736 14 124 7 302 12 342 13 340 1 260 1 542 1 626 2 251 2 531 2 601 3 264 3 627 23 230 20 98 18 100 22 76 29 239 25 259 17 114 24 84 26 121 28 73 30 47
1620 3.6235500265219325 -1.3652594676821987 15.029259078752826 38 36 35 1.7592823594618943 4 277 5 446 11 460 14 740 16 782 11 595 12 676 19 744 23 651 21 638
1623 1.4040247740126224 -2.5229671687321882 12.590026174753399 175 119 38 0.68214256390729999 4 225 6 240 16 429 5 217 12 200 12 394 20 156 22 133 41 124
1624 0.064110645272730513 -5.1675064193989231 11.307754809331589 175 58 9 1.4155063144701292 4 369 15 281 6 566 16 520 9 511 8 508 5 504 11 380 10 318 7 278 12 318 14 644 9 745 16 730 5 754 11 627 12 631 13 318 13 609 19 340 1 234 3 556 23 51 20 242 18 245 21 516 22 217 25 233 17 256 24 199 44 314 37 351 38 213 38 399 41 335 39 332 35 45 32 485 34 529 30 433
1625 -0.78714760194324451 -4.1041267505310266 12.517329739573281 202 68 4 1.9301379128495972 15 676 16 879 9 892 5 909 12 757 14 768 4 780 6 796 16 829 8 794 5 855 11 728 10 684 10 756 7 666 7 746 12 713 13 702 13 739 19 817 1 557 1 634 2 545 3 571 23 636 20 638 21 626 29 662 25 668 44 509 26 717
1626 0.67802347341447033 -6.0304274268388918 11.141170666812478 155 96 78 1.8874370826045725 15 19 16 41 6 31 16 295 5 278 14 31 13 39
1627 0.0042721070754247938 -5.4384209055562183 11.249252513525901 170 62 13 1.5751852611433266 4 354 15 63 6 372 8 81 5 315 10 79 14 306 11 208 19 65 19 330 39 25 37 36
1632 -1.1550201564681022 -6.2292935970181187 11.098146922204357 237 162 156 0.67273818919996253 7 234 13 30
1633 0.14814254304415714 -5.6677466686124864 11.11955834415402 209 173 115 0.80787132882296075 4 332 6 545 13 49 19 471 26 445
1636 -0.20409045249324584 -5.5085097212676324 11.232600566603933 167 56 10 0.14410976701686051 7 60 12 64 13 68
1638 -0.58622816298958369 -5.1496762837335872 11.44689191450742 165 54 9 0.19773441901833894 8 110 14 94 13 98 23 62 25 69
1640 0.047665387362146941 -3.183003707677305 12.461927848480068 142 24 3 0.090199653472866195 16 198 13 188
1641 -0.18249631268181354 -2.0150949707338106 13.344819471872496 185 113 66 0.093031567243349864 8 251 13 218 17 183
1642 0.15293769554731945 -0.96727288800745126 13.733152762126988 169 131 117 0.7762503940876222 7 214 13 234 18 180 29 155
1644 -1.3350587571554513 -5.331078072775167 11.424974398159231 199 67 18 0.48831663217493898 5 332 13 317 25 232
1645 2.4586456418980549 -3.3494530912829061 12.255126240081303 161 83 17 0.36631203947708402 8 427 13 372 19 538 3 300 29 272 24 110
1646 -0.070269524798289101 -2.7199103079984819 12.742404860955642 192 110 61 0.48011492435168374 12 389 16 581 13 381 41 114
1647 -0.76908849693740844 -5.1973218664832208 11.330359195095564 186 67 22 0.74261141777034856 15 284 13 435 19 342 20 245 21 213 18 246 22 221 29 219 17 260 24 200 37 56 38 57 41 40 39 43 28 319 32 48 34 42
1648 -0.54270363708955482 -5.1760271389171244 11.402685458069705 195 161 97 1.7603409115932749 8 621 12 453 13 438 14 328 13 92 23 329 20 66 20 362 21 57 21 324 22 54 22 329 29 68 29 345 25 70 24 323 17 371 44 158 26 366 35 132 28 320
1650 3.8196856394333585 -2.3082512829342456 16.97015415300989 173 164 155 1.5810017024732281 9 708 15 468 16 697 13 493 8 572 7 621 24 262 17 320 20 609 21 593 23 600 25 636 29 628 11 583
1651 3.0802766889070483 -6.3031340434329639 10.626936335496486 239 157 147 0.9990644458390795 14 527 15 478 13 503 19 445 23 296 20 329 18 334 21 294 22 297 29 313 25 327 17 338 24 288
1652 -0.70169690572073373 -4.8445581675058982 11.575989611685779 187 165 108 2.3274502828671806 15 507 13 533 20 451 8 158 22 414 26 470 28 592
1654 -1.2091574482184562 -6.9834877048464206 12.091705717476176 223 149 143 0.98919351916323917 12 609 14 697 13 668 24 291 15 3
1656 1.1660981954527525 -4.9734816766760659 11.217638862079609 185 162 108 0.59841367097427622 14 845 15 753 13 811 19 889 23 710 20 701 18 711 21 699 22 679 29 732 25 734 17 701 24 655 44 590 26 759
1657 1.1660981954527525 -4.9734816766760659 11.217638862079609 185 162 108 0.59841367097427622 14 844 15 752 13 812 19 890 23 711 20 702 18 712 21 700 22 680 29 733 25 735 17 702 24 656 44 591 26 758
1659 0.44677844271952238 -0.63295832410236152 13.686938501236787 130 111 103 1.886106606792582 10 435 14 249 4 830 6 909 7 221 13 243 19 276 2 649 3 606 3 670 44 289 38 374 41 390
1662 -0.62678457027795542 -5.2656113436357002 11.269563033899434 198 156 103 1.2257719113530894 5 645 10 574 7 562 13 523 4 103 6 93 16 100 5 103 1 459 29 447 25 440 30 428
1665 -0.60450779121616027 -1.5141422079518185 13.974155012082688 235 220 217 0.54892379196571517 9 605 8 454 5 443 12 598 14 617 13 496 9 606 8 455 5 444 10 424 7 206 20 180 20 181 18 411 21 144 17 324 17 325 24 270 24 271 26 313 26 312
1666 0.18802998489140416 -3.1145046800878187 12.43558632942386 131 21 0 0.62399487973696799 15 592 6 886 9 767 11 735 10 764 7 753 12 650 14 667 13 629 4 210 6 217 16 202 9 208 8 226 5 199 10 192 7 171 12 187 14 187 19 727 1 133 2 119 2 621 3 136 18 145 18 548 22 127 17 569 24 517 37 375 38 433 41 364 39 365
1671 0.6260911178063564 -6.0192700174371288 11.370257631122971 255 203 182 1.6868995247987253 12 278 19 18 9 289 13 272 14 276 18 17 25 23
1672 0.99893836951074788 -5.8071826106485522 10.851534431186915 254 178 166 1.4940530395662295 9 50 16 298 19 23 20 21 29 25 25 22 26 441 3 339 6 674 2 427 4 526
1673 1.1874280370280266 -5.9061841468885552 11.262881840554096 239 176 170 0.38982836099298573 9 293 13 47 19 26 26 207
1675 0.9715646022020038 -5.7193105431136706 10.914639281002097 255 235 201 0.9819706613185778 4 39 6 48 19 31 1 16 2 9 26 208
1678 2.4093365932165658 -5.2830840881305061 11.13439955769085 167 114 64 1.0495978089339155 11 375 19 83 30 32
1679 1.0119349870359895 -5.2620555224865821 11.184850569448674 197 166 110 1.3267847953392988 5 499 11 228 6 389 44 48 32 25 19 89 28 36
1680 0.15253007980092459 -5.1118885330896697 11.304484210837774 202 97 46 0.26258665042189983 4 377 6 110 19 98
1681 0.15253007980092459 -5.1118885330896697 11.304484210837774 202 97 46 0.26258665042189983 4 378 6 111 19 99
1682 -0.82083612565286179 -5.3836941749695848 12.191045158309995 254 195 167 1.2123117065343465 14 100 15 96 19 109 23 64 25 72
1683 2.7742452986812229 -3.9994248948384499 12.007705861560344 143 78 8 0.21920215727110892 8 413 19 157 23 249 29 265 17 285 41 280 39 279
1684 -0.05830875315515633 -3.5326726513280753 12.316377299808291 198 113 85 0.18730835168140808 12 177 13 171 14 174 19 180 23 117 21 116 29 119 25 137
1685 0.10009887685208527 -3.4593060541472167 12.436220383613914 193 84 74 0.22149568279610155 12 178 13 175 14 175 15 162 19 184 18 133
1686 0.92795670827422516 -3.0969489478084733 12.251082006242797 187 63 4 1.3894935982007681 6 215 16 200 19 194
1687 2.8314090510753109 -2.9808900015135764 12.444298219975479 121 71 11 0.84144639327652548 12 189 19 197 3 141 2 299 6 224
1688 3.2958486210540072 -3.0627930075913863 13.306017405648923 153 87 39 0.99779277735605076 13 189 14 189 19 200 23 131 23 265 20 300 19 397 22 128 29 131 29 281 17 165 44 87
1689 0.77026786488447763 -2.9968405538701872 12.302617333025841 187 69 6 1.7414034519382873 6 218 16 204 19 201 26 293
1690 1.5098091569656353 -2.9575208903510921 12.454105061170473 162 85 23 0.94059946544258055 6 225 9 411 11 145 19 202 35 87
1691 0.21752441736604869 -2.8540803294214796 12.436495225322624 187 141 79 0.081582044047599236 9 416 19 205 20 147
1694 2.5245256810213843 -1.274853896089752 13.712516153554873 176 140 122 1.0239170779055506 6 652 9 452 19 256
1695 0.58291867857273683 -1.2454504955494117 13.54250950574747 190 166 166 0.27232909365056757 4 276 6 512 19 260 35 100
1696 2.1014514325270679 -1.0393170615879421 13.621881764732573 179 146 127 0.24201794330196141 10 239 19 261
1697 2.262623303223104 -0.69180475126706864 14.039098599705614 149 125 117 0.93148905374217161 10 552 19 271 20 189
1698 1.2079286434170782 -6.3155054414485683 11.288392724862938 235 161 158 0.27349243069455753 12 25 19 293 23 160 20 198 18 192 21 167 22 169 29 166 25 184 17 217 24 164
1699 -1.5483669952691494 -5.9665745050748953 10.79649313436361 202 77 37 1.4368306411808645 7 11 14 28 15 18 19 297 17 219
1700 2.3694939709512313 -5.8360562781857412 11.059869641170698 206 167 112 0.11038654156159206 5 629 7 545 19 300
1701 0.43116411560743811 -5.8121423942976991 11.206410654232464 185 169 112 1.2865270251052805 5 40 14 280 15 240 19 306
1702 1.9778000962231019 -5.3393732646502317 10.969451052484702 236 220 204 0.89097631041779535 14 68 15 59 19 329 23 315 20 349 25 348 44 232
1704 -1.1972741592663545 -4.8294741231033926 10.710287507447203 203 78 33 0.56160550238660056 12 97 19 357 17 88
1705 -0.43326222147144561 -2.4096137927484991 12.02033524906091 211 114 71 1.7447794378636237 9 226 13 389 19 413 17 173
1706 1.4187706567837903 -1.7068903295306463 13.217197658993173 153 76 53 0.22351702395767023 16 244 19 427
1707 -0.11197557135546385 -1.7194547428605849 13.40769020497477 199 159 104 0.4088467018357852 9 446 12 406 13 397 14 414 19 430 23 284 18 319 17 323 37 146 41 138 39 135
1708 -0.1121483364584248 -1.722998694456668 13.467293221337943 199 159 104 0.22866121098968795 9 447 12 407 14 415 19 431 23 285 18 320
1711 1.6519944914210456 -6.3030428220812098 10.674711313957884 198 72 30 1.4822744978910716 10 6 19 446 41 320
1712 1.0733800906244439 -6.529220481442251 11.392818430388383 255 191 190 0.75201320633091784 9 27 19 453 18 336 22 168 17 213 24 10
1713 -1.07205823887961 -3.3243000509718139 13.61090732417221 202 167 119 0.3002864476976827 12 583 19 552 17 410
1716 -0.7309879796814448 -3.5472704063351079 12.495258261820572 140 15 1 0.52866472889418237 13 707 14 730 15 646 19 784 23 594 20 601 18 605 21 585 22 570 29 619 25 628 17 614 24 562 26 641 38 427 39 418
1718 2.0592648383031178 -4.1591647135194583 11.65946050708023 184 55 0 1.0759051262208841 10 878 19 868 23 692 20 684 21 679 29 715 25 717 24 636 44 567 26 739
1719 1.7972095529480021 -6.1717301518347707 11.000798829216569 210 67 7 0.57048614642514861 14 849 15 754 19 894 23 715 20 706 18 715 21 704 22 684 29 739 25 741 17 704 24 659 26 764
1720 -0.35323893587440336 -5.1930992804883838 11.319130180857805 215 132 82 1.501659810644306 14 851 15 757 19 895 20 708 18 717 22 685 17 706 24 660 25 742
1721 1.7438219610443335 -3.9794741133549323 11.866614009868092 174 50 0 0.68329967334464825 13 820 14 853 15 758 19 896 23 717 20 709 18 718 21 705 22 687 29 740 25 743 17 707 24 663 44 600 26 765
1722 2.3536042476680965 -5.4485676106390022 11.013891286662247 179 87 37 1.1447426648118819 4 75 15 45 6 74 16 318 9 317 8 326 5 79 11 36 10 298 7 262 14 62 15 46 12 63 13 67 19 54 4 71 14 55 19 55 1 214 2 216 3 38 3 228 23 178 23 179 20 37 20 38 18 213 21 34 22 26 29 40 25 37 17 42 17 48 24 37 24 44 26 33 37 47 37 46 38 47 38 49 41 30 41 32 39 30 40 34
1723 -0.097416272448889341 -5.6070312600200136 11.138947610067133 192 119 63 2.3882716797158046 4 51 15 39 16 60 9 63 8 50 5 49 11 21 10 54 7 250 13 55 19 50 4 338 15 252 6 353 16 314 9 308 8 488 5 302 11 358 10 284 7 418 12 289 14 293 13 287 1 202 2 196 2 199 3 209 23 175 20 33 20 212 18 34 18 208 21 26 21 183 22 23 22 186 29 33 29 182 25 194 25 198 17 39 17 235 24 36 24 178 35 15 28 23 48 212 45 224 47 14 32 231 48 13
1725 2.0730164585946693 -5.0309642596103457 11.346067780658233 167 98 46 2.2435257334917678 5 351 19 105 8 133 5 132 11 85 10 120 7 106 2 58 16 360
1726 -0.18276280298543671 -4.6399524580134015 11.615063463323297 195 160 104 1.8316821816660072 4 159 9 160 12 152 13 145 19 144 15 133 8 399 10 371 7 329 12 357 14 358 13 352 1 103 1 279 2 269 3 97 3 282 23 242 20 109 18 112 21 245 22 248 29 253 25 270 17 126 24 95 38 90 32 62 34 61
1727 2.4868023679688975 -4.0027034930466447 11.855795277577378 161 129 26 0.71203408639590204 4 452 15 149 6 175 16 162 9 170 8 176 5 164 11 114 10 167 7 143 12 158 14 155 13 152 19 156 6 452 9 172 1 113 2 100 3 105 23 106 20 122 21 105 29 110 25 125 17 139 24 103 26 130 37 108 38 120 41 95 39 100
1728 1.3102008224522455 -2.741943609262814 12.496370010375367 191 119 52 2.6146305569114987 6 233 16 217 5 414 19 209 4 219 6 477 16 426 9 220 5 415 11 294 26 158 11 429
1729 0.10715213144279671 -2.1205509487881256 13.149532635154126 185 138 62 1.3631440932326928 11 446 14 402 4 729 15 467 6 826 16 694 9 706 5 709 11 577 7 505 12 509 14 512 13 394 19 230 19 574 5 803 11 672 19 661 1 517 2 566 3 411 3 590 23 373 20 405 20 495 18 490 21 370 22 372 29 407 29 503 17 425 24 461 37 249 38 361 39 225
1730 -0.046559332874948116 -6.7231854304150414 11.16738341024287 185 130 120 2.126053406618055 15 224 9 264 8 2 13 247 19 279 16 2 9 1 8 270 5 250 11 165 10 264 7 224 23 154 20 192 18 187 22 163 29 1 24 158 44 1 44 117
1731 -0.37795287278561246 -5.6038226447291075 10.988059055481983 195 164 109 1.5026303841395834 9 488 8 482 19 310 15 32 8 43 44 26 41 246 37 20 39 250
1732 -0.18261314289189476 -5.0772197670157482 11.179461658022882 179 59 10 1.789734847610341 4 372 15 79 6 391 16 349 8 351 5 505 11 379 10 321 14 325 13 321 19 339 15 286 9 342 8 512 7 444 12 321 14 329 13 324 20 246 18 247 21 214 22 222 25 236 17 259 37 459 38 517 39 454 41 458
1733 -1.2690405524246218 -4.0662227510117939 13.515085586548146 202 81 31 1.7594826944732 9 850 14 729 15 644 16 747 13 621 14 771 19 720 15 522 16 406 9 677 8 199 9 393 12 373 14 374 14 580 23 639 20 599 18 602 21 435 21 582 22 569 29 665 25 671 17 146 17 562 24 512 44 461
1734 2.7759720362154656 -6.297976366365539 11.006657076546272 144 55 30 2.1420848744249303 16 614 9 731 8 473 11 332 19 837 10 786 16 856 5 925
1735 0.69792246949184022 -5.4381234582992466 11.145649576335137 198 75 20 0.849722920215217 15 728 16 932 9 945 7 851 12 811 14 818 13 787 19 864 4 550 15 396 6 554 16 511 9 500 8 497 5 493 11 366 10 469 7 427 12 444 14 446 13 421 1 357 2 345 3 351 23 687 20 351 20 680 18 352 18 687 21 312 21 675 22 316 22 657 29 335 29 709 25 345 25 712 17 357 17 666 24 306 24 612 44 565 26 349 35 128 28 468 30 254
1736 -1.3657132458396313 -5.8474533912497231 10.834722728531542 251 177 173 2.2003674165915137 4 523 5 270 11 335 10 273 7 237 19 17 15 21 16 43 1 185 4 14 23 27 20 20 18 16 25 20 17 23 30 1
1737 -0.34459506381425359 -5.7708834653483638 10.926567295613749 103 36 12 2.1951772263844198 4 321 6 340 16 297 11 341 10 276 10 563 19 24 12 279 14 278 19 30 13 274 9 292 13 45 1 13 2 334 2 428 21 21 22 15 17 29 26 23
1738 0.49418882901577083 -5.4446876951051282 11.228512149917082 126 53 19 1.0649493544486806 9 79 19 67 15 60 16 331 9 83 8 328 5 314 11 213 10 77 7 62 13 72 19 70 23 39 20 42 18 48 22 36
1739 -0.64414866329878107 -1.0598938052619666 14.973862059968312 113 94 88 2.1131512002191148 4 639 6 660 11 321 15 216 16 265 9 458 10 551 12 411 14 241 14 418 13 403 19 266 19 435 9 616 12 412 15 362 16 606 13 402 1 431 2 512 3 536 23 290 17 329
1742 -1.1510634462463398 -6.074468795642173 11.479245485635587 202 140 143 0.62229502621557098 5 32 10 35 1 14
1744 0.80009369402680253 -5.4710387661013637 11.06096783519447 186 69 21 0.22871978554329603 12 61 14 56 1 33 18 42 21 35 29 44 25 41 17 49 26 37
1745 0.33261829043520419 -5.2982945462001183 11.225041177947711 161 50 4 0.36437537337942921 5 99 1 53 26 57
1747 -0.032988886570583777 -4.7449474504671318 11.553577027290343 138 59 15 0.80684005633152955 7 124 1 95 44 69
1748 0.89484789776372575 -4.6336218298995897 11.402782480790188 188 151 90 0.098463018332469732 14 136 1 96 12 142
1749 -0.94368531616837781 -4.7747978527621742 11.935452745293304 167 145 95 0.18908563273857404 5 155 10 159 1 104 3 98
1750 -0.84238859354329221 -4.6975895740312872 12.872015078462338 208 112 56 1.0271346453039472 6 173 1 111 2 99 3 104
1751 -0.74596885054840445 -3.7028720087883769 12.378115882851194 145 26 5 0.2294251237457493 12 171 13 164 14 168 15 157 1 123 23 114 18 128 21 113 22 109
1753 1.7008607889423333 -2.9496896030405932 12.433549152165586 166 89 33 0.080073401946558362 8 229 2 302
1754 1.4394254878333594 -2.7624203199167314 12.498374772180011 187 135 55 0.8545903110026366 12 194 1 141 21 132 44 188 38 138
1755 0.35473972289539391 -2.7120623654994231 12.699750307425429 158 108 35 1.5893596693833698 4 484 10 200 1 146 2 130 3 403 22 276 24 129 38 136
1757 0.59637630037182654 -1.1013595441565243 14.555743788035675 181 152 137 1.0500133038039983 4 509 6 657 1 169 2 412 3 424
1758 2.4947827771681803 -0.75251379154613018 13.592812800773785 131 137 170 0.5869045817083296 6 295 1 170 2 154 25 513
1759 1.9362392289966612 -0.79997066902212532 14.368800594638071 184 157 148 0.99234971027622232 4 511 6 518 1 172 2 156 3 179
1760 1.7067496724527196 -0.47201712443850058 13.978143046191715 180 163 162 1.4412587611083054 4 644 10 554 1 178
1761 2.7151541373375938 -6.3214471259535037 11.175241821157229 237 169 166 0.35083068168341913 4 311 10 561 1 182 2 173 3 192
1762 2.8511429526988561 -5.9992413889058822 10.92782222153471 200 72 24 0.59599425364926151 7 17 1 186 3 196 44 134
1763 3.1796784971902592 -5.9816925171346353 11.023507471439704 196 75 35 0.37233064262544702 10 275 1 191 2 183 3 201
1764 1.5547071204040286 -5.5911109730272912 11.171113805256441 163 68 35 0.26591431328516274 4 344 6 359 1 208
1766 0.16659983672977835 -0.59946810905120063 14.14494533207384 161 134 126 0.30204670504548109 12 246 1 335 3 334 21 152 38 178
1767 3.0470623938820718 -6.298885275786243 10.653906896355938 241 168 163 0.59172326158369748 4 300 6 15 1 339
1768 2.4332803014534923 -1.9975295402419766 13.379328818622303 132 42 8 0.97177356091627753 9 587 12 402 14 407 15 199 1 416 13 490 20 171 23 278 18 160 21 275 22 139 29 299 25 310 17 180 24 142
1769 3.3491856322686564 -1.7558558530653683 14.810453138833639 142 97 78 0.37558745163905383 5 440 6 649 7 201 1 423 2 406 3 417
1770 0.018726198929817372 -0.6027017335000836 14.022762741127739 177 155 150 0.25271187152882718 11 475 2 416 3 431
1771 2.3194552775442299 -5.2998663058197177 10.987671436041897 185 165 111 1.0927135441047491 7 556 1 457 44 311 38 394 26 346
1772 -1.0096740095454737 -5.3636842117989847 12.075300383662489 186 165 116 0.16319805514291097 10 583 1 468
1773 -0.88986358896251294 -3.9007740593001188 12.154880083210793 216 85 36 1.1636682834573513 6 722 1 486 3 486 37 227
1774 -1.0921258900751571 -3.0350098311199463 12.403363469941532 200 79 12 1.6105675504239114 4 709 6 735 1 499 2 482 3 503 20 142 2 385 6 472 21 129
1776 1.1580052989159888 -1.0833575945788616 14.030307158825483 130 109 82 1.444142005132109 4 825 10 722 1 604
1777 -0.24433180759337267 -0.63174058199956695 14.095021364268032 179 127 112 0.35044676772282374 4 833 6 848 1 608 2 581 3 671
1779 1.812359516546818 -2.0369913750831019 12.710702183148202 172 104 31 1.9625228641814096 7 769 11 743 1 650 26 591 8 811
1781 2.682812437201771 -3.7061728973716748 12.12480922005185 161 115 30 0.95958377073314094 4 911 6 937 1 681 44 462 35 408
1782 2.5085422574464604 -1.6496278991748428 13.799348174589829 141 130 124 0.43251034762781188 4 915 6 941 1 686 2 685 3 701
1783 -0.64974923303011123 -1.6426412659266014 14.051015472392459 221 205 206 1.072627094285397 6 943 9 797 1 687 13 658 2 689 3 703 18 564 22 536 44 105
1784 -0.9506268674947328 -5.4746155679351514 11.837477502676068 234 211 193 0.3001281645360126 4 952 6 982 1 716 2 725 3 736
1785 -0.14983048191322451 -2.5339834520925026 12.777972396011261 196 82 13 1.3093758091052738 4 962 6 992 10 844 1 730 2 736 3 747 26 723 37 556 38 607 41 545 39 541
1786 1.5663085225154019 -6.0728414206713497 11.928000267632695 236 228 211 0.80708310474674394 4 973 6 1005 1 741 2 746 3 760
1787 2.7186988808234327 -4.5063787878860637 11.693078013435033 174 154 95 1.3972197024622286 4 987 6 1016 1 754 2 756
1788 0.448422348555789 -1.748955313596666 13.151176141774647 180 94 59 2.0522755206359773 4 809 6 899 9 788 1 590 9 443 16 449 5 435 10 542 2 637 44 366 26 307 39 385
1790 0.97393346997425068 -5.8555295854693057 10.883211275513037 225 156 151 0.64085808720536008 6 673 5 22 4 525 1 189 5 21 26 18
1791 1.3036951905675298 -5.6058823200533201 11.11735871166097 244 227 209 0.89561163006589029 4 543 6 356 8 489 5 303 11 198 10 462 7 419 1 204 15 388 16 505 9 494 8 490 10 875 12 437 14 439 13 414 19 312 2 202 3 213 23 168 20 204 18 200 21 174 22 179 29 177 25 191 17 228 24 172 26 444
1792 0.020577051768728281 -1.7579395461814107 13.328938077397101 181 94 29 1.3707538899317255 4 811 6 836 10 643 1 520 6 277 11 454 10 421 19 248 2 572 3 595 25 499
1793 1.302423254679572 -6.4640443929601172 11.199698520040064 181 69 30 1.4363974990161816 4 304 6 323 10 11 1 441 15 612 14 698 2 167 23 562 20 515 18 511 21 499 22 478 22 543 29 423 29 585 21 390 25 595 17 529
1794 3.4027787517053234 -1.3646407795487743 15.922310207077254 52 54 90 1.3588144819014045 4 826 6 845 10 650 1 605 9 454 16 603 8 578 11 463 5 600 10 547 7 511 2 579 3 603
1795 -1.006730335938802 -5.8019961145635319 11.263735209203031 170 157 137 1.7912009702632814 4 971 6 1002 15 698 16 926 9 939 8 917 5 978 11 856 10 872 7 869 12 808 14 793 13 784 1 739 4 328 15 241 6 349 16 303 9 298 12 281 14 282 13 276 19 38 18 198 22 178 17 225 17 659 24 606
1796 0.35725488888738899 -5.8869463322299813 10.940558921057557 153 54 27 1.1438058224200174 15 619 10 24 14 630 9 627 13 597 19 755 1 8 23 568 20 578 18 575 21 561 22 548 29 590 25 599 17 594 24 537
1797 0.99534182979972952 -0.57953146306477998 14.174964889595875 77 69 67 2.1881573053334611 4 747 15 364 6 769 8 585 10 553 12 417 13 500 19 436 1 434 7 519 15 475 16 610 14 423 19 437 2 417 3 542 23 292 20 322 20 323 21 287 18 328 21 289 22 289 29 308 29 309 24 278 26 323 37 337 38 376 39 317 41 317
1798 -1.3130715845238072 -5.7895065267305394 11.481182347165825 255 166 155 0.66417639105783743 4 336 7 38 2 20 3 212
1799 0.52243858062291093 -5.5301708809131362 11.10824625927572 220 179 127 0.11140129013265507 12 54 14 53 2 23 3 30 29 38 24 41 41 13
1800 2.6315677709546659 -5.48933698374569 11.009015472524666 206 158 104 0.099609800851725147 7 52 2 32 37 40
1802 0.53052846085189564 -4.9309197887232568 11.285019060375177 170 59 12 0.23100881504930501 1 74 2 63 3 71
1803 0.53052846085189564 -4.9309197887232568 11.285019060375177 170 59 12 0.23100881504930501 1 75 2 64 3 72
1804 2.3890682255212057 -4.7052465350634263 11.440612634285531 136 53 8 0.90835369278474498 12 348 2 88 3 375 18 268 39 84 28 330 30 460
1805 -0.79006877853558333 -2.884446418573039 13.152462694618743 207 84 24 0.12979947001836495 1 309 4 486 2 129 3 147
1806 1.9077874724509472 -2.2869169822467046 12.800567940557867 181 134 62 0.37997176030719609 6 253 14 207 2 136 12 208 13 208 15 352 9 228 20 163 37 141 41 134
1809 0.75633952142178984 -0.61864372943342449 14.149240965440356 180 154 139 0.1406996297773912 1 175 2 159 3 181
1810 1.1550334858448306 -6.6767275719439283 11.444273756169263 213 144 140 0.41458073938573953 4 11 6 322 2 166
1811 -1.136726598083962 -6.2522935469694119 11.158500594890445 235 156 142 0.28793913087273676 4 651 6 529 2 169 3 188
1812 2.6792055089675326 -6.2500098702055586 11.086742637148252 255 198 190 0.20215066969270054 4 310 6 329 2 172 3 191
1813 1.2119890873375876 -5.558224840455912 11.125399064597504 210 154 150 1.0242397804885695 4 57 2 206 32 11 45 27 46 33 47 30 48 25
1815 1.0775259568366713 -5.728417518022713 11.008001074050753 254 226 216 0.94431885949215977 4 535 6 543 2 336 3 202 2 188 24 400
1817 -0.043481107976761565 -3.4420515392979008 12.406938263683291 184 51 24 1.233003128435894 11 555 2 384 23 124 38 126
1818 2.1728823208689496 -1.4281684787034341 13.827816751895138 158 148 138 0.56980329442252164 1 424 4 633 2 407 3 418
1819 2.4781492650162975 -6.048164309944819 10.744821406217824 197 83 57 0.77319943441956729 1 443 4 522 6 671 8 701 2 425 4 652
1820 -1.223998534239662 -4.7270089685786445 13.031666421513318 214 75 18 0.5985350362141999 4 698 6 721 2 468 1 485 3 483
1821 -1.0500815488029629 -3.2545133394741268 10.975225963081742 235 96 34 0.83489262088999638 4 187 6 455 2 470
1822 -0.1542311230090955 -1.9008136369047353 13.495164469145505 196 162 122 0.1362980788047409 1 420 2 499 3 525
1824 0.70354755094201016 -4.7701679247216724 11.39400095857993 179 156 103 0.69264195928864125 7 655 2 533 3 561 44 396 34 534
1826 3.0838179755805553 -4.3099085284968126 11.725031617660381 149 45 6 0.35331353974793006 4 778 2 543 3 570
1827 -0.52093304255478112 -3.6396610974132089 12.32522065801874 144 15 6 0.081816743175781539 4 786 2 549 3 574
1829 0.80351024687003425 -6.0358820630579402 10.740650465738929 201 75 33 0.2770515410681364 4 750 6 773 2 585 3 610
1830 0.80351024687003425 -6.0358820630579402 10.740650465738929 201 75 33 0.2770515410681364 4 751 6 774 2 586 3 611
1831 2.8256242322351497 -4.8295216069170381 11.479156304156792 184 163 103 0.55307623034769093 1 629 2 606 3 634 37 508 38 524 41 500 39 495 35 364
1832 2.7268464148947307 -3.016164454750665 12.637040547318763 135 65 13 0.22687664467813984 4 867 6 889 2 624 3 650 17 492
1833 0.30104010819352928 -2.3990146394943821 12.892022286614102 181 118 31 0.98012712206674002 14 675 2 631 20 562 44 424 37 433 38 495 41 428 39 432 35 289
1835 -1.2611917036265481 -3.9938300232493158 13.507324086208573 199 167 122 0.54432664963048871 4 862 6 938 2 677 6 882
1836 -0.81902247958529106 -2.1688491320626433 13.475216225442813 238 137 91 0.69562790851826273 8 859 2 684 3 700
1837 3.2458993116504407 -6.1240235421060065 10.723458634862789 242 170 172 0.482419823499737 4 888 6 953 2 695 3 711 44 489
1839 -0.93738597861822814 -4.4325728544233565 11.900733597180718 223 130 67 2.1454917053393405 4 446 6 169 10 384 7 140 2 96 4 173 6 170 16 549 9 162 5 394 7 141 19 524 3 103 20 462 19 633 37 98 41 207 28 507
1840 0.89177285997291689 -4.628742340871093 11.390008719695945 206 154 97 0.11917124304729999 4 154 6 152 16 154 9 152 15 128 8 162 5 149 11 108 10 153 7 128 14 137 12 143 13 138 1 97 2 90 4 153 15 129 6 153 16 153 9 153 8 163 5 150 11 109 10 154 2 89 3 93 3 94 23 94 23 95 20 103 20 104 18 104 18 105 21 89 21 90 22 87 22 88 29 102 29 103 25 108 25 109 17 122 41 76 39 83
1842 2.488131442708172 -4.9524051322394307 11.302342369282508 171 132 79 1.8380332488603119 4 397 8 145 7 298 12 111 14 110 13 113 1 253 2 247 4 392 15 94 9 124 8 138 11 87 10 337 7 293 12 103 14 104 13 107 1 248 3 259 23 66 23 70 20 67 20 72 18 76 21 59 21 62 22 56 22 58 29 71 29 77 25 74 25 81 17 86 17 92 24 62 24 64 44 60 26 67 26 78 37 198 37 201 38 222 38 225 41 185 41 189 39 179 39 184 28 52 32 32 34 32 30 270
1843 1.0886208884699038 -4.2378379066419907 11.553133504200279 170 138 54 2.2518144678879204 4 582 7 346 1 382 2 287 3 383 23 104 2 97 25 123 6 446 26 281 11 276
1844 0.66662660093457449 -2.2998403446172415 12.856230831123819 195 151 100 0.56116363384944701 4 801 15 599 6 820 9 779 8 750 5 799 11 666 10 701 7 689 12 661 14 676 13 643 19 658 1 579 2 563 15 195 16 233 3 587 23 547 20 492 18 554 21 546 22 454 29 499 25 570 17 508 24 455 26 590 37 436 38 147 41 429 39 434 35 237
1845 -0.91967168268128718 -5.4156798980784231 11.299974135661705 248 218 211 1.1291776447694291 4 660 15 272 6 684 9 93 10 666 19 84 1 451 2 441 3 451 23 198 18 55 21 202 22 212 29 54 25 224 17 252 24 53 37 34 38 33 41 21 28 42
1846 -0.19858737589107606 -1.9154044205008898 13.186222707262555 94 64 42 1.9440084358987315 16 240 2 142 9 238 19 240
1847 -0.62141609687863963 -4.8171576487564529 11.508499050898765 104 90 57 1.9777711992070888 1 545 8 714 12 634 2 534 15 508 9 747 14 559 8 634 13 534 3 467 18 531 21 521 22 500 17 552 37 355 41 340 39 336 32 543 38 469 28 593 30 556
1848 -0.69273660254675495 -1.2693009736467964 14.593409348153916 98 73 68 1.325410152258456 10 241 2 152 12 235 14 416 16 263 19 262 9 249 11 319 3 174 23 289 25 319
1850 0.29521923244400161 -5.9163688719776175 11.038661819731315 255 231 207 0.64586158493621781 1 10 2 8 3 8
1852 0.0081609683500193028 -5.4692686025512494 11.18274694678345 174 70 20 1.3386104255567957 4 77 8 73 10 74 3 36 18 45 15 55 32 24 30 427 46 23
1853 0.74132613240320733 -4.8611995836331978 11.307310759011807 165 64 18 0.23184843634542518 1 85 3 80 21 74 22 67 39 61
1854 2.3471779549410114 -2.9682527643709444 12.219685067785004 164 67 21 1.7135266895407173 1 134 23 129 18 141 21 126 22 120 24 119 38 348 41 225 3 138
1857 -0.27805705523827723 -2.0597179319156007 13.314767597593903 202 127 61 1.9184491270591746 4 247 3 157 22 617 21 637 29 678 26 692
1858 1.883916349735548 -0.81298087528300522 14.071572234969729 161 133 121 0.29504880833050112 1 331 4 282 3 178
1859 2.2897660243299121 -0.54608612713091109 14.40105005758261 162 147 143 0.74921315306279779 1 177 3 183
1861 1.0159653444253181 -5.8876870948873172 10.774071120925422 252 184 181 0.9452931025302993 1 344 4 654 3 438 26 13
1862 -0.28310218451152991 -3.3045114429164553 12.467121295975998 161 35 12 1.0458183866947994 16 673 3 498 44 264 37 306 38 338 41 293 39 288 35 82
1865 -0.15386155194863194 -0.54627782145195269 14.391221349190101 188 173 174 0.074276272100285132 6 850 9 725 3 609
1866 0.42474601372785464 -0.70524228333250683 14.049777701729582 181 161 151 0.44992227541777657 5 823 11 694 16 710 35 248
1867 2.0457052034366336 -3.0470488963631741 12.585115998317821 123 85 43 2.3349088069613431 12 188 6 223 9 211 5 203 11 144 18 140 22 122
1868 -0.36449219103057001 -5.3504078221082638 11.12545270950878 147 85 62 1.7042974931212569 6 679 5 319 19 333 2 524 3 448 4 82 10 301
1870 2.397192566784986 -0.6314224693485333 14.146067362523988 41 42 72 2.3624353744457367 10 433 7 389 11 471 15 220 12 415 19 272 3 605 11 603 10 653 8 464 16 461 7 390 12 416 13 405 14 420 24 276 26 315 26 187 38 182 41 318 39 318
1871 -1.2770540931845316 -5.5829494324597055 11.632305741089711 194 85 51 0.91254047445685216 6 559 5 831 10 667 2 347 3 355 1 224 4 362 2 226 22 594 17 633
1872 0.078191200239639727 -3.6047647244496148 12.627303471962522 126 10 0 1.5856074543147558 4 599 6 616 5 553 10 516 1 396 2 383 3 396 15 589 16 755 9 764 8 734 12 646 14 664 13 625 19 723 23 529 18 544 29 546 25 553 17 565 24 439 44 345
1873 -1.336714146026976 -5.9396324369660807 11.478417419359435 211 98 67 2.8076495770693164 4 536 6 544 2 337 3 342 11 350 7 408 4 43 5 42 16 498 9 296 8 300 5 285 4 324 6 347 11 347 16 304
1875 -0.14801651062755433 -0.65921901751595902 14.407048239962528 214 164 148 0.926330445491092 15 474 9 621 8 696 5 734 10 657 7 637 19 588 23 379 21 381 22 378 29 743 25 746 17 433
1876 -0.43503095354926741 -5.0188399110815043 11.505565821497237 191 83 33 2.5942945473409633 15 294 8 364 7 297 12 332 14 341 13 332 1 250 3 256 4 394 8 365 10 339 12 331 14 342 1 251 2 245 11 710 3 257 23 219 18 257 21 226 22 231 29 230 29 231 25 249 25 250 17 267 24 70 44 59 26 108 26 261 28 65 28 66
1877 -0.075237772756978169 -5.5112094589957783 11.191748990751975 88 72 46 1.7967416848379294 9 71 8 61 6 72 16 77 4 547 15 259 9 318 8 72 8 494 5 491 10 467 7 426 12 298 14 302 5 80 11 34 13 298 19 62 19 327 1 41 1 355 2 35 2 342 3 31 3 348 23 186 20 221 18 220 21 193 22 196 29 39 29 193 25 210 17 45 17 242 24 42 24 185 44 36 12 299 13 299 26 230 41 171 37 179 35 20 39 159 28 30 46 236 45 233 47 221 48 222 40 17
1879 -0.7812351646130643 -6.6851523448893166 10.972879086731849 182 188 187 1.6878883105622329 2 331 23 0 20 191 29 161 26 195
1880 2.2215100879010787 -6.5927725503960621 10.873791622708088 212 197 197 0.37389028416584241 13 1 23 1 21 0 29 0 17 205 24 157
1881 0.17515093472313642 -6.6228788971487331 11.269078512090321 255 225 217 0.50608471757742235 15 372 19 448 23 7 20 3 18 335 22 2 29 5 25 2 17 3 17 341 24 289
1883 -0.91179297246624957 -4.4700482447548575 13.264172848101662 238 106 62 1.2591638651244528 15 150 23 107 18 120 21 106 22 259 25 281 17 140
1884 -0.30720975460969219 -0.91759094924307438 14.124119514060695 161 113 99 0.16072003199797383 3 428 23 148 29 159
1886 -0.40837864541495278 -3.427536746822696 12.438263357046601 132 36 37 0.22552179445912857 13 178 23 256 20 293 18 299 21 262 22 266 29 273 25 288 17 295 24 243
1887 0.39862047548186846 -2.5699033917253247 12.688725225774897 194 164 135 0.5165303534050607 15 187 16 687 23 273 20 307 17 311 38 139 39 217
1888 3.1132720025044494 -1.1140540642024845 14.217214520648165 104 91 85 1.3350015765481036 12 518 15 208 23 287 22 285 29 305 25 317 24 273
1889 1.030630261777298 -6.0879231129042521 10.772919996041884 254 186 187 0.5798954782652076 15 229 19 456 23 301 20 334 18 338 21 297 22 170 29 315 25 329 17 216 24 293
1891 1.9658791071751656 -5.3101870665074689 10.911986282992409 241 226 198 1.1036627135812778 14 67 19 328 23 314 15 58 19 68 23 40 20 348 25 347 44 231
1892 3.0763907836836459 -2.7390832209291336 13.186209377268902 132 79 15 1.2722680877010444 12 497 15 344 19 400 23 366 20 395 29 393 44 189
1893 -0.7058804145232157 -2.1255890103054802 13.852311933269187 224 141 109 0.49967775283749316 14 513 16 445 23 374
1894 1.043687200145297 -1.5454008370673502 13.320938080967661 182 121 72 0.32140335438371676 13 578 14 613 15 542 19 669 23 376 20 501 18 498 21 375 22 459 29 411 25 416 17 512 44 368 26 425 41 384
1895 0.24968101328686282 -0.84854520288002833 14.062261100688705 180 148 138 0.17007546862155742 13 589 15 553 19 680 23 378 20 509 18 505 21 378 22 471 29 416 25 419 17 524 24 476
1897 -0.90220449522766111 -6.2186671060880467 11.080869869366271 193 64 20 0.85893995306377191 15 615 23 386 22 384
1898 1.5975436974690567 -1.0304226281067654 13.718708077387038 123 99 69 0.46848894193366564 14 519 19 583 23 474 13 585 20 503 21 486 22 465 29 508 25 508 17 430 24 379 26 536 37 393 38 505 41 387 39 392
1899 1.5975127939428877 -1.0314984762577806 13.713962279262519 123 99 69 0.41457732611190024 9 804 13 586 19 584 23 475 20 504 21 487 22 466 29 509 25 509 17 431 24 380 26 537 37 394 38 506 41 388 39 393
1900 3.1189101044515075 -6.4601203524247799 10.696553195533371 205 75 30 0.22127464448380341 15 476 19 590 23 483 20 510 18 413 21 493 22 379 29 513 25 516 17 434 24 386
1903 -0.56663504821258071 -2.7705058181288291 12.942362205923754 198 104 69 0.32012213657028171 15 456 19 650 23 541 13 383 14 390 12 391 20 484 18 482 21 457 22 446 29 558 25 565 17 500 24 448
1904 -0.55261964698321286 -2.8325197164370852 13.368364024559231 198 104 69 0.7875998573148717 15 457 19 651 23 542 14 391 20 485 18 483 21 458 22 447 29 559 25 566 17 501 24 449 28 219 34 196
1905 0.40889605444696786 -6.1763142600253511 11.164494286987122 251 188 173 0.41538497848699685 15 616 19 752 23 565 20 575 18 573 21 558 22 545
1907 -0.39648379215248131 -2.7511693202665239 12.924758517219203 196 78 6 0.83793506777618332 14 780 15 650 19 787 23 598 20 607 18 608 21 590 22 574 29 624 25 633 17 617 24 565 28 198 44 472
1908 2.2238238805103188 -0.35692346041367318 14.240808411000662 171 161 162 0.75151220147984976 13 783 16 925 19 835 37 562 41 554 35 449
1912 -1.2765225310589576 -5.9616341615018964 11.579855736850513 197 66 14 0.59711960704766898 15 697 19 804 23 660 20 654 18 659 21 646 22 625 29 685 25 689 17 658 24 605 44 534
1913 -1.113617139502856 -4.3546006113106133 11.812381115290924 222 84 31 1.0733260297636975 15 712 23 672 20 668 18 673 22 638
1914 0.79806923411046315 -4.1807726213759633 11.735410135766568 191 59 0 1.7813604577881244 1 724 9 952 23 693 22 662 44 568 26 740 37 550 38 602 41 539 32 612 28 707 34 671
1915 0.28568413619827726 -2.5670193852042349 12.375665047676177 185 126 66 1.020877563509847 15 760 19 898 23 719 20 711 18 720 21 707 22 689 29 742 25 745 17 709 24 665 26 766
1916 0.55972283313913318 -5.5339119471838032 11.111993276786702 201 109 61 2.4334640245789108 4 60 15 42 8 63 10 64 7 45 12 53 14 52 13 59 1 28 2 22 3 29 23 35 4 341 6 357 5 73 9 75 8 67 10 71 7 57 4 342 9 65 8 317 10 286 7 254 9 64 12 49 14 49 14 57 13 57 13 58 13 63 1 37 1 205 2 28 2 203 3 33 3 214 20 35 20 36 18 36 21 28 21 31 22 25 22 32 29 37 25 33 25 34 25 42 17 40 17 43 24 40 44 30 26 34 37 23 37 177 38 24 38 201 41 12 41 169 39 14 39 156 35 22 28 19 38 23 46 22 47 20 48 20
1917 3.4340203552864983 -3.1180936104583314 13.292593740231473 143 72 20 0.39401583135882262 8 230 16 205 12 192 23 128 6 232 10 194 1 138 3 143 21 125 22 121 29 129 37 242 38 263 41 112 39 117
1918 1.8682251946620332 -3.0559192679112197 12.426882160422084 189 107 53 2.6760188706503811 8 228 3 139 23 264 4 471 14 594 18 472 25 297 17 156 17 160 38 132 41 223 10 524
1919 2.4813550129842885 -2.4461060264019729 12.947502802506234 166 119 63 1.1660556559652182 8 237 1 150 2 133 23 274 4 725 16 591 8 569 6 751 10 535 6 637 7 498 12 397 13 387 19 570 1 410 1 514 2 394 2 495 3 408 3 516 20 308 22 281 29 290 25 307 38 151 41 230 39 222
1920 -0.77088070498142613 -5.1070376257693111 11.322617778680629 196 85 49 1.9897571960062068 4 382 15 289 6 402 9 518 8 355 10 327 7 283 14 458 13 440 19 350 1 239 2 239 3 248 23 331 4 111 6 104 10 102 4 373 6 392 16 521 5 334 11 230 10 319 1 236 2 235 3 54 3 244 20 365 18 250 21 326 22 224 29 347 25 357 17 264 24 204 37 189 38 214 41 180 39 172 28 323 46 40 45 36 47 39 48 35
1921 -0.29950120125477875 -3.4141798597051674 12.357372270296731 179 60 47 0.85077726633763762 4 705 6 731 5 682 11 554 10 612 7 593 1 493 2 476 3 496 23 441 15 530 16 569 9 399 8 426 12 487 12 575 14 586 13 556 19 645 20 472 18 468 21 443 22 437 29 480 25 477 17 486 24 440 44 179 26 502 37 301 38 334 41 287 39 284 35 79
1923 2.1015708713315218 -5.8174888383071028 10.910925288596117 117 36 3 2.4648459985396567 15 23 16 493 9 483 8 601 5 627 11 493 19 20 9 288 23 163 13 41 12 32 14 34 23 28 21 17 22 12 29 24 25 21 17 24
1924 -0.49047781306891775 -2.9528167933384259 13.280222414410307 200 107 72 1.0000480972036703 19 733 23 538 20 558 18 477 21 540 22 523 29 622 25 631 17 495 24 522 28 197 32 161 34 180
1925 -0.51044582446134523 -2.9054227848140481 12.901671098873379 200 107 72 0.26697614424800964 19 734 23 539 20 559 18 478 21 541 22 524 17 496 24 523
1926 -0.91364533440221474 -6.7534646229300943 11.115079742760047 13 13 10 2.3538442866679539 14 0 20 0 12 0 24 1
1927 0.23363261756564202 -6.1825076747438352 10.332328701623045 251 186 174 0.96898792194486649 14 4 20 4 21 5 12 3 13 5 9 8 14 256 16 5 22 3 23 8 29 6 25 3 17 4 24 7
1933 -0.74147958590468177 -4.6328244037134514 11.585812039334209 184 158 104 0.95881436906895967 13 354 15 138 20 114 25 115 17 127 28 82
1936 -1.154697160112311 -3.5106049495072065 12.338518398628443 185 144 79 1.8733085907872278 2 110 16 187 21 118
1939 2.3984555745185903 -6.2043879512015483 10.869653270899166 255 195 181 0.38711853725719841 9 472 12 267 13 266 14 434 15 377 16 477 20 197 18 190 21 164 22 6 24 14
1940 2.0096415548095701 -4.712061132730625 11.385447980063836 181 153 97 1.0217385851205627 12 345 13 342 20 263 26 264 37 286 41 269 39 272 34 44
1941 3.3542832909764493 -6.3950851069195478 11.097735842553984 255 210 198 0.58987459430312861 16 21 23 298 20 331 21 163 17 212
1942 1.6118116617595619 -5.7316943042486637 11.198706269030517 255 197 195 0.23530625892414533 12 435 20 342 44 218
1943 0.0012193107806911059 0.39074234199633723 14.729157223477022 47 48 47 0.8926143483149086 6 308 20 415 24 384
1944 -1.1332352535862085 -2.0565328785929986 14.947153190935206 176 116 95 0.8781408853341125 14 224 20 497 12 225 18 493 22 532 17 511
1945 0.80235863488876191 -5.9672951174862794 10.841168470062977 253 184 183 0.9111624036940762 4 309 15 559 19 687 23 567 6 328 20 577 18 515 21 560 22 547 29 589 25 598 17 532 24 482 44 436
1946 1.6530154877210788 -5.6965529041230427 11.450562458839309 199 67 12 0.55716226038631778 15 566 23 575 20 583 19 695 18 584 19 764 21 510 23 501 22 489 22 552 29 527 25 604 17 538 24 490
1947 1.0898565599057908 -1.2562346017207249 13.693656236969963 147 141 139 0.77779480025481595 9 907 23 605 20 615 18 616 21 599 22 580 29 635 25 639 44 480
1948 1.0615046766685274 -1.249850213215473 13.499508101923093 147 141 139 0.76569959336369997 9 908 23 606 20 616 18 617 21 600 22 581 29 636 25 640 44 481 37 486
1949 3.8750649950800371 -6.5378750721875374 11.592242011595076 194 61 5 0.28432319371069836 15 664 23 615 20 620 21 604 25 646
1950 0.16601174857485473 -6.1259246507488196 10.735089762337251 223 97 53 1.3778794095838454 9 872 20 622 18 622
1951 2.391337503258586 -5.8310012756499807 10.699109555366228 198 68 9 1.0869924852080948 5 927 7 820 10 824 11 805 21 606
1953 1.0339066151200205 -3.3391448203109695 11.547718728828711 193 63 0 1.5627323008718506 12 818 13 792 15 734 19 871 20 686 21 681 18 694 22 664 29 716 17 689 24 638
1955 -0.22114815233846485 -6.1359988706941975 10.816482264155157 197 62 3 1.2508629059223642 14 848 20 705 13 817 28 760
1957 -0.32624660702948488 -5.2458482750755895 11.316279923977284 182 160 106 0.63877371213991718 15 497 16 728 9 743 8 710 5 751 11 625 10 669 7 650 12 625 14 638 13 605 19 617 1 538 23 506 20 442 4 759 15 498 6 688 16 729 9 744 8 711 5 752 11 626 10 670 7 651 12 626 14 639 13 606 19 618 1 539 2 526 3 554 23 507 18 435 18 436 21 411 22 403 22 404 29 530 29 531 25 533 25 534 17 459 17 460 24 409 44 389 44 390 26 559 26 560 28 577 28 578 32 481 32 482 34 525 34 526 30 549 30 550
1958 1.5982914626730573 -2.9244521719534471 12.3484115758878 129 66 14 0.37675058771183056 2 121 3 308 20 140 7 485 8 435 25 155 17 166 38 260
1959 -0.31683932619030325 -5.4809842472897543 11.194243138037836 157 55 16 0.85709574890530627 1 700 23 665 9 944 15 705 16 931 8 899 5 958 11 836 10 852 7 850 12 810 14 817 13 786 19 844 20 661 18 665 21 652 22 631 29 708 25 711 17 665 24 613 44 539 26 733 37 543 38 594 39 529 41 531 28 728 30 743
1960 2.1406301210267684 -2.3706008510988772 12.755127207961744 64 46 17 2.4335977360364689 6 485 10 409 12 206 15 190 7 365 13 203 1 311 2 305 3 314 20 160 1 310 4 489 6 483 10 405 13 386 16 434 20 158 18 153 18 154 21 137 22 136 17 172 24 133 24 134 26 164 37 140 38 155 41 131
1961 2.4815680044943313 -3.7741041349270783 12.001208540503734 161 88 9 0.27786294748012852 15 434 16 556 9 550 8 536 10 504 7 470 12 477 14 481 13 462 19 381 1 386 2 373 3 386 23 349 20 285 4 587 6 605 16 555 9 549 5 538 11 407 10 503 7 469 19 380 1 385 2 372 3 385 18 287 18 288 21 343 22 260 22 261 29 371 25 377 17 395 24 234 24 235 44 259 26 284 37 300 38 332 41 218 39 283 35 282
1962 2.3345350746798124 -6.2202319470573038 10.751712867820828 240 163 147 2.1154124277384061 9 276 23 384 20 422 16 285 9 278 8 281 7 533 14 17 12 264 19 452 12 425 23 11 23 299 21 393 22 383 29 427 25 425 8 277 17 441 24 393
1963 3.0711301150544839 -5.7817510746930312 10.936981159510461 183 165 109 0.96683860935923793 10 733 7 722 1 612 20 579 15 621 6 918 9 819 8 771 5 887 10 792 7 787 12 690 14 706 13 675 19 757 1 664 2 656 3 677 23 571 18 578 21 562 21 608 14 752 22 549 22 591 29 591 29 644 25 600 25 650 17 596 24 486 44 533 26 610 37 499 38 555 41 489 39 528
1964 2.8175981415026445 -4.330975795397122 11.877541250343564 112 86 24 1.9916489603784457 7 142 14 153 20 121 4 449 6 449 16 398 5 162 11 277 19 151 22 99 26 128
1966 -1.0893044241975547 -3.7735785127232746 12.796122553916051 199 140 87 1.9225282837592892 4 195 6 199 15 331 16 565 9 559 8 419 5 550 4 597 6 614 10 180 10 513 12 374 14 375 13 371 19 388 1 297 3 297 20 127 9 186 16 179 8 200 12 173 14 170 13 167 23 253 5 545 18 130 21 115 22 111 25 286 17 293 24 108
1967 0.70132265793773751 -2.0021095670612068 13.052647191954906 197 139 84 2.7821826994741201 4 626 6 756 16 695 11 580 14 609 13 492 20 408 15 200 10 218 7 193 16 237 12 213 12 215 14 213 13 213 13 216 19 235 2 140 2 141 3 155 18 161 14 409 24 143
1968 2.4261510135941537 -5.6964494274908111 11.070522374861332 211 188 156 2.5294325656854704 4 49 6 59 16 57 8 308 12 41 14 43
1969 0.34209382102237168 -6.3167286941931824 11.418529204699182 195 84 58 0.77230312136660528 13 269 14 29 18 11
1971 -0.13396030311490575 -5.8000098150195925 10.896720840131939 185 54 1 0.39464379421764845 16 486 18 20
1972 0.86104942964257636 -5.7992845783486464 11.053153871862868 220 171 117 1.7128346276742084 9 54 16 48 18 27 17 31 44 139 32 7
1973 -0.84682856818791397 -5.3631023671252995 11.325678125360076 162 55 32 0.74449992687254729 12 75 14 75 18 60
1974 -0.52809563658432834 -5.0413077225208598 11.46911613779398 206 167 105 0.23853992655214484 1 71 2 60 7 107 13 112 18 85
1976 -0.085661385926618025 -3.7519094824792942 13.151914390967299 155 60 58 0.46031376071296726 9 190 18 131 17 149
1977 0.93339614879028565 -1.4539673158666668 13.483696782512959 161 104 35 0.8817447727167399 14 232 20 178 18 171 29 153 24 146 26 310
1978 2.6426021922397371 -0.93720228683382034 14.103164806025871 1 16 75 0.57350562713121611 20 318 18 176 21 284 22 156 17 198 24 152 44 198 26 181 38 371
1979 0.62348250264303917 -1.0199934117039831 13.8213916233288 133 114 99 1.4787467612564675 2 410 3 422 18 178
1980 0.46118898755952908 -3.0028493381933941 13.196160527982689 195 80 27 0.28325026574892626 14 193 18 307 22 274
1983 1.5441783152619006 -2.4756497901003045 12.977239635884862 183 140 85 1.7714769711763079 15 745 19 892 20 704 23 714 18 714 21 703 22 682 29 738 25 738 17 697 24 650 44 593
1985 -0.31510712619634695 -5.5589996494946812 11.162100515830868 182 120 80 2.215592151089385 4 894 2 659 3 680 18 39 16 63 9 67 8 56 5 63 11 24 7 41 12 50 14 50 19 56 5 69 6 67 4 59 1 26 2 207 2 208 22 29 29 35 25 202 17 44 24 38 24 45 26 43 41 10 47 13
1986 -0.67487313347278632 -5.4478025731075181 11.271286282569875 194 65 17 1.9311281821635444 4 81 8 325 18 47 6 370 15 266 16 324 8 329 5 312 10 302 7 263 19 69 1 217 23 193 18 231 22 204 29 201 25 222 17 61 28 37 38 34
1987 0.7197594394330753 -4.9994823726873818 11.141375674944994 193 121 70 1.6230853003736756 8 360 9 114 5 339 11 386 18 70 8 124 20 71 8 120 37 63
1988 0.36225389962191756 -4.6693369951447199 11.491198684628461 190 160 98 0.30865658486066128 4 426 16 381 9 370 8 389 10 359 12 352 14 356 13 350 1 270 2 262 3 271 23 238 20 272 18 108 4 427 6 430 16 382 9 371 8 390 11 262 10 360 7 324 12 353 14 357 13 351 1 271 2 263 3 272 23 239 20 273 21 240 21 241 22 86 29 248 29 249 25 266 25 267 24 91 24 219 24 220 37 83 37 84 28 334 32 57 32 58 34 55 34 56
1989 2.1734132041366085 -6.518554960075325 10.902596994302208 181 64 17 1.9717809466350769 14 626 23 486 18 415 5 252 19 3 1 437 2 422 3 545 22 381 25 518 24 388 44 488
1990 -0.8676333506032109 -5.630540205252939 11.166528036341498 184 110 65 0.65285758919182202 18 210 14 291 15 254 23 310 20 344 21 306 22 310 29 329 25 340 24 180 26 447 37 265 38 292 41 245 39 249 28 466
1991 3.1499642468347453 -3.1066564912356971 13.169223139501797 147 100 38 0.5776406126917657 4 474 9 407 11 290 7 360 12 380 13 376 1 401 18 305 4 475 11 291 10 526 15 341 9 408 5 562 11 426 7 361 12 381 13 377 1 402 2 387 20 298 21 267 22 123 22 124 29 280 25 298 17 161 17 162 24 121 24 122 44 186
1992 0.70844507573544413 -1.2448209602894373 13.632452067086287 165 156 149 2.6066625798103682 4 948 6 977 10 848 7 210 8 456 16 262 12 234 13 232 1 712 2 721 3 731 23 607 18 323 6 653 5 816 10 647 7 628 23 286 10 546 21 601 25 641 17 428 24 377 26 314 26 656 37 156 38 176 38 175 41 143
1993 0.34840357286059231 -5.71212047119245 10.973168180963354 216 197 146 2.7178729237422123 8 894 19 759 23 620 20 626 18 625 4 657 8 301 16 624 10 454 2 431 3 443 29 645 25 653
1994 1.6504363173743666 -1.9161903118644705 13.197383589486549 125 41 17 1.5336860420189775 6 1026 23 705 18 706 15 747 16 969 9 976 8 939 12 839 14 837 13 816 19 884 20 696 22 674 29 727 25 729 17 698 24 651 44 594 37 595 39 574
1996 2.3455807921529535 -5.433011044507623 11.006486527267544 165 64 19 0.17585361850110187 12 62 21 33 25 36 24 43 26 32 38 48 41 31
1997 3.1827834867363318 -3.690168099442944 12.866824588330156 134 36 0 0.29610640359055868 13 166 21 111 24 107
1998 0.65001966551445212 -1.2075936927910502 14.562132959768544 140 138 139 1.3348857206376141 8 264 21 148 24 150
1999 3.0540174781187388 -5.9553595505633758 10.145985784269179 255 207 194 1.2452692335225097 13 19 21 162 9 22 12 17 14 15
2001 -0.98569054119705468 -4.2897280853619639 12.667026553205766 216 78 16 0.57716293026513155 15 326 18 285 21 256 22 100 17 287 24 232
2002 0.40846067185928825 -1.0564764216726601 14.30226774307957 145 128 122 1.2760236221916121 4 828 12 409 21 285 1 657
2003 0.97628991973142676 -0.58902824125735176 14.259839348777565 114 99 95 0.4259393344293157 2 418 21 288 22 290
2004 2.1445135722938899 -2.9155501613325949 12.690036874421887 187 150 104 0.61446330700299168 13 563 15 342 21 358 39 426
2005 -0.30198415745678653 -0.78843463575844752 14.140986545406987 206 177 170 0.17635163841329415 15 473 19 587 21 379 22 376
2006 -0.43044761160510969 -1.9436583774849323 13.402989019709812 176 157 153 0.29097526748116548 12 668 13 650 14 683 21 471 29 567 25 579
2007 0.49628947375383325 -3.5570627535545851 12.041742914373549 195 60 0 0.81239487845358493 7 751 21 584 38 485
2009 -0.73140133228306292 -3.6682030117542879 12.409052307736234 147 23 2 1.2672207694708484 12 172 13 165 14 169 15 158 1 124 23 115 18 129 21 114 21 348 4 596 15 437 6 612 16 562 9 558 8 543 5 547 11 415 10 510 7 474 12 481 14 486 13 468 19 535 1 393 2 381 3 394 23 352 20 381 18 383 22 110 22 348 29 379 25 382 17 294 24 241 44 178 26 393 37 232 38 252 41 217 39 208
2010 -0.55749184127109941 -5.2900727122390316 11.400886986820193 190 166 110 0.21220988945548092 4 838 6 857 16 865 10 738 1 616 2 593 3 618 23 577 18 587 21 569 16 864 9 824 8 836 5 833 11 773 7 725 12 695 4 839 15 627 6 858 14 713 13 682 19 767 2 594 3 619 23 578 20 586 18 588 22 554 29 598 25 610 17 602 24 545 44 441 28 670
2011 2.9558803979397847 -6.5619449373526111 11.284002550269001 142 100 99 0.9800096602541486 8 280 12 260 14 264 21 7 15 375 20 194 14 528 17 342 24 163
2012 -0.084879392849185303 -2.2078667301290977 13.047843554250367 191 130 70 1.6465943099264198 4 622 1 411 23 372 12 507 21 467 6 822 9 780 8 751 5 579 11 669 10 702 7 616 12 662 14 677 2 633 3 658 25 407 17 318 24 373 24 456 37 383 38 499 41 432 39 437
2013 2.4896903680840023 -4.9635604690505568 11.306592319575429 171 132 79 1.6968723086096535 4 393 15 95 9 125 8 139 11 88 10 338 7 294 12 104 14 105 13 108 1 249 23 67 20 68 18 77 21 60 4 398 8 146 12 112 1 254 3 260 22 57 29 72 29 78 25 75 17 87 24 63 26 68 37 199 37 202 38 223 38 226 41 186 41 190 39 180 39 185 28 53 32 33 34 33 30 271
2014 2.8159766160021857 -4.6922266940858233 11.527109992500902 177 116 64 2.8688147603651872 4 435 15 125 6 439 16 387 9 374 8 397 5 385 10 366 7 327 12 356 14 351 13 347 19 132 1 280 2 270 3 283 23 232 20 267 21 235 4 430 15 124 6 437 16 378 8 392 5 377 10 363 7 321 14 133 13 345 4 420 8 387 10 357 7 319 14 132 12 138 19 131 1 272 1 274 2 264 2 268 3 275 3 279 23 92 12 140 20 102 18 103 22 80 22 82 22 242 29 99 29 242 29 243 25 101 25 102 25 104 25 262 17 118 24 89 24 90 44 68 26 113 26 114 37 214 37 220 38 238 38 241 41 200 41 206 39 195 39 198 45 272 46 278 47 259 47 260 48 263 40 263 30 61
2015 1.4934368345147051 -1.2860955175875126 13.675171461620236 167 161 158 1.5391618443870927 4 968 15 724 16 920 16 958 9 937 8 916 8 928 12 804 14 815 13 781 19 862 18 649 21 639 15 725 19 863 23 652 20 648 18 650 22 652 22 653 29 679 25 684 17 684 24 597 24 598 44 526 26 696 26 697 37 529 38 583 39 516 41 517
2016 -1.120236965343359 -3.3251429456983295 13.006148916730831 185 75 10 1.6804570811076323 11 287 14 383 8 550 13 477 18 143 25 152 44 184 26 403
2017 1.2684991034578317 -5.4353689002150194 11.363915453481926 170 75 29 1.9125259224331304 15 569 9 739 12 621 14 635 13 602 19 699 20 530 18 523 21 512 1 56 4 98 2 42 3 47 21 45 22 493 25 608 17 541 24 493
2018 3.516612806104602 -6.4835576061308338 11.267364218351753 248 180 174 1.7966544640093876 15 7 16 19 9 28 11 174 12 19 13 20 19 6 4 653 6 672 16 478 10 444 12 426 1 181 17 8 24 9 26 196
2019 3.6377596823483369 -6.4880583649903105 10.855797316190936 176 61 36 0.25678498788153875 5 7 21 2 23 5 22 0 6 17
2021 0.50563577025839135 -5.4722950934042895 11.197207905707746 255 217 195 1.429393227494274 4 79 12 66 37 37 38 36 39 26 41 23
2022 2.4549232879332052 -5.2972396405315259 11.048551549680342 178 153 95 0.78722383995321099 4 91 23 42 22 38 17 60
2023 0.49567124907830762 -6.2716028566512305 11.039143115827367 198 76 39 0.20361379085690831 9 30 12 21 13 264 14 268 22 298
2024 0.44574460052954995 -6.0910643748463817 10.667912869765095 198 76 39 1.1498402489269917 9 31 12 22 13 265 14 269 22 299 44 130 37 597 38 644 41 587 39 576
2025 0.54274608124287205 -5.9490532907646267 10.992648825824904 191 54 0 0.23351952832138179 15 381 19 461 23 303 22 304 29 319 24 298
2026 -0.95484922255616489 -5.9981991237859065 10.62451901598301 194 65 17 1.6308077594975618 8 20 14 25 24 395
2027 0.043194545621290756 -5.3492594802851565 11.214521696321791 228 136 85 0.26704182723130948 11 622 22 495 17 543
2028 -1.1519108469566774 -3.0444244681271995 13.697498128911933 190 84 32 0.58557738333968301 12 768 21 588 22 612 24 594
2029 2.4214544283902648 -6.025992536916231 10.742575201563557 233 146 131 2.1457133086551328 10 560 7 397 15 14 16 27 9 283 11 614 12 26 13 33 19 11 23 19 20 11 18 10 21 12 22 8 15 230 16 480 9 475 8 25 12 271 14 270 19 295 20 10 18 6 17 14 24 15 24 19
2032 -1.5419048241388342 -6.0627572803160898 11.286106873972859 216 119 97 0.45118078856557903 12 275 14 437 19 689 23 496 20 519 18 517 21 503 22 482 29 523 25 527 17 534 24 484
2033 2.7770415188266044 -2.5262605529180711 13.222761335337106 150 96 38 0.46174962156692301 15 461 16 689 9 701 8 673 5 705 11 574 14 506 19 566 18 402 22 368 4 726 6 752 15 462 10 628 7 610 12 500 12 501 14 507 13 484 13 485 1 409 3 409 23 367 23 368 20 397 20 398 18 403 21 363 21 364 22 367 29 395 29 396 17 420 17 421 24 366 24 367 44 358 44 359 37 438 38 498 41 431 39 435
2034 -0.0070849515398768827 -2.6107576769985199 13.117594956028423 166 98 58 1.1988017352198468 15 686 5 944 11 796 14 781 13 751 19 827 23 648 20 647 18 647 21 635 22 615 7 810 44 521
2035 3.215066683741326 -6.4120827613675342 11.154361655640937 255 204 195 0.26376857178407631 15 8 19 9 29 9 25 7
2037 -0.15433678682944962 -3.886637880125503 13.388696401556022 0 0 0 1.2386563555466572 7 159 16 184 8 203
2038 0.81320097982907324 -1.4510157633045149 12.757774899575752 163 103 34 2.2520869758232527 18 170 22 373 29 152 18 409 24 145
2039 -0.87056690256337299 -5.2890729549072937 11.885851948554054 192 63 20 0.7371477349965998 14 97 21 219 23 211 29 224 25 241 26 87
2040 -0.31923395722827025 -1.3589313540925942 13.665644347124807 0 0 0 0.17360961755051874 7 208 8 262
2041 -0.56991679808614315 -3.3342348736119978 12.550401616146679 143 23 6 0.10050967976017607 18 388 19 545 20 386 21 354 22 356 23 358 29 382 25 388 17 406 24 356
2042 -0.03270017384783331 -1.634820534425349 13.453039486074905 180 119 56 0.43258138842823524 18 321 21 373 23 377 29 412 21 374 25 313 21 280 35 96
2043 -0.30500900058224684 -3.4101956616644147 12.382396706850464 177 76 67 0.18750187361361909 18 469 19 646 20 473 21 444 22 438 23 442 29 481 25 478 17 487 24 441
2045 1.9851913478341814 -5.841586216351879 10.889972155613362 204 68 4 1.4752167438923802 5 886 9 876 16 858 29 642 26 609
2046 0.589803703867673 -2.7494018332159058 12.477062588819848 173 157 131 1.0638954426511495 18 646 19 826 20 646 21 634 22 614 23 647 29 673 25 680 17 650 44 519 26 688
2047 -1.1298650136507455 -4.4967959283404699 12.328439434178337 215 75 20 0.7380828164586658 18 672 19 851 20 667 22 637 23 671 29 693 25 697 17 672 24 620
2048 2.6866441485523258 -6.3151087127789616 10.469342274856499 243 172 175 2.4980432038433369 12 833 20 679 14 841 9 970 15 749 16 970 29 704
2049 1.6024384122139161 -2.4978711404663705 13.186194115200774 183 142 83 1.3589300551334156 18 713 20 703 21 702 22 681 23 713 29 737 19 891 25 737
2050 0.47658050300677435 -4.8531264781592709 11.362469324686723 162 56 6 0.80785261758998705 1 84 20 88 29 90 4 406 15 301 6 417 16 368 9 355 5 364 11 248 7 304 12 337 14 120 19 119 1 256 2 75 3 85 23 227 20 261 18 261 21 78 22 70 22 236 18 92 25 257 17 103 26 116 38 81 38 220 41 60 39 66 35 53
2051 -0.11670899475690479 -5.3115178084645294 11.248341787083508 185 110 62 2.0251542086593846 4 96 16 96 8 96 5 97 23 50 29 57 4 101 6 90 16 347 5 329 11 372 13 84 19 88 1 50 25 58 41 37
2052 -1.4865262798398529 -6.1117964995000129 11.460314873482197 201 84 53 2.355919140293381 12 276 14 273 23 162 21 170 29 172 15 22 7 238 10 274 19 302 4 32 9 48 16 488 6 40 8 35 5 283 11 491 10 32 7 23 13 40 2 6 3 13 17 220 24 165
2054 -0.9283079665560896 -4.5780549626452816 11.841280270390103 162 151 117 0.48722549707250251 4 906 6 934 1 678 2 674 3 691 29 658 15 672 9 922 5 935 4 907 6 935 10 835 7 829 12 791 13 768 19 813 1 679 2 675 3 692 23 632 20 635 18 638 21 622 22 603 25 696 17 641 24 585 44 503 26 714
2055 2.6693571882414333 -1.2047030792559181 14.105812490559661 116 92 84 2.327694959221891 19 745 29 634 9 455 10 238 13 229 6 291
2057 1.2226979402378917 -2.5315339181333196 12.193575995754488 179 105 54 1.7158047560129874 9 421 8 561 12 392 20 304 22 279 29 288 4 221 6 480 16 219 5 417 11 295 25 304
2058 -0.8845684425942113 -4.9245258001234005 11.529811227573379 174 72 25 0.61403140521575683 18 264 21 82 22 73 23 88 29 236 17 111 24 81 26 122 37 66 28 74
2060 -0.055193912823618754 -6.2781400432780448 10.698718159587459 180 69 42 1.0661182265936759 15 5 25 6 17 211
2061 2.170558569069112 -4.9364202697324533 11.227153282524869 173 142 81 0.19691357164003045 14 106 25 79 26 75
2063 1.1363950430137508 -4.2386942163780441 11.589936026099309 162 141 44 0.39138789882954272 9 163 12 369 13 150 25 122
2064 2.6189217985546622 -1.0324073014079362 13.721130764361387 1 15 71 1.1586759081696354 5 601 11 318 25 175 7 383 15 209
2065 2.8241677555200564 -6.5217541512347372 11.162118488784406 248 174 174 0.90331524191814438 15 4 21 159 25 180
2067 1.2606711646093192 -1.4572830334412701 13.343467960572074 155 102 32 0.28801360331973064 18 169 20 314 21 281 22 150 25 314 37 153 41 142 39 227
2068 -0.67019670340422244 -2.7766943422466928 12.522793379535111 190 72 3 1.0683947189930858 18 479 19 561 20 483 22 365 25 397 24 255
2069 1.5932823581937978 -2.6557000511210176 12.493623604831162 188 151 98 1.8754551048188972 19 558 21 455 22 363 23 452 29 494 25 490 18 398 17 498 24 364 39 299
2070 1.0088859916644801 -3.0626592155066441 12.304957048522507 171 149 119 0.28494747151957972 1 569 25 558 41 367
2071 3.6358254958971341 -1.9741374197743728 15.34779128640788 149 103 79 0.28257874894001506 19 828 22 620 23 601 25 681 17 652
2072 1.1008950662036756 -5.4687356623628958 11.071525639128511 196 131 105 2.4575544490255026 6 552 10 567 1 354 21 32 15 54 9 80 12 65 14 66 13 71 19 63 17 54 25 35 26 228 37 182 38 206 37 181 26 224 41 173 39 161 39 163 35 38 35 126 28 15 32 227 34 260 46 238 45 234 47 223 48 223 40 240
2073 1.4110938204418846 -5.8347287154634966 11.224886767097793 229 181 160 2.1834258299805271 4 42 6 52 1 18 2 190 3 203 25 25 4 331 6 350 5 479 10 47 7 411 2 13 3 204 22 17 21 22 20 24 29 28 22 14 24 30
2074 1.267115919722674 -5.5793504748031983 10.837497620425401 190 138 112 2.0412801828087477 4 327 6 348 11 184 1 193 25 28 7 31 22 18 38 294
2075 0.24149761223904212 -5.1580799806142821 11.281695514556132 195 71 21 1.2517434485875396 11 628 1 540 2 527 3 557 22 497 29 532 25 535 4 370 15 282 6 567 16 350 9 339 8 509 5 333 11 381 10 475 7 438 13 319 19 341 1 235 2 234 3 243 23 206 20 241 18 244 22 218 29 215 17 257 44 315 26 246 26 562 37 188 41 179 41 400 39 171 39 402 35 48 32 483 32 484 34 527 34 528
2076 1.7049051810330809 -5.7829311516287403 11.671916870890524 204 70 20 0.78753872274591918 19 694 20 582 18 518 21 509 22 488 29 526 25 603 15 565 16 863 9 821 8 834 11 769 7 791 12 617 12 692 7 790 14 710 13 679 19 763 14 755 23 500 23 574 18 583 22 551 17 537 24 489
2077 -0.26615109221887401 -3.1671741771769968 11.202752403674738 58 24 25 1.0431938348408301 22 353 23 259 29 277 15 166 19 394 20 132 25 290 23 355
2078 2.6133133085163407 -3.4013200552949634 12.462677467034892 174 58 0 0.36327099898537674 18 604 23 593 25 627 24 561
2079 0.18813702805560867 -3.1110598261632139 12.422519219465292 131 19 0 0.64226331014867177 4 790 15 593 6 887 16 759 9 768 8 738 5 787 11 736 10 765 7 754 12 651 14 668 13 630 19 728 1 570 2 622 3 578 18 549 4 209 6 216 16 201 9 207 8 225 5 198 11 141 10 191 7 170 12 186 14 186 1 132 2 118 3 135 18 144 22 126 17 570 24 518 37 376 38 434 41 365 39 366 35 168
2080 -0.64523568716561297 -5.6405283631679177 11.199292185362919 196 83 34 1.9205614090929417 15 564 16 721 9 736 8 706 5 745 11 619 10 665 7 645 12 616 14 632 13 599 19 698 23 502 20 527 18 522 21 511 22 492 4 335 15 248 9 304 6 62 8 312 5 297 10 281 7 245 12 285 14 47 13 281 1 198 2 194 3 207 23 171 20 31 18 32 21 179 22 21 29 528 25 531 17 230 24 33 44 386 26 221 26 555 35 305 28 567 30 541
2081 2.3787429314534263 -4.775351302640634 11.449202496054244 160 127 73 1.8432513965012371 12 136 29 98 4 415 15 122 6 585 16 377 9 149 15 119 16 147 8 386 5 521 11 258 6 584 5 520 15 304 10 484 10 485 7 452 7 453 12 135 12 344 14 347 13 134 1 267 1 268 2 358 2 359 3 371 3 372 23 90 23 91 18 102 21 86 21 233 22 79 29 97 29 240 29 241 25 99 25 100 17 116 17 117 24 87 24 88 26 110 37 88 37 89 38 92 38 93 38 233 41 74 41 75 39 81 39 82 28 62 28 63 28 329 32 249 34 281 30 57 30 456
2082 -1.2094421222942748 -6.241476980188426 11.092855071749467 215 144 135 0.18685557352929827 18 9 19 10 20 12 21 11 22 9 23 18 25 13 29 16 17 13
2083 -1.6356401314572955 -6.3713328235627884 11.378351998160491 225 164 158 0.07191824131454827 12 23 17 15 24 18
2084 1.0428653081759469 -5.3910461799464731 11.026451992700499 254 199 171 0.04701954695147402 25 48 29 47 17 55 24 50
2085 -0.11879650303045346 -4.6234884336764432 11.590310903132487 0 0 0 0.2483396424245419 8 165 20 112 14 144
2087 -0.46681152490027966 -3.3084976844480534 12.558156277356034 159 40 14 0.2956192751054858 3 131 25 150 17 155
2088 -0.99584738722303645 -3.3654458403524607 13.860609699958069 214 104 40 0.10971139300576274 13 190 17 164
2089 3.0476775430812335 -2.2082921432669633 13.81270232170124 183 167 164 0.56486785647675208 9 584 20 168 17 177
2090 3.2978967031356152 -2.0698858927652015 14.540623803932952 138 95 77 0.74498948756589822 29 143 17 181 44 193
2091 2.8498892311936106 -1.6424953922065004 13.044720125500538 136 98 80 0.93832952327400398 8 257 13 223 17 184
2092 2.3632996702813363 -0.81462510662605236 13.984857442338118 180 154 154 1.0931468648082561 12 239 14 621 16 266 17 199 16 707 24 153 44 114 38 180
2093 2.3175890091342994 -0.2819572188965917 14.150807326237405 155 146 145 1.9601097402777181 5 242 13 244 38 510 37 492 39 483 19 277
2095 2.6675015936942099 -4.6658108497206765 11.518875110737101 164 72 18 0.14559827899078381 14 350 17 271 37 219
2096 -0.04917283818929577 -2.2053608137637712 12.760608304494362 0 0 0 0.89147269875248769 10 411 12 399
2097 -0.62335250671174613 -1.7031434987331515 17.303861075081283 0 0 0 0.92763533201226955 1 428 2 414 3 426
2098 2.4544778043450806 -5.1833630032799602 11.131331927466588 175 153 98 1.2656355677338849 9 100 17 362 28 472 30 436
2099 -1.07205823887961 -3.3243000509718126 13.610907324172205 201 168 120 0.30028644769766377 12 582 19 551 17 409
2100 -0.22910121094149477 -0.64951387031218821 14.194739730510838 233 183 170 1.1456489220333395 1 609 2 582 4 834 6 849 24 381
2102 1.156449775964866 -5.8084984288134756 11.197477020000655 243 231 211 0.15123507601450442 18 425 19 608 20 431 21 399 22 390 23 394 25 431 29 437 17 449
2103 -0.168696624351621 -1.766199774480159 13.479057527369028 195 164 133 0.79414028763796729 5 811 10 710 17 584 44 429 26 597
2104 1.9736564153458331 -1.9194075654206058 13.149248937635809 151 69 49 0.93959972255343283 3 751 12 799 2 739 6 996 37 558 38 609 39 544 41 549
2105 0.80080407544307286 -5.3122193180147104 11.174379770749796 187 58 4 1.5087433681103943 20 47 22 43 29 50 25 52 17 66 4 363 15 275 6 382 16 339 9 332 8 345 5 327 11 225 10 315 7 434 12 315 14 319 13 313 19 337 1 229 2 228 3 237 23 200 20 235 18 238 21 205 22 214 29 209 25 226 24 196 26 51 37 50 38 51 41 177 41 35 39 35 39 167
2106 -0.68030562633099989 -4.6547579619384525 11.652443623568018 115 100 64 1.2169449425482028 15 139 20 115 17 128 10 370 7 331 12 359 14 361 1 278 2 272 3 281 20 279 21 250 22 251 25 275 17 130 37 82 38 88 41 70 39 78 28 83 32 64 34 67
2107 0.59971536396753566 -5.4362630857878429 11.274616785568309 140 49 14 1.7922890019640312 15 65 16 83 9 89 8 83 11 43 10 82 12 69 13 74 1 44 2 37 3 40 21 41 22 41 25 53 17 64 20 224 22 199 23 188 25 213 17 244 24 188 26 231
2108 0.48846030277137509 -5.0963970576710311 11.290755631055664 203 128 75 2.0568736012063278 8 105 7 88 12 89 14 87 1 60 2 49 3 55 20 58 18 67 21 51 25 62 17 80 4 381 15 91 6 398 16 352 9 111 8 117 5 342 11 68 10 111 7 93 12 95 14 91 13 95 19 103 1 64 2 51 3 59 23 59 20 63 18 72 21 55 22 52 29 66 25 66 24 59 44 53 26 69 26 76 38 67 32 34 34 34 30 39
2109 -0.21161590430198135 -3.0226403410410194 13.589102118809535 209 106 41 2.4551627011708046 12 196 13 196 15 182 19 210 18 149 21 133 22 131 17 170 18 148 20 391 21 359 22 361 23 451 29 492 25 392 25 488 20 302 24 127
2110 0.11260129221226466 -6.5090782784585413 10.857900134235019 153 67 46 0.48536667026044716 15 368 9 4 12 1 13 3 19 282 25 323 17 333 24 282
2111 -0.4674921904169777 -2.8182091986574314 12.783133132098593 184 75 24 0.34011827817818785 17 306 25 160 24 128 15 184 18 150 19 402 22 132
2112 -0.44153367821812306 -1.4577633401404229 13.949527258862046 184 171 170 1.8684362104791057 2 320 17 193 22 153 3 327 24 148
2113 0.24609511982853918 -0.60372848486687347 14.250663671094845 136 81 65 0.96407364251655081 11 326 24 382 38 372 35 190
2114 0.25977009067466933 -0.60695220721983956 14.087121635194499 136 81 65 0.85927305164724321 2 583 24 383 38 373
2115 0.16073683046711129 0.40731454100451564 13.690470786068747 41 41 41 0.81691090936278421 12 606 20 416 21 382 24 385
2116 1.252767441184204 -5.2485699103122663 11.125590145989479 197 120 75 1.8789860511662391 5 101 11 55 24 56 15 69 9 336 12 78 14 77 13 81 17 70 26 54
2117 0.087951629809227758 -3.8052956100665076 12.019247570432873 145 81 67 2.2429321731568583 9 552 8 652 5 675 10 602 12 567 14 483 14 577 13 464 19 527 2 472 3 485 21 345 29 375 17 397 24 348 4 185 15 152 6 191 16 172 9 179 8 186 5 172 11 122 10 173 7 149 12 165 14 161 13 158 19 170 1 117 2 103 3 111 23 111 20 124 18 123 21 109 22 104 29 113 25 130 17 142 26 488 37 229 38 249 41 214 39 205
2118 -0.38939174804065207 -5.4943087819393606 11.148702639455257 188 60 16 0.81257331812235423 9 496 8 493 10 466 22 314 25 343 24 305 15 394 9 495 8 492 10 465 4 546 7 425 12 441 14 443 13 418 1 353 6 66 3 220 23 313 20 347 18 350 21 310 22 313 29 333 25 342 17 355 44 230 26 348 38 200 39 157 28 309 45 228 46 230 47 215 48 216
2119 0.48535266740245114 -6.4650333721890014 11.271325047334184 244 158 148 0.34304685810662428 12 20 13 22 14 266 44 12
2120 0.48757193004507943 -6.4734212452171365 11.291244628353313 244 158 148 0.34031177834698489 13 23 14 267 44 13
2121 -0.7920853516195876 -5.6343789849712191 11.112550229403885 196 158 105 1.4610368150434092 5 295 11 190 19 46 44 27 26 338 34 413 32 382
2122 3.1572273579318115 -5.3119572266795014 11.17330577789097 156 131 77 1.3102488814966837 2 46 15 62 44 46
2124 -1.080851577901571 -4.7957539732020784 11.847007506488069 179 61 30 0.77267473026985811 21 242 23 240 29 250 44 70
2125 -1.081319268048677 -4.8108965390413765 11.909154466878496 179 61 30 0.66134382078245668 21 243 23 241 25 268 29 251 44 71 26 379
2126 0.70297866488323035 -1.6059922839244278 13.233612670746915 195 150 86 0.76834530088078556 5 229 44 103 38 165
2127 -0.99966962877170906 -1.0520293017074036 15.218933575123735 161 148 148 0.67810899099702848 11 158 44 111 26 188
2128 -0.066344244196939767 -6.6312515470107121 10.952410751192625 0 0 0 1.956323106673685 10 0 16 465 4 295
2129 -0.035639661770033672 -6.4459478281141696 10.869012066379874 211 102 61 0.94575585308158727 5 5 6 8 44 122
2130 -0.5502265029309642 -5.2006139664639166 11.423546397067586 195 159 105 0.78790749284056238 8 622 44 159 35 133
2131 2.0927598924737723 -5.7105693621348319 11.399043586257497 187 170 117 1.2229495465033746 19 44 44 221
2132 2.6324813079856129 -5.224110948260166 11.1808775295448 155 145 85 0.67400950818966021 13 427 44 240 37 272 38 304 41 256 28 471 32 379 34 410
2133 2.6139703446897582 -2.789516597065806 12.622255311368271 164 119 98 1.3086984475831507 20 146 25 157 44 273 26 585
2134 3.0043644078545175 -2.6859486845197851 13.487555040765825 156 116 107 0.14400709074936702 20 152 21 134 23 267 25 301 29 285 44 275
2135 2.9899265794711263 -2.1869049482109251 13.619652374695162 170 163 155 0.69407332852107262 12 506 14 398 20 167 44 281 9 583 13 393
2136 3.0502702743693129 -1.9961310542228157 13.955954574752811 140 131 117 0.82203635636793859 12 404 44 282 9 588 13 491 14 608 13 575
2137 -0.4046240394236198 -1.1986351778686355 13.941295855402426 197 158 143 1.124576035918992 25 417 29 414 44 285 23 477
2138 -0.47423724881205076 -1.1112753071062846 14.309782278000302 216 178 166 0.18361663598535546 29 415 44 287 25 418
2139 0.37076054714070183 -6.2327747004618477 10.821126126589219 204 72 29 0.18678323334456981 2 163 4 8 26 198
2140 -0.093670698171154962 -4.5476194897159905 11.649609378980418 186 120 70 0.79216189790999536 3 480 44 334 26 481 30 285
2141 -0.64390717180141455 -3.7007000322617443 12.322181415215971 177 126 84 0.54433973039299355 21 439 22 430 29 477 44 342 26 576
2142 0.29099654875998093 -3.3940556462071418 12.17075038986312 164 72 48 0.38262345073667281 22 435 44 348 26 498
2143 3.3078776120285465 -2.4474411845655695 13.97053427939669 125 111 104 0.76880982172587298 6 821 11 668 5 800 7 690 26 413
2145 0.24797998727801113 -4.5738018819740898 11.535653730646164 183 165 108 1.1206546177619081 20 460 22 421 25 462 29 468 44 399 26 479 37 288 5 154 32 410 34 439
2146 -1.0533623732088593 -4.0108583682287255 12.763644652928928 223 100 58 1.1956577518478828 23 524 25 549 44 401 29 372
2147 2.634591160932068 -2.6396525645661697 12.537604294742847 119 48 14 1.2931941343047895 20 605 21 542 23 540 25 564 29 557 44 421 37 322 38 355
2148 -0.87274136630982069 -0.89428859935060678 15.189527044456016 175 170 168 1.4557738611696778 8 891 44 434 11 832 37 445 38 503 41 443
2149 -0.94074418624059419 -6.8660427382643769 11.573889697083342 241 169 166 0.36032882267435912 29 419 44 435 20 419 21 386 23 381 25 422
2150 1.6071720229003068 -5.1438752268040302 11.160915337213039 215 89 38 0.51383084652694488 12 630 13 608 14 643 44 447
2151 2.9550579999432611 -4.6882539739442368 11.687983268811587 117 62 12 0.9004858634008629 16 821 44 456 39 498
2153 1.9710993140116204 -0.92981052204885095 13.874437384328029 189 152 137 1.4878827300579776 23 609 25 643 44 483 26 658 39 480 23 557 35 381
2154 0.88147656947090958 -5.8099286515887218 11.335968002853201 209 193 136 0.29194166459308651 15 624 17 599 18 581 19 761 44 492 24 541
2155 -0.83837601732313149 -4.0735601522319591 12.413885944644184 201 75 23 0.32074813115683432 25 667 29 661 44 508
2156 -0.72500255244833844 -5.6417210329088707 11.562912995606382 184 89 45 0.67922900086409521 21 651 25 710 29 707 44 537
2157 -0.066844293203970728 -3.2418824400303703 12.43605399768721 147 32 17 1.6487409905701376 8 925 25 728 44 570 26 755
2158 0.13276830505095344 -5.578429592885338 11.20994039139136 190 64 14 2.6222094330618373 4 62 15 44 6 68 8 62 5 72 10 63 19 59 44 32 15 41 9 69 8 60 18 35 12 52
2159 2.9075356875631058 -4.4192446729481212 11.713670193637029 169 117 66 1.7996826317694308 4 171 8 412 44 75 9 161 7 345
2160 0.075388398044771321 -6.5262026156855919 10.838029525116376 183 137 125 2.8561496472080679 5 249 14 426 13 248 4 0 8 4 21 156 29 162 25 177 17 206 24 159 44 118 9 5 12 2 15 369 14 255 13 4 19 283 25 324 17 334 24 283
2162 -0.73415919011752495 -2.7544893799878514 13.174736730448346 157 69 26 1.4864338456599913 12 718 23 543 9 854 13 708 4 720 6 745 16 582 9 576 8 562 11 150 14 503 13 641 1 509 2 562 3 584 23 369 29 397 26 299 37 315 41 297 39 293
2164 -0.074403703722469752 -5.2394177276086076 11.309364433164319 181 160 103 0.25921630270556123 4 841 15 629 6 860 16 805 9 826 8 776 5 835 11 705 10 740 7 727 12 628 14 641 13 684 19 769 1 618 2 590 3 621 23 509 20 534 18 527 21 515 22 556 29 600 25 612 17 546 24 496 44 443 4 840 15 628 16 804 6 859 9 825 8 775 5 834 11 704 10 739 7 726 12 627 14 640 13 683 19 768 1 617 2 589 3 620 23 508 20 533 18 526 21 514 22 555 29 599 25 611 17 545 24 495 44 442 26 620 26 621
2165 -0.082602644893023991 -2.0000705397750682 13.283785662870061 199 166 131 0.3806777833634129 4 874 15 603 6 898 16 773 9 786 8 814 5 874 11 746 10 775 7 773 12 666 14 681 13 648 19 740 1 652 2 636 23 551 20 566 18 559 21 549 22 530 29 565 25 577 24 528 44 478 4 873 15 602 6 897 16 772 9 785 8 813 5 873 11 745 10 774 7 772 12 665 14 680 13 647 19 739 1 651 2 635 3 660 23 550 20 565 18 558 21 548 22 529 29 564 25 576 24 527 26 593 26 594 37 439 38 443 41 434
2167 -0.87340970426733266 -5.9944005625207071 11.239098728529354 190 60 9 1.75997535859631 4 754 15 24 6 777 16 296 4 27 9 49 8 292 5 741 15 561 16 719 9 734 11 616 10 31 10 663 7 25 7 541 14 274 13 42 19 691 1 12 1 534 2 521 3 9 3 548 23 29 23 570 20 521 18 21 21 19 21 505 22 484 29 26 29 525 25 529 17 536 24 485 44 383 15 560 19 690 23 569 20 520 18 577 9 874 21 504 22 483 29 524 25 528 17 535 35 301
2168 -0.67096807356180854 -5.4215013728020622 11.443680145416019 154 58 16 0.96648004648083941 4 368 15 72 6 386 6 387 16 344 16 345 9 504 8 94 8 95 5 328 11 219 11 220 10 93 10 94 14 447 44 387 14 544 16 725 26 244 26 456 39 327 37 346 41 329
2169 -1.035382409222589 -6.6464614739959664 11.01860699500021 188 76 35 0.093041185066497889 29 2 26 2
2170 0.85653890621261319 -5.5353759143653214 11.09134406763522 219 162 115 0.69276720674817016 3 217 26 35 39 16 38 27 35 30 34 10
2171 -0.11790903349902446 -5.5309812329844661 11.147783534164263 202 161 107 1.7472787860023173 2 21 7 257 10 65 13 61 2 24 7 48 12 57 26 41
2172 0.45348696509257785 -5.1534468714720534 11.220926668799946 182 152 95 0.24935733978567728 5 105 8 101 26 64
2173 -0.35336643757217867 -4.911577270259599 11.645268002389876 173 87 39 1.8163436728076963 10 147 15 120 44 63 26 119 4 149 8 383 9 146 7 658 11 721 30 48
2174 -0.015793461931438869 -2.492952842313557 12.454152095343799 183 99 56 0.81566130892211641 8 856 26 168
2175 -0.56204577459133143 -5.0222407217456304 11.27297943039137 193 162 104 1.0864846701503001 44 58 26 260 34 290
2176 -0.93742315205223847 -4.8745981980652271 11.228658529123377 180 149 91 1.6147904391466916 24 73 44 165 34 298
2177 -0.081914451693660781 -2.9811133445006002 12.605229057297567 184 119 60 0.20143347377509846 18 395 24 361 26 297
2178 0.42853518501184923 -1.8711188791320814 13.249835116220977 184 95 61 1.6845489555066175 1 321 12 221 14 218 26 305
2179 0.87787348614316019 -1.525105760727459 13.330640841478658 181 127 67 0.10517507513282372 18 410 22 374 26 309
2181 -0.90015401393771532 -5.0242040002535502 11.594794127896426 184 64 24 0.95115282179804483 44 163 38 69 37 62 39 58 41 48
2182 0.43974351361861586 -4.6794108660763083 11.461136359219257 164 99 51 1.1445902252413742 44 330 26 375 35 57
2183 -1.304883424518279 -3.8858658544861777 12.979185062144573 168 61 18 0.59693544787368502 21 112 26 391 25 285 29 116
2184 0.3964096024630418 -5.4228314198672942 11.156903530350911 183 164 103 0.67446191108327735 7 646 26 451 35 206
2185 0.28591139474342564 -3.2357447036886162 12.322932891707973 171 132 99 0.35120851526591829 14 589 44 467 26 507
2186 0.32058068361764808 -2.8279855928918529 12.541225453655114 185 153 102 0.45488082313603079 14 387 26 521 35 174
2187 0.41473946542739681 -0.59010082600998337 14.203310851011853 141 79 58 1.8068795622374438 25 514 44 288 26 542 35 192
2188 0.84130833176577335 -5.8210556772983493 10.9676628025561 205 77 35 1.2004689180504207 8 479 26 548 11 10
2189 0.87964151214495101 -5.4999914483672088 10.514867517785095 239 226 195 0.60636434448931642 22 486 26 550 20 525 21 508 23 499 25 530
2190 0.42034855418028028 -5.8157228391040157 10.710873758443118 196 63 14 1.5202661533863377 44 135 26 728 13 271 9 44
2191 -0.23862229296833126 -0.56830834769683425 14.367097599048458 182 164 161 1.2131989340077833 29 728 26 762 25 740
2192 -0.41412840451612554 -4.0669949817305673 12.001940961817253 193 65 0 1.1174564823219215 4 779 8 728 10 683 26 571 4 858 15 583 6 875 16 828 15 643 9 846 8 793 5 854 11 727 10 755 7 745 12 712 14 727 13 701 19 715 1 633 2 610 3 638 23 522 23 591 20 598 18 601 21 581 29 615 25 544 17 612 24 557 26 637 38 479 35 278
2193 0.67635925299576549 -4.8917761985099144 11.319094676991561 214 154 100 0.3508006340042587 12 120 1 79 2 72 3 77 25 89 26 103 4 400 15 107 6 411 16 363 9 133 8 369 5 357 11 245 10 130 7 299 12 119 14 116 13 118 19 361 1 78 2 71 3 76 23 80 20 85 18 90 22 66 29 88 25 88 17 99 37 70 38 76 41 56
2194 -0.17283118009360127 -3.2194209995800835 12.517205593166922 112 10 2 2.2944779438563589 4 207 16 199 8 224 5 195 11 140 10 190 12 184 14 183 19 196 18 139 29 128 26 150 15 648 1 641 2 620 3 648 15 684 9 899 8 854 12 764 14 777 13 748 19 785 15 647 1 640 2 619 3 647 23 595 20 602 18 606 21 586 22 571 29 620 25 629 17 615 24 563 44 268 39 420
2195 -0.38450907728794154 -1.9426083373368399 13.405643966146451 192 162 152 2.7196655928731452 6 832 8 815 5 875 11 747 10 707 7 774 1 587 44 426 26 176 4 250 15 202 6 498 12 218 14 220 13 219 19 239 21 277
2196 3.5772140883124353 -0.95654459776169287 15.520703100229225 108 102 102 1.4927126789280432 8 265 9 250 15 210 13 233 19 263 25 176 26 180 4 640 15 215 1 334 2 415 3 429 17 327
2198 0.17631839315057865 -5.8474684403586048 10.984876546670307 155 69 44 0.20474828087658589 37 14 38 190 41 5 39 6
2199 0.86251997453818108 -5.3496738598044864 10.748721555703195 245 216 186 0.63761441888341641 5 55 41 20 39 22
2200 -0.88933445052203108 -3.1887055731771365 12.661109532831729 216 181 130 1.2422971412204415 12 382 37 122 38 258
2201 2.3799432211899263 -2.6900220803010666 12.732429908712303 182 98 56 1.3090833930660262 1 148 37 127 39 122
2202 2.4196927560459001 -2.5896830934605504 12.758237655965663 119 35 5 0.15784090532419245 19 214 37 133 41 127 39 126
2203 1.7623051507971101 -1.9871297909477454 13.003234035902734 164 75 50 0.26142963949370596 24 264 37 145 38 364
2204 1.0697208315150515 -1.4385227179856939 13.427581186497346 164 105 37 0.26593679106492668 9 246 12 230 14 234 15 206 37 151 38 171 39 139
2207 0.13430018079150963 -4.3930053368809272 11.718393030945194 208 194 146 1.8002805879872623 9 386 37 223 38 476 41 210 41 466 37 468 39 460 35 362
2209 0.43886853728194175 -2.2496909850855906 12.892270533048295 177 117 36 0.3844730255813133 7 502 37 248 41 231 39 224
2210 2.6364872020327148 -5.2279715070899817 11.183638303465235 166 153 95 0.48876705570059092 13 426 37 271 38 303 41 255 39 257 28 470 32 378 34 409
2211 0.0065863825086831876 -3.0355638494266901 12.504173147556461 205 82 15 0.49089800834187758 15 449 17 412 19 554 24 360 37 311 38 344 35 85
2212 2.0067946028709351 -2.439216946718108 12.589160141009325 197 143 89 0.7794329673194671 4 234 10 205 41 129
2214 1.8113451475855118 -2.6518537621118581 12.617440464823257 175 109 20 0.34700715705257845 25 396 37 381 38 439 41 374 39 374
2215 2.7982424820295888 -5.0798506923832338 11.241245856118766 172 153 97 0.70476836802090259 2 597 37 461 38 520 32 469 34 511 30 677
2216 3.2794872830919908 -3.2297973527809618 13.131019159271601 187 157 108 0.26474878701530086 44 469 37 478 38 530 41 472 39 469
2217 3.6425654539006209 -1.7681418551764754 15.436832818299688 34 36 35 0.79624908862053767 37 527 38 612 41 515
2218 -0.26472014294478274 -0.44140040500769984 14.415218129111466 185 180 179 0.3135921844823315 37 533 38 588 41 520 39 519
2221 0.66202578700418879 -2.4447937751698965 13.412367500130584 184 143 81 1.326273259791521 16 913 37 557 41 546
2224 0.4475409870609825 -5.4999363832865367 11.129481426702405 180 95 53 1.0682601441348922 4 78 9 78 7 49 1 29 2 25 37 180 4 67 8 65 10 66 7 50 12 58 13 62 1 30 2 26 23 36 14 63 21 36 29 41 25 38 17 50 44 39 38 205 41 172 39 160 35 26 28 25 34 21
2225 2.4912339326609714 -4.8702926058639964 11.37093416033556 165 124 71 0.32557278103925213 4 147 6 148 16 138 9 136 8 156 11 100 10 140 7 115 13 119 2 85 23 76 20 81 21 70 29 84 37 80 4 148 6 149 9 137 8 157 11 101 10 141 7 116 12 122 13 120 2 86 23 77 20 82 21 71 29 85 41 68
2226 1.5209082069023789 -4.9769297937001262 11.209596574521418 165 134 93 1.553218563843068 4 127 17 89 37 197 4 117 12 327 14 335 13 328 19 349 1 67 18 74 21 217 29 70 25 239 24 206 26 252
2227 4.1822176679299812 -1.1842325532463491 16.487850039538866 0 0 0 2.7259443325143295 16 959 44 584
2228 -0.93374379867599144 -6.5947403279232697 11.003487674886076 209 81 38 0.474867469853609 37 1 38 0 41 0
2229 -0.5531718705578389 -5.8387050730021341 10.809479894822179 255 182 169 0.81598706502944862 37 10 38 7 39 148
2230 -0.5916010258604173 -6.1021059010862002 11.603712229949048 156 59 35 0.13023382072543191 37 12 38 12 41 3 39 4
2231 -0.74939595141072801 -5.6998079537796968 10.721744691017239 254 225 197 1.9623917590654443 37 13 38 13 39 5 45 5 46 6
2234 0.58995396170003722 -5.4734892183033192 11.040689366774986 168 68 21 0.18157082121027635 37 27 38 28 41 15 39 17
2235 1.2635793526476953 -5.5575651656485254 11.103984286840827 181 70 20 1.2658434942032235 37 25 38 31 35 33 28 6
2236 1.2635793526476953 -5.5575651656485254 11.103984286840827 181 70 20 1.2658434942032235 37 26 38 32 35 34 28 7
2238 3.0451824586497578 -4.786158355701474 11.512690349179405 136 48 3 0.12389386527617331 37 90 38 95 41 78 46 70 45 77 47 71
2239 2.910363498683235 -4.6649370009432864 11.539132627820212 173 135 76 0.19073224379548057 37 93 38 98 41 81 39 88 46 75 45 81 47 75 48 76 40 74
2240 2.910363498683235 -4.6649370009432864 11.539132627820212 173 135 76 0.19073224379548057 37 94 38 99 41 82 39 89 46 76 45 82 47 76 48 77 40 75
2241 3.0027940818510395 -4.6492233705466823 11.557316374086655 174 135 80 0.74794062662415361 37 96 38 102 40 78
2242 1.0017156621515337 -4.2863462187311994 11.590565793461186 239 222 176 0.21608716813047796 23 103 38 104
2243 0.15957123743367915 -2.3488876471069919 12.774926026746364 188 162 113 0.14857344537921016 37 135 38 144 41 128
2244 2.4877045953023398 -2.2875558034134951 13.1829297110321 150 109 39 0.74313921334320998 37 142 38 159 41 136 44 362 39 133
2245 3.1695007830384911 -1.8466781164281738 14.189588281402676 181 134 111 0.15696923389405112 37 148 38 168 41 140 39 137
2246 1.3821983845887253 -1.5100160957468669 13.317777916268573 195 145 88 0.31362820014784987 20 177 21 143 23 143 29 151 37 150 38 170 41 232 39 138
2249 -0.57997487336375653 -6.0128970258401404 11.153632538685072 190 64 24 0.10870585574056763 37 170 38 186 41 156 39 147
2250 0.14355673975537578 -5.9526864118784131 11.370173616396917 252 230 202 0.27816530833851361 37 171 38 192 41 157 39 149
2251 -0.54748232515848771 -5.5470954101537231 10.941786901594771 157 62 29 1.7047551972876691 37 175 38 196 39 12 41 163 46 12 45 7 47 7 48 5 40 9
2252 -0.77113933975687454 -5.2037182521497405 11.385851273269813 0 0 0 0.32332880010539894 8 507 9 514 7 280
2254 2.4950956373691411 -2.5374844064963806 12.717679897936545 168 93 38 0.19797000537494044 37 245 38 269 41 227
2255 2.8733886567230251 -2.6412699454430872 13.375227383167521 121 66 53 0.12784513568430655 37 246 38 270 41 228 39 220
2256 3.0032593004227719 -2.6227285824457431 13.019762861073676 160 105 79 0.64479864132078069 37 323 38 271 41 304 39 304
2257 2.8941572221210032 -2.3764698152583517 13.414531309893917 146 60 3 0.19279647334396538 37 250 38 274 41 135 39 132
2258 3.0142179143011609 -1.3655577142764894 14.202156326969973 29 28 60 0.40105560265662482 37 158 38 277 39 229
2259 3.0142179143011609 -1.3655577142764894 14.202156326969973 29 28 60 0.40105560265662482 37 159 38 278 39 230
2260 2.8905413459959024 -0.9947232987083664 14.394525609492689 115 125 155 0.18898078430893187 37 161 38 280 39 235
2261 2.8905413459959024 -0.9947232987083664 14.394525609492689 115 125 155 0.18898078430893187 37 162 38 281 39 236
2262 1.8239799864132533 -5.9364757287236172 11.052804373536778 255 210 210 0.040258320678398914 37 17 38 290 41 8 39 10
2264 1.0991898185290456 -4.8867405552845247 10.078213635340759 242 230 220 0.67523181446282032 37 187 38 300 39 168
2265 1.5561549404973256 -4.0410713880054638 12.536508327543691 197 81 38 1.3996515637803075 37 294 38 324 41 97
2266 1.5561549404973256 -4.0410713880054638 12.536508327543691 197 81 38 1.3996515637803075 37 295 38 325 41 98
2267 3.1633529033515857 -2.7883279515428425 13.29027521583996 175 126 71 0.17769416163868323 37 321 38 354 41 303 39 302
2268 2.859493102181812 -2.2410326392988349 13.193755263582139 156 103 30 0.097524638688349957 37 329 38 363 41 309 39 307
2269 2.7997234702039022 -1.0194243146881661 14.267064737992362 4 24 76 0.63631277774921102 37 255 38 369 41 234 39 313 35 298
2270 3.0058234550765017 -0.83000127858905925 14.624103342260653 5 25 65 0.24864735214048778 37 336 38 375 41 316 39 316 35 346
2271 2.6641079633196894 -0.58903893809880847 14.630022285559331 0 22 67 0.19044384114666416 37 339 38 379 41 319 39 395
2272 -0.4243472211479804 -5.9024343867465365 10.811893333809122 204 80 36 0.29510161723819373 37 258 38 380 41 322 39 241
2273 0.6812860649844239 -5.5717376574846069 11.122761571589212 205 72 14 0.12671381784897753 37 343 38 388 41 326 39 323
2275 -0.081707882741304666 -5.234463867985804 11.299172125996453 181 165 106 0.14828635185071076 37 350 38 397 41 334 47 483 45 481
2276 -0.55955798996927641 -4.5147196416150734 11.536590287916063 203 126 70 0.56782437688402909 37 365 38 412 41 351 39 346 33 242
2277 2.1509406690536328 -2.7712883770843808 12.55714707455081 174 106 26 0.3398700064497775 37 379 38 438 41 371 39 371
2278 3.0197676879504152 -2.2046106791117084 13.720443051246676 143 134 129 0.082912062219097263 37 330 38 446 39 308
2279 2.9963219993379946 -0.98282164638522984 14.563658976762559 5 26 70 0.95189301965775175 37 395 38 456 41 389 39 394 35 344
2280 1.2181832708991125 -0.15919023919556119 14.021213205627497 43 43 45 0.32170941277254744 37 396 38 457 41 392
2281 1.2324884458036771 -0.17096211757095525 13.920056729207325 43 43 45 0.49799694065291894 37 397 38 458 41 393 39 396
2282 -1.0730638505855821 -5.8579732345646356 11.24304835641715 205 187 130 0.12231486519508764 37 401 38 461 41 395 39 398
2283 0.97094588413038596 -5.922730079050603 11.162963768782967 204 69 12 0.067054145645546098 37 403 38 463 41 397 39 400
2284 1.3819391375777323 -5.8624337194146046 11.538344480786208 204 188 119 0.29512533731487911 37 457 38 464
2285 0.44041988063032494 -4.3476008296624551 11.511584502704656 221 205 171 0.15848095549653032 37 469 38 477 41 467 39 461
2286 3.2674727236088494 -4.0223392854750024 12.572040658513286 160 48 0 0.35099371393923401 37 421 38 482 39 417
2287 -0.69454867242616614 -2.7891527223136805 13.281359752513486 201 87 19 0.90736068588759444 37 427 38 492 41 423 39 470
2288 2.5671469715162347 -2.8771826251493722 12.493040570202917 149 76 10 0.77208928846477376 23 596 38 493 20 604 21 587 22 572 29 552
2289 3.4376951590309486 -2.9663692900928509 13.362903463771181 159 75 48 0.45207311105075415 37 429 38 494 39 429 35 371 7 759
2290 2.7854192311338002 -1.8746379457938727 13.564666417917557 152 148 138 0.25605133938266478 37 442 38 502 41 437 39 441
2291 3.3782680207025169 -1.008028141612854 14.862096588275326 183 175 173 0.1106761028097174 37 448 38 507 41 444 39 445
2292 0.071669210471705172 -5.9935535904623674 11.728994437533098 234 224 202 0.1730264291636841 37 454 38 514 41 451 39 449
2293 2.8026041420010563 -3.4926922798182787 12.170142326935395 166 51 0 0.18661885851522181 37 475 38 528 41 470 39 467
2294 3.0660119632056646 -2.9692846345600969 13.428135924457678 112 41 0 0.38205728590494686 37 518 38 534 41 508 39 508
2295 3.4155873264781089 -2.6656494123553669 13.529244072052908 157 90 60 0.23761315343253214 37 480 38 537 41 475 39 472
2296 3.0754535405821111 -2.0071578036328543 13.962053760966379 105 85 55 0.17274406564912581 37 483 38 539 41 478 39 474
2297 2.7143372659374432 -1.5629416541439565 14.262252832646983 117 102 76 0.43307545266097897 37 444 38 544 41 441 39 443
2298 2.9618105340872818 -1.2233566259175976 14.314746697951161 6 28 76 0.33093912794960212 37 488 38 545 41 482 39 478 35 421 38 584
2299 2.9618105340872818 -1.2233566259175976 14.314746697951161 6 28 76 0.33093912794960212 37 489 38 546 41 483 39 479 35 422 38 585
2300 1.0958232692865284 -5.8078045842970134 11.317819592592134 249 234 184 0.086517542934112887 37 541 38 551 41 529
2301 1.058050258049005 -5.8828391252906904 11.514868733704722 249 234 184 0.52637563960881817 37 542 38 552 41 530 39 527
2303 0.53737954649655151 -5.5468263758671741 11.132713755948453 207 145 90 0.40844289263094929 37 501 38 556 41 491
2304 3.1054014545704809 -3.3897654112760307 12.998931791033327 151 47 0 0.11615871046360837 37 516 38 572 41 506 39 506
2305 1.1632450217918735 -5.4106497674579206 11.135764053569019 184 65 11 1.1396562338431699 37 545 38 596 39 531 41 532 46 628 45 655 47 654 48 665
2306 0.74799185042447824 -4.8307507402564172 10.8208296393447 212 120 75 0.58152265390308022 37 548 38 598 41 536 39 534
2307 0.97392971871588629 -5.0955712069825809 10.922537514410079 223 217 199 0.52413847746560571 37 565 38 617 41 559 39 549
2308 0.97392971871588629 -5.0955712069825809 10.922537514410079 223 217 199 0.52413847746560571 37 566 38 618 41 560 39 550
2310 1.1825525794558418 -5.0347740990398018 11.148731757245981 221 213 192 0.27604987484072563 37 579 38 629 41 570 39 562
2311 1.1883690204000006 -5.0154291516472735 11.12420186963149 221 213 192 1.2833184319189921 37 580 38 630 39 563 41 571 35 462
2312 2.0890555612896407 -3.6329829999582541 12.096581550862293 195 64 0 0.39161345077788073 37 584 38 634 41 575 39 567
2313 1.1733431085783668 -3.5420985628669865 12.184750006451434 198 67 0 1.2122901158751758 37 585 44 581 38 635 39 568
2314 1.6036774729323204 -5.7295790567722831 9.9285057905321974 211 72 7 0.55628655667114679 37 590 38 637 41 580 39 570
2315 2.0014482253805039 -5.5099488088665716 10.952568033754753 205 187 125 0.94010234361364409 37 592 38 640 41 582 39 572 28 763
2316 -0.47418332928425533 -2.5738659463542555 12.880970434292372 213 98 35 1.6848856771646026 2 764 3 779 6 1025 38 641
2317 -0.47972652134712346 -3.3981769220679543 12.521463393714876 169 40 22 2.4158598381800358 6 618 37 235 38 128 6 619 10 520 7 480 1 397
2318 0.62770115081856859 -2.428952597778653 12.750138505800976 179 126 35 0.27513366198677452 4 618 6 635 9 581 7 499 16 592 12 504 13 487 19 414 23 275 18 313 25 405 17 314 38 268 4 619 6 636 16 593 8 570 11 303 7 500 13 488 17 315
2319 2.6577394240160737 -4.6702274941772819 11.514498016546129 181 90 42 0.81918548587215789 4 853 16 819 8 789 5 848 11 723 10 751 13 697 19 781 1 630 3 635 24 505 37 466 38 525 4 431 15 307 9 369 12 349 14 349 13 346 23 231 20 266 22 241 17 272 26 267 37 218 41 465 35 365 46 585 45 613 47 616 48 612 30 685 40 605
2320 -0.94338633924887683 -4.6974232695357454 11.881369764485109 255 217 148 0.18078665484209322 37 205 38 231 41 193 39 190
2321 -1.2367537857602739 -6.0273236394712617 11.113528021389591 234 170 170 2.2108986857622739 15 20 19 16 23 26 20 19 21 16 29 22 25 19 17 22 24 26 26 205 14 751 15 665 13 724 19 802 23 618 20 624 18 624 22 10 14 272 23 24 20 17 18 196 29 170 29 641 17 21 17 631 24 25
2322 -0.66773183603231967 -5.1354742454254421 11.443991911910722 194 61 11 0.88683754178789453 4 386 15 290 6 403 16 358 9 343 8 358 5 348 10 331 7 284 12 323 14 331 13 325 19 352 1 240 2 53 1 66 3 61 3 249 20 249 18 251 21 216 22 225 29 222 25 238 17 83 17 265 24 205 26 84 38 62 11 237 19 351 44 449 28 324 30 34
2323 0.49041184749721717 -5.0990174392356673 11.2414902596016 186 88 36 2.8302425916335237 4 557 15 406 6 570 16 522 9 515 5 506 11 384 10 476 7 441 14 455 13 436 19 494 1 364 3 361 23 327 20 361 18 364 21 323 22 325 29 343 25 355 17 369 24 321 26 362 44 245 4 112 9 107 8 106 11 67 7 89 12 90 14 88 13 91 1 61 2 50 3 56 23 56 20 59 18 68 21 52 22 50 29 62 25 63 17 81 24 60 44 56 15 92 9 112 8 118 5 343 10 112 7 94 12 96 14 92 13 96 19 104 1 65 2 52 3 60 23 60 20 64 18 73 21 56 22 53 29 67 25 67 26 70 26 77 37 60 38 68 41 45 39 51 35 211 28 481 32 396 34 35 34 424 30 40
2324 0.69285994195442691 -5.5846561351688244 11.087977095120605 191 68 16 1.092003110382588 4 52 9 60 8 51 10 55 7 34 13 52 4 541 15 389 6 550 16 506 9 492 5 484 11 361 10 460 12 528 19 473 2 340 3 22 3 346 23 396 20 26 18 345 21 400 29 438 25 29 17 352 24 301 26 337 4 53 9 61 8 52 10 56 7 35 13 53 4 542 15 390 6 551 16 507 9 493 8 607 5 485 11 362 10 461 7 546 12 529 14 536 19 474 2 341 3 23 3 347 23 397 20 27 18 346 21 401 22 392 29 439 25 30 25 432 17 353 24 302 28 464 32 376
2327 0.76222185345820681 -5.4679206269083505 11.008420587068342 251 202 157 0.13744781655371002 37 29 38 30 41 17 39 18
2329 2.3882360619914706 -2.7806271419209292 12.779248129585012 180 107 57 0.56797066568779042 37 125 38 264 41 118 39 119
2330 1.6479342169821738 -2.5037563387441368 12.644539332761472 173 108 55 0.014810601321050989 22 134 41 125
2331 0.57055444656997178 -2.2973679517132717 12.758399057695824 172 127 55 0.49238869592484802 4 239 41 130 6 251 39 129
2334 -0.97187258670386167 -4.1260565373179556 12.247286701015241 251 126 88 0.39440630794033943 38 108 41 211 39 98
2335 1.7703543661679886 -5.8217647296485406 11.057797430488646 214 80 24 0.29183922863926753 38 194 41 242 39 247
2336 -0.887957143562908 -5.510022446222874 11.345809224407926 211 84 51 0.15815535872267134 38 390 41 249 39 252
2337 3.3347550314320404 -4.3287737547398164 12.178946579118657 193 80 35 0.85654393841729382 37 106 38 422 41 274 39 201 35 366
2338 -0.18737237420559283 -3.3770623746287756 12.398701709428678 91 0 4 0.52239888943372659 1 562 41 290 39 285
2339 -0.18737237420559283 -3.3770623746287756 12.398701709428678 91 0 4 0.52239888943372659 1 563 41 291 39 286
2340 2.1668141471964657 -2.2838148836747418 12.82064807076253 189 154 98 0.30141551117556781 14 509 37 327 15 350 17 316 24 260 41 308
2341 3.2299487919877192 -2.1082898876114617 14.313306910276856 175 122 101 0.15567259987421656 38 449 41 380 39 384
2342 1.0686107399529423 -1.4165159468641142 13.525820704539472 165 107 40 0.049038181221077726 37 392 38 452 41 385 39 388
2343 -0.7511404876539014 -3.9263849444412746 12.115624675404829 212 83 29 1.0048981080381625 37 367 44 174 26 491 41 413 39 414
2346 3.5646834955313911 -1.8780370799876731 15.019234294054707 29 30 32 0.22228647317751071 38 543 41 438 39 442
2347 2.4518788206053133 -0.71787558797647744 14.05107272343152 1 31 99 1.1352260928776661 26 539 37 449 38 508 41 445 35 345 39 446
2348 3.2249869002101148 -2.3984150264281618 13.883396982803667 157 153 146 0.10775788422633073 37 481 38 538 41 476 39 473
2349 1.4681309702228695 -5.4545351029418319 10.575123851136873 202 187 128 0.51205909927681414 37 500 38 592 41 490
2351 1.4327271307574871 -5.3158655885496646 10.983630784928037 204 186 130 0.47072076581173122 37 502 38 558 41 493 39 489
2352 -0.37309408255875587 -4.6107133315101425 12.350909838235314 187 170 124 0.97150411273885873 37 512 38 601 41 503 39 499
2353 -0.20077844344595974 -2.0730535951277314 13.074696667160495 190 111 36 0.14836098750761897 37 524 38 577 41 511 39 511
2354 1.3190053214763182 -5.9744885274854678 10.127623749648114 212 76 18 0.66363233244328246 37 494 38 549 41 523 39 485
2355 -1.2078926633774647 -6.3619847913942538 11.755115666945276 216 74 13 0.56545954839296331 37 536 38 615 41 525 39 523
2356 1.8171560550039654 -5.042227662515482 11.136114328976351 205 190 123 0.41055523838819907 37 547 38 600 41 535 39 533
2358 2.0134460234190588 -1.8912375312015128 12.736195006434921 149 66 47 0.14256429829249456 37 559 38 610 41 550 39 545
2359 3.2969822919197429 -1.4462700532452881 14.648369700033628 169 141 129 0.3219679986707043 38 622 41 552 39 556
2360 -0.81616228420636838 -0.58096839512415188 14.785680867619766 31 30 28 0.16735972242770528 38 623 41 564 39 557
2361 3.7946463875770919 -1.3685454101151535 14.976941334431535 35 37 36 1.0494412994587372 37 596 38 642 41 586 39 575
2362 2.3160938666127664 -6.4067207862059243 11.341501456829725 205 70 6 0.54388970143999182 37 598 38 645 41 588 39 577 35 477
2363 0.97482209057285707 -5.0264015204984913 9.8619312808573802 251 202 157 2.1717471674988733 37 30 41 18 39 19 29 191 21 191 25 208
2366 -0.93637499640311006 -4.1560076062808271 12.003393950824959 247 119 70 0.36369727646635536 21 107 41 90 39 97
2368 0.64508783983194973 -5.3011134104784796 11.056257926557864 245 219 206 0.19929721921072568 38 50 39 164
2370 1.6234132146065601 -1.124634308782859 13.709798591460743 165 150 132 0.086901787522373833 44 197 39 231
2371 0.47152987302695221 -4.7735666903168985 11.430188467319752 181 166 109 0.71102156658120097 15 422 19 512 24 337 39 265 30 448
2372 1.6906005181019599 -2.6278157933341282 12.675435396909617 176 115 28 0.57920497075272603 18 151 24 131 37 244 39 301
2373 1.4979337969397317 -2.5303857663792533 12.626495499586527 184 130 61 0.99393567273298422 4 613 5 571 6 629 14 392 19 653 13 385 39 303
2375 0.32854553912121787 -0.71755686124115736 13.999345011170453 184 165 158 0.27326165745221076 14 421 38 370 39 314 35 189
2376 -0.53422535957588846 -5.9598310365664888 11.88488640385599 249 236 226 0.29316070400271521 37 264 38 387 41 325 39 322 41 243
2377 3.4481802122186571 -4.8330661127277983 11.932438058092817 190 77 38 0.17130776968972516 38 414 39 348 35 226
2379 2.2923051943837165 -2.7111178648659906 12.348447353263458 173 98 17 1.4190347108849271 38 535 41 302 39 430
2380 -1.185647559791118 -7.1339057916893163 12.195319136183652 244 175 179 0.13266145583807293 37 450 38 459 41 447 39 447
2383 2.4056618875700257 -4.2863154367484215 11.792024679380869 196 61 0 0.15077420686600396 19 814 39 503
2387 -0.83445064509809841 -4.9875270167398718 11.514638592848783 158 125 121 2.615753426574738 13 123 37 460 41 459 4 846 16 129 9 128 8 134 10 128 3 625 39 455 12 125 14 118
2388 -0.59567972736071806 -4.6646524634675579 11.694194171779431 192 166 108 0.83752740887694455 37 85 41 71 39 79 4 437 15 317 6 440 16 389 9 377 8 400 5 529 11 269 10 374 7 332 12 360 14 362 13 356 19 374 1 281 2 273 3 284 23 245 20 280 18 279 21 251 22 252 29 257 25 276 17 279 24 227 28 343 34 64
2389 2.6000915020017428 -0.70838618985273971 14.192012064369454 136 146 166 0.33727344535826975 4 512 14 243 6 519 1 173 2 327 3 180 39 144 37 163 38 283 41 148
2390 -0.3253785915559248 -2.3688056686918326 13.137708000095554 156 92 60 1.974079974859104 15 194 8 247 5 224 10 410 17 176 24 372 38 267 39 127 10 216 12 211
2391 -0.89993179625990249 -5.3273761003661715 11.407101630720156 225 194 167 1.2419438303138268 15 74 9 98 13 85 19 486 18 358 44 154 39 254 37 268 38 296 41 251
2392 2.1339581972287989 -1.7886218476224121 13.216274789436468 135 84 43 0.68527892934106038 38 365 41 311 15 470 8 755 12 511 13 494 19 576 23 375 22 282 39 310
2393 -0.742770468648287 -5.3028609610345061 11.359641327958419 193 162 110 0.92946723363407524 37 347 38 392 39 328 41 330 4 666 15 494 6 390 16 636 9 643 8 618 5 644 11 511 7 561 12 536 14 546 13 521 19 615 15 495 12 537 14 547 13 522 19 616 2 442 23 406 23 407 20 440 20 441 18 433 18 434 21 409 21 410 22 401 22 402 29 449 29 450 25 438 25 439 17 457 17 458 24 407 24 408 44 241 26 457 26 458 28 574 28 575 30 546
2399 0.85640234354791323 -5.5343280299664546 11.090959546932696 246 175 126 0.75676643366201302 26 36 39 15 35 29 3 218 34 11
2401 1.6086467611703095 -2.9958104378243111 12.332063717252771 0 0 0 0.73630793725759469 5 201 11 289 9 210 6 219
2407 1.0809698316589584 -4.9220952956650557 8.5216484294304085 209 81 30 0.17832477249770073 44 19 35 251
2408 -0.88846776764563962 -4.8305915256583347 11.953062859067311 223 141 98 0.86427541604675229 20 457 35 270 22 419 24 423
2409 2.7863076203361024 -2.533515807764732 12.537602927328759 164 96 57 0.42677898232329053 26 746 35 291
2411 -0.74230266769227238 -5.8959620192021678 11.457534691542234 223 207 145 0.60334171443683404 25 652 29 646 35 385
2412 1.7905986985715405 -4.7069420425426554 11.345078313657647 191 171 115 0.96314739064062549 41 498 35 399 32 578 34 640 46 603 47 638 48 638 40 601 33 311
2413 1.0638282404229378 -4.0045086601233875 11.662735683622694 200 183 82 1.0097952667379166 11 790 35 405 8 850
2415 -0.42630971002382156 -6.4488174933692219 11.448933889114297 224 83 30 0.70623188673479564 17 703 24 658 35 475 19 893
2416 0.16166491680510389 -5.4934228440185811 11.162253081589315 190 57 7 0.82946318961237053 4 350 15 261 9 319 11 203 10 297 14 304 19 322 1 212 2 215 3 227 29 195 25 212 24 187 35 21 4 351 15 262 6 363 16 316 9 320 8 324 5 71 11 202 10 296 7 261 12 300 14 303 13 300 19 58 19 323 1 213 2 214 3 226 23 187 20 222 18 221 21 194 22 197 29 194 25 211 17 243 24 186 4 931 15 704 6 958 16 900 9 918 8 898 5 956 11 835 10 830 7 849 12 787 14 798 13 763 19 842 1 701 2 703 3 717 23 664 20 660 18 666 21 649 22 629 29 689 25 692 17 663 24 611 44 538 26 707 28 727 32 607 34 667 30 744
2417 1.3834869163591264 -2.5979982348833879 12.52394169156743 157 123 77 1.7786061789504934 6 742 16 686 9 697 5 215 19 562 18 401 22 366 25 398 26 412 37 320 35 234 5 695 39 300
2418 -1.1030722069152725 -5.8365867081580198 10.805661077505562 138 48 25 1.642663318321171 35 4 2 519 4 752 6 775 3 546 26 443
2419 -0.27170956325564577 -4.5678854798160708 11.619628207036593 192 163 104 2.161153057596239 4 443 15 144 16 395 9 385 8 410 5 390 11 274 10 381 7 342 12 365 14 151 13 360 19 146 1 290 2 284 3 292 23 101 20 120 18 119 21 99 22 98 29 261 25 120 17 134 24 101 41 80 39 86 4 577 15 319 9 534 8 530 10 495 7 463 12 470 14 475 13 457 1 378 2 366 3 380 22 254 29 367 25 278 24 229 28 88 28 345 32 70 32 269 34 70
2420 -1.5512197973137645 -6.5351198150299483 11.448689100772697 251 177 169 0.83738933770795609 16 854 9 870 8 825 11 803 12 734 13 757 19 800 23 616 20 621 18 621 21 605 22 588 29 639 25 647 24 577 44 530 26 703 41 556 37 564 38 624
2421 0.80389310522524737 -5.5605997078678548 11.112918543323859 202 79 31 0.60093066295692354 4 343 15 256 6 358 9 312 8 319 5 305 11 201 10 288 7 256 12 293 14 295 13 290 19 317 1 207 2 205 3 216 23 177 20 214 18 212 21 185 22 188 29 184 25 200 17 239 24 182 44 144 15 255 9 311 8 318 10 287 7 255 12 292 14 294 13 289 1 206 2 204 3 215 23 176 20 213 18 211 21 184 22 187 29 183 25 199 17 238 24 181 26 31 37 178 38 204 41 170 39 158 35 24 28 14 32 226 46 25 46 26 45 22 45 23 47 21 47 22
2423 0.40168801440627749 -5.2008321493069785 11.23447232191476 180 159 101 0.23040398800356116 4 843 15 631 6 862 16 807 9 828 8 778 5 893 11 775 10 742 7 729 12 697 14 715 13 686 19 771 1 620 2 592 3 623 23 580 20 588 18 590 21 571 22 558 29 602 25 614 17 548 24 498 44 445 26 619 35 310 4 842 15 630 6 861 16 806 9 827 8 777 5 892 11 774 10 741 7 728 12 696 14 714 13 685 19 770 1 619 2 591 3 622 23 579 20 587 18 589 21 570 22 557 29 601 25 613 17 547 24 497 44 444 26 618 35 311
2424 -0.13484202037519996 -4.9984185507523495 11.427047965942295 191 97 48 2.9315744209552195 4 131 15 104 6 127 16 132 9 127 8 132 10 121 12 108 4 124 15 98 6 122 16 128 8 129 5 130 11 80 10 335 7 292 13 109 19 113 1 73 1 246 2 62 2 244 3 70 3 253 23 71 23 74 20 76 20 80 18 80 21 63 22 59 29 76 29 81 25 80 17 90 24 69 26 93 39 56 4 396 15 105 6 410 16 133 9 131 8 367 5 135 11 86 10 129 7 111 12 117 14 114 19 115 1 80 23 78 20 83 4 132 6 129 16 130 9 129 8 135 5 133 11 82 10 124 7 108 3 73 18 88 21 72 22 64 29 86 25 87 17 97 41 50 39 59 28 64
2425 -0.39682621549306901 -5.1773874964659239 11.334324001053497 193 86 45 1.0912142106992799 4 374 15 84 9 101 8 348 7 83 14 83 13 88 2 236 4 375 15 85 6 393 16 105 9 102 8 349 5 109 11 61 13 89 19 93 3 247 23 55 20 56 20 57 18 64 18 65 21 212 29 218 17 78 24 57 44 50 26 251 37 190 38 61 41 178 37 191 39 49
2426 -0.42385165062153013 -4.254113391172174 11.938489792819871 178 57 5 1.2495209337454898 4 957 15 714 6 987 16 939 9 923 9 951 8 905 5 965 11 842 10 858 7 857 12 792 14 804 13 770 19 853 1 723 2 730 3 741 23 674 18 675 21 658 22 640 29 660 25 699 17 643 17 674 24 622 44 551 26 742 41 538 37 549 38 619 39 553
2427 1.3218574902365297 -4.1924233294911932 11.570105176069703 115 36 2 1.9339346349440698 15 642 16 826 9 845 8 727 6 794 5 772 11 642 10 165 4 174 6 171 12 711 14 726 13 700 3 568 35 279 44 338 19 377
2428 -0.29799460337761097 -5.3877505789622608 11.306662718895026 188 62 11 1.4221872693487598 4 90 37 43 41 27 28 43 6 89
2430 2.065323371351464 -3.1030051648043591 14.510067831097469 180 79 28 2.0816985943904442 13 195 28 199
2431 -0.042194481573348257 -2.7050214956171672 13.127181967019773 197 140 124 0.50820774451912709 4 231 28 215
2432 -0.037546035282732912 -2.8376163939148644 15.409614642896713 200 162 147 0.64717023263308837 8 246 28 242
2433 -0.11051428399187559 -2.826863602806188 16.722571172779102 196 151 135 3.0477467312338025 7 192 28 256
2434 -1.0257601940911216 -4.659294136706281 11.63942298045151 182 167 108 1.6406393091224112 29 108 28 347 25 113
2436 2.2557010715363188 -3.9610776210058432 11.890946408202421 179 61 0 2.6444215830277349 38 118 28 356 32 76 30 486
2437 -0.53359566692269778 -4.9670749332080648 11.452820292204777 179 158 101 1.868717016806654 17 384 35 142 28 488 34 48
2439 -1.0367334302070355 -5.7186122323086206 11.070003157176991 185 164 108 0.8603477626989926 26 731 28 725
2441 0.46650766209336197 -5.6061309203289422 11.127382094977701 216 136 92 1.2383797721006384 12 48 19 53 14 48 23 31 20 28 21 23 5 47 29 31 25 31 17 37 24 31 44 143 26 217 26 218 28 12 37 21 38 21 35 17 37 22 38 22 41 166 38 197 35 18 32 12 34 13 34 15
2442 2.6993120574579166 -5.739667354005106 10.713436850384584 188 58 7 0.88628060878543946 26 16 28 2 32 2
2443 -1.2590585049251992 -6.5364986972930073 11.445383020788398 136 37 0 0.92291980601318846 11 482 32 5
2444 2.4999977702829979 -4.3974320823419166 11.758196787256347 201 188 125 1.3746254848328054 28 348 32 59
2445 2.3434318886856436 -4.2389076063813773 11.648879151139901 186 157 64 0.82754204550763533 28 349 32 61 46 285 45 277 47 265 48 268 30 76 40 271
2446 2.228549614136428 -3.9716754975237714 11.834695303699966 182 127 37 0.29887524679270994 28 95 32 77 30 304 47 91
2447 0.33196564641955023 -4.1363098724429896 11.853806992078749 201 137 102 0.41946571730268023 28 355 32 79 34 76 30 73
2449 1.0566527094564286 -3.8608239173491499 11.91091937442161 170 113 30 0.69394482700861981 28 100 32 81 34 80 30 89 46 85 45 282 47 86 48 271 40 276 33 49
2450 1.5512036487887111 -3.7363772367458803 11.9749881178699 203 153 82 0.27574109889614684 28 102 32 83 30 305 45 99
2452 2.0536303212648495 -3.0256340465055658 12.657051450004657 170 66 12 0.3113405899531505 28 115 32 91 34 91
2453 1.734584439207379 -2.9696950942857732 12.613549375996376 179 71 14 0.31008773317008181 28 119 32 95 46 111 45 123 47 291 40 107
2454 1.6963808453163647 -2.9023999669875322 12.638547349639701 199 130 92 0.18803327896842759 28 121 32 97 34 99 30 324 46 311 47 294 48 300 40 301
2455 1.1807251012849982 -2.8746056764314702 12.613701632044105 211 144 120 0.2746515638756748 28 130 32 98 34 105 30 319 46 106 48 107
2456 1.4804107032598128 -2.7840571417008642 12.707393732071161 187 131 103 0.28348071242883183 28 145 32 103 34 111 30 332 48 314 40 312
2457 0.56709419977952769 -2.9794104115379962 12.74672012270663 183 72 11 0.064875888086257452 28 370 32 106
2459 1.6069871400531233 -2.6963063150672815 12.808513936345737 184 119 100 0.10389492579950584 28 164 32 109 34 117
2460 1.6069871400531233 -2.6963063150672815 12.808513936345737 184 119 100 0.10389492579950584 28 165 32 110 34 118
2461 0.74264556388413117 -2.7596498578126041 12.695472491501576 178 123 102 0.39912826091376274 28 163 32 112 34 127 30 328 46 107 45 119 47 107
2462 1.8345446313379747 -2.6168053691106818 12.931095324800363 189 122 93 0.22732735982295862 28 186 32 115 34 124 30 357 45 341 46 350 47 340 48 343 40 335
2463 1.4400215749652989 -2.649322898151556 12.824886253139544 175 80 31 0.12667148384857854 28 184 32 117 48 152
2464 1.1709613689665492 -2.67664915155853 12.781256531854927 201 119 89 0.22984736249001245 28 177 32 119 34 131 30 341 46 138 45 146 47 131 48 129 40 124
2465 -0.85520943545099093 -3.0227600680314586 12.637012408276028 189 93 45 1.6779503637310265 28 153 32 120 34 333
2466 0.0459499108979744 -2.8653012910883859 12.701801149113022 192 98 69 0.16400405707324983 28 156 32 123 34 143
2467 1.6201550728534371 -2.5850882032169151 12.899198006478292 190 124 99 0.28302786289791643 28 390 32 125 30 355 46 343 47 334 48 337 40 330
2468 1.8693881765111044 -2.5529167167789484 12.961783886068231 172 79 30 0.53987275530387036 28 393 32 128 34 141 30 192 46 178 47 165 48 173 40 172
2469 -0.66443216030112084 -3.0305965062920315 12.818437349813687 196 149 134 0.18676149546335896 28 154 32 129 34 146
2470 0.80870522650447585 -2.6545787146251771 12.774273193040564 176 117 106 0.14058728313690425 28 386 32 135 34 149
2471 0.81115537402633298 -2.6611917472216904 12.78387365465764 176 117 106 0.23436520964443031 28 387 32 136 34 150 30 338 46 125 45 310 47 127 48 306 40 304
2473 1.863273822982727 -2.5029200124527042 13.045131908547251 183 116 83 0.28867930105766515 28 208 32 139 34 152 46 362 30 380 45 356 40 350
2474 -0.6816550507226744 -2.7805791555165253 12.404399666096459 177 94 64 0.20044849186658553 28 172 32 141
2475 1.557069409025611 -2.5387759151710974 13.003991304755269 175 82 30 1.4773793999554927 28 206 32 145 46 352 30 190 45 346 47 343 48 348 40 161 40 166
2476 -0.4884217671263531 -2.9042674799797159 12.883416456216393 185 123 105 0.050789829239550478 28 181 32 150 34 165
2477 -0.41591992709184383 -2.842407221855844 12.692520439936644 189 134 106 2.1989915486880074 28 185 32 151 34 153 32 137
2478 0.45566149790563976 -2.6877412079698182 12.810034069104628 190 112 81 2.1600940881360797 28 394 32 153 34 338 28 385 46 306 45 440 30 504 47 118 47 289 47 446 30 153 48 110 48 111 40 106 40 296 40 450
2479 0.33293774658518593 -2.6001118495654487 12.831224259094901 182 87 42 2.1952307648755194 28 201 32 154 34 169 46 115 30 154 47 120 48 304 45 308 46 315 47 297 40 108
2480 0.32310746332817752 -2.6158423857213671 12.798723763434248 182 87 42 0.084752985387363602 28 202 32 155 34 170
2481 0.69506406936878518 -2.4938464940231988 12.940665662028497 179 80 29 0.31603845793853375 28 221 32 164 34 181
2482 -0.34034382631593568 -2.7160638415909593 13.085695904284057 191 136 122 0.23120699750581672 28 400 32 171 34 353
2483 -0.33012734215206807 -2.6385408857691557 13.103815919715059 185 100 63 0.14832826851740119 28 229 32 175 34 359
2484 0.2059465259337295 -2.4505581201870283 12.878703910534872 192 124 100 1.3507182989307285 28 415 32 177 40 307 45 143 46 322 47 308 48 317
2485 -0.52064276006953614 -2.6666094099269362 13.158048897196833 184 103 71 0.1618809799383551 28 233 32 179
2486 0.57542132183886396 -1.8022061282249251 13.633043842382676 180 113 82 0.77331638853588736 28 430 32 183 30 396 46 199 47 360 48 368 40 201
2487 -0.21536055314911792 -1.9211016170906186 13.671403354180446 185 116 80 0.19408386555732463 28 254 32 186 34 222
2488 -0.11680093171220927 -1.7559878423302981 13.643134727555779 177 123 101 0.21330718157115733 28 261 32 191 34 383
2489 -0.11680093171221075 -1.7559878423302964 13.643134727555774 177 123 101 0.21330718157115539 28 262 32 192 34 384
2490 0.64206898525893386 -1.6061359346808886 13.763273193453394 173 126 103 0.39519265672961251 28 267 32 193 34 226
2491 1.6091000991106901 -1.4793940680451314 14.231387565172597 155 128 118 1.7151838185240065 28 273 32 195 46 212 45 205 30 225 47 194 48 199 40 215 40 216
2492 0.01236802051252904 -1.7344395181037502 13.865120785639307 189 155 143 0.78895120706336086 28 437 32 199 34 227 46 197 45 193 47 184 48 190 40 200 33 117
2493 0.0066189804868646328 -1.7168977674804713 13.844671341534692 189 155 143 0.071746840664582784 28 438 32 200 34 228
2494 0.013066970108728277 -1.5973484810464991 13.961994934569987 201 168 156 0.22497688851699565 28 274 32 202 34 233 33 125
2495 -0.1413145118409227 -1.5867377783641383 14.003157486194125 180 132 116 0.65587066583626807 28 276 32 205 30 216
2496 -0.52110173642690705 -1.5615940790452147 13.920594933837345 197 149 126 1.6662541455204296 28 448 32 207
2497 0.0091170003665180677 -1.4771001503612953 14.043059614771455 193 159 150 0.061498888753434608 28 278 32 209
2498 0.018926994451658734 -1.3678959886360338 14.175216605230098 194 167 158 0.21887097092569663 28 282 32 212 34 243
2499 0.69100517642766823 -5.456312036893082 11.191287997144176 187 64 16 0.8115568381457231 23 316 32 236 34 264
2500 1.5541576216450199 -4.1064764854943645 11.737437262297203 212 150 80 0.13480438744003917 28 503 32 272 34 304 46 284 45 276 47 264 48 267 40 268
2501 0.48277032342849774 -4.2221345300029265 11.799517239231271 112 9 2 0.23945324970172224 28 354 32 273 34 306 46 80 45 85 48 80 40 73
2502 2.0129220465591295 -3.8966196963651645 11.863901092077075 179 162 152 0.18861899684263231 28 509 32 275 34 307 46 293 30 484 45 285 47 271 48 277 40 444
2503 0.59829736967331915 -3.9063992756415935 11.919371255489668 140 40 14 1.6209703389388024 28 358 32 279 34 313 30 86 45 279 40 270
2504 1.4906092442364058 -3.5639341424102149 12.118399203662738 118 38 4 0.3869460166892667 28 361 32 280 34 316 30 309 46 299 45 297 47 277 48 287 40 291 33 53
2505 1.6355332671121467 -2.9502152032271201 12.606931514412707 187 75 15 0.28878081233284314 28 366 32 288 34 320 30 317 40 299
2506 1.6456406849030805 -2.8359621064646112 12.70243611103222 182 75 21 0.19306595280251393 28 371 32 289 30 143 46 318 45 314 47 304 48 308 40 308
2507 0.48288058538124728 -2.8536325693738354 12.604782338896358 197 125 100 0.42273916901656233 28 374 32 297 34 326 30 313 45 108
2508 2.2245840640194143 -2.6486846945470428 13.034728644529819 172 76 27 0.20038022087920601 28 528 32 298 34 327
2509 1.8169689644882598 -2.5381198423423545 12.942982657856637 182 77 17 0.96419128495296191 28 395 32 302 46 356 45 349 47 347 48 352 40 343 32 127 34 140
2510 -0.10375427266687641 -2.8659575900255949 12.853307246867248 184 133 119 0.54011968325662851 28 174 32 306 30 114
2511 -0.25529232472034913 -2.8111135591185938 12.910327939091291 176 97 68 0.24713966011189512 28 391 32 312 34 346
2512 -0.48958282430260441 -2.8373280021132525 12.943641295149877 189 103 68 0.12296993351817521 28 193 32 313 34 347
2513 0.091366424909332333 -2.6459774037073878 12.925542631607412 192 87 29 0.12998517281147914 28 398 32 314 34 348
2515 0.13668961601758545 -2.5635262415447864 13.050730171931841 190 88 20 0.8725883054868897 28 410 32 317 34 355 30 169 48 122
2516 0.013274383382068759 -2.5760048287643693 13.050555970230979 192 90 22 0.15631273953790645 28 407 32 318 34 356
2517 0.079438876088423621 -2.5200402302305109 13.089483086551422 196 137 106 0.44101171747185697 28 412 32 320 34 200 46 321 45 142 47 307 48 316 40 306
2518 0.067652091404506121 -2.4971440137984153 13.05016516483971 196 137 106 0.015621897097747712 28 413 32 321
2520 -0.61423044729288956 -2.6705291986491821 13.136219791526665 188 99 63 0.27186323466409446 28 231 32 325
2521 0.040177731963943336 -2.1274821332147549 13.39865674440216 193 157 146 0.11662062109743969 28 421 32 330 34 366
2522 1.1395476985327102 -1.8013316254406984 13.5695422523599 173 118 98 0.28192079992526536 28 545 32 334 34 373 46 449 45 457 47 462 48 460 40 465
2523 -0.512677827540583 -1.9722319276520188 13.231018808623325 193 158 137 0.20232111579678716 28 542 32 339 34 219
2524 1.9026957952003651 -1.505242506851391 13.96857857049258 179 161 160 0.28447416158107158 28 436 32 343 34 376 32 342 45 463 46 455 47 380 48 464 40 471
2525 1.6000456901721096 -1.5041501058234745 13.97223724232756 156 137 131 0.46961135813843813 28 439 32 347 34 379 30 403 40 368
2526 1.4597272407496802 -1.4985997968695441 13.958029766606664 173 154 150 0.2758227937262972 28 442 32 350 34 380 30 402 46 379 45 379 47 376 48 387 40 366
2527 1.4112328202516726 -1.4243078934224358 14.056230535785584 163 128 112 0.23385141032936479 28 550 32 356 46 381 45 380 47 378 48 388 40 369
2528 -0.1436483759898991 -1.6984428295424556 13.932818864675667 187 135 113 0.2925598792066782 28 268 32 359 34 230
2529 -0.32117656348331464 -1.6138567018426466 13.636238194040107 189 134 109 1.5825754606137536 28 445 32 360 34 389
2530 -0.066625762528838256 -1.558126804032018 13.957492039342325 178 132 113 0.27163118659075075 28 447 32 364 34 393
2531 0.63003758360621842 -1.3005621271130698 14.093518023168686 139 110 96 0.62972660961931115 28 452 32 365 34 395 30 406 46 378 45 376 47 375 48 384 40 364
2532 -0.12970095352495595 -1.3734893377040291 13.899677486661695 182 139 122 1.816746775130373 28 281 32 367
2533 1.2171781222495957 -0.69469554275364465 14.641364201280023 142 131 129 0.041130671426715393 28 461 32 369 34 400
2534 0.15204977939206307 -0.81641462703413981 14.41030573191345 180 161 155 0.78753097204616695 28 460 32 370 34 402 33 266
2535 1.1676940306038697 -5.597062645575682 11.08671625317381 177 61 12 0.60109369114592759 28 563 32 373 34 405 40 484
2537 3.105440917247027 -5.0551846905250253 11.427066933915089 183 159 97 0.25562219894239013 28 576 32 389 34 418
2538 3.1228348505228318 -4.8486602708677147 11.190055662192449 239 167 155 0.44133520211789939 28 579 32 391 34 422
2539 0.28529313890489205 -5.2643818709904941 11.314302439708271 187 168 115 0.20871457998542273 12 449 13 431 14 452 32 394
2540 0.226812836384749 -4.5695878153743532 11.531201561451518 191 171 110 0.66040940461698339 28 496 32 411 34 440
2541 1.3051518255296113 -4.1227639635818853 11.695364951988129 203 150 88 0.88743797217281051 28 501 32 414 34 441 46 495 30 477 45 511 47 514 48 510 40 507
2542 1.3051518255296113 -4.1227639635818853 11.695364951988129 203 150 88 0.88743797217281051 28 502 32 415 34 442 46 496 45 512 47 515 48 511 30 478 40 508
2543 1.0529240216615816 -4.1659784573884666 11.707697931642219 200 136 53 0.70537227546787173 28 500 32 416 34 443 45 424 47 513 40 432
2544 1.7340751423422567 -3.944183865777938 11.873635054098866 188 153 94 0.37228240033738974 28 508 32 418 34 444 46 426 45 426 47 430 48 433 40 439 33 179
2545 1.7453114757313084 -3.7634010451691609 11.961134078216997 187 125 52 0.6324128258306696 28 605 32 421 34 446 30 489 46 500 45 519 47 524 48 515 40 514
2546 0.53732758675425418 -3.8801944679289591 11.993201154971731 204 148 82 0.31970558594263881 28 511 32 422 34 448 46 286 45 280 47 267 48 269 40 272
2547 2.3790731432500603 -3.5267109082330976 12.304072214927272 145 56 3 0.6335190893933339 28 607 32 423 34 449 30 585 46 556 45 582 47 583 48 585 40 519
2548 0.71192485831117214 -3.7064355914089506 12.062146495321899 178 87 23 0.33729254933567449 28 360 32 424 34 315 34 450 46 291 47 433 48 274 40 279
2549 1.1798316318528661 -3.6035668333976765 12.057983581662052 136 36 11 0.8409178938868942 28 514 32 425 34 554 32 505 46 552 45 578 47 578 48 517 30 692 40 445
2550 2.2386467366786733 -3.5082242302414768 12.306514560471422 168 115 31 0.86494537260873749 28 608 32 427 34 451 45 436 47 442
2552 -0.61505743010667369 -3.165046190690969 12.625259642507496 200 171 167 0.12382854182325546 28 523 32 438 34 462
2553 1.0276451595847291 -2.822638836157108 12.650360041059795 183 76 21 0.15220269667519068 28 527 32 439 34 324
2554 1.9827738503748613 -2.5272885167258337 12.869598218043578 179 75 17 0.66376229690299504 28 529 32 444 34 468 40 346 46 358 47 349 48 354
2555 0.74210350854357521 -2.5908522763613728 12.835529496891013 190 84 28 0.3934837959076799 28 532 32 446 30 507 46 323 45 318 47 309 48 318 40 311
2556 1.3681514712217968 -1.8820535826477161 13.531953633419615 173 157 150 0.2531135213347413 28 539 32 452 34 479 30 597 46 448 45 456 47 461 48 459 40 464
2557 1.3071470438914106 -1.8059201749358125 13.645614869713832 171 115 93 0.58556829030507762 28 543 32 453 34 481 46 450 47 367 45 368 48 374 48 461 40 359
2558 1.2840352880043127 -1.7006452185921579 13.606236324478592 163 141 136 1.9328539662584032 28 546 32 455 30 518 47 463
2559 1.145225782363321 -1.4870084986712819 13.955498827431079 162 144 134 0.25264799538301308 28 549 32 457 34 488 30 519 46 454 45 462 47 465 48 463 40 468
2560 0.73042560789936561 -1.4032334337205628 14.034775963778232 148 99 78 0.31406611200413653 28 552 32 459 34 493 46 376 45 374 47 374 48 382 40 362
2561 1.3123109085259381 -0.89349095667157241 14.477749222913925 194 174 169 0.5999750665444854 28 553 32 462 34 499 30 529
2563 1.8951783180415325 -3.8091816021640077 11.936097045984374 165 72 28 0.11731766211595318 28 648 32 498 34 546 46 549 45 575 47 575 48 579
2564 1.8946723839836372 -3.8096009902249781 11.936905220383029 165 72 28 0.16806254151637928 28 649 32 499 34 547 46 550 30 637 45 576 47 576 48 580 40 570
2565 0.073407840894571988 -4.0271632917464535 11.978670724562775 194 155 77 0.53612802451022024 28 603 32 503 34 550 40 434
2566 2.3079597084450691 -3.6146552647085888 12.189218837702265 158 137 39 0.58889809385515113 28 652 32 504 34 619 30 726 46 616 45 644 48 653 40 638
2567 1.6563086657651085 -3.5328938659100939 12.107333775400278 161 149 138 0.38509369001932708 28 653 32 507 34 553 30 644 46 554 47 580 48 582 40 572
2568 0.0089238772575417017 -3.0899627182763627 12.545324098428813 168 149 151 0.64384948781140439 28 520 32 509 34 559 30 497 46 93 30 498 45 101 47 98 48 95 40 89
2569 1.7296472530386404 -2.5775205135932273 12.918323154894471 183 78 11 0.43352478853955162 28 614 32 512 34 469 30 593 46 503 45 525 47 529 48 527 40 521
2570 1.7290097159617686 -2.5941782816633308 12.914453691677082 183 78 11 1.3812124588596311 28 615 32 513 34 467 32 442 30 594 46 504 47 530 48 528 40 522
2571 -0.033119581093579931 -2.0717560966564079 13.539859115492357 199 136 108 0.5133627501672674 28 621 32 519 34 483
2572 -0.32439389597754753 -2.1145775515202168 13.493588810714485 193 129 99 0.51126504384123883 28 537 32 520 34 575
2573 -0.33830621997861682 -2.0997606719598982 13.430476688624429 193 129 99 0.67548820376882346 28 538 32 521 34 576 33 258
2574 1.2480796744067917 -1.3499665711255004 14.129339939980159 159 151 148 0.3698054721221255 28 625 32 522 34 580 30 602 46 513 45 532 47 538 48 540 40 529
2575 1.4701691507394508 -0.88330105826216754 14.498782990769486 99 82 75 0.45915887797378441 28 627 32 523 34 588 30 664 46 596 45 624 47 627 48 622
2576 -0.049322881241255515 -5.7656873042682397 10.801728873897906 138 39 0 0.48032752428399594 28 632 32 527 34 594 46 567 45 595 47 595 48 594 40 588
2577 0.32792123845020699 -5.6712426503246558 11.025560321818965 183 160 109 0.87913856510991117 28 635 32 530 34 597 46 397 45 392 47 396 48 404
2578 1.2498464861680902 -4.3095371252874513 11.805387045927553 202 70 7 1.0488420874525262 28 642 32 546 34 609 46 494 45 509 47 512 48 508
2579 2.0696183477270562 -4.0019696057731347 11.825428617025089 200 66 5 0.87295486285820301 28 645 32 548 34 612 45 569 47 571 40 565
2580 1.606071546431207 -3.8109504448568052 11.930716530604021 165 73 26 0.13686257339190025 28 650 32 549 34 613 46 547 45 573 47 573 48 577 40 568
2581 1.606071546431207 -3.8109504448568052 11.930716530604021 165 73 26 0.13686257339190025 28 651 32 550 34 614 46 548 45 574 47 574 48 578 40 569
2582 0.23508547189177822 -3.959549297483385 11.833103749219092 161 35 16 0.13489901904501558 28 646 32 551 34 615
2583 1.5026002105090446 -3.7099492491165811 12.019779831719294 184 138 55 0.33822640610526183 28 685 32 553 34 617 30 641 46 551 45 577 47 577 48 581 40 571
2584 -0.041664837529253103 -3.004743864396108 12.723088686688728 184 91 55 0.52865250241526573 28 525 32 556 34 625 30 502 46 301 45 300 48 289 40 94
2585 -0.19581694576004355 -2.4872091951732238 13.238051473320633 196 88 32 0.26414089872178831 28 620 32 559 34 568
2586 1.0581739069023104 -0.92215241985226848 14.474556585328791 155 136 131 0.3119648472628711 28 629 32 570 34 631 30 605
2587 0.32270463258879434 -5.1483866504263913 11.149088640126829 191 166 110 0.11975883441706721 28 699 32 573 34 636
2589 2.214763022022828 -4.1364298941129602 11.716598892215137 168 142 39 0.27454174024327249 28 706 32 582 34 644 46 612 45 640 47 643 48 648 40 633
2590 1.4114432695922654 -4.1950491332255533 11.630148897179557 204 69 8 0.16718316616496218 28 680 32 583 34 645
2591 -0.66584239028128034 -4.3897527382749262 11.694791985764946 192 177 116 0.23107602716464604 28 682 32 584 34 646
2592 -0.14183310340649088 -3.89293178862102 11.867179678872416 208 175 98 0.10303212980991872 28 684 32 590 34 650
2593 0.94212389026927801 -0.14926445714414793 15.044309137868268 59 60 62 0.39078149378397647 28 694 32 599 34 660
2595 1.2986280694924943 -5.6051468247082044 10.888689949818703 155 138 84 1.1579287479039648 28 695 32 603 34 681
2597 1.0959633798701265 -5.3381489213033548 11.025130220331924 173 69 21 0.471644610636127 29 710 32 605 21 676
2598 -1.0374964866603325 -5.0643444237161459 11.271002422219478 187 168 109 1.0415396959355112 9 978 32 610
2600 2.2687922504177056 -3.8158173399108555 11.972878061417182 179 54 0 0.652949167363156 28 708 32 615 34 672 46 634 45 661 30 756 47 660 48 670 40 656
2601 0.99664536753724298 -3.8017840013426185 11.926787930283266 190 144 61 0.092150858781594944 28 709 32 616 47 644
2602 0.42137729800145352 -3.7533256964802408 12.098278035991353 167 133 71 0.5300134887022967 28 710 32 617 34 651 28 686 40 609 47 569
2603 0.2224929937723687 -3.3758063168813215 12.205371718059018 175 151 139 0.23013538787379526 28 713 32 619 34 673 40 612
2604 0.84200726501876266 -5.1195477835842276 11.089820900543694 197 178 118 1.7306932523476075 28 47 32 631 34 684 46 473 45 484 47 486 48 481
2605 -0.075389279471079026 -4.2674279093413041 11.924875445035896 205 68 6 0.64329502746643474 28 737 32 637 34 692 46 607 45 638 48 643
2606 0.7686071112935895 -1.1080459554995876 14.287581151193613 174 144 134 0.97857036518839891 28 744 32 642 34 680 30 766 46 639 45 667 47 667 48 677 40 660
2607 0.86626974772897503 -3.897117999563616 11.940935090084782 190 93 32 0.65467562197932261 28 745 32 648 34 706 46 644 45 673 47 673 48 683
2608 -0.087086119916538876 -3.2925973954995618 12.268897416980469 192 69 10 1.1415256726583614 28 747 32 649 34 695 30 757 40 655
2609 -0.096618581207876711 -3.2935685727565551 12.272455106489272 192 69 10 0.40994437101238113 28 748 32 650 33 389
2610 0.41997978886051457 -3.0205722785874056 12.392303837745688 200 76 8 0.34349761882044128 28 749 32 651 34 707
2611 0.10814730266654705 -2.5534460064063191 13.850323481036352 194 94 34 0.35763822283013563 32 652 34 709 30 760
2612 1.7807855300549904 -0.70543358579958793 14.634041154868893 181 173 170 1.6724021852783149 28 754 32 655 34 711 46 217 45 687 47 684 48 697 40 682
2613 2.8561739647563389 -5.7149186950397235 11.006266714330746 190 172 110 1.0441865616827748 28 755 32 656 34 700 33 378
2614 3.3900751600172749 -5.3942316353237922 11.148130391266948 187 57 0 0.13874194639965856 28 756 32 658 34 713
2616 1.1166157730140931 -5.0346384618172424 11.251407539793824 196 177 118 1.7528506733656413 28 581 32 664 34 716 28 764
2617 0.37105706249057685 -4.4391828056344904 11.438431523206676 189 170 112 2.6099443788956913 11 872 32 665 7 886 34 717
2618 1.2463245797261457 -2.3979543673475177 13.844406112383874 187 92 40 0.82921195966758943 28 758 32 667 34 719 48 694 45 686 46 654 47 683
2619 0.12882009816816756 -4.6205480656412572 11.58082855911343 187 159 102 0.98269169515882315 15 314 8 404 10 373 7 335 14 146 20 277 18 115 18 276 21 248 22 92 29 255 25 273 24 224 37 210 32 265 15 313 9 375 8 403 10 372 7 334 20 276 18 275 21 247 22 91 14 145 18 114 29 254 25 272 24 223 37 209 34 299 47 65
2620 -0.16694539680963982 -1.8733276674133279 13.738197359994627 196 168 153 0.16706873654379795 28 257 32 190
2622 0.15832754968016055 -5.4161288452606033 11.212829932288084 188 59 9 1.3474313822106707 4 84 15 64 6 374 9 88 8 82 11 212 10 80 7 64 14 70 13 76 19 72 1 43 23 45 20 48 18 53 21 44 22 44 29 53 28 31 32 23 15 264 6 373 16 328 9 87 5 316 11 211 12 301 13 301 19 71 1 215 20 225 18 223 22 200 29 197 25 214 17 246 15 265 16 329 8 327 5 317 12 302 14 307 13 302 1 216 20 226 18 224 21 196 22 201 29 198 25 215 17 247 24 190 35 32
2623 0.59504988699287287 -4.87451516916851 11.370286968353479 183 100 46 3.0247433900304372 4 399 15 106 6 412 16 362 9 348 8 368 5 358 11 244 10 341 12 118 14 115 13 117 19 117 1 81 2 70 23 79 20 84 18 89 21 73 22 65 29 87 17 98 24 71 38 75 28 328 32 51 4 409 15 112 6 421 16 371 9 362 8 379 5 368 11 251 10 348 7 313 12 129 14 127 13 127 19 125 1 262 2 81 3 92 23 87 20 96 18 98 21 80 22 72 29 96 25 92 17 110 24 80 37 72 38 83 41 62 39 71 34 46
2624 2.6242543045941651 -5.3601762330593568 11.058853316651437 175 157 99 0.28024575837295695 4 665 15 487 6 683 16 632 9 635 8 617 5 638 11 509 10 571 7 558 12 531 14 538 13 513 19 609 1 458 2 440 3 450 23 398 20 432 18 427 21 402 22 393 29 440 25 433 17 450 24 402 44 307 26 448 37 349 38 396 41 332 39 331 28 566 8 616 7 557 37 348 38 395 41 331 39 330
2626 -0.13813309747049915 -4.6698474544309967 11.700327592341763 195 159 103 1.7391957315428768 4 158 9 159 12 151 14 143 8 164 13 144 1 102 3 96 20 111 15 134 20 110 32 63 34 62
2628 0.63921699336735471 -5.0435151789674064 11.292770658973389 202 81 29 2.3207521284176984 15 287 12 324 14 332 13 326 19 346 20 247 18 248 21 215 25 237 17 263 24 203 35 144 4 385 15 288 6 401 16 355 9 345 8 516 5 346 11 239 7 447 12 322 14 330 19 347 2 353 3 364 20 248 18 249 22 223 26 253 39 55 4 933 15 707 6 961 16 935 9 920 8 903 5 962 11 839 10 854 7 854 12 789 14 800 13 766 19 848 1 719 2 706 3 720 23 669 20 665 18 669 21 655 22 635 29 692 25 695 17 670 24 616 44 548 26 711 38 217 35 394 28 730 32 36 32 632 34 685 30 261 46 252 45 244 47 233 48 235 33 363
2630 -0.88922545469687087 -4.7403572939124805 11.192731290344129 172 60 7 0.20534831878528839 28 75 32 56 34 54
2631 0.5455190107581579 -4.310377418319975 11.75660692904134 187 70 17 0.71739427191792615 28 92 34 74 46 74 30 290 48 75 40 70
2633 1.3365270267780289 -3.7839877652484613 11.960273820801655 200 157 101 1.9018710823690534 28 101 32 82 34 81 46 294 45 287 40 280 33 183
2634 1.1377004662031251 -3.6660310293360565 12.000788396224745 181 113 36 1.1121776821608087 28 105 34 84 46 89 48 90 33 52
2635 2.0954111555034967 -2.9095676093655101 12.789883882855866 168 70 24 0.27448767541532676 28 367 34 98 46 438 45 444 47 448 48 443 40 455
2637 1.8103980825472501 -2.8129572150751736 12.745179587683747 188 136 112 0.19965230771093953 28 133 34 102 46 142 45 154 47 139 48 133 40 135
2638 1.6908172594100441 -2.7456718540089384 12.657406174478496 195 124 99 1.4736776753121428 28 136 34 106 30 334 46 328 45 322 47 317 48 325 40 317
2639 1.0195175914218957 -2.8690450874501727 12.610142680875141 177 74 19 0.44079810501372635 28 132 34 108 30 119 45 117
2640 1.0213323467543947 -2.8709768576916064 12.616961279398593 177 74 19 0.35853416262279464 28 131 34 109 30 118 46 104 45 116 47 105 48 105
2642 -0.12730378888862687 -2.9196558891053654 12.687166760009443 185 134 119 0.28890358382266712 28 149 34 137
2643 -0.21640591477325286 -2.9390931509999705 12.712656623565643 199 152 135 0.20803473483891102 28 148 32 122 34 139
2644 -0.30952642970396499 -2.9622995326437058 12.74167433357184 202 151 129 0.084564207532465838 28 147 32 121 34 142
2645 -0.57022337190101602 -3.00299814233097 12.794788115375907 197 141 118 0.035022726007763363 28 155 32 130 34 147
2646 -0.45130497416819187 -2.928120071775278 12.826470058864752 178 95 63 0.059711245711780089 28 170 34 155
2647 0.6163521287511986 -2.6540018684504818 12.788557695819806 198 131 100 0.36355516274689348 28 195 34 158 30 336 46 121 40 113
2649 1.4672800726012944 -2.4634099597089896 12.997529896054518 188 123 99 0.23734368075186399 28 212 34 166 30 372 46 354 47 163 40 341
2650 1.4672424831512823 -2.4625592313731026 12.997421296709703 188 123 99 0.22871483365071726 28 213 34 167 30 373 46 355 40 342
2651 1.5955292349837626 -2.4983864260831732 13.325042825304978 168 82 37 1.6565944575376921 34 176 45 361 30 384
2652 0.44468918924371276 -2.4516108163439023 13.002995510522817 196 127 102 0.57087738755010531 28 235 32 174 34 197 46 148 30 359 47 152
2653 0.25208812280224568 -2.4678990336254429 13.037930249724027 197 123 89 0.26754343461564112 28 414 32 176 34 198
2654 -0.046820149367249292 -1.8588946903255306 13.57975650082407 185 122 96 0.11175466740861695 28 255 34 221
2656 -0.15478216934595515 -1.3483335217373189 14.206216376709978 181 145 129 0.32698896311918951 28 284 32 214 34 246
2658 0.56594249053656787 -5.4341806700930144 11.150063896389344 176 63 22 0.42800059608284524 32 238 35 35 34 266 33 19
2659 0.20420968369512221 -4.0427059975492527 11.946968383521718 145 32 4 0.56943344413023822 28 357 34 312 48 81 40 79
2660 1.3609454965594356 -2.9065225671615496 12.663165476328807 185 70 5 1.3050609264824038 28 129 34 322 30 320 47 112 48 294
2661 0.58207940051041829 -2.8575112672639329 12.614093862538086 179 100 71 0.33072261008256321 28 375 34 325 30 314 46 303 47 282
2663 1.2852866263482512 -2.516677788624003 12.932962590819702 182 83 30 0.90090973417284759 28 209 32 152 34 342 30 361 46 341 45 335 47 330 48 160 33 62
2664 0.7192644076449175 -1.9424872781351337 13.397775517509835 185 108 67 0.4872328960960377 28 422 34 367
2665 -0.15307933673459628 -2.2146411938320818 13.526956493581432 181 149 139 0.92902001540024226 28 419 32 331 34 368 45 181 30 204 47 160 48 171 33 255
2666 1.0854390641701728 -1.879064694573785 13.497578978075682 175 154 145 0.19518087940035428 28 425 34 369 30 517 45 454 47 460 48 458 40 463
2667 0.019482440853464556 -1.9702165088564354 13.556469021503581 195 158 141 0.073257074657313306 28 426 34 374
2668 1.9098674406337142 -1.0516867369163259 14.469972010173374 113 90 82 1.1967918706165426 28 454 32 366 34 396 30 526
2669 2.3203708196654498 -5.1638154023880629 11.082827677542417 196 176 115 0.36337606492554159 28 473 32 380 34 411 40 402
2670 -0.87111237043655221 -5.4901079816011453 10.871362737929289 191 76 33 1.1718241986457609 28 465 32 381 34 412 17 237 19 316
2671 -0.57138665186779936 -5.4352319410259406 10.812148405968479 176 158 105 2.019327016624294 2 700 3 714 32 383 6 956 34 414 33 147
2672 0.38168674401310221 -5.4019763631754874 11.352298159241942 0 0 0 0.52945704072477295 28 311 38 595
2673 1.6889999259008683 -3.8556786687208522 11.89619892663157 159 72 18 0.43548679454356287 28 510 32 276 34 445 46 429 30 485 45 427 47 434 48 434 40 281
2674 0.16732476428057907 -3.0685235249180938 12.500991082682889 180 155 148 0.97664315090625231 28 519 32 432 34 458 40 90 46 95 48 288 47 96
2675 -0.77209490743665909 -3.2322283244733461 12.68512128414001 193 171 161 0.053744452861761501 28 522 32 437 34 461
2676 1.0592086804348613 -2.6111762080618495 12.858936165968734 187 79 15 0.27699010837730631 28 531 34 471 46 439 48 444 40 453
2677 -0.18583617552878126 -4.7747033035339292 11.441855294688246 191 175 118 1.9628166312420838 25 452 28 492 32 488 34 536 35 268
2678 0.62062568973257981 -4.2737064234395499 11.72151595007653 200 71 13 0.68580515381632756 28 599 38 105 34 541
2679 0.25587199855582254 -4.3120810666032892 11.798089367433834 191 66 2 0.31992899351930915 28 600 34 542 46 423 45 421 47 422 48 429 40 428
2680 0.83620146148546004 -3.9054563980636909 11.919006586431378 181 89 29 0.20046482590126299 28 604 34 548 45 513 46 497 48 512
2681 1.1832962213320122 -3.6036842861367737 12.059053838301153 137 38 11 0.71473161194736001 28 515 32 506 34 555 32 426 46 553 45 579 47 579 48 518 40 446
2683 3.5095887329103461 -5.6874458269803299 10.470663920898849 169 45 0 0.12110052099984536 28 664 34 592
2684 0.94237561846856799 -4.2550851420632112 11.713982600089695 201 69 7 0.91384845527319325 28 598 32 547 34 610 46 542 45 566 47 567 48 507 48 572 46 493 45 508 40 561
2685 2.0692010026756056 -4.0004345872870353 11.827523773039768 197 69 10 0.89818680132019524 28 644 34 611 45 568 47 570 40 564
2686 2.0435466570632559 -3.1236747679858126 12.495925095385498 173 63 2 1.900111285766596 28 688 32 594 34 621 46 559 45 586 48 524 40 448 47 444
2687 -0.9717947506914566 -3.3548321834755677 12.449177503981096 0 0 0 1.5753815987703759 5 190 32 555 34 624
2689 0.43554914965428143 -0.7373782685168061 14.387985745016062 179 161 157 0.28833279926727995 28 663 34 632
2690 0.76230449631707731 -3.3384657492032175 12.318619067613744 170 163 161 0.90663265611020627 28 714 32 593 34 652 46 613 45 642 47 646 48 671 40 635 33 327
2691 2.263615553311042 -1.4008915925572909 14.244934380860208 201 194 194 0.57662210128937652 28 272 34 657 45 384 46 387 47 383 48 391 40 373
2692 -0.70902110505229599 -5.6441089730121998 10.842548545574461 181 166 117 0.66048124800793528 28 696 32 604 34 663
2693 1.3895318817520781 -5.4684635593405329 11.075175194363892 196 177 118 0.39250959950985753 28 697 34 665 33 343
2694 -1.0396432978491017 -4.785622863560115 11.33880593632864 183 163 107 0.95379934254081988 28 734 32 635 34 689
2695 1.8832322353973572 -4.1478142299429832 11.697436650985109 198 68 8 0.44260691851947986 28 736 32 636 34 691 46 643 47 672 48 682
2698 1.0905125644821922 -3.9706897228155236 11.844788092887994 196 80 26 0.62745818666479825 35 320 34 77 28 97 32 80 30 299 46 84 45 97 47 84 48 87 40 80
2699 0.095260945920387877 -2.9817860037161497 12.643397670810018 187 131 120 1.0509225273050526 28 611 32 295 34 560
2700 0.24067348382182313 -2.8437915709419821 12.518766787030691 133 102 57 1.5526607568262456 28 376 32 300 34 329 4 478 15 178 9 217 5 412 19 206 20 148 25 158
2701 -0.28632567246483903 -3.7074466587241091 12.133756872577194 75 0 0 0.60724657071964472 15 521 8 655 7 589 12 570 14 579 13 619 12 641 19 635 1 490 23 432 20 465 18 460 21 434 22 426 29 473 25 467 17 480 24 432 26 493 37 298 38 328 41 283
2725 -0.059995371278259345 -5.2490547362145872 11.31008240253851 158 145 88 0.74741599562597116 32 478 34 522 30 617
2738 -0.88150136296875115 -5.3327046163462422 10.990513440523596 158 77 32 1.0184773980603086 34 28 30 11
2739 0.43079106486847202 -4.2948847507663634 11.720937555514963 212 152 144 1.2182161376868978 32 75 30 66 46 71 46 72
2740 0.66560064076975767 -3.7810040006969121 12.002497000912529 224 191 155 0.055057979490683272 32 87 30 91 34 82
2742 0.17431302307224064 -2.95087503304577 12.635495822505201 200 83 18 0.48772251056500843 28 372 30 107 32 294 45 103
2743 2.1365117501146651 -2.9887249717104978 12.732394271312108 199 126 100 0.28037215578707347 28 118 30 133 46 320 45 316 47 306 48 310 40 315
2745 1.7622724963375997 -2.8533003753623678 12.684231743274063 178 86 50 0.24203329678108024 28 125 30 138 46 130 45 140 47 130 48 124
2746 1.7623063417544831 -2.8564056606274826 12.685349595542753 178 86 50 0.22970745635855364 28 126 30 139 48 125
2747 1.5142513156478425 -2.5283513774232569 12.962162671989512 185 83 31 0.75452581831764653 32 144 30 189 45 340 40 160
2748 2.1413724001051619 -2.6214164361809793 13.091970607770795 188 87 35 0.4363963451971728 28 187 30 196 45 352 48 358 46 181 45 184 47 168 40 179
2751 1.1412851632027277 -4.1557299987620508 11.757300809652051 217 152 145 0.49498377536306487 28 353 30 292 46 281 45 275 48 83 40 266
2752 0.89987776037675382 -2.9275937473058127 12.585999766920786 193 75 9 0.35044574387425176 34 104 30 312 46 101 45 109 48 290
2755 0.93301384095984707 -2.7658874161132387 12.709195857552373 190 128 104 0.18327087972243053 28 379 30 329 46 310 45 306 47 293 48 296 40 298
2756 1.4794993922607875 -2.7848916334537868 12.709987185739704 186 131 114 0.38044727726218164 28 146 30 333 48 315 40 313
2758 1.0009367658469195 -2.4487449862407615 12.980584824190371 196 134 114 0.19675844945200249 28 405 30 365 46 158 45 170 47 156 48 161
2759 1.1699351907581643 -2.4422780592038196 12.980416408123313 194 128 99 0.31587768208043704 28 403 32 160 30 368 46 347 45 338 48 450 40 332
2760 1.1681006900449469 -2.4431109660666825 12.984985237051816 194 128 99 0.33678703381327096 28 404 30 369 46 348 45 339 48 451 40 333
2762 1.2236730697874683 -1.8980324680302147 13.495631081150949 195 159 150 0.2409018493386855 28 423 30 394 34 209 47 361 48 370
2763 0.62949225877526482 -1.7248588274308625 13.639134688516561 187 123 94 0.48292893925546404 32 341 34 377 30 398 45 196 46 201 47 189 48 191 40 202
2764 -0.046071075772613962 -1.696984646225425 13.858458543580563 188 135 112 0.69963950248815998 28 269 30 399 47 185 45 194 46 198
2766 1.4178835199095408 -1.4228662058478085 14.048310232614982 178 142 130 0.45662675190828966 28 551 34 387 30 405 46 382 45 381 47 379 48 389 40 370
2767 0.04108581423330112 -5.2892812711393589 11.377803926836345 170 146 89 0.18699951466070147 9 508 12 447 30 429 13 429 14 450
2768 2.9519722732576867 -5.1002395023833431 11.284363526073692 175 153 99 1.099124356740828 9 517 30 440 16 526 19 493 44 52
2769 -0.84496769316525455 -3.3857034991602033 13.441644048519709 208 108 76 0.21271800886172315 28 524 30 499
2770 2.2147324144466567 -2.7445664989060874 12.992446960345015 193 93 42 0.44767304265385655 28 378 30 511 46 444 45 450 47 454 48 452 40 459
2771 1.4783097761886734 -0.98982848413257263 14.427948862935212 189 165 152 0.57518563453041227 28 458 30 525
2772 2.3552267680574266 -3.2228419174069955 12.637721567642563 189 71 7 0.21922014272231688 28 609 30 590
2773 0.47911877393719665 -0.99524949605128543 14.422021034818425 188 165 157 0.53280605219660393 28 628 30 604 46 456 45 536 47 469 47 543 48 544 40 472
2774 1.2039887901702995 -0.82934728954021553 14.594251507589943 199 181 177 0.14026651022102304 32 524 30 606 34 590
2777 1.4116005666205038 -0.75882169214789386 14.772444009858894 190 179 177 0.87909798131522499 28 556 46 216 45 385 47 386 48 395
2778 -0.94451865809325353 -3.4148288215697575 13.041729532638342 226 172 158 1.7224540386126002 28 690 30 694 46 434 32 434 34 460 45 434 47 440 48 437 40 447
2779 3.2152147011300691 -1.461243609666113 16.028128932278484 163 159 158 0.88807346700062051 28 626 45 591 30 705 47 548 40 581
2781 1.2374321753250399 -3.4275309791711424 12.185386751911606 159 146 139 0.67801996166844736 28 712 30 727 46 614 45 641 47 645 48 651
2782 2.7353064778357683 -5.7331860826160073 10.964745061974423 178 155 105 0.83214574362879035 28 722 45 653 40 651
2784 -0.85967686125384857 -1.6285714034633108 16.828893593715797 208 192 188 0.38065098306792455 28 759 30 789
2785 2.3360849446097989 -5.493080069503983 11.001601810990095 147 77 40 0.96907933071410945 34 634 30 710 26 666 41 492 39 488 28 666 32 571
2786 -0.27202994043553774 -5.4409964686677013 11.105669876258576 117 70 43 1.4181663498736856 32 630 34 683 16 75 5 77 19 60 46 626 45 652 47 653 48 664
2787 0.77001213770482635 -2.5015302524396743 12.926062902561648 192 89 23 0.3306010454847127 28 402 30 354 46 332 47 321
2792 0.38187378963235563 -4.2155198149081778 11.816888082017318 141 38 25 0.15187037794982614 32 78 34 75 46 78 47 78 48 79
2793 1.281928527619858 -4.0281171443388191 11.79063197211595 190 109 60 0.25179976990161762 30 79 46 82 45 93 47 82
2794 1.281928527619858 -4.0281171443388191 11.79063197211595 190 109 60 0.25179976990161762 30 80 46 83 45 94 47 83
2795 0.42047771574433546 -3.711094757419465 11.970470949453921 242 184 147 0.94664813390090197 30 725 46 86 47 87
2796 0.50067247545243065 -3.5345189218318054 12.225671249268521 238 181 106 0.4471578770620806 30 582 46 90 48 91
2797 -0.35896198962158543 -3.0415335849659821 12.730729103462092 214 98 34 1.6529870522658843 30 589 34 125 46 94 45 102 40 91
2798 0.60954380016270937 -2.881341114766526 12.458078947203546 209 87 28 0.38651220710550926 30 111 46 96 45 105 47 281 48 100
2799 -0.68412997682698207 -2.8626724243116395 13.23593562007577 210 107 59 0.63013473416448962 30 325 46 97 45 106 47 102
2800 0.69126312559062864 -2.9380231373659913 12.633852019010531 206 91 35 1.8620682925045535 32 102 34 110 46 99
2801 0.64486287452028512 -2.766616876831677 12.698060463405268 211 135 106 0.20054599222482286 28 161 46 105 45 118 48 106
2802 0.74511382738970655 -2.756850773604433 12.698427844017345 214 157 131 0.36534473267160555 32 113 34 128 46 108 47 108
2803 1.5682488085619053 -2.8875542902341347 12.628346329357232 222 167 154 0.16905151672462046 28 124 46 116 45 126 47 121 40 110 48 297
2805 0.22260899196273007 -2.5331747028914342 12.967628117269861 217 112 56 1.0456277357093549 34 354 46 132 28 225 45 141 47 303 48 123
2806 2.4157901819971408 -3.031263068529384 12.745214153865101 197 129 96 0.21807794642814493 30 127 46 133 47 133 40 131
2807 0.63138989753178709 -2.5712052136702663 12.895249795080952 227 158 139 0.12053167868382779 30 175 46 136 48 128 40 121
2808 0.91969288706484864 -2.6191537107799086 12.826439997368032 209 101 35 0.32840755877082251 28 392 30 167 32 305 46 137 45 147 40 123
2809 1.43616925721364 -2.645759336078958 12.824124289353158 203 95 31 0.34982024505216547 28 183 30 176 32 116 46 151 45 162 48 151 40 141
2810 0.52729007495820246 -2.4521711841191749 13.031728539211009 222 154 126 0.10393907531849257 30 362 46 153 45 329
2811 0.541760293604714 -2.4395045711966272 13.00027118694652 222 154 126 0.38162423033711779 30 363 32 173 46 154 45 330
2812 0.97098333825074679 -2.4887915902738822 12.907671628122101 207 101 41 0.67972126334488847 30 185 34 171 46 155 45 166 28 216 48 154 40 147
2813 2.0700154451360966 -2.7589726424804994 12.874590579411768 198 130 97 0.13515024376101847 30 172 46 157 45 167 47 153 48 158 40 153
2814 2.0312369819616389 -2.6527632483292076 12.952093571215832 205 140 119 0.15519108352483715 30 184 46 168 45 176 40 168
2816 0.041356137288828775 -2.1635088274466852 13.45065466356823 247 201 187 0.10588217799018906 30 205 46 180 45 183 47 166
2817 1.9756160894975463 -2.5266476145935122 13.051041061100621 200 135 105 0.20056897519148773 28 200 46 183 45 186 47 171 48 177 40 182
2818 0.019809479062935616 -2.0123822068091095 13.628384794947209 220 172 154 0.13466244271307337 30 207 46 191 45 189 48 185 40 187
2819 1.3082736401105526 -1.5127963272502369 13.986072336674113 211 195 187 0.060444774236489078 30 520 46 209 40 365
2820 2.5497033391776394 -1.8425906501140428 14.080572233033891 83 82 87 0.44841508324806867 30 600 47 536 46 511 48 537 40 528
2821 1.7679952102694749 -0.9988681508978231 14.460407316012255 198 177 171 0.28995744780205823 30 414 46 215 47 199 48 202 40 375
2822 -0.65581747907269905 -5.1746136798341809 10.759256857770003 207 159 154 1.2832983822375315 30 741 46 229 45 227 47 214 48 215 40 15
2823 0.30050476344721122 -4.7347621972386209 11.095607813449867 194 90 45 0.79033005267455858 30 712 46 254 48 239
2825 1.367728898526875 -4.0798324218378479 11.771096393382516 197 79 19 1.0751260775426794 30 479 34 305 46 283 47 425 40 437 33 178
2826 0.70032949211526652 -3.7130261482453326 12.079508938323089 216 123 69 0.13380911452316632 28 359 46 290 48 273 40 278
2827 1.5751762935924443 -3.6216835593962293 12.056072848627503 213 153 68 0.30190745708667266 34 85 46 298 45 295 47 439 46 433 48 285
2828 -0.61600233241500091 -3.2581562926164698 12.8172911314613 223 183 172 0.64283646391193749 30 494 46 300 45 522 47 278 48 521
2830 1.0006933521102679 -2.8358063898511228 12.673079331776476 210 93 27 0.11709551395732065 30 322 46 304 45 304 47 287 48 292 40 294
2831 2.3680477091375725 -3.086485255838491 12.735270526909666 196 81 15 0.37031683181782032 30 121 46 314 45 311 47 296 40 310
2832 0.34260436949724654 -2.5702112727111319 12.874936101956216 230 159 136 0.79847586735351461 34 351 46 316 45 309 47 298 48 305 40 118
2833 1.6554257290852925 -2.8280349239018467 12.67988591384975 205 94 21 0.15473742319848696 30 144 46 319 45 315 47 305 48 309 40 309
2834 2.3152348819510209 -3.0134970191892805 12.757480591652019 191 130 113 0.15870654474143375 30 134 46 324 45 320 47 311 48 320 40 316
2835 1.7114754564736783 -2.8071503380875815 12.74640528714032 208 145 106 0.13691334992273457 30 335 46 325 47 313 48 322
2836 2.8052092547045882 -3.2150536347795908 12.974400512867383 187 129 105 0.19918727881628445 30 126 46 327 45 150 47 315 40 320
2837 2.827798577774201 -3.1571969036127148 13.031525561123457 189 95 53 0.28355509000921658 30 137 46 331 45 326 47 320 48 327 40 324
2838 1.609631123360862 -2.6929444237934805 12.804128566384289 197 140 113 0.18365188665105658 30 346 46 333 45 327 47 322 48 328 40 323
2839 0.88333046586720843 -2.5074421684970751 12.915242762133293 211 101 38 0.20346421949476692 30 512 46 334 45 328 47 449 48 446 40 322
2840 2.1121827590734679 -2.8353499116077856 12.852463372375919 197 82 17 0.49663300171724239 28 369 46 337 45 331 48 331
2841 1.6106630496076992 -2.5927356040334719 12.92243031565909 219 151 128 0.17470667393151346 30 356 46 344 47 335 48 338
2842 1.8383560718762328 -2.6119313717528545 12.922567020788138 203 138 107 0.14650980970675448 30 358 46 349 45 342 47 339 48 344 40 334
2843 2.13454538912687 -2.6647445017338773 12.989638040899417 196 132 115 0.1170519029816582 30 186 46 353 45 347 47 346 48 351 40 344
2844 2.2820309565569468 -2.5873993458052729 13.122834254264161 191 127 100 0.58978634986133593 30 200 46 368 47 177 40 357
2846 1.207593240659586 -1.7925177684243214 13.57555232432138 203 145 122 0.19543515216308074 30 212 46 371 45 198 47 365 48 372 40 205
2847 1.1903772205831769 -1.6606228222652757 13.729502566776944 203 149 125 1.0168187948576948 32 340 46 373 45 372 48 378 40 361
2848 1.4839202451931008 -1.5255704573518778 13.706254559161575 205 155 135 0.73741006490921368 28 435 46 377 40 363
2849 1.2429245059267358 -1.3266021809050577 13.68249858178697 191 149 132 0.64529491934150118 34 386 46 380 32 355 45 203 47 377 48 386 40 367
2852 0.37209985415189539 -2.5076950193241268 12.978343858874739 216 111 47 0.64023701124483445 30 510 34 474 46 437 45 443 47 447 48 442 40 451
2853 1.0552584701660845 -2.6153365187653903 12.864387157423298 211 99 36 0.32022993555696244 30 508 46 440 48 445 40 454
2854 2.2240126457654044 -2.8408285456375726 12.91688257419341 188 85 16 0.18757494278191181 28 135 46 442 45 447 47 451 48 448 40 457
2855 1.3079321424843089 -1.8053960965413234 13.63868491293074 203 143 121 0.73671660021627394 28 544 46 451 47 368 48 375 48 462 40 360
2856 0.02169792830582136 -5.7833369237826551 10.013519765744531 181 61 15 0.81962182925106608 30 531 46 457 45 467 47 472 48 553 40 541
2858 1.6536780316108677 -4.0298644928742355 11.786929115610596 215 81 18 0.61843636007689218 32 494 34 543 46 498 45 514 48 513 40 512 33 175
2860 2.0972160160643614 -2.5649562906186705 13.022596464177839 198 90 25 0.092688180622834224 30 595 46 505 45 526 47 532 48 529 40 523
2863 0.4041866238023068 -3.2247882758675677 12.348278314702018 212 84 18 0.33514604196727266 30 586 46 555 45 580 47 581 48 583 40 518
2864 -0.82298664173950309 -5.1762795863420923 11.443176236651297 210 133 90 1.3196806988413534 39 453 46 576 37 458 41 457 45 604 47 604 48 604
2865 2.316549944727377 -1.6579004354827116 13.99584562135459 184 183 189 0.13687159407473035 30 656 46 593 45 621 47 624 48 620 40 616
2866 1.8343193133761662 -1.3286350729797194 14.069211764143391 198 185 184 0.50852666941905544 28 659 30 660 46 594 45 622 47 625 48 621 40 647
2867 -0.44243995551075993 -5.7062445018560348 10.996973898396382 211 195 135 0.38245932009862588 28 723 46 598 45 627 47 631 48 628 40 620
2868 1.581754112655652 -3.0561372637502764 12.474471004955138 208 81 11 1.204420431779428 34 622 46 618 45 585 45 645 47 619 48 655
2869 -0.17390699401303061 -2.1634841583923072 13.564860363953928 251 184 161 0.81596309037433878 30 763 46 635 45 663 47 662 48 673 40 640
2870 1.2656090153042179 -1.8535961331232489 13.566803149092816 173 145 140 1.8182446898037055 32 641 46 637 34 697 47 665
2871 0.92053960183744532 -3.1238040329843439 12.512967432888884 211 85 12 0.1566265727168559 30 773 46 646 45 675 47 676 48 684
2872 0.094559428463980716 -2.6866274005204707 13.056478627561939 253 168 114 0.57289634954426338 30 774 46 647 45 676 47 677 48 685 40 669
2873 2.9725347760467091 -3.1538963743233066 12.883168236045758 180 90 52 0.76394368125466161 30 729 46 648 45 677 47 678 48 686
2877 1.897413116688272 -3.2327854341189122 12.293209953969839 207 78 10 0.92440296928473209 28 768 46 661 45 692 47 690 48 703 40 688
2878 2.0034555705262704 -4.5420892416623042 11.421824077385571 175 73 28 0.68631363664968648 28 703 32 580 34 642 46 605 4 905 15 671 6 931 16 877 9 890 8 847 5 906 11 786 10 806 7 802 12 753 14 762 13 737 1 677 2 671 3 690 23 629 20 633 18 636 21 621 22 601 29 656 25 664 17 640 44 502 26 675 37 511 38 565 41 502 39 496 35 402 28 704 32 581 34 643 45 635 45 636 47 640 48 640 48 641
2879 0.81997959550172173 -3.8286171579344965 12.030418441420416 132 102 52 1.2047059611627318 28 606 32 85 34 620 46 499 30 578 34 552 45 515 47 519 48 514 40 513
2880 1.4943315859279209 -0.87211747738901901 14.434248189136413 143 125 122 0.13811898911370621 30 665 46 597 45 625 47 628 48 623 40 619
2883 -0.26561988683666371 -5.5215527601731242 10.942439334129631 207 94 47 0.57752829604553324 32 230 34 14 46 15 45 10 40 12 47 10 48 8
2887 3.0457387737271184 -4.7856443574474428 11.512112735069069 129 47 6 0.12156999813584679 37 91 41 79 45 76 47 70
2888 2.1675768373293263 -3.0654574839998365 12.723234754397797 198 77 9 0.34265331863226028 28 114 45 130
2889 0.50258171549190955 -2.5018221930214866 12.963622103301812 211 103 45 0.67700312718955868 34 190 45 157 32 167 47 144 40 133
2891 -0.05972923274538601 -1.9710083205010354 13.940188959839199 210 136 107 1.5250117216347476 30 392 45 191 48 186 48 187 40 194
2893 0.5469132390727246 -0.71750366874190918 14.635169424404552 206 192 191 1.566038875428718 32 219 34 252 45 210 40 219
2895 1.5290838941082789 -2.9371259338507283 12.559646825588299 204 85 15 0.21843865522753381 30 116 46 305 45 303 47 288 48 293 40 295
2896 1.2500805004119098 -2.6413501061447087 12.813641152249877 204 95 27 0.16630240021826007 32 301 34 332 46 330 45 323 40 319 47 318 48 326
2897 2.1599133013089618 -2.782034728362496 12.908173876802698 199 145 124 0.23966592281722068 28 144 46 340 45 333 47 329 48 336 40 327
2899 2.3425641009286355 -5.9960071386166085 10.977109492114245 248 190 186 0.3266960140286167 30 422 46 396 45 391 47 395 48 403
2900 -0.62546135557951044 -4.4008544496132593 12.463656738416175 227 163 160 0.62171252156640233 30 472 46 424 45 422 48 430
2901 1.2934795306369293 -2.9179155418419795 12.585274047180929 213 91 27 0.10690793353471312 34 457 46 436 45 439 40 449
2903 0.40986455029775343 -5.2738589153396171 11.363099118319326 249 236 212 0.52438457753298173 39 46 46 472 45 483 41 42 47 485 48 480 40 492
2904 2.5888775551950145 -4.3764552698781651 11.575992195511935 169 153 111 0.30598880365087888 28 79 45 510 48 509
2905 1.7679960210264141 -3.7703547788644012 11.923261631596096 211 146 69 1.5731747923395247 32 278 45 520 34 310 47 525 48 516 40 283 40 515
2906 1.2613183198955564 -1.3477222921553871 14.10027629507702 178 178 182 0.23012300928710727 30 603 45 533 48 541
2907 2.4770362340839216 -1.3941145118553087 14.715130024030048 159 133 121 0.38156374350512628 30 523 46 518 45 540 47 545 48 548 40 536
2908 -1.0877315622888362 -4.3186656077134531 12.232486728824389 239 100 41 0.66360874295581995 30 632 45 563 48 569 40 559
2909 2.3705860819033924 -4.034602158674538 11.836831252501808 173 127 33 0.43697039557400619 28 505 30 636 45 570 48 574 40 566
2910 2.3723141841163931 -4.0334019765102713 11.835179294825963 173 127 33 0.46390525356922974 28 506 45 571 48 575 40 567
2911 0.87056014156688521 -3.3237205555101097 12.582181729752934 192 93 22 0.64062984372575849 30 587 45 581 47 582 48 584 40 575
2912 2.1400903459405147 -1.0312229487487223 14.694307100418392 124 112 106 0.48237111316102749 30 608 46 562 45 590 47 589 48 591 40 580
2914 2.7665952870395016 -4.5473343010512384 11.710488404391773 176 159 116 0.265169789516711 30 688 46 587 45 615 48 614 40 631 46 610 48 646
2915 3.0055268944676037 -4.7317079035738274 11.951004243500789 175 144 90 0.38190602995835649 30 631 46 588 45 616 40 563 47 618 48 615
2916 1.4774896904471519 -3.7242372756088447 12.029876063266574 205 159 68 0.43334741231478846 34 648 45 617 32 588 48 616
2917 -1.0365227370289096 -1.3649671303730346 15.807142424051724 216 211 211 0.76474416866137551 30 702 46 592 45 620 47 623 48 619 40 578
2918 2.3005484590991769 -1.4896983909104662 14.198637299095196 176 178 185 0.23238634132400662 30 659 46 595 45 623 47 626 48 589 40 617
2919 3.5044873768827038 -6.072391828299204 10.32427648938283 210 75 13 1.3091330499186073 30 737 46 566 45 626 47 594 47 630 48 627 40 479
2920 2.3076980753679148 -3.6113965900321938 12.191552205457032 187 167 61 0.42839749890516332 34 618 46 615 45 643 48 652 40 637
2921 2.6715239860388875 -1.7975521836581922 14.377004400802859 116 116 118 0.36140588677114205 30 732 46 624 45 649 47 649 48 660 40 648
2922 1.1694123439199429 -0.54152786652044971 14.723154004212519 210 206 203 0.56078510496228884 30 768 45 650 47 650 48 661 40 661
2923 2.5003790719714294 -4.2342048289806424 11.693605669386569 157 49 8 0.71137419270991253 30 720 46 611 45 660 47 659 48 647 40 634
2924 -1.356310065003886 -1.3457824081691361 15.593295033477638 28 28 28 1.055080956307652 30 764 46 638 45 665 47 666 40 657
2925 -0.77419272922509197 -0.93740192406965905 15.567321482507955 37 37 37 1.4028678836911042 30 776 45 680 40 659
2926 0.40721941271509565 -4.048307652328142 11.865429089186547 192 83 66 0.95126697467820642 32 659 34 714 45 684 47 682 48 692 40 678
2927 0.81727961923467196 -2.8860979893019918 12.693382272843504 195 133 109 1.3223626846087362 28 139 30 315 46 103 45 113 28 138 32 108 34 115 33 60
2928 0.17388415896390169 -2.6132865785224757 12.964847034283316 212 147 125 0.57057044851611505 28 401 32 316 34 352 45 128 30 339 46 119 40 109
2929 1.5094314917250031 -2.8619236084477788 12.541289780400881 201 137 114 1.6525270510382408 28 122 30 321 46 112 45 122 28 123 34 100 30 323 47 115
2931 2.4720540041333496 -4.6362029432814236 11.499504740949003 206 172 130 1.4963405816235766 46 540 45 562 12 144 25 105 17 119 37 217 38 239 44 331 41 203 35 277 28 70 47 564 48 570
2932 -1.3178419127322083 -5.5912802533511305 10.827361663377294 193 55 1 2.3361235141001617 30 3 46 11 45 218
2933 2.1133391316804238 -3.6250098613772366 14.930915672325863 184 96 60 0.96959104413901942 30 787 45 695 48 705
2934 1.0777475258038012 -5.5154094875716861 10.959382190177674 199 139 113 1.4180555777581281 9 66 13 56 19 52 23 33 16 59 5 50 11 22 10 57 20 34 21 27 22 24 29 34 25 32 44 31 45 20 37 24 38 25 41 11 39 13 47 18 48 18 40 237
2935 3.2485567051873954 -2.926000325716875 13.480168274353401 139 81 16 2.3927371232228078 9 772 16 764 8 745 5 866 8 803 6 891 4 869 11 660 10 697 10 768 7 760 12 655 14 672 13 636 1 643 2 626 3 652 24 447 44 419 26 515 37 430 38 536 41 425 39 431 4 220 16 425 15 177 9 216 8 233 11 433 7 489 12 385 14 386 19 203 23 133 20 143 22 129 29 132 24 124 44 91 7 178
2936 0.95282153006251602 -5.3165384263344713 11.152455024523812 181 78 31 2.3487873351647801 4 360 15 273 9 327 8 339 10 308 7 269 12 310 14 316 13 308 1 225 2 224 3 233 23 199 20 234 18 234 21 203 22 211 29 206 25 225 17 253 24 195 44 47 26 237 39 41 35 43 32 22 34 25 30 23 46 38 4 88 15 67 6 83 9 94 10 86 12 311 14 317 13 79 18 54 29 207 16 802 19 700 20 531 18 524 17 69 24 52 26 52 32 21 16 803 38 56 37 184 39 42 34 24 45 35 40 242
2937 -0.6965425721489551 -5.7112001604485476 10.800114180293248 249 210 183 1.5455840820578715 41 4 46 8 47 5 48 4
2938 -0.18288481686650751 -2.9681340751199503 12.521710898973513 219 108 45 0.73838775817528712 30 103 48 96
2939 2.2165530614188738 -1.5848116912155961 9.3093602747909863 217 119 71 0.47948005396293036 30 140 47 111
2940 0.24860243949834804 -2.4857986983509606 13.040809342882749 239 167 139 0.38170466989693802 30 180 47 142 48 324
2941 0.50282747923651172 -2.5027299018651843 12.964010133992115 210 107 54 0.59542261198501467 34 189 45 156 32 166 47 143 48 136 40 132
2942 -0.23214807803103804 -1.4600442779562757 14.582354286314082 226 194 182 1.4671518220647879 30 221 45 201 47 193
2943 1.831695749781318 0.71509616499780071 15.653889238725444 36 38 37 1.5652140328496487 30 233 47 204
2944 1.4276485765259617 -2.5889726630011594 12.896215939134402 218 154 129 0.12120300540095592 30 352 47 328 48 333
2945 1.4785105676491694 -3.8963268406861866 16.207228494027234 190 106 74 1.9650572188137825 32 308 34 160 46 170 47 345 48 350
2946 -0.39193618180914153 -1.9187943373987817 14.04115743718504 234 161 128 0.98075821113886252 30 596 47 358 48 366 40 193
2948 1.1078489677488377 -1.0530025018843632 14.411706156274068 178 156 146 0.44438057507369555 32 216 34 399 47 382 40 372
2950 1.472512212079842 -3.8895890913447548 11.890983827472045 182 86 26 0.51659434854016195 32 419 47 429 33 181
2951 0.21514579715453952 -0.94024973155995661 14.440216780801782 156 137 131 0.12621007478265459 30 734 47 468 48 466
2952 2.1549907320948134 -6.0168906676937732 10.548187593332498 189 66 22 0.57469214480905528 30 533 45 387 46 462 47 473 48 472 40 379
2953 -0.26952235713685452 -5.2214209532222444 11.251253747209127 206 187 129 0.6267921737448926 41 333 45 479 46 470 47 481 48 478 40 488
2954 1.6912351845173419 -1.1630274495760147 14.247888918001742 214 182 171 0.75637612138101751 32 460 45 539 47 544 48 547 40 473 40 535
2957 2.0998331873964182 -5.8654062321993203 10.522070846097099 194 95 67 0.28688963177898663 30 609 45 596 46 568 47 596 48 595
2960 0.6475764144557703 -4.6678054252193597 11.457690541254964 217 129 82 0.66626175127868981 15 429 9 530 8 643 11 535 2 361 2 459 17 390 24 342 44 333 26 377 37 285 35 218 47 243 4 570 6 588 16 542 9 529 8 526 5 525 10 490 7 457 12 468 14 473 13 454 19 518 2 360 21 342 22 345 29 364 25 375 38 318 41 268 39 271 46 265 45 256 48 247
2961 3.1086991730188642 -5.7704234313808831 10.911041026433891 172 154 97 1.7530416202505616 37 498 38 554 47 598 28 559 32 466 34 504 46 570 45 599 48 598 40 591 41 488 33 1
2965 1.7911251749097745 -4.4575364796199874 9.1493987367686938 205 135 79 2.8600634831301979 34 257 48 10
2966 -0.83887567008797148 -4.8771965608521013 11.299224310634262 211 100 60 0.22873448193193621 34 297 48 46 32 264
2968 2.3270569220053936 -4.1336822745891482 11.673242968337483 196 179 73 0.042922414451032051 30 296 48 88
2969 0.33959948412149704 -3.064699661516423 12.252462458905997 205 105 64 1.4398738370697526 30 759 48 93
2970 -0.097247183041975771 -2.6311899242329053 13.086503775679851 221 114 61 1.02596982305926 30 159 45 124 46 113 47 116 48 112 40 111
2971 -0.13728472689427554 -2.6925754726443194 13.18749265096246 221 114 61 1.7225942366779785 30 160 45 125 46 114 47 117 48 113 40 104 47 109 48 109
2972 2.2832944016409131 -3.1026426928506079 12.746026876924965 189 78 16 1.5370416273577288 30 112 45 132 46 124 47 125 48 116
2973 1.8967235342521933 -2.8668014694808233 12.784575118468499 199 138 124 1.6620700414126059 30 148 46 134 47 141 48 135 45 144
2974 0.95244718008688189 -2.5700947310336342 12.877452727887427 231 167 145 0.21721798858232419 28 204 30 350 45 160 47 146 48 140 40 137
2975 2.2265135449588018 -3.294238497074208 14.15972050814193 196 138 115 1.3319120853420316 34 112 47 158 48 164 40 159
2977 1.9844960892225161 -2.5193669297955235 13.028390138419212 207 136 111 0.099152590911492491 30 381 48 176 40 181
2979 1.9240776679567428 -2.9827574915261317 12.612490822489599 194 82 10 1.2094564012968836 28 116 30 120 48 299 40 300 47 119
2980 1.7886475124025405 -2.9183827063891421 12.658146453569895 202 140 120 0.30913037477668526 30 132 46 312 48 303 40 116
2981 1.7383035793544561 -2.4858426012119064 13.023309351227429 201 148 133 0.22282796982197278 30 378 46 360 48 357 40 177
2982 2.1397335466675673 -2.6244280595671952 13.093787010026817 198 97 30 0.42624695527856193 32 111 45 353 46 182 47 169 48 359 45 185 34 121 40 180
2983 0.57906032255169404 -3.250473462883233 12.448284843260579 224 108 60 0.1431274671143275 34 558 45 435 48 438
2985 -0.38281976775696563 -8.9356449392034261 15.347067299393302 194 58 4 1.3579117413897639 28 561 45 550 46 527 47 551 48 557
2988 1.1004652724584629 -0.80662641342597119 11.978044001818889 219 209 207 0.65439456476873137 34 677 45 666 48 676
2989 1.3889672934038411 -2.7553563099647591 12.915816146750755 222 130 91 0.72615571420548453 30 779 45 694 46 663 47 692 48 693 40 690
2990 0.95460905706448906 -2.5679701089888969 12.87268666513201 219 153 131 0.25043372052073859 30 349 45 159 47 145 48 139 28 203 34 163 40 136
2991 1.7904971886486667 -2.4521660214867809 12.897002713954432 193 130 102 0.72839836191386131 30 377 46 359 45 351 47 351 48 356 28 207 32 138 34 151 40 176
2993 -0.076284142685273865 -5.7708539931020839 10.024951051042514 189 88 58 0.46053074372410302 45 0 47 205 48 204 40 0 46 223 46 0 47 0
2995 -0.72006791345326315 -5.6205566711942696 10.66255249867311 245 212 200 0.25741354592611077 45 6 47 208 48 207 40 6 46 7
2997 2.8605879811548545 -5.8028244902245882 10.829795824240465 255 223 193 0.12024500458883784 45 232 46 234 47 219 48 220 40 20
2998 2.8665417221772813 -5.7950934280087303 10.817629201412858 255 223 193 0.15453051665181367 47 220 48 221 40 21
2999 0.15354641959906978 -5.518838373468542 11.20768147877874 153 49 15 0.11207735269095744 45 21 46 24 47 23 40 25
3000 0.74829746568713174 -4.9867482857547474 11.270298443320049 255 242 243 0.048541153314710657 45 48 47 52 48 55 40 41 46 51
3001 0.74301414742157501 -5.0885059984979737 11.413712991481926 244 195 198 0.083366972077859661 45 49 46 50 48 53 40 43 47 53
3002 0.36054972129698332 -4.4986751646542729 10.778364428966196 153 76 45 0.24104578093363496 45 50 47 54 48 56 40 45 46 52
3003 -0.15389032796618335 -4.2837234556522121 10.951940243399925 225 196 167 0.17110350111120304 47 56 48 59 40 51 45 56 46 55
3004 -0.14705110794469375 -4.608370512036478 11.553368881221294 255 233 197 0.089675184726729903 45 61 47 59 40 56 46 56
3005 2.427692879252894 -5.1641175244755884 11.567097974195439 220 176 173 0.70125800384635373 45 60 46 412 48 418 40 58 45 409
3006 -0.0011981312056652677 -4.2576381697326626 11.075001980173205 248 228 206 0.19652044936347129 47 635 48 634 40 59 45 632 46 600
3007 -0.5806988784417193 -4.44016670673569 11.622455586017603 252 234 204 0.1810320790465938 45 257 46 61 47 244 48 248 40 61
3008 3.5295925552577154 -4.8943857431803837 11.35090494777984 191 55 8 1.0549770106250973 47 257 48 261 40 68 46 67
3009 -0.68479680596581083 -3.4727608248123052 12.382556114135703 230 99 27 0.45122688742716494 45 288 48 278 40 85
3010 -0.67790185801843128 -3.418722960117738 12.42961360601214 233 102 41 1.7696681677861303 46 430 40 86
3011 -0.22668561788362177 -2.8620951416829392 12.201632470088063 253 165 130 2.0352785687527297 47 97 48 92 40 88 48 94
3013 -0.75691793072520097 -2.8946865258228049 13.532784964937356 243 170 143 0.19445395373023824 45 301 47 283 40 98
3014 -0.75691793072520097 -2.8946865258228049 13.532784964937356 243 170 143 0.19445395373023824 45 302 47 284 40 99
3015 -0.66805340704550265 -2.8877423092310415 13.803538075681377 237 161 136 1.1783676391493398 45 120 40 101 46 109 47 106
3016 -0.044635332089910676 -2.5511859687607648 12.781472724658764 250 174 147 1.2340298131604055 32 165 40 105 34 188
3018 1.9112509699178954 -2.9043345531443672 12.637842921777363 203 139 112 0.08930716528684024 45 135 47 128 40 119
3019 0.64365222381950948 -2.5639884473891872 12.873859774803989 238 165 140 0.092730931313688425 46 135 48 127 40 120
3020 2.6271200597639095 -3.4872022940866101 13.510529353222609 187 93 51 0.6670639232656258 45 139 46 131 48 313 40 122
3021 1.6622090214369032 -2.7850574765834542 12.695364897675598 200 91 26 0.29921627216346763 47 132 48 130 40 125
3022 3.2986529907516315 -3.1033864574264443 12.257634718414442 185 87 48 0.11783519547273018 46 129 40 127
3023 2.9117391153495111 -3.5845477592043427 13.543482897378796 173 68 19 0.39293626659444969 45 317 40 128
3024 0.93960895683765377 -2.663692919038477 12.970738788243056 215 108 50 0.1194021641966489 45 153 46 141 47 138 40 130
3025 2.4993681869301376 -3.0598271743569536 12.794582774160578 214 151 134 0.17910566465960112 45 148 48 131 40 134
3026 2.9514869284484351 -3.2994831794608102 13.067081406023465 194 143 122 0.18224907892453129 45 151 46 139 47 134 40 138
3027 2.4565307387830968 -3.0279448229054666 12.927273953851243 181 73 19 0.10941206383465701 46 144 47 149 48 141 40 143
3028 2.4565307387830968 -3.0279448229054666 12.927273953851243 181 73 19 0.10941206383465701 46 145 47 150 48 142 40 144
3029 3.1180962487935302 -3.2832587923667975 13.06562392795114 162 72 30 0.065980276733093132 46 147 48 143 40 145
3030 3.20611418889558 -3.2873454244267024 13.026095957551609 166 61 17 0.19215129394879416 45 324 48 144 40 146
3031 3.067813747872429 -3.3254990264685835 13.344294843443835 191 125 101 0.10943080527665716 45 164 48 332 40 149
3033 2.5330114375871711 -2.8891727390474284 12.837496048259242 169 78 41 0.098391400616643948 45 168 46 156 48 155 40 154
3035 2.653083495229573 -2.942931855637934 13.05592987961305 201 142 121 0.13525145465762281 45 171 46 161 40 158
3036 2.368534913029281 -2.7476333722669648 12.881722913967284 193 85 30 0.16921824649955614 45 343 47 341 48 345 40 163
3037 2.3720495838367546 -2.7453545089141418 12.874129534485927 193 85 30 0.20544982020078009 45 344 48 346 40 164
3038 1.6019903616272011 -2.5167715660283529 12.939626424113499 207 104 49 0.23123390748830933 45 345 46 351 47 342 48 347 40 165
3039 2.0730730972161564 -2.6241753726914303 12.857695693078988 208 143 126 0.1182805767672202 45 175 46 167 40 167
3040 2.4085559597061943 -2.803372397174162 13.077728380975801 181 86 43 0.063800954934178991 45 180 46 172 48 168 40 169
3041 2.6798639130602333 -2.8374058580919854 12.941490327199025 184 101 69 0.15674079512501024 45 177 46 169 47 344 48 349 40 170
3042 1.7941967170783268 -2.5975746393513139 13.127942250491014 202 98 39 0.25033333665839064 46 177 47 164 48 172 40 171
3043 2.9168455694392552 -3.0825903915160184 13.374801710067828 188 100 68 0.08122086893341289 46 173 47 161 48 169 40 173
3044 2.0057834344977672 -2.5812030034965074 12.967716785087728 198 94 34 0.27320669960073879 45 350 46 357 47 350 48 355 40 175
3045 3.1413914761963584 -3.0015329651421392 13.154102266294304 194 134 118 0.18408563439016989 46 179 48 174 40 178
3046 3.0007007654183706 -3.0752641725228838 13.67003526227896 155 70 25 1.183077506048734 46 506 47 170 40 183 47 533 48 530
3047 2.2054902064427009 -2.5537573406777012 13.068018422498053 199 138 111 0.16571115011286938 46 367 48 365 40 185
3048 2.6334351387543746 -2.9853592385222796 13.717820806301411 189 104 70 0.65792884716639066 45 187 46 184 47 357 48 180 40 186
3049 2.6336074841474919 -2.695449010239821 13.184056283933208 202 141 117 0.18434243110255152 45 188 46 187 47 175 40 189
3050 2.8263533803034968 -2.8479785200155332 13.404102861174422 196 137 113 0.17895590130687428 46 186 47 176 48 182 40 190
3051 2.7598975404848192 -2.7910821167407294 13.357912223081396 203 156 135 0.075065192229451891 46 189 47 178 48 183 40 191
3052 2.7598975404848192 -2.7910821167407294 13.357912223081396 203 156 135 0.075065192229451891 46 190 47 179 48 184 40 192
3053 2.3123651520385033 -2.4390167429188003 13.180984153699299 189 95 41 0.30207574015618127 45 190 46 192 47 180 40 195
3054 0.039867867214637753 -1.8535805916350909 13.734514563383282 228 179 153 0.12925605874326648 46 196 48 189 40 196
3055 0.65569631943227979 -1.719371985110923 13.584250095520801 223 158 131 0.11296292614630173 45 197 46 202 47 190 48 192 40 203
3056 1.1843702187449467 -1.8033919243293266 13.624205183195897 206 146 121 0.2052829104906147 45 199 46 372 47 366 48 373 40 206
3057 0.51427185063335712 -1.6616971150989164 13.963572863641462 213 154 130 0.19881208261661798 46 204 48 195 40 207
3058 0.51427185063335712 -1.6616971150989164 13.963572863641462 213 154 130 0.19881208261661798 46 205 48 196 40 208
3059 0.65516497860679868 -1.629152518401312 13.974228558655613 204 149 130 1.0351301140119999 45 200 48 376 40 209
3060 -0.96658411498618646 -1.5229874284202154 15.586634442271535 0 0 0 0.31333384192205888 30 657 45 373 46 374 47 371 48 379
3061 3.2464872188146465 -2.5322210721422711 13.995895532562423 176 103 70 2.2933560609235961 45 371 46 452 47 370 48 197 40 212 47 192 48 194 46 206
3062 2.9303833360995757 -0.24756174380572132 16.02894362404589 40 42 41 1.3964995198121686 47 201 40 222
3063 -0.81940115772039779 -5.4535666570558066 10.858986369551191 219 183 182 0.2239819274295968 45 473 46 465 47 476 48 473 40 227
3064 3.2551574853533314 -5.6660498927493599 10.271428032993329 224 97 49 0.58810968137530184 45 389 46 466 40 229
3065 0.14275471540710022 -5.5480642930013468 11.018355684798086 168 61 25 0.085271972378700142 45 222 46 226 47 211 48 210 40 232
3066 -1.1550556459344565 -5.4517832408665967 11.315228105521083 248 225 206 0.15563100028602059 45 229 47 216 48 219 40 233 46 231
3067 -1.3831060123848726 -5.6467476165836743 11.760210052702655 205 161 156 0.30350713626929909 45 24 40 238 46 237 47 222 48 21
3068 -0.96944655746858299 -5.0083912692189729 11.37184174581059 212 97 61 0.12122325775272583 45 242 46 246 47 408 48 230 40 244
3069 -0.97609150873102246 -5.0125528884833699 11.379559195217146 212 97 61 0.11787415034608009 45 243 46 247 48 231 40 245
3070 2.4814357106353491 -4.9530227061306258 11.774544398595491 231 211 195 0.17563319867151553 45 262 46 272 47 251 48 255 40 259
3071 0.47910852956152256 -3.6991541231829137 11.412129429284168 204 87 45 0.37380525896146288 45 90 40 267
3072 1.5585177050880028 -4.0994923083854946 11.723469004785205 232 180 110 0.058109114914838653 30 295 40 269
3073 1.0761333749651527 -3.8546301325530941 11.897441113072418 200 136 57 0.025118137038473529 45 281 40 275
3074 1.774233126863429 -3.8041389001664587 11.92355257088119 213 150 79 0.26758154923801886 32 277 34 309 40 282
3075 1.8754421719811794 -3.8130194817022036 11.872045554857143 183 92 40 0.092792779408992998 45 289 47 272 40 284
3076 1.8754421719811794 -3.8130194817022036 11.872045554857143 183 92 40 0.092792779408992998 45 290 47 273 40 285
3077 0.89087177507238691 -3.010117023677457 11.416819057727569 203 185 181 0.3312435338619707 46 435 47 441 48 436 40 290 45 433
3078 0.94468135566113298 -2.7590258030222592 12.688735942411791 212 145 130 0.15046166637411257 45 305 46 309 47 292 48 295 40 297
3080 -0.12791101509587346 -2.6035581972840003 13.273935364956595 240 160 130 0.11813996860942194 46 126 47 300 40 303
3081 2.6451981137358604 -3.1322176626049694 12.884869495054462 196 135 116 0.10246095943022873 45 321 46 326 47 314 48 323 40 318
3082 2.1789128843747854 -2.7665737818193352 12.864279310612806 201 140 113 0.069095948808259408 46 339 48 335 40 326
3083 2.9815490169824939 -3.2705081667096212 13.41661577406753 183 88 39 0.090644903595060639 46 338 47 327 48 334 40 328 45 332
3084 2.6161781647339124 -3.1092850393447633 13.373974583182035 191 96 57 0.13246891016382878 45 449 47 453 40 331
3085 2.8915607039452182 -3.2541649562747064 13.628575528203447 190 128 106 0.24757297514783133 45 336 47 337 48 341 40 336
3086 2.9004256817667784 -3.2405782847620883 13.624165208085008 190 128 106 1.2712240088493232 45 337 46 175 47 338 48 342 40 337
3087 1.9268178628674406 -2.5603564733571291 12.992763279740123 200 97 30 0.065594635644989532 47 348 48 353 40 345
3088 1.8665330256015382 -2.4972330135052632 13.037409983789285 207 139 118 0.14353130432516709 30 379 45 355 46 361 40 349
3089 2.1986587895776135 -2.6672986180740992 13.163344980841662 202 94 27 0.08968665861813778 45 451 47 456 48 454 40 351
3090 2.3406742305008943 -2.6439582830671062 13.048066676985762 194 90 35 0.14211362044181469 45 354 46 363 47 352 48 360 40 352
3093 2.42254987054049 -2.7759077011473603 13.339595843080494 192 104 64 0.086862189662605449 46 365 47 355 48 362 40 355
3094 0.66163973891916317 -1.7474702610617927 13.776286863759047 215 143 118 0.21495948270911089 45 365 46 370 47 362 48 371 40 358
3095 1.9899673577052617 -1.5144366007210757 13.978133063767247 191 145 130 0.25771189167265429 45 382 46 383 48 390 40 371
3096 -0.85743302364992668 -5.8990022689387027 10.672246435445778 199 63 15 0.84517220431291806 47 390 40 376 46 458
3097 -1.4839449466789856 -5.9092520498402727 10.83251631441561 255 226 213 0.045802830963373502 45 1 47 1 48 0 40 377 46 1
3098 3.2460082324251673 -5.8972679989268508 10.153912048171517 223 104 69 0.65486143254461004 45 469 46 461 47 475 40 380
3099 3.4919044508128363 -5.9253513853476081 10.327180423903249 226 102 61 0.28080738477411749 45 472 46 394 47 393 40 384
3100 -0.36354925607777872 -5.2210048216507552 10.928271008465037 232 199 180 0.44324820258460917 45 397 46 400 47 401 48 408 40 388
3101 -1.1251555382929344 -5.3477664777172924 11.437704368115941 238 226 209 0.10815795598641434 45 399 40 390
3102 -0.51863407416196494 -4.8933165299862766 11.359384102579892 223 206 189 0.2313087587057932 45 488 46 475 47 490 48 485 40 397
3103 -0.092145938292591753 -4.6984020684593526 11.287085331313401 236 225 205 0.29405348396158426 46 407 48 413 40 403 45 404 47 409
3104 -1.0675868708148262 -4.6819595750466219 11.691107921503143 254 207 158 0.049369129332126796 45 406 46 408 47 410 48 414 40 405
3105 -0.53940384525463947 -4.4814070657442109 11.514409631848713 167 102 67 0.068169980602480626 45 410 47 414 48 419 40 413 46 413
3107 2.7742365234714703 -4.8134238467435511 11.491097181810712 175 157 102 0.15024961924550612 45 502 48 502 40 421 46 419 47 419
3108 2.958081145168058 -4.7436312561632334 11.335066220269612 171 152 96 0.074408090999692436 46 420 47 420 40 422 45 419 48 427
3109 2.9580811451680562 -4.7436312561632361 11.335066220269617 171 152 96 0.074408090999714863 45 420 46 421 47 421 48 428 40 423
3110 3.3948943522539623 -4.789012863701001 11.607970282648644 199 62 5 0.2979231351870289 45 507 46 492 40 431
3111 0.073407840894571988 -4.0271632917464535 11.978670724562775 206 160 82 0.53612802451022024 34 549 40 433 28 602 32 502
3112 0.68777302870569923 -3.9778244475697333 11.907014178396642 241 191 141 0.26987151975179702 30 574 47 426 40 436
3113 -0.33826439902293187 -3.6601214499029502 12.439189025425891 225 186 80 0.50383620525494666 45 516 40 442 46 427 47 520 47 431
3114 2.1888052508496698 -2.8670124227310674 13.001453470383877 192 82 15 0.17249200032330178 45 448 46 443 47 452 48 449 40 458
3115 3.1432856916863035 -3.1780429943293207 13.383888353818945 169 67 13 0.29027675497688032 46 166 40 460
3116 2.8696436541175663 -2.8925964468408774 13.24334491898944 191 103 66 0.084844313479281577 45 452 46 445 47 457 48 455 40 461
3117 0.079112090996523832 -2.0410724515649048 13.704442063770864 220 137 106 0.16699951318366354 45 453 46 446 47 459 48 456 40 462
3118 0.85414715652219064 -1.5316112056030944 14.040488800085191 184 130 107 0.13067250655913365 45 528 46 453 47 535 48 534 40 467
3119 3.1067434109498357 -2.3902475263867089 14.652846078512603 165 101 73 0.35761090820718033 46 509 48 535 40 469 45 529
3120 3.1067434109498357 -2.3902475263867089 14.652846078512603 165 101 73 0.35761090820718033 46 510 48 536 40 470 45 530
3121 1.7470514612497372 -0.7865419026028122 14.559342547881176 246 234 237 0.095144352334099624 45 543 46 523 47 547 48 552 40 475
3122 1.8974344420786062 -6.3712840929695673 10.646096717825184 183 73 36 0.13386058226421199 30 0 40 476
3123 0.21157448721904776 -5.8496924266167349 10.758453266624329 225 95 39 1.0906840033710334 45 470 46 463 48 471 40 477
3124 3.2753899421396113 -6.0214924070129774 10.401169735407912 221 102 67 0.581916047378503 45 546 46 526 40 480
3125 1.6678323102473662 -5.573400273986997 10.762586732367392 199 86 46 0.17832649900396508 45 475 46 467 47 477 48 475 40 482
3126 -0.28756725262369875 -5.4145189663940032 11.602931115918691 180 156 100 0.068171167870465135 45 480 47 482 40 489
3127 2.288036636766182 -5.5128653585712843 11.645593011096105 240 227 210 0.16909289930571778 45 493 46 481 47 495 48 490 40 499
3128 -1.1445488301607036 -4.8856852218164457 11.911631186933374 219 159 116 0.13773052265561692 45 496 46 482 47 499 48 491 40 501
3129 2.0968790790150553 -4.2570707776600027 11.640562428340628 222 89 40 0.26505247232206691 46 543 47 516 40 509
3130 0.75594993117014031 -3.1913215977659384 11.964450108138896 195 195 190 0.17670675358231139 45 521 46 501 47 527 48 520 40 517
3131 2.2390844487666848 -2.4400474783453627 13.070754680956485 202 98 39 0.25525683511433606 45 527 47 534 48 532 40 524
3132 0.88397439818491952 -1.9339848119515812 13.537422797297621 212 130 91 0.65421481378096813 45 588 46 507 40 525
3133 1.4639526989962086 -2.2273662641528378 14.148834900271414 212 138 106 0.76963999758639345 46 508 40 527
3134 3.2774469667702086 -2.2141875747060262 14.629782836371149 199 156 139 0.38918847167220633 45 531 46 512 47 537 48 538 40 530
3135 3.1049712387348238 -2.0889123240772207 14.653866617181345 167 130 110 0.30362640866330187 45 534 46 514 47 539 48 542 40 532
3136 3.1049712387348238 -2.0889123240772207 14.653866617181345 167 130 110 0.30362640866330187 45 535 46 515 47 540 48 543 40 533
3137 2.4787481404819545 -1.6952678231578113 14.416924702883463 151 152 156 0.95739873189005176 45 538 46 517 47 542 48 546 40 534
3138 2.5204956032499415 -1.3774317730050216 14.594170855404361 161 134 123 0.14034019485972093 47 546 48 549 40 537
3139 2.4718962541239811 -1.2686811046535571 14.847615373100131 183 164 158 0.33256226825043972 45 542 46 520 40 540
3140 3.6594311677863414 -5.7887575429680735 10.296252662904759 227 89 25 1.0878891061482678 45 549 47 550 40 544 48 596
3141 -0.43691580708129091 -5.1516044609467517 11.118730137995746 223 211 192 0.15526925523047369 45 600 46 572 47 600 48 600 40 546
3142 -0.93902819172672269 -4.7448596666886242 11.389434385059023 255 243 200 0.64755614474924073 30 750 45 554 46 534 47 554 48 561 40 548
3143 1.4278697967833678 -5.2346542585567217 11.365595623683577 255 250 250 0.06855267904340849 45 490 46 477 47 492 48 487 40 549
3144 2.7581646546623397 -5.0528989019296162 11.198723307350322 220 214 189 0.31933167473486912 47 557 48 564 40 551
3145 1.6764701258487913 -4.6772001027692829 11.179774223418947 225 90 43 0.52778632274549309 45 560 46 538 47 560 48 567 40 553
3146 -0.72570424365743924 -4.286141296934491 11.91750806707897 210 77 21 2.5432390601078856 28 738 40 557
3147 3.2775781997269213 -4.9778815277003874 11.544986065490797 182 47 0 0.15222554825319673 45 501 46 488 47 563 48 568 40 558
3148 2.3015450974882845 -3.718780385912086 13.817671782595287 189 69 0 0.28637949425583548 45 587 46 560 40 577 47 586
3149 2.2621224044408792 -0.46364338610175015 15.263874366521449 34 34 34 0.23249526008051108 45 592 46 563 47 590 40 583
3150 -1.7916599977364189 -6.154907975388757 10.618801853659933 182 52 10 0.36337931467529588 45 593 47 591 48 592 40 584 46 564
3151 -1.7916599977364189 -6.154907975388757 10.618801853659933 182 52 10 0.36337931467529588 45 594 47 592 48 593 40 585 46 565
3152 2.5964528708756736 -5.7628375734451014 11.299781413399201 254 246 230 0.16611192643689249 45 603 46 575 47 603 48 603 40 592
3153 0.12303258637568908 -5.1465904222884848 11.386955425713071 184 66 16 0.39568711517860738 45 42 47 47 40 594
3154 1.7901312543978691 -4.7147589543277375 11.352434048343389 210 189 132 0.26308568890603123 46 604 47 639 48 639 40 602
3155 0.50307360932796619 -4.038934725930674 10.960882655423665 221 201 143 0.220374358135875 46 583 40 603 45 611 47 614
3156 0.072653035796320597 -3.2288862880944329 12.318771888801718 233 100 27 0.23922363192036342 28 715 40 613
3157 0.23113921063284423 -1.5040094115443954 13.93360355680896 225 159 135 0.22556044327999725 45 647 48 658 40 614
3158 1.1256748002694552 -5.8250725610007752 11.125806758214457 197 176 119 0.2694195541508439 45 628 48 630 40 621
3159 1.7276877818661971 -5.6835400254098429 10.960003947159761 255 253 252 0.11133351546930974 45 597 46 569 47 597 48 597 40 622
3160 -0.066568445857529163 -5.6815618000647747 11.583258739263048 168 58 6 0.51713358274480781 45 477 40 624 46 468 47 479 48 476
3161 3.0104484768158182 -4.8756310508677672 11.150309885804848 170 63 14 0.11914894638670159 45 634 46 602 47 637 48 636 40 625
3162 2.2287157076287794 -5.0217220885701561 11.953132597757357 244 232 219 0.21642223363290744 45 656 46 629 47 655 48 666 40 626
3163 2.1251950459350821 -2.9228894733771345 12.189392198520133 193 77 24 0.18648972781092299 45 646 46 619 40 639
3164 0.017673922097158141 -1.9379461653824979 13.987498128077306 221 146 111 0.73471068357607616 46 636 47 664 48 675 40 642 45 664
3165 0.21103530127254636 -1.1720547236457599 14.673146430383364 184 152 142 0.56752689387481103 46 622 47 647 40 645
3166 2.0829687856942396 -1.5247613373372781 14.053261744018847 190 144 126 0.15622927814671439 45 648 46 623 47 648 48 659 40 646
3167 3.4793108199506815 -1.2355948983314924 15.455699102043376 22 22 22 0.95058116541853865 48 624 40 649
3168 -0.26644006831644518 -5.4102673981062308 11.096729696069676 198 80 37 0.15982697702876325 45 651 46 625 47 652 48 663 40 650
3169 2.5251314128009801 -5.3741382812279781 10.784716738025899 165 72 25 0.68264339615153125 47 34 40 652 45 33 48 31
3170 -0.2142928443190637 -5.0721696189612464 11.992893967244576 250 245 237 0.10989589455458182 45 556 46 535 48 563 40 653 47 556
3171 -1.7101057136930495 -6.1407062388569971 10.760708913035598 186 56 5 0.28740969087701518 45 669 47 668 48 678 40 662 46 640
3172 0.34388578418727572 -4.7759639076610121 10.837985711971724 213 138 93 0.080439344167431315 47 671 48 681 40 664
3173 -0.88833233845474968 -2.5534091495119982 13.965994692346907 228 137 90 0.42307598856971484 46 653 40 670
3174 0.73248578824106847 -2.1016125526737199 12.641557133276601 226 120 70 0.94824832679573423 46 649 47 679 48 687 40 672 45 685
3175 0.9217018217727484 -1.4668941472299741 13.783248214257402 193 144 124 0.30258723174039948 45 679 46 651 48 688 40 673
3176 0.026459894879767725 -0.7371160762710528 15.338059722562754 203 193 192 0.25042100608313139 45 681 46 652 47 680 48 689 40 675
3177 -0.84054745957166266 -5.5339994405934876 10.818051523457264 231 219 211 0.68012163392147285 45 682 47 681 48 690 40 676
3178 1.1046693212118273 -2.2043726079588937 13.133912274855852 216 116 65 0.2606411187593457 30 780 40 679
3179 -0.21475327543697409 -5.4347162595869616 11.460915284379151 185 156 101 1.4438538750184433 46 657 40 684 45 690 47 687 48 700
3180 1.6188345474480264 -2.3396428416829345 13.528168602731906 206 110 52 0.29474410247100535 30 788 40 691
3181 2.0941169345191835 -3.0416270826786898 12.702516586714323 197 76 14 1.6425115479845427 45 307 47 295 48 301 40 302 45 129 46 120 48 114 40 117
3182 2.493020139454047 -2.6974402101511243 13.084772035943539 195 104 61 1.9447904590449236 45 357 47 353 40 353 46 364 47 354 48 361 40 354
3183 0.39832189850671246 -2.9090371149668113 12.601698579065355 166 75 27 0.93944072245680232 32 441 34 466 46 302 47 443 48 439 40 292 40 97
3184 2.3054016149569372 -4.368250742823518 11.597182141967645 203 187 124 0.78026742046949504 28 735 32 611 34 670 40 654 30 719 45 657 46 609 47 656 48 645 46 630
3185 2.0575318444501152 -2.6566145984428222 12.721728287578813 206 149 132 1.7345650276806845 45 169 48 157 40 152 32 105 46 159 47 159 40 156
3187 0.091043050851731047 -1.0179599696363366 14.454369570708844 170 147 134 0.71182451055307194 32 525 34 591 33 303
3188 -0.2280451449977802 -5.0833264595790535 11.28315085198728 166 64 20 0.41718611129732919 34 639 33 316 32 577
3189 1.403357676161058 -5.4765828106014975 11.085212278733314 190 171 115 0.1479291240546412 34 664 33 344
3190 -0.78219676065230215 -4.1305024877543728 11.660657682221066 182 55 0 2.3057190484335566 32 647 33 365
3192 -1.0403515160641308 -4.4337771129309393 11.579635137325806 173 152 97 1.2200494179241033 32 614 33 388
3194 -1.1210127701585511 -1.2825924366981589 15.542311776304725 144 139 136 1.276668576601188 32 598 34 659 33 376
3195 -0.26320719603812248 -3.1804706920448096 12.60500184652693 200 118 59 0.77715496188895972 4 603 15 172 6 468 16 417 9 406 8 434 5 559 11 285 10 403 7 357 12 379 14 384 13 375 19 199 1 304 2 298 3 306 23 130 20 139 18 142 21 127 22 125 29 130 25 153 17 159 24 120 44 267 26 294 39 114 28 521 32 433 34 459
3196 1.222188568877199 -5.4838708371169753 11.127793093382422 224 175 152 1.6684331388287059 34 9 46 32 38 37 39 23 32 10 45 26 47 29 48 24 15 260 16 509 9 497 8 496 5 492 11 365 12 442 14 444 13 419 19 326 23 185 20 220 18 219 21 192 22 195 29 192 25 209 17 241 24 184 44 38 37 33 38 38 41 176 39 24 35 130 4 74 6 73 28 302 19 325 35 129 18 218 20 219 22 194 23 184 26 342 34 408 26 341
3198 -0.27580249349611813 -5.13220722219567 11.361940256776897 198 101 54 2.2944045677170086 6 109 16 110 4 114 9 106 8 104 5 117 11 65 10 104 7 87 19 97 15 285 6 396 9 341 8 514 5 341 10 480 7 445 2 351 3 362 29 220 17 261 26 255 32 250 34 283 5 340 11 233 38 215 37 193 39 175 41 181
