# 3D point list with one line of data per point:
#   POINT3D_ID, X, Y, Z, R, G, B, ERROR, TRACK[] as (IMAGE_ID, POINT2D_IDX)
# Number of points: 1821, mean track length: 8.9280615046677649
1 -0.30010120071375324 -0.8385495578784502 6.1674437027460582 67 42 7 0.29909624401383395 5 13 8 80 14 104 13 100 7 86 10 106 12 99 18 45
3 0.097439683528317639 -0.811141291026099 6.2086651483775661 117 61 0 0.48182334712060637 5 391 8 99 4 332 2 292 3 61 1 267 6 130 14 126 13 122 7 311 10 315 11 305 15 113 15 350 12 117 22 351 24 321
4 0.14135177742044727 -0.81323526434788129 6.2084473611324196 113 58 0 0.23826822100692693 5 392 8 100 4 528 2 293 3 263 1 268 10 316 11 114 12 115
5 -0.82129629533113369 -0.76810728115775684 6.1056389683336993 168 122 70 1.1492507564048788 5 569 8 102 4 12 2 288 3 382 15 119 16 76
6 0.97347826734872966 -0.80965147895096889 6.3148096759626808 149 84 10 1.1098786957619868 5 402 8 103 1 271 6 136 10 319 11 307 15 115 12 121
8 -1.4801112481321805 -0.67532261022646578 6.0900596673073606 71 39 11 1.6002223555905823 5 32 8 110 4 19 3 65 14 131 13 127 11 121 17 332 31 75 33 118 29 30
9 0.59097682706023069 -0.61897367405021675 6.3532723986402688 99 88 66 0.7941546966446773 5 417 8 116 4 344 2 311 3 271 1 274 6 336 13 136 7 129 10 137 11 129 15 128
10 0.59319526651590082 -0.62229161432433411 6.3784645152164741 99 88 66 0.30715496496383882 5 418 8 117 2 312 3 272 1 275 6 337 13 137 7 130 10 138 11 130 15 129
11 -1.3136432063391668 -0.52858466747377741 6.1905370620221518 75 25 24 0.48801186445126848 5 413 8 118 4 343 2 305 3 270 1 273 6 335 14 136 7 133 10 140 11 131 15 144 12 146 18 332
13 -0.87270787501481173 -0.52454905388515705 6.2463251064911773 92 52 22 0.75521565203958785 5 421 8 121 2 592 5 698 1 99 14 141 10 144 12 148 18 323
14 0.64481338565931667 -0.57398355743366902 6.4147804051996768 81 63 42 1.1036477609055231 5 431 8 122 4 355 6 154
15 0.8119071835773366 -0.50800544308265894 6.4777658426686617 89 74 52 0.48971985062843831 5 593 8 124 4 360 7 137 11 140 15 150 12 352
16 -1.3134880640837505 -0.39551067563784331 6.2749416752000151 70 22 20 0.21506799598956675 5 435 8 125 4 358 2 329 3 97 1 110 6 158 14 149 13 143 7 139 10 147 11 142 12 155 18 156
17 -1.3136083090983359 -0.39557659616283186 6.2749925532987643 70 22 20 0.20194039788034923 5 436 8 126 4 359 2 330 3 98 1 111 6 159 13 144 7 140 10 148 11 143 12 156 18 157
18 -0.89795017545963784 -0.33970922371035617 6.371552963718095 136 114 94 0.89311623093931558 5 595 8 128 4 367 3 283 1 476 13 146 12 358 18 152 16 314 28 32 23 112 25 49 27 53
19 -0.89615290136931258 -0.33105323146661397 6.3505741024919571 136 114 94 1.588540481498564 5 596 8 129 4 368 3 284 13 147 10 152 8 132 12 359 18 153 28 33 23 113 27 54 16 226
20 -0.89371172384281505 -0.2862636881546386 6.4029151563330471 111 59 9 1.2483944058244887 5 703 8 135 4 658 2 491 3 398 14 448 7 433 18 160 18 345 16 112 28 37 24 303
21 -0.66484943166252874 -0.27041524245572213 6.4468812720560198 113 64 15 0.23311192381667137 5 447 8 141 4 378 3 115 1 122 6 168 13 156 7 151 10 161 11 152 15 178 12 164
22 -0.46730917299214458 -0.27749192561419328 6.4710291729867908 161 121 76 0.1284602905047291 5 448 8 142 4 98 2 88 3 118 11 153 15 173
23 -0.46731277913169844 -0.27778047021961 6.4714400383000292 161 121 76 0.17534738066739183 5 449 8 143 4 99 2 89 3 119 11 154 15 174 23 37 33 21
24 -1.0948372929209067 -0.2551248099649378 6.4014440760374782 145 113 87 0.26791918529879971 5 446 8 144 2 336 3 112 6 166 14 162 13 158 7 152 10 158 11 151 15 179 12 166 13 155
25 0.93585019085987986 -0.19923084311722261 6.6665459541901742 162 94 24 1.309887117863016 5 464 8 149 4 568 13 163
26 0.88692260335281747 -0.11399991290771419 6.7520081548499178 103 64 14 0.3901714693540887 5 623 8 150 4 572 2 355 1 140 7 164 10 345 15 193 12 175
27 0.88478384897833773 -0.087747318572996627 6.7808184459806293 157 140 77 0.2899328111923653 5 474 8 151 4 393 2 359 3 132 1 144 6 180 14 178 13 168 7 167 10 170 11 160 15 196 12 177 16 257 17 307
28 0.045534096684124545 0.043282052884220629 6.7405896523911863 64 57 34 1.4654561160332589 5 196 8 152 4 406 3 151 1 155 16 385
29 -1.144445347930082 0.062645623280562779 6.597737509233335 109 92 54 0.26853008499391068 5 480 8 154 4 397 2 366 3 307 1 299 6 189 14 183 13 175 7 175 10 177 11 165 15 201 12 191 18 199 16 128
30 -1.1939480201773109 0.069272179484477114 6.5987550638504562 61 27 0 0.17447884530190333 5 177 8 155 4 156 2 135 3 144 1 149 6 191 7 176
31 0.087022702715761652 0.075055214107910509 6.7738920105260645 95 84 64 0.30347893676230081 5 491 8 158 2 376 3 313 1 305 14 187 15 205 12 193 16 141
32 -0.67388850093984809 0.098397037183279898 6.7172483324517724 118 82 4 0.83195367028481393 5 200 8 159 4 175 3 152 10 182 11 170 15 206
33 -0.47200996292756392 0.11511460137224923 6.7332693812690607 125 96 11 0.30188275383368823 5 494 8 160 4 185 13 176 10 185 11 172 12 197 16 134
34 -0.4556919317921832 0.1301796571123901 6.7455366141952071 152 127 76 0.42471442641871548 5 495 8 161 4 583 2 380 3 315 1 161 6 361 14 190 13 177 7 178 10 186 11 174 15 208 12 200 16 136 38 247
35 -1.1061463854206239 0.14991502357433151 6.6631232817135544 67 71 40 0.23455237300734744 5 492 8 162 4 413 2 378 3 154 1 158 6 206 7 180 11 173 15 212 18 208
37 0.23359358980374245 0.1681153178716836 6.8668936101814984 43 37 16 0.38055338999165206 5 222 8 165 2 170
38 0.24099502299611561 0.18941049450402533 6.8764374169984857 73 66 43 0.28456077343607 5 638 8 166 4 593 2 526 1 167 6 210 14 199 13 182 7 189 10 189 11 356 15 220 12 202 18 178 24 74 25 92
39 -0.28304856828301317 0.22308891652307491 6.8208917217153644 139 109 18 0.14901969191902686 5 227 8 168 4 210
40 -0.73323988725686873 0.25633931006239064 6.7907282082159597 105 66 5 0.2324496031141004 5 229 8 171 4 430 2 174 3 164 6 214 14 201 13 185 7 192
41 0.9620706055439463 0.22201309966215277 7.0111206637393257 150 126 81 0.61455358782777703 5 648 8 173 4 450 2 407 1 178 14 209 13 188 7 194 10 195 11 187 15 225 12 208
42 -0.40383402655336853 0.27684405501124354 6.8689390438484628 104 78 44 0.82871069110691253 8 174 3 436 6 368 14 378 13 192 7 357 11 188 15 232 18 198 16 147 22 93 29 76
43 0.76789235672422385 0.28119858291046546 7.0055871422968785 138 111 68 0.31938538906309177 5 516 8 176 4 456 2 412 3 177 1 181 6 226 14 215 13 196 7 197 11 191 15 234 12 212
44 0.25390434504926213 0.29639220099416469 6.9521185057090564 128 104 60 0.53204826714735076 5 257 8 177 4 455 14 214 11 190
47 -0.75750570853219512 0.39939474099029237 6.8816255157101107 87 60 30 0.59702210511359044 5 275 8 186 4 465 29 81
48 -0.11102922244071151 0.39886568848400922 6.9781136572218925 117 90 59 0.32245558673175256 5 529 8 187 4 475 2 219 1 322 11 201 12 231 18 203
49 0.46848617841892537 0.38695920854483734 7.0343569520288707 133 106 63 0.55874554893992723 5 532 8 188 4 613 2 421 3 336 1 323 6 234 14 221 13 208 7 207 10 205
50 0.46848617841892537 0.38695920854483734 7.0343569520288707 133 106 63 0.55874554893992723 5 533 8 189 4 614 2 422 3 337 1 324 6 235 14 222 13 209 7 208 10 206
51 0.93149820510416126 0.37939698490605139 7.1689342472349304 125 96 52 0.23801522637302974 5 306 8 190 12 225
52 0.42860400301399854 0.39310245689944828 7.0312139436585488 130 102 62 0.25988545376465821 5 660 8 192 4 615 2 423 3 338 15 247 12 228
53 -0.039341994924160698 0.43878951156817686 7.0082861921244426 109 83 53 0.59575980963026043 5 536 8 193 2 427 3 341 1 197 7 212 15 252 17 183
54 -0.039966965719612058 0.43930907291737109 7.0128829803329777 109 83 53 0.55865663613960059 5 537 8 194 3 342 1 198 15 253
55 -1.2293112630119831 0.48542933253802473 6.8692755616363153 84 50 23 0.70603513950388952 5 535 8 195 4 477 2 222 3 198 1 195 14 227 10 211 11 205 12 239 18 247
56 0.28533849762173291 0.4660394632984407 7.0629508167835597 123 95 58 0.58647195190380319 5 667 8 196 2 431 1 204 6 238 13 213 7 214 10 212 15 255
57 -1.039374611772016 0.59999524504451573 6.9860630884345181 114 76 57 0.27154074273892315 5 551 8 201 4 493 2 438 3 350 1 333 6 249 14 241 7 226 10 221 15 263 12 255
58 -1.067115788052426 0.62298623882136173 7.0099733482072235 62 26 10 2.3530990402408687 5 334 8 202 4 304 2 443 3 220 6 392 14 246 4 632 13 221 10 224 16 343 1 216 3 221
60 -1.1408657924873606 0.64637591904564207 7.0050716496187952 108 66 48 0.22215064056426498 5 559 8 204 4 509 2 448 3 358 1 219 14 247 13 222 7 231 10 230 11 224 15 272 12 262 18 256
61 -1.1205944051085834 0.67749398982167119 7.0237127384337894 114 80 55 1.3408339200662371 5 674 8 206 4 635 2 561 3 360 3 457 14 399 13 226 13 376 7 232 7 381 10 379 11 380 15 280 15 434 12 265 12 430 18 257 17 168 23 87 23 89 22 111 24 95 25 114 29 95
62 0.21986835332545518 0.6798372354109592 7.1809648711185181 93 75 51 1.9902975010433746 5 679 8 211 4 795 1 227 13 232 10 234 18 384 16 179 17 315 23 97 22 119 6 541 25 184 27 119 29 99 26 139 40 95 40 97
64 0.55960371824508781 -0.61750051482244062 6.385138323196399 134 112 81 0.43645504942754954 5 584 8 282 4 533 2 483 3 273 6 338 14 137 13 300 11 313 15 130 12 347 16 223 17 267 23 25
65 0.68057770798810846 -0.60236131318734598 6.4049001993867609 92 81 59 0.49798776588824556 5 586 8 283 4 537 2 485 3 394 1 277 6 339 14 342 13 303 7 313 10 320 11 314 15 361 12 348 18 295 38 21 46 27
66 0.65657380740442073 -0.59295908630810434 6.4237348182039709 118 107 88 0.53755676308513389 5 587 8 284 4 541 2 486 3 276 6 341 14 343 13 304 7 314 10 142 15 362 12 349 18 58 38 197 20 24 19 19
67 0.71005421812017822 -0.58994493307206142 6.4142990115537852 85 77 56 0.30764727338863301 5 589 8 285 4 353 2 325 3 277 1 278 6 343 14 344 13 305 7 315 10 321 15 139 12 351
68 -0.46831011025326275 -0.53801697742959331 6.3193164054582018 142 124 101 1.5750334529364833 8 286 4 58 15 146 5 75 12 471
71 -0.51947548493074192 -0.30564953886801827 6.4571092615772026 114 64 10 0.5683994180000167 5 706 8 289 3 402 1 391 14 446 7 322 15 369 17 264 24 42 38 68
72 -0.66442639082422505 -0.29675951187919358 6.4305813295876497 113 62 8 0.87897131038649234 5 705 8 290 4 661 2 601 3 400 1 389 6 432 14 449 13 310 7 432 10 330 11 424 12 473 18 336 17 110 16 232 23 34 22 56 24 41 25 52 29 45 34 33 38 77 20 75
73 -0.94232516132051436 -0.28435243533566207 6.397551061567369 108 59 10 0.4575778460082176 5 598 8 291 4 557 15 373
76 -1.1413546636858258 -0.2371699426708678 6.4029057332739781 91 57 25 0.15657683056416677 5 604 8 294 4 560 3 289 1 289 6 349 14 352 13 316 7 331 10 338 11 334 15 381 12 367 16 113
77 -1.1411153271789185 -0.23696193572157445 6.4018423191900276 91 57 25 0.14561837575212075 5 605 8 295 4 559 3 290 1 290 6 350 14 353 13 317 7 332 10 339 11 335 15 382 12 368
78 -1.0779088680729076 -0.24085517559660719 6.4067969059010021 94 55 21 0.13612177188804842 5 607 8 296 4 561 3 291 1 287 6 351 14 354 13 318 7 329 10 336 11 332 15 383 12 365
79 -1.0781932317214851 -0.24110444402372727 6.408189558556681 94 55 21 0.16342948963464463 5 606 8 297 4 562 3 292 1 288 6 352 14 355 13 319 7 330 10 337 11 333 15 384 12 366 16 117
81 0.44364731537888613 -0.22482287945700988 6.6327165992907604 163 151 127 0.30956887226944324 5 718 8 299 4 667 2 497 3 409 1 395 6 354 14 356 13 322 7 336 10 341 11 337 15 385 12 371 18 324 16 321 17 293 28 47 23 46 24 48 27 64
82 0.23176551407502238 -0.20623575138717609 6.6169276887440933 152 145 126 0.2876430395552167 5 614 8 300 4 567 2 501 3 299 1 293 6 355 14 357 13 325 7 337 10 342 11 338 15 388 12 374 16 317 17 290 28 44 23 43 22 60 41 32 44 45 35 63
83 0.39338278026364815 -0.19114806837494766 6.6530713901032223 165 154 130 0.28189988626252355 5 723 8 302 4 675 2 503 3 415 1 399 6 443 14 461 13 326 7 339 10 445 11 340 15 389 12 375 18 325 28 49 23 48 22 66 24 53 25 63 27 70 29 56 26 48 30 41 31 30 38 223
84 0.39354138133473182 -0.19031901290627021 6.6496739721297429 165 154 130 0.23883982414348887 5 724 8 303 4 676 2 504 3 416 1 400 6 444 14 462 13 327 7 340 10 446 11 341 15 390 12 376 18 326 16 242 17 294 28 50 23 49 22 67 24 54 25 64 27 71 29 57 26 49 30 42 31 31
85 0.078347745745135158 -0.16905605378327154 6.6132611611302421 89 99 42 0.26653240971640413 5 616 8 304 4 677 2 505 3 300 1 294 6 356 14 360 13 328 7 341 10 344 11 342 15 391 12 377 17 388 28 48 23 47 22 65 24 52 29 58 26 47 36 42 31 32 47 35 42 22
86 0.48917487812259292 -0.14289900230990837 6.6916167212454001 93 71 25 0.39558759845915958 5 620 8 305 4 388 2 513 14 171 13 166 17 152 28 53
87 -0.35157240634524489 -0.10193506452713598 6.5919699303709161 128 84 6 0.96258167589652144 5 467 8 308 4 680 2 511 3 418 1 402 1 487 6 446 14 173 13 331 10 168 15 393 22 70 30 46 33 30 40 59 47 33
88 -0.38469756754098083 -0.097247560022189219 6.5832477024402909 130 87 2 1.3668388433885132 5 618 8 309 2 510 1 138 6 357 7 163 11 158 12 384 18 350 25 69 26 53 34 48 30 45 30 47 31 38 38 90 44 42
89 -0.36621297767121075 -0.054839898148304769 6.6315336093401545 121 90 2 0.31437084258696563 5 622 8 313 4 570 2 514 3 422 1 297 6 358 14 362 13 333 10 169 11 159 15 197 12 180 16 129 28 56
91 -0.25358169526590546 -0.026197631589857957 6.659331765277976 135 107 5 0.52095987955745571 5 627 8 316 4 687 2 516 3 425 1 408 6 452 14 471 7 168 4 390 10 171 12 389 18 355 17 135 28 128 22 78 29 60 34 57 31 45 46 62 44 50
92 -0.53856606353213488 0.0010540865372890445 6.6139911685809682 121 80 2 1.4555310212441488 5 164 8 319 4 142 2 120 1 409 14 367 13 337 7 347 10 350 12 391 28 59 23 56 22 80 34 59 47 40 42 21
93 -0.57012896163174553 0.017959671866469375 6.6453189295464297 116 77 5 0.89189819756874289 5 478 8 320 4 578 3 306 1 298 14 368 13 338 10 351 11 346 15 397 16 245 17 129 27 77 35 56
94 -0.63521642083551955 0.069533466555843582 6.6735625650402666 118 83 9 0.38132614041433582 5 486 8 322 4 403 2 369 3 308 1 300 6 195 14 184 13 341 7 349 10 178 11 169 15 202 12 190 18 184 16 247
95 0.20458338294553546 0.19463925329142492 6.8753170225852793 73 66 45 0.39827351914006792 5 501 8 327 4 594 2 392 3 320 1 313 6 211 14 200 13 349 7 190 10 190 11 177 15 222 12 204 16 263 17 171 23 69
96 -0.67239619880803114 0.26684240255023955 6.8021454429814314 137 102 41 0.51899885521958977 5 642 8 328 4 596 2 527 3 324 1 420 6 366 14 376 13 352 7 356 10 355 15 230 12 399 18 206 16 259 4 703 28 70 23 70 22 89 24 75 25 96 26 76
97 -0.53343313458924313 0.28253712399922853 6.8424403634189765 102 79 43 0.64082628731615676 5 646 8 330 4 705 2 530 2 627 3 435 1 316 6 369 14 377 13 193 7 196 18 205 23 73
98 -0.63694204340106897 0.29403193728971816 6.8313107968891416 96 70 37 0.53162992773278805 5 743 8 331 4 706 3 518 1 422 6 462 14 483 13 353 7 358 10 356 11 360 15 404 12 400 18 210 28 137 27 94 29 77 34 70 38 253 46 71
99 0.76641195879880408 0.31509658131875395 7.0331838703566341 138 111 68 0.27679848001891494 5 652 8 332 4 607 2 537 6 373 14 382 13 354 7 360 11 363 15 405 12 402 22 99 24 81 25 103 34 74
100 -1.1722414865255053 0.36402906930664292 6.7821178975548388 83 57 30 0.9100713082033226 5 745 8 335 4 707 2 531 1 425 13 453 15 410 12 503 18 385 28 80 23 131 22 94 24 76 27 95 34 71 46 81
101 -1.1730642182290305 0.36375951267781631 6.7820631067065742 83 57 30 0.94702917163021894 5 746 8 336 4 708 2 532 1 426 13 454 15 411 12 504 18 386 28 81 13 202 6 224 23 132 22 95 24 77 27 96 34 72 46 82
104 0.13236443178786197 0.38537513845597776 6.9830819300662714 95 69 35 0.48282221250800522 5 659 8 339 4 610 2 544 1 427 6 377 14 383 13 355 7 367 10 361 15 414 12 404 23 80 22 101 25 105 29 82 26 80 34 77 33 56 40 86
105 -1.208339286060186 0.45092484324037568 6.8528786328337725 107 76 48 1.6105556226241784 5 754 8 341 2 539 3 438 1 321 6 469 2 541 14 385 13 357 7 467 10 472 11 365 11 466 15 418 12 515 18 241 23 136 24 80 34 79 31 62
106 -1.1675682490410249 0.47791485142166473 6.8870349566406848 85 47 24 0.32488735529748047 5 534 8 342 4 616 1 325 6 380 10 364 15 420 1 431 12 414
108 -1.1408442184539094 0.5010054780622335 6.90439121195217 105 73 46 0.30401476485356055 5 664 8 344 4 619 2 546 3 344 1 329 13 360 10 365 11 366 15 421 12 244 18 243
109 0.94318248372656099 0.45839820727565095 7.1618951551093355 150 122 75 0.29992495063265617 5 668 8 345 4 623 1 331 6 382 14 389 13 359 7 368 10 367 11 368 15 419 12 410 28 90 25 111
110 0.87975849072296319 0.47186318103301239 7.1434190913599993 145 118 75 1.1762934639052707 5 669 8 346 4 624 2 435 3 348 6 384 14 497 13 362 7 371 15 256 6 239 29 142 5 763 33 62
111 -1.3072148449018395 0.60896899975068075 6.9537133396896804 100 74 48 0.7987583795803711 5 765 8 348 4 720 2 550 1 437 6 481 7 375 10 484 11 474 15 517 12 517 18 394 17 297 23 142 22 106 45 121
112 -1.352017943541064 0.63424091647840297 6.9616439132147603 56 39 22 0.31078599724763389 5 671 8 351 2 553 3 355 1 339 6 393 14 392 13 371 7 377 10 372 11 374 15 430 12 427 18 396 28 89 22 108 24 88 25 178 27 103 31 65 38 179 40 124 20 200
114 0.57901727196067188 0.61496583683381201 7.2186184211465774 125 97 58 0.54661657626725457 5 677 8 354 4 638 2 566 14 248 7 379 11 379 28 96
116 -1.1628057580604183 0.68157687542706447 7.0225486341127938 113 80 55 0.43213354391913655 5 771 8 358 4 725 2 562 3 458 1 447 6 486 14 250 13 377 7 382 10 380 15 435 12 431 18 261 28 92 23 86 22 112 24 94 25 115 27 111 29 94 36 73 33 67
118 -1.0845464193023895 -0.77536548905337821 6.0942261867906007 164 105 43 0.26205673173686805 5 383 8 398 4 6 2 23 3 51 14 436 13 417 7 421 10 426
119 -1.1133303263576624 -0.7721031981297527 6.0626327349953861 139 83 25 0.87072328669410315 5 382 8 399 3 380 1 374 6 422 14 435 13 416 7 420 10 425 11 413 15 460 12 464 23 331
120 0.02056550584922651 -0.76896552998202383 6.1880386458969152 137 83 14 1.2944799138947081 5 574 8 402 4 530 3 389 1 76 7 423 11 417 15 463 12 467 17 251
122 -0.81673434926675559 -0.28761645940532415 6.4198018434277779 109 60 9 0.37786392780384997 5 704 8 407 4 659 2 599 1 390 6 430 14 451 13 427 10 439 11 425 15 476 12 474 17 261 28 117 22 55 24 39 27 55 29 42 26 40 30 35 40 53
123 -1.0263428821680267 -0.26072229602374469 6.4034924485943492 91 55 27 0.252923981327212 5 707 8 408 3 489 6 433 14 452 13 429 10 440 11 427 15 477 12 477 18 460 34 36
125 0.39629820989156289 -0.21768718493868044 6.6185928404258743 54 43 22 0.38017653899168524 5 719 8 413 4 669 2 498 2 605 3 410 1 396 6 438 14 458 13 323 7 435 10 442 11 435 15 386 12 372 18 449 16 240 17 138 28 45 23 44 22 61 24 46 25 59 27 66 29 52 26 42 36 37 34 39 31 26 38 221 40 38 46 40 45 17 19 39
126 0.39627969094717624 -0.21776254801676631 6.6194447430160235 54 43 22 0.33438623513404886 5 720 8 414 4 670 2 606 3 411 2 499 1 397 6 439 14 459 13 324 7 436 10 443 11 436 15 387 12 373 18 450 17 139 28 46 23 45 22 62 24 47 25 60 27 67 29 53 26 43 36 38 34 40 31 27 38 222 40 39 46 41 20 51
127 0.42481767715312663 -0.20320014561365127 6.6452310143149109 50 43 21 0.3096202113905106 5 721 8 415 4 673 3 495 1 483 7 437 15 482 17 146 28 122 23 117 22 63 24 50 25 61 27 68 29 54 26 44 36 39 34 41 30 39 31 28 33 26
128 0.42359057996804106 -0.20297354429869632 6.6357822741211301 50 43 21 0.40361031179915247 5 722 8 416 4 674 2 608 3 496 6 440 14 460 13 431 7 438 10 444 11 437 15 483 12 479 28 123 23 118 22 64 24 51 25 62 27 69 29 55 26 45 36 40 34 42 30 40 31 29 33 27 17 141 46 42
129 0.32070662849169779 -0.168781125669036 6.653401225986185 157 149 128 0.21761490437630396 5 725 8 419 4 678 2 609 3 417 2 508 1 401 6 445 14 463 13 432 7 439 10 447 11 438 15 392 12 378 18 136 16 322 17 393 28 51 23 50 22 69 24 56 25 68 27 72 29 59 26 50 36 45 34 44 30 43 31 37 33 28 41 37 47 42 44 51 42 26 35 68
130 -0.42854149350172455 -0.093345127892973487 6.605556809021019 129 81 1 1.1114368963788903 5 726 8 420 4 681 3 419 6 447 14 464 13 433 7 342 10 448 11 439 15 194 18 351 23 51 22 138 24 57 25 70 38 241 40 65 46 61 20 85
131 0.12077227188316936 -0.059092472603253336 6.6924712451171331 114 102 77 0.25478007726043495 5 730 8 424 4 685 3 502 1 406 6 451 14 469 13 439 7 443 10 452 11 446 15 488 12 485 18 154 16 327 17 397 28 126 23 121 22 77 25 76 27 75 26 58 3 424 34 56 30 50 33 35 41 41 47 49 44 55 42 29 35 70
132 -0.29684702882372127 -0.044025154162850515 6.6504792077514976 139 107 13 0.70016978910638306 5 624 8 425 4 573 2 515 14 364 7 344 11 445 18 354 16 323 17 132 28 58 23 54 38 94 40 66
133 -0.69326061982625975 0.10020061254366246 6.6877071856699208 152 122 53 0.31978578768364535 5 734 8 430 4 692 2 616 3 427 6 457 14 475 13 442 7 449 10 457 11 452 15 495 12 491 18 188 28 132 23 61 22 83 25 83 27 83 29 67 26 67 36 53 34 63 30 53 46 67 47 47 42 24 35 62
136 -0.57776059173547922 0.2398293700751824 6.7850451486978471 121 79 6 0.45420111632073373 5 738 8 436 4 428 2 622 25 91 31 56 47 56
137 -0.1561952195028761 0.22860749875913092 6.8499319937533443 48 36 17 0.24620702703824596 5 740 8 437 4 700 2 623 3 517 1 418 6 460 14 480 13 449 7 452 10 460 11 454 15 500 12 496 18 187 28 74 23 130 25 95 27 165 36 60 33 51 35 139
138 0.48297267438393243 0.3049850371490227 6.9855296498288917 107 81 43 0.54512243398834959 5 816 8 439 2 696 3 588 6 528 14 555 13 452 13 509 7 454 7 512 10 530 11 522 12 555 17 192 28 189 26 161 30 96 46 133 41 100 47 117
139 -0.72122507181660189 0.36123418074209868 6.8596678766963031 110 83 53 0.54298397632776141 5 810 8 440 4 770 2 693 3 524 1 504 6 525 14 560 13 515 7 455 7 518 10 534 11 526 15 503 18 485 28 184 23 181 24 202 25 169 27 225 31 96 38 257 46 143 45 112
140 0.43602999980850443 0.33694236215314383 6.99229002204771 135 107 68 0.32650372211768403 5 752 8 442 4 783 2 630 3 527 1 509 6 468 14 490 13 455 7 457 10 465 11 463 15 502 28 141 23 137 22 165 24 156 25 173 26 129 36 114 34 122 31 59 47 119 44 123
141 -0.76487611824447521 0.36770837505099424 6.8605836746667581 107 86 53 0.58034814784197064 5 811 8 444 4 772 2 694 3 525 1 505 6 466 14 486 7 458 10 464 11 460 15 505 12 502 18 487 28 185 22 161 24 201 27 170 29 136 26 124 34 117 30 57 33 54 38 261 46 145 41 93 44 116
142 -1.190386832034944 0.39696948551724714 6.8171551051647663 104 78 51 0.71927289362097413 5 812 8 448 4 774 13 457 10 469 12 509 18 488 28 139 22 159 25 170 27 171 36 111 30 100 33 105 40 106 43 35
143 -1.1904227575125279 0.39717190567489691 6.816633990034223 104 78 51 0.70967220327144964 5 813 8 449 4 775 13 458 7 460 10 470 12 510 18 489 28 140 22 160 25 171 27 172 36 112 30 101 33 106 40 107 43 36
144 0.2197877817042804 0.41935837798151376 7.0199739299390282 121 98 58 0.31989894621502513 5 758 8 450 4 715 2 637 3 444 1 432 6 471 14 493 13 459 7 461 10 473 11 468 12 506 18 377 27 101 26 82 36 64 34 80 33 57
145 0.26535507563209032 0.41968620118805305 7.0233486460173733 122 94 56 0.41651569204258559 5 759 8 452 4 716 2 638 3 535 6 473 14 495 13 461 7 463 10 475 11 470 12 507 18 375 22 168 25 175 27 181 26 132 36 65 38 121
146 0.2657807124054396 0.41988218820243717 7.0232277365536753 122 94 56 0.38202895869099635 5 760 8 453 4 717 2 639 3 536 6 474 14 496 7 464 10 476 12 508 18 376 22 169 25 176 27 182 26 133 36 66 38 122
147 0.0096507873367617913 0.43223248768152533 7.0030644962092952 111 85 50 0.30078636533078534 5 757 8 454 4 713 2 636 3 534 1 433 6 475 14 386 13 464 7 466 10 478 15 415 12 513 18 380 23 141 25 107 27 99 36 63 34 81 46 76 47 65
148 -1.3227117116053371 0.47623674132133259 6.8480835393303217 97 72 45 0.57987521383609208 5 755 8 455 4 711 2 635 3 532 1 515 6 470 14 492 7 468 10 480 11 471 15 512 12 516 18 491 16 340 17 149 28 143 23 138 24 157 25 174 29 141 26 131 36 116 30 59 33 110 38 171 46 150 47 57 45 69
149 0.91668268905273009 0.48118179697223828 7.163523985713109 126 97 55 0.58961606585779924 5 764 8 456 4 719 3 450 1 436 6 477 14 499 13 465 7 215 4 291 10 483 11 473 15 513 12 514 28 147 23 83 24 89 27 184 26 86 31 64 33 63
150 -1.0250282799453507 0.65673204694380027 7.0097479747308054 106 72 47 0.62210102679111934 5 340 8 460 2 646 3 538 1 444 6 484 14 505 13 469 7 470 11 482 15 519 12 521 18 392 16 271 22 171 24 162 25 182 27 187 29 145 26 88 36 68 34 82 33 66 38 268 41 54 44 73
151 0.023992916260954351 -0.80171228383016602 6.1963428105289751 48 20 0 0.691997941189748 5 783 8 469 4 736 2 660 3 477 1 459 6 498 14 519 13 418 7 422 7 475 11 414 11 488 15 461 12 463 18 422 16 307 17 453
152 -0.80681990271296122 -0.75217929717232357 6.1237134826511408 32 12 0 0.570953272761615 5 781 8 470 4 734 2 658 3 562 1 537 6 497 14 520 13 476 7 476 10 495 11 489 15 529 12 533 17 437 25 239
154 -1.3303740058675959 -0.59982910983724902 6.1505261353429264 75 16 14 0.59945851116810067 5 784 8 475 4 739 3 480 6 499 14 522 13 478 7 481 10 500 11 492 15 531 12 537 18 523 16 308 28 111 23 156
155 -1.319742373543088 -0.59368295877226451 6.1224195996733037 75 16 14 1.3685365875843245 5 785 8 476 4 740 3 481 14 523 13 479 10 501 12 538 17 511 18 522 28 112 23 157 24 27 24 120
156 -1.2036299179317171 -0.61096705544255725 6.152063923589516 120 103 88 0.98124227045557422 5 694 8 477 4 30 5 405 2 480 3 70 1 87 6 139 15 356 12 136 18 121
157 -1.2036299179317171 -0.61096705544255725 6.152063923589516 120 103 88 0.98124227045557422 5 693 8 478 4 29 5 404 2 479 3 69 1 86 6 138 15 355 12 135 18 120
159 0.72423385704150722 -0.63420418296266734 6.3905555936212117 95 87 66 0.56445463602435275 5 846 8 480 4 802 2 664 3 569 1 541 14 527 13 482 10 557 11 552 15 533 12 534 18 508
160 0.55027446424024862 -0.56191978398428999 6.4288908676825898 95 80 41 0.7552692706365165 5 789 8 481 4 748 2 595 3 488 1 469 6 507 14 531 13 483 7 485 10 505 11 498 15 534 12 539 18 429 17 273 16 110 22 133 24 125 26 187 36 27 38 28
161 -1.3244942171680849 -0.49268086643668318 6.212191989245416 133 105 96 0.32614142022114889 5 787 8 482 4 744 2 665 3 570 17 348 38 335 40 167
163 -1.1550208488085494 -0.3273059549814159 6.3492937783359285 125 109 90 0.97513222562054791 5 441 8 486 4 365 2 78 3 108 1 115 1 472 14 153 7 319 11 324 11 502 15 166 15 540 18 347 17 257 22 51 27 51 40 55
164 0.30438103070387451 -0.31789767884430897 6.5387145522866374 54 43 21 0.35128120560387072 5 859 8 488 4 814 2 670 3 577 14 587 13 486 7 552 10 574 15 542 18 519 28 169 23 164 22 189 24 181 27 209 29 166 36 135 34 139 31 79 15 544 38 315 40 156 46 118 41 152 47 135 44 148 42 111
165 0.30174213626296009 -0.27762583276477165 6.5641827745437658 165 151 124 0.64681283029701087 5 791 8 489 4 749 2 603 3 491 1 479 6 564 14 592 13 487 13 539 7 490 7 557 10 509 11 432 11 504 15 545 12 475 18 123 16 426 17 478 28 42 28 170 23 116 23 165 23 237 22 59 22 190 24 137 24 182 25 150 25 201 27 62 27 210 29 50 29 169 26 41 36 34 34 101 34 144 30 80 33 88 46 38 41 80 47 99 44 103 42 112 44 149 35 179
166 0.38828686297081544 -0.24850183924879402 6.5995506012835712 161 150 120 0.27992347279112767 5 792 8 490 4 751 2 671 3 492 1 480 6 510 14 538 13 488 7 491 11 505 15 480 15 546 18 446 16 374 17 480 28 119 23 166 22 136 24 138 25 151 27 149 29 128 26 109 36 90 34 102 30 81 31 80 33 89 40 36 38 320 46 39 41 85 47 102 44 107 42 81 35 131 39 52
169 0.46078338303763372 -0.15184576999482566 6.6735555592587961 48 44 20 0.86256869288647364 5 795 8 493 4 756 2 674 3 581 1 486 6 511 14 539 13 491 10 514 11 506 15 549 12 543 18 327 16 379 17 484 28 173 23 169 22 196 24 188 25 206 27 213 29 171 26 152 30 44 30 83 31 82 33 91 46 44 46 45 41 90 47 105 44 111 42 86 35 72
170 0.74484640173773253 -0.084504269778318958 6.7511292270182084 128 64 20 0.83324316480254301 5 865 8 495 4 883 2 678 1 492 6 515 14 542 13 549 7 498 10 517 15 486 12 603 18 452 16 514 28 175 23 59 22 147 24 192 25 78 29 130 26 205 34 106 31 137 33 139 38 324 40 41 46 50 46 52 47 54 45 19
171 0.74335785510157726 -0.085180744883728912 6.751024245378102 128 64 20 0.65271546875989361 5 866 8 496 4 884 2 679 1 493 6 516 14 543 13 550 7 499 10 518 15 487 12 604 18 453 16 515 28 176 22 148 24 193 26 206 31 138 33 140 40 42 46 51
172 -0.4524366443079893 -0.031737480979475867 6.6398931477834795 131 92 3 1.1370318626769911 5 797 8 497 4 757 2 676 3 501 1 490 6 514 14 544 13 494 7 444 7 500 10 451 11 447 28 57 23 120 22 143 24 190 25 74 27 153 36 98 34 105 38 102 46 64 42 20 45 50
173 0.8576859332605844 -0.063941578048616457 6.7888935102495243 66 54 27 0.22612698242065851 5 799 8 498 4 823 2 681 3 583 1 555 6 574 13 495 7 568 11 508 15 551 12 545 28 177 23 172 22 199 25 208 27 217 29 174 36 141 34 107 31 86 33 143 40 162 46 124 45 96
174 0.85802452420066033 -0.06432605069853653 6.7901734688025055 66 54 27 0.29692834085628861 5 800 8 499 4 824 2 682 3 584 1 556 6 575 14 546 13 496 7 569 10 519 11 509 15 552 12 546 16 332 17 407 28 178 23 173 22 200 24 194 25 209 27 218 29 175 26 111 36 142 34 108 30 86 31 87 33 144 40 163 46 125 41 94 47 111 44 117 42 41 45 97
175 -0.64052866907748196 0.0013744382287245859 6.6377446464838297 113 45 7 0.77871961950380997 5 798 8 500 4 820 2 680 3 643 1 554 6 517 14 545 13 553 7 501 10 520 11 510 15 613 12 547 18 466 16 431 17 537 28 174 23 55 24 265 27 156 29 64 36 48 34 58 30 135 33 94 41 84 47 37 35 50 32 131
176 -1.1509286944128241 0.090185549089005571 6.6201482900985296 53 40 20 0.37113855020407271 5 801 8 502 4 760 2 684 3 505 1 495 6 518 14 548 13 500 7 502 10 522 11 450 15 493 12 548 18 549 16 243 17 281 28 130 23 171 22 149 24 145 25 162 27 157 29 131 26 112 36 99 34 109 30 87 31 89 33 95 40 178 46 134 41 27 47 34 44 40 42 16 35 47 32 134
177 -0.73149263167882783 0.16268377787361671 6.7223378866410917 148 121 69 0.34787989059854368 5 802 8 503 4 763 2 617 3 510 1 497 6 519 14 549 13 502 7 504 10 523 11 512 15 554 12 551 18 476 16 382 17 391 28 134 23 124 22 152 24 147 25 166 27 221 29 132 26 117 36 100 34 110 30 89 31 90 33 97 40 85 46 136 41 42 47 106 44 112 42 84 35 66 45 59 32 50
178 -0.09181743735634032 0.15672518269339916 6.813679459617803 47 35 20 0.53321205757619128 5 803 8 504 2 686 14 550 13 503 7 505 12 550 18 467 23 177 24 198 25 210 27 222 29 178 26 157 36 102 34 111 30 90 38 110 40 78 46 129
179 -0.089357321959026667 0.15092234085961054 6.7884783504938202 47 35 20 1.3880196099830069 5 804 8 505 7 506 27 161 26 158 36 103 34 112 30 91 40 77 38 103 44 66 42 93
180 -0.23367315815191197 0.19766690434563566 6.8178788682455034 157 128 60 0.39477234618999923 5 805 8 506 3 513 1 500 1 560 6 521 13 504 11 515 12 552 18 367 25 211 29 134 8 435 26 118 34 113 30 93 30 139 31 91 33 98 46 69 47 112 44 115
181 0.1711817444573191 0.21186230448437715 6.8831782947197322 43 38 16 1.6197189216149399 5 808 8 507 4 436 5 239 2 180 2 624 3 585 13 505 7 508 11 516 16 387 23 72 27 166 33 203 35 195
183 -0.29709314122218183 0.28251860068680479 6.8477491903299095 109 86 47 0.94654025893386495 5 874 8 509 4 829 2 692 3 587 1 565 6 579 14 554 13 508 7 579 10 590 11 520 18 545 29 182 38 250 40 175 46 188 45 111 32 47 43 30 48 34
184 0.40936531335574072 0.31027466637146417 6.9753125082770877 110 83 50 0.22934750092345468 5 815 8 510 4 777 2 695 3 589 6 527 13 511 7 511 10 529 11 521 15 559 12 556 18 365 16 393 28 188 27 176 29 183 34 116 31 95 33 99
185 0.34768950097978102 0.3141581548468908 6.9640220663322943 108 82 47 0.50080027725140419 5 814 8 512 4 776 2 699 1 566 7 514 11 457 22 164 24 205 27 173 26 79 31 94 46 70 41 98
186 0.26218709821681441 0.32338639342332376 6.9620988609252104 101 71 38 0.33388622492140391 5 817 8 513 4 778 2 697 3 591 1 506 6 529 14 556 13 512 7 515 10 531 11 524 15 561 12 558 18 470 16 392 17 410 28 186 23 182 22 162 24 203 25 172 27 174 29 184 26 125 36 147 34 118 31 92 33 102 41 97 47 114 44 76 42 47 39 63
187 0.26203119575765765 0.32343322121921331 6.9628358615609169 101 71 38 0.2855126711851278 5 818 8 514 4 779 2 698 3 592 1 507 6 530 14 557 13 513 7 516 10 532 11 525 15 562 12 559 18 471 28 187 23 183 22 163 24 204 27 175 29 185 26 126 36 148 34 119 31 93 33 103 40 79 47 115
188 0.53481918925900829 0.32204364537460733 7.0015292330312739 139 115 67 0.2926008939677881 5 821 8 515 4 782 2 702 3 594 1 508 6 532 14 561 13 514 7 517 10 535 11 528 15 560 12 557 18 468 28 192 23 184 22 207 24 206 25 216 27 228 34 121 31 100 33 104 40 172 46 135
190 0.22062837757009623 0.35783822205164628 6.9855986827923333 124 100 57 0.29833362145957276 5 823 8 517 4 784 2 703 3 528 1 510 6 533 14 563 13 518 7 520 10 537 11 529 15 563 12 561 18 474 17 411 28 193 23 187 22 208 24 207 25 217 27 229 29 188 26 163 36 115 34 123 30 104 31 101 33 108 38 118 40 82 46 139 41 99 47 116 44 121 42 48 42 96 45 53
191 -1.3100278407795243 0.41376714642829843 6.8163037155481225 101 76 48 0.40905639402246335 5 876 8 519 4 833 2 700 3 590 1 568 6 581 14 610 13 520 7 583 10 593 11 530 15 564 12 567 18 556 28 251 23 249 22 205 24 272 25 214 27 227 29 186 26 162 36 149 34 156 30 142 31 143 33 147 40 257 46 192 47 148 44 160 45 169 48 90
192 -1.2621559338725583 0.47904076211089541 6.8662334411715982 104 77 50 0.52811362305786691 5 827 8 520 4 837 2 708 3 597 1 571 6 583 14 565 13 562 7 524 10 539 11 532 15 566 18 557 28 144 23 188 22 212 24 208 25 220 27 232 26 165 36 150 30 143 31 105 31 145 33 148 38 353 40 112 46 193 45 117 20 326 19 323 43 84 48 91
193 -1.263498364123447 0.4785352148893991 6.8695833513143443 104 77 50 0.44218738130058316 5 828 8 521 2 709 3 598 1 572 6 584 4 836 14 566 7 525 10 540 11 533 15 567 12 568 18 558 28 145 23 189 22 211 24 209 25 221 27 233 26 166 31 106 31 146
196 0.60466011224160099 -0.55732655803572162 6.4263254230845863 162 141 99 0.45579420570678125 5 849 8 534 4 859 2 734 3 618 1 595 6 555 14 582 13 533 7 542 10 558 11 553 15 584 12 584 18 510 16 469 17 531 28 222 23 220 22 242 24 240 38 300 35 229 20 216 19 211
198 -1.1231683919946196 -0.45254265354261231 6.278025426176133 102 51 7 1.1672579547796393 5 848 8 536 3 573 1 543 6 557 14 584 7 607 8 588 14 640 10 560 11 555 15 537 12 589 18 527
200 -1.37118223260891 -0.38958474116028474 6.2698274315420957 79 15 13 0.91923237484041787 5 851 8 539 4 807 2 737 3 621 1 602 6 558 14 649 13 534 7 548 10 568 11 558 15 594 12 592 18 612 16 412 17 454 28 166 23 159 24 178 29 163 38 409 40 236 46 173 45 159 20 313 19 240 43 74 48 81
201 -0.84754585136130078 -0.25428702489574856 6.4351967441003559 124 88 61 0.44214197527799465 5 856 8 541 4 811 2 751 3 633 1 545 6 562 14 589 13 538 7 556 11 563 15 605 12 599 18 615 16 421 17 467 28 235 23 233 22 186 29 167 26 149 36 136 34 142 31 128 33 128 38 240 40 238 46 179 47 95 41 20 20 86 32 117 48 24
202 -0.62559928222611372 -0.26478824913296645 6.4569867747849896 127 93 65 0.30491970283966563 5 857 8 542 4 812 2 753 3 635 1 616 6 630 14 657 13 535 7 553 10 633 11 621 15 601 12 596 18 609 16 424 17 529 28 237 23 235 22 259 24 257 25 266 27 265 29 215 26 198 36 173 34 181 30 127 33 131 38 397 40 229 47 96 35 122 43 67
203 -0.55044275037040336 -0.26748483341127993 6.468647936721017 150 121 95 0.39673627480938661 5 858 8 543 4 813 2 754 3 579 1 546 6 563 14 590 13 536 7 554 10 575 11 560 15 602 12 597 18 533 16 425 28 238 23 236 22 187 24 179 25 199 25 267 27 207 29 168 26 150 36 137 34 143 30 128 31 129 33 126 38 235 40 226 46 174 41 23 35 124 17 473 20 74
204 -0.92576423573497169 -0.24891175603294138 6.4275446261774878 89 54 23 0.35192551326277088 5 855 8 544 4 809 2 749 3 632 1 614 6 560 14 591 13 537 7 555 10 576 11 561 15 604 12 598 18 618 16 420 17 466 28 234 23 232 22 257 24 255 25 264 27 206 27 263 29 213 26 196 36 171 34 140 30 126 31 130 33 127 38 406 40 242 35 117 45 160 20 311 19 304 32 122 48 80
205 0.42680862124456137 -0.27021993353165341 6.5914882634103602 52 43 20 0.75116375934975765 5 861 8 545 2 756 1 548 14 595 13 542 10 578 12 595 18 520 16 372 22 192 24 184 33 133 38 379 40 158 46 170 41 82 44 106 20 359 19 348
206 0.3610850528403885 -0.20697729028105377 6.6211850326514226 161 147 120 0.38652503791995574 5 862 8 546 4 816 2 672 3 580 1 549 6 566 14 599 13 490 7 493 10 513 11 566 15 548 12 542 16 427 17 586 28 171 23 167 22 195 24 187 25 203 27 211 29 170 26 151 36 138 34 145 30 131 31 133 33 136 40 160 46 122 41 88 47 138 44 151 42 83 45 93 39 105
207 0.12691318291771292 -0.10435317765626208 6.660822145552113 50 41 23 0.54160809273295574 5 863 8 548 2 762 3 641 1 624 6 568 14 600 13 546 7 563 10 583 11 568 15 610 12 602 18 534 16 434 17 542 28 243 23 240 22 264 24 264 25 271 27 272 29 225 26 204 36 93 30 84 31 134 33 138 40 227 46 180 41 119 47 141 44 154 42 115 35 183 43 56 48 62
208 -0.33146580024074102 -0.074810037710911603 6.6354417742160576 149 128 47 0.93439808618938047 5 864 8 549 4 819 2 763 1 552 6 569 14 601 13 547 7 564 10 584 12 605 18 537 23 239 24 60 25 207 27 214 29 172 26 153 36 47 36 139 31 135 38 339 44 43 20 247 19 235 43 18 48 79
209 -0.26502863760250156 -0.065596546482687201 6.6321365241933288 151 131 50 1.0512357115995665 5 155 8 550 3 642 1 625 6 570 13 548 7 565 10 585 11 569 15 550 12 606 16 432 17 539 28 125 23 241 22 197 25 157 27 215 29 173 26 154 36 94 34 149 30 132 31 136 46 60 47 104 44 150 35 130
213 -0.042303851245759271 0.10568649175420228 6.771092312835723 43 37 23 0.80218475247856713 5 870 8 554 14 604 7 574 11 573 15 618 12 611 27 275 29 176 33 180 41 128 44 201 42 148 35 190 39 150
214 -0.042053857493123702 0.10288715507696324 6.763867332686365 43 37 23 0.55411537358560325 5 871 8 555 14 605 7 575 11 574 15 619 29 177 46 128 41 129
216 -0.75613153840963643 0.23431787442686269 6.7740266499156974 143 112 49 0.72030856045055924 5 806 8 557 4 765 2 687 1 561 14 551 13 506 7 509 10 527 11 575 23 179 22 157 24 199 27 224 26 72 36 107 34 114 30 94 40 180 38 149 41 44 47 108 44 60 42 31 32 133
218 -1.1473747289786362 0.31442483256556236 6.7633255769859231 104 78 51 0.43714372148291869 5 873 8 559 4 828 2 767 3 648 1 564 6 578 14 608 13 559 7 581 10 591 11 576 15 622 12 615 18 553 16 440 17 481 28 249 22 270 24 271 27 277 29 231 26 160 36 146 34 155 30 140 31 142 33 146 38 425 40 255 46 190 41 125 47 145 44 157 42 116 32 136 48 84
219 0.58026050162427112 0.29769444810902024 6.9936825449309348 109 83 47 0.35786811136109581 5 875 8 560 4 832 4 889 2 768 3 649 1 631 6 580 14 609 13 560 7 582 10 652 11 577 15 621 12 614 18 541 16 444 28 252 23 250 22 271 24 273 25 279 27 278 29 232 26 211 36 187 34 189 30 191 31 184 33 181 40 171 38 97 46 187
220 -0.10382091667317912 0.42468526464704587 6.9810665870479749 86 61 30 0.41232659160980134 5 879 8 561 4 838 2 771 1 574 6 582 14 613 13 561 7 584 10 594 11 580 15 565 12 566 18 550 23 192 22 214 24 211 26 164 40 181 46 189
221 0.79219333954069249 0.57728544577402585 7.206185707847192 136 105 57 0.40032905729090457 5 920 8 562 4 893 2 775 3 654 1 634 6 586 14 671 13 563 7 585 10 596 15 626 12 618 22 275 25 283 29 235 26 215 34 191 30 193 31 187 33 185 47 172
222 -1.2224862648380797 0.67321055380921957 7.0057046090311772 100 74 47 0.54073689065919706 5 881 8 564 4 840 2 774 3 600 1 576 6 587 14 615 13 564 7 587 10 599 11 583 15 628 12 621 18 629 16 394 17 406 28 256 23 254 24 277 25 224 27 281 29 192 26 168 36 154 34 162 30 147 31 147 33 150 46 194 41 96 47 63 28 200 44 71 44 119
223 -1.364653640369528 -0.59167310171664933 6.1476931450875281 76 17 13 0.5147555355886444 5 885 8 574 4 847 3 610 1 587 6 603 14 627 13 575 7 599 10 609 11 594 15 642 12 637 18 597 16 450 28 209 23 206 38 387 40 217 20 303 43 58
224 -1.3640296167852648 -0.59126359956379826 6.1461521278315985 76 17 13 0.46721110630420332 5 886 8 575 4 848 3 611 2 726 1 588 6 604 14 628 13 576 7 600 10 610 11 595 15 643 12 638 18 598 16 451 17 510 28 210 23 207
225 -0.76792127393105769 -0.61257199459174883 6.2096045072387955 124 111 92 0.84126567970286548 5 923 8 576 4 897 2 782 2 817 3 658 1 643 6 605 6 655 14 629 14 681 13 577 7 597 10 611 10 663 11 596 15 640 12 635 18 639 16 453 17 566 28 268 23 264
226 -1.3261827826540182 -0.56013731398999766 6.1719617295443916 110 81 73 0.43284390036413506 5 887 8 578 4 849 2 729 3 613 1 589 18 648 17 441 28 213 23 208 38 463 40 218 45 141 20 379 43 101 48 111
227 -1.3272095343725649 -0.56004825423320781 6.1708265786595282 110 81 73 0.46298296887560542 5 888 8 579 4 850 2 730 3 614 1 590 6 609 14 633 13 532 7 601 10 556 11 551 15 582 12 583 18 649 16 406 17 442 28 212 23 209 24 123 38 462 40 219 45 140 20 378 19 365 43 100 48 110
228 -1.367109527741627 -0.51434036655974635 6.1941960014985131 76 16 15 0.927804593198299 5 845 8 580 4 801 2 731 4 853 3 615 6 610 14 634 13 580 7 602 10 613 11 600 15 583 12 639 18 604 16 407 17 446 28 215 23 211 24 235 38 398 40 222 42 105 19 299 43 65 48 75
229 -1.3694578203019456 -0.45086121863489181 6.2321589769195267 78 14 15 0.43291706828150356 5 890 8 585 4 858 2 733 3 617 1 593 6 611 14 637 13 583 7 603 10 618 11 605 15 650 12 643 17 448 28 217 23 213 22 237 24 237 25 247 46 214
230 -1.3693021388940765 -0.45258726880806088 6.2326669599196913 78 14 15 0.72738679705276943 5 889 8 586 4 857 3 616 2 732 1 594 6 612 14 638 13 584 7 604 10 619 11 606 15 651 12 644 18 656 16 409 17 449 28 216 23 212 22 236 24 236 25 246 38 401 46 215 20 310 19 303 43 72 48 77 32 114
231 0.71301294689726413 -0.50317518639630898 6.4810356509796847 163 135 72 0.34820609693522681 5 897 8 590 4 864 3 623 1 604 6 620 14 648 13 587 7 608 10 622 11 613 15 587 12 640 18 581 16 505 17 577 28 228 23 226 22 249 24 247 25 257 27 202 38 301 41 115 47 97 44 145 42 110 20 217 19 24
232 -1.3228902242510789 -0.42497453690081499 6.2540930421176704 142 107 101 0.37825106235627454 5 891 8 591 4 860 2 735 3 619 1 598 6 615 14 641 10 623 11 609 15 653 12 647 18 607 16 411 17 452 28 218 23 216 22 238 24 238 25 248 27 253 38 402 40 230 46 216 45 155 19 305 20 312 43 107 48 118
233 -1.3220511583166159 -0.42490890808740078 6.2517801933869652 142 107 101 0.33988645633085457 5 892 8 592 4 861 2 736 3 620 1 599 6 616 14 642 10 624 11 610 15 654 12 648 18 608 16 410 17 451 28 219 23 217 22 239 24 239 25 249 27 254 38 403 40 231 46 217 45 156
235 -1.3251639617041839 -0.36157155239920197 6.2982168065644508 124 97 88 0.40448669638794543 5 853 8 595 4 865 2 741 3 625 1 606 6 622 14 651 13 591 7 609 10 628 11 615 15 595 12 650 18 616 16 413 17 456 28 223 23 222 22 247 24 243 25 255 27 258 29 206 38 413 40 239 46 219 35 113 45 161 20 315 19 308 43 108 48 120
236 -1.3251478572025777 -0.36152026614054333 6.2982525940609664 124 97 88 0.40125353651720241 5 854 8 596 4 866 2 742 3 626 1 607 6 623 14 652 13 592 7 610 10 629 11 616 15 596 12 651 18 617 16 414 17 457 28 224 23 223 22 248 24 244 25 256 27 259 29 207 38 414 40 240 46 220 45 162 20 316 19 309 43 109 48 121
237 -1.3698969813621775 -0.32804102986979344 6.3056363421784836 81 19 19 0.35474991765755842 5 899 8 598 4 868 2 794 3 628 2 745 1 609 6 625 14 653 13 593 7 612 10 630 11 617 15 656 12 652 18 661 28 229 23 227 22 252 24 248 25 261 27 260 29 208 26 191 38 476 46 221 45 192
238 -1.3688735608385434 -0.32767748414016473 6.302445713454401 81 19 19 0.4186570744137677 5 900 8 599 4 869 2 795 3 629 2 746 1 610 14 654 13 594 7 613 10 631 11 618 15 657 12 653 22 253 24 249 27 261 29 209 26 192 40 285 46 222 32 128
239 -0.77344306937752205 -0.2540556005095479 6.4464996665214782 109 79 48 0.41609834995809891 5 902 8 601 4 873 2 752 3 634 1 615 6 629 14 658 13 597 7 615 10 634 11 620 15 603 12 655 18 613 16 422 17 527 28 236 23 234 22 258 24 256 25 265 27 264 29 214 26 197 36 172 34 180 30 172 31 168 33 130 40 237 38 399 46 223 47 24 44 35 35 169 45 157 20 308 19 300 32 116 43 106 48 116
240 -0.22674094688124191 -0.19897046123844991 6.5601597863567216 133 80 4 1.102508565992991 5 906 8 605 4 876 2 801 3 678 1 618 1 666 6 631 14 660 13 601 7 619 10 636 11 564 15 665 12 658 16 478 17 535 23 279 22 309 25 202 26 237 36 212 33 167 38 460 45 147 19 289
241 0.18794253741287539 -0.17246202422296375 6.6335710861563992 52 40 25 0.51180307357326738 5 908 8 606 2 803 3 679 6 634 14 661 13 602 7 620 10 637 11 623 15 666 12 659 18 529 16 483 23 281 24 311 26 201 36 177 34 182 30 175 31 171 33 168 35 240
242 0.18544911450004445 -0.17158025658995818 6.6300411920828779 52 40 25 1.1125890300254475 5 909 8 607 4 879 2 804 3 680 1 620 6 635 14 662 13 603 7 621 10 638 11 624 15 667 12 660 18 530 2 673 16 484 17 541 23 168 23 282 22 194 24 312 25 204 27 212 27 268 26 202 36 178 34 183 30 176 31 172 33 169 46 177 41 155 47 167 44 109 44 194 42 144 35 241 39 146
243 -0.012623443676272716 -0.15569166738980503 6.6062455168555871 84 93 38 0.43021434207259918 5 907 8 608 4 878 2 802 3 681 1 621 6 633 14 663 13 604 7 622 10 639 11 625 15 668 12 661 18 532 16 509 17 582 28 286 23 280 22 310 24 261 25 307 27 311 29 219 26 238 36 213 34 208 30 209 31 203 33 170 38 230 40 169 46 226 41 153 47 165 44 214 42 158 35 271 45 103
244 0.20136016704588219 -0.10745593460996228 6.6721499935928374 159 147 124 0.57959639659469764 5 912 8 612 4 881 2 761 3 683 14 666 13 609 7 625 10 642 11 629 15 672 12 665 18 605 28 289 23 284 22 265 24 314 27 271 30 180 31 176 33 175 40 224 46 227 44 196 45 142
245 0.20377029142801609 -0.10642444623709282 6.6762510710030298 159 147 124 0.6180838296992841 5 913 8 613 4 882 3 684 14 667 13 610 7 626 10 643 11 630 15 673 12 666 18 606 28 290 23 285 30 181 31 177 33 176 38 386 40 225 46 228 41 121 35 187 45 143 20 370
246 0.30586650248775332 0.089983038104659366 6.8405380038380788 50 43 24 0.98914653446230594 5 916 8 615 4 887 2 766 1 628 6 641 14 606 13 557 7 576 10 645 11 634 15 617 12 610 18 659 16 441 17 493 28 247 22 269 24 270 25 277 27 276 26 209 36 182 34 153 30 186 31 179 33 179 38 545 40 286 46 253 35 141 45 220 20 476 19 464 32 184 48 178
247 -0.85654357271446802 0.35395982816070237 6.8322483397863563 72 81 36 1.5081782241939212 5 917 8 618 3 690 10 653 16 489 23 292 33 183 38 421 44 163 20 321 19 316 32 135 43 117 48 128
248 0.049330115590246505 0.351321439843092 6.9615752446937211 100 73 43 0.33826748348036012 5 918 8 619 4 890 2 769 3 650 1 632 6 645 14 670 13 614 7 630 10 592 11 578 15 624 12 616 18 625 17 556 28 253 22 273 24 274 25 281 27 279 29 233 26 212 36 189 34 190 30 192 31 186 33 184 40 251 47 150 42 125 45 165 32 83
249 0.95010949985032833 0.60884641390147465 7.2859920838378134 145 116 75 0.83085523098463088 5 959 8 621 4 929 2 813 3 693 1 679 14 713 7 632 7 676 11 680 12 674 18 626 28 321 23 314 22 319 24 335 25 341 27 344 29 266 26 256 36 222 30 216 31 189 33 68 40 252 46 237 32 81 43 27
251 -0.8481832807523022 -0.54890937964794739 6.2440286473248063 105 54 2 0.5389913750836941 5 924 8 632 4 899 2 818 3 661 1 644 6 657 14 682 13 629 7 642 10 666 11 649 15 644 12 686 18 641 16 455 17 567 16 497 28 270 23 266 24 293 38 495 45 135
252 -0.77557207505128867 -0.54980484434725152 6.2546888425288465 103 54 0 0.64754647928904108 5 926 8 634 2 821 3 699 1 690 6 660 14 685 13 632 7 644 10 669 11 652 15 688 12 688 18 678 16 498
253 0.69854271946794377 -0.5761647964070824 6.4393262138154173 103 95 74 0.82978345800594344 5 935 8 635 4 903 1 650 6 665 14 688 13 633 10 674 11 655 15 689 17 612
256 -0.81489521982265833 -0.48700913126112705 6.2891001361227596 127 112 94 0.38113648220889224 5 933 8 638 4 901 2 788 3 665 1 648 6 663 14 689 13 634 7 647 10 675 11 656 15 648 8 583 11 603 12 692 18 643 16 461 17 518 28 274 23 271 22 292 24 295 38 450
257 -0.81441245838785825 -0.48660739682471649 6.2876087820310298 127 112 94 0.43301088933595622 5 934 8 639 4 902 2 789 3 666 1 649 6 664 14 690 13 635 7 648 10 676 11 657 15 649 8 584 11 604 12 693 18 644 16 462 17 519 28 275 23 272 22 293 24 296 25 295 38 451 40 159
258 0.5461830141005003 -0.49344572042846419 6.4586552587889887 166 148 107 0.95785113177176895 5 939 8 641 4 907 2 826 3 706 1 657 6 666 14 694 13 636 7 649 10 677 11 659 15 693 12 694 18 584 16 540 17 613 28 307 23 274 22 296 24 300 25 300 27 257 38 532 35 266 20 463 19 444
261 0.64534292253940428 -0.43949080511641314 6.51225979006127 161 120 4 0.77852231535606475 5 943 8 644 4 911 2 829 3 672 1 659 6 669 14 697 13 641 7 654 10 679 11 662 15 694 12 698 18 638 16 506 28 309 23 303 22 298 24 302 25 302 27 333 29 250 26 193 40 211
262 -0.49886498411308322 -0.39090057506503811 6.3824824947539405 136 122 99 0.81360108798667596 5 941 8 645 4 908 2 828 3 708 1 696 6 698 4 940 14 695 13 642 7 655 10 680 11 660 15 695 12 699 18 646 16 503 17 609 28 308 23 302 22 332 24 324 25 332 27 300 38 448 40 271 45 21
263 -0.92287103856831221 -0.36248137381279294 6.3570700210660585 126 115 95 0.72484842774855895 5 940 8 646 4 910 2 827 3 671 1 658 6 668 14 696 13 644 7 656 10 683 11 664 15 696 12 700 18 657 16 502 17 521 28 280 23 276 22 297 24 301 25 301 27 302 29 248 26 225 38 467 40 277 35 166 45 218 32 113 19 368 20 382 43 104 48 113
264 -0.97048390936174977 -0.29908404228147795 6.3998093731263381 110 58 10 1.0159647048700453 5 944 8 648 4 912 3 709 6 670 14 698 13 645 7 659 10 684 11 665 15 698 18 688 16 470 17 525 23 304 22 299 22 333 29 251 36 204
265 0.35718531604649173 -0.28872173488420716 6.5825224033847709 81 67 41 0.55601983622176876 5 947 8 650 4 915 2 799 3 675 1 664 6 673 14 701 13 646 7 662 10 688 11 668 15 661 12 702 16 481 17 584 28 285 23 278 22 306 24 308 25 304 27 308 29 254 26 232 36 209 34 205 30 207 31 199 33 195 46 246 41 183 47 183 44 213 42 143 35 238 39 144
266 -1.0862819021056007 -0.24139178265916414 6.41289298912488 93 56 26 0.53902814610298178 5 945 8 651 1 662 6 671 14 699 13 647 7 660 10 685 11 666 15 699 12 704 16 471 28 283 22 303 24 305 27 305 29 252 26 229 36 206 31 196 46 249
268 0.65265972101708802 -0.27801257317511235 6.6221816603844488 109 64 16 0.61250416602223856 5 905 8 653 4 916 2 800 3 676 1 665 14 704 10 689 12 654 12 703 18 593 22 308 24 310 25 306 26 234 40 270 44 195
269 0.10282964783283285 -0.23889021211765055 6.5778035427958477 57 60 17 1.1328493583977646 5 948 8 655 2 831 3 677 6 701 14 703 14 726 7 664 15 702 12 707 16 508 28 313 27 310 29 257 26 236 36 211 34 207 31 202 33 197 35 270
271 0.4385898208910462 -0.041461502419987348 6.7620297841464847 48 42 21 0.56031874799217829 5 949 8 657 4 919 2 832 3 711 1 669 6 675 14 705 13 650 7 666 10 692 11 670 15 703 12 709 18 655 16 513 17 591 28 292 23 287 22 336 24 327 25 310 27 314 29 260 26 240 36 216 34 209 30 210 31 204 33 199 40 311 46 252 41 159 47 187 44 200 42 164 35 246
272 -0.48405969851086039 0.16824913041320586 6.7640880217492656 138 120 85 0.30345772244743846 5 951 8 659 4 920 2 833 3 687 1 671 6 676 14 707 13 652 15 704 18 664 28 315 23 308 22 337 24 328 25 335 27 316 29 285 26 242 36 218 34 211 30 211 31 207 33 201 40 289 46 254 41 186 47 185 44 217
274 -0.9193667275940236 0.27548651192849949 6.7721195869124493 72 82 39 0.80517640392408774 5 954 8 663 4 923 2 835 3 715 1 702 6 680 14 710 13 656 7 671 10 697 11 674 15 708 12 714 18 692 16 488 28 317 23 310 22 341 24 332 25 337 27 340 29 264 26 254 36 235 34 214 30 214 31 209 33 204 38 480 40 321 46 271 41 185 47 188 44 199 42 161 45 225 32 194 19 423 20 441 43 168 48 187
275 0.52378041217645743 0.24761533563449278 6.971455469958169 134 110 62 0.93258653112916934 5 955 8 665 4 924 2 836 3 717 1 675 6 681 14 711 13 657 7 673 10 699 11 675 15 707 12 713 18 662 28 319 23 312 22 342 24 333 25 338 36 220 34 215 30 215 33 205 41 190 47 190 44 223 35 250
277 0.67405458850361344 -0.66031310654452424 6.3664571088057427 125 113 89 1.0829997620703022 5 963 8 671 4 933 2 845 3 726 1 687 6 693 7 681 10 664 15 713 12 719 16 552 17 634 28 305
278 0.67446070479477693 -0.66054469421868633 6.3647334082794993 125 113 89 0.90323841959991369 5 964 8 672 4 934 2 846 3 727 1 688 6 694 7 682 10 665 15 714 12 720 16 553 17 635
279 -0.91310280135070887 -0.59238549990285749 6.197460584060452 127 109 89 0.38364074330123593 5 960 8 673 4 931 2 843 3 724 1 711 6 691 14 720 13 662 7 683 10 705 11 686 15 715 12 721 16 532 28 300 23 299
280 -0.91486662541711861 -0.59434533414360835 6.2060335728236948 127 109 89 0.58555957863710817 5 961 8 674 4 932 2 844 3 725 1 712 6 692 14 721 13 663 7 684 10 706 11 687 15 716 12 722 18 702 16 533 17 601 23 300
281 -0.60348000252304423 -0.49804704020031049 6.2288678684564642 109 56 7 1.1034520960131806 5 968 8 676 4 938 2 848 3 729 8 694 6 713 14 743 13 665 7 704 10 725 11 708 15 741 12 742 24 343
282 -1.1851018806384597 -0.36048839971343122 6.3219709143024847 122 110 93 0.9437917132047805 5 971 8 677 4 939 2 851 3 707 1 695 6 697 14 723 13 666 7 687 10 708 11 690 15 720 12 724 18 713 16 501 17 570 28 306 23 301 22 331 24 323 25 331 27 332 29 279 26 224 38 514 40 314 46 248 35 217 45 221 20 435 19 419 32 187 43 164 48 160 48 181
283 0.40921617236848301 -0.35140223911200058 6.5363087206563053 161 136 33 0.99275427447389997 5 972 8 678 4 941 2 852 3 732 1 698 6 699 14 724 13 667 7 688 10 709 11 691 15 721 12 725 18 701 16 542 17 617 28 311 23 306 22 334 24 326 25 334 27 334 29 281 26 250 36 205 34 203 30 205 31 195 33 193 38 556 40 304 42 141 35 268 20 491 19 477 39 187
284 0.55560250842238457 -0.28267945664749994 6.6200635033453539 161 112 7 0.72295316933882037 5 974 8 679 4 942 2 853 3 734 1 699 6 700 14 725 13 668 7 689 10 710 11 692 15 722 12 726 18 640 16 543 17 641 28 314 23 324 22 335 22 355 24 348 27 335 29 282 26 251 36 230 34 226 30 224 31 222 33 219 40 305 46 265 41 201 47 195 44 239 42 160 35 273 45 178
285 -0.15341412182692779 0.19824999452806749 6.8258489652461698 84 56 33 0.69780651168977181 5 978 8 681 4 944 2 859 3 713 1 700 6 703 14 730 13 673 7 694 10 714 11 696 15 726 12 731 18 690 16 544 17 643 28 316 23 309 23 326 28 330 22 339 24 330 25 359 27 338 27 357 29 287 29 298 26 253 26 269 36 234 34 230 30 225 30 241 31 227 31 243 33 222 38 516 40 319 46 270 41 202 41 212 47 196 44 240 44 250 42 174 35 291 45 194 19 376 20 395 32 166 39 216
286 0.074875674205947443 0.18648711930640105 6.8307507695307406 48 40 20 0.70320718759232415 5 979 8 682 4 945 2 860 3 714 1 701 6 704 14 729 13 672 7 693 10 713 11 697 15 727 12 730 18 689 16 519 17 622 28 331 22 340 24 331 25 336 27 339 27 358 29 288 26 252 36 233 34 229 30 226 31 226 33 223 38 515 40 318 46 269 41 203 47 197 44 219 42 166 35 276 45 222 20 434 19 417 32 189 43 165 48 183 9 55 39 194
287 -1.006684692805222 0.48328676749642246 6.9011421005775748 107 82 53 0.61504912341623552 5 980 8 683 4 946 2 861 3 719 1 703 6 705 14 733 13 675 7 696 10 715 11 698 15 729 12 732 18 696 16 545 17 621 28 332 23 327 22 344 24 351 25 340 27 342 29 289 26 255 36 236 34 231 30 227 31 229 33 225 38 524 40 356 46 274 41 188 47 198 44 220 42 165 35 275 45 228 20 446 19 426 32 198 43 174 48 191 39 193
288 -0.73473786219595227 0.46868827739681174 6.8670885011668767 108 83 52 0.93807449199411308 5 958 8 684 4 927 2 839 3 718 1 704 6 719 14 735 13 674 7 695 10 716 11 699 15 730 12 733 28 320 23 313 22 343 24 334 27 341 46 273
289 -1.1569580097142962 0.61772667605402798 6.9925237782729255 101 67 49 1.3684251223013455 5 982 8 687 4 948 1 707 6 684 11 679 29 291 26 270 36 238 30 229 47 200
294 -0.8040118619072848 -0.39367128658437833 6.3355069304510625 107 55 0 1.2465813134044752 5 986 8 697 4 952 2 865 3 748 1 730 6 728 14 756 13 683 13 695 7 707 11 721 15 743 18 731 16 555 28 340 23 335 22 369 24 356 25 366 38 560 40 366 20 497 19 486 17 632 35 289
295 -0.80319479685950945 -0.39344005572108592 6.3342661313644406 107 55 0 1.1500288814648505 5 987 8 698 4 953 2 866 3 749 1 731 6 729 14 757 13 684 13 696 7 708 11 722 15 744 12 743 18 732 16 556 28 341 23 336 22 370 24 357 25 367 27 362 29 310 38 561 40 367 20 498 19 487 17 633 32 219 9 300
296 0.74637669509762405 -0.18678298782074032 6.6888576243325986 158 99 22 0.76042763393090673 5 990 8 699 4 961 2 867 3 750 1 732 6 730 14 747 13 686 7 710 10 728 11 709 15 745 12 744 18 704 16 564 28 342 23 337 22 371 24 358 25 368 27 363 29 311 26 285 36 272 34 264 30 257 31 255 33 236 40 344 46 281 41 224 47 220 44 259 42 184 45 236
297 0.74614746690260558 -0.18583568622061555 6.6899331726669899 158 99 22 0.73611240096125108 5 991 8 700 14 748 13 687 7 711 10 729 11 710 15 746 12 745 18 705 45 235
298 -0.099745627906183576 -0.021976447827720253 6.7039716108768683 93 39 19 0.81301580573665966 5 992 8 701 4 954 2 869 3 751 1 719 1 733 6 717 14 749 13 688 7 712 10 730 11 711 15 747 12 746 18 714 16 559 17 653 28 343 23 338 22 360 24 360 25 357 27 356 29 313 26 267 36 253 34 252 30 239 31 241 33 237 46 282 41 210 47 205 44 248 42 182 35 306 32 186 39 245
299 -0.90924891226379645 0.077520774821438043 6.6630727835241119 125 78 10 0.92406240311819754 5 993 8 702 4 965 2 870 3 752 1 734 6 734 14 750 14 761 13 689 7 714 10 732 11 712 11 725 15 750 12 747 18 738 16 558 28 344 23 339 22 373 24 361 25 370 27 365 29 314 26 287 36 274 34 266 30 259 31 242 33 238 40 351 46 283 45 242 32 192 43 167 48 186 38 548
300 -1.1559382675221437 -0.54576160744141522 6.1986084843851375 122 106 90 0.68337550434818561 5 996 8 707 4 959 2 878 3 744 1 726 6 726 14 755 13 694 7 722 10 739 11 720 15 757 12 755 18 744 16 549 28 339 23 334 38 572 40 365
301 0.77727591774210103 -0.555550911125823 6.4563816337787729 82 71 49 1.0440988963657081 5 997 8 708 4 960 2 879 3 747 1 729 6 727 10 740 15 739 18 726 16 557 38 531
302 0.54814531052332705 -0.13843549222595905 6.6859405474575677 68 48 23 1.113393572152976 5 998 8 709 4 962 2 880 3 755 1 740 6 732 14 759 13 697 7 723 10 741 11 723 15 758 12 756 16 565 17 658 28 347 23 343 22 372 24 359 25 369 27 364 29 312 26 286 36 273 34 265 30 258 31 256 33 254 40 364 46 299 41 225 47 221 44 261 42 195 35 307 39 262
303 0.51403106503671403 0.057185787857889574 6.8466073620739687 160 110 13 1.4890622285746835 5 1003 8 713 4 968 2 883 6 741 14 767 13 699 10 744 11 726 15 761 12 760 18 735 16 573 17 664 28 357 23 351 24 376 27 372 36 281 34 274 40 368 46 300 41 240 47 230 44 274 42 212 35 325 45 257 32 205 43 182 39 283
304 -0.58225213055681357 -0.12489200697717542 6.5434178423421843 116 45 13 1.2222469984854167 5 1000 8 719 4 966 2 884 3 754 1 739 6 739 14 765 13 702 7 730 10 749 11 732 15 764 12 764 18 746 16 571 28 354 23 347 22 386 24 374 25 386 27 381 29 330 17 663 40 380 35 323 45 264 32 221 43 195 48 214
305 0.3640331780201474 -0.049893813443883703 6.7098034150474373 52 45 23 1.1251233389577204 5 1001 8 720 4 967 2 885 3 758 1 742 6 740 14 766 13 703 7 731 10 750 11 733 15 765 12 765 28 356 23 349 22 387 24 375 27 383 29 331 34 273 30 264 31 263 33 257 40 379 46 310 35 189 45 263 32 144
306 -0.97272733179187576 -0.80536539928891404 6.1171592852877197 141 118 85 0.8003078153057771 5 10 4 1 3 254
307 -0.31964219830792628 -0.83307429084653817 6.1548265371735722 159 148 132 0.97323000625690703 5 688 4 3 7 91 17 443
308 -1.0470979919287566 -0.76716756753899829 6.0749444109605006 213 181 141 1.1162006252841203 5 385 4 8 2 286 3 53 17 431 35 18
309 -0.36781144086672962 -0.81220493280274975 6.1475973799215833 165 143 123 1.6309616783180785 5 778 8 90 4 11 13 119 10 120 18 50
310 0.33219445191153446 -0.83751760175587164 6.2106991753797507 179 148 119 0.89148752493350469 5 24 4 13 17 78
311 0.17740059961340582 -0.80987338386608931 6.1718444975674043 196 143 90 1.2456452682393784 5 572 8 97 4 14 3 264 1 74 14 334 7 310 10 126 11 304 12 114
313 -0.77104240917638578 -0.75339513470087804 6.1159951055759523 113 61 21 0.081745504671310254 5 29 4 16
314 -0.54856317247248199 -0.74687226332241086 6.1553307491969553 90 45 13 0.9669180512627209 8 278 4 18 1 269 6 329 14 335 13 296 7 118 10 318 11 306 12 344 18 305 17 53
315 0.88278770684400865 -0.82619542240340549 6.3203423100520153 207 151 78 2.7612317911447768 5 400 4 21 17 353
316 -0.51154107635727064 -0.71403735151880221 6.1745892303334342 66 26 1 0.43697837772116838 8 109 4 23 7 121 11 123 15 123 17 57
318 0.98837055012219333 -0.7992039279509201 6.3286427843522794 171 104 42 0.23657520975304724 5 46 4 25 2 40
319 -1.3827849781569095 -0.60635154864581753 6.137765339675461 80 27 12 0.14438027224809624 5 51 4 28 1 82
320 -1.3106241934727987 -0.56828341780365188 6.1384855538477856 144 109 105 0.87039853524735611 5 56 4 32 2 42 6 144
321 -1.3484185166673122 -0.57634353114413395 6.1714791300049807 147 109 106 0.24516528103525104 5 58 4 33 2 44
322 -1.2972817319791219 -0.57487461507329052 6.1735091516297471 147 106 103 0.20331411771981231 5 59 4 34 2 47 3 73
323 -1.3244416501485281 -0.53313014410694992 6.1373128163757462 140 108 103 0.93519803923873479 5 61 4 39 3 75 15 140 3 77 12 145
324 0.72531177446457396 -0.67467775160158161 6.3538155207108202 158 138 111 0.070137322683168649 5 62 4 40
327 0.60965956302552948 -0.64923877728631951 6.367115400843649 109 98 79 0.11969130370428156 5 65 4 44 3 80
328 -1.3399624542644375 -0.52195463438838996 6.1990254822000281 72 27 27 0.14307015552775559 5 69 4 45 3 81 1 93 6 148
329 -0.42956344662165125 -0.56549150357319466 6.2890865101378539 171 147 121 0.35874273986476984 5 416 4 47 2 310 6 151
330 -0.49854360203930548 -0.5518814264430929 6.2894554036992449 165 151 127 0.52631003485301275 5 419 4 49 15 143
331 -1.3331829503898034 -0.45481420848332565 6.2065284932242664 149 109 107 1.6392478117138387 5 77 4 54 3 278 1 279 13 307 7 317 18 151
333 -1.3019916614180536 -0.47391405230131028 6.2315729941111933 147 106 104 0.080963759384640718 5 80 4 57 2 63
334 -1.3174423553858423 -0.44372671163917071 6.2271139497442487 147 109 106 0.039148148358188445 5 82 4 61
335 -0.56543896879558375 -0.51424857914817501 6.3389363933643788 168 131 102 0.607743497647941 5 83 4 63 28 30 23 27
336 0.65955612687601517 -0.56307118710814263 6.4502505014998048 155 135 95 0.84327157903290983 5 85 4 67 17 117
337 -0.78210138345286739 -0.46552719763356493 6.3094760744098632 155 129 99 0.53351703036804377 5 87 4 69 1 105 6 156 14 146 11 138 18 130 16 104 22 46 25 39 5 590
338 -0.78223598455304377 -0.46558220050391308 6.3085509411181349 155 129 99 0.53822831713563979 5 591 4 70 1 106 6 157 14 147 11 139 18 131 16 105 22 47 25 40
339 -0.99587228417893292 -0.44160562512674256 6.2925735357049879 149 122 103 0.46711765844679409 5 89 4 72 14 148 15 153 12 154 18 139 22 48 25 41
340 -1.3456906503437243 -0.40764791337026152 6.2662293596993113 154 113 113 0.12027011447320396 5 94 4 75 2 67 1 108
341 -1.3007959170544034 -0.40881038534274272 6.2669654905479604 143 107 101 0.21497379166496905 5 95 4 76 2 68 3 95 1 109
342 -1.3393060994750188 -0.39278511168351227 6.2741130649403427 69 28 26 0.22005415746924792 5 96 4 78 3 96
343 -1.2980649238119217 -0.37502069312900183 6.270302837360715 147 111 103 0.088593886286648882 5 97 4 80 6 160
344 0.65345010271022963 -0.46956939086460675 6.477202350695884 173 139 33 1.201908800263934 5 437 4 85 2 71 3 103
345 -0.95600724566503303 -0.33851917067782356 6.3739992839415107 153 122 92 0.95039563596579479 8 131 4 91 2 81 3 282 1 475 4 556 7 145 11 147 15 163 18 342 16 225 17 91 24 36 25 48 40 47
346 -0.71189107077933822 -0.26964188017555457 6.445481950453078 105 66 25 0.14513409154907439 5 116 4 95 2 85 3 114
347 -0.88549934843517231 -0.24305670333532861 6.4286007025068592 106 60 22 0.28550630838082797 5 119 4 100 2 90
348 -0.7363151585075447 -0.24950184589687541 6.4477635540822407 106 63 28 0.064245293944505691 5 122 4 101 2 93
349 -0.735872721126824 -0.24917093138649898 6.4469073955602179 106 63 28 0.12000574936049233 5 121 4 102 2 94 1 125
350 -0.55073972240110036 -0.25713100638206127 6.4724992923373916 167 133 102 0.27427530942071171 5 126 4 103 2 96 6 172 14 165 10 163 15 182
351 -0.69264094852531255 -0.23806631929746788 6.4653461083368242 149 106 67 0.19600881094036204 5 129 4 107 2 97 3 125 13 160 11 156
352 0.025342865652318417 -0.29837429042767927 6.5746112208710858 140 84 24 0.28910557192605468 5 452 4 108
353 0.12511995394866557 -0.28523904730758209 6.5699669294551031 138 90 22 0.88744212276356382 5 134 4 109 7 489
354 0.13629106026402746 -0.24083945762008316 6.5118879189691627 59 55 7 2.0796062356997274 5 139 8 603 4 113 13 599 7 617 15 663 12 657
355 -0.060826473632769697 -0.24398282332355892 6.5407045722488002 56 43 3 0.91970700855924525 5 612 4 114 14 457
356 -0.094203524832265961 -0.23866370049392485 6.5543084833512859 57 42 4 1.8790387074828554 4 116 2 496 13 321 12 370 28 43
357 0.16889446546628062 -0.13025843498899958 6.6546812935142556 172 158 138 0.41376208241029844 5 151 4 130 2 106 2 107 35 67
358 -0.23291305541649834 -0.11085248491817658 6.6234754994490475 79 91 45 1.5465673862729379 5 468 4 131 2 108 3 127 1 137 12 176
359 -0.32228422806849166 -0.053824691814414787 6.6393914680094035 137 106 13 0.20578875687345557 5 156 4 137 2 116
360 0.71908126526415683 -0.087168808277503798 6.771934937535681 139 66 21 0.49850015838428313 5 165 4 143 3 130 18 328
361 0.53735145744420887 -0.077999194956274331 6.794457621343363 77 43 13 1.3271550337492355 5 168 4 145 2 122
363 -1.1819795000056184 0.046794537966141934 6.5832674563912938 119 92 38 0.13261515350302927 5 476 4 147 2 128 3 134
364 -1.1807981497358371 0.047735290896322009 6.5796868414125296 119 92 38 0.16271900619122576 5 477 4 148 2 129 3 135 13 174
365 0.35897352478308597 -0.037915404234112222 6.7396837090549262 102 95 77 0.17558961729330719 5 173 4 152 2 361 3 138 1 145
366 0.21231779521749011 -0.010743234195400098 6.7444618572525963 106 98 40 0.13335467348102412 5 483 4 158 2 137 3 145 1 150
367 0.21231779521749011 -0.010743234195400098 6.7444618572525963 106 98 40 0.13335467348102412 5 484 4 159 2 138 3 146 1 151
368 -0.49123834885327861 0.028527667043219143 6.6983615615955676 153 117 13 0.19907099898472744 5 180 4 161 2 140
369 0.32389964901705443 -0.030179036347635014 6.8234710585855964 50 43 25 1.252115339834786 5 183 4 162 2 139
370 0.40527984445008597 0.0093219055101241826 6.7872956298424487 61 39 18 0.25727090517415102 5 193 4 166 2 148
371 -0.6140323237222497 0.068845729738581427 6.6905382625112173 152 110 15 0.48684818514709099 5 192 4 168 3 150 15 203
372 0.38258026703669179 0.028715620415298133 6.7933452583512608 59 36 14 0.35522585562315995 5 197 4 172 2 151
373 -0.63435420814247112 0.11132782948262018 6.7252743757345756 154 111 17 0.13215424381581384 5 205 4 181 2 158
374 -0.45458153699514336 0.14887563485851252 6.7694390423233362 167 141 99 0.13042333261885602 5 211 4 192 2 161
375 -0.48200077076866038 0.19373399286385859 6.7857656539275979 165 137 81 0.27788932039150571 5 219 4 198 2 167
376 -1.3983785876780226 0.28609128414621293 6.6905447973917234 114 86 64 0.32901277482455887 5 226 4 208 2 390 15 403
377 -0.46735657080480741 0.24202914758535568 6.8034827105042561 136 94 0 0.47653863113827594 5 228 4 213 1 314 14 202 13 184 11 181 15 228 18 197
378 0.88137543213804448 0.1650688799848862 6.947958515066003 169 139 105 0.15917995841448929 5 230 4 214 2 175 3 161 15 215 17 194
379 0.88471229155441922 0.16501493219386854 6.958756734744509 169 139 105 1.1781692186635819 5 231 4 215 2 176 3 162 15 216 16 390 17 195 35 94
380 0.0092655355629225073 0.23141842225072287 6.8513039605199308 52 40 17 1.0397500024899653 5 237 4 220 2 179 7 193 12 209
381 0.039968140602770444 0.22128337962743921 6.8801726511063235 47 38 18 0.6575830584320288 5 503 4 221 2 396 27 91 4 702
384 0.86595657471358012 0.1816411269836446 6.9711036666835193 78 51 25 0.22695359218905065 5 247 4 226 2 399
385 0.86595657471358012 0.1816411269836446 6.9711036666835193 78 51 25 0.22695359218905065 5 248 4 227 2 400
387 -1.3077291411730845 0.35574759332430739 6.7836057805396219 109 87 62 0.82204701329901286 5 512 4 233 28 183 11 193 7 359 15 238 29 135
388 0.59950502626859314 0.3464428954098428 7.0097013286941774 145 116 73 0.49225896649984013 5 287 4 253 2 209 3 331 12 222
389 0.59950502626859314 0.3464428954098428 7.0097013286941774 145 116 73 0.49225896649984013 5 288 4 254 2 210 3 332 12 223
390 0.19539723144749488 0.39368168546497667 7.0044405832245094 99 69 34 0.35129136164386726 5 294 4 258 3 196 6 232 15 245
391 0.19505524089321433 0.39273486431385296 7.005168370648156 99 69 34 0.45696884365479945 5 295 4 259 3 197 6 233 7 205 15 244 17 187
392 -0.13377613417885487 0.43197988898107681 6.987833379911832 118 92 56 1.2805099914163685 5 299 4 264 2 425 3 443 18 207
394 -0.97323896560726497 0.53611233381619328 6.9426589227511055 81 47 22 0.38343457907598061 5 314 4 273 2 234
395 -1.1393493520615032 0.55031289660872451 6.9422496267702583 115 83 58 2.0663170082002122 5 544 4 275 2 432 5 316 3 204 3 205
396 -1.0442006384136868 0.55003506915825973 6.9733149285002165 85 44 22 0.96107376390390864 5 546 4 276 2 236 14 231 18 248
398 -0.63414063065370174 0.54795482617460156 6.9785250350776655 115 80 52 0.74216292162383579 5 319 4 282 3 208 38 346
399 -1.0030626726559186 0.56794204213286914 6.9762663542903285 88 43 22 0.67868380966065023 5 325 4 287 2 434 3 209 3 347 1 208 6 386 18 246
400 -1.1600564523172372 0.611639017882045 6.9773547035469496 112 75 56 0.25301765659118214 5 553 4 295 2 248 3 217 1 215
401 -1.1568615056915623 0.63052973374971522 6.9738932082617646 61 34 15 0.23365486794588011 5 333 4 297 2 251
402 0.90606950707387623 0.54796452306022814 7.0773162718499938 138 107 63 0.30264864243758371 5 336 4 298
404 0.71380101332051826 0.59370999184050988 7.1940923939776908 114 82 44 1.533482915823231 5 347 4 314 2 257
407 0.61944774348685561 0.68935849997219456 7.2599297899442163 44 29 7 1.4527152445354869 5 562 4 325 3 236 1 229 15 282 17 320 22 121 40 91 42 56
408 -1.3261667856436263 -0.75939709652995879 6.0445738893772205 154 125 94 1.1203642469228197 5 378 4 329 17 16 35 109
410 -0.18565115889839115 -0.76424603195445973 6.1927473694513289 141 87 31 0.40876847559506801 8 105 4 334 2 587 1 461 11 117 11 490 12 532 17 247
411 0.9810654382079379 -0.82386080778799375 6.2987468067790511 227 163 90 1.3206394465176365 5 396 4 335 2 297 1 77 15 114 18 278 38 184 47 17 42 11 20 204 19 193 39 128
413 -1.1557322141529442 -0.62744696428835456 6.1425779251375383 103 56 24 0.28526820455898594 5 403 4 337
414 -0.9462465537417738 -0.62056521851497082 6.179017128515663 140 118 95 1.5569879172742527 5 52 4 338 2 300 3 567 2 589 6 500 14 133 14 579 10 129 12 131 17 346 28 24
415 -0.49992786509472975 -0.60311698444854944 6.247879800158751 157 135 112 0.28204509963667779 5 581 4 340 15 127
418 0.62586604788798428 -0.63675663863247289 6.3757693950226226 153 142 120 0.15702677166585946 5 414 4 345 2 308 6 147
419 0.57538717713937182 -0.59601096493969252 6.3955957110524073 78 62 47 0.21130300811075708 5 425 4 349 2 319 3 86 6 152 14 138 7 131 11 132 15 135
420 0.57538717713937182 -0.59601096493969252 6.3955957110524073 78 62 47 0.21130300811075708 5 426 4 350 2 320 3 87 6 153 14 139 7 132 11 133 15 136
422 -0.87761683877466834 -0.44387069539013635 6.3093550154803406 105 63 25 0.47309274794888651 5 92 4 356 2 327 3 93 18 133 17 87 25 42
423 -0.99716172052221752 -0.34850023559946336 6.3493710120419102 142 118 97 0.63806955640110175 5 439 4 363 3 396 14 347 4 551 7 141 15 159 12 356 18 338 23 29
424 -1.1538028413102286 -0.32637307403867971 6.3514278387646863 144 120 98 0.62561315561413833 5 442 4 366 2 79 3 109 1 116 14 154 7 320 11 325 15 167 18 348 22 52 27 52 40 56 1 473
425 0.7030271558707285 -0.3877814980446751 6.5261889770866723 125 66 20 1.3159762786663016 5 597 4 371 13 145 7 143 11 328 15 157 12 158 24 135 36 88
426 -1.0243514718328262 -0.27965455192185773 6.3981251249292592 110 57 15 2.058486827294971 5 443 4 373 2 334 1 118 6 163 13 152 12 163 16 229 17 100 1 386 25 55 27 60 29 48 46 55
427 -1.1515799281147532 -0.25194540737443366 6.3773125424815547 144 116 92 0.66727035938325641 8 145 4 375 1 119 6 164 7 153 12 167
428 1.0018754029443224 -0.42880350786304938 6.7263012429121494 173 107 30 0.64894184337084704 5 114 4 376 34 32
429 -0.81804794790584168 -0.24855247008846357 6.4462170596080677 107 62 25 0.2249347037546339 5 120 4 381 1 124 7 156 10 162 12 169
430 -1.1859285889911795 -0.21466753348226508 6.4029298224878248 149 118 95 0.42508122142135873 5 451 4 384 2 343 3 122 1 126 6 174 14 167 13 162 7 158 10 165 11 157 15 186 12 172 18 174 32 164
431 0.48883560240242213 -0.14296254788700585 6.6919323947355958 104 81 41 0.37404378668305344 5 619 4 387 2 512 14 170 13 165 17 151 28 52
432 0.84765011486941966 -0.10986849406990314 6.7877682664837362 78 45 20 0.9910992397963585 5 469 4 389 2 118 3 128 1 142 6 177 13 167 16 138 17 166
433 -0.36302141607733107 -0.025148961458968448 6.6484481609820554 162 129 22 0.19366905554603375 5 471 4 391 2 119 7 169 33 36
434 -0.36315339314713407 -0.024875660905642701 6.6483543522918298 162 129 22 0.18952279258898044 5 472 4 392 7 170 33 37
435 -0.59207598278106088 0.028613325291102561 6.6568171647934964 124 83 5 0.2404784276044038 5 175 4 395 2 134 3 142
436 0.9672553042162424 -0.058455856802665587 6.8169713756353563 182 115 33 1.4208057377013363 5 481 4 396 1 147 2 133 6 186 14 179 13 170 7 346 2 518 10 172 11 162 15 490 12 179 27 80 26 64 44 69
438 0.056650025124117445 0.025874001043156701 6.7450920632376157 71 58 41 0.21677150159377023 8 153 4 405 12 184 16 135
439 0.95699175023499727 0.014991462718215652 6.7847376072514205 183 115 37 0.89016091864644864 8 156 4 408 1 156 6 197 14 185 7 177
441 0.38067311552787853 0.059233841788506034 6.8518368380869656 57 39 17 1.8115460023812859 5 206 1 496 3 509 7 573
442 -1.10557109587507 0.15004480069465953 6.6633569275051583 61 68 38 0.25789315249038619 5 493 4 414 2 379 18 209
443 0.24827119045952833 0.11606170447967588 6.8299974766452785 104 101 79 0.39631426707816209 5 496 4 417 2 163 1 162 7 179 12 196 16 262 17 165
444 -0.51528831422187604 0.1852952501916372 6.7843045610976445 161 136 97 1.5401416921871676 5 498 4 419 2 385 15 555 42 162
445 -0.4206078932791425 0.19626062172914416 6.7853054411549101 158 124 21 2.0641078729684108 5 217 4 420 2 166 3 158 10 188 12 207 18 193 4 201
447 -1.2903511351784311 0.28952642658102423 6.7517070138839861 77 29 15 0.68784342227059247 5 640 4 432 2 395 11 186 17 131
448 -0.35775705657923812 0.24159872783307496 6.8264848958918076 143 104 4 0.54438468018638764 5 236 4 435 2 177
449 -0.37301773003045779 0.26240246263454498 6.8076596644405933 150 115 55 0.23080252481765681 5 242 4 439
451 -1.2641285713901835 0.30809689532434159 6.7440195113381582 113 90 63 0.15040993727941135 5 507 4 441
452 -0.59857288845351708 0.26683643646386185 6.8188959120674424 137 108 63 0.25251540920180049 5 506 4 442 2 183 1 173 11 185
453 -0.33883421361338334 0.25520145217767626 6.8501576064773664 143 115 60 0.55839112366480881 5 250 4 443 2 401 11 184
456 -1.2871049787160393 0.37343914553221003 6.7878890801834144 84 58 33 0.26448668750504911 5 514 4 451 2 408 1 179 10 199 15 239
457 -1.3188079222646507 0.37662069591110103 6.7868810836951088 80 59 35 0.20418343368760486 5 256 4 454 3 175 11 194 12 230
458 0.76728544752740024 0.28186416234031242 7.0040405425361838 150 121 79 0.2315796059195159 5 517 4 457 1 182 11 192 15 235 12 213
459 0.61117548736227734 0.31903263608313237 7.0093416599382881 151 119 76 0.34155432107037575 5 271 4 459 3 185
460 -0.71465676001769529 0.39440982230889554 6.8861411866916873 95 63 37 0.4614028421713039 5 520 4 462 2 197 3 182 1 188 6 230
461 -0.7150279713050437 0.39440267461188472 6.8862930476644841 95 63 37 0.47078227062636852 5 521 4 463 2 198 3 183 1 189 6 231 10 204
462 0.095924814299575917 0.35357378074124468 6.9651867050640037 132 102 68 0.22375826406320432 5 522 4 466 2 202 3 186 1 190 14 219 10 203
463 0.71634509647624645 0.31995249669701448 7.0237367106181896 153 125 78 0.23098680077285066 5 523 4 467 2 416 4 606
465 0.032527547590817801 0.37315041199880455 6.9598175700723344 103 73 40 0.35104692257030845 5 285 4 470 2 208 3 188
467 0.088590653585651227 0.43262959492098518 7.0123390541087662 129 101 64 0.12568490983614411 5 538 4 479 1 327 14 225
468 0.088446211784326559 0.43205142300571264 7.0147115086184657 129 101 64 0.13159577241332915 5 539 4 480 2 428 1 328 14 226 13 210 15 251
469 -1.2257746740469451 0.50538682076255148 6.8823812668177267 90 51 28 0.13127963353876279 5 540 4 481 12 245
470 -1.3186545972307018 0.51600718106418975 6.8894966073977173 107 76 51 0.8152855445330206 5 761 4 483 2 640 1 518 7 216 10 541 28 146 22 167 25 177 26 134 36 117 34 126 30 108 33 111 38 269 40 117 43 43
472 -1.0704845706638875 0.56127149882684857 6.920465735069012 90 50 28 0.52679979362269225 5 548 4 485 2 238 16 268
473 0.11797442379817739 0.52937196769374517 7.0544087891169758 129 100 66 1.3374035115970815 8 523 4 487 2 714 13 522 7 527 27 235 36 118 30 110 40 182
474 -1.0911955607237924 0.58627502165110801 6.9731768143559538 87 41 18 0.23045380207061972 5 328 4 490 2 243 10 217
476 -1.1274598278121957 0.60912914773986704 6.9758253964370462 114 78 58 0.2592849058358504 5 554 4 495 2 440 3 218 6 252 14 242 11 219 15 265 12 256 18 254
477 -1.2690109414001616 0.63193448444232136 6.9722541711209844 64 33 18 0.27323529273924257 5 556 4 502 1 217 10 225 15 268
478 -1.0986170160474311 0.62401347868499202 6.986494220472987 64 34 18 0.20453229769467338 5 332 4 504 2 249
479 -1.1230517567282459 0.6268011894668104 6.98635325945751 64 32 17 0.11999346621054942 5 331 4 506 2 252
481 -0.67105323546563478 0.61908272494955374 7.0525460195761012 115 81 58 1.9521921294135129 5 338 4 510 2 449 3 224 6 254 2 445 18 235 24 91 27 107 38 161
482 0.94904689743662307 0.53939046211776487 7.2452457096228766 164 132 85 0.93751565301845829 8 347 4 511 2 558 3 359 6 391 13 368 7 374 11 372 12 416 41 63
483 0.62660531577765488 0.61913511869427995 7.2032400776995678 142 110 72 0.22120798105358527 5 560 4 516 2 450 1 223 6 258
484 -0.62438685951453388 0.73685304946312125 7.0293112612782691 98 80 60 1.2177969302272957 5 356 4 519 25 122
485 -1.3523425722542082 0.7619227531303987 7.0227110418682077 61 40 25 1.4067892179113504 5 357 4 520 16 165 45 250 40 357 32 171 48 167 38 552
487 0.54085767423036635 0.83664321648803142 7.1978154672124797 71 65 38 1.170314914777997 5 364 4 523 35 101
488 -1.3771263915388492 -0.78643451302981138 6.0835851229969755 135 105 76 0.47623977736448686 5 377 4 524 2 17
489 -0.046489946596530642 -0.77285919481767906 6.2043509568798614 148 92 30 0.29389857085716353 8 401 4 529 14 440 13 420 10 428 15 462
490 0.65840755039350651 -0.6303720340057446 6.3858395267307273 148 137 117 0.31580238398538663 5 70 4 532 2 61 3 85 15 126
491 -0.41918834299554841 -0.53577929453197071 6.2607970656014702 121 71 27 0.97547721441147783 5 72 4 534 14 529 7 484 16 220
494 0.45129016123924692 -0.45650807091382334 6.4739185914600945 177 128 22 0.47127222757263482 5 438 4 550 2 488 3 104 13 142 10 326 12 153
495 -0.78142024013661182 -0.29216759497128436 6.4250516196949548 117 65 12 0.43819653330849401 5 601 4 558 2 492 3 399 1 387 13 313 7 324 10 333 11 330 12 361 18 344 16 230 28 39 24 38 25 51 29 43 38 87
496 0.22555516116292074 -0.31895334180264562 6.532699589132875 142 71 9 0.89076513988884543 5 608 4 563 2 494 3 293 6 347 6 435 14 534 7 326 17 379 22 135 25 149
497 0.075562316338978905 -0.19636751733476501 6.604880214763126 56 63 19 0.80317633086794182 8 301 4 566 2 500 3 412 7 338 10 343 11 339 18 144 23 42
498 0.55728773149101352 -0.13936408013793866 6.7016959697481546 56 41 25 1.2637616125270623 8 306 4 569 2 352 3 420 1 295 14 172 11 344 15 191 12 173 12 382 23 53 22 72 45 22
499 0.26942158766340402 -0.063526964867936797 6.717939517634564 69 62 46 0.44527965951399356 5 625 4 574 2 357 3 303 13 334 16 380 35 74
500 0.26942158766340402 -0.063526964867936797 6.717939517634564 69 62 46 0.44527965951399356 5 626 4 575 2 358 3 304 13 335 16 381 35 75
501 -1.1573067928002789 0.038280344862340117 6.5697313352922846 94 41 11 0.67797335072578746 5 628 4 577 6 184 7 172 15 200
503 0.47315630444121443 -0.015270533064606738 6.7814556618992698 159 99 28 0.74921055190987051 5 631 4 580 2 520 1 152 6 360 14 371 12 182 16 139
504 0.16572922653501843 0.071882953813942774 6.7760384874053186 168 160 141 0.83427706527559098 5 632 4 581 2 377 3 314 6 205 10 181 11 171 12 189 16 258 35 86
505 0.087282697174634508 0.07434039351824398 6.7824019226268515 103 90 71 0.26937854207916578 5 490 4 582 2 375 3 312 1 304 14 186 15 204 12 192
506 0.13232331166839748 0.1070915374792528 6.8161670408596793 47 40 24 1.5140659589923646 5 633 4 585 17 404 16 336
507 0.11877871964539304 0.1272314728265791 6.8194767499221491 170 161 144 0.23894355241042955 5 635 4 586 2 382 3 317 1 307 6 207 14 191 13 179 7 181 10 187 11 176 15 209 12 198 18 175 16 260
509 -1.3942519456636906 0.26362446146798529 6.7034675825023999 97 41 21 0.34384100410002832 5 637 4 590 15 402
510 -1.3640360350805445 0.28187253283589764 6.7106794839937409 110 78 60 0.40051230658543596 5 639 4 592 2 391 15 233 18 224
511 -1.3465678261718403 0.2962315740745326 6.7236335064041164 54 28 13 0.24098279901557942 8 329 4 595 2 394 3 321 1 315 6 367 14 207 7 195 15 236 12 218 18 227 23 68
512 -0.44820962475622084 0.25689470768224337 6.8252563477972048 153 117 56 0.19630104446111737 5 505 4 597 2 398 3 167 1 171 6 217 14 205 13 189 11 183 12 211 28 75 22 90 33 53
513 -0.75254377594507427 0.28835836336000864 6.8125229242888681 104 73 45 0.486208257453975 5 252 4 598 1 176
515 -0.016536645500292199 0.41082049242761004 6.985451900774911 93 65 35 0.29930258669504212 5 297 4 612 2 545 14 223
516 0.36814341529206057 0.40365707070342094 7.035822604565336 136 108 68 0.59460529511721638 5 663 4 618 2 426 3 442 1 326 6 378 7 210 10 362 11 204 15 249 28 88
517 -0.84357357951721323 0.48359407027053114 6.9489931143970267 99 81 56 1.2258643630963031 5 543 4 620 2 230 3 201 10 210 11 207 29 85 46 86
518 -1.1841001440044077 0.55763527385042466 6.9273062618875567 111 79 52 1.2818435056254764 5 545 4 622 2 549 3 207 1 206 6 383 14 233 13 367 12 247 17 159 25 110 40 116 38 172 20 189 19 181
520 -0.9743785241803754 0.59901857804820835 6.9771129513134502 114 81 56 0.66866770386154428 5 670 4 628 2 551 11 218 12 252 18 251 16 270 24 87
521 0.64099232029270758 0.52022931442959741 7.1445967923833127 145 113 71 0.43635245221647473 8 199 4 630 3 351 1 334 13 214 7 220 10 216 12 241
523 0.94722248341894222 0.57684515052252083 7.2514778792000127 162 130 82 0.64555928501673321 8 350 4 636 2 564 3 459 1 343 6 396 14 395 13 370 7 376 10 371 11 375 15 425 12 418 28 94 24 97 25 116 27 112 29 96 36 69 47 77
525 -1.0541817179859432 0.76154799640186321 7.0885571113818218 29 17 11 1.3649748938681028 5 363 4 642 2 569 1 353 6 404 14 256 7 387 10 384 11 386 15 288 18 263 23 146 22 175 27 124 29 104 34 128 30 113
526 -1.0640076516435939 0.80983363146391052 7.045182000578941 30 22 19 2.1114388975541116 5 563 4 643 1 230 12 273 13 383
528 -0.51448425059043079 -0.6137990266709118 6.2386326713206071 106 59 21 0.55225579018586657 5 696 4 649 1 382 6 332 13 299 11 311 15 358 12 346 18 105 28 28
529 0.70646893248003773 -0.54776594101914811 6.4549376387010202 91 77 57 1.0281714783694595 5 592 4 655 2 487 3 92 1 280 6 155 10 145 11 137 15 147 17 120 46 33 41 150
530 -0.7451079647432608 -0.29380910465558718 6.4268473848885286 117 66 11 0.54794499779930728 5 602 4 660 2 600 1 388 6 431 13 309 7 325 11 331 15 372 18 340 16 231 28 40 23 32 24 40 27 56 29 44 26 38 36 29 33 20
533 0.25522189043852289 -0.15275935621890283 6.6504485393802204 109 92 71 0.46512762210767988 5 617 4 679 2 509 18 143 33 29 38 226 40 44 45 28 20 58 19 43
534 0.98588342187981015 -0.10580291584394928 6.7884101459653907 123 56 9 0.7073239691860167 5 731 4 686 2 611 3 582 8 494 1 491 6 571 14 541 13 437 8 423 7 497 10 516 11 507 15 611 12 480 18 128 28 60 4 576 23 58 22 146 24 142 29 129 26 61 36 97 30 85 31 84 44 164 41 130 42 149 41 161 45 209 43 90 48 101
536 -0.67930810919743134 0.052941513111900346 6.6451522096145919 126 66 5 1.038304050571822 8 321 4 690 2 519 7 348 15 492 18 182 17 385 24 66 25 80 27 81 26 65 31 47 44 47 42 23 35 54
537 -0.65957672633827591 0.060547487445500398 6.6709439440752281 160 134 59 0.7642706815159992 8 428 4 691 2 614 3 426 1 411 6 456 14 474 13 441 7 447 10 455 11 449 15 398 18 183 17 386 28 129 23 60 22 82 24 67 25 81 27 82 29 66 26 66 36 50 34 62 31 49 33 43 41 36 47 44 35 58
538 -0.99382675966032241 0.15182288419360457 6.6808458956731771 58 73 34 0.28142966966426614 8 324 4 693 1 412 12 395 23 62 25 87
540 0.63015657868947517 0.27755519947336404 6.993189427258196 146 118 70 0.25987605243944428 5 750 4 709 2 629 3 523 14 485 10 462 11 456 28 83
541 -0.9164373588342386 0.63868848880017293 7.0399684077327711 109 83 54 0.59553783215388501 5 673 4 722 2 555 14 393 13 372 7 378 10 373 11 376 15 431 12 424 18 390 16 164 17 172 24 93 25 112 27 106 30 60
542 -0.97013689516643042 0.64461448834561785 7.0104625622012051 111 80 51 0.65122997806717453 8 458 4 723 2 643 6 482 14 504 7 469 11 479 12 520 17 306 28 148 24 159 29 91 36 119 30 61 40 120 46 89 42 44
543 0.21249884516200182 0.61813451541931941 7.15654840818683 102 74 50 0.69140719747902268 5 772 4 726 2 649 14 570 13 468 11 480 11 537 12 250 2 563 18 484 28 201 22 172 22 218 24 165 27 236 26 138 26 169 47 70
546 -0.65660173733997718 -0.78736133974261424 6.1326888241530551 162 127 97 0.73521912795300204 8 96 4 732 6 125 14 122 13 121 1 264 7 111 10 124 11 112 15 116 12 123 16 78 23 354
547 0.050445733903839218 -0.82273453698279952 6.1797983901688234 187 153 115 2.1764809904159303 5 884 4 733 6 328
548 -0.49006681337315683 -0.7741336717487064 6.1564037890099126 36 26 17 0.43497400143704484 8 533 4 735 7 540 10 554 11 548 18 428 17 445 38 205 20 224 19 220
549 0.33474338914534479 -0.82248506530113608 6.2360132274997788 30 25 19 0.71011431631392907 5 782 4 737 2 659 3 563 1 538 6 496 14 518 7 474 12 528 18 411 17 458 24 22
550 0.11909817002582522 -0.79328181919300866 6.2001891454910094 129 74 23 1.004667883551881 5 843 4 738 15 635
552 0.95562756188822207 -0.027166340039362136 6.8303027586077727 174 102 25 1.2207726194625541 8 501 4 761 2 615 2 685 3 507 1 153 4 401 6 455 8 426 14 473 14 547 13 498 10 521 12 487 18 135 28 131 23 174 22 150 24 146 24 196 25 163 41 95
553 -0.99997923234388753 0.10819732489033282 6.6742531039808819 102 37 15 1.4899983344551389 8 431 4 762 3 508 13 556 7 503 15 616 12 612 18 666 38 520 40 291 43 146 48 162
554 -0.12760583990476737 0.24829280128499981 6.8657642832591268 144 126 88 0.54543122255960275 5 742 4 768 2 625 1 174 4 444 13 450 7 453 10 461 15 229 29 74 26 121 36 110 30 56 41 51 47 113
556 -0.7655883933330272 0.36723939474514117 6.8604738772544236 115 90 58 0.78895888574578876 8 443 4 773 6 467 14 487 10 463 26 123
558 0.67153367251418716 0.30547317838398025 7.0122351841369595 118 88 52 0.32838043981886383 5 820 4 781 23 185 24 155 30 99 31 98 46 131 47 121 44 126
560 0.056877319180859399 0.3996837065996442 6.9907454179760036 100 70 36 0.31149099566901001 5 826 4 788 2 705 3 595 1 569 15 509 12 565 18 478 22 213 36 62 34 158 30 106 46 141 45 58 32 45
561 0.056187121449749404 0.40006704077101396 6.9899806346540831 100 70 36 0.31742283811824518 5 825 4 789 2 706 3 596 1 570 12 564 18 479 34 157 30 107 38 131 46 142 45 57 32 46
562 0.29622284285041661 0.58491212682735105 7.1472535046548709 129 100 59 0.33826522703352208 5 833 4 793 2 645
563 -1.2727486686500646 0.73758916006782427 7.0279413713777785 103 76 49 0.7196761321280688 8 461 4 794 2 717 30 112 40 195 46 195 45 75
564 0.59556399500332513 0.66414141821389594 7.2178353084643865 135 107 67 0.7733516174465408 8 361 4 796 2 650 3 541 1 450 6 487 13 379 12 426 46 85 47 76 44 83
566 -1.4375239550573109 -0.73904257515467975 6.0687845142608081 48 26 25 0.85603784413869111 8 532 4 800 2 724 1 585 6 551 14 577 13 530 7 539 10 553 11 547 15 580 17 427
567 -0.86406078022714339 -0.43162397111843409 6.3177874164431111 118 62 15 1.2876338733258719 5 895 4 805 2 667 3 574 1 470 1 600 14 532 14 646 13 639 7 545 7 652 10 431 10 565 11 499 15 154 12 590 18 602 16 365 16 465 17 459 28 277 24 126 24 241 25 250 27 43 40 165 40 273
568 -0.86401872275963065 -0.43164793193445483 6.3189244678311871 118 62 15 1.2501129958563122 5 896 4 806 2 668 3 575 1 471 1 601 14 533 14 647 13 640 7 546 7 653 10 566 11 500 15 155 12 591 18 603 16 466 17 460 16 366 28 278 24 127 24 242 25 251 27 44 40 166
569 0.3698820541864114 -0.15974647791486424 6.653804316175421 45 40 26 0.64785283085512912 8 547 4 818 3 639 1 622 6 567 7 561 11 567 18 525 16 485 24 262 29 221 34 148 38 224 40 164 46 175 45 23
570 0.21174062606342514 0.15217106435858163 6.8504262938292326 46 40 24 0.32135156336096682 5 872 4 826 1 559 6 576 18 463 23 178 22 203 27 223 29 179 26 159 36 144 34 154 30 138 31 140 33 145 46 185 45 47
571 -1.128193341937485 0.38626244761646455 6.8434707491455748 102 75 48 0.6001328938711662 8 445 14 488 13 456 7 459 10 466 11 461 15 506 12 505 17 395 23 180 27 168
572 0.26311047176910352 0.38050071616626852 7.0186601504876771 125 99 64 0.70341732475110375 5 877 4 835 2 707 3 651 14 612 11 579 15 625 17 189 24 210 31 144 44 170
574 -1.4085669161457413 0.70587161986009384 7.0357610484724704 107 81 52 0.70830328628824435 5 882 4 841 2 716 3 601 30 148
575 0.33274225870815466 0.6210045182717745 7.1827926504785546 91 65 42 1.1957577462274356 5 836 4 842 2 715 8 352 3 602 1 522 14 506 14 571 6 256 13 523 7 530 10 228 10 545 11 538 15 427 15 570 12 570 18 383 16 395 28 151 25 227 27 237 29 146 29 193 26 90 26 170 36 155 40 92 46 148 41 60 44 171 42 52
577 -1.0308952810445231 0.76722203660021782 7.1152454780712402 21 17 9 2.436363488154873 5 776 4 845 23 148 34 91
578 0.69408961783490675 -0.67344528761588662 6.356638838360654 138 130 109 0.61025496971860016 8 572 4 851 2 783 3 659 1 591 6 607 14 631 13 573 13 627 7 595 10 607 11 598 15 637 12 632 18 573 23 265 28 214 27 353 38 286 20 16
579 0.69441610252260788 -0.6736007187698434 6.3572307801736532 138 130 109 0.57970626650416512 8 573 4 852 2 784 3 660 1 592 6 608 14 632 13 574 13 628 7 596 10 608 11 599 15 638 12 633 18 574 38 287 20 17
582 0.71452472051026938 -0.41500016067416851 6.5395410164530929 137 81 33 1.1486276939436575 8 597 4 870 2 796 7 611 15 655 12 649 18 516 23 231 22 300 24 254 26 106 40 268 44 191
583 -0.70120560163143608 -0.25525031913786261 6.4508283870838516 99 59 28 0.27872018088474881 5 903 4 874 2 755 3 636 1 617 14 659 10 635 16 423 22 260 24 258 38 468 40 233 35 121
584 0.48639759322855619 -0.23392617336060326 6.6345796222172533 49 43 27 0.33517716615859011 8 604 4 877 2 758 3 638 1 619 6 632 14 598 13 544 7 560 10 580 11 565 15 607 12 600 16 429 17 544 28 240 23 238 22 262 24 260 25 269 27 267 29 218 26 200 36 176 30 130 30 174 31 132 31 170 33 135 46 172 41 118 47 140 44 153 42 114 39 56
585 -0.1601867093324077 -0.1139181688611393 6.6269987107243953 75 90 33 0.84623665025766492 5 911 4 880 2 760 3 640 1 623 6 637 14 665 13 545 7 562 10 582 11 628 15 609 12 664 18 611 28 242 23 283 22 263 24 263 25 270 27 270 29 222 26 203 36 92 34 47 30 179 31 175 33 137 40 234 45 152 43 68
587 -0.81674333251168818 0.46094856792920219 6.9118373432971092 51 52 21 0.74552836184924287 5 878 4 891 2 770 1 573 6 585 14 614 7 523 11 581 12 617 16 389 17 405 24 275
588 -1.3053450960564144 0.6811076262150022 6.9769990214129773 108 80 55 0.69751372693799019 5 919 8 622 4 892 2 772 2 773 3 652 3 653 1 633 6 646 14 673 13 616 13 617 7 633 10 654 11 638 15 678 12 675 12 676 16 443 28 254 28 255 23 253 22 274 24 276 25 282 27 280 29 234 26 213 26 214 36 153 34 160 30 146 33 149 41 131 47 151 44 165
590 -0.848930160887167 -0.548272335919882 6.2440073625522876 114 61 10 0.72205100785234466 5 925 4 900 2 819 3 662 1 645 6 658 14 683 13 630 10 667 11 650 15 645 18 642 16 456 17 568 22 287 24 294 25 193 38 496 46 167 45 136
591 -0.49776555981624765 -0.39157357269676996 6.3845242088342786 150 135 112 0.83247516899421048 5 942 4 909 13 643 10 681 11 661 18 647 27 301 29 249 38 449 40 272
592 -0.58386448307794447 -0.31798464913608304 6.4384077047697801 129 77 28 0.6325716462927865 8 600 4 913 2 797 3 673 1 661 6 628 13 596 7 614 10 632 11 619 15 659 18 654 28 282 23 277 22 301 24 304 27 304 29 212 26 228 36 170 34 179 30 170 31 167 40 274
593 0.96558896278792228 0.11226085636055276 6.9407599100804225 83 57 41 0.99278085060901389 5 953 8 658 4 922 2 858 3 689 2 810 1 673 6 678 14 728 13 671 7 668 10 695 11 695 15 725 12 669 12 710 18 536 17 627 22 316 22 361 24 329 25 358 27 318 29 262 26 268 36 232 36 254 34 213 30 213 30 240 31 182 40 278 46 231 46 268 41 163 47 189 44 224 42 167 45 145
594 0.64465245978214036 0.23533924043567975 6.9722286134495111 151 120 73 1.1065772551694912 5 956 4 925 2 837 6 682 7 674 11 676 12 712 17 626 28 295 25 339 36 221 34 216 40 246 46 234 47 191 43 105 48 114
595 0.37650619304930405 0.32280476568057426 6.9712416303732807 123 93 54 0.19716407315851181 5 957 4 926 2 838
598 -1.0230308009443756 0.0090943577002334033 6.5801734291811824 105 39 17 0.48977861327635269 5 977 4 943 2 856 3 736 12 729 18 691 38 519 40 320 45 223 20 440 19 421 32 191 43 166 48 185
599 -1.163773498921991 0.6182355109045875 7.0029284503698346 92 62 42 1.4375645024086368 5 981 4 947 3 720 1 706 6 683 11 678 23 328 29 290 36 237 30 228 46 90 47 199
600 -0.84557697856569558 -0.7130798921523972 6.1239198162686366 119 64 23 1.710654040742126 5 995 4 958 3 741 1 725
602 -1.3178424387469634 0.044543850317022168 6.5835935484433685 120 74 22 1.4342228821714442 4 964 7 725 2 882 15 748 12 759 22 378 25 379 46 301
603 -0.9122249095516648 -0.84598197891729554 6.032452914392068 173 131 106 0.99984103486725961 8 65 2 10 14 89 13 273 7 288 10 90 11 283 15 340 12 325 23 12
604 -0.2535040490470436 -0.84431274758232489 6.158868867117067 165 134 116 1.0537995856949811 8 265 2 20 13 286
605 -0.13623785441837916 -0.79176824348530672 6.0767251740116253 172 131 90 0.55939512888162146 5 779 2 24
607 -0.10754382274486442 -0.828750437394703 6.1818927446217504 171 134 76 0.81421003443186546 5 387 2 28 14 115 10 116 11 106 17 58
608 -0.49781208052772019 -0.75234026732424519 6.1719657977493805 116 78 34 0.4623773352708187 5 31 2 32 17 245
609 0.48771825796762019 -0.78791312033623173 6.2325181990659706 172 116 44 1.1341768252060169 5 37 2 35 7 115 28 18
610 0.75769082413124078 -0.84990461938650697 6.3762625941207016 202 143 61 1.4432409180410384 5 42 2 36 23 205
611 -0.56026583222037507 -0.59856384743269531 6.2520982268023895 153 124 96 0.65833608104641217 5 582 2 53 11 127 16 218
612 -1.3826038511620058 -0.50187110817291392 6.1821729116002242 81 22 13 2.1057295780502638 4 651 2 57 6 150 7 134 1 97 16 97
613 -1.3273777217545699 -0.51632590412157298 6.2076034570178127 150 113 110 0.35938913298515746 4 347 2 58 3 84
614 0.56485852036558049 -0.58315562656774356 6.4036463263564265 126 107 72 0.18711811454203134 4 59 2 65 3 89
615 0.48268266614550148 -0.43943140347216503 6.3653141967681766 148 113 32 1.2079411675023308 5 101 2 70 28 167
616 -0.4496171597457394 -0.38824576775110636 6.3960953229197237 158 132 103 0.31071386906480081 4 87 2 73 17 106
617 -0.4496171597457394 -0.38824576775110636 6.3960953229197237 158 132 103 0.31071386906480081 4 88 2 74 17 107
618 -0.95434103044383356 -0.33607504459653298 6.3670800749177552 150 119 84 0.66303326548914365 8 130 2 80 3 281 4 555 1 474 7 144 11 146 4 90 15 162 18 341 24 35 25 47
620 -0.52162362243112514 -0.29807491824582755 6.4996569767546974 114 67 19 0.23188437377772703 4 96 2 84
623 -0.14951629763031402 0.0088275738636967391 6.6367419639946759 159 119 13 1.7581286671814773 5 172 2 132 14 181
624 -1.1393660453590804 0.082371361776142307 6.6146933649619433 45 31 9 0.1198570918718959 4 400 2 144 6 194
625 0.25841095202058251 0.013941353891175038 6.7516275136386108 135 122 67 1.6488144862544962 5 188 2 146 3 148 6 192 7 173 11 167 16 253 15 199 35 83
626 0.257273422226096 0.015541410446751393 6.7502929021926059 135 122 67 1.4634844008796914 5 189 2 147 3 149 6 193 7 174 11 168 16 254 35 84
627 0.071662654836147463 0.058280898198473 6.7859087377601837 86 74 50 0.38051771510598725 5 489 2 153 3 153 6 198
628 -1.1089091441543191 0.13816389320771943 6.6195260769584578 50 36 13 1.5397509920356527 4 174 2 155 40 89
630 -0.53000658564597891 0.20717719954031591 6.7855203681196006 160 128 40 1.0048997755142477 4 421 2 169 13 446 15 556
632 0.90594884028530687 0.16353391248899618 6.944335990347362 160 131 96 0.12628440663996623 4 216 2 173 6 213
633 0.022118211162938453 0.3467652242683148 6.9531627507271931 99 70 36 0.24488055430187919 5 267 2 196 3 180
634 0.46959612021165537 0.33145564197990735 7.0014268762979892 142 113 71 0.095798571845416236 5 276 2 203 1 192
636 -1.2921529142484207 0.45461857438818987 6.8660339426812094 111 78 57 0.20061155086173746 5 290 2 212 3 192
637 -1.2799902048928751 0.45394695220628994 6.8312906331153069 111 78 57 1.4454894915506384 4 473 2 213 3 193 5 283
638 -0.14854766802249547 0.41075168302220405 6.9540390916397747 126 101 61 2.2677046689837272 4 260 5 292 2 217 6 236
639 0.8677537885220975 0.35280860002983772 7.1091110375865183 123 93 55 0.12257557853915854 5 298 2 220
640 -0.91450331664098394 0.56741548498988659 6.9268682003016737 112 74 49 1.2585919372409737 4 281 2 242 3 210 1 209
641 -0.66663830480446518 0.58622765269142296 7.0234997608141505 106 75 54 1.5760972287206547 4 500 2 244 1 213 6 251 7 224 10 218
642 -0.63250918021968838 0.58239614239336379 7.023096802394873 106 74 53 0.19798941060941133 4 494 2 245 1 214 7 223
643 -1.223345254091351 0.61360893770151259 6.9680616291436843 111 82 62 0.72025141422166328 4 294 2 247 3 216 14 243 7 227 4 627 11 221
645 0.55290600618828423 0.62496200938455537 7.2239702565700643 115 80 48 0.36758174738819333 25 118 22 174 34 88 36 75 46 147 36 76
646 -1.4331715568638916 0.78121330833253955 7.0739486640455684 74 49 30 1.155122313995139 8 462 13 381 13 524 3 542 10 489 15 521 22 219 24 216 25 229 25 284 28 202 29 147 26 140 31 109 30 67 4 323 33 71 44 74
647 0.35143962030102049 -0.845085391556893 6.2272627364792079 197 143 88 0.64634118340502089 5 389 2 290 17 352
650 -0.73785565063232328 -0.63313474740238174 6.2060876407091143 137 121 98 0.39213132452517602 8 112 2 302 1 88 6 141 13 128 7 123 10 131 15 353 18 313
651 -0.73785565063232328 -0.63313474740238174 6.2060876407091143 137 121 98 0.39213132452517602 8 113 2 303 1 89 6 142 13 129 7 124 10 132 15 354 18 314
652 -0.52650570386333673 -0.57220101666382905 6.2517962104522367 150 129 101 1.1619859228316474 5 66 2 306 10 139 17 254
654 -0.78149531473480782 -0.51261116614849311 6.2748485823434841 144 116 99 0.41273641474627037 4 539 2 318 1 101 14 143 13 139 15 364 18 125 22 45
657 -0.87590828438870383 -0.44229515407576192 6.3081995752883895 104 58 18 0.67408888651942134 4 357 2 328 3 94 10 432 18 134 17 88 25 43
658 -1.2071732804328366 -0.32180206826083174 6.33117730229859 139 115 93 0.60305771663566454 4 553 2 332 1 113 14 151 13 148 11 326 15 164 12 159 18 164 22 49 24 131 4 656 25 45 46 48
660 -0.5889280498306334 -0.27482983272594108 6.4683877702109784 112 65 22 0.33457026739669676 8 140 2 338 3 117 1 121 6 170 14 163 7 149 10 159 15 175
661 -0.5889280498306334 -0.27482983272594108 6.4683877702109784 112 65 22 0.33457026739669676 8 139 2 339 3 116 1 120 6 169 14 164 7 150 10 160 15 176
663 -0.16070160844512096 -0.21875038214086959 6.5555437983762159 134 79 23 0.35139955182412413 8 148 2 345 3 296 1 130 27 63
664 0.96127904534020403 -0.28937029021693944 6.6687514922246738 149 84 13 0.83839318483015557 5 458 2 346 7 334
665 0.96219842006683132 -0.29286424606200251 6.6769246927217738 149 84 13 0.94346918775312871 5 459 2 347 1 292 7 335
668 0.26459317031187035 -0.090410725357404118 6.6986052295600782 130 119 100 0.13174596688397505 4 571 2 354 15 195
669 0.75738164391127716 -0.059693990945041173 6.7899868460424937 163 92 35 0.96879639388605276 4 758 2 362 6 182 12 178 18 138 24 144
670 0.083309573936525966 0.0074831996126123465 6.7189235239319309 101 89 65 1.001153721441318 5 485 2 367 6 190 14 182 10 175 18 166 16 328 17 153
671 0.31448375978614768 0.048811785623721439 6.793797346410746 67 55 29 0.18230195578300623 5 199 2 372 6 200 10 180
673 -0.56283851588264577 0.10426007000483738 6.7112679611070538 150 112 15 0.13803273945521438 4 411 2 374 3 310 1 302 14 189
677 0.87527783044820329 0.19972384797376208 6.9595646658721506 154 127 88 0.36227226223005893 4 445 2 405 3 170 1 175 6 219 12 205 40 60
678 -0.72514695429801379 0.31310726856481358 6.821582910257507 115 84 56 0.774754660147286 4 599 2 406 3 172 6 220 14 213 13 195 12 220
679 0.38563481996897703 0.29703065289731467 6.9854186124598092 139 110 70 0.39576828842155115 5 260 2 410 12 214
680 0.38563481996897703 0.29703065289731467 6.9854186124598092 139 110 70 0.39576828842155115 5 261 2 411 12 215
682 0.39615105330427719 0.39985904786218091 7.0472186656857803 140 111 69 1.0038630699919944 5 662 2 424 1 196 4 267 10 207 11 202 15 248 18 371 1 430
683 0.78853805781992437 0.51275947700070845 7.1631583018025458 147 113 71 0.84101142684951014 8 198 2 441 3 353 1 336 6 389 7 217 10 213 11 209 12 238
685 0.92348416406785361 0.6545680433958716 7.2921145668865126 141 110 64 0.16978907232842549 4 324 2 456 13 228 7 234
686 -0.88447701171269544 -0.76262010621029941 6.0709776571063347 170 126 79 1.6736586937340001 5 838 2 471 3 262 1 70 14 124 7 114 16 75 28 105
687 0.94679271974520751 -0.81691095293446514 6.290248608994343 212 144 62 0.18062461045690437 5 576 2 476 17 354
688 -0.87482061866262983 -0.5696091162850393 6.2302862062164781 107 56 16 0.4756664974579442 5 411 2 481 3 392 14 339 13 301 15 133 12 139 16 99
689 -0.87482061866262983 -0.5696091162850393 6.2302862062164781 107 56 16 0.4756664974579442 5 412 2 482 3 393 14 340 13 302 15 134 12 140 16 100
690 -1.181336881593382 -0.26921184814228072 6.3505603449631334 106 56 8 1.3687335030942411 8 138 2 489 1 284 14 160 11 150 24 37 46 56
691 0.41117715032936247 -0.31755461210420705 6.5923616486713676 173 147 45 1.0595337379639165 5 131 2 495 13 428 15 475 47 136
692 0.36012928414164541 -0.17852862046346493 6.6410830938570697 53 45 22 0.71878109752242769 5 462 2 506 10 166 16 244 17 142
693 0.360245686144124 -0.18038463784391104 6.6443889381852221 53 45 22 0.47130958983280136 5 463 2 507 10 167 17 143
694 -0.45033700384618547 0.19844784513150088 6.7818654559913467 141 109 10 0.79349720069482577 5 220 2 524 1 416 6 364 13 346 7 355 11 354 12 397 18 374 38 134 20 123
695 -0.54976927199525172 0.26225353801118489 6.8124896417360459 139 110 50 0.79965426343663037 5 741 2 528 3 433 1 421 6 461 14 206 3 166 10 194 12 398
696 -1.2565744036608848 0.37212262878108787 6.796499389998389 85 58 31 0.69223876959020481 4 601 2 533 3 327 1 317 6 371 14 380 13 203 7 363 11 195 12 407 18 229 23 75 25 100 26 77
698 0.43830587531728371 0.29091357898554804 6.9745836090991613 147 118 74 1.1835934572741016 4 236 2 535 13 197
700 -1.2106632897072496 0.44796172252379601 6.8769980114134723 110 78 52 1.4883749811709825 8 340 2 538 3 437 1 320 14 384 2 540 13 356 7 211 11 364 15 417 18 240 23 78 23 135 24 79 34 78 32 245 19 534 20 543 43 225 48 251
701 -1.0980302237346007 0.50115239371091858 6.9078866668756413 114 80 53 0.37085665594408901 5 665 2 548 3 447 1 435 6 381 14 387 13 361 7 369 10 366 11 367 15 422 12 417 18 388 16 264 28 86 23 82 22 104 24 85 25 108 29 86 26 84 31 63 33 61 38 170 40 400
703 -1.2889356722420724 0.66115409915541112 6.9903050511639995 105 76 52 1.0632237863253808 5 769 2 556 6 483 10 486 18 397 29 144 30 145 40 125
704 -1.0035664486253633 0.65618960172091145 7.0309696262771029 113 78 50 0.71561526384917107 8 355 2 560 14 397 13 373 10 376 11 377
705 0.41153595582906838 0.62460905730170002 7.1800689473986434 108 81 50 0.58467478121366701 5 676 2 565 3 461 14 400 18 215 23 93
706 -1.4747885946631458 0.75641244206518832 7.0495450912831528 93 67 44 1.2279384455560411 8 364 2 567 1 349 6 402 14 406 13 380 7 386 11 385 15 436 12 433 28 93 7 238 14 253 22 116 27 115 42 42 35 194
707 -0.53893315252643137 -0.94220837846262573 6.0591414738203389 168 156 130 1.7234593356389452 8 383 2 570 6 548 14 296 13 259 7 399 10 405 11 544 15 324 15 576 12 448 12 578
708 -0.98722965316764033 -0.76892987460978224 6.0848762718297458 207 164 105 1.0362706551215706 4 9 8 101 2 584 3 261 1 262 6 124 14 121 13 124 7 113 10 127 11 111 15 351 12 343 18 309 17 24
709 -1.1442848509087149 -0.61278694156949798 6.1611374199289273 131 115 95 1.0313404605563297 8 114 2 588 14 132 14 524 13 130 7 482 15 124 12 134 12 535 23 22
711 -1.1291156129382409 -0.47290866996605441 6.2539026279268262 108 61 21 1.6098147776219238 8 484 2 593 1 467 14 443 7 427 7 487 10 323 1 383 11 419 12 149 18 526 16 102 23 218 25 195 38 332
713 -1.3165214767287321 -0.32189551231155167 6.3090488651522758 86 20 23 1.0567487926425521 8 404 2 598 13 425 7 431 11 422 15 469 18 461 16 222 16 224 17 256 28 114 23 111 24 130 26 105 30 33 38 340 40 62 40 63 48 32
715 0.30972438151350212 0.18863767285745933 6.8257204668920775 148 73 34 1.2099374452432727 8 167 2 620 3 160 6 212 11 357 15 221
716 0.63001407202245263 0.2784187069658699 6.9896545183725811 146 118 71 0.33039125240455419 5 749 2 628 3 522 14 484 18 177 28 82
717 0.91425042161356784 0.55840196067627068 7.1955077974851864 142 109 66 1.5403811429227852 8 349 2 647 3 455 1 445 14 394 11 476 18 192 24 164 29 90 26 87 31 67
718 0.95402957762799989 -0.85766551436985539 6.3123352125692032 56 31 16 0.66325195451566388 8 468 2 661 3 565 1 539 6 552 14 517 13 473 7 473 10 552 15 524 12 527 18 403 38 3
719 -0.98864698310842469 0.049840035891822461 6.6183169843421812 127 67 12 1.4524933977778114 2 683 6 188 4 394 14 370 13 340 7 570 4 825 12 490 18 475 16 430 28 62 22 198 27 220
722 -1.426788870164251 -0.33844416818050344 6.3085944600975328 111 58 18 1.5235650643888119 4 808 2 744 12 593 46 176
725 -0.84710821925626911 -0.25427765981549882 6.4330022955737096 123 89 64 0.21395328305824926 4 810 2 750 1 544 6 561 14 588 11 562 34 141 31 127 46 178
727 -0.76587288312725654 -0.43908156718315 6.3230893142026403 114 60 7 0.95599427101056667 8 593 2 792 3 668 6 617 14 643 10 625 11 612 15 652 12 697 16 467 17 520 22 243 25 252 40 161
728 0.46975198053171924 -0.5002814902331808 6.4427201290531206 147 88 18 0.76109051131835515 4 862 2 793 3 669 1 656 8 640 6 618 8 589 14 644 13 585 7 605 11 611 11 658 12 691 28 227 23 273 22 295 24 299 40 151
729 -0.0947280337092644 -0.26400525682959314 6.5244002270667352 139 81 8 1.6682412178444359 5 904 8 410 2 798 3 674 14 537 16 477 29 216
730 -0.14398675178401524 -0.040572539842423178 6.6786320126694241 98 41 23 0.77301022083217508 4 918 2 806 3 685 7 627 11 631 15 674 12 667 16 511 7 665 17 585 23 286 22 313 24 315 25 308 27 312 26 239 36 214 30 182 33 198 41 156 44 215 42 145 35 239 45 158 19 68 48 23
733 -1.4674298060878692 0.73027930839666377 7.0437310106490507 113 83 58 1.0926031979591821 8 624 2 812 3 692 1 678 6 647 14 674 13 618 7 634 10 655 11 639 15 679 12 677 16 522 17 552 25 313 27 321 29 236 29 265 26 245 36 190 36 223 34 192 30 195 31 210 33 206 46 96 10 235 41 162 47 152 44 166 41 132
734 -1.2645813839351019 -0.58545387571260743 6.1659473218152669 80 21 18 1.1093041162869288 4 896 2 816 11 648 12 685 18 679 17 513 38 503 40 346 43 131 32 147 48 147
735 -0.77526207210501785 -0.54965790696212602 6.2581959219446768 111 57 11 0.50474349948444697 8 633 2 820 3 698 1 689 6 659 14 684 13 631 7 643 10 668 11 651 15 687 12 687 18 677 45 179
736 -0.60548717994764623 -0.53722714636981606 6.2774600250232968 114 61 7 1.2320531072656526 4 937 5 930 2 822 3 700 17 606 28 271
738 -0.82972233126609896 0.53704028523420932 6.9431546152737438 102 73 43 0.94295317034545378 8 666 2 840 1 705 6 706 14 712 13 658 7 675 10 700 11 677 15 709 12 715 18 697 40 325 38 523 46 275 45 248 32 197 43 173 48 190
739 -0.60837104377677431 -0.50301804713346521 6.261402695394934 112 61 7 1.1572815293276952 5 967 8 675 2 847 3 728 6 712 14 742 13 664 8 693 7 703 10 724 11 707 15 740 12 741 16 536 24 342
745 -0.13928273231050897 -0.98272865982573865 5.9798456488844423 171 147 119 0.7089628645266941 8 234 3 1 7 265 10 268
746 -0.38004129532057407 -0.89991245947237375 6.3010608203890142 197 155 137 0.40080167051147525 2 18 3 41 1 248 14 430 8 395 13 409 7 414 10 418 11 408 15 456 12 459
747 -0.19134782775648451 -0.84009662742300573 6.1725870316604565 179 131 106 1.4439964174061943 4 7 3 50 14 515 18 504
748 0.089989390721050874 -0.87731362776109656 6.3207084919838996 183 115 52 0.29226699662453093 2 289 3 55
749 -0.511820523391743 -0.80315142505466441 6.1606530699013575 211 164 109 1.9167004945498425 5 570 3 58 18 298 13 113 7 100 11 298
750 -0.80144958126683652 -0.76623298819918195 6.1283132559438123 44 25 0 0.15621890923588252 2 30 3 59 1 72
751 0.64331842635442416 -0.68242157818415039 6.340409825200279 112 97 74 0.036794453505386307 4 38 3 74 11 126
753 0.51682963529683135 -0.48147469129723441 6.4670235586311167 185 154 97 0.97203448237607948 4 83 3 101 7 318 12 355 27 49 40 33
754 0.7313894046158087 -0.49345311968903405 6.4863307718225771 166 139 85 0.39513785720926647 4 549 3 102 1 281 13 141 7 138
755 -1.2714687085746579 -0.34911927215027411 6.3709929682975135 108 55 25 1.6438254953972822 2 75 3 105 6 161 16 108 30 204 31 163
756 0.76346992192990359 -0.44029820294577771 6.4568016055022115 104 72 30 2.1170601715454938 8 127 3 106 14 150 10 149 11 144 28 230 26 103
757 -1.3867701848591956 -0.30841837490269991 6.3147556187052007 83 25 5 0.37714037194572669 2 77 3 107 13 151
758 -1.1287470041873957 -0.25323546110601419 6.4106962646214969 139 113 89 0.44880348816159515 2 83 3 113 6 167 13 157 7 154 10 157 6 165
759 -1.121426738081724 -0.22051860648176017 6.3941729317462128 143 117 93 0.32366560912367559 2 342 3 120 14 166 13 161 7 157
760 0.68096734896846534 -0.087441749925937423 6.7653077080482777 139 69 16 1.4949139039664681 2 356 3 129 1 143 14 177 13 438 23 57 22 79 24 65 25 77 26 59 30 51 33 34 46 53
762 -1.3135750559419457 0.2951774805056222 6.7280243869537681 86 40 22 0.36629455855725723 4 431 3 165 12 217
763 -1.3179536444632585 0.37718284544678371 6.7856132568762053 86 62 36 0.15719176749974384 4 453 3 174 12 229
765 -1.3704594732476445 0.49027488155696947 6.8895632888708063 103 78 55 1.8915448019141352 5 300 3 199 7 213 14 224 12 242 40 115 45 170
769 -1.1172989372444027 0.5871369858057619 6.9546310845473194 87 41 22 0.19735570076796194 4 290 3 214 6 242 11 214
770 -1.3434869532018461 0.68984784032757429 7.0100213228139552 106 83 61 0.79683267105082611 4 512 3 227 18 264
771 -0.61479012678427836 0.70010237073748249 7.1015159462675683 85 59 34 0.98750719990093394 5 561 3 230 1 225
772 -1.1142760805156329 0.74501491770185146 6.9988024208901418 94 68 49 1.5000130424051739 2 264 8 213 3 231 11 231 31 108 33 112
773 -0.26267051666586994 -0.9354005823009629 6.3494306848081088 132 70 58 0.49775307894069803 2 15 3 252 1 244 6 417 13 399 12 453
774 -1.3998633762564139 -0.76650248117494513 6.0457503432226085 184 131 78 1.06767378775471 2 283 3 253 1 256 5 376 6 116 13 293 7 308 15 458 12 124 18 312 17 12 38 329 20 295
775 -0.29862816685978283 -0.83998949348816632 6.1744017620291647 70 49 24 0.55628854396063565 2 284 3 258 1 377 7 87 12 100 18 46 38 24 20 26 19 22
776 -0.61170107744048818 -0.6412781499529856 6.2050722311104165 142 123 100 1.3754205381874851 4 31 3 266 17 62
777 -0.73744197768475439 -0.59201007539981509 6.2270325359522536 135 114 95 0.21707569906057342 2 50 3 267 13 132 7 127 15 359 17 66
778 -0.73744197768475439 -0.59201007539981509 6.2270325359522536 135 114 95 0.21707569906057342 2 51 3 268 13 133 7 128 15 360 17 67
779 0.69708427334947853 -0.58040383912768989 6.4373424623510731 114 102 83 0.91784340566135547 4 544 3 280 15 142
780 -0.46380902010492497 -0.3118004227759969 6.444617295584929 117 65 7 0.44908905909320607 8 134 3 287 7 146 10 154 15 170
782 -0.45858569736193694 -0.061855059532516604 6.6202760871532771 162 135 54 1.3230294618783376 8 311 3 302 14 361 13 332 7 165 10 346 12 386 18 358 28 55 24 59 27 73 26 52 38 99 44 41
783 -0.28534007407659201 0.18906583910857946 6.8070991835652563 145 115 5 0.43945103120535539 4 423 5 636 3 318 14 373 13 345 7 187 11 353 12 203 23 67 4 588 38 125 20 107
784 -0.50131908832811045 0.20789067457347357 6.7830966722178028 138 106 16 0.76844550054493121 4 589 5 224 3 319 1 311 14 375 13 348 7 188 4 199 10 354
785 -0.79042800373533728 0.26357668592236788 6.7857102816485924 88 40 15 0.1605445031470025 4 433 3 322 6 216 10 192
791 -1.0794110111227693 0.46701829009191936 6.8846847856191395 87 47 27 0.32450045185365767 5 530 3 335 12 236 5 531 22 103 27 97 33 58
792 0.29065731735433603 0.42927675179870167 6.982941176931968 135 103 64 1.4489984374392784 2 547 4 482 3 343 13 211 38 120
793 0.11119089312421276 0.47535672259906708 7.1038346082015966 123 95 57 1.5151463759911437 4 621 3 346 1 330 45 61 46 79
794 -1.0737425026410194 0.59679335433035074 6.9679656183053167 121 83 62 1.1627781417293226 2 437 4 625 3 349 1 332 6 246 14 240 7 225 10 220 11 217 12 254 17 164 27 183 29 143 34 127
795 -1.1312486113802442 0.68062087332033028 7.0249919132577601 118 85 59 0.95182781949278961 8 207 3 361 13 227 7 233 15 281 12 266 23 90 24 96 23 88
797 0.91648374668925525 0.61097158210952562 7.2463241436541406 136 103 58 0.44862878825468649 4 727 3 363 1 347 6 397 13 223 10 377 11 381 15 426 12 248 28 156 22 114 24 99 27 113 34 87 31 69
798 -1.2450867939089598 0.74458044353736463 7.0574669019435117 105 76 52 0.57828210399737989 8 212 3 364 6 401 13 236 10 238 11 229 15 287 12 269 18 265
799 -0.84822062302890522 -0.83819326163864039 6.0611552429275779 145 96 53 1.693332513666028 8 69 3 375 13 90 12 328 10 98 11 85
800 0.076566376821417759 -0.7808831340884208 6.2235453041101891 108 61 15 0.8714944788815121 8 400 3 388 1 380 6 425 14 439 13 419 10 427 11 415 15 352 12 465 38 18 42 68
801 -0.99842787729016358 -0.35102468906444084 6.3529165424802914 134 116 97 1.0193387951687691 5 440 3 397 6 508 4 552 14 348 7 142 15 160 12 357 18 339 23 30 40 48
803 -0.53915658495478347 -0.15052868437816 6.5505434993787883 108 43 13 0.59075402647190789 4 671 3 413 1 550 6 441 14 358 13 329 7 494 15 484 12 380 28 120 36 91 34 147 38 92 40 61 45 40 32 39 38 337 48 25
804 -0.53867006932855799 -0.14995853114924959 6.5488355334725892 108 43 13 0.57331497860557235 4 672 3 414 1 551 6 442 14 359 13 330 7 495 15 485 12 381 28 121 38 93 48 26
805 -0.75170765616954405 0.13763871093928165 6.7262884895829336 123 70 15 0.99180683157840754 8 432 3 428 1 306 13 343 15 399 22 85 29 70 36 55 34 64 31 50 44 53
806 -0.61867064408861505 0.193107295496625 6.7611260324007869 147 109 29 0.55013683028386373 8 326 3 430 1 415 3 429 14 193 7 354 11 351 15 400 11 352 14 194 12 206 18 196
807 0.98493489663312273 0.18791811136361286 6.9743039381161562 130 105 59 0.58255142013464822 2 529 4 704 3 434 14 482 13 447 11 455 12 493 18 162 17 497 28 138 2 626 22 92 24 151 22 158 25 99 29 73 26 120 36 109 34 69 34 115 30 95 31 58 33 52 41 101 47 118 44 124
808 -0.69292140932915791 0.47137844924051064 6.9355494270352347 114 84 56 0.46592401512121567 5 756 3 445 6 476 10 481
809 -1.0973356921331641 0.50061085054431842 6.9077673097774408 115 83 58 0.17624700184993758 5 666 3 448 14 388 7 370 28 87 23 81 22 105 26 83
810 -1.3832115273840881 0.58789056479729085 6.9357753763113621 100 73 47 1.0169619333851976 4 718 3 449 45 122 38 358 20 197
811 0.53584120969364801 0.52127582353527557 7.1268608237274425 145 114 70 0.54046290336267588 5 767 3 452 1 440 6 479 14 501 7 372 10 368 15 424
812 0.57238279998072661 0.5217787692687148 7.129562694244937 141 110 66 0.73139811349007289 4 721 3 453 6 480 14 391 13 364 10 369 12 243
813 0.46137385479445103 0.66886321167089446 7.2180776328176695 114 92 62 0.88986484651299513 5 773 3 463 6 261 11 485 17 214 23 149 25 121 30 64 46 87
817 -0.99147859535081317 -0.23311773423462306 6.4415906376076872 91 55 29 0.62987612398090498 5 711 3 490 1 478 16 315 23 115 36 33 38 410 40 64 46 127 45 46 20 391 32 126 43 23
818 -1.4669559684896702 0.26380010214850969 6.6957945834343873 89 50 24 1.5596746755891919 8 172 3 512 6 522 14 709 2 809 13 654 11 180 17 282 22 156 29 263 26 243 36 185 31 55 41 184 35 49
819 -1.1560249671568994 0.45002102320522019 6.8566440065054781 110 79 51 0.925410149449167 2 633 3 529 14 491 18 239 40 110 45 67 43 40
821 -1.4386788596776714 0.78314077802967863 7.1014502780255491 137 110 90 0.98745602922626075 8 463 3 543 13 382 15 522 28 203 22 220 24 217 25 230 29 148 30 68 31 110 33 72
822 -0.33389208172916096 -0.96298442383355776 6.0077888156502892 158 103 54 1.7001757870658267 8 32 3 550 15 27
823 -0.29158071008029007 -0.98810221140327048 6.057670706618195 158 104 54 0.81713773732685269 8 24 1 531 7 267
824 -0.41407822828856028 -0.8780059362643895 6.243685495459725 130 65 56 0.48235690411666771 2 580 3 559 1 534 8 530 6 601 14 575 13 528 7 537 10 550 11 545 15 578 12 580
825 0.30126366253339593 -0.84494390497152827 6.199394634203113 188 120 48 0.9648064692513314 4 799 3 561 17 455
829 -0.34732511764395146 -0.90618188744669403 6.2200853112481562 185 144 122 1.2760692115300416 5 2 1 709 14 752 8 704 13 691 7 717 10 735 11 716 15 753 12 751
830 -0.15292371291092743 -0.86940091495431959 6.1847997653779405 219 174 167 2.18328329184342 2 779 3 695 1 641 11 683 24 288 25 288
831 -0.59507483306969233 -0.61337728822532323 6.2128665480349712 131 118 99 1.6201297600981686 5 962 3 697 6 656 16 534 28 301
832 0.65675257449301461 -0.33242248305727401 6.5566422192756608 122 69 17 1.0359268851562478 5 973 3 733 14 746 13 685 7 709 23 323 24 347 44 238
834 0.11441457720255185 0.64297302988576377 7.147401665349971 108 85 53 0.73888130031855659 3 737 1 721 18 693 24 352 26 257 34 233 40 322 41 205 45 226 32 167
836 0.24781271728953666 0.082209734017814506 6.911820390301286 47 42 23 1.94300929515865 3 759 1 745 6 744 8 724 14 773 7 738 10 759 11 740 15 773 12 772 2 886 22 388 24 377 25 391 27 384 29 336 26 300 36 293 34 282 30 271 31 270 33 266 46 318
837 -0.91017379801250309 0.540577370376363 6.963007313410313 97 50 31 0.26304581536854893 8 522 2 711 3 599 5 829 4 839 2 710 1 575 6 537 14 568 13 521 7 526 10 542 11 534 15 568 12 569 28 196 22 215 25 222 27 234 29 189 26 167 36 151 34 159 30 144 46 151
838 -1.4313563433038909 -0.70705163391758052 6.0692856546617531 54 29 9 0.83194180058916245 5 689 3 476 8 279 1 379 6 424 14 438 13 421 7 424 10 429 11 416 15 465 12 468 18 114 17 19 25 25
839 -0.24355805273862252 -0.89834389116492763 5.9802326691844252 129 73 14 1.5339325189154638 8 46 1 33 6 70 13 57 10 63
840 -1.2164455365023059 -0.8297251649360341 6.0745558141325455 144 91 39 2.0682119674841934 8 73 1 38 6 89 13 88 13 92 6 85 7 75 11 82 11 83 15 79 12 95
842 -0.42560756161814173 -0.8892387965413372 6.2258587806305368 129 63 44 0.32169616617580982 3 26 1 43 14 91 8 254 13 272 10 296 11 77
843 -0.28972521916177829 -0.90256093246922853 6.2573434839359914 205 166 149 0.66021237237990438 3 19 1 48 6 87 8 251 14 314 7 285 10 292 11 282 15 67 12 77
844 -0.20176976049289855 -0.86281668898940334 6.132753482803242 121 60 35 0.9150675526321681 8 261 1 55 6 317 14 319 13 276 7 72 11 86 15 75 12 323 17 43
845 -0.16327483732567188 -0.88390640003619214 6.2648522257588057 121 62 36 0.18747252251698979 8 70 1 57 14 95 13 86 7 73 10 304 11 87 15 76 12 82
846 -0.083171851075959841 -0.88454976106961802 6.2582521297699856 132 58 31 0.31010377731967176 8 71 1 58 6 103 10 96
847 -0.083171851075959841 -0.88454976106961802 6.2582521297699856 132 58 31 0.31010377731967176 8 72 1 59 6 104 10 97
848 -0.42527887394541058 -0.86391967033748285 6.2419248981734734 128 64 41 0.27719345180431088 8 75 1 60 6 107 7 78
849 -0.42527887394541058 -0.86391967033748285 6.2419248981734734 128 64 41 0.27719345180431088 8 76 1 61 6 108 7 79
850 -1.1520803820577175 -0.77356564888121815 6.080248999770558 184 135 82 1.1808823062822427 3 379 1 64 6 118 14 119 11 412 2 583 15 459 12 342 17 20
851 0.20805374557396231 -0.81747185983989867 6.2111565467320347 127 70 7 0.33055262467675667 8 277 1 75 13 295
852 -1.3985697581268355 -0.57412985298268804 6.1797323043081516 106 54 19 2.0013574200371393 3 71 1 92 10 135 10 136
853 -1.3536370401167683 -0.53255230521646513 6.2429807621734499 73 29 24 1.0599008906134058 3 82 1 94 6 149 12 144
854 -1.4852880992964868 -0.44318863683685628 6.2475258945024574 75 39 12 0.81934559314679178 3 90 1 103 16 101 17 60 33 84
855 -0.81771071230127412 -0.24863460123778341 6.4440385976906427 99 60 20 0.20518217561762186 4 380 1 123 7 155 12 168
856 0.67135023463450005 -0.28048180647124454 6.4771440270605165 148 88 20 0.3189006610149645 3 405 1 128
859 0.1874372367972639 0.17960141501675869 6.8462159974913135 44 38 20 0.83585179700996137 4 591 1 165 14 196 15 219 24 73
861 -1.2070144355953234 0.59207602285557148 6.9411883555214047 79 38 18 0.15986003296199758 4 489 1 211 14 237 13 217
862 -1.1937412937019805 0.60119336859561812 6.9849995769909787 115 77 56 0.16047947743356614 8 200 1 212 6 245 14 239 10 219 11 215 15 262 12 253
863 0.59691265018414119 0.60207937783359378 7.0822141193826003 109 80 45 0.67386853296545313 2 256 1 222 14 251 15 267
866 -0.16600316229684123 -0.85227798464695004 6.0283073666885221 123 59 44 0.54128141417392606 8 257 1 246 14 320 15 341
867 -0.3798237681072999 -0.90022648044228537 6.3030783783578341 200 153 137 0.32895575073521383 3 42 1 249 14 431 8 396 13 410 7 415 10 419 11 409 15 457 12 460
869 -0.18184940864695762 -0.88337446736407255 6.2584746267851221 125 67 44 0.19760481611286937 8 258 1 254 6 314 14 321 13 274 7 417 10 422 11 410 15 342 12 320
870 -0.35343446601337403 -0.87245591978991766 6.2503803170913388 121 62 37 0.20464529680723861 8 263 1 255 6 315 14 323 13 277 7 293 10 306 11 293 15 343 12 326
874 -0.55916176968911013 -0.30323295040954923 6.4295423014411393 114 65 16 2.2945579596240231 3 401 1 286 14 349 7 321 16 235 17 262 25 148 27 57 29 46 26 39
878 -0.64081988603532569 0.68084013645247099 7.099980748428437 103 77 54 0.26518990904402634 5 675 1 346 6 398 7 383 10 232 11 383 12 429 23 92
879 0.91542662792513885 0.61220717447927109 7.2425592206340452 134 101 58 0.40827939156114479 4 728 1 348 13 224 11 382 12 249
880 0.63715290765640142 0.66580972992958243 7.2661111990434133 133 110 69 0.66107430965754377 8 210 1 350 10 233 22 118 25 123 27 122 29 100 42 100 35 149
882 -1.0063887976666797 0.87069013480529012 7.1358327579557841 45 36 27 1.3110775719303285 8 215 1 355 14 259 11 233 15 293 12 276 36 78
883 -1.0030590605762633 0.86869781198958695 7.1245491128398433 45 36 27 1.2576196199727241 8 216 1 356 14 260 11 234 15 294 12 277
884 -0.3252128038255816 -0.92960401077841048 6.3362033395691517 124 64 47 0.22654877882652791 1 372 6 416 14 423 13 401 7 408 12 455
885 -0.76064104332580607 -0.27223846220433284 6.4422080043709693 100 61 28 0.19232565822400693 5 708 1 394 6 434 14 453
887 -0.99362084316152188 0.15225009458851135 6.6792686957276484 65 71 37 0.28665998653480979 4 694 1 413 12 396 23 63 25 88
888 0.50408844446691636 0.37690369960691644 7.0251223856174896 132 103 63 0.12075620753512976 3 440 1 428 29 83
889 0.50408844446691636 0.37690369960691644 7.0251223856174896 132 103 63 0.12075620753512976 3 441 1 429 29 84
890 0.50089130882286337 0.52374672719441673 7.1127268290978147 123 91 51 0.57562533347894196 5 766 1 439 15 423
891 -1.0046235694421868 -0.7644247815041556 6.0438885489957652 178 130 74 0.41938550421653931 8 98 1 457 6 123 14 120 13 123 7 112 10 125 11 110 15 117 12 125
893 -0.9903220170384105 -0.23041497165761937 6.434248099802125 86 50 24 0.17656089459420465 5 710 1 477 36 32 46 126
898 0.98808460675057908 -0.78890544062567691 6.2396600738879169 135 70 8 0.83141995120534506 8 473 1 540 6 553 13 531 7 477 10 555 11 491 11 549 15 528 12 530 25 29 27 24
899 0.42681097775398313 -0.27127083693054233 6.5944384503845166 51 44 28 0.7906372943396559 5 860 1 547 14 594 13 541 10 577 16 371 22 191 24 183 33 132 40 157 46 169 41 81 44 105 42 80
900 -0.38608252395114884 -0.96345987092223595 5.99005625892553 180 172 136 0.86373485427402819 3 549 1 580 15 29 12 45 16 494
901 -0.47073171313478612 -0.65882609780762413 6.2409929122788563 109 56 6 0.58583499703317987 2 727 1 586 16 454
903 -1.0119191621300265 -0.3900889574508376 6.3099707102284714 127 115 99 1.8542429958565441 8 540 1 605 10 627 16 416 27 256 40 170
904 -0.012877271435510134 0.15929729415245464 6.8441277106042513 84 72 50 1.2456673941277938 8 616 1 629 6 642 14 668 13 612 10 647 11 635 18 543 23 291 22 315 24 316 25 278 36 183 30 187 31 180 40 248 46 235 45 110 20 91 43 26
906 -0.3442267075995688 -0.84633891470758493 6.1411692152720381 118 62 41 1.7334775859914486 2 778 1 640 3 694 11 682 18 507
907 -1.2669947811641409 -0.39044026697716055 6.2880934066365688 82 21 15 1.7612275281883616 4 906 1 654 6 667 10 678 18 687 17 517 28 276 22 294 25 299 29 244 26 223 40 313 38 472 35 165 45 189 20 387 19 370 32 121 43 144 48 158
909 0.076715721987447194 -0.24052839754737154 6.5836398638658773 53 57 24 1.6520993511686097 5 975 1 717 13 669 7 690 10 711 11 693 15 723 12 727 28 329 22 357 27 337 29 284 26 266 34 228 31 224 33 221 45 183
910 -0.86571392994300855 0.43777885979088016 6.856275391093777 53 52 24 2.1260823237070809 4 955 1 720 15 728 25 371 30 243
911 -0.52037129185989528 -0.87357365766382244 6.2762816230948086 155 99 40 1.6555788825506867 1 723 6 312 14 317 8 264 13 281 7 292 10 305 11 292 12 327 10 299 8 256 3 723
912 0.019824583024239228 -0.89201552032762588 6.1803682380218126 184 117 47 1.2160673198066458 8 718 6 724 14 764 13 701 7 729 10 748 11 731 15 755 12 753 47 158 1 724
913 -1.0116898455563377 0.32264337618679823 6.7633148648022408 48 48 24 1.1574174616776718 8 714 6 736 13 700 7 726 10 745 11 727 15 752 17 642 24 362 36 275 35 290
914 -1.0168037195731408 -0.705587263342075 6.1963781973257337 102 53 12 0.77975935360012083 8 723 1 744 6 743 14 770 13 708 7 735 10 755 11 737 15 769 12 769
915 -0.87270787501481173 -0.52454905388515705 6.2463251064911773 99 54 17 0.75521565203958785 5 697 2 591 1 98 5 420 8 120 14 140 10 143 12 147 18 322
916 -1.3081824490076295 0.39794464777477817 6.8171332729039911 109 88 61 0.56428642820449559 4 604 3 329 1 183 8 184 3 330 1 184 6 227 13 205 7 365 10 358 10 359 11 199 12 232 18 238 42 87
917 -1.43851426287033 0.27978148146821885 6.6999607319176784 67 46 33 1.9691931578772774 4 207 2 172 1 166 3 159 40 324
918 -1.3126203790108975 0.43451108608235167 6.8600274347364287 97 67 43 1.9421070133308753 8 191 4 469 2 204 1 193 5 289 4 472 3 189
919 0.44656735074950699 0.62608241171993406 7.2141274643505007 112 87 56 2.1227241586516792 2 452 3 362 1 221 5 351 4 318
920 -0.61999507739330162 -1.1547610512589337 6.4062979662128905 167 127 96 1.7202895632402566 8 15 6 18 13 24 7 18 10 26 14 25 11 249 12 31
921 -0.66791672017970483 -1.1270033886235817 6.468543348269514 156 125 98 0.71237313400539204 8 17 6 22 14 33 7 22 11 27 12 33
922 -0.6889147570963875 -1.0767430704249836 6.3800113219508665 143 114 92 1.0352347081935467 1 20 8 19 6 27 14 286 7 261 10 260 11 32 15 21
923 -0.72169114216889529 -1.1053149286701429 6.5588731111713852 143 114 92 0.61923409861463163 8 20 6 28 7 262 12 297
924 -1.5081497076701047 -1.0125581198985703 6.3943269704849612 147 102 56 0.17586797047512631 8 23 6 30 14 44 13 33 10 266 11 36 15 316
925 -1.3360440727709182 -1.0214335576685327 6.4360606315928788 187 134 80 2.2151315921965447 8 26 6 32 14 292 6 286 13 34 7 25 10 34 11 38 11 40 15 31 12 50
926 -1.3845588403128422 -1.0192365153391649 6.4550193944372696 202 146 95 0.33466263005922359 8 25 6 33 14 45 13 36 7 26 10 36 11 39 15 35 12 49
927 -0.93823963945409261 -1.0454409421211925 6.4950518951404783 163 116 62 0.2347423347140308 8 233 6 36 14 289 13 255 7 264 10 267 11 37 15 28 12 46
928 0.093942654360991945 -0.99562897025301933 6.029482648337444 142 82 11 1.7121926917603076 8 529 14 512 11 487 13 29 15 311 12 446
929 -1.1651235131629205 -0.96047497738328969 6.2085362542293367 189 134 77 0.90904012152591496 8 33 6 39 14 54 7 34 10 45 11 45 12 54
930 -1.2475202293039276 -0.99465799310256886 6.3934716292502616 137 83 27 0.17817896464778865 8 238 6 40 14 295 13 43 7 270 10 274 11 262 15 323 12 304
931 -1.2394818760822142 -0.93245377099275706 6.1471357484646907 149 95 41 1.0486092489572019 8 35 6 42 14 61 10 52 12 60
932 -1.3680381129948238 -0.93877305812910505 6.2192479461135406 185 129 80 0.12822998218562956 8 38 6 45 14 57 13 47 10 48 11 50
933 -1.2939798459680696 -0.90105252439972072 5.9708856461275035 185 129 80 1.1190295319902253 8 39 6 46 14 58 13 48 7 39 10 49 11 51 15 44 12 61 18 302
934 -1.3177059573882 -0.95490817785004412 6.3063942708752814 175 121 68 0.24098503357898385 8 239 6 47 14 60 13 49 10 275 11 263 15 45 12 308
935 -1.130260274570885 -0.96379172068421681 6.3421673597330814 135 83 26 0.12676242794293749 8 36 6 48 14 63 13 50 7 37 10 276 7 38 8 37 13 51 14 62 11 52 15 46 15 47 12 58 12 59
936 -1.326807033126739 -0.85448249524795195 5.9746388434862681 150 93 38 1.9142439096344892 8 51 6 60 13 63 7 59 13 71 10 68 10 76 11 61 11 66 15 63 12 81 18 83
937 -1.2132482849734443 -0.92496270441572215 6.2949488926140793 179 127 70 0.20686493125993682 8 44 6 61 14 69 11 270
938 -1.2003642932354355 -0.91862549322579068 6.2493990359201588 179 127 70 0.32723684444284717 8 45 6 62 11 271 15 54
939 -1.2415216291965225 -0.91350301732002437 6.2565387611766763 178 123 66 0.28980813588871079 8 47 6 64 14 301 13 61 7 47 10 64 11 58 15 57 12 68
940 -1.2415216291965225 -0.91350301732002437 6.2565387611766763 178 123 66 0.28980813588871079 8 48 6 65 14 302 13 62 7 48 10 65 11 59 15 58 12 69
941 -0.64609917453333621 -0.93666813075739197 6.3124387155970645 152 100 38 0.2239415978995658 8 49 6 66 14 74 13 58 7 50 10 66 11 62 12 63
942 -0.28282732217290607 -0.91441913124923591 6.1181684438542074 164 103 49 1.0322203365674849 2 8 6 69 13 56 7 46 16 207
943 -1.3541955156848047 -0.87005676160973866 6.166774512264487 141 83 32 0.17672294014632084 8 57 6 71 14 304 13 72 7 60 10 77 11 274 15 68 12 84
944 -1.3008864272526846 -0.84379701685272734 5.9907701782531353 141 83 32 1.0639152187169338 8 58 6 72 13 73 7 61 10 78 11 275 15 69 18 90
945 -1.2776196380165208 -0.84966789889237093 6.0329844536511006 143 89 33 0.74078557124946731 8 61 6 73 14 305 13 269 7 63 10 80 11 71 15 70 12 85 17 7
946 -1.2271617157358443 -0.87084366368580624 6.1974234214008543 184 129 75 1.8625506605113862 8 64 6 75 14 86 13 78 7 68 10 83 13 80 14 84 11 73 12 86
947 -0.59845978292894819 -0.92380751267702754 6.3490664033244117 144 91 27 0.3309288926890977 8 55 6 76 14 81 13 69 7 58 10 75 11 68 15 61 12 73
948 -0.159098249631002 -0.90886104443504057 6.1205175561605172 127 60 35 0.84995387241217379 8 52 6 77 13 66 7 55 10 72 17 335
949 -0.35554978474755755 -0.93088781982351987 6.3413291353777712 121 58 40 0.17084110121503474 1 39 6 80 15 60
950 -0.15019564703749891 -0.94010252407476214 6.3419795668562546 124 59 36 0.22130759265617089 1 42 8 53 6 81 14 80 13 67 7 56 10 285 11 67 15 56 12 65
951 -1.0325812509982424 -0.86614724634892948 6.1873184125769214 136 83 20 0.18317528007595321 8 397 6 84 14 429 13 411 7 416 10 417 11 407 15 339 12 324
952 -0.93082147850525532 -0.84868106840659463 6.1716644074431573 132 76 15 0.18763548352661191 8 262 6 94 14 94 13 280 7 77 10 300 11 289 15 80 12 94
953 -0.99550079024465754 -0.83084480478054568 6.1444176586092398 133 78 14 0.24813968176552248 8 77 6 97 14 322 13 97 7 298 10 307 11 294 15 86 12 103
954 -0.89668922263601791 -0.83162423320971846 6.1523898719942549 142 84 22 0.17052090169428974 8 78 6 105 14 326 13 98 7 82 10 102 11 92 15 87 12 104
955 -0.79274686537736494 -0.83386449123699791 6.198008874651423 150 106 43 0.25581987476528878 8 267 6 110 14 327 13 287 7 299 15 90
956 -1.0575160945311177 -0.79818967591233381 6.1177579151571111 187 137 76 0.2567332213703995 8 87 6 114 14 102 13 107 7 96 10 110 11 100 15 105
957 -0.78268843165606894 -0.79925061595646996 6.1346008375407068 134 86 22 0.34979685466602728 8 272 6 119 14 330 13 290 7 305 10 310 11 297 15 111 12 119
958 -0.72428637932528028 -0.80545472799765294 6.1979227104043009 150 104 41 0.35270081018953581 1 263 8 275 6 122 14 331 13 115 10 313 11 299 15 112 12 120
959 0.15711913342128436 -0.83161474691917148 6.2073398127350004 192 128 41 1.3027084908698576 2 473 5 390 6 127 15 103
960 -0.55785066769791991 -0.77723038754085405 6.1520930812595589 117 68 11 1.4867010768870432 1 73 6 129 14 127 25 349
961 -0.32577994553953377 -0.75862388763522526 6.1844431766593786 126 74 19 1.3852615517181082 3 63 6 133 7 117
962 0.68428089408746118 -0.32532086882050693 6.6168436541285613 143 89 22 1.1016759600126962 1 127 6 171 11 431 22 58
963 0.54464612702284954 -0.15573045028762883 6.6754184693687559 97 65 35 0.13754614085299513 1 135 6 175 14 168 7 160 15 189
965 0.31469031928291324 0.048820909705602315 6.7978671125810228 56 49 33 0.16135545178806143 2 371 6 199 10 179
967 -1.0664704739655568 0.70773728703029926 7.0621867147998207 105 74 50 0.39183931868991939 5 678 6 259 13 233
968 -0.58467114188704028 -1.2333151391166139 6.6500234403395408 143 117 91 0.98460191038448741 8 375 6 274 14 280 7 393 10 395 15 308 12 441
969 -0.40083736809134529 -1.1908739859542719 6.738746963136613 156 104 58 0.46101722371453291 8 16 6 281 14 34 13 250 7 255 11 252 15 17 12 32
970 -0.41186910702732094 -1.168542164287186 6.706484723371088 205 181 142 0.23309658927334931 8 231 6 282 14 285 13 251 7 256 10 259 11 29 15 18 12 295
971 -1.3969653538512217 -1.0258632925393758 6.4337226475963201 148 92 38 0.22683991387938163 8 232 6 283 13 254 7 263 10 263 11 256 15 314 12 300
972 -1.3659629704333944 -1.0027223302651707 6.4405622713072566 148 92 41 0.42012788636155612 8 31 6 291 14 49 13 40 7 31 10 39 11 41 15 36
973 -1.3932765924258408 -0.9480679994157678 6.3537763536509271 151 95 44 1.4872333156754982 8 43 6 295 14 59 7 42 10 51 10 59 12 312
974 -0.74061972931168363 -0.91769242094163839 6.0563828319667961 150 101 45 1.4831534716351698 2 274 6 296 13 261 7 273 10 56 15 326 12 309 28 13
975 -1.2331411518289239 -0.84255587439481217 6.0008930399536862 147 92 38 1.5042221918863321 8 62 6 298 14 306 13 74 7 64 10 79 11 278 10 88 18 431 17 6
976 -0.26633742727186532 -0.8985671481036972 6.0798341354302394 126 62 38 1.3512772199736502 8 248 6 300 14 308 7 54 11 273 15 59 18 283
977 -0.2128152174089826 -0.93752017098216156 6.3459386017020654 125 58 39 0.18178546787810076 1 243 6 302 14 310 13 268 7 280 10 288 15 332
978 -1.3122122933649976 -0.81818906574754269 5.9820162260496881 138 77 26 1.8554890712788534 8 68 6 304 14 88 13 279 10 86 11 75 15 81 12 97 28 160 23 151
979 -1.0082723888008802 -0.82429400464536173 6.1149798066116343 182 133 70 0.17953452745633086 8 79 6 311 14 324 13 284 7 81 10 101 11 91 15 89 12 332
980 -0.23933660273810897 -0.86147923273323246 6.1261698144223358 132 61 42 0.86002715500758731 1 54 8 260 6 313 14 318 13 275 7 290 10 303 11 291 12 88 18 35 17 40
981 -1.1195066816204613 -0.82066807478948944 6.1773750400556482 146 92 31 0.53427550930759682 8 266 6 319 14 96 13 288 7 85 11 93 15 344 12 334
982 -0.83570826047903601 -0.81207685904267357 6.1205422686425539 196 148 84 0.15552055132471496 8 84 6 320 13 102 10 108 15 98 12 335
983 -0.9355860896925775 -0.81448297229112654 6.1616406790760117 139 81 18 0.30432607690751279 8 83 6 321 14 328 13 289 7 300 10 107 12 336
984 -0.61098023192483153 -0.78966355800569665 6.1000781407016733 200 153 88 0.15658664285960866 8 276 6 326 14 332 13 294 7 309 10 314 11 302 15 349 12 340
985 -0.12889795079478869 0.15075103342518389 6.8060624405260723 102 61 35 1.5238840804254721 8 325 6 362 7 353 16 335 17 298 28 67 23 64 24 71 25 89 27 89 26 70 24 70 34 65 42 38 35 81
986 -0.27669911882908199 0.24287952025883747 6.8438302216640494 152 123 60 0.20575906774450251 1 419 6 365 14 203 11 358 15 401 14 204 22 91 25 97 25 98 27 92 36 61
987 0.16953850748128169 0.37096986466471793 6.9790767821794333 124 98 61 0.70981363786266283 2 417 5 654 6 374 17 185 16 158 28 84 24 83
988 0.17095947885002707 0.37039307392588006 6.9920498593005425 124 98 61 0.62329104869001395 2 418 5 655 6 375 28 85
989 0.68315726623946749 0.51914298724741614 7.163456658350646 138 109 69 1.1388699336450863 1 335 6 387 7 221 12 415 23 84
990 0.75700861673499531 0.52182184660350628 7.2218915081185857 136 106 68 0.40655593501923254 8 197 6 388 13 215 15 259
991 0.39104222411565548 0.66974236932695563 7.1907351751909889 103 81 57 0.62234386180528367 8 360 6 400 14 403 13 378 15 278 27 120
992 0.096388147129595633 -1.1127694171221427 6.5428019479192496 45 24 0 0.51650669772042457 8 381 6 410 14 416 13 390 7 396 10 401 11 393 15 309 13 253 12 443
993 -0.76074802097727179 -0.98068396577260419 6.3738550061617829 62 48 23 0.58218776882893419 8 240 6 411 13 391 7 271 10 53 11 395 15 41
994 -0.76745304216538035 -0.98827277719703321 6.4154866814850129 62 48 23 0.54765953607624218 8 241 6 412 11 396 15 42
995 -0.60261318192396296 -0.91323260287380759 6.0750549373810054 141 89 30 1.2501558178131897 8 385 6 413 14 417 13 393 7 401 10 407 11 397 15 448 12 449 16 49
996 -1.0509022410838305 -0.90969543232417871 6.3504645993190394 200 150 90 0.58479893122829596 8 391 6 414 14 422 13 402 7 409 10 493 11 401 15 335 12 316
997 -0.19676725947599152 -0.93853177772886376 6.3509979534138106 126 59 40 0.31589327623059721 1 245 8 387 6 418 14 424 13 396 7 405 10 410 15 449 12 450
998 -0.53865318212976199 -0.86964376908780183 6.1010636127948166 145 93 27 1.1300897156102501 8 252 6 421 13 408 7 413 10 291 11 279 12 461 17 660
999 -0.40475208030885823 -0.80536437528596927 6.1481112995022738 184 133 70 0.86769726491010923 2 585 6 423 14 437 13 415 15 346 12 462 18 52
1000 0.6228027087397161 -0.48593493407924687 6.527131625219563 163 126 20 1.8735953462671513 5 702 6 427 23 162 27 147 34 260 36 268 30 254 31 252 33 251
1002 -0.52393165454922774 -0.060364010541128263 6.6100907365178925 121 66 5 2.0083034822040839 4 682 8 310 6 448 14 466 11 442 12 385 18 172 15 395 8 312 34 51 40 71
1003 -0.59013953674194131 -0.032605662907853987 6.6363166711138541 112 49 7 0.69134894842181716 1 489 6 450 14 540 22 75 24 61 1 141 25 75 26 57
1005 0.048309993266152769 0.31219490176039566 6.9593914641539039 125 100 59 1.1434401013900906 3 519 6 463 13 451 12 498 18 473 45 54 32 43 43 28 48 33
1006 -1.2144643316659096 0.36759336501248885 6.8094951904442143 86 60 35 0.66556428779260879 8 333 6 464 11 361 12 405 24 152 29 79
1007 -1.2082134534984255 0.36624061966242455 6.7850240915088023 86 60 35 0.70608066823370852 8 334 6 465 15 412 11 362 12 406 18 228 28 79 24 153 29 80
1008 0.22066037486472889 0.4199488229653528 7.0207679677846944 121 94 56 0.17977620243029535 8 451 6 472 14 494 13 460 7 462 10 474 11 469 18 378
1009 -1.2059984433715996 -0.76740335118329162 6.0177030076481897 146 82 25 0.52437526691091418 3 606 6 495 15 527 12 531
1010 -0.72136553690502636 0.36190523054811158 6.8597776555013361 110 83 54 0.50140755625441513 4 771 6 526 13 516 11 527 15 504 18 486 27 226 31 97 38 258 45 113
1011 -0.7759037005950441 -1.0629934005757289 6.5402716355983443 38 35 20 0.17066171106517022 8 528 6 546 14 574 7 536 10 549 11 541 15 574 12 577
1012 -0.10119505195082192 -0.91514110530662218 6.2848027137956226 129 53 37 0.1422613249125623 8 570 6 550 14 626 13 571 7 593 10 605 11 592 15 577 12 579
1013 -1.5014711934472094 -0.28840816066460012 6.344838905643833 229 215 142 1.8421689709943956 8 133 6 559 14 156 13 308 7 147 15 474 46 57
1014 -0.35514209983690143 -1.1546558833405374 6.5694373836438622 194 185 146 0.8859071838115008 8 566 14 624 13 567 7 590 10 601 11 587 15 631 6 591 12 625 34 270 31 259
1015 -0.64117671963000278 -1.0659098369528657 6.5205914826267071 48 22 3 0.3302536904079334 8 567 6 596 14 625 13 569 7 591 10 602 11 589 15 573 12 576
1016 -1.4351707882595675 -0.98780387170140704 6.4066411589940389 154 98 47 0.32047603678289327 8 569 6 597 13 570 7 592 10 604 11 590 15 575 12 629
1018 -0.76314854448837632 -0.61172704703472192 6.2072716848400935 126 111 93 0.29424424439880603 8 577 6 606 14 630 13 578 7 598 10 612 11 597 15 641 12 636 28 269
1021 -0.1807280773278791 -1.1912328338255205 6.7288402789858059 150 110 65 0.19841113579017952 8 627 6 650 14 678 13 621 7 637 10 660 11 643 15 681 12 679
1023 -0.10750680718444343 -0.19955715687585335 6.5611280588048881 50 48 20 0.66097455548385087 2 854 6 702 18 684 22 358 36 231 45 213
1024 -1.0452339187826489 0.60465240587109159 7.0427876156080584 109 70 52 0.3759873140523517 8 686 6 707 13 676 10 718 11 701 15 732 12 734
1025 -0.77693569127723705 0.50267538106448362 7.1399863215330175 107 82 50 0.62119441277180587 8 685 6 720 14 734 10 717 11 700 15 731
1026 -0.21010771640452111 -0.92580761093134289 6.2927485796638409 113 52 34 0.60773823518158621 8 705 6 723 14 753 13 692 7 718 10 736 11 717 15 754 12 752
1028 0.89470079507491218 0.072400678771404575 6.8596325022544837 111 61 34 1.7229297755167627 8 725 6 745 14 774 13 704 10 760 11 734 15 766 18 712 17 669 25 387 27 391 29 332 36 288 31 273 33 267 40 348 41 251 44 294 42 227 45 214 43 159
1029 -1.3960384239342232 0.26932038146926718 6.7230126911688561 95 44 19 1.763261194876713 5 223 6 746 14 775 10 751 16 572 26 307 36 289 30 272 41 223 44 273 42 193
1030 -1.3047636362136725 -0.54514823911683752 6.1974486981403061 145 106 99 2.0281354849217994 5 64 4 42 2 55 3 79 6 146 5 409 4 342 11 128
1031 0.9547957849129366 0.15235102754744642 6.9588541256283474 150 126 90 1.9335636866852621 5 502 4 429 2 393 3 163 1 168 6 209 5 500 2 389 14 197 13 181 7 185 15 213 12 201 16 391 17 417 28 71
1032 0.86851996536706799 0.32774670472115069 7.0234898708987137 134 105 64 1.860287394214468 5 282 2 207 6 229 2 419 3 191 7 202 11 200 46 68 47 69
1033 -0.94610558630077468 -0.62053783012231856 6.1813461344585354 131 117 96 1.5173160645559856 2 590 3 568 6 501 4 339 2 301 14 134 14 580 10 130 12 132 17 347 28 25
1034 -1.1149688144584016 -0.4354269177748098 6.2762931739527179 105 52 5 1.5309240897783916 5 894 1 597 6 614 5 938 8 643 4 905 2 791 1 652 1 694 14 692 13 589 13 638 7 651 10 621 11 608 15 591 12 646 12 696 18 653 18 686 16 464 28 221 22 241 24 298 25 298 40 276 40 310 32 111
1035 0.74267004582019147 0.65820038581848206 7.2444635214914879 144 115 74 0.79343241594376557 8 359 4 729 2 651 1 451 14 404 10 382 15 432 12 423 17 321 24 168 29 101 34 90 30 66 47 79 42 57
1036 0.70542437950328063 -0.59527060373132101 6.4504690794993769 100 87 69 2.5502296132004654 2 324 6 342 5 432 4 543 3 279 15 138 15 141 12 350 36 250 34 247 30 237 31 240 33 234 5 588
1037 -1.290019749147469 -0.45209030061983579 6.1888960269658719 106 60 60 0.90556850905805431 8 123 2 326 6 344 5 79 4 56 2 62 14 145 10 146 15 151 12 152
1039 -0.97465031961052007 -0.25721054915064506 6.4163222591727544 109 59 14 0.6289711959175921 6 436 5 709 8 409 4 662 14 454 13 430 7 434 11 430 15 478 12 478 18 459 24 44 38 405
1040 0.31159844250836749 -0.216267984720979 6.6081174869580792 136 122 96 1.601889054071268 2 855 3 735 1 718 6 437 8 680 4 666 14 727 13 670 7 691 10 441 11 694 15 481 15 724 12 728 18 707 16 320 23 325 22 359 27 355 34 250 33 25 38 534 40 347 46 266 35 65
1041 0.98695037629284066 0.13391996490378191 6.9529470590262585 74 51 23 0.68739310871990145 3 514 1 501 6 520 5 737 8 433 4 699 2 621 1 417 3 432 14 478 13 344 7 450 10 459 11 513 15 553 7 507 12 394 12 549 18 155 28 72 28 248 23 248 25 93 27 163 36 106 26 74 30 55 31 54 33 48 41 55
1042 -1.1154760938418153 -0.43636968429976858 6.2774069947690192 84 42 4 1.574970096235603 5 937 8 642 4 904 2 790 1 651 1 693 6 613 1 596 5 893 14 691 13 588 13 637 14 639 7 650 10 620 11 607 15 590 12 645 12 695 18 652 18 685 16 463 28 220 22 240 24 297 25 297 38 465 40 275 40 309 45 219 32 110 43 138 48 179
1043 0.97492140752688206 -0.7791406602822798 6.2865793184653951 164 97 36 1.6613955863822696 5 47 4 24 2 39 1 81 6 137 8 107 7 119 15 120
1044 -0.56269700466986083 -1.0954198541736495 6.1548772439475332 137 113 93 1.4908084839168647 6 19 14 27 10 258 11 251
1045 -0.5921447984658057 -1.082425579042873 6.1988541758370976 133 111 90 1.1231800219830941 6 21 14 29 11 28
1046 -0.71250074647257577 -0.93698226331868528 6.4363285050004313 157 109 50 0.85674175269448438 6 301 8 54 14 79 13 68 7 57 10 74 11 65
1047 -0.91684073189669579 -0.88071367785624965 6.2181478567907247 200 152 87 0.90617683186497366 6 303 8 63 14 87 13 81 7 65 10 84 11 74 15 71
1048 -0.85283617374071996 -0.81163707813975083 6.0597779502780291 189 134 69 1.8039200940466142 6 109 14 98 11 95 15 93 12 110 13 99 18 68 7 84 11 94
1049 -0.74825498244019473 -0.80771554247573307 6.0582737671782461 190 141 82 0.94000102796103868 6 113 14 101 13 104 7 94 12 111 18 63 1 53 46 315
1050 -0.79595467100725692 -0.81089956520588158 6.1085301263377936 195 146 87 1.0384746516014194 6 322 8 86 14 105 13 105 7 95 10 103 11 99 15 102 12 337 17 25
1051 -0.66027799151246303 -0.87208130796126515 6.6138684238454024 192 147 82 0.6251127078755937 6 327 8 270 14 109 13 109 7 98 10 112 11 101
1052 -0.85599761604519886 -0.78686638007465659 6.1102689568116313 138 83 18 0.38081663191081916 6 120 14 116 10 122 11 300 17 27
1053 -0.7225170395678967 -0.72618669093437072 6.1336954333917939 106 65 26 2.7401951554984794 3 62 5 33 14 130 23 294 24 226 45 89
1054 -1.3888111735802759 -0.31000887220063317 6.3336027794435807 81 24 4 1.3372009136767975 2 76 14 155 13 150 28 34
1055 -1.1390648767110494 -0.27524769712566183 6.3719935458120718 103 55 15 0.45344593576158776 1 117 14 161 13 154 7 148
1057 -0.39349733129536762 -0.054149179910399296 6.6209679416615304 132 100 9 0.67951501875819031 2 114 14 176 12 387
1058 -0.16425725889348486 0.19978178319651654 6.7186987653359322 88 53 31 2.4400768807740731 1 312 14 198 11 178 34 67 30 54
1059 -1.3611497396937178 0.32494173994782916 6.7477258603022543 56 35 20 1.5702668279169665 4 446 14 210 13 194 7 198 10 196 12 224 40 104
1061 0.49984872542644188 0.32617518971359033 6.9909467340759299 133 105 66 0.12028763833871593 1 187 14 218 13 200 10 201
1063 0.85949081489549428 0.54422263659309167 7.1365497539210869 144 116 76 1.2717970769683589 2 559 4 300 14 244 13 369
1064 -0.049331229557744175 -1.2368332644017008 6.310423415450745 188 163 130 2.0942263985541989 6 5 14 274 13 246 11 247 15 302 12 289
1065 -0.30138172992493656 -1.1519877426942466 5.971937802360535 53 38 16 1.2027199679905283 14 275 13 12 15 5 12 16 23 330
1066 -0.15942885736201443 -1.1891356990743021 6.1153817857474051 192 170 122 1.5191761908818866 1 358 14 276 13 9 12 13
1068 -0.96799739895049541 -1.0355182640469554 6.467932124751691 203 163 104 0.1937644820385481 6 287 8 382 14 291 13 256 7 266 10 404 11 394 15 315 12 299
1069 -0.81495070179881512 -0.88090462876146869 6.2270936967929238 192 151 85 0.26585519563985716 6 420 8 253 14 311 13 270 7 286 10 294 11 280 15 337 12 321
1070 -0.39809597927311952 -0.64188782752601337 6.2458467510749234 143 122 97 0.84768257766297717 1 90 14 337 7 125 10 133 12 129 18 433 17 71
1071 -0.39809597927311952 -0.64188782752601337 6.2458467510749234 143 122 97 0.84768257766297717 1 91 14 338 7 126 10 134 12 130 18 434 17 72
1072 -0.70965237494639644 0.078139351699095083 6.6740511973789882 116 67 4 1.1837902087701277 5 733 14 372 7 350 10 352 11 511 18 368 28 63 25 82 27 274
1074 -0.19298658769763599 -0.93030893510753376 6.2946159111030715 127 59 37 0.23116306502760151 6 419 8 388 14 425 13 397 7 406 10 411 15 450 12 451
1075 -1.2450566600610837 -0.76136867739321423 6.0285406282686109 133 82 32 0.84460079806381017 6 325 14 434 13 120 35 15
1077 -0.48522439195124101 -0.30684110092762895 6.4566451733761161 117 67 10 0.61907507593420386 3 403 14 447 12 161 18 334 28 41 23 36 25 53 29 47 34 35
1078 -0.3670543747361445 -0.079218730291576736 6.6227152158426019 151 129 43 0.47409170215875002 5 727 14 465 11 440 12 481 17 285 25 72 34 49 31 40 46 59 41 30
1079 -0.28117820734920462 -0.07093089534737991 6.6169406329182365 149 131 65 0.81204782111883456 6 512 8 422 14 467 10 449 17 286 41 34
1080 -0.42693124334097604 -0.045442517411289303 6.5976420458580591 130 100 1 0.53052072863268551 2 115 14 468
1084 -0.27029050491470724 -1.1972121449631143 6.7769568367352813 197 184 146 0.67577738678829602 6 592 8 465 14 511 13 472 13 568 11 486 11 588 15 444 10 400 12 442 12 626
1085 -0.32974292542674244 -0.75729326108059514 6.1792668731950364 124 74 16 0.96417152829000996 3 478 14 521 10 496
1087 0.48661975787575462 -0.23309283911499229 6.6347588614063335 47 40 21 0.31996767127408199 2 757 14 597 7 559 10 579 15 606 16 428 17 543 28 239 22 261 24 259 25 268 27 266 29 217 26 199 36 175 30 173 31 169 33 134 30 129 31 131 46 171 41 117 47 139 44 152 42 113 35 135 39 55
1088 0.26286467887683979 0.38062576340219706 7.0192350831284243 124 95 65 0.50424689542192258 4 834 14 611 40 83
1089 -0.48593599212023653 -1.181064940993005 6.7358842698062 184 170 136 0.18080812712601399 6 590 8 565 14 623 13 566 7 589 10 600 11 586 15 632 12 627
1090 -1.0330286578943599 -0.43311805209401588 6.3202499933658496 128 110 96 2.0580272579009087 3 667 14 693 18 683 22 244 27 297 43 161
1091 -1.0420092449647815 -0.80626164797263633 6.0645208058402043 190 138 78 1.1566093371609245 6 687 8 668 14 715 13 660 7 678 10 702 11 684 15 711 12 717
1092 -0.54604252257063191 -0.86265434153709231 6.2652584086406673 196 156 84 2.237930715481069 6 106 14 716 13 96 7 76 10 100 10 301 12 96
1094 -1.2998279710540868 -0.66417372671422437 6.0799870822680955 99 53 19 1.1689136494273924 6 689 14 719 13 626 11 647 12 684
1095 0.31025708907318911 0.25482560834546969 6.9277395308325849 136 109 66 0.35532064373786892 3 716 14 732 10 698 28 318 23 311
1096 0.037361457008224574 -1.2101432937794161 6.5997391861022736 180 146 101 0.88332150121994002 6 709 8 688 14 739 13 677 7 698 10 721 11 702 15 734 12 736
1098 -1.1291228238825817 0.58154042445459464 6.9514073779414156 101 55 36 1.4405653086239862 5 830 8 524 4 791 2 712 1 519 6 538 14 235 2 436 3 213 6 241 13 466 11 213 15 514 28 197 23 195 22 216 24 213 25 223 26 136 30 109 40 118 44 118 45 119
1099 -1.095201271597724 0.76034703962104677 7.0987961336400982 57 38 30 2.1598719887683262 5 775 4 521 2 457 1 228 14 255 3 232 1 226 15 289 12 272 23 94 23 96 24 98 24 167 26 91 47 171
1100 -0.27416184662860654 -0.8088915008322819 6.1739370984419004 30 12 0 1.0025477269928194 5 983 8 669 4 930 1 684 6 688 14 717 3 54 13 661 7 679 10 703 11 685 15 686 12 718 18 674 17 600 38 490 20 460 19 441 9 294
1101 -0.25543382570372714 -0.11991333696534373 6.6105525679982708 51 57 14 1.3342292683766894 5 910 8 656 4 917 2 805 3 682 1 667 6 674 14 664 2 759 6 636 13 608 13 649 10 581 11 669 15 671 16 482 17 579 22 311 25 205 27 269 34 184 33 172 41 182 44 192 42 142
1102 -0.55598653187757408 -0.018551922895088491 6.6286472644684595 145 103 33 0.35624985909353402 14 365 8 315 1 407 6 359 7 345 10 348 18 179 22 76 24 62
1103 -0.10415088390162086 0.23218150022799575 6.8715547698874468 107 88 60 2.1292290642781686 8 169 1 503 14 479 5 508 2 402 6 218 13 186 13 350 10 193 15 226 12 495 16 339 17 302 44 68 42 40
1104 -0.63002790653458318 -1.0867950259594628 6.3175966815819349 128 103 80 1.8426387222731802 6 24 13 25 14 35 7 23 11 31 7 257 14 38 15 19 12 296
1107 -0.65209403491727924 -0.94652367602650811 6.4541890758965632 189 145 84 0.57418717121004281 6 299 14 77 13 65 7 53 10 71 11 64 12 70
1108 -0.40167810800413523 -0.93801461129549446 6.4081227198920656 130 73 51 1.0390463240318637 6 82 13 70 7 281 10 289 11 70
1109 -0.95760508325978888 -0.8341230861689658 6.1375406382034337 139 80 22 0.67925564690851636 6 96 13 94 11 90 15 83 12 101 2 13
1111 -0.0070185836264406764 -0.8217039675357416 6.1774620433484273 197 151 90 1.0578230739149317 4 646 8 91 13 114 7 101 10 121 11 109
1112 0.12568591162799278 -0.77893069791598391 6.2175362749965641 90 44 1 1.7475711271783461 3 66 13 125 18 38
1113 -0.71846017701877096 -0.58288649445611196 6.2108365556169884 89 48 16 2.0821480966999375 5 580 8 281 14 341 13 135 15 131 18 112 11 312 23 24
1115 -0.16665907106000588 -0.027932624730984543 6.6686060619243177 150 120 30 1.7345790490645416 3 131 13 171 11 161
1116 0.337914504638613 1.0720265410711471 7.4761063686649596 52 47 30 1.4608372849918558 14 263 13 240 45 116
1117 -0.85465083312849022 -0.90428153086505769 6.0291117829690331 192 152 100 1.3592682492563239 3 245 8 243 14 298 13 262 7 274 15 52
1118 -1.2710539962085903 -0.88017893381279599 5.9746663131654287 195 147 99 1.6231288695051385 3 8 8 244 13 263 18 70
1119 -1.3927717822880608 -0.82880625213819281 6.1289751386680225 140 80 28 1.0174169133066735 6 91 13 278 7 294 12 331
1120 -0.50144296027137591 -0.86277740049953822 6.3560966821388503 149 98 35 1.1483958149302615 6 115 14 433 13 285 15 92 12 107
1121 -0.85472948631340351 -0.78899966888366657 6.1083274514716805 138 82 25 0.38088594844954027 6 121 13 291 7 306 11 301 15 348 12 339 17 28
1122 0.95104368087737423 0.51525772921298041 7.2406061477021035 151 125 88 1.3718323817822817 2 442 13 365 11 370 15 257 17 424 27 105
1124 0.14815683151649775 0.42313979953876996 7.0108656423450082 120 95 65 0.19773073686359915 3 533 13 462 7 465 13 463 10 477 11 467 15 510 15 511 12 511 12 512 18 379 26 81 46 73
1125 -0.67785628125337449 -0.60114518433353326 6.2213441840566803 127 114 105 0.89016870305160145 2 304 13 481 15 125 18 111
1127 0.54563007449967094 -0.57418587235961682 6.4158319632345187 87 74 46 0.39546698894273014 4 856 13 579 16 468 17 574
1128 -0.73403932949653983 -0.20467830770210826 6.4623092480936499 112 50 11 1.2975301140299829 4 875 13 600 11 622 15 664 12 601 16 476 29 255 36 174 33 166 40 241 38 400 20 248 19 301 32 118 43 73 48 117
1129 -0.18603506668788125 -1.2387209801543009 6.3999995921642583 180 146 103 1.5902762964095269 6 742 13 705 7 732 8 721 10 752 11 735 12 766
1130 0.28189787337772315 0.2038309642273789 6.8869754412062498 48 40 20 1.0388230951539736 5 809 8 556 4 827 2 691 3 586 1 563 6 524 14 552 13 183 2 397 3 325 6 215 7 578 10 191 10 526 11 179 11 517 15 224 15 557 12 613 18 464 16 388 17 555 22 204 24 200 25 213 27 167 29 181 36 145 36 186 31 141 40 75 41 53 44 70 42 43 39 62
1131 -0.71559466534890492 0.28213299394161651 6.8075506903066803 111 80 46 2.0657547011206732 5 510 4 448 2 186 3 169 1 177 13 190 5 504 2 181 15 231 12 216 4 225
1132 0.15418362361765947 -0.24573138579407527 6.5692201079501187 44 46 16 1.4994280941109834 4 750 5 613 3 406 13 543 4 815 8 602 16 369 17 382 17 538 24 185 35 53
1133 -1.1965743241957911 0.59675809761061926 6.9440938447310847 96 56 35 2.5288500858000478 4 488 3 212 6 243 14 236 13 216 5 550 4 492 6 244 14 238 15 261 17 158 40 122 32 92
1134 0.81319840525481157 0.65916708614173425 7.2343405745931637 153 120 76 1.0781923885581146 5 680 4 641 2 568 3 366 1 352 6 263 14 254 13 229 15 276 28 97 29 103 40 179 41 65 8 362
1135 -0.75165284321452619 -0.8607700711597347 6.089033082470606 125 94 56 0.83828393197679874 8 255 1 242 14 313 13 271 7 287 10 295 11 284 12 319
1136 -0.79763179366042258 0.25450682692236831 6.7810807604088774 95 39 17 1.3405665782936154 4 434 3 323 13 351 5 739 8 558 4 766 2 688 3 515 1 562 13 558 10 528 11 519 12 553 16 143 17 482 27 319 31 183 35 69
1138 -0.30927324392804689 -0.91842325655684676 6.3051973075442982 75 38 26 2.8736181904674778 6 415 8 389 13 400 3 18 8 250 1 40 6 86 1 47 7 284 7 407 10 412 11 281 11 402 15 66 15 452 12 76 12 454
1139 -0.61322528061958992 -1.1994842506555685 6.5181319073214281 168 130 94 1.0768096842912931 6 15 8 13 7 17 14 24 10 24 11 23 12 28
1140 -1.4470782628448287 -1.1528065262003468 6.6189537329881123 134 74 20 0.53489854925593383 6 276 7 19 14 284 10 257 11 250
1141 -1.4316570819593695 -0.96435768164588398 6.3293446930759059 198 146 89 0.21998325652557915 6 43 7 35 11 46 12 56
1142 -0.13304514904940654 -0.86882266034944711 6.1365142805408226 128 60 34 0.88125534861695254 6 102 13 87 7 74 12 83 17 47
1143 -0.31548560393054709 -0.83201778218411071 6.154468394618668 164 124 65 0.33097320630905036 4 2 7 90
1144 -0.30962992954283519 -0.81669924060138643 6.0456684137336056 0 0 0 1.0312962010946465 3 44 6 323
1145 -0.46353202630291968 0.17542326838355693 6.7761122826607183 152 131 87 0.20210863958680314 5 214 7 184 18 190
1146 0.82191934990238991 0.37368414661696314 7.0707743467683848 145 114 68 0.301955939146626 3 340 7 206 18 180
1147 0.77376797963051291 0.65867500467984585 7.2479119784761084 140 112 74 1.0182361983541999 1 351 5 774 6 262 3 464 7 235 10 383 11 226 28 98 24 100 25 124 27 123 29 102 31 70 33 69 35 100
1148 0.57865380927849175 0.7925792406609441 7.3169812013746256 42 36 7 1.2678071250330121 4 326 8 365 14 408 7 239 15 290 15 437 12 271
1149 -0.63909005800518692 -0.9193436297972275 6.1307694557398422 177 130 63 1.6142993480323291 1 368 14 71 7 275 15 327 27 392
1151 -1.3588707719189304 -0.70543235468549803 6.0943142414492133 112 65 21 1.6297584205030926 5 690 7 425 17 23
1152 -1.5050406405354562 -0.3313339979754551 6.3268950299807809 172 156 96 1.2159733564212876 4 362 7 430 10 438 11 323 12 472
1154 -0.43730566839280854 -0.80974170518372923 6.1135692168168632 196 147 71 2.309204463649019 5 380 7 472 18 294 17 38
1155 -1.3856288814874731 -0.69771627895006139 6.0421095818686288 107 60 13 0.39612184468714901 1 460 7 478 10 498
1156 -1.4829307578429762 0.689204856798733 7.0057225357405786 94 66 42 1.0614465324923583 3 539 7 531 11 483 23 143 24 161 29 92 36 70 46 94
1157 0.29931169353960191 -0.27201661792022852 6.5239402972284415 165 151 128 0.082465701058143992 6 565 13 540 14 593 7 558
1158 -0.19559914847954801 0.2155094911127669 6.8133206314021946 81 38 17 0.73613149895516328 6 643 13 613 7 629 10 648 40 288 38 417 20 318 19 313 32 132 43 115 48 125
1159 -0.86764214703403753 -0.79581695366340222 6.1634554714991188 144 84 21 1.0800913068716655 3 474 13 625 7 640
1161 0.24518457367352742 -0.81705315246410559 6.1909391777209102 158 100 40 0.97221843881447167 8 95 2 294 3 60 7 109 15 109 5 26
1162 -1.0486380236257835 0.54974890779566166 6.9510811222456503 102 65 41 2.2668485519910084 5 317 4 484 2 235 3 206 1 205 14 230 7 219 5 547 4 277 2 237 14 232 11 208 15 260 18 249
1163 0.97782971105907768 -0.75479701723522752 6.3140330138041838 149 90 21 1.7330887927643726 5 922 8 631 4 895 1 642 6 654 14 680 7 680 8 670 6 690 10 704 15 636 15 712
1165 -0.39325932024747789 -1.0900257606053874 6.7148632253902028 123 68 7 1.1681644826868167 6 41 13 35 10 37 12 43
1166 -1.3887175253633288 -0.90435654865949289 6.586197580801767 197 141 84 1.1264989587309011 6 88 10 91 11 78 12 92
1167 -1.3028639753379476 -0.36101888647072822 6.7319608736299408 98 57 13 1.0516387673427547 1 283 31 22 30 78 36 131 33 86
1168 0.0082348724870159561 -0.26500078953834816 6.5330101929681348 58 48 9 0.061445313002802038 2 98 10 164
1169 0.74482205329699558 0.55570339700970117 7.1937855749634165 135 109 68 0.094804794915097593 4 634 10 222 46 77
1170 -0.94837356899436664 0.63175881664180422 7.0159198896312551 103 75 53 0.28451207631927411 5 335 10 227
1171 -0.85566248792992994 -0.28678176010261996 6.4080763691700078 111 61 9 0.30310129869247154 5 600 10 332 15 375 12 362 16 115 28 38 23 31 22 54
1172 0.6803176601083839 0.3423237105886297 7.0376691596271339 132 108 66 0.62973300245598107 5 753 10 357 15 407 12 499 33 55
1173 0.65159586579424666 0.40678051372364549 7.1722816541565528 133 106 63 0.36313451311213796 6 379 7 209 10 363 12 227
1174 -0.77186133242453836 0.43455944910324146 6.8933387542790623 107 84 53 0.72756784988548107 3 195 10 471 16 265 28 142 22 100 29 140 30 58
1175 0.88463423645008232 0.41094925960326512 7.1166713148212049 135 109 68 0.45511747109820888 5 762 10 479 11 472 18 181 33 60
1176 0.85582022861779627 0.48032446495891529 7.1498657966278545 116 88 45 0.51399248323457258 2 641 5 326 10 482 12 413 27 102 26 85 41 61 42 55
1179 0.7600659586103875 0.2247894692429781 6.962073748875512 137 113 65 0.92775869072979333 6 644 10 649 17 594 28 296 22 318 27 320 30 189 40 287 41 164 47 170 32 73
1180 -0.20691941455682633 0.039987229545194861 6.8160957115363905 153 129 36 1.7996579351915363 8 712 6 735 7 713 10 743 3 712 7 692 10 731 15 749 15 760 12 758 28 293
1181 -0.55488949362971784 0.10193333469968373 6.7077092261182747 140 102 9 1.979476846835428 4 410 2 373 3 309 1 301 6 203 14 188 10 184 5 201 4 409 6 202 15 207 12 194 12 195 2 156
1182 0.82662987370724661 0.51021273729665895 7.1621118778641089 148 114 75 1.5424793297457358 4 631 2 552 3 354 1 337 6 390 14 390 13 363 7 218 10 214 14 234 11 210 11 211 15 258 12 237 3 219 28 91 23 85
1184 -0.71153965470087766 -0.60661823515940805 6.2273100284212903 101 53 8 0.7906785546646915 5 786 8 479 4 742 2 663 3 485 1 464 6 503 14 526 13 480 7 483 10 430 4 650 14 441 11 418 15 532 12 536 18 435 16 364 17 450 28 27 17 351 23 107 38 218
1188 -1.4498194109606599 -0.70972812608923252 6.058617455337048 108 65 23 1.1044134327889832 5 28 11 115 15 121
1189 -1.2593129237388945 -0.61043827818968921 6.1486019715521554 73 18 0 0.30945706388654065 1 84 11 124 25 34
1191 -0.91692164736733595 0.73135446491426548 7.0922285757865673 77 56 38 1.9257304334808127 4 640 11 227 12 268 16 273 42 150 39 113
1192 -0.81512364722322539 -0.8815363604955202 6.3770306705345039 146 102 39 1.9456645494473508 6 309 10 298 13 95 11 285
1193 -0.20622795154447318 -0.11219222608442256 6.5634527375216489 68 81 28 1.5072013285334434 5 466 11 343
1196 -1.3936694780037944 -0.91830792516457604 6.1141116247442069 136 75 23 1.5553802854655958 6 547 11 543 12 310 7 40 8 41
1197 -1.3069250579199549 -0.9221841117102535 6.2183594601026071 163 112 64 1.9429609907139729 6 49 14 64 13 53 10 55 11 54 6 59 14 66 13 55 7 44 15 53 12 315
1199 0.9160713249717729 -0.020040145458023285 6.821176048046925 86 44 27 1.5930968674373382 5 487 4 759 2 521 3 506 13 173 10 176 11 166 5 195 18 333 28 180 34 61 41 52
1200 -1.2651743052612392 0.62597650707345265 6.9745087888010016 78 49 30 1.860329222183837 2 246 3 215 11 220 5 557 8 203 4 503 2 444 3 356 1 218 6 255 10 226 15 269 17 160 35 88 5 552 16 342
1201 -0.33584223779639216 0.17632267270001287 6.797911540686977 152 121 21 1.2176771484076678 5 216 4 587 1 309 11 350 1 308 15 217 36 59
1202 0.33294294411526965 -0.22879547599899039 6.6155235400093622 81 67 43 1.2092876659963661 8 411 2 349 3 297 3 407 4 664 11 433 5 793 8 491 3 493 4 753 1 481 10 510 5 716 16 239 16 370 17 291 17 390
1203 0.33246661171632746 -0.22723829482543675 6.6092089814023369 82 67 44 1.3924587149568437 5 794 8 492 3 494 4 754 1 482 10 511 11 434 8 412 4 665 2 350 3 298 3 408 5 717
1204 -0.5313159698449299 -0.63525183867272916 6.2201137077082951 130 117 95 1.2995318446681579 5 844 8 474 4 741 2 662 3 482 1 463 6 502 14 525 13 477 7 480 10 499 11 550 2 728 3 612 6 554 14 581 7 541 15 530 12 469 12 582 7 426 13 422
1205 -0.50657977239021712 -0.041979990679944908 6.6121769427773902 92 74 27 2.3413255099303893 3 500 6 513 7 441 10 450 5 729 8 314 4 684 2 675 3 423 1 405 6 449 14 363 13 336 7 343 10 347 15 396 15 489 11 444 12 388 12 486 18 359 16 375 28 54 23 52 22 74 24 58 25 73 27 152 26 56 34 104 33 33 46 63 41 29 47 103 42 18
1206 -1.023744429358818 -0.91468767952598951 6.214378359759392 170 120 61 1.6627706807679445 6 63 7 49 14 72 11 60
1207 -0.78689735002468353 -1.1410811817668962 5.833998209472699 104 99 81 1.8609765712643815 13 5 15 1 16 280 40 141
1209 -1.1049566263284218 -1.1716877224398554 6.0784528254536498 135 128 100 2.2353094250938734 7 9 15 3 12 18
1210 -0.98985141129497134 -1.1521138733945389 5.9229843069298207 101 94 75 2.1013671570870582 7 6 14 12 15 4 14 272 13 6 12 12
1212 -1.0253096986602979 -1.0473847621858563 5.5151217413280573 127 118 87 1.8619091747572551 7 11 15 9 13 15 12 15
1213 -1.1100277130353564 -1.2684774546758826 6.6767052520531758 85 74 49 0.19596453878313966 13 247 15 10
1214 -1.0064585550002674 -1.3058875107694865 6.9423617543386955 168 130 94 0.30018184044559859 8 229 13 248 15 12 7 15 10 19 11 20 14 278 12 292
1215 -0.87288019096728309 -1.0938302991278015 5.9302739654634369 122 77 38 0.79870701229772567 10 255 13 249 15 14
1216 -0.9445963500332345 -1.0533022168809785 6.4446599619302525 149 106 55 0.26575092754922264 13 30 14 42 15 23 12 42
1217 -1.2350255902419738 -1.0090287519587469 6.1642664929902278 189 136 89 1.6516922149032793 15 26 10 31 14 287 12 39 15 310
1218 -0.92596319611782407 -0.92579225918172803 5.8242251700285639 193 147 99 1.5761495255366609 1 722 15 32 12 48 22 22
1219 -0.78975177168714183 -1.0218771794374308 6.4297406902793819 182 137 92 0.10629460117696769 7 29 8 28 10 40 11 43 13 38 14 51 15 34
1220 -1.3210520740630125 -0.98123798706177556 6.3407484689319134 185 132 88 0.48001178529332461 7 32 10 43 13 44 15 37 12 52
1221 -1.3210520740630125 -0.98123798706177556 6.3407484689319134 185 132 88 0.48001178529332461 7 33 10 44 13 45 15 38 12 53
1222 -1.2374153446785419 -0.96900290054212934 6.3687463724805502 184 129 82 0.11933259472729997 7 36 11 49 15 43 12 57
1223 -0.80167003793165981 -0.94681949274685506 6.2314340201778879 146 99 46 0.67225976727332748 7 272 8 242 10 279 11 266 13 260 14 297 15 50 12 307
1224 -0.64264894532735972 -0.93344418465030443 6.2892485405589484 141 90 35 0.18335101652108987 7 51 8 50 10 67 11 63 13 59 14 75 15 55 12 64
1225 -1.3403513228460209 -0.87922643837458025 6.1855139997542281 199 147 99 0.12077296569249607 6 67 15 64 12 79
1226 -1.1199524993423218 -0.90266275823436937 6.3958110095694041 195 148 96 0.34387271831286781 10 414 11 404 14 426 15 72 7 412 8 392 13 407 12 89
1227 -1.3870621854263152 -0.84577168778244838 6.0839440974988994 174 112 65 0.17423037261601873 7 67 14 85 15 73
1228 -0.89734259505487257 -0.86616791586578279 6.1907277108612329 131 78 25 0.19212097938814518 7 69 8 66 10 93 11 80 13 83 14 90 15 74 12 90
1229 -0.48162478323099661 -0.88365383518900653 6.3019713343127739 174 116 52 1.1818164164938618 7 289 10 421 15 77
1230 -1.3093193907874865 -0.82512774862753602 6.0870350415832952 196 143 93 1.5715764120823126 7 297 13 283 15 78 12 102 3 249 23 152
1231 -0.11758328106880241 -0.84063262937484895 6.1434867706026219 175 109 49 2.2302402949345987 5 11 15 82 18 37
1232 -1.2551160933766179 -0.90830781949798189 6.7059267312962403 200 146 94 1.0756325483929743 11 287 15 84 7 291 10 297 12 105 6 318
1233 -0.39198085347463391 -0.84226880496788492 6.1894370242579271 171 110 55 0.4059337712078932 5 19 10 104 11 97 15 88 12 98
1234 -0.73893537707112411 -0.79105634045140183 5.9019020287574104 0 0 0 1.4727398662087614 1 44 6 111 15 91
1235 -0.8262587135334345 -0.81536028437315289 6.1700259011271337 156 105 52 1.9419784585239865 7 89 8 82 11 96 14 99 15 95 13 112 11 103 7 304 14 111
1236 -1.0501271274089037 -0.79626942989411986 6.0542709270349802 156 103 53 1.8692438310726185 8 81 10 111 11 98 13 101 14 97 15 101 7 92 7 97 8 88 13 108 14 103 18 87
1237 -1.2104205006826203 -0.7957991318377492 6.0976176914503943 135 74 20 0.27913285897724432 1 56 15 104 12 118
1238 -0.63697358446947161 -0.80317557852890986 6.1377221073690587 149 102 48 0.19218737347520989 7 102 8 273 10 311 11 104 13 116 14 112 15 106
1239 -0.63697358446947161 -0.80317557852890986 6.1377221073690587 149 102 48 0.19218737347520989 7 103 8 274 10 312 11 105 13 117 14 113 15 107
1241 -0.50743145660531264 -0.71130984101533856 6.155189511072745 44 10 0 1.2694583621605393 7 120 8 108 11 122 15 122 17 56 46 28 45 133
1244 -1.484327393322999 -0.24872517143762118 6.328532925693759 148 132 96 1.6947171572059982 13 314 15 181
1245 -0.49654934153330038 0.13985621765511827 6.7317051614322656 156 130 95 1.7047820848023163 4 584 5 208 15 211
1246 0.84613522160395316 0.20022210891051428 6.9588310174603087 153 126 99 0.55556898870589821 2 404 15 223 17 197
1249 -0.41053950329258837 0.6460826542193624 7.0669727016867085 85 60 40 1.2205556294989022 3 225 15 271 18 231
1250 0.31569787469351884 0.65079981267563947 7.1957952841324415 83 58 38 0.50584965469899623 2 453 15 274 26 89
1253 -0.95132438628086491 0.8920704603024433 7.0450019873850946 40 33 24 1.2942072789732195 7 242 8 220 10 242 11 238 14 261 15 295 12 280
1254 -0.92830992714609328 1.0307717603226207 7.2797794677486216 39 27 21 2.2322370910068297 14 262 15 296 41 105 42 51
1255 -0.67487794510186727 -1.2037089555733274 5.8141505641859377 110 101 62 1.0427286941874785 10 7 15 298 40 10
1256 -0.59483634815777919 -1.2086930320564331 5.780744543095711 112 106 80 1.708994458143813 11 1 15 299 12 284 16 277 7 245 11 0 10 0
1257 -0.34549293087336902 -1.1854261194722941 5.8850849924602269 164 152 129 0.81793196696765424 8 370 10 389 11 246 15 300 12 285 18 10
1258 -0.60369639240818729 -1.3006372846492444 6.741257630498076 41 30 14 1.0750228879927737 8 5 11 14 13 13 15 304 12 524
1259 -0.59011029631564127 -1.2643752316861501 6.6584616359759554 168 135 113 0.64666562045470755 8 8 11 17 13 18 15 306 10 254 12 20
1261 -1.0837719825917356 -1.0223351708591257 6.4271553018542882 198 150 101 0.23284682613274194 7 27 8 27 11 257 13 37 15 317
1262 -0.88190615003179518 -0.93778165538056113 5.8936593873444849 199 156 105 1.1273769942124121 7 268 8 235 10 271 11 258 13 257 14 294 15 318 16 493
1263 -1.4039361047310486 -0.99410629761840119 6.3841977223707111 181 124 81 0.36147886756257164 7 269 8 236 10 272 11 261 13 258 14 293 15 321 12 302
1264 -1.4035416782847225 -0.99241851314095952 6.382378873828487 181 124 81 0.14438899182388223 8 237 15 322 12 303
1265 -0.4180096014817431 -0.95210700216263711 6.3625489334125227 165 113 57 0.24768435941280018 7 402 8 246 10 282 11 272 13 394 14 419 15 329 12 311
1266 -1.27129864825189 -0.98814333554713196 6.6620787885403514 182 130 83 1.5465390218920285 7 276 8 42 10 61 14 68 15 330 11 56 7 41 10 58 12 314
1267 -0.83700247026292529 -0.93125879326214778 6.2949795143073395 184 141 88 0.20451003173303922 7 403 8 386 10 408 11 398 13 395 14 418 15 331 12 313
1268 -0.25711805194380871 -0.95204765411526815 6.4601927906346228 129 59 49 0.92345474548035023 7 279 8 249 10 287 11 277 13 267 14 309 15 333 12 452 13 398
1269 -0.46609461173875744 -0.94008200131435304 6.4519891930043514 174 116 71 0.38425189144439537 8 56 11 69 15 334
1270 -0.64712786680154244 -0.80954732795865125 6.0861235498150119 192 149 94 0.2047141741344069 7 301 8 268 10 308 11 295 13 106 14 106 15 345
1272 -0.7077914694961488 -0.29620021276645669 6.426205566362901 112 62 18 0.15170453124720892 10 329 15 370 17 109
1273 -0.82708686239722484 -0.28941274001523393 6.4036462181859921 110 60 15 0.26021878594165826 13 312 15 371 12 360
1274 -0.46592998397224955 -0.087925294711561366 6.5806042625088708 123 75 0 1.298430118475163 8 421 15 394 18 538 43 19
1275 -1.1506837655637738 0.3655113442868822 6.8004244565107541 86 59 40 1.94272529722631 1 423 7 361 15 408 28 77 40 100 41 46 46 83
1277 -0.71370977508668565 0.36249243147009574 6.8626563772563864 111 81 62 0.8089310033914312 7 456 8 441 11 458 15 413 46 144
1278 -0.21047638952706932 -1.2515111996480743 6.0068958867148643 87 82 66 1.422839017547999 13 385 14 268 15 438
1279 -0.4623379814822951 -1.1700922320627296 5.9564813534084733 85 74 60 1.7496478303811296 14 413 15 440 7 391 10 490 11 389 13 245 8 225 15 303 10 251 12 437 16 8
1280 -0.68143055437033906 -1.2597255914008989 6.8003895962565153 131 78 36 0.20450728896312501 7 252 8 12 10 393 11 22 13 22 15 443
1281 -0.56279195577500463 -0.92629852282098091 6.3020031501619842 167 113 48 0.54688615219376624 7 404 10 409 11 399 13 265 14 420 15 451 12 456
1282 -0.31667053060085276 -0.9163543594498581 6.245359413898127 129 66 47 0.087435476870368914 8 390 10 413 11 403 15 453
1284 -0.93401539088961882 0.14867226644257064 6.6672879424715124 91 50 21 0.86552111090639805 5 735 15 496 18 547 38 344
1285 -0.1797746271183078 0.16234562649035814 6.8261256188639701 83 36 12 1.5295912238483202 4 695 15 498 28 69 23 127 27 162 36 104 41 49 47 109 42 92 39 57
1286 -0.89964697737722332 0.58818268506586746 7.0207103287781614 96 68 47 2.3074552403733959 2 439 11 535 15 516 10 595 12 251 28 198
1287 -0.34897045384656705 -1.2053446607547689 5.846022291932309 47 40 35 1.812387380426302 7 588 10 656 11 584 13 525 15 523 12 572 18 566 23 258
1288 -1.3826993494636621 -0.77713731666482611 6.0952502822202934 144 83 36 0.088607074120941001 14 516 15 526
1289 -0.4987526639485203 -1.2682695012086087 6.8410731246818051 152 93 43 0.28527982747281566 7 534 8 527 10 548 11 539 13 526 15 572 14 622 12 574
1290 -1.54149762053492 -0.3506697533253692 6.4024847400613787 236 226 162 1.3139102509652918 14 585 15 597 33 85
1291 -0.34216635020944736 -1.2661354615888101 6.3209120837972295 188 177 138 0.72274047288065568 10 657 13 565 14 620 15 629 11 585 11 640 12 622
1292 -1.194063894534402 -0.83997061978325349 5.9782531581977221 178 127 82 0.81716837433482747 7 594 8 571 10 606 11 591 13 572 15 633 12 630 23 203
1293 -0.55135134409805764 -0.85273559633161522 6.3903635210577425 191 149 87 0.50122649903186389 7 641 8 630 10 662 11 593 13 624 15 634 11 646 12 683
1294 -0.52071840864756413 -0.3242015518192729 6.4393829379256609 136 84 37 0.98441395353167127 13 595 14 655 15 658 22 302
1295 -0.094145557827644 -0.12630152020366947 6.6272219992889081 70 86 39 0.80782471058372618 7 623 8 610 10 640 11 626 13 606 15 669 12 662 28 287 22 312 24 313 29 258 30 177 31 173 33 173 46 229 47 166 45 149 38 388 19 290 20 301
1296 -0.093067741240075136 -0.12592895118050593 6.6300896120895363 70 86 39 0.74895192658695209 7 624 8 611 10 641 11 627 13 607 15 670 12 663 28 288 29 259 30 178 31 174 33 174 46 230 45 150 38 389 20 302 19 291
1297 -1.3048935508535722 -1.1132474905714755 6.5156090592166764 155 91 43 0.70979050396785348 7 638 8 628 11 642 13 622 14 677 15 682 12 680
1298 -1.189428561722172 -1.0415919842342036 6.4636764337182742 188 139 88 0.6542572130235631 11 644 15 683 12 681 6 651
1299 -0.99188798680402923 -0.94545501560843592 6.5087060206858878 194 153 97 0.53864732234335044 7 639 8 629 10 661 11 645 13 623 14 679 15 684 12 682
1300 -0.58376218530596935 -1.1992195928511915 6.00260990886669 39 34 25 1.7321979377524395 7 716 11 715 13 690 15 733 12 750 10 734
1301 -0.61081967649820634 -1.1666243867024966 6.4943224811068898 143 120 106 0.3849045231516659 7 699 8 689 10 719 11 703 15 735 12 737
1302 -0.6123683891492957 -1.1680455810296084 6.5057018722484923 143 120 106 0.41403473211675612 7 700 8 690 10 720 11 704 13 678 14 738 15 736 12 738
1303 -1.1702256761198266 -0.74264132541262851 6.2227459887272802 59 27 7 0.6108136364541682 7 720 10 737 11 718 14 754 15 756
1304 -1.0398778717723134 -0.93660156521409632 6.2933977072838188 171 124 72 1.2600756882318052 7 734 11 736 13 707 14 769 15 768 12 768
1305 0.81036524560582446 0.61619835017641877 7.2039288280476681 133 100 67 1.4832117877198783 8 726 10 761 11 741 13 711 15 774 12 773 18 546 29 337 26 308 36 295 34 288 30 277 31 275 33 268 40 87 47 245 38 246 32 44
1306 -0.91856357877914963 -0.78065800959303966 6.1079027971917723 97 76 51 2.6811113746108548 2 27 1 68 6 126 14 123 11 113 15 118 10 423 11 411 13 412 15 347 12 126 18 583 7 418 23 153
1307 -0.4126680251132479 -0.8759001409822299 6.2284640830884168 139 67 52 0.34430957605340906 1 535 14 576 10 551 15 579 3 560 8 531 6 602 13 529 7 538 11 546
1308 -1.046062485172597 -0.23268310336605466 6.4095236019557431 119 80 48 2.23269032382004 5 450 3 294 6 173 13 159 11 155 15 185 5 609 8 298 4 564 1 291 13 320 7 333 10 340 11 336 12 170 12 369 18 168
1310 -1.256734963738533 0.371913352051924 6.7965556630407162 70 48 25 0.76497342634129761 4 602 2 534 3 328 1 318 6 372 14 381 13 204 7 364 11 196 15 241 5 651 8 182 12 408 18 230 23 76 25 101 29 78 26 78
1311 -0.51391537980833724 -0.6140223264002217 6.2378773856366516 103 57 20 0.41265146932400132 5 695 4 648 1 381 6 331 13 298 11 310 15 357 12 345 18 104
1312 -0.78314236202356879 -0.51135029619209604 6.2746548423675188 138 115 99 0.70861923056235743 4 653 1 466 15 363 4 538 2 317 1 100 14 142 13 138 18 124 17 77 22 44
1313 -1.049262475317958 0.85972934706160886 7.1736894756373406 25 11 8 1.997830551208819 8 214 10 240 11 232 14 258 15 291 7 240 15 292 10 239 12 274 28 99
1314 -1.32462674321398 -0.49132686665355368 6.2127816243522869 131 102 94 0.56017684501581044 5 585 8 287 4 535 2 484 3 274 1 276 6 340 14 345 13 306 7 316 10 322 11 319 15 535 5 788 8 483 4 745 2 666 3 571 6 504 14 528 13 484 7 486 10 504 12 353 12 540 18 528 17 349 28 165 38 336 40 168 46 119
1315 -0.90022942098518288 -0.47887004930661997 6.2785039070040947 128 111 91 1.0086136862151505 5 969 8 695 2 849 3 730 1 715 6 714 14 744 13 681 7 705 10 726 11 688 15 719 5 970 8 696 4 951 2 850 3 731 1 716 6 715 14 745 13 682 7 706 10 727 11 689 12 723 18 706 16 535 17 605 28 326 28 327 23 320 23 321 22 354 24 345 24 346 25 329 25 330 38 536 38 537 40 307 19 482
1316 -1.1310037597337179 -1.215933473963803 6.3541612750672432 133 126 99 2.3859461622721234 7 13 13 11 14 14 15 7 13 244 15 2 11 13 12 291
1317 -0.19729339226165307 -1.2106661491018484 5.8546624772245917 129 124 98 1.213491827790157 7 247 11 243 12 1
1318 -0.20190515438649723 -1.1471177238767027 5.6336490551439864 180 165 138 0.60162894439588233 10 387 12 2 8 368
1319 -0.70791691955114866 -1.1973181835364302 5.9498038913600828 51 45 31 1.5994792344359468 10 246 11 4 12 6
1320 -0.53351724625848973 -1.2124160415669576 6.0717731931845602 77 70 63 1.6784684808131776 7 250 10 249 12 9
1321 -0.38927317813909551 -1.1707763735987735 5.9664533316621453 177 158 127 0.26865839151038273 7 7 8 226 10 12 11 11 12 10
1322 -0.51281310502948563 -1.1886511528695811 6.0639317503834942 81 74 68 1.6014530534542353 13 7 12 11 11 8
1323 -0.35239572070413566 -1.1435636953306503 5.9343179658047447 175 160 136 1.6765609744182757 7 12 10 252 11 16 12 14 13 14 14 277 22 398 24 385
1324 0.0035899863769216318 -1.1598133273277329 6.0308778544367145 194 164 125 1.7563450853818552 7 14 13 17 12 19 26 15
1325 -1.3839432218815286 -1.1916642164375832 6.5647409982238907 144 82 33 1.3292299513681629 7 253 14 414 12 30 8 376 10 394
1326 0.14622887273302923 -1.1394182125424208 6.6327292991253168 146 128 109 0.58855625974280867 7 259 10 261 11 255 13 252 12 36
1327 0.14461852270972408 -1.1276688001711459 6.5571501442590989 146 128 109 0.48633567720095777 7 260 10 262 12 37
1328 0.103733116851176 -1.1100044646934046 6.6453411432458589 148 83 11 0.38573597185796515 13 28 12 38 15 22
1329 -0.70512044229281823 -1.0032468151030427 6.5407935829649562 119 71 23 0.31477186204431223 8 40 11 55 13 52 14 65 12 55 10 54
1330 -0.74594788003716084 -0.95969398780998372 6.3973785126689755 186 147 97 0.47371158387837903 6 297 14 70 12 62
1331 -0.62422294881250007 -0.94316987785641371 6.4034723172292995 139 85 25 0.51464779823680917 7 52 8 247 13 64 14 76 12 67 10 70
1332 -0.24846170148164481 -0.87686273403016013 6.238096083452942 127 59 43 0.17874572718959306 8 259 10 302 11 290 12 87
1333 -0.82890044717684841 -0.86498216186522137 6.1988365570072794 161 121 62 0.19277235362607567 7 70 8 67 10 94 11 81 13 84 14 93 12 91
1334 0.93658134203076671 -0.26459098219675059 6.6075380744630987 161 104 27 1.7087078740099322 5 142 15 183 12 165
1336 0.70468364275564799 0.5121530181109869 7.0951902141649805 136 107 74 1.3815560141671166 3 352 7 222 12 240 18 191
1338 -1.0233464194519828 0.61962374197186576 7.007567807578166 62 28 17 0.17158108246538628 7 229 12 258 29 88
1339 0.34140773657583173 0.64724846696271554 7.1823897422204164 85 58 39 0.57274110084300356 8 357 10 231 13 375 12 260 28 154 23 147 22 173
1340 -0.96318710947915032 0.89526747483917357 7.0783465714059748 42 35 29 1.3524718223334173 7 241 8 219 10 241 13 237 12 279 11 237 28 100
1341 -0.8560879782351255 1.0540000668019522 7.1830834910594303 39 32 22 1.5311649715790716 7 243 11 239 12 281 41 62 42 99
1342 -0.75717390284274921 1.0277224558459228 6.913597092660436 41 33 23 1.4423584888099557 8 366 13 241 12 282
1343 -0.55811061206265766 -1.1735643782423828 6.4842203543732264 187 147 113 0.99230109903415609 7 254 11 392 13 23 14 283 12 294 8 230 10 256
1344 -1.0264460840043621 -0.98185045233932844 6.3415628488530302 204 158 106 1.0530392911667248 13 46 14 55 12 305
1345 -0.82188647126928704 -0.79815799593751091 6.140087840270426 142 90 32 0.39015159181519365 7 303 10 117 12 338
1347 -0.17201364640084557 0.60021628692298579 7.0567503601031474 103 81 56 0.95944188584120893 10 370 12 421 27 108
1348 0.48862313777668154 0.6226520860149074 7.1778972095531719 103 76 52 1.4437431258443187 4 637 12 422 18 211
1351 -0.34020191173527131 -1.2637533864435853 6.2459432440560212 232 217 190 0.24128924131523405 7 390 8 369 10 388 11 388 13 386 15 439 12 435
1352 -0.088260071141422883 -1.2019358465319085 5.9758838359615707 106 99 78 0.50159558051683684 8 464 12 436
1353 -0.21907384269870561 -1.1200652737553902 5.8717177394325297 163 100 43 1.1851960022245378 10 391 12 440 7 251 8 374 11 18
1354 0.19782557505743134 -1.1270075230345578 6.6640505156563519 65 52 36 0.58270988987175609 7 398 10 403 15 446 12 445
1355 -1.4907159382944015 -0.26300087173516901 6.3717867331786699 73 38 1 1.9876378660538514 5 112 7 327 8 137 12 476 28 116
1356 -0.40450930629438203 -0.073915842588005889 6.6136426389960796 151 130 47 0.7075639295671079 7 440 12 483 18 353 17 284 38 98
1358 -0.99222291347116121 0.048248073226114109 6.6096324618164077 122 66 13 0.78161846784634947 6 187 13 339 14 369 12 489 28 61 27 219
1359 -0.27382302067047026 -1.3153983422609081 6.2687829217885476 228 221 175 1.5780030581462594 13 470 12 522 14 411
1360 0.36095262910694892 -0.20862324695238277 6.6215020456458156 161 154 138 0.19761183869361379 7 492 10 512 13 489 12 541 24 186 46 121 41 87 42 82
1362 0.6227776511819304 -0.50607542874395273 6.4667685054659234 100 81 46 0.33566787641822993 7 543 8 537 10 563 11 556 12 585 16 473 28 225 23 224 22 245 24 245 25 253 40 209
1363 -1.4615527315595376 -0.30564936652558439 6.2789349649836153 84 43 9 0.78042143121538599 7 549 11 503 12 594
1364 -1.4954561305017182 -0.6344782849747731 6.1537979093328392 73 43 28 0.47232868476041834 11 308 7 122 8 280 18 129 24 119
1365 -1.0304604577574892 0.69677508485574291 7.0489681547262739 108 77 57 0.2957230540694562 7 677 8 667 14 714 12 716 45 249
1369 0.50830365426984536 -0.40659242951156949 6.5774816253113721 161 116 9 1.9550650059800401 7 736 10 757 13 709 14 771 15 771 12 770 11 738 28 365 23 355 24 373
1370 0.54479321170556605 -0.43163368037709338 7.1367658886632714 161 116 9 1.2549445774223627 7 737 10 758 13 710 14 772 15 772 12 771 11 739
1371 0.49985905693389221 0.32637241393351391 6.9896557790643046 136 108 70 0.42519675080386565 8 180 2 414 1 186 14 217 13 199 11 198 12 219 5 519 8 179 4 461 2 415 3 187 6 228 10 202 11 197 40 173
1372 0.82262274889666642 0.7045276154633352 7.3526712492441284 96 81 62 1.9838634553819252 10 733 11 714 12 749 7 727 12 763 22 380 29 316 26 288 34 268 40 352 46 302 45 243
1373 -1.2018127236082787 0.74790799105383987 7.0694809191888401 50 35 23 1.6648881250616629 6 488 7 385 12 432 18 266 34 89 30 63 30 69
1374 0.57379719772238624 0.68664856961509713 7.2497209483706007 30 22 5 1.2209058425781565 5 681 8 363 3 465 6 403 3 544 14 407 13 234 10 236 11 228 12 263 18 212 17 423 30 65 40 93 30 70 29 105
1375 -0.75898157263047927 -1.2108409243980001 5.8383183345569831 76 68 58 2.4006008826883112 10 3 18 14 10 1 7 0
1376 -0.13601989623721711 -1.0999655670190072 6.0064056726733508 175 110 45 1.3131247214262458 13 389 18 16 7 394 8 378 10 397 11 391 14 415
1377 -0.3048116003478033 -0.85721586173984587 6.1243976274115797 134 64 48 1.3923541735405109 13 282 18 36 11 89 14 325 3 25 16 449
1378 0.67534264213276396 -0.35817768646601011 6.5713597371869934 141 82 25 1.6756671927040945 4 377 18 107 16 238 17 639 26 107 41 200
1379 -0.49600373648794438 -0.3097400180183269 6.4406740754612937 147 92 25 0.42233100633835091 12 162 15 169 18 146
1380 0.92089895082692796 0.22561284941302898 7.0010314612087949 148 118 72 0.63607561385208078 13 187 15 227 18 167
1381 0.12010295015490971 0.12816373188634395 6.8216073740502461 193 186 168 0.23830754422511369 12 199 15 210 18 176 16 261
1383 -1.0817907570880936 0.12220653406834102 6.6390000227797916 60 50 23 0.84291673260802114 12 393 18 204 24 68 27 84 38 150
1385 -0.67910433029952411 0.60684590986472831 7.0564243962481035 67 38 20 0.69329222452359007 2 446 18 236 24 92
1386 -0.46828045056150586 -0.80509862089903517 6.1621750627213601 195 148 95 1.1800209441120435 12 529 18 296
1387 -0.49217946681463243 -0.34361405003057827 6.4053471828152224 141 89 30 1.1079125325073573 8 405 18 330 22 53 26 37 31 166
1388 0.23914680868906196 0.67581239054193021 7.1954529459498584 78 59 44 1.2964339171988855 2 718 3 365 16 396
1389 -0.50180081567415546 0.62029612742671769 7.0690657344659256 116 95 66 0.33965253308583099 1 441 18 387 25 181 45 66
1390 0.49851687507147613 -0.18864025821875596 6.6622675677692333 157 152 128 1.1576314640212901 4 755 18 451 17 295 22 137 24 55 25 67 34 43 31 34 38 220 40 40 47 45 45 16 41 38
1391 0.19422520170056409 -0.19825275832369554 6.6216135494742234 70 56 25 1.7205842992348923 4 817 18 454 34 146 46 43 47 137
1392 0.099557009794440182 -0.084939259504912684 6.6617149366021273 62 50 28 1.111317680933769 13 434 18 455 25 158 42 85
1394 -0.49245926308416799 -0.079204123994788739 6.6096002326403447 148 89 7 1.4092411687632174 5 796 18 462 25 156 26 110 33 32 12 482
1395 0.52712815020884629 0.28142434194356486 6.9800906040975814 166 139 92 0.38402527555383481 3 520 18 465 43 21 48 28
1396 -1.3026785000966135 -0.6004116017960851 6.1478535291152756 95 31 27 0.17493107605040473 10 502 11 493 18 521
1397 0.47957883461783424 -0.047847075635433937 6.7805421277224696 59 54 37 0.73657538249073828 5 479 18 531 33 142 40 223 46 181
1398 -0.032964052523707925 0.16899865981781467 6.7976929812041993 74 62 50 0.48170746801154851 6 577 7 577 41 160 35 193
1399 -0.32920965446758138 -1.152967743569975 5.8899419713405914 160 133 109 0.6715701989156071 15 441 18 568 12 438
1400 -0.57831343953225445 -0.75407779846976841 6.1718617240679414 94 47 3 1.5358467579635984 3 608 18 580 38 368 19 346
1401 -0.53130232345641293 -0.52699853064378566 6.3045296180415011 169 163 138 0.80704681136487499 10 614 18 591 23 269 45 208
1402 -1.0366755131745338 -0.206613048514867 6.4232482591633868 131 76 16 0.57481135846547238 3 637 18 623 40 245 45 164 19 375 32 79
1403 -0.99845872806477109 -0.78738449199383009 6.0508559928189767 157 102 48 1.4485191769976298 1 682 18 637 38 375
1404 -1.3693031524384078 -0.32746509537077378 6.3034150241302536 102 33 29 0.46488068099068092 6 624 18 660 25 260 38 475 40 284 45 191 20 436 19 378 32 127 43 114 48 124
1405 -0.98292814613881463 -0.30466899684834481 6.3779926493791077 112 59 25 2.0135331904549223 1 697 12 701 28 310 24 325 25 333 27 303 40 315
1406 -0.81597804389336803 0.23165658565370464 6.7714818191034443 115 56 30 1.4711195320486699 7 670 11 673 13 655 15 706 18 719 16 518 17 587 32 193 19 474 20 488
1407 0.93793873686156237 0.030733907899979335 6.8507834276129564 125 71 35 1.0723553698775046 18 147 8 429 1 160 7 448 10 456 11 451 18 148 28 133 23 123 29 69 36 54 30 88
1408 -1.3203582695762757 -0.46879909423225014 6.2218798508264843 68 28 27 0.23589513299832943 4 351 2 321 3 275 1 102 14 144 13 140 7 135 11 136 15 148 18 150 4 352 15 149
1409 0.18978619862551374 0.32698572559616301 6.9567513105246004 115 87 50 0.34924345298975312 5 751 2 536 18 186 17 310 23 134 22 97 25 102 34 73
1411 -1.0682850498670253 0.57637445446272073 6.9909380601100581 91 45 25 1.2379036872806988 4 486 3 211 1 210 6 240 11 212 18 492 24 158 45 68 20 265 19 247
1412 -0.9909797415593411 -0.49794843737886735 6.2515848298257417 108 57 9 1.7880431194982476 8 581 4 855 2 786 3 664 14 635 10 616 11 601 15 646 12 641 18 651 5 966 4 936 2 825 5 932 8 637 3 703 1 647 1 692 6 662 6 696 14 687 13 581 7 646 7 686 10 671 11 654 15 692 15 718 12 690 18 681 16 457 16 459 28 273 23 268 40 221
1413 -0.53272353338300782 -0.72824164004272218 6.1994047635557745 95 52 16 0.84261066253972539 2 876 3 742 18 727 8 706 2 877 3 743 6 725 13 693 7 721 10 738 11 719 12 754 17 647
1415 -1.2844082707011142 0.36652504999724034 6.7976448532677303 80 58 37 2.1569091693787734 5 255 6 222 13 198 7 201 10 198 12 226 5 515 8 183 4 452 2 409 3 326 1 180 6 225 10 200 15 240 18 232
1416 -0.22069884081381996 0.23105003217309675 6.8396745278300237 80 38 13 0.81504694951580536 5 807 8 508 4 767 2 689 3 516 1 502 6 523 14 553 13 448 6 459 8 438 14 481 7 510 11 518 15 501 12 497 18 189 7 191 11 182 12 210 16 386 28 73 23 129 24 149 25 94 25 212 27 164 29 180 26 75 26 119 36 108 34 68 33 50 41 50 17 402 44 67
1417 -0.99088853919517272 -0.49773318500934077 6.2507513967141781 107 57 9 1.8199739899655161 5 965 4 935 2 824 5 931 8 636 3 702 1 646 1 691 6 661 6 695 14 686 13 582 7 645 7 685 10 670 11 653 15 691 15 717 12 689 18 650 18 680 8 582 4 854 2 785 3 663 14 636 10 617 11 602 15 647 12 642 16 460 28 272 23 267 40 220
1418 -0.68872511444740558 -1.1622897540814405 5.8814066765440955 103 96 77 1.6453252970786352 14 7 16 3 46 20
1419 -0.40996967935348522 -0.89582357380453914 6.0604889927221421 194 143 83 2.1352131025986041 2 575 16 62 31 216 36 198 40 25 28 14
1420 -0.96177741697885222 -0.76665371731605003 6.0974164624029727 166 105 62 1.4347707393656535 5 386 16 73 17 26
1421 -0.97827092716519948 -0.58761022863992107 6.227111277244938 85 44 19 1.1307834871333176 11 495 16 95 34 21
1422 -1.4868218421155253 -0.067912134824888629 6.4421173166601839 213 180 149 1.1833961062371028 1 485 16 124 17 526 26 51 47 25
1423 0.13654481175887509 -0.21478011688085125 6.6133907733739719 53 48 8 0.98453861621092409 2 348 16 127 25 152
1424 1.0160352300115885 0.14350238459320935 7.0357808480979136 158 133 89 2.0084857063477703 7 182 16 154 24 150 8 164 33 47 33 49
1425 1.0073980005347167 0.57040783075340917 7.2960697721384529 192 171 124 2.0101745235448658 1 341 33 65 16 180
1426 -0.43993632714866149 -0.87816727819477014 6.0790182584875279 157 108 49 0.79485277877600535 13 75 16 208 8 59 10 81
1427 -0.44470721787918766 -0.8763896485605166 6.0986401846383202 157 108 49 1.749874001696162 13 76 16 209 8 60 45 175
1428 -0.61806879881543864 -0.59542065422840929 6.2679176821909781 121 102 92 1.6969419994417354 5 583 16 219 44 183
1429 0.36079427654388191 0.58138153885091526 7.1528976238152886 102 80 57 1.4383501969471373 5 834 16 274 25 225
1430 0.36079427654388191 0.58138153885091526 7.1528976238152886 102 80 57 1.4383501969471373 5 835 16 275 25 226
1431 -1.481005100752937 -0.13531923742195978 6.3918412376326135 163 139 98 1.4437254380544506 6 353 16 316 17 524 33 90
1432 0.27477943351947465 -0.22197665400105357 6.6028570003844731 60 45 38 0.85484325916154003 4 668 16 319 17 289
1433 -0.77996602569107509 0.17672303890045013 6.756001587134473 105 49 17 1.7791194482452903 12 492 14 476 16 329 28 135 23 125 22 88 26 116 30 92 44 110
1434 0.30424744415684246 -0.31796191528378265 6.5393719047963605 44 32 17 0.3689021797054054 8 487 14 586 16 368 15 541 17 477 28 168 23 163 22 188 24 180 27 208 29 165 36 134 34 138 31 78 40 155 46 117 35 126 39 100
1437 0.35715875778361916 -0.28644098540756974 6.583929277863243 65 55 45 0.48369612752601476 8 649 10 687 16 480 17 583 22 305 24 307 25 303 27 307 26 231 36 208 34 204 30 206 31 198 33 194 46 245 35 237
1438 -0.7789283541957529 -0.55092282071447674 6.2588083903436083 95 46 14 1.2937383606956281 5 927 16 499 22 288 25 244
1439 -1.26737454839069 -0.35059549707219001 6.3158256108706263 72 14 14 0.73103503481312126 7 657 8 647 10 682 11 663 16 500 17 569 28 279 23 275 27 299 36 202 34 175 33 162
1440 -0.013028362901801694 -0.15428046517690749 6.5982709931174934 66 74 33 0.47156045171231664 8 609 13 605 16 510 29 220 33 171 41 154 42 159
1441 0.41141003847726787 0.6230796351391954 7.1850149160138344 94 68 43 1.2093070894658797 4 957 16 546 28 333 22 363 24 353 25 361 29 301 26 271 40 353 46 272 35 293
1442 -0.9788537618325267 -1.1140019208792493 5.920421225385283 135 85 49 1.742098030721094 14 15 16 547
1443 -0.48484159485932088 -0.87270946854281684 6.0516572057113267 158 112 52 0.29127891819503676 7 410 8 393 10 415 11 405 13 403 14 427 16 567
1444 -1.3448889167765574 0.31586890302143339 6.7503478448585943 85 62 45 2.2170986172937441 5 243 4 223 16 255 4 447 14 211 40 105
1445 -1.2965464005656571 -0.53685052791484345 6.1788603947894289 145 106 99 1.7499467644669633 5 63 4 41 2 54 3 78 16 94 5 408 4 341
1446 -0.057465764737525057 0.39034456550971902 6.9657494530882049 117 90 58 0.57146366769620027 5 526 3 333 13 206 15 242 16 157 5 657 8 337 4 608 2 542 3 334 6 376 13 207 7 366 15 243 12 409 18 200 17 177
1447 -0.58497345643974108 -0.00059713582743453034 6.6360216647892498 139 103 43 0.53202965328813612 5 732 4 688 3 503 1 494 6 453 14 472 10 453 11 448 12 488 18 362 16 376 28 127 23 122 22 145 25 159 27 155 29 61 26 62 31 46 33 38 46 65 41 33 47 38 44 108 42 19 35 52
1448 -0.48949628587390187 -0.87485754088412138 6.088219767182558 203 156 104 0.19690944999634521 15 65 17 30
1449 -1.0974563396389085 -0.60020927730121754 6.1743241548142329 74 37 17 0.20041064062231745 16 309 17 50
1450 -0.81982465282854255 -0.62695290698720552 6.2151225192208317 108 90 78 1.9680041694948831 16 91 17 59 27 249 29 202
1451 -0.60983005593203576 -0.34233234617695257 6.381492969983241 77 38 13 0.4066753938515778 4 369 17 105
1453 -0.72921642719675583 0.65813071296998926 7.1968751964450357 0 0 0 0.31951921143831608 10 374 16 272
1454 -0.71643071354518728 0.73451674829553171 7.0989292606635592 13 4 0 1.7788769663653321 3 233 17 184 46 93 35 93
1455 0.70836436900309163 0.20419392827240682 6.958946117281215 105 77 56 1.4601768813471043 5 253 17 193 47 61
1456 0.14130956503106509 0.68383574758890175 7.2118573587197821 58 45 37 0.69416472049174516 3 235 17 206 27 117 41 137
1457 -1.2505524837102344 -0.81861563873375465 6.0218333927554566 149 84 32 0.2637776182031254 13 91 14 316 17 224 11 286
1458 -1.2761901853228381 -0.55560160092104416 6.1853333584664929 64 15 17 1.1043390101297157 11 496 17 241 45 29 43 59 48 18
1459 -1.3157498362791207 -0.32018856053092015 6.3115945086614058 64 14 13 0.40420961573042063 11 421 13 424 17 255 28 113 23 110 24 129
1460 0.54847473026039539 -0.52316858243006281 6.444826546718736 111 89 69 1.5107251042067773 5 434 17 276 31 20
1461 -1.2117733202404384 0.28507507606544868 6.7387066799860067 66 36 26 1.227984482386439 5 232 17 287 35 61
1462 -1.3177989672007078 0.60704887534765517 6.9412243882277922 87 58 46 1.2641330152041483 2 713 3 451 22 107 40 190 38 356 46 152 47 60
1463 0.34992495780179012 0.67535892307751766 7.2215309062326654 65 46 32 1.3641200719917494 6 399 13 231 15 279 17 317 28 157 23 198 35 99 35 98
1464 0.22997215805437507 -1.1265995793656893 6.0422177818608533 198 189 159 1.7219784942474192 16 31 17 331 29 23
1465 0.20070675872569227 -0.25682289872500697 6.5807099403367708 104 68 20 0.52548445714065029 4 663 17 384 36 36 34 38 47 101 35 128
1466 -1.1812847533089303 0.28051638874669321 6.7652656204611761 57 36 26 0.45522364888005312 5 641 17 389 47 51
1467 -1.094035434408402 0.38285578421312955 6.8153921071905774 87 61 43 1.6499066339335637 5 518 14 559 22 96 30 97 41 48 4 830 47 149 42 89 35 71
1468 0.45983445748071605 -0.091135841382391558 6.7228149342377321 72 63 51 0.18796131712379494 13 435 17 400 24 63 36 95 34 54 30 48 31 43 44 58 42 34
1469 0.45983445748071605 -0.091135841382391558 6.7228149342377321 72 63 51 0.18796131712379494 13 436 17 401 24 64 36 96 34 55 30 49 31 44 44 59 42 35
1470 -0.69488587185925799 -0.35299653925701607 6.4017530860806433 78 36 11 1.2507754740034176 1 611 17 463 24 251 31 165 35 36
1471 0.41790782822660882 -0.14802114011333906 6.6861574824585706 107 95 87 0.99201982616077644 7 496 10 515 13 492 17 483 25 155 27 151 34 103 30 82 33 92 39 108
1472 -1.2619766022243319 -0.52112018876563637 6.2034141281843773 64 13 8 1.3646647093733921 4 898 17 515 41 110 44 141
1473 -0.59535935283223029 -0.52389085650188083 6.2364989347012099 0 0 0 1.4027852028523133 2 823 3 701 16 537
1475 0.24781813606704664 0.059053017639034651 6.8426103072571989 52 44 31 1.7382201155095103 16 579 17 668 47 239
1476 -0.56440733093939655 -0.79895183949023163 6.127546070684363 159 111 53 1.0880930510433964 3 384 1 265 17 36 7 104 8 89 10 119 13 118 14 114 15 108 10 118 12 116 16 79
1477 -1.1303726310640558 -0.47139424518417511 6.2659614522046096 107 60 19 1.8909120868138103 8 485 2 594 1 468 14 444 7 428 7 488 4 804 10 324 1 384 11 420 12 150 16 103 17 250 4 747 3 487 6 506 23 219 25 196 38 333
1478 0.61515211211408627 -0.58735287926913793 6.4112190192626146 118 103 81 2.0133222404789501 3 88 17 114 5 429 4 540 10 141 12 138 25 146 30 30 31 18
1480 -1.1197015021857832 -0.45221911175806639 6.259396585227778 102 51 8 1.3055452294924321 5 847 8 535 3 572 1 542 6 556 14 583 10 559 11 554 15 536 12 588 7 606 8 587 17 249 4 746 3 486 6 505
1481 -0.5748532069405099 -0.54177467010415514 6.3921307861990737 134 97 71 0.33299072079421183 4 62 28 31 23 26
1483 -0.42236866059812866 -1.1041068799012168 5.9463243884674117 67 56 40 1.4302802595751736 12 25 28 103 15 13
1485 0.13632926982130875 -0.13233206432820446 6.65775641352805 43 27 5 0.50734661782356061 2 610 28 124 23 119 22 139 24 139 25 154 27 150 46 54 41 89 35 133
1486 -0.39631107059740073 0.61388934327236 7.0877608769354419 98 72 49 0.71126020938964307 3 454 28 149 23 144
1487 -0.63844181387680343 -0.32231638306559218 6.3783856506461989 105 51 14 2.1102620141447845 1 660 28 281 22 134 27 148 26 227
1489 -0.18699834363512499 0.068284742290173811 6.7214327655054102 140 117 63 1.4926427431388538 2 152 16 512 30 184 31 206 44 260
1490 -1.442965769591271 -0.026432073007618406 6.9134511067252928 114 65 24 1.4420073463133716 5 1002 28 355 23 348 24 368
1491 -1.3822924708422475 0.61157458232037909 6.9298613110262677 90 59 41 1.6700405439924946 16 574 28 366 23 356 26 301 36 294 34 283 30 276 47 231 44 276
1492 -1.0792641301257448 -0.27572357771999378 6.4334877903933414 126 86 55 1.8043237915064068 13 153 10 155 11 149 28 35 5 445 2 82 3 111 17 99 16 111 25 50
1493 -0.21577753429516547 0.0017230592031412363 6.6921651719163853 128 107 28 2.5578787204717899 28 291 5 482 4 398 2 136 1 148 14 180 11 163 7 171 12 183 18 171 13 172 25 309 27 313 18 715 3 137 36 215 40 349 32 161
1494 0.18340680673969614 0.027031165732516647 6.7564957683545028 46 39 24 0.50911588965734433 5 914 4 885 2 765 3 645 1 627 6 638 13 555 7 571 10 588 11 632 15 614 18 619 16 439 28 246 13 554 16 438 17 488 23 288 23 289 22 267 22 268 24 268 24 269 25 274 25 275 29 229 29 230 26 208 36 180 34 185 30 183 31 178 33 177 40 281 46 232 41 126 41 127 47 146 47 147 44 161 44 162 42 121 42 122 35 191 35 192 45 188
1496 -0.19495712690921688 -1.1837872408904453 5.9477631726995712 120 111 87 0.60145696007282301 17 560 23 5
1498 -1.5010331544432352 -0.18024430112075759 6.4033877952886469 212 192 144 1.2490471217227588 14 596 16 228 23 40
1499 0.23618638747005277 -0.29633346664149063 6.5598088838716571 129 86 31 1.3294509861838852 17 381 23 41 27 61 34 37 30 37 30 38 33 24 47 30 44 39 35 51
1501 -1.2509201661414493 -0.969753996935521 5.9213494909280344 110 94 60 0.1723022963885647 1 527 23 102
1502 -0.73829599369562093 -0.57028272509693878 6.2384991175380966 91 46 15 0.43879411048787942 14 442 18 319 23 108
1503 -0.99001054927379517 -0.47969904904328359 6.2927138052980656 86 41 18 1.2621447618553052 15 588 23 215 24 177 10 561
1504 0.57990406637384673 0.29570295596685442 6.9933792611324908 103 70 42 0.24073431102823367 17 558 23 251 22 272 25 280 36 188 31 185 33 182 41 136 44 169 44 202
1505 -0.53115155335932585 -0.52673491152935392 6.3027732553156159 122 98 86 1.2560151234585828 18 592 23 270 22 291 24 322 25 194 45 207
1506 0.48748556016443417 -0.51472259581310353 6.4086210394295993 0 0 0 2.2903594189107839 5 850 16 539
1507 -0.38220189253824377 -1.0975914847069363 5.8604418870085411 160 135 68 0.77796856004389325 8 11 10 21 23 329 7 16 13 388
1510 -1.023932314875432 0.7027974987785931 7.068085302569453 109 81 54 1.91618217262765 8 208 1 344 15 283 23 91 1 345 7 384 15 284 25 117
1511 0.73965256661285228 0.61285438752413568 7.230062543022318 115 82 49 0.40464384259740482 4 844 2 777 14 617 10 598 12 620 28 258 23 257 8 563 4 843 2 776 3 603 1 577 6 588 14 616 7 586 10 597 15 569 12 619 28 257 24 278 24 279 29 194 30 149 31 148 33 151 40 176 40 177 46 191
1512 -0.99905126154082291 0.77140433246507578 6.9333215106541566 86 59 44 2.7146982083090556 4 639 23 95
1513 -0.4696037567748178 -0.58293853367872439 6.2900853382164819 136 124 100 0.91002453332697875 5 984 8 691 4 949 2 863 3 745 1 713 1 727 6 710 14 740 13 679 7 701 10 722 11 705 15 737 12 739 18 728 16 550 17 630 5 985 8 692 4 950 2 864 3 746 1 728 6 711 14 741 13 680 7 702 10 723 11 706 15 738 12 740 16 551 17 631 28 325 23 319 38 570 20 510 19 501
1514 -0.54207150214089783 -0.020516810408670035 6.5232435051856354 0 0 0 0.076586921700232041 2 117 14 470
1516 0.21664879026700301 0.58381604155916889 7.082883279910952 110 79 51 0.45143667974652102 5 337 22 109 27 109
1517 0.39836765226154958 0.58801241164696028 7.0174868129536954 118 87 58 0.29072226665956885 5 339 22 110
1518 -1.1999900169122113 -1.1103504014225305 5.8051268144905865 101 84 50 2.0571222285475925 10 14 22 124
1519 -0.15396788583729645 0.12613096579581173 6.8033100169492835 74 32 11 0.79316351515465089 23 176 22 153 26 115 36 101 41 91 33 96 45 51
1520 -0.75016742947835258 0.20070055219380475 6.7494247925269804 134 96 49 0.73871103054229537 17 292 28 136 22 154 24 72 25 168 27 90 41 43
1521 -0.151318740362684 -0.982450367480451 6.2643115238645031 74 55 22 1.6052571380202783 2 577 22 180
1523 -0.92782965794565164 -0.53210847773630665 6.2477947920195094 103 83 72 1.710330214662743 17 516 22 289 24 292 46 208
1525 -0.95797961431283707 0.75776295247268033 7.072048896622368 19 9 2 1.9266750746852668 12 270 22 320 36 156 41 57
1526 0.07457491848309232 -0.237998146616208 6.5632482479946477 41 41 13 1.5796037964204541 28 328 22 356 34 227 31 223 33 220
1527 0.78915375401627041 0.70300339777438647 7.3237886230754174 76 60 37 1.6144785927403758 23 344 28 349 24 369 40 370 32 190 38 517 48 184 18 720
1528 0.23760268011742047 0.11100826769718151 6.8323986055328767 0 0 0 1.7543774284252975 18 747 28 358 44 287 35 324
1529 -0.63198889312269635 -0.86181277543815038 6.0472108954888366 62 45 19 2.0454617142180131 16 206 22 391 24 380 25 394
1530 0.77526049729820801 0.63886240556505147 7.3318983277927678 131 99 67 1.8118925434023125 28 367 22 397 24 387 25 392 27 394
1532 0.87208117925408291 -1.3135759493707677 7.010974466698312 99 82 58 1.1576360937577286 22 125 24 17 25 24 27 140 26 145 29 119 34 96 31 74 33 4 33 79 34 17 36 15
1535 -0.46243421075565172 -0.67016634816410725 6.0825333344049914 140 110 63 2.0867526829939917 22 33 24 26 27 247 29 33 26 99 22 29 42 106
1536 0.15922076894784151 -0.20802787442982032 6.6142285818384892 117 87 32 1.4510573010475303 17 387 18 137 24 49 25 57 25 58 27 65 29 51 41 28 41 31 44 44 35 59
1538 -1.1897035103907048 0.44683958708967025 6.9140866721605576 0 0 0 0.76565509741944737 1 319 12 411
1539 0.45936099251384027 0.85625781583885707 7.2185086699888972 52 42 21 1.2699948857278212 28 101 24 102 29 106
1540 -0.51811992976017307 -0.68216401138987781 6.0321455502070096 74 47 13 0.88837665900945617 28 108 24 117 25 28 27 142 29 121 26 147 36 126 34 132 31 119 30 121 33 119 47 128 44 140 41 109 42 131
1541 0.28131950862791233 -0.7467506696841818 6.2024309763409278 190 171 122 0.92718056277555816 22 230 24 118 47 160
1542 0.95879871874671951 -0.737455957242942 6.3019382338067302 177 147 80 1.1468675317498922 22 131 24 121 44 99
1543 0.99232905492511325 -0.72692873885791043 6.3276322182725142 108 60 10 1.2508184850004369 22 37 24 122 25 192 47 179 28 267
1544 0.69025593887204839 -0.37960038753713765 6.5573593376072576 106 52 2 0.56772729085006013 13 485 24 136 27 203 26 108 36 89
1545 0.18165153688553964 1.0077722071241748 7.0203510226769152 142 126 96 0.40064611620692514 23 100 24 169 25 127 29 109 30 114
1546 0.07204459572106478 1.0374594717622316 6.9816245940730735 131 116 89 1.3536943876940675 28 158 24 170 29 108 27 239 31 72 30 72 34 163 33 186
1547 -0.99001054927379517 -0.47969904904328359 6.2927138052980656 84 40 10 1.2621447618553052 10 562 15 589 23 214 24 176
1549 -1.4723519454323875 -1.3610011303497249 6.9990916158144127 104 85 45 0.53729146738199329 22 280 24 219 25 320
1550 0.45501867511684546 -0.74870866183541129 6.1720578602759293 204 182 135 1.5933390554098927 5 397 23 21 24 227
1551 0.48826825561108606 -0.61669156019236093 6.0245419056804952 95 50 13 1.3547497440477563 22 285 24 230 25 293 27 197 26 100
1552 0.71078975982274961 -0.56990742351716639 5.8701292837417434 99 55 20 0.35791515731177054 22 286 24 231 25 292
1554 0.18743676199153786 -0.6991209902554586 6.1093771855797989 170 130 60 1.0439012105058652 22 326 24 289 25 353 27 351 29 295 26 262 36 249 34 245 30 235 28 20 31 238 33 232
1555 -1.2325723482110817 -0.53600532997856654 6.0611772861557585 68 16 10 2.0439897993638918 22 38 24 290 25 242
1556 0.65266944769930613 -0.2734424944676449 6.6222969394532081 105 54 21 0.37994607951120196 22 307 24 309 25 305 26 233 40 269
1557 0.91636953164175816 -1.3416356028256045 6.687384734663592 131 110 58 0.93127472022711399 22 279 24 319 25 237
1558 -0.012898359982613879 -0.82950957420527549 6.1267840902531159 132 73 13 1.3655353107185719 22 325 24 320 25 321 27 348 36 247 31 217 46 279
1559 0.97191832241753451 0.62330562885648644 7.2939168574607329 135 106 57 0.72234738432212664 6 540 16 445 14 402 25 183
1560 -1.1699327885972506 -0.47956655613744975 5.6035756427022676 135 112 70 0.68500874681295987 22 365 24 338 25 375
1561 -1.1699327885972506 -0.47956655613744975 5.6035756427022676 135 112 70 0.68500874681295987 22 366 24 339 25 376
1562 0.5303155792346782 -0.59953680497903883 6.3834495855063338 95 50 14 1.782627878490368 22 330 24 344 47 182
1563 0.15800258314827506 -0.5107563606687312 5.7013697129563594 142 122 63 0.98493850104202918 22 376 24 365 25 382
1564 0.15800258314827506 -0.5107563606687312 5.7013697129563594 142 122 63 0.98493850104202918 22 377 24 366 25 383
1565 0.81745999217437892 -0.73392139652286426 6.3382671156590282 171 145 71 1.7971309077934543 22 375 24 367 25 384 27 377 29 326 26 298 34 281 41 237 47 229 44 271 42 209
1566 0.47319606513925688 -0.36993026685862718 6.5395414564135406 0 0 0 1.1021536408190693 16 577 22 385
1567 0.75728207819390958 -1.0785053626400398 6.6092343022081792 52 36 20 1.776954375991562 22 392 28 346 24 381 23 333 25 395
1568 0.88218316093386273 -0.51945786767602975 6.4402765072992096 122 70 21 1.924193133773529 22 395 25 389 41 248 47 241 44 292 42 224 24 383 35 338
1569 -0.098326163520015789 -0.17528094637524239 6.7240746849896205 57 65 27 0.6206030783419676 22 396 24 384 25 390
1570 -0.79549847409891783 0.48261709015710674 6.9195261907230874 77 59 30 2.1397084316225654 5 307 4 270 2 231 3 202 1 200 16 152 24 86 5 302 8 343 14 228 18 225 16 151 38 159 32 54
1571 -1.2069497731948571 -0.32221061959035108 6.3309478993456256 141 118 97 0.66802829217299398 4 554 2 333 1 114 14 152 13 149 11 327 15 165 12 160 18 165 22 50 24 132 4 657 18 457 25 46 46 49
1572 0.79817257325637259 0.5900114449313969 7.204985891735495 144 112 65 2.2040716480647915 3 721 1 708 24 354 5 921 4 894 14 672 15 627 27 343 29 98 36 239 34 232 30 194 30 230 31 188 31 230 33 226 47 173
1573 0.8017060097238291 -0.47510730375741378 6.4800841768487887 107 87 52 1.9934484778624313 5 594 8 288 4 84 2 331 1 282 14 346 10 325 15 152 12 151 23 114 24 133 17 383 28 115 22 250 25 147 25 258 27 50 40 31 41 25 44 38 42 17
1575 -1.191831908360456 -0.24781891703886022 6.3859007939070809 136 107 87 0.77155287284154295 5 603 8 293 2 493 3 404 1 392 6 346 14 351 13 315 7 328 10 335 11 428 15 379 12 364 17 92 23 35 22 57 24 43 1 393 11 429 15 380 16 227 17 523 25 54 27 58 27 59 40 69 40 70 38 477 35 168 20 397 19 379
1576 -1.2168380473199618 -1.2533305019045333 5.7809931388757265 167 158 134 0.66719090263292069 22 13 25 12
1577 -1.1160457222462108 -0.98676720201318613 5.9195168960839677 109 87 50 0.46072566124862646 18 289 25 18
1578 0.85750166923648019 -0.81309684159721085 6.2501031856431855 45 28 2 1.4194911414341289 22 28 23 16 28 109 25 27 24 24 33 5 47 16
1580 0.44529930183466504 -0.17975671510998542 6.6441904218764929 142 126 110 1.2042746837441793 8 417 25 65 36 43 34 45 31 35
1581 0.44529930183466504 -0.17975671510998542 6.6441904218764929 142 126 110 1.2042746837441793 8 418 25 66 34 46 36 44 31 36
1582 0.087461028481515823 -0.11912262021259516 6.6573297507646245 121 95 38 0.81256104830288911 22 71 25 71 31 39 33 31 47 41 42 25 35 132
1583 0.20361401256368011 0.30513627383863579 6.9431453270357046 0 0 0 0.13663362593045783 4 603 12 401 14 379
1584 0.13405781072894027 0.3869804245470731 6.9631010185782323 95 64 35 0.12828012574593634 22 102 23 79 25 106
1585 0.36071657497162479 0.88645927675158298 7.3620991067408355 45 37 17 2.1450897694568343 22 122 24 103 25 126 44 84 42 102
1586 -1.1608975358931954 -0.97696285431150609 5.5933430101633155 103 85 49 1.1283726144187007 6 544 24 109 25 135
1587 0.98097628206117982 -0.83473409896722139 6.2681268859640857 82 61 23 1.1637597671137192 22 282 25 140 27 291 29 242 26 222 36 201 34 19 34 202 30 21 33 6 33 156 46 160
1588 -0.65790296983580354 -0.47797975631187228 5.5904046372120257 145 113 84 0.37016940788985558 22 34 25 141 27 198 29 158
1592 -1.4973398043407566 0.14894831087200538 6.614811757866029 178 153 117 0.51430878282137904 2 370 25 165 41 26
1593 0.70426794616966204 0.66076398696996097 7.2444779145338325 128 98 64 1.2211102231162736 10 381 18 382 25 185 36 120 41 64 47 78
1594 0.13199726788237487 1.0200513884882243 7.0011248331018523 139 121 90 1.0208814187055715 24 106 25 187 27 130 29 149 26 93 36 81 30 115
1595 -0.83224546874713823 -0.5049055028438858 5.6293690410100332 68 31 2 0.717776262518247 22 30 25 190 27 248
1596 -0.75402458932999605 -0.70818783854732137 6.1207712677654831 138 106 60 1.0275166880906679 24 21 25 240 27 141
1597 -0.71245805592524702 -0.52134617283810714 5.6950984297551397 162 128 94 0.50742117911801243 22 182 25 241
1599 -1.2815389014294436 -0.72916777247130815 6.0426910084673056 45 30 9 0.72477783268138274 22 281 25 289 29 241 33 157
1600 -0.60900692042054383 -0.69573826684677986 6.1189429672473237 130 104 55 1.5802365305953512 22 284 24 173 25 290 27 326 30 162 33 158
1601 1.0382773613167144 -1.6247561340854024 6.3837243037532199 130 108 71 0.36557634688343205 22 276 25 315 27 324
1602 -0.40415887194911326 -0.76772098353882223 6.2907988805997039 115 62 10 0.65448488881592159 7 116 25 351 8 104 11 116
1603 -0.79272065608632192 -0.59130837953299797 5.7770756233414957 147 120 86 0.34510168187756035 22 352 25 352 27 349 29 307 26 278 36 279 34 272 30 250 31 261 33 248
1604 -1.0704638143175425 0.66697112735752184 7.0259851066013628 113 81 56 0.83975770873221589 8 205 1 342 12 264 25 113 5 770 8 356 4 724 2 648 3 456 1 446 6 485 14 398 13 374 7 380 10 378 11 378 15 433 12 428 18 393 28 150 23 145 24 163 27 110 29 93 36 71 34 83 30 62 31 68 38 176 35 92
1605 0.31214704699146439 0.34933284626980665 6.9944614328748447 132 106 63 0.48546316305867454 2 631 1 511 11 464 12 500 23 139 25 104 5 822 8 516 4 785 2 632 3 526 1 512 6 534 14 562 13 517 7 519 10 536 11 465 12 501 12 560 18 472 23 140 22 166 27 180 29 187 26 130 34 75 34 76 30 105 31 60 31 61 33 107 38 112 40 80 46 137 45 52
1606 -0.90085585001179169 -1.8004501877652668 7.4411281881599054 153 147 135 0.38788960984373516 22 323 25 317 24 286
1607 -0.14232079242469259 -2.1801770783073842 7.6315294612362088 97 75 35 0.35217504926594878 22 223 25 232 24 218
1608 -1.4317287599848783 -0.62018438472875548 5.9516115075378329 128 111 82 1.6507682191501549 3 479 27 26 29 122 33 8
1609 0.092517705925869928 -0.71223773280868163 6.1267212896159737 94 53 4 0.80994821970286401 25 30 27 27 36 86 34 20 30 24 31 13 46 204
1610 -1.0804548037256518 -0.43681891118441146 5.5309696555684527 56 22 1 0.37674563081931778 25 35 27 32 26 29 36 26 33 13
1611 -0.4883971240625285 -0.41809640927066966 6.3484461462215203 135 95 69 0.11911986877405714 4 81 27 47
1613 -1.4866703147276192 0.02622987864135919 6.5080682298234844 126 106 78 1.1608931555455391 12 185 27 74 35 224
1616 -1.4729201621275936 0.76442659951827818 7.0902320584464125 80 51 30 1.5254942788607893 2 265 11 384 14 405 22 115 25 119 27 114 5 360
1617 0.40623947589705417 0.67781792191625978 7.0787449024118523 0 0 0 1.8360824093794941 3 462 22 117 25 120
1618 0.49871147053448023 0.67732648217156199 7.2942344101627477 121 95 68 1.2249762593078877 8 209 22 120 27 121
1620 -1.1312358260126045 0.38701062599016622 6.8384736918104725 97 69 48 0.48775581253851419 11 462 14 489 27 169
1621 0.67212286102714958 0.30351621518475158 7.014646791812476 107 76 44 0.34894386913883402 28 190 27 178 40 73 41 102 45 48
1622 0.99373168033522763 -0.6502406971031085 6.2527246955253011 109 59 6 1.6134452283221929 25 327 27 200 41 222
1625 -1.2341558139615647 -0.50823291351664157 6.1433238406554578 134 107 65 1.7408773668934379 25 294 27 292 45 215 32 179 43 133 48 149
1627 -0.42896463544675117 -0.44613116119473634 5.5107314909697678 137 111 60 0.866825248301336 25 381 27 389 26 310 36 297
1628 -0.52853552886164634 -0.4099439407805241 6.3267901894345773 130 92 55 1.7282432135952011 3 100 15 156 27 46 4 548 3 576 23 109
1630 0.59434945704210407 -0.0921354509909698 6.8309986848875486 146 79 25 1.8008166063431321 5 473 2 121 27 76 5 169 4 146 2 126
1631 -0.72534743117832967 0.11115428022018248 6.6924639851770662 140 93 31 1.8961294902943036 7 351 18 194 27 85 8 323 11 349 13 342 15 494 18 373 28 64 25 84
1632 0.11030485417700001 -0.23838010611921012 6.5785095445444561 52 57 20 1.5019683115328328 8 654 2 830 14 702 7 663 15 701 12 706 16 507 17 618 28 312 27 336 15 662 16 479 7 616 12 656 13 598 17 581 27 309 29 256 29 283 26 235 36 210 34 206 30 208 31 201 33 196 35 269
1633 0.071706551930206475 -0.039242002593667107 6.6996166570273346 42 36 17 0.8215042249654555 18 456 24 191 5 867 8 552 4 821 2 677 1 553 6 572 13 551 7 566 10 586 11 571 12 608 16 435 17 548 28 244 23 243 24 266 25 272 27 216 36 140 34 150 30 133 31 85 46 183 41 122 47 142 44 155 42 119 35 188
1634 -0.82604194033157685 -0.71919046867258629 6.1272717928834828 97 58 20 1.2400498592888201 5 395 8 106 6 135 14 336 13 126 18 97 28 17 17 339 27 246 23 105 25 139 36 17 31 12 41 9
1635 -1.0141313860429708 -2.1457285721514481 7.4203195669706226 73 61 38 0.5039151953556813 27 191 29 4 26 141 34 92 30 1 31 0 33 0
1636 -1.0342767343138985 -2.1231880729646173 7.5171507761769112 156 145 127 0.63005955178971662 27 2 29 5 26 2 34 5 30 3 31 1 33 1 45 83 48 1
1638 -0.31186156958256067 -1.8079201473443567 6.20486242566417 135 128 116 1.0484739677545498 25 0 34 4
1639 0.26045892704157192 -0.3349721428016727 6.5846062344146068 123 84 29 0.97879440513007143 23 39 29 49 36 31
1640 0.01521541701451682 -0.038638881446235278 6.7138614769421832 124 89 45 1.33138395656264 25 160 29 62 33 39 41 39 42 27 39 53
1641 0.01521541701451682 -0.038638881446235278 6.7138614769421832 124 89 45 1.33138395656264 25 161 29 63 33 40 41 40 42 28 39 54
1643 0.9551961210523644 0.043052002223719341 6.8264348260582866 0 0 0 1.5197399192623746 2 159 5 207 27 158 1 159
1644 -0.44537807254557871 0.22644211902329858 7.075493075016511 0 0 0 1.5564064532320283 2 185 5 645
1645 0.42903390089711468 -0.54701227051915691 5.7877254498036397 154 102 50 0.48839148474374278 27 144 29 125 26 27 36 23 34 23
1646 1.0317112615936752 -1.8768124717516395 7.017087014581505 130 110 71 2.2594111788307591 27 134 29 151
1647 -0.45983549721056893 -1.7676007806683913 7.4168226707813592 78 72 51 0.61674679045051772 27 138 29 155
1648 -1.1304881290740307 -0.30045447593451247 5.3968458380196536 64 20 11 0.76189388984924622 27 293 29 161 26 188 34 137 30 125 31 123 33 123
1649 0.50208455913384786 0.58081061584149152 7.1858817888412752 119 90 50 0.37064104936859338 7 528 10 543 11 536 29 191
1650 -0.13936998023200403 -2.1531953434829116 7.5529036646454957 97 74 28 0.34576513142436088 27 241 29 196 26 173 36 191 34 165 30 197 31 150
1651 -1.07886061611457 -0.45133487737526434 5.5750009826567695 83 48 20 0.23848571467536397 27 251 29 203 26 186 36 163 34 174 33 160
1652 -0.63607881527196952 -2.2177262541829701 7.6731670779845338 85 70 36 1.0423144179234889 27 240 29 238 26 216 34 193 30 196
1653 -1.4267131695063375 -0.73985843697031173 6.1240390520450596 71 53 17 0.74050958927558919 27 290 29 240 34 171 41 142 47 126 42 128
1654 -0.83660278475411931 -2.0393137317234333 7.5407256535477147 143 120 53 1.6328086778099646 27 323 29 268 26 217 36 192 34 217 36 242 30 198 33 227
1655 0.018752062535233781 -1.8031634842843274 7.3155781656684535 134 127 108 0.52511856511780519 27 345 29 292 34 255 36 260 30 246 31 246 33 245
1656 0.018752062535233781 -1.8031634842843274 7.3155781656684535 134 127 108 0.52511856511780519 27 346 29 293 34 256 36 261 30 247 31 247 33 246
1657 0.55227108446495943 -0.54418557616574759 5.8285046501597906 111 58 14 0.46482774319502024 27 352 29 296 26 279 36 263 34 246 30 236 31 239 33 233
1658 -0.28514280458074803 -1.7897169369538046 7.3102190757603704 108 101 79 1.4072572715278646 27 359 29 304 26 275 36 258 34 253 30 244
1659 -0.28514280458074803 -1.7897169369538046 7.3102190757603704 108 101 79 1.4072572715278646 27 360 29 305 26 276 36 259 34 254 30 245
1660 -0.59595959738207327 -2.2530089710929415 7.539757993887779 93 71 34 1.1997376498692556 27 366 29 317 26 289
1661 -0.5904908491865154 -2.2472635192404344 7.5222718989632131 93 71 34 1.1527474510773354 27 367 29 318 26 290 33 255 31 258
1662 -0.88832615727997244 -2.1976357084918812 7.4858149635746516 84 64 27 0.37494391434634944 27 374 29 321 26 294 34 276 30 265 31 264 33 259
1663 -0.048324071425432595 -2.2657620466778283 7.6668868259120044 109 87 38 0.48423929469033783 27 368 29 322 26 295 36 282 34 277 30 266 31 265
1664 -1.3088234923910129 -0.56531345884290329 5.9818787331134677 130 106 60 0.83773196601473165 27 375 29 324 26 306 36 292 34 286 30 274 31 267 33 261
1665 -1.0145456941582172 0.62184457819282002 7.0024669361985419 66 32 15 0.59071366974164718 7 228 12 257 29 87 5 832 8 525 4 792 2 642 3 537 1 520 6 539 14 503 14 569 13 467 7 529 10 485 10 544 11 477 15 518 12 518 18 493 16 344 17 305 28 199 23 196 22 217 24 214 25 179 27 185 26 137 36 67 31 66 33 64 38 267 40 119 47 62 35 91 45 70
1666 -1.1924371450347038 0.64461522030235197 6.9845237386894681 89 60 41 2.2404120214757191 4 505 2 250 15 270 16 269 18 559 29 89 5 672 4 633 2 554 1 340 6 395 14 396 15 277 18 258
1667 0.2923240956473791 -0.57683549739575635 5.8631101390191747 103 75 42 0.41392381240388493 29 124 22 129 25 142 27 143 26 24 36 21 34 22
1668 0.39496300739966622 -0.67325381482862978 6.1564010616812537 176 134 83 1.4142090652756203 25 143 29 320 27 370 26 297 22 36 36 287 34 280 30 270 31 268 33 262 24 29 32 234
1669 -1.1113101210542919 0.72045806261557754 7.0557736288087458 105 73 50 1.9663968664181326 3 604 12 571 23 256 25 228 4 517 2 451 3 229 12 267
1670 0.0057780679185996187 0.38267760826864783 6.9773275224221214 122 95 58 1.3174560534565798 5 824 4 786 2 704 3 530 1 513 6 535 10 360 5 658 8 338 4 609 2 543 3 439 7 203 12 562 18 477 17 179 28 194 23 190 22 209 24 84 25 218 27 230 8 518 3 531 1 514 6 536 14 564 13 519 7 521 10 538 11 531 12 563 17 180 28 195 23 191 22 210 25 219 27 231 29 139 31 103 31 104 38 248 46 140 43 29
1671 -0.54118372868629261 -1.3362180366263938 5.692291246071477 46 41 25 1.2917215670670277 24 370 26 8 29 153
1672 0.16196190632907451 -1.1807122343079768 6.0458976320294768 172 142 75 1.6499398085731067 16 189 26 17 36 14
1673 -0.53404635758830343 -0.74735338457860212 6.1448444064748866 58 35 5 0.78814584081303141 17 52 27 22 26 18
1674 -1.4220357271472677 -0.68341849109932895 6.0091261013671087 123 99 63 0.87894129112310049 29 28 26 20 34 98 30 23 31 160 33 7
1675 -0.68000270407189434 -0.55424413496690672 5.7862151890261684 47 15 0 0.043076673704380251 29 35 26 22 36 18
1676 -0.68000270407189434 -0.55424413496690672 5.7862151890261684 47 15 0 0.043076673704380251 29 36 26 23 36 19
1677 -1.2151181072420854 -0.49138589826814261 6.04024169668702 53 20 0 0.71731226805728288 22 327 26 28 36 25 33 12
1678 -1.0375837390542755 -0.52303869342789988 6.3003772278776964 78 41 7 1.5703141206022 5 423 26 30 33 83
1679 0.22625549204634959 -0.47375934532751063 5.6720739063681771 51 25 0 0.14650399554602 27 35 26 32
1680 0.86258804646860765 0.46464384762954863 7.0962451679423788 0 0 0 1.8171294963353546 4 280 14 229
1682 -0.0015405048504945102 0.040495696174017125 6.7458126703433354 46 32 11 0.86848625085762432 17 486 26 113 42 90 35 136
1684 0.062707839849470731 -1.7444612662182579 7.2856232181368386 141 128 105 0.39084959903506816 27 244 26 177 30 152 31 153
1685 0.90880992978676978 -1.4279198178680714 6.8756387503376297 127 104 61 0.53221759165629801 27 288 26 179 36 195 34 169 34 197 30 156 31 156 33 153
1686 -0.93981449526977723 -0.5448016231302284 6.049216919366514 85 39 10 0.81069643241427614 24 232 26 184 34 135 30 124 31 122 33 122
1687 0.98063016815091464 -0.85372722336863038 6.300858360780289 87 68 42 1.2129077955533216 16 408 26 221 36 200 34 201 31 192 33 155 41 173 47 178 44 208
1688 0.43268835123079269 0.25091399695350458 6.9847474047017535 127 98 59 0.41392934925037794 15 676 26 244 44 222
1689 -1.5252450428228312 -0.83417365473025673 6.2225771176743683 110 89 37 1.4232804462662916 27 245 29 275 26 248 36 199 34 199 30 201
1690 -1.0073160559465641 -0.53979042280575029 6.2223919973241779 84 38 5 1.4202684541430854 24 340 26 249 36 229 34 222 22 328 30 221 31 193 33 216 40 306 46 280
1692 -0.34526853268668933 -0.76796177822096956 6.2565866403877779 121 62 6 1.6219495602065965 27 369 29 319 26 292
1694 -2.1375295472120865 -1.56793695849556 7.1766728286447226 113 92 49 0.69762281354586131 27 388 26 303 36 285 30 262
1695 1.0302010118212677 -1.463239722051576 6.4008568080266599 121 99 60 1.2273770732686926 27 386 29 333 26 304 36 290 34 284 30 273 31 266 33 260
1696 -0.63415669574128697 0.039297743954662671 6.6622480045009169 108 89 36 1.310966946604488 26 63 22 81 27 78 8 427 2 612 3 504 13 440 7 446 10 454 15 491 18 366 24 143 29 65 36 49 34 60 30 52 31 48 33 41 33 42 38 126 47 43 32 42
1697 -0.095693804355167653 0.10294895018557601 6.7972554161685821 105 65 41 1.7081767905812721 22 86 24 69 27 88 26 69 27 87 31 51 44 65 36 56 42 37
1698 -0.80563683181959256 0.3195206588927359 6.817762254995376 61 67 27 1.123368070402387 5 744 4 769 26 122 5 254 4 449 6 221 7 199 10 197 11 189 46 75
1699 -1.2957046740692824 0.31995590282426906 6.7511584979447345 111 85 63 1.9063672235935534 4 888 16 487 17 540 24 317 25 312 26 210 5 244 4 440 2 184 14 607 7 580 10 651 15 237 15 623 12 670 22 317 30 190 41 157 47 184 44 198 42 146 35 180 45 196
1700 -1.1791996170853012 -1.152802910080184 5.8808522034491837 108 86 45 1.9062794164215593 23 201 36 246 33 230 31 235 30 248
1701 -0.3288253322400379 -1.2778710394893409 6.5623959852141436 146 123 62 2.0142738932312776 11 15 36 11 8 6 31 8
1702 0.12242025426607947 -0.13841248451476182 6.5583032446167238 117 94 45 0.62711659114070961 22 68 36 46
1703 -0.95210778108362293 0.69139253307512671 7.0325595915666295 97 68 50 0.95494435708589898 18 255 36 74 34 85 34 86 46 91 46 92
1704 -1.0598720597002624 0.91444587734042759 7.3045774007380855 74 59 50 2.9093097117771616 11 387 12 278 13 384 33 75
1705 -0.74777906185774745 -0.74162148402784656 6.1455509877359278 48 32 7 1.2700453361652768 3 564 27 23 36 85 30 22 31 11 38 439 19 396 9 249
1706 -0.034059014512466602 0.20430590974549265 6.4108049814307293 0 0 0 1.704523356084561 22 201 27 160
1707 0.03239125330767146 -0.67701297877343936 6.0898783044323643 118 65 8 0.52206832965076921 29 34 36 127 33 80
1709 -1.4296945941757664 0.24544679576419354 6.661763536500704 103 47 19 0.82243149399772397 15 762 36 255
1710 -1.0145570055600266 0.33969792016829053 6.8387324292278358 43 39 27 0.56530530278309632 1 736 28 348 31 257
1711 0.23303437238048419 0.95874015624523978 7.3666601379737493 105 94 67 1.9896749734518526 27 127 36 79 24 105 27 128 29 107 31 71 41 66
1712 0.75911289801120108 -2.1797691957105712 7.6263841017396565 207 184 114 0.20814741275314561 29 9 34 8 30 4 31 3
1713 0.75911289801120108 -2.1797691957105712 7.6263841017396565 207 184 114 0.20814741275314561 29 10 34 9 30 5 31 4
1714 -0.25650513659851459 -1.3884504098456292 7.0393134541131541 154 129 71 1.8730231971935918 29 21 34 16 31 9
1715 0.066529291820644959 -0.08922880431420141 6.57526973327119 120 88 42 1.699740397379722 16 324 26 54 34 52 31 41
1716 0.040573348959737014 -0.096524177043046847 6.9044743577778309 120 88 42 0.22893125523522406 26 55 34 53 31 42
1717 0.86694593756957727 -1.1719200027858165 6.9133282936252289 39 27 11 1.9240860644131383 29 27 34 97 31 10 36 16
1718 -0.042453074814587745 0.21261354622918893 6.3803017667379454 0 0 0 3.3761557362493049 22 202 29 133
1719 0.40950143924322824 -0.81674008100887907 6.2612725265045572 0 0 0 1.6247227667473054 25 323 29 29 30 160 34 200 41 172
1720 1.0277967311491687 -1.6524030902449165 6.439313831254216 124 99 59 0.41442934171238566 26 246 34 239 31 213 30 218 34 219 33 209
1721 -0.52479941048965006 -1.8524060098140531 7.6174989149792349 83 77 61 1.3039140306472008 29 303 36 244 34 241 26 274 30 232 31 232
1723 -0.23586540230921132 -0.90769659431971361 6.1075893241852919 202 193 148 3.0365275831737719 18 413 36 226 34 244
1724 -1.8086944949804575 -0.60544810706306762 7.9641812559374427 126 100 63 1.557890845581025 29 327 36 265 34 258 30 252 31 250
1725 0.82369021470968373 -0.43887007773128728 5.5335950785468349 150 126 64 1.0177462643539323 29 309 36 267 34 259 26 281 30 253 31 251 33 250
1726 -1.6853009218424349 -1.9987923248711159 7.8637382970781617 110 88 51 0.73698955035465519 29 323 36 284 34 278
1727 -1.9934571877184166 -1.1941619274648116 7.7349849206665846 108 85 43 0.42289662161856489 29 294 36 286 34 279 30 269 26 291
1728 -0.45466925400988228 -1.2430681996995985 5.6562396465287019 137 115 58 0.71234089917796051 22 321 26 309 36 296 34 285
1729 -1.3716949018060485 -0.23134374560427412 6.4325573071774791 91 42 9 1.3583254573017496 26 312 36 299 34 287 30 275 31 272
1730 -0.60075964107169522 -0.19669511643797274 6.4960217987103555 99 40 13 0.88679345192512893 26 313 36 300 34 289 30 278 31 276 33 269
1731 -0.6133808541198259 -0.29560656165262322 6.4441023527700754 88 47 22 2.1891436462068818 15 172 17 111 23 33 34 34 16 119 25 56
1732 0.54783014719335643 -0.14417163133349095 6.6844825747758012 72 49 26 1.3781809588005671 8 307 2 353 1 296 7 162 15 192 12 383 22 73 1 136 6 176 14 169 7 161 15 190 16 246 17 296 34 50 8 710 4 963 2 881 3 756 1 741 6 733 14 760 13 698 7 724 10 742 11 724 15 759 12 757 35 76
1733 0.22889449260312095 -0.049050267226614701 6.7102821188833621 57 49 31 0.82047522898507752 5 868 8 551 4 822 2 764 3 644 1 626 6 573 14 602 13 552 7 567 10 587 11 570 15 612 12 607 18 610 16 436 17 485 28 245 23 242 22 266 24 267 25 273 27 273 29 228 26 155 26 207 36 179 34 151 7 442 12 484 22 144 24 141 27 154 30 134 31 139 33 141 38 457 40 232 46 182 41 123 47 143 44 156 42 120 35 77 45 148 32 109 43 98 48 108
1734 0.67135522116329172 0.30444262564622249 7.0135784375812582 117 87 51 0.32850372619266877 5 819 4 780 18 360 28 191 24 154 27 179 29 137 26 127 8 511 2 701 3 593 1 567 6 531 14 558 13 510 7 513 10 533 11 523 15 558 12 554 18 361 23 186 22 206 25 215 29 138 26 128 36 113 34 120 30 98 31 99 33 100 33 101 38 91 40 74 46 130 41 103 47 120 44 125 42 50 45 49
1735 0.58014806087128257 -0.58123412698033139 6.4756771443115424 129 104 82 2.3585380912982616 5 84 34 27 33 15
1736 0.48376583799509432 0.54831496299851978 6.3343014033304827 0 0 0 1.0132048277994012 7 237 12 425
1737 -0.67404798464894289 1.0464519231461842 7.212812993354019 32 22 12 1.1549509253081167 27 188 30 71
1738 -0.45520916820990032 -1.7435254901427868 7.3946447167926337 88 82 54 0.42576300271834028 26 98 34 93 30 73
1739 -1.2445963978668675 0.40215022479622947 6.7888488298445067 93 64 48 0.9687003422787589 18 490 30 103 42 88
1741 -0.44121012183932257 -1.879565093019004 7.681591333014155 111 113 89 1.0022241026204897 26 142 34 130 36 124 30 117 31 115
1742 -0.90200979707127904 -1.7512007089060011 7.3915954898527119 54 46 36 1.5357510370568683 26 218 34 168 30 151 31 152
1743 0.05260906542324862 -1.7687273749091159 7.3951688488636007 133 127 115 0.40596267298487515 26 178 30 153 31 154
1744 -0.38398252430073726 -1.4211933716805289 6.0602273974920591 154 132 72 1.0266303085056492 34 196 36 158 30 154 46 260
1745 -1.7376045204545321 -1.2976672287674116 7.2660423886487111 109 92 48 0.15105772400239265 26 180 34 198 36 196 30 158
1746 -0.54032449532700322 -1.0146845790897383 6.8311786539846233 191 182 146 0.97779889067056736 26 220 36 227 30 220 36 197 31 215 33 215
1747 -0.54679286411658634 -1.8883915627909758 7.7779958379051681 81 78 59 1.4526462273892182 26 273 34 240 36 243 30 231 31 231
1749 -0.72345679808294372 -2.1615043856699492 7.6488645314893224 77 71 65 1.372173759950398 26 172 34 129 36 122 30 116 31 73 31 113 33 77
1751 -0.70478927897442256 -0.49526716225142259 5.6364212121688881 159 122 88 0.15933255966659862 26 25 30 29 36 22 31 15
1752 -0.88112784481017969 -0.32698028293054093 6.0824884024837624 121 89 69 0.98277306181582214 26 226 30 34 34 29 31 24 36 87 33 18
1754 0.21953354065729452 0.35946764202499332 6.9899995946479425 114 87 60 0.50490309742692885 17 412 31 102 33 109 42 49
1755 -1.1514786749889754 0.73554476093877785 7.0232175517650814 111 81 63 1.7598463516358607 1 524 3 540 10 488 40 193 11 230 43 47
1756 -1.0143826175187272 -0.56475051233828322 5.9613972629298715 79 47 26 0.23398572989365884 26 183 30 122 34 133 31 120 36 161 30 123 34 172 31 121 34 134 33 120 33 121
1758 -0.7085020143171864 -0.50148081855207449 5.7042974454903632 155 121 89 0.21808467798282435 26 185 30 164 34 173 36 162 31 161 33 159
1759 -0.79846151074734495 -0.20144330680712619 6.4590376214988066 98 43 12 0.85143624012344488 10 690 31 200 40 283 38 471 45 190 20 385 19 369 32 162 43 145 48 159
1760 0.21439925568457555 0.25723097837900033 6.8881436903569906 117 92 62 0.31947092911844549 7 672 8 664 14 731 31 228 33 224
1761 -0.35710383438304372 -0.31515857513591777 6.4661330956209762 105 53 14 1.6383711166159358 26 299 30 263 36 280 31 262 33 256 46 298
1762 -0.35072325029792434 0.093901604911436481 6.7168950011829338 149 117 19 2.1342569411728767 4 176 6 201 23 360 36 301 34 290 30 279 31 277 4 177 2 157 1 157 6 204 36 302 34 291 30 280 31 278 33 270 40 397 41 249 41 250
1764 -0.61424808813930165 0.019916924059253441 6.6500070161927445 125 85 50 0.41656104604521837 1 410 6 454 18 363 25 79 47 39
1765 -0.061966313771407114 0.064583054298705755 6.7648515141792691 111 77 47 1.4152535468893106 25 86 36 52 33 45 44 63
1767 -0.92531307953207176 0.83887713502175865 6.7677758826902448 0 0 0 1.2487117967539016 25 125 26 171 27 238
1768 -0.52984780029859413 -1.4452833847391153 5.6648285349349115 56 50 48 1.8487745389316586 25 380 31 190 33 190 40 132
1770 -0.9500402164391154 0.38685523134292665 6.8408678470045698 43 41 26 1.1758446540544341 29 299 33 239 45 266 48 218
1771 -0.95200974503657287 0.37914706051070496 6.8723423950946314 43 41 26 1.0659674171636764 29 300 33 240 45 267 38 587
1773 -0.11622694937299366 0.055120038533272499 6.7385189053263792 69 39 19 0.62792312521439486 3 647 23 245 25 276 33 178 5 915 8 614 2 807 3 686 1 670 5 950 6 640 14 706 13 611 13 651 7 628 7 667 10 644 10 693 11 633 11 671 15 675 12 668 18 624 16 486 17 590 28 294 23 290 22 314 25 311 27 315 29 261 26 241 36 217 34 210 30 185 31 205 33 200 40 247 41 158 47 169 44 216 42 147 35 243 45 163
1774 0.91671850889638151 -1.2193620570782429 6.9316623065849319 43 33 19 1.5591890819814147 27 325 29 274 33 231 26 261 36 225 34 243
1775 0.76531063319574977 0.68381124932963144 7.2820985716823996 78 57 36 1.9615671781011514 24 101 33 70
1776 -0.59037671131739866 -1.8203401068012062 7.4992126146946614 38 34 29 2.8640773780990054 27 287 33 210
1777 -0.20911686557194967 -0.2431781618407404 5.5801771405408189 102 55 13 2.1928085301174178 27 379 31 269 33 265
1778 -0.48195802420870204 0.17616593267307429 6.7699455806798854 142 122 86 1.3404252758354249 5 736 8 434 4 764 2 618 3 511 1 414 1 499 6 458 14 477 13 443 7 451 10 458 11 453 15 499 12 494 18 372 16 334 17 399 28 66 23 126 22 155 24 148 25 167 27 159 29 71 26 71 36 57 34 66 31 53 33 46 5 952 8 660 4 921 2 834 3 688 1 672 6 677 14 708 13 653 7 669 10 694 11 672 15 705 12 711 18 665 16 516 17 589 22 338 27 317 29 286 36 219 34 212 30 212 31 208 33 202 40 84 40 290 46 255 41 45 41 187 47 53 47 186 44 61 44 218 42 33 35 73 35 274
1780 -0.59260309465550942 0.3922268508851855 6.880926620290392 113 90 48 2.1019925588102497 18 218 38 152 45 63 38 256
1781 -1.3298024535993316 0.36099028923128257 6.7633643447848106 125 104 74 1.0496312159846071 3 173 38 167
1782 -1.2136890205272106 0.56086951055015888 6.928907077585337 135 100 70 0.21269737533129551 18 391 38 175 46 88
1783 0.12518871754149233 0.072379679557251428 6.7803185677035342 80 74 50 0.4939996140110211 18 356 38 237 40 67 47 55 17 299 45 41 20 244 19 66
1784 0.95921501396246422 0.64779028196227051 7.2978013787489289 169 148 91 0.41007421874864924 2 266 38 245
1785 -0.4247224183451927 -0.90000013061907114 6.1577407512094275 135 55 47 1.8764418952307296 18 285 20 349 19 341
1786 -0.58510144296439415 -0.56684567035910105 6.2521878936298538 146 94 39 1.1482721706475263 18 590 38 318
1787 -1.4778497593385032 -0.71413732223885251 6.0720640752442909 38 24 12 0.17480338992562261 18 321 38 330 20 300 19 288
1788 -1.3952137609047781 0.74132775072252532 7.0406560468066415 123 99 67 0.57972772949299656 18 562 38 360 46 196 45 123
1789 -1.4797179969523904 0.40972650977518243 6.8088705855883394 90 64 47 0.6123912887283689 18 250 38 427 20 406 19 388
1790 0.51902692032787023 -0.10119327706807373 6.7292449776995209 82 76 44 1.1117818022272283 18 682 38 445 46 267 40 308 45 211 20 293 19 282 43 53 19 283 20 294 48 61
1791 -1.1875856343833542 -0.22695577787650037 6.3911386430423063 177 152 119 1.7960175939231133 18 173 38 478 32 165
1792 -0.26555180558037528 -0.81228053599134431 6.1798237295903871 60 27 0 0.52685427458395306 18 673 38 489 20 459 19 440 9 293
1793 -0.5393298411152514 -0.78965064407205288 6.1655894353138505 169 112 42 0.96838586977319552 18 579 38 492 20 411 19 395
1794 -0.60041324583514977 -0.46597972694537021 6.3359002803873921 164 105 32 1.2941124904868302 18 703 38 535 40 345 45 238
1795 -0.66984892234029414 -0.39987208027797688 6.3409918164511749 185 178 149 0.65801905049349929 18 709 38 538 20 494 19 484
1796 0.23617178865225946 0.16023656226888605 6.850130765895992 79 74 48 0.63210550281144795 18 716 38 546 20 481 45 240 19 466 32 188 43 183 48 182 9 252
1798 0.59309732961425521 0.00023420697176116995 6.759862826732844 199 144 51 1.7583610482546115 18 745 38 558 45 256
1799 0.38095863486805476 -0.071583888399577189 6.7153079196986258 81 77 52 1.5326315687455756 18 733 38 559 20 492 19 481 43 160 48 174
1800 -1.2817058263384424 -0.77521195214202632 6.0523289472313468 134 93 52 1.6530178291084923 5 686 4 730 2 657 3 605 38 380 3 45 1 253 17 17
1801 -1.0670002762232571 -1.1503132278230479 5.7953147104155107 101 83 48 1.6080817511924159 28 5 40 19 46 22
1802 0.40660060062375347 -0.80477016514488631 6.273057651874888 167 150 95 0.61859025325608197 5 34 23 20 40 21
1803 -0.25474525053403874 -0.12792225135298951 6.5895571700165476 82 67 18 0.97973300930306273 38 83 40 54 32 33
1804 -1.3736436563580483 -0.36440475325765159 6.2887516822356782 95 37 30 0.69056223464284905 2 669 23 161 40 58 45 43
1805 -1.4987581913443466 0.18085505371814303 6.7051870638149165 93 51 22 1.7146386308063615 18 694 40 98 45 247
1806 0.034629788129466731 0.69795969807796254 7.1788710474011745 35 20 10 1.0463030256998378 27 116 40 99
1808 -1.4810095673663928 0.35731766363087203 6.8243950942324449 83 55 44 1.2589290381897507 12 671 40 111
1809 -1.3610223002492954 0.62401794267611244 6.9407121120065902 80 51 37 0.76136991142504096 38 178 40 123 20 199 32 62
1810 -1.7130717388672809 -1.1803842737262535 5.7135043135373111 126 86 74 1.8704901124574704 38 27 40 145
1812 -1.2349111335265512 0.66291073503798259 6.9842827127364586 127 91 72 1.3987946256294452 11 481 18 628 40 192 8 459 10 375 45 173 43 85
1813 -0.61826342565390213 -0.26433676684552854 6.4679768834474194 151 107 75 0.3420649309200478 38 396 40 228 43 66
1814 -1.0269463475795129 0.10634829264592649 6.6445556006564717 58 32 21 2.1040736296118494 2 857 16 433 35 267 45 195
1816 -0.74831541767833543 0.4780835998644174 6.9386937852591819 114 84 56 1.8758272445531663 18 695 38 522 40 323 20 443 45 227 19 164
1818 0.25152425929052535 0.41384903976905935 7.0637226839752554 127 97 62 0.96111910519063704 38 591 40 398 45 281 32 241 43 220 48 247
1819 -1.154481507872833 0.38516554302977418 6.796991915879123 53 36 25 1.2994959603133698 28 78 40 101 8 447 10 468 38 162 46 84 15 508 41 47
1821 0.37931113854356063 0.43222558814104056 7.0272911967900065 141 110 79 1.9749696154203125 5 541 46 72 45 55
1822 -1.2130573610313637 0.41338919280317526 7.0474504775230287 0 0 0 0.30538428365801146 8 446 15 507 10 467
1823 0.16409169708504268 -0.15578744044865686 6.6327897985767379 58 44 25 0.74346122466069442 28 172 46 123
1824 -0.51837155737875218 0.14641634620291041 6.7666491539388449 133 93 32 1.5725150463611504 4 191 16 252 46 132
1825 0.58926429917458467 0.22507285864357926 6.8778125784060462 154 121 83 0.16861196995040179 16 442 46 186
1826 0.96119828344451252 0.69292835879361758 7.4114021874634526 211 190 137 1.0113144204766109 15 520 18 481 46 238 43 77 48 82
1827 0.19241650072397476 -0.35187862595811836 6.5046125316600962 136 80 25 1.7487891706107217 31 221 46 244 47 29
1829 -0.22493284869165592 -0.084461099171563456 6.6365315616026059 84 57 7 1.727028605559793 17 130 4 132 1 488 11 441 22 142 24 140 46 58 3 301 14 175 41 35 47 36 44 46
1830 -0.71919165559292209 0.19565463563717439 6.7429936666897223 104 67 11 2.4886385813015162 1 310 18 201 28 68 23 66 3 431 26 73 6 363 14 374 13 347 11 355 5 212 8 163 4 418 2 383 3 157 1 164 6 208 14 192 7 183 10 524 1 498 13 444 11 514 18 480 36 105 40 88 41 124 47 144
1832 0.91291967369125016 -0.98549992986096202 6.9255168055388987 130 83 43 0.50558642839967582 17 462 41 13 44 97 42 70
1833 0.94932693380734468 -0.89005155603017205 6.7707597088779625 133 86 49 0.29665787333253552 17 468 41 14 42 72
1834 0.97920652931133167 0.22339085649229587 7.4195613943702226 199 178 142 0.73905029134076961 17 420 42 98 39 200
1835 0.96302391301832557 -0.64379666329950325 6.7224339535498325 143 101 52 1.31097773689585 17 534 41 77 44 100
1836 0.93947826989694594 -0.78986016657916414 6.9414345123183505 180 119 63 1.3765789376455912 17 575 41 113 47 21 42 138
1838 -1.3437756048538438 0.78433123587554754 7.0632455954550251 162 134 116 0.36868953041376473 17 553 41 133 47 66 44 167 42 124
1839 0.98793427118105948 -0.58663811053557935 6.6139940735502964 216 161 98 0.89417009413379356 17 638 41 181 44 211 42 173
1840 -0.62776312098162135 -0.66496729968478296 6.0349485407523007 129 107 66 1.1358180175753547 30 249 31 237 36 262 41 196 33 247 34 257 47 215 41 219
1841 1.0025547234945185 0.20577848644625035 7.2069674376233364 216 196 162 0.97682502834033647 17 659 41 228 44 262 42 213 35 326
1842 -0.04459421225153274 -0.9541320232199606 6.0725741245354223 202 194 155 1.498049087168976 3 468 41 232 44 267 47 213
1843 -1.1726213880678233 0.3503116198769915 6.7293624009073811 87 64 44 1.3436864715955616 1 735 12 762 41 211 16 560 17 640 47 222 44 249 42 183
1844 0.36603548512971951 -0.78054884964255666 6.2182151521999467 110 81 41 1.8015740992881595 27 194 29 120 26 146 26 182 36 125 30 161 31 118 5 573 4 333 2 33 12 341 46 111 47 131 41 149 24 23 42 153 44 187
1846 -0.51076823325268106 -0.65724232101050672 6.1372475764582655 89 49 18 1.4750264123130195 16 92 17 63 47 13 44 27
1847 -0.44874807490075624 -0.6483870409290613 6.2330533291192562 93 49 14 0.72905011546894194 6 143 47 14 42 107
1848 0.30043194938200529 -0.57826176565046938 5.7487211483702563 188 156 118 1.0194718268561427 41 15 47 19 44 188 42 10 39 90
1849 0.99162850377284784 -0.78068650079472945 6.3379720949030132 95 49 9 0.61063398885635345 41 16 47 20 44 98 41 112 42 75
1850 0.99563616528168197 -0.44540292904297268 6.8014625458423863 189 144 84 0.26883823990669037 41 83 47 31 44 104
1851 0.11921770296131184 -0.059591672387663684 6.6956681809619916 77 64 56 0.28408304238665966 17 396 47 48 42 30
1852 0.76276178086445534 0.15535402952845639 6.7887414682486229 0 0 0 0.25710863096417569 16 490 17 413
1853 -0.70092339411086446 0.91743642273559878 6.8994699049953576 40 33 28 0.51528370443626437 41 59 47 75
1855 0.8468920412595734 0.65366537410910708 7.2994446557098218 113 85 63 1.3293287324731149 2 455 47 80 3 367 6 264 13 230 5 361 4 322
1856 -0.15413948920066425 1.0762734724921006 7.2236556192377641 33 23 12 0.71768300563557919 33 76 41 67 47 81
1857 -0.19263726846542112 -1.536719901353804 6.1735067798826986 88 82 59 0.12129748295027128 41 69 47 84 44 12
1858 0.098951525386875766 -1.7447076639172157 7.2621380410731682 138 128 109 0.70705827030111934 41 71 47 86 44 178
1860 0.45037752893951127 -0.47974463588431698 5.8055692412136066 93 46 10 1.6104918526309493 41 75 47 93 44 143 42 12 39 94
1861 -0.83444274615235581 0.99488932941502506 7.1499877390698217 32 22 14 0.4769075636573149 41 104 47 122
1862 -0.13486829772515868 -2.1692668439535678 7.6121777391653227 85 64 31 0.069583108872794328 41 106 47 124 44 132
1863 0.20602935720069565 -0.31510799909474307 6.540544535378694 94 47 24 0.2450944572130265 41 116 47 134 42 77
1864 -1.4313511238068648 -0.68277334659007005 6.0436022911816245 128 102 68 0.9509632973640576 31 159 47 157 42 103 44 179
1865 0.46757072017891255 -0.58780037898616944 5.8097046483482062 180 156 123 0.47904406410335715 41 176 47 162 42 134
1866 0.30371983587938428 -0.1299332729150447 6.6545955036074895 49 36 26 0.23419161365617147 17 546 47 168 44 197 42 118
1867 0.91146637891738602 -1.1003687665789241 7.0625717848007223 160 105 60 0.50315702268230611 41 206 47 176 44 244
1868 0.1447350237170244 -0.73200330300123662 6.1666995479313593 131 108 59 0.097169817329689837 30 163 47 177 44 186
1869 0.70107748450815088 -0.59686670979302514 5.9055429351638535 90 43 11 0.41434273235395702 41 178 47 181 44 189
1870 0.68159192248506995 0.22974030268333956 6.9632741739920636 0 0 0 0.11129220908701401 10 650 46 233
1871 0.89210722740244464 0.27845954119973126 7.8556172784955507 169 141 93 1.0417786388824839 41 204 47 192 44 241 42 197 39 299
1872 0.90663479445114004 -0.50348942240770955 7.4837173890513551 203 158 93 0.94403601481057187 41 209 47 194 44 247 42 194
1874 0.78337851836889072 -0.55367824430344248 6.4753319949896353 63 48 36 0.84507574604050673 25 365 47 204
1875 0.55722142383318618 0.7335478524967235 7.2966287970900874 29 25 16 0.2414626957047937 41 213 47 206 44 254 42 186
1876 -0.023560598185099445 -1.8408100773248182 7.4394148726218861 138 125 116 0.32565225895712585 41 214 47 210 44 255
1877 -0.023560598185099445 -1.8408100773248182 7.4394148726218861 138 125 116 0.32565225895712585 41 215 47 211 44 256
1878 -1.0260906564527441 -0.49345221924551469 5.7055315589067357 67 20 16 0.83038840344205611 41 220 47 217 44 257 42 189
1879 1.0653283471100368 -0.063975878209948461 6.8689518928288384 200 147 71 2.0624972771574988 41 241 47 223 44 288 35 316
1880 0.77690107482251114 -2.02073761256315 7.3122736378708941 211 179 93 0.69389339260102878 41 242 47 224 44 282 42 222
1881 0.90623848397217954 -1.405953451758861 6.3065737987341111 194 165 83 0.78659010194586487 41 230 47 226 42 179
1882 -0.78344832969945222 -0.58407115849877311 5.6696548781669351 167 143 119 0.38166031142346712 41 233 47 228 44 269 42 200
1883 -1.4243697906652228 0.66535717931806138 7.002304707208534 91 66 45 0.47358619138760083 17 654 41 226 42 196 35 315
1884 -1.3198419766867016 -0.14460225761775489 6.4068883362029041 87 41 15 0.86676094401245563 41 244 47 238 44 284 42 208
1885 0.80530830862913161 -0.6879242119238087 6.0816082666412949 146 121 64 0.64172275532862844 41 247 47 240 44 291 42 223
1886 -0.54682144078144523 -0.16313411325827709 6.4933756516837313 86 27 9 0.87536832095214434 41 245 47 242 44 293 42 221
1887 0.063440040898221695 -0.19702173552724381 6.2910276928830982 35 39 15 1.1880070487379795 41 246 47 243 44 285 42 211
1888 -0.63890485115715179 0.61116951922956853 7.0317765486129469 81 54 32 2.5118943050938585 8 457 4 305 2 253 11 478 12 519 22 170 25 180 27 186 30 111 47 68 5 558 4 507 2 447 3 357 1 338 6 253 13 220 10 223 11 222 15 264 17 175
1889 0.35626147027804678 0.61486837476987577 7.1607879327094617 85 61 33 2.5499880747058641 5 344 14 507 10 229 8 353 15 428 28 152 24 215 31 107 46 149 47 72 5 346 4 513 3 228 1 448 3 460 6 257 10 487 15 429 28 153 22 113 24 166 29 97 34 84
1890 1.0295215128804172 -0.6438345194358388 5.8603278097613467 153 127 72 0.49789802860885313 41 74 47 90
1892 0.98422237177015459 -0.89142448712043476 6.777054556225492 174 117 66 1.8538090017932642 17 470 44 30 42 74
1894 0.96839741693996528 -0.54418454893796164 6.846935432601442 152 103 51 0.23219290019740521 47 27 44 101 42 78
1895 1.0321802052717117 0.11083380120780606 6.9137641765238476 177 139 94 1.460628084131691 16 150 23 247 44 122
1896 1.0240552656360267 -0.58724914933392758 6.8014750775298536 198 157 96 0.50272579274224782 17 128 44 146
1897 -0.86399754724747968 0.29231567750830068 6.7657857386653761 68 67 48 0.33286901118681256 17 545 44 159
1898 -1.3992716492022317 0.80895888187525722 7.1697665201410867 147 118 102 2.0756632132266457 17 170 47 67 44 168
1899 0.59894638929497734 -0.40511821803051939 6.340020605451584 104 65 11 1.1024321816568083 41 199 47 164 44 212
1900 1.0008929408329037 0.45498737028314473 7.2754779983362532 170 138 97 0.61517520779198687 13 358 41 191 44 225
1901 -1.4389455009485272 -0.053248482664005052 6.5038605596856627 106 57 11 1.7833324053748538 6 731 8 711 14 758 34 251 31 225 44 237 5 976 2 868 41 180
1902 0.28202619653211713 -0.82278841155453952 6.2226309376834408 118 65 3 0.98774811773301996 25 322 46 263 44 235 5 393 8 94 4 331 2 295 3 265 1 266 14 125 13 292 7 307 10 123 11 303 15 110 12 333 27 361 25 350 29 306 31 236 36 248 41 197 35 30
1903 -0.07078677717766714 0.081657617641534355 6.7550768488141362 77 50 29 1.4980703492953764 25 85 27 86 26 68 33 44 44 64 44 62 42 36
1904 0.95406542732102617 -0.76251215803733563 6.8503206836531403 172 112 52 0.3419458003412284 17 365 42 13 39 137
1907 -2.1587804588513202 -1.4371527438731617 8.0023366855028897 130 106 72 0.73066593266093482 41 6 42 65
1909 0.2939081259224644 -0.54371302383533093 5.7677549285885581 78 59 39 1.1144552208879899 44 142 42 71 39 27
1910 0.89915664792218419 -0.60254111799415422 7.5732599333174937 204 146 72 1.4940992895722753 41 79 44 147 42 79 35 305
1912 0.99795129287984907 0.14181273954859563 7.4871553749380393 193 178 145 2.0023515842580828 17 496 44 78 42 97 39 196
1914 0.92963934795140601 0.18080555085739558 7.6967207093268781 147 119 79 0.26675889813262732 44 80 42 126
1915 0.9977491133429337 0.29089727440236723 7.2944000291144153 198 177 149 0.54443533769771246 17 500 41 58 42 127 39 252
1916 -0.94564159731930553 -1.1103313925561347 8.0468232245061468 54 40 14 0.064762377062796195 41 145 35 213
1917 1.0417024251721509 -1.7485984898564637 6.6157678576618473 159 102 50 1.4255613051689835 44 137 42 169 41 140
1918 1.0417024251721485 -1.7485984898564648 6.6157678576618544 159 102 50 1.425561305169003 41 141 44 138 42 170
1919 1.0000370551553055 -0.81809612946739407 6.4329216629037571 170 109 49 0.29598587642354307 41 175 44 209 42 172
1920 0.91137553543398298 -0.086054353218129043 7.8266516198696863 162 132 88 0.29607728006123285 41 189 44 221 42 175
1921 -1.4874725601578482 -0.85158514070510083 6.1066375834879709 101 81 44 2.2301214346961884 41 216 42 178 41 195
1922 0.843766863097271 -0.73519098326079801 7.4950804315219965 152 103 48 1.4050370724814658 17 651 41 208 44 246 42 192
1923 -1.3974724468288933 -0.80327720565482397 6.2783460670200633 67 49 25 0.32953660713660055 41 231 44 266 42 198
1924 -1.0714900162331329 -0.8559122140770381 7.8503633731488405 101 53 17 1.0393961217589913 41 234 35 313
1925 0.60182697711442301 -0.55019399413492354 5.8295236243800339 88 42 16 0.32511485946295893 41 238 44 272 42 210
1926 -0.022727318727786334 -2.2474007082161815 7.5169797971731036 93 73 40 0.17114401632909831 44 281 42 216
1927 -0.34405998768687196 0.13567725691771923 6.6542567616002577 104 73 35 1.070063945873523 44 296 47 244 35 340
1928 0.037779791692960446 0.01598282750870764 6.6866016356073334 48 34 15 2.1942873891990016 17 487 42 91 1 557 31 88 47 107 44 114 35 137
1929 -0.77418491732532257 -0.42138360952953874 5.4391532763085335 125 104 66 0.36675650795497633 41 12 42 7 47 15
1930 0.77144958247494833 -0.49109938941331316 6.503545303080938 71 61 37 2.2282716280717065 5 701 8 403 2 597 3 395 1 385 6 426 14 445 13 423 7 429 10 433 15 365 12 354 17 616 23 28 24 128 5 898 8 594 4 867 2 743 3 627 3 670 1 608 6 621 14 650 13 590 7 547 10 626 11 614 15 592 12 587 18 511 16 475 28 231 23 228 22 251 24 250 25 259 38 203 40 32 41 151 42 156 19 23 39 190
1931 -1.0926286695696292 -0.23929781176336301 6.4214849951907196 92 55 26 1.4517310726206771 5 946 8 652 4 914 2 92 3 121 3 710 1 663 6 672 14 700 13 648 7 661 10 686 11 667 15 700 12 171 12 705 18 170 16 504 28 284 23 305 22 304 24 306 27 306 29 253 26 230 36 207 31 197 46 250 47 92 27 205 31 126 35 220 45 193 38 416 20 396 43 112
1932 0.62233252221888335 -0.50458380439752715 6.4648969247983565 92 75 32 0.7852435303906089 41 114 5 852 8 538 4 863 2 738 3 622 1 603 6 619 14 645 13 586 7 544 10 564 11 557 15 585 12 586 18 512 16 474 17 533 28 226 23 225 22 246 24 246 25 254 27 298 36 269 26 283 34 261 30 255 31 253 33 252 38 303 40 210 44 144 42 140 20 219 19 214
1933 -0.027006603277882461 0.27669975516402812 6.8558849186198279 127 100 59 1.0685206567018435 8 703 2 872 3 753 6 718 6 737 8 715 14 751 7 715 11 713 11 728 15 751 12 748 12 761 18 718 16 561 23 340 24 363 29 315 36 276 34 267 30 242 40 350 46 284 41 227 16 566 44 252 42 185 38 547 40 369 45 241 20 485 32 209 43 184
1935 0.96040114917643415 -1.3230934520922737 6.1923437069554792 125 106 65 3.5620683702585918 42 3 35 24
1938 0.88974436752973851 -1.276680605494952 6.8750073490701622 153 100 53 2.2524087252182707 30 200 35 112
1941 -0.74604579098488355 0.73189712983717825 7.0655399309053593 21 10 3 2.1313381181862918 16 168 44 127 35 197
1943 0.8260944078687571 0.60228214689725745 7.7702147590847455 118 97 65 0.72500282370940594 42 101 35 283
1944 0.94266783171050206 0.32592674835269891 7.0902564058352109 94 67 46 0.94462687509033194 2 873 35 317
1945 -2.1199965648345045 -1.0775381770628099 9.1314952777396172 213 201 159 0.91696694432860393 42 199 35 319
1946 -0.03858449812072539 0.43732436051327483 7.638439505977825 82 56 39 1.520770991468634 42 229 35 341
1947 0.12220169627415639 -1.4143844064723998 5.6397965044724163 168 145 86 1.8394136673950641 47 202 35 4
1948 -2.2203349409336095 -1.0333225062341036 9.6677433772036085 141 126 89 1.877993995959742 42 67 35 163
1949 -1.3720819848349737 -0.56453659659895727 6.1639454579076434 91 36 28 0.43140120791130798 38 331 45 30 20 243 19 65 48 19
1950 -0.54906390358525037 -0.2686482648505254 6.4604281375971242 164 125 92 0.63226712389153072 3 578 45 34 48 112
1951 -1.7175509428529661 0.049213750438920054 6.7661284335244334 104 73 50 1.1327052157357995 40 94 43 80
1952 -1.0986838243070689 0.55799988331008321 6.9793341927253953 0 0 0 1.4474420732400954 1 207 40 113 14 498
1954 -1.0706083741023775 0.86501202733182059 7.2414236051603824 102 88 74 1.7559976480739321 18 267 45 77
1956 -1.5806678706384694 -0.79764246268248196 6.5711135123135804 70 40 18 0.74813669818699324 38 455 45 99 20 424 19 407 32 107 48 65 9 307
1957 -1.6024299876646102 -0.79778309556589522 6.8567193823831118 35 12 2 0.87589968920464512 38 394 45 101 20 430 19 414 48 73
1958 -1.60392370142843 -0.79859336400098635 6.8532512429569943 35 12 2 0.82588798192628288 38 395 45 102 20 431 19 415 48 74 9 310
1959 -1.5784953403397008 -0.69846854158507388 6.7112431258783545 44 25 12 0.74174582610686512 38 334 45 104 20 433 19 418 32 37 43 70 48 76 9 312
1960 -1.553372758940579 -0.61472129661673425 6.4657862475060988 80 40 21 1.012731431969297 38 511 45 107 19 468 32 160 43 141 48 155 9 311
1961 -1.5583335578368309 -0.52062717855123075 6.5053557715102484 74 37 21 0.6479027774659355 38 408 45 108 48 119
1962 -1.5170919926427309 0.19405802098722577 6.8186964251318702 72 41 28 0.10393459587358915 38 482 45 115 20 449 19 428 43 121 48 132
1964 -1.5791668190045358 -0.8563619398215514 6.5890279993616891 27 18 14 0.82084588145551241 38 500 45 134 20 475 19 463 32 143 43 130 48 144 9 324
1965 -1.5769573491856232 -0.68897128617596426 6.6222747744279671 76 34 13 0.86623401384400489 38 509 45 144 20 503 19 493 9 328
1966 -0.156004067827892 -0.10462666395310906 6.6449805998862264 96 97 47 0.53184029261065247 40 235 45 153 43 69
1967 -1.5506285132192343 -0.55175810253810476 6.4704504596041126 24 15 2 0.38764092914596365 38 470 45 154 20 483 19 469 32 120 43 143 48 157
1968 -0.70382310412252036 -0.69560946124513479 6.1531907700043096 130 107 64 1.2672283003438247 22 283 25 324 45 177 27 350
1970 -1.54664672253831 -0.66339948198822374 6.3667316310788795 23 14 10 0.82392555185526617 38 544 45 186 20 500 19 490 32 182 43 162 48 177 9 341
1971 0.9779100204545812 -0.10984425637340187 6.8171281706128166 0 0 0 0.7458209497804853 10 691 38 494
1972 -1.609480191893796 -0.25636116991867824 7.4804266406889788 83 39 20 0.97615701680942601 38 420 45 224 20 489 19 475 48 127 43 116
1974 -1.5232538147655998 0.17154298913058547 6.6942382521692814 65 37 25 0.98460553898084324 38 579 40 96 20 525 19 516 32 225 43 197 48 220
1976 0.9563550042943052 0.54851528215986101 7.3405481626743381 148 115 72 0.61434454852659393 18 737 45 265 32 222 48 215
1978 -1.3821694189434874 0.086205285510831231 6.5865285068411774 147 95 37 0.99203308638004062 38 593 40 390 45 276 32 238 43 216 48 232
1980 -0.59019518378768454 -1.051715667298367 5.7539676856436692 89 70 28 1.9014170877514753 18 671 45 280
1981 -1.0819364003285641 0.2438718427079492 6.7129487092569358 56 58 34 1.269268630163696 40 399 45 282 32 242 43 221 48 248
1982 -0.0029596102732418555 0.15135340115342927 6.8124119425010399 84 71 52 0.7207640526188519 8 617 1 630 14 669 11 636 15 620 18 540 36 184 30 188 31 181 38 244 46 236 45 109 15 497 22 87 29 72 46 66 20 88 19 72 32 41 43 24 48 31
1983 -0.10261346391655504 -1.5032949067246428 5.7899073558132494 128 122 106 2.8318080264991758 30 10 45 124
1985 -0.33221822777407439 -1.2873147725658307 6.4390765989969845 164 134 102 1.2624121143615989 38 4 20 3 19 196
1986 0.33730884626570451 -0.78984216980511024 6.2393973139982482 94 67 28 0.040257743425355846 38 12 20 11
1987 0.16796614590904782 -0.82180025280547275 6.2401686201696593 195 122 30 1.6481314311594564 38 14 20 18 19 207 9 185
1988 0.68127035459403362 -0.59923577052683097 6.4070137136737664 102 95 76 0.20144263689751329 38 20 20 23 19 17
1989 0.55249820452729992 -0.51702162840785004 6.4455760851202957 201 179 135 0.21204118404424097 38 304 20 29
1992 -0.9254285334639728 -0.76572829500571027 6.1211679123177767 166 116 67 0.62424909977913656 38 213 20 42 19 31 9 138
1993 0.28308073048384641 0.018454594392257884 6.7980806969526517 158 150 89 0.28790888221565281 38 72 20 67
1994 -0.013123743212735007 0.14581165195751858 6.8022484842517974 139 130 96 0.22733108688271464 38 243 20 87 19 71 48 30
1995 -1.625885120457524 -0.51490111926958482 6.7961046510616727 59 23 1 0.55519823630286458 38 115 20 119 19 110
1996 0.40166557239078188 0.62135281946245069 7.1710313938228545 107 81 46 0.31148715067236193 38 252 20 125 19 114
1997 -1.6014019259871513 -0.49614375945218686 7.064415164945884 62 27 2 0.10368374463534787 38 123 20 134 19 125
1998 -1.6114835676071511 -0.47880179410021795 7.1067490045139117 69 32 10 0.21093077723320694 38 127 20 146 19 134
1999 -1.5327341061143362 -0.3074276767184308 6.5833608515167548 60 23 1 0.11124418828708205 38 135 20 151 19 138
2000 -1.6523271530007764 -0.11775429580303753 7.3524183186905567 56 27 15 1.3882954947214989 38 155 20 177 19 319 9 258
2001 -1.563977672210914 0.34652255283831684 7.0290044421987696 90 67 51 0.59008406901730259 38 174 20 192 19 186
2003 0.16243678944430406 -1.1356649775043821 6.6756940086891312 36 16 0 0.12380995095722803 38 281 20 208 19 198
2004 0.1959129281129586 -1.0384625547479382 6.5049394983562969 43 19 0 0.30474725592958479 38 186 20 209 19 199 9 182
2005 0.18296775470032986 -1.0955996897179494 6.6916157831518293 160 99 41 0.15858632679941076 38 282 20 210 19 266
2006 0.64475903319885219 -0.63172273518812005 6.384149519884966 160 155 133 0.15337887317604151 38 292 20 215 19 14
2007 -0.95913700925007417 -1.2514121311344686 6.8246988364137602 144 96 48 0.32986572783866031 38 201 20 221 19 216
2008 -1.2737077380216937 -0.99537120320074812 6.397629755491379 146 93 39 0.26210216458477814 38 211 20 227 19 222
2009 -1.5802686065404603 -1.2573065550165035 6.8624883870217515 46 32 16 0.256771439929048 38 36 20 228 19 226
2010 -1.5909269446293886 -1.2389431972423626 6.7979116545803961 40 21 11 0.81774704075853144 38 207 20 229 19 278 9 213
2011 -0.99390726739994861 -0.69743275807613747 6.142837343547022 148 91 22 1.9408158879676496 38 319 20 232 19 280
2012 -0.97614236449617353 -0.45239119330227173 6.2959462986379728 162 117 60 0.42039182276794862 38 234 20 239 19 59
2013 -1.5407916880863628 -0.77920159303919956 6.507521312109267 84 46 21 0.27177788143815645 38 231 20 241 19 232
2014 -1.5536075259634328 0.13524384553895372 6.9538799855625468 106 78 53 1.0963601326526722 38 264 20 262 9 224
2015 -1.6156094521621136 0.13898978461422684 7.5739832653865813 68 39 28 0.10677178699273891 38 164 20 266 19 251
2016 -1.6156094521621136 0.13898978461422684 7.5739832653865813 68 39 28 0.10677178699273891 38 165 20 267 19 252
2017 -1.3202507296487085 0.55856705697390741 6.9054945773935383 132 103 74 0.39533473348129888 38 355 20 269 48 46
2018 -1.5476655606029242 0.63749969436164611 7.2051532500372861 58 41 33 1.8208649120646581 38 180 20 276 9 109
2019 -0.31790040438661532 -0.93244069653832751 6.3478614906746769 138 54 46 0.21416196470665494 38 295 20 284 19 271 9 239
2020 -0.31790040438661532 -0.93244069653832751 6.3478614906746769 138 54 46 0.21416196470665494 38 296 20 285 19 272 9 240
2021 0.53651942403483188 -0.25330875144559534 6.6266039228439206 178 137 39 0.61871300993836742 38 440 20 290 19 276
2022 -1.4535758532032179 -0.98375362716645309 6.4024937053961288 133 73 17 0.41990758000682638 38 314 20 292 19 281
2023 0.6869948684163516 0.6002546817428932 7.1637420110730545 157 131 80 0.73844022822763755 38 418 20 317 19 310 32 82 43 76 48 126
2024 -1.5558405151336183 0.18393419703509173 7.3868694142043081 83 60 46 0.91764082068681041 38 166 20 325 19 249
2025 -1.1883805971739074 0.63077681288196352 6.9680775435544851 86 48 25 0.55342038545167893 38 428 20 329 19 324 32 93
2026 -1.5660330181973841 0.36138237165031456 7.2368153328492753 67 33 22 0.69390710141225054 38 270 20 330 48 43 43 44
2027 -1.5747598899405963 0.3576006092448748 7.2222343134580393 67 33 22 0.65657785860954931 38 271 20 331 19 325 43 45 48 44 9 229
2028 -1.5365405346597929 0.48604397169760832 7.040975291401975 76 40 26 0.41660111856902615 38 357 20 333 19 326 43 46 48 47 9 230
2029 -1.4830776132039145 0.63102379109388407 6.8697759184097631 137 110 80 0.71948829320158725 38 527 43 150
2030 0.14871223478445841 -0.79256754737109703 6.2254793720677393 121 67 7 0.40629009860539628 38 432 20 340 19 331
2031 -0.11945773838525188 -0.88999743858674052 6.2830674276681258 138 53 49 0.42159533979931096 38 363 20 343 19 335 9 236
2032 -0.11151113467950952 -0.89047555147449753 6.2894906249470717 138 53 49 0.24938104376380762 38 364 20 344 19 336
2033 -0.65615057637486318 -0.74924056624152902 6.1359782623098056 101 52 8 1.6176059579015316 38 369 20 352 19 345 9 206
2034 -1.4943344550729416 -1.1080067103904667 6.5542554296976956 139 77 26 0.62204534080209839 38 374 20 363 19 351
2035 -0.54397805153970868 -0.31881597073720297 6.436683889327063 191 143 80 0.17330171736439093 38 456 20 372 19 361
2036 -1.5523226442066964 -0.73877843393284459 6.6214672102855028 26 21 13 0.49441317205708779 38 392 20 383 19 412 43 61 9 283
2037 -1.5563061418676229 -0.73999594384454881 6.6177535922525328 26 21 13 0.69218197879039411 38 393 20 384 19 413 32 72 43 62 9 284
2040 -1.6099142800607311 -0.55465464753792859 6.4802887394590654 73 29 1 1.0803161557875729 38 407 20 394 32 123 9 286
2041 -1.5418924281439013 0.23879052164442208 6.8677344369542581 71 38 23 0.39504088611100302 38 348 20 403 19 386 32 91 43 81 48 87 9 261
2042 -1.4886176995452189 0.30931435891985626 6.7315871381073578 92 67 50 0.20400136975576186 38 352 20 404 19 387
2044 -0.40460834946716068 -0.92307088894247535 6.3392467850287595 135 55 48 0.2665659302158403 38 435 20 410 19 394 9 273
2045 -0.60436188420642878 -0.44240492527192377 6.3497225999820337 181 122 54 1.398478465158858 38 499 20 417 19 400
2046 -1.5911342951076881 -0.95930455037393991 6.7559863689429109 29 24 15 0.6992633592794828 38 446 20 418 19 401 32 102 43 51 48 103
2047 -1.5848089398398173 -0.95666152247087033 6.7656413763642602 29 24 15 0.95585696835675571 38 447 20 419 19 402 32 103 43 52 38 497 48 104
2048 -1.5415158539925811 -0.80916338660352571 6.5501500392668337 26 23 16 1.0316114264772238 38 454 20 422 19 405 32 105 43 92 48 106 9 301
2050 -1.5665057972431267 -0.76880186035586862 6.5451969041682858 89 43 10 0.46406545390890697 45 100 20 427 19 409 43 97
2051 -1.2615546123441965 -0.50254831748617568 6.2240050254740362 134 74 50 0.24408956234017218 38 507 20 428 19 410 43 137 32 154 48 153
2052 -0.2162387047589116 -0.031349816185221605 6.66812510030684 204 194 99 0.50438584535722464 38 513 20 429 19 411 9 219 48 156 43 142
2053 -1.2673733974931078 -0.44322891012051441 6.2540337793870426 137 76 48 0.33362517860683755 38 512 20 432 19 416 32 159 43 140 48 154
2054 0.46731662552458053 0.61617840685846426 7.1855143039571674 151 124 76 0.013065305751424061 38 518 20 437
2055 -1.5864058179012752 0.16660676185848958 6.9104464594963506 85 53 39 1.279846620763389 38 483 20 450 19 429 32 170 43 149 48 166
2057 -0.35903587859940717 -0.8276561225853738 6.2065994519082563 178 110 38 0.092048604570024992 38 491 20 462 19 443
2058 -0.78110724542443832 -1.0428389211865334 6.7318057067452903 189 149 90 0.86651267296604695 38 436 20 464 19 445
2060 -1.2622586629676285 -0.58717247963148289 6.1746334756863881 132 71 53 0.2539144449593887 38 541 20 473 19 461
2061 -1.586650008938091 -0.85901186608577462 6.6782135387892518 92 46 16 0.92856682766503207 45 95 20 478 32 146 43 94 48 146 9 325
2062 -1.560378167756765 -0.76276943514684081 6.6660053574864317 25 20 10 0.29752842937102408 38 505 20 480 19 489
2063 -1.5485285170567213 -0.6911153665540648 6.4732945760107166 93 44 14 0.49218721206206306 38 506 45 138 20 482 19 467 32 152 43 135 32 153 48 151
2064 -1.5750143675669366 -0.68783817834017558 6.6248766545641677 86 43 11 0.78802804459062425 38 508 20 502 19 492 9 327
2065 -0.99371720181045131 -0.16111824503493397 6.46854588469773 176 116 48 0.76907785482151536 38 563 20 504 19 495 32 208
2066 0.82781118198474923 -0.53126322798545855 6.4767679533277445 120 98 65 0.2515335455090067 38 569 20 508 19 498
2067 -0.088204565821064312 0.1275854848840397 6.7372785235689872 138 129 96 1.2685197796557095 38 574 20 516 19 506 32 228
2068 -1.4975762615152257 0.15377378227034458 6.9063768248996231 117 85 37 1.3274521681662623 38 567 20 519 19 509 32 213 43 120 48 85 48 203 45 65
2070 -0.87324049820058725 -1.1713955845146584 6.6766145259503391 143 90 46 0.86465108163841975 38 555 20 521 19 511
2071 -1.5848492557482521 -0.0049321805980681518 7.0186705771895488 107 71 24 1.3856369906356432 38 565 20 524 19 515 32 223 43 185 48 202 9 356
2073 -0.62204576550635693 -1.2718054417096727 6.781456933747771 145 98 52 1.3640856484293156 38 582 20 527 19 518
2074 -0.67073343494611171 -1.0863403974732686 6.6458041056541042 118 94 72 0.62845131248713859 38 583 20 528 19 519 9 364
2075 -1.3060234812971505 -0.81249811841750363 6.1817777632735273 155 99 45 0.49371882716285126 38 571 20 531 19 522
2076 -0.39827095247528116 -1.2014573288556514 6.7023366195578769 167 133 105 0.21751608795352251 38 580 20 535 19 517
2078 0.35754512602793725 0.032379877406943078 6.8034542325295018 42 36 16 0.94544771757514479 38 542 20 471 5 869 8 553 4 886 2 808 3 646 1 558 6 639 14 603 13 499 7 572 10 589 11 572 15 615 12 609 18 614 16 144 17 491 28 181 23 244 24 197 26 156 36 143 36 181 34 152 40 280 46 184 41 92 47 110 45 151 19 456 32 31 43 102 48 21
2079 -2.8042511755369879 -0.85630187122920287 4.2276884926461893 110 93 53 0.71757858762808846 38 233 19 54
2080 -1.5433300841309172 -0.52949359361130965 6.4448155382678634 37 16 0 0.0056943173236784893 38 100 19 83
2081 -1.5433300841309172 -0.52949359361130965 6.4448155382678634 37 16 0 0.0056943173236784893 38 101 19 84
2082 -1.536599524240861 -0.48643131502457748 6.5647368666087083 63 34 4 0.31061612139825051 20 105 38 109 19 94
2083 -1.6014019259871513 -0.49614375945218686 7.064415164945884 67 30 3 0.10368374463534787 20 135 38 124 19 126
2084 -1.5327341061143369 -0.30742767671843102 6.583360851516753 58 29 1 0.11124418828705022 20 152 38 136 19 139
2085 -0.37263940508934196 -0.90985790197497707 6.3164167480495275 220 174 156 0.21760211779081304 38 199 19 212 9 128
2086 -0.37263940508934196 -0.90985790197497707 6.3164167480495275 220 174 156 0.21760211779081304 38 200 19 213 9 129
2087 -1.0413202562727661 -0.76670412494304829 6.1031087813766662 145 97 45 0.16445180528612741 38 313 19 277
2088 -1.3140543215939131 -1.0237137352104158 6.6948112281743191 136 72 6 1.3573158749202934 38 378 9 215
2089 -1.0973881089515116 -0.23571568961221775 6.4251746701647825 192 171 131 0.39216811938759422 38 415 19 311
2090 0.90796948026397462 0.71242565680003422 7.3264332745321434 216 204 150 1.0069728192460676 38 479 19 377
2091 -1.5867922456336712 0.087734755522868385 7.0785839885160877 83 49 38 0.57716936459285262 20 448 38 481 19 427 43 172 48 189
2092 -1.1128882959781521 0.62539184174226325 6.9908617292319502 100 57 41 0.73539617244756528 38 525 19 430
2093 -1.0109271355968934 -0.51377410406447754 6.2464362310194312 175 117 53 0.5886013006222508 38 539 19 457
2094 0.80948400952151012 0.54247481535004527 7.1811081724554553 179 151 101 2.4242650059501454 38 562 19 494 43 205
2095 -0.58019075620190497 -0.14929710428452 6.5371675187725753 178 108 60 0.4892920906067586 20 515 38 573 19 505 9 305
2099 -0.53017010764628436 -0.95276108338327681 6.7331002791723149 116 100 59 1.0826058345934211 45 9 32 8 43 7 48 10
2100 -0.70617043268147883 -0.50684596637144608 5.6283814352653261 57 32 3 0.93114623810371921 45 13 32 16 43 10 48 11
2101 -1.9161307331187352 -0.72306294659855441 6.1232284678969897 71 41 22 2.6265356581245589 40 43 32 34
2102 0.18074885555768236 0.14761505581605378 6.8220897296021246 80 69 49 0.19135358844266348 20 81 32 40 43 20 48 27
2103 0.27910481305521934 0.63053113649899672 7.0880893379136998 117 92 67 0.22139521423270797 38 140 32 51
2107 -1.6291482006596885 -0.81991214690694891 6.6327724843058498 81 38 22 0.51455167641065402 19 367 32 67 20 381
2109 -1.6469279326423574 -0.11026952111291102 7.3663394822453983 62 29 20 1.0648924523972021 19 318 20 323 32 89 9 257
2110 0.29391971351700102 0.30410030686675266 6.8964324551997009 157 124 79 0.75353313185897075 38 411 32 129 43 113
2111 -0.76950619113096796 0.25807434989474431 6.7721529921243038 0 0 0 0.16392923852150046 20 164 38 254 19 148
2112 -1.5902418969738032 -0.85834002475794957 6.6732614847656349 81 35 13 0.99323728036244086 20 477 32 145 43 93 45 94 48 145
2113 -1.0000272007967472 -0.45329542092878039 6.3586065593311387 169 145 118 2.0379482030889213 45 216 32 150 48 175
2114 -1.5876826347513846 -0.12317516610657785 7.2892734059335593 97 56 26 1.0218595628257141 19 385 20 401 32 168 43 34
2115 0.072903648619286845 -0.65992105180301663 6.0834400593858273 126 74 28 0.72549135025958866 45 204 32 174 43 156 48 171
2116 -1.6107001837766624 -0.91681591001852758 6.7464503810705381 20 12 10 0.91107721870782243 19 503 20 513 32 176 9 352
2117 -1.6107001837766624 -0.91681591001852758 6.7464503810705381 20 12 10 0.91107721870782243 19 504 20 514 32 177 9 353
2118 -1.5523531608066778 -0.66574444786425391 6.3606672743533066 27 14 6 0.90529420061265375 19 491 20 501 32 183 43 163 9 342
2120 -1.5072318427036577 0.28771111274404543 6.6000186180422649 123 91 63 0.3785334878379461 38 550 32 199 43 175 48 192
2121 0.35279397260056494 -0.55769532936148825 5.7034263457497447 222 195 153 0.60047958435553273 45 252 32 216 43 192 48 209
2122 -0.7253957546852049 -0.54467193472923092 5.7125365572572226 183 159 121 0.91108659670865533 45 255 32 226 43 194 48 212
2123 -0.25134484081254088 -0.0054244520277019308 6.7115587950671944 175 140 37 0.18841477913910792 38 585 32 227
2124 0.27916042110452033 0.51957146214013916 7.089177371177624 145 116 76 1.8935878756974585 19 507 20 517 32 230 43 207 48 231 9 285
2125 -1.5879020795107914 -0.041501185240045667 6.4041024367023223 94 46 10 1.3413133224944385 20 442 38 578 32 231 43 196 45 275 48 217
2127 -0.40643333500156731 -0.95980331644976835 6.5484580459579549 202 196 154 0.80418027365671207 45 272 32 236 43 213 48 239
2128 -0.40643333500156731 -0.95980331644976835 6.5484580459579549 202 196 154 0.80418027365671207 45 273 32 237 43 214 48 240
2129 -1.304633606708987 0.69266031999982836 6.9922795781273894 120 90 62 1.3019252030617587 38 485 20 453 19 435 32 200 8 623 46 256 45 229 40 327
2130 -1.5345242988443233 -0.73783930515737639 6.4310801614785866 26 21 17 1.3222362773056426 38 504 45 184 19 465 32 149 38 461 20 425 19 408 43 96 48 66 9 304
2131 0.45438781341183909 -1.1149907595465935 6.8439532713785773 80 65 30 0.79516015980299093 20 207 43 4 19 6
2132 -1.3730521898071986 -0.49016123598716954 6.2096779524196375 102 49 27 0.48304366866133569 19 236 43 15
2133 -1.6647083991887026 -0.20504306344437823 7.4494759274838449 77 50 37 1.2118080391625419 20 444 43 33
2134 0.017770500926130056 1.0178150905180154 6.920223982405127 162 147 117 1.4502794186768759 45 118 43 37
2135 -1.1774925461536658 0.44195322733765019 6.8316093586749487 136 98 75 0.56421705912888676 20 180 43 39 48 40
2136 -0.69912082032395428 -1.6342430026605586 6.529380863315696 46 36 16 1.5012326383503041 45 128 43 48 48 4
2137 -0.8617833819508427 -1.6412033178583656 6.601652923758607 214 199 160 1.4168916358815669 45 129 43 49 48 93
2138 -1.1227795147573718 -0.45753319603808906 5.5715468282374312 171 148 115 1.022438204317538 20 369 43 54 48 59
2139 -0.52279073530248343 -0.40839107242348494 6.3325764005238039 171 148 115 0.41413338184519982 32 21 43 55 48 60
2140 -1.6144738148668423 -0.792451442749461 6.6957573293131656 30 16 7 1.2805385690324274 45 26 43 60
2141 -0.092221558587464197 0.46835334995600147 6.9854626728128935 137 108 74 0.24161036111588127 32 85 43 78 48 83
2142 -1.5511040367139126 0.084833107335020932 7.0553395482368622 95 61 36 0.2645111451532805 19 321 32 56 45 64 48 36
2143 -1.54551159524926 0.23796772549795051 6.8573487699494384 62 32 22 0.038204745369405907 38 349 43 82 48 88
2144 -0.66410972782309119 -0.54225038461106545 5.6906622088241727 192 168 134 0.58882210510175559 45 91 43 88 48 99
2145 -1.6146510569371757 -0.013629481185521455 7.2273939104399227 63 33 25 0.35066485036137962 45 114 43 119 48 130
2146 -1.3126046106909659 0.66361655139015374 6.9730278248540056 127 95 71 0.81218567124156937 19 327 20 273 43 122 48 134
2147 0.83808679060999847 -1.3528019787549581 7.0763675478930068 56 39 13 1.063492720809956 45 201 43 123 48 194
2149 -1.2244011302047275 -0.57924679017179781 6.2276923799280048 92 53 35 0.74840175506058504 32 148 43 132 48 148
2150 -1.4349679978611607 -0.58607175077996598 6.1520714440513116 133 80 38 0.48020889176893106 32 181 45 212 43 134 48 150 48 176
2151 -1.5540580256811762 -0.6923241212040554 6.4636411650245522 82 37 10 0.42632953167865878 45 139 43 136 48 152
2152 -0.62001360626569457 -1.6468900079764186 6.4441183482961124 43 42 37 1.2474598006522191 45 200 43 151 48 168
2153 0.14234095677530911 -0.7289151592144909 6.0934014033564479 180 145 77 0.19733631350333311 32 172 43 154 48 169
2154 0.09655796615994551 -0.65515548223931119 6.1108773961955372 123 71 26 0.31358422338603648 32 173 43 155 48 170
2156 0.77534940095353322 0.083713658831203408 6.7687090525352636 0 0 0 0.31250537244033677 32 178 38 452
2157 -0.94406704041604006 0.14850027639448116 7.7802995932063723 74 35 6 0.75281385293680358 20 523 43 169 19 514
2158 0.49034572307401203 -0.80320243750765041 6.5222206902807986 54 37 21 1.1051159812133362 32 138 43 177 48 198
2159 -0.057958187984811838 -0.83134147206474607 6.0952022379337816 190 108 10 0.11272307537008593 32 201 43 179 48 199
2160 -0.59830304881976826 0.49852334536250409 7.3175372785285973 54 55 27 1.7049198332367375 32 224 43 186 48 219
2161 -1.1792006914019693 -0.20560170805972414 6.716575590643477 149 88 33 1.1232278411805181 38 575 43 206 48 216
2163 -0.82789212638674303 -1.6914693529442011 6.5923574446583668 213 202 148 2.2477502765259021 45 269 43 209 48 222
2164 -0.82789212638674303 -1.6914693529442011 6.5923574446583668 213 202 148 2.2477502765259021 45 270 43 210 48 223
2165 1.1519056627291122 -0.37512381051763899 5.9725186802900874 194 161 91 1.1203123349496937 32 235 43 212 48 237
2167 -1.0344283295626466 0.43508509069268253 6.9954146433370727 122 86 60 0.75874583126794681 32 232 43 217 48 233
2168 -0.11329466100231174 -2.2547020563099203 7.5346294411221129 95 77 41 0.20913569622905456 45 277 43 218 48 243
2169 -1.0808453156842965 -1.1462298764864098 5.5496869230795056 88 69 29 0.49209564669551248 20 5 43 223
2170 0.14409445175603408 0.032965395585320793 6.7825518164741858 101 89 67 0.71121629673385145 40 402 43 224 48 250
2171 -1.3317277761651181 0.40903283714227667 6.7007587094331669 107 71 47 0.46056724434733037 32 246 43 226 48 252
2172 -1.3617543974873529 -1.4173749114985561 6.6723144487853032 125 101 57 0.81936441920733249 45 284 43 227 48 253
2173 -1.0744299391708667 -0.45782723703354983 6.3410679805691856 126 82 49 0.9728400016387907 32 248 43 228 48 254
2174 0.82964465202102688 -0.04475428210827935 6.7650955998148108 125 74 43 2.0319841421205136 38 557 20 465 43 180 8 318 4 579 2 517 10 173 12 181 27 79 32 204 48 201
2175 -1.5794675763658608 0.1561164621348472 7.7013145701470771 42 28 19 1.2942203809900577 38 588 20 539 19 532 43 208 32 233 45 268 48 235
2177 -1.4536536489858551 -0.81073990247868133 7.4831908406805976 160 136 110 1.6684057068622138 38 236 43 17 48 22
2180 -2.3834641679656938 -1.1446186161263545 5.3081033247938638 127 84 61 2.4215115962975293 19 350 48 54
2181 -1.5938142207109511 -0.8224580144343987 6.6191044333128382 27 15 6 0.57007032307030758 19 406 20 423 32 25 45 20 48 63
2182 -0.97939189227906154 0.52959459324261426 6.9169635659332958 104 65 44 0.30967661274999059 19 245 20 261 48 89
2185 -1.0334523737515855 -0.42469767815298742 6.3923875230417275 141 87 44 0.90851334136469952 32 157 38 510 43 139 48 180
2186 -1.0393922515699954 -1.6728379078406486 6.6340115347702229 41 36 27 1.9342342227864 43 199 45 259 48 224
2187 -0.91966834176898304 -0.28826825451049121 6.3829392574151473 117 68 18 1.4706555583367626 5 901 18 658 38 469 32 115 48 115 5 599 8 292 2 490 3 285 1 285 6 345 14 350 13 311 7 323 10 331 11 329 15 374 12 363 18 346 28 36 22 256 29 41 40 279 45 187
2188 -1.1984728044695403 0.49848402322768592 6.8924480962043191 102 59 39 0.61906322826691162 4 928 8 620 2 811 3 691 1 676 1 677 13 615 7 631 11 637 15 677 12 672 12 673 18 669 48 133 38 426 20 405
2189 -0.58597389397949806 -0.29830835239476661 6.4377832227223104 96 53 8 1.2058309824334972 32 151 43 103 8 406 6 429 13 426 11 423 18 335 28 118 24 134 36 30 30 36 38 71 19 56
2190 -1.1022993717202147 0.31529690929927673 6.7588178733587734 26 22 8 2.199136259768478 18 221 19 317 48 131 5 509 4 230 2 403 3 168 14 208 11 359 12 403 14 212 16 333 23 71 20 322 3 171
2191 -1.9980894456205696 0.10274260315573466 6.6739505905249592 77 45 34 1.6242117206483235 19 256 48 41
2192 -1.9980894456205696 0.10274260315573466 6.6739505905249592 77 45 34 1.6242117206483235 19 257 48 42
2193 -0.38807481590242676 -0.79297313707788808 6.734864991991496 88 60 21 2.4892574092515911 43 215 45 261 48 241
2194 -0.1149626313525751 -1.399614926289545 6.3304141416436934 180 118 60 0.85164965222650546 19 260 20 277 9 1
2195 -0.20093697608087466 -1.2060798660727752 6.8033936300369486 140 104 72 0.25076308482772453 19 8 9 121 20 14
2196 -0.013558853701248264 -1.2354777737071834 6.0913737241378358 88 81 62 1.5720326274373655 20 0 9 176 19 329
2197 -0.27155351436949471 -1.228478519661161 6.7951336253335324 190 176 148 0.13164438799977754 19 206 9 190 20 13
2198 -0.37608844769919592 -1.2218900127885812 6.7919836591645524 182 163 136 0.17789687635803828 19 268 20 213 9 192
2199 -0.73474027962891408 -1.0702500643167636 6.5793365204930394 110 81 59 0.1801537301743901 19 344 20 350 9 203
2200 -0.3672981766436304 -0.86707076823486517 6.2694818614870877 139 55 43 0.83536027522006862 19 273 20 286 9 241
2201 -0.3672981766436304 -0.86707076823486517 6.2694818614870877 139 55 43 0.83536027522006862 19 274 20 287 9 242
2202 0.15989418161370711 -1.1245274291285847 6.0921093872215897 217 135 61 0.8507583270866288 19 436 20 454 9 264
2203 -0.1673514318809621 -0.91049085993601442 6.3218275743164476 157 115 99 0.72952545695206295 19 338 20 345 9 269
2204 0.21081429333911769 -1.2196340786782274 6.3263577110515792 212 140 74 2.1597580922303732 20 526 9 291
2205 -1.6503839810575092 0.17975507994476714 7.7335356124901082 87 61 48 0.19304402103962182 19 431 9 316
2206 -1.0966573378059952 0.27384114435404328 6.7211824836011056 56 50 25 1.7414502164746384 19 527 20 534 9 330
2207 -0.28476152558715923 -1.2757044495305896 6.420852937298954 221 191 155 0.21554481752341839 19 497 20 507 9 332
2208 -0.42559008617752642 0.14738058172299232 6.7367344798806021 210 187 93 0.32684307059288398 19 533 9 344 20 542
2209 -0.018590757216730092 -1.0012721802830722 6.4332522969628378 184 114 51 1.2872713539572556 20 490 9 333
2210 0.56436477314586186 -0.82399461312000177 4.3065177599235067 109 93 56 0.36104281927757975 17 3 39 85
2211 0.99203899939159401 -0.77695611637995143 6.638956993153557 149 91 29 0.30981795964309733 17 359 39 130
2212 1.014160826890423 -0.13739303739135064 6.9636339311954432 124 78 27 0.5907964066249678 42 95 39 195
2214 -1.1660628842661538 -0.28762744733761086 6.3499301251099283 133 82 36 0.85164349624877811 4 872 2 748 3 631 1 613 6 627 14 656 7 551 10 572 15 599 18 621 16 419 28 233 23 230 22 255 24 253 25 263 29 211 26 195 36 169 30 169 33 165 40 244 46 225 43 111 48 123 38 474 20 393 19 374
2215 -1.1649287217984616 -0.28752180379880665 6.3484273891618797 134 83 37 0.92125259175087959 4 871 2 747 3 630 1 612 6 626 7 550 10 571 15 598 18 620 16 418 28 232 23 229 22 254 24 252 25 262 27 262 29 210 26 194 36 168 34 178 30 168 33 164 40 243 46 224 32 78 43 110 48 122 38 473 20 392 40 282 19 373
