# 3D point list with one line of data per point:
#   POINT3D_ID, X, Y, Z, R, G, B, ERROR, TRACK[] as (IMAGE_ID, POINT2D_IDX)
# Number of points: 2901, mean track length: 6.9996552912788692
2 1.0044505719050152 -0.61392149010689612 7.5016671511095128 107 145 163 0.65343484695010234 24 5 35 5 28 3 33 7 32 6
3 1.0804517887155809 -0.63241506528985725 7.537137545470622 105 143 160 1.9352800826371694 24 6 25 315 42 276 27 143 43 4 40 249 32 1 42 6
4 1.6074756268755159 -0.52824441342679018 7.1712032846230818 13 12 19 0.4970813327955827 24 13 35 12 28 6 25 18 26 1 42 19 43 10 31 8 33 15 32 13 40 28 45 0
5 1.6076443898450761 -0.52818659916243793 7.1712886013290227 13 12 19 0.44533565587554452 24 14 35 13 28 7 25 19 26 2 30 179 42 20 43 11 31 9 33 16 32 14 40 29 36 328 45 1
6 1.6598110319391206 -0.47619883439803468 7.1782350565112401 103 121 130 1.7843990741449631 35 20 42 28 25 23 43 18 30 182 31 18 33 26 32 27 40 37 45 4 24 18
8 0.94613953767517811 -0.42813051064039004 7.5573295636093505 84 98 105 0.46074424155385429 24 262 35 29 28 471 27 267 31 269 33 285 32 271 40 266 34 17 45 202 1 80 39 102 17 64 21 94 19 165
9 0.94544521546532689 -0.42899671346807222 7.5561533708620008 84 98 105 0.39754667815846878 24 263 35 30 28 472 25 514 26 468 27 268 27 379 30 483 42 492 43 397 31 270 33 286 32 272 34 18 36 529 3 754 4 904 6 944 2 639 15 460 5 73 1 79 7 57 9 39 19 164
10 1.5987044815250053 -0.3283495215239805 7.2155059309655609 107 120 126 0.58026082425746572 24 32 35 43 28 25 30 24 43 243 33 58 32 39 40 53 34 26 46 76 48 75 47 82
11 1.5322505626385212 -0.29837677268720936 7.2082241480563232 9 9 12 1.154993846638489 24 37 35 47 28 30 42 49 43 38 33 63 32 45 40 56 34 32 46 78 47 85 48 76
12 1.5830403081730178 -0.30256134547522917 7.2099687648356454 11 12 16 0.48338701436961584 35 48 28 31 33 64 32 46 40 57 34 33 24 39 46 79 48 77 47 87
14 0.89412094695317279 -0.31109934951815593 7.6081791664374236 20 16 23 0.1841711587773433 24 34 35 50 28 28 30 354 42 48 43 244 31 41 33 62 32 49 40 63 36 83 4 216 6 263 2 284
15 -1.3813484338847875 -0.34490810389159476 9.0179867323652676 155 156 172 2.1361548052030765 24 265 35 51 31 37 33 57 32 53 32 58 34 267 25 327
16 1.5821881506872861 -0.25022144473137103 7.1921868515009013 12 14 19 1.463135855277871 24 45 35 57 28 40 33 70 32 54 40 70 34 43 46 87 47 96 48 87
17 1.505336873287088 -0.22228267212227379 7.2663634333626854 3 9 14 0.72151121599469947 24 49 35 59 28 48 31 57 33 76 32 62 40 74 34 50 36 93 45 25 21 144
18 1.5743019413080372 -0.22245059750237492 7.2351344223761354 12 15 17 0.33059195616216225 24 50 35 60 42 62 33 78 34 48
19 1.5745093289387644 -0.223617377779252 7.2344880138713918 12 15 17 0.46091131634019827 24 51 35 61 42 63 31 58 33 79 40 75 34 49
21 -0.33130705904849445 -0.23234280871716984 8.3574640291171427 7 15 18 0.42608768211206455 24 276 35 64 28 322 25 339 30 218 42 59 31 51 33 75 32 67 40 77 36 100
22 1.5751740161031833 -0.080091919568974212 7.2532307352424867 3 16 23 0.97554904384966845 24 60 35 68 28 71 30 586 31 77 32 75 40 85
23 1.5742974197151709 -0.079809377476714086 7.2525197743566698 3 16 23 1.0306406642720563 24 61 35 69 25 69 26 33 27 25 30 587 42 87 43 76 31 78 32 76 40 86 36 107
24 0.13558878741460839 -0.044491431569344847 8.0947429719370394 147 154 170 0.41553220261719581 24 296 35 73 28 498 25 352 26 222 27 174 42 347 31 324 33 103 32 86 40 322 34 62 36 376
25 -1.2101585583399699 -0.024582766529131113 8.9357181979242064 140 151 182 0.27125053539715166 24 430 35 74 28 348 25 550 26 381 42 88 31 75 32 88 40 91 34 65 36 124 45 66
26 -1.2085189686474744 -0.020401234917602797 8.9179175099980235 140 151 182 0.85424114336992396 24 431 35 75 28 349 25 551 26 382 27 298 30 41 42 89 43 71 32 89 40 92 34 66 21 101
27 1.0424022322816293 0.033153133247202114 7.5606875779711951 15 11 9 0.72732462415000954 24 78 35 79 28 356 25 89 30 50 42 101 43 90 31 90 33 116 32 92 40 97 34 69 36 132 3 141 4 163 6 718 2 230 15 221 39 118 17 60 17 61 19 62 23 248
28 -0.34988608529592558 0.045368905737463334 8.3984570009583717 9 10 14 0.5307758155292045 24 300 35 80 28 357 25 362 30 246 42 100 43 81 31 85 33 114 32 93 40 101 34 75 36 139 45 71
29 0.17636687754590491 0.042270083291566285 8.077002133168941 36 56 107 0.25868750826705167 24 80 35 81 34 73
30 0.17714192139566526 0.048844308263507205 8.0730377888059284 36 56 107 0.75697384971029547 24 81 35 82 28 504 25 563 27 180 30 392 42 358 31 337 34 74
31 0.50371946619301189 0.074317888883374608 7.8886473131403276 9 32 69 0.31543554532136253 24 304 35 88 28 364 42 104 31 95 33 120 32 97 40 103 34 79 36 144 4 767 6 806 2 417 15 327 5 94 21 45
33 1.0015514880583363 0.16432432641480663 7.6153303004645645 4 3 2 1.0949339559924263 24 124 35 95 28 117 25 376 26 67 27 194 42 368 30 61 33 136 32 110 32 345 36 150 36 154 45 310 4 192 4 676 6 230 15 458
34 1.0011605866083544 0.16348055438423789 7.6143790973134662 4 3 2 0.93813769021108251 24 125 35 96 28 118 25 377 26 68 27 195 42 369 33 137 32 111 32 346 36 155 3 152 4 193 4 677 6 231 15 459
35 1.0427942065271418 0.17059194415791329 7.5821904052515841 146 146 143 0.3204295866171703 24 126 35 97 28 119 42 120 30 64 31 108 33 139 32 112 40 118 34 88 36 156 4 660 6 719 2 238 15 228
36 0.94623339768018355 0.19011338367624858 7.641546564501783 153 152 148 0.53456028745808704 24 130 35 99 25 133 26 70 42 126 2 279
38 -0.29066189749845839 0.22224664917715328 8.3638692142685276 145 128 131 0.70560246190779352 24 315 35 102 28 374 25 383 25 141 42 372 31 110 33 140 32 123 40 120 36 163
39 -0.3821906753610142 0.22747321436409196 8.4400243148054876 150 151 155 0.16866886721399996 24 317 35 104 28 378 42 125 31 111 33 142 32 125 40 126 34 96 36 164
40 0.45528982891139297 0.21388750475464524 7.9345470152643225 2 29 61 0.85685285503757402 24 314 35 105 28 127 25 142 30 65 42 128 31 112 33 144 32 121 40 121 34 94 3 532 4 781 6 818 15 337 39 56
42 0.45345327103234384 0.2723101202763098 7.933057951621306 6 33 63 0.26248695651269838 24 144 35 113 25 393 30 75 42 136 32 129 4 368 6 402
43 0.45336890250335221 0.27161975513511538 7.9333799727329124 6 33 63 0.27743432750208191 24 145 35 114 28 135 26 262 42 137 31 120 32 130 3 536 4 369 6 403 2 447 15 338
45 0.51744164112687896 0.32434902432016172 7.887322590834108 6 32 65 0.61028714823133745 24 148 35 117 28 140 25 165 42 144 31 125 33 150 32 132 40 132 34 102 36 172 4 770 6 808 2 419 39 76
48 -0.73594847157037713 0.41007014084269755 8.6848435091537617 10 26 37 0.13807837980996004 24 334 35 124 28 159 25 410 26 274 27 77 30 89 42 149 31 129 33 154 32 143 40 138 34 107 45 110
49 1.0512040130072295 0.35993222902718386 7.6079777589895601 18 15 13 0.84709580022133213 24 452 35 127 28 155 40 520 34 325 36 589 4 900 39 116 12 40
50 -0.7620787104715474 0.42800503160284509 8.7050552227415139 111 140 150 0.5162673442699377 24 170 35 128 28 392 25 594 30 413 42 388 43 308 31 367 33 155 32 358 40 139 36 184
51 -1.1569901924787636 0.4574835443700816 8.9631138466981177 111 95 52 0.47110859470094024 24 340 35 130 25 424 26 280 27 207 30 279 42 158 43 121 31 131 33 157 32 150 40 141 45 117
52 -1.1576303040334091 0.45820941379069013 8.9688162281360864 111 95 52 0.33548305984186122 24 341 35 131 25 425 26 281 42 159 31 132 33 158 32 151 40 142
53 0.50209445996373958 0.42046473428307907 7.9311952586666692 89 117 140 0.46319241069998263 24 335 35 132 28 395 25 416 42 165 31 139 33 166 32 148 40 143 34 112 3 255 4 776 6 810 2 428 15 332 5 96 7 84
54 0.50209445996373958 0.42046473428307907 7.9311952586666692 89 117 140 0.46319241069998263 24 336 35 133 28 396 25 417 42 166 31 140 33 167 32 149 40 144 34 113 3 254 4 775 6 809 2 429 15 331 5 95 7 83
55 -0.70536053342150784 0.48319568681806724 8.6798364316699566 113 139 150 0.63019667198843643 24 185 35 136 25 605 26 430 30 416 25 713 43 133 31 375 32 371 34 334
56 -0.36040560377042669 0.46817090733550953 8.4529946377757526 42 57 55 0.51267153255421005 24 180 35 137 28 173
57 -0.36081648150629475 0.47395230923766396 8.4516759899542944 42 57 55 0.80143009061765969 24 181 35 138 28 403 33 168 32 157
58 0.99255906183261411 0.49576745277292583 7.6455676651013738 7 4 2 1.1271204805916417 24 189 35 143 28 186 30 110 31 149 33 180 32 161 40 156 34 122 4 201 6 249 2 273 2 264
59 1.0384442870199251 0.5002447225520722 7.6196483595316247 4 3 0 0.30206240650590049 24 193 35 145 28 187 42 187 31 152 33 185 32 164 40 158 34 123 36 207 4 178 6 220 2 254
60 0.96984308638079464 0.51431425995703506 7.6636408579451833 139 135 132 0.53614698430881036 24 346 35 146 28 412 25 440 26 292 27 222 42 191 43 150 31 390 32 383 40 366 34 339 36 209 4 693 6 736 2 280 5 77 1 94 7 67
61 0.96984308638079464 0.51431425995703506 7.6636408579451833 139 135 132 0.53614698430881036 24 347 35 147 28 413 25 441 26 293 27 223 42 192 43 151 31 391 32 384 40 367 34 340 36 210 4 694 6 737 2 281 5 78 1 95 7 68
62 0.99011933974887634 0.53594874720329244 7.6504718265890439 7 4 3 0.39611714265266634 24 195 35 150 28 197 42 195 43 158 33 190 32 168 40 160 34 128 36 215 4 204 6 250 15 259
63 1.0403774448833556 0.53981211687579067 7.6218791422825429 6 5 3 0.49261431256093136 24 196 35 152 28 202 42 199 43 160 31 161 33 193 32 170 40 162 34 129 4 179 6 221 2 251
64 -0.51328454070575324 0.62405281595889284 8.5935572582613258 127 111 75 1.2183517568988296 24 353 35 154 28 212 25 453 26 132 27 104 43 152 31 159 33 186 32 176 40 166 34 135 45 128
65 -0.31014868689100539 0.64068891004666118 8.4586491513135034 142 83 34 1.555931860420068 24 368 35 159 25 455 26 137 27 108 30 115 28 217 40 170
68 -0.040985657931684329 0.65824282815078616 8.2922591222102149 25 35 67 0.30305213145048143 24 373 35 164 28 236 30 125 42 212 43 165 31 178 33 208 34 141
70 -0.001357792238627629 0.72274433161574536 8.2808274443271355 103 134 157 1.018950399822006 24 483 35 168 42 222 43 176 33 213 32 400 40 382 34 353 36 237
72 0.13974297797927479 0.75886185924885652 8.2057598415667794 137 118 68 0.46976594952418299 24 386 35 173 25 473 27 121 30 143 31 188 33 219 32 199 40 181 34 155 33 217
74 1.5851617528501825 0.77107836500663385 7.3617003723963519 120 131 147 0.67260294635583451 24 486 35 187 31 209 31 556 33 572 32 212 32 558 40 399 34 168 34 563 36 462
75 1.6718597170905667 0.76465513902375593 7.3202558076131039 36 52 104 0.23618688302429294 24 232 35 188 26 168
76 -1.1980481160164145 0.95932158640567866 9.0539257677303322 27 28 24 0.24886681113701295 24 390 35 194 25 490 26 177 32 221 40 200 34 177
77 1.054032916177527 1.0073629496739183 7.6969855288570361 101 80 34 0.76108292117513932 24 251 35 211 28 289 31 227 33 249 34 197 3 444 4 683 6 733 2 270 15 254
78 1.0202929907720713 1.0012074969393423 7.7182434117617102 102 78 31 0.71634443312000473 24 250 35 214 30 159 42 256 6 255
79 -1.2015227779455999 -0.44927637579652124 8.8816468716928512 174 161 146 0.38211067888216976 24 411 35 244 28 469 25 513 26 344 27 272 42 303 43 219 31 267 33 292 32 37 40 272 34 246 36 69 45 214
80 1.5534942135948004 -0.36194163718951566 7.224358402883488 24 20 22 1.4381853768292607 35 245 31 278 33 300 32 280 40 271 34 245 48 155 47 166 24 266 28 314 36 535 45 7 30 351 44 469 46 155 38 34 41 36
81 -1.0965218571006885 -0.40330614005618537 8.817191584285343 163 139 106 0.3640590760197473 24 567 35 246 28 572 25 652 26 469 27 380 30 484 42 501 43 398 31 466 33 483 32 478 40 284 34 425 36 349 45 218 21 138
82 1.5144698941446741 -0.32404085749676315 7.2151771742657704 101 119 130 1.516281908768411 24 267 35 247 28 315 25 328 26 197 27 148 30 22 42 316 43 241 31 283 33 305 32 283 40 282 34 248 36 347 46 156 47 171 48 158 44 63
83 1.5274344331173144 -0.3289435932003455 7.2457554314032162 101 119 130 0.4349283019498198 24 268 35 248 28 316 25 329 26 198 27 149 30 23 42 317 43 242 31 284 33 306 32 284 40 283 34 249 36 348
84 -1.0949314667102277 -0.34162987266780914 8.8212898442165848 165 140 105 0.37419537227048855 24 500 35 259 28 573 25 653 26 470 27 382 30 486 42 504 43 414 31 479 33 493 32 481 40 298 34 268 36 539 45 223 21 29
85 1.565384729292165 -0.28058649478139386 7.2302311490275475 91 114 122 0.37020445021060094 24 271 35 260 28 479 31 294 33 317 32 294 34 261 36 353 45 219
88 1.604655566425609 -0.27748431918696698 7.2023111373094819 97 113 121 0.7705513417858274 24 274 35 263 28 319 25 336 26 208 42 328 43 254 31 296 33 321 32 296 34 264 46 164 47 178 48 164
89 1.5253134371997745 -0.27908505465067018 7.25094269732024 98 117 128 0.34753693691182108 24 270 35 264 28 318 25 335 26 207 27 157 42 325 43 43 30 215 31 293 33 316 32 298 40 293 34 260 45 14
90 -1.1144805180891961 -0.28495645070465614 8.8425418505536211 166 140 102 0.34572026069870349 24 575 35 268 28 575 25 655 26 473 27 386 30 358 30 490 42 509 43 417 31 485 33 499 32 487 40 304 34 275 36 543 45 233 21 31
91 0.89060023762803286 -0.21105635466759717 7.6144668518173297 12 8 5 1.2975394638166697 24 47 35 271 28 46 28 483 25 530 27 164 30 219 42 60 43 258 31 303 33 326 32 305 34 278 4 223 15 264 5 79 7 69 39 237 21 143
92 -0.49475116751602521 -0.21166719107583085 8.4638196787000286 28 39 72 0.74754379861789988 24 502 35 272 28 482 25 527 26 359 27 282 42 516 43 424 33 325 40 307 34 51 42 64 36 550
93 0.97482372223620828 -0.15889448718606278 7.5770720445270658 19 18 14 0.56628160211759659 24 285 35 274 25 342 26 216 27 166 30 227 42 336 43 268 31 309 33 331 32 309 40 311 34 281 4 674 6 726 2 636 5 71 7 55
94 0.97698000354001879 -0.1586929033159741 7.5750188250271231 19 18 14 0.55916441754795476 24 286 35 275 28 329 30 228 42 337 31 308 33 330 32 310 40 310 34 282 36 365 45 39 4 675 6 727 2 637 15 236 5 72 7 56 11 133 39 111
95 0.92048355764735768 -0.087946524914091384 7.614033679155316 16 14 14 0.47296320666303154 24 426 35 280 28 492 27 288 30 502 42 528 43 439 33 335 32 315 45 255 3 450 4 695 6 738 2 651 15 260
96 -1.1454624995748972 -0.079049232859743343 8.8888696624119863 139 148 162 0.36886916093571631 24 505 35 281 28 490 28 580 25 540 25 660 26 374 26 480 27 291 30 501 27 392 42 524 43 563 31 317 33 333 32 321 40 316 34 286 36 371 21 177
98 -0.76670867523687636 -0.052147285147361666 8.6429053555826396 26 44 49 0.44676186151557717 24 508 35 283 28 584 25 665 26 483 27 396 30 507 42 530 43 437 31 319 33 337 40 320 34 289 36 373 45 453 21 179
99 -0.76670867523687636 -0.052147285147361666 8.6429053555826396 26 44 49 0.44676186151557717 24 509 35 284 28 585 25 666 26 484 27 397 30 508 42 531 43 438 31 320 33 338 40 321 34 290 36 374 45 452 21 180
100 -0.47536179624382374 0.02193337027221047 8.4739854317744836 159 160 155 0.33497352089059979 24 436 35 289 28 499 25 557 26 385 27 299 30 242 43 279 31 331 33 345 32 330 40 326 34 294 36 383 45 69
101 -1.134507634877391 0.031975776695593573 8.8835811045745441 144 150 159 0.46677253264694818 24 75 35 291 28 500 25 558 26 386 27 300 30 389 42 539 43 450 31 329 33 343 32 331 40 327 34 295 36 384 45 460 21 103
102 -1.1335169056087646 0.032633634007792879 8.8800123340243413 144 150 159 0.54314903667890424 24 76 35 292 28 501 25 559 26 387 27 301 31 330 33 344 32 332 40 328 34 296
104 -0.75728714075978054 0.057613222579269513 8.6558113890409025 17 29 41 0.17960585390472134 24 439 35 297 28 502 25 562 26 388 27 304 30 248 42 357 43 282 31 332 33 346 32 336 40 331 34 303 36 389
105 0.21092312160542329 0.093955646833527626 8.0730574019713792 37 56 112 0.24660593885369927 24 522 35 300 25 680
106 0.21092312160542329 0.093955646833527626 8.0730574019713792 37 56 112 0.24660593885369927 24 523 35 301 25 681
108 -0.75116571439933777 0.16720226429667148 8.6664816322440643 66 83 93 0.14690961432976102 24 526 35 303 28 511 25 575 25 687 26 397 27 315 30 397 42 545 43 458 31 344 33 352 32 343 40 336 34 310 36 399
109 -0.75116571439933777 0.16720226429667148 8.6664816322440643 66 83 93 0.14690961432976102 24 527 35 304 28 512 25 576 25 688 26 398 27 316 30 398 42 546 43 459 31 345 33 353 32 344 40 337 34 311 36 400
110 1.0601365291439035 0.14766885758771256 7.5716769219920277 11 10 6 0.25696058129199156 24 309 35 305 28 369 33 355 32 341 40 334 39 119
112 -0.74787337941606091 0.21639372476416868 8.6737015947786293 44 56 68 0.41125195867176201 24 530 35 310 28 516 25 693 26 401 27 319 30 402 42 553 43 462 31 351 33 357 32 348 40 338 34 313 36 405 45 477 21 186
113 -0.74787337941606091 0.21639372476416868 8.6737015947786293 44 56 68 0.41125195867176201 24 531 35 311 28 517 25 694 26 402 27 320 30 403 42 554 43 463 31 352 33 358 32 349 40 339 34 314 36 404 45 478 21 187
115 0.52990581224264344 0.29678297230337908 7.8950009024794729 98 131 150 0.39756767156004058 24 326 35 315 28 383 31 356 33 364 32 352 40 343 34 315 36 410 3 515 4 975 6 1021 2 683 7 80
116 0.5297893493491016 0.29659467517560584 7.900327141156823 98 131 150 0.3477341605920185 24 327 35 316 28 384 25 402 31 357 33 365 32 353 40 344 34 316 36 411 4 974 6 1020 2 682 7 79 9 51
118 -0.73779729257109783 0.35975389023208404 8.6800114063036933 31 50 59 0.30840984106749564 24 331 35 320 28 388 25 588 26 410 27 326 42 139 31 358 33 368 32 133 40 350 34 321 36 174 45 324 21 196
120 -1.2430197880295826 0.41739898194275754 9.010464006438184 105 91 47 0.28039568440992285 24 453 35 323 28 527 26 418 27 202 30 271 43 303 31 362 33 371 32 357 40 353 34 327 45 333
121 -0.35525242402143775 0.43397201793875856 8.455252671648994 26 27 29 0.59649217384804687 24 541 35 324 28 529 25 711 26 425 27 331 30 414 42 571 43 477 31 134 40 140 36 416 45 335 21 115
123 -0.73549704895630597 0.45723467478199897 8.6953892088292815 23 40 48 0.11459283517467586 24 456 35 328 28 531 25 598 26 427 27 209 30 284 42 395 43 316 31 371 33 380 32 363 40 355 34 330 36 420 45 490
124 -1.2357819833909163 0.4739907237613491 9.0199460770747883 119 117 112 0.21274771230957226 24 459 35 330 28 533 25 601 26 428 27 334 30 282 42 393 43 313 31 369 34 332 36 418
125 -0.50653453923516645 0.4590444653536217 8.5549993418918877 39 57 113 0.99777185174140604 24 338 35 331 28 164 28 666 42 161 42 643 31 530 31 591 33 381 33 548 32 364 40 145
126 -0.50613849872254912 0.46037170215686046 8.5545577060939202 39 57 113 0.97291838405793585 24 339 35 332 42 162 42 644 28 667 31 531 31 592 33 549 32 365 40 146
127 -0.40799795690409218 0.45899447710693342 8.4872520149027277 45 61 112 0.5119025280419669 24 457 35 333 28 534 25 599 26 429 27 210 31 374 40 358
128 -0.40673977360124475 0.45728406855403042 8.4867953901102133 45 61 112 0.3369664324052043 24 458 35 334 25 600 27 211 40 359
129 -0.73063612250573085 0.50508412643626421 8.6979160382265572 25 49 58 0.15847379485355892 24 463 35 337 28 405 25 606 26 286 27 213 30 287 42 405 43 319 31 378 33 384 32 372 40 360 34 114 36 422
130 -0.73063612250573085 0.50508412643626421 8.6979160382265572 25 49 58 0.15847379485355889 24 464 35 338 28 404 25 607 26 285 30 288 27 214 42 406 43 320 31 377 33 383 32 373 40 361 34 115 36 423
131 -0.69893076105112673 0.52918168037038671 8.6780700206656025 109 140 152 0.50314561087799281 24 465 35 339 28 541 25 609 26 431 27 337 30 424 26 540 42 408 43 326 31 380 32 374 40 363 34 335
132 -0.72603866620349344 0.55670642246793633 8.7023181810498667 34 63 71 0.159596121988996 24 468 35 341 28 542 25 613 26 434 27 338 30 426 42 409 43 330 31 381 34 337 36 427 45 498 26 541
133 -0.72603866620349344 0.55670642246793633 8.7023181810498667 34 63 71 0.15959612198899595 24 469 35 342 28 543 25 614 26 435 27 339 30 427 26 542 42 410 43 331 31 382 34 338 36 426 45 499
134 0.0010874808083712268 0.54006614804750064 8.2474188709230916 36 56 108 0.76389791455008049 24 467 35 343 25 611 26 433 27 341 30 428 42 580 43 497 31 389 34 125 45 339
135 -0.28288309439592124 0.55747747014290672 8.4186662979861406 152 122 55 0.29280607890921617 24 470 35 345 28 419 25 615 26 436 27 228 42 413 43 333 31 388 33 393 32 387 40 365 34 341 36 208
136 -1.2270581484724585 0.60830688903784458 9.0330890697425019 118 118 113 0.16372259587464982 24 474 35 347 28 545 25 621 26 438 27 344 42 412 31 386 33 392 32 390 40 372 34 346 36 435
137 1.0623675061316411 0.52190782231865651 7.6115792619284282 137 137 132 0.20386052899727 24 349 35 348 28 417 25 445 26 298 27 226 43 156 31 393 33 399 32 388 40 370 34 344 4 893 6 934 2 631 5 70 1 78 7 51
138 1.0622130963007863 0.52191948600477112 7.6121961937309113 137 137 132 0.21915561370029416 24 350 35 349 28 418 25 446 26 299 27 227 30 294 42 417 43 157 31 394 33 400 32 389 40 371 34 345 4 892 6 933 2 632 5 69 4 663 1 77 7 52
139 1.0186790565757686 0.61265820892613232 7.6483914597989804 11 10 6 0.1963897099605918 24 355 35 351 28 422 30 443 42 426 43 508 31 399 33 404 32 391 40 373 34 348 36 224 3 760 4 681 6 730 2 643 15 248 5 75 7 62
140 1.0186609287958386 0.61275551947512552 7.6482369180431666 11 10 6 0.19853198592298693 24 356 35 352 28 423 42 427 43 509 31 400 33 405 32 392 40 374 34 349 36 225 3 761 4 682 6 731 15 249 5 76 7 63
141 1.0747283225525259 0.61730949298954818 7.6192205407860873 15 11 10 0.24221546544003658 24 358 35 353 28 552 30 556 42 430 43 512 31 404 33 408 32 393 40 375 34 350 36 447 45 622 3 747 4 891 6 930 2 630 15 230 5 68 1 76 7 54 9 38 11 65 19 55
143 -1.2010074414510394 0.79763882029767619 9.0512252347955577 166 162 159 0.28694937783787516 24 484 35 360 28 559 25 634 26 447 30 450 42 433 43 345 31 405 33 409 32 403 40 383 34 355 36 238 21 209
144 -1.213110779593541 1.0528949972514501 9.1032189609334484 121 105 63 0.6061855138126736 35 379 28 458 25 498 24 252 27 252 30 317 42 240 42 241 43 355 31 421 33 235 33 428 32 419 40 212 40 406 34 373 36 270
145 1.5360031028146035 -0.63482689878447629 7.2145253549194299 109 146 164 0.89474107887227339 24 404 35 401 28 466 25 648 28 569 26 464 27 374 30 477 42 605 43 549 31 444 33 453 33 604 32 442 40 435 34 387 36 661
146 1.5890159434228919 -0.38912185563959939 7.2218477113343411 101 114 126 0.97585239598970863 35 431 42 499 43 401 31 467 33 481 32 467 40 458 27 270 36 530 45 203 25 518 28 473 24 413 41 194 38 164
147 1.5887041816469114 -0.38883657868594118 7.2203403009089415 101 114 126 0.93050988656271838 35 432 42 500 43 402 31 468 33 482 32 468 40 459 34 413 27 271 36 531 45 204 25 519 26 348 28 474 24 414 41 195 38 165
148 1.6164010601757135 -0.36193118877348035 7.2234810428376282 24 15 18 1.4136536264494572 35 438 30 352 42 503 43 416 31 472 33 485 32 470 40 464 34 417 48 236 47 242 28 477 36 536 25 523 45 205 24 416 41 196 44 258 46 220 38 167
149 -1.1526873257209227 -0.24280041068008643 8.8718902749949287 163 135 96 0.27567324284984024 24 577 35 454 28 576 25 751 26 574 27 387 30 493 42 614 43 420 31 486 33 504 32 491 40 306 34 439 36 548 45 243 21 97
150 1.602029401078289 -0.1338864814434905 7.2229900479480484 96 123 134 1.1966369858838375 24 287 35 461 28 334 26 369 31 314 33 514 32 71 28 60 40 312 40 489 34 56 34 441
151 -0.44477909124287657 -0.14584209269444406 8.4322636488321301 38 56 112 1.3623723275017474 24 581 35 462 28 646 25 755 26 578 27 474 30 583 42 617 43 558 31 67 25 343 33 91 32 497 32 593 40 589 34 57 36 623 45 584
156 0.066562464626431811 -0.048699057367960125 8.1333594438393355 43 59 110 0.58803614698762008 24 512 35 470 28 588 25 668 26 488 27 398 30 509 42 624 43 443 31 501 33 521 32 507 40 496 34 451 36 558 45 445
157 -1.3209171325396385 -0.042331425051531792 9.0065559100393227 20 30 79 0.72483264037629336 24 510 35 471 28 586 25 670 26 485 30 386 42 534 43 436 31 322 33 339 32 324 34 291 36 378 45 286
158 -1.3221637507749213 -0.044363775222122009 9.0030688080771544 20 30 79 0.30847682035101642 24 511 35 472 28 587 25 671 26 486 42 535 31 323 32 325 36 379
159 -0.3586683692624778 -0.03355427248533871 8.3932964528414402 37 59 109 0.52116844199411749 24 513 35 473 25 673 26 487 43 441
160 0.14011765022817937 0.026847426076634331 8.0908022667635393 26 37 84 0.53213883089227187 24 517 35 474 28 591 25 760 26 586 27 402 30 512 42 626 43 84 31 509 33 526 32 511 40 498 40 594 34 456 36 567 21 183
161 -0.015353239102071568 0.090896352690559318 8.199336736173132 156 126 51 0.24526590951627203 24 521 35 478 28 596 25 679 26 499 27 406 30 518 42 631 43 455 31 514 33 531 32 517 40 503 34 462 36 575 45 591 21 108
162 -0.55471631960820544 0.10368690448927266 8.5342237183865883 152 152 152 0.10218673675874566 24 525 35 481 28 597 25 682 26 500 27 407 30 521 42 630 43 572 31 513 33 530 32 518 40 504 34 463 36 576 45 468 21 149
163 -1.2328383567580843 0.1084495294442996 8.9676403930009236 16 33 78 0.47207143912488142 24 590 35 482 28 654 25 763 26 588 27 411 30 394 42 629 43 452 31 512 33 529 32 519 40 505 34 464 36 629 45 469 21 104
164 0.46868669574023492 0.18162371621092063 7.9129880966745665 98 130 149 0.76491311588001099 24 529 35 486 28 515 25 691 26 507 27 415 30 401 31 517 32 524 40 510 36 160 45 91 3 871 4 1322 2 1055 15 333 15 880 1 249 39 211 22 172
165 -0.52852218394775508 0.22104754486301598 8.5315562866439194 162 164 161 0.26278430365978367 24 594 35 487 28 601 25 767 26 594 27 485 30 526 42 635 43 579 31 518 32 525 40 512 34 469 36 579 45 476 21 189
166 -0.4103257526631458 0.30706623706576341 8.4707951989405554 39 49 52 0.15769329204442559 24 535 35 489 28 603 25 704 42 561 43 471 31 521 33 539 32 529 40 515 34 474
167 1.0467643545658816 0.36021803278228653 7.6082955054205295 20 19 15 0.69469433023188776 24 451 35 493 26 93 27 200 30 275 42 157 33 546 32 532 40 519 34 324 36 588 4 899 39 115
169 0.11093208844360172 0.46804811610459496 8.1874082352099933 119 123 135 0.25602406131548283 24 544 35 499 28 619 25 714 26 532 27 438 30 541 43 486 31 537 33 553 32 536 40 524 34 477 45 615
170 -0.095629719632142701 0.5379670793637672 8.302234841571174 163 131 57 0.47759224151881746 24 547 35 503 25 720 27 340 30 550 27 442 42 579 43 496 31 541 33 555 32 541 40 530 34 481 36 594 45 496
171 -0.34248928037120396 0.57986319880306003 8.4635898693940881 148 124 67 0.29936205012412892 24 549 35 504 25 722 26 544 27 446 30 551 42 582 43 500 31 543 33 556 32 542 40 532 36 595 45 617
172 -0.09050288504862071 0.60241542373165602 8.307930388530572 38 55 104 0.73053533126150494 24 554 35 505 28 547
174 -1.0605206013398474 1.013442664986036 8.9744781232671631 145 131 116 0.55491169525302098 24 558 35 531 26 563 27 464 30 567 42 699 31 559 33 575 32 570 40 556 34 509 36 468
175 1.6189033530830419 -0.42033342819122044 7.1835438850479081 128 11 20 0.45347822472300853 24 497 35 548 25 651 26 567 27 466 42 607 43 552 31 573 33 611 32 589 40 581 34 533 36 614 45 434
176 1.5793224742535088 -0.38675713695083797 7.2074340225511406 101 115 128 0.63747862595660298 24 498 35 549 43 553 40 582 36 615
177 1.5793224742535088 -0.38675713695083797 7.2074340225511406 101 115 128 0.63747862595660298 24 499 35 550 43 554 40 583 36 616
180 0.77818232382970876 -0.30672172118521074 7.6659176477084721 80 70 49 0.60853679220810486 24 571 35 555 28 637 25 746 27 467 30 576 42 669 43 619 33 612 32 590 36 674 3 1213 4 1410 2 1295 15 976 20 196 23 199 29 178
181 0.77755518380222843 -0.30637686402033243 7.6670286042306062 80 70 49 0.58007819499529012 24 572 35 556 28 638 25 747 26 571 27 468 42 670 43 620 31 612 33 613 32 591 40 629 34 578 36 673 45 579 3 1214 4 1411 6 1476 2 1296 15 977 5 300 1 321 7 287 9 194 14 208 11 196 39 379 17 204 8 132 12 146 22 162 10 185 21 141 19 227 20 197 23 200 29 179
182 -0.056972784035165161 -0.30079317208279238 8.1750037143271701 49 65 60 0.25246540790332167 24 569 35 557 28 641 25 744 26 569 27 470 30 579 43 556 21 140
183 -0.05726323873669064 -0.3005357266075131 8.1730374850541612 49 65 60 0.228343771812996 24 570 35 558 28 642 25 745 26 570 27 471 30 580 43 557
184 0.062969436987796112 -0.16537140341239917 8.1253764040198337 38 55 110 0.37505054311156227 24 580 35 559 28 645 25 754 26 577 42 674 33 614 40 586
185 0.94012971487430463 -0.13817556166079525 7.6042275001123789 147 146 142 0.62666026301074274 24 583 35 561 28 648 25 657 26 477 27 389 30 498 42 620 43 562 31 574 33 616 32 592 40 588 34 536 36 622 45 583 3 1208 4 1402 6 1442 2 1222 15 967 5 298 1 317 7 227 9 190 14 205 11 191 39 326 17 154 22 157 19 163 20 156 23 154 29 135 47 156 48 144 46 145
186 -1.2439609761316901 -0.057131644690680793 8.9637631240275475 16 32 85 0.44600058894636058 24 586 35 564 28 650 25 758 26 581 27 395 30 504 42 622 43 565 31 575 33 617 32 599 40 592 34 541 36 559 45 454 21 37
187 0.12572118137629779 -0.0568710778697466 8.0926173464911155 148 151 168 0.29436452340249225 24 630 35 565 28 651 25 801 26 633 27 477 30 588 42 677 43 627 33 660 34 540 45 664 21 181
188 0.87229937038355287 -0.023741981202916242 7.6335506957149484 158 153 149 0.8680271020689031 24 515 35 566 25 676 30 510 42 625 31 577 33 619 40 593 34 542 36 627 3 1210 2 1231 15 972 47 159
189 -0.23180744514603527 0.079581744419285963 8.329204416676081 77 122 139 0.12882744223879011 24 588 35 567 28 594 25 761 26 495 27 404 30 514 42 627 43 570 31 578 33 620 32 600 40 596 34 458 36 573 45 466 21 105
190 -0.23177817066894629 0.079555477513948161 8.3291606145157893 77 122 139 0.129963122733813 24 589 35 568 28 595 25 762 26 496 27 405 30 515 42 628 43 571 31 579 33 621 32 601 40 597 34 459 36 574 21 106
191 -1.3361306981967935 0.16838094007893642 9.0413936017908814 82 93 125 0.18200303645533089 24 591 35 571 28 655 25 764 26 589 27 482 30 524 42 634 43 574 31 580 33 622 32 603 40 600 34 544 36 635 45 473 21 185
192 -1.3362154430113677 0.16863604368319432 9.0408555273217903 82 93 125 0.19054451553237287 24 592 35 572 25 765 31 581 40 601 36 634 45 474
193 -1.4982953228696545 0.25399287684946953 9.155505754178149 59 66 89 0.18374031233137347 24 595 35 574 28 657 25 768 26 597 27 486 30 600 42 636 43 577 33 623 34 546 36 638 45 601
194 -1.4982953228696545 0.25399287684946953 9.155505754178149 59 66 89 0.18374031233137347 24 596 35 575 28 658 25 769 26 598 27 487 30 601 42 637 43 578 33 624 34 547 36 639 45 600
195 0.95061679896869267 0.33148542548346172 7.6483930557424671 21 20 16 0.3713321516681416 24 537 35 579 28 608 25 707 27 432 30 533 43 593 31 528 35 492 33 545 32 531 40 518 36 584 3 1102 4 1272 6 1314 2 959 15 822 5 162 1 231 7 156 9 126 14 69 11 73 8 68 12 46 22 57 10 68 20 78 29 59 48 82 47 93
197 -0.23975269976405839 0.38569664420941091 8.3664784680512128 79 127 143 0.12581693201564056 24 598 35 581 28 612 25 772 26 529 27 434 30 535 42 639 31 584 33 626 32 609 40 604 34 552 21 113
198 -0.23985889374484171 0.38584391510072025 8.3668105366522507 79 127 143 0.14005381632645975 24 599 35 582 28 613 25 773 26 530 27 435 30 536 42 640 43 591 31 585 33 627 32 610 40 605 34 553 36 587 45 606 45 607 21 114
199 0.0011028526404762021 0.38893882290155102 8.2384703564709305 174 135 54 0.45983350586535932 24 600 35 583 28 661 25 774 26 602 27 491 30 604 42 686 43 642 31 589 33 629 32 611 40 606 34 554 36 643 45 608 21 198
200 -1.4967038172780773 0.45740684153523897 9.1888611008419918 25 38 72 0.21445576275375458 24 649 35 584 28 664 25 820 26 651 27 492 30 606 42 687 43 590 31 588 33 628 32 613 40 609 34 556 36 644 45 614
201 -0.083068748866952702 0.41407872745319724 8.2802104241680023 167 133 49 0.37840823730551493 24 601 35 585 28 663 25 775 26 603 27 436 30 607 42 641 43 594 31 590 33 631 32 612 40 607 34 555 36 645 45 610 21 61
202 -1.160384844947832 0.49870557735522575 8.9771259884615429 32 36 48 0.50840331021920371 24 603 35 586 28 618 25 777 26 533 27 437 30 539 42 642 43 478 33 632 40 610 45 616
203 0.94182756578252991 0.44528267066832922 7.6636252999804366 147 145 141 0.83795419352008849 24 542 35 587 28 616 42 647 33 634 45 488 4 1406 39 323 46 94
204 0.94457101303907742 0.44712406689806822 7.6744381488985249 147 145 141 0.83022258524385284 24 543 35 588 28 617 30 546 43 495 33 635 4 1405 2 1228 5 241 7 230 8 130 12 102 17 79 39 324
207 0.98493612410090914 0.57169386635780683 7.65729625843304 145 142 139 0.53050608680442679 24 551 35 594 28 623 25 724 26 546 27 449 30 554 42 653 43 505 31 597 33 638 32 615 40 611 34 560 36 598 45 503 3 1098 4 1270 6 1311 2 1223 5 239 1 318 7 229 14 139 11 134 39 238 8 129 12 101 22 158 10 139 19 65 23 64 29 51 44 109 47 113 48 104
210 -1.1309709993623871 0.96177005185755915 9.0198504993164157 33 37 70 0.60400434388378177 24 657 35 598 28 676 25 789 26 618 27 462 30 564 42 661 43 605 31 600 33 643 32 619 40 615 34 564 45 512 21 165
211 1.8300527702048108 1.008748540969616 7.2524033876732847 92 128 143 0.60155557886042743 24 559 35 601 28 680 25 736 26 564 27 506 30 623 42 663 31 602 33 685 32 621 34 567 36 652
212 -1.1756170197962705 -0.38281549911853147 8.876522636873398 175 168 164 0.3003145836892564 24 623 35 605 28 685 43 616 33 653 40 625 34 575 21 229 24 622
213 -1.3624563774720706 -0.38208619297067759 9.0073628547572628 164 163 161 0.43691515832487593 24 624 35 606 28 636 25 795 26 627 27 512 30 629 42 666 43 617 31 610 33 652 32 631 40 628 34 577 36 670 45 655 21 175
214 -1.2483979187088348 -0.36124904021335663 8.930882097412427 178 154 118 0.69034537091931059 24 665 35 607 28 686 25 836 26 628 26 669 27 513 30 630 42 707 43 618 31 611 33 654 32 632 40 630 34 579 36 672 45 656 21 230
216 0.12093112559706136 -0.1250175403215491 8.0930218495550843 19 33 85 0.30189892958052383 24 626 35 611 28 688 25 797 26 631 27 476 30 585 42 675 43 625 31 616 33 658 32 635 40 633 34 583 45 662 21 145
217 0.01397300187230073 -0.11690596442417805 8.1549723093451654 21 37 87 0.28558022604207439 24 627 35 612 28 689 25 798 26 632 27 516 30 633 42 676 43 624 31 617 33 659 32 636 40 634 34 584 36 680 45 663
219 -1.5154966731800097 0.0628286548447686 9.1368680457082743 82 87 109 0.51746184982324195 24 634 35 614 28 693 25 805 26 637 27 521 30 591 42 678 43 629 31 618 33 661 32 641 40 637 34 585 36 685 45 671 21 290
220 -1.5154966731800097 0.0628286548447686 9.1368680457082743 82 87 109 0.51746184982324195 24 635 35 615 28 694 25 806 26 638 27 522 30 592 42 679 43 630 31 619 33 662 32 642 40 638 34 586 36 684 45 672 21 291
221 -1.5112477619125779 0.15810717700683369 9.15722171664396 96 101 123 0.20828627478085654 24 637 35 616 28 695 25 808 26 640 27 524 30 595 42 680 43 634 31 620 33 664 32 645 40 643 34 593 36 632 45 674
222 -1.5112477619125779 0.15810717700683369 9.15722171664396 96 101 123 0.20828627478085654 24 638 35 617 28 696 25 809 26 641 27 525 30 596 42 681 43 635 31 621 33 665 32 646 40 644 34 594 36 633 45 673
223 -0.3929146836520564 0.32403622573443136 8.459028755853863 58 69 71 0.27534518755800053 24 643 35 618 28 702 25 815 26 646 27 528 30 648 42 720 43 641 31 628 33 670 32 648 40 646 34 597 36 692 45 677 21 194
224 -1.5020268777991226 0.34654272303385597 9.1714581457725295 77 83 115 0.30641896875606678 24 644 35 620 28 701 25 816 26 647 27 530 30 603 42 685 43 640 31 626 33 668 32 650 40 647 34 599 36 691 45 604 21 250
225 0.14037173622099802 0.38128148253551741 8.1524275265426169 120 118 143 0.26679827419634233 24 646 35 621 28 704 25 817 26 648 27 531 30 649 42 721 43 680 25 857 31 630 33 671 32 652 40 650 34 600 36 694 45 740 21 199
226 0.14037173622099802 0.38128148253551741 8.1524275265426169 120 118 143 0.26679827419634239 24 647 35 622 28 705 25 818 26 649 27 532 30 650 25 858 42 722 43 681 31 631 33 672 32 653 40 651 34 601 36 695 45 741 21 200
227 -0.45755020783952138 0.4314724809103006 8.5265990388061628 26 39 77 0.42954412001488979 24 648 35 623 28 707 25 819 26 650 27 533 30 652 42 688 43 643 31 632 33 673 32 654 40 652 36 696 45 679
228 -0.49863269184327735 0.49569998341047089 8.5560200480808337 39 60 115 0.36947217371619978 24 652 35 624 28 709 25 823 26 654 27 534 30 611 42 691 43 644 31 634 33 674 32 657 40 653 34 603 45 684 21 204
229 1.0092728339321826 0.45301651792557512 7.6396177726219889 153 149 146 0.54304922282170187 24 602 35 625 28 668 25 776 26 605 27 494 30 612 42 692 43 646 31 635 33 675 32 655 40 654 34 602 36 698 45 680 3 1259 4 1437 6 1470 2 1292 15 1028 5 297 1 370 7 285 9 234 14 204 11 229 39 384 17 202 8 176 12 144 22 205 10 181 19 219 48 169 46 170 47 184 41 208 38 179
231 1.5364607771376384 0.89342260788772421 7.3953499315795037 16 32 74 0.61822449174488014 24 613 35 635 28 677 25 788 26 619 27 504 30 620 42 700 43 654 31 644 33 682 32 665 40 663 34 610 36 705 45 699 21 216
232 1.6645746767518952 0.97952993446571801 7.3360009004365141 105 123 139 0.3308177581110418 24 616 35 637 28 679 25 793 26 623 27 505 30 622 42 702 43 658 31 646 33 684 32 667 40 665 34 612 36 651 45 703
233 -1.4073559997101657 -0.46342258991891577 9.0014253479469968 18 30 78 0.85537621390428253 24 664 35 642 25 835 26 667 27 551 43 663 31 652 33 690 32 675 40 676 34 615 36 719 45 716
234 1.5182985568198002 -0.09987738091172102 7.2723354641267104 96 123 138 0.57557294285338412 24 629 35 645 28 690 25 800 27 517 30 634 42 709 43 666 31 655 33 692 32 677 40 680 34 618 36 725 45 661 21 182
237 -0.3592281361894874 0.0073844311627597791 8.3971670170610651 24 31 59 0.20063418052993784 24 671 35 649 28 732 25 842 26 676 30 638 42 712 43 667 31 658 33 695 32 680 40 683 34 622 45 723
238 -1.0869697425504299 0.094454975147360551 8.8773009633042541 16 37 84 0.62979486390551642 24 717 35 650 28 775 25 889 26 722 27 564 30 687 42 756 43 716 33 696 32 681 34 623 36 728 45 730
239 -1.4248533420668996 0.11927245604852471 9.0992784681849965 8 24 67 0.27241480132448004 24 718 35 651 28 776 25 890 26 723 27 565 30 688 42 757 31 660 33 698 32 684 40 686 34 626 45 731
240 -1.4246628803183463 0.11910256297196256 9.0984718158357492 8 24 67 0.23999876779064863 24 719 35 652 28 777 25 891 26 724 27 566 30 689 42 758 31 659 33 697 32 685 40 685 34 627
243 -0.30816929695601308 0.13646222833859425 8.3911694104513135 167 163 162 0.79749675200207248 24 677 35 655 25 848 26 682 30 690 42 715 43 672 31 661 33 700 32 686 40 689 34 628 36 731 45 596 21 292
244 -0.58755480857622666 0.17731123440109264 8.5635229358003464 25 38 80 0.60929650460589346 24 722 35 656 25 851 26 684 30 693 43 673 31 623 33 703 32 688 40 691 34 630 36 733 45 734 21 244
245 0.062260835803276411 0.16262703458111541 8.1664232924833318 19 34 83 0.21667346071602486 24 678 35 658 28 736 25 850 26 683 30 695 42 717 43 675 31 664 33 705 32 687 40 690 34 629 36 732 45 732 21 246
246 0.14799926585546525 0.22537115077410319 8.1221939976546267 114 119 139 0.62732109082237708 24 680 35 659 28 737 25 853 26 686 27 569 30 696 43 676 31 665 33 706 32 690 40 693 34 632 36 688 45 736 21 295
248 0.073627802596795772 0.29449889239897536 8.1835969286865993 17 34 82 0.27610596414908395 24 682 35 662 28 738 25 895 35 698 26 687 27 573 30 699 42 762 31 668 31 705 33 710 33 751 32 696 40 698 34 638 34 678 36 739 45 737 21 251
252 0.051729781850256493 0.42699019057408233 8.2119581306364982 17 30 81 0.25514543139943258 24 685 35 669 28 745 25 859 26 691 27 581 30 709 42 725 43 683 31 672 33 716 32 698 40 699 34 643 36 744 45 742 21 258
253 0.051729781850256493 0.42699019057408233 8.2119581306364982 17 30 81 0.25514543139943258 24 686 35 670 28 746 25 860 26 692 27 582 30 710 42 726 43 684 31 673 33 717 32 699 40 700 34 644 36 745 45 743 21 259
254 -0.1895214644193173 0.54487927234412292 8.3588834094017379 164 162 156 0.31777320199762543 24 691 35 671 28 749 25 866 26 697 27 585 42 773 43 687 31 676 33 720 32 700 40 703 34 647 36 747 45 746 21 263
256 -0.26880359580442387 0.67001742865552238 8.4228436185758717 74 25 1 0.38560828132939773 24 737 35 675 28 791 25 907 26 740 27 614 30 715 42 776 43 731 31 716 33 764 32 705 32 734 40 709 40 745 34 692 36 777 45 748 21 306
258 1.6617657702659052 0.90390991777822516 7.3300336671438906 17 36 79 0.3280506347375472 24 694 35 681 28 752 25 870 26 701 27 591 30 721 42 780 43 695 31 682 33 728 32 710 40 713 34 657 36 753 45 756
259 1.6617657702659052 0.90390991777822516 7.3300336671438906 17 36 79 0.3280506347375472 24 695 35 682 28 753 25 871 26 702 27 592 30 722 42 781 43 696 31 683 33 729 32 711 40 714 34 658 36 752 45 757
260 1.8476536809280646 0.93562959123530476 7.2383158989332621 96 129 143 0.88286395049172095 24 615 35 685 28 717 25 792 26 660 27 545 30 666 42 736 43 700 31 686 33 732 32 714 40 717 34 661 36 757 45 701
261 -1.3128542678339576 -0.1810122986712463 8.9633219095937733 13 31 80 0.64104189717157012 24 710 35 688 28 726 25 883 26 672 27 554 30 675
262 -0.62933404114857883 -0.18440590775656385 8.516114455419503 107 140 153 0.6556309585695913 24 709 35 689 28 768 25 882 26 714 27 601 42 745 43 745 31 693 32 720 34 670
263 -0.10416222094762617 -0.11501610548626652 8.2265676812154567 24 35 81 0.43242912675037154 24 712 35 690 28 770 26 715 27 602 30 677 42 747 43 707 31 695 33 741 40 721 34 671 45 765
264 -0.56832793832570661 -0.097917539063024223 8.5266943230678258 24 37 84 1.344821571658612 24 504 35 691 25 659 26 479 27 287 27 603 26 370 30 734 42 522 31 696 33 743 32 722 40 723 34 672 45 267 45 767
265 -1.083134732670672 -0.019358055948201072 8.8524411222695782 17 35 91 0.57638330251703851 24 714 35 692 28 771 25 886 26 718 27 604 30 680 42 751 43 709 31 698 33 744 40 726 36 762 45 724 21 285
266 -0.47290061532617744 -0.020511219632178404 8.4680303443798959 158 158 155 0.30325579291695692 24 715 35 693 28 772 25 887 26 719 27 605 30 735 43 710 31 700 33 745 32 725 40 727 34 675 36 763 45 768
269 -0.00025089306373962672 0.032157167615837971 8.1554357086905789 19 32 77 0.90153393553511785 24 672 35 696 28 733 25 843 26 677 27 563 30 685 42 755 43 715 31 703 33 749 32 726 40 728 34 676 36 767 45 770 21 238
270 -0.59067067491361114 0.033703639483986476 8.5453812476532871 22 38 85 0.41905702010748946 24 716 35 697 28 774 25 888 26 720 27 562 30 684 42 754 43 714 33 748 40 729 34 677 36 766 45 771 21 289
271 -0.308899018657742 0.31849777493387454 8.414236467605523 166 163 159 0.44455019354610137 24 681 35 699 28 781 25 896 26 728 27 576 30 700 42 765 43 718 33 752 34 680
272 -0.47751523425749193 0.34602276166626994 8.5166251505774042 105 129 152 0.44835554464672323 24 725 35 700 28 782 25 897 26 729 27 607 30 704 42 766 43 720 31 706 33 754 40 732 34 681 36 770 45 774 21 297
273 -0.47768281543268071 0.34619961500401597 8.5176713976852536 105 129 152 0.43488673105360337 24 726 35 701 28 783 25 898 26 730 30 705 42 767 43 721 31 707 33 755 40 733 34 682 36 771 45 775
274 -0.56507544906084539 0.42262200389818327 8.5868324489917018 21 35 82 0.47685501833666971 24 750 35 702 28 802 25 925 26 757 27 632 30 738 42 795 43 752 31 733 33 779 32 748 40 764 34 710 36 772 45 776
275 0.5046698500557284 0.48216073556952876 7.9385796527475918 26 49 82 0.38769316417728128 24 687 35 703 28 747 25 862 26 694 27 584 30 713 42 771 43 728 31 713 33 760 32 729 40 739 34 684 36 774 45 777 3 1322 4 1495 6 1537 2 1370 15 1102 5 376 1 439 7 346 9 295 14 272 11 270 39 451 17 268 8 242 12 207 22 272 10 258 21 261 19 280
276 0.50482603296932704 0.4822586548945379 7.9385820526227704 26 49 82 0.36886699040499615 24 688 35 704 28 748 25 863 26 695 27 583 30 712 42 770 43 729 31 714 33 761 32 730 40 740 34 685 36 773 45 778 3 1321 4 1494 6 1536 2 1369 15 1101 5 375 1 438 7 345 9 294 14 271 11 269 39 452 17 267 8 241 12 206 22 271 10 257 19 279 20 258 23 255 29 230 18 152
277 -0.92564778555923843 0.5410449286014215 8.8536245040769366 24 30 56 0.98652335256919199 24 733 35 705 28 788 25 904 27 612 30 711 33 718 40 736 36 775 45 781
278 0.11367034616131613 0.5070385603292954 8.1901804042674371 71 76 109 0.3054237360876515 24 731 35 706 28 786 25 902 26 733 27 610 43 726 31 711 33 758 32 731 40 737 34 687 45 779 21 303
279 0.11362430772095307 0.50682021079513162 8.1919795113396621 71 76 109 0.27910483045897921 24 732 35 707 28 787 25 903 26 734 27 611 30 739 42 798 43 727 31 712 33 759 32 732 40 738 34 688 45 780
280 0.23241945403643433 0.56997003857916384 8.1212258408810545 17 34 83 0.29045476653486341 24 735 35 710 28 790 25 906 26 737 27 613 30 741 42 774 43 730 31 715 33 762 32 733 40 744 34 690 36 776 45 782 21 305
281 1.5546905649585008 0.63156270099077505 7.3760725359928685 95 127 140 0.54508037654951991 24 692 35 712 28 792 25 867 26 741 27 615 30 742 42 800 43 758 33 785 32 755 40 767 36 778 45 784
282 -0.22436185468061529 0.79613593754920453 8.416226239102679 162 160 160 0.46810885674550834 24 753 35 713 28 793 25 911 26 743 27 616 30 744 42 802 43 759 31 718 33 765 32 735 40 747 34 693 36 780 45 807 21 308
283 1.6111910967581879 1.0266937837070402 7.3764147813104488 15 33 74 0.54347736683811887 24 698 35 717 28 759 26 705 27 622 30 751 42 808 43 740 31 724 33 769 32 761 40 751 34 697 45 790
284 1.0484172212122738 -0.46040753125775746 7.4859833891565097 155 152 147 1.2046157060024225 24 708 35 719 25 881 26 712 27 600 30 729 42 789 31 726 33 770 40 754 34 698 3 1344 4 1509 6 1549 2 1396 2 1414 15 1125 1 455 9 285 14 297 11 296 39 505 17 290 39 490 8 264 12 231 22 296 22 314 10 283 21 321 19 311 20 288 18 168
285 0.21469127464375384 0.028476389592637631 8.0515557854634672 16 34 82 0.26755648428049605 24 746 35 720 28 800 25 921 26 753 27 626 30 761 42 816 43 746 31 727 33 771 32 740 40 755 34 702 36 790 45 794 21 354
286 0.71834124901809604 0.12790983357531524 7.7559063327356856 109 83 37 0.74623351681552019 24 720 35 722 28 778 25 892 26 725 27 606 30 736 42 792 43 747 31 728 33 772 32 727 40 756 34 703 36 791 45 772 6 1555 2 1398 5 394 1 457 7 369 14 304 11 300 39 483 17 295 8 270 22 301 10 285 19 315 20 292 23 284 29 257 3 220
288 0.73034183436124944 0.33393601688246843 7.7811537823768866 107 80 35 0.56362353255893916 24 727 35 726 28 784 25 899 26 731 27 608 30 737 42 794 43 751 31 732 33 778 32 746 40 762 34 708 36 795 3 1348 4 1515 6 1556 2 1399 15 1128 5 413 1 458 7 370 9 319 14 305 11 301 11 316 39 501 17 297 8 271 12 236 22 302 10 286 21 298 19 314 20 252 29 226 23 198 45 801 18 187 20 194
290 0.23918277493325812 0.43945191628366703 8.0976878830600381 20 33 84 0.43527452832522445 24 771 35 728 28 803 25 944 27 633 30 768 42 823 43 777 31 735 33 781 32 749 40 765 34 711 36 799 45 804 21 361
291 1.3439225508156671 0.41757378742022722 7.4599476721362015 99 131 145 0.97624639895499798 24 729 35 729 21 302
292 -1.0651201106621353 0.55097870710796204 8.9281815719639166 168 165 160 0.86539898001524895 24 773 35 730 28 804 25 946 26 773 27 634 30 769 42 797 43 754 31 736 33 782 32 752 40 766 34 712 36 800
293 0.017382688418246757 0.78354166105410283 8.2731979206010529 103 135 148 0.80873891242304563 24 779 35 734 28 805 27 639 30 772 42 826 43 778 31 752 33 803 32 775 40 768 34 716 36 805 45 806 21 369
294 1.6525038463707613 0.74543747565105889 7.3260442781351216 17 30 75 0.55494796747442354 24 740 35 735 28 795 25 910 26 744 27 618 30 747 42 805 43 761 31 738 33 788 32 757 40 770 34 718 36 783 45 808
295 -0.76595224448392585 0.91411160931340074 8.7913993223541276 109 141 156 0.57704334674727797 24 780 35 736 28 808 25 951 26 779 27 641 30 773 42 827 43 779 31 753 33 786 32 758 40 771 34 719 36 807 45 809
296 1.1312480148953066 0.91668592123086434 7.6452940702974272 148 145 140 1.1332375116588427 35 737 28 810 26 746 26 760 27 643 30 775 42 830 43 762 43 782 31 739 33 790 33 806 32 759 34 720 3 1345 4 1510 6 1550 2 1415 11 313 8 266 12 232 12 246 22 297 22 315 20 285 23 278 29 253 14 298 21 339 39 489 24 757 42 806 25 930 18 183 45 810
297 1.4267645060626768 1.0152779803074656 7.4812393298555495 97 126 140 1.0914413496185758 24 742 35 741 25 915 27 621 30 750 42 785 43 764 31 723 34 721 36 785
298 0.111636000964559 -0.17873745949285785 8.0904935217731442 34 54 108 0.49118108915263942 24 745 35 743 28 799 25 920 26 750 27 623 30 758 42 811 43 769 31 743 33 796 32 763 40 777 34 726 36 815 45 818 21 324
299 -1.0868174548362979 -0.17247786296800494 8.8367277199648058 20 38 88 0.64665193179804192 24 762 35 744 28 813 25 932 26 762 27 645 30 757 42 810 43 766 31 742 33 793 32 766 40 781 34 730 36 814 45 822 21 379
300 -0.23141262341313876 -0.16746001353687534 8.3136024364412417 167 161 165 1.49312634201587 24 760 35 745 28 814 25 933 26 763 27 646 30 759 27 624 42 814 43 767 31 744 33 794 32 767 40 778 34 700 34 727 36 818 45 820 21 352
301 -0.23141262341313876 -0.16746001353687534 8.3136024364412417 167 161 165 1.49312634201587 24 761 35 746 28 815 25 934 26 764 27 647 30 760 27 625 42 815 43 768 31 745 33 795 32 768 40 779 34 701 34 728 36 819 45 821 21 353
302 0.35542603416277113 0.069851639027429066 7.9801853981137976 102 135 150 0.43240625143817535 24 764 35 749 28 817 25 936 26 765 27 649 42 817 43 770 31 747 33 798 32 770 40 782 34 731 36 820 45 823 21 355
303 0.59270094656705108 0.080684583063230203 7.8224917969152772 98 134 148 1.0383270111066967 24 765 35 750 25 938 26 766 27 628 42 819 43 771 31 748 33 799 32 771 40 783 34 732 45 795 3 1372 2 1421 15 1146 5 414 1 476 7 385 9 320 14 325 11 318 39 499 17 316 8 289 12 250 22 319 10 303 21 356 23 310 29 281 18 189
304 0.83906894360063877 0.23101340608954649 7.7167716611937518 158 155 150 0.75156981239259535 24 768 35 752 28 820 25 941 26 769 27 652 30 780 42 837 31 749 31 763 33 800 32 772 40 784 40 799 34 733 36 822 45 827 3 1369 4 1536 6 1576 2 1444 15 1143 5 440 1 474 7 413 9 335 14 351 11 340 39 519 17 339 8 316 12 279 22 343 10 329 21 358 19 339 20 307 23 307 29 277 18 185
305 0.37152681902016815 0.39864507069938288 8.0035202455652943 101 134 151 0.39049372792131609 24 770 35 754 28 822 25 943 26 771 27 631 30 767 42 822 43 776 31 751 33 802 32 774 40 786 34 735 45 803 21 360
306 1.3589693976657202 0.80129758150573804 7.4864716902031496 98 130 143 1.266241162623271 24 754 35 755 28 806 25 927 26 758 27 640 30 786 27 656 42 828 43 780 31 754 33 804 32 776 40 789 34 736 36 827
307 0.95273249839358987 0.90297523706159022 7.7452922936386583 152 148 145 1.0725628062890322 24 756 35 756 28 809 25 929 26 759 27 642 30 774 42 829 43 781 31 755 33 805 32 777 40 790 34 737 36 809 3 1347 4 1513 6 1554 2 1417 15 1140 4 1534 6 1575 5 412 1 456 9 318 14 320 22 300 22 316 21 337 19 312 20 286 23 279 29 254
308 1.5713724688480335 -0.4709357139668009 7.1971875940186072 133 10 20 0.4325784221840856 24 759 35 759 28 812 25 931 26 761 27 644 31 758 33 808 32 779 40 793 34 739 45 814
309 1.1506741163397809 0.24335083172450125 7.531474734743747 158 150 147 0.44235485159280857 24 769 35 762 28 821 25 942 26 770 27 653 30 781 42 838 43 791 31 764 33 814 32 785 40 800 34 744 36 837 3 1360 4 1551 6 1568 2 1438 5 433 1 492 7 405 9 347 14 342 11 333 17 333 8 308 12 269 22 337 10 323 21 359 19 349 20 319 23 316 29 288
310 1.1687934178537838 0.46976259883027821 7.5920899964830548 158 155 150 1.3200213613615637 24 772 35 763 28 823 25 945 26 772 30 782 42 840 43 793 33 817 32 786 34 745 36 838 15 1159 5 434 1 493 7 406 14 343 11 334 8 309 12 270 22 338 10 324 19 348 20 303 23 303 29 273 18 216 38 523 44 652
311 1.0207010255719531 0.57591509933306639 7.6468876283405036 70 69 67 0.42786699229056591 24 774 35 767 28 825 25 947 26 774 27 654 30 784 42 841 43 795 31 769 33 820 32 789 34 750 3 1363 4 1552 6 1591 2 1441 15 1163 5 438 1 497 7 411 9 348 14 347 11 338 17 336 8 313 12 274 22 341 10 326 21 363 19 351 48 352 46 327 47 350 39 521 18 203 44 654 41 564 38 522
312 1.0207122904861727 0.57609399671179584 7.6461955792010308 70 69 67 0.466235850519715 24 775 35 768 28 826 25 948 26 775 27 655 30 785 42 842 43 794 31 768 33 819 32 788 40 803 34 749 36 826 45 843 3 1364 4 1553 6 1592 2 1442 15 1164 5 439 1 498 7 412 9 349 14 348 11 339 39 520 17 337 8 314 12 275 22 342 10 327 21 362 19 352 20 304 23 304 29 274 48 353 46 328 47 351 18 204 44 653 41 563 38 521
313 1.5521903765858429 0.73883578931415494 7.3849367700848072 15 32 78 1.1540229492033185 24 739 35 769 28 794 25 909 27 617 30 746 42 804 43 760 31 737 33 787 33 822 32 756 40 769 34 717 34 752 36 806
314 1.0283319497963976 1.0446318406849988 7.7063253674801215 111 117 119 1.3061020202022382 24 791 35 770 28 839 25 962 26 789 27 657 31 785 33 836 32 805 40 804 34 762 42 263 36 845
315 -1.1438939868042284 0.31260445574921314 8.8870107368624467 16 34 84 1.6236286627385486 24 795 35 777 28 835 25 958 26 785 27 664 30 793 42 850 43 790 31 778 33 830 32 796 40 812 34 758 36 852 45 848 21 393
316 -0.021760779592907856 0.60245861830434499 8.2853729361151149 34 51 104 0.75587017881204011 24 789 35 779 28 836 25 959 26 786 27 665 30 794 42 851 43 804 31 766 33 833 32 799 40 814 34 747 36 839 45 849
317 -0.021574533812033881 0.60227034120709699 8.2847687034763258 34 51 104 0.78478675414306542 24 790 35 780 28 837 25 960 26 787 27 666 30 795 42 852 43 805 31 767 33 834 32 800 40 815 34 748 36 840 45 850 21 385
318 -1.0678300718434079 0.70010743995370206 8.9263295158370664 161 158 153 1.2257682181584824 24 796 35 781 28 843 25 967 26 796 27 672 30 802 42 853 43 806 31 781 33 835 32 801 40 816 34 760 36 842 45 852 21 401
319 -1.2104552332828171 -0.48348989608868725 8.887832829657528 179 157 129 0.35483092418461637 24 16 28 10 25 22
320 0.56547683367304968 -0.43411686742538286 7.7871461513462501 94 126 139 0.081343619546481158 24 19 28 19
322 1.0366867166177316 -0.33831174294158811 7.5246130689187929 37 32 38 0.20545395818202059 24 27 28 22 33 55 36 77 3 135
323 1.03593597087395 -0.33826142566844158 7.5237460871037349 37 32 38 0.20192663546444253 24 28 28 23 42 43 43 231 30 204 33 56 4 159 6 204 2 218
324 -1.0025963039292969 -0.31742422040775681 8.7718542869452012 19 40 97 0.1113291326472165 24 31 28 29
325 -0.15380824680119962 -0.28896586941833985 8.2483118503770907 16 14 11 0.53334263934518567 24 36 28 33 32 57 45 24
327 1.5373994831166764 -0.2452366404347438 7.1706113523621609 12 12 20 0.68758455865298973 31 47 33 68 40 68 34 41 47 94 46 85 48 85
328 -0.11238091949958862 -0.22850893303905495 8.2168718417938571 25 16 4 0.25203081607388178 24 46 28 45 25 49 45 32
329 0.88927383758574863 -0.2137959676509443 7.6101618485756504 7 4 1 1.8126117408713676 24 48 28 47 25 531 26 22 27 165 30 220 42 61 43 259 4 224 39 236
330 1.5421522148070907 -0.12614676744267839 7.161708942440125 108 129 137 1.291227573273461 43 63 31 68 30 372 35 278
331 1.6261272046995463 -0.10925901713698966 7.1984446226155487 3 11 19 1.8798884010824555 24 56 27 21 42 83 32 73 40 84 28 65
332 -1.2133657153809805 -0.086342764974876321 8.9374285000794345 154 168 198 0.37093262004064492 24 57 28 68 25 64 27 26 30 229 43 58 36 111 45 60
333 -1.2132992299894436 -0.085806844454453288 8.9402040956279638 154 168 198 0.44397398413618239 24 58 28 69 25 65 27 27 36 112
334 0.89884396845537218 -0.068787148493982889 7.6295340497536293 12 7 2 0.7184553268808489 24 294 28 75 27 170 42 344 32 77 36 113 45 51 3 183 4 227 2 295
335 0.89884396845537218 -0.068787148493982889 7.6295340497536293 12 7 2 0.7184553268808489 24 295 28 76 27 171 42 345 32 78 36 114 45 52 3 182 4 226 2 294
336 0.11430965596192577 -0.021616533767197729 8.0838417101398292 19 32 78 1.1356709581935582 24 70 28 81 25 77 26 227 27 177 30 241 42 93 43 278 31 79 36 125
337 -0.38008727224267069 0.027048150608119562 8.4012112338676133 168 166 171 0.12817854918891525 24 72 28 84 25 83 26 48
338 -1.2064133838123918 0.035504800874089554 8.9507483466033406 150 164 190 0.44861944633391965 24 73 28 85 25 86 27 36 30 44 36 134
341 -0.0494054924548794 0.038272510111451871 8.220038520180033 26 11 0 0.74403734771014274 24 79 28 89 30 244 43 85
342 1.0349264668456699 0.051873122834423128 7.5655307353112393 155 151 148 0.33702858252161316 24 89 28 94 30 52 42 102 4 166 6 209 2 236
343 -1.1841006068288438 0.079458870700190448 8.9210588241812907 151 158 181 1.5074229290304135 24 90 28 95 45 307
345 -1.513502236031794 0.11249212713402605 9.1046002668848871 5 15 52 0.20550093828872082 24 101 28 99 25 106
346 -0.091161574303720641 0.095357319716370695 8.2493686783401845 39 25 12 0.40414725806394819 24 100 28 101 25 104 26 243 27 42
347 -0.74945331915325464 0.12519082869644493 8.6586893938981007 13 33 44 1.4866295136315009 24 104 28 103 26 60
348 -0.75139789587744266 0.12211998485789848 8.655572327192429 13 33 44 0.84237393282943851 24 105 28 104 25 109 26 61 42 105 43 92 45 308
349 -0.0018902730426138496 0.12865283718948425 8.202169581582254 102 68 0 0.29961383114946255 24 108 28 105 25 113 26 247 27 51
350 0.46671090544410126 0.12715060883192977 7.9154409080916919 9 35 72 0.10247297485166362 24 110 28 106 4 355 6 390
351 0.46671090544410126 0.12715060883192977 7.9154409080916919 9 35 72 0.10247297485166362 24 111 28 107 4 356 6 391
352 0.49072036517054202 0.1269511727854549 7.9035926767928641 6 28 70 0.079590374498934455 24 112 28 108 4 339
354 -0.36185369936199596 0.14075033573543935 8.4142425076614611 8 14 24 0.39746516935441856 24 118 28 112
355 -1.4856286872818392 0.20903961822928704 9.1898538553540678 13 21 52 0.2649470912959172 24 135 28 122
356 0.49726372852205469 0.20804449667292244 7.92621921888085 0 24 56 1.0842459287810871 24 138 28 126 26 513 4 343 6 377 22 78 14 150
357 0.15949850145955519 0.23711898639855836 8.1172185161023194 164 170 186 0.23335321039702489 24 142 28 130 42 131 40 127
358 0.47775105503263882 0.23204675241534764 7.9216732837904038 98 128 158 0.22358205751644522 24 141 28 131 25 145 26 254 27 62 42 132 24 140 4 351 3 256 6 384 6 385 2 434 2 435
360 0.14513911272275895 0.34184363344978624 8.1447899646808253 19 25 61 0.22229978707634199 24 152 28 142 25 167 26 90 42 145
361 0.13807732609035905 0.35701030608908574 8.1605330718284819 153 158 179 0.51501030323121733 24 157 28 150 25 169
362 1.0569854470101572 0.36061128963914407 7.5999977906583567 12 8 5 0.23018162543357884 35 126 28 154 33 159 32 136
363 -0.30288417146042323 0.38829556645832586 8.4045879519755111 166 144 149 0.37921333747302405 24 333 28 157 42 387 31 127 40 134 36 180
364 -0.73645785786506834 0.40989365139529699 8.6889799706220359 11 27 35 0.12630021432772207 35 123 28 158 26 273 31 128 32 142
365 1.0826991903886154 0.39622066506247677 7.590028147850064 7 3 3 0.80065838550250479 24 168 28 162 25 412 28 393 26 421 27 205 30 96 42 399 43 324 31 376 32 359 45 112 3 421 2 220 15 223 5 66 7 48 39 121
366 1.0809701072858502 0.39733506517915967 7.5890943722295567 7 3 3 0.69105453449872201 24 169 28 163 25 411 28 394 30 95 42 400 43 323 32 360 45 113 15 222 5 65 7 47 39 122
367 0.12172530124593124 0.43931062521747155 8.1781642337633311 30 35 65 0.56122658206828946 24 174 28 165 25 182 26 104 27 86
368 0.20307859262286615 0.45099957895423237 8.1290381008944141 39 61 119 0.32566835700924451 35 134 28 170 33 386
369 0.077314344183328651 0.46872835003746721 8.1854773570020889 28 43 94 1.4273987186343211 24 184 28 171 30 289 43 135
370 -1.1704054033505615 0.48640407113745621 9.0004216224363542 26 10 0 0.15247155270310456 24 183 28 174
371 -1.1949582835800427 0.5071284769391704 8.9921324318110081 140 118 76 0.41605059910845238 24 343 28 179 25 431 26 106
372 0.50790568417533366 0.50508369720365143 7.9355834926394291 9 35 69 0.36962799473765984 24 190 28 183 42 180 33 175 40 154 34 119 4 778 6 812
373 0.50767424935048144 0.50496592799525331 7.9349988530657045 9 35 69 0.35410546666799392 24 191 28 184 42 181 33 176 32 160 40 155 34 120 4 777 6 811
374 0.093045029672254614 0.52466967515832774 8.1915300138913594 158 164 187 0.57287858022043925 24 348 28 188 25 201 26 119 27 94 30 106 42 179 33 174 40 157 45 122
375 -0.13459641381129905 0.57977915974517846 8.3460455845690404 20 15 6 0.68494151428431249 24 550 28 203 25 723 26 545 27 100 27 345 27 448 30 432 43 502 45 618
377 0.21273442120912522 0.58417802284049802 8.1329974260133628 39 55 107 0.31313717189276158 35 153 28 210 25 215 31 160
379 -0.24735194649450379 0.6502893154460152 8.4091710974483558 159 88 36 0.22135790569142041 24 372 28 231 25 238 26 143 42 211
380 -0.94138550011520128 0.67880898509544429 8.7327505101433047 155 154 159 0.45245001791028233 24 375 28 233 25 245
382 -1.2648678444944934 0.68735685111180334 9.0740640324636903 140 116 68 0.26280318057087332 24 376 28 235 25 462
384 -0.1520085204654068 0.69562031596724394 8.3529614466759909 23 12 4 0.6086748198554276 24 219 28 248 25 254 26 151 42 217 34 146 45 131
385 -0.05983202228361708 0.69963090232213565 8.2996826059207596 20 15 4 0.5092413857909629 24 220 28 249 25 255 30 138
386 -0.30622135711869147 0.72237644455445482 8.4742822936232862 160 135 75 0.40975511715641322 24 223 28 258
387 -0.32331502362162473 0.74338632596791288 8.4670170389633927 19 25 17 0.56593474269004895 24 230 28 261 26 160
388 -0.14611131587259213 0.78380415923400637 8.3638674636039436 13 9 3 1.3202696418991207 24 234 28 272 25 272 43 515 45 509
389 0.15171017191316277 0.91879911657684377 8.2127978828957211 94 128 140 0.075718734235867557 24 241 28 278
391 -1.1703746337018874 1.016514773109273 9.0079248202655986 148 127 90 1.1870205835971195 24 397 28 286 25 295 26 180 27 463 30 565 45 365
393 1.7550783967010315 -0.62017296223837093 7.0952862592703614 170 215 235 0.67680330166582969 24 410 28 304 30 478 42 606 43 550 36 502
394 0.39536399772712694 -0.62455343225087734 7.8763828580607695 120 162 180 0.18343375282060509 24 260 28 305 25 313 26 189 27 263
395 -1.2479210575147506 -0.50044126476550033 8.8907814980983595 177 164 149 1.9298208844734792 35 32 28 310 26 4 42 29 42 30 43 12 31 17 31 20 34 20
396 -1.2500838542844894 -0.48584917238397651 8.886617912519533 177 164 149 0.12937593688616536 35 33 28 311 42 31 31 21
397 -1.3425626674068083 -0.42139569870840543 8.9729228591278485 148 118 65 0.29560661862255133 35 38 28 312 26 195 30 194 42 307 31 28 33 44 32 40 34 28 36 73 45 13
399 -0.3967959183156487 -0.20173745211666835 8.3966284889870977 22 34 67 0.54593510914998111 24 277 28 323 26 212 30 30 43 51 32 69 34 52 36 103 45 42
400 -0.50780603325848084 -0.17732169051270971 8.4753754211729451 41 63 113 0.45458576962849595 24 278 28 326 26 215 32 72
401 -0.34394821545565774 -0.13170340181393511 8.3667217705209911 40 59 118 0.51161800111540612 24 423 28 332 25 539 26 217 27 19 30 369 43 267 31 310 32 314 34 283
402 -1.3478213683895996 -0.090741910063963482 8.9812541307422045 29 37 90 0.96109223412671374 24 424 28 340 42 79 21 36
403 -0.579941102075201 -0.066989644927377717 8.5717891938551372 34 35 63 1.0371283499694701 24 66 28 345 27 172
404 0.47494545405583 -0.048273667568599458 7.8880175027874664 5 33 72 0.49982497729783126 24 429 28 346 26 223 31 325 33 340 32 85 36 377 2 1046 5 168 1 132 7 81 9 52 11 82 19 94
405 -1.3590860637562474 -0.034091216424044612 9.0421045097454833 147 152 187 0.22600223160924188 24 68 28 347 25 353 26 224 43 65 31 74 45 290
406 -1.3024795961601363 -0.012812654060088502 8.9788550794421127 33 45 95 0.72852544478958225 24 432 28 351 25 552 27 178 43 69 30 238
407 -0.030761819899534373 0.0068781691181223183 8.2024495221504132 45 57 109 0.53381097032357672 35 77 28 353 26 230 42 352 31 507 40 95 34 67 45 283
408 -0.032295548904426478 0.0077411953484729703 8.198558200391453 45 57 109 0.40435789196676108 35 78 28 354 25 358 26 231 27 33 42 353 31 84 40 96 34 68
410 0.96661226013491541 0.037545249251151318 7.601361106543771 155 151 148 0.35053270855387891 24 299 28 358 2 642 15 246
412 -1.5353652830428075 0.088427347897210629 9.1668842435946072 129 134 162 0.35784567659905042 35 91 28 363 25 365 26 240 27 187 31 89 33 115 32 104 40 107 34 82
413 0.90096267554633513 0.069792045175718562 7.642152879788167 12 7 3 0.42267509070700349 24 93 35 87 28 365 26 54 42 361 31 96 33 121 32 95 40 102 34 76 36 143 3 184 4 697
414 0.95425577170132103 0.077067011035397218 7.604508002608763 158 154 151 1.5138969118845813 24 305 28 366 42 107 43 291 31 98 33 124 3 447 4 198 24 91 6 248 6 735 2 269
415 -0.45012772983488342 0.23020468531887289 8.4870036451727557 32 45 53 0.32681270750914315 35 109 28 377 42 374 40 125 36 407
416 0.96770660203869352 0.22960021479698239 7.6277423173711414 165 160 156 0.2884673326980462 35 312 28 380 40 341
417 0.98185507529113669 0.30845340051493153 7.6380016838386169 154 150 147 0.77808588933494161 24 329 35 317 28 386 25 403 24 447 26 269 27 199 30 269 42 383 31 361 33 370 32 354 40 345 34 317 36 413 3 171 4 910 6 952 2 649 15 466 1 90 7 61 39 101 21 57
418 -0.030892191757127905 0.44343464463365989 8.2605522601443546 21 9 1 0.32911707347952424 24 176 28 401 25 421 43 317 31 137
419 -0.54610944250867788 0.52811991345917364 8.6314131521345026 32 33 67 1.3861160859280919 24 345 28 410 25 195 27 218 43 138
423 -0.98151474883649703 0.70895045509319432 8.8991574181852471 176 173 168 0.17610221439030393 24 380 28 428 25 468 26 312 31 168
424 -0.9815839452585946 0.70892022260644671 8.8987968746156145 176 173 168 0.1579180293198072 24 381 28 429 25 469 26 313 31 169 33 200 36 226
425 -1.1974796443190505 0.75080082299992457 9.0320146451088092 179 170 159 0.60634460331395124 24 384 28 433 25 472 26 316 27 115 43 164 31 179 32 192 34 147 45 133
426 0.079113579966402101 0.71665496804270679 8.225090595625657 10 12 4 0.56634990734395985 24 382 28 436 25 259 26 314 27 117 31 186 34 150 36 235
429 -1.1983449485438566 0.95845545838715895 9.0525607548991083 55 50 46 0.24395080089696067 24 391 28 444 25 491 42 229 31 200 33 224
430 -1.1994921915260954 0.95919249896228154 9.0607483067555545 55 50 46 0.21672984242043994 35 193 28 445 26 176 31 201 33 225 32 220 40 199 34 176
432 1.6186933105756303 0.90249079735782856 7.3495592025848904 129 129 131 0.40830982913377278 24 240 28 450 42 595 32 235 36 274
433 -1.1275298598909578 1.005998186235151 9.0075072526702087 151 124 81 0.49785920863715244 24 394 28 451 25 495 26 328 27 130 30 153 43 191 31 212 40 205 34 183 45 149
434 -1.1253364830021055 1.0072377409909028 9.0259977908319371 151 124 81 0.5856889801613504 24 395 28 452 25 496 26 329 27 131 30 154 43 192 31 213 40 206 34 184 45 152
435 -1.2546714946107889 1.0146457486988669 9.0871833796752934 137 118 82 0.84005233625827858 24 396 28 453 25 294 26 459 27 363 42 238 43 187 36 268 21 79
437 1.0412530970148723 1.022280029527201 7.7095587353957313 56 39 10 0.13713870426463642 35 215 28 459 32 247 34 199
438 1.8701222667800466 1.0676699202232087 7.2516192491805418 113 150 168 0.67208110056170367 24 253 28 462 25 302 26 334 27 139 31 242 32 255 34 218
439 1.1103854784998082 -0.61622913705683868 7.4804938700721255 121 158 174 1.0322273499754417 24 261 35 402 28 467 43 551 24 409 33 454 34 388 34 528
440 -1.1649337838668865 -0.44962235285666186 8.8544215403205904 154 122 64 0.52006180299298399 35 242 28 470 25 650 26 345 27 269 30 346 42 304 43 218 31 268 33 289 32 282 40 273 34 247 36 345
441 1.6151976071636125 -0.35973217507988525 7.2117726374839632 22 21 21 0.92767078799250113 24 415 28 476 25 522 26 351 27 274 42 502 43 415 31 471 33 484 32 469 40 463 45 206 41 197 38 168
442 -1.1580535008086177 -0.30712398801792035 8.8660390366352431 157 121 61 0.7084923860456932 24 501 28 478 25 654 26 472 27 279 30 357 42 506 43 239 31 285 33 307 32 301 40 303 34 272 36 541 45 30 21 30
443 0.10932799416912442 -0.21059988000447089 8.0859007972818286 22 33 86 0.36221497867732949 24 418 28 481 26 358 30 364 42 517 31 300 40 485
444 -0.47564543536250092 -0.17464957404288434 8.448634760611144 38 63 121 0.48059133588607122 24 419 28 485 25 656
445 -0.11832630451340016 -0.16264221804061166 8.2285809300477037 41 59 114 0.17923289484844904 24 422 28 486 25 536 26 367 27 167 31 307 32 313
446 0.96011866303125615 -0.079595561676747001 7.5952118865010263 157 154 147 0.88710469322573038 35 466 28 494 25 545 30 505 33 519 34 445 1 229 11 70
447 0.10085120585665693 -0.05377461020249992 8.1085006213718103 135 141 163 0.67123072470707268 24 64 28 497 25 549 26 380 27 294 34 288 45 56
448 -0.29989997638565324 0.08164507953687955 8.3721141731304964 174 141 153 0.42429639157691751 24 443 28 506 25 569 26 56 27 185 42 360 43 286 31 342 32 100 40 106 36 392
449 0.92039087189626012 0.093724418092978212 7.6302363480412421 159 154 151 0.41670304992454593 24 444 28 508 25 572 26 391 27 309 30 396 42 543 43 289 3 772 4 916 6 961 17 74 19 69
450 1.0031172993436523 0.13563460745040898 7.5952218329758816 161 157 154 1.1946196962417248 28 510 25 573 26 395 27 313 42 547 42 548 43 99 30 59 36 395 3 751 2 635 2 641 42 363 15 457 5 158 1 81 9 41 39 110 39 113 24 119
451 0.47052821851325133 0.17848644355275023 7.9181141000059219 105 137 154 0.40241418639982368 24 528 28 514 25 690 26 506 27 414 30 400 32 523 3 870 4 1321 15 879 22 171
453 -0.36837398277091954 0.39090580664179658 8.4515951145034531 160 163 161 0.23928370608813923 24 539 28 526 25 708 26 416 26 531 27 328 30 411 42 568 43 306 34 323 45 329
454 -1.2352359122758092 0.47405470833679886 9.0136964151188526 140 136 135 0.19542080392313332 35 329 28 532 27 333 30 281 42 392 43 312 31 368 33 378 32 367 40 357 34 331 36 417
455 -0.44978058219104217 0.47028026050156524 8.5412917657956644 23 42 101 0.17161045772911079 24 460 28 536 25 603
456 -0.40066833551040537 0.58938944184587361 8.4994682013859482 40 64 118 0.53205332087286206 24 471 28 546 26 302 42 415 31 150 33 181 32 171 40 161
458 0.80828743819488968 0.65744789700684858 7.776165292977784 159 159 156 0.40902918218380052 24 478 28 556 42 585 31 406 40 378 36 450 4 947 5 164 1 114 7 160 14 73 11 78 17 87 12 50
459 -1.2558424175411951 0.73382524407044181 9.0673544139673101 144 110 49 1.2309092822992058 24 556 28 557 25 629 26 442 27 235 30 124 30 130 43 340 31 397 32 395 21 72
460 -1.204382450917423 -0.29625958442942096 8.9015064552482226 183 173 162 0.24009996375022374 24 568 28 574 25 749 26 572 27 473 42 612 43 555 31 484 33 498 40 477 34 435 36 542 45 440
461 1.5510958091410296 -0.19642771613189122 7.2523680259596057 99 126 134 0.72590840514796062 35 455 28 577 25 532 30 494 42 616 43 427 31 491 33 508 32 308 32 488 40 480 34 437 36 546 45 438
463 -0.036151385601109851 -0.07773782185277224 8.193225441813567 39 58 114 0.58359473266224327 24 584 28 582 25 662 26 482 27 391 42 621 31 498 42 526 32 503 40 313
464 -0.34004842449589823 -0.069816246301108276 8.3760872130670077 38 60 118 0.96299551651074633 24 585 28 583 25 663 24 507 26 582 27 394 42 623 43 434 31 497 31 576 33 516 32 504 32 598 45 444
465 -1.233682707952692 0.061362868384517696 8.9472387911973428 25 42 96 0.80879090533202291 35 476 28 592 26 492 27 305 42 540 31 510 30 511 33 527 32 513 40 501 34 457 36 569 45 464
466 -1.3129110369094741 0.078139541274888133 9.0155123293723278 23 40 95 0.21249192494920213 35 477 28 593 25 678 24 519 26 494 27 306 30 391 43 451 31 511 33 528 32 514 40 502 34 461 36 572
468 0.49411716346498968 0.28574451297763098 7.9107066002817206 102 137 157 0.40444603861783407 24 533 28 604 25 702 26 520 27 426 30 405 42 562 43 472 31 524 45 317 39 310 17 102 19 92 20 96 23 83 29 74
469 0.49756005901114975 0.28848177217935755 7.9166753617097898 102 137 157 0.38100201701489933 24 534 28 605 25 703 26 521 27 427 30 406 43 473 3 1133 4 1318 6 1362 15 877 5 250 1 248 7 238 9 138 14 151 11 139 39 311 17 103 8 140 12 106 10 145 19 93 20 97 23 84 29 75
471 0.22575845846395254 0.36132840088332996 8.0909281050023587 35 59 119 0.62050701043516943 24 538 28 609 26 527 30 410 42 567 31 525
472 0.22559532235827773 0.36940503701013561 8.0905250384798961 35 59 119 1.2080774453948604 35 125 28 610 26 528 31 526
474 -0.61819911973523667 0.53244829440897445 8.6374697465403809 114 150 166 0.71519081994617562 24 546 28 622 25 719 42 172 24 466 43 492 33 169 32 375 34 118
475 1.0455738106651309 0.57817055789015814 7.636583534328186 149 145 142 0.35728387556836844 24 552 28 624 25 725 26 547 27 452 42 654 43 506 36 599 4 1255 6 1297 2 1219 7 225 14 134 39 241 8 127 12 99
478 1.5591436983736864 -0.66816109144272784 7.1929599597911498 223 249 255 0.65866639590464715 24 618 28 632 26 662 27 507 31 605 33 648 34 568
479 1.6187675168207796 -0.63710586626890842 7.1930516351488425 124 162 178 1.3900443612306306 24 489 35 544 28 633 25 649 26 465 27 375 28 570 30 625 31 569 33 603 32 585 40 578 34 527
480 0.8730980764049342 -0.26303701745398139 7.6107758148354945 166 162 153 0.86793050706481767 24 576 28 643 25 750 26 573 27 472 3 1209 6 1445 5 299 9 191 11 193 8 177 48 142 47 154 39 381
481 0.062442162201681077 -0.16238241032716152 8.1246275128124932 40 62 120 1.1821802962956236 24 579 28 644 25 753 26 576 42 673 32 495
482 -1.2392423064922633 0.018345666632878066 8.9584332846593959 28 44 96 1.7764510797000996 24 633 28 652 25 759 25 804 26 584 43 444 43 567 31 505 33 525 40 595 34 454 36 628 45 459
485 1.4895853173585778 0.91404197755345162 7.4390842580501708 91 97 119 0.50515061303004216 24 614 35 636 28 678 25 790 26 620 27 544 24 656 30 664 42 701 43 655 31 645 33 683 32 666 40 664 34 611 36 706 45 700
487 -0.58529380599745218 0.17602424003197506 8.5551674134936544 22 37 89 0.80591801770043359 24 639 35 657 28 697 25 810 25 852 24 723 26 642 26 685 30 645 30 694 42 716 43 674 31 622 33 704 32 689 40 692 34 631 36 734 45 733 21 245
488 -0.28255194811017914 0.21867851263572574 8.3815986795493735 169 139 146 0.35007128045994734 24 679 28 699 26 643 27 526 30 646 42 718 36 687 45 676 21 190
490 -0.046668004715020139 0.56058303423242695 8.2893248790089924 17 34 92 0.42457402334866062 24 654 28 710 25 824 26 656 27 536 30 657 42 730 43 688 31 636 32 658 40 657 45 686
492 1.6627727977055924 0.8185181764105649 7.3252599399308727 18 35 82 0.43559365598059918 35 633 28 714 25 786 26 616 27 541 30 662 42 734 43 652 31 642 33 726 32 663 40 660 34 608 36 703 45 698
493 1.6620951678320077 0.81816793097763818 7.3231083340859637 18 35 82 0.40160761651933558 35 634 28 715 25 787 26 617 27 542 30 663 42 735 43 653 31 643 33 727 32 664 40 661 34 609 36 704
494 -1.3048073089673859 -0.48818557887266656 8.943662271772487 182 172 163 0.37479060903684269 24 705 35 641 28 721 25 880 26 665 27 550 30 671 42 706 43 662 31 651 33 689 32 674 40 675 34 614 36 668 45 653 21 279
495 -1.398383221131476 -0.29891482616169945 9.0198807774727676 25 40 97 0.84253459941180076 35 643 28 723 25 837 26 713 27 552 30 631 42 743 43 664 31 653 33 691 32 676 40 678 34 616 36 721 45 718
498 0.19433603135570418 -0.099878691833758748 8.0428558293799348 18 34 84 0.3200312401435873 24 667 28 727 25 885 26 673 27 556 30 679 42 748 43 708 31 697 33 742 32 721 40 722 36 726 45 766 21 235
499 -1.3385341609526453 -0.088518097271960347 9.027664462059974 27 35 77 0.69933747033762717 24 713 28 728 26 716 27 557 30 678 43 665 45 720
500 0.28318477323966951 -0.058108592260864927 7.9975561905657964 110 144 156 0.65087535169609334 24 668 28 729 27 558 40 635 36 727 45 665
501 0.23050752370025326 0.29004500903318414 8.0826242411965499 16 33 89 0.19038738962084759 35 664 28 739 27 574 30 702 42 764 43 722 31 669 33 711 32 695 40 696 34 637 21 253
502 0.23050752370025326 0.29004500903318414 8.0826242411965499 16 33 89 0.19038738962084759 35 663 28 740 27 575 30 701 42 763 43 723 31 670 33 712 32 694 40 697 34 636 21 252
504 -1.2437955847621605 0.46213185201817197 9.0228892879103899 112 108 97 0.55202231042656802 24 730 28 744 25 861 26 693 27 580 30 708 42 723 43 679 45 682 21 300
506 1.5967642767321137 0.81961857575991048 7.3576498940312343 139 139 137 0.465368751253387 24 693 28 751 25 869 26 700 27 589 30 719 42 778 43 735 31 720 33 767 32 736 40 748 34 695 36 750 32 706 34 654 45 786 21 266
507 1.5935189448887794 0.94070444570006384 7.3798117686006535 137 135 136 0.38384969870670638 35 684 28 755 26 704 35 683 27 594 30 724 42 782 43 698 43 699 31 684 31 685 33 730 33 731 32 712 32 713 40 715 40 716 34 659 34 660 36 756 45 758 45 759
509 1.0688001220124645 1.0083304428557833 7.6819930195698172 71 49 14 0.73856546381181187 28 757 30 725 42 784 43 739 3 1314 4 1489 6 1531 2 1360 15 1092 5 393 1 429 7 368 9 287 14 263 11 262 17 259 8 234 12 199 22 298 10 249 19 248 20 221 24 697 25 872 23 220 29 192 21 268 36 758 45 789 39 462
510 -1.6718683558980554 1.1904461372414405 9.3181180412837872 37 39 38 0.50239623906025233 24 744 28 760 25 916 26 706
511 1.7731610608644477 1.1141257790899637 7.2534675270564186 92 128 141 0.65143341391003051 24 743 28 762 25 873 30 752 42 787 43 741 32 738 34 663
512 -0.90422008656760255 -0.6194057423945869 8.7287295200378345 23 42 100 1.7051305317300443 24 699 28 763 26 663 42 740 43 703 31 648 33 650
513 0.85092157726496365 -0.45517830673865323 7.599506473202112 167 162 156 1.6917351918454746 24 707 28 767 28 798 26 748 27 599 30 728 43 744 31 690 33 736 32 716 34 699 3 1315 4 1512 3 1346 6 1532 6 1553 2 1397 15 1127 1 430 7 338 9 288 9 317 2 1416 14 264 14 301 11 299 39 486 17 260 17 292 8 268 12 234 22 299 10 250 10 284 21 281 21 320 19 313 20 290 39 457 25 919 39 503
514 -1.2180608579190455 -0.15412514687825066 8.9298821289970931 26 44 98 0.45410020804064771 24 711 28 769 25 884 27 555 30 676 42 746 43 706 31 694 33 740 36 761 45 719
515 -0.58113370593158509 0.29827596495662406 8.5725873347962658 19 36 88 0.7479450019092222 24 724 28 780 25 894 26 727 27 571 30 697 42 761 43 717 31 704 32 728 40 731 34 679 36 769 45 773 21 296
516 -0.80675954162650154 0.53927647650546451 8.7725691249700155 119 152 168 1.52846258633239 24 734 28 789 25 905 26 735 31 675 33 719 34 646 21 333 24 751
517 -1.0569353383411779 0.89172510123634496 8.9693806718176496 172 171 167 1.3415922700153127 24 741 28 796 25 912 26 745 42 803 35 715 43 734 31 719 33 766 40 710 33 722 35 676 34 694
518 0.86611204330788472 -0.44856588413091808 7.6299672473936777 167 162 156 1.2336726964882372 24 706 28 797 25 918 26 747
519 1.1439314469295634 0.09083540150631815 7.5294153679534261 161 157 148 0.61636289550483458 24 747 28 801 25 922 26 754 27 629 30 764 42 820 43 772 36 821 9 316 14 319 8 285 22 313 10 299 19 335
520 -1.1090872031827363 1.0962496669641844 9.0037814302267059 25 42 93 1.0491875218722957 24 781 28 811 21 371
522 1.0055747042162304 0.1058769996993395 7.5912401692005087 44 40 37 0.48676444357061754 24 766 28 818 25 939 26 767 27 650 30 778 42 835 33 812 32 783 40 797 34 742 36 835 45 824 3 1361 4 1529 6 1570 2 1439 15 1161 5 436 1 495 7 409 14 345 11 336 17 334 8 311 12 272 22 339 39 523
523 1.0056178071990678 0.10573527710874438 7.5912934911412808 44 40 37 0.50031591845971779 24 767 28 819 25 940 26 768 27 651 30 779 42 836 33 813 32 784 40 798 34 743 36 836 45 825 3 1362 4 1530 6 1571 2 1440 15 1162 5 437 1 496 7 410 14 346 11 337 39 522 17 335 8 312 12 273 22 340 21 357 19 353
524 -1.0061139577570648 -0.54262605714039791 8.7628202190299014 26 43 99 0.91016939656248497 24 792 28 829 25 963 26 791 27 658 30 787 42 844 43 797 31 772 36 830 45 835 21 390
525 1.387542673832002 -0.28800002495278071 7.3289332857526466 104 136 149 1.4945574527722967 24 783 28 830 25 954 35 760 26 780 27 660 30 789 42 846 43 800 31 776 33 828 35 775 32 780 40 794 40 810 36 848 21 378
526 -0.029643818178715458 -0.15875623429977725 8.2302845255935928 24 13 3 1.1920731151599333 24 784 35 776 28 831 25 955 26 781 27 662 30 790 42 848 43 801 31 777 33 829 32 795 40 811 34 757 36 849 21 392
527 -0.41129738870888011 -0.12851361133159081 8.3466751063612943 18 37 93 1.1066890725880074 24 785 35 761 28 832 25 956 26 782 27 661 30 791 42 832 42 847 43 785 31 759 33 809 32 781 40 796 34 741 21 381
528 1.1391681856152012 -0.031206196150183871 7.5212145521360254 165 160 154 1.4483640842375016 24 786 28 833 25 957 26 783 30 792 42 849 36 834 3 1384 4 1550 6 1590 2 1451 14 364 12 288 10 338 19 371 20 332
529 -1.2479020623439452 -0.37728720804925558 8.9181423992138562 140 112 65 1.357816362494054 24 793 35 774 28 840 25 965 26 792 27 659 30 788 42 845 43 798 31 773 33 825 32 794 40 809 34 756 36 831 45 836 21 391
530 -0.44339208232694427 0.53763407812159947 8.5216370112425661 24 40 102 0.46145257450124516 35 778 28 842 26 795 27 671 30 801 42 858 43 803 31 780 33 832 32 798 40 813 34 759 36 853 45 860 21 395
531 -0.65475500510608442 0.73494542733723423 8.6839969367354737 116 152 166 1.5540782117418341 24 797 28 844 25 968 26 797 27 673 30 803 36 855
532 -0.89507368147221178 1.046727661975551 8.9077228281622869 24 42 92 1.9616312068071986 24 799 28 845 25 970 26 798 27 668 30 798 42 843 43 796 33 823 32 803 40 818
533 -1.1410613061241022 -0.41405291368231484 8.8215124534451483 150 123 84 2.1990064224171166 24 412 28 21 36 75 45 213
535 0.95930843158671475 -0.53755084216913906 7.5314415918423698 115 87 40 0.61547317725130823 24 12 25 15 27 3 42 21 6 219 2 244
536 -1.2300499739094586 -0.46685823767881413 8.8826039882198611 147 117 67 0.31906490715337354 28 14 25 25 26 5
537 -1.2300499739094586 -0.46685823767881413 8.8826039882198611 147 117 67 0.31906490715337354 28 15 25 26 26 6
538 -1.3360493191921068 -0.3413268589441627 8.9773012836595871 141 119 79 0.59975792154341145 35 53 25 32 26 9 27 13 31 36 36 86 45 27
539 -1.3327051662756662 -0.29702638805376969 9.0343985110463318 148 118 56 2.0811032603942059 28 34 25 40 36 678
540 -1.3481576049485076 -0.32064528677888238 9.123819711259479 31 39 75 1.409328028270264 28 32 25 41 26 202
542 0.016142909821466375 -0.21220263018044125 8.1359711418165919 33 24 24 0.47909448684632866 28 49 25 52 26 18 27 15
543 -0.1277300854439295 -0.085830452298719759 8.2313543644799676 13 11 17 1.17394077966293 28 70 25 66 30 38 26 219 28 649 25 757 31 71 45 265
544 -0.073836903575162482 -0.063151618678772073 8.3396548982871987 71 63 42 1.2474655048080101 28 77 25 70 26 34 26 37
545 -0.61061702375009064 -0.02737006823976236 8.5483621468714617 125 108 68 0.49782645105054696 24 297 25 75 26 43 42 91
546 -1.1471934299165782 0.055827323151225239 8.9978917864598902 35 44 87 0.98326456894950742 24 85 25 93 42 98 30 245 43 83
547 -1.1532445865006886 0.07718672123349761 8.9281121221725286 155 161 182 0.27527702395307391 28 97 25 97 27 40
548 -1.5194131063291234 0.083638622183111896 9.1978806215365854 138 143 162 1.2130575117850901 24 96 25 99 26 241 27 41 27 188 32 102
549 -1.5168099415892948 0.11438681529950653 9.0872424123293563 17 26 65 0.35857882225755033 24 102 28 100 25 107 27 45
552 0.11590389509179633 0.15249804302072423 8.1271360185312496 123 133 164 1.5604808740697875 24 311 25 116 42 114
553 -1.4676704100975424 0.15798123182031384 9.1521057198686684 21 27 64 0.90430351114737262 28 113 25 119 26 62 30 254
555 0.23783976998722678 0.19896549927814264 8.0238514488205155 22 20 30 0.66434996668315283 24 132 25 130 26 510 25 579 27 417 43 580
557 -1.4952555818423392 0.39559208211705643 9.1743811678643876 14 23 65 0.86433719196173675 24 163 25 172 43 110
558 -1.0222895628475726 0.39346223164774258 8.8700415516517772 46 70 121 1.0285836479896986 28 156 25 174 26 96 30 84
559 1.0409439775683058 0.41977772511606321 7.6251684904664963 10 7 5 0.28828468418277248 28 168 25 179 26 102 27 84 4 176 6 217
560 1.465222864455819 0.52987151311063996 7.4125382383625471 93 127 140 0.2653485946763352 28 200 25 205 27 97 33 197
561 1.4646157761298486 0.52945962773981126 7.4121379707826209 93 127 140 0.35048720951301704 28 201 25 206 27 98 42 204
562 -1.2357967748163525 0.55986415720126104 9.0382207412847517 37 33 23 2.0346089579826256 28 411 25 209 26 120 42 177 43 322
563 -0.49849494710164899 0.58596118818059717 8.5652769618343925 45 67 125 0.3353840224618847 24 351 25 211 26 127 42 185
564 -0.95189414679177231 0.6078215863058597 8.763042664379979 40 42 71 1.5506448321251161 28 209 25 221 26 128 31 148 32 614
567 -1.1932666578926916 0.6675563887245114 8.9694894110196444 146 120 77 1.4337154433861137 24 212 25 242 26 305
569 -0.12055294455316048 0.73273801134679395 8.4435482283654402 49 36 19 1.1408561109800961 28 259 25 260 42 586 30 452 43 350
570 0.30760656396475711 0.72364328658958654 8.1005475357672516 95 134 149 0.11268433267668983 24 227 25 262 42 223
571 -1.2781220970443861 0.79458948087153758 9.0913982967684213 85 56 12 0.64716328203213369 28 265 25 268 26 162
573 -1.0351048321495959 0.99824854696994758 8.9382767397502167 27 25 26 0.020128811619563688 28 283 25 292
574 -1.0260561489044357 0.99787658807917712 8.9740236785100862 27 25 26 0.86975310020064334 28 284 25 293 30 463 36 267
575 1.6260081161691216 0.99018727189082367 7.3511834459700189 15 31 56 0.48938060531592403 28 290 25 297 27 255
576 1.6484274200496385 0.99957233228978659 7.3251935224213254 102 123 144 0.60190184469382746 28 292 25 299 26 330
577 -1.7346276539608931 1.2484419524712236 9.2943068335405279 19 21 18 0.28913711311695228 28 463 25 307 26 335
578 -1.6973093463837214 1.2819709580750964 9.3751414060833476 22 24 21 0.95338317577427112 28 302 25 309 27 140
579 0.062049569430676708 -0.62423542407926025 8.0646450294221506 129 169 189 0.19181616125888032 24 3 25 312 26 188
581 1.8290346810596303 -0.57734806215731638 7.0910854852717904 214 227 236 0.70316747296278892 24 8 35 758 25 316
582 -1.2188839826090412 -0.50997271735206851 8.8591314752984562 158 121 59 1.0517531878761535 28 309 25 317 26 192 36 341 45 6
583 -1.1785262507743157 -0.46988016873478827 8.8554956327802739 148 116 63 0.30891923389132087 28 13 25 319 42 33
584 1.5099827801458225 -0.27261566786485814 7.2122277474962573 111 127 138 2.0726900668682262 24 269 25 334 26 206 27 156 30 214 42 324 33 315 40 292 36 356 46 162 47 176
585 -1.3197514379973936 -0.087129520561636725 8.9849260907496777 147 156 181 0.20378929158724116 28 343 25 348 26 371
586 -1.3508716431376544 -0.040509390399413717 9.083836591465543 150 161 189 0.77547836271322135 24 69 25 354 26 225 27 176 35 285
587 -0.79573446564354844 -0.021250122782128796 8.661962374195566 120 152 163 0.69668690675574163 28 350 25 355 26 384 25 675 27 296 30 387 43 273
590 -1.2164060806173096 0.11384488802428916 8.9550763708630434 28 44 102 0.10017076125946375 28 367 25 369 26 392 33 118
591 1.4347054641689339 0.14290958878292132 7.3672685847615318 91 127 139 0.0054386695865811241 28 116 25 374
592 0.49644539260614251 0.17324748212000551 7.9069279656726206 104 137 157 0.54713224490507506 28 372 25 379 31 107 32 114 40 117
594 0.27163244549235827 0.25045823126626948 8.0446624327234915 115 93 43 0.78191693873601464 28 382 25 388 26 405 42 134 31 117
596 -1.0520622462456213 0.34694312821759477 8.7798812737270477 43 70 123 0.18065898348521151 24 149 25 405
597 -1.2845322161159043 0.45480320262858326 9.0517033656666825 142 120 77 0.26023589800758767 24 337 25 423 26 279
598 -0.75989436329297533 0.47827568795013231 8.6992804679581361 113 141 151 0.45923489468044193 28 537 25 427 43 130 31 373 33 382 32 155
599 0.28185725356778607 0.48046639426770449 8.1342549670883528 19 32 86 1.3573139159205532 24 187 25 428 27 90
600 0.30906545309782285 0.52445092688629591 8.0962936178409137 112 137 148 0.93371150350014587 35 628 25 439 30 108 42 729
602 0.1788056860909702 0.62841860321685272 8.1671068441089876 159 133 79 1.6511546099334988 24 366 25 454 27 109 42 206 43 166 30 122 33 204 40 175 30 117
603 -0.31716485096723279 0.64434929321903911 8.4505077003158853 156 87 26 0.18609390728807654 24 369 25 456 26 138 40 171
604 0.082816146731887821 0.68462657199732013 8.1951234778487656 21 23 44 2.3839653180799414 24 218 25 464 26 147 27 353 26 441 30 302
605 -1.1881090179339933 0.71400693918352764 9.0004625148515096 150 121 66 0.57720465221721029 28 242 25 471 26 150
606 0.14075140282890827 0.75966947104627713 8.2029721120045593 153 125 62 0.24007274569034992 35 174 25 474 27 122 31 189 33 220 32 200 40 182 33 218 34 156
607 -1.2531800838696834 0.81674981400489988 9.0853745943149562 151 118 61 0.47860851813837307 28 270 25 478 26 167
609 1.8315096211910098 0.9036135433677589 7.1188639452311175 170 206 224 1.7926052487494857 28 716 25 488 26 622
611 0.070406770244798009 -0.56915914260565315 7.8022318228519234 135 173 192 1.4418334579812218 24 406 25 503 24 566
612 0.30875000027664856 -0.62006045741617366 7.9676864395540328 127 169 185 0.64321399446012006 24 493 25 505
613 0.73083430973685459 -0.62131540332714208 7.6844202059087436 127 170 186 1.0999486685453705 24 494 25 507 26 190 27 1
614 -1.1247077220146373 -0.37733513103060212 8.8515678206828081 148 120 70 0.55502027392366915 28 475 25 517 26 196 27 151 30 202 32 52 45 22
615 -1.1978969459480571 -0.24785863128521032 8.8839354937714283 153 122 60 1.3985487320963823 24 417 25 525 26 355 30 216 42 331 30 26 43 39 43 248 33 71
616 -0.15557231780735406 -0.18524787483065047 8.232117967621754 27 32 49 0.73574911351950656 28 52 25 533 26 363
618 0.066912174531955776 -0.057604450890324094 8.1261611811155277 52 67 119 0.93801560867848344 35 469 25 548 42 84 31 500 32 506 40 495 36 557
619 -1.3002994309488216 -0.012550561405186639 8.9880161153327496 32 45 101 0.31263678058111127 24 433 25 553 43 70
621 -0.52881930083424589 0.036916100021838531 8.502899738355179 167 167 170 0.55742141472681861 24 437 25 560 27 302 42 97 25 361 43 280 33 111 45 294
624 -0.27167644425855275 0.098162090557556425 8.3349368219523328 175 170 171 1.2279279035927568 28 507 25 571 27 310 31 93 45 81
625 -0.71912128245975604 0.1968166239474084 8.6526221102227616 121 150 164 0.63294219509184146 28 513 25 577 30 399 43 295 32 117
626 -0.34928102566714569 0.20104010610033912 8.3768713148164853 173 170 166 1.0640797125874628 28 373 25 578
627 -0.3323392631222219 0.2460484631510329 8.438873207173728 176 173 166 1.501285243773568 28 520 25 582 30 261 43 467 40 603 25 697 36 408 21 55
628 -0.76950090284682493 0.38972879715201597 8.6934350084976835 118 152 162 0.76501694396595332 28 525 25 590 26 415 30 409 31 363 34 106 45 328 28 611
629 0.2041637098915057 0.4575747545361471 8.1186442518306379 37 59 118 0.6218026642219725 35 135 25 602 27 335 30 417 42 575 43 489 33 387
630 -0.45573739312460815 0.47260137293870963 8.5246179169319003 18 39 98 0.31134373181681946 24 461 25 604 36 193
631 -0.76427852436597032 0.5288332914950723 8.7117966820076767 116 152 164 0.89042527948078676 28 621 25 608 26 539 30 422 31 538
632 -1.2705315231161802 0.55938274623816253 9.0872374734172645 146 119 68 1.5236096839398323 28 414 25 612 26 300 27 441 30 98 30 542
633 -0.37414138459929808 0.56394527594451227 8.4811926954331867 23 32 50 0.44363331772529796 35 344 25 616 30 429 42 581 43 332 31 387 33 395 32 386 34 343 36 433
634 -0.34615085130297507 0.68737608879334 8.4741413258318232 164 134 73 0.17102071052173198 24 378 25 626 45 129
635 -0.50590558212949011 0.73399546640085189 8.6028862606471872 116 150 167 0.41141326894657765 24 480 25 630 30 304 42 432 34 149
636 -0.2879701891188004 0.73259745383670216 8.46628231340339 165 133 56 1.0479047085098725 24 481 28 558 25 631 26 317 27 237 32 399 35 356 34 352 45 134
637 1.4883395977357099 0.73386002012143414 7.4069731494394979 112 116 136 0.61493537828570966 35 518 25 632 27 457 30 560 43 522 34 493 45 626 21 159
638 1.4465235318295746 0.76939434583519706 7.4426858089339243 52 72 104 0.63231786646642585 35 372 25 635 26 448 27 359 42 230 43 190 33 227 40 394
639 1.495646254925951 0.78897647167222673 7.438154471726679 56 65 94 0.87388681672536728 28 562 25 636 27 360 43 529
640 -1.1306839429596085 0.83306787760455792 8.9908932852755861 150 149 145 1.3343290902866296 24 487 25 638 26 449 45 140 21 74
641 1.8437786427497334 1.051189295287452 7.2357956261529512 178 211 228 1.1170060255887682 28 297 35 686 25 642 26 462 27 372 42 703 30 667 43 701 31 442 33 600 33 734 32 439 32 668 40 419 34 526 34 662
642 1.8881989777949777 1.1147539284175223 7.189279195368675 186 208 217 2.0429308377987039 24 400 25 644 26 624 27 260 42 467 43 546 31 443
643 1.8949482772417887 1.1258317618709328 7.2508474960582499 89 130 148 0.73380301357494415 28 464 25 645 26 463 27 373 43 547 32 440 45 395
644 -0.78101751902921823 -0.63409292199727907 8.5949458578013118 121 160 178 0.85933101357590258 35 9 25 647 32 21
645 2.1592574689634731 -0.18697661719879061 7.4091397261713787 217 229 236 0.37115718929682273 24 55 25 658
646 -0.36801709513851161 -0.031320426740896155 8.3711834612285614 38 63 123 0.73570131465045141 24 514 25 674 27 295 43 442 34 64
647 -0.31647208736999277 0.16140892777538229 8.4359258011828331 179 171 168 1.1305547897641388 28 656 25 689 26 590 27 483 43 576 36 686 43 638
648 -0.47592160766666819 0.23181528676465252 8.5026607993670194 130 137 145 0.41082539535516577 35 573 25 696 26 596 27 423 30 527 43 582 31 582 33 625 32 604 40 602 34 545 36 640 45 96
649 0.52040386627322754 0.25754726277195433 7.896701688215126 37 66 106 0.76574454495254851 35 488 25 700 26 516 27 425 30 404 42 560 43 470 31 520 33 538 32 526 40 513 34 472 36 582 45 313 3 848 4 1313 6 1357 2 1042 15 533 3 520 5 167 1 247 9 137 39 223 22 76
651 -1.5382326257684253 0.46968907862560477 9.2020123473564546 12 25 70 1.1849452108066711 35 325 25 712 42 389 43 309 32 361 32 369 36 188 45 336
652 -0.42794684559652074 0.50634976386478758 8.5064203492267385 44 65 128 0.97432214954408491 24 604 25 717 26 536 30 423 43 327
653 -0.37176721617290526 0.50861630264408175 8.4567201480969523 57 94 66 0.82783686828979219 24 545 25 718 26 538 27 440 30 543 42 576 43 488 36 424 45 494
654 -1.3071600426891183 0.58210795304055185 9.0607115685004054 22 24 52 1.4160556722708102 28 544 25 721 26 437 27 496 31 710 32 165 45 842
658 1.6036678363746035 -0.24026622182381716 7.2128169695704667 131 134 140 0.69208229875327631 35 609 25 752 26 575 27 515 30 582 42 672 43 623 31 615 33 657 32 634 40 632 34 581 36 677
659 0.28092058826758753 0.20195017797162287 8.025096224808987 117 87 31 0.51493001968710084 24 593 25 766 26 593 27 420 32 119 21 54
660 -0.41731600108592121 0.627256998576045 8.5103717960968446 41 65 125 0.93375106096144889 24 608 25 780 26 549 27 454 42 650
661 1.6995573281841529 -0.60670789064472452 7.1217784466845053 120 159 176 1.3187821113836762 24 620 25 794 33 687 27 509
662 -0.48935716772527244 -0.10255356667940144 8.4724181022896197 21 37 96 0.042495298807234697 24 628 25 799
663 -0.43206233035685959 0.11034642032905768 8.4770580727571812 110 135 159 0.33283630889434918 24 636 25 807 26 639 40 640 34 589
664 0.0024167257661286108 0.18113359332636753 8.2021414251545348 180 140 52 0.25867684314701889 28 698 25 811 27 484 30 597 42 682 31 624 32 647 40 645 34 595
666 0.069107922301133301 0.57973525509901735 8.2204174431185848 18 37 93 0.270772749745536 28 711 25 825 26 657 27 537 30 658 42 731 43 689 31 637 34 604 45 747 21 207
667 0.94948029805087153 1.0020375994031741 7.7625183974844827 149 148 144 1.7112476799205913 28 718 25 831 30 472 3 468 1 102 39 97
668 1.6947560390871976 -0.58693153841775436 7.1202221517002053 117 154 170 0.36366823806306492 24 660 25 834 26 664 27 548 31 688
670 0.11638957886536143 0.091420805883377795 8.127620940892843 79 83 105 0.64437795443192991 24 674 25 845 26 679 30 642 43 671 45 727
673 0.9651386645907537 -0.53834342062493334 7.5147243476990848 86 62 10 0.32906513448223185 24 703 25 877 26 710 27 597
674 -0.85741266018009543 -0.50664513217379303 8.6791553456433839 116 149 164 1.3543025213522726 28 766 25 879 42 741 32 739 42 790
675 -0.69617106872212586 -0.5994887448123849 8.5660051818706204 114 150 164 1.7621597530334874 24 700 25 917 27 549 35 640 42 788
677 -1.0481634293799293 0.8567688019930163 8.9819372506792252 179 176 170 1.3544468169773582 24 755 25 928 30 745 36 804
678 -0.88073749204498886 0.79095950648692404 8.8186438974489487 21 42 99 0.80864979767634126 24 777 25 949 26 776 27 638 43 757
679 -0.88073749204498886 0.79095950648692404 8.8186438974489487 21 42 99 0.80864979767634126 24 778 25 950 26 777 27 637 43 756
680 1.4751765135677684 0.55612470780101697 7.4055086195295496 102 136 148 1.0214021236465773 28 838 25 961 26 788 27 667 31 783 36 854 45 851
682 0.098781051297336331 0.035945404512489107 8.1054147540072954 113 118 138 1.3825114711796234 24 77 28 87 25 88 35 613 26 49 27 35 42 99 43 631 31 86 33 113 40 99 34 72 36 136
683 -0.97188932555248564 0.36579204969837287 8.8477408895007272 118 153 166 2.0042014206624197 24 749 28 741 25 901 35 665 28 703 26 688 30 703 43 719 31 629 33 753 34 683
684 0.94573177035240819 -0.51960207920323431 7.5471388694709969 77 56 19 0.42224700086774281 25 17 26 3 27 4
685 1.0357943190807013 -0.33833233269307345 7.5228432245077244 56 53 62 0.042399582047460964 25 33 26 10 27 8
686 -0.087504796656732067 -0.3203239474016174 8.1561959307109095 112 144 154 0.30461657945452125 25 35 26 12 27 153
688 -1.0305381826015478 -0.088505416818291965 8.8002546011429725 49 75 130 0.54419246820085365 25 61 26 29
689 0.89815293044068722 -0.097013092377051996 7.6232478389617553 158 153 149 0.36452194332381971 25 63 26 30 27 22 42 82 45 48
690 -0.62255649066211205 -0.042442680702429028 8.5881602818889782 49 64 66 1.2319936745713167 25 73 26 38 27 175 30 235 27 293
691 -1.3915515257572066 -0.021034576151172511 8.9987642122972922 21 37 89 0.7637004522568005 28 79 26 40 27 297 30 237
692 -1.3602077835142086 0.011300716930921649 9.0548572318701126 87 100 140 0.15186552300748893 25 82 26 47 30 42
693 -1.4910005859043842 0.076268211670593111 9.1022404987458092 110 114 143 1.1745589426556977 28 91 26 53 31 87 32 101 36 142
694 -1.5333967468976708 0.24738386606410387 9.123695733103796 95 108 146 1.7441888401421826 25 147 26 72 27 63
695 -0.29406346723791138 0.2186619225190749 8.4028226552890555 161 138 142 0.35693711904508274 25 138 35 103 26 73 31 109 32 122
697 0.12877942150243735 0.22570292777875212 8.1138280535622602 155 159 185 0.6081018403027163 28 129 26 77 30 67 45 94
698 -0.070398388869365225 0.36476943527968503 8.2450276722139435 180 140 54 1.5646519395579213 25 170 26 91 27 433 30 85
699 0.9289821328404847 0.35976395520172033 7.6420413858341192 155 151 148 1.4788656817185564 28 153 26 92 42 390 30 274 43 128 36 179 3 465
700 0.15627668942092932 0.3964496714322891 8.1444839499583281 151 159 175 0.35791786563576511 25 409 26 97 27 204 36 183
701 -0.012359465047859631 0.41631120677235428 8.2480680493060436 176 145 71 0.97874876654660659 25 414 26 99 27 82 21 60
702 -1.1544786281278321 0.43428410747613783 9.0933814623592468 25 18 20 0.0057482651984229732 25 419 26 100
703 -1.4612620596052219 0.44911398951726073 9.2379983481529884 73 86 127 0.52160369033950704 25 180 26 101 43 118 33 375 32 147 34 111
704 -0.072382080253786688 0.44477921281478566 8.2685871631683714 141 106 23 0.27645321980054693 24 177 26 103 30 94
705 0.077159196149200818 0.50773526287554416 8.2133450022068306 153 165 195 0.610046161478212 24 344 26 116 27 91 33 172 32 158 34 117 36 203
706 -0.88586833950843524 0.53907967375384902 8.846348267044041 141 119 72 0.34504632135288005 28 185 26 117 27 92
707 -0.37179630869209956 0.52988927480231029 8.492268615215627 66 100 82 0.37828954343143639 25 203 26 118 27 219
708 -0.51398944139791769 0.62860736249432392 8.6441124997049208 35 44 33 1.1209831473910408 28 222 26 133 27 105 43 153
709 -0.50321391958625628 0.63111642805293477 8.4970749050277679 57 61 87 1.2757223125639416 28 216 26 135 42 197
710 -0.27388667350454454 0.65123536914014224 8.4523075492987925 155 82 29 0.26798990216112295 25 236 26 141 27 111
711 -0.27388667350454454 0.65123536914014224 8.4523075492987925 155 82 29 0.26798990216112295 25 237 26 142 27 112
712 -0.021328629454377416 0.71324697856037189 8.3437877303748262 104 132 147 0.96985957043583126 25 258 26 155 27 116 42 219
713 -0.30261468841796374 0.77546137462054865 8.4773424840224116 165 161 153 0.64366126094547416 28 268 26 163 45 139
714 1.0737454204018564 0.83739884243842067 7.672212078766889 148 147 152 0.32214883152470652 25 483 26 172 27 247
716 1.0461633053647705 0.9922416601267805 7.718194268782506 69 49 15 0.33547790209337092 25 296 26 183 27 132
719 0.89584149028715199 -0.31175756551160494 7.6101185027434379 62 60 68 0.06087308369815158 25 331 26 200 27 154
720 -0.10996920490971412 -0.29128121591105144 8.204809450692629 116 145 157 0.90949677591496414 25 333 26 205 27 158 30 488 27 384 43 419
722 -0.54107448091690036 -0.081129003864357313 8.4885639486773119 41 64 124 1.0288437498093073 25 350 26 218 27 23 30 39 36 370 45 53
723 0.93585305016554321 0.0040754158458823769 7.6250170955608461 161 158 151 0.75705072193535972 28 83 26 232 45 62 3 449
724 -0.35675701197116533 0.091764392475000428 8.3996576807901544 79 91 102 0.52766815040447812 25 366 26 242 27 308
725 -0.51580217037987708 0.10779298214534641 8.5168119268492379 98 106 109 0.68364894701211643 25 108 26 245 30 56
726 0.97281413741145117 0.20030928046951935 7.6441300735338356 110 105 101 0.33728995559473685 25 135 26 250 27 59
727 -0.38498854885333539 0.2272132870474334 8.437305992492 167 167 170 0.2112024295113199 25 385 26 251
728 0.48316100665260614 0.231698040414727 7.9312077252045956 77 108 136 0.14521533865397426 25 144 26 253 27 61
729 1.2841815624655362 0.23731456864381903 7.5133076226894797 86 69 41 0.34534441836539631 25 390 26 257
730 -0.50649410542596085 0.27120948673441225 8.5467828802575418 96 104 109 0.74890258706303026 25 150 26 258
731 0.95771714576609501 0.2572609119679633 7.6372738067476602 120 115 111 0.2509795791809028 25 151 26 259 43 108
732 0.95771714576609501 0.2572609119679633 7.6372738067476602 120 115 111 0.2509795791809028 25 152 26 260 43 109
733 1.035631636220941 0.27294641406653181 7.5991940406593406 132 128 122 0.24286195536530045 25 398 26 264 43 301
734 1.0824549069862068 0.28830582688258577 7.578441746212973 130 127 120 0.36780043678882518 25 157 26 265 43 305
735 0.94139901051758235 0.41548129789938043 7.6570517503107185 155 151 148 0.64437104594207351 25 418 26 277 27 83 43 137
736 0.99186253195752538 0.41659992183599442 7.630557419303722 159 156 151 0.42299382617215198 25 595 26 278 27 332 43 490 5 160 1 91 7 154 10 64
737 0.052397949178707964 0.48296584283339328 8.1969407668344765 23 42 100 0.63287479840316618 28 406 26 284 43 136 45 337
738 -0.60377069432978336 0.50828319684626688 8.5803913542825612 44 69 82 1.1612411369426066 28 182 26 287 27 215
739 -0.24381522066271896 0.52232818034743145 8.4089606779088992 167 163 162 0.17988921965493712 25 436 26 289 27 220
740 -0.12425862932551307 0.52799259523519659 8.3280333278216521 77 63 33 0.29502152355740513 25 438 26 290 27 221 30 103 45 123
741 0.47240743217507286 0.52033176753425248 7.9707142390577479 35 67 92 0.067849247801605977 25 202 26 291 1 147
742 0.1253773764526814 0.63472473099495874 8.1782669370362733 155 131 68 1.2216644735100977 25 231 26 307 42 423 43 344 31 171 33 203 32 180 40 174 34 137
745 1.6283164147990874 0.77010205367627149 7.3642625697079831 20 28 69 1.3118567485712116 28 274 26 321 27 125 30 460 42 233 40 197
746 -1.1736523070808713 0.89138841077817854 9.0012144907582137 135 113 68 1.1463030188285113 28 277 26 323 36 247 45 358 21 124
747 1.0269437604751788 0.83955353092680285 7.6887906068140399 153 152 149 0.42422083263466936 28 443 26 324 30 311 43 194
748 -0.85373250933610179 0.92103256792602251 8.798764678937852 42 43 37 0.81287532444199906 24 239 26 325
749 -0.84701917512500702 0.92519290112218211 8.8124979771786141 42 43 37 0.90152532331404156 25 486 26 326 27 128 30 150 43 183 36 253 45 144
750 1.7295347473061662 1.0047628179214485 7.3290363826507754 117 130 143 0.036180791619081852 25 499 26 332
751 1.6179766046342707 -0.64121950989945264 7.1485956679911151 145 181 199 0.5739139737856056 24 403 26 336 33 452 32 441
752 1.0325956328471959 -0.53314642119642353 7.4895424061185336 162 156 151 0.45212591176884304 25 512 26 340 30 482 43 379 45 197 1 69 39 244
753 0.85567761530442654 -0.53335347561072488 7.5995820318504066 159 155 150 0.69292241285956524 25 509 26 341 27 265 42 17 43 380 22 58 36 523
754 1.6004558883633806 -0.48008062603506868 7.1859974859321856 133 14 33 0.79592774272085254 28 468 26 342 27 266 31 258 36 525 45 200 45 432
755 0.45508312713632681 -0.38756788712492812 7.8568576554419085 93 125 140 0.37540692900024181 25 325 26 346 43 29
756 0.45599144723848012 -0.38692629162732373 7.8564907337360141 93 125 140 0.55417500172119927 25 326 26 347 27 7 30 20 43 30
757 1.6484549485744437 -0.3928368129678429 7.2505298329292902 105 123 134 1.4074135786899697 42 311 43 403 31 469 33 295 48 234 41 33 38 28 44 373 27 273
758 0.97780450038778777 -0.22120103564724494 7.5643558200880099 116 111 105 0.40845537236716645 25 50 26 356 43 256
759 0.97780450038778777 -0.22120103564724494 7.5643558200880099 116 111 105 0.40845537236716645 25 51 26 357 43 257
760 0.46697880689485421 -0.18275996664711322 7.8755896540578778 94 125 143 0.39255624972096509 25 340 26 365 30 31
761 0.46697880689485471 -0.1827599666471133 7.8755896540578796 94 125 143 0.39255624972094516 25 341 26 366 30 32
762 -0.73098489652825516 -0.027125403951923678 8.6452915780541471 120 149 163 0.51395145543667842 25 74 26 383 27 30 30 240
763 1.2656812606117982 0.072823416024044282 7.4608902694072139 108 134 148 0.69053511563703773 25 570 26 390 27 186 30 520 42 542 43 457
764 -1.4571986854748924 0.25700940247811427 9.1398212193044781 13 27 69 0.87351091467402653 28 379 26 404 30 260 45 102
765 -1.5210913288690298 0.32472976516461555 9.1776096543574361 59 68 97 0.53655394829967562 24 446 26 406 43 103
766 0.27404771063900102 0.31100867806051413 8.0551015769697205 110 87 43 0.87585884393279523 28 385 26 407 27 323 34 101
767 1.2076041237716526 0.33863358144602307 7.3638189796490847 106 79 32 0.40602212250271164 28 149 26 409
768 -0.73957460742747982 0.35884888519774438 8.6842093654692682 56 81 87 0.1298840371258054 35 319 26 411 27 325 31 359 33 367 34 320 45 325 21 195
770 -0.039730839431191128 0.39039510584565262 8.268809164840718 126 92 15 0.52735233526018155 25 591 26 417 27 329 43 310 21 59
771 -1.0033992710835988 0.42424281033768696 8.8397343759999085 123 155 169 2.0016799478293081 28 391 26 419 43 119 45 115 28 161
772 -0.2629324393368595 0.41785562547521088 8.3757244204054029 170 170 168 0.52326339090980911 24 454 26 422 30 276 42 391 31 130
773 -0.35546668716281654 0.4252527160808478 8.4642752202067886 31 32 34 1.0362316731903356 28 528 26 424 27 81 26 98 31 133 42 152
775 1.4057001442121881 0.69511231195657619 7.4478538306495148 101 137 151 1.2892814494824523 25 731 26 443 27 456 45 135
777 0.53467940799635361 0.85850493450622789 7.9877286345971541 87 121 133 0.51948927532510469 25 485 26 456 30 152 43 354
778 1.9119559439961014 0.93561707763122648 7.1837207627306787 163 201 221 1.8529749912495475 25 494 28 629 35 384 26 460 32 426
779 -1.5691675976395629 0.11776864987446901 9.1934712316902498 8 26 72 0.56911757708010613 28 598 26 501 27 480 30 516 32 602 34 543
781 0.49940573165986646 0.19896822106868423 7.8868071850943853 45 75 112 1.4453928583277043 25 131 26 512 22 77
782 2.0345004484523783 0.21574989297269836 7.28362840049643 210 223 231 0.12676318802940034 25 699 26 517
783 1.2582415340035487 0.28326965230627299 7.4839660098029395 72 53 20 0.81300940594713078 25 587 26 522 27 428 43 117 22 146 19 40
784 0.72738761409707275 0.32926216972953692 7.7884776708261203 112 83 39 0.94532411973136099 25 406 26 524 27 430 39 228
785 -0.99546088639595631 0.6468222543534663 8.9026148688954763 153 148 142 0.43913712865934712 28 550 26 550 27 348 30 434 43 337
786 0.5215784739936985 0.6662370581370759 7.9723313849578386 90 123 140 1.7955165745364006 25 459 26 554 43 346 45 350 25 466
787 0.52180379193192172 0.66692395979507102 7.9719581309184298 90 123 140 1.6083671516524769 25 460 26 555 27 455 43 347 45 351 25 467
788 1.2019915051699417 0.80596812326636358 7.62496824446752 144 143 140 1.7772365571270206 25 637 26 560 22 153 1 66 23 132 29 122
789 0.53483341575160936 -0.011684231260729826 7.8435223884173686 107 140 155 0.76016505142778878 25 677 26 583 27 399 43 568 1 246 39 315 22 165 19 88
790 0.73817379743609524 0.1903093085707343 7.7569540453724155 69 47 7 0.40253207300871419 25 692 26 591 27 418 30 599 43 583 36 637 17 158
791 -0.47625160798289273 0.23221361075517186 8.49669572007749 103 112 117 0.49520491061828792 25 695 26 595 27 422 21 52
792 0.7640683310608084 0.23467397672106685 7.7547955335158054 153 154 148 1.0626086553719116 25 698 26 599 27 424 42 133 22 207
793 -0.77677614838625597 0.26143811981079035 8.6946335167645525 118 154 168 0.64703488826766564 25 770 26 600 27 488 31 583 32 605 21 153
794 -0.5301171858899637 0.56872683669001778 8.5824065461490466 20 40 87 0.79781933438647701 24 548 26 606 27 443 42 772 31 542 27 342 34 482 45 500 21 119
795 1.4415583076485927 0.67949057783758948 7.4347135737745873 76 96 127 0.22765711801108152 25 729 26 610 27 498 43 603
796 1.4415583076485927 0.67949057783758948 7.4347135737745873 76 96 127 0.22765711801108152 25 730 26 611 27 499 43 604
797 -1.5548566716835632 0.28429679757740883 9.1841225559718325 11 25 70 0.72227065838292026 24 642 26 645 45 602
798 -0.27683915291751221 0.45729283312553493 8.4169808451973669 176 152 158 0.90083734449088304 28 708 26 652 30 653 42 727 43 682 33 633 36 697
799 -0.50059435937968566 0.4961655418740667 8.5504709673628447 39 64 128 0.32704432079571982 24 653 26 655 21 205
800 -1.2929035467987109 0.66414249460001495 9.041427426228001 104 78 27 0.61556598277114849 25 826 26 658
803 0.91725017501482053 -0.54347808786931262 7.5667658313741386 95 72 18 0.48301045823911942 24 701 25 875 26 708 27 595
804 0.97606050021226964 -0.54284863663155603 7.5301247871912036 94 72 20 0.82771040325884526 24 704 25 878 26 711 27 598 21 228
805 0.60956997999381857 0.37098490054059535 7.8977872518148953 106 142 157 1.4720282474257651 5 416 1 477 7 386 17 317 12 251 10 304 43 774 19 316 23 286 20 294 25 923 26 755 29 259 36 825 39 498 45 828 21 331
806 0.60233180089166349 0.36305055343321913 7.8560462269048701 106 142 157 1.1126098162019045 25 924 26 756 43 775 36 824
807 -1.2589030640614416 0.028964132738108023 8.9592337806055458 31 43 99 1.2043886797846228 28 834 26 784 27 663 42 834 43 788 31 761 32 782 45 841
808 -0.44426289022940407 0.53810097875072993 8.5200066897972455 21 41 100 0.39411611108845085 28 841 26 794 27 670 30 800 42 857 43 802 31 779 33 831 32 797 45 859 21 394
809 -1.5140402357149669 0.2278754370316389 9.1850880047873407 76 82 111 1.6622955793518377 24 136 25 134 26 71 24 316 35 100 28 125 25 384 27 58 42 118 31 103 33 133 32 126 40 123
811 1.7255074802539652 -0.63519899584149442 7.1169474397974044 117 161 182 1.9650548159284722 24 4 35 2 28 303 25 311 28 568 26 466 28 682 25 741 24 565 27 261 31 607 33 1 31 245 40 21 32 623 34 0
812 -0.54714851465604508 0.66247957979981631 8.6151218146923956 110 146 166 0.74640793133528882 24 477 35 160 28 554 25 625 26 552 28 626 25 727 30 440 42 421 43 339 31 167 33 194 32 181 40 172 34 138 36 221 45 688 21 67
813 1.0357943190807013 -0.33833233269307345 7.5228432245077244 56 54 57 0.042399582047460964 25 34 26 11 27 9
814 0.81439498864532589 -0.31547507865715479 7.6634039239043537 157 156 151 1.9835529086017769 28 26 27 12 45 18 1 101 39 234 22 60 21 32
815 0.90339461992375036 -0.17259237848861855 7.5877352226413182 149 145 142 0.60442736920619389 26 25 27 16 42 70
816 0.21962804746560552 -0.013842440545906708 8.0306338226186806 20 32 72 0.24107404847734437 28 352 27 32 31 80
817 -0.76524777027772428 -0.0012344152419271589 8.6746289756911761 65 85 96 0.40681712943593307 35 288 27 34 42 537 31 328 32 328 40 324 34 293 36 564 32 510
818 -1.1333581572666129 0.10033997330897769 8.913840918197506 23 39 88 0.51273503941990706 25 105 27 44 31 91 32 105
819 -0.72123147004960209 0.16583294008333571 8.6461275482159952 116 148 160 0.34149071502847372 28 114 27 52 31 99 33 129
820 0.92175828504804425 0.18404443619506777 7.6529915479469031 19 18 13 0.50502779385048702 24 128 27 55 42 370 43 465 34 89 36 157 4 220
821 0.92171851021646034 0.18383749453535828 7.6529982873179208 19 18 13 0.55082968846647218 24 129 27 56 42 371 34 90 36 158 4 219
822 0.94238446766708905 0.29194768475639327 7.6540630636952276 138 135 130 1.4026289755275752 26 85 27 69 30 82 45 103
823 1.0086125743002219 0.29322744191460998 7.6353562994772997 65 62 57 1.2627313032346608 26 268 27 70 31 124 39 106 3 167
824 0.99018619862043833 0.37217476805615168 7.6435483540407319 151 147 144 1.962367900661778 25 171 27 76 30 278 42 156 31 529 33 547 40 521 28 615 25 709
826 -0.87062535147153974 0.57604455573371627 8.7673519780381586 127 109 68 0.80782233739987852 26 124 27 96
827 -0.83042845352923345 0.84924397158132947 8.7701940347618645 113 99 66 0.87727087097063594 25 282 27 123
828 1.685525075180516 0.75130521734846711 7.2956546945598806 17 29 71 0.4649516557479087 26 165 27 124 30 310 45 357 26 164
829 -1.772174071762475 1.2512508479753608 9.3257251891917985 47 48 46 0.02089729567063682 28 300 27 137
830 -1.772174071762475 1.2512508479753608 9.3257251891917985 47 48 46 0.02089729567063682 28 301 27 138
831 1.491516638363956 -0.42184619763926867 7.251393952575298 110 125 140 0.62359673821232586 25 323 27 146 30 188 42 302
832 1.4949830211396966 -0.42218960268844152 7.2562691855257357 110 125 140 0.58216154888947802 25 324 27 147 30 189 43 223
833 0.74784926017421705 -0.3162798600688897 7.6753853007073856 105 131 141 0.12864127346400939 25 38 27 152
835 1.0356936830848267 -0.20477124001590266 7.5212710025589047 93 86 80 0.70733166631591449 25 55 27 161 43 261 22 51 26 360 21 33
836 -0.66017821150023159 0.04348691652153177 8.5300527408182507 64 80 88 0.73033483723882275 26 237 27 179 33 110 40 98 36 140
837 -0.65713331275660847 0.081548693541651354 8.5383939001373008 60 84 97 1.3531391863874658 26 239 27 182 32 103
838 0.93147254612165675 0.14396955976645567 7.6216117564667334 159 154 150 0.75885991774930839 24 307 27 190 42 365 43 296 2 654
839 0.71851408071425071 0.16048752959505749 7.7633979267686399 105 77 27 0.58658039621525082 25 124 27 192 42 367 1 118
840 0.50148685771365242 0.16991197652056467 7.88435684393174 100 133 153 0.67120995855870835 25 125 28 371 27 193 40 116
841 0.047109365353233366 0.38670435968670053 8.2195600541333338 23 18 21 0.22582011998129317 25 593 27 201 30 412
844 -1.1255853155726192 0.47351764944436675 8.9449615469287096 30 24 22 0.74942952896657211 25 185 27 212 42 160 43 314 31 136 33 161 36 189
846 0.098831516230699717 0.50013358752459369 8.18120941810154 70 73 105 0.63790247516930765 26 288 27 217 30 101 42 174 31 143
847 0.25170511191197598 0.64925055814986099 8.1451301463235044 118 143 155 0.071900543329264849 25 457 27 231
849 1.0748520653816185 0.79736448181530095 7.6810785890889131 148 147 146 0.066477985924975697 25 278 27 244
850 1.857098194164247 1.0684414931977846 7.3130954716244494 133 169 185 1.5367593718321053 25 303 26 187 27 258 40 718
851 0.62516658857527074 -0.61041076447246467 7.7523778084856563 122 163 182 1.1820314238801188 24 495 27 264
853 1.5618522615912342 -0.27910010420048426 7.2227062333630911 100 118 125 0.14298676114685643 26 354 27 278
855 -0.11581160541538295 0.11631066199601847 8.2541860585751081 166 158 147 0.023800964558823266 26 393 27 311
856 0.63885725738006804 0.14644755773056098 7.7868963576301633 104 135 150 0.64750887804956114 25 120 27 314 43 461
857 0.74127682716602838 0.27518477537406655 7.7634556349309998 50 31 2 0.44981241704300029 26 519 27 321 22 68
858 -0.17478845533486168 0.5825064343047075 8.3444609127126288 163 157 151 0.46127268305503477 25 620 27 346 30 433 43 501 45 501
861 -1.206402081074629 0.86174888908724723 9.0632031049170774 100 95 88 0.46074741308165013 35 517 27 357 42 588 43 179 33 562 40 541 34 494 21 160
862 0.80771954969285453 0.79909936829586126 7.7862742213003218 102 131 139 0.68568908713368482 26 450 27 358 30 458 26 558 45 510 21 123
863 2.0850868012137482 0.91651014078446613 7.2376502419208348 229 233 236 0.72170391528904543 28 456 30 569
864 0.72465707394375634 -0.41781427252702313 7.6573406552451244 107 137 148 0.6196853225664849 25 516 27 378
865 -0.10906939488798163 -0.2973588033536444 8.2108380527502192 110 141 155 0.9218379477337405 26 204 27 383 30 487 43 418 45 582 21 139
866 -1.5710799609926098 0.062460511987527854 9.1959053999929417 10 27 71 0.98288273037275031 26 491 27 403 30 513 32 98
867 -0.40361758579191237 0.099401995744437033 8.3897702748309761 108 130 151 0.41092619419317328 26 497 27 408
868 -0.39337537005775319 0.097810920807446702 8.4276954695890645 108 130 151 0.80188922908796256 26 498 27 409 30 395
869 0.45691876037371454 0.13131332165023235 7.8967715781678329 16 41 77 0.78254862369595035 25 685 27 412 14 153 11 141 39 219 8 142 22 173 10 146
870 0.45719215484591652 0.1297296838663056 7.9143918949194081 16 41 77 0.36244789338184114 25 686 27 413 14 154 11 142 17 161 8 143 12 107 22 174 10 147
871 -0.79084877631629868 0.19213559141111078 8.6779330487152944 114 147 162 0.75302673997845915 26 508 27 416 30 525
872 0.51296731534448459 0.54577650794632659 7.9658092872740323 97 130 145 0.95419805927440982 35 591 27 444 30 614 43 598 31 594 45 687 1 250
873 -1.25500418645295 0.61473791903794928 9.1347296925489001 120 100 66 1.4603908860516748 25 452 27 445
874 1.4122338263454324 0.77211939036318566 7.4450833885123773 101 133 148 1.1746375840093271 25 274 27 459 30 563 43 189 45 356 45 630
875 0.4137948868767618 0.11498384417894912 7.9237365925296315 105 138 153 1.859301830070843 25 683 27 479 30 57 25 114 43 575 1 148 39 51 22 84
876 0.2863405656463715 0.27727605914435466 8.0339048565473323 122 94 39 0.84519135472642448 25 771 27 489 43 586 21 112
878 -0.95406572213783825 0.75970294935927418 8.8864116062732208 175 171 168 0.21466728701976531 25 781 27 497 42 657
879 -1.1613726665557595 -0.50974626000041223 8.8506781468078231 162 134 96 0.46047954719385986 35 604 27 511 43 615 31 609 33 651 32 627 40 624 34 574 36 667 45 652
880 -0.27422384458198984 1.047871287009278e-05 8.3639420243415241 177 162 162 1.6392195316410347 26 636 27 520 30 639 42 348 43 628 36 127 45 668
881 -1.2562419684895798 0.15121328523224575 8.9753427849709055 24 39 99 0.77690910677397784 25 849 27 523 30 643 42 713 43 636 33 666 32 643 40 642 34 591 45 675 21 293
882 -1.5021703112195921 0.34624622057464149 9.1719840647259314 85 91 122 0.34739819212142997 35 619 27 529 30 602 42 684 43 639 31 627 33 669 32 649 40 648 34 598 36 690 45 605 21 249
883 0.17576259138442371 0.8287647909287128 8.184152239744213 45 78 59 0.68054920419913623 25 827 27 538 30 659 45 695 21 210
884 0.17576259138442371 0.8287647909287128 8.184152239744213 45 78 59 0.68054920419913623 25 828 27 539 30 660 45 696 21 211
885 -0.68545174066346515 -0.02825944820762083 8.5999249378854117 119 153 165 0.24504417436611581 26 717 27 559 31 699 21 286
889 0.93657685694311088 0.9553405224219168 7.7709356085760586 151 150 146 1.5995359385142831 28 754 27 593 3 1293 4 1490 9 289 17 293 42 779 15 1065 18 144 39 456
891 1.5340581746689081 0.98885992583322524 7.4356639555614006 16 33 79 0.95108219136000127 35 740 27 620 42 807 43 763 31 740 33 791 32 760 40 772 34 722 36 784 45 811
892 0.59369927307226023 0.08637253057120152 7.8324621823302554 103 136 151 1.2319902602439354 25 937 27 627 42 818 45 796 39 500 18 188
893 0.16193621170471395 0.74359438913726184 8.177509501061321 43 10 0 0.84839351752333847 35 733 27 635 30 770 42 824 33 783 34 715 36 803
894 0.96718260979850601 0.22867141149501274 7.6406831773053998 158 154 150 0.71818918228448536 24 318 25 387 26 255 27 196 24 319 35 313 28 381 42 377 42 378 43 300 40 342 4 692
895 0.93592087793663881 -0.55047509846326914 7.5772365893529496 56 40 6 1.6722703442434299 28 764 25 876 26 709 27 596 24 702 35 742 30 755 43 765 31 741 33 792 32 762 40 776 34 725 36 811 45 792 48 313 47 316 21 348 46 295
896 -0.22276167638045907 0.59840016546445263 8.3891564788998387 173 136 60 1.000552746499858 35 350 28 548 25 622 27 103 35 151 28 208 30 436 43 338 31 156 31 395 33 398 32 174 34 132 34 347 45 344
897 2.0739242876305015 -0.50534227382440022 6.868455340220466 209 213 216 2.3265283161338939 35 11 30 6 33 18 40 31
898 0.91979024225631867 -0.54762549492709611 7.5465702777869925 111 88 40 1.0984237074463361 24 9 30 7 33 13 2 259 3 441 15 239 29 225
899 -0.56682196347806157 -0.16286033256100138 8.4282275282961017 69 82 80 1.2822441450734341 26 24 30 33 42 73 43 52
901 0.20965313449852216 -0.069946746411294683 8.0363468504863924 20 31 80 0.29455299222129155 25 68 30 40 43 68
902 1.0009086101781259 0.18904249445457849 7.6249308391852404 153 150 145 1.2726546836959376 28 123 30 66 45 475 36 403
903 1.0045667592576712 0.33237621712587306 7.6209004774504887 145 144 140 0.47058361591977921 28 148 30 86 42 148 43 122 36 175 3 162 2 260 15 241
904 0.17899264257855341 0.63357063586482487 8.1571221246816119 163 131 75 0.73855574142777958 24 367 30 123 33 205 40 176
905 -1.2740940886027705 -0.45729169722720248 8.9741452789604921 165 143 107 1.4084647985501662 35 552 30 190 43 19 40 585 34 535 36 617
906 -1.3439720765691585 -0.42249770886952642 8.9815488620939252 144 116 65 0.33816344402981158 35 39 30 195 42 308 43 23 31 29 33 45 32 41 34 29 36 74
907 0.96565078212932121 -0.19128691380917373 7.5961337476379756 155 150 146 0.19336408275886405 26 213 30 222
908 0.46036970104729991 -0.074981033660744587 7.896892460141359 100 135 155 1.4070321007837729 28 73 30 232 3 866 15 876 21 178
909 0.90766125037222456 0.034712426933646109 7.6237994782985794 161 158 153 1.6087481224946538 26 234 30 249 36 137 45 67
910 -0.040060684748428915 0.39191051123347787 8.2579413299096345 107 75 3 0.36935455115010418 25 592 30 273 43 311
911 -0.70794303406600056 0.44180574594140831 8.6926070693046729 120 150 160 0.67829803093888119 27 330 30 280 43 125 45 116
913 -0.45089116755732306 0.52799432618213815 8.5293504078991713 23 43 100 0.72475158025629327 25 435 30 291 43 328 32 378 40 153 36 202
914 -0.35237626714684861 0.54537640363929241 8.458881498822814 21 33 35 0.59040100658687433 25 610 30 292 42 411 33 391 40 364
915 -0.22220955706878864 0.67632554741411088 8.4269748320292894 125 64 10 1.6197330454963224 25 246 28 239 30 300 31 180
917 0.91069486569072755 0.67497111923764885 7.7069434920265572 158 153 148 0.37278854595469779 25 252 30 305
918 -0.024705650432939985 -0.16764033749888976 8.1626217215989509 96 76 43 0.29429040050504657 24 53 30 365 43 264
919 0.1940299123314686 -0.1060449852705492 8.0511898556119732 15 33 84 0.60575573650477865 28 489 30 374
920 0.0051454376645684299 -0.072685633397517505 8.1539261877384988 22 37 92 0.69413801407122888 25 544 30 376 43 67 25 351
921 -0.33701654449808577 -0.079451608967467849 8.3697379382493402 41 63 120 1.0989171692666981 25 664 30 379 43 435 33 517 32 505 34 59 42 81
922 0.91886654959239167 0.41105363052017491 7.6695790816101219 85 82 75 0.70379173018276631 26 275 30 415 42 402 43 483 45 334
923 -0.5046346142513235 0.53891583659775577 8.6056579199574195 44 66 126 0.58049257462554726 35 502 30 425 42 578 43 494 31 540 33 389 31 384 32 380 40 529 34 480
924 -0.35329753223371274 0.74284158781945286 8.4839682360539292 117 142 155 0.57098670678574515 27 238 30 451 43 349
925 -1.2433028996211957 0.93116904248904708 9.074183685442895 123 102 59 1.1112995350500694 27 460 30 457 36 602 45 146
926 1.0327508414985422 -0.53301672711962744 7.4888738953114453 157 154 145 0.64917139186035977 25 511 30 481 43 378 36 520 45 196 3 728 1 70 39 243 17 148 19 220
927 2.0800436321991858 -0.16511889985495881 6.9718618771052201 226 230 232 1.0958469635040125 35 273 43 269 34 279 45 238 36 363
928 -1.4651613069886273 0.11806821096874441 9.0994729003760764 16 24 72 1.1504231355085395 27 410 30 517 45 470 21 107
929 -1.5589256269405611 0.33899797303695234 9.183932110860745 7 22 65 1.014699881738311 27 429 30 529 45 323
930 -1.0075507473304888 0.49992404104565247 8.8950152303568402 178 176 164 1.1323327911347221 28 178 30 540 45 121
931 0.94712461744167475 0.67250511370775423 7.7067288968033836 63 60 55 1.0134066102131492 28 254 30 558 43 601 33 215 40 380 36 452 45 690 2 661
932 0.94712461744167475 0.67250511370775423 7.7067288968033836 63 60 55 1.0134066102131492 28 255 30 559 43 602 33 216 40 381 36 453 45 691 2 660
933 2.0620780749529342 0.96406938329890512 7.1764083675559451 219 225 233 1.0236336878211836 27 369 30 571 42 262
934 0.85537245988324906 -0.53019068945184877 7.59932597899006 154 150 141 1.0677708000646602 25 510 30 575 42 18 43 381 36 612
935 0.082065366308466767 0.015454858043322124 8.1480956113293033 146 152 170 1.2117954914800031 24 587 26 585 42 538 24 516 43 569 33 663 32 640 40 636 30 590 36 382 45 669
937 -0.98744072895168389 0.94514087417208792 8.9055714463446716 33 45 98 0.7780776543040917 27 543 30 661 43 649 33 678
939 -0.38277204457690756 0.76846287991510842 8.5041082158628427 115 145 159 0.84158453835681135 25 868 30 716 45 693 21 264
940 1.2187200979100854 -0.58113772363429783 7.3378905617644454 105 139 151 1.7668885189745396 35 718 30 754 43 742 34 664 40 719 36 788 42 809
941 0.57745488749397633 0.17199775945974408 7.8849213375859524 104 138 154 0.80027269625985464 35 724 43 749 31 730 33 774 32 742 40 758 34 707 36 794 45 798 3 1318 4 1516 6 1557 2 1401 15 1096 5 395 1 431 7 371 9 291 14 306 11 302 17 298 8 272 12 237 22 304 10 287 19 319 20 295 23 287 29 260 18 172
942 0.58001646733815748 0.16997128015198659 7.8888161121842177 104 138 154 0.73305702814694951 35 725 43 750 31 731 33 775 32 743 40 759 34 706 36 793 45 799 19 318
943 0.15984187263617711 0.74549399796117599 8.1680556526724395 109 85 27 0.9125009390878982 27 636 30 771 42 825 33 784
945 -1.3785495956497109 0.59639361605615404 9.2782747193482962 17 36 92 1.1770087263981521 30 783 42 839 43 792 31 765 33 815 35 765 32 787 40 801 34 746
946 -0.65743715077027687 0.67825578696278099 8.6426074946686295 115 151 165 1.4653096358353155 35 766 30 797 42 854 43 807 31 782 33 818 32 790 40 802 34 751 34 761 36 841 45 844
947 -1.3352275464843355 0.019614539882740992 9.0260500387756579 28 40 91 0.41195819319440591 24 435 25 556 30 43 24 434 28 355 25 555 26 233 42 349 42 350 31 82 31 83 34 70 34 71 36 129 36 130
948 -1.1550974608272659 0.66890722616204212 8.9842864439586627 113 103 83 1.9517735830057841 24 211 28 224 25 235 26 139 27 106 30 114 28 228 25 243 26 308 27 110
951 1.5745916549023116 -0.55286181090841346 7.1890728194327229 20 18 25 1.2426400248812675 24 11 25 13 30 574 28 684 25 742 26 626 27 510 42 13 43 6 43 614 31 608 32 625 40 24 34 571 36 324 36 665 45 651
952 0.0068607736921809008 -0.28963512106553552 8.1334209614311277 103 133 143 0.88483376346423503 24 625 35 608 28 687 25 796 26 630 27 514 30 581 30 673 25 838 26 670 42 671 43 621 31 614 33 656 32 633 40 631 34 580 36 720 45 658 21 233
953 0.93694744302904132 -0.63917574711848868 7.563252318057601 147 189 207 0.30299920612279269 28 1 42 8 31 4 33 3
954 1.9964052212433203 -0.53047890719747726 6.8691985372884652 215 220 224 1.7918869462513292 30 176 43 7
955 2.319937588963275 -0.59915996391090365 7.5918108794653243 210 220 224 0.29192893831956207 30 10 42 15 43 13
956 2.319937588963275 -0.59915996391090365 7.5918108794653243 210 220 224 0.29192893831956207 30 11 42 16 43 14
957 2.3893633335429127 -0.55965809061467231 7.6401209217370072 219 224 228 0.2311279173913611 30 15 42 24 43 20
958 1.0388165916900152 -0.33957595328782492 7.5393003800570204 41 37 48 0.1299981167513761 30 205 42 44 43 232
961 -1.5066993472501156 0.23606662510124371 9.1550104711601801 137 144 173 0.25037221658043562 35 101 42 119 31 104 33 134 32 127 40 124
962 0.46594847756219121 0.19100189803603648 7.9131856482804208 104 135 160 0.87689510461280717 30 259 42 122 36 161 45 92 6 814 15 334
963 0.093014599227743855 0.28147005402332964 8.1918369646707987 39 58 116 1.0908266778132876 24 325 42 135 40 130 25 154 36 170
964 -0.3840393962235541 0.36075452060220226 8.4533610539444766 44 52 55 1.4722566612372967 24 330 42 141 40 133 36 177
965 -0.39287137817652745 0.34940777371333781 8.4092489683883773 44 52 55 0.57783098219002071 30 267 42 142 43 113
966 2.223493703628447 0.30249712990310546 7.4497683674837658 237 246 255 0.99361093284032675 30 272 42 146 43 131
967 0.97711885961873735 0.3611968036806279 7.6278143005394607 151 150 148 0.26028562424829316 30 277 42 155 2 271
968 1.0605507802214018 0.38877208516773654 7.6151799200096342 148 149 144 0.49132234461633884 30 93 42 163 45 109
969 2.2676810687523461 0.41673695344553402 7.2102862514151358 196 196 197 0.85481123880161913 30 99 42 178
970 0.17757275335808034 0.54144720292377191 8.1493823144649653 138 144 161 0.66348210436901034 30 431 42 186 43 499 33 179
971 0.24294556618506358 0.58241938127825266 8.1302952167842157 22 31 76 0.2441883816395638 25 217 42 196 36 217
972 0.14202001761976593 0.59152765480178682 8.1354767278269726 142 145 162 0.64134642648457851 30 435 42 200 43 503 45 619
973 0.087344301255908058 0.60646295760548219 8.1784206760562164 38 59 114 1.0782428061098168 25 222 42 205 36 220
974 -0.21109347350861751 0.64615064831787039 8.3903917697015817 174 137 67 0.25348439558452851 24 208 42 210
975 0.21461200656270485 0.67527679444494459 8.1510169188842578 159 128 74 0.23338749451312046 24 217 28 244 42 218
976 -0.4707453026429701 0.74783394487893973 8.5752177951579291 108 144 162 0.47130167652452942 24 385 42 221 32 194 36 236
978 1.5371087357809159 0.72367159482139409 7.4496826580158055 19 28 67 0.54520292886298771 30 147 42 228 43 184
979 2.1634161419772773 0.72111273727634173 7.0054029878364235 191 195 198 1.3950817581909745 35 184 42 234 33 230 32 208 40 395 34 166
980 -1.107508175108082 0.9894208324352558 9.0248698138063546 28 26 29 0.38069757284730538 28 449 42 236 43 186
983 -0.10109827383570616 1.196937502947014 8.9434389111336223 75 102 112 1.2761646888726426 30 161 42 260
984 1.7771221276201248 0.96656692874157446 7.2652527541669549 98 127 148 0.013106626234413565 26 182 42 261
985 1.9577605947766281 1.0368609496355305 7.2461877710492191 176 214 235 1.780163492155445 30 164 42 269 43 612 31 241 33 270 36 470
986 2.1977683963974237 -0.69316844687835899 7.5253303328086973 208 225 235 0.16242547419497441 30 166 42 273 43 204
987 2.4938653642011497 -0.6808524161736178 7.6797574248253078 185 189 192 0.016192115462842833 30 172 42 279
988 2.2631925027189088 -0.6370843853131587 7.5666050191580192 211 224 232 0.15514888774656679 30 174 42 281
989 2.4509745204297282 -0.64134431742417919 7.6344537995626052 216 220 223 0.19430519975410399 30 177 42 283 43 209
990 2.4509745204297282 -0.64134431742417919 7.6344537995626052 216 220 223 0.19430519975410399 30 178 42 284 43 210
991 2.309238363912598 -0.58530673849880432 7.6148771565989604 188 202 207 0.71751447918713163 30 181 42 286 43 17
993 2.4574559386051726 -0.57166201203462663 7.6620062310106478 220 224 227 0.21534856763763521 30 339 42 289 43 212
994 1.5309849896399068 -0.44236943540718648 7.2537034870724515 99 17 38 0.54584600107443426 25 28 42 294 43 388
995 2.4523231747174146 -0.50013699373896936 7.6627023269316492 219 224 228 0.19675840388732624 30 347 42 295 43 224
996 2.3974690886278442 -0.49253774946140066 7.6557615682966427 214 221 227 0.23532516987772145 30 192 42 297 43 26
997 2.2369950694678891 -0.45334874523090918 7.5838055253219707 183 202 211 0.22105387029432286 30 196 42 305 43 405
998 2.2369950694678891 -0.45334874523090918 7.5838055253219707 183 202 211 0.22105387029432286 30 197 42 306 43 406
999 -1.3750505541382814 -0.40360008121503327 8.9882383231082414 174 171 177 0.44884872739262549 35 42 42 313 31 272 32 47 34 31
1001 2.1032162513548038 -0.31613894720364061 6.925520144002272 214 222 225 2.4034069214996947 35 44 42 319 43 37 36 72
1002 1.637108459686005 -0.23660849238588161 7.1923147639657845 106 127 134 1.5163308465099863 27 159 42 332 46 89
1003 2.2167006237884204 -0.21028412040430772 7.5579745706004768 202 223 235 0.26784044984896604 30 366 42 335 43 433
1004 2.160711302494934 -0.085158441587718778 6.8645312788229091 193 194 196 1.2400982539542991 35 562 42 343 32 499 34 537 45 249 40 494
1005 -0.30031207189585007 0.080467026273743802 8.3699765771506396 174 140 156 0.33848147592500161 28 505 42 359 43 285 34 81 36 391 45 79
1006 2.0546735615762057 0.12060169443561732 7.0472413680556949 195 205 214 1.1680594288918051 35 483 42 364 33 536 40 509 34 465
1007 -0.45160845442878611 0.23102268196315504 8.4831793023214566 38 47 52 0.082761745277789359 28 376 42 373 36 406
1008 -0.41833119172907068 0.25522558852623056 8.4646548586481529 124 134 146 0.077837423210683876 24 445 42 376 45 99
1009 0.72674857104245105 0.40168845907799744 7.8451853988171898 110 135 141 0.8925870751130961 30 537 42 396 43 481 36 185
1010 2.174655354037375 0.38716477467800808 7.3926141959288296 217 234 241 2.0863278301026882 30 97 42 404 43 145
1011 0.94212306079919139 0.51012157468815844 7.6824297018945593 151 147 144 0.58214852055429545 30 293 42 414 36 428 3 466 2 657 15 471
1012 -0.39967563824750979 0.58711098581391763 8.4926208403483017 48 67 124 0.16417016572615398 25 447 42 416 31 151 33 182 32 172
1013 0.96011675844566147 0.68935327897036769 7.6972485769185539 156 153 146 0.23583360554846897 27 118 42 434 2 658
1014 2.131758673091011 0.71383887456991135 7.0653774851553131 190 197 203 1.0211972702450511 35 519 33 570 32 551 40 542 36 459
1015 1.0239435723913568 0.79630993819311668 7.6759522876830788 147 146 142 0.62446030758688353 28 275 42 439 31 204
1016 1.0450766182398805 0.8167947339287901 7.6762045243583632 43 41 56 0.085804000567295938 30 462 42 441 43 527 36 255
1017 1.4756729462973603 0.81756061312672845 7.4495160719273734 23 37 74 0.16356340798438482 30 312 42 445 43 196
1018 1.4756729462973603 0.81756061312672845 7.4495160719273734 23 37 74 0.16356340798438482 30 313 42 446 43 197
1019 0.95563251476254241 0.96898001831540814 7.7363797178602214 150 150 143 1.1139954060883375 25 641 42 455 2 316
1020 1.2015052862224005 1.0377622594833615 7.6269294429306402 103 125 132 1.2174681677127435 25 300 42 460 2 622 22 46
1022 1.9063297468575842 1.1272545056096548 7.2711453862436297 84 125 145 0.10119827802064427 30 328 42 466
1023 1.8630653056130682 1.1380722173414448 7.2692856791438016 97 136 154 0.40008231872830635 25 306 42 468 31 244 32 258
1024 2.3909480986214238 -0.70433352194851695 7.6089318125876915 221 225 228 0.20235895203185481 30 332 42 472 43 368
1025 2.2349045865001766 -0.66446492541202717 7.5676663876034311 190 202 206 0.27206998580755121 30 169 42 473 43 370
1026 2.2990899703396597 -0.66693339705445542 7.5932975379823811 184 193 196 0.33508698266703335 30 170 42 474 43 371
1027 2.3654657477335488 -0.67108517915702348 7.6144488070854379 190 193 198 0.21822092521831349 30 333 42 476 43 373
1028 2.4070805269641675 -0.67039645851695795 7.6076662257261845 188 193 196 0.35454121808516931 30 171 42 478 43 374
1029 2.4449818904134983 -0.6140921363091274 7.6693137035951455 193 197 200 0.55098193659738537 30 335 42 479 43 382
1030 2.096346197759734 -0.51852795249842332 6.8444808833260193 190 194 197 1.1565347493660534 35 405 42 480 31 449 40 440 34 391 32 445 33 458 36 514
1031 2.259013621390217 -0.55837119934206636 7.5696388212360226 214 228 237 0.27535264254069719 30 338 42 482 43 386
1032 2.2281438618534275 -0.52311072909117395 7.5625368958890844 184 204 215 0.38275540487407356 30 340 42 484 43 387
1033 2.4256898784670073 -0.53455146131810849 7.6378898394473698 196 201 204 0.14324677921590642 30 342 42 485 43 391
1034 2.4256898784670073 -0.53455146131810849 7.6378898394473698 196 201 204 0.14324677921590642 30 343 42 486 43 392
1035 2.2830621922223933 -0.52010930259987553 7.5742462685219323 190 201 207 0.26995918403951463 30 186 42 487 43 390
1036 2.3573747847175803 -0.52652728915082014 7.6084428554222363 189 197 200 0.23844184402835389 30 187 42 489 43 396
1037 0.94798885962463431 -0.42957524010890114 7.5612919050654099 91 113 121 0.29738205363622933 25 515 42 493 40 267
1038 2.3602120115779561 -0.45982648951684063 7.6272602901333197 189 198 203 0.3372664669890244 30 350 42 496 43 410
1039 2.2852949400097593 -0.45217235692355451 7.57637115704925 189 200 206 0.1882913625331768 30 198 42 497 43 407
1040 2.1891016343119785 -0.33912962110984846 7.4947558022601362 196 222 235 0.6902694176414309 30 489 42 505 43 421
1041 0.76615527755073609 -0.25535281127423637 7.6740902258905432 163 158 155 0.50699356291535602 30 491 42 510 43 422 36 362
1042 2.3336592536305285 -0.28691485493117286 7.6211849438234456 215 228 234 0.19424563758906599 30 362 42 511 43 262
1043 2.3336592536305285 -0.28691485493117286 7.6211849438234456 215 228 234 0.19424563758906599 30 363 42 512 43 263
1044 2.209930207109398 -0.27684781746326959 7.5511352803292686 197 224 235 0.12995234135692413 30 361 42 513 43 426
1045 2.0657047365328434 -0.19412548764176954 7.0061890510479916 209 223 229 0.93972452712597487 35 453 42 518 33 510 32 490 40 486 34 436
1046 -0.76595079432445978 -0.0021692810929067764 8.6779863826423131 62 79 86 0.35015242714658207 35 287 42 536 31 327 32 327 40 323 34 292 36 565 32 509
1047 1.2592116192108129 0.070401211289183196 7.4393062432011181 107 132 143 0.59735285868231636 30 519 42 541 43 456
1050 0.0064044565990202659 0.4629570572358333 8.2422704723917253 41 58 111 0.17804111535725417 35 498 42 574 36 590
1051 -0.49934075758905222 0.54056617958164088 8.5587828818910054 41 67 119 0.30791001445585869 35 501 42 577 31 539 32 379 31 383 40 528 34 479
1052 1.3041738832075214 0.76015242976456343 7.5552281119991118 108 132 139 0.45287903473419294 30 561 42 590 45 628
1053 1.5358757481669567 0.79482470922136628 7.3384086068420933 16 32 82 1.6580413864694512 35 677 42 592 31 216 33 724 34 653 36 701 45 753
1054 2.1320526299798042 0.90741100803621688 7.152210258588517 200 203 210 0.78430459239319528 42 599 31 427
1055 2.1743028852136623 0.95386375763908915 7.0103893531804893 211 212 216 1.9670799277472519 35 541 42 602 31 432 33 594 32 579 40 570 34 518 45 370
1056 1.6918440400839898 1.0996437853624272 7.3921901404544998 91 123 139 0.44031553528770939 30 474 42 604
1057 1.2190691295352096 -0.25398487449108265 7.4327347662023309 97 87 54 0.76477901138177695 30 492 42 613 17 139 8 120 5 225 23 46 29 37 45 580 48 49
1058 0.9423443313793789 0.44782598845460236 7.6486394521357957 155 152 147 0.87329881677403842 30 545 42 648 45 489 2 1227 46 95
1059 1.2876259916363941 0.7137808753691991 7.5197687954727961 76 64 32 0.11351356365528897 25 733 42 658 33 639
1060 1.2876259916363941 0.7137808753691991 7.5197687954727961 76 64 32 0.11351356365528897 25 734 42 659 33 640
1061 -1.2604422949951255 -0.4428456675977574 8.9524436552670128 139 116 64 1.5119799411275676 35 551 42 665 32 628 40 584 34 534 36 618 45 576 45 654
1062 1.0667458961520797 0.45100921344980138 7.6091084669582854 158 157 152 0.65207912665644818 30 655 42 693 45 681 3 1253 15 1025 39 385 17 200
1063 1.0610775627724358 0.45275168031457164 7.601227091609859 158 157 152 0.49279844733942907 30 656 42 694 33 676 36 699 3 1252 15 1024 17 199 19 215 20 185 23 193 29 175
1064 -0.58760511033638918 -0.62477790020864432 8.4874320797245968 103 139 155 0.46534940892356202 35 546 42 705 31 571 33 608 32 587 34 572 36 666 40 30
1065 -1.2540107662666113 0.15019201573861263 8.9575862453898214 22 38 97 0.6880436292805554 30 644 42 714 43 637 33 667 32 644 34 592 21 294
1066 0.71817482194280979 -0.61076430592061093 7.7013568737282174 103 141 154 0.91848441318293406 35 638 42 739 43 661 31 647 33 688 32 670 40 671 34 613 36 715 21 226
1067 1.7361382056352095 -0.3270015112053648 7.1265236135955572 98 132 143 0.70051256854137411 35 687 42 742 43 705 33 737 32 717 34 668
1068 0.20924208603773295 -0.19739350985012327 8.032512797615567 106 137 149 0.70424681210496798 30 674 42 744 32 719 36 724 45 660 21 284
1069 1.6674112398702083 -0.12403642816584948 7.3786925316540648 43 52 61 0.67240666147811612 30 733 42 749
1070 -0.49767819810573516 0.1439022386269109 8.5132168307739597 114 133 156 0.72905139737152957 24 748 42 791 36 768
1071 0.1121097928474237 0.50492074497332518 8.1808785347118178 73 78 115 0.18627601841015359 30 740 42 799 21 304
1072 0.86508563069235045 0.69537443742999805 7.7752231370865079 157 156 152 0.79452255316490594 30 743 42 801 36 779 17 294 19 278 20 250 23 250 29 223
1073 0.94223548802310642 -0.161720379210572 7.5985389931952216 137 136 132 0.97841409120997747 26 751 42 812 36 817 45 815 3 1365 4 1531 6 1572 21 325 19 338 20 305 23 305 29 275 48 335 46 312
1074 0.94240558051338696 -0.16255387357660825 7.5993048490164083 137 136 132 0.98619437640111307 26 752 42 813 45 816 3 1366 4 1532 6 1573 21 326 20 306 23 306 29 276 48 336 46 313
1075 -1.0985809949297767 0.36775675204627339 8.8826175791132016 25 42 98 0.71190805591777861 35 753 42 821 43 773 31 750 33 801 32 773 40 785 34 734 36 797
1076 1.8172548954976218 0.89497605049590356 7.2606985236090953 94 127 142 0.62643087913237183 30 776 35 757 42 831 43 783 33 807 32 778 40 791 34 738
1077 -0.79802310810073185 -0.19249598947882185 8.5817536788516389 119 152 166 1.3277355690202592 35 782 42 855 43 809 31 786 33 837 32 807 34 763 36 858 45 847
1078 -0.8881777442818154 0.20547666891085334 8.8477746210861259 115 153 166 0.91018749912079089 35 783 42 856 43 810 31 787 33 838 32 808 40 822 34 764 45 857
1079 -0.75733704491182374 0.057595447384432681 8.6565858475994535 15 30 40 0.18614905568807169 24 438 35 296 28 503 26 389 42 356 25 561 27 303 30 247 43 281 31 333 33 347 32 337 40 332 34 302 36 388 45 78 21 42
1080 -0.16759300972303973 0.6634951216132472 8.3616017392252324 96 91 90 2.2325545387179466 24 374 35 162 25 461 26 310 27 232 30 301 42 425 35 163 28 424 25 458 26 309 27 114 30 299 43 169 43 342 31 172 31 175 33 206 32 182 32 183 40 178 34 140 45 130
1083 1.5071126367550447 -0.45140861113499869 7.237963184330944 95 87 100 1.586503048443463 27 6 43 21 36 55
1084 -1.3377720566409468 -0.33845754523172145 8.9862935225632157 133 109 68 0.58585810127383853 30 207 35 52 43 31 31 35 36 87 45 26
1085 2.2137220787143947 -0.27233024920389998 6.9316984521654375 210 216 222 1.9988716109049183 35 445 33 500 32 299 34 427 36 619 40 299
1086 1.5442537305549036 -0.18916161684685606 7.3668853868548396 105 125 135 0.8696548644137031 30 223 43 56
1087 -1.1379239206967904 -0.0036596935319878595 8.9031636573175827 25 38 80 0.60971774351914376 26 44 43 74 21 100
1089 -0.44324772048521721 0.041752093649388089 8.4110943245773555 165 165 165 0.87334638163930889 26 236 43 82 36 141
1090 -0.11495696463653281 0.061638051707977246 8.1645137754955392 165 158 148 0.9478539104026793 26 238 30 48 43 86
1094 0.099423966308139086 0.092145005859917417 8.1278257699789584 145 151 180 0.096356913379547229 30 253 43 93 45 82
1095 0.9347485483195378 0.06690117311788657 7.6226526330505608 38 36 31 0.35030052965829594 30 53 43 94 45 299 3 175
1096 -0.38962279518984827 0.28037665046096261 8.4522163693600678 134 144 154 0.12247755625460351 30 264 43 104 45 101
1097 2.3107499094955837 0.17085795283285851 7.5282896860378772 189 196 202 0.1160986560004094 42 129 43 107
1098 0.31525488712818961 0.38282552463428937 8.0564115346563696 111 134 139 0.93059677291991283 25 173 43 126 45 107
1099 -1.2204334733646787 0.66753932290481111 9.0333673656935112 105 100 94 1.1126970897067758 25 232 30 438 43 149 45 348
1100 2.1109866337509349 0.52100070498622642 7.0317396946660216 215 224 229 1.051085549137432 43 174 36 439
1101 0.9995450919570108 0.65891392868307974 7.6450336304316711 151 146 143 0.82225988654058191 30 140 43 178 32 191 7 64
1103 -1.96458263883561 1.0955929336686694 9.3811855607811658 33 35 34 1.309763993270237 30 155 42 244 43 193 33 233
1104 2.1828086891371878 -0.54637270728057419 6.8661492934609329 207 211 214 1.1827838929425236 40 436 35 403 36 320 43 207
1105 2.08950197728291 -0.36678687543750477 6.8886653429564717 209 214 220 0.61364395915312742 42 312 31 31 33 46 36 66
1106 -0.55578535075985303 -0.2534710236029229 8.4324254715374085 113 145 156 0.3109584662526691 27 160 43 247
1107 1.0387666595488347 -0.20748823794534685 7.5292099382005917 83 78 75 0.3841042471177713 25 54 43 260 22 50
1109 -0.38127208925365308 0.065963272877904197 8.4478302484376968 108 125 141 0.3206191702416018 30 250 43 284
1110 -1.3556500012313009 0.15335614913060447 8.9628753083224524 11 27 78 1.1550025183227728 43 287 45 471
1112 2.0757258443218882 0.16672217812243961 6.9259374508898937 181 198 205 1.3487175840652845 33 537 35 485 32 522 40 511 34 468 36 401
1113 2.291647881945821 0.22012303597579871 7.6056670719360646 182 198 205 0.077910564956739065 42 379 43 304
1114 -0.095773675653184398 0.46830762293050149 8.279221730430752 170 136 59 1.302061730540149 26 282 43 321 33 385 21 63
1115 2.1280681687486673 0.33300108466104178 7.1221527063219563 189 200 205 1.3855601063236775 42 398 33 551 32 533 35 494 40 522 34 475
1116 2.3049626814993767 0.49641073517946682 7.6403731360998641 216 229 238 0.055908936527725245 42 194 43 341
1117 0.11794011015293117 0.63780851042643516 8.1706087460236088 122 100 53 0.56622638436627126 42 422 43 343 31 170 33 202 45 345 30 441
1118 1.4602246719060457 0.63909860775977001 7.3722375938989293 97 130 149 0.16375312892224841 30 141 43 352
1119 2.3349142754060148 0.79960571524925017 7.6042966314366991 215 225 227 0.10311343075907135 42 442 43 357
1120 0.94517599058408663 1.0053180064018683 7.7460826692081808 138 137 132 1.0247540488848585 30 473 43 361 45 634 1 103 39 98
1121 2.1017565628921719 -0.40623117060796432 6.9353446102525362 189 194 200 0.12069899209709306 42 494 33 474
1122 2.2614169506058146 -0.25244922324471031 7.3905438825759173 184 199 204 1.2566794581765433 42 333 43 429 31 306 33 329 32 307 40 309 34 277
1123 0.69849921774618462 0.10779295772713343 7.8907863138486958 66 67 55 1.2659973402980338 30 523 43 460 19 81
1124 0.31271960733729964 0.33362085382414336 8.0252893022762368 89 77 47 0.18157487835339264 30 530 43 476
1125 -0.20917438532353536 0.4868918631721344 8.3621324964149579 121 116 112 0.20590518506248734 30 419 43 484 45 492
1126 -0.20917438532353536 0.4868918631721344 8.3621324964149579 121 116 112 0.20590518506248734 30 420 43 485 45 493
1127 2.5212322545471464 0.35063802077283318 7.7605303924635649 189 192 195 0.041250683340000441 42 570 43 493
1128 -0.090560914494388717 0.74346345204371178 8.3154533402884105 77 67 45 0.44224814752940711 30 453 43 513 21 73
1129 2.1441760846048878 0.64390087497718063 7.1171956982257552 213 222 229 0.78609308014269985 35 513 43 518 33 567 32 548 40 384 34 490
1130 2.1418743142328029 0.6430808069682622 7.1087717785359397 213 222 229 0.78724530235248391 35 512 43 519 33 566 32 547 34 489
1131 -0.15709860742068599 0.84482256563449321 8.3974083417229242 90 99 98 0.38783017739387243 30 456 43 521 45 631
1132 2.4582869116008053 0.75274899907048742 7.7388122621691213 194 199 205 0.18276493589442011 42 437 43 524
1133 2.3155532867962227 0.80792961794906804 7.4882162400146584 192 199 205 1.0056677839161685 42 444 43 534 31 423 33 239 32 225 40 208
1135 2.1086077598274393 0.87168358250301481 6.9442170269987287 216 221 225 1.2574595186564066 32 423 35 383 40 409 45 514 43 538
1136 2.2409542533069837 0.87368733711598845 7.2307480872010705 189 196 202 2.3818067867704174 42 454 31 426 32 236 33 245 34 191
1137 2.4695036921514362 0.99569771903981641 7.7759643507738083 210 214 218 0.14467477226769107 42 600 43 541
1138 1.563172392812306 -0.66348179842001753 7.2113750311113929 182 225 247 0.43035946812116194 30 476 43 548 36 305 42 470
1139 2.5670322458870669 -0.25095980201130158 7.7618475496523356 220 221 223 0.08498183317526424 42 615 43 561
1140 2.6436903304470549 -0.20400977497823086 7.8083368701166513 186 189 192 0.42210335450278735 42 619 43 566
1141 -0.5541733666470553 0.10444878063876367 8.5355159823153848 159 159 159 0.11287974146744188 30 522 43 573 21 150
1142 1.105436764039571 0.17568436778080196 7.5591548699428124 154 150 147 1.1114489382763761 43 584 36 152 45 597 19 158 26 592
1143 -1.45912186913513 0.40535069486075054 9.1295395144814844 11 24 66 1.5436839389264014 42 638 43 588 36 586 45 609 21 154
1144 -1.2948171049777499 0.41744293549795158 9.0606833699633249 17 29 66 1.1707380075100042 30 534 43 589 45 485 21 197
1146 2.3782834811892744 0.59149621118119866 7.6713239294555615 210 219 226 0.10733299331534066 42 656 43 600
1148 -1.179026799710978 0.1365132470060513 8.9396248721738676 121 126 156 0.61907638092058348 42 633 43 633 33 533 32 520 40 507 40 599 34 466 45 594 21 240
1149 -1.0475238005357272 0.96981332532934317 8.7119985364226515 137 134 135 0.46609774314491964 42 698 43 650
1150 0.14616031427033105 0.2205993780338236 8.1497667176434039 123 127 148 0.32364725349603207 35 660 43 677 31 666 33 707 32 691 40 694 34 633 36 689
1151 -1.2080111781559304 1.0218131086754045 9.0590702296421792 70 65 51 0.74036661294741113 30 718 35 680 43 692 33 723 40 712 34 656 45 755
1152 1.7169080004681885 -0.63893758489572394 7.1819920833343964 109 148 165 0.5043043586524506 30 726 43 702 36 714
1153 -1.3635812997688208 -0.57872702175120483 9.0498889574157388 26 43 98 1.1396022752376311 30 670 43 704 31 689 32 672 31 649
1154 1.0346312582487234 0.92189885885386791 7.6971396265227838 154 151 144 0.45858163301307481 26 703 43 736 31 721 21 267
1156 1.647642081638159 -0.44630843118908908 7.1858202758857903 123 118 131 2.0899522728565185 24 22 35 28 28 17 42 32 43 22 25 320 26 194 30 184 42 291 43 220 31 23 33 32 32 29 27 5 40 42 36 526 45 5
1157 0.939656393226739 0.13389035893753165 7.6297504628579151 77 75 71 2.3006655634786655 24 106 25 111 27 48 42 112 43 98 24 107 25 112 26 57 27 49 30 256 24 308 35 302 28 368 25 574 26 248 27 191 42 113 42 366 43 297 31 348 33 354 32 340 40 333 34 306 36 397 45 83 4 914 6 257 6 958 2 655 15 468 1 93
1158 -0.35700921975831146 0.19772649180400972 8.448522002497926 49 51 52 1.3195617252758267 24 127 25 128 30 258 43 100 31 106
1159 1.5662453192034591 -0.28068261758502633 7.2310922602529359 94 115 123 0.30310512695036712 26 353 27 277 43 252 24 272 35 261 28 480 42 326 31 295 33 318 34 262 36 354 30 211
1160 1.0603965882784476 0.3115342793366167 7.5915575942599602 153 149 147 0.48301619884268387 24 448 28 521 25 404 26 88 27 72 42 563 43 307 24 449 35 318 28 522 26 86 30 408 42 564 31 365 33 372 32 355 40 349 34 319 36 414 45 319 3 740 3 741 4 887 6 927 6 928 2 934 2 935 15 455 7 50
1161 1.4462565482044465 0.83436095981846747 7.4628976402865081 39 60 92 1.4921039903716014 24 237 26 173 42 239 43 693 25 830 26 659 27 590 30 720 31 680 32 708 36 751
1162 1.0213257684299228 0.37935430872593018 7.6199610850393169 152 149 145 1.257185322010653 43 318 26 272 27 203 30 285 42 397 2 638 39 112 12 39 19 162
1163 1.1102239653057755 0.37832444670840776 7.5764595552033525 159 154 148 2.1094755484135685 25 413 27 206 43 482 26 601 27 490 22 204
1164 1.0602124554900714 0.1480966857375805 7.5705964186717072 13 12 8 0.31835171343696467 24 310 35 306 28 370 43 581 30 598 42 550 31 349 33 356 32 342 40 335 34 308 34 309 36 398 45 593 3 423 3 424 4 657 4 658 6 716 6 717 2 625 2 626 15 219 15 220 5 63 5 64 7 45 7 46 39 120 21 188 19 60
1166 -1.2985290211452616 0.87264927098179557 9.054284649657367 23 30 65 1.3303538396052086 25 735 28 439 26 455 27 502 26 615 30 306 43 732 35 714 27 588 30 717 42 777 36 782 45 752
1167 0.47162163905220705 0.068227991494705903 7.9087715040994269 4 22 49 1.1970084050549366 30 49 43 88 24 92 28 98 25 98 27 39 42 103 31 94 33 119 32 96 6 382
1168 1.0393712966733861 -0.64068777067851113 7.5374922064394321 147 185 204 1.4166770562095707 35 6 42 275 31 2 33 4 32 0
1169 1.3865734004939714 -0.62268133174751583 7.2452069618082238 114 155 173 0.016663616542137355 35 603 31 3
1170 0.91322512275202505 -0.61798428711625297 7.5648276332119728 100 137 153 0.15481363169059889 42 10 31 6 33 6
1171 2.2300447469191744 -0.62779284480798003 7.4860778044704945 207 223 230 0.19855609255173978 35 10 31 10 33 17
1172 2.4757003572783067 -0.64601232706702894 7.5716096439422245 211 215 218 0.17441522117921837 35 14 31 13 33 21 32 22 34 5
1173 2.4757003572783067 -0.64601232706702894 7.5716096439422245 211 215 218 0.17441522117921837 35 15 31 14 33 22 32 23 34 6
1174 2.5589722789761393 -0.6162847507195518 7.6305435090293532 174 175 179 0.27366542329990595 35 19 31 19 33 29 34 10
1175 2.2694520872324335 -0.44238116766364216 6.7723275383382964 171 175 178 2.0953408454603113 35 23 33 28 35 17 40 257 34 230 36 334
1176 2.5341429489960703 -0.57000820563224219 7.6127195757932267 199 203 206 0.20606422700871366 35 235 31 26 33 293 32 269 40 265 34 237
1177 2.4769687769427517 -0.49862863974753341 7.5870479471794798 209 213 216 0.13140102860102468 35 36 31 30 32 275 40 274 32 274 33 52 34 23
1178 2.1742517922143598 -0.40459130214637151 7.4472225432481425 195 219 233 0.11460504244829532 35 41 31 38 33 60 32 38 40 54
1179 2.2911221674863165 -0.40642551972051477 7.5085829663181194 204 218 227 0.27276864540988827 35 46 31 44 33 67 40 61
1180 2.0540720796018244 -0.28586426077986027 6.9038318884823973 169 191 204 1.5059443068501182 35 255 33 312 32 44 40 289 34 256 36 350 45 210
1181 2.1722446452617974 -0.32985102889313994 7.4337285708781806 188 212 226 0.21890335037318565 35 265 31 48 33 323 40 301 34 265
1182 2.1722446452617974 -0.32985102889313994 7.4337285708781806 188 212 226 0.21890335037318565 35 266 31 49 33 324 40 302 34 266
1183 2.6163937060283642 -0.39930160385040975 7.6979195020464415 176 180 183 0.29886713016888161 35 56 31 50
1184 2.5093382286694657 -0.3365803855468828 7.6201498164647061 175 178 183 0.47516019298554452 35 269 31 59 33 83 32 60 34 273
1185 2.5093382286694657 -0.3365803855468828 7.6201498164647061 175 178 183 0.47516019298554452 35 270 31 60 33 84 32 61 34 274
1186 2.0726007144196195 -0.13447601624684669 7.0402458365795786 187 214 225 1.5096560475135934 28 488 33 515 40 79 42 523
1187 2.5333233202011365 -0.16428533518228711 7.6981274756440641 163 164 165 0.17620276901658874 35 72 31 81 33 106 32 82 40 89 34 60
1188 2.0507615831776072 0.014272390684314819 6.961226178791291 183 213 224 2.0613104105822613 35 76 33 350 32 508 45 274 43 288
1190 2.1092296011471885 0.085090011358653656 6.9543392175317083 168 186 196 1.1720980357616575 35 92 33 132 32 99 40 110 34 80 45 462
1191 2.3198829211212075 0.11629828623279667 7.5880835864755927 173 186 194 0.2027808071481331 35 98 31 114 33 146 32 116 40 122 34 91
1192 2.255504659909247 0.12617311851021021 7.5300607044792116 223 242 251 0.14747071961438643 35 309 31 116 33 361 32 118 40 340 34 312
1193 2.2535279662943464 0.15551342333040441 7.5109302699913938 171 191 198 0.22383807277624854 35 110 31 119 33 363 32 124 40 128 34 95
1194 2.1375235747819765 0.22962786548172448 6.8607315161496158 180 188 194 1.8362788061059172 35 314 33 366 34 97 36 169
1195 2.1987989460333908 0.28298405962178069 7.4888469343398461 189 211 223 0.26951151649179816 35 120 31 135 33 165 32 134 40 352
1196 -0.56858932979087784 0.47426016894061868 8.5745346546572936 31 30 51 0.58080603797474284 27 87 28 535 31 138
1197 2.2727081579748574 0.43537560645900519 7.5527519254703712 221 237 246 0.22063729453041514 35 144 31 157 33 191 32 163 40 159 34 121
1198 2.2829592755760952 0.46526755609911974 7.5843221080563303 175 191 203 0.22018914576116985 35 148 31 165 33 198 32 166 40 163 34 126
1199 1.7950360714276026 0.52890749664116166 7.209387888799669 75 107 120 0.33309405987687662 28 205 31 173 33 207 40 165 36 218
1200 2.2740692104613922 0.49574339193258915 7.5492547541785582 222 239 249 0.22673950143228491 35 155 31 176 33 209 32 175 40 167 34 130
1201 2.275014993269707 0.49576892504810027 7.552354589403719 222 239 249 0.23988057499664092 35 156 31 177 33 210 40 168 34 131
1203 2.5891627918523734 0.53374215609178943 7.7791398204722153 184 185 189 0.15953744801350081 35 165 31 185 33 214 32 184 40 180 34 139
1204 2.309536804094146 0.56993405272737718 7.5846729826444399 185 196 202 0.36638643264080734 35 509 31 187 33 561 32 394 40 379 34 351
1205 2.4263483179312177 0.62438881385005351 7.6665589717251112 177 184 190 0.17263107743806941 35 170 31 191 33 221 32 195 40 183 34 152
1206 2.4827508690288651 0.61745246632951989 7.7217395537820934 180 184 188 0.30546117755264063 35 361 33 222 32 196 40 184 34 151 31 192
1207 2.1885333267143645 0.64976977185225937 6.9526827622004124 189 198 203 1.5354840438603901 35 362 33 412 32 197 40 185 34 153 36 457
1208 2.1965553602877135 0.66004784194775135 6.8959047011886501 204 212 215 1.5152439237778701 35 365 33 223 32 404 40 186 34 154 36 243
1209 2.2215727856580485 0.6763171042383328 7.4738952231220592 200 218 228 0.34343664631242438 35 178 31 199 33 416 32 201 40 389 34 160
1210 2.4829352839479255 0.68367787477860542 7.692366949828072 182 185 190 0.3857105597418275 35 367 31 202 40 191 40 390 34 161 34 357
1211 2.481916812669918 0.68273364535935732 7.6873981488873691 182 185 190 0.44802609799447279 35 368 31 203 33 417 32 406 40 192 40 391 34 162 34 358
1212 2.5146080443721344 0.6944976556138317 7.7227862851903666 205 209 212 0.21150090782778824 35 183 31 205 33 231 40 194 34 163
1213 2.2654283627478407 0.81607971963626391 7.0199959403924668 186 189 196 1.4537118371615259 35 378 33 433 32 416 40 407 34 370 45 754
1214 2.5338817541659187 0.80886387185737596 7.5534837916018738 200 204 207 0.6943169243138908 35 201 31 219 32 231 40 214
1215 2.5267898262523305 0.80550288030512118 7.5252281985886054 200 204 207 1.4555281079865439 35 202 31 220 33 240 33 434 32 224 32 232 40 215 34 180
1216 -0.68667912141005882 1.1032488310338779 8.786518491492247 96 124 145 1.6426241573234805 27 254 28 630 31 221 32 245 36 278
1217 2.3475515865164009 0.93530800626352328 7.6557881654055695 212 220 225 0.30150928144526346 35 208 31 230 32 244 40 225
1218 2.3565276647024214 0.93925063581697932 7.6107260691223058 221 225 232 0.14198855241679417 35 209 31 231 33 445 32 246 40 227 34 196
1219 2.3108745180209791 1.012787794577175 7.6184044494569934 221 230 235 0.28971372681519797 35 218 31 236 33 263 32 252 40 235 34 209
1220 0.81172869291458327 -0.61745169388032495 7.6279362363042207 102 138 155 0.51562299503394782 25 508 31 246 32 7
1221 0.94845788798128527 -0.60986212528494788 7.5196733335671428 104 141 158 0.5373664360343483 35 224 31 247 33 276 32 259 34 220 21 137
1222 2.1201199140675042 -0.57447243245469859 6.9879455765158021 176 198 209 2.3443470050668265 35 225 42 12 36 505
1223 2.4135739493464596 -0.62777881488479659 7.5387641088393664 211 215 218 0.18509050053781323 35 228 31 254 33 463 40 253 34 226
1224 2.5374359936320925 -0.64550234933349926 7.6201444985605971 201 205 208 0.24048377512259356 35 16 31 257 33 280 32 261 40 36 34 8
1225 2.1679955236851911 -0.54566563989061079 7.4564750672057691 187 215 228 0.29877636182785172 35 21 31 262 33 30 32 265 40 258
1226 2.4117524935984282 -0.55502096410318857 7.5413229981041789 214 218 221 0.11320200978683072 35 230 31 263 33 287 32 458 40 260 34 232
1227 2.4117524935984282 -0.55502096410318857 7.5413229981041789 214 218 221 0.11320200978683072 35 231 31 264 33 288 32 459 40 261 34 233
1228 2.4785086053788863 -0.5643922932669686 7.5871302929492117 208 212 215 0.15976374951193681 35 233 31 266 33 291 32 268 40 263 34 235
1229 2.328666115924257 -0.52339300712522752 7.5408157412904755 170 179 184 0.54542705806951186 35 424 31 271 33 476 34 407
1230 2.1539660850833942 -0.45542802285067679 7.3676751559697466 189 213 226 0.21461426823785845 35 237 31 273 33 298 32 273 40 269 34 240
1231 2.2219472910156068 -0.46311352060956951 7.4696460699453562 199 219 231 0.2014813026343508 35 34 31 275 33 299 32 34 40 270 34 21
1232 2.4122897473817417 -0.48493578268636706 7.5493213238967982 212 217 220 0.13272570111152346 35 238 31 276 33 301 32 276 40 276 34 241
1233 2.4122897473817417 -0.48493578268636706 7.5493213238967982 212 217 220 0.13272570111152346 35 239 31 277 33 302 32 277 40 277 34 242
1234 2.5348218655261654 -0.50219901301450076 7.6233599984366878 198 202 205 0.16363596653438781 35 240 31 279 33 303 32 278 40 278 34 243
1235 2.5348218655261654 -0.50219901301450076 7.6233599984366878 198 202 205 0.16363596653438781 35 241 31 280 33 304 32 279 40 279 34 244
1236 2.38476048958288 -0.45583026587309633 7.5488480458557419 174 182 185 0.27732622148020741 35 436 31 281 33 491 32 474 40 470 34 419
1237 2.38476048958288 -0.45583026587309633 7.5488480458557419 174 182 185 0.27732622148020741 35 437 31 282 33 492 32 475 40 471 34 420
1238 2.4191369131515756 -0.41976440777637952 7.5727069004147571 206 214 217 0.14490324440030797 35 251 31 286 33 308 32 285 40 285 34 252
1239 2.4191369131515756 -0.41976440777637952 7.5727069004147571 206 214 217 0.14490324440030797 35 252 31 287 33 309 32 286 40 286 34 253
1240 2.4786660280816122 -0.43123654934078876 7.6018626573427817 211 216 220 0.14409381091886245 35 249 31 288 33 310 32 287 40 287 34 250
1241 2.4794942080175568 -0.43172554447074418 7.6070310961022871 211 216 220 0.04627197509938602 35 250 31 289 32 288
1242 2.5344835897547924 -0.43346096834127035 7.6293863140190776 194 198 202 0.19221465166877805 35 253 31 290 33 313 32 289 40 290 34 254
1243 2.5344835897547924 -0.43346096834127035 7.6293863140190776 194 198 202 0.19221465166877805 35 254 31 291 33 314 32 290 40 291 34 255
1244 2.3278966675042594 -0.39419158484315481 7.5426600736388814 169 180 188 0.19882093848621143 35 256 31 292 33 319 32 293 40 297 34 258
1245 2.454123604117826 -0.39865483948236896 7.6122307057826131 176 184 187 0.51182609984698957 35 444 31 298 33 503 32 479 40 476 34 428
1246 2.0781343296302635 -0.22531078164979976 6.9837278701813927 171 193 204 1.0549807756835272 35 267 33 327 32 304 40 305 34 271 45 224
1247 2.4495849725347596 -0.32418636692179204 7.5937906171418863 178 182 186 0.47180731969009687 35 452 31 302 33 509 32 486 40 484 34 433
1248 2.3161240162140957 -0.2219291135525655 7.5563832667045894 200 214 222 0.17628996225279536 35 276 31 315 33 99 32 311 40 80 34 54 34 55
1249 2.317347529155068 -0.22200797785606133 7.5599681637513747 200 214 222 0.13211056199031879 35 277 31 316 33 100 32 312 40 81
1250 2.3135905765031461 -0.14095055605966217 7.5490593927195873 219 229 233 0.091516648610960247 35 468 33 342 32 319 32 320 40 318 40 319 34 284 31 326
1251 2.5306214129371942 -0.098901698479792938 7.7339216474579082 170 170 170 0.26070992645209279 35 286 31 338 33 351 32 326 34 453
1252 2.2162418148227827 0.029723476023477413 7.4941604453997739 169 190 202 0.12608126788617849 35 479 31 346 33 535 32 515 40 506 34 460
1253 2.2167754564108519 0.029308869047864526 7.4949344737126191 169 190 202 0.11353642235371601 35 480 31 347 32 516
1254 0.22598643296727011 0.22961299494481352 8.0715051718765203 36 54 105 0.29719960395614631 28 518 31 353 33 359
1255 0.22598643296727011 0.22961299494481352 8.0715051718765203 36 54 105 0.29719960395614631 28 519 31 354 33 360
1256 2.1104982366408036 0.29233747048172604 6.9993657570227885 180 195 201 0.85281453467049262 31 366 36 412 42 569
1257 2.2112066071388785 0.34018635205159647 7.5329144726758521 184 208 222 0.3149201185016921 35 326 31 379 33 388 32 145 40 148 34 108
1258 2.3454626893235995 0.36597130120492366 7.6050884797764766 178 188 193 0.32656950936056334 35 336 31 385 33 394 32 370 40 362 34 333
1259 1.0757654907668759 0.61718740981468467 7.6220955973528524 12 8 5 0.19459782489405839 28 551 31 403 3 746 4 890 6 929 2 629 15 229 5 67 1 75 7 53 9 37 19 54
1260 2.4310780128661524 0.69214288990175898 7.6710457605060798 184 190 194 0.44412304016166487 35 369 31 409 33 418 32 204 35 181 40 392
1261 2.4300682810695595 0.6911662855691062 7.668158115314502 184 190 194 0.52691245133365627 35 370 31 410 33 419 32 205 35 182 40 393 34 359
1263 2.2457448702860203 0.74166889908632594 7.5430619202884817 199 217 227 0.23346309174434782 35 375 31 413 33 424 32 409 34 361
1264 2.2457448702860203 0.74166889908632594 7.5430619202884817 199 217 227 0.23346309174434782 35 376 31 414 33 425 32 410 34 362
1265 2.3445076248198546 0.73373752929000502 7.5924003627082044 209 218 223 0.17875390020737683 35 374 31 415 33 427 32 412 40 402 34 500
1266 2.436258406505023 0.74863567046752866 7.6716091047737223 179 184 190 0.18815201081148386 35 524 31 417 33 578 32 559 34 364
1267 2.2528680421330862 0.75161268956472127 7.0151122757736779 179 184 190 1.9403721476158253 35 525 32 560 34 365 36 251
1268 2.2332381540314943 0.81231017309891862 7.2087105356238457 0 0 0 2.8555061785039193 35 377 42 448
1269 2.2587133462921498 0.87712290028842288 7.561432664126106 204 223 231 0.16208592774925842 35 382 31 425 33 439 32 422 40 408 34 374
1270 2.3891253505476135 0.92827791476772181 7.6598535939846899 219 222 227 0.26619083097592938 35 385 31 428 33 441 32 428 40 410 34 376
1271 2.3891253505476135 0.92827791476772181 7.6598535939846899 219 222 227 0.26619083097592938 35 386 31 429 33 442 32 429 40 411 34 377
1272 2.1374446851788327 0.93226240904119617 7.0894415580336378 205 223 233 1.5318976034712748 35 387 33 443 32 430 40 412 34 378 45 165 42 457
1274 2.5841391574097075 0.9722106337249915 7.8095705150411598 199 203 204 0.70348785825134585 35 390 31 435 33 257 40 416 34 200 34 383
1276 2.4764847731917956 0.98212756993447647 7.6825781263755948 199 202 206 0.17229058346662363 35 394 31 437 33 597 32 580 40 571 34 522
1277 2.4764847731917956 0.98212756993447647 7.6825781263755948 199 202 206 0.17229058346662363 35 395 31 438 33 598 32 581 40 572 34 523
1278 2.1357152548175948 0.99787534690835766 7.0566137074240114 210 224 232 0.84348439486291127 35 397 33 447 32 437 40 418 34 208 45 380
1279 2.2646674719063813 1.0123989812485572 7.5675318133977232 210 224 232 0.31214249417014345 35 396 31 440 33 446 32 436 34 207
1280 2.0612955934535218 -0.53535430711057108 6.9274565528997751 176 192 200 1.1364295183386095 35 404 33 457 32 444 40 439 34 390 36 325
1281 2.3874907089957524 -0.66288024458841399 7.5427632223741723 166 170 174 0.16211947082478587 35 408 40 443 32 448 33 460 34 394 31 450
1283 2.2199164480469582 -0.46554054040328036 6.9203190537714967 176 179 184 1.3471717222110284 35 414 33 467 32 452 40 447 34 398 36 522
1284 2.4445933640472211 -0.59447550377054115 7.5627221580671566 172 176 179 0.16058354992981855 35 415 31 454 33 469 32 454 40 449 34 400
1285 2.4445933640472211 -0.59447550377054115 7.5627221580671566 172 176 179 0.16058354992981855 35 416 31 455 33 470 32 455 40 450 34 401
1286 2.2315670735429669 -0.54869825450426535 7.4947552242218727 204 221 229 0.16745859468523824 35 419 31 457 33 471 32 456 34 402
1287 2.0612204484360341 -0.40994966298912533 6.9317399067501784 168 192 204 0.98050244054298252 35 421 33 473 32 460 40 452 34 404 36 339
1288 2.3823609272564967 -0.52087081755502596 7.5360673873688242 176 181 185 0.12419826474798458 35 425 31 460 33 477 32 464 40 456 34 408
1289 2.3823609272564967 -0.52087081755502596 7.5360673873688242 176 181 185 0.12419826474798458 35 426 31 461 33 478 32 465 40 457 34 409
1290 2.4475821932274195 -0.52935591332033893 7.5774768793949461 176 180 183 0.16145618569230996 35 427 31 462 33 479 40 460 34 410
1291 2.447344318571496 -0.52910372440537523 7.5768789891439043 176 180 183 0.15404045803958608 35 428 31 463 33 480 32 466 40 461 34 411
1293 1.6180454323285927 -0.37274942453767801 7.1480608597609585 99 111 117 1.1692202388457 43 404 31 470 33 296 21 96
1294 2.0722956706132658 -0.34589418402789529 6.9625994777360756 170 194 206 1.1918104703316812 35 433 33 486 32 281 40 465 34 414 45 207
1295 2.1947819280496224 -0.43758609098446433 7.4664271455856683 170 194 206 0.25690378396233832 35 434 31 474 33 487 40 466 34 415
1296 2.4449247349690104 -0.45834833194895613 7.5710547627183882 177 181 184 0.183303821837452 35 439 31 480 33 494 32 476 40 472 34 421
1297 2.4449247349690104 -0.45834833194895613 7.5710547627183882 177 181 184 0.183303821837452 35 440 31 481 33 495 32 477 40 473 34 422
1298 2.5093940705100466 -0.46792745030979982 7.6212546924588933 177 181 184 0.26349099245395102 35 441 31 482 33 496 40 474 34 423
1299 2.513234548437715 -0.46981432956542896 7.6323851382137899 177 181 184 0.23118469011579784 35 442 31 483 33 497 34 424
1300 2.1038730765190512 -0.21192417683341147 6.869760610003798 174 193 200 1.7838190358494539 35 447 33 505 32 482 40 478 36 544 45 19 31 488
1302 2.3846221942947095 -0.32403555348716612 7.5530445232599481 177 186 190 0.60232806719614185 35 449 31 489 32 302 33 81 40 481 34 430
1303 2.3846221942947095 -0.32403555348716612 7.5530445232599481 177 186 190 0.60232806719614185 35 450 31 490 32 303 33 82 40 482 34 431
1304 2.1592541512697392 -0.15345692165167643 6.8863905546093731 176 189 195 1.479758826951407 35 459 33 512 32 493 40 488 34 280 45 235
1305 2.5466743008926751 -0.24637678192419332 7.7023243310990397 215 218 220 0.23789312980397673 35 460 31 496 33 518 32 494 40 491 34 442
1306 2.1791457439004174 -0.09460779148601442 7.0731803667645652 175 192 199 0.49748250309087538 30 385 40 315
1307 2.6248103307702064 -0.19953951794540767 7.7441413538968744 174 178 181 0.22199662026404621 35 563 31 504 33 618 32 597 40 591 34 539
1308 2.0811626706940056 0.040588822680899674 6.9491375959471462 164 187 198 1.1836797137736514 35 475 33 532 32 512 40 499 34 455 36 568 45 285
1309 2.2336947191381431 0.16127685510721029 7.5429449585657684 169 191 204 0.34700259457160249 35 576 31 522 33 542 40 514 34 470
1310 2.2325243619229047 0.16103926583356459 7.5362827431263835 169 191 204 0.18637937512296984 35 577 31 523 33 543 34 471
1311 2.3267138355264065 0.31069444894583226 7.5553500835096044 180 189 196 0.49792372103256594 35 495 31 533 33 554 32 534 40 608 34 326
1314 2.1190868526741782 0.5898394905422335 7.0332155101655154 174 192 199 1.0331346796620073 35 508 33 560 32 544 40 536 34 487 36 227 45 505
1315 2.4684877891854131 0.71205566186009528 7.7023552554763395 203 207 213 0.18390223773582667 35 521 31 554 33 574 32 553 40 544 34 496
1316 2.3081479603236557 0.73317298666019237 7.6459725176218445 209 224 231 0.47042770838791287 35 522 31 557 33 576 32 555 40 545
1317 2.3087250152985002 0.73308037633606071 7.6478497884091068 209 224 231 0.40665715091982485 35 523 31 558 33 577 32 556 40 546 34 498
1318 2.4155774693640386 0.78827497302685134 7.6643499817690319 204 212 215 0.16571117366683866 35 529 31 562 33 585 32 567 40 554 34 506
1319 2.3854866307362963 0.82430407636561509 7.6467082793484211 182 191 196 0.16597053335611225 35 532 31 563 33 587 32 569 40 557 34 508
1320 2.4719614787540034 0.84741799794566652 7.6881591873228174 202 205 210 0.1509031981350217 35 533 31 564 33 590 32 571 40 559 34 511
1321 2.6406140792061059 0.89336911400113805 7.8476929510587405 201 202 206 0.25774856486835895 35 537 31 565 32 575 40 565 34 514
1322 1.9960787916749045 0.91437303656876401 6.7026732122780475 0 0 0 0.19478782295860814 42 461 43 362
1323 2.2988765869370797 0.97849187687062622 7.1921871029921896 211 216 220 1.2605835759705404 35 542 43 545 33 599 32 582 40 573 34 524
1324 2.3445230410641407 1.0344092679875108 7.6213512501432961 173 178 183 0.26940500889328317 35 543 31 568 33 601 32 583 40 574 34 525
1327 -1.019481931102624 -0.76129068839078384 9.2061925525256392 206 208 204 2.0648245126585443 42 704 31 606 33 275 32 12 34 223 35 7
1328 2.5987770462514117 -0.6936168401417645 7.6836304260427015 183 188 191 0.17170563371318756 35 639 31 650 40 673
1330 1.459847139127995 -0.20526271326115142 7.2936481596422684 91 119 131 1.1611379165102089 30 632 31 692 34 617 36 723 45 659
1331 1.6734429593707514 0.65193195665323633 7.2983437251133898 86 116 127 0.87892567369588381 43 733 31 717 40 746
1332 1.2059351098280222 -0.12852416627305968 7.7395326141675458 149 144 140 2.0672173207744016 43 787 31 760 38 480 41 519
1333 1.1227764047736783 0.01928828836936114 7.4307496500270114 149 144 138 1.3711433774056951 43 789 33 811 2 1437 1 491 9 346 14 341 11 352 17 332 8 307 22 336 10 322 31 762
1334 1.0125124352387282 0.83363208242005615 7.6425892819317118 146 143 138 1.3807261527794705 43 808 31 784 32 802 40 817 48 376 46 355 47 373
1335 1.7422966697675271 -0.24496058944149654 7.1419224344561414 92 125 140 0.98087741578868826 35 58 28 321 31 54 35 644 28 725 26 671 27 553 30 731 31 691 33 74 33 739 32 56 32 718 40 71 40 720 34 45 34 669 36 88 36 759 45 437 45 717
1336 0.06317172976779882 0.67732485134973552 8.2586692001200923 23 31 61 2.5738018020505748 24 215 28 240 42 216 31 181 27 234 30 303 26 152
1337 -1.145016021191527 -0.078957376098225701 8.8854646314225683 143 150 164 0.26351986056204163 24 506 35 282 28 581 25 661 26 481 27 292 42 525 43 564 27 393 31 318 28 491 25 541 26 375 33 334 32 322 40 317 34 287 36 372 45 451
1338 -0.20816641465955554 0.62720346277065797 8.4798796155985876 121 76 24 1.6423148148584217 35 629 31 638 28 219 25 226 27 229 42 420 33 195 33 677 32 659
1339 -0.53309020612139424 0.3675175927544686 8.5618396032923911 156 160 161 0.16830489100248699 24 450 35 321 28 524 25 589 26 414 27 327 30 270 42 384 43 302 31 360 28 523 26 413 33 369 32 356 40 351 34 322 36 415 45 327 21 58
1340 1.1227515223805764 -0.56854931722165503 7.0906837168465353 152 193 210 0.19359869538567853 35 3 33 2 34 1
1341 1.2464405668144363 -0.6242810320151827 7.3853864954673192 114 153 172 0.12351978972716672 31 5 33 5 32 3
1342 2.2784581035279223 -0.66591113200982077 7.4633578048670879 200 209 215 0.27463448795966827 31 7 33 11 40 26
1343 0.92280797398131043 -0.55163046831164575 7.5576014305722019 99 82 39 0.49001817243693574 24 10 30 8 33 14
1345 2.1347216899712476 -0.4134635570099186 6.9079816998555899 203 218 225 1.4395862367398113 35 26 33 38 32 31 40 47 34 16 36 56
1346 2.2769949148782853 -0.52242637784901058 7.4654931843322681 203 218 225 0.059033223298245487 35 27 33 39 40 48
1347 2.3536366350884674 -0.54378365761443737 7.5350750437284928 216 226 228 0.12909888443493861 31 24 33 40 32 30 40 45 34 12
1348 2.3542597892445891 -0.54429356781119209 7.5369208580286466 216 226 228 0.13002209043745594 31 25 33 41 40 46 34 13
1352 2.3602814263178127 -0.48133459318323363 7.5562235517427592 213 222 227 0.15270139734859797 31 33 33 54 40 51
1353 2.0953642855061752 -0.3085832319502505 6.9746201063097262 198 216 229 1.1254290452972768 42 50 34 27 33 66
1354 1.5385467701416473 -0.24505641407046655 7.1699711792432756 6 11 13 0.63616675947709778 33 69 40 69 34 42 47 95 46 86 48 86
1355 2.5075849880101462 -0.39915862759168735 7.6189168083056362 178 183 186 2.1882836496389459 35 54 33 73 32 50 40 66 40 73 34 34 34 38 31 46
1356 2.4219788088015308 -0.34795532778393501 7.5765775825683219 214 221 226 0.19453396046092206 31 56 33 80 34 46
1358 2.0883864416868674 -0.1553876058056794 6.9041996484432229 202 222 233 1.7331089800540243 33 93 32 68 45 234 30 497
1359 2.338472912930655 -0.19985308316840883 7.5744989252483181 176 190 197 0.040286332400480449 31 72 33 102
1360 2.5854458413718424 -0.17041646848358549 7.7101834784622003 231 233 232 0.12328834404530342 35 71 33 107 32 79 40 90 34 61
1361 0.17291113143482312 0.0078009557604646305 8.0832211931596287 36 56 109 0.19972650491655744 42 94 33 108 32 90
1364 2.0530278703101237 0.080807606590265674 6.9491620053070351 186 214 231 1.13875735894525 35 90 33 131 32 338 34 78 45 70
1365 1.7726537718513526 0.14080993801724856 7.1749458607194185 81 113 124 0.51939762152054347 24 122 33 141 32 109 40 114 34 307 36 396 45 592
1366 2.3183959171510153 0.1169836008498218 7.5852285203486955 177 191 200 0.13255126881688414 31 113 33 145 32 115
1368 2.252853280312805 0.21806101950857817 7.6292158009124718 165 187 200 0.47883871197356187 35 115 33 152 40 516 32 527 34 473
1370 -0.29227795245572552 0.51759771793235121 8.4071113045070582 50 59 90 0.20979795789182795 26 113 33 170 40 150
1372 2.5233642610928335 0.32348800998016902 7.655372659944625 219 220 222 2.1254363208344729 31 142 33 173 32 152 31 141 40 147
1373 2.27051894808121 0.37234544814526283 7.5500755466912146 231 250 255 0.18000675351012138 31 145 33 177 32 154
1374 -1.2280065999118503 0.61032742497796255 9.0364115048160194 116 113 110 0.48370467028975084 43 141 33 178 36 436 45 343
1375 2.444926211562791 0.40614074457111493 7.8845510862567254 176 185 191 0.97452272999852441 31 153 35 589 33 188 32 540 40 531
1376 2.2837822153502256 0.46538880543502681 7.5880718186972134 175 194 202 0.20446462515090086 31 166 35 149 33 199 32 167 34 127
1378 -2.0265022265972266 1.0634366160096209 9.5007167741109626 33 35 33 1.7207932373690167 42 237 43 185 33 226
1379 2.5160649616270203 0.69471040219197033 7.7269162332220809 206 209 214 0.29353441964312993 31 206 33 232 34 164
1381 2.5960868491197537 0.72763863372027227 7.7823268147880231 183 187 190 1.1082225479296539 31 214 33 236 40 198
1382 2.4873123786827893 0.8014067711321653 7.6769881676246516 177 182 185 0.16824723258940205 35 199 33 241 32 226 40 210 34 178
1383 2.4873123786827893 0.8014067711321653 7.6769881676246516 177 182 185 0.16824723258940205 35 200 33 242 32 227 40 211 34 179
1385 1.688649943442333 0.93775986353185425 7.2860672688403456 27 47 81 1.0663388340294648 42 255 33 251 45 161
1386 2.5815056108150047 0.92408452076991443 7.7090457873908695 183 184 186 0.52986223933595755 35 210 33 253 32 241 40 226 35 207 34 195
1387 2.5360891125695324 0.94586719203243985 7.6907367979080474 180 184 187 0.26127425996248294 35 212 33 254 40 231
1389 2.6045013218236401 0.98637622360389821 7.7734014683335388 181 182 184 0.27250843192067276 35 216 33 261 40 233 34 203
1390 2.3680159778539629 1.0071569324327556 7.6269396890027297 216 223 229 0.18733189986611901 31 238 33 264 32 250 40 237 34 206
1391 2.4442477329652275 1.0105283609939475 7.631265543599155 173 178 181 0.33782864673468305 35 219 33 267 32 438 40 238 34 210
1392 2.5028002137567187 1.0213810737406801 7.6827570612394362 181 185 188 0.32671497716154174 35 220 33 271 32 253 40 240 34 215
1393 -0.40261852621040917 -0.64052464039500157 8.3742983150670849 103 142 157 0.3452153726805392 42 280 33 277 32 11
1394 2.4424795008654536 -0.65835303242183552 7.5439785286376884 175 178 183 0.20499015662035527 35 410 33 279 40 445 34 396 32 450 33 462
1395 2.1504966889652994 -0.47624665034988017 6.9658342530224173 201 215 223 1.2029659768367682 35 229 33 282 32 25 40 254 34 227 36 44
1396 2.3220968180064272 -0.58623677028362131 7.5122701730819079 175 182 189 0.33061537546589265 31 260 33 283 32 263 40 255 34 228
1397 2.3220968180064272 -0.58623677028362131 7.5122701730819079 175 182 189 0.33061537546589265 31 261 33 284 32 264 40 256 34 229
1398 2.4665709059180689 -0.55595597213981163 7.5441824757528924 214 218 221 0.13799161161824361 35 232 33 290 40 262
1399 2.1594019676535257 -0.4600602095962828 7.3930519431613906 188 214 225 0.076532695181539934 35 236 33 297 40 268 34 239
1400 2.5363467083607429 -0.39658783463180936 7.5666927819825034 177 181 182 0.15948470632089995 35 258 33 322 32 51 40 67 34 259
1401 2.3039220805804672 -0.28041662407583806 7.5410763811364561 204 221 230 0.21061500109509573 31 305 33 328 32 306 40 308 34 276
1402 2.4705044452306697 0.1105295502144869 7.6223152824180556 182 184 186 0.39086055797819774 31 355 33 362 32 347 34 92
1403 2.403266382070254 0.20437179700971755 7.6401945493333097 183 188 191 0.2984108649956842 31 364 33 373 32 350 40 346
1404 2.2403097135886862 0.3641158902675487 7.5646652151925444 172 194 207 0.2250456355533732 35 335 33 390 32 368 40 525 34 328
1405 2.5491567448336134 0.41531154022319861 7.7465485780829209 235 235 235 0.30105160327897829 31 544 33 401 32 381
1406 2.5491567448336134 0.41531154022319861 7.7465485780829209 235 235 235 0.30105160327897829 31 545 33 402 32 382
1407 2.1822582257332166 0.61364888625497749 7.3454197611085341 193 214 227 0.20436065850426113 35 167 33 410 34 148
1408 2.3027581345416226 0.63349105927166649 7.5487991272816295 183 194 202 0.17907136085079298 35 363 33 413 32 401 40 386 34 354
1409 2.3067750355209182 0.63279349346389901 7.5635367788238934 183 194 202 0.15872458422759975 35 364 33 414 32 402 40 387
1410 2.3289487675369287 0.73423452503289954 7.5327027931608272 213 224 228 0.080859234356933013 35 373 33 426 32 411 40 401 34 499
1411 2.5466280186593777 0.72990229886370772 7.7527585878454381 182 186 189 0.33286424555617428 33 429 32 413 40 403 34 169 31 215
1412 2.3801798200258304 0.76002420752807476 7.6370450803352536 184 191 197 0.2359432045416599 31 420 33 431 32 561 40 547 34 366
1413 2.1252526872168231 0.8149865070829958 7.0641189172667884 199 224 231 1.0126528314670016 42 449 33 432 32 229 40 404 34 369
1414 2.3604305217305366 0.85933095187232811 7.5748295034271305 212 219 227 0.15879806728252577 35 380 33 436 32 420 40 217 34 371
1415 2.3604305217305366 0.85933095187232811 7.5748295034271305 212 219 227 0.15879806728252577 35 381 33 437 32 421 40 218 34 372
1416 2.580446172612846 1.0333793659211483 7.7417921047636202 208 210 209 0.29764215635746355 35 398 33 448 32 254 40 420 34 385
1417 1.8988065997320218 1.1179200257165196 7.260082299803388 88 129 149 0.75304155713543397 35 399 33 451 40 421 34 386 36 471
1418 2.4160573919731152 -0.62904972575425055 7.5461124909277606 217 221 224 0.24372236160930524 31 255 33 464 32 260
1420 2.2143794923113984 -0.53516864904477313 7.426030721356514 207 225 237 0.066811937788082573 35 420 33 472 32 457 40 451 34 403
1421 2.2548085793382961 -0.51481741599424424 7.4968907068010324 169 192 204 0.16838170698955909 31 459 35 422 32 461 40 453 34 405
1422 2.1662601342016976 -0.34149212121457517 6.9329106208082711 175 185 194 1.342808435244097 33 489 32 472 40 468 34 418 36 343
1423 2.3147175175743921 -0.44875122109199855 7.5062303676356086 175 185 194 0.15898090325658842 31 476 33 490 32 473 40 469
1424 2.3650762039871731 -0.36519780679629388 7.4738960891823911 177 186 191 0.39168820378635844 35 446 33 501 32 300 40 300
1425 2.3154924393399487 -0.24495916393099398 7.4854689045702614 176 190 197 0.064796246622010834 35 458 33 511 32 492 40 487
1426 1.5796061709855618 -0.11780553587352048 7.1268398745747126 93 116 128 0.36331389393888158 31 313 33 513 34 440
1427 -0.41911535759762841 -0.0012707068796388755 8.4096820717104546 163 165 160 0.24867999295012813 31 506 33 524 36 566
1429 2.3270488354525045 0.66057945298046084 7.5496219990503697 213 224 230 0.12901861693518821 35 514 33 568 32 549 40 539 34 491
1430 2.4571969363546531 0.71242924070666314 7.6610717002441913 212 215 220 0.15155301903806501 35 520 33 573 32 552 40 543 34 495
1431 2.3295658338876986 0.76908881554698083 7.6261563834437069 188 201 207 0.14366004301729596 31 560 33 579 34 502
1432 2.3265325689467087 0.7687413043366097 7.6164001650789146 188 201 207 0.1685932705010193 31 561 33 580 32 564 34 503
1434 2.5123645138105988 0.77269591493418388 7.6954469592678505 205 210 214 0.19632198115427754 35 527 33 583 32 565 40 552 34 504
1435 2.5123645138105988 0.77269591493418388 7.6954469592678505 205 210 214 0.19632198115427754 35 528 33 584 32 566 40 553 34 505
1436 2.4057459495801696 0.78833438526359634 7.6272147826632821 208 215 221 0.13127274715401049 35 530 33 586 40 555 34 507
1437 2.5634121764720583 0.82990259042508863 7.7318527248076032 205 209 212 0.63694227201605702 31 424 33 588 32 418 40 558
1438 2.460991780303468 0.84696182586548086 7.6481652771722812 204 210 215 0.099904146422794479 35 534 33 589 32 572 40 560 34 510
1439 2.380207133593006 0.8917495378059358 7.6242805079873968 190 199 204 0.16012440905036576 35 535 33 591 32 573 40 561 34 512
1440 2.380207133593006 0.8917495378059358 7.6242805079873968 190 199 204 0.16012440905036576 35 536 33 592 32 574 40 562 34 513
1441 2.5293446789599008 0.97346541868481162 7.7236940436834471 200 204 207 0.13462541184894616 35 392 33 595 32 434 40 414 34 519
1444 2.279766359403244 0.93798358526777781 7.5117261241939142 211 222 231 0.17698364129259078 35 599 33 644 32 577 35 538 40 566 34 516
1445 2.280601304827194 0.93818752079204337 7.514486363864993 211 222 231 0.17799337084478475 35 600 33 645 32 578 35 539 40 567
1446 1.7994397449819199 1.1038589928196207 7.2873963203005117 83 122 137 0.6200358927769748 31 604 35 602 33 647 40 618 36 604 45 762
1447 1.4936365625899271 1.0640682462526949 7.464056317186734 90 123 138 0.39766699299171115 26 661 33 733 32 715
1448 -1.0909371442203804 -0.71223034852808442 8.7554281802338423 17 20 19 2.0340026502339552 43 660 33 735 34 665
1450 1.171086660499377 0.46851963419610015 7.6244444415807147 157 154 149 0.4138081300786563 35 764 33 816 15 1160 5 435 1 494 7 407 14 344 11 335 8 310 12 271 10 325
1451 0.96914903232659089 -0.36701588074921887 7.6013171273862516 155 150 146 0.50289009939253382 31 774 33 827 32 792 40 808 45 846
1452 -0.44445016923742675 -0.1465115675561838 8.4389110480662719 39 57 113 1.3531510891594021 25 344 43 266 33 92 24 582 35 463 28 647 25 756 26 579 27 475 30 584 42 618 43 559 32 498 32 594 40 590 34 58 36 624 21 142
1453 1.4445743307020922 0.93552388509161966 7.4728636076157615 17 38 74 2.2654120899478793 24 245 28 454 25 489 26 457 27 251 31 222 33 243 24 248 42 251 31 224 32 238 40 220 28 287 34 193 36 275 45 160
1454 1.0074724162953574 1.0105496041027022 7.7218676703212417 55 30 5 1.1784267356980407 24 696 28 756 25 914 27 619 30 749 42 783 43 738 31 722 33 768 30 777 20 249 23 246 29 222 17 156 18 123 39 416
1455 0.47451769564648033 0.30568523851397278 7.9495124468884688 39 61 82 1.8829351152261222 24 328 25 401 26 266 35 116 27 197 43 112 31 122 33 149 4 780 3 257 2 443 42 140 6 813
1456 2.1139452780776224 -0.4885533336984873 6.8243153585901464 213 222 231 1.1890917804988164 42 287 33 20 32 15
1457 1.2014476929599074 -0.61973786581733015 7.3966025276685672 108 145 163 0.17005598874173952 28 2 32 4 40 22
1458 2.5117168467246338 -0.48420625984014842 7.6316569157962473 171 175 178 0.28977110428954433 31 34 32 36 34 25
1459 1.6194098952474829 -0.30941579923803542 7.2114356556012256 12 14 16 0.49786686452807838 27 10 32 43 40 59 46 81
1461 -1.4764902669065385 0.11406163944799372 9.1310747263955534 13 21 58 0.38204045683433979 31 92 32 107 40 111
1462 0.26434020628213323 0.17726580710918807 8.0133024110774347 114 98 62 0.6887169963261407 27 53 32 113 45 86
1464 2.2152252298548651 0.47572847644690325 7.466470529431156 190 212 225 0.2428809489965903 31 164 32 169 40 164
1465 0.13225622348798713 0.63159287383247786 8.1892272499434604 149 129 74 0.70348613092215184 25 230 32 179 40 173 34 136 26 306
1466 2.3683994283304086 1.0070002193155883 7.6303647129071202 218 224 230 0.1073713278908334 31 237 32 249 40 236 34 205
1467 1.9087236308791238 1.0843103194920229 7.2474312077227516 126 167 187 0.71274406987928862 33 273 32 257 40 241 34 219 45 546
1468 2.479708491603688 -0.56534252552183917 7.592607127668801 216 220 223 0.1284466055648133 31 265 32 267 34 234
1470 -0.4523768685319759 0.52581125781354621 8.5304839082504138 27 43 91 0.48421788872920718 25 434 32 377 40 152 36 201
1471 2.2632211058836544 0.61506494585567084 6.9891439506090336 186 187 191 0.83479474495444983 31 408 36 233
1472 2.3901040992232905 -0.5942281263944541 7.5499359092577896 175 180 184 0.25733193607518334 31 453 32 453 40 448
1473 1.509342954374562 0.76623570418591624 7.4064828142053356 23 33 70 0.18299293226849755 28 560 32 554
1474 -0.86770848182288796 -0.63006906642850713 8.6200301768628513 27 44 98 1.2758700454067033 31 445 35 411 32 588 34 530 36 716
1475 2.1878632248349947 0.60911394986154144 6.9831704822143132 207 217 226 1.3361493154454456 33 563 35 595 32 616 40 612 36 601 34 561
1476 1.587283984816015 1.0329782096596813 7.4179112654306492 15 32 75 0.69600196381171764 30 799 32 806 40 805 34 754
1477 -0.96021043541182349 0.51260233346519624 8.8545152484721648 25 28 53 0.82217616049789677 32 156 35 500 28 620 25 716 26 537 27 439 42 572 31 535 33 552 32 539 40 527 34 478 36 746
1478 -1.3000479970441312 -0.114999819164119 8.9619335953539956 52 59 78 2.5851490348016886 24 290 27 168 32 317 28 62 26 28 30 36 45 55
1479 -1.2519338048370534 0.77638019153536131 9.0421631382511745 135 101 45 0.92259537770718125 24 752 25 926 32 193 28 262 26 318 31 183 45 137 21 336
1480 -1.1516102497896117 0.80267468248643936 9.0119171753536733 114 110 104 2.1854600555382957 24 387 35 169 28 266 25 477 32 198 24 235 25 277 30 142
1482 2.1934017633000993 -0.57505008168123939 7.4574340943903961 168 192 205 0.17766982381544788 35 412 31 451 33 465 32 451 35 413 33 466 40 446 34 397
1483 1.9296608184553137 1.048807022792182 7.224670422561549 132 170 189 1.4862224614806965 25 643 30 165 42 463 31 441 33 646 32 622 30 573 43 613 31 603 45 638
1484 0.053928515111665028 -0.17434701282896936 8.2651917617259283 35 55 108 1.4767833668475625 33 615 35 560 32 496 40 490 40 587
1485 0.16343797491012552 -0.65999640492834477 8.0826807412990025 138 167 179 0.30710029469932126 43 2 45 195
1487 2.5343535527431746 -0.64461559688508796 7.612445318470721 204 208 211 0.10594729480224814 31 256 40 35 34 7
1492 2.0574960215474172 -0.062121379079290301 6.9712559014193802 176 204 219 1.0056442963858638 32 318 33 105 40 87 45 443
1493 2.0802869414503102 0.25555934424443283 7.0349961302216153 182 210 221 0.80264877154769299 33 151 40 131 45 100
1495 2.463407891543373 0.74977485351402207 7.6049793679613806 183 186 191 0.2390005663298648 35 192 40 201 34 175
1501 2.3097213258989049 -0.51836268211336789 6.825181240039309 203 207 208 0.58920632849134613 33 19 40 251 36 323
1502 2.4161305729186373 -0.62973219078196774 7.5500639922376216 211 215 218 0.12422197860687552 35 227 40 252 34 225
1503 2.5369413992357224 -0.57221138010499639 7.623727806752755 201 205 208 0.15540372445375594 35 234 40 264 34 236
1506 0.45339861437539308 0.049220000448247772 7.9171094499587449 93 125 146 0.55486132219958817 24 303 40 330 34 299 3 530 4 779 6 815 5 98 1 135 7 85
1508 2.2178637236239918 0.67740256059976556 7.4639185017685952 188 212 222 0.12577084076009784 35 177 40 388 34 159
1510 2.1342838422787622 0.93300737959797198 7.0578655500880112 202 219 230 0.69553620613557776 32 431 35 388 40 413 34 379 45 166
1513 2.2537824752521294 -0.65131018540611341 7.471640572652313 168 183 188 0.15721725779443593 31 448 40 441 34 392 32 446
1514 2.3148671388822746 -0.64736936693110936 7.4750343620171638 161 167 171 0.094538257485275709 32 447 33 459 35 407 40 442 34 393
1515 2.4428237244844131 -0.65926994121480242 7.5454529853544177 168 174 174 0.099557698211391918 35 409 40 444 34 395 32 449 33 461
1516 2.3121962722142695 -0.50875145688880541 7.4801779005649447 168 179 185 0.13503722550148659 32 462 35 423 40 454
1518 2.2513667073441357 -0.44286221430480754 7.4779948543720121 170 188 198 0.062964104330970549 32 471 35 435 40 467 34 416
1519 2.4138117258392739 -0.30172584473132236 7.4650144741472637 176 181 185 0.084152698335692666 32 485 35 451 40 483 34 432
1520 2.2087488019146555 0.40799088342921452 6.868502038370246 179 183 186 0.77984663208864857 35 497 40 526 34 557 36 194
1523 2.3849893973683041 0.95829154763066293 7.6172419892782779 179 184 188 0.13755616152926736 33 593 35 540 40 569 34 517
1524 -0.32148171093821842 0.28362125376424685 8.4201736476389613 163 159 156 0.47399753897027758 28 660 31 625 34 596
1525 2.534851108281166 0.36741071285724231 7.6946520827113707 215 216 218 0.24558998061472517 35 626 40 655 34 558
1526 2.5395509551706392 0.36775177047190472 7.712986748776431 215 216 218 0.44449729154269935 32 656 35 627 40 656 34 559
1527 2.5099321982988552 0.9768602811910978 7.0811173452479643 203 204 208 2.3484181128009518 33 686 40 666 34 213
1529 2.4062307056878676 0.44583592473470074 7.7074448705702592 176 176 175 0.34682535426666705 35 673 40 706 34 648
1530 2.3736289064836917 0.47799875858677981 7.8624040206299046 183 200 210 0.57709261687963709 32 703 35 711 40 707
1531 2.6188521385922474 0.40011540228493353 7.6504238068384192 181 182 186 0.40495743951166996 32 753 35 708 40 743 34 686
1532 1.1456355674446068 0.95630605806518809 7.6538747146471486 145 141 140 1.3421306455807549 30 723 43 697 40 749 36 755 4 1487 11 297 17 291 22 263 20 246 23 244 29 220
1534 -0.42336222646840244 -0.1453331429993994 8.4441217380901854 34 55 112 0.4394542322497802 43 784 40 795 34 740 45 840
1536 2.547014399718702 0.49345167411954982 7.7566499229589141 171 172 171 0.10015554349094891 35 158 31 182 33 212 32 178 40 177 35 157 33 211 32 177 34 133 34 134
1537 2.4592127669503965 0.95644230424867582 7.7029569745782931 176 180 186 0.64499172732915266 31 235 33 256 32 432 31 433 40 232 35 389 31 434 32 433 34 380 34 381
1538 2.496180104283936 -0.52436875147991957 7.5711526001822165 177 181 184 1.221840621433403 35 430 31 465 40 462 35 31 33 47 34 412
1539 -0.69858026258857098 1.1332017677011139 8.8035736049091646 31 56 96 1.4799477970072759 24 617 28 681 26 565 30 621 42 597 33 244 30 320 40 617 30 471 42 253 34 566
1540 1.7152115749917947 0.79983268790819917 7.2900119329872561 98 126 140 1.2380835330644753 35 632 28 675 25 785 27 503 31 641 33 681 32 662 40 659 24 655 35 678 28 713 25 829 27 540 42 733 43 694 31 681 33 725 32 707 34 607 34 655 36 702
1541 2.1460411901487513 0.61739817877210645 7.0249798877443483 198 208 215 1.9439730231747818 42 226 32 546 40 537 35 511 42 224 31 551 33 565 34 488
1542 1.0442398021154349 0.81757598051363034 7.674067237740223 45 42 57 0.35084969356028023 24 388 35 190 28 440 31 210 32 216 24 389 28 441 25 482 27 246 26 454 42 440 35 191 25 481 26 453 27 245 30 461 43 526 31 211 33 228 32 217 40 195 40 196 33 229 34 172 34 173 36 254 3 438 3 439 6 728 6 729 15 250 15 251 1 88 1 89
1545 2.1409596647549751 -0.3603921923228936 6.9243534831857581 198 217 225 1.5800047566461497 32 35 33 50 40 50 34 24 36 532 33 49
1546 2.1118486849664215 -0.13825375611090193 6.8179470729859464 171 190 198 2.0022345616852446 35 65 42 78 34 53 45 228
1547 1.8056487447529017 0.34021545888585203 7.1850119234481475 83 117 130 0.24263150271579637 24 159 34 105
1551 2.1105222238660928 0.46140337101415596 7.0229136108933554 168 190 203 0.78684514297962194 32 376 35 340 40 368 34 336 36 425 45 495
1560 -1.0795655258564483 -0.71994672173608365 8.9012777095257292 0 0 0 1.5099663221143553 32 671 42 664
1562 -1.201895329307396 0.081051474881918939 8.9707046516461837 102 112 141 0.38647225868567064 24 94 28 362 25 364 35 299 27 184 30 251 31 336 33 349 34 304 28 361 25 363 27 183 31 335 35 298 33 348 32 339 36 390
1563 2.4076621392514195 0.71359469750147975 7.6628931301851315 117 121 123 0.22019708177774469 32 209 35 371 40 400 34 360 31 412
1564 -1.5121914673168237 0.27898225450455444 9.1959804461020411 85 94 124 1.790268484005523 24 320 35 112 25 391 27 64 42 127 33 143 32 128 40 129 34 99 24 322 28 133 25 395 26 261 36 166
1565 0.0093618587308161479 0.60469274496084302 8.2669832712480691 34 56 109 0.59460765124671711 24 606 35 592 28 669 25 778 26 608 27 450 42 651 31 595 33 636 34 483 35 506 31 546 33 557 36 596 45 620
1566 -0.43976690620390263 0.67981029117572422 8.5351153041082064 20 32 69 1.5890824834660153 25 465 27 233 34 145 24 555 28 627 25 728 26 553 30 442 42 583 43 504 31 548 33 559 32 543 40 535 34 486 36 231
1567 0.0095931080835052716 0.60506759683053335 8.2665454879621336 34 56 109 0.58727699898602048 24 607 35 593 28 670 25 779 26 609 27 451 30 552 42 652 43 599 31 596 33 637 34 484 35 507 31 547 33 558 36 597 45 621
1568 2.7810407332477158 0.73945988849803823 8.010777724180544 201 203 205 0.23327188727589723 32 562 33 581 40 550 34 501 35 526 33 582 40 551
1569 0.84538215869024302 0.77999360373586235 7.777358556627747 96 85 61 0.58856397857219833 24 609 35 596 28 671 25 782 26 612 27 500 30 615 43 606 31 598 33 641 32 617 40 613 34 605 24 610 35 597 28 672 25 783 26 613 30 616 42 695 31 599 33 642 32 618 40 614 36 648 45 694 2 1297 2 1298 15 1032 5 301 5 302 1 322 1 323 7 289 7 290 17 205 8 75 22 63 21 76 19 72 23 72 23 151 39 378 39 377 18 43
1570 0.49636306311453338 0.2335155088316877 7.9167398829611946 62 88 114 0.30510889423502235 32 692 33 708 34 634 36 736 21 192 19 284
1571 0.93767667783726583 -0.55780113579948565 7.5309146554520989 54 53 44 1.0691488111492637 30 5 36 41 4 678 15 235 39 109
1572 2.0924091662446269 -0.46875061729232442 6.9056685501328143 208 228 238 1.1274679729901929 30 183 36 46 31 259
1573 2.1641215963910878 -0.42999071004975581 6.9117244509490821 195 208 216 1.2492266786174235 32 28 36 51 33 34
1574 1.2093333402774686 -0.29746536440330917 7.4276970835046026 88 117 124 0.82449483931464984 26 13 36 84 45 216 17 39
1575 1.2490889659870992 -0.24943211309624011 7.4089523889466475 94 115 126 0.023824283761339521 25 48 36 89
1576 -0.47233449585166387 -0.27923570401200137 8.4221630245848988 95 126 134 0.38453273225234796 43 246 36 90
1577 1.5123212999139799 -0.17729326915648566 7.2608402514059778 93 113 122 0.48645824575438062 43 57 36 102
1578 -0.26888709405088723 -0.041039667650305915 8.3466383372031601 20 23 33 0.58828710188052902 31 76 36 122
1579 2.1415896367629403 0.0028755147630225098 6.9195283387181314 214 229 234 1.4825719466131453 32 87 36 128 40 94
1580 0.4770320376479012 0.42259945651846181 7.9492546286683208 75 103 124 0.39390498971726046 42 164 36 190 3 533 4 782 6 817 15 336 5 100 7 86
1581 0.51642539960484568 0.44438631076754254 7.956950499873753 12 39 63 0.85612620093918868 26 105 42 403 36 192
1582 2.3094141268521016 0.70340223494831855 6.826982736672929 178 179 183 1.6260398700978078 40 187 36 250
1585 1.5399554343019886 -0.58567010291385979 7.190219096186099 102 137 149 0.36556695154559193 30 167 36 319
1586 2.1102559081398677 -0.54934693579895411 6.7978478770283042 205 221 228 1.0302380608289921 31 251 36 322 42 282
1587 -1.2101408463892047 -0.20967582784315042 8.9103542919661329 106 77 28 0.49767416060720088 43 423 36 364 45 47
1588 -1.2480588272986834 -0.08869228563899656 8.9428157682775886 17 29 64 0.28057636216056187 32 83 36 368 45 59
1589 0.96479481738757622 0.041715247049173482 7.6030393411972943 140 141 136 0.79369417923396712 28 359 36 385 45 68 3 446 15 247
1590 0.94928077265498045 -0.48871519390640128 7.5573246542011523 136 133 130 0.65475970190431776 27 145 36 613 45 575
1592 -0.95153960499140922 0.65534904900599034 8.8675711533740973 144 144 143 0.19314589115776246 42 649 36 647
1593 1.6008224424561224 -0.65636580137593759 7.1120459342771074 109 145 163 0.34798004256296411 42 2 36 660
1594 1.0141091227166286 -0.021185121815603621 7.5765801519221885 143 142 137 1.1754494486031171 30 637 36 683 45 589 3 1254 17 198 21 147 19 251 20 187
1595 1.0497466224915362 -0.51083619725563512 7.501244017838995 132 131 126 1.5962430430653256 30 627 36 717 45 711 23 249
1596 1.6980489378945218 -0.45564772645905621 7.1221141550294034 84 119 129 1.1223084618434138 26 668 36 718 45 712
1597 -0.18365427623337527 0.34788520684670593 8.4244537497660588 152 150 142 0.0413098321901708 34 639 36 740
1598 1.38595423005339 0.61682099475293806 7.4322924904274377 89 126 136 1.7610052111031322 26 738 36 801 45 805
1599 1.5146287391830378 0.75011570323867183 7.3575454355617609 12 25 61 1.1607928971345627 26 778 31 770 36 844 45 354
1600 2.1205337219331462 0.14694274835090224 6.894193328264687 183 200 208 0.1155129758224531 42 123 36 851
1601 1.62220129075395 -0.31690229901358852 7.1917613867818577 103 118 127 2.4055413087981785 25 330 26 199 27 150 42 45 30 356 34 30 32 42 40 58 42 46 45 9 46 80 47 88 36 79
1602 0.89399581153011298 -0.31099635053636826 7.6075590870598564 31 28 34 0.18896447061150465 24 33 35 49 28 27 42 47 31 40 33 61 32 48 40 62 34 35 36 82 25 332 26 201 27 155 43 245 30 355 45 11 3 454
1603 -0.26131670507248456 -0.62646754634599144 8.2744508408827624 99 137 153 0.42981650663110899 24 259 25 314 36 664 35 545 31 570 32 626 33 605 34 529
1604 -0.82966892765610123 0.97118925842750026 8.8090300634000123 29 47 82 2.2916069652059177 35 679 28 447 42 732 32 709 36 264 31 416 36 269 45 513
1605 -1.2065046750097057 0.035426928403258208 8.9504241268341946 136 150 180 0.39919945659292805 24 74 28 86 25 87 27 37 36 135 30 45 43 78
1606 -0.14023530781620691 -0.25150590265499773 8.2503415940163745 77 65 38 2.0035334229112598 24 275 35 62 28 43 42 57 33 72 36 98 24 41 28 37 25 45 43 49
1607 0.094803443495591333 0.51037467462067587 8.1867406782657657 111 114 143 2.0602539349449804 25 200 27 93 30 105 36 204 25 192 27 216 30 100 42 173
1608 -0.73552731613939193 0.45713082206988642 8.6943260769119064 25 42 50 0.093748301616020852 24 455 35 327 28 530 25 597 26 426 42 394 43 315 31 370 33 379 32 362 40 354 34 329 36 419 27 208 30 283
1609 -0.93614626542881063 0.70716015228682338 8.8671805256582488 146 145 147 2.2559787037010275 24 479 35 166 28 430 25 628 42 424 31 174 33 201 40 179 34 144 36 446 24 738 35 674 25 908 26 742 33 721 32 704 40 708 34 652 45 749
1611 1.1470450307487889 -0.30862728391976718 7.4600967840736301 72 53 29 0.56715592490430089 24 574 35 554 28 640 30 578 42 668 32 630 40 627 36 671 24 573 35 553 28 639 25 748 26 568 27 469 30 577 42 667 43 622 31 613 33 655 32 629 40 626 34 576 45 577 45 578 3 1201 4 1398 4 1399 6 1436 6 1437 2 1284 2 1285 15 962 15 963 5 288 5 289 1 311 1 312 1 363 7 273 7 274 9 180 9 181 14 196 14 197 11 182 11 183 17 192 8 170 8 171 12 136 12 137 22 200 10 169 10 170 19 157 20 150 20 151 23 146 23 147 29 129 17 45 21 95 18 18 39 389 39 390
1612 -0.81934611461457907 0.89113198445720476 8.8000105078095583 48 47 40 2.3930824351649176 26 175 36 252 30 148 43 180
1613 0.79358748655154365 -0.13332290668850294 7.6967651831226709 164 157 150 1.4555326542210651 31 746 33 797 42 833 43 786 33 810 40 780 34 729 2 1443 15 1142 5 441 1 473 7 383 7 414 9 336 14 352 11 341 17 338 8 315 9 350 12 278 22 344 10 328 3 1368 4 1535 19 340 20 309 24 763 25 935 27 648 28 816 32 764 35 747 45 819 36 816 36 833 29 292 29 280 18 202
1614 2.0251339219750073 -0.53908322283334187 6.913908688600114 149 187 202 1.0897291352338607 31 446 36 38
1615 2.3295281490550717 0.9579739149693256 7.0204598467960846 200 203 206 1.4542495742909081 32 435 35 393 33 596 40 415 34 520 45 378
1616 1.0525865422068876 0.51707686305003209 7.6303507121024419 146 144 139 0.82785361086505782 24 690 28 750 25 865 26 698 27 586 30 714 42 775 43 691 35 672 31 678 33 763 35 709 32 702 40 705 40 742 34 650 34 689 36 748 43 690 31 677 32 701 40 704 34 649 45 745 3 1291 4 1466 4 1467 6 1501 6 1502 2 1359 15 1060 15 1061 5 367 5 368 7 337 9 263 9 264 14 262 11 260 11 261 39 419 39 420 17 258 8 233 12 198 22 265 10 248 19 250 48 277 48 278 47 289 46 266 41 328 41 329 44 397 38 294 38 295
1617 1.656681420205667 -0.080176257121867947 7.2025936526526602 44 54 68 0.42415593636873711 24 427 35 464 28 496 25 546 26 376 27 289 42 532 30 383 43 447 31 502 33 522 32 501 40 492 34 443 34 444 36 554 24 428 35 465 25 547 26 377 27 290 30 384 42 533 43 448 31 503 33 523 32 502 40 493 45 441 21 40
1618 -1.1668270692671516 0.96568272480751882 9.0014713310391592 106 86 51 2.3074319589825767 24 393 25 493 24 392 25 492 26 327 30 459 36 261 45 147 21 167 28 281
1619 1.6881819792257142 -0.43649690864469926 7.2303051419118747 59 65 79 0.40026750334165528 36 53 42 34
1620 0.89316791858816813 -0.30998169881646442 7.6042618603866075 61 59 64 0.15399809015146132 34 36 45 12 3 453 4 217 6 264 2 285
1621 1.5888950927113181 -0.19307612783878361 7.2556274145732749 120 137 149 0.70246865580556861 43 54 45 31
1622 2.2824154112451751 -0.11648031584100395 6.7453300139806869 168 172 175 1.719052925597965 33 96 45 35 32 70
1623 2.2883423996260439 -0.084750946621247561 6.7991682973507777 173 177 180 0.58834665775599215 36 108 45 46
1624 0.50711183189968623 -0.03942584438240293 7.8773670677131689 12 42 72 0.13578138383003988 30 239 45 58
1625 0.91306827204107222 0.44851968840970863 7.7368420497756594 114 110 107 1.039558837685054 32 537 45 118 15 278
1626 1.6628012316500502 0.86235975981339841 7.2956436431460707 15 37 86 1.1590391923773591 28 563 45 148
1627 1.5682577009714418 1.0942759128069308 7.4340967280995276 104 139 159 0.088102618561270718 30 326 45 174
1628 1.5697411175043401 -0.16329963576456175 7.2601218823715117 53 69 81 1.2464480623958833 30 225 45 241
1629 2.0900002881439486 -0.095139068840330937 6.919803430730977 186 206 215 1.7636570080120171 31 499 45 248
1630 2.1408179329341914 -0.065796443254442324 6.8621575484394217 182 199 209 1.7893372345488512 33 104 36 369 45 250
1631 0.90828931802750767 0.01688967853157881 7.6188726262114512 72 68 65 0.54756769226522217 26 235 45 280 3 460 17 73 19 71
1632 1.0587682464134101 0.31323871661085445 7.5745197018611385 163 159 156 0.46661118250457967 40 348 45 318 15 454 7 49
1634 -0.48379807085274418 0.70300862974089662 8.5519535039040857 34 59 71 1.546939536735493 28 245 45 349
1635 1.6679266317763581 0.67048187936003556 7.304343924702609 98 132 149 0.87402788297343137 30 145 45 352
1636 1.6225193732171337 -0.46030124186263444 7.2515424594972124 137 14 27 1.1904671691200566 45 433 47 236
1637 -1.2992993119833853 0.03022061557159543 9.0161299966837536 87 99 132 0.10910045201272431 28 653 45 463
1638 0.71954895496592552 0.40034998151073342 7.8255678335775478 106 136 148 1.4071694219217967 36 186 45 484
1640 1.2498184406936659 0.96749559632773618 7.5850478940541102 105 131 142 1.7167347012578129 26 461 45 521
1641 2.242878025928547 1.0348083232978862 6.9707102582329474 200 210 214 1.1134080840555882 32 256 45 537 33 450
1642 1.6062068015669488 -0.063055885263008468 7.2163981713786445 105 135 146 1.2256093182394683 30 589 45 585 21 148
1644 0.28798783755944973 0.67993716423805517 8.096589270006703 110 143 158 2.1829028722329662 28 827 34 714 45 783 21 307 21 335
1645 1.153731739773862 -0.14273850867810936 7.4795641141704481 164 160 157 0.78788340622520092 32 765 35 748 45 817 15 1139 5 432 1 470 7 379 7 404 9 332 14 340 17 331 8 284 12 267 22 335 10 321 39 527
1646 1.6019682564975735 -0.19868617746453843 7.2268382335659975 101 125 129 0.92855952778559614 27 14 42 69 45 439 35 456 28 578 30 495 43 428 31 492 32 489 34 438 36 547
1647 -0.99710159040523083 0.6428442513524828 8.9017626767697813 151 146 140 0.7266798445932523 26 551 27 349 45 346 28 213 25 224
1648 0.16823419338466949 0.44109525988312748 8.1430061411479269 23 34 80 1.2250118231285303 24 650 25 821 27 493 30 609 42 689 43 645 45 613 24 651 35 496 28 665 25 822 26 604 26 653 30 610 42 690 31 532 31 593 33 550 32 535 40 523 34 476 21 203
1649 2.1692944149603197 -0.22615101306446214 6.9566816724767371 187 199 206 1.628124666568586 35 448 33 507 32 484 40 479 34 429 45 225 43 53 36 620
1650 2.1383302042636902 0.90479747661263177 7.0289182202948481 160 182 193 0.16127025923863064 32 425 45 519
1651 0.18353067347894245 0.59585972082692673 4.1028337778409751 134 150 157 0.65633351221374814 42 465 3 36
1654 0.90823104071817196 -0.3324458564135756 7.5957232486084401 176 154 148 0.031854185412229855 45 8 3 174
1656 0.90855811260362662 0.013343376621845574 7.6284317919082447 94 72 61 0.29538470956422025 45 279 3 459 17 72 19 70
1659 0.48870004849051379 -0.0754712131633552 7.8683760492618413 124 140 155 0.98657662534451607 45 261 3 518 15 874 3 1132
1660 0.5232313086211493 0.2703234394704116 7.9033125192077067 35 49 81 0.45235834127557023 42 138 3 519 6 360 15 532
1662 1.4880740319745924 -0.38761656732667893 7.2661479262827751 112 141 155 0.2685423629578737 30 348 45 435
1665 0.60391405407588794 0.48328653640450947 7.9897920637536517 0 0 0 2.0411659763132244 25 432 26 534
1669 0.96429622833480955 -0.088424251512153024 7.5874224425184691 149 147 145 1.0640840674410246 24 292 35 467 28 495 30 382 42 529 43 274 31 321 33 336 33 520 32 316 34 446 36 367 3 436 31 70 32 74 11 69 39 103
1670 0.96099851168493455 0.62781764664371587 7.6339535053048069 155 151 147 1.7456970073113101 24 205 28 234 3 451 30 445 45 347 4 696 2 289
1671 0.9575417369814696 0.55806617413307413 7.6814884987659857 98 98 95 1.496385425675544 25 619 27 347 40 533 3 771 28 207 3 464
1672 0.83402368762530044 0.63267033313375109 7.7647045011192795 87 105 112 0.27789574633672587 35 355 26 440 42 429 30 447 43 511 31 402 36 230 45 625 3 800 24 371 35 354 28 426 25 624 27 351 30 446 42 428 24 370 28 425 25 623 26 439 27 350 43 510 31 401 33 406 33 407 32 185 32 186 40 376 40 377 34 142 34 143 36 229 45 624 3 799 4 940 4 941 6 988 6 989 2 665 2 666 15 486 15 487 5 81 5 82 1 111 1 112 7 70 7 71 9 44 9 45 39 88 39 89 22 64 22 65
1673 0.94987097319394131 0.33138687013898849 7.6490569316422583 22 19 16 0.40435309514884649 26 526 31 587 32 607 34 550 24 536 35 491 28 607 25 706 26 525 27 431 30 532 35 578 43 592 31 527 31 586 33 544 32 530 32 606 40 517 34 549 36 583 45 603 3 1101 4 1271 6 1313 2 958 15 821 5 161 1 230 7 155 9 125 14 68 11 72 17 75 8 67 12 45 22 56 10 67 20 77 29 58 48 81 47 92
1675 1.6687556339644383 1.9711940606244169 7.3412012385675292 160 179 187 1.2704641169159123 3 345 4 18 6 547
1676 1.440379478127404 -1.8380547060009913 7.0334053899994524 239 235 232 1.0702487178048661 3 22 4 20 6 38 2 47 15 48 14 101
1677 1.7247646129771215 1.9027743318281882 7.5016418601025086 154 171 179 1.3150552676450404 3 34 4 23 6 42 19 11
1678 1.6555131233476705 2.0259362637573846 7.4864228082540958 126 143 151 1.1742642918937052 3 361 4 39 6 579 5 32 7 306 20 173
1679 1.330227623491951 -2.453126413357952 7.1492644486188173 212 206 206 0.29717981823121076 3 366 4 56 6 605 2 76 15 91
1680 1.3090765090782264 -1.591163481928511 7.1296097786926591 15 15 20 0.2908423043776972 3 371 4 62 6 84 2 102 39 151
1681 1.2809512945636583 -1.9270461574549944 7.1400769486046922 113 116 121 1.4417371868626534 3 374 4 68 6 92 14 28 11 40 22 21
1682 1.2787519814492478 -1.1422293288281797 7.2293783864725647 16 21 26 0.14798481051374329 3 57 4 79 6 101 2 134
1683 1.2561502910738993 -2.169774780627693 7.5557559982194435 175 174 179 0.19054732297918608 3 78 4 115 6 151 2 152
1684 1.3112436458189591 1.700601223012705 7.6580938637311462 122 85 33 1.4508830053820039 6 702 15 196 7 147 9 115 11 59 11 60 12 35
1685 1.0195582363969449 -2.4111220760153853 7.3467665068298196 207 206 208 0.19877422463864813 3 105 4 133 6 172 2 180
1686 1.0251602100586528 -2.3452218269538774 7.4306129672487469 145 143 144 0.17029807055350013 3 109 4 138 6 181 2 181
1687 1.01370795004545 -2.1483342455654362 7.6821103555909049 158 165 174 0.27185491394149275 3 127 4 161 6 208 2 199
1688 0.93275883456957887 -2.2845341981252658 7.5443631477736322 151 151 153 0.076399575689281032 3 139 4 164 2 203
1689 0.93275883456957887 -2.2845341981252658 7.5443631477736322 151 151 153 0.076399575689281032 3 140 4 165 2 204
1690 0.90712403365316963 -2.3317967134898825 7.4996375162215489 147 148 150 0.091807316224570806 3 142 4 168 6 212 2 206
1691 0.96388580840837967 -2.1641493355763588 7.7423913848400359 158 165 173 0.46141696309352803 3 146 4 180 6 222
1692 0.83456196390227133 -2.307518640032467 7.5701472885001859 166 167 171 0.071824772076927446 3 442 4 205 2 242 15 224
1693 0.72789418115323024 -2.3216532321709931 7.5966845255458537 152 152 157 0.27280974675262404 3 190 4 236 6 277 2 282
1694 0.68419341716297166 -2.1921315256058316 7.804957286668694 156 160 169 1.5465913891261442 3 207 4 267 6 306 2 322
1695 0.51521232538727746 -2.4001849905033348 7.4878587439446394 172 172 176 0.58016290017104211 3 486 4 285 6 321
1696 0.6847396901110131 1.9611617927005291 7.5897242005958292 148 150 170 1.2115663509376169 3 229 4 297 44 326
1697 0.42313614420286166 -2.3842376484215926 7.5999678664574608 172 171 176 0.48310290093489705 3 500 4 303 6 784 2 362 15 296
1698 0.72473578472495837 1.9980406531090176 8.0368502470138168 24 32 68 0.25838522745336751 3 239 4 316 6 795
1699 0.71464901286252003 1.9928237685386723 7.9955567170671484 24 32 68 0.016495156751396206 3 240 4 317
1700 0.52892212556335261 0.50366933492998245 7.8903862268517697 17 34 53 1.8294175161405619 3 250 24 192 4 327 6 362 39 77
1701 0.17746302344261594 -0.79375647105247282 7.8949897120729604 172 133 82 1.1147752857691897 3 563 4 436 17 164
1702 0.40130478806756359 1.8152397851751896 8.150496250174406 60 62 101 0.69604310557204518 3 296 4 441 39 202 2 1251
1703 0.26146104960257571 1.3784477768482331 8.1325830252058786 20 6 3 0.47746652364824477 3 309 4 470 6 507
1704 0.17025890858828172 1.3609103451295839 8.1810445253038502 128 93 56 0.50562772876838635 3 317 4 489 6 517 2 513 39 194
1705 1.8502198646501069 1.1865221968802924 7.6686169743007593 195 192 193 0.92827046259182155 3 329 4 492 6 539
1706 1.6996233001730841 0.38329900817239737 7.4804926929767053 195 188 191 0.87526590201725585 3 988 4 501 6 549
1707 1.5929446361912647 -2.1548309369979708 7.379760754593752 185 185 185 0.15580411280712425 3 334 4 505 6 551 2 527 15 386
1708 1.5725731076391598 -2.2168821775675731 7.3544589127531941 186 184 187 0.24809902737968961 3 336 4 507 6 553 2 530 15 21
1709 1.5498730330644772 -2.2751881692801512 7.3229124879032863 192 190 193 0.22990013797203829 3 339 4 509 6 555 2 535 15 24
1710 1.5253302990849271 -2.3289112236483374 7.2876451922158854 188 184 185 0.12804388730538513 3 341 4 510 6 556 2 537
1711 1.5271021368006494 -2.3316666826703374 7.2916642527649129 188 184 185 0.14391043511990462 3 342 4 511 6 557 2 538 15 25
1712 1.4694561384911062 -2.4193017867212934 7.1909520577329227 191 187 188 0.18230448578698366 3 346 4 515 6 562 2 41 15 35
1713 1.5549673341410886 -2.1869518405988053 7.3878680500889296 178 177 182 0.17161208666486824 3 349 4 519 6 566 15 28 2 545
1714 1.53428858221868 -2.153038812035458 7.4156842109200163 181 179 184 0.37219973154662483 3 37 4 539 6 583 2 548 15 394
1715 1.3783295480165283 -2.0207664208874565 7.1564136536907421 181 180 185 0.97284416889203662 3 358 4 548 6 597 15 87
1716 1.447978236781603 -2.1132640223822623 7.389598445270904 182 180 185 0.33461536315233653 3 42 4 559 6 607
1717 1.3339272490800085 -2.0390872691392641 7.1453289058625664 184 182 185 0.70407690234519804 3 367 4 560 6 610 15 103
1718 1.432108451494098 -2.1709472023999128 7.4454789897588087 176 177 181 0.40252510864923208 3 369 4 569 6 618
1719 1.3870766942780706 -2.2835549204197396 7.3786166379234635 175 173 176 0.17358851998764052 3 45 4 574 6 625 2 86 15 96
1720 1.3082692165483361 -1.1971252496205584 7.1919849599434373 134 143 140 0.82892185536637331 3 49 4 577 6 884 4 852 2 116 2 575 9 29
1721 1.3463947973089412 -2.3150390245272643 7.3811168789320885 186 182 181 0.23396969911716892 3 382 4 588 6 641 2 98 15 107
1722 1.2868356635908094 -2.3955902955619308 7.2732632951389267 197 197 199 0.10202894922480917 3 386 4 589 6 644 2 108 15 116
1723 1.2868356635908094 -2.3955902955619308 7.2732632951389267 197 197 199 0.10202894922480917 3 387 4 590 6 645 2 109 15 117
1724 1.3763041367516595 -2.1755051264097505 7.4867718240023118 175 176 180 0.1101875457965017 3 50 4 591 2 105 15 110
1725 1.4782947888407767 1.6236222636376449 7.5146783761314451 123 78 21 0.64237366937619256 3 390 4 593 6 648 2 158 1 55
1726 1.2306898111660813 -2.2279727541059193 7.2822114026805771 169 167 170 0.09090694378266663 3 65 4 609 6 660
1727 1.2293353057260674 -1.3471700860616893 7.2254354736973596 130 133 135 0.33860315901100868 3 391 4 610 6 663 2 589 15 154 5 49 7 36 39 138
1728 1.2137546834864437 -1.2947350522525019 7.2536799624022263 24 20 24 0.93914127135004988 3 70 4 612 6 129 2 157 15 164 39 137 19 153
1729 1.1461272141596426 -2.4303363506975497 7.2314223037087766 207 205 206 0.39990791988707342 3 401 4 617 6 671
1730 1.1956784635598161 -2.35164094356396 7.3984882260190963 184 182 185 0.19340920579097301 3 403 4 625 6 675 2 154 15 150
1731 1.1653503332976114 -2.3942871158896786 7.3516660145078587 188 186 189 0.21382810206018177 3 404 4 626 6 676 2 593 15 156
1732 1.121882845466027 -2.4341231793417983 7.2634628123875098 114 112 113 0.088578013356366767 3 405 4 628 6 678 2 596 15 425
1733 1.370896748543345 1.5489420655901629 7.575441127273292 174 140 125 0.2573256737674221 3 86 4 629 6 679 5 57 7 43
1734 1.370896748543345 1.5489420655901629 7.575441127273292 174 140 125 0.2573256737674221 3 87 4 630 6 680 5 58 7 44
1735 1.3194559850927041 1.7595607435809768 7.4885300773901937 174 143 121 0.3291709989071776 3 94 4 634 6 688
1736 1.089504656524098 -2.4385668481812952 7.2728842197522168 209 207 208 0.58638966155731942 3 410 4 636 6 690 2 601 15 429
1737 1.3577953825379971 1.7157160275600545 7.6498446369864777 178 145 118 2.0581798628777199 3 97 4 637 6 165 6 693 15 191
1738 1.0885244936094054 -2.3541117823472399 7.4063079778809104 173 171 174 0.075852775252894494 3 98 4 640 6 698 2 172 15 176
1739 1.0496917199647093 -2.3738452401625589 7.397511391243059 193 191 194 0.10033146037380827 3 104 4 643 6 704 2 609 15 180
1740 0.93092529644160449 -2.4368847884428515 7.2692173141924101 225 220 221 0.31694388849331806 3 418 4 648 6 706 2 194 15 192
1741 0.97736129403341154 -2.3392954464098095 7.3888485772450716 161 156 160 0.63374731182711574 3 419 4 649 2 192 15 187
1742 0.94348458801091684 -2.4091210277254951 7.3284508988583896 97 96 101 0.088462961847842303 3 116 4 651 6 195
1743 0.87301238422855743 -2.4394215087255402 7.3030187232294743 216 214 217 0.10643014724803797 3 727 4 654 6 709 2 621 15 202
1744 0.81359711812248303 -2.4333662955519975 7.3288197658190333 198 199 203 0.23610959850261404 3 429 4 669 6 721 2 224 15 213
1745 0.89151919774427968 -2.3098442987550598 7.5369026911157739 162 163 167 0.13962623522558446 3 431 4 672 6 724 2 215 15 206
1746 0.99390934650610196 2.0256138894376226 7.7606538501663431 31 34 79 0.68064538293937282 3 196 4 702 6 276
1747 0.96889897927646018 1.9840689037513475 7.7712106602537361 27 37 74 0.88291940737431107 3 199 4 708 6 751 2 339 5 80
1748 0.92623751987485159 2.0136851167739405 7.8527799727560295 32 37 77 1.124755835160737 3 480 4 719 6 762 2 993
1749 0.65280095677573458 -2.3066913231827373 7.6844541604384391 163 164 168 0.33578465703805788 3 205 4 722 6 761 2 320
1750 0.9425164686751496 2.0648882744640207 7.9176789946602542 31 34 71 0.81049295735659521 3 481 4 723 6 764 2 667 15 290 5 84
1751 0.9425164686751496 2.0648882744640207 7.9176789946602542 31 34 71 0.81049295735659521 3 482 4 724 6 765 2 668 15 291 5 85
1752 0.92504955156995117 2.0454212907744371 7.9271710607172601 158 155 157 0.38026970439066132 3 484 4 727 6 768 15 293 5 87
1753 0.54572777865767785 -2.4113856145008135 7.484857676106647 118 117 122 0.21501111596196587 3 483 4 729 6 770 2 664 15 481
1754 0.87703891198463146 2.0413508824991871 7.8905165628341827 159 155 162 1.1930286209048246 3 488 4 730 6 772 2 361 5 88 7 75 39 90
1755 0.5508953345436125 -2.205830693639073 7.5538523285419341 152 151 156 0.20899373648943753 3 213 4 731 6 771
1756 0.85336006036134704 2.0136274792254407 7.8941025635404349 37 35 81 1.480049133898643 3 222 4 736 6 776 2 670 15 493
1757 0.81934659354065809 1.9974719220261041 7.9748304954218945 32 40 79 0.35225969535801149 3 499 4 740 6 782 2 373 15 309 5 91
1758 0.66881675619522596 2.023152614721532 7.4813890514365227 26 28 58 0.67877827924261636 3 230 4 741 6 331
1759 0.78114754394031138 2.0377685837024453 8.0232924026143628 35 30 68 0.65278197099458379 3 231 4 744 6 787 15 313 2 389
1760 0.78114754394031138 2.0377685837024453 8.0232924026143628 35 30 68 0.65278197099458379 3 232 4 745 6 788 15 314 2 390
1761 0.38795397137146331 -2.400586751016399 7.5404397206018041 196 195 200 0.18698981712726881 3 1124 4 749 6 790 2 1005 15 492
1762 0.74347932651807658 1.9918154237305239 7.9778987004349817 24 33 66 0.12858244686049974 3 235 4 751 6 792 2 401
1763 0.27444303047136259 -2.3947245496672545 7.6260231537147476 196 192 195 1.0945123354741326 3 843 4 771 6 365 2 403
1764 0.4072792628493892 -0.88955411957545882 7.7689574665914289 182 132 61 0.12398385665038404 3 524 4 773 15 323
1765 0.24353623636003119 1.6202340693572699 8.2216285699210143 160 139 128 0.31832562172035139 3 594 4 814 6 846 15 621 5 112 7 102
1766 0.22250165332002761 1.4740733934567605 8.1979607692776106 133 124 123 0.32001998598657011 3 596 4 815 6 1130 2 511 5 113 1 176 7 101
1767 1.7794936006211159 1.486512835476153 7.559701669051579 165 165 172 0.34287765388890756 3 614 4 819 6 543
1768 1.4392514015455624 -1.9234017865096475 7.0464764210104409 137 138 141 1.2302853687599824 3 335 4 822 6 858 2 49 12 9 10 17 5 24
1769 1.5809101690890126 -2.1871060660435733 7.3643207562818755 130 128 131 0.044683026191084801 3 616 4 823 6 859
1770 1.4242386015234465 -2.4604858974236974 7.1056435802248412 143 137 139 0.11083475332756509 3 630 4 827 6 863 2 787 15 659
1771 1.4283738583857102 -2.3962047593593105 7.1065792849068812 143 139 140 0.14859682053810627 3 631 4 828 6 864
1772 1.4527264842355423 -2.432669306159287 7.16004834130527 143 139 140 0.17641629709227907 3 632 4 829 6 865 2 785 15 656
1773 1.3647007638946205 -2.4540028264464819 7.1313208148348419 126 122 121 0.23827436333882282 3 646 4 838 6 872 2 561 15 403 6 873
1774 1.4635493720804129 -2.1794066017763192 7.4342658550301959 124 123 128 0.099166408667431497 3 647 4 842 6 877
1775 1.3644394890307392 -1.1508581155566304 7.1907636369814805 73 81 88 0.29854288696089004 3 655 4 843 6 878 2 827 15 715 5 148 1 206 7 132 9 22 14 26 11 39 39 256 17 28 8 29 12 18 22 20 10 23 19 144 20 45
1776 1.3032260256810386 -2.4480025888094321 7.1667609639922771 121 119 120 0.11618554513439824 3 660 4 844 6 879 2 822 15 407
1779 1.2425985641312971 -2.4428375854624642 7.1963667566728757 123 121 124 0.13128808630487135 3 678 4 853 6 886 2 571 15 408
1780 1.2623064650001528 -1.4329686545383939 7.2051378484262871 29 19 22 0.58385954446958555 3 685 4 856 2 579 15 413 5 39
1781 1.4849106060447863 1.5202046139662786 7.5537965409136296 129 95 47 1.8841251050881789 3 63 4 859 6 891 2 595 15 426 5 153 7 41 11 117 39 132 8 118 14 117 22 30
1782 1.2045689157885555 -2.4443226683440371 7.2040174039400764 216 214 215 1.0061402975550708 3 689 4 860 6 892 2 854 15 133 6 653 4 602
1783 1.1494264792235522 -2.4429076812005439 7.2389646047519234 214 212 213 0.72467231551031497 3 400 4 863 6 670 6 898 2 590
1784 1.2645682194064578 -2.2295214248573432 7.5152328053762742 129 129 131 0.22335694481222568 3 701 4 865 6 900 2 868 15 742 14 34
1785 1.2645682194064578 -2.2295214248573432 7.5152328053762742 129 129 131 0.22335694481222568 3 702 4 866 6 901 2 869 15 743 14 35
1786 1.1516783533274408 -2.4073672228619949 7.3135320334444041 107 105 108 0.10596787923329012 3 710 4 871 6 906 2 883 15 423
1787 1.2174076931425319 -2.2559867615742291 7.5026187361551822 199 197 200 0.092307407849792994 3 1064 4 873 6 910 2 882 15 754
1788 1.1477869963859841 -2.3156673243884294 7.430334772253218 114 110 111 0.10192909396588413 3 714 4 878 6 915 2 890
1789 1.0282058726034364 -2.4345516602533022 7.3019678777339267 216 212 213 1.1505140487547991 3 416 4 880 6 917 2 177 4 128 6 168 15 435
1790 0.9827644361180905 -2.4085377756725483 7.3647191569883441 165 165 167 0.095963072545303188 3 724 4 882 6 921 2 904 15 438
1791 0.94138804524242647 -0.4275678549639903 7.5443541646237913 105 120 121 0.11488910374752097 3 755 4 905 6 945 2 640 15 461 5 74 7 58 9 40
1792 0.7818771911630269 -2.4344259061922848 7.3665645236484325 134 135 139 0.25431869741856228 3 435 4 907 6 948 2 628 15 452
1793 0.80989924185171347 -2.3212085626120365 7.5316434361633204 113 112 117 0.48198436364758851 3 766 4 913 6 955 2 940 15 453
1794 0.7491898097326114 -1.8457498439912812 7.4367929667973716 114 134 145 0.64639115712947048 3 458 4 920 6 965 2 650 15 814 5 240 15 969 7 228 9 189 14 138 11 190 7 286 9 233 8 66
1795 0.69214339413999504 -2.3749340469510094 7.5250194738710769 160 164 167 0.39794973273912049 3 467 4 927 6 972 2 961 15 467
1796 0.62900717865787881 -2.4201420878451629 7.415793340119718 202 201 206 0.11736070077029273 3 783 4 930 6 978 2 659 15 473
1797 0.93747834485207426 2.085180593168503 7.900474812825192 26 33 76 0.67037238247673037 3 804 4 945 6 992 5 86 7 73 39 94
1798 0.57556885911963462 -2.3897958417197689 7.5449677367938408 134 133 138 0.28527760856539414 3 479 4 946 6 994 2 983 15 478
1799 0.90160218730810537 2.0857338410146369 7.9335056160414057 31 32 72 0.38466019542606616 3 813 4 950 6 999 5 165 7 74 9 47
1800 0.86561408376858273 1.9974090354326024 7.9499226297621206 27 38 76 0.46292164493074672 3 818 4 958 6 1006 15 494 5 89 7 76
1801 0.51634615247954541 -2.3820831540415024 7.5751213892818061 128 127 132 0.13354010949647455 3 815 4 959 6 1005 2 991 15 488
1802 0.85766868354523929 2.0878927455994134 7.9573163381125855 29 31 71 0.36685819322918051 3 821 4 960 6 1007 15 850 5 166 1 122 7 77 9 48
1803 0.50649726468891643 -2.3549225867459351 7.6097571986518773 156 155 160 0.4921942366003923 3 490 4 961 6 1008 2 992
1804 0.17304810684619526 -0.97894616183270344 7.8553605530355544 19 11 9 0.36911609430599512 3 929 4 1032 6 1080 2 715 15 580 5 105 39 198 22 88 20 103 23 90
1805 0.17268003999676343 -0.97720293941361602 7.849590669760028 19 11 9 0.29887373410650175 3 930 4 1033 6 1081 2 716 15 581 5 106 22 89 20 104 23 91
1806 1.6305858929912733 -2.1505812187946804 7.345884665039887 192 188 187 0.92836154966232198 3 982 4 1085 6 537 4 493 2 1119 15 4 15 910
1807 1.6088185087139919 -2.2207530233338661 7.3345611257875793 187 183 184 0.2345538877051398 3 1183 4 1086 6 1418 2 1121
1808 1.7821088140012926 1.5898029762747514 7.5755277672766024 101 96 138 0.13807798435837074 3 986 4 1087 6 1135
1809 1.7821088140012926 1.5898029762747514 7.5755277672766024 101 96 138 0.13807798435837074 3 985 4 1088 6 1136
1810 1.5509500225000874 -2.2301749907123223 7.3126319527289185 130 128 131 0.083849707452936142 3 621 4 1091 6 1139
1811 1.5271224107498036 -2.2849585094971445 7.2776660858557687 126 124 127 0.10328103857466031 3 624 4 1093 6 1143
1812 1.482058865771803 -2.3938088253243093 7.2104620826238071 156 152 153 0.090291360755172495 3 628 4 1094 6 1144 2 781
1813 1.4832371028232816 -2.3955724092345876 7.2131337946774954 156 152 153 0.085180239710919509 3 629 4 1095 6 1145 2 782 15 655
1814 1.4904988894435198 -2.3209765818333996 7.2141866469600648 127 123 124 0.052205126102554851 3 626 4 1097 6 1140
1815 1.5419437710253103 -2.2151065564002579 7.3674643889874361 181 180 185 0.18266684029907934 3 990 4 1100 6 1149 2 1138 15 925
1816 1.5143721171224975 -2.2620492936486691 7.3243288931548909 186 186 184 0.12360971382412353 3 994 4 1103 6 1152 2 1139 15 926
1817 1.5143721171224975 -2.2620492936486691 7.3243288931548909 186 186 184 0.12360971382412353 3 995 4 1104 6 1153 2 1140 15 927
1818 1.4648598110142907 -2.3630435675860393 7.2438029975765934 191 186 188 0.14135305287647534 3 996 4 1105 6 1155 2 1146 15 660
1819 1.4648598110142907 -2.3630435675860393 7.2438029975765934 191 186 188 0.14135305287647534 3 997 4 1106 6 1156 2 1147 15 661
1820 1.4966537615598603 -2.3210781384306682 7.2966560353694261 186 181 185 0.069538969224518868 3 992 4 1108 6 1151
1821 1.3900369676929611 -1.8823367988391155 7.058411478851113 216 230 239 0.90111099880041423 3 1000 4 1109 6 1154 2 1154 15 683 5 208 7 199 9 172 14 187 17 133
1822 1.4446770191573532 -2.4189151601885484 7.2169309298690649 201 195 195 0.17167599384863272 3 998 4 1111 6 1161
1823 1.4375968831702601 -2.4082772401148231 7.2011428622521407 201 195 195 0.12267184390009042 3 999 4 1112 6 1162 2 1149 15 667
1824 1.4166402916405039 -2.4554059811140161 7.1689750033543369 204 199 199 0.11819808914798935 3 1001 4 1113 6 1159
1825 1.343653808365366 -2.3290997608689663 6.9837004610591533 204 199 199 2.0352556122292969 3 1002 4 1114 6 1160 2 798 23 57 29 47
1826 1.4888175422201639 -2.2228759631773203 7.3408009722091307 122 122 124 0.08247914207956801 3 636 4 1116 6 1167
1827 1.4658609128614035 -2.276173564180783 7.3040616152392452 118 116 119 0.11969013896425956 3 637 4 1118 6 1165
1828 1.4175963435275691 -2.3799546257216617 7.2290766651998233 120 118 121 0.065516708325033077 3 642 4 1119 6 1173
1829 1.4251054099429639 -2.3909701489770736 7.2458923679465812 120 118 121 0.05412530961519503 3 641 4 1120 6 1172 2 804 15 675 15 676 2 803
1830 1.3751337354230109 -2.3993710691634527 7.1502664973152568 128 127 125 0.057512739307898325 3 643 4 1123 6 1170
1831 1.3953186385286205 -2.430204451090372 7.1958359819076936 128 127 125 0.12661188400047685 3 644 4 1124 6 1171 2 805 15 678
1832 1.4526574456952825 -2.2528200363705388 7.3477491142271063 185 183 186 0.046542637417669418 3 1006 4 1127 6 1179
1833 1.4600752232328138 -2.2630063385913086 7.3645797074078159 185 183 186 0.088762330792257121 3 1007 4 1128 6 1180 2 1161 15 937
1834 1.3711361789426664 -2.0550498063820295 7.149225776565352 183 181 184 0.82711802573223492 3 1003 4 1129 6 1176 15 697
1835 1.4835365618590441 -2.2115336875108556 7.4035714001008621 183 181 184 0.20113713476238174 3 1004 4 1130 6 1177 2 1157 15 934
1836 1.4354580618899517 -2.3142591819817149 7.3234797849160946 188 184 185 0.090186192929050418 3 1005 4 1133 6 1178 2 1159 15 939
1837 1.379907145792487 -2.406454445167427 7.2359081532522707 197 193 194 0.10863143940020277 3 1010 4 1135 6 1185 2 1165 15 689
1838 1.3468842054244643 -2.4364717458251337 7.1798530979866797 203 199 198 0.11300715820664287 3 1012 4 1137 6 1183 2 815 15 693
1839 1.3442374253604996 -2.4268943313888154 7.1664362548089091 203 199 198 0.70298294261019467 3 1013 4 1138 6 1184 2 816 15 694 29 53 20 72
1840 1.3029275904142359 -2.1200567968491186 7.0981457383523816 135 133 136 0.94415832207186445 3 650 4 1141 6 1187 15 709
1841 1.406072761136695 -2.2712634057734982 7.3363375094788434 135 133 136 0.12926555003395676 3 651 4 1142 6 1188
1842 1.3790960687315259 -2.3225866174062264 7.2917595261446753 131 127 128 0.077407207912404519 3 653 4 1144 6 1192
1843 1.311767489394811 -2.3904262970431818 7.1764347510004258 144 144 145 0.065828039752894876 3 661 4 1145 6 1197
1844 1.3108905185286797 -2.3833701542744716 7.1648747243563315 144 144 145 0.76273934764252538 3 662 4 1146 6 1198 15 700 2 821 29 133 20 153
1845 1.3994223075470753 -2.1730484680647377 7.3776896567378296 182 181 186 0.1144293528922176 3 1016 4 1149 6 1204
1846 1.3994223075470753 -2.1730484680647377 7.3776896567378296 182 181 186 0.1144293528922176 3 1017 4 1150 6 1205
1847 1.5528919737939635 1.6659475639075398 7.5240226637040637 135 89 29 0.52984242817643823 3 1027 4 1153 6 1206 2 1189 5 213 1 304 7 205 9 100 11 112 17 32 8 113 12 88 10 113 20 12 23 12 29 21
1848 1.4029089159526502 -2.2623255444755692 7.4032670705251622 185 183 186 0.074561526881569473 3 1020 4 1154 6 1202 2 1169 15 947
1849 1.4029089159526502 -2.2623255444755692 7.4032670705251622 185 183 186 0.074561526881569473 3 1021 4 1155 6 1203 2 1170 15 948
1850 1.347896215920442 -2.3602800720127046 7.3123449521840636 194 189 193 0.14068874863915048 3 1023 4 1157 6 1210 2 1175 15 705
1851 1.3781422542702302 -2.3142862895338658 7.3628068868096852 185 181 180 0.11568483170391664 3 1018 4 1158 6 1207
1852 1.3740502167370408 -2.3078117878019286 7.3530604738614729 185 181 180 0.12429448346072677 3 1019 4 1159 6 1208 2 1173 15 701
1853 1.3130245006792496 -2.3950018876287302 7.2565147063493605 195 190 194 0.14334008927637615 3 1025 4 1160 6 1211 2 1176
1854 1.3154209523782816 -2.3987048304785294 7.2623819750174663 195 190 194 0.1550163734984453 3 1026 4 1161 6 1212 2 1177 15 708
1855 1.2862640428125851 -2.4324069255095844 7.208689647656076 201 199 202 0.097862148287704606 3 1024 4 1163 6 1214 2 830 15 712
1856 1.3065815861635599 -1.2637140314318458 7.1967152395215237 130 142 151 0.20613449237778186 3 1028 4 1164 6 1215 2 842 15 732 5 212 39 342 19 41
1857 1.5219682682823092 1.6321324882695414 7.5142518219690677 152 118 87 0.48604507897920035 3 1034 4 1165 6 1216 2 867 15 755 5 218 1 208 1 209 7 137 9 101 14 37 11 48 17 34 8 35 12 22 22 27 10 30 19 22 18 79
1858 1.2704546313628846 -2.4183814913697903 7.2502451919237885 101 100 102 0.13190804601192244 3 674 4 1170 6 887 4 854 2 837 15 716
1859 1.370494265237947 -2.2086020477340389 7.4762094406972075 186 185 190 0.16194804741341245 3 1033 4 1177 6 1223 2 832 15 711
1860 1.5033414283451902 1.7832565282146284 7.5477391889415992 132 88 29 0.50877572037578289 3 1047 4 1178 6 1228 2 886 15 760 5 220 1 211 7 208 9 102 14 115 11 115 39 249 17 41 8 116 10 116 19 24 20 17 29 25
1861 1.2524164301639333 -2.3888277268260931 7.2826073297666758 191 189 192 0.053329840417877895 3 1039 4 1183 6 1235 2 1184 15 725
1862 1.2524164301639333 -2.3888277268260931 7.2826073297666758 191 189 192 0.053329840417877895 3 1040 4 1184 6 1236 2 1185 15 726
1863 1.2833565741213155 -2.35208144243169 7.3408319009458989 191 189 192 0.20499266256349272 3 1041 4 1185 6 1231 2 1182
1864 1.2833565741213155 -2.35208144243169 7.3408319009458989 191 189 192 0.20499266256349272 3 1042 4 1186 6 1232 2 1183
1865 1.2297398758507989 -2.4281722832991131 7.2417759987098229 203 203 203 0.12363589992732604 3 1044 4 1188 6 1234 2 848 15 729
1866 1.347991094964806 -2.1759155395098269 7.5035739328857369 133 134 138 0.11051500958035461 3 683 4 1189 6 1238 2 840 15 718
1867 1.347991094964806 -2.1759155395098269 7.5035739328857369 133 134 138 0.11051500958035461 3 684 4 1190 6 1239 2 841 15 719
1868 1.2536759111621354 -1.2642737582143668 7.2258321736380724 130 141 144 0.43480268592579363 3 1045 4 1191 6 1237 2 866 15 751 5 219 7 136 9 99 39 339 22 26 10 28 19 45 3 1046
1869 1.4618081676664463 1.5872360964271541 7.5560816009269436 132 82 19 0.43625139845724648 3 1195 4 1192 6 1240 2 1200 15 957 5 222 1 214 7 209 9 103 14 118 11 118 39 131 17 140 8 119 12 91 22 142 10 117 19 27
1870 1.4688637847083492 1.7835993543232076 7.5798401822342978 156 126 106 0.4294405917511126 3 1059 4 1195 6 1245 2 891 15 766 1 215 7 140 9 105 14 42 11 53 17 44 8 41 22 35 10 31
1871 1.2417118714087214 -2.3717899724895029 7.3319937093475875 121 119 122 0.055434464091805122 3 694 4 1196 6 1246 2 858 15 733
1872 1.2698248342853402 -2.3256159401090715 7.3824009731485454 116 114 117 0.1080063803044959 3 693 4 1198 6 1241 2 853 15 731
1873 1.4636245279949212 1.7309488124814358 7.5677077864335036 140 92 27 0.41966008001313015 3 1058 4 1200 6 1429 5 223 1 307 7 210 9 104 14 119 11 119 39 129 17 43 22 143 10 118 19 26 20 18
1874 1.312955180641399 -2.2104871717592074 7.5188256814551462 179 178 183 0.16182541812916865 3 1048 4 1202 6 1249 2 856 15 727
1875 1.312955180641399 -2.2104871717592074 7.5188256814551462 179 178 183 0.16182541812916865 3 1049 4 1203 6 1250 2 857 15 728
1876 1.2814621028215851 -2.2594746127115122 7.4709485729927163 182 180 183 0.18439359886284806 3 1050 4 1204 6 1251 2 860
1877 1.2814621028215851 -2.2594746127115122 7.4709485729927163 182 180 183 0.18439359886284806 3 1051 4 1205 6 1252 2 861
1878 1.2481105926263389 -2.3035226324399165 7.4174756292308777 182 180 184 0.21866133137701732 3 1052 4 1206 6 1255 15 737
1879 1.4202415043570866 1.5850714726641018 7.5679646593891388 171 143 129 0.44188450697339782 3 1063 4 1208 6 1257 2 1201 15 767 5 224 1 216 7 211 9 107 11 122 39 248 17 143 8 44 19 28
1880 1.202559986985861 -2.3978060551171336 7.3352185903168419 184 182 185 0.094118069571942284 3 1054 4 1209 6 1258
1881 1.202559986985861 -2.3978060551171336 7.3352185903168419 184 182 185 0.094118069571942284 3 1055 4 1210 6 1259
1882 1.1710988577529848 -2.4223894984369454 7.2770536965004107 198 198 200 0.3279776425579975 3 700 4 1213 6 1260 2 871 15 749
1883 1.2361835416099054 -2.2781949714613052 7.4615900174921252 125 123 126 0.11941421422290058 3 1061 4 1216 6 1264 2 873 15 745
1884 1.2367451497198758 -2.2789268676668004 7.4630527399095961 125 123 126 0.10755882954604443 3 1062 4 1217 6 1265 2 874
1885 1.163413634839654 -2.3399789620930251 7.4007264698307909 180 178 181 0.074821637812832006 3 1065 4 1220 6 1268 2 1196 15 758 15 954
1886 1.1685326061219017 -2.348272219439322 7.4139598610863748 180 178 181 0.077273033849519016 3 1066 4 1221 6 1269
1887 1.1497702528683245 -2.4810114178342348 7.4077968629472641 198 198 200 0.67199302552606055 3 712 4 1222 6 1272
1888 1.1135350381933657 -2.4191845114752946 7.3132838773402673 198 198 200 0.49104935198350236 3 713 4 1223 6 1273 2 888 15 761
1889 1.1365338258029813 -2.3864591557103578 7.3603782035465066 182 180 183 0.12626047282853492 3 1067 4 1224 6 1270 2 1198
1890 1.1365338258029813 -2.3864591557103578 7.3603782035465066 182 180 183 0.12626047282853492 3 1068 4 1225 6 1271 2 1199
1891 1.1187309027497294 -2.3593216131933548 7.3916109872647375 106 104 107 0.073269642045234645 3 715 4 1227 6 1275 2 893 15 762
1892 1.0900001202239658 -2.4016390173502304 7.3446973510054185 97 95 98 0.097614770493326244 3 717 4 1228 6 1276 2 894 15 764
1893 1.0900001202239658 -2.4016390173502304 7.3446973510054185 97 95 98 0.097614770493326244 3 718 4 1229 6 1277 2 895 15 765
1894 1.0461176678833997 -2.4155026263843626 7.3408558029934285 197 195 198 0.095243501759797261 3 1071 4 1234 6 1281 2 1203 15 768
1895 1.0519756483673099 -2.3485004510676908 7.4223590514959321 84 82 85 0.10591697374081965 3 720 4 1235 6 1282 2 897 15 769
1896 1.0506957913986963 -2.3461603798284707 7.4186937706699521 84 82 85 0.1171493853372684 3 721 4 1236 6 1283 2 898
1897 1.2946366692989835 1.7725982413112982 7.6920459887701051 140 95 35 1.1554754376411907 3 1073 4 1240 6 1285 9 116 8 59 12 38 10 54
1898 0.98947738354291492 -1.8441560788928266 7.3215986000541022 110 132 143 0.82499904527584966 3 1206 4 1242 6 1440 2 1286 5 366 1 402 7 275 9 227 14 229 11 226 8 207 19 374
1899 0.98080202385380255 -2.3039874955310968 7.4881988257168599 155 151 150 0.090462352501268981 3 1074 4 1243 2 1207 15 772
1900 0.96039143251322767 -2.3647341068371248 7.4476253969769211 156 154 157 0.11649637621080762 3 1075 4 1244 6 1288 2 906 2 1208 15 773
1901 0.95945570508160005 -2.3627546068311842 7.4446820753289558 156 154 157 0.10519831625248792 3 1076 4 1245 6 1289 2 907 2 1209
1902 0.93694726303845122 -2.338189091062139 7.4930233094809386 95 95 97 0.11506391754228325 3 729 4 1246 6 1290 2 908 15 775
1903 0.92687810819751448 -2.3201889321942164 7.4634554170399952 95 95 97 0.052881387962231463 3 730 4 1247 6 1291
1904 0.91024592977584962 -2.3811885758767821 7.4353147254126331 113 112 117 0.086236997912885097 3 1077 4 1248 6 1292 2 1212 15 777
1907 0.84958911861808295 -2.3779525418600596 7.4656583023358456 117 118 122 0.10010949634481241 3 1085 4 1258 6 1303 2 927 15 793
1908 0.84958911861808295 -2.3779525418600596 7.4656583023358456 117 118 122 0.10010949634481241 3 1086 4 1259 6 1304 2 928 15 794
1909 0.72583591501164946 -2.3580866750462155 7.5155205836303196 125 124 128 0.06786629601604495 3 777 4 1276 6 1317 2 954
1910 0.72813851315836042 -2.3631980656471185 7.5235433925926873 125 124 128 0.1128754848634729 3 778 4 1277 6 1318 2 955 15 810
1911 0.82800607481885302 -0.56019970698413302 7.5821530851165209 143 122 99 1.1099960846445018 4 1279 6 1320 11 75 8 71 10 70 20 92
1912 1.0381223441035405 2.08300754096632 7.850964653911042 21 29 70 0.46199210499115095 3 1107 4 1280 6 1321 2 1234 15 975 5 242 1 236 7 158 9 127 14 142 11 77 39 99 17 157 8 131 12 49 10 73 19 52 20 35 23 35
1913 0.66920970318014272 -2.3595951286362356 7.5626133335176267 121 122 126 0.15710488177675572 3 1109 4 1285 6 1327 2 968 15 828
1914 0.63909881062229401 -2.3920584024697868 7.5073858150544766 131 132 136 0.10071797318879364 3 1110 4 1286 6 1329 2 971 15 831
1915 0.94609324089129543 1.9995966543529382 7.8937005812971712 26 36 74 0.4738362991026091 3 1119 4 1292 6 1335 2 994 15 489 7 161 9 131 14 74 11 79 39 96 8 78 12 52 10 75 19 61
1916 0.60578390883900246 -2.3548301964548237 7.5910666850296646 110 109 114 0.14008079805132073 3 798 4 1294 6 993 2 980 15 836
1917 0.53998710268119621 -2.408396946347608 7.5490251725957007 172 171 176 0.39862217342121675 3 1121 4 1297 6 1339 2 989 3 808 15 483
1918 0.48463021679750734 -2.3425141256667641 7.6502618477598041 106 106 108 0.12701476093082692 3 824 4 1299 6 1343 2 996 15 842
1919 0.11485216548940533 -0.74627097475807602 7.9092326287016563 124 121 136 0.53386497539618649 3 1167 4 1372 6 1408 2 1249 5 254 7 242 9 144 14 160 11 145 39 368 8 148 12 114 10 150 18 89
1922 0.28058357698005043 1.3930580520101068 8.1570633277713878 38 37 72 0.45418547689813443 3 1174 4 1376 6 1412 2 1256 15 902 5 260 7 249 9 147 14 166 11 152 39 297 17 119 8 154 12 122 10 153 19 169 20 99 23 86 29 77
1923 1.5344333399659964 -2.377735454765769 7.2183145889973526 199 195 192 0.26779424981954864 3 1187 4 1383 6 1421 2 1126 15 915
1924 1.5602366589243071 -2.3249164809159852 7.2574338395676685 188 184 183 0.2587988145316899 3 1185 4 1384 6 1419 2 1125 15 912
1925 1.4812765892435009 -2.4607688391824762 7.1278248497690955 214 206 205 0.33227668463099291 3 1188 4 1386 6 1422 2 1130 15 922
1926 1.5095020254080986 -2.4204502601229034 7.1762892044109989 201 197 194 0.19154533672359189 3 1186 4 1387 6 1420 2 1127 15 918
1928 1.4171556020253793 1.7414748647621088 7.5956047072772215 173 147 134 0.36655549408105659 2 1281 15 1010 5 285 1 362 7 271 14 194 11 179 17 193 8 167 12 134 22 225 10 168 3 1196 4 1393 6 1430 19 203 20 128 23 119 39 336
1929 1.0725758461203059 -2.3787988059839233 7.3895051119418991 179 177 180 0.14786775888195713 3 1200 4 1395 6 1278 2 1202 15 959
1930 1.0943120543869198 -2.3193920369144787 7.4282405898956885 187 183 182 0.11070204129246575 3 1199 4 1396 6 1433 2 1280 15 958
1931 1.029286268043778 2.0009748555634692 7.8345967109368351 30 36 76 0.65762761345795517 3 1211 4 1408 6 1322 2 1294 15 974 5 244 1 235 7 231 14 141 39 322 19 53
1932 0.65261256045594396 -1.8466357247399439 7.4729914107927655 38 54 101 1.2942896152797059 3 1212 4 1409 6 1328 4 933 2 975 15 835 2 1233 5 243 1 319 7 157 9 193 11 76 17 203 9 236 8 73 19 281
1933 0.74857124582171986 0.3599183030050927 7.7738519317285091 133 94 58 0.31476265691566124 32 651 4 1412 6 1446 2 1300 15 980 5 304 1 324 9 196 14 144 11 197 17 159 8 135 12 103 10 143 19 226
1934 0.49333659340970459 -1.1928250853826583 7.6760589446415812 187 130 54 0.66202059015875414 3 1218 4 1413 6 1447 2 1236 15 982 5 245 1 242 7 233 14 145 11 136 39 375 8 136 22 163 20 161 23 159 29 144
1935 0.49329615836518226 -1.1931044866885228 7.6758052626102078 187 130 54 0.6365639663420275 3 1219 4 1414 6 1448 2 1237 15 983 5 246 1 243 7 234 14 146 11 137 39 374 8 137 12 104 22 164 10 144 20 162 23 160 29 145
1936 0.39000182283643903 1.3420125945768904 8.1299825340155802 124 95 68 0.39200944008276378 3 1221 4 1416 6 1450 2 1307 1 332 29 73
1937 0.39137410470953393 1.3404773503693814 8.1386445536563574 124 95 68 0.44093681919265226 3 1222 4 1417 6 1451 2 1308 5 308 1 333 11 205 12 153 10 197
1938 0.31060453047627057 1.7338864177627624 8.2043718199300546 30 33 70 0.70969608929614658 3 1232 4 1421 6 1456 2 1257 5 309 1 342 7 251 9 207 14 167 11 210 39 298 17 175 22 211 10 154 19 168 23 158
1939 1.2329578101336993 -1.1734565520194236 7.2649706189720424 120 138 145 0.77996678551907583 2 1317 15 1008 5 327 9 225 22 224 3 1242 4 1426 6 1459 19 247 18 11
1940 1.2849604281502598 1.6547347601197344 7.6310444435910316 171 148 135 1.0601910439853015 3 1245 4 1429 6 1462 2 1356 15 1057 5 331 7 310 9 230 14 230 8 173 12 140 12 175 10 175 18 39
1941 1.2590381612898558 1.597137161005489 7.6737113027837971 142 99 31 0.49353961787146561 3 1246 4 1430 6 1463 2 1288 15 1016 5 293 1 365 7 279 9 185 7 221 14 200 11 186 17 195 12 142 22 48 10 177 19 209 20 136 29 117
1942 1.2575255584168346 1.5956439587777189 7.6656743094980211 142 99 31 0.47267653553539124 3 1247 4 1431 6 1464 2 1289 15 1017 5 294 1 366 7 280 9 186 14 201 11 187 17 196 12 143 10 178 19 210 20 137 29 118 18 120
1943 1.2641392579081516 1.7151054739854303 7.673049254330695 148 99 33 0.45523528268736579 3 1248 4 1432 6 1465 2 1290 15 1018 5 295 1 222 7 281 14 202 11 188 39 387 22 203 10 179 19 208 20 133 23 128 29 115
1944 1.2640033800223442 1.7163078496103688 7.673733790987705 148 99 33 0.36682103574132685 3 1249 4 1433 6 1466 2 1291 15 1019 5 296 7 282 14 203 11 189 39 386 17 197 10 180
1946 1.2535430002130818 1.6570468161108467 7.6797574416604828 167 151 138 0.37032548652587005 3 1251 4 1435 6 1468 2 1319 15 1021 5 334 1 368 7 284 9 232 14 233 11 228 39 329 17 230 8 209 12 177 22 228 19 212 20 135 23 130 29 120
1947 0.98475459530096776 2.0376143640406745 7.8796070881633273 87 82 101 0.30632111515738053 3 1266 4 1442 6 1475 15 1031 1 372 7 288 9 237 14 209 17 206 8 179 10 186
1948 0.72790470544706498 0.093630186423962009 7.7570852530332175 68 35 16 0.31446630757365857 34 587 4 1445 6 1479 2 1299 5 303 1 373 7 314 14 210 17 233 8 181 12 147 22 208 10 188 20 160 23 157 29 140 18 116
1950 0.73020586241106744 2.0423460656933607 8.0160069348532836 91 86 97 0.76545661974847401 3 1271 4 1448 6 1482 2 1303 15 1035 1 376 7 294 9 240 14 215 39 316 14 80 17 210 8 186 12 151 10 193 19 224 20 155 29 134
1951 0.3959840802937839 -2.269246704290488 7.8169671269966994 171 171 173 0.38132348315892839 3 1270 4 1449 6 1483 2 1332 15 1033
1952 0.22219071716086347 -0.91338336930837449 7.8305773323290229 51 47 81 2.4295935635429076 3 1277 4 1453 14 84 39 299 12 57 20 101
1953 0.15444089112520451 -0.3664471005809749 7.9524250308542301 31 43 93 0.91508767935589386 3 1226 4 1454 6 1453 5 346 1 410 7 298 9 245 11 236 39 369 17 212 22 239 10 223 23 231
1954 1.5694845395718864 -1.9905021295148442 7.26430776674278 203 193 194 0.29768316933970257 3 1336 4 1458 6 1523
1957 1.411856828148174 1.8142810602539263 7.6290910206425497 129 84 17 0.52487231372452969 3 1288 4 1463 6 1495 2 1353 15 1055 5 364 1 400 7 333 9 261 14 258 11 257 17 255 8 230 12 194 22 259 15 1089 10 245 18 186
1958 1.4066039030434589 1.8132540050693127 7.6048692227998291 129 84 17 0.42698971400645186 3 1289 4 1464 6 1496 2 1354 15 1056 5 365 1 401 7 334 9 262 14 259 11 258 39 425 17 256 8 231 12 195 22 260 15 1090 10 246
1959 0.46007697989163954 1.5519038103334548 8.1102142351131103 169 148 137 0.6401184156083235 3 1301 4 1476 6 1514 2 1373 15 1074 5 344 1 408 7 317 9 274 11 275 39 446 17 274 23 79
1960 1.6685983519065661 0.30684074981469822 7.4300244202061316 212 202 200 0.377966730116783 3 1306 4 1484 6 1524
1961 1.3715642384848625 -2.453297402031124 6.9722382444442141 232 221 218 0.51744847745737244 3 1340 4 1485 6 1525 2 1391 15 1118
1962 0.98360213288670217 -2.3906494387795423 7.3772647895103134 133 131 134 0.21934828692529135 3 1312 4 1486 6 1529 2 1395
1963 0.97017267074005675 -0.54241655444204573 7.5100358123934194 34 3 1 0.72828498051942214 3 1313 4 1488 6 1530 2 1358 15 1091 1 428 7 336 9 286 14 260 14 299 11 259 17 257 8 232 12 197 22 264 10 247 21 227 19 277 5 392 20 251 23 251 29 224 39 463 18 110
1964 0.21282720395641747 1.6039201098131155 8.2197753519878134 99 60 21 0.5352103366258032 3 1334 4 1504 6 1545 2 1407 15 1111 5 402 1 451 7 358 9 308 14 285 11 307 39 442 17 281 8 255 12 220 22 284 10 271 18 195
1965 1.6919340845967217 0.51115068495148508 7.4599120425623342 201 197 198 1.0421215267551509 3 1339 4 1505 6 1546 2 1411 15 1157 5 448 1 487 5 430 7 398 9 343 14 359 11 349 17 344 8 302 12 286 22 349 10 334
1966 0.22361068997166894 -2.3969140637185573 7.5270483828068206 200 195 199 0.32224761184966527 3 1349 4 1517 6 1535 2 1422
1967 0.36571577686498385 1.4387907186138666 8.1378758895340368 185 160 150 1.1347491845714703 3 1356 4 1520 6 1560 2 1432 15 1134 5 426 1 462 7 393 9 325 14 309 14 335 11 305 11 328 17 301 8 274 12 241 12 260 10 290 19 324 20 296 23 256 23 311 29 231
1968 0.28898642960094478 1.3244970364300881 8.1459921192614821 29 33 75 0.60375800092124177 3 1331 4 1522 6 1561 2 1406 15 1135 5 400 1 463 7 374 9 305 9 327 14 311 11 306 39 476 17 304 8 275 12 243 22 308 10 291 19 325 20 261 23 258 29 234 18 194
1969 1.6434733841424323 -0.087910800054968055 7.3431248312165707 198 194 193 0.58321703459043195 3 1357 4 1523 6 1562 2 1433 15 1156 5 447 1 502 7 419 9 342 1 486 14 358 11 348 17 343 8 319 12 285 22 348 10 333
1970 1.6988727774770909 1.0921997643621002 7.4215601739025612 194 192 193 2.1049915700540085 3 1358 4 1526 11 350 7 399 1 488 22 331
1971 1.2715688608315061 -1.5252907781792191 7.1560679543250245 154 7 19 0.70932029198104929 3 1359 4 1527 6 1564 2 1436 5 431 1 489 7 402 9 331 14 338 11 331 17 345 8 278 12 263 22 332 10 318 20 336 23 247 23 336
1972 1.0625473925601447 2.0425474850304188 7.8427879014789887 147 147 180 0.41155732204556034 3 1367 4 1533 6 1574 2 1419 15 1141 5 411 1 472 7 381 9 333 14 321 11 315 39 460 17 314 8 287 12 248 22 318 10 301 18 205
1973 0.91950788309420728 2.0461946204228649 7.9401799484196784 149 143 155 0.67122089837195142 3 1370 4 1538 6 1577 15 1144
1974 0.21006832766612726 -0.54525288133834449 7.8893375666337651 33 44 98 0.81215242591029246 3 1377 4 1544 6 1583 2 1429 3 1353 15 1150 5 423 1 481 7 392 9 339 14 332 11 325 39 513 17 321 8 296 12 258 22 327 10 313 19 343 20 313 23 312 29 283 18 191
1975 1.5278945360965657 0.83415868785675873 7.4266941337863166 125 144 151 0.66374316300086322 3 1380 4 1546 6 1586 7 401 8 303
1976 1.5461218248976489 1.2216803938070981 7.4498442315463196 121 140 147 1.3077714028403784 3 1381 4 1547 6 1587 2 1450 15 1170 5 451 1 503 7 420 14 361 11 351 17 346 8 320 12 287 22 350 10 335 19 347 20 301 29 265
1977 1.0872219796666247 -2.2284176705802916 7.5409494065057903 36 31 25 0.035756213661555236 3 1382 4 1548 6 1588
1978 1.0872219796666247 -2.2284176705802916 7.5409494065057903 36 31 25 0.035756213661555236 3 1383 4 1549 6 1589
1979 0.77658980419754653 -0.090285799745208437 7.6180014538771408 188 164 152 0.91038701023753854 3 1385 4 1554
1980 0.61373556744439273 2.1657937582992033 8.1444923536266938 121 141 150 0.21760113690640345 3 1386 4 1556 6 1594
1981 0.36977522473321855 1.5453504760906989 8.1261604594844759 180 155 144 1.0656560379154745 3 1388 4 1559 6 1596 2 1454 15 1166 5 452 7 425 9 351 9 357 14 367 11 354 39 514 17 349 8 324 12 291 22 353 10 342 19 355 20 312 29 293 18 222
1983 1.0328428804446417 0.82785825974485461 7.6454982096454254 51 39 52 0.44573418030106954 3 1391 4 1562 6 1598 2 1458 15 1173 5 456 1 509 7 429 9 355 14 371 11 360 17 354 8 326 12 294 22 356 10 343
1984 0.54553960077895802 1.9142167711650322 8.0998691542495038 122 142 151 0.75909381964820544 3 1392 4 1563 6 1599 2 1453 15 1174 5 459 1 505 7 423 9 356 14 366 11 353 17 348 8 322 12 290 22 352 10 340 10 346
1985 0.51363154690740209 0.1277549819728874 7.8807184086905249 2 25 58 0.25733997995665431 24 306 28 111 42 110 43 294 31 101 33 128 32 108 40 113 34 85 36 147 4 766 28 110 31 100 33 127 40 112 6 805 2 413 1 127 19 90
1986 1.6334885622063251 -1.9973515941680409 7.2753555839239175 68 66 61 1.831444855654115 3 976 4 1 6 1 6 1133 2 758 15 909
1987 1.8567410921277412 0.73769610232007032 7.7233632000571673 229 208 206 0.35811611021613055 3 611 4 11 6 15
1988 1.3307895947044979 -1.9202894012162033 7.092500678398765 106 109 117 1.4944799656550409 3 364 1 34 14 22 8 25 22 137 12 14 10 20 7 22 6 71 4 49
1989 1.2747038624290568 -2.2853601458617159 7.5339848467769164 180 178 183 0.16533450941098218 3 399 4 109 6 141
1990 1.006074551654861 -2.3351581429366921 7.4422885737321902 88 85 86 0.78449008381742846 3 115 4 147 2 185
1991 0.93009735750939526 -2.3843086642215807 7.4995878499888455 158 158 160 0.25413956578260594 3 132 4 162 6 714 2 202
1992 0.77144400791426049 -2.3700996130465817 7.3716678308335846 163 164 168 1.0463016889573977 3 165 4 197 6 247
1993 0.73695886091124163 -2.2483186676889275 7.7313977726789833 86 88 93 2.0751598796932464 3 470 4 244 6 749 2 301 15 257 4 256 6 293
1994 0.77597848572961425 -2.1450489590171857 7.8124483459919132 155 158 167 0.18028554870738456 3 194 4 246 6 283 2 290
1995 0.77597848572961425 -2.1450489590171857 7.8124483459919132 155 158 167 0.18028554870738456 3 195 4 247 6 284 2 291
1996 0.71850126650527124 -2.1449805916243152 7.8546386205796672 160 163 172 0.34353619030630861 3 203 4 264 6 302 2 314
1997 0.63205371908811048 -2.2639965164858773 7.6936273215709301 156 159 164 0.38663295736516645 3 206 4 273 6 312 2 330 15 283
1998 0.47898499865801814 -2.3666029834325251 7.5476544410088096 164 163 168 0.63105432531003358 3 491 4 290 6 328
1999 0.4789849986580127 -2.3666029834325109 7.5476544410087865 164 163 168 0.63105432531009431 3 492 4 291 6 329
2000 0.42472871658947881 -2.3775926130624265 7.6051465826529636 160 159 164 1.5540435634021654 3 501 4 305 6 339 6 785 2 363 2 365 15 297
2001 0.39644452150060611 -2.3529663439999808 7.704824038673034 152 152 154 1.909896958353547 3 233 4 313 6 346 2 368 15 300
2002 0.36484648409496478 -2.3784974742718719 7.6408229821123639 161 160 165 1.5463414828438737 3 234 4 315 6 347 2 371 15 303
2003 0.34925503923706913 -2.3376218116800738 7.6603256100862076 175 174 175 0.12484358810797611 3 237 4 318 6 350 2 375
2004 0.407369642977157 -2.1878476337960451 7.90386244361392 223 225 225 0.31129648630778128 3 510 4 319 6 352 2 374 15 304
2005 0.41589955447039378 -2.2006384522926337 7.9807985633617413 123 124 129 0.4487340726849614 3 242 4 321 6 354
2006 0.41234734907125115 -2.132068371350742 7.9969243021900107 179 186 196 0.28626785086320033 3 243 4 324 6 357 2 378
2007 0.3401886527504529 -2.2704867988466306 7.806683074535349 188 188 190 0.20716053736620804 3 245 4 329 6 364 2 388
2008 0.18597468792532823 -2.2346367034118213 8.0400588319076167 173 172 177 0.39127189342889385 3 270 4 410 6 447
2009 0.23517945434475146 -0.87289719878693928 7.8424301065672664 168 131 87 0.48870368317419299 3 275 4 411 6 830 2 463 15 343
2010 0.1023722774445513 -2.3593166494389624 7.9052761890356171 179 175 176 0.76864547443594844 3 278 4 422 6 461
2011 0.062304646792503783 -2.2160397263478155 8.0709349748023609 183 179 178 0.26822848083611039 3 293 4 454 6 484
2012 -0.020026328847581043 -2.3400402920192906 7.9481366521479773 176 171 168 0.23708815510330553 3 300 4 467 6 501
2013 0.21041017106878349 1.3284795416952673 8.215355687799077 130 97 55 0.44444660627610233 3 972 4 485 6 848 2 1111 15 620
2014 1.7965410545799176 -0.048965038832364284 7.6249923699840627 111 101 110 0.60841442574527149 3 327 4 496 6 11
2015 1.7965410545799176 -0.048965038832364284 7.6249923699840627 111 101 110 0.60841442574527149 3 328 4 497 6 12
2016 0.77452160125483283 -2.1939744667507917 7.7629818031089117 94 95 99 0.19965435422649511 3 193 4 706 6 747 2 653 15 252
2017 0.73599115179054631 -2.2570059116048684 7.6771997069758111 160 161 165 0.1734116461713324 3 469 4 707 6 748 2 292 15 255
2018 0.73302769016244629 -2.1739307491329289 7.8154970342069232 160 165 172 0.13582142561318836 3 474 4 714 6 755 2 307 15 268
2019 0.56596812964529397 -2.3335755360989134 7.6513886335235535 157 157 157 0.12452391521485684 3 485 4 733 6 774 2 342 15 287
2020 0.56054885544625854 -2.0802527198725782 7.453532219629504 183 182 188 1.2035858227161138 2 343 20 297 23 289 15 482
2021 0.34750066699936288 -2.4481363635498101 7.655666646221932 185 184 189 0.255544523986039 3 508 4 760 6 798
2022 0.3603977055335717 -2.2188572446100236 7.9175097915089063 176 177 181 0.32335702676904926 3 516 4 774 6 368 2 391
2023 0.12191907013786039 -2.3831687659197982 7.7025096655803411 139 137 140 0.068635588777399253 3 544 4 786 6 828 2 699 15 341
2024 0.093379233481086399 -2.159776650670151 8.2096423848763855 122 118 119 0.20138582899673252 3 571 4 807 6 836 2 713 15 347
2025 0.093379233481086399 -2.159776650670151 8.2096423848763855 122 118 119 0.20138582899673252 3 572 4 808 6 837 2 714 15 348
2026 0.039717322059752529 -2.2308006985275179 8.110425096629017 148 140 140 0.27224333204552947 3 579 4 810 6 841 2 724 15 354
2027 0.037699059771548492 -2.2244714139604498 8.0976711017169123 148 140 140 0.19729922511187403 3 580 4 811 6 842 2 725
2028 0.15081083786464239 2.2448156387293157 8.5158365188535079 154 149 159 1.0965186047610811 3 599 4 817 6 850 9 71 20 226
2030 0.93954652281688356 -2.3934690818093927 7.3749756396355464 179 178 183 1.7799238816288399 3 118 4 884 2 196 15 440
2031 0.96332110888547229 -2.2075409263766579 7.5968361037266749 183 183 189 0.4064164394579029 3 731 4 889 6 926 2 620 15 441 8 50
2032 0.98932514772066205 -2.1587067663542787 7.7133774123907362 102 109 119 0.43071183192709556 3 736 4 894 6 931 2 910 15 442 5 157 1 62 7 144 9 36 14 46 8 49 10 44
2033 0.98449099715744015 -2.1500539539606285 7.6986826008013036 102 109 119 0.077747845910223795 3 737 4 895 6 932 2 911 15 443
2034 0.92354315368792705 -2.1203710373348121 7.5202384532282629 100 104 113 2.0582715170572206 3 738 4 897 6 936 2 916 15 444 14 47 29 72
2036 0.92938770328741582 -2.2410207557040343 7.608362944431585 107 107 115 0.098873827109196441 3 743 4 901 6 938 2 920 15 781
2037 0.82424549143331494 -2.4045141415182822 7.4009710436940859 137 138 142 0.50560048494195131 3 432 4 903 6 943 2 931
2038 0.92655083443631281 -2.153099481250091 7.7379634095069214 94 101 109 0.083886619821258501 3 752 4 908 6 950 2 930 15 790
2039 0.89834774494635039 -2.1972308407781345 7.687363797576201 94 97 104 0.10678272360479819 3 753 4 909 6 951 2 933 15 796
2040 0.87394408108161659 -2.2459360622728939 7.645842771891818 106 106 114 0.13409637935918794 3 757 4 911 6 953 2 936 15 450 10 56
2041 0.83143598990095557 -2.0716677406667752 7.633211446204931 96 103 111 2.2507015068507523 3 769 4 915 6 959 2 943 15 799 1 225 7 151 9 123 14 62 14 131 11 132 17 56 1 73 8 61 8 62 10 59 10 132
2042 0.74187722201428741 -2.2890566671522294 7.450601830289016 158 156 161 0.45203880281585906 3 770 4 919 6 964 15 240
2043 0.79135495809260425 -2.1115058815387058 7.7388764855335594 94 98 106 1.4259941776923255 3 780 4 924 6 970 2 956 15 464 7 153 10 61
2044 0.69677545243488759 -2.3251126496302645 7.6146208511959372 105 106 110 0.088791403923916754 3 785 4 932 6 979 2 965 15 823
2045 0.72067088294803061 -2.1978377752877152 7.7947709274888171 100 103 108 0.1996549469530568 3 788 4 935 2 970 15 470 10 65
2046 0.64416525210961184 -2.4107548117989208 7.6244169794289851 159 158 163 0.21188811854210923 3 789 4 937 6 984
2047 0.59115253303129478 -1.9467406262614533 7.5124836436723887 90 97 105 1.4132332178402938 3 801 4 949 6 996 22 62 1 104
2048 0.54578376875936063 -2.3241407032444505 7.5170364319734775 158 157 162 0.60592496646990679 3 806 4 951 6 997 2 986 15 288
2049 0.60385887321861242 -2.2652370465303155 7.7117714990230208 99 100 105 0.073622778065858693 3 807 4 953 6 1000 2 985 15 480
2050 0.57549555451286238 -2.3132078822588884 7.6779249081783449 100 100 100 0.10389982660960399 3 809 4 954 6 1001 2 987 15 839
2051 0.55106626644246925 -2.353987263730406 7.6303859655386397 115 115 115 0.23494279012726693 3 811 4 956 6 1003 2 990 15 484
2052 0.39172501737782389 -2.3767514180540061 7.6423255717435632 121 120 125 0.18631020573430557 3 829 4 966 2 1006
2053 0.36526425627423098 -2.3338783391016196 7.704192929016342 126 124 127 0.12953378902211946 3 833 4 970 6 1016 2 1013 15 501
2054 0.44617126393860423 -2.1375820883110577 7.9894879630023903 151 155 166 0.081953578301171615 3 834 4 971 6 1017 2 1011 15 495
2055 0.39556490481347123 -2.2375073417612685 7.8511790397042374 190 191 193 0.20269118070124681 3 835 4 972 6 1018 2 1014 15 499
2056 0.33450963848408133 -2.371046768465003 7.6651018586519672 138 136 139 0.19228848623480641 3 836 4 973 6 1019 15 503
2057 0.35880165188732682 -2.2569388090865221 7.8405223673848141 121 121 123 0.085403635166908312 3 837 4 976 6 1025 2 1016 15 505
2058 0.30122610284583073 -2.3771481293602812 7.6566716109131949 193 191 194 0.22645054864527775 3 839 4 978 6 1022 2 1023 15 512
2059 0.30122610284583073 -2.3771481293602812 7.6566716109131949 193 191 194 0.22645054864527775 3 840 4 979 6 1023 2 1024 15 513
2060 0.38545449562175982 -2.1381841456890283 8.0291546573351908 140 143 150 0.12129916535021187 3 847 4 985 6 1031 2 1022 15 507
2061 0.2361732888441993 -2.3763831287073085 7.6850251917311594 189 187 190 0.47821564330617844 3 529 4 993 6 1043 2 1043 15 526
2062 0.24447398468871628 -2.3321573819414301 7.7708349583719123 128 126 129 0.11487535540608904 3 872 4 997 6 1047 2 1045 15 528
2063 0.32569837592417583 -2.1437411447085077 8.065267167401867 150 150 158 0.15412806211877966 3 873 4 998 6 1048 2 1040 15 521
2064 0.17546259147712875 -2.3682890959930116 7.7051040984568493 190 188 191 0.31121746437070141 3 888 4 1010 6 1057 2 1060 15 548
2065 0.18395920502118424 -2.3301766458439386 7.8056199200418783 134 132 135 0.17242832738391486 3 895 4 1011 6 1058 2 1063 15 549
2066 0.26823503805316795 -2.145566901464159 8.1036061967405448 147 148 152 0.084014500803939837 3 892 4 1012 6 1059
2067 0.15458696040197045 -2.3582065861180208 7.7373858658259138 147 145 148 0.11682585580795342 3 899 4 1014 6 1061 2 1067 15 552
2068 0.11430035356560779 -2.3698658814213389 7.7434651996149491 193 191 194 0.42793843979593321 3 548 4 1025 6 1068 2 702
2069 0.12577999111827426 -2.3306555355346861 7.8376212443126301 133 131 132 0.12736100620571905 3 913 4 1026 6 1071 2 1077 15 555
2070 0.094251520620968393 -2.3560485882162805 7.7687039765208734 144 139 143 0.070790880983103752 3 916 4 1027 6 1072 2 1080 15 561
2071 0.062982310583644036 -2.3283723039548327 7.8669068878554365 132 127 129 0.10973869459861518 3 932 4 1040 6 1086 2 1090 15 573
2072 0.032898776992257926 -2.3551264923915114 7.7999041807292233 140 135 139 0.15914794753427827 3 936 4 1043 6 1091 2 1093 15 576
2073 0.092658184852309533 -2.2189387201857174 8.0584077558778215 130 127 129 0.068368820923950552 3 561 4 1044 6 1092 2 710 15 571
2074 0.062777148113846826 -2.2517411126833631 8.0044942501389791 131 126 128 0.11546345514337117 3 943 4 1047 6 1096 2 712 15 575
2075 0.034972129904285928 -2.2887172345325921 7.9581465198978441 132 126 126 0.13649304767265771 3 950 4 1048 6 1097 2 1096 15 578
2076 0.0037985132226667677 -2.327286299612914 7.9018748706407065 124 115 116 0.10710483993108404 3 953 4 1050 6 1098 2 1097 15 588
2077 0.0037985132226667677 -2.327286299612914 7.9018748706407065 124 115 116 0.10710483993108404 3 954 4 1051 6 1099 2 1098 15 589
2078 0.03134863510876245 -2.2722338204250252 8.0011128574166559 191 185 185 0.44832539901085938 3 573 4 1052 6 1100 2 723 15 583
2079 -0.025338145494480439 -2.3544098843133447 7.8362803611540786 145 137 139 0.093485512847497454 3 957 4 1056 6 1103 2 1100 15 592
2080 0.0022835627536648495 -2.315750279696871 7.9597688262445958 191 184 184 0.32481350378926721 3 958 4 1057 6 1104 2 727 15 591
2081 0.058185446220611177 -2.1867616959186664 8.2139045296341262 210 202 200 0.35193848710654507 3 955 4 1058 6 1106 15 579
2082 0.0084336214537388092 -2.2600854870782419 8.0465118448005146 147 141 138 0.24823591131933065 3 582 4 1061 2 732 15 357
2083 -0.059213627867553333 -2.3842744260160837 7.7963881536981781 150 144 144 0.21706137940157982 3 961 4 1063 6 1112 2 1103 15 596
2084 -0.023472953489951678 -2.2857085769099701 7.978403318681794 149 141 139 0.12208021189528136 3 586 4 1065 6 1114 2 734
2085 -0.023083150327306338 -2.2878330126165332 7.9813302301068401 149 141 139 0.17882628832792885 3 587 4 1066 6 1115 2 735 15 361
2086 0.071216711452312592 -0.73644173697450199 7.9213002833919957 39 41 92 0.22116322788975512 3 964 4 1068 6 1117 2 1107 5 178 9 64 14 90 39 186 8 92 12 62 22 96
2087 -0.07592792827144236 -2.3531775214652946 7.8075249158260798 204 196 194 0.43174757759344995 3 963 4 1069 6 1118 15 602
2088 -0.05214006008806666 -2.3214774264611391 7.9324379915341892 143 135 136 0.19532050746777124 3 588 4 1070 6 1119 2 740 15 598
2089 -0.083611597059050496 -2.3567819205064415 7.8788427045669236 158 149 148 0.26386801669682702 3 966 4 1074 6 1123 2 1106 15 608
2090 -0.10090996824420345 -2.4458020383598456 7.9154045558552051 160 150 148 1.3530320328452685 3 590 4 1075 6 1125 15 609
2091 -0.11344845923967274 -2.3865490527347464 7.8253542853997287 160 150 148 0.29527416917538041 3 591 4 1076 6 1126 2 744
2092 0.21753064979847467 1.3703220222681864 8.1529696248084704 110 104 98 0.65152575735967433 3 312 4 1082 6 512 1 174 7 100 9 69 22 100 1 175
2093 1.8646658290946236 -1.0791099369121979 7.6872452599076713 220 204 197 0.59522007365065488 3 1236 4 1083 6 1132
2094 0.94321118416599026 -2.1725352269263132 7.6911549121621343 160 167 177 0.26230089439889026 3 1082 4 1260 6 1301 15 783 2 1213 14 124 8 122 10 123
2096 0.79140093052562044 -2.2755238260622814 7.3942183148202956 156 154 159 0.87674489865891891 3 1097 4 1266 6 1309 2 245 15 227
2097 0.81365265626024119 -2.3359614561120714 7.6387103500491378 153 154 158 0.27238570734965634 3 1099 4 1273 6 1315
2098 0.78076233793838967 -2.2717663544457913 7.5330375979933191 153 154 158 0.37370829899056007 3 1100 4 1274 6 1316 2 947
2099 0.81952748498407546 -2.1766027172138411 7.7533278808097101 156 160 166 0.17107529079706113 3 1103 4 1278 6 1319 2 1221
2100 0.73401205851191564 -2.2880955936530696 7.5970187879209758 151 152 156 0.12913540438045409 3 1106 4 1282 6 1324 2 1225
2101 0.76226919594416087 -2.1711041908293387 7.7927782660405169 158 162 171 0.28870355179980073 3 1108 4 1283 6 1325 2 1226 15 817 14 136 1 227 10 137
2102 0.70149398446177946 -2.247015821919585 7.6827293940028731 160 161 165 0.11763610574633228 3 1112 4 1287 6 1331 2 1230 15 827
2103 0.72711874777715635 -2.096083404164244 7.7523279186476337 98 101 110 1.5016548847563236 3 786 4 1290 6 981 4 934 15 825 2 967 1 92 7 66 14 67 11 71 12 44 10 66
2104 0.66750575716707106 -2.3698211780838387 7.6623933240053441 154 155 159 0.18420277410669614 3 1115 4 1291 6 1334
2105 0.70484898649567163 -2.1743981844219897 7.8381107900150218 159 163 169 0.3087129365532002 3 1116 4 1293 6 1336 2 1232 15 832 14 140 10 140
2106 0.61655479468685537 -2.2810295895478752 7.6629376981359023 155 159 162 0.1212486791640472 3 1117 4 1295 6 1337 2 981 15 837
2107 0.45880553721736334 -2.3791406870260765 7.5920317240983071 127 126 131 0.2070302319556904 3 826 4 1301 2 998 15 490
2108 0.49285168898973319 -2.2743637251591085 7.7412478904665445 145 143 144 0.16252563560139169 3 1217 4 1302 6 1344 15 843 15 979
2109 0.45203584239479949 -2.2968186834769058 7.7237687781983366 109 109 111 0.055574441188314741 3 827 4 1305 6 1347 2 1001 15 846
2110 0.42458644820140523 -2.3408827344167729 7.680741087771537 113 113 115 0.12164873077128203 3 828 4 1307 2 1004 15 848
2111 0.33876899410945238 -2.2167642748674248 7.8473028279069714 185 186 190 0.2070046152917826 3 1131 4 1314 6 1358 2 1026
2112 0.27364173971209355 -2.3636166849765399 7.68238696012821 124 121 124 0.077778595411289106 3 853 4 1315 6 1359 2 1031 6 1035 15 860
2113 0.29174429292690679 -2.3113747010484427 7.782768529176832 181 179 182 0.20823832604723438 3 856 4 1319 6 1363 2 1032 15 861
2114 0.26432976147760995 -2.3382094619016383 7.7226876137133011 184 182 185 0.22148694276773406 3 862 4 1324 6 1366 2 1037
2115 0.33668563415036651 -2.151346794602726 7.9977492053940447 182 182 190 0.13856572539784559 3 1134 4 1325 6 1367 2 1034 15 858
2116 0.33668563415036651 -2.151346794602726 7.9977492053940447 182 182 190 0.13856572539784559 3 1135 4 1326 6 1368 2 1035 15 859
2117 0.31110654808812477 -2.1950017546876963 7.957516026539829 178 179 183 0.19150187667007945 3 1136 4 1327 6 1369 2 1038 15 864
2118 0.28007849860307671 -2.2271716813204296 7.8959956675290801 179 180 184 0.069758485024009498 3 1138 4 1330 6 1371 15 869
2119 0.20406408363330736 -2.2549293099962067 7.7151241089808282 178 176 179 0.61671569936914539 3 1141 4 1335 6 1376 15 540 2 438
2120 0.21124938391699363 -2.3843620779023573 7.830363226113124 174 172 175 0.12895942613939801 3 1144 4 1336 6 1377
2121 0.22473914126069913 -2.2358655094348729 7.9479549461717633 175 173 178 0.15208848809090644 3 1145 4 1345 6 1384 2 1058 15 878
2122 0.1957676564837339 -2.2714169814532599 7.8925068534232521 183 181 184 0.13767324549245624 3 1149 4 1347 6 1386 2 1064 15 882
2123 0.17408426182179396 -2.50450842088823 8.0661673836921217 176 174 177 1.5845276715178445 3 907 4 1350 6 449 4 414
2124 0.18090196741778161 -2.2558707834897005 7.9406682163331066 137 135 138 0.083822340857439712 3 905 4 1351 2 1069 15 890
2125 0.16834530465354097 -2.2479685687250646 8.0029962132133079 177 177 179 0.32196885824629584 3 1153 4 1355 6 1393 2 1075 15 892
2126 0.20976052303437295 -2.1458375888105894 8.1323365138047237 164 165 169 0.21456021920303275 3 1152 4 1357 6 1392 2 1073 15 888
2127 0.12984955077632787 -2.2613484660157943 7.9079864327235203 172 170 173 0.25444890876502019 3 1154 4 1358 6 1395
2128 0.12984955077632787 -2.2613484660157943 7.9079864327235203 172 170 173 0.25444890876502019 3 1155 4 1359 6 1396
2129 0.092581172576331819 -2.2782613694328813 7.8224969755711191 177 173 174 0.25272774794973524 3 1157 4 1360 6 1397 2 1082 15 563 2 704
2130 0.066325931033158259 -2.3170589297083497 7.7767356151209981 184 180 181 0.17772617261548687 3 1158 4 1361 2 1089 15 570
2131 0.14820522419212198 -2.2231038402903245 8.1107264580243239 177 175 178 0.16980608383974033 3 921 4 1362 6 1398 2 1081
2132 0.1117460648428566 -2.245527072776913 8.0323049797077761 178 176 179 0.16690528823930181 3 1159 4 1363 6 1399 2 1088
2133 0.071577237547383391 -2.2481318564261605 7.9197474527746907 175 173 176 0.018681142628037019 3 1160 4 1366 6 1400
2134 0.047437360724917693 -2.310115702316899 7.9158090820470077 171 167 168 0.16905764192788647 3 1161 4 1367 6 1401 2 1246 15 896
2135 0.047437360724917693 -2.310115702316899 7.9158090820470077 171 167 168 0.16905764192788647 3 1162 4 1368 6 1402 2 1247 15 897
2136 0.10755529773243905 -2.1666740092604964 8.1510555628432133 180 176 177 0.23716931265415361 3 939 4 1370 6 1403 2 1091
2137 0.074026720389929912 -0.6859114092693166 7.9280234663529932 69 65 85 0.39463781413432614 3 1172 4 1377 6 1413 2 1254 15 986 5 259 1 338 7 247 9 202 14 164 11 150 39 363 17 171 12 118 10 152 18 48
2138 -0.0086291758977453566 -1.2546650094130327 7.8986801619561202 161 155 158 0.2689660803280387 3 1177 4 1379 6 1415 2 1109 15 901 5 179 1 269 7 173 9 146 14 92 11 90 39 360 17 111 8 94 12 64 22 98 10 94 19 115 20 110 23 100 29 87
2140 0.04248705937740966 -0.65098218084310921 7.9336349319316666 38 43 98 0.34698877845755943 3 1234 4 1422 6 1457 2 1255 15 989 5 262 1 270 7 250 14 165 11 151 12 121 23 167
2141 0.97939099233721316 -2.1062894511389358 7.7603322906274554 165 183 193 1.4979432577150611 3 1255 4 1436 6 1469 2 1320 15 1014 5 332 1 217 14 123 11 127
2142 0.92278346441752523 -2.1104067309463344 7.802409172219499 164 182 194 1.1371664576934557 3 1257 4 1438 6 1471 2 1322 15 1022 5 335 7 148 9 117 14 127
2143 0.85677861737069527 -1.9885142726713914 7.5829211370235363 164 182 194 1.3536330656143269 3 1258 4 1439 6 1472 2 1323 11 131 9 122 22 155 10 131
2144 0.32796871290658963 -0.8894168884969833 7.8091999711140589 187 160 151 0.3479797729064818 3 1274 4 1451 6 1486 2 1306 15 1037 5 341 1 378 7 315 9 241 14 236 11 232 39 413 17 234 8 188 12 181 22 234 10 196 19 258 20 230 23 230 29 204
2145 0.028794106132752611 -1.4348629500956129 7.8599141976471323 29 40 94 0.51004756366708093 3 1279 4 1455 2 1337 5 349 1 412 7 319 9 244 14 240 11 235 39 437 12 185 22 241 10 226
2146 0.8114606907825187 -2.2233795357862274 7.7087938149883257 32 28 19 0.10076811180767568 3 1263 4 1469 2 1328 15 1063 10 216
2147 0.26345364604637256 -0.78623883475375289 7.8467526034758395 120 54 14 0.32432893134257951 3 1300 4 1475 6 1513 2 1371 15 1071 5 378 1 440 7 348 9 272 14 274 11 272 17 269 8 244 12 209 22 275 10 259 19 293 20 266 23 262 29 238 18 122
2149 0.11028431275799515 -2.1190326668178283 8.2388414081506482 123 120 126 0.38867362632124952 3 1302 4 1479 6 1540 2 1372 15 1072
2150 0.19875710148438402 2.239840754080797 8.4683188311650444 25 29 70 0.89827426568420654 3 1305 4 1482 6 1522 5 350 7 321 12 186 10 229 29 233
2151 0.48179286607508842 -2.1033486371111674 7.9663715742176926 182 190 197 0.95848858339383225 3 1317 4 1491 6 1534 2 1361 15 1094
2152 0.2700573287848414 -0.66172663710715907 7.8656626863462638 175 158 151 0.37993368573108105 3 1323 4 1496 6 1538 2 1403 15 1103 5 397 1 441 7 350 7 373 9 296 14 308 11 304 39 477 17 300 8 246 12 239 22 306 10 289 19 326 20 298 23 290 29 262 18 124
2153 0.056863918088591835 -1.04754033874324 7.8824245525937151 119 125 147 0.36875986248074688 3 1330 4 1500 6 1544 2 1379 15 1110 5 386 1 447 7 354 9 302 14 280 11 280 17 276 8 251 12 215 22 282 10 266 19 298
2154 0.1153213457964708 -0.3007765082900864 7.9372103260919165 59 56 81 0.44880381679545039 3 1303 4 1501 6 1517 2 1382 5 387 1 448 7 357 9 278 14 283 11 283 17 278 8 254 12 218 22 283 10 269 19 295 23 203 18 153
2155 -0.15723314655305934 -2.401657724393031 7.723376871862162 209 195 192 0.77056042164411509 3 1332 4 1502 6 1518 2 1383
2156 -0.15723314655305934 -2.401657724393031 7.723376871862162 209 195 192 0.77056042164411509 3 1333 4 1503 6 1519 2 1384
2157 0.17953077809375173 -1.4039829099539309 7.7891561504211531 30 41 95 0.50781669699480947 3 1350 4 1518 6 1558 2 1425 15 1129 5 419 1 460 7 387 9 321 14 328 11 321 39 512 17 320 8 292 12 254 22 326 10 307 29 286 18 184
2158 0.55747547605274128 -2.3046212326369471 8.0275254539585035 22 18 15 0.53677293142684301 3 1371 4 1539 6 1578
2159 0.42405587608310485 -1.4853956568034201 7.6970950747503357 45 57 112 0.77778991707069645 3 1373 4 1541 6 1580 2 1420 15 1145 5 415 1 475 7 384 9 337 14 324 11 317 17 315 8 288 12 249 22 320 10 302 19 357 20 322 23 321 29 294 18 138
2160 0.28139873981047508 -1.5648675051540064 7.7393990082328408 194 170 160 0.51625701658544532 3 1375 4 1542 6 1581 2 1423 15 1147 5 417 1 478 14 326 11 319 17 318 8 290 12 252 22 321 10 305 19 358 20 314 23 313 29 284 18 179
2161 0.28139873981047508 -1.5648675051540064 7.7393990082328408 194 170 160 0.51625701658544532 3 1376 4 1543 6 1582 2 1424 15 1148 5 418 1 479 14 327 11 320 17 319 8 291 12 253 22 322 10 306 19 359 20 315 23 314 29 285 18 180
2162 1.4805195453284647 -1.5879107359017932 7.0722552161907659 208 206 208 2.5515567170387432 3 1389 4 1545 6 1585 5 279 1 354 9 14
2163 0.39060295636195935 1.1971896642485389 8.076241964390686 122 142 153 1.6901074541801657 3 1387 4 1557 6 1595 2 1446 15 1151 15 1165 5 443 1 482 7 417 9 340 14 354 11 343 39 517 17 340 8 297 12 282 19 323 20 259 23 288 29 261 29 282 18 221
2164 1.495161502874323 0.22197223355884435 7.0131939812777997 219 201 198 0.65227881805889831 3 1338 4 1524
2165 1.6884059065282537 -2.1729206760947211 7.4117018204513698 35 31 28 0.20844045557602109 3 600 6 2
2166 1.6195260914576424 -2.2662750653915551 7.291249165378205 25 22 17 1.1374072803576343 3 5 6 3 2 5
2168 1.6340816052835525 0.83081369501765301 7.4596098959563726 133 148 155 1.246815355068043 3 353 6 54
2169 1.380409447711517 -2.4460166623069357 7.1670896845619732 209 205 206 0.23345889476202647 3 360 6 65 2 64 15 69
2170 1.3176218816670371 -2.4323014662633247 7.1874424968752111 203 199 200 0.40493256600029248 3 43 4 61 6 83 2 84
2171 1.5017962127495159 1.7461774478906062 7.5342981203961967 182 150 120 0.527654140450456 3 688 6 99 2 592 15 167 1 54
2172 1.3268995536951789 -2.2767586549542536 7.4093186514344653 178 176 179 0.45731698531725851 3 53 4 81 6 102
2173 1.2982501403045654 -2.3290789591073935 7.3679070353935145 185 181 182 0.41223626782042461 3 55 4 82 6 104 2 114
2174 1.3182391945385672 -2.1720759737745317 7.5244099987661635 177 176 182 0.28719084533489819 3 66 4 92 6 118 2 126 15 125
2175 1.4042720773667543 1.6898072972220761 7.5946546248759059 115 74 24 2.0348934536067813 3 84 6 144 2 175
2176 0.96179552390626644 -2.4377680550596303 7.2811895000821902 134 131 134 0.17243787880601194 3 110 4 139 6 180 2 184
2177 0.99991952990607391 -2.3929262293891163 7.3919221403099415 148 148 150 0.35979220145198554 3 111 4 140 6 182 2 182
2178 0.95089050069623982 -2.4226345136787906 7.3494553812149146 90 91 94 0.091956466906715467 3 117 4 652 6 196 2 195 15 190
2179 0.9631236642165123 -2.4196188301101378 7.4879746932136202 146 144 147 0.77839015526628941 3 123 4 158 6 201
2180 0.93100386964799542 -2.1982951123471879 7.6772297983893276 157 162 166 0.37833428095665822 3 150 4 186 6 226 2 217
2181 0.83924287451024204 -2.230830884028864 7.6461264403151175 173 175 179 0.34954636023054286 3 448 6 258 2 249
2182 0.71208112535360191 -2.3046907613363081 7.6382532171629256 161 162 164 0.14704818598357136 3 471 6 281 2 298 15 261
2183 0.71850126650527124 -2.1449805916243152 7.8546386205796672 154 158 167 0.34353619030630861 3 204 4 265 6 303 2 315
2184 0.65009506432549147 -2.225834145171405 7.8149355876786286 192 192 197 0.46527066064420691 3 208 6 318 2 331
2185 0.87247606472025641 2.0686029332635729 7.9668714786478549 29 29 68 1.5326435414186907 3 221 6 325 2 367
2186 0.76565362523140013 2.0610347405611016 8.0437488168934674 159 156 163 0.76097138151165866 3 507 6 342 2 399
2187 0.60038452371329087 2.1879277814224611 7.6897442318113409 84 101 105 1.7950000208051318 3 525 6 353
2188 0.37656220418666697 -1.3941012723631214 7.6616661146624274 8 5 12 1.4541731082774572 3 1129 4 323 6 356 2 398 39 60 17 91
2189 0.49181662182562802 0.1265233060116461 7.9064803824278789 21 34 68 0.090325657731915698 4 338 28 109 6 371
2190 0.26595037975041275 -2.0832369660753329 7.5640410854108744 175 176 180 1.0389218555072604 3 521 4 340 6 372 15 321
2191 0.29752328615857793 -2.1442808355486642 8.0888425896460561 178 178 183 0.28107930265226672 3 261 4 383 6 420
2193 0.27627568697335497 -0.79265442227392591 7.8306181010738962 173 93 40 0.19924973527305495 3 267 4 397 6 433 2 456
2194 0.12145435139970485 -2.2920248155276428 7.9020554950392228 170 165 169 0.36666349203085852 3 276 6 456 2 458
2195 0.43379553460281345 1.5466181575011579 8.1265366963462373 183 159 151 0.34378535120221287 3 282 6 457
2196 0.43379553460281345 1.5466181575011579 8.1265366963462373 183 159 151 0.34378535120221287 3 283 6 458
2197 0.066520070637456657 -2.4948911866166723 7.9396913427655971 191 187 186 0.9192331070212213 3 559 6 472 2 706 15 568
2198 0.086634844848745993 -1.6014301947559557 7.8100443058361382 145 146 183 0.66609120309850711 3 941 6 477 2 483 39 188
2199 0.087963924642271332 -1.5950427773214109 7.8012379498770938 145 146 183 1.4268019264894318 3 942 6 478 2 484 17 107
2200 -0.022921549035712141 -2.371172806754628 7.7845214015071127 197 188 189 1.4588189560170544 3 578 6 488 2 726 4 1049 15 359
2201 0.0081755684647345471 -2.3727332064096567 7.911885037477453 181 177 178 1.0051314813215482 3 952 6 489 2 722 15 587
2202 0.062428661514515434 -2.1149950044985841 8.2461426256220385 9 3 3 1.0201571821901405 3 581 6 499 2 492
2203 0.0031552259412109167 -0.67024072178054572 7.9740270174775647 111 109 144 0.37013243286946712 3 315 6 514 17 117
2204 0.17693872868632768 1.5331349764822042 8.1639708009917005 141 95 34 0.39081541654149748 3 318 6 519
2205 1.5411317044427626 0.10553022279215438 7.2743956356490189 133 150 157 0.87469514062747167 3 350 6 567 5 144 7 21 19 25
2206 1.5451193593774193 0.18584186571761782 7.257246142888123 146 159 166 1.6351376056581504 3 35 6 571 20 19 23 15
2207 1.490678012570426 -2.2693903674156735 7.353640814181662 188 184 185 0.2291745995124698 3 354 6 589 2 551 15 46
2208 1.3083222440161062 -1.3487929285400986 7.1851157965109582 131 139 142 0.14115057068070991 3 377 6 629 2 572 5 34 7 26
2209 1.4068710905918826 -2.2210675527042794 7.4820389380205645 183 181 186 0.11026780873607545 3 375 4 583 6 635
2210 1.4068710905918826 -2.2210675527042794 7.4820389380205645 183 181 186 0.11026780873607545 3 376 4 584 6 636
2211 1.4664402116313027 1.8088653883585413 7.5313146401117184 122 87 30 1.133978636020025 3 394 6 652 5 52 11 56
2212 1.196301882017978 -1.8494902652480976 7.1817033810192425 108 130 141 1.0448045537951183 3 1241 4 88 6 661 2 584 15 151 1 48 7 32 9 33 9 223
2213 1.0885244936094054 -2.3541117823472399 7.4063079778809104 178 176 177 0.075852775252894494 3 99 4 641 6 699 2 173 15 177
2214 0.84170372699947149 -2.4333756980246366 7.3412324649214096 134 133 138 0.19316689292073999 3 143 4 661 6 720 2 213 15 207
2215 0.77402933635991489 -2.3146195648711863 7.615708497037514 160 161 163 0.16627472993328857 3 463 4 699 6 741 2 268 15 238
2216 0.37921144548788277 -2.2168195381185916 7.8912420875517508 103 103 108 0.26297781758555744 3 513 6 803 2 379
2217 0.10877880368398091 -1.1165063850450936 7.823970282000329 132 131 140 0.3974620735488692 3 570 6 834 2 728 15 363 7 90 19 110
2218 0.067609885807203673 -2.1985918684772621 8.1652258573598555 133 129 128 0.26609757390776029 3 575 6 839 2 718 15 351
2219 1.6199536292215542 -1.7583269485871718 7.3076199743452399 135 159 170 0.9663258230784223 3 1181 4 9 6 854
2220 1.5876158441261952 -1.7207347478344277 7.2321805711807237 135 159 170 0.5180999000747093 3 1182 6 855
2222 1.3115677848168543 -1.4239819542332792 7.1662073520552934 35 18 24 0.40993525537524544 3 665 4 846 6 881 2 836 4 847 15 410 5 151 7 135 9 27 14 33 11 45 8 33 12 21 22 24 10 26 23 50 39 255 20 57
2223 1.2704478669690293 -2.4185295724953764 7.2502653180501149 101 101 101 0.13365896472792435 3 675 4 855 6 888 2 838 15 717
2224 1.2129438770937973 -2.4158085923389327 7.2860038540051812 103 101 104 0.10155702230872986 3 696 6 895 2 862 15 735
2225 1.2129438770937973 -2.4158085923389327 7.2860038540051812 103 101 104 0.10155702230872986 3 697 6 896 2 863 15 736
2226 1.1195589009683047 -2.1768435603451333 7.1767009767702268 102 100 102 1.1501462535693485 3 705 4 867 6 902 20 87 29 138
2227 1.0594188259652679 -2.4306807890398785 7.2933933223340528 113 113 115 0.13723223527879791 3 413 4 879 6 916 2 605 15 432
2228 1.028324089522191 -2.4100573566081507 7.4022594601559017 82 82 84 0.12508228587191891 3 722 6 920 2 900
2229 0.97427451680523003 -2.3888115885126604 7.3998038681086991 68 68 70 0.120095418214585 3 725 4 883 6 923 2 905 15 439
2230 0.86991931584539994 -2.3899956963809892 7.4265989340255461 170 170 172 0.39469872161575281 3 425 4 896 6 935 2 623 15 447
2231 0.75974810194028375 -2.4032109782408799 7.4468183288045715 131 130 135 0.1704451964423904 3 767 6 956 2 945
2232 0.75636500485453662 -2.3281254530007183 7.5787672951972436 105 106 110 0.088461630404979091 3 776 6 968 2 952 15 808
2233 0.69020594810515601 -2.2369870015668347 7.7427677089375955 95 98 105 0.11669423359083006 3 790 4 938 6 985 2 974 15 474
2234 0.57762371848864213 -2.3502326900865196 7.426096225442401 178 177 182 0.74064480407171907 3 793 4 263 6 986 2 662 15 477 19 99
2235 0.50247266780490052 -2.2737170717982718 7.649485962984464 104 99 103 0.89321040642277594 3 820 6 1009 2 995 15 841 23 263
2236 0.77540387413878609 1.9962694990838958 7.976787155304744 26 34 66 0.62522109954819149 3 504 4 963 6 1011 2 1241 5 92 4 742 7 78 17 98
2237 0.39210562657491538 -2.2933056495602853 7.7529461409742071 117 116 118 0.071683520222146566 3 832 4 968 6 1014 2 1010 15 497
2238 0.38545449562175982 -2.1381841456890283 8.0291546573351908 140 144 153 0.12129916535021187 3 846 4 984 6 1030 2 1021 15 506
2239 0.2276992923519443 -2.1756002418235356 8.104696101473591 184 183 188 0.71478503108480584 3 904 6 1066 2 1066 15 881
2240 0.15973655222826269 -1.0148345723450656 7.8531418336945631 173 161 161 0.4669656736759516 3 934 4 1037 6 1084 2 1094 15 586 5 173 1 153 7 168 9 58 11 85 39 197 17 108 22 91 19 107
2242 0.022242171022222694 -1.5886829805782399 7.8457357210532122 25 34 89 0.32668882000784166 3 959 4 1059 6 1107 2 1104 15 600 5 175 7 170 9 59 14 89 11 89 8 91 12 59 22 95 10 89 23 103
2243 -0.013629977698487752 -1.5315334417427087 7.8501539482546221 66 64 100 0.38367824567525505 3 965 4 1073 6 1122 5 177 7 96 17 169
2244 -0.062981842598704721 -2.3113296397768632 7.985739918107404 204 196 194 0.25795268138560307 3 1173 6 1124 15 603
2245 -0.035893252125545456 -1.4571564682576821 7.8913506127128752 107 106 136 0.3380748137475873 3 968 4 1080 6 1128 15 615 5 181 1 167 9 66 39 277
2246 -0.036280487472790723 -1.4571469887721527 7.8910149558189548 107 106 136 0.35356402339420401 3 969 4 1081 6 1129 2 748 15 616 5 182 1 168 7 97 9 67 39 276
2247 0.22050283640369875 1.6611010291680617 8.1333358632835377 100 83 76 0.090300289702671455 3 974 6 1131
2248 1.5103181414021649 -2.3491031853221656 7.2575871138141048 128 124 125 0.12950320053036546 3 627 6 1141 2 778 15 650
2250 1.4658609128614035 -2.276173564180783 7.3040616152392452 116 113 116 0.11969013896425956 3 638 4 1117 6 1164
2251 1.3207553338304361 -1.4823722663523589 7.1436469746833451 160 14 27 0.61194135893232249 3 663 6 1195 2 1178 15 720 1 302 7 203 9 96 11 110 39 257 17 136 8 31 12 16 22 138 10 21 19 148
2253 1.2966685724414255 -1.8851668238725696 7.1085694647082613 193 211 218 1.3411147428713248 3 1192 6 1201 5 211 5 280 7 202 14 189 8 112 12 82
2254 1.2698248342853402 -2.3256159401090715 7.3824009731485454 116 114 117 0.1080063803044959 3 692 4 1199 6 1242 2 852 15 730
2255 1.4038133072942305 1.8597119296011253 7.6011474517002657 123 129 132 1.5626227246732143 3 1069 6 1267 5 286 11 125 39 335 12 31
2256 0.70132374227246008 -2.2467061519101765 7.6816618412022608 162 163 168 0.11355755461504206 3 1111 6 1330 2 1229 15 826
2257 0.52806034253304379 0.17131542137840614 7.8731430695371554 122 142 151 0.64149881749077542 42 683 6 1352 14 148 39 312 28 600 8 138
2258 0.31110654808812477 -2.1950017546876963 7.957516026539829 173 176 181 0.19150187667007945 3 1137 4 1328 6 1370 2 1039 15 865
2259 0.25509175154338753 -2.2683027040642032 7.8513036501749127 175 173 176 0.14164933952725239 3 1139 4 1331 6 1372 2 1047 15 871
2260 0.28698161890795409 -1.2755116324945768 7.7649077145815486 112 135 147 0.28987845998760986 3 1143 4 1333 6 1374 2 1243 15 884 5 252 1 251 14 81 39 305 17 99 8 85 12 109 22 178 10 80 19 174 20 165 23 163 29 148
2261 0.28687531921918769 -1.2755528109097622 7.7647512049579337 112 135 147 0.3052062798332264 3 1142 4 1334 6 1375 2 1244 15 885 5 251 1 252 14 82 39 304 8 86 12 108 22 177 10 81 20 166 23 164 29 149
2262 0.28437296831881659 -1.0187269287604317 7.8066503243799081 113 134 145 0.26134945499974477 3 1147 4 1343 6 1382 2 1245 15 893 1 255 14 155 39 302 17 104 8 87 12 110 22 85 10 84 19 172 20 164 23 162 29 147 18 36
2263 0.2840045241571813 -1.0181219995003792 7.8054958290059346 113 134 145 0.19270205450341923 3 1148 4 1344 6 1383 15 894 1 256 14 156 39 301 17 105 22 86 10 85 19 173
2264 0.1957676564837339 -2.2714169814532599 7.8925068534232521 185 179 183 0.13767324549245624 3 1150 4 1348 6 1387 2 1065 15 883
2265 0.15770222647082882 -2.30589906367757 7.8357577529501805 176 174 177 0.66251427385336381 3 903 4 1020 6 1388 2 1068 15 553
2266 0.45406120537985306 1.3989469646302422 8.1017609461757214 34 36 60 1.4547220336133109 3 1156 6 1391 2 717 15 582 1 258 9 141 11 273 39 208 12 210 19 253 20 198 23 201
2267 0.1209642798735784 -1.0808497279888738 7.8515704139955362 18 20 18 0.66388797509450204 3 949 4 1369 6 1405 2 1099 15 898 5 174 1 263 7 169 9 143 14 88 11 88 39 410 1 382 17 211 8 90 12 58 22 94 10 88 19 260 20 106 23 92 29 84
2268 0.011659389025261029 -1.1565929143195306 7.8937409503138278 163 155 153 0.48324799023310677 3 1175 4 1378 6 1414 2 1108 15 900 5 261 1 268 9 145 14 91 39 361 17 170 8 93 12 63 22 97 10 93 19 190 20 108 23 97 29 86
2269 0.17016713787790633 2.2389061106255879 8.3519292735167543 34 35 68 0.39122172257439169 3 1235 4 1380 6 1416
2270 1.3093079269636609 1.7368012953728753 7.6560401270116927 169 145 131 0.89449880470277399 3 1203 6 1435 2 1211 5 290 1 364 7 278 9 228 11 185 39 333 17 150 5 233 8 174 12 141 22 202 10 126 10 176 19 32 20 23 23 17 29 28 18 143
2272 0.68183695279312184 2.0456978758955198 8.0741365381606212 21 32 77 0.86122223869617898 3 1272 6 1484 2 1304 1 377 7 295 7 297 8 141 19 225 20 188 23 152 23 74 29 176 18 158
2273 0.3237991651081803 -0.87779551890080743 7.7800715159675304 185 161 151 0.67766314000057926 3 1273 4 1450 6 1485 2 1305 15 1036 39 44 8 187 10 195
2274 0.24385273909357374 -1.1585044838425147 7.8011141576920915 179 148 146 0.53036923867702468 3 1275 4 1452 6 1487 1 379 14 238 11 233 39 412 19 232
2275 0.17730140602832395 1.5145578488134732 8.2142313830866875 95 60 23 0.7097881738746088 3 1283 4 1457 6 1489 5 310 14 219 11 211 39 195 12 154 22 244 10 198
2276 1.3688008329739496 -1.7839008371437399 7.0448702583679506 128 146 158 1.318328497319353 3 1308 4 1460 6 1490 2 1392 15 1121 5 407 7 365 14 293 8 263 8 277 22 311 10 243 10 279
2277 0.53727067233653103 0.050260513302457538 7.8623997829153298 123 143 152 0.46086137350462941 30 686 45 670 6 1504
2278 0.5502252002722321 1.3951373421175315 8.0596030495038384 127 143 150 1.1242172941930078 3 1298 6 1511 1 150 3 886 9 243 14 237 12 182
2279 0.21780811508037815 -1.2329589159940093 7.7987615912682839 184 160 156 0.71128260020248024 3 1299 6 1512 15 1070 5 342 1 406 39 444 17 235 8 215 19 259 3 1276 29 205
2280 0.37502666691135317 1.7211046861330614 8.2106402458466903 178 158 147 0.70652456656984286 3 1327 4 1477 6 1515 2 1380 15 1076 2 1338 5 347 5 383 1 413 7 355 9 276 14 281 11 281 17 238 17 279 8 252 12 216 10 227 10 267 9 303 19 254 20 255 19 287 23 225 23 252 29 199 29 227
2281 0.20817085272174038 1.3591875192375658 8.1706747011818699 75 67 63 0.64618982524516255 3 1304 4 1480 6 1520 2 1385 15 1078 5 388 1 416 7 320 9 279 14 284 11 284 39 370 17 240 8 218 12 219 22 242 10 270 19 257 20 227 23 228 29 203 18 97
2282 1.3769603108321662 1.6701174444492513 7.6252265014521665 117 77 26 1.0454604355150594 3 1311 6 1526 7 335 39 467 22 261 19 274 22 262
2283 1.200075040203507 -2.1223208748321749 7.5995772127213739 178 181 187 0.81592546294427015 3 1309 6 1528 2 1349 15 1086 14 315
2284 0.40619494287540719 -2.3873206810687737 7.7011470040683125 120 120 123 0.71423099697704051 3 1316 6 1533 2 1400 15 1095
2285 0.067532540088496837 -1.3581812343351631 7.8476645342170519 140 129 127 0.39685355933847644 3 1325 4 1498 6 1541 2 1375 15 1107 5 381 1 444 7 351 9 299 14 277 11 277 39 474 17 271 8 248 12 212 22 279 10 263 19 330 20 269 23 266 29 241
2286 0.066992078668276639 -1.3584080024776195 7.8488456413869923 140 129 127 0.39578526847537759 3 1326 6 1542 2 1376 15 1108 5 382 1 445 7 352 9 300 14 278 11 278 8 249 12 213 22 280 10 264 19 331 20 270 23 267 29 242
2287 0.057318209950851011 -1.0492396360616731 7.8855731942516467 121 125 145 0.46820989469316016 3 1329 4 1499 6 1543 2 1378 15 1109 5 385 1 446 7 353 9 301 14 279 11 279 39 473 17 275 8 250 12 214 22 281 10 265 19 297 20 268 23 265 29 240 18 146
2288 1.1077416102461926 0.74498486808011377 7.6235634195425765 184 160 148 0.95828555929302905 45 830 6 1569 7 408 39 504 44 615
2289 0.52566464524725598 0.37548005796301731 7.9046370187272306 3 28 68 0.44025006156973262 24 161 35 121 32 138 40 135 3 523 4 769 6 807 24 162 35 122 42 153 33 156 32 139 40 136 36 181 4 768 2 687
2290 1.0446409952187752 0.57905063517099775 7.6350232463715377 153 147 142 0.35208038227203647 3 1091 4 1256 6 1298 24 553 28 625 25 726 26 548 27 453 30 555 42 655 43 507 40 534 34 485 36 600 45 504 3 1092 2 1220 15 804 15 805 5 236 5 237 1 82 7 226 14 135 39 242 17 152 17 153 8 128 12 100 10 135 10 136 19 59 20 62 23 54 29 44
2291 0.17876241325083334 -1.2250548388563571 7.4031038097620501 17 7 7 0.3315604155749502 3 896 6 423
2292 1.6231460416158645 -2.2198331464924692 7.3257625561302318 181 176 173 0.067378585923289588 4 5 6 6 2 8
2293 1.6016669452524741 -2.2756237931022225 7.2919872002442325 202 197 194 0.086922335441841428 4 8 6 7 2 12
2294 1.5736338889222599 -2.3246421511297455 7.2470198909704981 179 174 171 0.043960673381826798 4 10 6 9 2 15
2295 1.551933553563889 -2.3813898051792592 7.216207194111008 189 184 181 0.072893462208746623 4 15 6 20 2 20 15 15
2296 1.5244808838383317 -2.4244104754987745 7.1689347510476535 189 184 181 0.051622967135020938 4 14 6 19 2 23
2297 1.4950177568895089 -2.4616790025125348 7.1206626618583924 201 196 193 0.10570453928881085 4 17 2 28 15 19
2298 1.4407536992723868 -2.4460304144921379 7.0065015166171651 214 207 204 0.68582837503608152 6 24 2 32 15 923
2299 1.4871080345299068 -2.4405008883532404 7.1564471801301179 194 191 192 0.095110477027492271 4 21 6 40 2 35
2300 1.4690647897349027 -2.4176962475624433 7.1881706276113455 191 187 188 0.093052527002872129 4 514 6 561 2 40 15 34
2301 1.4422690917405743 -2.448449283307343 7.1333179022670237 203 199 200 0.079905342968845369 6 48 2 45 4 32
2302 1.4422690917405743 -2.448449283307343 7.1333179022670237 203 199 200 0.079905342968845369 4 33 6 49 2 46
2303 1.4544394728844903 -2.3919762007239416 7.2278326556744235 184 180 181 0.068911635352809947 4 528 6 576 2 53 15 45
2304 1.4698928221036971 -2.6874017723967678 7.4045140657355182 199 189 187 2.091797895065969 6 68 2 54 15 53
2305 1.5071943784624551 -2.639558183439874 7.5150356699027183 189 187 189 1.8894525130671145 6 74 2 55 15 49
2306 1.4381785395985285 -2.3662024633572343 7.2646722997873541 194 190 191 0.078638272507788404 6 593 2 57 4 546 15 58
2307 1.4381785395985285 -2.3662024633572343 7.2646722997873541 194 190 191 0.078638272507788404 4 547 6 594 2 58 15 59
2308 1.4117387705174795 -2.4130465159599943 7.2229953605725621 198 197 195 0.030275137177867565 6 595 2 59 4 41 15 63
2309 1.4117387705174795 -2.4130465159599943 7.2229953605725621 198 197 195 0.030275137177867565 4 42 6 596 2 60 15 64
2310 1.4706987382380927 -2.2349411536401962 7.3828046932539433 175 175 177 0.087669878495751308 4 551 2 62 6 600 15 62
2312 1.3789760945993039 -2.4419311834209103 7.1599622923872088 203 201 203 0.084951614348958107 6 66 2 65 15 70
2313 1.4474083554311568 -2.2898735241079469 7.3457608388815894 177 174 177 0.14501235355074366 4 552 2 66 6 601 15 65
2314 1.4473092246929515 -2.2894571638415426 7.3455215385700905 177 174 177 0.13312761632891423 6 602 2 67 4 553
2315 1.4205061498407461 -2.342352136129001 7.3030522596254572 179 175 176 0.15697084576709136 6 70 2 69 4 555 15 72
2316 1.3655562849220719 -2.426359832833922 7.2109120010098238 191 186 187 0.072038678481921761 4 51 2 72 15 83
2317 1.3982437348303882 -2.3044845323870979 7.3268712204976474 187 185 186 0.070420970952192463 4 564 2 75 6 615
2318 1.3780973829766898 -2.3624872102294692 7.2991012888898661 188 186 187 0.10036748657013757 6 616 2 77 4 566 15 89
2319 1.3780973829766898 -2.3624872102294692 7.2991012888898661 188 186 187 0.10036748657013757 6 617 2 78 4 567 15 90
2320 1.3866433693124254 -2.283051095938311 7.3768171738331985 175 170 174 0.1234660183207754 4 573 2 85 6 624 15 95
2322 1.4181112697764116 -2.1491021936448895 7.4928381064837479 179 178 182 0.098542264734687413 6 633 2 90 4 581
2323 1.4175150361960669 -2.1355417454107055 7.4816607246599354 179 178 182 2.0430181234578511 4 582 6 634 2 91 15 100 5 31 1 29 14 21 22 19 10 19 10 111
2324 1.3021247944610606 -2.4203657431133836 7.2376457098561753 189 185 189 0.1504439403426181 4 578 6 630 2 95 15 109
2325 1.365126604520478 -2.2510472707448228 7.4063517996105706 185 183 186 0.069551526930023269 6 637 2 96 4 585 15 106
2326 1.2707881357497344 -2.4496540919137466 7.1817266089244578 209 206 207 0.040305383000250848 4 579 6 631 2 100 15 113
2327 1.2707881357497344 -2.4496540919137466 7.1817266089244578 209 206 207 0.040305383000250848 4 580 6 632 2 101 15 114
2328 1.3096009735416614 -1.5912633491354147 7.1296245070455591 6 7 12 0.27584105258623359 4 63 6 85 2 103 39 152
2329 1.3760090774138585 -2.1747074488056599 7.4854975375953856 177 176 181 0.11910985535114169 4 592 2 106 6 647 15 111
2330 1.2388062857860869 -2.4576117147618977 7.1222091372433702 225 219 219 0.20160388507666227 4 70 6 95 2 107 15 118
2331 1.2312794764913904 -1.9752373695618521 7.2187220643132761 173 173 178 1.8734019875516721 4 601 6 651 5 37 1 43 14 111 11 47 22 25 10 112 5 215
2332 1.2959458199280522 -1.3892930572613169 7.1696744454416681 143 143 143 0.14689019347993904 4 69 6 93 2 115
2333 1.330194218517134 -2.1945200289167217 7.4755339103431169 178 177 182 0.13695598808047083 4 604 6 655 2 119 15 120
2334 1.330194218517134 -2.1945200289167217 7.4755339103431169 178 177 182 0.13695598808047083 4 605 6 656 2 120 15 121
2335 1.2418296699505957 -2.4173581953453533 7.2686815423939111 187 185 188 0.059210809877006096 4 600 6 650 2 122 15 129
2336 1.307887590897719 -2.2528574204311962 7.4466646940847658 181 179 182 0.078732082026381781 4 608 6 659 2 123
2337 1.3174729694160814 -2.2210503770610899 7.4805657185508236 118 116 119 0.039927343613180358 4 86 6 113 2 124
2338 1.2718144528584252 -1.285285094043134 7.1954575916880907 14 10 11 0.14478725298259998 4 78 6 98 2 128
2339 1.5272246492458723 1.6280333904162259 7.4490398762639876 113 89 48 1.4879597231157582 4 568 6 620 2 129 15 143 14 38 39 340 8 36 12 23 19 23
2340 1.1795288204728445 -2.451745435394832 7.154960963404279 220 214 214 0.21904022160088718 4 85 6 112 2 130
2341 1.2774832855358749 -1.1412796036000838 7.2266088683732406 3 11 14 0.036103936481344454 6 100 2 133
2342 1.1950509859988065 -2.4260580565103216 7.2501783146294994 200 198 201 0.053821237084499589 6 117 2 136 4 89
2343 1.238331398038409 -2.3270654430497206 7.3985221303884261 180 178 181 0.13195183116119663 4 614 6 666 2 137 15 137
2344 1.2437479594239469 -1.3696021860242633 7.2089850862587168 6 7 11 0.085149005200794381 4 83 6 110 2 138 39 143
2345 1.2510723220884707 -1.3237173534418571 7.2169123898683516 7 5 10 0.17578378112257084 4 84 6 107 2 140
2346 1.2627881136869803 -1.2043439665313591 7.2261580057071937 139 148 150 0.86403294389949226 4 594 2 141 15 146 39 145
2347 1.1402268792615344 -2.4353597846341999 7.1515837347043165 183 177 177 0.63617415476188877 3 699 2 147 15 416
2348 1.2215847964354736 -2.2952687817406878 7.4205946901168502 167 165 168 0.21087658846612178 4 621 2 149 15 145
2349 1.509515020241142 1.7184198758363962 7.5233817349678747 134 95 40 0.14604820211440209 6 643 2 151
2350 1.1954737471757668 -2.3504300386041135 7.3962740316073017 180 178 181 0.15635447700311256 6 674 2 153 4 624 15 149
2351 1.2185097491301089 -1.2471841444218947 7.2572646773251233 141 146 149 0.57286002859912266 3 72 2 155 15 166 39 136
2352 1.1354350480446811 -2.4298464306135661 7.2996697384589773 197 195 198 0.16206304351103262 6 149 2 160 4 116
2353 1.1354350480446811 -2.4298464306135661 7.2996697384589773 197 195 198 0.16206304351103262 6 150 2 161 4 117
2354 1.1497303893930502 -2.3630574931580144 7.3789316992879339 181 180 178 0.046205227281433205 4 631 6 684 2 162 15 162
2355 1.1497303893930502 -2.3630574931580144 7.3789316992879339 181 180 178 0.046205227281433205 4 632 6 685 2 163 15 163
2356 1.1046705464375974 -2.3811850531629024 7.3707924522694119 195 193 194 0.027991043525579736 6 695 2 165 15 173
2357 1.1046705464375974 -2.3811850531629024 7.3707924522694119 195 193 194 0.027991043525579736 6 696 2 166 15 174
2358 1.1867333631370158 -2.138481322818619 7.6220197465549075 192 195 202 0.064410515022085044 4 125 6 166 2 168
2359 1.0746018322220312 -2.4246816081120897 7.3278870945396513 197 196 198 0.10157223209742701 4 639 6 697 2 169 15 175
2360 1.0591685939698583 -2.3996551601076561 7.3579864494338985 181 179 180 0.19870419750265911 4 642 6 700 2 176 15 178
2361 1.0297650475325686 -2.4289470951235184 7.306232645752698 201 200 202 0.08965621730972051 4 129 6 169 2 178
2362 0.99844746740113655 -2.3913752739380234 7.3870077373955016 148 146 149 0.082816821231776278 4 141 6 183 2 183
2364 0.88328475416602903 -2.4071403450337114 7.2304590887518616 217 212 216 0.23847199903963301 3 119 2 197 15 194
2365 0.95756705409019516 -2.321613820324735 7.5178538274667712 158 156 157 0.13347056976188604 4 655 6 711 2 198
2366 0.94935924428169072 -2.2926031371999018 7.5268741044538618 97 95 96 0.36378408675002855 3 420 2 200 15 195
2367 0.96875341689223826 -2.1686985883744545 7.6718600117176496 178 183 189 0.27418871575886233 4 667 2 205 15 198
2368 0.91827652929357673 -2.2705934691219154 7.5937857732814198 167 166 171 0.10775838669810739 6 722 2 208 4 670 15 203
2369 0.91827652929357673 -2.2705934691219154 7.5937857732814198 167 166 171 0.10775838669810739 6 723 2 209 4 671 15 204
2370 1.2455229987453156 1.6287352643168145 7.7244529355253189 168 149 135 0.4692411936724083 3 122 2 212 1 223
2371 0.8915700399595099 -2.3086295297449695 7.5350567587106374 165 165 167 0.033289026204921378 4 673 6 725 2 214 15 205
2372 1.0331583159864344 -0.33468935963241392 7.5104520081954504 54 43 45 0.075377767076851496 4 160 6 205 2 219
2373 0.8606038341457839 -2.3545662133922596 7.4869348883313718 154 152 155 0.11120510075974946 6 224 2 221 4 182 15 211
2374 0.8606038341457839 -2.3545662133922596 7.4869348883313718 154 152 155 0.11120510075974946 6 225 2 222 4 183 15 212
2375 0.9180385393795012 -2.180782645434546 7.7220583116193717 161 165 176 0.05484620715313053 4 688 2 229 6 237 15 210
2376 0.84517535663870447 -2.3281241663990575 7.5265661952888117 148 148 150 0.27491758091833784 6 732 2 231 4 684 15 218
2377 0.88667460157521172 -2.2216562823617299 7.662570250741128 162 165 171 0.060546755704618475 4 195 6 243 2 232 15 214
2378 0.88667460157521172 -2.2216562823617299 7.662570250741128 162 165 171 0.060546755704618475 4 196 6 244 2 233 15 215
2379 0.80158019017818871 -2.4250973448448119 7.3886942343186508 169 170 174 0.22535803961989906 4 191 6 232 2 235
2380 0.86882739003822118 -2.276197415966529 7.6352903966339838 159 160 165 0.21246023853998533 4 689 6 734 2 237 15 217
2381 0.83718148557160754 -2.1499442844790226 7.7842788313940776 157 161 168 0.13434686697754342 6 742 2 262 4 700 15 232
2382 0.83718148557160754 -2.1499442844790226 7.7842788313940776 157 161 168 0.13434686697754342 6 743 2 263 4 701 15 233
2383 0.68892562251709 -2.4229034613779818 7.3884275868588052 186 185 190 0.1040425348117453 4 229 6 271 2 274
2384 0.68892562251709 -2.4229034613779818 7.3884275868588052 186 185 190 0.1040425348117453 4 230 6 272 2 275
2385 0.75393370095868695 -2.2819211811265423 7.6409573779158926 150 153 156 0.18510252105536298 6 275 2 276 4 234
2387 0.79499432732400799 -2.1772856605435864 7.7847507398891658 167 171 180 0.043464761997536738 4 704 6 745 2 278 15 245
2388 0.72700093429791057 -2.3204790864337852 7.5927347685541129 150 151 155 0.059952132748315345 4 237 6 278 2 283
2389 0.90767229141197747 -0.052522150818972858 7.6135834325566529 179 159 148 0.49499979313821535 42 90 2 288 21 39
2390 0.74956792471261635 -2.1905134766048264 7.7664570162861217 161 165 173 0.06406150576433968 4 248 6 290 2 296
2391 0.74956792471261635 -2.1905134766048264 7.7664570162861217 161 165 173 0.06406150576433968 4 249 6 291 2 297
2392 0.71208112535360191 -2.3046907613363081 7.6382532171629256 162 162 167 0.14704818598357136 3 472 6 282 2 299 15 262
2393 0.6924960688724231 -2.2801751934129046 7.6743942532790195 155 156 160 0.14509839554864432 3 197 2 304 15 269
2394 0.73299428469472583 -2.1727197683144093 7.813025482731133 166 169 176 0.060823090375577274 4 713 6 754 2 306 15 267
2395 0.70814979137307277 -2.2188531715104367 7.7685266613910464 168 171 178 0.043161664764503074 4 716 6 757 2 309 15 272
2396 0.6638121786454555 -2.3150445223392646 7.6198892186691056 153 152 157 0.062645198534797428 6 297 2 310 4 259
2397 0.67549863606904836 -2.2517060174763706 7.7056929246801706 166 167 171 0.072109269003209422 4 717 6 758 2 312 15 273
2398 0.67549863606904836 -2.2517060174763706 7.7056929246801706 166 167 171 0.072109269003209422 4 718 6 759 2 313 15 274
2399 0.62387825796818674 -2.3446328000857233 7.6309613200798214 165 165 167 0.10815984423951334 6 307 2 324 4 270 15 281 3 477
2400 0.62183662377897841 -2.3397839478002589 7.6224760039855806 165 165 167 0.023748559608808617 6 308 2 325 4 271
2401 0.6585168802218937 -2.227484642098895 7.7480974650474863 167 168 173 0.053794531495633326 4 725 6 766 2 326
2402 0.672926245265975 -2.1887730262440601 7.8278477222335345 74 75 80 0.097547023368921446 4 728 6 769 2 328 15 280
2403 0.63286283952916356 -2.2633622886126843 7.6952134114504087 156 157 161 0.11197521235799524 4 272 6 311 2 329 15 282
2404 0.60542327574571175 -2.3104554858479931 7.6546133347403247 150 150 152 0.11808843534354678 6 314 2 332 4 274
2405 0.54457225399676756 -2.4117663369646682 7.4390885443269745 198 197 202 0.11022968142476479 4 726 6 767 2 333 15 286
2406 0.64843596264859926 -2.1527697804699608 7.8747217368660936 177 180 184 0.16480281506732222 4 732 6 773 2 334
2407 0.98839611486132251 2.0583925330930262 7.868963203064772 88 80 100 1.0483615016331274 3 202 2 340
2408 0.5474083344650692 -2.3089404079533855 7.6980811497985719 145 142 145 0.75902999553400052 3 218 6 326 2 344 4 286
2409 0.5474083344650692 -2.3089404079533855 7.6980811497985719 145 142 145 0.75902999553400052 3 219 6 327 2 345 4 287
2410 0.9475084173391729 2.0255659676387192 7.8439911315243753 140 138 160 0.59272933811570727 4 261 2 346 6 299
2411 0.50944350866210097 -2.3325461425257519 7.6845606553810626 155 153 156 0.056911367966794739 6 780 2 351 4 738 15 289
2412 0.5101577080183185 -2.3342722821596582 7.6874181643916542 155 153 156 0.055932272446524989 4 739 6 781 2 352
2413 0.48113146463635448 -2.2945883959898041 7.7042326950298552 148 146 149 0.043535047998942387 4 298 6 334 2 354
2414 0.48113146463635448 -2.2945883959898041 7.7042326950298552 148 146 149 0.043535047998942387 4 299 6 335 2 355
2415 0.45666122314979585 -2.3420961834905429 7.6677987992832115 154 152 155 0.28235926141755252 6 336 2 357 4 301
2416 0.45666122314979585 -2.3420961834905429 7.6677987992832115 154 152 155 0.28235926141755252 6 337 2 358 4 302
2417 0.42751607459928864 -2.3712282774308173 7.6132198594487459 160 159 164 0.058697724381872485 4 304 6 338 2 364
2418 0.4064522513779506 -2.2690044392581985 7.773497530740098 183 181 184 0.10884483081656819 4 756 6 348 2 369 15 301
2419 0.4064522513779506 -2.2690044392581985 7.773497530740098 183 181 184 0.10884483081656819 4 757 6 349 2 370 15 302
2420 0.36207941548226724 -2.2947867133191107 7.7728997366485775 178 176 179 0.16056929162861192 4 761 6 799 2 376 15 305
2421 0.36207941548226724 -2.2947867133191107 7.7728997366485775 178 176 179 0.16056929162861192 4 762 6 800 2 377 15 306
2422 0.30163909374545023 -2.3998097707172579 7.5327312864931839 150 148 151 0.54991547184150424 3 509 6 351 2 381
2423 0.33622693077497828 -2.3361446812260618 7.7363084086762646 178 173 177 0.8712340607992507 3 511 4 763 2 382 6 801
2424 0.33339193330913608 -2.3315027659206593 7.7218711440957959 178 173 177 0.20326884127067782 4 764 2 383 6 802
2425 0.38742456768058459 -2.1721393887747609 7.9534699978681154 181 184 191 0.11247327589977189 4 325 6 358 2 384
2426 0.38742456768058459 -2.1721393887747609 7.9534699978681154 181 184 191 0.11247327589977189 4 326 6 359 2 385
2427 0.32233637407130084 -2.4772341126580568 7.7055570236855662 193 193 195 1.4458326103581631 4 320 2 386 15 502
2428 0.34104729513391852 -2.270896775198084 7.807133070656735 186 184 187 0.086844711306201638 4 328 6 363 2 387
2429 0.3173649631838989 -2.3167520339465719 7.7692215765947372 187 185 188 0.06820723924240181 4 330 6 366 2 394
2430 0.3173649631838989 -2.3167520339465719 7.7692215765947372 187 185 188 0.06820723924240181 4 331 6 367 2 395
2431 0.32887361811241389 -2.2495561080540227 7.84841987485113 181 179 182 0.058761046338688595 4 341 6 373 2 397
2432 0.74306214543809657 1.9918189019257355 7.9777942903338879 65 71 99 0.085249065028420265 6 791 2 400 4 750
2433 0.24495796792451091 -2.4287668949345513 7.4958995440165515 193 189 188 0.85913286934911171 6 1356 2 402 15 520
2434 0.29018460224710985 -2.3436683421133528 7.7102108495411938 187 185 188 0.021204989600986119 4 337 6 369 2 404
2435 0.31322858107835833 -2.2412638032895593 7.90139609717873 182 181 186 0.16465355838578907 6 393 2 407 15 316
2436 0.32627912910896967 -2.1762990139955614 7.988025858950409 179 180 185 0.090502717112679751 4 364 6 398 2 409
2437 0.29984694471826306 -2.2195304138267713 7.9429725823220316 176 177 181 0.16693875536439484 4 783 6 819 2 414 15 319
2438 0.24021765948262599 -2.3664447478346768 7.6973343020516767 184 182 185 0.34108806655041263 4 361 2 415 6 396 15 324
2439 0.24021765948262644 -2.3664447478346795 7.697334302051682 184 182 185 0.34108806655040103 4 362 6 397 2 416 15 325
2440 0.52281220996591682 0.42881040962387218 7.8466042033828902 121 138 158 0.47211558892998656 3 849 2 420
2441 0.28497860575594502 -2.1904821313164802 7.9736385578933762 183 187 190 0.12826298946078227 6 413 2 421 4 377
2442 0.24229256169135538 -2.2951075550267053 7.8416653052402356 175 173 176 0.57707508313286127 3 258 4 378 2 423
2443 0.26142580548237193 -2.2478047069807658 7.9470042889654504 180 180 182 0.1951283586575934 6 416 2 425 15 326
2444 0.26862748266076625 -2.1796506290631048 8.0256998597668261 179 183 186 0.19332053187978473 4 387 2 427 6 422
2445 0.26191039584315051 -2.6489425750790083 8.3582960075293915 178 173 177 0.35719976768156098 4 403 2 430 6 441
2446 0.22945538039358848 -2.2776545061621576 7.8918856083621503 172 170 171 0.12309995662635802 4 385 2 432 6 426
2447 0.22945538039358848 -2.2776545061621576 7.8918856083621503 172 170 171 0.12309995662635802 4 386 6 427 2 433
2448 0.25681983053854202 -2.1682688311192977 8.0860310096297514 184 186 189 0.11893809352285095 4 395 6 431 2 440
2449 0.17708452895006729 -2.353642441196762 7.7860638193086844 182 178 179 0.21421663194704887 4 393 2 445 6 429 15 335
2450 0.33436122886138503 -0.76990828065952643 7.7876096074977914 178 156 149 0.28275995754221528 6 822 2 446 39 207
2452 0.15063824429020869 -2.2536947685291202 7.9556231144882075 175 171 174 0.099514165800724974 4 416 6 450 2 453
2453 0.15063824429020869 -2.2536947685291202 7.9556231144882075 175 171 174 0.099514165800724974 4 417 6 451 2 454
2454 0.12031040773655184 -2.2869582896834144 7.8927214168684889 178 174 175 0.34738980893324561 6 455 2 457 4 418
2455 0.10521562378170543 -2.2647623456865107 7.9319573484834116 191 187 188 0.051138208632360717 4 427 6 464 2 461
2456 0.10521562378170453 -2.2647623456865054 7.9319573484834018 191 187 188 0.051138208632347387 4 428 2 462 6 465
2457 0.11892887784021718 -2.2127032734841507 8.0306462683244888 178 174 175 0.15086541514190824 4 434 2 465 6 470
2458 0.17115941650117125 -1.2872015564846804 7.7597842300011068 13 9 10 1.4957192013766003 4 792 6 453 2 467 15 346 14 86 8 216
2459 0.092025882771538156 -2.2520014278881364 7.9912991603002235 181 176 179 0.17480097744276391 6 473 2 468 4 437
2460 0.072434074668910359 -2.2246057052308235 8.0147947956394443 203 197 197 0.10142398805060419 4 447 6 481 2 479 15 349
2461 0.072434074668910359 -2.2246057052308235 8.0147947956394443 203 197 197 0.10142398805060419 4 448 6 482 2 480 15 350
2462 0.144708898521794 -1.1412034513845071 7.8151236456051798 171 165 162 0.11508410605950813 4 800 6 832 2 481
2463 0.17829837435546156 -0.75338290802058216 7.8536302103290305 173 135 82 0.95316815529661247 4 431 6 468 2 482 15 356 4 1039
2464 0.33397244494678296 1.3179091341615488 8.1305313830829746 125 138 154 2.4164767969428422 3 577 2 500 15 368 3 299
2465 0.32533933405016047 1.7540165567575339 8.1750971959941623 34 26 39 0.62501921581469322 3 308 2 505
2466 1.5931111510308629 -2.1544109114693963 7.3797574280310938 186 184 187 0.10588728530905703 4 504 6 550 2 526 15 385
2467 1.5720893545171462 -2.2147560502427925 7.3508052264844403 185 182 183 0.1106829487170489 4 506 6 552 2 529 15 20
2468 1.5446353200155705 -2.2668414934290708 7.309520685051786 189 187 190 0.063425568945462543 4 508 6 554 2 534
2469 1.5002760313168437 -2.3766310257521317 7.2404906963272415 190 186 187 0.090433291705503585 6 558 2 540 4 512 15 29
2470 1.5002760313168437 -2.3766310257521317 7.2404906963272415 190 186 187 0.090433291705503585 4 513 6 559 2 541 15 30
2471 1.5115643223284394 -2.2099267025353906 7.3826577920941752 184 182 185 0.11772017101735943 4 540 2 549 6 587 15 41
2472 1.5115643223284394 -2.2099267025353906 7.3826577920941752 184 182 185 0.11772017101735943 4 541 2 550 6 588 15 42
2473 1.4899059390770233 -2.2668748489666353 7.3490461017251381 191 189 192 0.110247107617835 4 543 6 590 2 552 15 47
2474 1.4627872051419382 -2.3158948227662197 7.3043156922655648 185 183 184 0.037291074790496946 4 544 6 591 2 554
2475 1.4658203009843054 -2.320221193699449 7.3112611357108346 185 183 184 0.089870334317427636 6 592 2 555 4 545 15 52
2476 1.4700909526280117 -2.6725990406732518 7.4527293795401128 218 212 212 1.8805666760480844 6 875 2 556 15 60
2477 1.2992353040495308 -1.538876812232308 7.1383005424538339 126 16 34 0.30836535967629569 4 845 6 880 2 570 5 150 1 39 7 133 11 43 22 22
2478 1.3000655505856864 -1.3294725477807783 7.1459208569582282 129 136 139 1.3125372549184604 3 378 2 573 15 127 5 35 7 27 6 628 4 67
2479 1.2655071511454452 -1.3451210361105581 7.1969975735809628 129 137 140 0.1701544691809076 4 857 6 889 2 580 15 414 9 30
2480 1.267647567618587 -1.3473007113999103 7.2022891453887068 129 137 140 0.21033198411605605 2 581 15 415 4 858 5 40 6 890 7 30 39 252 9 31
2481 1.2313742071107223 -1.3981279902515833 7.2202883113354419 130 132 137 0.41387962689367097 4 606 6 657 2 585 15 417 5 47 1 49 7 34 39 140 20 65
2482 1.2313742071107223 -1.3981279902515833 7.2202883113354419 130 132 137 0.41387962689367097 4 607 6 658 2 586 15 418 5 48 1 50 7 35 39 141 20 66
2483 1.1803814740330287 -2.4122506639409513 7.2974263790199458 187 185 188 0.064447393718949142 4 615 6 668 2 587 15 147
2484 1.1650054951193858 -2.3925442306192553 7.3483558196541585 185 183 186 0.12204992803433581 4 627 6 677 2 594 15 157
2486 1.1172482623088906 -2.40378074823996 7.3211776262793196 188 186 189 0.53495842380770131 3 408 6 686 2 599 4 633 15 168
2487 1.0878152285432587 -2.4401913743058476 7.2669382778873599 212 210 211 0.36625008865241415 3 409 6 912 2 600 4 875 15 428
2488 1.1354695533801495 -2.3439889457900405 7.4270082638503636 184 180 181 0.055252142508385498 4 638 6 694 2 603 15 170
2489 1.0239182688908752 -2.4437478734321125 7.239948829940217 178 175 175 0.10346861670085226 3 415 2 607 15 434
2490 1.3565370559767755 1.4514398542978815 7.5614871607347416 127 136 139 0.67130465399175654 6 683 2 610
2491 0.99233134313261606 -2.4264899599615344 7.3337968620335268 80 81 83 0.079882416029867426 4 645 6 705 2 611 15 182
2492 1.0032705192902427 -1.8487311066750891 7.279349312359229 115 137 151 0.30170719279162067 4 644 2 612 6 919 8 48
2493 0.96545771281130277 -2.4284034352505972 7.321818915157202 188 189 191 0.58100858165990676 3 114 2 613 15 184
2494 1.0351449332154186 -2.138235526881437 7.6578456873345679 103 108 115 1.0166088675089446 4 653 6 708 2 617 15 189 5 61 9 109
2495 1.318069198148121 1.773252474769937 7.6582153770002828 171 147 129 0.50703342338331669 6 703 2 618 15 197
2496 0.98047133590072844 -2.2463766117343082 7.5793446031303473 9 5 3 0.023397128761804064 4 656 6 206 2 619
2497 1.0222878088852425 0.61104717358856286 7.6612438677306924 43 23 16 0.1918353358377172 30 444 2 644 39 105
2498 0.72446130983445778 -2.4069489682277809 7.4442552224533385 164 165 169 0.6265857666281891 3 179 2 647 15 242
2499 0.77464958609066425 -2.1924482370774157 7.7606040506514562 85 89 94 0.092179565272384967 4 705 6 746 2 652 15 253
2500 0.65563071372629322 -2.1628272766839913 7.8460481360265835 169 170 174 0.010556841557602311 4 952 6 998 2 663
2501 0.84686121539105585 2.0115721598641723 7.8717162657858619 26 29 67 0.99613926464653113 4 737 6 777 2 671
2502 0.39944964242259295 -1.4779333396176977 7.6354195276636192 25 31 89 0.45739622259351509 3 238 2 674
2503 0.31039645158072882 -2.436252797407795 7.6885944253600185 154 154 156 0.2660844393627913 3 244 2 675 15 508
2504 0.35839323825353819 -2.1826562956162072 7.9780121300569213 119 122 126 0.082947954551143691 3 851 4 989 6 1037 2 676 15 511
2505 0.32894666806722106 -2.2188134248191811 7.9225091674032058 119 120 124 0.06641422266047288 4 990 6 1039 2 677 15 516
2506 0.30106462358379793 -2.2607104032980434 7.8756534895144323 119 117 120 0.053677278733713196 3 864 2 678 15 518
2507 0.30073252145283619 -2.2577724504480683 7.870133121884848 119 117 120 0.054629711606098703 4 992 6 1042 2 679 15 519
2508 0.27288147789037265 -2.2935365544987922 7.8162325452509531 117 115 118 0.097572486673519518 3 869 4 996 6 1046 2 681 15 523
2509 0.29938236915212862 -2.1799243371185666 8.0098039996533625 136 137 142 0.08257050042675218 6 1051 2 685 4 1002 15 524
2510 0.29938236915212862 -2.1799243371185666 8.0098039996533625 136 137 142 0.08257050042675218 4 1003 6 1052 2 686 15 525
2511 0.21296724306102927 -2.3600600835468075 7.702450363717106 132 130 133 0.11040019609926596 3 877 4 1001 2 690 6 1050 15 330
2512 0.24041182314180293 -2.2545979263052516 7.904862717690917 133 133 133 0.075742974615330846 4 1007 6 1055 2 691 15 535 3 883
2513 0.23906554750147693 -2.2506831327305754 7.8975409099624772 133 133 133 0.01622324996314907 4 1008 6 1056 2 692
2514 0.18335185730510314 -2.3834503730845928 7.6595232829109836 134 129 133 0.080361011107167937 6 823 2 694 4 1004 15 546
2515 0.17935313941937561 -2.198215734046439 8.1025919989291619 135 135 137 0.16826130419663987 4 794 2 701 15 340
2516 0.22535715112222512 -1.2785407389388967 7.7974142210896273 180 136 143 0.29746589488210001 4 784 6 826 2 703 15 558 5 103 20 105
2517 0.059960220649928321 -2.3759352302584555 7.722692597105195 142 136 136 0.32500115195002083 3 924 2 707 15 569
2518 0.12338045860625753 -2.1874788445096791 8.1164429074698123 124 122 123 0.11387687541038931 4 1041 6 1089 2 708 15 564
2519 0.092736590484746403 -2.218969751678777 8.0590044245754058 131 126 125 0.073950151693373142 6 1093 2 711 15 572
2520 0.06763078626455328 -2.1947502281815177 8.1579678146436247 136 127 128 0.24917352782641455 4 1053 6 840 2 719 15 352
2521 0.0020592606804242528 -2.3845561908314208 7.7703079331296268 146 140 140 0.17012870012500392 3 948 6 1094 2 720 15 584
2523 0.1484419222283152 -0.75909364594129103 7.8726051000180366 46 41 62 0.31109110560037817 4 1045 2 729 1 156
2524 0.14771143432401646 -0.76117987005327969 7.8672215834483641 46 41 62 1.0818476692105916 4 1046 2 730 5 108 1 157 17 165
2525 0.028043359319172425 -2.214641239650728 8.1481801826603988 219 209 208 0.13705833462180431 4 1064 6 1113 2 731 15 590
2526 0.0087302101662428168 -2.2596573270388962 8.0465370788860398 151 142 140 0.17596247153100342 4 1062 6 1111 2 733 15 358
2527 0.062086296862213668 -1.3232720770851729 7.8498974657188336 169 157 157 0.27170059409011399 4 1054 6 1101 2 736 5 109 1 158 7 92
2529 -0.051851857796747516 -2.3212409098341138 7.9328975324430839 145 137 135 0.15651778330927041 4 1071 6 1120 2 741 15 599
2530 0.027248786815110244 -1.4934108560244344 7.8475482112567869 34 40 97 0.32934682433258688 4 1060 6 1108 2 743 15 606 5 110 7 93 39 24 23 101
2531 -0.025017954338721487 -1.5739657669768421 7.8636915683479343 41 40 84 0.38482171934974896 4 813 6 843 2 745 39 21
2532 0.30997641725760894 1.372864017168949 8.1370496564768082 54 37 37 0.61255539677785353 3 584 2 746 15 369
2533 -0.084113056612530643 -1.8942075561923466 7.9353598142256896 184 192 204 0.4950097834852964 3 1180 2 749 15 614 5 180 1 165 9 65
2534 0.0040524279348992517 -1.0241895830213303 7.8986717785351317 157 152 154 0.28603480679996862 3 592 4 1078 2 750 15 618 5 111 7 99 17 115 19 114
2535 -0.13455885794541209 -0.8019768105303956 8.0899074098792791 81 74 72 1.4626684733490674 6 523 2 754 14 241 8 219
2536 1.5835235352601589 -2.1902027009650058 7.3697563164026425 126 124 127 0.057434607034009169 4 824 6 860 2 769 15 638
2537 1.4632698796305961 -1.8205541414948272 7.0852792959729385 203 195 192 0.51813544897654784 3 619 2 786 8 107
2538 1.3833995695736907 -2.075410266781101 7.1052798164742583 107 107 109 0.95510250758346371 6 1166 4 1115 15 687 3 635
2539 1.3634569278398665 -2.3893751195674429 7.281783744479764 122 120 121 0.092938849886041522 3 657 2 819 15 698
2540 1.3619642993735341 -2.3851320514332399 7.2756487279006992 122 120 121 0.12408384519686241 3 656 4 1148 2 820 6 1194 15 699
2541 1.3816480568055791 -2.2296748584100237 7.4329819640047816 125 123 126 0.075831374752844669 4 1166 6 1219 2 825 15 706
2542 1.3064983227331801 -2.0397979430786286 7.3105440317901023 173 174 179 0.34493538685630676 6 1224 4 1174 5 149
2543 1.2898700772836889 -1.4600788121878692 7.1850698960050092 136 125 133 1.0202639288761621 3 671 2 843 39 542 19 213 3 1029
2544 1.2962889200845449 -2.2744343153908266 7.4262074910262026 131 129 132 0.042248995765606291 4 1193 6 1243 2 845 15 723
2545 1.2294926028288853 -2.4287573631361683 7.2419697294553638 201 196 200 0.054085127983566628 4 1187 6 1233 2 847
2546 1.2404731564852811 -2.3694903491317154 7.3286609862047944 121 119 122 0.031785485101773953 4 1197 6 1247 2 859
2547 1.288396669509382 -2.174111335966876 7.5482824933740327 149 148 153 0.13849142527539113 4 1214 6 1262 2 864 15 739 14 30 10 27 14 31
2549 1.1706375942669232 -2.4233407726933316 7.2773350517193585 195 193 196 0.17758453281856201 6 1261 2 872 15 750
2550 1.1461607019275113 -2.441916735777609 7.2300676357622011 216 212 213 0.063392889243636882 6 899 2 877 4 864
2551 1.5032509077691465 1.5801513324043321 7.5537718292451421 159 121 82 1.0613230031715502 3 682 2 879 1 53 7 40 17 38 12 26 18 80
2552 1.1809066092699925 -2.3703017045337842 7.368334845508719 101 99 102 0.081525095907097 3 708 2 881 15 753
2553 1.1517385834104532 -2.4067625291619592 7.3128589507959809 102 100 103 0.060543424152542977 6 907 2 884 4 872 15 424
2554 1.1470408973485779 -2.3147717813739619 7.4285798428319545 105 101 102 0.07098979312112462 4 877 6 914 2 889 15 427
2555 1.1179879935495463 -2.3574855646211663 7.3890759912420352 102 99 99 0.023924723580029214 6 1274 2 892 4 1226
2556 1.0257820639023272 -2.4400291460687291 7.2968142370083751 213 211 212 0.13978677421691071 4 881 6 918 2 896 15 436
2557 1.0156390347015678 -2.3836410934724799 7.4360953189885848 140 138 139 0.24330970333273735 6 1286 2 901 15 770
2558 1.0151157232709229 -2.3817024916914415 7.4329860868794668 140 138 139 0.22193860988419117 4 1241 6 1287 2 902 15 771
2559 0.91943008862681164 -2.3080212028684417 7.5200432799599071 151 149 151 0.10915492550518358 4 1249 6 1293 2 912 15 778
2560 0.85097194619756567 -2.1679162141535726 7.291261180286587 151 149 151 2.3155135145620669 4 1250 6 1294 2 913 19 77
2561 0.88212839216670247 -2.4266761737984321 7.4032950197473051 132 132 135 0.081823417398302678 3 733 2 915 15 780
2563 0.90906206913963405 -2.193742115062157 7.5340654123433026 103 102 108 1.5628907667529461 4 902 6 939 2 921 15 782 14 52 10 49
2564 0.90465473972580945 -2.2901005034360784 7.5635710517472408 101 102 105 0.076410461141925734 6 940 2 923 15 786 3 745
2565 0.8782260304663172 -2.3338916870478181 7.513702977580575 108 106 109 0.076598435496014861 3 749 2 925 15 788
2566 0.91219399615419738 -2.2201230595742114 7.6487970712938145 165 168 173 0.09217540266344687 4 1263 6 1306 2 926 15 787
2567 0.92555492801215977 -2.150426156178753 7.7329242868510368 94 99 107 0.1034720103245812 6 949 2 929
2568 0.84458302379944561 -2.2878731190893413 7.5976962029003676 100 101 105 0.040867957436896002 4 1268 2 937 15 797
2569 0.84458302379944561 -2.2878731190893413 7.5976962029003676 100 101 105 0.040867957436896002 4 1269 2 938 15 798
2570 0.78805213313223788 -2.3383021262986579 7.4478521059353495 114 112 113 0.14395064620809708 3 445 2 942 15 801
2571 0.75947890924067119 -2.4012531978635718 7.4429946178834436 134 132 135 0.12711208142856339 3 768 2 946 15 802
2572 0.75242049547065781 -2.3783545456571207 7.4932106446449707 164 163 168 0.55820975397104033 4 918 6 963 2 949 15 462 3 177
2573 0.78441060162609699 -2.2853453718512906 7.6285941410136351 98 99 101 0.063404285877479732 4 1275 6 966 2 950 15 803
2574 0.75604337008101463 -2.3260376774727272 7.5752882116206264 104 103 108 0.060627730631982929 6 969 2 953 4 921 15 809
2575 0.69884200404481012 -2.3960270512585091 7.4814968906468433 125 124 129 0.22614574840367241 3 779 2 957 15 812
2576 0.71177436716897935 -2.3294738079478075 7.5627302157332492 153 154 158 0.21497527538674999 4 926 6 975 2 960 15 816
2577 0.72268034495428002 -2.282531952326929 7.6608248584483958 102 105 108 0.047659471074840198 6 976 2 963 15 819
2578 0.7225436657125609 -2.281858337520887 7.6596893291274153 102 105 108 0.049751015221624714 6 977 2 964 4 929 15 820
2579 0.69680473439183943 -2.325237880238014 7.6149468084400187 106 105 111 0.10093130045258214 6 980 2 966 4 931 15 824
2580 0.71870683501460286 -2.1924609422413388 7.7848790252402633 97 100 107 0.04098763027855392 6 983 2 969 15 469
2581 0.66200901330566331 -2.2740513023778783 7.6856679983587179 91 92 96 0.039414376457215738 6 987 2 976 4 942 15 475
2582 0.63464639822304014 -2.3186289673239751 7.6469608036465129 96 96 98 0.011969481127972595 3 794 2 977 15 833
2583 0.63359579658620846 -2.3139572346204753 7.6380783920814554 96 96 98 0.061403623094709738 4 943 6 990 2 978 15 834
2584 0.69063836019806668 -2.149544341350448 7.8757018214524557 87 91 100 0.40814592219490625 4 948 2 979 6 995 15 476 14 70 1 96 8 69
2585 0.61551897042015402 -2.2758972985977408 7.654540043395639 155 155 159 0.12199910375912548 3 1118 2 982 15 838
2586 0.57549555451286238 -2.3132078822588884 7.6779249081783449 102 100 103 0.10389982660960399 6 1002 2 988 4 955 15 840 3 810
2587 0.44298381904972162 -2.3157385748169599 7.4899875512910139 130 129 134 1.0180902062406449 3 825 2 997 19 103
2588 0.46474723794980566 -2.312061975008926 7.6744114652536428 152 150 153 0.17250899502739914 4 1304 6 1346 2 1000 15 845
2589 0.45114477394861074 -2.2949901755600566 7.720651036080679 109 107 110 0.031048868367921173 4 1306 6 1348 2 1002
2590 0.39294295902900755 -2.3806813964125078 7.6467234346389228 116 116 118 0.15501482220659921 3 830 2 1007 15 849
2591 0.39214962774913847 -2.2930454597334173 7.7525213748059727 116 114 117 0.070881904057604472 4 967 6 1013 2 1009 15 496
2592 0.36531287882319641 -2.3341144502596309 7.7048865698336009 129 127 130 0.13481237001514984 4 969 6 1015 2 1012 15 500
2593 0.3278943560659065 -2.3604837123908675 7.7192119496302265 183 178 182 0.27167232596662177 4 1310 2 1017 6 1353 15 854
2594 0.3278943560659065 -2.3604837123908675 7.7192119496302265 183 178 182 0.27167232596662183 4 1311 6 1354 2 1018 15 855
2595 0.33056902540836663 -2.2963789332333202 7.7926301515422676 119 117 120 0.072055569531270056 6 1027 2 1020 4 981 15 510
2596 0.30471559948537624 -2.3325143382002103 7.7439452018630144 124 122 125 0.11249719333674682 3 844 6 1029 2 1028 4 983 15 515
2597 0.31182172561813981 -2.2630070595780087 7.8085906314917803 186 184 187 0.16324874130266567 4 1316 6 1360 2 1029 15 856
2598 0.31182172561813981 -2.2630070595780087 7.8085906314917803 186 184 187 0.16324874130266567 4 1317 6 1361 2 1030 15 857
2599 0.26571848670723536 -2.3432275979297938 7.7296826711887006 183 181 184 0.11048652403502776 4 1323 6 1365 2 1036 15 866
2600 0.2352447625518711 -2.3768802126133854 7.6830628846158655 183 181 184 0.23481086078809466 4 994 6 1044 2 1044 15 527
2601 0.27058516474490246 -2.2170403634359181 7.9586963863871896 120 121 123 0.069834919601085454 4 1005 6 1053 2 1049 15 529
2602 0.27058516474490246 -2.2170403634359181 7.9586963863871896 120 121 123 0.069834919601085454 4 1006 6 1054 2 1050 15 530
2603 0.28309675899192815 -2.1664632768861876 8.0593425509087204 171 175 178 0.11061355157942207 4 1337 6 1378 2 1051 15 873
2604 0.28105276760421266 -2.1610533489958366 8.0491366702542457 171 175 178 0.07209611017870822 4 1338 6 1379 2 1052
2605 0.258806484324 -2.2101749112818192 8.0205742722381697 187 186 189 0.48873833163514635 4 1341 6 1380 2 1053 15 875
2606 0.25092197250201376 -2.189657866802269 7.9808994726254898 187 186 189 0.20607312513614104 4 1342 6 1381 2 1054
2607 0.21288419628526212 -2.2910695704896984 7.8526238200003622 136 133 134 0.078052355723163061 4 1339 2 1056 15 541
2608 0.21288419628526212 -2.2910695704896984 7.8526238200003622 136 133 134 0.078052355723163061 4 1340 2 1057 15 542
2609 0.23919576498738346 -2.1841936342820887 8.0469587986328897 130 131 134 0.075412300652430819 3 897 4 1015 6 1062 2 1061 15 543
2610 0.23922872786119276 -2.1839932303732112 8.0465652821340417 130 131 134 0.0799194447798484 4 1016 6 1063 2 1062 15 544
2611 0.18082449635048745 -2.2552789565530333 7.9394783888341944 135 135 135 0.10217260872091694 3 906 2 1070 15 891
2612 0.1957942817825781 -2.2008512764824788 8.0345594654225696 170 171 173 0.10813886795642021 4 1352 6 1389 2 1071 15 886
2613 0.1957942817825781 -2.2008512764824788 8.0345594654225696 170 171 173 0.10813886795642021 4 1353 6 1390 2 1072 15 887
2614 0.15422075140335112 -2.2968500202884452 7.8920463289877114 129 126 127 0.075552442896868716 4 1024 6 1070 2 1074 15 554
2615 0.16724502118830614 -2.2422139081762951 7.9936956562607486 178 176 179 0.17239704984235008 4 1356 6 1394 2 1076
2616 0.15213854013247799 -2.2202289525700469 8.0284833959128701 123 121 124 0.070706983781608362 4 1029 6 1074 2 1078 15 556
2617 0.15213854013247799 -2.2202289525700469 8.0284833959128701 123 121 124 0.070706983781608362 4 1030 6 1075 2 1079 15 557
2618 0.12162398642628662 -2.2545921973596696 7.9731322497797219 121 116 120 0.10065843205340594 3 919 4 1031 6 1078 2 1083 15 562
2619 0.094769348051081753 -2.292368756269838 7.9241593824752883 125 121 122 0.076517165531109252 4 1034 6 1082 2 1086 15 566
2620 0.09457685003611882 -2.2922365694630011 7.9230262390099107 125 121 122 0.12968461096600395 3 926 6 1083 2 1087 4 1035 15 567
2621 0.10633373955103044 -2.1653663652458279 8.1473859773180788 179 176 177 0.097827505469754036 4 1371 6 1404 2 1092
2622 0.41633505898258572 1.5847327559414668 8.1688613152092078 171 147 135 0.17594590176764424 3 937 2 1102 15 364
2625 1.5632724030572474 -2.1598370414270636 7.3939758260416957 181 179 182 0.10368597098423221 4 1101 6 1146 2 1135 15 648
2626 1.5632724030572474 -2.1598370414270636 7.3939758260416957 181 179 182 0.10368597098423221 4 1102 6 1147 2 1136 15 649
2627 1.5419848563326235 -2.2139464818898662 7.3662636316108152 180 178 181 0.057799114618437786 4 1099 6 1148 2 1137 15 924
2628 1.486697000863318 -2.3057918006785569 7.2730293966258941 180 178 179 0.041087859820161637 3 993 2 1141 15 928
2629 1.4319414435382214 -2.0109957828834264 7.3139728747650707 202 215 225 1.3050193826980865 4 840 15 684 5 209 7 200 9 173 12 78 10 18
2630 1.4075418596313136 -2.3622649062850427 7.2783636024614102 183 181 182 0.044068982693581969 4 1131 6 1181 2 1163 15 942
2631 1.4065113451383136 -2.3607292798102404 7.2759607760613925 183 181 182 0.035979937192626633 4 1132 6 1182 2 1164
2632 1.3799880920284437 -2.4065997695406915 7.2362842896656163 188 186 187 0.12107788850288508 4 1136 6 1186 2 1166 15 690
2633 1.6211033507200048 1.2098444449239341 7.4385349575951203 130 148 155 1.2781267942270529 4 833 2 1171 6 1163 9 23 14 110 8 26
2634 1.3477588718609952 -2.3591761667564235 7.3106141327992438 185 181 183 0.06579412637285284 4 1156 6 1209 2 1174 15 704
2635 1.3442778544885416 -2.2584144705881561 7.4304027086315267 181 179 182 0.049526707536222438 4 1179 6 1226 2 1179
2636 1.3139413307276913 -2.3055801538506415 7.3876424788023218 179 177 180 0.094828490961503031 4 1181 6 1229 2 1180 15 951
2637 1.3139413307276913 -2.3055801538506415 7.3876424788023218 179 177 180 0.094828490961503031 4 1182 6 1230 2 1181 15 952
2638 1.220985266667985 -2.343382552310834 7.3649550385017672 183 181 184 0.13209298905295871 4 1211 6 1253 2 1191 15 740
2640 1.3018135232519767 1.5859145134427044 7.6522993337492924 171 149 135 0.85119162096817313 4 1397 6 1434 2 1210 15 964 5 232 1 313 7 220 9 184 14 126 11 128 39 334 17 149 8 124 12 96 10 125 19 33 20 131 23 125 29 31
2641 0.88469977927430166 -2.2561772158428854 7.5868501636813237 154 155 160 0.10387319433516261 3 1088 2 1215 15 791
2642 0.88610696644908604 -2.2607045426230861 7.5958694695943798 154 155 160 0.11459127717430588 4 1262 6 1307 2 1216 15 792
2643 0.87428031970164566 -2.1814197296050204 7.7288682918968403 162 165 172 0.25467426640091967 4 1403 6 1443 2 1217 15 965 14 129 10 128
2644 0.80797617641084718 -2.2075531792891732 7.5554302593457008 161 162 166 1.670182016740851 4 1404 6 1444 2 1218 15 966 10 130 19 82
2645 0.73401205851191564 -2.2880955936530696 7.5970187879209758 150 151 155 0.12913540438045409 3 1105 4 1281 6 1323 2 1224
2646 0.92087891795527521 1.9552960781616582 7.8025104655295623 122 139 148 0.49052187020065152 3 802 2 1235 15 978
2647 0.30285088417966288 -2.4091111464231219 7.4582985844907741 181 179 183 0.38359303886781726 4 1415 6 1349 2 1238 15 853
2648 0.35302993875859201 -2.3166294053698424 7.755170282196449 182 180 183 0.10079087749182067 4 1308 6 1350 2 1239 15 851
2649 0.35340123472626539 -2.3156851558597715 7.7543564181766076 182 180 183 0.18786667050119218 3 1127 4 1309 2 1240 6 1351 15 852
2650 0.42255707855956937 -0.99601686581179316 7.7417746470628019 192 136 57 0.33416833712703742 4 1312 6 1355 2 1242 15 863 5 249 1 245 7 237 9 136 14 147 39 308 17 94 8 83 12 105 22 169 19 101 20 163 23 161 29 146
2651 0.11432005619928023 -0.73987975573904197 7.8938588667971388 138 132 146 0.16693897618794906 3 1168 2 1250 5 255 7 243 11 146 17 168 8 149 12 115 10 151 19 179
2652 0.060474379044679998 -0.37368812678472457 8.005489537045273 19 28 73 1.1751202230389988 3 1179 2 1258 5 264 1 271 14 168 39 362 12 123 19 181
2653 1.5155528750350011 -1.2182314666865561 7.173646204733803 176 184 190 1.1506250495679615 4 1089 6 1137 2 1271 15 1049 5 23 14 251 11 219 12 162 10 206
2654 1.7698769823873157 1.4431300993959726 7.5129508061910562 191 192 197 0.77243450853180706 3 17 2 1272 15 1003
2655 1.3971675425694736 -1.6057142126841337 6.994979395824716 143 155 162 1.3702496033661546 6 861 2 1273
2656 1.6668410937115496 1.4086751504664214 7.4524310737689348 186 187 191 1.1923182561920558 6 866 2 1277 4 826 5 145 5 326 1 396 7 305 9 19 9 255 11 37 11 223 17 227 8 202
2657 1.2776465601527709 -1.6149225383108869 7.1540842519568892 122 118 117 0.6124074691773056 3 1193 2 1278 15 1007 5 282 1 360 7 269 9 221 14 190 39 430 17 226 20 223
2658 1.3054728289922872 -1.3119569934146194 7.1895017599621571 140 136 139 0.71132174786902636 6 1427 2 1279 1 361 7 270 9 222 14 191 11 174 39 394 17 189 8 164 12 132 22 196 10 166 19 246 11 224 20 184 20 222 23 221 29 193
2659 0.82286057102953303 2.0446749913133644 7.9812124368253734 105 95 105 0.44654983767035727 3 1269 2 1302 15 1034 4 1447 6 1481 9 239 12 150 23 149 29 131
2660 0.81135811819458459 -2.2230874076402554 7.7080567326015057 22 19 14 0.10686026011100605 3 1262 2 1327 15 1062 10 215
2661 0.63075712089460456 -2.2363697970991501 7.7355040736763847 153 156 161 0.09634643135209707 4 1444 6 1478 2 1331
2662 0.35420602206783525 1.2882116852682273 8.1132578269617124 126 141 154 0.97864061578743833 3 1223 2 1336 15 1038 1 383 39 300
2664 1.706249470505508 1.0307613710074484 7.4870895547319609 200 201 203 1.7711816095311297 4 1424 15 1120 5 406 1 466 7 376 9 330 10 295 19 366 20 326 23 325 29 298
2665 1.3594138327677872 1.4935508674669873 7.5787118130003153 146 97 31 1.7149523438700995 3 1286 4 1427 2 1351 6 1460 15 1053 5 328 5 362 9 259 14 227 11 255 39 426 8 168 12 138 22 226 10 171 10 213 6 1497 19 205
2666 1.3608457906696321 1.4938113371647543 7.5802612758498515 146 97 31 1.8257616017702925 3 1287 4 1428 2 1352 6 1461 15 1054 5 329 5 363 9 260 14 228 11 256 39 427 8 169 12 139 22 227 10 172 10 214 6 1498 19 206 23 215
2667 0.16432042634955907 -0.67965914320953291 7.9044572392550325 39 45 98 0.474118192808893 4 1497 6 1539 2 1374 15 1106 1 443 9 298 17 272 12 211 22 278 10 262 19 294 20 267 23 264 29 239
2668 0.2418079490061531 1.7826897635907419 8.2460418620090294 79 62 54 0.60836987485925664 4 1481 6 1521 2 1386 17 282 22 243
2669 1.3760534214217186 -2.4619883214584064 6.9886580304245438 229 218 216 0.32146034227590031 3 1341 2 1390 15 1119
2670 0.48385810759377579 1.4293940439817781 8.0396626751524796 43 33 56 0.92803776572842467 3 1324 2 1404 15 1104 5 398 9 297 39 480 12 240 22 305
2671 1.60530201991452 2.0870606110955525 7.4939498710184349 121 140 147 0.87061488807568632 3 1342 2 1412 5 408 15 1138 1 468 7 377 9 312 14 316 11 309 17 311 8 279 12 244 22 312 10 296
2673 0.49659489284753022 1.6682484667977242 8.136241891918047 31 38 83 0.70004523324553913 3 1351 2 1427 15 1130 5 420 7 389 9 322 14 330 11 322 17 323 8 293 12 256 22 324 10 308 10 311 19 341 23 285 20 293 29 258
2674 0.49632355519415583 1.668078793758802 8.1405672185413742 31 38 83 0.70625100368304017 3 1352 2 1428 15 1131 5 421 7 390 9 323 14 331 11 323 17 324 8 294 12 257 22 325 10 309 10 312 19 342 20 311
2675 0.20382920096473675 -0.39125284226695084 7.9001179453494208 37 49 101 0.77042459735727131 3 1354 4 1519 2 1430 15 1132 5 424 14 333 11 326 12 259
2678 0.92159195692246099 0.045614179809164983 7.6213023261985064 171 151 140 1.1445416349551591 26 52 3 178 4 213 6 259 6 739 2 287 36 138 3 461 15 263
2679 1.0164492172752193 0.51824694848872144 7.640185373432212 142 138 135 0.56422146979492471 35 346 28 416 25 444 26 296 27 225 30 111 43 155 31 392 33 397 32 385 40 369 34 342 36 212 36 214 36 434 3 759 4 686 4 906 6 947 2 257 2 258 28 415 25 443 26 295 27 224 33 396 43 154 36 211 36 213 4 685 6 946 15 465 1 84 1 85 7 59 7 60 9 42 9 43 39 108
2680 1.7147887396965242 -1.6245719251350499 7.4321372461721698 168 181 191 0.51096103533454018 2 520 15 1 5 7
2681 1.5547309527300757 -2.1862901497182188 7.3864753280895519 177 176 181 0.15753152378520488 2 544 6 565 15 27 4 518
2682 1.4859034803247664 -1.8135218548771073 7.0621709112043192 177 200 206 0.64878921861970051 2 37 15 33 5 19
2683 1.4669987034255574 -1.9083981722388526 7.0625062697888872 243 241 245 0.22248069928490891 2 539 15 38 5 143 11 105
2684 1.4816672340184114 -2.3464253658266903 7.2720412150505291 181 177 178 0.11239853199257992 2 50 6 573 15 39 4 523
2685 1.4816672340184114 -2.3464253658266903 7.2720412150505291 181 177 178 0.11239853199257992 2 51 4 524 6 574 15 40
2686 1.4544394728844903 -2.3919762007239416 7.2278326556744235 181 179 180 0.068911635352809947 2 52 4 527 6 575 15 44
2687 1.3588287058998421 -2.4696854141369502 7.0600923527134283 227 218 216 0.073748045862479572 4 538 15 67 6 586
2688 1.4273685156957554 -2.2574147116683099 7.376874197484625 181 179 182 0.072352851856437833 2 564 4 563 15 81 6 612
2689 1.4273685156957554 -2.2574147116683099 7.376874197484625 181 179 182 0.072352851856437833 2 565 4 562 6 613 15 82
2690 1.4020976808908543 -2.3102382733005995 7.335975343281202 188 183 187 0.12838798198121906 2 74 4 565 6 614 15 86
2691 1.3674471710215523 -1.9909207636533215 7.1102440905065922 177 176 181 0.38026155914473214 3 359 15 88
2692 1.5515035232970884 1.6940155889289867 7.5131160393057321 122 81 28 1.0150634603784492 6 621 15 144 5 38 7 33
2693 1.1803814740330287 -2.4122506639409513 7.2974263790199458 186 184 187 0.064447393718949142 2 588 4 616 6 669 15 148
2694 1.2152670226630928 -1.247792776936637 7.2555074133586235 134 137 142 0.16258991372156942 3 71 15 165 39 135
2695 1.088155547422208 -2.4328166557470094 7.2703586365054234 205 203 206 0.27253731112015572 6 689 15 171 4 635
2697 0.87799473283227347 -2.5101132582573431 7.369554347697993 193 188 192 0.3490793773561503 4 659 15 201 6 713
2698 0.86458408184513746 -2.2038604693976622 7.7006750306548133 169 172 177 0.072243404216163029 4 211 6 256 15 225
2700 0.743293000077208 -2.2497994661027687 7.7188182633288758 93 94 99 0.24357481106025927 6 750 15 258 4 245
2701 0.70814979137307277 -2.2188531715104367 7.7685266613910464 163 166 173 0.043161664764503081 2 308 4 715 15 271 6 756
2702 0.92441200456556183 2.0045910074409421 8.0494760245071468 57 61 89 0.34178537520443592 2 999 15 295 3 215
2703 0.82285757756086064 2.0001847566278852 8.0108884587373801 60 62 85 0.38257335810013765 2 372 15 308 5 90
2704 0.40913092245829941 -0.93729431026338261 7.7533802446170537 186 138 64 0.43387368569530937 2 680 15 320
2705 0.17839162512308732 -2.1862435771717625 8.0800102783928338 133 131 134 0.076360881381066087 2 700 4 1028 15 339 6 1073
2706 0.22232896603409283 -1.0060661647823002 7.807992701406353 172 137 141 0.22253428177184867 4 788 6 829 15 342
2707 0.18538196564246318 1.4543405193519632 8.2288717178284436 140 97 52 1.6339751930457254 4 816 6 518 15 373 1 178 1 272
2708 -0.12630627053523702 -0.70628484657402402 7.9757426991563296 33 33 33 1.4972435328912173 2 755 15 374 7 103 22 102 10 96
2710 1.7471112102022752 1.664786718056483 7.4866834423597108 156 158 178 1.2820077781954407 2 557 15 401 17 25 23 3 29 8
2712 1.4522007648296191 1.4967263510896729 7.5227432663278959 124 101 60 0.20952161854714635 6 894 15 430 5 50 7 42
2714 1.0831001868043444 -1.8425989475587459 7.225484931070687 115 136 148 0.77978998217460049 2 606 15 433 5 54 6 692 14 193 11 178
2715 1.2387628179985559 1.6868268180650636 7.6871477718792871 166 153 142 0.71156205843914366 6 193 15 449 11 64
2717 0.55242746605025406 -2.356069722815723 7.6343472769177385 106 106 108 0.21386613035084276 4 957 6 1004 15 485
2718 0.360107492573778 -2.4034656531711436 7.594656589697049 130 129 134 0.16404420278596371 3 506 4 755 6 794 15 498
2719 0.33113858064074037 -2.3012620515155389 7.8013940876473402 108 106 109 0.073477940981981071 2 1019 3 841 15 509
2720 0.77187152444767371 2.1215113423244101 8.0305416017113611 123 144 156 0.21134032226169269 3 831 15 517
2721 0.21154875121067079 -2.2179766722033549 7.9914735592549677 130 129 135 0.10134607709519304 4 1017 6 1064 15 550
2722 0.088426345179266369 -2.0923312076671503 8.2475662615098351 177 182 192 0.30493743445245608 4 1055 6 1102 15 577
2724 0.44786312999787808 1.8233928617010884 8.1949810504084386 124 138 154 0.36927352016289294 2 1101 3 935 15 595
2725 -0.03258441592048858 -2.2786883252358567 8.0350114106385604 213 204 199 0.078280431089132338 4 1072 6 1121 15 597
2726 0.019607417509393391 -1.5302850886536559 7.842342307209468 30 34 85 0.14243862048437436 6 1109 15 604 9 60 10 90
2728 0.0050343033646265108 -1.0294686101163302 7.9153082421364607 148 148 154 0.44916565786170681 4 1077 6 844 15 617 1 171 7 98 39 184 17 114 19 113
2729 0.31599164906687288 1.6579558404032966 8.2393055547089666 145 125 114 0.11339801379380107 2 751 15 619
2730 1.5356461521940465 -1.9958873548154998 7.1606054403942174 132 129 136 1.5745503414631032 2 764 17 7 15 636 10 9
2732 1.5308850984078481 -1.1179069573878198 7.2185792909550095 178 187 193 0.67214948548513254 2 788 15 665 5 204 1 296 9 168 14 183 20 182
2733 1.3468290030603636 -1.9479025432992765 7.0279318557515724 116 115 120 0.27169784864679408 2 807 14 109
2734 1.393555607754948 -1.9921310645459003 7.0887349808026556 116 115 120 0.42060859371821496 3 633 15 680
2735 1.2908582954485903 -1.9407464360432478 7.0556428036751102 126 125 130 0.28490828913430866 2 824 14 25
2736 1.3560383068756741 -2.2803129809697804 7.3914502476897175 0 0 0 0.028763176396922285 2 828 4 1168 6 1217
2737 1.2486964980062329 -2.3028521687439274 7.4173970165016136 185 183 186 0.063876829897895115 4 1207 6 1256 15 738
2738 0.90166263806337055 -2.2041436403054777 7.7022300206741541 86 89 94 0.20863053957787708 2 932 15 795 14 56 10 53
2740 0.66721428361624147 -2.2621687327426798 7.5905826978610671 150 151 155 0.080440435890236639 2 972 15 829
2741 0.54263721228610684 0.41619723225475103 7.9190783210997635 117 135 149 0.48940896562609454 3 850 30 538 15 870
2742 -0.17251758709506362 -0.59300976441513109 7.8553823916640164 37 36 34 0.80189237571000849 2 1260 15 903 1 275 7 252 11 155 10 155
2743 1.6433095113366853 -1.8559905027734214 7.3428212452979418 166 189 202 0.32282234423419065 2 759 15 911 5 318 1 389 7 259 9 212 14 173 11 215 8 155
2744 1.7377596622856146 -0.32963077054667617 7.5114691819323776 156 143 166 0.43134967025914084 2 767 15 919 7 260 9 213 17 180 22 193
2745 1.7377596622856146 -0.32963077054667617 7.5114691819323776 156 143 166 0.43134967025914084 2 768 15 920 7 261 9 214 17 181 22 194
2746 1.7418646704910563 1.2501179982191744 7.3978248343740258 195 199 202 0.94613436553042085 3 605 15 935 1 298 7 195 9 171 14 185 17 186 8 160 12 131
2747 1.7805091997861393 2.3208030527097252 7.5410461378320717 186 173 167 2.2658699474647732 2 560 15 949 12 15
2749 1.3385944252662314 1.5393866507020861 7.6193209777341675 173 147 125 0.48719140712696429 2 1205 15 961 7 215 14 122 11 126 39 124 17 146 12 94
2750 0.90548806305241392 2.0348763958103588 7.9348781234790167 105 98 110 0.24603035823649527 2 1301 15 981 5 305 1 325 7 291 9 197 14 211 11 198 17 207 8 182 12 148 10 189 20 146
2751 0.083984456397285023 -0.77697393523817748 8.4288446476174439 139 134 158 1.0074705251091738 4 486 15 985 6 515 17 214
2752 1.6670044783775515 -1.5793443215908534 7.3841827265397413 213 16 37 0.3147253324441141 2 1264 15 995 5 351 1 417 7 322 9 246 14 244 11 241 17 244 8 222 12 187 22 248 10 234
2753 1.6670044783775515 -1.5793443215908534 7.3841827265397413 213 16 37 0.3147253324441141 2 1265 15 996 5 352 1 418 7 323 9 247 14 245 11 242 17 245 8 223 12 188 22 249 10 235
2754 1.5610236308978469 -1.8591038012852712 7.2448565842239221 169 194 206 0.91513672549592329 2 1128 15 999 5 320 1 350 7 189 1 288 9 215 9 250 14 97 8 156 8 197
2756 1.7815411964153884 1.3026686479602492 7.6048307332738512 196 200 201 0.44359846974420697 15 1004 5 277 11 221 17 225 8 199
2757 1.0059986531546994 -1.9637222705105066 7.5648168047204116 108 128 137 0.12300798379282497 6 1441 15 1012
2758 0.90260943354988421 -1.9060627792274423 7.3666845765874722 155 171 183 1.1491057107306986 2 1321 5 336 9 118 11 61 15 1015 12 97 22 49 10 127
2760 1.6599592915301826 -1.2417557356978604 7.376868297486447 238 211 200 0.37447762901819992 2 1266 15 1044 5 356 1 422 7 326 14 248 11 245 17 247 8 225 12 190 22 253 10 239
2761 1.4083963466916294 -1.6618975851109852 7.0827502264345217 135 149 158 1.2359074652771087 2 1345 15 1050 5 358 1 427 11 249 39 468 8 229 22 255 10 242 20 247 23 243
2762 1.2816305704301791 1.6547123534434705 7.6505044222598846 175 147 131 0.78215328765534364 2 1357 15 1058 14 231 39 423
2763 0.55757729590049154 2.1798197940821242 8.1884155262469989 124 144 151 0.64569725793962884 2 1333 15 1073 5 379 1 407 7 316 5 343 9 273 14 275 11 234 11 274 17 273 1 442 8 217 12 183 10 222
2764 1.6974082200449525 1.5407219697178371 7.4705255028564501 174 188 191 1.0161105538063324 2 1346 15 1085 7 331 12 192 22 256 10 244 19 269 23 208
2767 0.93032529095458649 -2.2364192410458164 7.6399320839183051 107 110 115 0.3729825975855604 4 1511 6 1551 15 1124 14 296 10 282
2768 0.94299350348383237 -0.54075583891401613 7.5222423991307314 76 43 12 0.17444485342805166 6 1552 15 1126
2770 0.56742953543911212 2.0991622906585823 8.2674132051183484 122 140 149 0.67585056243704056 2 1426 15 1149 5 442 1 480 7 388 7 416 9 338 14 329 14 353 11 324 11 342 17 322 8 295 12 255 12 281 22 323 10 310
2771 0.43341387311884133 -1.7417072403065281 7.6854461697174612 18 32 81 0.97459228708007628 2 1459 15 1176 5 457 1 510 7 430 9 358 14 372 11 361 17 355 8 327 10 344 19 382 20 340 23 338 29 309
2772 0.42954112177133258 -1.7341819354284116 7.6684481944444629 18 32 81 0.54969298676623368 2 1460 15 1177 5 458 1 511 7 431 9 359 11 362 12 295 22 357 10 345
2773 0.4700007350226813 0.050693352804549049 7.8852253141840816 105 135 158 1.726131984888843 24 301 43 87 32 333 40 100 40 329 34 297 34 298 3 531 6 1040 15 547 35 295 25 565 31 340 32 335 34 301 3 526 4 986 6 1032 5 99 5 169 5 171 1 134 7 164 9 53 9 55 39 61 8 84
2774 1.521964877368809 1.6904519444072412 7.5179230333812015 165 128 98 0.3858015652575506 4 849 2 870 15 757 3 676 4 850 6 883 5 152 1 210 7 138 7 139 9 34 14 39 11 49 11 50 17 36 8 37 8 38 12 24
2775 0.88825841994174104 -2.3452314196321793 7.4629587547437852 156 156 157 0.15064400796374047 4 1252 6 1296 2 919 15 785 3 1081 4 1251 6 1295 2 918
2776 1.1257960861446443 0.99642367067848281 7.6341034486518966 100 100 97 2.4083134901370982 25 832 30 665 43 656 30 570 45 702 42 259 15 231 2 627
2778 0.96888534764423218 -2.3991003086530602 7.1221668735242147 221 215 215 0.20921758093949697 2 1394 15 1088
2779 2.0293643935490824 1.3152564847098367 7.9782538995928709 152 151 165 0.22038215549770376 15 8 5 5 1 16 7 8 9 5
2780 2.0293643935490824 1.3152564847098367 7.9782538995928709 152 151 165 0.22038215549770376 15 9 5 6 1 17 7 9 9 6
2782 1.8398681017943059 -0.24453190839811759 7.6600785046897162 196 192 207 0.22513583682554417 15 7 5 10 1 20 7 11 9 4 11 11
2783 1.9837807740990803 1.3285119003836647 7.8935003259954994 203 206 215 0.63022921324434733 15 13 5 11 1 23 7 111 9 9
2784 1.795825673366934 0.65895237364748926 7.27986163845015 237 226 242 1.1556890396496931 1 24 7 117 9 12 11 19 17 14 20 121 23 113 29 101
2786 1.765611351953241 1.7324060027882129 7.5609508294493208 158 161 180 0.19047334023887241 15 79 5 25 7 19
2787 1.7546064924073266 2.1366962664406097 7.5254332646146711 169 187 197 0.50475887130098007 15 406 5 27 1 33
2789 1.6547452827848947 1.3232564087299661 7.4443975872064598 197 198 200 1.0060637149396492 2 812 5 30 1 35 7 130 11 36
2790 1.2690739454051292 -1.3473427778185654 7.2027381030477837 145 145 150 0.17062646894759279 3 389 5 41 7 31 39 251
2794 1.0225620900008183 -1.9124505750056064 7.1436254375055723 191 192 196 1.0039562689046562 4 118 5 59 6 163
2795 0.72126894297234145 2.0929633589928036 8.0379205595848244 21 21 47 0.097197696564587807 4 759 6 796 5 93
2796 0.47223233600968334 1.5664144340728008 8.0696326540373242 186 174 179 1.968245794711035 2 469 4 1021 5 104 6 1067 11 84 39 57
2797 1.7033095477461702 -1.1918115108647653 7.1337453666132076 131 106 77 1.1225132059705301 1 279 7 106 9 150 14 172 11 92 17 1 8 98 12 68 22 114 10 97 20 181 23 188 29 170
2798 1.730283796523951 -0.52264575397205726 7.1416997030529306 225 210 224 0.98664724796735581 1 19 7 107 9 74 9 153 14 3 11 10 17 3 12 0 10 6 29 18
2799 1.8030482437039967 -0.66462184054881113 7.6391377476118274 225 210 224 0.076989077269982484 15 379 5 119 7 108
2802 1.8040229219461783 -0.46155905821028209 7.6250834783898593 205 180 181 0.35133336399094534 15 380 5 126 7 110 9 77 11 96 22 14
2803 1.9274778219415016 1.3355143558463125 7.8000134199652233 153 155 168 0.19357053454864476 15 389 5 128 1 195 7 118 9 84 11 22 10 102
2804 1.9279422600433807 1.3362750771395291 7.8025117819542222 153 155 168 0.21139777950873936 15 390 5 129 9 85
2805 1.8368268068601661 1.2406803891104101 7.3103589197461902 199 202 207 1.1309518367556526 7 120 9 86 11 21 17 17 8 14 10 8 19 195
2806 1.8912125268007121 1.4056497268675054 7.7347674000516182 200 204 208 0.53056626014892028 15 392 5 135 12 6 10 10
2807 1.8912125268007121 1.4056497268675054 7.7347674000516182 200 204 208 0.53056626014892028 15 393 5 136 12 7 10 11
2809 1.8386180174577904 1.3566035964558043 7.6626282183337038 168 170 182 0.12959375155372047 15 395 5 139 1 201 7 127 9 88 14 15 11 26 8 17 12 8 22 18 10 13
2810 1.8065919530805827 1.2564977721481103 7.5732612743665211 165 167 180 0.62790446893194352 2 1134 15 397 5 141 1 203 7 128 9 89 11 28 17 21 8 18 10 15
2812 1.6373726733139309 1.6337186702689981 7.4575846893678692 145 156 164 0.39040521651681731 3 645 5 147 9 25 20 122 23 178 29 103
2813 1.2952240016176453 -1.9574159012129593 7.1337064469132594 190 192 199 1.094841795805747 4 1151 6 1199 14 24 2 831
2815 2.1004304358453996 1.5828633365786973 8.0478351014870864 196 201 205 0.86920265124642493 15 625 5 185 7 175 1 277 10 159
2816 1.8561633995618616 -0.51873287594902839 7.7152175153244666 229 208 208 0.35569144517492851 15 627 5 186 1 278 7 176 9 151 17 176 12 67 22 113 10 98
2817 1.7980611282837013 -0.69477664039847187 7.614682152863101 83 77 115 0.23721310935403264 15 628 5 188 1 280 7 177 9 152 14 94 11 94 17 124 8 99 12 69 10 99
2818 1.9346691465423282 0.7187639837699672 7.8499840494528632 239 216 211 0.32247292803663152 15 631 5 189 1 281 7 181 9 155 11 97 17 127 12 72 22 12
2819 1.9597282272623004 1.2612772254494564 7.8402170719774844 200 204 213 0.49343902639390541 15 633 5 190 1 284 7 183 9 159 14 10 11 100 8 102 12 73 22 15
2820 1.8390852346449358 0.20420380022450846 7.7076983138237223 176 161 164 0.61130239062794212 15 637 5 192 7 184 9 161 14 178 11 163 17 179 12 129 22 191 10 161
2821 1.8254954422633127 1.4602949808876253 7.2653182028284053 200 204 207 1.1852105820111971 1 292 7 190 9 165 14 98 11 166 17 184 8 106 12 76 20 233 23 234 29 208
2822 1.8737720516052812 1.2783095977374945 7.739236133791735 201 204 212 0.26267157702525945 15 654 5 198 1 291 7 192 9 87 14 99 11 104 17 132 8 105 12 77 10 106
2823 1.8156806744527818 1.4848328004661335 7.6182901263756024 151 152 170 0.20371732588466973 15 670 5 201 1 294 7 193 9 91 14 103 11 106 17 24 12 11
2824 1.81369485139637 1.4853959489832509 7.6092086696158745 151 152 170 0.17990559510134327 15 671 5 202 1 295 7 194 9 92 14 104 11 107
2825 1.5219696775303131 -1.1008355015506175 7.1750411635320654 184 193 202 0.47322644028270605 2 789 15 666 5 205 1 297 9 169 14 184 11 171 17 183 10 164
2827 1.3548214548000421 -1.919740043166996 7.1509237969770778 195 210 223 0.63001726626704868 4 839 6 874 5 210 7 201 12 13
2829 1.1930279140014328 -1.4539548599798067 7.2297691347665243 137 143 149 0.64579914887653933 3 1060 5 221 39 337 20 154
2830 1.3282950982224973 1.8104075826050281 7.637146244037595 149 103 42 0.29514984937968847 4 1231 5 228 1 220 9 113 14 50 17 58 8 53 12 33 10 47
2831 1.3285954993909128 1.8101787035288515 7.6374676089617761 149 103 42 0.27684716859988406 4 1232 5 229 1 221 9 114 14 51 8 54 12 34 10 48
2832 1.1105471666997138 -0.52753890928616309 7.4978108157026586 98 81 51 1.8013077207408639 5 230 19 217
2833 1.1159331243061601 -0.51806290832989554 7.4653064335980979 98 81 51 1.8518573181332976 4 1238 5 231 19 218
2835 0.45637176043782796 1.5114220962236848 7.973103651668068 193 174 167 0.22905556034625807 5 253 7 240 9 142 14 158 11 144 17 167 8 146 12 112 10 86
2836 0.033570520601540234 -0.68683095217037493 7.931572215452193 48 49 103 0.38419437784058247 3 1178 5 263
2837 1.9697258845189174 1.2212208888453435 7.8042432801308665 202 203 206 0.42801767637879212 1 191 7 180 9 80 14 6 11 15 12 2 22 118
2838 2.0798242663028534 1.3741404730056919 8.0080012039022197 197 198 202 0.75622906226672704 15 908 5 267 1 349 7 256 9 210 11 158 17 220 8 194 12 128 22 108 10 158
2839 1.7431912795934763 -1.8743555396402307 7.4979577358715819 174 202 213 0.68448779978815577 15 623 5 268 1 347 7 255 9 149 14 169 8 96 12 125
2841 1.5428190842151617 2.2278480795750779 7.6636705305072583 128 147 154 0.77457578729158227 15 1009 5 284 1 397 7 307 9 226 14 192 11 177 11 225 17 228 8 166 12 133 10 167
2843 1.819510334167344 -1.275949573897863 7.6249330451729325 240 218 204 0.47194440787870512 15 991 5 312 1 385 11 238 17 241 8 193 12 156 22 245 10 201
2844 1.826187632137656 -1.1674706155733263 7.6496917103280042 193 170 162 0.42859840353832579 15 992 5 313 1 386 14 242 11 239 17 242 8 220 12 157 22 246 10 231
2845 1.826187632137656 -1.1674706155733263 7.6496917103280042 193 170 162 0.42859840353832579 15 993 5 314 1 387 14 243 11 240 17 243 8 221 12 158 22 247 10 232
2846 1.7687768153103394 -0.35874488282083927 7.4436494165354246 228 208 200 1.6895635385881782 15 994 5 316 1 192 7 114 14 246 11 16 11 162 11 243 17 177 22 190 10 160
2847 2.015041049253441 1.6178994183485929 7.9573507127157326 177 176 192 0.49138997334328538 15 998 5 317 1 390 7 301 9 249 14 222 11 216 17 223 8 195 12 160 22 221 10 204
2848 1.8517750923780607 0.27106630029759171 7.7198570289666044 244 217 201 0.342632696631895 15 997 5 319 1 391 9 248 14 223 11 217 17 222 8 196 12 161 22 222 10 205
2850 1.5236213961953058 -0.95850631279668808 7.1830763042291119 185 195 198 0.85711519076222398 2 1143 5 322 8 20
2851 1.8109487076996753 1.9814365981204691 7.6415792106052205 164 183 190 0.38169354638443204 15 1005 5 323 1 394 7 303 9 253 14 253 11 250 17 250 8 201 12 168 10 207
2852 1.708592848578768 -1.0478070961837327 7.4566516666406004 241 214 203 0.206657665496884 15 1043 5 353 1 419 14 247 11 244 17 246 8 224 12 189 22 250 10 236
2853 1.8358034532016902 0.10068305504654114 7.7067255282320817 240 217 203 0.64784272742445437 15 1045 5 354 1 420 7 324 9 282 14 290 11 289 8 260 12 225 22 251 10 237 10 275
2854 1.8359245696030968 0.10034772706300699 7.7077958468284935 240 217 203 0.61583315982421738 15 1046 5 355 1 421 7 325 9 283 14 291 11 290 8 261 12 226 22 252 22 289 10 238 10 276
2855 1.6295624388200998 2.1619467024267376 7.4899888663967813 131 150 157 1.363652273976403 2 1347 6 1492 5 360 7 332 9 257 14 256 11 253 8 204 12 193 22 257 10 209 20 234 23 236
2856 1.6690575919603348 -1.4208987786523584 7.420477278274725 180 204 214 0.53549601280579895 15 1082 5 389 9 281 14 289 11 288 17 286 8 259
2857 0.59069762534047399 0.31008699788787414 7.9072122263085687 136 150 160 0.92644026972779059 2 1402 32 745 5 396 33 776 40 760 1 459 7 372 14 307 11 303 17 299 8 273 12 238 22 303 10 288 20 257 23 254 29 229 18 190
2858 1.859108674930714 -0.1429559122740823 7.6000450571965414 199 203 204 0.56466212982561304 15 1113 5 403 1 452 7 361 9 309 14 312 11 286 17 284 8 257 12 222 22 286 10 273
2859 1.859108674930714 -0.1429559122740823 7.6000450571965414 199 203 204 0.56466212982561304 15 1114 5 404 1 453 7 362 9 310 14 313 11 287 17 285 8 258 12 223 22 287 10 274
2860 1.9816451132246973 1.0704065726116365 7.8648675272354245 201 202 206 0.51447242273088856 5 405 1 464 7 375 9 329 14 314 11 308 17 306 8 276 22 310 10 294 15 1117
2861 1.0519009109256769 2.0399828351419704 7.8100874068635431 141 140 165 1.4610774739227788 2 1418 5 410 1 471 7 380 9 334 14 322 11 314 17 313 8 286 12 247 22 317 10 300 19 336 19 372 29 304 20 330 23 329
2862 1.5652052961784964 -1.4027099414773039 7.2968887084458824 175 203 215 0.69960189017670471 15 1137 5 429 7 397 14 337 17 328 8 301 12 262 22 330 10 317
2864 1.70294258216463 0.76095432758131043 7.4149241446804073 206 207 209 1.6747872057084436 2 1447 15 1158 5 449 11 356 22 355 3 1379
2865 1.4469994740231915 -0.6841722123361651 7.2668988609876193 134 153 160 0.67965844690304522 2 1434 5 450 7 400 14 360 20 329 23 328 29 303
2866 1.6504121193017294 0.23399050147983569 7.3715495771152728 205 209 210 1.1570305020622342 15 1168 5 453 1 506 7 426 14 368 11 355 17 350 8 325 12 292 22 354
2869 0.023609078513811551 -1.5469926779255114 7.8591325793739539 31 37 93 1.1865571877023533 6 1105 2 738 5 176 3 960 6 1110 2 1105 15 605 7 171 9 61 10 91 20 111 23 102 29 88
2871 -0.042577738060877425 -1.7430316210015033 7.9138698690829496 24 36 96 0.76229602542361219 15 1153 5 445 1 484 7 394 9 341 14 355 11 344 8 300 10 315
2872 0.27656802477937126 -1.1624977230964983 7.7851622187683764 197 173 165 0.79488242470911263 15 1179 5 460 1 515 14 374 39 540 17 357 8 330 12 299 22 360 10 349 19 383 20 341 23 339 29 310
2873 0.2761037937270201 -1.1573570771695714 7.7809559400913342 197 173 165 0.71622412376331124 15 1180 5 461 1 516 14 375 39 541 17 358 8 331 12 300 22 361 10 350 18 229
2875 1.7675611992140372 1.6620133616053598 7.5482711275702599 148 156 170 0.31197388336879539 15 402 1 30 11 32 17 26
2878 1.7098005923351007 2.2907852419362613 7.539493392509188 121 126 126 0.90300660480352024 3 39 5 146 15 112 1 38 7 131 9 98 14 29 11 41 8 30 12 19 10 24
2880 0.80259443061885127 0.5348243600608289 2.3204173600883848 151 150 156 1.3350502575886893 32 295 1 45
2885 0.88854438840398187 -1.938153480046364 7.3261254274279421 177 184 192 0.839795617908214 4 885 1 67 7 149 9 119 14 57 11 62 8 60 12 36 10 55
2886 0.74029967329626545 -1.9528280062126979 7.3911174953261236 99 104 110 1.2012320643813916 6 960 1 87 14 66 17 63 8 65 12 43 10 63
2888 0.74106425065861892 0.72297266480641231 7.8830800785262198 148 156 156 0.80544587126936384 27 354 1 121 22 70
2889 0.36561400034067881 1.7945549932827687 8.1907930893916472 50 35 46 2.4972003907133149 3 585 1 166 9 63 12 61 8 151
2890 0.098272866906997131 -0.34498248683809685 7.9698131186608645 122 119 149 0.77373872836201552 3 1231 1 169 9 68 39 189 19 177
2891 0.20951235263679607 1.7810341537119181 8.3003509698089371 131 99 69 0.34818995235819084 3 598 1 180
2892 -0.14878066726171749 0.46205632246122907 5.3979095570086013 24 19 16 1.407418908336165 34 548 1 183
2893 1.8796294036646555 1.3682064346358593 7.7111101037774707 205 209 219 0.20621500271341783 5 133 1 199 7 123
2894 1.8796294036646555 1.3682064346358593 7.7111101037774707 205 209 219 0.20621500271341783 5 134 1 200 7 124
2895 1.6446261789754442 1.1680801684277911 7.3979379502881706 193 196 197 0.69768879335109524 15 97 1 205 11 34
2896 0.97572003973797139 -1.902182719442107 7.3455575091815168 0 0 0 0.10447419264288318 2 616 6 922
2898 0.74370835890625864 0.15268123745843784 7.7394808551030581 107 68 30 1.0380025482512767 35 484 1 238 7 162 15 1093 9 130 11 135 21 152
2904 0.15881672200598665 -0.91816249016854545 7.8686967074310514 86 98 90 0.83417291840351948 4 1364 1 261 11 86
2905 0.16030042415991197 -0.9164009056986917 7.8853503151566224 86 98 90 1.4267991839798573 3 566 4 1365 1 262 11 87 39 294 18 87
2906 1.825959104394274 -0.064417112713849159 7.6562030428869949 72 72 118 0.23000354332810496 5 270 1 283 9 157 14 175 11 161 8 101 12 71 22 121
2907 1.8900419532216146 0.9158532778149534 7.768603161985852 239 219 211 0.35948799016446642 5 195 1 286 14 96 22 192
2910 1.0216321189881337 -1.9291640430834496 7.369889606104147 162 183 197 0.6193125701162574 2 187 5 60 1 309 7 214 9 179 14 121 11 123 8 121 22 199 10 41
2911 0.4775137315664495 -1.6351735471808484 7.656444584788173 51 63 124 0.27272643387494988 3 502 1 326 9 134
2912 0.78121305754189552 2.2026515235918356 7.590788832954841 120 140 149 1.9585008644284487 5 247 1 328 11 200 8 82
2915 0.051079999573072743 -0.61026101840413272 7.9591104886621311 42 44 92 0.23537565353695311 3 1233 1 339 11 208
2916 0.063029924463837872 -0.4166914017444448 7.9315666528322675 28 34 83 0.70669679495752147 15 990 1 341 9 206 17 174 18 50
2917 1.8023438617478396 0.91847897369974896 7.6310956489524573 136 127 150 0.39725131725355489 5 274 1 351 15 929 7 264 9 216 14 180 11 167 17 185 8 157 12 130 22 130 10 162 2 783
2918 1.9614032523871014 2.193527341179812 7.9112868896850808 184 210 219 0.44113918054330509 5 199 1 353 14 100 9 166 11 169 9 217
2919 1.7872571905195931 1.3001463363120433 7.645240519657353 205 210 216 0.25212564593066678 5 276 1 355 7 265 9 218 17 224 11 220 8 198 12 163 12 164 1 356 7 266 9 219
2920 1.8831284448360013 2.2204777120013639 7.9058716758348231 165 193 203 1.0452060396683418 5 22 1 359 9 17 9 220 14 224 11 222 12 166
2923 0.066917345279007126 -0.51407496778267148 7.9882658468445982 31 38 91 1.1897644888576164 2 1309 4 1456 6 1488 1 384 14 218 11 209 22 212 19 182 20 168 39 409
2924 0.16382003763413819 -0.36557247353790434 7.9303930396529889 36 46 106 0.40652431760488228 15 1075 1 411 11 237 22 240 10 224 23 232
2925 1.1271728393548968 -1.4457417948960194 7.2268695726555086 129 149 158 1.5302380244516187 6 1567 1 490 4 1528 7 403 14 339 11 332 8 306 12 266 22 334 10 320 19 350 20 320 23 318 29 290
2926 1.7187052434052397 1.4038920222107469 7.3425817411915428 199 204 208 0.82901340006052182 3 13 5 454 1 507 7 427 9 353 14 369 11 357 17 351
2927 0.38557886475788244 -0.22413629794746162 7.8693671616061893 139 157 169 0.92078499857490204 5 462 1 517 7 435 9 366 14 376 11 364 17 359 8 332 12 301 22 359 10 351 19 381 9 360 20 339
2928 1.2475413569392371 0.13165721953177997 7.455535425774813 95 70 31 1.587379657878732 34 590 40 641 3 1244 6 1431 2 1283 5 287 1 308 24 721 35 723 28 779 25 893 26 726 27 630 30 765 42 793 43 748 31 729 33 773 32 741 40 757 34 704 36 792 45 797 3 1310 6 1499 2 1393 15 1087 5 390 7 212 9 178 9 315 14 195 11 180 11 294 11 312 39 392 39 507 17 191 17 289 17 312 12 93 12 229 12 245 22 197 22 295 10 281 21 328 19 150 19 309 20 143 23 137 29 173 18 77 18 197
2929 1.3372548187378819 -1.5103074398333047 7.1355899344786469 70 67 72 1.9785809328473607 3 654 6 80 1 36 4 53 6 76 2 89 7 23 9 21 11 38 39 260
2930 1.2696751383854838 -0.22547865559249822 7.3761525499449165 142 153 162 1.0159068646345202 1 56 22 36 19 38 17 35
2931 0.68749294493885482 -1.941898873520526 7.4213466843739635 93 96 107 0.94063745548066269 4 923 6 971 1 97
2932 0.89869604301762296 0.95403637730633761 8.342557507578988 146 154 153 2.1663304179060088 43 358 1 237
2934 1.8966435777155335 0.9582486067821534 7.7821437961750082 70 59 90 0.31790957101313483 5 16 7 13 9 13 14 11 15 22 11 20
2935 1.8379214175052689 1.5109632598849889 7.6304932743922453 198 204 217 0.30320038129403432 15 43 7 17 11 30 17 23
2936 1.8236427671265871 1.70253833353654 7.5218179023080483 202 206 214 1.5343739517104309 1 26 15 400 7 18 14 182
2937 1.3917496296526684 -1.8536660102859199 7.0795473352602638 143 164 175 0.0056048118637634734 4 834 7 20
2938 0.10970844037128397 -1.1406532516217396 7.8853068871074674 148 147 152 0.13368373878368892 15 362 7 89
2939 0.056419679812837083 -1.4768264425316637 7.8450917169624246 132 129 161 0.43591917283805121 6 838 7 91
2940 2.0323658902187622 -0.7520491448778267 7.916070170335046 186 189 192 1.1432648668341323 1 5 5 3 7 104 9 0 8 4 22 0 22 105
2941 1.8043505138705729 -0.46042114872999268 7.6247073643069649 221 200 198 0.27955588738467557 5 125 7 109 9 76 11 95 22 13
2942 0.88869114968808682 -1.9363409103071354 7.3246821902844266 175 179 188 0.93677476489365574 1 68 4 886 7 150 9 120 14 58 11 63 12 37
2943 0.31292794158925619 1.4075199949568458 8.13231672529907 177 160 160 0.08936773177457441 6 1409 7 172
2944 1.8631286783686933 0.55642209731652714 7.7326129654367364 67 63 114 0.28360250351854038 5 193 7 185 9 162 11 164 5 272 17 130 8 103 22 123 10 100
2945 2.0748263725177853 1.238833946523892 8.0219911471431296 201 204 207 0.43112683666216761 7 254 14 221 7 300 12 159 22 215 10 202 5 266 17 219
2946 2.1120340066645862 1.5489179231339172 8.1698573888820594 199 203 207 0.66413969376577864 1 388 5 315 7 257 9 211 11 214 17 221 22 217 10 203
2948 1.0583743754959152 -1.8645636896504951 7.3221881135380444 123 145 156 0.45548585091902638 2 1282 15 1011 7 272 8 46
2950 1.8829404662937068 0.97464731856944831 7.7533112077150452 172 162 197 0.16215433778963539 1 424 15 1084 7 328 11 292 22 293 7 364
2951 0.84646802638475638 -0.48828491818030906 7.6014812546620174 0 0 0 0.74724994486119267 26 666 45 714
2952 0.21543525215887727 -1.070146538660004 7.820584121935136 196 173 167 1.1392915249588744 5 380 7 349 39 475 17 270 8 245 22 276 10 260 20 231 23 291 20 299 29 263
2953 0.35793803873548674 1.8703818051351084 8.0837773233917769 31 44 95 0.54171367308850782 15 1154 7 395 14 336 11 329 17 327 12 261
2954 -0.072696259234761418 -1.3744411689483627 8.0088690826065569 36 43 98 0.57513666750386683 5 427 7 396 9 328 11 330 17 326 18 45
2955 0.86129911465732567 0.90348647988323671 2.137333174790494 205 210 213 0.24001584897519868 32 669 7 418
2956 1.5108053166568187 1.5465817333067355 7.5074401082899787 117 90 48 2.1995669800124511 4 848 5 42 1 51 7 37 6 885 15 422 5 44
2957 0.77577186499661088 2.2157627317629216 8.0229813964186505 120 142 148 0.35626772227449949 5 248 7 236 9 50 4 965 12 55
2960 1.6387283718597874 1.2397169206833647 7.3508206555687696 190 193 196 0.63157521097070157 3 32 9 18 14 23 11 35
2961 1.6429729853594861 1.4602549054845861 7.4144073800673365 188 194 200 1.3704268939046431 4 516 9 20 12 84
2962 1.6610103248566654 2.1154649113078907 7.4875497509626525 150 164 174 0.38156287121297944 4 532 6 584 9 28
2964 1.797122292871546 0.41547640030514749 7.2803438263103288 56 49 83 1.0187114155022148 1 194 7 116 9 81 14 9 11 18 17 9 8 11 12 4 19 9
2966 0.765721500666523 -1.7241006710265043 7.0680256231611338 0 0 0 0.36761358170406855 3 1256 15 1027
2967 0.17305412124689803 -1.8886585702455121 7.7621648424333864 183 195 208 0.43067405193881642 4 1349 9 140 14 157 11 143 12 111 10 148
2968 -0.08587393215961002 1.4474235024425863 8.3382457917986308 113 102 96 0.32134956169546303 6 851 9 148
2969 1.8371193799654206 -0.33809978489060211 7.6816388024864821 235 218 211 0.338334974474579 7 178 15 629 9 154
2971 1.9787569727057075 1.4092331640098101 7.8527859425770217 194 198 207 0.3590351882093496 1 285 7 182 15 632 9 160 14 176 11 98 17 182 12 74
2972 1.864309744324631 0.55495898422364764 7.7409063186884062 61 55 102 0.27315169393368194 5 273 7 186 15 917 9 163 14 179 11 165 17 131 8 104 22 124 10 101
2973 1.5333952696792854 2.2759796818725189 7.6452799355186505 75 85 84 0.75804784869017516 3 393 9 177 11 55 17 142
2975 0.43538187537604389 1.4372142103607988 8.1258191790620469 181 163 161 0.8322931064971093 3 1220 9 198 11 204 8 147 39 45 10 149 19 89 18 95
2976 1.6454174696895771 2.2821046204534317 7.6484142950488367 83 97 100 0.94504339829814088 1 303 9 224 14 226 11 175 17 252 8 205 12 171 22 223 10 210 19 304 29 209
2977 0.2434308249789523 -1.3413824343269851 7.7641764069644363 191 166 169 0.56058677604144813 3 1151 9 242 39 372
2978 1.721302289375152 2.0097639777907315 7.5907785734042434 201 208 213 1.0503314319711754 5 359 9 256 14 255 4 35 6 57 11 252
2979 0.42633769698079094 0.4250194085766707 7.9607065540193025 133 155 168 0.62368830426826161 5 377 7 347 9 271 14 273 11 271 39 445 17 236 8 243 12 208 10 221 19 291 29 235 18 154
2980 1.3018766831951523 -1.452874016052212 7.202150195111626 94 89 96 2.2273063813610521 9 26 2 574 2 844 15 412 5 36 1 42 7 28 15 132 14 32 11 44 15 409 12 20 22 23 10 25 1 40 7 134 3 672 4 851 6 882
2981 1.3212388394272301 -1.4811414859973153 7.1416632124566997 155 76 87 0.58453039063964718 9 97 3 664 15 721 7 204 11 111 17 137 10 22 6 1196 39 258
2982 0.86238504407220229 -2.0924042207159026 7.8235793892893355 166 179 195 1.6970905843354063 1 316 7 224 15 1026 2 1325 9 121 14 130 11 130 17 50 8 126
2984 2.078444476631796 1.1763958864490129 8.0386255179811226 198 202 207 0.72493189075410325 1 348 5 265 7 253 9 209 14 170 11 156 15 907 17 218 8 97 12 126 10 157
2985 1.8156643970454185 -1.8755730738238974 7.6055311931408287 171 201 212 0.73032815432804232 1 185 9 73 15 376 14 1 8 6 12 66
2986 1.5524267754697652 -1.3215288180025524 7.8082763297266933 140 156 159 1.529736944317351 5 325 9 93 14 19 8 22 12 79 22 195
2987 1.7874660984084996 -2.4292301292106164 7.9294979352952977 0 0 0 0.52766224463887879 3 31 4 529 6 56
2988 1.1095842053478988 -1.9029973528072026 7.2567433160138721 165 187 201 0.21908102205925387 1 213 14 41 8 40
2990 0.95100357328945218 -2.0188084676432445 7.4708479333855893 176 185 194 0.33845606127381439 1 218 7 145 9 111 14 48 8 51 10 45
2991 0.91306567983927189 -2.0173624230248439 7.419309943052979 96 103 113 0.31554427131288254 1 64 14 53 8 57 10 50
2992 0.9115768532637446 -1.9979273342595689 7.3756339173411565 96 103 113 0.27741388659320404 1 65 14 54 8 58
2993 0.86123153134726238 -2.0538267464322204 7.5343887902559805 103 110 118 0.23096632081724552 1 71 14 59 10 57
2994 0.86123153134726238 -2.0538267464322204 7.5343887902559805 103 110 118 0.23096632081724552 1 72 14 60 10 58
2995 0.81178836681035993 -2.1519286050485489 7.8081355169098643 88 94 100 0.58252375633894315 1 74 15 463 14 63 17 57 8 63 10 60
2996 0.73908340066546518 -1.999980355923112 7.4854860197244424 99 106 112 0.34330429270784324 1 86 14 65 8 64 12 42 10 62
2997 0.24028393381392463 -0.96098099282613114 7.8146827790445963 183 145 150 1.1148378625238355 4 787 14 83 11 83 19 230
2998 -0.32694275728289046 0.4869982516780148 8.4362980480829055 0 0 0 0.18055566339240534 25 715 31 536 32 538 36 593 42 573
2999 0.15184714229981891 -1.2819276113079536 7.820701199600677 136 135 148 0.36829506757458152 3 927 14 85
3000 1.6610246772616035 2.2062023651032776 7.5234923282302972 134 152 159 0.10935455093415718 6 1426 14 112 12 87
3002 0.84154309087993695 -2.0436050365744998 7.5919108195603018 162 170 177 0.28746276431406126 7 152 9 124 14 132
3003 0.53321347421575449 -1.6126722000186293 7.1592072373545168 43 58 117 0.9099255065157188 7 72 9 129 14 143 10 76
3005 0.10703815476653128 -1.3566741087873777 7.8512661025699844 175 167 172 1.2284325638848745 4 1418 14 159 39 438 8 88 22 180 10 87 23 94
3006 1.1287971751262471 2.2243496628185175 8.0132135735124539 123 147 158 0.63644232381216759 1 371 9 192 14 207 11 195 8 178 9 235 12 145 22 159 10 183
3007 0.90162758487509376 2.2148144814535899 7.9914549723559576 119 142 150 0.30590935291996696 1 327 7 232 14 212 11 199 8 183 10 190
3008 1.6530708798812024 1.9317739883954068 7.479069230583379 142 155 163 0.77466154993018388 4 530 6 578 14 225 12 170 8 203
3009 1.8756710744938105 0.80942117189289498 7.7094452209068898 238 218 216 0.6108897100031917 1 392 15 1000 14 249 11 246 17 248 8 226 10 240
3010 1.8715077334339048 0.81052176202602366 7.6994213784712198 238 218 216 0.30807879396686028 15 1001 14 250 11 247 17 249 8 227 10 241
3012 1.8204605074684772 1.9801914620517986 7.7092099188136363 159 181 194 0.34880507696584662 1 395 7 304 9 254 14 254 11 251 17 251 12 169 10 208
3016 0.60370946923864555 -1.7586705883165468 7.3465672649466152 37 52 106 0.10419827849719876 3 1265 14 302 8 269
3017 0.035538071513408639 -1.2124157230382333 7.8410420853986436 151 148 170 0.29464778024944854 5 399 14 310 12 242 22 307
3018 1.1839513235177406 -1.9001018405162864 7.1171552922665562 172 181 190 1.3454539626585991 1 467 5 45 2 142 11 310 17 310 8 280 12 264 22 333 10 319
3019 1.8648174899059302 -1.8065724722321523 7.6413001296977665 180 210 221 1.1891417289849242 1 500 5 446 14 356 11 345 17 341 8 317 12 283 22 346 10 316
3022 1.3886119781630109 2.1775688168058838 8.6053468254837036 125 148 156 1.1907899617934046 1 508 7 428 9 365 14 380 11 363 8 336 12 298 10 348
3023 1.2302369049160027 -2.1696473781098433 7.5728442196767949 155 154 157 0.13184500873168942 14 36 3 711 4 874 6 911 2 597 15 421
3024 0.76570107670286069 -2.1217263487568525 7.6839102149008802 163 166 175 1.3248065782635758 4 703 6 744 2 277 15 244 1 228 14 137 15 818 10 138
3026 2.1443915334465706 2.0213726294167809 8.1766659048933636 181 209 221 0.55330788862273106 9 280 14 288 11 285 7 360 17 287 17 307 9 311 8 256 12 224 22 285 10 233
3028 1.5413810269828645 -0.88496007054104286 7.135856881039369 173 193 200 1.2346374472827155 1 426 7 330 14 252 11 248 9 284 17 288 11 293 14 292 8 228 8 262 12 227 22 254 22 294 10 278
3029 1.96520352967488 -1.2870709451166462 7.8918715643463333 230 224 223 0.61234283657170674 7 359 14 287 17 283 17 305 12 221 22 309 10 230
3033 1.6197509953837774 1.2264601149108718 7.386212928793884 112 132 138 1.8243224133443243 2 811 4 36 20 10 23 10
3034 1.6946835413153953 2.3104124568716613 7.498055574948677 154 142 134 2.6144193352903957 3 38 15 722 11 42
3035 1.4886520937301766 1.704109419257877 7.5585105324727566 144 104 57 0.00035826405122312487 2 887 11 51
3036 1.0829608280628118 0.61560027360955416 7.6337990415214199 25 6 5 0.5118976759467081 24 357 11 66 39 117
3037 0.79174591297153452 -1.932219812126279 7.4937895627301216 178 197 210 0.34774340627171008 2 1326 14 64 11 67 22 156 10 134
3038 1.7894267079102764 -0.68281376971733798 7.5778063615548081 81 82 114 0.04431145591228116 5 187 11 93 22 119
3039 1.3052597598566942 2.2367270788762879 7.8139491074162617 130 149 156 0.44275179933415004 7 223 9 187 14 61 11 129 17 201 8 125 12 98 22 154 10 129
3040 2.02435724123072 0.9389355884642121 7.9857658502159241 201 207 215 0.6111877542450489 5 269 11 159 22 216 11 213
3041 1.8011883706878808 0.91956495567012886 7.6211303919244919 159 150 171 0.34571758525318985 1 352 5 275 11 168 8 158 22 131
3042 0.88542159860117065 -0.2618398008802395 7.5989458494275075 194 175 167 0.62605717462059496 4 1407 11 194 20 158 29 137 48 143
3044 0.62358598846792646 2.2161986486676097 8.0712496178684052 127 145 157 0.89772519651502969 15 559 11 202
3045 1.6146859173169483 -1.6342337672789042 6.9732773927138814 178 208 219 0.85896594205940968 9 361 14 377 11 365 17 360 8 333 12 302 22 362 10 353
3046 0.52027367459050544 2.2393075928272195 8.0694309026686071 19 24 53 1.1396941347863614 5 345 1 381 7 318 9 275 14 239 11 203 1 409 14 276 11 276 5 307 7 241 17 237 17 277 8 189 8 247 22 238 10 261
3047 1.9940336639687009 1.1957881224554923 7.9357197592315352 109 110 113 2.2936357020635669 15 11 9 79 1 190 7 179 14 5 11 14 1 189 5 122 9 75 14 4 11 13 17 8 8 8 12 1 22 117
3049 0.96243559333594897 -0.36498930791761158 7.5543169699710111 177 163 152 0.82046342476886103 3 1390 4 1561 6 1597 2 1452 15 1171 1 504 7 421 9 354 14 365 11 359 24 794 25 966 26 793 27 669 33 826 40 807 36 847 17 347 17 353 8 321 12 289 22 351 10 339 19 373 29 307 20 333 23 332
3051 1.8808518802128722 1.2372630971838321 7.7667669545966946 145 150 170 0.14935912513434665 1 197 7 121 11 24 17 18
3052 1.9494039683171989 -1.7892053986419165 7.6092989410472018 223 239 246 0.74239212314326708 1 0 7 0 11 0 17 217 22 103
3053 0.11208167945774224 -1.049822425268421 7.8732881990388188 72 90 105 0.17923364946310494 1 155 39 30
3054 0.14359629207657182 -1.0471047753788532 7.8651472272098042 24 30 33 0.29619296650687987 2 491 39 31
3055 0.21362399798306561 -0.73431881914871189 7.8664851241192135 110 92 45 0.27906136591948577 4 421 39 40
3056 0.24884118196051491 -0.72600749770653761 7.8883798559359697 110 92 45 1.7866317158717107 4 790 39 41
3057 0.53223388127181059 0.35044878080592134 7.880214707876644 0 0 0 0.33114497862189346 3 246 26 412 43 120
3058 0.74072203974524498 2.2269950745632672 8.0838442765476515 50 66 73 1.3099709093154499 4 758 6 797 39 80
3060 0.85756355732668332 -1.8432250847361926 7.3602906522212947 93 129 143 0.86759647035100551 4 175 39 114 17 147 1 369
3062 2.1794078655543641 -0.40333561528450962 6.4253827101907994 0 0 0 1.4427742537955899 32 20 33 23 40 34
3064 0.15591928267069111 -0.26305267545216621 7.9803304129622612 37 50 82 0.19597328782757684 6 495 39 192
3065 0.21179387671587588 1.7287292830880228 8.2437193332980421 87 67 41 0.026572590965612628 1 273 39 196
3066 0.38969392565738281 -1.1913220615427662 7.7210666155250767 135 129 123 1.4308825815860975 1 126 39 210
3067 0.45515978523807726 -0.20591339285738799 7.8549917935543263 63 95 110 0.52342895804381229 1 128 39 218 22 79 19 95
3068 0.72357869082009185 0.53858010116625143 8.0188311229044125 141 141 135 1.3184975199472377 14 77 11 81 17 89 17 90 8 81 12 53 10 79
3069 0.7292778211546157 0.6446912257805103 7.8015816439434209 138 137 134 1.0716611251201749 14 78 39 230 7 163 12 54
3070 0.81859536839854075 0.85001557955487483 7.8115023314980947 87 117 127 1.0007423003143876 36 259 39 232
3071 1.3272281640540768 -1.5666762061450636 7.1349967757642094 79 91 103 1.4709887858827961 3 1015 39 259 19 147
3073 0.015250435886883809 -1.3192556268040843 7.8835073816419357 112 112 114 0.034321993253758953 3 589 39 285
3074 0.2793880062130667 -1.1548997111155825 7.7825590179225879 133 130 125 1.2081925755159533 1 254 39 303 19 104
3075 0.42046452719135319 -1.0436398628840671 7.7304621044134265 138 101 20 1.7756396733140436 1 244 7 235 39 309 17 95 22 167 19 102
3076 0.45054534810242269 -1.3356136340140479 7.6693263716775153 28 29 33 0.08137344457009113 1 123 39 314
3077 1.326789432793523 -1.4499707356217539 7.1358434259257537 73 92 101 2.0042030580093315 1 37 3 1014 7 24 2 569 17 27 8 32 12 17 22 139 39 343
3079 -2.0332968436147199 -0.23758826664403807 8.6842746497121457 0 0 0 1.7084490282014244 31 477 33 488 34 434
3081 1.1624979038029 2.1524501480894758 7.7969806468211962 53 87 99 1.8465886359965993 14 349 39 461 12 276
3083 0.10153798812022846 -0.54003021096849124 7.9290641621004463 45 42 57 0.9719794089325734 39 365 3 1228 4 1420 6 1455 7 246 9 201 17 216 12 117 22 182
3084 1.0496490353354886 0.64237484220695296 7.6468272905642207 148 142 137 0.55232682575851899 45 506 3 1094 15 807 39 240 24 476 35 510 28 555 30 448 42 584 43 351 31 549 32 545 45 507 3 1093 4 1257 2 944 15 806 5 159 1 83 11 68 17 69 17 70 12 41 19 58 20 59 18 33
3085 1.4488987512946261 1.654947090451935 7.56286647689448 167 145 131 0.41245528538992404 3 1285 4 1462 6 1494 15 1052 1 399 39 428 3 1284 4 1461 6 1493 2 1350 15 1051 5 361 1 398 7 308 9 258 14 257 11 254 17 253 8 206 12 172 12 173 22 258 10 211 10 212 19 242 19 243 20 210 23 186 23 187 18 139
3086 1.4716772952975878 -1.7232599457410285 7.0785387540063214 149 148 149 1.1156525705797986 39 164 15 1002 5 321 1 393 7 302 9 251 14 181 11 218 8 159 23 218
3087 1.2130364179531219 0.779626279376749 7.5730841372837086 93 76 42 0.40398991939007045 28 673 30 619 42 696 43 607 31 639 33 679 3 1204 4 1400 6 1438 2 1287 15 1013 5 291 1 314 7 276 9 182 14 198 35 631 28 674 27 501 42 697 43 608 31 640 33 680 32 661 40 658 34 606 3 1205 4 1401 6 1439 5 292 1 315 7 277 9 183 14 199 17 194 8 172 22 151 10 173 10 174 19 151 19 152 23 133 26 614 29 123 36 650 24 611 36 649 39 330 21 161 24 612 25 784
3088 1.2594720757581053 0.34075103034207715 7.4844334608645147 70 50 17 1.749467619369045 24 597 35 580 30 605 31 633 33 630 32 608 34 551 36 642 3 1198 4 1394 6 1432 2 1204 15 960 5 226 1 310 7 213 11 124 39 391 24 728 35 727 28 785 25 900 26 732 27 609 30 766 42 796 43 753 31 734 33 780 32 747 40 763 34 709 36 798 45 802 6 1527 5 391 1 454 7 366 14 295 11 295 17 144 17 254 12 230 22 198 10 119 21 299 19 149 19 308 20 140 20 282 23 134 23 277 29 126 18 21
3090 1.8224655026876724 -0.38539440598843905 7.6683953132592606 178 169 172 0.14473120570546075 1 21 9 7 17 4
3091 1.8224655026876724 -0.38539440598843905 7.6683953132592606 178 169 172 0.14473120570546075 1 22 9 8 17 5
3092 1.5974896264400906 -1.1710785287791081 7.2854237883385249 135 132 129 1.7859889017332164 2 39 17 15 20 219 19 241 23 216 29 190
3093 1.8808518802128718 1.2372630971838325 7.7667669545966911 118 131 148 0.14935912513434468 1 198 7 122 11 25 17 19
3095 1.1725505755087058 -2.0491041972967898 7.4306989726411219 163 172 179 1.6780593057327848 5 51 11 176 17 31 22 31
3096 1.2349650808424708 0.056642555539437811 7.4884615868675386 114 98 74 0.50821128164821305 7 142 17 46 22 41
3097 1.2041305204435577 0.74311321362571903 7.5746167734925978 164 152 144 1.0493320822505423 42 436 17 53
3098 0.82484964477212197 0.73433643648641844 7.7687150138804384 166 153 150 0.2000382125702552 3 803 17 84
3099 0.45716422911676735 -1.0125632450084412 7.7221804887255603 138 97 30 0.4552665604160861 39 222 17 92 19 100
3100 0.69184795614821482 0.58719620069466272 7.8499164227234353 121 138 145 1.5246566405668986 14 79 39 227 17 93 21 120
3101 0.070982736888012349 -1.1361777859717976 7.8953917662586068 61 67 83 1.4612727586975585 1 266 39 286 17 110
3103 0.024758253549098195 -0.41721383222260833 8.080151886005206 32 39 74 1.3233868074166182 3 316 17 118 19 184
3104 0.21001732730237482 1.3273182957583145 8.138448877680041 97 85 73 0.46977630002501836 2 1110 6 845 17 120
3106 1.5375440994148482 2.2807040070168902 7.7048505219721237 56 75 79 0.46956001104713668 9 176 11 54 17 141
3108 0.13515006348399813 -1.2595498119296795 7.8324288954562293 116 122 138 0.55117243912837499 39 292 17 163 19 180
3109 0.095950656761319503 -0.54419368554756709 7.7036773685045246 88 88 124 1.9391717765404559 1 163 15 984 17 213
3110 1.0459757046239462 -1.9859598826427405 7.4151724634055931 130 147 157 0.29196616648610169 2 1355 8 283
3111 1.6534899841710347 -0.76146360951628578 7.4365707806671173 182 199 209 0.23894042263365822 1 501 9 352 11 346 14 357 17 342 8 318 12 284 22 347 10 332
3112 1.3957066258698492 0.73843869284722641 7.3717718986786949 116 142 150 1.2301128331910003 7 434 14 373 17 356 1 514 9 363 11 366 8 329 12 297 12 304 22 358 10 347 19 386
3113 1.4697430762640955 1.6236555586872508 7.5189662153528269 122 92 34 0.38810274214090423 9 364 11 367 14 379 17 361 8 335 12 305 22 364 10 354 19 385
3114 0.27114090483967584 2.0480126123746056 8.3759479936423613 23 36 88 0.62202221149686376 11 368 14 381 17 362 8 337 12 307 22 366 10 356 19 380 20 338 23 337 29 308
3115 1.4334824471920797 1.5391763510577079 7.5502914041748923 161 120 72 2.7230529538400661 5 154 1 57 9 35 17 42 4 94 6 125 5 53
3116 0.82118594866207062 2.0425555553317882 7.9702991349098378 151 144 155 0.43900783661388826 5 340 1 375 7 293 14 214 17 209 3 1268 4 1446 6 1480 5 339 1 374 7 292 9 238 14 213 39 319 17 208 8 184 8 185 12 149 10 191 10 192 19 222 19 223 23 148 29 130
3117 1.7209711185239043 1.710398065402764 7.4753683873849264 185 193 201 1.1511807731802197 3 28 6 39 17 187 15 405 7 267
3118 1.5285342336145178 1.5911018257010971 7.5176595664806536 134 91 30 1.0595193461170491 4 1508 6 1565 2 1413 5 409 1 469 7 378 9 313 14 317 11 311 17 329 3 1194 4 1392 6 1428 2 1190 15 953 5 216 5 283 1 305 7 206 9 175 14 113 11 113 8 114 8 281 12 89 12 265 22 140 10 114 10 297 19 139 20 16 23 14 29 24 18 217
3119 1.8194641793938438 1.2398748176140186 7.6065038537341705 111 113 120 2.6077799345329713 2 1133 15 398 5 142 1 204 7 129 9 90 14 17 11 29 17 22 5 138 7 126 14 12 17 20 15 396 8 15 8 19 10 12 10 16
3120 2.0293408899007037 -0.71218086934145763 7.9066802089319363 160 178 184 0.31478065858935012 7 1 17 0
3121 2.0005553948367774 -0.98723608011475095 7.7876358276680167 222 213 206 1.203524728284769 17 122 8 3 22 104
3122 1.8403410449166751 1.2774582537541734 7.5401896742234671 200 209 218 1.169077575850898 2 525 8 16
3124 1.5462084842988517 0.04581789269859169 7.2941923998265876 143 160 169 1.0405550387812454 6 53 8 24 23 121
3125 1.6252405622235233 1.2882318722555064 7.3792811786360613 146 160 168 1.3497277788103141 6 563 8 28
3126 0.94928299095377477 -1.998461575741558 7.4263033987778568 179 186 196 0.35442700134434596 1 219 7 146 9 112 8 52
3127 0.80312994497933643 -0.53434873471192934 7.553597173869278 93 87 77 1.8626315640069242 34 531 8 72 10 71 29 142
3128 0.84436059887445514 0.84534229695964891 7.7844182852755024 111 88 60 1.2250175858870995 17 85 8 76 10 74 23 69 29 61
3129 0.75818354579192038 0.32005864488944968 7.7376893437643499 88 57 44 0.47514553424704176 1 239 9 132 14 75 39 87 8 79 12 51 20 88
3130 0.08609968177697952 1.4542862894969548 7.9782865719967901 0 2 16 0.77053109798739217 7 174 9 208 11 154 8 95 12 65
3133 1.6303554671509113 1.5449215243147301 7.4618609890402006 144 158 168 0.67227763621735537 4 1391 6 1425 8 161 10 165 19 200 20 177
3134 1.6367896991140811 1.5503467952895023 8.097938284856399 132 151 159 1.3436498546102069 1 47 8 165
3135 0.99743145681735834 2.2232610071184666 7.9334134265331668 125 148 156 2.0476868220784143 39 95 8 180 22 161 10 187
3139 1.0770018960833154 -2.1087589307470767 7.266200199001303 24 20 17 0.17662256700595247 9 344 14 362 8 304
3140 1.0778137806604546 -2.1164235552468216 7.2830387737528506 24 20 17 0.17837403224068915 9 345 14 363 8 305 10 336
3141 1.1247917499116387 -1.975030876591735 7.4176563367950008 154 174 185 0.87028646117521868 2 604 15 431 1 212 14 40 8 39 4 121
3142 0.94321118416599026 -2.1725352269263132 7.6911549121621343 130 135 145 0.26230089439889026 8 123 3 1083 4 1261 6 1302 2 1214 15 784 14 125 10 124
3143 0.67820255132405749 2.2138295427836368 7.9789099735734812 123 143 149 1.4272356640740993 5 97 1 253 7 166 9 139 8 145 11 201 12 56 10 82 10 194
3144 1.4859108771505238 -1.5218212376852545 7.1149985902323234 203 207 211 0.3943166346622467 8 108 9 167 39 432 12 10
3145 1.5335369305104212 -0.28081468822449718 7.2704204805845549 178 184 187 1.2294087229580091 6 867 12 12 20 21 29 110
3146 1.1205262060948813 2.0207163023588985 7.8502011713050939 46 60 85 0.33562579640638029 1 232 11 74 12 47
3148 -0.2322821613661557 -0.6595932763091229 8.2964507564809082 31 29 30 1.5095866663421276 6 527 12 124 10 156
3152 1.3260014585169826 0.22145125669007931 7.4297719349037523 106 82 55 1.8537329065156998 17 352 12 293 19 143 20 337
3153 1.8305988964964339 -0.055291961971425246 7.7040383697849153 156 145 170 2.3483774326104343 15 913 5 271 1 282 9 156 14 174 11 160 8 100 12 70 1 193 7 115 15 635 9 158 14 95 11 99 17 126 17 178 8 9 22 122
3154 1.4796953662050061 1.5702868819590154 7.4742960466382815 156 119 81 2.1624810509790668 2 878 7 39 14 116 11 116 17 37 8 117 12 25 3 681 1 52
3156 0.18713936856340263 -0.71879725063425604 7.8948755251127878 27 26 46 1.791131808603001 2 1335 39 411 12 184 3 555 1 260
3157 1.0373077182932626 0.7215706187210853 7.660310076761272 186 167 160 0.69032252772603542 7 367 8 267 11 298 14 300 12 233 20 248 23 245 29 221
3160 1.1546278670529475 1.0072753306307489 7.7913478873383193 179 164 153 1.3455828588324881 17 65 36 754 22 54
3162 0.71844886098393013 -0.21181166928301581 7.6890902597247619 176 163 153 1.2540853121400737 42 334 22 66
3164 0.67234764236177147 0.0095824327734474728 7.769178089173618 132 149 157 0.43250795028765621 1 120 25 359 39 82 22 69
3165 0.6408274732138981 -0.16351767953358951 7.7498388538359313 127 146 153 0.21873958444353059 1 240 39 81 22 71
3167 0.45397035318190682 -0.20597397179051685 7.8541477651260143 107 132 146 0.58092849930131774 1 129 39 217 22 80
3168 0.45996625453284118 -0.15955320994830249 7.8678382663642328 109 132 147 0.3592158537259898 1 130 39 216 22 81
3169 0.45996625453284118 -0.15955320994830249 7.8678382663642328 109 132 147 0.3592158537259898 1 131 39 215 22 82
3170 0.28142739589531007 -0.54628955706191318 7.8476323810309383 50 66 104 1.039658582088953 1 257 6 438 22 87 29 80
3172 0.94171783599974834 -1.8599755090201811 7.1926820613333904 123 139 150 1.7027516374623208 4 142 12 95 22 152 6 184 10 120
3173 0.93959418076127454 0.22732218530628645 7.638346470484727 184 167 160 1.2261181413331299 28 659 22 160 48 160 46 159
3174 0.54461547225781237 0.2188427985262465 7.8984900433785628 124 147 162 0.40305470981986091 26 403 22 168 19 86
3176 0.51947190499631468 0.76014144301412323 7.9690596991944664 111 135 147 0.20721097314561376 1 143 39 220 22 175
3178 0.82825109964059107 -0.35583006248994109 7.6235230486821486 178 166 157 0.29940807020577509 8 213 40 677 22 233
3179 1.7734453774508638 0.5224304224922256 7.3414794824564922 197 208 210 0.65288797430441714 2 1408 22 290
3180 1.7363886048449482 0.57318750196867019 7.0779689812233784 197 208 210 0.60920998970611262 15 1116 22 291
3182 1.4876196190310185 -1.2855695391416768 6.9131370341765415 0 0 0 0.29809004456675453 3 325 11 347
3184 1.2372264150694317 0.20067207630198497 7.4506780420580698 104 92 68 1.8185490852381843 43 298 1 61 22 42 25 580 28 128 26 511 27 419 30 528 43 585
3185 0.1782725577412215 -0.85989871124409301 7.8547452495615477 128 97 58 2.0226540079039235 3 933 4 796 6 1085 2 476 2 1095 5 172 1 152 7 88 7 167 9 56 14 87 39 295 22 90 4 801 6 833 2 721 15 355 5 107 7 87 19 106 20 102 23 89 29 83
3186 1.6195949426491576 -1.1232315226311891 7.3309548201545676 227 204 194 1.4532886200271031 2 33 15 647 5 200 1 289 7 191 11 103 17 129 12 75 22 126 11 102 17 128 10 105
3188 0.19738974708395957 1.5654893420418738 8.3481133192890677 144 105 52 0.87988331051034796 1 177 22 101 10 95
3189 1.4553624983549127 -1.8859580260565174 7.0332739752253364 203 211 219 1.6707090421695472 6 545 10 277 4 500
3191 0.52550612676096786 -2.1355933633260533 7.6820216214356529 36 33 28 0.23672610839090535 1 499 7 415 10 330
3192 1.6460722814940543 -1.0610800026500355 7.3654923078311541 234 212 200 1.7490127416148156 5 196 1 287 7 188 17 125 10 104 2 765 15 391 5 137 7 125 17 11
3193 0.11106705359828536 -0.53044028499408669 7.9434892278170652 58 57 81 2.5519141853875076 11 147 3 1227 4 1419 6 1454 7 245 17 215 12 116 1 334 22 181 39 366 5 256 10 92 3 301 15 607
3195 0.73725042168755872 -0.48498082408511084 7.6599479580483685 114 133 145 0.26586594806317687 27 377 21 28
3196 -1.2116833031179872 0.86789586709956501 9.0708181020173342 117 89 66 1.6936211083625821 40 540 21 77 35 516
3197 -0.24223286065108804 0.22298806358298942 8.3395044843964374 192 174 164 0.63400688484597478 26 514 21 111
3198 0.54699582536369196 -0.57260768883256052 7.7713582258847644 114 142 153 0.56913257129680461 34 724 40 775 21 347
3199 -0.058558908674415065 -0.15179557036893387 8.197546962426042 49 38 24 0.62232198984150788 45 838 21 380
3201 1.2452718775575125 0.80323520632763035 7.5634044525173971 125 140 143 1.2614072798870868 25 480 22 148 21 78 43 528 45 511
3203 -0.2982303617047789 0.51438860748736082 8.4308811062883446 45 54 70 1.6632180422330918 24 689 25 864 26 696 27 535 30 654 42 728 43 686 31 674 40 702 34 645 45 744 21 156 30 547 43 597 45 338 26 114 33 171 40 151
3204 -1.1705344478460238 0.69654174635712829 8.9894446047812071 91 74 35 1.9704663704849308 24 736 27 587 36 700 45 623 21 208 28 243 26 311 30 298
3205 -1.283033715461515 -0.27930751997219244 8.9436819351108046 170 155 133 2.0599144511655689 35 610 28 724 42 708 31 654 40 679 34 582 21 232 28 35 25 43 26 15 27 280 43 36 36 94
3206 -1.1808595410360763 0.13720637700490829 8.9459577566424873 108 116 144 0.56734539578240339 35 569 30 593 43 632 36 630 45 595 21 239 35 570 28 599 25 684 26 503 27 481 30 594 42 544 42 632 31 516 33 534 32 521 40 508 40 598 34 467 36 631
3207 0.12526147928484174 0.097131774398051068 8.1269959522829325 117 123 141 1.5513946379530044 24 673 25 844 26 678 30 641 43 670 45 726 21 241 24 103 35 93 28 102 42 106 31 97 33 123 32 106 40 109 34 83 36 145
3208 0.83761567451898988 0.49750099027460198 7.7291236153843474 92 81 75 0.27997849514147471 24 787 21 384 20 321 23 319 29 291
3211 1.0360273202509738 -0.59816623326381246 7.5564346305463745 79 83 81 0.87896551902069375 17 52 46 23
3212 0.71561740597236112 -0.035526657078263323 7.7285618671898089 149 145 135 0.78168745462457745 1 116 39 84 19 78
3213 0.64065001907962271 -0.10891599278869636 7.7612438859696677 114 129 136 0.58145669494433305 22 72 19 84 39 317
3214 0.10504457448957517 -0.46957574464863078 7.939527287000292 105 108 139 0.67914252894746852 1 164 17 113 19 109
3217 1.258278031541286 0.74840410889341513 7.5497248547235261 90 79 53 0.29083769632186462 2 1206 24 557 19 146
3218 1.1532352525893739 -0.25906538820178571 7.4465977909116017 162 153 140 0.4416140342313421 17 145 19 156
3219 0.093205591968945969 -0.25375488886611636 7.9387370503313948 15 23 59 0.34376554665598857 17 116 19 178 1 172
3220 0.042962291785646374 -1.376267938745817 7.8499406303265644 150 149 154 0.72800055751032944 12 113 19 189 20 201 23 205
3222 1.7876508660375185 0.84300371240084515 7.3404955432952272 142 137 167 0.77846384600112606 1 290 9 164 19 300
3223 0.49469112968982853 1.8618048712308617 8.1682980410503685 109 134 143 0.75055134491626196 5 422 7 391 19 317 20 291 23 282 29 256
3224 0.13740502778026298 -0.90896284875848621 7.8840473300973315 35 51 70 0.49719596395594828 4 1558 6 1584 19 360 20 323 23 322 29 295
3228 1.4013022142627747 0.4425961344474596 6.349983527407379 0 0 0 0.71483913046917313 5 28 12 228
3229 1.6176913957055941 -0.82508649177429705 7.185344831037118 192 214 220 1.2071760124792941 4 0 6 0 29 302 20 328 23 327
3230 1.4323497775376473 -1.9188218246753865 7.1922126625309701 153 172 187 0.25372446849574759 19 244 23 219 20 220 29 191
3231 0.73203737975137739 0.47672426822559916 7.8682144691707432 71 56 50 1.1976770183241772 8 80 20 89 11 80 29 63
3232 0.73036555416691051 0.019910255135690072 7.7576800407294648 65 57 44 1.9497431888870309 1 113 20 94 22 67
3233 1.6027081371445451 1.0658126569420643 7.3935862780731112 129 143 150 0.88764441582425802 4 1110 6 1158 20 125 23 117
3234 1.2650536351430921 1.7187662318270265 7.6799492224630566 92 65 18 0.10036911917335878 19 207 20 132 23 127 29 114
3236 1.7726540331498559 1.3020733130928472 7.6040766947685858 193 211 219 0.20747189697922586 19 237 20 205 23 207 29 185
3237 1.7352731055226029 -1.4709822573620832 6.9677387388821277 231 218 214 0.45223524956559047 19 270 20 211 23 210 29 187
3240 1.0716797037065615 -0.26712121271667078 7.5113996185998362 164 155 150 0.16895407691423503 19 310 20 287 23 280 29 255
3242 0.37436053292936178 1.7200031114422589 8.2003801646436756 159 141 136 0.77933696255002594 9 304 19 288 3 1328 4 1478 6 1516 2 1381 15 1077 2 1339 5 348 5 384 1 414 7 356 9 277 14 282 11 282 17 239 17 280 8 253 12 217 10 228 10 268 19 255 20 256 23 226 23 253 29 200 29 228 18 173
3243 0.48210200846325008 2.2162118425749013 8.2397534295815298 20 22 58 1.5696275613896533 2 1405 15 1133 1 461 11 327 8 299 22 277 22 328 20 195 20 254 29 139 23 77
3244 1.9685068193015873 1.4526327520263138 7.7432344694084501 149 153 168 1.8724977357612222 5 123 7 113 11 17 8 13 12 5 10 7 5 117 1 18 7 10 9 11 14 7 11 12 17 13 8 10
3246 1.1689026022879123 1.0020593302961873 7.5911068003099977 66 60 43 1.8409633556225886 14 128 20 36 23 27
3247 1.1352257752509129 1.0361773582534792 7.6518786624783486 58 54 39 0.66041178408203516 17 66 23 37
3249 1.1294798605444629 -0.45688951613295314 7.4553909884631375 69 72 65 1.2807095810723661 5 227 22 45 23 59 29 48
3250 1.2334764719510052 -2.3863509145714508 7.0104970297322557 147 159 168 0.2477012754891238 4 64 20 84 23 71 6 86
3251 1.0821244533059013 -2.1306211355083113 7.193527868104395 166 200 220 0.90898515994203077 3 1197 20 91 23 78
3252 0.94181393931296187 -2.1513663737755206 7.181474816709108 0 0 0 1.1436056318114411 3 1072 19 73
3253 -0.20682717051676211 0.62597257598061051 7.1562171327142758 45 44 42 1.3863531688644812 30 129 23 96
3254 1.7070666980769011 2.2186098327703836 7.5315288946956445 183 194 200 1.6631532878954876 10 280 20 120 23 112
3255 0.67736378240348982 2.0317809339680188 8.0297035099332081 20 32 59 1.3411465325761305 20 189 22 268 39 376 23 153 29 177
3256 1.5158642448128945 -2.0235183563854462 7.0499762424842327 186 207 220 1.0087761483080033 3 601 20 183 23 190
3258 0.87888109626429889 -0.56202390988461537 7.5524272101197338 50 37 15 0.36032219170740842 10 182 11 192 23 197
3259 0.54466269964635361 -1.8660180442675887 7.5637130282769833 28 46 104 0.5951089339699015 14 72 23 229
3260 1.6348493615510582 1.9371786039784114 7.5628158188054897 112 139 146 0.68991754104523129 4 1507 6 1548 20 273 23 271 29 245
3261 1.1802064902519549 1.9273767223203937 7.7900290665389456 96 125 133 0.26224117281573645 19 334 20 302 23 299 29 270
3262 1.3527449140702827 -1.836823507292787 7.0737516305767381 106 134 144 0.37436124000551674 19 369 20 331 23 317 29 289
3263 1.7746662970134541 2.1304775825138194 7.5481441558605518 177 205 218 0.27279558424068845 19 364 20 324 23 323 29 296
3264 1.7746662970134541 2.1304775825138194 7.5481441558605518 177 205 218 0.27279558424068845 19 365 20 325 23 324 29 297
3265 0.1086641286642028 -0.41199253410719666 7.9448987020267579 118 111 130 0.33649810629029708 3 1229 4 1374 6 1410 2 1252 15 987 5 257 1 336 9 203 14 162 11 148 39 191 8 152 12 119 23 165 20 167 3 1230 4 1375 6 1411 2 1253 15 988 5 258 1 337 7 248 9 204 14 163 11 149 17 172 8 153 12 120 22 183 19 176 23 166 29 150
3268 1.6333041186347801 1.0205965190682349 7.4624495535789475 142 153 160 1.5207512454601 4 832 29 20 6 869
3270 0.84615280101195289 -2.1485633175137635 7.4311000420510274 207 220 232 0.44636524579687653 20 98 23 85 39 100 29 76
3271 0.53740767336173301 -2.1205721837079503 7.5353869537903826 161 202 220 0.68523338747845131 3 1122 29 81 4 735
3272 1.5980299095306494 1.682719407041364 7.5386081935092895 0 0 0 0.080138385799655057 5 281 17 190
3273 1.8244608647985454 -1.6558198285924193 7.2947771896587694 172 207 226 0.37494510790743601 19 133 20 209 29 186
3274 1.6805735206487289 -1.0453629029874869 7.4163776135949071 234 216 212 0.85032200501891764 19 271 20 242 23 239 29 214
3275 1.6970653842992292 -1.2581082196170068 7.4590589666152223 227 216 210 0.31278669912981111 19 305 20 243 23 241 29 216
3276 1.6580581668146601 -1.5863978019831626 7.332743743279968 186 19 35 0.40911039404009686 19 273 20 279 23 275 29 218
3279 1.7560050669428866 1.5876691323893553 7.5434566717423079 65 72 120 0.52237364443776202 5 206 1 300 7 197 9 94 14 106 11 108 17 134 15 685 8 110 12 80 22 135 10 108 29 10 19 13 20 5 23 5
3280 1.7560050669428866 1.5876691323893553 7.5434566717423079 70 76 130 0.52237364443776202 15 686 5 207 1 301 7 198 9 95 14 107 11 109 17 135 8 111 12 81 22 136 10 109 29 9 19 12 20 4 23 4
3282 1.6579210365575674 -0.16973958534601197 7.5464411578051642 192 211 217 0.42152853926621792 19 368 20 327 23 326 29 301
3284 0.78741630261178264 -0.4047522529299763 7.5711295599692345 51 56 49 2.3867405533517672 8 74 10 72 48 26 22 61 46 30
3301 0.47629485528159565 -0.016999567815704685 7.8831985898888455 12 25 66 0.28580764301319744 24 669 35 695 28 730 25 840 26 674 27 560 30 682 42 753 43 712 31 701 33 746 32 724 40 724 34 674 36 765 45 721 3 1320 4 1493 6 1506 2 1364 15 1098 5 370 1 433 7 340 9 293 14 266 11 264 39 449 17 262 8 236 12 201 22 267 10 252 21 236 19 290 24 670 35 694 28 731 25 841 26 675 27 561 30 681 42 752 43 711 31 702 33 747 32 723 40 725 34 673 36 764 45 722 3 1319 4 1492 6 1505 2 1363 15 1097 5 369 1 432 7 339 9 292 14 265 11 263 17 261 8 235 12 200 22 266 10 251 21 237 19 289 20 263 23 259 29 236 18 148
3302 0.94480559012143983 -0.035966425032146407 7.6152764154738888 158 153 149 0.55465118214355125 24 631 35 646 28 691 25 802 26 634 27 518 30 635 42 710 43 668 31 656 33 693 32 637 32 678 40 681 34 619 36 681 45 666 3 1261 4 1441 6 1474 2 1330 15 1030 5 338 1 405 7 313 14 235 11 231 14 206 8 212 12 180 22 232 10 220 21 146 20 191 23 195 48 225 24 632 35 647 28 692 25 803 26 635 27 519 30 636 42 711 43 669 31 657 33 694 32 638 32 679 40 682 34 620 36 682 45 667 3 1260 4 1440 6 1473 2 1329 15 1029 5 337 1 404 7 312 9 266 14 234 11 230 8 211 12 179 22 231 10 219 20 190 48 226 47 228 47 229 39 382 39 417 18 112 46 210
3303 0.48097780005921448 0.11307075761351761 7.90004783128588 61 82 115 0.28034657752500258 24 675 35 653 28 734 25 846 26 680 27 567 30 691 42 759 31 662 33 701 32 682 40 687 34 624 36 730 45 728 3 1295 4 1472 6 1508 2 1366 15 1067 5 372 1 435 7 342 9 268 14 268 11 266 39 448 17 264 8 238 12 203 22 270 10 254 21 242 19 286 29 202 24 676 35 654 28 735 25 847 26 681 27 568 30 692 42 760 31 663 33 702 32 683 40 688 34 625 36 729 45 729 3 1294 4 1471 6 1507 2 1365 15 1066 5 371 1 434 7 341 9 267 14 267 11 265 17 263 8 237 12 202 22 269 10 253 21 243 19 285 20 262 23 257 29 201 18 125
3304 0.49326975081172209 0.36098114516865837 7.9273549371487118 29 52 94 0.3719098200764816 24 683 35 666 28 742 25 855 26 689 27 577 30 706 42 768 43 724 31 709 33 757 40 734 34 640 36 741 45 739 3 1296 4 1473 6 1509 2 1367 15 1068 15 1099 5 373 1 436 7 343 9 269 14 269 11 267 17 265 8 239 12 204 22 273 10 255 21 256 19 282 20 260 23 227 29 232 24 684 35 667 28 743 25 856 26 690 27 578 30 707 42 769 43 725 31 708 33 756 40 735 34 641 36 742 45 738 3 1297 4 1474 6 1510 2 1368 15 1069 15 1100 5 374 1 437 7 344 9 270 14 270 11 268 39 447 17 266 8 240 12 205 22 274 10 256 21 255 18 150 18 151
3305 1.5354980184473133 1.7347744647365007 7.5264179213260727 131 92 39 1.0490216223176563 15 158 5 43 7 38 4 1162 6 1213 2 1193 15 756 5 217 1 306 7 207 14 114 11 114 39 250 17 138 8 115 12 90 10 115 20 13 29 22
3315 0.78441716935061812 0.41383121996767841 7.6682529880088879 105 83 43 0.42220709506784376 48 299 46 282 47 305 38 431 44 547 41 468
3318 0.85734973019824257 -0.19920244585888003 7.491676683848727 180 179 175 1.6663751474429738 48 337 41 556 46 314 38 514
3330 1.0829749719586892 -0.5427877108904019 7.4484133542587889 0 0 0 0.31455805978682139 20 75 29 55 5 234
3339 1.3835801686403459 -1.54667644063278 7.1955120316137604 0 0 0 2.9407212619254146 2 83 6 73
3358 1.2213264313951786 0.12499175436510211 7.4775662268390555 48 37 26 0.63407589399066722 41 49 48 84 46 84 47 180 44 79
3359 1.586969498708412 -0.24894051528273461 7.1797543027856392 7 9 14 1.1359055288683402 32 55 34 44 48 88 46 88 47 97
3360 1.456316998322942 0.032800776579790823 7.3696850230860802 2 10 16 0.61440366557977322 41 54 48 89 46 90 47 101 38 45 44 89
3387 1.6256776888619411 -0.51489609019645122 7.2692020943930933 103 97 107 1.3291532396598951 45 201 48 146 46 146 47 158
3390 1.4904066715634559 -0.23832828774702994 7.2948586023403665 81 101 109 0.44661160319458654 48 159 46 157 38 37 47 172 44 64 41 39
3393 1.4902854362861262 -0.1270354268469269 7.3177994348147095 90 107 113 0.47347200799571981 41 45 48 163 46 163 44 73
3434 1.5214311704485588 0.028733329941371885 7.3316717866990455 94 114 122 0.59562823242733931 41 320 48 249 46 234 47 255 38 287
3464 1.2367871483427597 0.12896435914795246 7.4903299791126514 89 73 40 0.66582042034002864 41 413 48 300 46 281 47 306 44 479
3466 1.6015507051877964 -0.16223573856226364 7.2341642660544494 99 101 107 0.49933849085623394 41 416 48 302 46 284 47 328
3522 0.18159830842567662 -0.17311563421689002 7.9267303785252459 0 0 0 1.4811159203663735 8 298 10 314 2 1431 5 425 9 324 14 334 15 1152 17 325 1 483 22 329 4 1521 6 1559
3526 1.2094584443591676 -0.11772819260984779 7.4483486880506984 31 26 8 0.64411174221061596 41 35 46 154 47 164 38 31
3528 1.5161177699607471 -0.29158797692598826 7.1616872581035036 86 103 105 0.23792671252780592 36 355 47 175
3536 1.6017531882997413 -0.043447198999685098 7.2746890659226953 82 110 124 0.86380300813077882 41 321 46 235 47 256 38 288 44 387
3545 -0.11011611126185269 0.79895686905264895 7.9352961946322376 0 0 0 0.48307063018213664 46 262 48 271 47 285 41 50
3566 1.6028292614635571 -0.27707303149787327 7.1975263731529893 73 84 93 0.96796099051048812 42 329 43 255 31 297 32 297 40 295 36 357 28 320 45 16 46 165 47 179 48 165 25 337 26 209 41 44 38 42
3571 0.48163650033078481 0.035225653504394799 7.873134295687878 54 84 116 2.5938223526161925 35 290 25 360 26 490 27 401 42 96 32 329 40 325 45 284 3 860 2 688 33 112 15 539 1 133 7 82 39 63 24 82 2 684 39 72 35 294 25 564 31 339 32 334 34 300 4 987 6 1033 5 170 7 165 9 54
3575 0.89826204688120592 -0.52689600008963455 7.5487543942266893 56 41 22 2.1112724384839887 39 488 18 111 15 968 17 151
3576 -0.11742432034334202 1.4577131630767763 7.0467372202997272 22 19 16 3.2349322081062097 17 121 18 54
3579 0.4252783465553413 -0.70885175987139359 7.4435173648933635 202 204 202 1.0044607414903266 46 196 44 6
3580 1.1496597942499209 -0.61246268758522571 7.3215751859593796 0 0 0 0.98270782305408522 38 14 48 30 44 15
3581 1.6036891207254722 -0.75104211457710313 7.1375198667612896 31 44 56 0.15573255962253491 46 35 47 43 48 36 44 23
3584 -0.14765448205929438 0.51390519200581353 7.7897365969294707 17 28 66 0.51542421597858801 46 153 48 154 44 59 47 71
3591 -1.5522674867560828 1.3137337323166816 8.0194359220549956 119 119 127 0.9302040523125864 47 247 48 242 44 102
3592 -0.14900571295369092 1.1080438551385099 7.9552223678661793 22 34 74 1.1458192699226006 46 174 47 106 44 108 48 96 48 174
3593 -1.8164660921399582 1.482161020153878 8.0269495862316891 127 135 154 0.77650899179873423 46 169 47 182 48 168 44 110
3594 -0.10689164493104751 1.1586065614463743 7.9674828592257638 39 47 84 0.38693652833784825 46 99 47 111 48 100 44 112
3595 1.6361316553041503 0.17645146574727255 7.3263811805988128 118 144 159 1.9594723231394358 46 109 44 115 47 120
3597 -1.8082881922773946 1.7333398837371012 8.1502009315453741 36 44 82 0.57814687685420796 46 175 47 189 44 119
3599 1.1682160606037733 0.72552614525196835 7.5963009704025408 0 0 0 1.0256998864418814 46 116 47 124 46 117 44 125 38 55 41 78
3600 0.84214111302960248 0.99777621037574427 7.784643883235784 48 53 47 1.197948791468298 46 115 44 127
3609 1.6207692634389832 -0.70473404426134056 7.1423024730890274 120 130 147 0.2901955490299859 46 204 47 227 48 220 44 242
3613 -0.71788215962851143 0.63732368960870078 7.8532388559400088 113 115 129 0.68738098344348508 46 149 47 235 44 259
3616 -0.9520506307264438 0.77718005683725067 7.8727455274457778 132 140 158 0.45707810523354675 46 218 47 238 48 230 44 263
3621 -1.0177916343505469 0.97181075736089695 7.9291955549692306 114 127 150 0.30404264024281996 48 238 44 274 46 224 47 243
3622 -0.19259901640543953 1.0910624960008206 7.9359144558897556 95 104 133 0.071305055207643672 48 97 44 282 46 97
3623 1.6901380452874146 0.1488064025506142 7.2667710037244921 0 0 0 1.0229938557838394 38 183 46 240 47 260 48 253 44 284 41 211
3624 -1.9055326477782082 1.6988785098474841 8.1304222031943638 65 82 108 0.41718275034601182 46 172 47 183 48 171 44 285
3629 -0.28797211046390564 2.0911272378393204 8.2431584370590869 108 133 145 0.24825023197495252 46 186 47 198 48 180 44 304
3630 0.046811715018890331 1.9315954192176332 8.1548090639112232 130 154 165 0.18794127318024209 47 199 48 182 44 305
3631 0.046811715018890331 1.9315954192176332 8.1548090639112232 130 154 165 0.18794127318024209 47 200 48 183 44 306
3634 0.98499779862975956 -0.21182004072815366 7.4455971791695212 0 0 0 0.45111381979283682 38 163 41 299 46 211 44 370
3635 -2.1201477490632072 0.76504345516075423 7.8077813635404727 0 0 0 0.58939528603121971 41 34 46 206 47 224 48 221
3638 0.014765425580170088 0.82217009031826438 7.8882528630929896 102 103 108 1.585105735932947 46 229 44 386
3639 0.092199912551574628 0.79412763092505056 7.8377974754694772 155 155 155 0.66685286883933748 47 251 48 247 44 388
3640 -1.6233791752910791 1.3383635402901461 8.0441899218319914 176 175 181 1.1578539420273068 46 228 47 246 48 241 44 391
3643 -1.1295042515057421 1.4658486536002757 8.0861858496901657 65 82 105 1.0647335943259268 46 173 47 187 44 400
3644 -1.0669375263889833 1.4635987765737684 8.0636304373418621 119 130 153 1.1459404272596796 46 237 47 257 48 250 44 401
3645 -0.14029604055056397 1.2632095170300612 8.0000652515806188 116 123 145 0.46824513644952848 46 239 47 258 48 252 44 403
3647 -0.11951378829661072 1.9985387632927045 8.1842538286552617 125 150 159 0.4979698150427791 46 242 47 262 44 411
3648 -0.11947494088779653 2.0004095061346616 8.1854030198196632 125 150 159 0.41325301784052498 46 243 47 263 48 181 44 412
3651 0.050073067124191344 0.58204670345128173 7.7798027026544103 153 156 165 0.85470747674690506 47 282 44 473
3653 -0.060330089287923265 0.66053727504622795 7.8117681607509235 114 113 126 0.68048913268637734 46 261 47 284 48 270 44 475
3656 -0.20209975171677008 0.80220278078577911 7.8527141874260433 26 43 93 0.96717838183943372 46 264 47 286 48 275 44 480
3657 -0.021945340872516747 0.72562764497522825 7.8470074415341591 159 158 163 0.8794416132101841 46 225 44 481
3658 -1.6022416821645451 1.1528822375119561 7.947069230861131 133 131 144 0.43781167712077246 46 279 48 298 44 482 47 303
3659 -0.77992329438709362 1.0395283489320741 7.981640742884454 163 164 168 1.023259996150238 46 280 47 304 44 483
3660 -1.7586763976010324 1.8080176497236364 8.1586427799248913 38 51 96 0.15649039924615238 48 279 44 493
3668 2.027873946317365 -0.89958192086797939 6.6896419171354387 184 195 198 0.29780890972502433 38 547 41 584 44 599
3669 -1.6672070403706611 0.92568108201590771 7.8447773903374385 75 85 117 0.30611396731926571 46 316 47 337 44 603 48 339
3670 1.6960722876248098 -0.25929169876479674 7.2447531366962767 121 158 177 0.24242511150149107 47 362 48 363 44 605
3675 -0.15855862932954853 0.44748472579069054 7.8433702513735009 104 116 142 1.0914392366286463 46 213 47 231 48 227 44 643
3681 -0.19621101886081066 1.1100092336746068 7.9406794399979157 111 121 150 0.31635227062579413 46 325 47 348 48 350 44 683
3682 -0.19621101886081066 1.1100092336746068 7.9406794399979157 111 121 150 0.31635227062579413 46 326 47 349 48 351 44 684
3684 0.55132632303103812 0.46337115957750302 7.6813584759004883 127 151 163 1.189565287176034 46 352 47 370 48 373 44 702 41 600 38 561
3687 -3.2204971055473774 2.6648593625202914 8.3607702092165663 0 0 0 0.37383910472364812 46 373 47 393 48 396 44 723 38 585
3689 1.3312630897656217 -0.18382475054201139 7.4304608256788143 112 148 164 0.99141177926793167 38 424 41 520 44 594
3690 0.78707423964388967 0.13761658609190794 7.5714335943898554 0 0 0 0.51035351929062289 38 426 41 462 46 304 47 326 48 322 44 601
3692 1.5516060320577594 -0.62071831357255181 7.167937674112923 0 0 0 0.53958056391778064 38 544 41 595 46 351 47 369 48 372 44 697
3693 1.5516060320577594 -0.62071831357255181 7.167937674112923 0 0 0 0.53958056391778064 38 545 41 596 46 350 47 368 48 371 44 698
3695 1.0399183824565117 -0.77792815379559643 7.3436413621336278 0 0 0 0.63833961835562258 38 3 44 233 41 5
3696 1.0399183824565117 -0.77792815379559643 7.3436413621336278 0 0 0 0.63833961835562258 38 4 44 234 41 6
3701 0.96782302136955867 -0.72269013475421962 7.3812195806002574 0 0 0 0.78293974184429282 38 250 44 364 41 283
3703 1.5544360917088618 -0.77801895567407875 7.126724352292551 0 0 0 0.42061592720161706 38 367 44 542 41 402 46 299 47 322 48 319
3708 1.0389033572402693 -0.49345977440272343 7.4602055131979341 0 0 0 0.70121697473161559 38 539 44 676 41 579
3716 1.6567185776766746 -0.43904783333484781 7.2868530967388399 0 0 0 1.3874006254553934 31 572 38 271 41 301
3717 1.5991741187317809 -0.27572944104317187 7.1928193059811694 103 118 127 0.81297223555244902 35 262 30 213 33 320 40 65 40 294 34 263 36 358 45 15 24 273 38 41 41 43 44 72
3718 1.0089221065413891 0.22791210932254016 7.6152250836915822 146 143 140 0.51297565786713795 24 641 35 661 28 700 25 813 26 644 27 527 30 647 42 719 43 678 31 667 33 709 32 693 40 695 34 635 36 737 45 735 3 1292 25 854 27 570 4 1468 6 1503 2 1324 15 1064 1 403 7 311 9 265 14 261 39 418 17 232 8 210 12 178 22 230 10 217 21 247 19 252 20 224 23 222 29 194 18 113 46 259 47 283
3719 1.256546042184649 1.6571170782776692 7.6827119572241056 170 152 139 0.77816555000609178 3 1250 4 1434 6 1467 2 1318 15 1020 5 333 1 367 7 283 9 231 14 232 11 227 39 328 17 229 8 208 12 176 22 229 19 211 20 134 23 129 29 119 7 309 12 174
3720 1.8153334110948049 -1.4687969982282207 6.8971136144820129 131 166 179 1.8646084188511325 46 273 47 314 44 2 48 291 44 230
3721 1.0609498567164366 0.36518154329806629 7.596468103147628 18 14 13 0.69007035028480024 24 160 33 160 32 137 40 137 24 645 35 668 28 706 27 579 30 651 42 724 43 685 31 671 33 715 32 697 34 642 36 743 3 1290 4 167 4 1465 6 210 6 1500 15 1059 39 421 17 231 22 53 21 257 19 249
