mtllib scene_textured.mtl
v 7.938243 -7.363731 56.498795
v 8.213888 -7.299397 56.293747
v 7.936378 -7.110677 56.318245
v 9.983865 -6.098308 54.217422
v 10.186823 -5.734441 54.047676
v 10.262988 -6.068537 54.066448
v 26.193605 6.548273 40.409389
v 25.851311 6.730580 40.309994
v 26.003153 6.324862 40.266716
v 23.130535 19.184269 42.935310
v 23.316893 19.400700 43.009983
v 23.524809 19.151937 43.005615
v 13.057435 -2.344476 50.103481
v 12.932548 -2.369626 50.308895
v 13.010882 -2.100425 50.247017
v 6.766626 0.119850 57.702381
v 7.102377 0.296657 57.446415
v 6.959406 0.063147 57.554886
v 16.298622 -0.674876 46.686298
v 16.869267 -0.862674 46.846924
v 16.384993 -0.918634 47.026657
v 23.276321 6.318371 38.827782
v 23.746832 6.594656 38.790043
v 23.648745 6.138667 38.702763
v 13.237350 -1.177356 49.787949
v 13.119586 -1.207471 50.047611
v 13.188199 -0.910006 49.936039
v 18.259169 -7.170951 55.104603
v 18.372179 -7.093077 54.949955
v 18.924814 -7.160206 54.643646
v 13.205749 -0.618647 49.976566
v 13.390335 -0.677057 49.638000
v 10.852035 -5.913041 53.714943
v 10.851995 -6.185246 54.000362
v 11.078004 -6.017289 53.725986
v 12.963664 -4.644847 51.730717
v 12.555630 -4.625256 51.884014
v 13.007864 -4.854218 52.112801
v 13.316970 -5.612288 53.287704
v 12.858803 -5.796484 53.464523
v 13.445863 -5.912468 53.712341
v 12.692338 -4.878124 52.195202
v 13.750731 -4.236485 50.957756
v 13.558021 -4.160925 50.809277
v 13.441107 -4.273183 50.982231
v 10.828979 -4.346801 53.747353
v 10.773534 -4.582173 53.810841
v 10.893328 -4.618620 53.535873
v 18.393425 -5.882528 54.462620
v 18.174036 -5.669421 54.399979
v 18.541494 -5.682518 54.254482
v 3.759510 -8.579073 53.933262
v 3.839334 -8.313959 54.076077
v 3.624262 -8.187916 54.142189
v 11.291309 -8.031629 57.174850
v 11.697867 -8.073529 57.230839
v 11.525880 -7.904874 56.932907
v 3.531899 -8.617579 53.959385
v 3.604800 -8.753771 53.869774
v 4.710867 -10.231668 52.941277
v 5.263710 -10.330207 53.330013
v 4.867091 -9.796507 53.414463
v 11.395565 -5.573766 53.239273
v 11.820890 -5.719449 53.345879
v 11.369025 -5.888535 53.544754
v 10.473162 -5.017035 54.074783
v 10.240802 -5.231154 54.136086
v 10.270481 -4.874054 54.337540
v 11.017184 -5.755089 53.525097
v 11.189906 -5.660167 53.352612
v 3.404204 -8.491155 54.098259
v 10.333437 -4.533043 54.537781
v 10.466303 -4.337518 54.500412
v 10.359481 -4.197482 54.687405
v 12.247152 -3.135741 51.309055
v 12.088759 -3.334077 51.516953
v 12.005731 -3.125030 51.684788
v 2.557230 -2.725191 57.570202
v 3.210003 -2.649250 58.076748
v 2.861490 -3.105871 57.468224
v 3.577150 -8.837158 53.848194
v 3.811942 -8.968256 53.689358
v 3.538182 -8.833296 53.882378
v 4.181188 -8.870638 53.771854
v 6.564599 -6.735470 57.374641
v 6.818646 -6.881456 57.207962
v 6.783079 -6.636954 57.184677
v 6.864078 -8.061337 57.505283
v 6.610708 -7.952126 57.464207
v 6.816780 -8.274598 57.261909
v 4.167955 -9.744644 53.180897
v 4.169889 -9.271092 53.461948
v 4.501047 -9.578814 53.327435
v 3.854674 -9.306635 53.493176
v 18.127262 -5.928329 54.606857
v 4.611568 -9.963808 53.081741
v 5.319970 -10.686688 53.048660
v 4.911773 -10.548240 52.772800
v 7.554576 -10.948715 55.090828
v 4.708430 -8.934603 54.080891
v 7.967417 -5.717959 55.814762
v 8.248013 -5.732539 55.599297
v 8.157536 -5.944796 55.689621
v 13.659463 -7.179837 56.466763
v 13.358234 -7.377988 56.617313
v 13.748022 -7.382878 56.852367
v 10.252217 -6.577251 54.573490
v 9.950470 -6.661924 54.702194
v 10.033824 -6.432978 54.407913
v 13.041630 -5.460140 53.093056
v 12.658034 -5.495711 53.102234
v 12.371588 -5.707181 53.324093
v 19.893614 -5.705611 52.939674
v 19.812054 -5.927171 53.167854
v 19.640856 -5.887437 53.173473
v 4.458165 -9.888412 53.086761
v 5.738873 -5.280812 57.700340
v 5.622451 -4.991721 57.785728
v 5.788829 -5.009391 57.658951
v 15.664433 -5.575157 54.047852
v 15.619485 -5.780052 54.370430
v 15.257187 -5.803383 54.222591
v 18.131233 -7.373589 55.355030
v 9.289381 -6.274939 54.731457
v 9.395110 -6.634409 54.926270
v 9.581054 -6.431676 54.586727
v 9.567737 -8.621881 58.198387
v 9.947023 -9.001204 58.793392
v 9.161819 -9.010892 58.358360
v 16.048481 -8.568719 57.744446
v 16.188305 -8.565574 57.600262
v 16.122398 -8.311069 57.596889
v 17.134056 -6.671074 55.813766
v 17.398579 -6.669125 55.497623
v 17.247614 -6.948021 55.912334
v 13.583825 -6.660381 55.390312
v 13.591101 -6.498025 55.026005
v 13.342109 -6.611887 55.128098
v 4.528677 -10.391699 52.790962
v 4.788352 -10.467823 52.798088
v 5.912850 -4.589038 57.581951
v 5.720046 -4.490995 57.795044
v 5.741757 -4.773696 57.703133
v 4.662759 -10.603414 52.656864
v 3.272856 -7.911968 54.426189
v 3.451053 -8.359853 54.111652
v 10.723954 -5.317964 53.654560
v 10.556498 -5.233995 53.877369
v 10.665186 -5.035482 53.817856
v 13.422454 -9.570649 60.068188
v 13.586144 -9.765775 60.224800
v 13.699060 -9.567155 60.040016
v 5.136027 -5.708603 57.748840
v 5.212610 -5.522567 57.887245
v 5.309261 -5.683051 57.897377
v 8.575197 -0.677307 57.792030
v 8.361208 -0.999659 57.735947
v 8.720140 -1.006465 57.766808
v 5.654644 -5.591367 57.750881
v 5.831482 -5.480612 57.655762
v 5.841688 -5.682371 57.637577
v 13.989895 -7.089867 56.508904
v 7.767334 -4.752372 55.968624
v 7.934252 -4.965427 55.833294
v 7.749804 -5.102637 55.988064
v 10.744459 -8.471868 57.946270
v 10.894464 -8.312055 57.691319
v 10.601484 -8.265300 57.643555
v 5.193271 -7.752881 55.785934
v 5.185391 -7.310978 56.170086
v 5.514781 -7.802605 56.187679
v 7.567682 -5.124320 56.139416
v 7.538513 -4.845902 56.162853
v 14.671677 -7.781072 57.797977
v 14.882568 -7.784523 57.825462
v 14.783001 -7.658872 57.682384
v 5.703630 -4.236925 57.912807
v 5.883265 -4.294005 57.677288
v 5.859406 -4.026455 57.827625
v 7.680904 -7.693865 56.945473
v 7.716476 -7.422255 56.689800
v 7.483734 -7.415134 56.875656
v 7.926363 -7.571367 56.695614
v 8.046091 -5.346884 55.746086
v 13.836758 -9.735151 60.133286
v 7.221241 -3.747045 56.613968
v 7.542745 -3.597463 56.462597
v 7.407684 -3.425896 56.588829
v 14.563293 -6.283781 55.054123
v 14.946228 -6.075750 54.688431
v 15.181234 -6.318690 55.362473
v 3.106071 -6.008064 55.487175
v 3.729135 -5.973174 55.720161
v 3.258847 -5.613521 55.637093
v 10.587175 -3.345055 54.473976
v 10.763876 -3.238105 54.135025
v 10.721850 -3.593390 54.125725
v 5.501598 -4.186585 58.173950
v 5.691715 -4.022059 58.029018
v 5.528049 -5.196685 57.839355
v 8.335898 -6.525073 55.693588
v 8.542567 -6.670669 55.609097
v 8.330947 -6.722690 55.785473
v 7.453985 -5.835100 56.262444
v 7.689722 -5.762823 56.037128
v 7.541219 -6.075375 56.212528
v 8.606643 -4.378023 55.478634
v 8.307457 -4.344096 55.682056
v 8.521060 -4.058395 55.900806
v 8.108811 -4.249590 55.888226
v 7.576403 -7.287269 56.690201
v 7.386452 -4.600246 56.299717
v 7.630885 -4.522134 56.101379
v 7.491059 -4.286599 56.273170
v 8.469875 -5.234134 55.354454
v 8.595290 -5.501292 55.269112
v 8.349417 -5.476958 55.495625
v 15.135654 -9.020461 58.711155
v 15.251393 -8.836963 58.486271
v 15.461015 -9.090072 58.523849
v 8.762302 -8.864968 58.163280
v 9.039276 -8.652076 58.180637
v 7.610001 -3.908250 56.347832
v 7.811819 -4.213723 56.092155
v 5.712489 -3.265778 58.354275
v 5.855444 -2.975556 58.319759
v 5.953340 -3.220942 58.080608
v 6.637948 -7.087775 57.380047
v 6.832183 -7.316641 57.334782
v 6.867453 -7.118323 57.245571
v 5.420396 -7.102711 56.667419
v 5.436228 -6.885164 56.890198
v 5.025336 -6.755367 56.482517
v 10.646680 -3.129596 54.408485
v 10.728559 -3.042693 54.276409
v 7.676537 -6.496579 56.220959
v 7.354692 -6.242441 56.466160
v 8.996461 -8.353909 57.696449
v 6.061310 -2.869334 58.100136
v 5.538306 -2.159073 59.038769
v 5.437515 -1.867474 59.291332
v 5.242708 -2.072797 59.375061
v 12.651582 -9.946705 60.590763
v 12.359351 -9.760753 60.196133
v 12.268455 -9.995685 60.480778
v 4.656542 -3.808128 58.696301
v 4.906036 -3.911837 58.687935
v 4.979756 -3.675076 58.784477
v 5.963153 -2.196899 58.578568
v 5.890440 -2.408500 58.579659
v 6.086782 -2.296818 58.321896
v 11.142337 -9.985191 59.521751
v 3.527426 -2.410733 57.389637
v 5.297757 -0.758156 58.528488
v 5.166358 -1.041901 58.858109
v 4.896935 -1.858801 59.782230
v 5.008575 -2.030281 59.631504
v 5.203926 -1.793061 59.576477
v 8.652119 -2.282903 57.580803
v 8.367206 -2.289074 57.664150
v 8.431223 -2.000102 57.714569
v 8.258313 -2.212169 57.694561
v 5.111078 -3.130990 58.987972
v 4.950105 -2.935213 59.223568
v 4.832686 -3.200940 59.150536
v 14.159657 -9.013121 59.306068
v 14.499289 -9.196634 59.414352
v 14.556090 -8.993616 59.086872
v 12.997661 -9.969978 60.561264
v 12.515794 -10.193162 60.509583
v 13.046091 -10.204490 60.767101
v 7.567068 -0.818532 57.499405
v 7.451497 -0.520788 57.487045
v 7.290998 -0.809930 57.510029
v 4.821915 -2.248819 59.688976
v 4.690041 -2.085270 59.841431
v 4.480700 -2.408038 59.651314
v 6.069099 -1.227552 58.581566
v 5.846969 -1.148885 58.998909
v 5.986320 -0.832652 58.818665
v 5.978256 -0.545290 58.679329
v 5.714281 -0.696984 58.889713
v 5.739488 -0.861754 59.031982
v 5.728459 -1.455027 59.107655
v 5.888954 -1.582740 58.818596
v 10.582384 -0.950894 55.214809
v 10.589683 -0.630300 55.255711
v 10.466116 -0.807615 55.428165
v 11.005243 -0.620040 54.565350
v 10.887268 -0.883806 54.738850
v 10.804035 -0.596904 54.902058
v 13.670173 -2.043246 49.324097
v 13.395671 -2.009159 49.652748
v 13.550466 -1.810183 49.373642
v 12.092355 -4.072598 51.668892
v 12.140863 -4.378823 51.854485
v 12.353923 -4.214347 51.523148
v 15.160467 -5.253410 53.244186
v 14.717501 -5.265681 53.061588
v 14.974924 -5.124828 52.938087
v 16.083370 -6.492307 55.948524
v 16.580318 -6.528180 55.941574
v 16.344042 -6.657596 56.272121
v 11.373158 -3.869255 52.807934
v 11.508296 -3.878939 52.546780
v 11.459566 -3.543831 52.711071
v 11.424384 -1.651841 53.396217
v 11.298933 -1.807846 53.608330
v 11.443477 -1.934970 53.222397
v 9.502537 -2.012794 56.879848
v 9.372416 -1.903865 57.111675
v 9.512153 -1.740924 56.946999
v 14.240338 -6.620530 55.729744
v 13.896212 -6.533426 55.319370
v 14.252295 -6.435355 55.302284
v 10.392350 -3.351821 54.905888
v 10.510913 -3.581104 54.570572
v 10.398151 -3.685037 54.798096
v 8.692746 -4.682151 55.174141
v 8.446402 -4.709694 55.392826
v 10.769462 -2.301811 54.508957
v 10.673127 -2.520234 54.609341
v 10.810035 -2.558159 54.323463
v 10.272127 -3.668307 55.075191
v 9.432868 -4.467999 55.046227
v 9.240836 -4.330153 55.289894
v 9.007242 -4.499931 55.141640
v 15.388257 -7.339103 57.366295
v 15.889762 -7.550184 57.451851
v 15.793295 -7.158219 57.092636
v 10.540998 -1.192789 55.215809
v 10.400507 -1.063158 55.463356
v 16.580244 -6.190199 55.402794
v 16.203430 -6.283340 55.550903
v 10.418603 -1.421436 55.351978
v 10.271253 -1.299084 55.617985
v 13.929049 -2.545594 49.544918
v 13.842658 -2.254253 49.311069
v 13.617152 -2.318758 49.519405
v 13.358213 -1.406977 49.579311
v 13.306534 -1.675617 49.719509
v 13.186260 -1.483797 49.934128
v 9.709138 -4.605819 54.806725
v 9.645503 -4.926930 54.564663
v 9.300909 -4.703129 54.823215
v 13.787387 -1.745158 49.086010
v 6.804051 -0.821359 57.761269
v 6.651802 -1.253215 57.827660
v 7.071846 -1.119576 57.621918
v 6.458198 -1.018840 58.059120
v 13.533088 -0.869558 49.369709
v 13.457845 -1.146226 49.403671
v 13.343119 -0.974331 49.611248
v 13.611403 -0.432494 49.412575
v 13.547018 -0.655350 49.408230
v 12.704186 -1.580004 50.799973
v 12.632873 -1.714420 50.909901
v 12.765820 -1.782992 50.686127
v 13.186680 -2.015508 49.963890
v 13.069314 -1.748138 50.179668
v 14.412351 -2.445788 49.365364
v 14.609837 -2.691827 49.657173
v 14.306263 -2.699419 49.666222
v 13.909393 -0.023344 49.184227
v 13.691290 0.110831 49.613140
v 13.675744 -0.157658 49.460079
v 14.481478 -4.776653 52.104057
v 14.593567 -4.509682 51.670132
v 14.894599 -4.593495 51.961411
v 13.227935 -1.794164 49.892643
v 13.471148 -1.550976 49.413620
v 13.422647 -1.686445 49.520321
v 15.312409 -2.780513 49.759655
v 15.540010 -3.134493 50.272156
v 14.928077 -2.936731 49.944023
v 13.016348 -3.556391 50.478497
v 12.787110 -3.779628 50.788570
v 13.075439 -3.875885 50.646183
v 4.854526 -10.616233 52.692692
v 7.942495 -6.005766 55.850166
v 7.944560 -6.290114 55.914436
v 7.738147 -6.126802 56.036510
v 4.675437 -8.002659 54.894756
v 4.912274 -7.544073 55.576370
v 4.396276 -7.328936 55.155441
v 8.249165 -5.205808 55.565758
v 8.354748 -4.984784 55.451942
v 3.324631 -6.865411 54.978348
v 3.161996 -7.364964 54.759781
v 3.199321 -7.136040 54.804184
v 3.383617 -8.085390 54.252609
v 3.488248 -7.816287 54.382145
v 14.336703 -4.423101 51.409153
v 14.568165 -4.355262 51.407177
v 10.461852 -6.045792 53.983070
v 12.432652 -0.969491 51.590889
v 12.569660 -1.014966 51.206963
v 12.449388 -1.240477 51.436497
v 9.924985 -6.797101 54.922237
v 9.700374 -6.778340 54.921188
v 16.589657 0.574214 45.606365
v 16.785959 0.527544 45.449364
v 16.733500 0.741139 45.414665
v 16.583555 0.773424 45.566807
v 13.248440 -2.694285 49.934937
v 13.614173 -2.942461 49.943256
v 13.540488 -2.590159 49.706837
v 16.123955 0.481516 46.240688
v 16.189322 0.167796 46.249821
v 16.006971 0.351172 46.447388
v 10.774573 -4.827024 53.711910
v 10.641619 -4.720492 54.009392
v 23.599628 -0.173425 46.073811
v 23.363489 0.009259 46.103886
v 23.560711 0.051730 45.939281
v 18.377697 -0.438151 46.263981
v 18.505358 -0.643561 46.703182
v 18.066053 -0.717665 46.733135
v 17.055750 -0.237080 45.986988
v 17.260397 -0.309220 46.024673
v 17.261841 -0.092385 45.777279
v 16.123020 -0.148847 46.412613
v 15.933719 -0.123782 46.587467
v 15.972480 -0.346683 46.587708
v 16.402699 0.593741 45.829845
v 16.510805 0.874933 45.679726
v 16.325123 0.789792 45.924770
v 19.533928 -1.888175 48.846199
v 19.913609 -1.969032 49.026501
v 19.391506 -2.021760 49.077641
v 10.921630 -1.856519 54.395912
v 10.785410 -2.042802 54.576969
v 10.912503 -2.218603 54.265652
v 12.565042 -0.767189 51.335323
v 15.917385 1.762558 46.590328
v 16.283096 5.899373 46.017971
v 16.096651 1.547776 46.310959
v 4.406600 -9.155149 53.587067
v 15.657675 -0.324251 46.877930
v 15.502343 -0.350138 47.070004
v 15.614899 -0.127678 46.923397
v 23.721802 -0.024662 45.883839
v 23.034746 19.440418 42.955715
v 23.004839 19.688723 42.945782
v 22.800905 19.532944 42.916824
v 21.528799 14.256816 41.124805
v 21.864923 14.157151 41.002132
v 21.779610 14.394769 41.116920
v 22.073442 14.025522 40.910221
v 21.884655 13.834905 40.886532
v 17.700876 2.450419 44.059364
v 17.514259 1.169683 44.569477
v 16.915178 1.058389 45.147446
v 22.438303 9.397332 39.551674
v 22.671108 9.441583 39.432209
v 22.489559 8.792092 39.515495
v 17.581345 0.853156 44.721943
v 17.833044 0.881152 44.570992
v 25.128609 3.137867 41.609470
v 25.271006 3.218600 41.504700
v 25.061831 3.247967 41.470547
v 17.493570 0.647908 44.911861
v 17.700817 0.713510 44.743809
v 17.701481 0.545034 44.883774
v 23.313704 14.000535 40.856499
v 23.505741 13.869593 40.804890
v 23.518806 14.130634 40.904907
v 24.942266 3.759892 40.665321
v 25.002522 3.588684 40.987385
v 24.703554 3.572090 41.004658
v 10.891950 -5.490199 53.481018
v 10.758071 -5.659103 53.653286
v 23.240810 13.685363 40.748131
v 22.164742 3.857340 40.192276
v 22.235277 3.945520 40.055668
v 22.026506 3.982426 40.119919
v 21.611986 12.914450 40.630180
v 21.412922 12.976017 40.678013
v 21.454575 13.186090 40.736553
v 23.340319 4.679218 39.015301
v 23.659475 4.671098 39.050224
v 23.528639 4.974312 38.811867
v 24.089338 9.512140 39.485336
v 23.976585 9.796655 39.449448
v 23.781349 9.559336 39.286789
v 23.072580 11.039397 39.625496
v 22.988146 10.742704 39.542587
v 23.201250 10.872404 39.532909
v 26.218075 6.126684 40.267292
v 26.238874 6.324072 40.340942
v 26.417742 6.435726 40.394627
v 26.388599 6.227878 40.322365
v 26.597239 6.274153 40.360100
v 24.974154 3.482760 41.158146
v 25.932819 6.021192 40.114590
v 3.582939 -9.251118 53.638565
v 23.310759 4.337355 39.437920
v 23.458549 4.008854 40.037468
v 23.979509 4.507411 39.337917
v 8.433406 -1.598421 57.744114
v 8.530435 -1.272676 57.763523
v 8.257690 -1.317179 57.704853
v 24.353313 4.262702 39.777168
v 22.471231 10.001008 39.563137
v 22.657017 9.946332 39.481594
v 22.473391 9.833780 39.539719
v 23.714445 10.414247 39.461727
v 23.552307 10.437308 39.409428
v 23.639254 10.646611 39.521545
v 23.835531 -0.215871 45.942505
v 24.123838 -0.198638 45.827400
v 23.951408 -0.449672 46.071480
v 27.182312 8.467417 41.176678
v 27.230055 7.876759 41.079388
v 26.994984 7.931310 40.987591
v 26.236580 5.873742 40.193474
v 25.171162 19.515831 42.959347
v 25.234903 19.673365 42.850586
v 25.413752 19.482771 42.983501
v 4.079875 -3.665096 58.207676
v 3.649929 -3.303166 58.070084
v 3.889247 -3.859048 57.729618
v 17.326435 0.823448 44.918518
v 17.526239 0.764308 44.801598
v 26.706425 5.864710 40.289696
v 26.918139 5.847035 40.336483
v 26.869549 6.031143 40.357182
v 10.477281 -2.032018 55.116634
v 10.530571 -1.683073 55.109760
v 10.652247 -1.894844 54.855183
v 22.163118 14.230647 40.958305
v 22.344049 14.472136 41.026039
v 22.015480 14.428844 41.066849
v 24.422636 20.904350 41.879902
v 24.401123 21.056158 41.746395
v 24.264351 21.030416 41.860786
v 24.395973 19.341356 43.039913
v 24.669014 19.390083 43.030716
v 24.446291 19.588312 42.899891
v 23.886124 19.314989 43.029568
v 23.887333 19.574009 42.936134
v 24.043781 19.457121 42.977737
v 24.631325 20.833832 41.932690
v 24.585777 20.989529 41.773727
v 24.901278 20.911812 41.911564
v 7.165890 -2.846376 56.880455
v 7.115285 -3.005387 56.830345
v 6.937666 -2.930902 56.969761
v 10.729427 -0.844689 55.010231
v 23.513706 20.690310 42.336815
v 23.602240 20.800117 42.220810
v 23.704988 20.680185 42.276157
v 10.797145 -1.744396 54.662010
v 20.532799 17.652746 42.548954
v 20.630550 17.861385 42.559616
v 20.729036 17.616056 42.460949
v 8.570993 -0.462174 57.816990
v 8.412576 -0.486530 57.770851
v 22.801729 20.560049 42.517235
v 22.899151 20.869797 42.404594
v 22.557161 20.668314 42.487541
v 24.187086 19.964504 42.695129
v 24.399035 19.812138 42.770916
v 24.220558 19.728527 42.821255
v 6.691969 0.310426 57.608307
v 23.702269 19.543043 42.983147
v 23.511168 19.626059 42.981949
v 23.693670 19.744173 42.884686
v 5.678373 -1.248155 59.252445
v 5.524759 -1.067537 59.223457
v 24.893370 20.583256 42.221848
v 24.773766 20.708372 42.081455
v 25.082613 20.726814 42.134197
v 24.761068 19.591745 42.902473
v 24.961468 19.415257 43.026798
v 25.000963 19.624912 42.878719
v 23.300907 18.332449 42.635864
v 23.829821 18.214485 42.722031
v 23.681654 17.940533 42.500942
v 25.777151 18.971739 42.221188
v 25.660295 19.944244 42.448269
v 25.533539 20.302107 42.370960
v 25.128653 20.322788 42.465313
v 24.861101 20.435110 42.351437
v 25.116198 20.544355 42.295040
v 24.549959 20.204399 42.536659
v 24.821720 20.252251 42.494919
v 24.746088 20.085056 42.604263
v 25.032076 19.808451 42.758625
v 22.772425 15.820705 41.592915
v 22.615210 15.574219 41.503178
v 22.566841 15.898705 41.616814
v 14.718118 -4.215333 51.323521
v 14.421304 -4.200959 51.169361
v 7.464228 -1.066409 57.539547
v 20.729504 18.125683 42.561787
v 20.890541 17.895885 42.458340
v 20.975197 18.196758 42.493259
v 23.960651 20.841137 42.101280
v 24.098057 20.948372 41.990170
v 24.167952 20.753166 42.113037
v 15.212947 0.363552 47.529217
v 14.994582 0.055525 47.867664
v 15.042136 0.547800 47.850693
v 25.061356 20.042713 42.630959
v 26.947306 6.995345 40.714394
v 26.548635 6.927794 40.588985
v 26.750240 7.260664 40.704269
v 22.958693 19.878578 42.896523
v 22.782400 20.031466 42.791748
v 22.758144 19.764660 42.890129
v 22.498508 19.899986 42.799374
v 24.464605 -1.359946 47.818119
v 24.753986 -1.120363 47.560024
v 24.353729 -1.157503 47.329060
v 27.339418 4.335116 40.614666
v 27.066402 4.065628 40.563320
v 27.444700 4.136087 40.743225
v 23.398844 17.137545 41.894821
v 23.720562 17.280729 42.071392
v 23.307951 17.448696 42.063622
v 16.521500 1.648530 45.598228
v 21.670340 17.030333 42.036659
v 21.468798 17.204002 42.119732
v 21.431396 16.949318 42.052769
v 23.125566 12.266522 40.142635
v 23.053720 12.550037 40.328465
v 22.892954 12.350367 40.307735
v 22.415483 14.187561 40.911797
v 22.950874 14.156793 40.891636
v 23.081860 13.947679 40.833275
v 23.181908 14.215229 40.926743
v 22.948025 15.654046 41.528999
v 15.835774 -0.504381 46.794025
v 15.921360 -0.811515 47.032120
v 15.612130 -0.593229 47.061089
v 25.105782 17.152166 42.753376
v 24.983377 16.816540 42.529606
v 25.292290 16.434553 42.586075
v 27.381258 3.943260 40.840572
v 23.495085 1.568640 44.239922
v 23.408104 1.437486 44.434013
v 23.721632 1.360802 44.499344
v 22.258314 14.042733 40.883953
v 22.322884 12.694000 40.521175
v 22.429388 12.383155 40.450497
v 22.153925 12.400101 40.476856
v 21.896891 12.414075 40.480389
v 21.860765 12.737570 40.547421
v 21.615110 12.562439 40.500725
v 22.515289 12.585078 40.494293
v 22.147718 14.663264 41.139854
v 21.545856 13.907404 40.978115
v 21.674360 13.692300 40.871918
v 24.376385 6.290889 39.030201
v 24.618593 6.695170 39.366966
v 24.809650 6.232106 39.377388
v 26.650200 0.897901 46.273376
v 26.705761 1.070007 45.859673
v 27.059284 1.138873 46.004192
v 15.794791 -0.231689 46.740463
v 20.365694 0.401196 45.534702
v 20.122044 0.239546 45.684105
v 20.362061 0.241651 45.809402
v 21.476290 -0.970678 47.638344
v 21.207125 -0.781837 47.367092
v 21.134880 -0.942657 47.535503
v 25.943748 3.717737 40.477951
v 26.244560 3.617456 40.781155
v 26.171257 3.806660 40.316216
v 17.445732 0.059822 45.522419
v 17.239220 0.076355 45.561687
v 17.220760 0.236314 45.401962
v 17.079842 0.474867 45.284649
v 16.973227 0.709421 45.232140
v 17.476940 -0.301003 45.992355
v 17.716444 -0.481943 46.268230
v 17.821470 -0.163575 45.764267
v 20.443110 -0.712210 47.094818
v 20.059046 -0.716899 46.982273
v 20.094526 -0.863188 47.226994
v 16.557018 -0.492584 46.384243
v 16.225721 -0.423504 46.455925
v 21.481825 -0.242057 46.925583
v 21.146597 -0.136826 46.688801
v 21.414576 0.061442 46.517731
v 22.697863 0.015060 46.485573
v 22.865675 0.132102 46.265995
v 22.956505 -0.167096 46.497536
v 10.687984 -1.662115 54.867508
v 20.865248 -0.851516 47.362862
v 21.032681 -1.124070 47.784672
v 19.837446 -0.950020 47.349476
v 19.707195 -1.114227 47.641071
v 19.466190 -0.893951 47.252792
v 19.244551 -1.031718 47.516609
v 23.294628 -1.718128 48.007656
v 22.880129 -1.764450 48.090210
v 22.968571 -1.517729 47.697269
v 11.548347 -7.074834 55.532265
v 11.843127 -6.939677 55.324757
v 11.743110 -7.112152 55.592545
v 23.732441 0.665348 45.296631
v 23.525906 0.896120 45.094669
v 23.459297 0.717704 45.311665
v 23.204884 0.881597 45.163048
v 23.256664 0.676088 45.431694
v 14.997924 -4.396323 51.712402
v 6.662067 -5.413585 57.143803
v 6.404972 -5.282903 57.344528
v 6.595331 -5.117013 57.139565
v 20.111532 -4.423904 51.636093
v 20.013023 -4.126221 51.612049
v 19.862982 -4.263500 51.858776
v 16.930927 -3.362664 51.012432
v 17.447744 -3.080010 50.704659
v 17.533524 -3.285150 51.113499
v 17.841343 -3.153015 50.966599
v 4.166696 -8.359944 54.174488
v 15.853743 -8.083886 57.749348
v 16.034908 -7.918145 57.554497
v 15.771433 -7.808379 57.690102
v 14.648187 -3.539135 50.611130
v 14.486051 -3.406841 50.441044
v 14.370477 -3.590895 50.567505
v 11.758802 -6.122393 53.818790
v 4.950687 -1.392767 59.249371
v 25.075880 1.323605 44.384285
v 25.684969 1.498480 44.163914
v 25.520247 1.214446 44.749924
v 15.206620 -0.381861 47.519638
v 15.028832 -0.511954 47.808872
v 15.267321 -0.800774 47.596298
v 19.418854 -2.903349 50.670780
v 18.928610 -2.833586 50.554878
v 19.082577 -3.095450 51.084953
v 16.788580 -4.315726 52.367447
v 16.799702 -4.618626 52.756905
v 16.593336 -4.447073 52.452209
v 19.492683 -4.298590 52.264481
v 19.285378 -3.975575 52.280327
v 19.221058 -4.221899 52.507244
v 16.912285 -2.748191 49.890728
v 15.993695 -2.628525 49.578800
v 16.831236 -2.530347 49.478500
v 23.395386 -0.228828 46.252132
v 17.379835 -0.431479 46.166782
v 8.192483 -6.613209 55.834522
v 8.184886 -6.848005 55.964409
v 13.394688 -7.101860 56.163960
v 13.825776 -6.934154 56.117081
v 17.105858 -4.372026 52.562275
v 17.036694 -4.065051 52.164909
v 19.209539 -1.181428 47.777275
v 19.192673 -1.321089 47.968605
v 19.023100 -1.243197 47.849220
v 21.926462 -0.855729 47.528324
v 21.985119 -0.541353 47.260075
v 21.585125 -0.660548 47.345055
v 19.738947 -4.440960 52.083378
v 19.659668 -4.708694 52.260544
v 14.663761 -6.473717 55.590225
v 11.116043 -0.450173 54.362595
v 10.792901 -0.310905 54.773258
v 22.627626 -0.480731 46.944786
v 22.375111 -0.510863 47.112312
v 22.607361 -0.674600 47.067093
v 20.309223 -4.026552 51.187885
v 20.489674 -3.945635 50.947815
v 20.526672 -4.166151 51.082684
v 19.515440 -3.755322 51.897221
v 19.685883 -3.987823 51.900993
v 19.508131 -3.987837 52.091572
v 18.441399 -6.435417 54.594929
v 18.175844 -6.396537 54.748875
v 18.348566 -6.148154 54.564533
v 17.882254 -6.145065 54.786686
v 20.679567 13.756563 40.961224
v 20.368839 12.982901 40.715530
v 20.488268 13.878961 40.979431
v 21.322754 4.921623 40.374901
v 21.573530 4.562455 40.294010
v 21.384052 4.030196 40.533634
v 24.953176 1.012202 45.003868
v 24.497089 0.859066 45.145073
v 24.566591 1.026092 44.963142
v 24.517252 14.352951 41.294876
v 24.892855 14.013381 41.470676
v 24.812077 14.988019 41.708191
v 25.349659 20.482882 42.393940
v 29.694105 3.607230 42.813156
v 29.448975 3.738412 42.530006
v 29.642759 3.959647 42.501751
v 12.868692 -9.700895 60.242855
v 12.701336 -9.385782 59.708965
v 13.147760 -9.514307 60.011112
v 20.244987 17.933558 42.678135
v 20.109423 17.715357 42.621815
v 20.387596 17.796638 42.611912
v 25.310606 20.154627 42.591782
v 25.382406 19.976620 42.694683
v 25.549438 19.940102 42.631790
v 22.177908 13.823258 40.835670
v 22.306051 13.582798 40.748978
v 22.036837 13.559391 40.771873
v 17.473555 0.421793 45.114254
v 22.514631 0.234257 46.269081
v 22.860369 0.413900 45.897926
v 25.394802 11.624507 41.170280
v 25.607855 12.052327 41.482540
v 25.557064 11.353026 41.207714
v 28.056589 4.373184 41.179928
v 27.711876 4.081853 40.974766
v 28.017448 4.017354 41.308155
v 16.803949 0.049229 45.827213
v 26.481600 6.027084 40.286942
v 9.792764 -6.326500 54.387863
v 18.187559 -0.928182 47.152237
v 18.208321 -1.119574 47.508564
v 17.729647 -1.052695 47.299099
v 21.742823 -2.965268 49.398090
v 22.056116 -3.042023 49.355774
v 21.956316 -2.925310 49.169464
v 23.032534 -0.733040 46.776882
v 22.842178 -0.647740 46.874088
v 23.055418 -0.583337 46.677307
v 22.273127 12.200754 40.426994
v 22.745762 -0.894559 47.110710
v 22.911392 -0.880694 46.960411
v 14.412707 -1.471725 48.473831
v 14.812852 -1.428697 48.182316
v 14.599830 -1.242901 48.160484
v 3.883656 -8.095892 54.229183
v 17.502794 0.211852 45.314396
v 17.719755 0.240200 45.196251
v 20.508907 14.091179 41.159939
v 20.635439 14.015128 41.146969
v 8.675430 -6.491603 55.404247
v 8.485661 -6.423493 55.539963
v 22.358906 2.223673 43.069565
v 21.993883 2.123309 43.115383
v 21.903065 2.265980 42.840977
v 22.430676 3.608555 40.647324
v 22.251883 3.744271 40.365776
v 22.529764 3.733597 40.389431
v 25.942442 8.181394 40.650368
v 25.955111 8.639235 40.819920
v 26.177465 8.425230 40.806004
v 22.518116 5.403882 39.381054
v 22.312187 4.775159 39.616642
v 22.203558 5.236007 39.705944
v 23.617456 21.099905 42.119682
v 23.505651 20.881886 42.230679
v 23.311256 20.840120 42.333218
v 23.401703 21.112932 42.188301
v 21.748829 3.671383 40.579350
v 21.546787 3.791259 40.566414
v 21.532343 3.651617 40.683678
v 21.415321 3.757819 40.686241
v 16.174755 0.774594 46.170753
v 15.953152 0.655380 46.525303
v 19.720585 1.501102 43.358143
v 19.330814 1.583678 43.308720
v 19.464424 1.663484 43.191372
v 22.245796 4.384664 39.767200
v 22.354090 4.170277 39.804214
v 22.180237 4.113726 39.950298
v 22.738575 3.900785 40.083923
v 22.904224 3.731626 40.460304
v 25.180117 6.047992 39.607861
v 25.209009 6.658439 39.833145
v 27.350956 9.111875 41.349224
v 27.311073 7.692673 41.064796
v 24.000141 6.422806 38.815701
v 12.495482 -2.697649 51.005985
v 12.331159 -2.875665 51.221310
v 12.464823 -3.017648 51.012150
v 26.392492 4.347541 40.066086
v 26.680382 4.409827 40.218159
v 26.522486 4.214934 40.145813
v 21.940945 3.827131 40.333504
v 21.938568 4.140370 40.058910
v 10.785251 -9.680023 59.679005
v 9.910381 -9.665116 58.943249
v 27.457680 5.764091 40.744038
v 27.229757 5.067886 40.471287
v 27.092466 5.223669 40.397511
v 10.408254 -6.328305 54.240799
v 22.526743 0.940444 45.092503
v 22.887003 1.098134 44.876858
v 22.376190 1.144841 44.737858
v 26.520182 9.881002 41.361008
v 26.580856 11.017767 41.447792
v 26.499031 10.682893 41.480503
v 28.598759 4.710313 41.796608
v 28.298794 5.561674 41.512493
v 28.378254 10.071075 42.309067
v 24.421352 9.814976 39.839668
v 24.993139 9.920103 40.400249
v 24.935600 9.433287 40.255684
v 26.614506 7.819808 40.769611
v 26.968660 7.575340 40.865047
v 26.596651 7.533763 40.695358
v 26.370836 4.594846 40.047497
v 24.457460 4.516935 39.408897
v 24.651794 4.449872 39.531277
v 4.077556 -10.279435 52.850681
v 4.451563 -10.130748 52.944660
v 16.921312 0.291516 45.512939
v 4.444718 -10.548971 52.658901
v 11.886343 -9.473316 59.613266
v 11.353312 -9.580542 59.708138
v 19.436398 -5.540624 53.107109
v 19.277128 -5.609441 53.372070
v 19.483114 -5.779384 53.238674
v 19.627831 -5.700969 53.037903
v 17.237970 0.621594 45.088745
v 13.213304 -9.745073 60.275589
v 13.528746 -1.377834 49.313583
v 13.580342 -1.612838 49.282475
v 13.683513 -1.484879 49.143047
v 13.636845 -1.298326 49.183079
v 17.875002 1.248714 44.278698
v 12.909510 -8.967277 59.013615
v 13.541484 -9.255816 59.652420
v 21.677364 3.885696 40.416927
v 15.985479 0.090342 46.505024
v 4.504382 -10.776943 52.492779
v 5.153878 -10.798033 52.862064
v 12.578386 -3.154831 50.845577
v 12.656062 -2.949835 50.735039
v 10.224975 -7.873821 56.954845
v 9.789720 -7.783610 56.759792
v 10.440378 -7.845123 56.890770
v 12.248244 -6.017106 53.664555
v 18.467489 -1.209733 47.702736
v 18.759754 -1.229439 47.787327
v 18.450001 -1.447426 48.078262
v 18.980408 -1.429384 48.092896
v 15.622935 -0.440761 46.935844
v 21.483019 1.952370 43.152641
v 21.578583 1.804411 43.416626
v 21.879381 1.940853 43.352898
v 10.329184 -6.953875 55.251308
v 10.525854 -6.908071 55.200455
v 10.454182 -7.094746 55.518379
v 8.900188 -5.092673 54.899467
v 8.947392 -4.800180 54.930889
v 9.192065 -5.041015 54.694450
v 3.978565 -7.293553 54.798229
v 3.987979 -7.011016 55.012745
v 4.058805 -7.727376 54.562176
v 10.678038 -7.311515 55.929745
v 11.039037 -7.268303 55.849319
v 10.944641 -7.115336 55.597065
v 9.816724 -6.512126 54.518593
v 11.318853 -6.209098 53.959103
v 11.178247 -6.427699 54.326687
v 3.329147 -7.959327 54.334831
v 8.074956 -4.855132 55.706886
v 8.095996 -5.085721 55.697243
v 8.198996 -4.995419 55.601902
v 8.677189 -3.761988 56.264206
v 8.749434 -3.487002 56.587505
v 9.117698 -3.619709 56.396545
v 8.798611 -6.887875 55.585056
v 8.797934 -6.661528 55.404514
v 8.875686 -7.169940 55.850529
v 9.174066 -7.064336 55.572388
v 5.018763 -7.885566 55.441841
v 10.546328 -4.479927 54.304890
v 10.691877 -4.396090 54.044853
v 10.232202 -6.805603 54.959099
v 9.845773 -6.917958 55.125587
v 10.740301 -4.166162 53.985497
v 11.682674 -6.430867 54.318142
v 10.805449 -6.446243 54.368484
v 14.062971 -4.345106 51.212479
v 14.067751 -4.583362 51.608398
v 10.966736 -5.165802 53.365917
v 11.135937 -5.325891 53.208630
v 11.060298 -5.493064 53.338623
v 9.288268 -4.132888 55.611538
v 9.657950 -4.108184 55.489567
v 9.571564 -3.966174 55.760063
v 9.554160 -4.283566 55.285198
v 11.393805 -6.602017 54.668064
v 11.727549 -6.625174 54.715977
v 10.053359 -4.398198 54.856274
v 9.750654 -4.392351 55.039413
v 11.930665 -7.101082 55.588772
v 11.841228 -7.239387 55.811928
v 13.701405 -5.627923 53.336399
v 14.110833 -5.712657 53.561737
v 11.074097 -4.569664 53.210121
v 11.271122 -4.626116 52.916920
v 11.172877 -4.446657 53.036430
v 10.870020 -4.068378 53.715641
v 11.124141 -4.268059 53.150265
v 10.974762 -4.309321 53.441463
v 10.796464 -5.056871 53.604164
v 10.877525 -4.907218 53.507080
v 11.136361 -4.878808 53.127693
v 10.978137 -4.830682 53.342312
v 11.903901 -4.162825 51.931095
v 13.841123 -6.000417 53.990128
v 13.528341 -6.183362 54.247940
v 17.395763 -5.951669 54.864834
v 17.541945 -6.335393 55.099491
v 10.593901 -5.854628 53.837688
v 13.903860 -6.328446 54.815224
v 13.212634 -6.434045 54.651009
v 12.505204 -5.900821 53.524967
v 9.650920 -5.674529 54.330265
v 9.846137 -5.292346 54.287247
v 12.133627 -6.327176 54.130417
v 11.002467 -6.622882 54.690594
v 8.315128 -4.539743 55.551395
v 10.486837 -5.475794 53.867088
v 10.435990 -5.252262 53.987160
v 10.471745 -4.724240 54.270397
v 9.999729 -5.007547 54.380749
v 10.900447 -3.794108 53.719822
v 10.720330 -3.927236 54.065292
v 11.288323 -5.364372 53.133167
v 11.230048 -5.154971 53.101170
v 11.554226 -5.289946 53.022335
v 7.878917 -4.487152 55.916111
v 8.103020 -4.566942 55.717442
v 8.169408 -6.420290 55.784111
v 13.018146 -4.206830 51.039444
v 13.372779 -4.037947 50.701096
v 12.445601 -3.328332 51.027241
v 12.230088 -3.390827 51.304043
v 14.082185 -4.068395 50.891487
v 11.907628 -4.458982 52.110001
v 16.621479 -5.844264 54.889965
v 16.295992 -5.654481 54.518311
v 16.546961 -5.614470 54.537762
v 11.268463 -4.328214 52.908852
v 13.999681 -5.398471 53.032368
v 14.387103 -5.422290 53.184177
v 11.429745 -4.462125 52.685726
v 11.538939 -4.308243 52.497631
v 11.700336 -4.558033 52.416061
v 11.696065 -4.220111 52.243568
v 11.781559 -3.979284 52.038162
v 11.405592 -4.143755 52.708355
v 11.230840 -4.023735 53.029045
v 12.895799 -4.985232 52.355125
v 11.388877 -4.953858 52.912388
v 11.198634 -5.485492 53.226101
v 13.674368 -4.439907 51.263985
v 11.704995 -5.041932 52.778904
v 11.560384 -4.753832 52.680458
v 12.179282 -5.294974 52.895874
v 12.736314 -4.393718 51.448849
v 11.953794 -4.902089 52.533100
v 11.983404 -4.696415 52.263676
v 12.349222 -4.846512 52.253628
v 12.159979 -4.636261 52.058372
v 13.338473 -4.431498 51.238781
v 13.576163 -4.836070 52.025211
v 13.279827 -4.773903 51.912552
v 13.513994 -4.637764 51.630173
v 13.184663 -4.626909 51.614407
v 13.186007 -4.498662 51.380272
v 14.465664 -4.999083 52.492981
v 14.748788 -4.917836 52.465092
v 12.459372 -0.690664 51.634277
v 14.780878 -4.341959 51.504772
v 15.012017 -4.164232 51.417645
v 13.009014 -4.492653 51.429432
v 12.167446 -2.861524 51.468224
v 13.163499 -5.294502 52.890034
v 12.881426 -5.188505 52.705975
v 13.387791 -5.195697 52.713581
v 12.401661 -5.055275 52.547512
v 16.461376 -4.264039 52.172302
v 16.084919 -4.194662 51.936272
v 16.419022 -3.981558 51.789032
v 15.394761 -4.472809 52.041904
v 15.020443 -4.754188 52.309471
v 14.691014 -5.494893 53.421200
v 11.694232 -3.308453 52.247753
v 11.598046 -3.364068 52.445534
v 11.672572 -3.570971 52.257229
v 13.915375 -4.801393 51.989780
v 13.093466 -5.011406 52.402073
v 13.215850 -5.084240 52.531715
v 13.389631 -4.974777 52.314137
v 12.920918 -1.842504 50.423691
v 12.985397 -6.160601 54.001148
v 5.363922 -10.992374 52.907013
v 16.427643 -4.574363 52.598938
v 16.378815 -4.430015 52.369019
v 15.054514 -4.956469 52.678360
v 11.657520 -3.924320 52.258461
v 11.776707 -3.757874 52.029518
v 13.251002 -0.207766 50.157234
v 13.378809 -3.350235 50.238602
v 12.997149 -3.200776 50.317295
v 11.551655 -4.114207 52.454556
v 14.493952 -3.720539 50.733669
v 15.573633 0.159229 47.007412
v 15.603230 0.471476 47.018826
v 15.767344 0.393487 46.791710
v 16.729433 -0.675903 46.545803
v 12.690688 -2.594669 50.698154
v 19.454430 -6.100205 53.441463
v 19.531710 -5.974321 53.311356
v 19.331219 -5.891109 53.464012
v 20.727680 -5.499036 52.752609
v 19.561602 -6.191154 53.476406
v 15.826770 -4.342195 52.047611
v 16.130478 -4.370045 52.207180
v 15.676138 -4.180535 51.741386
v 15.305786 -4.246939 51.665760
v 15.419420 -4.004658 51.400616
v 11.621258 -2.562387 52.591385
v 11.746661 -2.343141 52.394161
v 11.679185 -2.215739 52.579849
v 15.942788 -4.906600 53.007179
v 15.518044 -4.797363 52.630169
v 16.075659 -4.666738 52.650734
v 16.534420 -5.176746 53.661190
v 17.000216 -5.241101 53.815983
v 17.128328 -5.000863 53.385418
v 12.694613 -0.830123 50.949459
v 15.857893 -4.520164 52.331905
v 16.036655 -4.027058 51.676964
v 16.675133 -4.889154 53.155178
v 11.576710 -0.583143 53.488953
v 11.696614 -0.661839 53.220615
v 11.564719 -0.711364 53.488613
v 16.378126 -4.766779 52.899715
v 16.925995 -4.814311 53.044662
v 14.375749 -5.197735 52.808971
v 17.635744 -4.897782 53.347885
v 17.370031 -4.770026 53.101059
v 17.825945 -4.377638 52.921623
v 17.375101 -4.520353 52.833126
v 17.686687 -4.658869 53.105465
v 16.189260 -4.508008 52.432728
v 19.340467 -3.772927 52.063438
v 17.103361 -4.732435 52.970112
v 17.614401 -4.062931 52.391991
v 16.953938 -6.449418 55.675014
v 16.944031 -6.631023 55.934994
v 15.245841 -5.037664 52.917973
v 15.537393 -5.038558 53.062843
v 21.645712 -3.491528 50.328976
v 21.205088 -3.720996 50.651653
v 21.850063 -3.753954 50.778904
v 17.081749 -4.578661 52.786114
v 19.865501 -3.987558 51.708439
v 19.367846 -4.594241 52.518604
v 16.681902 -4.079211 52.023960
v 11.814228 -2.046762 52.372749
v 11.691509 -1.963914 52.662010
v 14.726918 -5.083628 52.753963
v 16.272959 -4.977624 53.239964
v 11.075766 -0.981724 54.383430
v 17.319746 -5.267808 53.860275
v 15.172551 -5.543646 53.714123
v 11.645639 -2.936892 52.439774
v 11.745488 -3.100469 52.180996
v 11.646298 -3.185838 52.381115
v 14.754700 -5.902054 54.174160
v 14.252989 -5.948936 54.063278
v 14.660723 -5.726858 53.786434
v 15.901031 -5.730652 54.458023
v 10.181963 -4.124540 54.980442
v 9.933910 -4.149441 55.218163
v 11.299921 -2.174253 53.447758
v 11.386674 -2.343170 53.177982
v 11.276238 -2.450864 53.389145
v 13.787205 -4.963280 52.278343
v 19.372086 -6.349477 53.728168
v 19.253271 -6.134700 53.667358
v 17.458099 -5.752669 54.656590
v 17.752230 -5.807413 54.619690
v 13.581341 -5.413274 53.019341
v 13.308218 -5.392560 53.021862
v 13.749466 -5.238268 52.761105
v 11.800803 -2.828282 52.138451
v 11.765738 -2.570638 52.280533
v 11.707139 -2.737882 52.355404
v 14.012480 -5.124376 52.586468
v 14.261827 -5.068889 52.541077
v 11.393713 -3.228269 52.924557
v 11.533641 -3.190938 52.625080
v 14.153854 -4.957120 52.322655
v 13.943604 -6.133162 54.327831
v 14.962880 -5.746931 53.945644
v 9.687735 -6.623865 54.705822
v 10.943836 -3.566936 53.699539
v 12.518449 -6.245902 54.001122
v 12.604935 -6.038414 53.711281
v 8.445497 -8.595510 57.754673
v 13.680694 -5.091369 52.508156
v 12.657447 -4.994003 52.396812
v 18.307045 -6.532334 54.713264
v 18.444906 -6.705510 54.691639
v 18.178768 -6.629929 54.846294
v 12.257098 -6.928940 55.367008
v 12.392266 -7.113772 55.722931
v 12.112161 -7.045848 55.531261
v 16.122278 -5.990671 55.003365
v 16.111017 -5.447911 54.055401
v 17.176170 -5.327351 53.963833
v 17.299194 -5.449059 54.192932
v 17.080603 -5.369771 54.072598
v 9.172172 -3.973416 55.909878
v 9.354982 -3.979649 55.870663
v 12.446274 -6.435250 54.342289
v 14.890458 -8.841066 58.681084
v 14.738077 -8.678521 58.597828
v 14.673405 -8.774051 58.701218
v 15.783761 -5.228527 53.499416
v 12.760906 -6.389049 54.333603
v 16.824057 -5.374673 54.091045
v 13.262287 -6.848671 55.587833
v 13.004545 -6.695272 55.139404
v 11.357984 -1.243212 53.726147
v 11.266358 -1.535756 53.809559
v 11.359405 -1.532686 53.599243
v 17.075867 -5.514251 54.353752
v 16.503410 -5.451154 54.227657
v 16.808668 -5.600118 54.521034
v 19.108130 -5.172562 53.353458
v 18.947802 -5.205200 53.567654
v 18.975485 -4.973150 53.369564
v 17.708342 -5.193974 53.787472
v 12.647910 -6.588422 54.760746
v 12.117448 -6.575257 54.623211
v 18.397825 -5.340949 54.075539
v 18.371754 -5.494863 54.225220
v 18.580879 -5.466147 54.079994
v 17.956627 -4.959824 53.531738
v 19.672407 -4.958789 52.345917
v 19.542690 -4.892742 52.446774
v 11.490536 -0.609892 53.655674
v 11.448400 -0.855113 53.670456
v 11.587305 -0.850756 53.386070
v 10.718552 -1.179956 54.944355
v 17.079397 -6.761383 55.972141
v 14.742567 -6.831500 56.405987
v 14.629836 -6.654845 55.998501
v 14.268655 -6.831842 56.188095
v 14.042170 -6.772084 55.938572
v 12.841860 -6.967816 55.621868
v 11.559352 -7.227344 55.776634
v 12.242151 -6.762170 55.041317
v 12.577931 -6.835378 55.265038
v 9.564945 -3.218725 56.494408
v 9.507974 -2.973222 56.622196
v 9.740297 -3.024139 56.317806
v 11.307772 -6.954892 55.334866
v 11.274673 -7.157201 55.668148
v 11.249315 -6.682058 54.836807
v 11.905247 -6.735394 54.948635
v 12.074212 -7.175324 55.736328
v 9.467750 -6.936831 55.242687
v 9.534439 -7.164037 55.553459
v 11.505330 -6.760757 54.986732
v 8.514996 -5.761114 55.379677
v 8.751699 -5.733904 55.156349
v 9.059642 -5.526345 54.786137
v 8.891245 -5.365995 54.941460
v 9.037548 -5.263008 54.779118
v 19.648897 -5.104552 52.472843
v 19.381796 -4.980438 52.705017
v 5.721074 -9.437454 54.704227
v 9.901145 -7.216289 55.664364
v 10.316535 -7.302925 55.881008
v 3.014121 -7.411435 54.893604
v 8.640351 -6.265416 55.363441
v 10.717161 -6.772741 54.962185
v 10.568132 -6.603843 54.630028
v 10.012127 -4.719914 54.584919
v 11.097452 -6.784943 55.025860
v 8.883223 -7.674369 56.530838
v 8.459212 -7.726375 56.657967
v 8.481881 -7.510551 56.367855
v 10.071560 -7.018301 55.321487
v 9.088472 -6.789104 55.300209
v 8.954507 -6.439069 55.147823
v 11.290462 -7.340673 55.962532
v 10.839589 -6.929407 55.268429
v 9.037783 -6.092186 54.921146
v 8.831190 -6.165311 55.159908
v 14.058643 -7.360110 56.995316
v 13.970641 -7.551492 57.217068
v 11.314942 -7.830287 56.813595
v 11.037275 -7.817348 56.795059
v 11.218539 -7.697297 56.577370
v 11.514097 -7.705824 56.581593
v 4.142438 -6.711808 55.454655
v 4.752350 -7.131513 55.730831
v 4.680072 -6.809458 55.964066
v 9.719631 -7.089801 55.392776
v 10.970358 -7.443466 56.140179
v 10.180186 -8.762661 58.424171
v 9.395942 -7.360253 55.971283
v 9.675543 -7.182175 55.529461
v 17.395889 -7.994507 56.328892
v 17.225330 -8.261971 56.577084
v 17.132431 -7.880587 56.542912
v 11.909470 -7.627481 56.486221
v 12.256285 -7.567123 56.441959
v 12.067950 -7.368760 56.069595
v 17.669279 -7.314979 55.727917
v 9.555396 -6.107083 54.437588
v 12.539605 -7.689397 56.712116
v 12.933696 -7.539467 56.650154
v 12.910538 -7.792653 57.012203
v 16.206932 -8.757415 57.689716
v 16.569099 -8.716343 57.346725
v 16.296862 -8.971574 57.733570
v 16.226339 -7.575119 57.332394
v 16.381929 -7.740291 57.267899
v 16.191414 -7.759722 57.409531
v 17.168983 -5.709536 54.650967
v 18.249096 -6.874451 54.908943
v 17.574139 -7.848371 56.115025
v 17.741072 -7.932824 55.999832
v 17.515646 -8.135115 56.283367
v 7.250827 -7.210165 56.963524
v 7.458974 -7.138145 56.717216
v 15.565167 -5.995295 54.779575
v 16.382692 -8.514628 57.427803
v 12.170853 -7.786041 56.788139
v 12.484109 -7.870268 56.984547
v 13.577503 -6.844903 55.775467
v 13.847486 -6.723783 55.702774
v 15.629229 -6.583153 56.071026
v 15.778318 -6.274639 55.445114
v 15.057041 -6.605296 56.024902
v 17.316528 -5.617466 54.495846
v 16.931631 -6.872312 56.167885
v 10.657087 -1.476327 54.965309
v 10.571693 -1.385405 55.119461
v 18.133400 -5.367655 54.106991
v 17.545691 -5.622804 54.454678
v 14.877200 -6.985372 56.760880
v 15.332040 -6.891652 56.667206
v 17.896736 -6.479590 54.947735
v 17.901445 -7.003754 55.303631
v 8.966226 -5.798623 54.940639
v 8.847733 -5.970003 55.097351
v 8.892423 -5.586409 54.993359
v 14.386074 -6.106668 54.506084
v 9.964690 -1.711703 56.114929
v 9.985876 -2.057906 56.011593
v 9.801352 -1.935486 56.389458
v 9.861701 -2.299298 56.206829
v 17.596739 -5.740833 54.622795
v 10.468164 -2.319528 55.066788
v 10.627069 -2.228494 54.798782
v 14.658912 -7.483491 57.421749
v 15.055893 -7.589084 57.624027
v 10.554740 -0.317196 55.152653
v 18.512115 -6.978195 54.772366
v 17.542116 -5.423965 54.128139
v 16.997126 -5.843983 54.861141
v 17.730633 -6.637735 55.177818
v 17.051794 -6.155800 55.203671
v 10.107622 -3.742916 55.355915
v 9.967436 -3.614685 55.680935
v 9.880875 -3.912194 55.535011
v 10.045223 -3.933570 55.316422
v 6.412521 -4.055629 57.258572
v 6.485377 -3.829314 57.248158
v 6.647680 -3.993072 57.053940
v 10.513785 -3.867183 54.509930
v 10.581006 -4.177094 54.326839
v 11.186594 -2.626195 53.522057
v 11.309052 -2.674268 53.237053
v 11.171500 -2.889280 53.467407
v 11.309913 -2.978672 53.157372
v 9.490462 -3.473831 56.369698
v 9.411050 -3.787827 56.078243
v 8.771644 -5.487079 55.097446
v 8.695871 -5.224405 55.124428
v 7.335813 -6.593801 56.602104
v 7.270685 -6.911385 56.800198
v 7.524455 -6.859004 56.517910
v 10.320158 -3.912290 54.882378
v 9.756355 -3.293199 56.233418
v 9.863820 -3.143540 56.108902
v 9.449139 -5.283903 54.479580
v 9.308226 -5.564522 54.546726
v 9.378942 -5.832651 54.494755
v 9.309279 -6.026430 54.592056
v 9.196345 -6.081480 54.716232
v 10.170869 -3.399404 55.386070
v 8.413861 -6.028657 55.502865
v 8.898784 -4.094427 55.750969
v 8.980663 -4.268540 55.448708
v 9.193906 -5.310863 54.641701
v 8.172271 -7.547088 56.549355
v 14.293150 -7.401911 57.168327
v 8.553841 -4.954215 55.244118
v 8.738071 -4.940328 55.043961
v 9.171633 -5.841202 54.705776
v 7.937152 -4.717384 55.822323
v 8.669863 -6.000130 55.277485
v 11.053064 -3.982200 53.371880
v 8.240852 -4.782369 55.556492
v 7.894487 -3.545385 56.437824
v 7.625097 -3.449648 56.482895
v 7.719450 -3.279351 56.621624
v 7.107199 -7.888632 57.358616
v 7.283331 -7.998464 57.352634
v 7.007814 -7.977916 57.455887
v 3.005216 -5.561563 55.571350
v 8.952612 -3.879032 56.069504
v 8.877787 -7.963582 57.013664
v 8.381726 -8.128030 57.265251
v 8.008046 -6.580653 55.967365
v 7.930655 -6.833522 56.147102
v 3.703985 -7.469699 54.588921
v 3.605896 -7.085928 54.819687
v 26.302572 0.670684 46.360130
v 26.605169 0.744827 46.498646
v 16.416550 -8.079096 57.288052
v 13.561954 -1.223476 49.261929
v 13.646394 -1.113247 49.200684
v 8.203657 -6.186286 55.695122
v 2.855788 -5.394671 55.740170
v 2.769858 -4.928265 56.287373
v 2.923994 -5.158453 55.924740
v 3.031348 -5.374147 55.686485
v 8.560473 -7.281272 56.093052
v 8.302402 -7.105095 56.066673
v 13.119147 -7.318758 56.388344
v 3.569634 -6.396776 55.337048
v 3.669490 -6.635414 55.169636
v 9.995873 -8.156351 57.472084
v 9.530465 -8.223063 57.542706
v 12.793674 -1.525243 50.650497
v 13.001239 -0.523687 50.432976
v 13.071881 -0.753173 50.184910
v 8.493927 -6.957230 55.843884
v 3.737507 -6.817075 55.059303
v 7.812572 -5.456217 55.933743
v 14.958056 -7.328549 57.304588
v 15.095775 -7.124839 57.046379
v 14.565125 -7.186899 56.958130
v 5.448693 -5.455829 57.881565
v 4.944935 -7.024015 56.092010
v 8.923196 -7.375096 56.069180
v 8.772041 -7.486487 56.242981
v 3.518202 -5.608838 55.760605
v 3.760118 -7.895775 54.328636
v 7.631544 -5.372309 56.078671
v 3.399964 -5.303445 55.956654
v 2.760359 -4.633154 56.270691
v 3.000797 -4.401504 56.450336
v 2.698668 -4.382123 56.401230
v 6.781826 -4.995110 56.898293
v 6.992969 -4.857247 56.662151
v 6.787699 -4.717498 56.854698
v 10.845276 -7.700051 56.600773
v 10.754668 -7.791501 56.782780
v 8.108338 -7.052333 56.148643
v 12.600063 -7.479128 56.405453
v 12.865366 -7.370392 56.341869
v 8.332455 -6.352314 55.644100
v 8.428998 -6.249779 55.538692
v 3.764283 -7.694578 54.447128
v 3.295367 -7.070521 54.793247
v 9.756521 -3.555832 56.045059
v 3.335651 -7.385178 54.634911
v 5.255093 -8.278917 55.350952
v 12.301293 -3.623032 51.233822
v 14.131245 -1.812023 48.832211
v 14.015906 -1.550481 48.798843
v 12.149603 -2.621294 51.538197
v 11.989293 -2.742002 51.790977
v 12.100199 -2.424822 51.668686
v 11.827518 -1.633944 52.547432
v 15.255627 -1.170329 47.830276
v 15.499697 -1.134492 47.651909
v 15.553411 -1.380713 47.926224
v 7.887788 -8.029495 57.194859
v 7.531499 -7.941285 57.200008
v 3.696038 -5.616644 55.913216
v 6.376069 -5.848049 57.404118
v 6.470405 -6.134262 57.352188
v 6.223280 -6.112626 57.503349
v 5.249163 -4.187565 58.380154
v 5.361890 -4.339036 58.250053
v 7.460727 -7.601267 57.018242
v 7.263026 -7.513066 57.111046
v 10.150964 -2.156343 55.684120
v 10.019123 -2.325828 55.908936
v 6.044080 -8.262439 56.383068
v 6.305835 -7.885341 57.152729
v 7.359724 -7.880339 57.243118
v 7.598300 -8.200918 57.419327
v 7.179168 -8.178714 57.482662
v 10.566501 -7.594623 56.410999
v 10.427471 -7.415181 56.103870
v 5.331274 -6.576482 57.071346
v 5.702332 -6.843305 57.247612
v 5.952540 -7.741055 56.845932
v 6.034143 -7.448275 57.157387
v 16.787931 -7.005313 56.480335
v 16.610928 -6.800794 56.379482
v 16.548273 -7.018601 56.687508
v 16.770947 -7.184248 56.660072
v 7.206444 -7.772213 57.265110
v 6.417881 -7.648946 57.422646
v 7.460692 -8.421045 57.401768
v 7.733338 -8.347992 57.524345
v 7.863821 -8.394156 57.388897
v 7.023545 -7.529937 57.283749
v 7.425604 -7.744522 57.136135
v 6.726886 -7.790683 57.477818
v 5.780725 -7.772277 56.556168
v 16.214018 -7.363441 57.184391
v 16.420418 -7.550528 57.181618
v 6.643357 -6.402864 57.258320
v 6.348120 -6.442766 57.466190
v 6.976811 -7.758880 57.379734
v 7.045061 -7.285592 57.172684
v 6.799636 -7.545009 57.419800
v 6.577658 -7.524165 57.473312
v 5.583455 -4.411075 57.986832
v 5.218358 -4.481246 58.263969
v 4.795514 -5.691505 57.271954
v 4.873701 -6.179334 56.876770
v 4.195375 -5.700294 56.462574
v 13.560198 -7.701630 57.209785
v 13.297060 -7.605137 56.916660
v 6.087622 -5.805441 57.541733
v 10.155400 -3.932003 55.147930
v 5.621869 -6.537344 57.412865
v 5.812128 -6.723646 57.437298
v 5.717494 -7.140799 57.015938
v 13.247340 -7.781652 57.146194
v 7.698804 -7.156325 56.525173
v 7.745733 -6.894173 56.330753
v 10.063094 -7.454774 56.141586
v 16.604649 -7.748337 57.062157
v 16.592180 -7.364706 56.915596
v 9.125636 -7.546148 56.284019
v 10.323513 -8.024973 57.247578
v 18.004766 -6.780761 55.048374
v 18.144218 -7.002844 55.085327
v 15.885824 -9.006078 58.119255
v 15.834386 -8.669706 57.978439
v 10.843357 -8.039062 57.235340
v 11.174601 -8.292595 57.614964
v 10.979732 -7.626166 56.453762
v 13.474300 -8.323498 58.052258
v 12.926078 -8.409370 57.973717
v 12.964849 -8.237604 57.706200
v 9.747748 -3.783444 55.837048
v 10.284161 -3.097981 55.244186
v 8.097693 -7.799699 56.839443
v 12.212821 -8.049737 57.232876
v 11.819639 -7.863732 56.875469
v 8.309572 -9.363916 57.481651
v 8.265318 -8.925550 57.740215
v 11.625156 -8.377620 57.720676
v 11.513137 -8.255759 57.529758
v 11.388285 -8.441862 57.841202
v 15.888523 -8.382948 57.831779
v 11.215053 -8.416081 57.806305
v 6.310262 -3.824053 57.421749
v 8.419757 -7.896924 56.912022
v 10.054737 -8.452358 57.964592
v 16.770945 -8.454062 57.058350
v 17.498848 -7.561414 56.043747
v 17.374382 -7.753695 56.255093
v 17.216667 -7.476412 56.291424
v 16.387585 -6.807343 56.523022
v 16.924364 -8.734081 57.087807
v 17.031059 -8.443014 56.802383
v 17.144831 -7.146082 56.164768
v 17.354248 -7.284665 56.028896
v 14.151659 -7.204303 56.798752
v 12.682585 -7.247536 56.052898
v 12.393421 -7.371399 56.151108
v 16.963873 -7.212237 56.442314
v 15.550520 -9.491755 58.633030
v 16.852228 -8.084027 56.877712
v 16.948082 -8.351851 56.835152
v 13.932788 -9.280515 59.815342
v 13.857800 -9.419469 59.904514
v 17.715445 -7.730680 55.927914
v 19.731470 -3.571752 51.511120
v 19.544197 -3.580226 51.683681
v 19.463097 -3.335109 51.391815
v 16.106455 -6.709378 56.396103
v 15.906465 -6.875742 56.668159
v 17.069216 -8.250190 56.696194
v 8.967334 -2.538712 57.317471
v 8.736483 -2.876930 57.235085
v 8.634354 -2.618107 57.431236
v 16.855928 -7.664866 56.782597
v 15.406157 -7.107829 57.081223
v 12.346651 -8.300999 57.669289
v 11.884889 -8.294368 57.601688
v 12.128468 -8.484848 57.953407
v 9.615955 -1.331169 56.846367
v 9.526917 -1.533228 56.976341
v 9.487044 -1.376726 57.074345
v 15.095434 -9.225236 58.914608
v 6.635350 -7.339813 57.438377
v 12.715188 -8.006428 57.269005
v 13.205709 -7.984454 57.423737
v 12.898052 -8.115230 57.481613
v 13.869295 -7.872332 57.598736
v 12.638474 -8.179734 57.513405
v 8.967612 -9.584046 58.059956
v 10.087451 -9.272002 59.247765
v 9.636334 -9.247860 58.952003
v 10.329698 -9.171140 59.074844
v 13.406920 -9.963596 60.436279
v 13.205920 -10.138970 60.662418
v 12.685522 -8.333316 57.768871
v 10.446919 -8.459784 57.960320
v 10.386870 -9.379944 59.333427
v 10.783422 -9.391925 59.502235
v 10.723418 -9.199084 59.152275
v 10.805358 -9.015204 58.834435
v 11.077499 -9.119422 59.031555
v 14.693101 -8.003539 57.986507
v 14.151163 -8.122025 58.015438
v 14.511043 -8.332784 58.309464
v 11.085562 -8.508049 57.971542
v 14.417666 -8.703091 58.724476
v 14.737298 -8.505029 58.448185
v 14.633492 -9.435789 59.462280
v 15.420042 -8.562773 58.215366
v 15.610973 -8.863734 58.274693
v 15.479364 -7.667893 57.677307
v 15.581799 -7.963459 57.846947
v 14.380627 -7.837384 57.766888
v 14.039286 -9.409068 59.896652
v 14.568740 -7.665573 57.634716
v 14.088593 -9.577062 59.936718
v 14.288456 -7.623463 57.472420
v 14.758828 -9.182904 59.175308
v 14.042846 -8.444293 58.385361
v 13.629676 -8.750405 58.788498
v 15.176528 -7.915259 57.907791
v 14.993411 -8.291894 58.198414
v 15.712240 -8.198990 57.893917
v 15.447790 -8.212920 58.018196
v 15.678269 -8.415875 57.997364
v 15.011213 -8.618214 58.446407
v 26.259569 0.880273 45.973713
v 14.189981 -9.445561 59.870987
v 14.851198 -9.030231 58.917133
v 14.028427 -9.173970 59.666397
v 14.145493 -9.304962 59.801289
v 14.280516 -9.214065 59.631020
v 14.305777 -9.367716 59.766968
v 14.344743 -9.471750 59.764400
v 14.446802 -9.347000 59.634243
v 13.536475 -10.129259 60.508656
v 14.046900 -9.830956 60.024853
v 13.616555 -10.181735 59.583401
v 13.314896 -10.254850 60.699192
v 11.930399 -10.193264 60.261646
v 4.872383 -4.898062 57.919464
v 5.190710 -5.272494 57.930763
v 5.224048 -5.059076 58.002197
v 14.675843 -8.874607 58.831680
v 12.812057 -10.339731 60.412998
v 6.094925 -0.361722 58.366360
v 6.236772 -0.783003 58.407284
v 8.613475 -1.730418 57.742756
v 8.797415 -1.437818 57.706104
v 8.771084 -1.871802 57.650051
v 9.054900 -1.690807 57.510494
v 9.215551 -3.238768 56.729607
v 10.783360 -10.672776 58.217365
v 11.605401 -10.257228 59.973141
v 11.073981 -8.902987 58.653721
v 11.034081 -9.320002 59.384319
v 11.047265 -9.513866 59.715076
v 4.931886 -5.361350 57.731228
v 10.594746 -9.530020 59.573193
v 12.743577 -9.841053 60.447834
v 5.473401 -3.332772 58.566879
v 5.378341 -3.093502 58.767021
v 5.200653 -3.389230 58.796394
v 11.132988 -9.687748 59.836174
v 5.617327 -3.054479 58.543575
v 5.531385 -2.870652 58.713806
v 5.730327 -2.798950 58.554348
v 6.219056 -3.585438 57.604572
v 6.275192 -3.349542 57.595963
v 6.116804 -3.377613 57.803452
v 8.143666 -3.284151 56.705589
v 8.428249 -3.084432 57.014900
v 7.905374 -2.950994 56.958267
v 5.899662 -6.574707 57.545593
v 5.765397 -3.496742 58.193501
v 10.020482 -9.428587 59.315536
v 10.118657 -9.430157 59.320854
v 4.906130 -4.177767 58.464821
v 4.527773 -4.028938 58.389931
v 5.946390 -4.881924 57.558659
v 5.943132 -5.127342 57.580734
v 12.352848 -8.738332 58.449966
v 12.950524 -8.620335 58.364174
v 5.385329 -5.232155 57.931957
v 8.349435 -2.479592 57.536579
v 10.451192 -8.997759 58.794113
v 9.884686 -9.387273 59.270432
v 9.570726 -9.434690 58.962063
v 7.677516 -1.329583 57.584263
v 7.813303 -1.039383 57.560009
v 7.989405 -1.317670 57.617039
v 6.389373 -6.932764 57.464779
v 6.337384 -7.245096 57.434464
v 12.215867 -9.110215 59.118816
v 12.555091 -8.486052 58.016514
v 9.132089 -1.380841 57.513145
v 9.076653 -1.018921 57.611202
v 11.523659 -9.381254 59.500462
v 11.276670 -9.409057 59.536911
v 11.343209 -9.234766 59.241829
v 11.712580 -9.186232 59.182896
v 11.724529 -8.495945 57.931965
v 11.433147 -8.705226 58.308384
v 11.835225 -8.891390 58.671391
v 11.887035 -8.662185 58.247974
v 11.401875 -9.014265 58.864189
v 10.291764 -8.270496 57.688377
v 8.138379 -2.120650 57.646030
v 7.903066 -1.889098 57.604778
v 7.837846 -2.385536 57.380108
v 8.181576 -2.322986 57.622437
v 7.397577 -8.957631 56.876060
v 10.825953 -8.633740 58.184864
v 10.678380 -8.798741 58.468842
v 11.006021 -8.724186 58.336807
v 10.611843 -8.615966 58.167557
v 10.391685 -8.636157 58.227566
v 6.053061 -5.400625 57.548805
v 10.358871 -0.297927 55.517033
v 10.115272 -0.091087 55.854771
v 10.245640 -0.371101 55.852119
v 10.387379 -0.597514 55.586590
v 5.456009 -5.747975 57.844925
v 5.549832 -4.689539 57.918625
v 5.346963 -6.088841 57.507832
v 5.579130 -5.853562 57.721111
v 5.763656 -5.978878 57.621719
v 2.835436 -4.094179 56.585049
v 5.656852 -7.442587 56.684383
v 5.408758 -5.919013 57.776108
v 5.317103 -5.860002 57.813499
v 5.985672 -6.108283 57.581944
v 5.774804 -6.283587 57.572456
v 6.629753 -4.515291 57.001263
v 6.838699 -4.474538 56.810677
v 5.970201 -7.115111 57.290604
v 6.305564 -6.720202 57.504860
v 6.140310 -6.595881 57.549500
v 6.072495 -6.862321 57.478401
v 6.338074 -5.566585 57.425903
v 6.055509 -6.362168 57.573002
v 5.415614 -4.979075 57.954845
v 6.158134 -5.066703 57.462238
v 6.204906 -4.744737 57.376774
v 6.381697 -4.999718 57.301048
v 4.375058 -4.948445 57.297268
v 4.380389 -4.532778 57.647152
v 4.260184 -4.600421 57.414860
v 6.028236 -4.091959 57.612026
v 6.215969 -4.086316 57.432186
v 6.120621 -4.365480 57.441067
v 7.056468 -2.626484 57.023350
v 6.881809 -2.643082 57.084682
v 8.510180 -3.659568 56.378784
v 3.998374 -4.365628 57.349960
v 5.590411 -3.806964 58.243408
v 5.805632 -3.687315 58.066044
v 6.214892 -3.072320 57.779594
v 5.188598 -4.798595 58.106499
v 5.367832 -4.692714 58.090332
v 4.590889 -4.344309 58.123474
v 4.951767 -4.541478 58.222500
v 4.229380 -4.200892 57.779251
v 4.968017 -3.384963 58.972927
v 6.519936 -4.279613 57.117657
v 6.377380 -4.504719 57.210587
v 6.327162 -4.267241 57.279354
v 5.442173 -4.472861 58.118626
v 6.517617 -5.495246 57.315975
v 6.500958 -5.664677 57.335587
v 4.266925 -3.981377 58.115154
v 5.355462 -3.974593 58.404991
v 5.112827 -3.952553 58.593697
v 6.813832 -6.234150 57.094395
v 6.664325 -6.124374 57.212772
v 6.931284 -6.095294 56.942543
v 6.789695 -5.972804 57.077766
v 17.017124 -7.513722 56.553200
v 6.850315 -6.461580 57.092442
v 9.665417 -2.795917 56.460384
v 6.533861 -4.794955 57.112511
v 4.427315 -6.368680 56.085800
v 7.404936 -6.028912 56.342918
v 11.067384 -3.678855 53.438908
v 11.171907 -3.792077 53.209240
v 6.600222 -5.864047 57.250977
v 6.614489 -3.675843 57.142570
v 14.391967 -7.004360 56.587315
v 6.621955 -5.617099 57.236843
v 7.516507 -5.571253 56.181274
v 8.121040 -0.374890 57.660660
v 7.687010 -0.250888 57.515072
v 7.848466 -0.666456 57.565334
v 6.736833 -4.283543 56.931442
v 7.156736 -4.632857 56.501957
v 7.257653 -4.411031 56.429043
v 6.422309 -3.554600 57.365913
v 6.602686 -3.420423 57.190689
v 7.298619 -5.937304 56.457420
v 7.158411 -5.811122 56.602623
v 7.120066 -6.096214 56.710136
v 12.162813 -1.966322 51.707150
v 12.196544 -2.167999 51.576431
v 12.256809 -1.986470 51.527241
v 13.025565 -7.147338 56.046989
v 14.644816 -6.984353 56.675797
v 14.248982 -7.279219 56.970013
v 16.253683 -7.101392 56.915688
v 16.854637 -7.374840 56.687550
v 16.266277 -6.898392 56.682987
v 21.490610 19.592710 42.616692
v 21.890104 19.867945 42.674103
v 21.484711 19.997211 42.626850
v 9.813494 -2.784582 56.232983
v 10.136478 -3.050397 55.577961
v 11.273058 -7.536926 56.292587
v 11.621073 -7.438311 56.134556
v 8.187714 -3.852166 56.192810
v 7.326407 -5.608731 56.379597
v 7.010444 -5.190354 56.678940
v 7.253299 -4.928607 56.411030
v 7.269247 -5.281865 56.413857
v 7.333622 -3.095841 56.776512
v 7.459659 -5.322583 56.227627
v 7.399416 -2.686578 57.021854
v 7.421667 -5.081961 56.259670
v 6.963916 -4.622825 56.683578
v 6.715402 -3.535949 57.054558
v 2.657547 -3.926288 56.724060
v 7.038432 -7.015962 57.066792
v 7.041361 -4.383799 56.640648
v 7.101813 -5.536870 56.619370
v 6.965979 -5.814910 56.844307
v 7.032097 -6.658068 56.951416
v 7.165246 -6.391781 56.727844
v 6.984680 -6.333216 56.931881
v 6.787944 -5.243467 56.948563
v 6.883802 -5.493081 56.883076
v 4.717980 -3.459041 58.976261
v 6.757899 -5.694398 57.075222
v 9.954745 -2.591265 55.995594
v 9.952281 -2.946422 55.969524
v 4.642399 -6.271287 56.462513
v 6.884538 -4.307287 56.792561
v 3.002164 -4.859590 56.188053
v 8.342741 -3.529186 56.502663
v 11.082366 -3.390565 53.494328
v 3.579239 -4.747125 56.615711
v 3.211663 -3.846159 57.044079
v 7.254499 -4.133730 56.505211
v 6.931672 -4.077585 56.785988
v 6.351463 -0.105926 57.994144
v 6.430118 -0.421559 58.144161
v 6.768145 -0.295089 57.769100
v 6.515039 -0.683368 58.047482
v 5.775195 -0.384939 58.510117
v 5.119244 -0.558623 57.864201
v 7.047934 -3.150104 56.840721
v 10.416562 -1.850998 55.261303
v 10.380444 -1.704636 55.353687
v 6.849221 -3.689186 56.918045
v 7.085744 -3.409222 56.772991
v 6.747282 -2.826795 57.150978
v 8.810466 -3.181989 56.955185
v 6.443627 -3.199127 57.425232
v 6.812350 -3.313565 56.997063
v 8.525268 -3.326295 56.777977
v 10.096174 -1.418841 55.898369
v 10.263122 -1.604258 55.575581
v 10.125756 -1.826797 55.789001
v 9.747954 -2.565898 56.359718
v 8.072255 -0.907876 57.635494
v 8.105345 -1.128361 57.645706
v 6.734373 -2.571332 57.226082
v 6.606795 -2.737068 57.322960
v 9.337359 -2.213913 57.048386
v 9.193887 -2.455498 57.137596
v 9.159239 -2.266629 57.241905
v 9.532191 -2.618243 56.674282
v 9.673646 -2.300773 56.523769
v 6.589223 -2.985976 57.284981
v 6.628882 -3.210873 57.193199
v 9.045746 -2.919185 57.079666
v 6.423366 -2.822135 57.550842
v 10.572058 -2.764152 54.724476
v 10.687268 -2.855935 54.443043
v 10.541407 -3.065257 54.668087
v 9.331601 -2.536294 56.953903
v 9.302506 -2.848014 56.887653
v 9.963695 -3.286433 55.862633
v 10.968874 -2.554501 54.008217
v 10.854383 -2.878474 54.096355
v 9.171782 -2.677602 57.098450
v 11.811980 -3.276731 52.009193
v 17.877550 -3.593501 51.796005
v 17.579544 -3.451377 51.426636
v 18.030754 -3.300176 51.319992
v 11.092669 -2.537746 53.758480
v 11.067636 -2.297069 53.909019
v 11.186331 -2.372699 53.624260
v 11.043202 -2.780321 53.760048
v 10.907859 -3.383966 53.820805
v 11.383643 -2.784433 53.040497
v 11.004283 -3.107964 53.729023
v 11.171047 -3.131760 53.405689
v 11.205429 -3.559516 53.224773
v 11.044898 -1.623641 54.245499
v 11.169906 -1.333493 54.091320
v 11.166315 -1.726356 53.948483
v 10.422745 -2.883864 54.999092
v 10.524475 -2.536210 54.898556
v 9.896117 -1.368669 56.286018
v 9.749398 -1.219998 56.589909
v 9.749944 -1.561897 56.557163
v 10.333979 -2.574300 55.267612
v 10.267375 -2.861906 55.345158
v 10.156340 -2.455274 55.632080
v 10.141191 -2.740135 55.628494
v 10.317841 -2.254616 55.357220
v 5.944529 -2.653883 58.378597
v 6.118124 -2.588410 58.150925
v 6.237180 -2.703982 57.891640
v 6.384667 -2.483450 57.712662
v 6.899471 -2.454001 57.156673
v 9.501467 -2.293364 56.792988
v 6.563494 -2.524031 57.433350
v 6.738657 -3.057357 57.108337
v 6.540412 -2.290660 57.556736
v 6.744708 -2.325537 57.341709
v 7.091638 -0.554430 57.568439
v 7.228322 -0.167795 57.502659
v 7.131546 -2.297704 57.266277
v 8.344421 -2.757385 57.303493
v 9.420015 -0.621977 57.299904
v 9.497970 -0.808814 57.138943
v 9.346482 -0.875207 57.367065
v 5.780127 -3.862710 58.006008
v 5.326681 -3.667322 58.561329
v 5.565059 -3.524876 58.395737
v 9.225904 -0.094837 57.371643
v 9.036399 0.091341 57.155174
v 8.730260 0.005712 57.498989
v 5.946241 -3.518404 57.974850
v 4.355320 -3.794148 58.460068
v 6.238493 -2.406125 58.005535
v 6.071904 -3.607794 57.779018
v 5.993783 -3.933815 57.723938
v 6.113802 -3.838031 57.629356
v 5.945764 -3.774391 57.861824
v 5.580223 -2.661998 58.769676
v 5.781080 -2.596800 58.614941
v 5.032608 -2.236538 59.480839
v 4.913618 -2.468343 59.475765
v 5.810443 -1.936822 58.843849
v 5.662705 -1.763841 59.081551
v 5.021149 -2.669348 59.274899
v 4.764598 -2.762444 59.457848
v 2.704112 -3.435647 57.036575
v 4.557240 -3.169433 59.187088
v 4.298538 -3.437661 58.687183
v 6.043252 -1.995700 58.496319
v 6.178594 -1.949598 58.237007
v 7.068778 -0.804443 57.581734
v 6.241456 -2.155661 58.073730
v 2.591556 -3.207549 57.128151
v 5.208481 -2.405407 59.230892
v 4.518744 -1.871038 59.514023
v 4.900205 -1.690573 59.834675
v 6.198785 -1.423967 58.298363
v 6.088857 -1.662467 58.459827
v 4.557085 -2.914603 59.398853
v 4.553382 -2.701415 59.541187
v 6.269976 -1.658738 58.127853
v 4.713224 -2.524587 59.633350
v 5.082502 -1.661342 59.793995
v 5.021170 -1.535055 59.731731
v 5.463719 -2.483652 58.964111
v 5.685050 -2.424074 58.795673
v 5.814577 -2.205308 58.760109
v 7.737945 -1.598783 57.598980
v 8.078661 -1.572796 57.663563
v 2.698320 -2.483530 57.697102
v 5.271618 -2.778803 58.996880
v 4.739120 -3.009106 59.337387
v 4.148352 -2.851957 59.092590
v 3.999015 -2.331857 59.124065
v 4.421545 -2.143310 59.745422
v 6.509562 -1.621037 57.850471
v 6.374199 -1.366827 58.059502
v 5.264016 -1.544913 59.668179
v 4.852138 -2.049026 59.782639
v 5.499398 -1.529009 59.392036
v 8.103099 -0.031154 57.479294
v 8.514796 -0.281287 57.732349
v 5.960845 -1.841624 58.661987
v 6.246706 -1.179456 58.290104
v 5.927572 -2.040921 58.672855
v 14.110003 -0.651941 48.992508
v 14.277240 -0.523898 48.907749
v 14.133117 -0.370701 49.008064
v 9.635459 -0.933453 56.840717
v 9.483966 -1.123711 57.120571
v 2.546630 -2.596349 57.448593
v 8.202261 -1.844048 57.691616
v 9.025484 -2.070840 57.425362
v 9.231213 -2.049633 57.245090
v 8.885624 -0.660364 57.758476
v 9.198151 -0.555929 57.566856
v 7.200263 -1.447978 57.604652
v 7.368050 -1.295167 57.591080
v 21.523108 18.906860 42.547874
v 21.654884 19.078856 42.589909
v 21.736444 18.928131 42.565445
v 8.232108 -0.687064 57.700832
v 20.985418 19.944510 42.739891
v 20.236504 19.093271 42.670010
v 5.287182 -1.392106 59.585438
v 5.455852 -1.252810 59.421940
v 20.184361 -1.436570 48.163677
v 20.607594 -1.669640 48.603371
v 20.162153 -1.629765 48.467209
v 9.621817 -1.608999 56.797729
v 9.644120 -1.828571 56.699039
v 14.934830 -2.659530 49.604752
v 9.345609 -1.557384 57.239250
v 9.308323 -1.211861 57.362957
v 6.395754 -2.202301 57.811073
v 8.902300 -0.336688 57.718464
v 6.367640 -1.924819 57.939327
v 6.893473 -1.531256 57.661320
v 10.009260 -0.757082 56.142868
v 9.996070 -1.093000 56.114944
v 10.183179 -1.014145 55.812412
v 8.716315 -0.459999 57.816147
v 7.321732 0.193798 57.341251
v 7.612311 0.093640 57.365536
v 9.955854 0.306926 55.132381
v 9.649804 0.088644 56.332546
v 10.066377 -0.429408 56.147644
v 9.985823 -0.267899 56.329441
v 10.041482 -0.177264 56.182083
v 9.146408 -0.232458 57.556358
v 19.663673 -4.197909 52.053185
v 9.519415 -0.216060 56.988167
v 9.344748 0.101557 56.818642
v 9.859024 -0.411855 56.500439
v 9.828455 -0.909702 56.454918
v 7.888868 -1.459686 57.613045
v 9.416866 -1.319387 57.202950
v 25.414898 18.562372 43.356922
v 25.547613 18.113064 43.274128
v 25.617369 18.367912 43.307583
v 7.340539 -1.826251 57.543530
v 9.629435 -2.074327 56.655094
v 6.703918 -1.990745 57.593395
v 7.456408 -1.493242 57.597340
v 8.183455 0.442202 56.714531
v 10.200051 -0.652247 55.866856
v 10.325527 -0.820284 55.629356
v 9.885038 -0.116823 56.462627
v 9.720823 0.027099 56.620964
v 10.789537 -1.464984 54.758598
v 9.695690 -0.610530 56.754421
v 11.960183 0.345440 52.660168
v 11.126333 -0.193622 54.162884
v 11.567014 -0.387439 53.512512
v 10.913737 -1.220821 54.615852
v 11.032809 -1.324924 54.376842
v 10.924545 -1.541486 54.509686
v 11.314774 -0.579354 53.987068
v 11.179709 -2.065292 53.771648
v 11.047894 -1.971533 54.098553
v 11.259734 -0.926688 54.035751
v 11.695751 -1.485826 52.892689
v 11.621211 -1.788134 52.895218
v 11.547212 -1.576872 53.155151
v 9.555434 -0.573563 57.054569
v 11.659410 -1.232472 53.090660
v 11.169013 -0.670809 54.270519
v 11.533327 -1.095526 53.409275
v 11.477220 -1.387608 53.399944
v 11.474959 -2.899205 52.816639
v 11.451562 -2.577882 52.951675
v 11.547306 -2.203217 52.868847
v 18.508333 -3.285674 51.454525
v 18.945463 -3.320315 51.543747
v 18.634081 -3.434741 51.776527
v 16.110826 -1.050757 47.276325
v 23.226610 -0.695447 46.642448
v 9.732093 -0.106423 56.701611
v 9.860355 -1.642465 56.333054
v 9.395412 -0.353238 57.336384
v 10.302667 -1.937801 55.442715
v 9.220676 -1.840013 57.320194
v 14.729424 -3.743095 50.847492
v 15.682137 -1.261523 47.695812
v 16.003428 -1.296802 47.698910
v 11.666944 -0.944990 53.187973
v 11.830313 -1.234925 52.748405
v 11.924193 -0.680169 52.767353
v 12.170232 -0.510013 52.324772
v 12.094012 -0.857260 52.383915
v 11.950796 -0.974389 52.630566
v 11.976603 -0.332932 52.724491
v 12.001361 -1.255682 52.398735
v 11.998035 -1.541421 52.252308
v 12.721688 -0.609093 50.985184
v 17.118900 -2.645110 49.704483
v 11.802967 -0.938429 52.925594
v 13.848707 -1.077666 49.036518
v 14.110045 -0.984718 48.844028
v 13.897161 -0.798332 49.073257
v 12.594518 -1.922157 50.948971
v 14.756106 -2.327692 49.223492
v 14.929058 -2.475268 49.396214
v 15.048530 -2.367024 49.251503
v 12.861605 -2.610710 50.394588
v 13.038097 -2.562562 50.129230
v 16.433142 -0.161064 46.188095
v 15.115280 -3.940664 51.212914
v 14.782835 -3.996248 51.125698
v 12.384444 -2.062304 51.284275
v 11.977951 -1.802717 52.153126
v 12.078271 -1.616572 52.047340
v 12.123658 -1.404039 52.080219
v 12.386769 -0.526962 51.870102
v 12.270557 -0.877845 52.012753
v 12.204441 -1.549840 51.829384
v 12.837540 -0.708253 50.655052
v 12.160220 -1.141274 52.139359
v 12.281489 -1.252886 51.817326
v 12.681260 -1.066147 50.918579
v 12.581246 -1.270009 51.108421
v 12.722081 -1.322807 50.792091
v 12.604321 -1.516653 50.999668
v 22.691685 14.111660 40.875671
v 22.830873 14.375075 40.962978
v 22.597029 14.363450 40.957825
v 12.186330 -0.679326 52.256142
v 12.723086 -0.102150 51.372467
v 14.811559 -3.256460 50.342182
v 14.329008 -3.231104 50.234322
v 12.822647 -1.001882 50.617908
v 12.122654 -1.773242 51.876053
v 12.877398 -1.317285 50.510315
v 12.831410 -2.195308 50.519333
v 12.805557 -2.412287 50.527809
v 12.576003 -2.426090 50.916737
v 13.004659 -1.046475 50.278790
v 12.950799 -0.781111 50.393799
v 13.331922 -1.154692 49.587803
v 12.338938 -1.461691 51.587265
v 12.496050 -1.747937 51.161678
v 12.460805 -1.497869 51.297482
v 13.925164 -0.223160 49.151871
v 12.301568 -1.748245 51.539707
v 14.452570 -2.949867 49.965961
v 12.421576 -2.400086 51.161800
v 12.564833 -2.187871 50.969700
v 13.953126 -2.048876 49.088173
v 16.632708 -3.968693 51.872856
v 16.778042 -3.857430 51.764301
v 14.841649 -1.717612 48.497864
v 12.587138 -0.592762 51.357616
v 12.694964 -0.435531 51.200031
v 13.479442 -0.254958 49.680294
v 12.909918 -1.608993 50.456623
v 13.021386 -1.410754 50.248882
v 16.570164 -3.673958 51.388412
v 13.940975 -1.306377 48.881454
v 13.760472 -1.299789 49.066452
v 13.822915 -1.500127 48.985950
v 15.797588 0.065988 46.733231
v 13.881190 -0.487427 49.174229
v 13.780684 -0.308415 49.270344
v 15.418139 1.366182 47.321133
v 14.107203 1.662292 49.414089
v 13.694868 -0.694288 49.260002
v 13.254401 -2.226013 49.838989
v 16.048996 -0.515721 46.603603
v 13.333096 -0.404625 49.860050
v 19.267916 -5.106588 52.966965
v 19.411316 -5.303258 52.912743
v 14.390485 -0.296701 48.775391
v 14.555515 -0.154440 48.576748
v 14.362159 0.107499 48.831314
v 14.240823 0.036653 48.867611
v 14.115167 -0.103390 48.987530
v 14.343622 -2.238091 49.100243
v 14.527465 -2.254380 49.116688
v 15.673111 -3.762025 51.167320
v 15.959061 -3.758396 51.256962
v 15.828035 -3.932373 51.462177
v 13.502240 -1.672332 49.396366
v 13.188053 -2.950384 50.047020
v 13.207725 -3.121655 50.114414
v 14.077500 -2.832430 49.820126
v 14.458121 -2.116524 48.966236
v 12.696735 -2.302954 50.731422
v 12.718122 -2.058696 50.728821
v 14.061223 -3.658380 50.509884
v 14.241318 -3.805554 50.699745
v 12.254418 -2.389257 51.422043
v 12.853186 -1.989761 50.517502
v 13.183524 -2.423909 49.929722
v 13.361073 -2.387372 49.744308
v 12.297738 -2.637530 51.307678
v 12.072220 -2.178905 51.800552
v 12.416459 -3.791183 51.133900
v 12.310515 -3.909730 51.321903
v 12.577265 -3.994516 51.148708
v 12.527622 -3.641792 50.969936
v 14.463444 -3.923181 50.907341
v 14.270957 -0.717952 48.858849
v 14.384728 -0.609934 48.796696
v 13.145623 -2.224383 50.003128
v 12.197408 -3.999216 51.494732
v 13.927999 -3.865283 50.627090
v 14.166615 -3.444484 50.384850
v 12.979646 -2.881096 50.222591
v 13.402411 -3.717599 50.452351
v 12.798051 -2.810242 50.497036
v 12.810455 -3.040080 50.479992
v 13.051037 -3.058515 50.153351
v 13.721577 -4.046061 50.730938
v 13.788640 -3.538462 50.361996
v 13.894958 -3.258676 50.192730
v 12.714419 -3.329644 50.677124
v 13.756693 -3.735657 50.474255
v 13.631478 -3.884578 50.559757
v 12.086126 -3.569342 51.515663
v 12.131546 -3.824865 51.487846
v 11.292402 -3.714643 53.005226
v 11.257045 -3.294879 53.197247
v 11.318994 -3.471718 53.019920
v 11.870866 -3.028902 51.943150
v 11.880761 -2.585326 52.044041
v 11.859466 -2.340619 52.165657
v 11.957976 -2.118017 52.050369
v 11.974909 -2.403486 51.914646
v 12.053878 -1.962455 51.924561
v 11.936192 -3.816437 51.777054
v 11.901182 -3.489176 51.818119
v 15.046071 -3.753644 50.973526
v 14.969013 -3.530825 50.694187
v 15.406239 -3.548847 50.818478
v 13.722787 -0.908409 49.177345
v 15.174676 -3.375245 50.544327
v 14.076797 -3.047388 50.035763
v 16.151447 -3.820265 51.426105
v 16.131529 -3.512531 50.979362
v 15.247230 -2.543878 49.451370
v 14.113089 -2.269731 49.187485
v 17.266666 -2.552529 49.594341
v 17.325825 -2.695806 49.896301
v 14.724524 -2.524336 49.459476
v 18.418415 -2.812218 50.441750
v 18.243254 -2.626289 50.044491
v 17.925917 -2.737238 50.187401
v 14.683407 -2.118979 48.982956
v 17.076546 0.108464 45.598301
v 14.360633 -0.832829 48.684708
v 14.327147 -1.117687 48.534805
v 15.013706 -2.161310 49.004215
v 17.082001 -2.344377 49.233097
v 16.502968 -2.173760 48.962845
v 17.334774 -2.011616 48.792419
v 17.597795 -2.601853 49.820675
v 17.518440 -2.373944 49.387852
v 17.251478 -3.457616 51.318699
v 21.913795 -0.285519 47.063473
v 21.700748 -0.407265 47.154671
v 15.332686 -3.800223 51.120510
v 14.240571 -2.067940 48.962997
v 17.298536 -2.872008 50.246147
v 16.651686 -3.047613 50.389599
v 19.862993 -4.982561 52.255886
v 19.965132 -4.664665 51.985363
v 20.305180 -4.891955 52.017097
v 21.929737 -1.146677 47.836143
v 22.316231 -1.093745 47.606579
v 22.256523 -1.428039 48.023403
v 17.264849 -3.709545 51.728817
v 17.976664 -2.977319 50.668514
v 17.675333 -2.887838 50.414200
v 16.949900 -3.593004 51.428097
v 17.585888 -2.760969 50.141373
v 15.362786 -2.321863 49.173771
v 15.286724 -2.141892 48.943493
v 14.847544 -1.958871 48.782104
v 15.648306 -2.113099 48.896595
v 16.234541 0.608345 46.048580
v 15.911338 -1.547588 48.115871
v 15.910477 -1.816920 48.489834
v 15.610635 -1.612436 48.246975
v 14.656716 -0.975113 48.131527
v 14.943888 -0.918476 47.925011
v 14.783697 -1.165177 48.010899
v 16.824553 -0.321694 46.146973
v 17.127583 -0.444765 46.189930
v 16.902166 -0.566682 46.355778
v 15.179610 -1.935650 48.709904
v 15.169816 -1.690675 48.390213
v 17.710775 -0.797291 46.770786
v 17.590115 -0.696359 46.571236
v 17.340654 -0.966489 47.054260
v 17.760839 -0.888782 46.969784
v 14.487039 -0.627941 48.603420
v 15.846100 0.557210 46.694328
v 15.755032 0.677567 46.828964
v 17.367477 -0.575022 46.339592
v 14.518580 -1.897241 48.762211
v 15.694277 0.943626 46.941959
v 15.852270 0.903727 46.701794
v 15.825836 -0.971425 47.237122
v 14.139118 -1.302103 48.683655
v 15.015697 -1.276517 47.990288
v 18.695562 -0.564871 46.585522
v 15.480223 -1.791909 48.496101
v 19.298647 1.975293 42.937088
v 19.436552 1.795395 43.058899
v 19.268721 1.776072 43.136787
v 20.630093 0.870950 44.755695
v 20.428764 0.680043 45.028275
v 20.251255 0.792936 44.714668
v 20.706194 0.739107 45.051666
v 17.050928 -0.721038 46.552917
v 17.391712 -0.817196 46.753765
v 16.523981 -1.640319 48.210918
v 19.258860 -2.573899 50.053093
v 18.885374 -2.423625 49.727440
v 18.775816 -2.624987 50.110683
v 15.707564 -1.152041 47.543236
v 17.844177 -1.446032 48.007690
v 17.425913 -1.518350 48.071342
v 17.789423 -1.265900 47.703575
v 17.872705 -1.969702 48.797752
v 17.948381 -1.669045 48.350636
v 16.931976 -1.171576 47.441845
v 17.300337 -0.704930 46.511818
v 17.150368 -0.611151 46.382973
v 14.482230 -1.139752 48.289768
v 16.259459 0.405253 46.052094
v 14.116940 0.241291 49.084400
v 15.601080 -0.910475 47.339119
v 15.823386 -1.083779 47.397343
v 19.580454 1.880223 42.926476
v 19.600578 1.701133 43.111477
v 19.822836 1.713826 43.051754
v 16.561232 0.361483 45.750347
v 16.705984 0.368250 45.609715
v 17.699186 0.078795 45.413052
v 14.506410 -0.873429 48.418388
v 18.357481 -1.682931 48.410923
v 18.195721 -1.810756 48.588707
v 14.695751 -0.485450 48.275944
v 15.267887 -1.390849 48.014210
v 15.108552 -1.505875 48.165321
v 15.365821 -1.570075 48.208046
v 14.987291 -1.598703 48.288605
v 15.271143 0.029330 47.392166
v 15.413717 -0.089491 47.173641
v 15.399362 0.125159 47.216854
v 16.431990 0.234149 45.961178
v 15.892646 0.273396 46.618309
v 18.760201 1.326892 43.739105
v 18.902353 1.233368 43.763935
v 18.838531 1.397811 43.636368
v 17.823900 0.392337 44.989540
v 17.915445 0.007306 45.432568
v 17.872267 0.127781 45.277287
v 25.351948 8.662892 40.413025
v 15.893538 0.450650 46.615002
v 19.859541 2.098157 42.622303
v 19.814619 2.319263 42.462543
v 20.028343 2.230011 42.458817
v 19.924519 2.482043 42.292152
v 19.660109 2.491497 42.405495
v 19.454643 2.063354 42.803745
v 26.792671 5.613320 40.279251
v 27.061804 5.682399 40.404896
v 17.962246 -2.485329 49.705849
v 20.798079 16.049129 41.791016
v 21.034740 15.914756 41.715950
v 21.079487 16.172258 41.819168
v 22.625536 12.745855 40.513878
v 21.004667 16.928909 42.141598
v 20.826860 16.634716 42.058426
v 21.080658 16.654255 42.018009
v 20.684607 16.875324 42.191406
v 22.787586 10.897994 39.692944
v 20.386335 1.889491 42.822636
v 20.497200 1.666922 43.194263
v 20.103146 1.798252 42.918404
v 18.643997 1.248666 43.877815
v 20.893450 13.574666 40.861118
v 21.214899 13.699642 40.955906
v 21.136375 13.508712 40.899544
v 21.055115 13.332799 40.751072
v 22.004509 12.279957 40.461899
v 22.109758 12.152164 40.421082
v 23.128759 12.818215 40.414402
v 22.847357 12.955865 40.533062
v 23.133358 13.068381 40.524620
v 22.330519 19.004107 42.680515
v 22.428904 19.264326 42.775066
v 22.718624 19.206257 42.832821
v 20.948092 13.855030 41.062923
v 14.042779 0.086709 49.056149
v 14.573284 0.047262 48.578342
v 15.818178 1.932912 46.735703
v 20.681545 17.375599 42.418491
v 20.532846 17.448179 42.481407
v 20.542690 17.250639 42.401390
v 20.048912 17.985512 42.706570
v 19.895578 18.129416 42.700481
v 20.055418 18.222218 42.729088
v 20.784660 13.963474 41.127144
v 15.556661 0.709071 47.104233
v 18.961143 -0.974817 47.414631
v 18.988159 -0.866042 47.197319
v 20.477591 -0.295710 46.598534
v 20.847408 -0.072529 46.493645
v 20.867973 -0.271404 46.738110
v 21.617548 13.465922 40.804302
v 21.744331 13.256186 40.711460
v 21.820177 13.599664 40.824722
v 15.376286 0.536780 47.325657
v 15.497415 0.523885 47.160622
v 19.438658 -3.108673 51.059975
v 15.400724 -0.558135 47.296261
v 15.342920 -0.298258 47.281006
v 15.249182 -0.135965 47.418392
v 15.450415 0.342338 47.183796
v 15.293632 0.248653 47.388542
v 19.498959 13.913949 41.410900
v 20.126740 14.619355 41.042435
v 20.442717 18.059814 42.641537
v 22.489292 13.306109 40.651711
v 22.240278 13.029613 40.591354
v 22.526783 12.982963 40.572140
v 20.384413 14.195002 41.083042
v 20.381699 14.617611 41.267555
v 21.672785 13.097935 40.666042
v 21.841658 13.439548 40.758060
v 21.946152 13.318795 40.702015
v 20.435110 17.025867 42.302586
v 20.175377 16.939529 42.257187
v 20.342215 16.688276 42.128433
v 20.458038 14.432200 41.239582
v 20.636242 14.619356 41.306187
v 23.921053 17.598690 42.352985
v 24.220062 17.546207 42.442139
v 24.215807 17.883947 42.653728
v 20.005751 16.734797 42.123932
v 22.106100 15.167681 41.371338
v 22.337442 15.354838 41.429512
v 22.100094 15.419892 41.471622
v 21.469032 13.640940 40.890995
v 21.325966 13.466509 40.852032
v 23.903969 -0.848079 46.560116
v 23.797138 -0.708865 46.393459
v 24.061939 -0.751794 46.419373
v 21.912737 13.054213 40.619354
v 24.972136 13.064345 41.274281
v 25.197119 12.215371 41.212940
v 25.478277 12.659295 41.594151
v 22.445684 13.880345 40.818592
v 23.035799 14.359694 40.967312
v 22.673090 14.629796 41.067951
v 23.008873 14.593719 41.056076
v 23.237593 14.611419 41.080826
v 23.484009 14.730336 41.153168
v 23.335375 14.431959 41.018085
v 21.345543 15.724925 41.616581
v 21.296255 15.992450 41.724590
v 21.179893 15.825562 41.667862
v 23.164513 14.442312 41.006985
v 23.934284 14.574327 41.116314
v 24.025806 14.822506 41.221439
v 23.814901 14.832322 41.215042
v 24.127087 17.312326 42.263977
v 23.676697 13.438583 40.643620
v 23.750221 13.771365 40.766243
v 23.532930 13.653873 40.726566
v 26.309141 8.689459 40.956127
v 26.367720 8.960479 41.097824
v 26.114122 8.921431 41.029663
v 22.867601 13.945911 40.822529
v 22.918142 13.730288 40.758835
v 23.374199 14.217245 40.936031
v 23.171776 14.829228 41.169395
v 22.709646 13.539389 40.703918
v 22.691572 13.799498 40.781551
v 22.961393 13.464318 40.677063
v 23.218384 13.325212 40.618530
v 22.926567 13.220628 40.604557
v 22.074154 12.828109 40.549721
v 22.158152 13.300773 40.669189
v 23.675575 14.024270 40.854874
v 23.796537 12.421270 40.253395
v 23.848503 12.963740 40.523277
v 23.544905 12.715410 40.307510
v 22.528572 13.618219 40.736141
v 23.875664 11.938872 40.091194
v 23.564440 12.194371 40.047527
v 22.700823 13.155923 40.601086
v 22.744652 13.334054 40.646694
v 29.416298 3.976245 42.326481
v 21.711403 12.113964 40.348286
v 21.147261 12.999426 40.605553
v 21.133442 12.266949 40.227608
v 22.885336 12.688801 40.446922
v 21.416842 12.769303 40.584309
v 23.194921 10.580420 39.441334
v 22.107170 10.788636 39.964497
v 21.985010 10.872712 39.997005
v 22.005516 10.550289 39.942154
v 24.866917 5.985407 39.333694
v 24.931459 5.776867 39.303024
v 22.051668 12.623658 40.517399
v 23.328691 13.127725 40.523140
v 23.288322 12.972034 40.452145
v 22.895012 12.533926 40.391983
v 23.352852 12.835116 40.363914
v 23.478863 12.985888 40.440872
v 23.124359 12.009068 39.997601
v 23.272352 11.890032 39.898361
v 23.335066 12.109321 39.995579
v 23.296412 12.583997 40.245110
v 23.365442 12.338465 40.092995
v 23.513453 12.460382 40.159103
v 23.835938 11.315864 39.873177
v 24.210327 11.209357 40.062252
v 24.102673 11.416177 40.042995
v 24.319998 13.176891 40.813335
v 23.948639 13.429102 40.688763
v 22.703583 12.498409 40.431461
v 21.910950 6.715351 39.881218
v 21.832489 8.918804 39.900223
v 20.805387 5.732473 40.470375
v 24.616484 10.643306 40.208828
v 25.037868 10.889516 40.631416
v 25.375900 10.378019 40.825409
v 24.559095 11.033134 40.265175
v 21.990519 0.455310 45.977219
v 21.775158 0.545548 45.771870
v 21.720634 0.312142 46.186401
v 22.205339 10.880601 39.958382
v 22.265705 11.126582 40.004387
v 22.939150 11.641855 39.917400
v 23.083193 11.822720 39.926743
v 22.920931 11.882321 40.041492
v 22.890087 11.380953 39.838589
v 23.105303 11.508481 39.799828
v 22.655230 4.266629 39.551147
v 22.868486 4.260896 39.515121
v 22.740177 4.676270 39.283485
v 21.941591 12.115020 40.394627
v 23.187656 11.688359 39.838848
v 21.478159 9.805739 39.874149
v 22.040632 10.118302 39.896614
v 22.731073 11.096386 39.810329
v 22.921104 11.169577 39.733463
v 22.889793 12.100786 40.178928
v 23.018684 12.058363 40.082565
v 22.649269 12.167173 40.323483
v 22.426790 12.113394 40.374184
v 25.880640 10.141624 41.225014
v 25.931553 10.877988 41.314884
v 26.110033 10.145569 41.339920
v 22.605839 11.240658 39.925030
v 22.669142 11.509359 40.008438
v 21.512167 11.284794 39.984543
v 22.826262 9.780878 39.379955
v 23.047899 9.905126 39.301182
v 22.880215 10.007465 39.387314
v 18.625006 8.139590 41.620266
v 20.422386 9.759202 40.152081
v 22.631681 3.652285 40.578506
v 21.275618 1.784782 43.306961
v 21.064220 1.970211 42.942566
v 20.926231 1.725131 43.252029
v 19.636900 2.259553 42.581726
v 23.401825 10.808040 39.516830
v 23.343451 11.108306 39.627190
v 23.427187 10.557972 39.429165
v 22.586018 10.714439 39.726986
v 22.418968 10.647817 39.792263
v 22.527500 10.507055 39.673061
v 23.125008 11.299026 39.714451
v 22.256718 11.970077 40.347328
v 22.141039 11.832777 40.297321
v 22.072365 11.954111 40.347816
v 23.908226 10.511103 39.614388
v 23.861839 10.787520 39.697536
v 23.400869 11.457042 39.767597
v 22.774626 7.165010 39.219776
v 22.750088 11.707259 40.063393
v 22.537933 11.679015 40.152790
v 22.032330 11.334277 40.080685
v 22.700205 11.884099 40.176723
v 22.474125 11.910309 40.284416
v 23.505291 13.228930 40.565952
v 27.288662 7.299783 40.963852
v 27.526241 7.209412 41.090561
v 27.109291 6.602162 40.682106
v 22.724766 9.067905 39.371830
v 22.658684 9.187644 39.421806
v 22.331251 11.466595 40.103443
v 22.285776 11.742044 40.245136
v 22.007065 11.742432 40.239632
v 23.443645 13.476048 40.664921
v 22.475519 10.904377 39.859531
v 22.994013 4.441725 39.304028
v 22.616760 9.739346 39.479469
v 23.347349 10.293825 39.345993
v 22.938318 10.192946 39.397247
v 22.759529 10.164063 39.466774
v 23.027853 6.727518 38.965755
v 22.765362 5.496970 39.126503
v 23.349127 1.909198 43.729160
v 23.138662 1.962632 43.647884
v 23.184908 1.828477 43.858562
v 24.302956 7.152200 39.217197
v 24.439201 7.574181 39.407551
v 24.831383 7.232214 39.668667
v 20.982422 3.999246 40.925529
v 21.173317 3.718333 40.914082
v 21.121901 3.607223 41.020496
v 22.293385 9.467434 39.635380
v 23.306194 10.004306 39.266468
v 23.410616 9.798407 39.219719
v 23.179869 9.789861 39.225986
v 22.796402 11.227821 39.823235
v 23.601215 10.024455 39.309742
v 23.082253 10.306415 39.374584
v 22.895712 10.408612 39.470852
v 22.916035 9.581976 39.310604
v 24.070845 10.046309 39.572300
v 24.246027 10.328616 39.799110
v 24.478184 12.157027 40.601139
v 22.987236 9.142184 39.258598
v 23.019367 8.913843 39.219784
v 22.829023 8.855330 39.300694
v 23.005804 9.743293 39.279480
v 23.080778 9.638734 39.230198
v 22.652653 8.758552 39.391735
v 22.839836 9.357947 39.332947
v 23.076374 9.432892 39.226185
v 23.253344 9.618376 39.186832
v 23.485132 9.569724 39.185314
v 23.228720 9.244310 39.182781
v 23.294487 9.443325 39.172260
v 23.090511 10.111589 39.328823
v 23.596310 10.250451 39.365707
v 23.856258 10.220531 39.482899
v 23.832050 9.987630 39.394909
v 23.440279 4.528733 39.176510
v 23.184603 4.538659 39.170597
v 23.191319 9.002789 39.178875
v 23.059908 7.991273 39.015186
v 22.981901 8.208967 39.100971
v 23.203901 7.539732 38.895428
v 23.112589 8.260932 38.982491
v 23.230524 8.279876 38.962952
v 23.974550 7.611299 39.038921
v 23.673311 7.916301 38.900101
v 23.938448 8.098931 39.089420
v 25.727303 4.157221 39.852062
v 25.823503 4.267401 39.800282
v 25.968546 4.137147 39.926735
v 23.158089 8.752628 39.136349
v 23.537920 8.952346 39.133228
v 23.360252 8.872236 39.111458
v 23.566523 8.754986 39.106297
v 22.893669 5.339301 38.994858
v 23.266453 5.411783 38.786877
v 23.191162 7.882068 38.943405
v 22.783592 3.578980 40.782776
v 23.134609 4.661834 39.048981
v 23.134218 4.876777 38.946796
v 23.192259 8.513373 39.048119
v 22.928556 8.673718 39.220547
v 23.039362 8.604659 39.123356
v 23.458925 8.356131 38.964836
v 23.438745 8.075159 38.879879
v 24.468473 5.498142 38.884121
v 24.596193 5.248785 38.954178
v 24.855612 5.485580 39.149883
v 22.972420 4.629190 39.120335
v 22.906862 8.489870 39.182846
v 22.917356 4.939684 39.018948
v 22.676771 4.081725 39.756672
v 24.340271 3.849017 40.482685
v 26.073809 3.968211 40.081924
v 26.330935 3.944705 40.171986
v 22.675034 8.268287 39.346516
v 22.735149 10.603108 39.599873
v 24.433844 8.984542 39.702744
v 24.184488 8.399408 39.364967
v 24.749302 8.061074 39.768024
v 22.515530 4.376312 39.523888
v 22.558270 4.852077 39.382092
v 22.393328 4.593870 39.566368
v 26.987700 5.413811 40.352356
v 20.570814 1.174153 44.135128
v 20.430378 1.368477 43.706100
v 20.876474 1.314036 43.986080
v 22.386742 3.845538 40.160652
v 22.433775 4.008027 39.934776
v 21.732744 4.054810 40.255947
v 19.312990 1.350993 43.563725
v 21.520237 3.946517 40.484886
v 22.236719 8.802837 39.670975
v 21.211876 4.104238 40.670963
v 21.355459 3.628210 40.826160
v 21.526213 4.061758 40.397854
v 21.410858 3.884358 40.609798
v 21.864368 4.715549 40.029671
v 22.153566 9.659137 39.766842
v 22.125551 9.015996 39.759396
v 27.067623 8.479172 41.140865
v 21.033539 4.276807 40.748764
v 22.984322 4.082146 39.789909
v 22.047819 4.352541 39.916451
v 24.157335 6.727788 38.988297
v 20.755825 14.126000 41.185959
v 21.605156 4.000597 40.379162
v 22.313534 9.830580 39.635452
v 20.594248 14.257174 41.209846
v 22.366446 10.170228 39.654072
v 19.380404 6.621119 40.409805
v 22.732285 2.173362 43.260017
v 22.791719 2.302447 43.036320
v 25.138584 11.805637 41.018089
v 24.514160 13.695419 41.093765
v 18.215786 1.688962 43.756367
v 18.416903 1.436632 43.837242
v 18.423988 1.559670 43.732658
v 19.111416 1.709835 43.255108
v 19.144117 1.547894 43.390488
v 22.159575 9.985154 39.810146
v 22.234486 10.680057 39.896873
v 22.074766 3.630423 40.586418
v 23.682211 9.798238 39.281223
v 22.322052 10.429881 39.760353
v 22.482765 10.319388 39.633163
v 22.661488 10.353709 39.557888
v 26.099983 4.363639 39.911308
v 22.612619 1.286901 44.562046
v 22.920723 1.281127 44.627285
v 22.822060 1.420277 44.420284
v 22.563662 10.148289 39.550133
v 26.321140 5.593626 40.163280
v 26.204651 5.345188 40.069622
v 26.444761 5.334994 40.171841
v 21.897158 3.490343 40.778957
v 21.601561 3.463135 40.842278
v 26.457052 8.039347 40.770733
v 26.629930 8.181320 40.885021
v 26.311735 8.203080 40.772293
v 21.780046 2.645802 42.034809
v 21.614769 2.786493 41.724979
v 21.940929 2.784499 41.830795
v 22.508068 4.177260 39.704353
v 22.404968 4.300740 39.683002
v 25.214830 4.095226 40.017231
v 25.484219 4.141131 39.880898
v 25.164474 4.344223 39.687286
v 24.679182 4.140796 40.000336
v 24.909332 3.993485 40.228062
v 26.577562 5.134095 40.186550
v 26.269539 5.084678 40.048618
v 25.950493 5.722707 40.008358
v 26.682564 4.712548 40.203751
v 26.733433 4.958043 40.225685
v 26.475628 4.882341 40.120136
v 27.669250 4.370195 40.840092
v 25.032370 4.607921 39.407505
v 24.879017 4.474787 39.502541
v 24.747129 4.607064 39.349743
v 26.276579 4.141689 40.041920
v 27.339754 4.833975 40.542561
v 27.090969 4.812167 40.394943
v 27.178902 4.558096 40.479416
v 27.877216 5.268521 41.066490
v 26.994078 3.716842 40.937542
v 26.584379 3.881833 40.420708
v 26.485094 5.806385 40.252640
v 24.196728 3.399106 41.288631
v 23.397747 3.605020 40.830284
v 23.416134 3.329384 41.413601
v 25.251472 3.890526 40.356010
v 25.270910 3.734895 40.651730
v 25.677431 3.739589 40.491573
v 25.543505 3.843981 40.341953
v 25.807743 3.859611 40.237499
v 25.819380 3.631527 40.686581
v 25.443909 3.771173 40.520462
v 25.505468 3.637380 40.773693
v 23.787233 3.191939 41.708736
v 23.457769 3.165382 41.757984
v 25.514889 3.969546 40.129105
v 25.765055 4.023598 40.003860
v 26.695869 6.608406 40.502941
v 24.851612 3.013443 41.800125
v 24.883728 3.162749 41.605141
v 25.078714 3.013781 41.761917
v 26.708941 6.087249 40.326309
v 26.855949 6.292582 40.434467
v 27.566664 4.921470 40.714226
v 27.416510 5.066511 40.591011
v 26.874598 4.825932 40.285721
v 26.594017 5.678358 40.255280
v 27.604342 3.817548 41.166397
v 24.807528 3.356739 41.341000
v 25.167849 3.366961 41.308079
v 26.037697 4.635248 39.856369
v 25.986050 4.907713 39.849953
v 25.769045 4.719928 39.702976
v 26.581268 5.517916 40.233036
v 26.700073 5.361498 40.242149
v 26.971088 5.005564 40.320999
v 26.501368 4.044773 40.182537
v 23.773075 5.622400 38.627602
v 24.129145 5.303661 38.719269
v 23.803009 5.312392 38.571148
v 25.951225 5.220522 39.887180
v 26.826317 5.175651 40.264839
v 23.759998 7.051929 38.863045
v 21.995602 16.143658 41.712883
v 22.102169 15.880893 41.626732
v 22.251070 16.120762 41.687302
v 27.086695 4.299723 40.461353
v 23.497915 1.753865 43.957035
v 23.739296 1.747274 43.928288
v 23.592505 1.914093 43.690971
v 25.402643 20.517269 42.237957
v 25.392897 20.339794 42.020573
v 25.605873 7.528556 40.329426
v 26.956484 4.412203 40.362270
v 24.803978 4.324967 39.709282
v 26.417549 7.145390 40.617294
v 26.492052 7.339604 40.643131
v 27.135490 6.055102 40.531528
v 27.530912 4.634915 40.703419
v 27.673326 4.767795 40.793701
v 26.712576 4.126749 40.296364
v 26.902100 4.248969 40.359947
v 26.481766 16.322889 41.938877
v 26.931644 9.898920 41.317951
v 21.226534 16.868937 42.069492
v 27.009705 3.507455 41.357830
v 26.646791 3.498482 41.203182
v 26.910402 4.616767 40.317757
v 24.931095 5.160432 39.163380
v 25.174704 5.034707 39.308937
v 24.904446 4.843198 39.222660
v 25.429024 4.632327 39.541908
v 25.637539 5.001262 39.636208
v 26.234129 4.816349 39.991825
v 24.972130 4.198747 39.897404
v 23.606701 4.489747 39.247063
v 25.206081 3.616880 40.900673
v 25.146765 3.502006 41.112808
v 23.979006 4.882833 38.899586
v 24.390615 4.978734 38.936718
v 24.240749 4.767706 39.046677
v 24.502069 4.736644 39.169392
v 23.597687 5.295186 38.605106
v 25.782654 4.473042 39.730042
v 23.388849 7.077723 38.784821
v 25.171867 4.788465 39.341549
v 25.409260 5.152515 39.473137
v 25.363062 4.917546 39.428772
v 25.564976 4.315871 39.726749
v 25.589939 5.464896 39.693481
v 25.297052 5.743512 39.574154
v 25.190535 5.564528 39.423992
v 23.384798 9.095649 39.145809
v 23.428265 9.323606 39.152096
v 24.145464 10.951437 39.941734
v 24.278856 7.934942 39.325367
v 25.213118 5.329152 39.370007
v 24.564421 5.729284 38.997017
v 24.640818 5.972404 39.138924
v 24.354658 5.945328 38.907150
v 24.208605 5.699903 38.770546
v 23.792858 5.128241 38.644100
v 24.690960 5.000397 39.057938
v 24.050547 6.042131 38.763943
v 23.464542 7.832938 38.820763
v 23.609142 7.666786 38.816410
v 23.390141 7.487884 38.787861
v 26.251131 7.917586 40.692955
v 26.112288 7.615940 40.610733
v 26.417706 7.662626 40.674763
v 25.407148 3.457006 41.126354
v 26.003771 5.472993 39.976475
v 23.658520 8.196346 38.962368
v 25.591866 5.867035 39.839127
v 25.624601 6.257573 40.018520
v 23.528982 14.396806 41.011398
v 23.755398 14.282364 40.972980
v 23.721415 8.482712 39.084702
v 23.837517 8.877002 39.236084
v 23.606537 9.148380 39.176998
v 29.164417 5.299945 42.141403
v 23.391756 8.609705 39.049377
v 23.310041 8.447630 38.993210
v 23.626823 9.384652 39.192127
v 23.882124 9.252659 39.312126
v 23.356123 7.933775 38.842846
v 26.553381 7.660682 40.689075
v 23.619673 7.462521 38.794071
v 26.050529 7.396259 40.581924
v 25.966377 7.813825 40.583935
v 23.793810 11.037065 39.755497
v 23.591515 10.947706 39.627319
v 23.467014 10.132314 39.299831
v 23.516369 11.929505 39.924709
v 24.159212 10.636802 39.833374
v 24.452673 11.448788 40.314701
v 23.577192 11.192437 39.716881
v 23.406445 11.734195 39.841393
v 24.148748 11.695069 40.167179
v 23.911308 11.592602 39.975174
v 26.109350 7.127946 40.537891
v 23.650543 11.665180 39.882225
v 24.875669 11.228390 40.582943
v 24.817476 11.581815 40.655300
v 26.350079 9.451756 41.272785
v 26.250750 9.173163 41.178448
v 26.519323 9.368909 41.228848
v 24.740589 10.250660 40.223080
v 23.938683 -0.627923 46.259403
v 23.742075 -0.542058 46.248207
v 26.348644 7.478773 40.650059
v 26.420238 6.664139 40.479336
v 25.229719 11.173502 40.865845
v 26.443430 8.424737 40.883183
v 26.265688 7.309998 40.624752
v 24.849329 15.700058 41.949600
v 25.098476 15.795253 42.195694
v 29.482964 4.421422 42.220512
v 29.557129 4.941090 42.400040
v 26.233095 6.818805 40.510197
v 26.331926 6.988730 40.581482
v 26.328854 9.745960 41.341366
v 26.679354 8.437217 40.980759
v 26.882301 8.533621 41.068974
v 26.188982 7.447507 40.635937
v 27.122402 7.326649 40.888817
v 25.171968 11.434717 40.906620
v 26.011726 9.329144 41.135128
v 26.033934 9.652862 41.221592
v 23.929808 3.055219 41.945976
v 23.848438 2.921178 42.163864
v 23.619762 3.018855 42.011517
v 25.490183 10.922431 41.017857
v 25.401791 14.320949 41.990696
v 24.096191 13.731604 40.849419
v 23.700804 14.580583 41.096756
v 26.583456 8.838631 41.096474
v 23.502632 16.403139 41.680824
v 23.319548 16.497927 41.705952
v 23.359825 16.272320 41.674290
v 24.729195 21.131248 41.694149
v 24.553471 15.611883 41.742672
v 24.213795 15.612941 41.601254
v 24.376888 15.277551 41.544960
v 24.129681 15.401855 41.503613
v 29.241997 4.206171 42.129951
v 29.160421 3.789020 42.349468
v 23.874428 14.023947 40.874512
v 24.112331 14.225153 41.030972
v 25.352570 3.071388 41.710056
v 25.820105 3.058438 41.832100
v 25.323231 2.849236 41.970692
v 27.218201 7.489782 40.969875
v 24.038242 15.114307 41.369659
v 23.674629 15.070522 41.320297
v 28.938524 4.012528 42.060310
v 25.822123 14.036577 42.086246
v 25.701757 12.962651 41.843060
v 23.769321 19.883240 42.786316
v 23.623892 19.945740 42.784203
v 25.503380 19.540642 42.807053
v 25.607269 19.217659 42.920536
v 25.758413 18.004887 42.746986
v 22.512611 20.975399 42.484825
v 23.249035 21.226307 42.181900
v 24.452290 20.719652 42.076576
v 23.648369 20.961040 42.130295
v 23.731415 21.105495 42.058453
v 21.785267 17.666389 42.185081
v 21.929031 17.445974 42.130173
v 22.078804 17.600838 42.160011
v 20.936785 17.647846 42.375378
v 20.870691 17.389956 42.341618
v 21.123753 17.521027 42.273281
v 26.567957 8.613269 40.995853
v 26.765656 8.833600 41.108215
v 28.010788 3.713398 41.695599
v 27.441280 3.593217 41.424789
v 25.513500 20.420443 42.475529
v 25.598785 20.057135 42.538895
v 24.641865 20.552156 42.237156
v 24.269773 20.865028 41.973511
v 24.302471 20.542511 42.276066
v 23.363663 20.489029 42.519451
v 23.038239 20.408419 42.592636
v 23.062778 20.643318 42.478672
v 24.626188 19.771772 42.787968
v 24.842604 19.739412 42.804054
v 25.413321 20.295778 42.527390
v 24.316236 20.321003 42.464802
v 24.035902 20.415297 42.423508
v 24.297695 21.197235 41.736702
v 24.493702 21.264977 41.670273
v 24.066978 21.369207 41.876667
v 24.494810 21.141230 41.666367
v 24.092873 21.167772 41.889343
v 19.717302 18.196411 42.521133
v 19.801165 17.773607 42.586128
v 25.014807 20.375439 41.753994
v 25.215837 20.407631 41.824387
v 29.524925 4.230187 42.288242
v 25.762877 18.805876 42.485622
v 26.142849 13.439400 41.799232
v 25.837831 11.410702 41.355434
v 25.711479 10.692243 41.142708
v 26.737806 9.449424 41.241074
v 22.862391 18.211046 42.485962
v 23.231554 17.972416 42.407593
v 25.684614 19.727358 42.119709
v 26.552794 9.758923 41.322453
v 24.575560 20.385519 42.397530
v 25.835268 9.054938 40.945522
v 25.551672 9.534505 40.849827
v 22.873060 16.992670 41.844967
v 22.934713 16.736959 41.782131
v 22.723677 16.890915 41.837467
v 24.797638 19.909340 42.705177
v 24.923136 18.455122 43.186440
v 25.177427 18.429441 43.261013
v 25.040968 18.214336 43.140232
v 23.868711 21.023962 42.042656
v 23.873726 21.196844 41.982201
v 23.953722 20.643961 42.255974
v 24.096840 20.200809 42.561226
v 24.323877 20.141253 42.583836
v 24.091728 19.608248 42.895023
v 24.229662 19.482861 42.958855
v 23.721634 20.473557 42.434734
v 24.519615 19.985340 42.667057
v 23.606249 20.139585 42.677979
v 23.846573 20.053814 42.677654
v 23.731321 20.252275 42.586002
v 22.910583 18.416630 42.598301
v 22.901945 17.903858 42.314865
v 23.183298 17.719593 42.216480
v 21.953997 19.252333 42.676815
v 21.895790 19.492554 42.695965
v 22.194975 19.314873 42.740868
v 19.978210 18.437096 42.688919
v 22.938251 18.618959 42.688335
v 24.045851 16.978893 42.041618
v 22.638968 18.810394 42.683651
v 22.351643 18.625919 42.554146
v 23.884081 20.281164 42.536633
v 23.442329 19.820004 42.891624
v 22.136971 19.608232 42.764263
v 22.466719 19.543835 42.828663
v 22.238609 19.804205 42.775429
v 23.771078 20.819580 42.160114
v 21.254330 20.048935 42.653252
v 21.230108 19.864901 42.629265
v 22.434553 20.796818 42.516476
v 21.528280 17.801601 42.235935
v 21.373909 18.070456 42.338840
v 21.277187 17.771788 42.279953
v 23.283577 18.716253 42.820217
v 23.281807 18.966917 42.915165
v 23.557899 18.864977 42.949093
v 22.641277 18.050907 42.378174
v 22.523184 17.236103 41.979317
v 22.692963 17.066847 41.886894
v 22.469641 16.958912 41.898479
v 21.725210 19.280880 42.636887
v 21.846613 17.990396 42.259651
v 21.686455 17.861647 42.226234
v 21.745386 18.200109 42.316261
v 21.929058 18.239389 42.335201
v 22.156252 18.091372 42.315651
v 20.207888 18.105516 42.707874
v 24.227854 15.944533 41.714828
v 23.982920 16.229778 41.705772
v 23.880566 15.992294 41.627075
v 22.065571 19.083702 42.652607
v 23.949190 19.796818 42.809826
v 22.421072 16.318096 41.727718
v 22.152515 16.310410 41.744991
v 22.217844 16.510969 41.799335
v 24.567331 18.683872 43.174496
v 24.804491 18.662041 43.230114
v 24.688911 18.486914 43.130943
v 22.663139 18.491041 42.570370
v 22.032459 17.837931 42.225960
v 22.316586 17.774189 42.215069
v 21.624098 18.025591 42.278072
v 20.761929 19.162355 42.457405
v 20.472761 19.050261 42.471237
v 20.699984 18.934238 42.476498
v 21.456818 19.188288 42.575878
v 21.350252 18.977165 42.550415
v 22.099367 18.416147 42.421829
v 21.809109 18.425905 42.400772
v 21.571604 18.288683 42.372601
v 21.062580 17.240829 42.227398
v 21.272367 17.314251 42.188904
v 21.246000 17.087585 42.138321
v 24.247536 19.603870 42.891830
v 23.762102 18.571964 42.886654
v 23.113983 17.011690 41.836182
v 23.244602 16.735266 41.754593
v 20.118145 15.459357 41.419064
v 21.130220 17.997952 42.385098
v 20.176193 18.613600 42.617844
v 20.174063 18.850237 42.546124
v 21.067963 17.772032 42.344284
v 22.508171 20.175091 42.675556
v 20.652245 16.244612 41.902100
v 20.430576 16.346300 41.956402
v 20.510195 16.066114 41.814171
v 20.068359 17.383589 42.479733
v 19.889650 17.562103 42.563667
v 19.695396 17.464941 42.468807
v 22.449884 18.273445 42.443928
v 20.861380 17.121347 42.253448
v 21.864422 15.732942 41.589077
v 21.602375 15.889380 41.663582
v 21.646902 15.541576 41.530994
v 21.797890 20.590521 42.694691
v 21.443350 20.201878 42.667706
v 21.740805 20.232449 42.625465
v 23.955507 18.933630 43.054092
v 24.396366 18.907974 43.157326
v 24.237324 19.155575 43.100700
v 20.440430 18.855549 42.480644
v 21.581259 18.622431 42.480724
v 21.688374 18.804909 42.530495
v 19.782606 15.935911 41.544765
v 19.280449 15.203001 41.734184
v 20.632587 18.718838 42.520943
v 20.574223 19.260206 42.486069
v 21.215761 19.090868 42.537640
v 21.022676 19.274515 42.503548
v 21.246490 19.344822 42.556648
v 20.272291 18.927351 42.496136
v 20.704348 19.483837 42.566338
v 20.811836 19.375896 42.483170
v 21.331511 18.408125 42.445869
v 21.032770 18.481224 42.519436
v 21.179077 18.239519 42.443039
v 20.901585 18.749739 42.526211
v 21.945250 18.778179 42.541019
v 20.398489 18.657146 42.542809
v 20.250832 18.782061 42.506729
v 20.596853 18.515123 42.571636
v 20.386106 18.471001 42.604763
v 20.258068 18.306652 42.675777
v 21.856493 19.070719 42.613976
v 20.542967 18.302774 42.610466
v 20.798035 18.571335 42.549187
v 20.972160 18.993305 42.501469
v 21.234673 18.778303 42.521130
v 20.795542 18.369530 42.561760
v 22.774057 20.301144 42.643921
v 22.435616 18.012306 42.331161
v 21.058424 19.592951 42.572250
v 25.248096 19.851692 42.744625
v 20.078148 18.391319 42.699917
v 22.217020 20.047716 42.676773
v 22.003479 20.217220 42.595219
v 23.581245 20.314964 42.579529
v 23.234861 20.240927 42.673889
v 22.531841 20.428188 42.550457
v 22.971031 18.916862 42.808979
v 23.408699 19.537153 43.020561
v 23.276175 19.639318 42.981140
v 29.932423 3.925436 42.759628
v 25.573437 17.133099 42.931183
v 29.820461 3.337412 43.569725
v 29.798109 5.450447 42.715332
v 20.471338 15.027947 41.402100
v 19.661329 17.187847 42.306652
v 19.915520 17.064001 42.294228
v 19.818987 17.353613 42.451466
v 20.138453 17.139780 42.360020
v 20.275227 17.084126 42.340115
v 20.336042 17.262032 42.423473
v 25.687656 18.539343 43.215843
v 25.653355 19.077293 43.277046
v 25.555544 18.992323 43.329781
v 23.002687 20.177906 42.726517
v 23.164917 20.074667 42.781967
v 23.024736 20.006319 42.827682
v 24.725382 18.875395 43.234779
v 23.442595 20.247534 42.648239
v 22.311737 20.691797 42.542793
v 22.277519 20.545956 42.545803
v 22.261501 20.307543 42.577549
v 22.056684 20.428881 42.568577
v 21.903893 20.383570 42.601414
v 24.686796 17.742367 42.778385
v 24.668924 18.185196 42.988155
v 24.194277 18.317675 42.893826
v 23.185154 19.879522 42.887489
v 24.224417 18.645151 43.054184
v 23.556654 19.432219 43.028664
v 23.395153 20.044731 42.771816
v 24.162880 19.336592 43.035522
v 25.569138 19.445812 43.004906
v 24.803923 16.645967 42.321297
v 25.081274 16.427351 42.426434
v 24.939489 16.306501 42.260212
v 25.225880 19.073822 43.275608
v 25.111824 18.991808 43.287048
v 25.064373 19.193577 43.186916
v 23.525198 17.650949 42.253418
v 25.561195 18.789360 43.375381
v 25.395943 19.098341 43.268841
v 25.342951 18.911283 43.339863
v 25.214588 19.345884 43.084560
v 25.663544 19.105341 42.999435
v 25.562643 19.338522 43.094360
v 25.402897 19.267136 43.151363
v 24.832909 19.240570 43.135426
v 24.896671 19.044125 43.237972
v 25.541513 19.942152 42.734940
v 25.668999 19.360548 42.707054
v 25.341715 18.054350 43.191357
v 25.051466 18.756222 43.290798
v 24.469074 18.459091 43.056961
v 25.258312 19.190828 43.203213
v 24.599436 19.140867 43.156555
v 25.042128 17.913801 43.026371
v 20.327227 17.540550 42.542381
v 25.558861 19.169638 43.233566
v 25.682453 18.969576 43.134727
v 24.882769 16.077839 42.113998
v 24.170229 -0.583936 46.189541
v 23.185844 15.897641 41.612854
v 23.057894 16.133430 41.668701
v 22.940197 15.947193 41.627590
v 22.742447 16.439489 41.741371
v 22.473207 16.547325 41.786522
v 25.859379 0.609117 46.081661
v 25.736481 0.266114 46.365341
v 25.686657 0.445409 46.146030
v 25.304663 17.629631 43.035202
v 27.430494 1.509436 45.474678
v 27.150938 1.744697 44.805107
v 27.039680 1.425301 45.294724
v 24.413534 16.709940 42.117920
v 24.677647 16.371504 42.109707
v 22.632456 17.823545 42.251770
v 22.937315 17.575819 42.108688
v 22.590519 17.535521 42.093384
v 22.098331 17.390179 42.101086
v 25.387512 17.062372 42.872025
v 25.326979 17.372892 42.951443
v 24.445227 17.596483 42.584476
v 24.702057 17.377628 42.608082
v 24.377394 17.386768 42.430851
v 24.435659 17.110346 42.321968
v 25.049143 17.567160 42.886318
v 24.688454 16.890312 42.369274
v 24.963350 1.538860 43.797947
v 24.838947 1.596158 43.494129
v 24.647957 1.649348 43.550797
v 24.783720 17.099245 42.526169
v 21.865442 15.960982 41.669514
v 21.736086 16.155928 41.744804
v 22.985970 16.486052 41.732166
v 23.677450 16.923210 41.864925
v 23.957302 16.596886 41.831127
v 23.128290 17.289194 41.944378
v 24.607206 16.053797 41.926872
v 23.546099 16.632881 41.734932
v 23.395927 16.894682 41.790855
v 22.965946 16.316160 41.706406
v 23.152662 16.346004 41.699165
v 22.135332 16.912899 41.936790
v 22.325657 16.723429 41.848957
v 21.449316 17.507355 42.189312
v 22.834711 17.255939 41.942211
v 26.076689 9.914362 41.307076
v 21.340147 16.269163 41.828091
v 21.979567 17.279583 42.080162
v 21.741413 17.310722 42.109112
v 24.320431 16.305494 41.881413
v 22.860891 16.172234 41.682190
v 22.622856 16.715874 41.814472
v 23.981804 15.364495 41.466457
v 25.498735 1.052619 45.110561
v 26.892120 2.549254 43.304863
v 27.332670 2.677789 43.379131
v 27.152126 2.473798 43.634380
v 20.593180 16.580044 42.073532
v 24.353424 1.936627 43.348049
v 24.584856 1.800147 43.335609
v 24.423210 1.778431 43.523529
v 26.471600 9.890057 41.380943
v 21.836716 14.662066 41.207245
v 21.889956 14.970933 41.316105
v 22.043365 14.821652 41.230713
v 27.551117 2.590896 43.701683
v 25.446028 0.429117 45.963852
v 26.414457 10.924053 41.518162
v 21.318401 14.758698 41.329128
v 21.059702 14.685676 41.329376
v 21.234566 14.959826 41.385319
v 22.033049 16.686399 41.875935
v 21.854933 16.865761 41.957321
v 21.889767 16.427721 41.813404
v 21.801933 16.663950 41.896690
v 28.670828 3.679138 42.180546
v 25.001110 0.135732 45.912148
v 25.257994 0.067354 46.172913
v 21.191730 16.444401 41.910561
v 20.892712 16.365316 41.927666
v 21.595032 16.754936 41.959393
v 21.444172 16.517216 41.900558
v 21.332333 16.701521 41.985786
v 22.301435 17.463987 42.096878
v 19.182177 16.415588 42.497826
v 20.686672 17.172230 42.325851
v 21.658836 16.552769 41.881020
v 21.910875 15.508315 41.509930
v 21.838200 15.276691 41.430405
v 19.553017 16.231609 42.113628
v 22.345259 15.932937 41.632614
v 22.451317 16.092604 41.670631
v 20.776720 14.929999 41.398647
v 21.588400 16.345394 41.825272
v 21.505018 16.139368 41.766056
v 21.925486 17.091259 42.024441
v 20.679089 16.430088 41.989067
v 21.002171 15.053219 41.430344
v 21.312235 15.414265 41.507656
v 21.572075 15.288235 41.446533
v 21.400034 15.142158 41.416405
v 20.399065 15.814911 41.683998
v 20.208021 16.049070 41.769955
v 20.643175 15.811996 41.698307
v 22.123299 14.977439 41.287029
v 18.096519 12.007187 43.483124
v 21.071766 15.654702 41.609619
v 20.853447 15.799021 41.682186
v 22.582319 15.258361 41.364174
v 22.624784 14.961678 41.223339
v 22.814714 15.201824 41.326908
v 22.194525 2.066947 43.287987
v 20.057621 16.411430 41.943253
v 22.994129 15.045675 41.258217
v 23.339630 15.089924 41.302181
v 22.804310 15.406528 41.426079
v 21.628563 14.473313 41.191818
v 23.781105 15.360500 41.450092
v 20.513485 15.526241 41.570919
v 21.182978 14.067293 41.113419
v 23.079315 15.333961 41.397301
v 23.353325 15.353101 41.423634
v 22.200815 17.188292 42.015644
v 20.905378 14.319108 41.229897
v 23.126814 16.566189 41.734150
v 22.645067 16.162939 41.685207
v 22.761803 16.005735 41.645401
v 22.310789 15.667119 41.550938
v 22.898354 14.820683 41.148594
v 22.330658 15.086562 41.308617
v 22.069530 15.632904 41.549953
v 20.805824 15.562194 41.596313
v 20.760918 15.240890 41.489922
v 20.910975 14.065438 41.151981
v 21.873032 3.242330 41.112251
v 21.013851 15.350691 41.512985
v 21.191694 15.181596 41.444187
v 21.244228 14.385970 41.226589
v 21.666264 14.857967 41.310009
v 20.783590 3.728096 41.180019
v 22.271660 14.867528 41.213966
v 22.405937 14.719262 41.124321
v 21.313555 14.583625 41.287594
v 21.647398 15.078145 41.379219
v 21.462894 14.912996 41.351528
v 21.455259 14.459765 41.228668
v 21.523993 14.663405 41.274590
v 24.175079 14.648426 41.190098
v 23.263063 15.583745 41.510330
v 23.720867 16.345671 41.675903
v 24.362221 14.887323 41.374046
v 23.540041 15.266724 41.397053
v 23.231478 16.134579 41.663490
v 23.783079 16.155550 41.634636
v 23.952000 15.532770 41.527542
v 23.721663 15.635208 41.540703
v 26.266163 10.727342 41.454857
v 23.548222 16.214071 41.649326
v 23.632133 16.032131 41.616966
v 23.403740 16.052874 41.637814
v 24.162376 14.882036 41.274189
v 23.512882 15.499843 41.490147
v 23.942657 15.768828 41.595436
v 23.712929 15.847426 41.590244
v 23.478428 15.794032 41.577797
v 26.313362 9.993663 41.375694
v 26.461224 10.067943 41.414402
v 23.675701 16.186953 41.632309
v 23.398224 1.275281 44.655704
v 23.297930 1.083797 44.898220
v 23.598389 1.119299 44.828266
v 29.462284 3.066587 43.503487
v 29.681385 3.214718 43.422710
v 26.054420 9.112454 41.121773
v 25.877607 12.240989 41.616459
v 25.895201 1.132821 45.104759
v 25.998425 1.334837 44.691025
v 23.135569 1.389134 44.501259
v 23.217415 1.557959 44.268074
v 22.969551 1.530070 44.289455
v 25.791130 9.916846 41.137745
v 27.898487 3.403880 42.114361
v 27.631132 3.469654 41.813675
v 22.180237 1.354853 44.370041
v 22.516489 1.470838 44.282536
v 27.705639 2.773728 43.392277
v 19.640553 2.065310 42.732765
v 19.828756 1.902405 42.823795
v 19.971394 1.930175 42.746166
v 29.443808 3.177639 43.333298
v 29.460754 2.988816 43.702126
v 29.198246 3.052982 43.437588
v 27.077484 2.304212 43.863892
v 27.385996 2.191179 44.258869
v 27.388039 2.408496 43.919769
v 21.352583 -2.410890 49.256680
v 21.360006 -2.123849 49.062199
v 21.609850 -2.419542 49.044098
v 21.722029 -0.250886 47.018135
v 22.149017 -0.326015 47.068790
v 22.101662 -0.122735 46.856991
v 24.191877 -0.919213 46.758266
v 23.774332 -0.972769 46.737656
v 28.451397 2.383372 44.614014
v 28.502239 2.520104 44.352859
v 28.089754 2.383092 44.407837
v 26.744656 1.224241 45.466415
v 26.320826 1.085381 45.499157
v 26.884825 0.899266 46.369907
v 25.645212 0.842211 45.562874
v 27.029320 1.261925 45.647404
v 23.736828 -0.367507 46.116543
v 22.548574 -0.277638 46.856899
v 22.410393 -0.012530 46.639679
v 22.320606 -0.235141 46.928223
v 23.091393 -1.405143 47.429588
v 22.769260 -1.211953 47.392910
v 23.134426 -1.273807 47.219021
v 24.868011 -0.263834 46.219845
v 24.606611 -0.034710 45.833447
v 27.916891 2.050858 44.869225
v 28.406883 2.192056 44.895683
v 28.655666 2.379822 44.648567
v 23.536537 -0.394230 46.268959
v 23.518528 -0.635753 46.444874
v 22.957331 -0.798191 46.869015
v 27.241621 1.141802 46.067337
v 24.410583 -0.682497 46.448997
v 24.663326 -0.525073 46.359715
v 24.461691 -0.421435 46.091137
v 25.259211 -0.208109 46.519863
v 20.249153 -4.683452 51.765564
v 24.334558 -0.269124 45.864933
v 24.308727 0.133372 45.644794
v 24.858973 0.468904 45.582920
v 24.327484 -0.118181 45.756187
v 24.203133 -0.414924 45.992527
v 19.170006 0.045660 45.431957
v 18.835508 0.075722 45.251831
v 18.992134 -0.104789 45.657688
v 24.664883 1.300779 44.472000
v 24.496986 1.180073 44.724419
v 24.348440 1.378820 44.391727
v 19.227873 -0.176500 45.907040
v 19.524818 -0.082714 45.876972
v 19.293476 -0.052075 45.686455
v 23.673748 0.197503 45.740910
v 19.976492 -5.209907 52.441170
v 23.400677 0.274352 45.842594
v 23.684446 -0.810936 46.536713
v 23.238403 -0.412653 46.467083
v 22.607103 -1.461390 47.822098
v 20.774570 -0.492652 46.938705
v 20.406872 0.992025 44.412514
v 20.094765 0.916591 44.404453
v 24.809561 -0.712737 46.862312
v 25.609814 -0.267087 46.929695
v 20.626667 0.358366 45.730515
v 20.623360 0.570867 45.344933
v 20.963053 0.514354 45.594307
v 21.924255 1.525502 44.022209
v 21.795013 1.711788 43.670353
v 22.158430 1.688505 43.859516
v 18.349728 0.251237 44.979008
v 18.652727 0.230453 44.950317
v 18.521822 0.079672 45.192036
v 23.461540 -0.892898 46.692001
v 20.958717 0.279295 46.017769
v 20.915409 0.102477 46.286781
v 21.128349 0.152363 46.299709
v 23.821718 0.373154 45.524204
v 23.925375 0.063950 45.719154
v 22.260902 0.512911 45.848576
v 22.143263 0.331700 46.194679
v 19.042580 1.311510 43.632309
v 19.147833 1.147057 43.803459
v 23.189505 0.366747 45.868881
v 23.167208 0.228947 46.021561
v 23.531580 0.480153 45.552467
v 23.216877 0.491086 45.692158
v 24.076714 0.321862 45.523056
v 17.930559 0.237512 45.118343
v 24.111156 1.235177 44.634140
v 24.037899 1.466144 44.295486
v 21.281679 0.856313 45.049641
v 21.399254 0.668434 45.444832
v 21.577137 0.799139 45.245056
v 23.010429 0.206906 46.124954
v 21.291269 0.262115 46.167648
v 22.501749 0.714612 45.474541
v 20.550316 0.073544 46.143459
v 23.216223 -0.150161 46.320114
v 27.898117 1.587687 45.486378
v 24.249290 1.525524 44.133324
v 22.956753 0.653552 45.534424
v 18.903717 2.345560 42.725471
v 22.282042 0.187273 46.417316
v 20.150257 -0.152798 46.281876
v 21.322277 0.442820 45.848843
v 21.097883 0.026832 46.473061
v 19.569998 -5.496339 52.906212
v 25.229998 -0.794424 47.422215
v 18.085136 -1.402511 47.965931
v 18.812399 -0.464782 46.410984
v 19.101910 -0.445031 46.430542
v 18.920033 -0.298230 46.072754
v 18.119740 -0.043254 45.458626
v 18.486200 -0.124424 45.616005
v 22.785534 -0.348687 46.754108
v 18.309774 0.037051 45.283443
v 23.827290 -1.211545 47.134293
v 23.570606 -1.091300 46.879395
v 20.142193 0.061332 45.968483
v 19.836277 0.070770 45.797104
v 18.962412 -0.574822 46.657272
v 19.198776 -0.571272 46.678478
v 19.189108 -0.720001 46.931526
v 18.085266 0.119752 45.218063
v 18.075487 0.343106 44.949787
v 20.962210 0.699940 45.237179
v 20.097918 0.389873 45.408188
v 19.890892 0.230468 45.558132
v 19.792418 -0.808746 47.092838
v 22.151245 1.032722 44.896305
v 23.103498 0.046892 46.231613
v 19.812185 -0.124648 46.097469
v 19.547533 0.136865 45.502861
v 20.996342 -0.637442 47.160439
v 21.137882 -0.401934 46.974533
v 21.276857 -0.592108 47.198410
v 22.693668 -0.150498 46.667114
v 19.849886 -0.338564 46.421196
v 22.971367 -0.428395 46.658897
v 20.130657 -0.318998 46.490025
v 20.079556 -0.508690 46.712051
v 19.417612 -0.303074 46.238865
v 20.755484 -0.676856 47.127388
v 20.588688 -1.004235 47.527409
v 18.982327 -1.093916 47.617226
v 19.572561 -0.476890 46.553738
v 18.643696 -1.016078 47.415192
v 18.540743 -0.807873 47.007027
v 19.426811 -1.178617 47.769493
v 19.357439 -1.290151 47.923717
v 18.221289 -1.276347 47.777981
v 19.163994 -2.243443 49.438789
v 19.573477 -2.330013 49.632126
v 19.438354 -2.171231 49.354500
v 19.342188 -0.480277 46.543358
v 19.798187 -0.517544 46.644325
v 21.855513 -1.452044 48.271278
v 21.599112 -1.280106 48.077881
v 21.622913 -1.524485 48.409771
v 22.955202 -1.072992 47.086246
v 20.080299 -1.030087 47.506001
v 20.311779 -0.944161 47.390038
v 21.725979 0.118345 46.511604
v 22.020887 0.118610 46.530540
v 23.120520 -0.922207 46.852573
v 22.221170 -0.769909 47.375938
v 21.441969 -0.458698 47.136875
v 22.490845 -0.858106 47.288589
v 19.587748 -1.319307 47.956753
v 19.874617 -1.326899 47.960289
v 19.743807 -1.538165 48.273033
v 18.811941 -0.694954 46.848221
v 19.366880 -1.425956 48.109310
v 20.332291 -1.094358 47.623814
v 20.578053 -1.292387 47.986206
v 19.511820 -0.766559 47.002865
v 19.648344 -0.705772 46.892025
v 19.841724 -0.653839 46.838039
v 19.662336 -0.603726 46.742710
v 19.476915 0.715571 44.461300
v 19.171801 0.509831 44.650494
v 19.567987 0.516004 44.833908
v 19.442408 -0.623183 46.779213
v 18.780855 -1.680847 48.450352
v 19.237505 -1.830843 48.715271
v 21.960976 -1.351919 48.100037
v 20.907331 -4.158593 51.057423
v 19.285753 -1.620764 48.386703
v 18.648508 -2.500822 49.847340
v 20.118837 -1.214642 47.798706
v 17.847368 -2.205677 49.180954
v 18.556120 -2.191406 49.245178
v 18.239544 -2.028744 48.929459
v 18.822083 -2.004148 48.973297
v 21.775249 -0.077332 46.797535
v 21.185701 -1.497787 48.410118
v 22.811409 -1.944053 48.316872
v 23.127676 -2.044425 48.496040
v 23.872137 -1.495423 47.748081
v 23.763254 -1.853562 48.443867
v 21.451435 1.036456 44.748436
v 21.100157 1.158208 44.389889
v 21.014233 0.974518 44.713234
v 23.412903 -1.228108 47.068367
v 23.180887 -1.148261 47.014477
v 23.426098 -1.395140 47.360676
v 26.602551 0.595304 46.521458
v 21.937033 -3.215112 49.818172
v 23.315668 -1.537239 47.640297
v 21.563171 -2.050344 48.893311
v 21.392794 -1.900572 48.907444
v 21.135799 -2.162858 49.216965
v 23.346624 -1.076861 46.888248
v 21.489515 -1.639521 48.607510
v 24.852190 -1.243424 47.967728
v 20.235762 -1.785209 48.752487
v 20.883574 -2.204655 49.357731
v 20.531485 -1.994994 49.133591
v 20.881468 -1.960780 49.077438
v 22.937353 -2.738650 49.389481
v 22.509413 -2.764061 49.111496
v 22.331352 -3.047215 49.482265
v 22.073460 -1.544849 48.262333
v 22.263905 -1.702120 48.271622
v 22.545456 -1.812283 48.227486
v 22.082912 -1.790489 48.427673
v 22.272226 -1.964069 48.429634
v 20.639767 -2.257449 49.502071
v 25.835403 -0.445084 47.392357
v 28.832401 2.642371 44.163773
v 23.866985 -2.044264 48.866074
v 23.511652 -2.144708 48.844486
v 21.894341 -1.644416 48.433060
v 21.700186 -1.721962 48.593384
v 19.065075 -3.721489 52.151695
v 19.265455 -3.547326 51.830456
v 19.868460 -3.435472 51.244347
v 18.305910 -3.448633 51.703220
v 20.390398 -3.410398 50.761906
v 20.120691 -3.185094 50.770729
v 20.187611 -3.500802 51.024433
v 20.485380 -3.201233 50.510807
v 22.049442 -2.060484 48.577995
v 19.115292 -5.012830 53.157043
v 19.152893 -4.876343 52.947350
v 21.489529 -2.574284 49.233837
v 21.614508 -2.698428 49.225746
v 18.880943 -3.519491 51.907467
v 19.724842 -3.770622 51.698887
v 17.819422 -5.517726 54.268223
v 18.719830 -3.169423 51.245266
v 20.595999 -3.899186 50.815975
v 20.485601 -3.691288 50.838943
v 18.161320 -4.139938 52.777100
v 18.406380 -4.272185 53.035473
v 18.661316 -4.126605 52.786053
v 18.469702 -3.743587 52.216507
v 19.832096 -2.929906 50.585842
v 19.745705 -3.162955 50.993275
v 23.583275 -2.348227 49.194767
v 24.397085 -1.758566 48.658840
v 17.937038 -4.775347 53.310635
v 19.604132 -5.317829 52.702694
v 20.560930 -4.374394 51.264454
v 20.383547 -4.532192 51.508724
v 20.673641 -4.496802 51.421192
v 20.305847 -4.313325 51.331646
v 20.179312 -2.937265 50.442802
v 19.915327 -2.754642 50.294971
v 20.028671 -3.802410 51.392262
v 20.156832 -4.133893 51.425838
v 19.854576 -5.483997 52.754204
v 20.711819 -5.038935 52.212574
v 20.521803 -4.683191 51.673691
v 21.030550 -4.493471 51.585838
v 18.963835 -3.972692 52.471733
v 20.594643 -3.519395 50.652451
v 20.765926 -3.812736 50.752491
v 22.738775 -2.095729 48.466038
v 22.705406 -2.406917 48.790146
v 22.143076 -2.781444 49.028351
v 19.256979 -5.308527 53.183804
v 18.672331 -5.987231 54.268753
v 18.753859 -4.946725 53.499393
v 18.564001 -5.202378 53.813530
v 19.122288 -5.387227 53.464844
v 19.309931 -6.525648 53.893288
v 19.126486 -6.519671 53.980186
v 18.939238 -6.592946 54.217140
v 19.164194 -6.715724 54.148254
v 20.840780 -3.454329 50.466270
v 21.182884 -3.457840 50.366917
v 18.403139 -4.489504 53.196392
v 18.358074 -4.824238 53.457424
v 18.055798 -4.576580 53.190552
v 20.816311 -3.026329 50.162148
v 20.766205 -2.679637 49.885860
v 21.058519 -2.754222 49.756332
v 18.171885 -5.125788 53.788086
v 18.730301 -6.843490 54.530300
v 18.657757 -6.578310 54.471973
v 18.686581 -6.329220 54.360573
v 18.156355 -4.358548 53.058701
v 18.947554 -5.676565 53.810577
v 19.003948 -6.249871 54.001942
v 18.321669 -5.244808 53.972153
v 17.942644 -8.009565 55.843163
v 22.433790 -3.219140 50.021770
v 24.041513 -2.432319 49.526611
v 19.132214 -4.638801 52.820652
v 18.650190 -4.364472 53.060242
v 18.404131 -3.156455 51.147427
v 19.127178 -4.389138 52.703613
v 18.992683 -4.195185 52.710133
v 18.844732 -4.699633 53.172737
v 18.910896 -4.377446 52.904846
v 20.566353 -2.748925 50.061073
v 20.206127 -2.677238 50.107964
v 20.454466 -2.900931 50.266575
v 21.862064 -4.057728 51.218956
v 20.311571 -3.779787 51.065331
v 18.500536 -2.609576 50.056324
v 19.617998 -1.760056 48.625122
v 19.634924 -2.738837 50.325607
v 18.645308 -3.011500 50.899101
v 18.129581 -3.122557 50.996517
v 19.940294 -1.731519 48.609020
v 18.318342 -3.023687 50.845108
v 19.993208 -3.305610 51.030617
v 19.935514 -2.193526 49.425095
v 19.787937 -2.269057 49.532822
v 19.662418 -2.154883 49.337349
v 22.000330 -2.298131 48.702209
v 21.808720 -2.162386 48.769268
v 20.666681 -4.023407 50.891293
v 18.607494 -2.357376 49.557491
v 18.271049 -2.300783 49.409966
v 18.386097 -2.482269 49.778358
v 18.050011 -1.883006 48.676792
v 22.115004 -2.495788 48.770321
v 21.908947 -2.497107 48.872673
v 18.461866 -1.836253 48.658531
v 18.815849 -2.241999 49.372257
v 19.762390 -2.568528 50.018745
v 20.270226 -2.212056 49.452446
v 21.532469 -1.812427 48.768597
v 21.343109 -1.718736 48.745888
v 20.006596 -2.391667 49.727764
v 20.504450 -2.474356 49.785892
v 21.136749 -1.847237 48.900795
v 22.231224 -2.262727 48.600113
v 20.855751 -2.466368 49.643265
v 21.122221 -2.447809 49.457439
v 21.384563 -2.732669 49.473381
v 21.826530 -2.746263 49.091091
v 21.336525 -3.136389 49.945789
v 22.495401 -2.152205 48.497940
v 21.007891 -3.300041 50.233841
v 22.442091 -2.349391 48.635075
v 24.247946 -1.657402 48.311447
v 24.095594 -1.868114 48.655605
v 21.700356 -1.924581 48.722775
v 21.871605 -1.880982 48.590977
v 26.320183 1.253793 45.073067
v 22.356487 -2.520687 48.768921
v 23.153276 -2.387629 49.016186
v 23.848854 1.136483 44.782787
v 23.777302 0.927218 45.025700
v 24.663109 0.717925 45.320255
v 26.534369 1.224528 45.276321
v 23.033838 0.788463 45.333450
v 24.360535 0.556456 45.396965
v 24.011747 0.569988 45.348774
v 24.186964 0.790371 45.166756
v 23.943645 0.790816 45.157883
v 22.789145 0.810435 45.320755
v 22.902239 0.903233 45.165592
v 20.919346 0.836089 44.954613
v 23.631609 2.130489 43.343212
v 23.846169 2.305103 43.060055
v 23.937408 2.153027 43.257248
v 21.295849 1.327002 44.132725
v 21.478575 1.515456 43.855656
v 21.114332 1.451362 43.821419
v 24.028368 0.994860 44.941795
v 28.224031 2.560476 44.125217
v 28.500675 2.675786 43.949528
v 24.318716 1.036931 44.921158
v 24.711199 1.445552 44.133232
v 24.403990 1.631381 43.845432
v 23.828997 1.817596 43.797771
v 24.008911 1.657738 43.986538
v 23.142939 1.232138 44.716309
v 25.469103 1.675798 43.564491
v 20.100750 1.595121 43.224670
v 21.457165 1.675372 43.569290
v 20.791254 1.517737 43.561325
v 24.481031 1.984957 43.196537
v 25.022425 1.668934 43.361607
v 24.763731 1.672784 43.368259
v 23.754524 1.596773 44.149876
v 22.933603 1.704982 44.030014
v 23.277540 1.692116 44.067532
v 24.470667 1.461934 44.192051
v 26.692848 1.410285 45.033276
v 29.369513 2.790779 43.941410
v 22.743996 1.559231 44.210102
v 26.650843 1.635197 44.591194
v 28.834780 2.348172 44.596199
v 29.113401 2.779880 43.961361
v 29.239866 2.657218 44.164219
v 27.815716 2.505845 44.009548
v 26.358784 1.459532 44.653526
v 26.112745 1.486113 44.432529
v 27.110497 2.766432 43.051632
v 28.173033 2.717039 43.724667
v 29.109175 3.274683 42.969746
v 21.172098 1.608302 43.555325
v 24.497381 2.144251 43.009140
v 24.679516 1.940739 43.118614
v 27.743147 1.046034 45.883358
v 26.303190 1.700797 44.197048
v 26.862555 2.150096 43.925903
v 26.789543 2.316130 43.607586
v 26.497599 2.041089 43.787193
v 28.984474 2.928673 43.577251
v 29.276775 2.898477 43.786209
v 28.688707 2.957720 43.368839
v 28.764244 2.795863 43.760136
v 23.270184 2.063440 43.473255
v 28.465546 2.857514 43.497280
v 27.866772 2.684517 43.673126
v 27.196108 2.985548 42.648525
v 26.625204 2.719933 42.819374
v 26.722479 2.983159 42.398228
v 29.373400 3.462220 42.823952
v 29.006987 3.508417 42.552425
v 28.768372 3.373563 42.625980
v 26.781109 1.913361 44.236301
v 22.515759 1.668747 44.001461
v 22.253859 1.547485 44.101383
v 20.648947 2.028165 42.703953
v 20.869442 2.153118 42.615959
v 22.530602 1.923123 43.635647
v 22.366529 1.822816 43.737297
v 22.267416 1.943858 43.514103
v 26.401953 2.317343 43.281055
v 26.007788 1.889857 43.615425
v 22.851557 1.917063 43.700127
v 22.641033 1.818145 43.819336
v 22.935904 2.061364 43.477505
v 22.553825 2.053532 43.424770
v 22.993155 2.178485 43.283649
v 24.021517 1.827858 43.708172
v 24.205645 1.874560 43.540806
v 23.208986 2.272789 43.119640
v 24.725304 2.080208 42.940994
v 24.104746 2.217392 43.121731
v 24.263508 2.283738 42.973248
v 24.311100 2.110251 43.163704
v 23.510582 2.332459 43.037704
v 25.682625 3.305529 41.393467
v 25.501415 3.186754 41.567463
v 25.406603 3.302892 41.382118
v 25.679232 1.900770 43.263901
v 23.801855 1.941577 43.607090
v 23.954823 2.007121 43.458309
v 23.659525 2.484187 42.826313
v 23.925682 2.433662 42.880558
v 23.877625 2.539157 42.741722
v 20.315399 0.530769 45.262524
v 18.483181 1.652614 43.626606
v 18.574827 1.951741 43.284931
v 18.724476 1.597616 43.532341
v 19.226213 0.263309 45.069962
v 18.608395 1.460837 43.707859
v 17.941460 1.496029 44.058277
v 20.523378 1.515324 43.460796
v 19.042976 2.574045 42.457485
v 19.318499 2.194506 42.744877
v 19.726595 1.216575 43.763069
v 22.092052 1.824845 43.624763
v 18.406866 1.292666 43.958569
v 18.302395 1.228560 44.063442
v 18.144871 1.486381 43.949902
v 18.444389 3.232176 42.683609
v 18.747572 2.063392 43.083179
v 20.343071 1.514605 43.403580
v 19.813297 2.875222 42.002163
v 19.629078 3.749328 41.491570
v 20.080015 2.984874 41.819241
v 20.698765 1.843986 42.969730
v 21.153168 2.200428 42.663166
v 21.415215 2.282665 42.640923
v 21.256512 2.375460 42.443893
v 20.026291 1.326852 43.660019
v 20.144056 1.135834 44.026211
v 20.230999 2.422072 42.254929
v 20.598911 2.285703 42.393032
v 20.538540 2.592966 42.058582
v 21.707623 1.348364 44.245911
v 22.103992 0.897516 45.134907
v 21.826235 1.024132 44.860741
v 21.701067 0.895858 45.079525
v 21.656139 2.434940 42.442509
v 21.698120 2.108925 43.021259
v 21.605120 2.244805 42.769073
v 20.823418 1.181481 44.228138
v 20.384758 2.831329 41.863911
v 20.217573 2.670231 42.038105
v 18.984791 1.494740 43.495583
v 19.000717 1.645072 43.356178
v 18.944023 1.774178 43.266514
v 18.841078 1.704799 43.380959
v 18.567127 0.451212 44.684479
v 18.545786 0.636123 44.491482
v 18.711390 0.580259 44.505188
v 20.125566 1.455580 43.457981
v 19.437840 1.103943 43.868103
v 20.764534 1.067728 44.425919
v 17.941713 0.588257 44.757793
v 18.243155 0.509818 44.724609
v 18.149971 0.787865 44.502090
v 18.481441 1.138778 44.055111
v 18.000971 0.962802 44.423908
v 18.126528 1.022788 44.317368
v 18.141533 1.207423 44.166237
v 19.443699 2.370673 42.578083
v 19.484240 2.197425 42.684963
v 21.911543 1.168796 44.613544
v 18.922642 1.061480 43.961830
v 21.674690 1.107547 44.679680
v 21.514994 1.190847 44.468197
v 19.248156 0.923938 44.108932
v 18.868961 0.854641 44.211788
v 19.833712 0.331791 45.339535
v 18.864416 0.466219 44.630344
v 18.985426 0.346611 44.804382
v 18.888399 0.236053 44.954090
v 18.660305 0.733133 44.368229
v 18.524670 0.934535 44.225319
v 19.630554 0.355322 45.154842
v 20.012756 0.544588 45.049744
v 18.789515 0.337755 44.784756
v 21.904203 0.734679 45.418022
v 18.910389 0.632595 44.438702
v 19.140936 0.713777 44.367592
v 19.867470 0.737820 44.613117
v 19.724693 0.952177 44.189342
v 18.684406 1.042325 44.059891
v 18.308537 1.078430 44.185825
v 18.376129 0.635575 44.554012
v 18.299404 0.921128 44.328083
v 18.415722 0.773769 44.409428
v 18.918371 4.081314 41.769043
v 21.265285 3.191670 41.137230
v 21.118605 3.341104 41.144413
v 21.317293 3.403353 40.992535
v 21.155500 3.483044 41.054916
v 18.242689 2.083240 43.375698
v 20.098368 1.998504 42.667847
v 19.451118 2.727853 42.266727
v 19.170441 2.894242 42.148777
v 21.051649 2.465700 42.254978
v 20.957344 2.324278 42.424747
v 22.205849 2.408401 42.668419
v 20.341139 2.995417 41.757282
v 20.643902 2.842675 41.797409
v 20.987125 2.668185 41.943874
v 22.570692 3.474443 40.976967
v 22.232412 3.440953 40.927101
v 22.454268 3.411529 41.073601
v 22.634527 3.341098 41.257175
v 21.222496 3.562861 40.965820
v 20.065023 2.587840 42.140335
v 21.396336 2.129294 42.864983
v 22.217918 3.276186 41.186134
v 22.178223 3.118576 41.409222
v 22.950840 2.437388 42.818790
v 22.742599 2.412570 42.822254
v 22.549915 2.383201 42.835274
v 22.625601 2.535181 42.563248
v 25.444580 2.005080 42.999508
v 25.121765 2.225957 42.683167
v 25.641401 2.313265 42.745071
v 20.027695 2.717577 42.061119
v 21.056555 3.135151 41.321877
v 22.618113 2.999294 41.808998
v 22.731220 3.176049 41.576500
v 22.886751 3.053794 41.837620
v 20.351141 3.577730 41.404011
v 20.623693 3.195067 41.527084
v 20.309963 2.129786 42.530907
v 21.488390 2.994110 41.356197
v 21.881468 2.966061 41.508987
v 22.838686 2.902108 42.047459
v 22.544359 2.835015 42.022713
v 20.817411 2.465558 42.206516
v 22.395227 3.347721 41.156307
v 20.678068 3.038138 41.615139
v 20.495615 3.022573 41.689751
v 20.890577 2.938208 41.613014
v 20.951391 3.330873 41.266296
v 20.813326 3.188617 41.441715
v 19.610613 2.839582 42.125179
v 21.274136 2.791463 41.685951
v 21.024992 3.505060 41.131004
v 19.928345 2.644050 42.160786
v 19.786324 2.626569 42.247078
v 21.061703 2.822277 41.679104
v 21.159489 2.942141 41.469704
v 21.277794 2.516421 42.216801
v 22.252102 2.930410 41.732937
v 22.219584 2.750774 42.006790
v 21.425594 2.629204 42.014317
v 22.140476 2.591003 42.279785
v 23.117989 3.173859 41.690632
v 23.123804 2.962100 42.042831
v 21.485741 3.218444 41.066631
v 21.380695 3.094991 41.162338
v 21.261486 3.051239 41.261246
v 22.000486 2.685161 42.024223
v 22.432508 3.226113 41.364826
v 24.392096 2.355216 42.822453
v 24.131674 2.492846 42.745865
v 22.474094 2.687028 42.230000
v 22.780355 2.730812 42.281895
v 24.142771 2.060116 43.309040
v 24.590410 3.251956 41.519699
v 24.401411 3.227435 41.586361
v 24.586498 3.085765 41.772980
v 24.754187 2.932570 41.928127
v 22.904722 3.293881 41.431545
v 24.197609 3.145726 41.751575
v 24.340792 2.982844 41.985023
v 24.185047 2.911493 42.128456
v 24.018646 2.939432 42.116085
v 24.066154 2.760537 42.363052
v 22.439863 3.088894 41.582874
v 24.968294 2.851388 41.943466
v 24.122847 3.016272 41.980553
v 25.801140 3.490999 41.020996
v 26.182350 3.340041 41.388283
v 24.853762 2.152739 42.803532
v 24.832258 2.303283 42.631454
v 23.328703 3.062696 41.934269
v 23.666321 2.804470 42.351467
v 25.101904 2.724268 42.049641
v 23.230345 2.802289 42.308876
v 23.057886 2.631684 42.519714
v 23.014246 2.806175 42.246853
v 23.387239 2.911083 42.169373
v 24.582529 2.885433 42.052956
v 23.098932 3.313683 41.437824
v 28.242779 3.477161 42.177086
v 22.968271 3.421324 41.167313
v 25.710062 2.074174 43.039848
v 25.950558 2.154104 43.136257
v 26.112186 2.494185 42.807468
v 27.512562 3.265377 42.212971
v 27.004587 3.186545 42.111557
v 27.244364 3.400332 41.741508
v 24.955723 2.675075 42.116535
v 24.781668 2.782037 42.085136
v 28.248705 2.896519 43.328648
v 28.146851 3.262873 42.527489
v 27.822874 3.261636 42.383804
v 27.740643 3.104045 42.677639
v 28.067707 3.081025 42.868885
v 28.395626 3.066868 43.025169
v 28.815304 3.139529 43.068832
v 28.464977 3.408174 42.411678
v 24.073494 2.348849 42.966331
v 28.525129 3.247243 42.720646
v 25.003689 1.925771 43.028412
v 23.898407 2.644223 42.579815
v 23.705297 2.627815 42.620312
v 25.341856 1.797462 43.226269
v 24.811653 1.775063 43.221436
v 24.695560 2.464752 42.504295
v 24.790356 2.544989 42.336735
v 24.922573 2.431297 42.438480
v 24.926311 2.557871 42.259716
v 24.371395 2.800422 42.231976
v 24.640230 2.672212 42.286644
v 24.813410 2.640365 42.210403
v 26.769920 3.342585 41.628983
v 26.479610 3.135450 41.976906
v 26.283895 2.889985 42.333225
v 23.416950 2.796852 42.346409
v 23.423033 2.659267 42.544456
v 24.622944 2.295547 42.756958
v 23.289549 2.470151 42.814438
v 24.425255 2.551553 42.545300
v 27.503422 2.875970 43.063473
v 27.883106 2.952535 43.080521
v 28.015989 2.841251 43.377121
v 28.135248 2.979204 43.107746
v 25.804955 2.699783 42.360718
v 26.210777 2.719774 42.572632
v 25.211105 2.541669 42.299927
vt 0.506764 0.881787
vt 0.510049 0.886430
vt 0.504280 0.885576
vt 0.556048 0.880675
vt 0.562815 0.875943
vt 0.561485 0.881991
vt 0.174025 0.512559
vt 0.182378 0.516408
vt 0.178200 0.510296
vt 0.412459 0.600174
vt 0.415766 0.597326
vt 0.411132 0.593274
vt 0.652997 0.842791
vt 0.649687 0.842081
vt 0.653183 0.838032
vt 0.537443 0.756220
vt 0.544853 0.755633
vt 0.540562 0.758318
vt 0.736981 0.839396
vt 0.743313 0.845457
vt 0.734266 0.843355
vt 0.178813 0.555091
vt 0.184603 0.544782
vt 0.175081 0.545729
vt 0.665861 0.824474
vt 0.662302 0.823825
vt 0.666096 0.819378
vt 0.671705 0.933400
vt 0.674638 0.933148
vt 0.683746 0.937577
vt 0.666096 0.819378
vt 0.668161 0.814482
vt 0.672621 0.817119
vt 0.576653 0.886147
vt 0.570566 0.887102
vt 0.573776 0.883273
vt 0.623695 0.880477
vt 0.619245 0.874908
vt 0.626415 0.877742
vt 0.615306 0.895867
vt 0.608063 0.891849
vt 0.617432 0.891468
vt 0.623695 0.880477
vt 0.618078 0.879072
vt 0.619245 0.874908
vt 0.640596 0.875857
vt 0.644188 0.874995
vt 0.645910 0.876867
vt 0.584786 0.861918
vt 0.581930 0.859999
vt 0.584822 0.856478
vt 0.685212 0.915419
vt 0.683782 0.911254
vt 0.689721 0.913513
vt 0.893454 0.974719
vt 0.890775 0.971470
vt 0.886023 0.973424
vt 0.557338 0.910182
vt 0.557728 0.912780
vt 0.551825 0.910448
vt 0.885837 0.977304
vt 0.886023 0.973424
vt 0.883138 0.976423
vt 0.932705 0.960068
vt 0.939045 0.969530
vt 0.929883 0.969115
vt 0.587211 0.881534
vt 0.592566 0.885830
vt 0.583125 0.885911
vt 0.572745 0.865131
vt 0.567113 0.867411
vt 0.569431 0.861018
vt 0.583125 0.885911
vt 0.576653 0.886147
vt 0.578456 0.881934
vt 0.583125 0.885911
vt 0.578456 0.881934
vt 0.582724 0.881664
vt 0.883138 0.976423
vt 0.888594 0.979122
vt 0.885837 0.977304
vt 0.574408 0.849348
vt 0.575870 0.852657
vt 0.572147 0.855142
vt 0.627927 0.849214
vt 0.622897 0.851270
vt 0.622227 0.846867
vt 0.446149 0.776810
vt 0.456998 0.778850
vt 0.448569 0.784985
vt 0.881704 0.977093
vt 0.878592 0.973481
vt 0.881938 0.977738
vt 0.886023 0.973424
vt 0.879876 0.967117
vt 0.878592 0.973481
vt 0.488477 0.865677
vt 0.487096 0.869904
vt 0.483489 0.865738
vt 0.475879 0.893361
vt 0.474406 0.886261
vt 0.477771 0.889231
vt 0.863024 0.969355
vt 0.872096 0.968207
vt 0.865817 0.963396
vt 0.872119 0.973583
vt 0.878592 0.973481
vt 0.872096 0.968207
vt 0.878592 0.973481
vt 0.872119 0.973583
vt 0.881938 0.977738
vt 0.680351 0.914548
vt 0.683782 0.911254
vt 0.685212 0.915419
vt 0.928362 0.964004
vt 0.926736 0.956575
vt 0.932705 0.960068
vt 0.932705 0.960068
vt 0.929883 0.969115
vt 0.928362 0.964004
vt 0.863024 0.969355
vt 0.872119 0.973583
vt 0.872096 0.968207
vt 0.933089 0.975230
vt 0.939045 0.969530
vt 0.939851 0.976671
vt 0.939851 0.976671
vt 0.939045 0.969530
vt 0.975440 0.974114
vt 0.930523 0.943370
vt 0.932705 0.960068
vt 0.926736 0.956575
vt 0.519659 0.859721
vt 0.524951 0.861948
vt 0.521504 0.864840
vt 0.675318 0.978428
vt 0.670411 0.977871
vt 0.676196 0.976051
vt 0.555494 0.889166
vt 0.549378 0.888753
vt 0.553609 0.886110
vt 0.608063 0.891849
vt 0.608727 0.886841
vt 0.615108 0.888136
vt 0.608727 0.886841
vt 0.608063 0.891849
vt 0.601603 0.888386
vt 0.716333 0.923952
vt 0.712444 0.926430
vt 0.710249 0.925039
vt 0.926736 0.956575
vt 0.928362 0.964004
vt 0.925846 0.962658
vt 0.480091 0.836513
vt 0.480173 0.830963
vt 0.483167 0.832392
vt 0.649785 0.899596
vt 0.646102 0.901769
vt 0.641284 0.900947
vt 0.683746 0.937577
vt 0.667268 0.935265
vt 0.671705 0.933400
vt 0.545419 0.883321
vt 0.539530 0.884886
vt 0.541218 0.878765
vt 0.516466 0.909168
vt 0.517931 0.915202
vt 0.506470 0.913271
vt 0.621372 0.934296
vt 0.620655 0.938597
vt 0.617956 0.937581
vt 0.655090 0.918319
vt 0.660516 0.920429
vt 0.654451 0.922896
vt 0.602278 0.902725
vt 0.607373 0.902300
vt 0.604496 0.903824
vt 0.931060 0.973718
vt 0.926749 0.972365
vt 0.929883 0.969115
vt 0.484099 0.828184
vt 0.485694 0.823271
vt 0.488729 0.826308
vt 0.926749 0.972365
vt 0.931060 0.973718
vt 0.928882 0.976553
vt 0.418545 0.889830
vt 0.420694 0.877356
vt 0.420624 0.887589
vt 0.576358 0.872624
vt 0.573313 0.869747
vt 0.576805 0.867088
vt 0.567515 0.936001
vt 0.563826 0.938042
vt 0.563279 0.934842
vt 0.466321 0.840303
vt 0.468785 0.837329
vt 0.469135 0.840477
vt 0.559560 0.784477
vt 0.554194 0.782434
vt 0.559547 0.778605
vt 0.476094 0.841093
vt 0.480203 0.840395
vt 0.478836 0.843828
vt 0.676196 0.976051
vt 0.681276 0.975490
vt 0.675318 0.978428
vt 0.523228 0.842156
vt 0.524821 0.846885
vt 0.520192 0.847859
vt 0.537513 0.909706
vt 0.541671 0.911640
vt 0.537254 0.912782
vt 0.455097 0.880595
vt 0.457782 0.871709
vt 0.459529 0.881939
vt 0.516502 0.846924
vt 0.518078 0.842082
vt 0.520192 0.847859
vt 0.605705 0.918073
vt 0.605721 0.920033
vt 0.602756 0.919173
vt 0.491523 0.816414
vt 0.490264 0.821155
vt 0.487077 0.818835
vt 0.495098 0.883132
vt 0.499514 0.884930
vt 0.496054 0.888617
vt 0.496054 0.888617
vt 0.499514 0.884930
vt 0.501878 0.888469
vt 0.524951 0.861948
vt 0.519659 0.859721
vt 0.524052 0.854055
vt 0.568080 0.938879
vt 0.563826 0.938042
vt 0.567515 0.936001
vt 0.525320 0.817215
vt 0.526654 0.820962
vt 0.519758 0.821389
vt 0.623536 0.903129
vt 0.632471 0.902579
vt 0.631089 0.905539
vt 0.697997 0.976419
vt 0.690529 0.970436
vt 0.691623 0.980843
vt 0.585104 0.836933
vt 0.590137 0.836807
vt 0.586948 0.842477
vt 0.487077 0.818835
vt 0.483414 0.816471
vt 0.488228 0.815089
vt 0.480173 0.830963
vt 0.480091 0.836513
vt 0.476835 0.833724
vt 0.520004 0.875571
vt 0.522628 0.879317
vt 0.518093 0.878653
vt 0.508723 0.857946
vt 0.513944 0.858498
vt 0.508478 0.862562
vt 0.491523 0.816414
vt 0.487077 0.818835
vt 0.488228 0.815089
vt 0.541602 0.841426
vt 0.536224 0.838848
vt 0.541093 0.834813
vt 0.541093 0.834813
vt 0.536224 0.838848
vt 0.532958 0.835802
vt 0.499514 0.884930
vt 0.495098 0.883132
vt 0.498199 0.881949
vt 0.521208 0.832340
vt 0.522287 0.837329
vt 0.516994 0.836911
vt 0.533299 0.855297
vt 0.533643 0.860657
vt 0.528954 0.858418
vt 0.597517 0.937717
vt 0.601361 0.936052
vt 0.602597 0.940778
vt 0.506470 0.913271
vt 0.501587 0.909661
vt 0.507696 0.907324
vt 0.525793 0.826614
vt 0.527651 0.833214
vt 0.521208 0.832340
vt 0.493482 0.802548
vt 0.498116 0.798768
vt 0.498528 0.803562
vt 0.485960 0.874036
vt 0.483560 0.876962
vt 0.481944 0.872014
vt 0.458828 0.860410
vt 0.464051 0.863740
vt 0.462518 0.867972
vt 0.587876 0.833843
vt 0.590366 0.833116
vt 0.590137 0.836807
vt 0.508478 0.862562
vt 0.507457 0.870343
vt 0.503268 0.863782
vt 0.516466 0.909168
vt 0.507696 0.907324
vt 0.510695 0.903683
vt 0.502895 0.798527
vt 0.498528 0.803562
vt 0.498116 0.798768
vt 0.492090 0.779881
vt 0.496975 0.777880
vt 0.497115 0.783250
vt 0.541596 0.935470
vt 0.545554 0.933082
vt 0.547352 0.935876
vt 0.477146 0.804417
vt 0.474325 0.807955
vt 0.470942 0.804907
vt 0.506959 0.789322
vt 0.502214 0.789662
vt 0.504968 0.786750
vt 0.527420 0.933956
vt 0.545554 0.933082
vt 0.541596 0.935470
vt 0.465908 0.777612
vt 0.505093 0.760629
vt 0.499941 0.763989
vt 0.493016 0.775127
vt 0.487964 0.777638
vt 0.487060 0.774211
vt 0.550166 0.804129
vt 0.545379 0.802572
vt 0.548266 0.798336
vt 0.548266 0.798336
vt 0.545379 0.802572
vt 0.544119 0.800738
vt 0.477457 0.795546
vt 0.481231 0.791907
vt 0.482973 0.796198
vt 0.587664 0.933663
vt 0.584182 0.935525
vt 0.580827 0.931617
vt 0.550900 0.940916
vt 0.543877 0.939504
vt 0.552483 0.937740
vt 0.539640 0.773759
vt 0.544322 0.770209
vt 0.543955 0.775463
vt 0.476508 0.780524
vt 0.481880 0.776484
vt 0.483166 0.779916
vt 0.513820 0.772257
vt 0.509635 0.769390
vt 0.514688 0.765484
vt 0.511155 0.761792
vt 0.505093 0.760629
vt 0.517074 0.761146
vt 0.514688 0.765484
vt 0.511155 0.761792
vt 0.517074 0.761146
vt 0.509935 0.764344
vt 0.511155 0.761792
vt 0.514688 0.765484
vt 0.505188 0.773331
vt 0.509635 0.769390
vt 0.507636 0.776501
vt 0.597030 0.793882
vt 0.600897 0.792003
vt 0.598747 0.797067
vt 0.610418 0.795056
vt 0.606000 0.798347
vt 0.605974 0.793126
vt 0.669344 0.842708
vt 0.663309 0.839877
vt 0.668792 0.837914
vt 0.620770 0.867772
vt 0.614491 0.868621
vt 0.616846 0.863586
vt 0.648549 0.894352
vt 0.642674 0.893007
vt 0.648206 0.892242
vt 0.640384 0.910514
vt 0.647393 0.913263
vt 0.641519 0.913275
vt 0.605469 0.848699
vt 0.604594 0.855018
vt 0.601271 0.853517
vt 0.614291 0.820790
vt 0.611108 0.817239
vt 0.615159 0.815747
vt 0.567871 0.805507
vt 0.565744 0.802763
vt 0.569671 0.801209
vt 0.637435 0.972283
vt 0.633101 0.971718
vt 0.638749 0.970282
vt 0.580150 0.835134
vt 0.581782 0.840213
vt 0.578288 0.840849
vt 0.536763 0.846294
vt 0.541602 0.841426
vt 0.541820 0.847621
vt 0.594903 0.825533
vt 0.591775 0.823653
vt 0.595271 0.820810
vt 0.580150 0.835134
vt 0.578288 0.840849
vt 0.575267 0.839331
vt 0.548482 0.846302
vt 0.553008 0.844375
vt 0.556029 0.848210
vt 0.626404 0.916295
vt 0.623608 0.921762
vt 0.618081 0.916575
vt 0.594100 0.797496
vt 0.598747 0.797067
vt 0.596426 0.800664
vt 0.598747 0.797067
vt 0.594100 0.797496
vt 0.597030 0.793882
vt 0.647393 0.913263
vt 0.645452 0.908919
vt 0.652276 0.909533
vt 0.592359 0.803419
vt 0.589812 0.800292
vt 0.594100 0.797496
vt 0.665418 0.846735
vt 0.670673 0.847332
vt 0.668618 0.852285
vt 0.667373 0.829485
vt 0.663857 0.833510
vt 0.662068 0.829121
vt 0.560424 0.852495
vt 0.557933 0.858131
vt 0.552966 0.851963
vt 0.674710 0.838731
vt 0.669344 0.842708
vt 0.668792 0.837914
vt 0.533559 0.777223
vt 0.525241 0.776717
vt 0.531026 0.770926
vt 0.531026 0.770926
vt 0.525241 0.776717
vt 0.523142 0.771738
vt 0.675113 0.821696
vt 0.671801 0.825931
vt 0.669972 0.821951
vt 0.672621 0.817119
vt 0.679108 0.814635
vt 0.676588 0.818057
vt 0.959039 0.993869
vt 0.956217 0.992415
vt 0.957723 0.990240
vt 0.653183 0.838032
vt 0.656970 0.832479
vt 0.658165 0.838156
vt 0.677997 0.853588
vt 0.677635 0.858157
vt 0.672774 0.856659
vt 0.878592 0.973481
vt 0.881704 0.977093
vt 0.883138 0.976423
vt 0.681713 0.810276
vt 0.682867 0.805601
vt 0.687934 0.809813
vt 0.647424 0.886458
vt 0.653340 0.883734
vt 0.655823 0.885789
vt 0.656970 0.832479
vt 0.660785 0.834742
vt 0.658165 0.838156
vt 0.660785 0.834742
vt 0.656970 0.832479
vt 0.662068 0.829121
vt 0.669120 0.832926
vt 0.666777 0.834760
vt 0.667373 0.829485
vt 0.687305 0.863096
vt 0.685300 0.868966
vt 0.679188 0.863300
vt 0.639384 0.868009
vt 0.634681 0.864454
vt 0.641631 0.862597
vt 0.932096 0.976690
vt 0.933089 0.975230
vt 0.939851 0.976671
vt 0.516904 0.864361
vt 0.514531 0.869015
vt 0.511939 0.864884
vt 0.445558 0.870695
vt 0.452244 0.876053
vt 0.445454 0.885048
vt 0.533299 0.855297
vt 0.529120 0.853171
vt 0.532950 0.850281
vt 0.259766 0.998047
vt 0.259766 0.998047
vt 0.259766 0.998047
vt 0.425762 0.876893
vt 0.425466 0.885224
vt 0.421563 0.881687
vt 0.651366 0.881736
vt 0.655452 0.881734
vt 0.653340 0.883734
vt 0.562815 0.875943
vt 0.565271 0.882832
vt 0.561485 0.881991
vt 0.644707 0.813199
vt 0.648583 0.815383
vt 0.643900 0.818062
vt 0.549378 0.888753
vt 0.547111 0.890284
vt 0.543534 0.888868
vt 0.317807 0.907473
vt 0.313836 0.907747
vt 0.315675 0.911761
vt 0.319189 0.910767
vt 0.317807 0.907473
vt 0.315675 0.911761
vt 0.661198 0.850574
vt 0.658527 0.856489
vt 0.654506 0.850253
vt 0.316759 0.923732
vt 0.310975 0.924053
vt 0.315208 0.927450
vt 0.581930 0.859999
vt 0.580570 0.864389
vt 0.577939 0.861156
vt 0.890769 0.978013
vt 0.893454 0.974719
vt 0.886023 0.973424
vt 0.042803 0.608075
vt 0.046334 0.612716
vt 0.046957 0.607874
vt 0.291815 0.891835
vt 0.288534 0.893631
vt 0.288949 0.900993
vt 0.301405 0.904847
vt 0.297974 0.907405
vt 0.299988 0.910134
vt 0.303256 0.931808
vt 0.307338 0.931490
vt 0.305885 0.927469
vt 0.320981 0.917195
vt 0.321428 0.912258
vt 0.317077 0.916153
vt 0.110976 0.945116
vt 0.115179 0.947399
vt 0.106859 0.946370
vt 0.599173 0.820665
vt 0.597050 0.816588
vt 0.601286 0.814628
vt 0.648583 0.815383
vt 0.644707 0.813199
vt 0.649541 0.811020
vt 0.340373 0.923877
vt 0.409439 0.897572
vt 0.335645 0.920160
vt 0.874076 0.964014
vt 0.878830 0.958710
vt 0.865817 0.963396
vt 0.872096 0.968207
vt 0.874076 0.964014
vt 0.865817 0.963396
vt 0.728092 0.829261
vt 0.724177 0.828435
vt 0.728437 0.825506
vt 0.046957 0.607874
vt 0.045426 0.604450
vt 0.042803 0.608075
vt 0.419168 0.606388
vt 0.421689 0.602820
vt 0.417053 0.602239
vt 0.334824 0.610210
vt 0.330815 0.607497
vt 0.332217 0.615218
vt 0.325155 0.606040
vt 0.330815 0.607497
vt 0.328664 0.602527
vt 0.094905 0.706782
vt 0.070108 0.712967
vt 0.068281 0.727311
vt 0.241809 0.581312
vt 0.243094 0.575364
vt 0.229335 0.579619
vt 0.064003 0.712464
vt 0.070108 0.712967
vt 0.064408 0.706849
vt 0.109249 0.542191
vt 0.108528 0.538275
vt 0.106863 0.542128
vt 0.060143 0.715116
vt 0.061271 0.710289
vt 0.058075 0.711007
vt 0.329980 0.573605
vt 0.325441 0.572854
vt 0.327820 0.577221
vt 0.120623 0.536981
vt 0.116712 0.538853
vt 0.116487 0.545129
vt 0.574385 0.878628
vt 0.576358 0.872624
vt 0.578562 0.876893
vt 0.322280 0.577583
vt 0.327820 0.577221
vt 0.325441 0.572854
vt 0.127273 0.592508
vt 0.126479 0.587549
vt 0.124485 0.590200
vt 0.308540 0.609087
vt 0.309608 0.613519
vt 0.313429 0.613227
vt 0.149772 0.548749
vt 0.142742 0.548184
vt 0.143131 0.554673
vt 0.245566 0.550734
vt 0.249715 0.548382
vt 0.243600 0.546219
vt 0.271994 0.565946
vt 0.269389 0.570410
vt 0.275053 0.569574
vt 0.933089 0.975230
vt 0.932096 0.976690
vt 0.931060 0.973718
vt 0.931060 0.973718
vt 0.932096 0.976690
vt 0.928882 0.976553
vt 0.169815 0.507997
vt 0.174025 0.512559
vt 0.173718 0.508488
vt 0.172469 0.501279
vt 0.171701 0.505138
vt 0.175808 0.505454
vt 0.116487 0.545129
vt 0.116712 0.538853
vt 0.114376 0.541054
vt 0.174025 0.512559
vt 0.169815 0.507997
vt 0.168109 0.512196
vt 0.881938 0.977738
vt 0.872119 0.973583
vt 0.873989 0.978022
vt 0.138605 0.544179
vt 0.127266 0.561789
vt 0.135137 0.559286
vt 0.550456 0.786801
vt 0.554784 0.787539
vt 0.551050 0.792069
vt 0.138605 0.544179
vt 0.132561 0.540588
vt 0.127266 0.561789
vt 0.254253 0.581015
vt 0.253377 0.576362
vt 0.250891 0.580678
vt 0.262595 0.554321
vt 0.263397 0.557214
vt 0.267159 0.556595
vt 0.041826 0.602718
vt 0.041960 0.596507
vt 0.037486 0.601466
vt 0.214509 0.499629
vt 0.202924 0.497236
vt 0.204416 0.501033
vt 0.164722 0.506652
vt 0.168109 0.512196
vt 0.169815 0.507997
vt 0.417238 0.562037
vt 0.420907 0.559972
vt 0.416320 0.557664
vt 0.459744 0.802933
vt 0.459324 0.792001
vt 0.463473 0.800123
vt 0.063580 0.718342
vt 0.064003 0.712464
vt 0.062335 0.713926
vt 0.167322 0.495472
vt 0.163534 0.494115
vt 0.164101 0.497980
vt 0.589989 0.813840
vt 0.593298 0.808560
vt 0.594801 0.813019
vt 0.335664 0.605121
vt 0.336580 0.598254
vt 0.332356 0.601210
vt 0.454446 0.570560
vt 0.455820 0.566950
vt 0.451850 0.567622
vt 0.419408 0.575226
vt 0.414680 0.572034
vt 0.413870 0.577225
vt 0.413742 0.586726
vt 0.419179 0.586057
vt 0.416642 0.583397
vt 0.449976 0.564037
vt 0.454240 0.563598
vt 0.451447 0.558705
vt 0.524771 0.806048
vt 0.522918 0.808410
vt 0.520134 0.806014
vt 0.602638 0.796481
vt 0.598747 0.797067
vt 0.600897 0.792003
vt 0.444607 0.588755
vt 0.447539 0.586167
vt 0.444809 0.584608
vt 0.594801 0.813019
vt 0.598955 0.811706
vt 0.597050 0.816588
vt 0.388334 0.646242
vt 0.392093 0.644502
vt 0.388157 0.641860
vt 0.559547 0.778605
vt 0.558464 0.774806
vt 0.560892 0.775267
vt 0.443510 0.608144
vt 0.447703 0.601072
vt 0.441141 0.603683
vt 0.428017 0.578590
vt 0.424519 0.575143
vt 0.422698 0.578896
vt 0.537958 0.752922
vt 0.544853 0.755633
vt 0.537443 0.756220
vt 0.418360 0.589910
vt 0.419991 0.593534
vt 0.422791 0.589367
vt 0.505500 0.769728
vt 0.504466 0.766114
vt 0.509635 0.769390
vt 0.442792 0.561423
vt 0.446329 0.562544
vt 0.446059 0.557108
vt 0.419934 0.564604
vt 0.415010 0.566512
vt 0.419279 0.569314
vt 0.398848 0.594249
vt 0.395762 0.584834
vt 0.392322 0.585732
vt 0.412408 0.543710
vt 0.428752 0.548502
vt 0.436035 0.550402
vt 0.435889 0.558944
vt 0.439023 0.563095
vt 0.441351 0.557796
vt 0.433467 0.570491
vt 0.434527 0.564997
vt 0.430631 0.567291
vt 0.419934 0.564604
vt 0.424196 0.563072
vt 0.420907 0.559972
vt 0.358910 0.595003
vt 0.354838 0.597255
vt 0.360363 0.599261
vt 0.655452 0.881734
vt 0.655546 0.879044
vt 0.659205 0.880334
vt 0.651366 0.881736
vt 0.655546 0.879044
vt 0.655452 0.881734
vt 0.540418 0.778691
vt 0.533559 0.777223
vt 0.539640 0.773759
vt 0.393311 0.638826
vt 0.392093 0.644502
vt 0.396941 0.642700
vt 0.396941 0.642700
vt 0.398621 0.637540
vt 0.393311 0.638826
vt 0.449086 0.578342
vt 0.451924 0.574820
vt 0.447241 0.574433
vt 0.319982 0.946573
vt 0.315952 0.953277
vt 0.324220 0.950347
vt 0.434527 0.564997
vt 0.429469 0.561527
vt 0.430631 0.567291
vt 0.186223 0.498438
vt 0.185366 0.505181
vt 0.191758 0.502522
vt 0.600897 0.792003
vt 0.605974 0.793126
vt 0.602638 0.796481
vt 0.423638 0.607078
vt 0.429272 0.605966
vt 0.425564 0.603383
vt 0.429272 0.605966
vt 0.423638 0.607078
vt 0.426959 0.611346
vt 0.025363 0.603257
vt 0.026136 0.597792
vt 0.022149 0.604767
vt 0.127187 0.486613
vt 0.126123 0.492334
vt 0.131524 0.487477
vt 0.386390 0.589118
vt 0.382946 0.581136
vt 0.381640 0.585829
vt 0.322378 0.901420
vt 0.321428 0.912258
vt 0.334965 0.908332
vt 0.378067 0.625166
vt 0.382394 0.625024
vt 0.379578 0.620442
vt 0.298319 0.580105
vt 0.302129 0.577109
vt 0.297381 0.573835
vt 0.331653 0.595759
vt 0.332356 0.601210
vt 0.336580 0.598254
vt 0.331692 0.580571
vt 0.327042 0.581639
vt 0.330879 0.584862
vt 0.354838 0.597255
vt 0.358910 0.595003
vt 0.356027 0.590958
vt 0.730222 0.833587
vt 0.727810 0.838907
vt 0.724297 0.833306
vt 0.362789 0.554980
vt 0.370461 0.560576
vt 0.375170 0.560361
vt 0.126123 0.492334
vt 0.127187 0.486613
vt 0.123113 0.488862
vt 0.071307 0.594262
vt 0.072907 0.599742
vt 0.075404 0.596600
vt 0.331653 0.595759
vt 0.329058 0.598614
vt 0.332356 0.601210
vt 0.304361 0.593699
vt 0.298469 0.590798
vt 0.298816 0.596625
vt 0.302223 0.607830
vt 0.305336 0.603302
vt 0.299214 0.601881
vt 0.308540 0.609087
vt 0.305336 0.603302
vt 0.302223 0.607830
vt 0.304361 0.593699
vt 0.302228 0.589520
vt 0.298469 0.590798
vt 0.339724 0.603174
vt 0.336580 0.598254
vt 0.335664 0.605121
vt 0.322545 0.610085
vt 0.326229 0.613589
vt 0.325155 0.606040
vt 0.177153 0.533628
vt 0.184735 0.532243
vt 0.174821 0.528033
vt 0.061733 0.554103
vt 0.064817 0.549609
vt 0.065996 0.544400
vt 0.306215 0.935112
vt 0.303256 0.931808
vt 0.301338 0.935928
vt 0.212474 0.955725
vt 0.209277 0.955355
vt 0.214717 0.953118
vt 0.147329 0.937505
vt 0.150209 0.935373
vt 0.151563 0.938981
vt 0.121423 0.507962
vt 0.116951 0.511299
vt 0.119490 0.514348
vt 0.334965 0.908332
vt 0.335645 0.920160
vt 0.409439 0.897572
vt 0.302978 0.899556
vt 0.304151 0.903069
vt 0.306828 0.901626
vt 0.313836 0.907747
vt 0.316024 0.902506
vt 0.311478 0.902115
vt 0.297932 0.896113
vt 0.293580 0.902468
vt 0.297223 0.903700
vt 0.134165 0.933024
vt 0.135898 0.930860
vt 0.140945 0.931963
vt 0.296359 0.928549
vt 0.300697 0.927240
vt 0.298067 0.921754
vt 0.317807 0.907473
vt 0.316024 0.902506
vt 0.313836 0.907747
vt 0.222561 0.965565
vt 0.218855 0.963262
vt 0.224805 0.960514
vt 0.046922 0.627662
vt 0.048912 0.623084
vt 0.043448 0.622957
vt 0.593298 0.808560
vt 0.596936 0.809464
vt 0.594801 0.813019
vt 0.143369 0.939706
vt 0.144870 0.935339
vt 0.147329 0.937505
vt 0.129084 0.933339
vt 0.124489 0.935101
vt 0.124305 0.931214
vt 0.124305 0.931214
vt 0.124489 0.935101
vt 0.118604 0.932260
vt 0.016281 0.626804
vt 0.015687 0.634709
vt 0.019673 0.630585
vt 0.569090 0.900877
vt 0.575602 0.900631
vt 0.571682 0.902221
vt 0.059280 0.605282
vt 0.062582 0.602441
vt 0.058174 0.600035
vt 0.058610 0.609959
vt 0.062449 0.608986
vt 0.059280 0.605282
vt 0.653340 0.883734
vt 0.660123 0.883679
vt 0.655823 0.885789
vt 0.496099 0.844754
vt 0.492239 0.840810
vt 0.497291 0.839508
vt 0.731476 0.903872
vt 0.736002 0.903066
vt 0.735413 0.908279
vt 0.700221 0.877757
vt 0.711571 0.876419
vt 0.708957 0.879129
vt 0.708957 0.879129
vt 0.711571 0.876419
vt 0.715203 0.878835
vt 0.889712 0.966227
vt 0.886023 0.973424
vt 0.890775 0.971470
vt 0.886023 0.973424
vt 0.889712 0.966227
vt 0.879876 0.967117
vt 0.619137 0.924578
vt 0.622852 0.927852
vt 0.618270 0.929080
vt 0.662360 0.869996
vt 0.666165 0.867772
vt 0.666800 0.870413
vt 0.583125 0.885911
vt 0.592566 0.885830
vt 0.586535 0.891003
vt 0.499941 0.763989
vt 0.504466 0.766114
vt 0.492790 0.767834
vt 0.070038 0.567526
vt 0.073161 0.554064
vt 0.067809 0.562191
vt 0.713895 0.833837
vt 0.710739 0.827058
vt 0.716312 0.826397
vt 0.732624 0.883506
vt 0.735521 0.879936
vt 0.741288 0.883103
vt 0.683884 0.889068
vt 0.679854 0.892976
vt 0.679662 0.890069
vt 0.718647 0.898367
vt 0.722470 0.895348
vt 0.723501 0.901551
vt 0.710953 0.870382
vt 0.699878 0.864490
vt 0.713815 0.867373
vt 0.041966 0.613129
vt 0.046334 0.612716
vt 0.042803 0.608075
vt 0.297223 0.903700
vt 0.293580 0.902468
vt 0.295590 0.906938
vt 0.518093 0.878653
vt 0.514092 0.879555
vt 0.516454 0.875962
vt 0.676196 0.976051
vt 0.673661 0.974876
vt 0.680906 0.973628
vt 0.687050 0.890924
vt 0.683884 0.889068
vt 0.690331 0.886691
vt 0.836306 0.970358
vt 0.834635 0.972503
vt 0.832700 0.970955
vt 0.035482 0.653359
vt 0.037451 0.645639
vt 0.031948 0.648335
vt 0.727225 0.905510
vt 0.723358 0.908953
vt 0.723501 0.901551
vt 0.621242 0.905040
vt 0.623536 0.903129
vt 0.631089 0.905539
vt 0.597050 0.816588
vt 0.598955 0.811706
vt 0.601286 0.814628
vt 0.608355 0.788719
vt 0.614217 0.793251
vt 0.610418 0.795056
vt 0.034620 0.633084
vt 0.037753 0.637636
vt 0.038085 0.631946
vt 0.012828 0.958434
vt 0.017103 0.957921
vt 0.016542 0.961376
vt 0.729460 0.893949
vt 0.730406 0.898476
vt 0.726706 0.897109
vt 0.681697 0.924060
vt 0.677321 0.921803
vt 0.682348 0.919155
vt 0.682348 0.919155
vt 0.677321 0.921803
vt 0.674517 0.916392
vt 0.323828 0.630752
vt 0.310096 0.634902
vt 0.326231 0.634762
vt 0.146894 0.609757
vt 0.139411 0.603718
vt 0.128043 0.609450
vt 0.064214 0.574934
vt 0.061511 0.584589
vt 0.064622 0.581877
vt 0.341112 0.555653
vt 0.323665 0.551387
vt 0.331477 0.557364
vt 0.441351 0.557796
vt 0.439286 0.554195
vt 0.435889 0.558944
vt 0.113309 0.464359
vt 0.116272 0.466092
vt 0.120610 0.462128
vt 0.553493 0.934057
vt 0.555006 0.930173
vt 0.559767 0.933029
vt 0.390653 0.649490
vt 0.389222 0.654856
vt 0.392809 0.652699
vt 0.427306 0.552241
vt 0.427581 0.555975
vt 0.431693 0.556518
vt 0.325065 0.599736
vt 0.320752 0.596339
vt 0.320303 0.601936
vt 0.058075 0.711007
vt 0.055890 0.716530
vt 0.060143 0.715116
vt 0.048912 0.623084
vt 0.050951 0.629586
vt 0.054004 0.620650
vt 0.278232 0.537286
vt 0.285037 0.536310
vt 0.272612 0.534258
vt 0.123807 0.481176
vt 0.125661 0.483702
vt 0.131219 0.479203
vt 0.299988 0.910134
vt 0.305806 0.911943
vt 0.301405 0.904847
vt 0.171701 0.505138
vt 0.167580 0.502701
vt 0.169815 0.507997
vt 0.550490 0.883146
vt 0.556048 0.880675
vt 0.553609 0.886110
vt 0.823515 0.964563
vt 0.821441 0.967538
vt 0.814773 0.965615
vt 0.140723 0.969852
vt 0.140479 0.971641
vt 0.135923 0.969244
vt 0.033135 0.623351
vt 0.034867 0.627516
vt 0.035817 0.622283
vt 0.298816 0.596625
vt 0.298469 0.590798
vt 0.295021 0.593694
vt 0.030560 0.630810
vt 0.034620 0.633084
vt 0.034867 0.627516
vt 0.030560 0.630810
vt 0.034867 0.627516
vt 0.030615 0.626783
vt 0.696748 0.836565
vt 0.698666 0.840925
vt 0.690239 0.838808
vt 0.425466 0.885224
vt 0.431097 0.884636
vt 0.428585 0.888922
vt 0.051959 0.716996
vt 0.055890 0.716530
vt 0.052358 0.712289
vt 0.259766 0.998047
vt 0.259766 0.998047
vt 0.259766 0.998047
vt 0.326231 0.634762
vt 0.327841 0.633111
vt 0.323828 0.630752
vt 0.522628 0.879317
vt 0.523809 0.875017
vt 0.526922 0.877504
vt 0.270949 0.925871
vt 0.264043 0.926851
vt 0.264977 0.924059
vt 0.931060 0.973718
vt 0.939045 0.969530
vt 0.933089 0.975230
vt 0.118641 0.588576
vt 0.121868 0.589865
vt 0.121489 0.584290
vt 0.211057 0.519001
vt 0.219763 0.520770
vt 0.215374 0.515986
vt 0.158361 0.576118
vt 0.144652 0.582349
vt 0.154303 0.585671
vt 0.453915 0.585175
vt 0.449022 0.588127
vt 0.447513 0.592646
vt 0.447513 0.592646
vt 0.453701 0.589865
vt 0.453915 0.585175
vt 0.119910 0.607477
vt 0.122945 0.606254
vt 0.120336 0.602128
vt 0.872096 0.968207
vt 0.879876 0.967117
vt 0.874076 0.964014
vt 0.119910 0.607477
vt 0.122171 0.609960
vt 0.122945 0.606254
vt 0.335645 0.920160
vt 0.321626 0.921246
vt 0.320864 0.927520
vt 0.075635 0.663143
vt 0.077433 0.670470
vt 0.078969 0.667105
vt 0.136158 0.584936
vt 0.131509 0.582889
vt 0.130193 0.587838
vt 0.121195 0.577151
vt 0.121489 0.584290
vt 0.125265 0.577243
vt 0.170198 0.522540
vt 0.174821 0.528033
vt 0.182432 0.524684
vt 0.199218 0.495321
vt 0.202924 0.497236
vt 0.226707 0.498512
vt 0.175081 0.545729
vt 0.184603 0.544782
vt 0.180720 0.539516
vt 0.633805 0.849054
vt 0.631592 0.845423
vt 0.636618 0.843758
vt 0.132984 0.500996
vt 0.133939 0.496730
vt 0.130029 0.499077
vt 0.124485 0.590200
vt 0.121868 0.589865
vt 0.123786 0.596093
vt 0.130193 0.587838
vt 0.127273 0.592508
vt 0.130722 0.593883
vt 0.527420 0.933956
vt 0.511983 0.925460
vt 0.523529 0.926967
vt 0.160717 0.487505
vt 0.146984 0.488648
vt 0.150410 0.490763
vt 0.561485 0.881991
vt 0.561237 0.886657
vt 0.556048 0.880675
vt 0.553609 0.886110
vt 0.556048 0.880675
vt 0.561237 0.886657
vt 0.067717 0.621544
vt 0.066643 0.612897
vt 0.063817 0.621225
vt 0.416390 0.980385
vt 0.421618 0.977840
vt 0.402964 0.981331
vt 0.136953 0.475440
vt 0.154706 0.478886
vt 0.241521 0.489054
vt 0.248216 0.543001
vt 0.247744 0.536868
vt 0.238456 0.536324
vt 0.203008 0.506348
vt 0.197593 0.500017
vt 0.197422 0.505735
vt 0.133939 0.496730
vt 0.132984 0.500996
vt 0.138215 0.501412
vt 0.136756 0.531879
vt 0.132561 0.540588
vt 0.138468 0.534764
vt 0.919276 0.970091
vt 0.921117 0.959800
vt 0.925604 0.967303
vt 0.873989 0.978022
vt 0.863024 0.969355
vt 0.852730 0.972162
vt 0.309176 0.906969
vt 0.313836 0.907747
vt 0.311478 0.902115
vt 0.925249 0.975547
vt 0.919276 0.970091
vt 0.926749 0.972365
vt 0.919276 0.970091
vt 0.925604 0.967303
vt 0.926749 0.972365
vt 0.533006 0.927665
vt 0.542304 0.928499
vt 0.527420 0.933956
vt 0.061622 0.726606
vt 0.068281 0.727311
vt 0.063580 0.718342
vt 0.708304 0.922398
vt 0.705658 0.918330
vt 0.709908 0.918764
vt 0.712031 0.922412
vt 0.708304 0.922398
vt 0.709908 0.918764
vt 0.057126 0.724838
vt 0.061622 0.726606
vt 0.059796 0.720875
vt 0.879876 0.967117
vt 0.872096 0.968207
vt 0.878592 0.973481
vt 0.558235 0.936041
vt 0.553493 0.934057
vt 0.559767 0.933029
vt 0.674548 0.833539
vt 0.671189 0.834875
vt 0.671835 0.830480
vt 0.674875 0.829986
vt 0.674548 0.833539
vt 0.671835 0.830480
vt 0.094905 0.706782
vt 0.071467 0.704480
vt 0.070108 0.712967
vt 0.563547 0.926686
vt 0.568707 0.931760
vt 0.555006 0.930173
vt 0.925846 0.962658
vt 0.928362 0.964004
vt 0.925604 0.967303
vt 0.125035 0.602320
vt 0.123786 0.596093
vt 0.120336 0.602128
vt 0.305885 0.927469
vt 0.307338 0.931490
vt 0.310784 0.929248
vt 0.919276 0.970091
vt 0.925249 0.975547
vt 0.926117 0.980142
vt 0.931060 0.973718
vt 0.929883 0.969115
vt 0.939045 0.969530
vt 0.937042 0.979250
vt 0.939851 0.976671
vt 0.975440 0.974114
vt 0.932096 0.976690
vt 0.939851 0.976671
vt 0.937042 0.979250
vt 0.888594 0.979122
vt 0.883138 0.976423
vt 0.881704 0.977093
vt 0.878592 0.973481
vt 0.883138 0.976423
vt 0.886023 0.973424
vt 0.635518 0.852415
vt 0.633805 0.849054
vt 0.638820 0.849569
vt 0.928362 0.964004
vt 0.929883 0.969115
vt 0.925604 0.967303
vt 0.536703 0.903665
vt 0.530969 0.900741
vt 0.540612 0.904380
vt 0.928882 0.976553
vt 0.937042 0.979250
vt 0.926117 0.980142
vt 0.928882 0.976553
vt 0.926117 0.980142
vt 0.925249 0.975547
vt 0.925249 0.975547
vt 0.926749 0.972365
vt 0.928882 0.976553
vt 0.568707 0.931760
vt 0.559767 0.933029
vt 0.555006 0.930173
vt 0.926749 0.972365
vt 0.925604 0.967303
vt 0.929883 0.969115
vt 0.559767 0.933029
vt 0.563279 0.934842
vt 0.558235 0.936041
vt 0.878830 0.958710
vt 0.874076 0.964014
vt 0.879876 0.967117
vt 0.595845 0.892046
vt 0.586535 0.891003
vt 0.592566 0.885830
vt 0.824453 0.969411
vt 0.828753 0.970251
vt 0.821571 0.973025
vt 0.830227 0.973781
vt 0.821571 0.973025
vt 0.828753 0.970251
vt 0.730222 0.833587
vt 0.724297 0.833306
vt 0.726363 0.830974
vt 0.730222 0.833587
vt 0.726363 0.830974
vt 0.728092 0.829261
vt 0.259792 0.929881
vt 0.253814 0.931678
vt 0.254528 0.928809
vt 0.551358 0.893921
vt 0.555106 0.894242
vt 0.551350 0.896093
vt 0.543137 0.856247
vt 0.546017 0.851495
vt 0.549116 0.857390
vt 0.445558 0.870695
vt 0.438857 0.868818
vt 0.441056 0.863201
vt 0.437031 0.877799
vt 0.438857 0.868818
vt 0.445558 0.870695
vt 0.863024 0.969355
vt 0.873989 0.978022
vt 0.872119 0.973583
vt 0.070108 0.712967
vt 0.064003 0.712464
vt 0.063580 0.718342
vt 0.558852 0.898524
vt 0.558286 0.900759
vt 0.551846 0.899544
vt 0.925846 0.962658
vt 0.921117 0.959800
vt 0.926736 0.956575
vt 0.889712 0.966227
vt 0.878830 0.958710
vt 0.879876 0.967117
vt 0.418396 0.897671
vt 0.418545 0.889830
vt 0.419179 0.898066
vt 0.937042 0.979250
vt 0.928882 0.976553
vt 0.932096 0.976690
vt 0.549378 0.888753
vt 0.548984 0.886069
vt 0.553609 0.886110
vt 0.921117 0.959800
vt 0.925846 0.962658
vt 0.925604 0.967303
vt 0.885837 0.977304
vt 0.890769 0.978013
vt 0.886023 0.973424
vt 0.418545 0.889830
vt 0.420624 0.887589
vt 0.420111 0.893330
vt 0.578176 0.889920
vt 0.572747 0.891863
vt 0.570566 0.887102
vt 0.421563 0.881687
vt 0.420694 0.877356
vt 0.421509 0.878810
vt 0.421509 0.878810
vt 0.425762 0.876893
vt 0.421563 0.881687
vt 0.516454 0.875962
vt 0.520004 0.875571
vt 0.518093 0.878653
vt 0.529769 0.849299
vt 0.527045 0.850052
vt 0.528423 0.846066
vt 0.544528 0.830076
vt 0.546551 0.825399
vt 0.552147 0.829840
vt 0.527666 0.881011
vt 0.525327 0.884357
vt 0.522628 0.879317
vt 0.530289 0.889244
vt 0.523564 0.888764
vt 0.525327 0.884357
vt 0.452244 0.876053
vt 0.451579 0.883069
vt 0.445454 0.885048
vt 0.577939 0.861156
vt 0.576928 0.855908
vt 0.580979 0.855880
vt 0.544138 0.891352
vt 0.547111 0.890284
vt 0.551977 0.891813
vt 0.615108 0.888136
vt 0.617432 0.891468
vt 0.608063 0.891849
vt 0.580979 0.855880
vt 0.583689 0.852423
vt 0.584822 0.856478
vt 0.586535 0.891003
vt 0.580914 0.894375
vt 0.578176 0.889920
vt 0.561237 0.886657
vt 0.570566 0.887102
vt 0.566365 0.890242
vt 0.655546 0.879044
vt 0.651366 0.881736
vt 0.648692 0.879593
vt 0.648692 0.879593
vt 0.651366 0.881736
vt 0.644966 0.882567
vt 0.582682 0.872040
vt 0.584943 0.876067
vt 0.581905 0.878188
vt 0.559241 0.839112
vt 0.560622 0.842459
vt 0.554029 0.840675
vt 0.554029 0.840675
vt 0.560622 0.842459
vt 0.558447 0.845251
vt 0.578548 0.896667
vt 0.573551 0.894830
vt 0.580914 0.894375
vt 0.560424 0.852495
vt 0.561770 0.848622
vt 0.567336 0.850706
vt 0.578176 0.889920
vt 0.580914 0.894375
vt 0.572747 0.891863
vt 0.571682 0.902221
vt 0.574754 0.902918
vt 0.571444 0.904116
vt 0.627754 0.896116
vt 0.615306 0.895867
vt 0.623100 0.893428
vt 0.582682 0.872040
vt 0.581905 0.878188
vt 0.578562 0.876893
vt 0.592781 0.861706
vt 0.593596 0.865576
vt 0.589503 0.862845
vt 0.586535 0.891003
vt 0.578176 0.889920
vt 0.583125 0.885911
vt 0.583689 0.852423
vt 0.587652 0.852093
vt 0.584822 0.856478
vt 0.592789 0.858138
vt 0.589503 0.862845
vt 0.588782 0.857346
vt 0.582529 0.866805
vt 0.579689 0.868681
vt 0.580570 0.864389
vt 0.585444 0.866449
vt 0.588606 0.868643
vt 0.582682 0.872040
vt 0.561485 0.881991
vt 0.565271 0.882832
vt 0.561237 0.886657
vt 0.611856 0.863476
vt 0.616846 0.863586
vt 0.614491 0.868621
vt 0.619512 0.898360
vt 0.612171 0.899165
vt 0.615306 0.895867
vt 0.666774 0.916980
vt 0.668362 0.910939
vt 0.674517 0.916392
vt 0.561237 0.886657
vt 0.565271 0.882832
vt 0.570566 0.887102
vt 0.583125 0.885911
vt 0.578176 0.889920
vt 0.576653 0.886147
vt 0.580570 0.864389
vt 0.579689 0.868681
vt 0.576805 0.867088
vt 0.579689 0.868681
vt 0.576358 0.872624
vt 0.576805 0.867088
vt 0.561770 0.848622
vt 0.556029 0.848210
vt 0.558447 0.845251
vt 0.578456 0.881934
vt 0.576653 0.886147
vt 0.573776 0.883273
vt 0.573776 0.883273
vt 0.574385 0.878628
vt 0.578456 0.881934
vt 0.578456 0.881934
vt 0.574385 0.878628
vt 0.578562 0.876893
vt 0.562815 0.875943
vt 0.569467 0.880632
vt 0.565271 0.882832
vt 0.553609 0.886110
vt 0.548984 0.886069
vt 0.550490 0.883146
vt 0.614319 0.901581
vt 0.603655 0.900641
vt 0.612171 0.899165
vt 0.576653 0.886147
vt 0.578176 0.889920
vt 0.570566 0.887102
vt 0.601603 0.888386
vt 0.601420 0.891731
vt 0.595845 0.892046
vt 0.553300 0.871435
vt 0.559574 0.866040
vt 0.562815 0.875943
vt 0.553300 0.871435
vt 0.562815 0.875943
vt 0.556048 0.880675
vt 0.586535 0.891003
vt 0.595845 0.892046
vt 0.589706 0.895348
vt 0.577939 0.861156
vt 0.580979 0.855880
vt 0.581930 0.859999
vt 0.581930 0.859999
vt 0.580979 0.855880
vt 0.584822 0.856478
vt 0.569467 0.880632
vt 0.570566 0.887102
vt 0.565271 0.882832
vt 0.566365 0.890242
vt 0.572747 0.891863
vt 0.566972 0.893237
vt 0.535327 0.842418
vt 0.536224 0.838848
vt 0.541602 0.841426
vt 0.570417 0.873538
vt 0.567113 0.867411
vt 0.570755 0.869154
vt 0.570755 0.869154
vt 0.573313 0.869747
vt 0.570417 0.873538
vt 0.574385 0.878628
vt 0.573776 0.883273
vt 0.569467 0.880632
vt 0.569467 0.880632
vt 0.573776 0.883273
vt 0.570566 0.887102
vt 0.576358 0.872624
vt 0.574385 0.878628
vt 0.570417 0.873538
vt 0.574385 0.878628
vt 0.569467 0.880632
vt 0.570417 0.873538
vt 0.562815 0.875943
vt 0.570417 0.873538
vt 0.569467 0.880632
vt 0.572747 0.891863
vt 0.566365 0.890242
vt 0.570566 0.887102
vt 0.579689 0.868681
vt 0.582682 0.872040
vt 0.576358 0.872624
vt 0.549116 0.857390
vt 0.552966 0.851963
vt 0.557933 0.858131
vt 0.584786 0.861918
vt 0.580570 0.864389
vt 0.581930 0.859999
vt 0.574075 0.859700
vt 0.576928 0.855908
vt 0.577939 0.861156
vt 0.569431 0.861018
vt 0.572147 0.855142
vt 0.574075 0.859700
vt 0.572745 0.865131
vt 0.569431 0.861018
vt 0.574075 0.859700
vt 0.573313 0.869747
vt 0.570755 0.869154
vt 0.572745 0.865131
vt 0.567113 0.867411
vt 0.572745 0.865131
vt 0.570755 0.869154
vt 0.563854 0.861770
vt 0.569431 0.861018
vt 0.567113 0.867411
vt 0.572745 0.865131
vt 0.576805 0.867088
vt 0.573313 0.869747
vt 0.574075 0.859700
vt 0.577939 0.861156
vt 0.572745 0.865131
vt 0.576805 0.867088
vt 0.572745 0.865131
vt 0.577939 0.861156
vt 0.577939 0.861156
vt 0.580570 0.864389
vt 0.576805 0.867088
vt 0.560424 0.852495
vt 0.556029 0.848210
vt 0.561770 0.848622
vt 0.584765 0.848148
vt 0.586948 0.842477
vt 0.590116 0.847653
vt 0.562815 0.875943
vt 0.559574 0.866040
vt 0.567113 0.867411
vt 0.567113 0.867411
vt 0.570417 0.873538
vt 0.562815 0.875943
vt 0.576358 0.872624
vt 0.570417 0.873538
vt 0.573313 0.869747
vt 0.567113 0.867411
vt 0.559574 0.866040
vt 0.563854 0.861770
vt 0.582682 0.872040
vt 0.578562 0.876893
vt 0.576358 0.872624
vt 0.584786 0.861918
vt 0.588782 0.857346
vt 0.589503 0.862845
vt 0.589503 0.862845
vt 0.585444 0.866449
vt 0.584786 0.861918
vt 0.560424 0.852495
vt 0.552966 0.851963
vt 0.556029 0.848210
vt 0.582529 0.866805
vt 0.585444 0.866449
vt 0.582682 0.872040
vt 0.582529 0.866805
vt 0.582682 0.872040
vt 0.579689 0.868681
vt 0.584786 0.861918
vt 0.585444 0.866449
vt 0.582529 0.866805
vt 0.584786 0.861918
vt 0.582529 0.866805
vt 0.580570 0.864389
vt 0.585444 0.866449
vt 0.589503 0.862845
vt 0.588606 0.868643
vt 0.584786 0.861918
vt 0.584822 0.856478
vt 0.588782 0.857346
vt 0.587476 0.877706
vt 0.588213 0.873913
vt 0.592844 0.878080
vt 0.584943 0.876067
vt 0.588213 0.873913
vt 0.587476 0.877706
vt 0.532958 0.835802
vt 0.531044 0.841390
vt 0.527273 0.838454
vt 0.520004 0.875571
vt 0.516454 0.875962
vt 0.517722 0.872707
vt 0.642693 0.872213
vt 0.640596 0.875857
vt 0.634001 0.872382
vt 0.627927 0.849214
vt 0.631185 0.854252
vt 0.625840 0.853506
vt 0.655546 0.879044
vt 0.648692 0.879593
vt 0.652691 0.875840
vt 0.611856 0.863476
vt 0.614491 0.868621
vt 0.608894 0.868116
vt 0.657739 0.905731
vt 0.656153 0.902339
vt 0.659979 0.902761
vt 0.640596 0.875857
vt 0.642693 0.872213
vt 0.644188 0.874995
vt 0.595772 0.860509
vt 0.592781 0.861706
vt 0.592789 0.858138
vt 0.627754 0.896116
vt 0.623100 0.893428
vt 0.630845 0.891899
vt 0.635904 0.893695
vt 0.627754 0.896116
vt 0.630845 0.891899
vt 0.598424 0.864194
vt 0.602190 0.862614
vt 0.603361 0.867935
vt 0.606574 0.862573
vt 0.611856 0.863476
vt 0.608894 0.868116
vt 0.610695 0.859416
vt 0.611856 0.863476
vt 0.606574 0.862573
vt 0.600255 0.858586
vt 0.596841 0.854855
vt 0.601271 0.853517
vt 0.618078 0.879072
vt 0.623695 0.880477
vt 0.619770 0.881469
vt 0.588606 0.868643
vt 0.588213 0.873913
vt 0.582682 0.872040
vt 0.582682 0.872040
vt 0.588213 0.873913
vt 0.584943 0.876067
vt 0.593122 0.871791
vt 0.592844 0.878080
vt 0.588213 0.873913
vt 0.595772 0.860509
vt 0.600255 0.858586
vt 0.598424 0.864194
vt 0.602190 0.862614
vt 0.598424 0.864194
vt 0.600255 0.858586
vt 0.593596 0.865576
vt 0.595772 0.860509
vt 0.598424 0.864194
vt 0.588213 0.873913
vt 0.588606 0.868643
vt 0.593122 0.871791
vt 0.593122 0.871791
vt 0.588606 0.868643
vt 0.593596 0.865576
vt 0.593596 0.865576
vt 0.588606 0.868643
vt 0.589503 0.862845
vt 0.589503 0.862845
vt 0.592789 0.858138
vt 0.592781 0.861706
vt 0.587476 0.877706
vt 0.584709 0.879071
vt 0.584943 0.876067
vt 0.587211 0.881534
vt 0.584709 0.879071
vt 0.587476 0.877706
vt 0.584943 0.876067
vt 0.584709 0.879071
vt 0.581905 0.878188
vt 0.578562 0.876893
vt 0.581905 0.878188
vt 0.578456 0.881934
vt 0.581905 0.878188
vt 0.584709 0.879071
vt 0.582724 0.881664
vt 0.581905 0.878188
vt 0.582724 0.881664
vt 0.578456 0.881934
vt 0.640596 0.875857
vt 0.645910 0.876867
vt 0.641615 0.879122
vt 0.596841 0.854855
vt 0.600255 0.858586
vt 0.595772 0.860509
vt 0.587476 0.877706
vt 0.592844 0.878080
vt 0.587211 0.881534
vt 0.598213 0.875270
vt 0.592844 0.878080
vt 0.593122 0.871791
vt 0.598430 0.869867
vt 0.598213 0.875270
vt 0.593122 0.871791
vt 0.602190 0.862614
vt 0.606574 0.862573
vt 0.603361 0.867935
vt 0.606574 0.862573
vt 0.608894 0.868116
vt 0.603361 0.867935
vt 0.592844 0.878080
vt 0.603483 0.881652
vt 0.592566 0.885830
vt 0.592844 0.878080
vt 0.592566 0.885830
vt 0.587211 0.881534
vt 0.619245 0.874908
vt 0.620770 0.867772
vt 0.626010 0.873041
vt 0.593596 0.865576
vt 0.598430 0.869867
vt 0.593122 0.871791
vt 0.592781 0.861706
vt 0.595772 0.860509
vt 0.593596 0.865576
vt 0.593596 0.865576
vt 0.598424 0.864194
vt 0.598430 0.869867
vt 0.603361 0.867935
vt 0.598430 0.869867
vt 0.598424 0.864194
vt 0.598430 0.869867
vt 0.604402 0.874812
vt 0.598213 0.875270
vt 0.608894 0.868116
vt 0.607654 0.872171
vt 0.603361 0.867935
vt 0.604402 0.874812
vt 0.603361 0.867935
vt 0.607654 0.872171
vt 0.598213 0.875270
vt 0.604402 0.874812
vt 0.603483 0.881652
vt 0.611934 0.872600
vt 0.612514 0.876636
vt 0.607654 0.872171
vt 0.608894 0.868116
vt 0.611934 0.872600
vt 0.607654 0.872171
vt 0.614491 0.868621
vt 0.611934 0.872600
vt 0.608894 0.868116
vt 0.584709 0.879071
vt 0.587211 0.881534
vt 0.582724 0.881664
vt 0.598213 0.875270
vt 0.603483 0.881652
vt 0.592844 0.878080
vt 0.582724 0.881664
vt 0.587211 0.881534
vt 0.583125 0.885911
vt 0.640596 0.875857
vt 0.636470 0.877349
vt 0.634001 0.872382
vt 0.653340 0.883734
vt 0.644966 0.882567
vt 0.651366 0.881736
vt 0.633276 0.883246
vt 0.629605 0.881031
vt 0.635742 0.880674
vt 0.635742 0.880674
vt 0.629605 0.881031
vt 0.630667 0.878877
vt 0.626415 0.877742
vt 0.619245 0.874908
vt 0.626010 0.873041
vt 0.614491 0.868621
vt 0.620770 0.867772
vt 0.619245 0.874908
vt 0.614491 0.868621
vt 0.619245 0.874908
vt 0.611934 0.872600
vt 0.632816 0.877336
vt 0.636470 0.877349
vt 0.635742 0.880674
vt 0.648656 0.889083
vt 0.643592 0.889004
vt 0.647424 0.886458
vt 0.619245 0.874908
vt 0.618078 0.879072
vt 0.612514 0.876636
vt 0.612514 0.876636
vt 0.611934 0.872600
vt 0.619245 0.874908
vt 0.625840 0.853506
vt 0.622897 0.851270
vt 0.627927 0.849214
vt 0.649541 0.811020
vt 0.644707 0.813199
vt 0.646826 0.808669
vt 0.566667 0.992382
vt 0.569636 0.992990
vt 0.562996 0.994880
vt 0.663565 0.880658
vt 0.660123 0.883679
vt 0.658300 0.882283
vt 0.626415 0.877742
vt 0.626010 0.873041
vt 0.629774 0.876195
vt 0.627927 0.849214
vt 0.622227 0.846867
vt 0.627805 0.843743
vt 0.619190 0.886514
vt 0.616373 0.883860
vt 0.624291 0.886448
vt 0.592566 0.885830
vt 0.601603 0.888386
vt 0.595845 0.892046
vt 0.604402 0.874812
vt 0.610433 0.879653
vt 0.603483 0.881652
vt 0.680507 0.887222
vt 0.676704 0.884938
vt 0.683947 0.883418
vt 0.655823 0.885789
vt 0.663840 0.885954
vt 0.654767 0.888096
vt 0.648549 0.894352
vt 0.638861 0.895634
vt 0.642674 0.893007
vt 0.548377 0.992938
vt 0.552163 0.994530
vt 0.552776 0.992517
vt 0.626415 0.877742
vt 0.630667 0.878877
vt 0.629605 0.881031
vt 0.626415 0.877742
vt 0.629605 0.881031
vt 0.623695 0.880477
vt 0.633276 0.883246
vt 0.635742 0.880674
vt 0.639036 0.884434
vt 0.627880 0.883857
vt 0.623270 0.884237
vt 0.622493 0.882764
vt 0.653183 0.838032
vt 0.652595 0.832762
vt 0.656970 0.832479
vt 0.635742 0.880674
vt 0.641615 0.879122
vt 0.644966 0.882567
vt 0.635742 0.880674
vt 0.644966 0.882567
vt 0.639036 0.884434
vt 0.604986 0.896982
vt 0.608063 0.891849
vt 0.615306 0.895867
vt 0.615306 0.895867
vt 0.612171 0.899165
vt 0.604986 0.896982
vt 0.632816 0.877336
vt 0.635742 0.880674
vt 0.630667 0.878877
vt 0.629774 0.876195
vt 0.632816 0.877336
vt 0.630667 0.878877
vt 0.940473 0.982472
vt 0.937042 0.979250
vt 0.975440 0.974114
vt 0.675546 0.890964
vt 0.677069 0.889013
vt 0.679662 0.890069
vt 0.653340 0.883734
vt 0.647424 0.886458
vt 0.644966 0.882567
vt 0.654767 0.888096
vt 0.651935 0.890572
vt 0.648656 0.889083
vt 0.610695 0.859416
vt 0.608035 0.857278
vt 0.612269 0.855625
vt 0.645910 0.876867
vt 0.652691 0.875840
vt 0.648692 0.879593
vt 0.641615 0.879122
vt 0.645910 0.876867
vt 0.648692 0.879593
vt 0.681713 0.810276
vt 0.670654 0.807535
vt 0.682867 0.805601
vt 0.606574 0.862573
vt 0.608035 0.857278
vt 0.610695 0.859416
vt 0.632816 0.877336
vt 0.634001 0.872382
vt 0.636470 0.877349
vt 0.644966 0.882567
vt 0.641615 0.879122
vt 0.648692 0.879593
vt 0.566667 0.992382
vt 0.562996 0.994880
vt 0.563398 0.992727
vt 0.658300 0.882283
vt 0.655452 0.881734
vt 0.659205 0.880334
vt 0.663565 0.880658
vt 0.658300 0.882283
vt 0.659205 0.880334
vt 0.641631 0.862597
vt 0.644748 0.856741
vt 0.650225 0.861554
vt 0.604014 0.859476
vt 0.608035 0.857278
vt 0.606574 0.862573
vt 0.606574 0.862573
vt 0.602190 0.862614
vt 0.604014 0.859476
vt 0.662360 0.869996
vt 0.666800 0.870413
vt 0.662447 0.872399
vt 0.314324 0.938615
vt 0.319668 0.936894
vt 0.317362 0.933228
vt 0.291148 0.921213
vt 0.296359 0.928549
vt 0.294439 0.920775
vt 0.633805 0.849054
vt 0.627927 0.849214
vt 0.631592 0.845423
vt 0.638820 0.849569
vt 0.633805 0.849054
vt 0.636618 0.843758
vt 0.638820 0.849569
vt 0.636618 0.843758
vt 0.642108 0.843748
vt 0.704135 0.922811
vt 0.707351 0.925520
vt 0.704712 0.926793
vt 0.712444 0.926430
vt 0.730361 0.924791
vt 0.705453 0.928601
vt 0.674683 0.887302
vt 0.671216 0.885838
vt 0.676704 0.884938
vt 0.671755 0.883276
vt 0.671216 0.885838
vt 0.663840 0.885954
vt 0.670979 0.880021
vt 0.671755 0.883276
vt 0.666110 0.882799
vt 0.619105 0.827915
vt 0.620175 0.830770
vt 0.615666 0.833352
vt 0.666110 0.882799
vt 0.671755 0.883276
vt 0.663840 0.885954
vt 0.660123 0.883679
vt 0.663840 0.885954
vt 0.655823 0.885789
vt 0.663857 0.833510
vt 0.660785 0.834742
vt 0.662068 0.829121
vt 0.663888 0.892981
vt 0.660295 0.890267
vt 0.669416 0.890681
vt 0.678650 0.898888
vt 0.672859 0.900925
vt 0.667315 0.898222
vt 0.648583 0.815383
vt 0.649541 0.811020
vt 0.653222 0.813450
vt 0.663840 0.885954
vt 0.668904 0.888137
vt 0.660295 0.890267
vt 0.671755 0.883276
vt 0.678580 0.882641
vt 0.676704 0.884938
vt 0.674030 0.895666
vt 0.678650 0.898888
vt 0.667315 0.898222
vt 0.680507 0.887222
vt 0.683884 0.889068
vt 0.679662 0.890069
vt 0.921148 0.991773
vt 0.923630 0.993464
vt 0.920698 0.993802
vt 0.671869 0.893027
vt 0.675546 0.890964
vt 0.679854 0.892976
vt 0.678813 0.895925
vt 0.678650 0.898888
vt 0.674030 0.895666
vt 0.642674 0.893007
vt 0.638861 0.895634
vt 0.635904 0.893695
vt 0.642674 0.893007
vt 0.635904 0.893695
vt 0.639193 0.890986
vt 0.680507 0.887222
vt 0.679662 0.890069
vt 0.677069 0.889013
vt 0.674683 0.887302
vt 0.676704 0.884938
vt 0.680507 0.887222
vt 0.146549 0.983657
vt 0.139315 0.984572
vt 0.141586 0.983167
vt 0.668904 0.888137
vt 0.669416 0.890681
vt 0.660295 0.890267
vt 0.678650 0.898888
vt 0.685248 0.897077
vt 0.686869 0.899632
vt 0.690509 0.896706
vt 0.688456 0.893816
vt 0.695360 0.893318
vt 0.675546 0.890964
vt 0.673376 0.889222
vt 0.677069 0.889013
vt 0.725845 0.892954
vt 0.729460 0.893949
vt 0.726706 0.897109
vt 0.679854 0.892976
vt 0.678813 0.895925
vt 0.674030 0.895666
vt 0.502695 0.981573
vt 0.502104 0.978805
vt 0.505406 0.978228
vt 0.679854 0.892976
vt 0.674030 0.895666
vt 0.671869 0.893027
vt 0.697420 0.888733
vt 0.687050 0.890924
vt 0.690331 0.886691
vt 0.687050 0.890924
vt 0.697420 0.888733
vt 0.688456 0.893816
vt 0.695360 0.893318
vt 0.688456 0.893816
vt 0.697420 0.888733
vt 0.663840 0.885954
vt 0.660295 0.890267
vt 0.654767 0.888096
vt 0.652005 0.916484
vt 0.654624 0.914452
vt 0.655090 0.918319
vt 0.660295 0.890267
vt 0.656637 0.893096
vt 0.653016 0.892132
vt 0.039493 0.957564
vt 0.030307 0.956099
vt 0.039476 0.953732
vt 0.679854 0.892976
vt 0.675546 0.890964
vt 0.679662 0.890069
vt 0.685248 0.897077
vt 0.688456 0.893816
vt 0.690509 0.896706
vt 0.505406 0.978228
vt 0.502104 0.978805
vt 0.502412 0.975962
vt 0.502412 0.975962
vt 0.508883 0.973417
vt 0.506599 0.976135
vt 0.683884 0.889068
vt 0.687050 0.890924
vt 0.679854 0.892976
vt 0.730406 0.898476
vt 0.734158 0.899858
vt 0.731476 0.903872
vt 0.505406 0.978228
vt 0.506599 0.976135
vt 0.510916 0.976002
vt 0.505406 0.978228
vt 0.510916 0.976002
vt 0.508532 0.979339
vt 0.502412 0.975962
vt 0.506599 0.976135
vt 0.505406 0.978228
vt 0.663840 0.885954
vt 0.660123 0.883679
vt 0.666110 0.882799
vt 0.671869 0.893027
vt 0.669416 0.890681
vt 0.675546 0.890964
vt 0.723358 0.908953
vt 0.718353 0.905005
vt 0.723501 0.901551
vt 0.677069 0.889013
vt 0.673376 0.889222
vt 0.674683 0.887302
vt 0.680507 0.887222
vt 0.677069 0.889013
vt 0.674683 0.887302
vt 0.673376 0.889222
vt 0.675546 0.890964
vt 0.669416 0.890681
vt 0.683947 0.883418
vt 0.685839 0.885636
vt 0.680507 0.887222
vt 0.623450 0.826242
vt 0.619105 0.827915
vt 0.620680 0.823650
vt 0.651935 0.890572
vt 0.645664 0.890914
vt 0.648656 0.889083
vt 0.673376 0.889222
vt 0.669416 0.890681
vt 0.668904 0.888137
vt 0.674030 0.895666
vt 0.667055 0.895006
vt 0.671869 0.893027
vt 0.609832 0.801454
vt 0.606000 0.798347
vt 0.610418 0.795056
vt 0.677076 0.902664
vt 0.672859 0.900925
vt 0.678650 0.898888
vt 0.671869 0.893027
vt 0.667055 0.895006
vt 0.663888 0.892981
vt 0.663888 0.892981
vt 0.669416 0.890681
vt 0.671869 0.893027
vt 0.638861 0.895634
vt 0.648549 0.894352
vt 0.644342 0.897813
vt 0.614107 0.840074
vt 0.615782 0.843934
vt 0.612611 0.844399
vt 0.633282 0.900411
vt 0.625857 0.899202
vt 0.634974 0.898250
vt 0.648656 0.889083
vt 0.645664 0.890914
vt 0.643592 0.889004
vt 0.608727 0.886841
vt 0.616373 0.883860
vt 0.615108 0.888136
vt 0.654767 0.888096
vt 0.647424 0.886458
vt 0.655823 0.885789
vt 0.141586 0.983167
vt 0.144215 0.982500
vt 0.146549 0.983657
vt 0.649785 0.899596
vt 0.650155 0.901975
vt 0.646102 0.901769
vt 0.570905 0.846563
vt 0.567336 0.850706
vt 0.565803 0.845161
vt 0.609288 0.823524
vt 0.610720 0.827283
vt 0.607227 0.828057
vt 0.598430 0.869867
vt 0.603361 0.867935
vt 0.604402 0.874812
vt 0.634974 0.898250
vt 0.627754 0.896116
vt 0.638861 0.895634
vt 0.638861 0.895634
vt 0.627754 0.896116
vt 0.635904 0.893695
vt 0.614319 0.901581
vt 0.610473 0.903377
vt 0.607373 0.902300
vt 0.648206 0.892242
vt 0.645664 0.890914
vt 0.651935 0.890572
vt 0.623270 0.884237
vt 0.627880 0.883857
vt 0.624291 0.886448
vt 0.634398 0.885722
vt 0.633276 0.883246
vt 0.639036 0.884434
vt 0.700324 0.929509
vt 0.700333 0.925740
vt 0.705453 0.928601
vt 0.639193 0.890986
vt 0.643592 0.889004
vt 0.645664 0.890914
vt 0.603483 0.881652
vt 0.601603 0.888386
vt 0.592566 0.885830
vt 0.668362 0.910939
vt 0.671636 0.908665
vt 0.675699 0.910943
vt 0.675699 0.910943
vt 0.674517 0.916392
vt 0.668362 0.910939
vt 0.624285 0.890175
vt 0.617432 0.891468
vt 0.620134 0.888495
vt 0.601603 0.888386
vt 0.603483 0.881652
vt 0.608727 0.886841
vt 0.624285 0.890175
vt 0.629427 0.888791
vt 0.630845 0.891899
vt 0.616922 0.837242
vt 0.619415 0.834909
vt 0.618828 0.839730
vt 0.630845 0.891899
vt 0.629427 0.888791
vt 0.635212 0.888652
vt 0.620134 0.888495
vt 0.619190 0.886514
vt 0.624291 0.886448
vt 0.620134 0.888495
vt 0.624291 0.886448
vt 0.624285 0.890175
vt 0.619190 0.886514
vt 0.615108 0.888136
vt 0.616373 0.883860
vt 0.620134 0.888495
vt 0.615108 0.888136
vt 0.619190 0.886514
vt 0.641284 0.900947
vt 0.644342 0.897813
vt 0.649785 0.899596
vt 0.639193 0.890986
vt 0.639705 0.889055
vt 0.643592 0.889004
vt 0.635212 0.888652
vt 0.639705 0.889055
vt 0.639193 0.890986
vt 0.635212 0.888652
vt 0.639193 0.890986
vt 0.630845 0.891899
vt 0.609607 0.843341
vt 0.605469 0.848699
vt 0.605694 0.842564
vt 0.596841 0.854855
vt 0.595772 0.860509
vt 0.592789 0.858138
vt 0.622493 0.882764
vt 0.616373 0.883860
vt 0.619770 0.881469
vt 0.639036 0.884434
vt 0.639938 0.887281
vt 0.634398 0.885722
vt 0.639938 0.887281
vt 0.639705 0.889055
vt 0.635212 0.888652
vt 0.009842 0.992954
vt 0.006209 0.993327
vt 0.005957 0.991674
vt 0.639938 0.887281
vt 0.647424 0.886458
vt 0.643592 0.889004
vt 0.612171 0.899165
vt 0.619512 0.898360
vt 0.618565 0.900019
vt 0.625857 0.899202
vt 0.618565 0.900019
vt 0.619512 0.898360
vt 0.692622 0.994105
vt 0.684802 0.992349
vt 0.691162 0.992146
vt 0.622493 0.882764
vt 0.623270 0.884237
vt 0.616373 0.883860
vt 0.634974 0.898250
vt 0.638626 0.899502
vt 0.633282 0.900411
vt 0.630845 0.891899
vt 0.639193 0.890986
vt 0.635904 0.893695
vt 0.610848 0.851344
vt 0.608035 0.857278
vt 0.604594 0.855018
vt 0.539530 0.884886
vt 0.545419 0.883321
vt 0.545290 0.886798
vt 0.590116 0.847653
vt 0.586948 0.842477
vt 0.592544 0.844137
vt 0.617432 0.891468
vt 0.615108 0.888136
vt 0.620134 0.888495
vt 0.623100 0.893428
vt 0.624285 0.890175
vt 0.630845 0.891899
vt 0.341266 0.981840
vt 0.345284 0.979849
vt 0.349171 0.980268
vt 0.653016 0.892132
vt 0.648206 0.892242
vt 0.651935 0.890572
vt 0.601167 0.893985
vt 0.604986 0.896982
vt 0.596995 0.896204
vt 0.642674 0.893007
vt 0.639193 0.890986
vt 0.645664 0.890914
vt 0.612514 0.876636
vt 0.610433 0.879653
vt 0.604402 0.874812
vt 0.604402 0.874812
vt 0.607654 0.872171
vt 0.612514 0.876636
vt 0.589706 0.895348
vt 0.580914 0.894375
vt 0.586535 0.891003
vt 0.507696 0.907324
vt 0.501587 0.909661
vt 0.499575 0.904994
vt 0.619770 0.881469
vt 0.623695 0.880477
vt 0.622493 0.882764
vt 0.623695 0.880477
vt 0.627880 0.883857
vt 0.622493 0.882764
vt 0.627880 0.883857
vt 0.630657 0.886707
vt 0.624291 0.886448
vt 0.624291 0.886448
vt 0.630657 0.886707
vt 0.629427 0.888791
vt 0.624291 0.886448
vt 0.629427 0.888791
vt 0.624285 0.890175
vt 0.629427 0.888791
vt 0.630657 0.886707
vt 0.635212 0.888652
vt 0.639938 0.887281
vt 0.635212 0.888652
vt 0.634398 0.885722
vt 0.627880 0.883857
vt 0.634398 0.885722
vt 0.630657 0.886707
vt 0.633276 0.883246
vt 0.634398 0.885722
vt 0.627880 0.883857
vt 0.629605 0.881031
vt 0.633276 0.883246
vt 0.627880 0.883857
vt 0.629605 0.881031
vt 0.627880 0.883857
vt 0.623695 0.880477
vt 0.634398 0.885722
vt 0.635212 0.888652
vt 0.630657 0.886707
vt 0.623100 0.893428
vt 0.615306 0.895867
vt 0.617432 0.891468
vt 0.623100 0.893428
vt 0.617432 0.891468
vt 0.624285 0.890175
vt 0.616373 0.883860
vt 0.610433 0.879653
vt 0.615699 0.880311
vt 0.615699 0.880311
vt 0.619770 0.881469
vt 0.616373 0.883860
vt 0.615699 0.880311
vt 0.610433 0.879653
vt 0.612514 0.876636
vt 0.612514 0.876636
vt 0.618078 0.879072
vt 0.615699 0.880311
vt 0.603483 0.881652
vt 0.610433 0.879653
vt 0.616373 0.883860
vt 0.616373 0.883860
vt 0.608727 0.886841
vt 0.603483 0.881652
vt 0.349368 0.977055
vt 0.345284 0.979849
vt 0.340885 0.979771
vt 0.644342 0.897813
vt 0.634974 0.898250
vt 0.638861 0.895634
vt 0.656637 0.893096
vt 0.660295 0.890267
vt 0.663888 0.892981
vt 0.651935 0.890572
vt 0.660295 0.890267
vt 0.653016 0.892132
vt 0.678528 0.924657
vt 0.679519 0.928094
vt 0.675363 0.925241
vt 0.582061 0.902247
vt 0.581391 0.904839
vt 0.578257 0.903016
vt 0.645452 0.908919
vt 0.648923 0.905528
vt 0.652276 0.909533
vt 0.634974 0.898250
vt 0.625857 0.899202
vt 0.627754 0.896116
vt 0.601167 0.893985
vt 0.595845 0.892046
vt 0.601420 0.891731
vt 0.619512 0.898360
vt 0.627754 0.896116
vt 0.625857 0.899202
vt 0.615306 0.895867
vt 0.627754 0.896116
vt 0.619512 0.898360
vt 0.601420 0.891731
vt 0.601603 0.888386
vt 0.608063 0.891849
vt 0.657206 0.899535
vt 0.656153 0.902339
vt 0.650155 0.901975
vt 0.640596 0.875857
vt 0.641615 0.879122
vt 0.636470 0.877349
vt 0.677076 0.902664
vt 0.673796 0.904495
vt 0.674048 0.902671
vt 0.674048 0.902671
vt 0.673796 0.904495
vt 0.671798 0.902600
vt 0.552223 0.836833
vt 0.555258 0.837972
vt 0.554029 0.840675
vt 0.608063 0.891849
vt 0.604986 0.896982
vt 0.601167 0.893985
vt 0.601167 0.893985
vt 0.601420 0.891731
vt 0.608063 0.891849
vt 0.596995 0.896204
vt 0.592977 0.898014
vt 0.589706 0.895348
vt 0.596995 0.896204
vt 0.589706 0.895348
vt 0.595845 0.892046
vt 0.601167 0.893985
vt 0.596995 0.896204
vt 0.595845 0.892046
vt 0.592406 0.931970
vt 0.594417 0.931070
vt 0.595235 0.933986
vt 0.649785 0.899596
vt 0.644342 0.897813
vt 0.656736 0.896093
vt 0.545290 0.886798
vt 0.545419 0.883321
vt 0.548984 0.886069
vt 0.549378 0.888753
vt 0.545290 0.886798
vt 0.548984 0.886069
vt 0.598321 0.898748
vt 0.596995 0.896204
vt 0.604986 0.896982
vt 0.596995 0.896204
vt 0.598321 0.898748
vt 0.592977 0.898014
vt 0.671798 0.902600
vt 0.667941 0.901470
vt 0.672859 0.900925
vt 0.602278 0.902725
vt 0.597367 0.904850
vt 0.596406 0.902519
vt 0.349171 0.980268
vt 0.345284 0.979849
vt 0.349368 0.977055
vt 0.302665 0.993530
vt 0.300774 0.992165
vt 0.305381 0.993050
vt 0.671798 0.902600
vt 0.672859 0.900925
vt 0.674048 0.902671
vt 0.576928 0.855908
vt 0.574075 0.859700
vt 0.572147 0.855142
vt 0.614023 0.813109
vt 0.611571 0.812299
vt 0.615424 0.808207
vt 0.671798 0.902600
vt 0.669282 0.904063
vt 0.667941 0.901470
vt 0.667315 0.898222
vt 0.672859 0.900925
vt 0.667941 0.901470
vt 0.662038 0.900853
vt 0.663966 0.903750
vt 0.659979 0.902761
vt 0.667941 0.901470
vt 0.663966 0.903750
vt 0.662038 0.900853
vt 0.667941 0.901470
vt 0.669282 0.904063
vt 0.663966 0.903750
vt 0.671798 0.902600
vt 0.673796 0.904495
vt 0.669282 0.904063
vt 0.706087 0.910614
vt 0.702365 0.909772
vt 0.705356 0.906776
vt 0.678650 0.898888
vt 0.686869 0.899632
vt 0.683548 0.903432
vt 0.593235 0.900249
vt 0.585527 0.897957
vt 0.592977 0.898014
vt 0.592977 0.898014
vt 0.598321 0.898748
vt 0.593235 0.900249
vt 0.692612 0.910765
vt 0.688654 0.909864
vt 0.690829 0.907974
vt 0.683548 0.903432
vt 0.686869 0.899632
vt 0.690035 0.901535
vt 0.667941 0.901470
vt 0.662038 0.900853
vt 0.667315 0.898222
vt 0.657206 0.899535
vt 0.667315 0.898222
vt 0.662038 0.900853
vt 0.574754 0.902918
vt 0.571682 0.902221
vt 0.575602 0.900631
vt 0.723358 0.908953
vt 0.721468 0.912803
vt 0.719422 0.910839
vt 0.657206 0.899535
vt 0.656736 0.896093
vt 0.667315 0.898222
vt 0.667315 0.898222
vt 0.656736 0.896093
vt 0.667055 0.895006
vt 0.622194 0.798856
vt 0.623440 0.801140
vt 0.619780 0.802538
vt 0.624507 0.799146
vt 0.623440 0.801140
vt 0.622194 0.798856
vt 0.656736 0.896093
vt 0.663888 0.892981
vt 0.667055 0.895006
vt 0.623320 0.803665
vt 0.619780 0.802538
vt 0.623440 0.801140
vt 0.663888 0.892981
vt 0.656736 0.896093
vt 0.656637 0.893096
vt 0.648549 0.894352
vt 0.656736 0.896093
vt 0.644342 0.897813
vt 0.602638 0.796481
vt 0.606000 0.798347
vt 0.600436 0.801827
vt 0.648206 0.892242
vt 0.653016 0.892132
vt 0.648549 0.894352
vt 0.656637 0.893096
vt 0.656736 0.896093
vt 0.648549 0.894352
vt 0.648549 0.894352
vt 0.653016 0.892132
vt 0.656637 0.893096
vt 0.654451 0.922896
vt 0.652929 0.919018
vt 0.655090 0.918319
vt 0.636682 0.974610
vt 0.642787 0.972333
vt 0.643434 0.974241
vt 0.674517 0.916392
vt 0.675699 0.910943
vt 0.680351 0.914548
vt 0.633804 0.974168
vt 0.637435 0.972283
vt 0.636682 0.974610
vt 0.596406 0.902519
vt 0.597367 0.904850
vt 0.589872 0.904793
vt 0.571682 0.902221
vt 0.571444 0.904116
vt 0.567192 0.902721
vt 0.588205 0.902489
vt 0.582061 0.902247
vt 0.584386 0.900397
vt 0.561751 0.825566
vt 0.562129 0.821121
vt 0.566569 0.823701
vt 0.569090 0.900877
vt 0.563578 0.900558
vt 0.566896 0.898342
vt 0.588205 0.902489
vt 0.584386 0.900397
vt 0.593235 0.900249
vt 0.567192 0.902721
vt 0.569090 0.900877
vt 0.571682 0.902221
vt 0.348826 0.993139
vt 0.346206 0.994006
vt 0.342547 0.993314
vt 0.573551 0.894830
vt 0.566972 0.893237
vt 0.572747 0.891863
vt 0.573551 0.894830
vt 0.572747 0.891863
vt 0.580914 0.894375
vt 0.578548 0.896667
vt 0.585527 0.897957
vt 0.579619 0.898652
vt 0.580914 0.894375
vt 0.585527 0.897957
vt 0.578548 0.896667
vt 0.589706 0.895348
vt 0.585527 0.897957
vt 0.580914 0.894375
vt 0.592977 0.898014
vt 0.585527 0.897957
vt 0.589706 0.895348
vt 0.584386 0.900397
vt 0.585527 0.897957
vt 0.593235 0.900249
vt 0.858641 0.993547
vt 0.858851 0.991399
vt 0.861830 0.993366
vt 0.259766 0.998047
vt 0.259766 0.998047
vt 0.259766 0.998047
vt 0.530289 0.889244
vt 0.537302 0.889482
vt 0.535585 0.892749
vt 0.578548 0.896667
vt 0.572882 0.897073
vt 0.573551 0.894830
vt 0.551977 0.891813
vt 0.547111 0.890284
vt 0.549378 0.888753
vt 0.569945 0.894982
vt 0.573551 0.894830
vt 0.572882 0.897073
vt 0.534866 0.865681
vt 0.529935 0.864356
vt 0.533643 0.860657
vt 0.579619 0.898652
vt 0.572882 0.897073
vt 0.578548 0.896667
vt 0.604986 0.896982
vt 0.603655 0.900641
vt 0.598321 0.898748
vt 0.612171 0.899165
vt 0.603655 0.900641
vt 0.604986 0.896982
vt 0.551977 0.891813
vt 0.549378 0.888753
vt 0.555494 0.889166
vt 0.543534 0.888868
vt 0.547111 0.890284
vt 0.544138 0.891352
vt 0.544138 0.891352
vt 0.537302 0.889482
vt 0.543534 0.888868
vt 0.542902 0.864693
vt 0.540759 0.860715
vt 0.544562 0.860133
vt 0.715028 0.910740
vt 0.719422 0.910839
vt 0.719454 0.914663
vt 0.946700 0.950034
vt 0.975440 0.974114
vt 0.939045 0.969530
vt 0.572882 0.897073
vt 0.579619 0.898652
vt 0.575602 0.900631
vt 0.540853 0.895065
vt 0.551350 0.896093
vt 0.546222 0.897845
vt 0.420694 0.877356
vt 0.418545 0.889830
vt 0.419435 0.865433
vt 0.528214 0.873590
vt 0.526922 0.877504
vt 0.523809 0.875017
vt 0.566972 0.893237
vt 0.560148 0.893587
vt 0.560268 0.890993
vt 0.560268 0.890993
vt 0.566365 0.890242
vt 0.566972 0.893237
vt 0.565379 0.856497
vt 0.560424 0.852495
vt 0.567336 0.850706
vt 0.566972 0.893237
vt 0.569945 0.894982
vt 0.565979 0.895422
vt 0.517613 0.895320
vt 0.509742 0.893785
vt 0.512685 0.891104
vt 0.544138 0.891352
vt 0.551977 0.891813
vt 0.546387 0.893563
vt 0.560268 0.890993
vt 0.561237 0.886657
vt 0.566365 0.890242
vt 0.543534 0.888868
vt 0.539530 0.884886
vt 0.545290 0.886798
vt 0.555494 0.889166
vt 0.561237 0.886657
vt 0.560268 0.890993
vt 0.561237 0.886657
vt 0.555494 0.889166
vt 0.553609 0.886110
vt 0.532881 0.878722
vt 0.539530 0.884886
vt 0.531906 0.884928
vt 0.560268 0.890993
vt 0.560148 0.893587
vt 0.551977 0.891813
vt 0.551977 0.891813
vt 0.555494 0.889166
vt 0.560268 0.890993
vt 0.563578 0.900558
vt 0.567192 0.902721
vt 0.561354 0.902789
vt 0.565979 0.895422
vt 0.560148 0.893587
vt 0.566972 0.893237
vt 0.560148 0.893587
vt 0.565979 0.895422
vt 0.559789 0.895897
vt 0.555106 0.894242
vt 0.560148 0.893587
vt 0.559789 0.895897
vt 0.946700 0.950034
vt 0.939045 0.969530
vt 0.932705 0.960068
vt 0.543534 0.888868
vt 0.537302 0.889482
vt 0.539530 0.884886
vt 0.563578 0.900558
vt 0.569090 0.900877
vt 0.567192 0.902721
vt 0.539530 0.884886
vt 0.537302 0.889482
vt 0.531906 0.884928
vt 0.930523 0.943370
vt 0.946700 0.950034
vt 0.932705 0.960068
vt 0.566896 0.898342
vt 0.558852 0.898524
vt 0.559789 0.895897
vt 0.317437 0.992624
vt 0.316416 0.994197
vt 0.314468 0.993322
vt 0.532881 0.878722
vt 0.532877 0.873402
vt 0.537731 0.873850
vt 0.566896 0.898342
vt 0.565979 0.895422
vt 0.572882 0.897073
vt 0.566896 0.898342
vt 0.559789 0.895897
vt 0.565979 0.895422
vt 0.575602 0.900631
vt 0.569090 0.900877
vt 0.566896 0.898342
vt 0.575602 0.900631
vt 0.566896 0.898342
vt 0.572882 0.897073
vt 0.596328 0.914339
vt 0.595665 0.911796
vt 0.599890 0.912341
vt 0.572882 0.897073
vt 0.565979 0.895422
vt 0.569945 0.894982
vt 0.582061 0.902247
vt 0.578257 0.903016
vt 0.575602 0.900631
vt 0.575602 0.900631
vt 0.584386 0.900397
vt 0.582061 0.902247
vt 0.554980 0.908374
vt 0.550724 0.906955
vt 0.555288 0.906475
vt 0.554980 0.908374
vt 0.555288 0.906475
vt 0.559905 0.907951
vt 0.453384 0.860851
vt 0.452494 0.867497
vt 0.445559 0.857556
vt 0.575602 0.900631
vt 0.579619 0.898652
vt 0.584386 0.900397
vt 0.584386 0.900397
vt 0.579619 0.898652
vt 0.585527 0.897957
vt 0.545290 0.886798
vt 0.549378 0.888753
vt 0.543534 0.888868
vt 0.551350 0.896093
vt 0.555106 0.894242
vt 0.559789 0.895897
vt 0.530289 0.889244
vt 0.531906 0.884928
vt 0.537302 0.889482
vt 0.539784 0.892865
vt 0.537302 0.889482
vt 0.544138 0.891352
vt 0.420624 0.887589
vt 0.420694 0.877356
vt 0.421563 0.881687
vt 0.421563 0.881687
vt 0.425466 0.885224
vt 0.420624 0.887589
vt 0.554801 0.902469
vt 0.551846 0.899544
vt 0.558286 0.900759
vt 0.524569 0.913513
vt 0.517931 0.915202
vt 0.516466 0.909168
vt 0.540853 0.895065
vt 0.539784 0.892865
vt 0.546387 0.893563
vt 0.235384 0.983301
vt 0.239898 0.983241
vt 0.240454 0.985203
vt 0.546387 0.893563
vt 0.539784 0.892865
vt 0.544138 0.891352
vt 0.535585 0.892749
vt 0.537302 0.889482
vt 0.539784 0.892865
vt 0.535585 0.892749
vt 0.540853 0.895065
vt 0.530358 0.894152
vt 0.259766 0.998047
vt 0.259766 0.998047
vt 0.259766 0.998047
vt 0.539784 0.892865
vt 0.537869 0.893811
vt 0.535585 0.892749
vt 0.540853 0.895065
vt 0.537869 0.893811
vt 0.539784 0.892865
vt 0.647803 0.938820
vt 0.642414 0.941536
vt 0.643694 0.935182
vt 0.573067 0.906500
vt 0.573124 0.909460
vt 0.567078 0.908750
vt 0.654451 0.922896
vt 0.660516 0.920429
vt 0.659095 0.931136
vt 0.548984 0.886069
vt 0.545419 0.883321
vt 0.550490 0.883146
vt 0.548021 0.878053
vt 0.550490 0.883146
vt 0.545419 0.883321
vt 0.581391 0.904839
vt 0.582061 0.902247
vt 0.588205 0.902489
vt 0.575599 0.911883
vt 0.582996 0.911380
vt 0.579405 0.914257
vt 0.588205 0.902489
vt 0.589872 0.904793
vt 0.581391 0.904839
vt 0.316416 0.994197
vt 0.317437 0.992624
vt 0.321425 0.993333
vt 0.597367 0.904850
vt 0.602278 0.902725
vt 0.604496 0.903824
vt 0.558286 0.900759
vt 0.563578 0.900558
vt 0.561354 0.902789
vt 0.619272 0.941413
vt 0.626352 0.943426
vt 0.618984 0.945029
vt 0.628859 0.923950
vt 0.630335 0.927420
vt 0.626805 0.926471
vt 0.663966 0.903750
vt 0.669282 0.904063
vt 0.667784 0.906717
vt 0.679519 0.928094
vt 0.674485 0.929257
vt 0.675363 0.925241
vt 0.652364 0.937954
vt 0.654800 0.940392
vt 0.648849 0.941718
vt 0.654624 0.914452
vt 0.660516 0.920429
vt 0.655090 0.918319
vt 0.495098 0.883132
vt 0.492512 0.878266
vt 0.497300 0.878765
vt 0.520192 0.847859
vt 0.518078 0.842082
vt 0.523228 0.842156
vt 0.641804 0.903789
vt 0.631089 0.905539
vt 0.632471 0.902579
vt 0.620655 0.938597
vt 0.621372 0.934296
vt 0.624590 0.939173
vt 0.575599 0.911883
vt 0.572385 0.913730
vt 0.568872 0.911582
vt 0.662038 0.900853
vt 0.656153 0.902339
vt 0.657206 0.899535
vt 0.681080 0.970536
vt 0.678822 0.972409
vt 0.674768 0.972037
vt 0.678822 0.972409
vt 0.681080 0.970536
vt 0.683602 0.971489
vt 0.632563 0.909607
vt 0.639809 0.907230
vt 0.640384 0.910514
vt 0.648923 0.905528
vt 0.657739 0.905731
vt 0.652276 0.909533
vt 0.641804 0.903789
vt 0.641284 0.900947
vt 0.646102 0.901769
vt 0.637435 0.972283
vt 0.633804 0.974168
vt 0.631363 0.973882
vt 0.633101 0.971718
vt 0.637435 0.972283
vt 0.631363 0.973882
vt 0.632563 0.909607
vt 0.624196 0.907587
vt 0.631089 0.905539
vt 0.621242 0.905040
vt 0.631089 0.905539
vt 0.624196 0.907587
vt 0.555106 0.894242
vt 0.551977 0.891813
vt 0.560148 0.893587
vt 0.671329 0.906362
vt 0.671636 0.908665
vt 0.667784 0.906717
vt 0.018442 0.984729
vt 0.017176 0.982412
vt 0.020260 0.983923
vt 0.649119 0.919529
vt 0.647393 0.913263
vt 0.652005 0.916484
vt 0.652005 0.916484
vt 0.652929 0.919018
vt 0.649119 0.919529
vt 0.597330 0.806176
vt 0.595974 0.804029
vt 0.600436 0.801827
vt 0.596426 0.800664
vt 0.600436 0.801827
vt 0.595974 0.804029
vt 0.686733 0.907143
vt 0.690829 0.907974
vt 0.688654 0.909864
vt 0.674810 0.907585
vt 0.671636 0.908665
vt 0.671329 0.906362
vt 0.540853 0.895065
vt 0.546387 0.893563
vt 0.551350 0.896093
vt 0.640384 0.910514
vt 0.639809 0.907230
vt 0.645452 0.908919
vt 0.643434 0.974241
vt 0.651781 0.974759
vt 0.644548 0.975891
vt 0.640384 0.910514
vt 0.645452 0.908919
vt 0.647393 0.913263
vt 0.551358 0.893921
vt 0.551977 0.891813
vt 0.555106 0.894242
vt 0.671743 0.921298
vt 0.666774 0.916980
vt 0.674517 0.916392
vt 0.667268 0.935265
vt 0.666600 0.928548
vt 0.671705 0.933400
vt 0.534866 0.865681
vt 0.538712 0.868437
vt 0.534869 0.870332
vt 0.538914 0.864321
vt 0.538712 0.868437
vt 0.534866 0.865681
vt 0.585104 0.836933
vt 0.587876 0.833843
vt 0.590137 0.836807
vt 0.624670 0.901081
vt 0.623536 0.903129
vt 0.614319 0.901581
vt 0.580144 0.804408
vt 0.578457 0.810153
vt 0.574948 0.806639
vt 0.574044 0.813000
vt 0.574948 0.806639
vt 0.578457 0.810153
vt 0.673880 0.909187
vt 0.675699 0.910943
vt 0.671636 0.908665
vt 0.100329 0.993486
vt 0.098132 0.993169
vt 0.100841 0.991918
vt 0.667784 0.906717
vt 0.671636 0.908665
vt 0.668362 0.910939
vt 0.589989 0.813840
vt 0.592302 0.818347
vt 0.588029 0.818493
vt 0.625857 0.899202
vt 0.633282 0.900411
vt 0.624670 0.901081
vt 0.632471 0.902579
vt 0.633282 0.900411
vt 0.641284 0.900947
vt 0.605705 0.918073
vt 0.606167 0.915577
vt 0.610432 0.918310
vt 0.618565 0.900019
vt 0.625857 0.899202
vt 0.624670 0.901081
vt 0.618565 0.900019
vt 0.624670 0.901081
vt 0.614319 0.901581
vt 0.614319 0.901581
vt 0.612171 0.899165
vt 0.618565 0.900019
vt 0.572147 0.855142
vt 0.565379 0.856497
vt 0.567336 0.850706
vt 0.632471 0.902579
vt 0.624670 0.901081
vt 0.633282 0.900411
vt 0.659979 0.902761
vt 0.663966 0.903750
vt 0.657739 0.905731
vt 0.608355 0.788719
vt 0.610418 0.795056
vt 0.605974 0.793126
vt 0.602638 0.796481
vt 0.605974 0.793126
vt 0.606000 0.798347
vt 0.602976 0.787021
vt 0.608355 0.788719
vt 0.605974 0.793126
vt 0.678319 0.932489
vt 0.674485 0.929257
vt 0.679519 0.928094
vt 0.667784 0.906717
vt 0.669282 0.904063
vt 0.671329 0.906362
vt 0.673796 0.904495
vt 0.677808 0.905368
vt 0.674810 0.907585
vt 0.673796 0.904495
vt 0.674810 0.907585
vt 0.671329 0.906362
vt 0.671329 0.906362
vt 0.669282 0.904063
vt 0.673796 0.904495
vt 0.668362 0.910939
vt 0.663332 0.907475
vt 0.667784 0.906717
vt 0.667784 0.906717
vt 0.663332 0.907475
vt 0.663966 0.903750
vt 0.663966 0.903750
vt 0.663332 0.907475
vt 0.657739 0.905731
vt 0.666774 0.916980
vt 0.671743 0.921298
vt 0.667142 0.922377
vt 0.633101 0.971718
vt 0.631363 0.973882
vt 0.628006 0.973508
vt 0.666774 0.916980
vt 0.660333 0.911657
vt 0.668362 0.910939
vt 0.660333 0.911657
vt 0.660516 0.920429
vt 0.654624 0.914452
vt 0.660516 0.920429
vt 0.660333 0.911657
vt 0.666774 0.916980
vt 0.660333 0.911657
vt 0.657739 0.905731
vt 0.663332 0.907475
vt 0.660333 0.911657
vt 0.654624 0.914452
vt 0.652276 0.909533
vt 0.657739 0.905731
vt 0.660333 0.911657
vt 0.652276 0.909533
vt 0.660333 0.911657
vt 0.663332 0.907475
vt 0.668362 0.910939
vt 0.648923 0.905528
vt 0.639809 0.907230
vt 0.641804 0.903789
vt 0.648923 0.905528
vt 0.645452 0.908919
vt 0.639809 0.907230
vt 0.657739 0.905731
vt 0.648923 0.905528
vt 0.656153 0.902339
vt 0.641804 0.903789
vt 0.650155 0.901975
vt 0.648923 0.905528
vt 0.646102 0.901769
vt 0.650155 0.901975
vt 0.641804 0.903789
vt 0.656153 0.902339
vt 0.648923 0.905528
vt 0.650155 0.901975
vt 0.565440 0.840313
vt 0.568395 0.835619
vt 0.570982 0.839105
vt 0.568765 0.841981
vt 0.565440 0.840313
vt 0.570982 0.839105
vt 0.567336 0.850706
vt 0.561770 0.848622
vt 0.565803 0.845161
vt 0.502082 0.820885
vt 0.505050 0.817615
vt 0.507061 0.821506
vt 0.565803 0.845161
vt 0.561770 0.848622
vt 0.558447 0.845251
vt 0.565803 0.845161
vt 0.558447 0.845251
vt 0.560622 0.842459
vt 0.614319 0.901581
vt 0.616638 0.903440
vt 0.610473 0.903377
vt 0.580013 0.845080
vt 0.578288 0.840849
vt 0.581782 0.840213
vt 0.584765 0.848148
vt 0.580013 0.845080
vt 0.586948 0.842477
vt 0.584765 0.848148
vt 0.579604 0.850984
vt 0.580013 0.845080
vt 0.559789 0.895897
vt 0.558852 0.898524
vt 0.551350 0.896093
vt 0.603951 0.830206
vt 0.606861 0.832225
vt 0.602084 0.834583
vt 0.548482 0.846302
vt 0.546017 0.851495
vt 0.541820 0.847621
vt 0.551358 0.893921
vt 0.546387 0.893563
vt 0.551977 0.891813
vt 0.548021 0.878053
vt 0.545419 0.883321
vt 0.541218 0.878765
vt 0.605068 0.837448
vt 0.602084 0.834583
vt 0.606861 0.832225
vt 0.584765 0.848148
vt 0.590116 0.847653
vt 0.587652 0.852093
vt 0.583689 0.852423
vt 0.584765 0.848148
vt 0.587652 0.852093
vt 0.556776 0.834722
vt 0.552147 0.829840
vt 0.559215 0.829498
vt 0.566896 0.898342
vt 0.563578 0.900558
vt 0.558852 0.898524
vt 0.422899 0.865770
vt 0.420694 0.877356
vt 0.419435 0.865433
vt 0.598321 0.898748
vt 0.603655 0.900641
vt 0.593235 0.900249
vt 0.524951 0.861948
vt 0.528954 0.858418
vt 0.529935 0.864356
vt 0.596406 0.902519
vt 0.593235 0.900249
vt 0.603655 0.900641
vt 0.558447 0.845251
vt 0.553008 0.844375
vt 0.554029 0.840675
vt 0.537291 0.861755
vt 0.537936 0.856862
vt 0.540759 0.860715
vt 0.501171 0.874914
vt 0.495651 0.873764
vt 0.499807 0.869258
vt 0.537291 0.861755
vt 0.533643 0.860657
vt 0.537936 0.856862
vt 0.572147 0.855142
vt 0.567336 0.850706
vt 0.574408 0.849348
vt 0.574408 0.849348
vt 0.567336 0.850706
vt 0.570905 0.846563
vt 0.574408 0.849348
vt 0.570905 0.846563
vt 0.575054 0.843999
vt 0.618828 0.839730
vt 0.615782 0.843934
vt 0.614107 0.840074
vt 0.610432 0.918310
vt 0.605721 0.920033
vt 0.605705 0.918073
vt 0.632471 0.902579
vt 0.623536 0.903129
vt 0.624670 0.901081
vt 0.568465 0.826645
vt 0.565223 0.828249
vt 0.566569 0.823701
vt 0.552343 0.863365
vt 0.553300 0.871435
vt 0.547627 0.867237
vt 0.603655 0.900641
vt 0.607373 0.902300
vt 0.602278 0.902725
vt 0.579604 0.850984
vt 0.583689 0.852423
vt 0.580979 0.855880
vt 0.579604 0.850984
vt 0.584765 0.848148
vt 0.583689 0.852423
vt 0.559574 0.866040
vt 0.553300 0.871435
vt 0.552343 0.863365
vt 0.546958 0.872308
vt 0.548021 0.878053
vt 0.543959 0.875001
vt 0.556048 0.880675
vt 0.548021 0.878053
vt 0.553300 0.871435
vt 0.548021 0.878053
vt 0.546958 0.872308
vt 0.553300 0.871435
vt 0.553300 0.871435
vt 0.546958 0.872308
vt 0.547627 0.867237
vt 0.550490 0.883146
vt 0.548021 0.878053
vt 0.556048 0.880675
vt 0.537731 0.873850
vt 0.541199 0.875030
vt 0.541218 0.878765
vt 0.541218 0.878765
vt 0.532881 0.878722
vt 0.537731 0.873850
vt 0.570982 0.839105
vt 0.568395 0.835619
vt 0.574337 0.833780
vt 0.529935 0.864356
vt 0.525772 0.868051
vt 0.524951 0.861948
vt 0.524951 0.861948
vt 0.525772 0.868051
vt 0.521504 0.864840
vt 0.575870 0.852657
vt 0.574408 0.849348
vt 0.579604 0.850984
vt 0.559574 0.866040
vt 0.557933 0.858131
vt 0.563854 0.861770
vt 0.552343 0.863365
vt 0.557933 0.858131
vt 0.559574 0.866040
vt 0.541093 0.834813
vt 0.547500 0.837707
vt 0.541602 0.841426
vt 0.548643 0.841646
vt 0.541602 0.841426
vt 0.547500 0.837707
vt 0.542902 0.864693
vt 0.544562 0.860133
vt 0.547301 0.862096
vt 0.537291 0.861755
vt 0.540759 0.860715
vt 0.538914 0.864321
vt 0.579604 0.850984
vt 0.580979 0.855880
vt 0.576928 0.855908
vt 0.604496 0.903824
vt 0.607373 0.902300
vt 0.610473 0.903377
vt 0.588205 0.902489
vt 0.593235 0.900249
vt 0.596406 0.902519
vt 0.596406 0.902519
vt 0.589872 0.904793
vt 0.588205 0.902489
vt 0.614319 0.901581
vt 0.607373 0.902300
vt 0.603655 0.900641
vt 0.504280 0.885576
vt 0.510049 0.886430
vt 0.506645 0.889684
vt 0.575870 0.852657
vt 0.576928 0.855908
vt 0.572147 0.855142
vt 0.575870 0.852657
vt 0.579604 0.850984
vt 0.576928 0.855908
vt 0.569431 0.861018
vt 0.565379 0.856497
vt 0.572147 0.855142
vt 0.563854 0.861770
vt 0.565379 0.856497
vt 0.569431 0.861018
vt 0.557933 0.858131
vt 0.560424 0.852495
vt 0.565379 0.856497
vt 0.533643 0.860657
vt 0.537291 0.861755
vt 0.534866 0.865681
vt 0.596328 0.914339
vt 0.599890 0.912341
vt 0.602374 0.913491
vt 0.541218 0.878765
vt 0.541199 0.875030
vt 0.543959 0.875001
vt 0.541218 0.878765
vt 0.543959 0.875001
vt 0.548021 0.878053
vt 0.524951 0.861948
vt 0.524052 0.854055
vt 0.528954 0.858418
vt 0.538914 0.864321
vt 0.540759 0.860715
vt 0.542902 0.864693
vt 0.553008 0.844375
vt 0.558447 0.845251
vt 0.556029 0.848210
vt 0.544562 0.860133
vt 0.540759 0.860715
vt 0.543137 0.856247
vt 0.533643 0.860657
vt 0.533299 0.855297
vt 0.537936 0.856862
vt 0.537210 0.851292
vt 0.541083 0.852491
vt 0.537936 0.856862
vt 0.548643 0.841646
vt 0.553008 0.844375
vt 0.548482 0.846302
vt 0.554029 0.840675
vt 0.553008 0.844375
vt 0.548643 0.841646
vt 0.565379 0.856497
vt 0.563854 0.861770
vt 0.557933 0.858131
vt 0.547627 0.867237
vt 0.542902 0.864693
vt 0.547301 0.862096
vt 0.543137 0.856247
vt 0.540759 0.860715
vt 0.537936 0.856862
vt 0.543137 0.856247
vt 0.537936 0.856862
vt 0.541083 0.852491
vt 0.547627 0.867237
vt 0.547301 0.862096
vt 0.552343 0.863365
vt 0.541199 0.875030
vt 0.542660 0.870832
vt 0.543959 0.875001
vt 0.542660 0.870832
vt 0.546958 0.872308
vt 0.543959 0.875001
vt 0.527273 0.838454
vt 0.526799 0.842789
vt 0.523228 0.842156
vt 0.524821 0.846885
vt 0.523228 0.842156
vt 0.526799 0.842789
vt 0.537291 0.861755
vt 0.538914 0.864321
vt 0.534866 0.865681
vt 0.527666 0.881011
vt 0.526922 0.877504
vt 0.532881 0.878722
vt 0.532881 0.878722
vt 0.531906 0.884928
vt 0.527666 0.881011
vt 0.531040 0.869462
vt 0.529935 0.864356
vt 0.534866 0.865681
vt 0.542902 0.864693
vt 0.542660 0.870832
vt 0.538712 0.868437
vt 0.538712 0.868437
vt 0.538914 0.864321
vt 0.542902 0.864693
vt 0.547627 0.867237
vt 0.546958 0.872308
vt 0.542660 0.870832
vt 0.547627 0.867237
vt 0.542660 0.870832
vt 0.542902 0.864693
vt 0.541199 0.875030
vt 0.537731 0.873850
vt 0.542660 0.870832
vt 0.538712 0.868437
vt 0.542660 0.870832
vt 0.537731 0.873850
vt 0.533299 0.855297
vt 0.537210 0.851292
vt 0.537936 0.856862
vt 0.528423 0.846066
vt 0.524821 0.846885
vt 0.526799 0.842789
vt 0.527273 0.838454
vt 0.523228 0.842156
vt 0.522287 0.837329
vt 0.527651 0.833214
vt 0.527273 0.838454
vt 0.522287 0.837329
vt 0.549116 0.857390
vt 0.557933 0.858131
vt 0.552343 0.863365
vt 0.547301 0.862096
vt 0.549116 0.857390
vt 0.552343 0.863365
vt 0.549116 0.857390
vt 0.544562 0.860133
vt 0.543137 0.856247
vt 0.544562 0.860133
vt 0.549116 0.857390
vt 0.547301 0.862096
vt 0.592738 0.852409
vt 0.592789 0.858138
vt 0.588782 0.857346
vt 0.546017 0.851495
vt 0.543137 0.856247
vt 0.541083 0.852491
vt 0.532241 0.846060
vt 0.531044 0.841390
vt 0.535327 0.842418
vt 0.521208 0.832340
vt 0.527651 0.833214
vt 0.522287 0.837329
vt 0.633804 0.974168
vt 0.636682 0.974610
vt 0.629989 0.976271
vt 0.554029 0.840675
vt 0.548643 0.841646
vt 0.547500 0.837707
vt 0.547500 0.837707
vt 0.552223 0.836833
vt 0.554029 0.840675
vt 0.536763 0.846294
vt 0.532241 0.846060
vt 0.535327 0.842418
vt 0.437031 0.877799
vt 0.445454 0.885048
vt 0.434240 0.891188
vt 0.532865 0.822056
vt 0.529042 0.818966
vt 0.531385 0.816474
vt 0.483663 0.887916
vt 0.485806 0.890649
vt 0.481011 0.888660
vt 0.604014 0.859476
vt 0.604594 0.855018
vt 0.608035 0.857278
vt 0.529120 0.853171
vt 0.527045 0.850052
vt 0.529769 0.849299
vt 0.691623 0.980843
vt 0.699630 0.980359
vt 0.697997 0.976419
vt 0.541820 0.847621
vt 0.541083 0.852491
vt 0.537210 0.851292
vt 0.541083 0.852491
vt 0.541820 0.847621
vt 0.546017 0.851495
vt 0.536224 0.838848
vt 0.535327 0.842418
vt 0.531044 0.841390
vt 0.552147 0.829840
vt 0.548801 0.833817
vt 0.544528 0.830076
vt 0.531044 0.841390
vt 0.532958 0.835802
vt 0.536224 0.838848
vt 0.548482 0.846302
vt 0.552966 0.851963
vt 0.546017 0.851495
vt 0.552966 0.851963
vt 0.548482 0.846302
vt 0.556029 0.848210
vt 0.513795 0.898700
vt 0.510695 0.903683
vt 0.503528 0.898355
vt 0.527273 0.838454
vt 0.527651 0.833214
vt 0.532958 0.835802
vt 0.529120 0.853171
vt 0.529769 0.849299
vt 0.532950 0.850281
vt 0.513179 0.874120
vt 0.507457 0.870343
vt 0.514531 0.869015
vt 0.507457 0.870343
vt 0.513179 0.874120
vt 0.509348 0.877532
vt 0.524052 0.854055
vt 0.527045 0.850052
vt 0.529120 0.853171
vt 0.524052 0.854055
vt 0.529120 0.853171
vt 0.528954 0.858418
vt 0.433654 0.862984
vt 0.438857 0.868818
vt 0.432563 0.871116
vt 0.058984 0.556760
vt 0.057677 0.561078
vt 0.061733 0.554103
vt 0.528954 0.858418
vt 0.529120 0.853171
vt 0.533299 0.855297
vt 0.541602 0.841426
vt 0.536763 0.846294
vt 0.535327 0.842418
vt 0.529935 0.864356
vt 0.528954 0.858418
vt 0.533643 0.860657
vt 0.531044 0.841390
vt 0.526799 0.842789
vt 0.527273 0.838454
vt 0.628550 0.932866
vt 0.624590 0.939173
vt 0.621372 0.934296
vt 0.674875 0.829986
vt 0.673745 0.828121
vt 0.676210 0.826828
vt 0.537210 0.851292
vt 0.536763 0.846294
vt 0.541820 0.847621
vt 0.532950 0.850281
vt 0.532241 0.846060
vt 0.536763 0.846294
vt 0.532950 0.850281
vt 0.529769 0.849299
vt 0.532241 0.846060
vt 0.536763 0.846294
vt 0.537210 0.851292
vt 0.532950 0.850281
vt 0.532950 0.850281
vt 0.537210 0.851292
vt 0.533299 0.855297
vt 0.529769 0.849299
vt 0.528423 0.846066
vt 0.532241 0.846060
vt 0.531044 0.841390
vt 0.528423 0.846066
vt 0.526799 0.842789
vt 0.532241 0.846060
vt 0.528423 0.846066
vt 0.531044 0.841390
vt 0.517722 0.872707
vt 0.514531 0.869015
vt 0.520396 0.869149
vt 0.513179 0.874120
vt 0.517722 0.872707
vt 0.516454 0.875962
vt 0.703265 0.982187
vt 0.699630 0.980359
vt 0.691623 0.980843
vt 0.259766 0.998047
vt 0.259766 0.998047
vt 0.259766 0.998047
vt 0.712263 0.981777
vt 0.707286 0.980023
vt 0.703265 0.982187
vt 0.697997 0.976419
vt 0.699630 0.980359
vt 0.702885 0.979082
vt 0.702885 0.979082
vt 0.699630 0.980359
vt 0.703265 0.982187
vt 0.707286 0.980023
vt 0.702885 0.979082
vt 0.703265 0.982187
vt 0.445558 0.870695
vt 0.445454 0.885048
vt 0.437031 0.877799
vt 0.510049 0.886430
vt 0.513753 0.884219
vt 0.516641 0.888404
vt 0.667892 0.976873
vt 0.673661 0.974876
vt 0.670411 0.977871
vt 0.670411 0.977871
vt 0.673661 0.974876
vt 0.676196 0.976051
vt 0.437973 0.849132
vt 0.438088 0.854339
vt 0.430008 0.857043
vt 0.529166 0.905694
vt 0.520892 0.904446
vt 0.530969 0.900741
vt 0.648950 0.826360
vt 0.651563 0.826223
vt 0.649116 0.830360
vt 0.663011 0.810942
vt 0.668161 0.814482
vt 0.663935 0.815623
vt 0.518829 0.883288
vt 0.514092 0.879555
vt 0.518093 0.878653
vt 0.524052 0.854055
vt 0.524821 0.846885
vt 0.527045 0.850052
vt 0.516454 0.875962
vt 0.514092 0.879555
vt 0.513179 0.874120
vt 0.520192 0.847859
vt 0.524821 0.846885
vt 0.524052 0.854055
vt 0.524821 0.846885
vt 0.528423 0.846066
vt 0.527045 0.850052
vt 0.445559 0.857556
vt 0.437993 0.858239
vt 0.438088 0.854339
vt 0.445559 0.857556
vt 0.452494 0.867497
vt 0.445558 0.870695
vt 0.519659 0.859721
vt 0.518698 0.854231
vt 0.524052 0.854055
vt 0.608782 0.911885
vt 0.616644 0.912919
vt 0.612121 0.914762
vt 0.480091 0.836513
vt 0.476094 0.841093
vt 0.473345 0.837489
vt 0.673661 0.974876
vt 0.678822 0.972409
vt 0.680906 0.973628
vt 0.456053 0.865660
vt 0.452494 0.867497
vt 0.453384 0.860851
vt 0.522062 0.891832
vt 0.518121 0.892472
vt 0.516641 0.888404
vt 0.516641 0.888404
vt 0.518121 0.892472
vt 0.512685 0.891104
vt 0.518698 0.854231
vt 0.520192 0.847859
vt 0.524052 0.854055
vt 0.697409 0.972182
vt 0.690529 0.970436
vt 0.697997 0.976419
vt 0.425466 0.885224
vt 0.425762 0.876893
vt 0.430339 0.879982
vt 0.457782 0.871709
vt 0.455097 0.880595
vt 0.452244 0.876053
vt 0.452494 0.867497
vt 0.452244 0.876053
vt 0.445558 0.870695
vt 0.452494 0.867497
vt 0.457782 0.871709
vt 0.452244 0.876053
vt 0.445559 0.857556
vt 0.441056 0.863201
vt 0.437993 0.858239
vt 0.515853 0.851542
vt 0.520192 0.847859
vt 0.518698 0.854231
vt 0.707286 0.980023
vt 0.703261 0.972839
vt 0.702885 0.979082
vt 0.697409 0.972182
vt 0.697997 0.976419
vt 0.703261 0.972839
vt 0.702885 0.979082
vt 0.703261 0.972839
vt 0.697997 0.976419
vt 0.721654 0.980337
vt 0.720326 0.975487
vt 0.717117 0.980444
vt 0.504420 0.834523
vt 0.507345 0.838320
vt 0.502051 0.838987
vt 0.549217 0.904735
vt 0.550724 0.906955
vt 0.546438 0.905271
vt 0.525327 0.884357
vt 0.527666 0.881011
vt 0.531906 0.884928
vt 0.516904 0.864361
vt 0.519659 0.859721
vt 0.521504 0.864840
vt 0.535585 0.892749
vt 0.530358 0.894152
vt 0.530289 0.889244
vt 0.530358 0.894152
vt 0.523564 0.888764
vt 0.530289 0.889244
vt 0.514092 0.879555
vt 0.510638 0.882129
vt 0.509348 0.877532
vt 0.509348 0.877532
vt 0.513179 0.874120
vt 0.514092 0.879555
vt 0.521504 0.864840
vt 0.525772 0.868051
vt 0.520396 0.869149
vt 0.526922 0.877504
vt 0.527666 0.881011
vt 0.522628 0.879317
vt 0.534869 0.870332
vt 0.531040 0.869462
vt 0.534866 0.865681
vt 0.525327 0.884357
vt 0.518829 0.883288
vt 0.522628 0.879317
vt 0.522628 0.879317
vt 0.518829 0.883288
vt 0.518093 0.878653
vt 0.532877 0.873402
vt 0.534869 0.870332
vt 0.537731 0.873850
vt 0.537731 0.873850
vt 0.534869 0.870332
vt 0.538712 0.868437
vt 0.579253 0.909674
vt 0.584391 0.909279
vt 0.582996 0.911380
vt 0.520396 0.869149
vt 0.514531 0.869015
vt 0.516904 0.864361
vt 0.521504 0.864840
vt 0.520396 0.869149
vt 0.516904 0.864361
vt 0.531906 0.884928
vt 0.530289 0.889244
vt 0.525327 0.884357
vt 0.521443 0.872753
vt 0.517722 0.872707
vt 0.520396 0.869149
vt 0.520004 0.875571
vt 0.517722 0.872707
vt 0.521443 0.872753
vt 0.456053 0.865660
vt 0.457782 0.871709
vt 0.452494 0.867497
vt 0.518829 0.883288
vt 0.523564 0.888764
vt 0.516641 0.888404
vt 0.525772 0.868051
vt 0.531040 0.869462
vt 0.528214 0.873590
vt 0.541218 0.878765
vt 0.539530 0.884886
vt 0.532881 0.878722
vt 0.523564 0.888764
vt 0.518829 0.883288
vt 0.525327 0.884357
vt 0.522628 0.879317
vt 0.520004 0.875571
vt 0.523809 0.875017
vt 0.323061 0.977962
vt 0.328665 0.983695
vt 0.334278 0.980668
vt 0.531040 0.869462
vt 0.525772 0.868051
vt 0.529935 0.864356
vt 0.532881 0.878722
vt 0.526922 0.877504
vt 0.528214 0.873590
vt 0.523809 0.875017
vt 0.524203 0.871783
vt 0.528214 0.873590
vt 0.532881 0.878722
vt 0.528214 0.873590
vt 0.532877 0.873402
vt 0.531040 0.869462
vt 0.534869 0.870332
vt 0.532877 0.873402
vt 0.532877 0.873402
vt 0.528214 0.873590
vt 0.531040 0.869462
vt 0.443004 0.993359
vt 0.440655 0.991447
vt 0.442906 0.990338
vt 0.520004 0.875571
vt 0.521443 0.872753
vt 0.523809 0.875017
vt 0.525772 0.868051
vt 0.528214 0.873590
vt 0.524203 0.871783
vt 0.524203 0.871783
vt 0.521443 0.872753
vt 0.520396 0.869149
vt 0.525772 0.868051
vt 0.524203 0.871783
vt 0.520396 0.869149
vt 0.674710 0.838731
vt 0.668792 0.837914
vt 0.671189 0.834875
vt 0.437301 0.982128
vt 0.430009 0.980662
vt 0.428940 0.976228
vt 0.437031 0.877799
vt 0.430339 0.879982
vt 0.431983 0.875959
vt 0.838016 0.992102
vt 0.834259 0.993054
vt 0.833369 0.994785
vt 0.425762 0.876893
vt 0.431983 0.875959
vt 0.430339 0.879982
vt 0.556776 0.834722
vt 0.559215 0.829498
vt 0.564065 0.832839
vt 0.425570 0.861697
vt 0.427990 0.861070
vt 0.426247 0.867439
vt 0.420694 0.877356
vt 0.426247 0.867439
vt 0.425762 0.876893
vt 0.420694 0.877356
vt 0.425762 0.876893
vt 0.421509 0.878810
vt 0.420694 0.877356
vt 0.422899 0.865770
vt 0.426247 0.867439
vt 0.425570 0.861697
vt 0.426247 0.867439
vt 0.422899 0.865770
vt 0.431097 0.884636
vt 0.437031 0.877799
vt 0.434240 0.891188
vt 0.431097 0.884636
vt 0.434240 0.891188
vt 0.428585 0.888922
vt 0.445454 0.885048
vt 0.451579 0.883069
vt 0.452744 0.891589
vt 0.437973 0.849132
vt 0.432468 0.839314
vt 0.443761 0.841659
vt 0.430008 0.857043
vt 0.419435 0.865433
vt 0.432468 0.839314
vt 0.432468 0.839314
vt 0.437973 0.849132
vt 0.430008 0.857043
vt 0.422899 0.865770
vt 0.419435 0.865433
vt 0.430008 0.857043
vt 0.432468 0.839314
vt 0.419435 0.865433
vt 0.434068 0.816945
vt 0.873989 0.978022
vt 0.909423 0.982886
vt 0.881938 0.977738
vt 0.430339 0.879982
vt 0.431097 0.884636
vt 0.425466 0.885224
vt 0.625840 0.853506
vt 0.631185 0.854252
vt 0.625668 0.858049
vt 0.437031 0.877799
vt 0.432563 0.871116
vt 0.438857 0.868818
vt 0.431983 0.875959
vt 0.432563 0.871116
vt 0.437031 0.877799
vt 0.431983 0.875959
vt 0.425762 0.876893
vt 0.432563 0.871116
vt 0.433654 0.862984
vt 0.427990 0.861070
vt 0.430008 0.857043
vt 0.430008 0.857043
vt 0.437993 0.858239
vt 0.433654 0.862984
vt 0.523564 0.888764
vt 0.522062 0.891832
vt 0.516641 0.888404
vt 0.441056 0.863201
vt 0.438857 0.868818
vt 0.433654 0.862984
vt 0.426247 0.867439
vt 0.427990 0.861070
vt 0.433654 0.862984
vt 0.433654 0.862984
vt 0.437993 0.858239
vt 0.441056 0.863201
vt 0.430008 0.857043
vt 0.438088 0.854339
vt 0.437993 0.858239
vt 0.425762 0.876893
vt 0.426247 0.867439
vt 0.432563 0.871116
vt 0.437031 0.877799
vt 0.431097 0.884636
vt 0.430339 0.879982
vt 0.432563 0.871116
vt 0.426247 0.867439
vt 0.433654 0.862984
vt 0.681217 0.842351
vt 0.674710 0.838731
vt 0.681424 0.837258
vt 0.628881 0.839413
vt 0.624180 0.840042
vt 0.628830 0.835545
vt 0.552966 0.851963
vt 0.549116 0.857390
vt 0.546017 0.851495
vt 0.623450 0.826242
vt 0.620680 0.823650
vt 0.625703 0.819155
vt 0.709640 0.839676
vt 0.714862 0.840803
vt 0.712193 0.844747
vt 0.445454 0.885048
vt 0.452744 0.891589
vt 0.439613 0.904970
vt 0.878830 0.958710
vt 0.889712 0.966227
vt 0.896758 0.957394
vt 0.452744 0.891589
vt 0.452831 0.917107
vt 0.439613 0.904970
vt 0.496054 0.888617
vt 0.496217 0.894556
vt 0.490877 0.891334
vt 0.703261 0.972839
vt 0.696959 0.969427
vt 0.697409 0.972182
vt 0.487185 0.849887
vt 0.486677 0.855259
vt 0.482264 0.853267
vt 0.479707 0.818052
vt 0.478671 0.814767
vt 0.483414 0.816471
vt 0.455097 0.880595
vt 0.459529 0.881939
vt 0.452744 0.891589
vt 0.455097 0.880595
vt 0.452744 0.891589
vt 0.451579 0.883069
vt 0.455097 0.880595
vt 0.451579 0.883069
vt 0.452244 0.876053
vt 0.558852 0.898524
vt 0.563578 0.900558
vt 0.558286 0.900759
vt 0.489933 0.883034
vt 0.495098 0.883132
vt 0.492849 0.885763
vt 0.577497 0.814755
vt 0.578457 0.810153
vt 0.581661 0.813133
vt 0.578457 0.810153
vt 0.577497 0.814755
vt 0.574044 0.813000
vt 0.452744 0.891589
vt 0.464664 0.892050
vt 0.452831 0.917107
vt 0.464664 0.892050
vt 0.452744 0.891589
vt 0.459529 0.881939
vt 0.259766 0.998047
vt 0.259766 0.998047
vt 0.259766 0.998047
vt 0.470455 0.884527
vt 0.475879 0.893361
vt 0.464664 0.892050
vt 0.475879 0.893361
vt 0.470455 0.884527
vt 0.474406 0.886261
vt 0.029233 0.994118
vt 0.030499 0.992564
vt 0.033137 0.993671
vt 0.490877 0.891334
vt 0.496217 0.894556
vt 0.489372 0.895391
vt 0.485806 0.890649
vt 0.482272 0.892813
vt 0.481011 0.888660
vt 0.546195 0.902279
vt 0.546382 0.899572
vt 0.551846 0.899544
vt 0.464051 0.863740
vt 0.464302 0.857478
vt 0.468169 0.863484
vt 0.482272 0.892813
vt 0.477771 0.889231
vt 0.481011 0.888660
vt 0.466216 0.881176
vt 0.469259 0.875693
vt 0.470455 0.884527
vt 0.640128 0.918570
vt 0.643923 0.916357
vt 0.644663 0.920033
vt 0.644663 0.920033
vt 0.642397 0.922220
vt 0.640128 0.918570
vt 0.483663 0.887916
vt 0.486516 0.886700
vt 0.485806 0.890649
vt 0.475879 0.893361
vt 0.477771 0.889231
vt 0.482272 0.892813
vt 0.470455 0.884527
vt 0.473618 0.880284
vt 0.474406 0.886261
vt 0.485806 0.890649
vt 0.490877 0.891334
vt 0.489372 0.895391
vt 0.485360 0.898522
vt 0.482272 0.892813
vt 0.489372 0.895391
vt 0.870757 0.991520
vt 0.874407 0.995060
vt 0.872347 0.993778
vt 0.485360 0.898522
vt 0.489372 0.895391
vt 0.490215 0.898201
vt 0.482272 0.892813
vt 0.485806 0.890649
vt 0.489372 0.895391
vt 0.516466 0.909168
vt 0.506470 0.913271
vt 0.507696 0.907324
vt 0.485267 0.881652
vt 0.489933 0.883034
vt 0.486516 0.886700
vt 0.547352 0.935876
vt 0.543877 0.939504
vt 0.541596 0.935470
vt 0.516466 0.909168
vt 0.510695 0.903683
vt 0.520892 0.904446
vt 0.490803 0.887675
vt 0.496054 0.888617
vt 0.490877 0.891334
vt 0.474406 0.886261
vt 0.473618 0.880284
vt 0.477645 0.884053
vt 0.477645 0.884053
vt 0.477771 0.889231
vt 0.474406 0.886261
vt 0.464664 0.892050
vt 0.459529 0.881939
vt 0.463633 0.881686
vt 0.628859 0.923950
vt 0.630737 0.921030
vt 0.632517 0.924860
vt 0.628859 0.923950
vt 0.632517 0.924860
vt 0.630335 0.927420
vt 0.486677 0.855259
vt 0.487749 0.860859
vt 0.481880 0.859506
vt 0.483663 0.887916
vt 0.482412 0.885021
vt 0.486516 0.886700
vt 0.487855 0.877941
vt 0.489933 0.883034
vt 0.485267 0.881652
vt 0.483560 0.876962
vt 0.487855 0.877941
vt 0.485267 0.881652
vt 0.477771 0.889231
vt 0.477645 0.884053
vt 0.481011 0.888660
vt 0.481011 0.888660
vt 0.477645 0.884053
vt 0.482412 0.885021
vt 0.480981 0.880420
vt 0.482412 0.885021
vt 0.477645 0.884053
vt 0.477645 0.884053
vt 0.477221 0.878821
vt 0.480981 0.880420
vt 0.483526 0.820884
vt 0.483414 0.816471
vt 0.487077 0.818835
vt 0.478671 0.814767
vt 0.479707 0.818052
vt 0.476161 0.819559
vt 0.461686 0.839223
vt 0.459987 0.848779
vt 0.452874 0.837862
vt 0.490803 0.887675
vt 0.486516 0.886700
vt 0.489933 0.883034
vt 0.488327 0.889342
vt 0.485806 0.890649
vt 0.486516 0.886700
vt 0.490803 0.887675
vt 0.488327 0.889342
vt 0.486516 0.886700
vt 0.490877 0.891334
vt 0.488327 0.889342
vt 0.490803 0.887675
vt 0.596328 0.914339
vt 0.589144 0.914996
vt 0.595665 0.911796
vt 0.587017 0.913212
vt 0.595665 0.911796
vt 0.589144 0.914996
vt 0.487185 0.849887
vt 0.482264 0.853267
vt 0.482281 0.847368
vt 0.513753 0.884219
vt 0.510049 0.886430
vt 0.510638 0.882129
vt 0.575054 0.843999
vt 0.571206 0.842890
vt 0.575267 0.839331
vt 0.697409 0.972182
vt 0.696959 0.969427
vt 0.690529 0.970436
vt 0.468169 0.863484
vt 0.464302 0.857478
vt 0.468841 0.857489
vt 0.468169 0.863484
vt 0.468841 0.857489
vt 0.470566 0.861547
vt 0.477221 0.878821
vt 0.477645 0.884053
vt 0.473618 0.880284
vt 0.463633 0.881686
vt 0.466216 0.881176
vt 0.464664 0.892050
vt 0.482412 0.885021
vt 0.483663 0.887916
vt 0.481011 0.888660
vt 0.466584 0.869224
vt 0.464051 0.863740
vt 0.468169 0.863484
vt 0.466216 0.881176
vt 0.470455 0.884527
vt 0.464664 0.892050
vt 0.530358 0.894152
vt 0.522062 0.891832
vt 0.523564 0.888764
vt 0.587017 0.913212
vt 0.589144 0.914996
vt 0.584098 0.915128
vt 0.517613 0.895320
vt 0.512685 0.891104
vt 0.518121 0.892472
vt 0.501878 0.888469
vt 0.499514 0.884930
vt 0.504280 0.885576
vt 0.489933 0.883034
vt 0.492849 0.885763
vt 0.490803 0.887675
vt 0.496054 0.888617
vt 0.490803 0.887675
vt 0.492849 0.885763
vt 0.678822 0.972409
vt 0.673661 0.974876
vt 0.674768 0.972037
vt 0.509742 0.893785
vt 0.506645 0.889684
vt 0.512685 0.891104
vt 0.670411 0.977871
vt 0.675318 0.978428
vt 0.667555 0.980425
vt 0.505194 0.877130
vt 0.501775 0.880800
vt 0.501171 0.874914
vt 0.501878 0.888469
vt 0.504280 0.885576
vt 0.506645 0.889684
vt 0.540023 0.898406
vt 0.530358 0.894152
vt 0.540853 0.895065
vt 0.507457 0.870343
vt 0.508478 0.862562
vt 0.511939 0.864884
vt 0.511939 0.864884
vt 0.514531 0.869015
vt 0.507457 0.870343
vt 0.637442 0.923502
vt 0.634457 0.929150
vt 0.632517 0.924860
vt 0.523418 0.895059
vt 0.522062 0.891832
vt 0.530358 0.894152
vt 0.522062 0.891832
vt 0.523418 0.895059
vt 0.518121 0.892472
vt 0.579253 0.909674
vt 0.582996 0.911380
vt 0.575599 0.911883
vt 0.536173 0.905716
vt 0.529166 0.905694
vt 0.530969 0.900741
vt 0.554801 0.902469
vt 0.558286 0.900759
vt 0.561354 0.902789
vt 0.666600 0.928548
vt 0.670842 0.926257
vt 0.671230 0.930285
vt 0.611077 0.942567
vt 0.613147 0.937509
vt 0.619272 0.941413
vt 0.266414 0.982504
vt 0.264717 0.983468
vt 0.262419 0.981230
vt 0.546516 0.912816
vt 0.544438 0.908356
vt 0.551825 0.910448
vt 0.814883 0.993549
vt 0.811414 0.994591
vt 0.811702 0.992351
vt 0.565223 0.828249
vt 0.561751 0.825566
vt 0.566569 0.823701
vt 0.540612 0.904380
vt 0.546195 0.902279
vt 0.546438 0.905271
vt 0.530358 0.894152
vt 0.530969 0.900741
vt 0.523418 0.895059
vt 0.540023 0.898406
vt 0.530969 0.900741
vt 0.530358 0.894152
vt 0.518121 0.892472
vt 0.523418 0.895059
vt 0.517613 0.895320
vt 0.552450 0.904584
vt 0.550724 0.906955
vt 0.549217 0.904735
vt 0.549217 0.904735
vt 0.546195 0.902279
vt 0.552450 0.904584
vt 0.530969 0.900741
vt 0.546195 0.902279
vt 0.540612 0.904380
vt 0.540023 0.898406
vt 0.546195 0.902279
vt 0.530969 0.900741
vt 0.580178 0.921925
vt 0.571571 0.921220
vt 0.574392 0.919482
vt 0.556776 0.834722
vt 0.564065 0.832839
vt 0.563083 0.836896
vt 0.481880 0.859506
vt 0.487749 0.860859
vt 0.483489 0.865738
vt 0.559905 0.907951
vt 0.557338 0.910182
vt 0.554980 0.908374
vt 0.574337 0.833780
vt 0.578864 0.829763
vt 0.580150 0.835134
vt 0.502564 0.892743
vt 0.503528 0.898355
vt 0.496217 0.894556
vt 0.496217 0.894556
vt 0.496054 0.888617
vt 0.502564 0.892743
vt 0.540612 0.904380
vt 0.544438 0.908356
vt 0.536173 0.905716
vt 0.502564 0.892743
vt 0.496054 0.888617
vt 0.501878 0.888469
vt 0.544438 0.908356
vt 0.537513 0.909706
vt 0.536173 0.905716
vt 0.565940 0.914670
vt 0.562478 0.911008
vt 0.568872 0.911582
vt 0.565940 0.914670
vt 0.568872 0.911582
vt 0.572385 0.913730
vt 0.501775 0.880800
vt 0.497300 0.878765
vt 0.501171 0.874914
vt 0.541671 0.911640
vt 0.537513 0.909706
vt 0.544438 0.908356
vt 0.541671 0.911640
vt 0.544438 0.908356
vt 0.546516 0.912816
vt 0.494065 0.909766
vt 0.501587 0.909661
vt 0.492116 0.918271
vt 0.501878 0.888469
vt 0.506645 0.889684
vt 0.502564 0.892743
vt 0.550724 0.906955
vt 0.544438 0.908356
vt 0.546438 0.905271
vt 0.546438 0.905271
vt 0.544438 0.908356
vt 0.540612 0.904380
vt 0.548008 0.915484
vt 0.552423 0.913991
vt 0.552617 0.915868
vt 0.568872 0.911582
vt 0.573124 0.909460
vt 0.575599 0.911883
vt 0.503268 0.863782
vt 0.507457 0.870343
vt 0.499807 0.869258
vt 0.616457 0.933683
vt 0.621372 0.934296
vt 0.617956 0.937581
vt 0.546516 0.912816
vt 0.552423 0.913991
vt 0.548008 0.915484
vt 0.086078 0.982538
vt 0.088444 0.984592
vt 0.086010 0.984014
vt 0.501688 0.816278
vt 0.505050 0.817615
vt 0.502082 0.820885
vt 0.551825 0.910448
vt 0.544438 0.908356
vt 0.550724 0.906955
vt 0.559905 0.907951
vt 0.562478 0.911008
vt 0.557338 0.910182
vt 0.497300 0.878765
vt 0.495651 0.873764
vt 0.501171 0.874914
vt 0.502564 0.892743
vt 0.509742 0.893785
vt 0.506995 0.895713
vt 0.506995 0.895713
vt 0.509742 0.893785
vt 0.513795 0.898700
vt 0.503528 0.898355
vt 0.502564 0.892743
vt 0.506995 0.895713
vt 0.503528 0.898355
vt 0.506995 0.895713
vt 0.513795 0.898700
vt 0.526317 0.909309
vt 0.524569 0.913513
vt 0.516466 0.909168
vt 0.526317 0.909309
vt 0.516466 0.909168
vt 0.520892 0.904446
vt 0.517613 0.895320
vt 0.513795 0.898700
vt 0.509742 0.893785
vt 0.530969 0.900741
vt 0.513795 0.898700
vt 0.517613 0.895320
vt 0.530969 0.900741
vt 0.517613 0.895320
vt 0.523418 0.895059
vt 0.550724 0.906955
vt 0.554980 0.908374
vt 0.551825 0.910448
vt 0.557338 0.910182
vt 0.551825 0.910448
vt 0.554980 0.908374
vt 0.624590 0.939173
vt 0.628550 0.932866
vt 0.632316 0.941072
vt 0.623608 0.921762
vt 0.626805 0.926471
vt 0.622852 0.927852
vt 0.619137 0.924578
vt 0.623608 0.921762
vt 0.622852 0.927852
vt 0.437973 0.849132
vt 0.443761 0.841659
vt 0.445559 0.857556
vt 0.546516 0.912816
vt 0.551825 0.910448
vt 0.552423 0.913991
vt 0.653475 0.933299
vt 0.649402 0.935137
vt 0.648732 0.929937
vt 0.075718 0.983224
vt 0.071623 0.984987
vt 0.073618 0.982704
vt 0.670411 0.977871
vt 0.667555 0.980425
vt 0.663339 0.979084
vt 0.640128 0.918570
vt 0.639966 0.915057
vt 0.643923 0.916357
vt 0.624590 0.939173
vt 0.619272 0.941413
vt 0.620655 0.938597
vt 0.626352 0.943426
vt 0.619272 0.941413
vt 0.624590 0.939173
vt 0.651935 0.890572
vt 0.654767 0.888096
vt 0.660295 0.890267
vt 0.652364 0.937954
vt 0.649402 0.935137
vt 0.653475 0.933299
vt 0.642414 0.941536
vt 0.632583 0.946057
vt 0.637359 0.942850
vt 0.562478 0.911008
vt 0.567078 0.908750
vt 0.568872 0.911582
vt 0.654451 0.922896
vt 0.653243 0.928329
vt 0.650444 0.924794
vt 0.659095 0.931136
vt 0.653243 0.928329
vt 0.654451 0.922896
vt 0.540023 0.898406
vt 0.546382 0.899572
vt 0.546195 0.902279
vt 0.567078 0.908750
vt 0.562478 0.911008
vt 0.559905 0.907951
vt 0.631555 0.977870
vt 0.633319 0.979038
vt 0.626989 0.981602
vt 0.583614 0.907342
vt 0.577826 0.907768
vt 0.581391 0.904839
vt 0.650444 0.924794
vt 0.653243 0.928329
vt 0.648732 0.929937
vt 0.648732 0.929937
vt 0.646050 0.924180
vt 0.650444 0.924794
vt 0.540023 0.898406
vt 0.546222 0.897845
vt 0.546382 0.899572
vt 0.540853 0.895065
vt 0.546222 0.897845
vt 0.540023 0.898406
vt 0.579253 0.909674
vt 0.575599 0.911883
vt 0.573124 0.909460
vt 0.683746 0.937577
vt 0.674638 0.933148
vt 0.678319 0.932489
vt 0.618984 0.945029
vt 0.600798 0.947119
vt 0.611077 0.942567
vt 0.619272 0.941413
vt 0.618984 0.945029
vt 0.611077 0.942567
vt 0.641804 0.903789
vt 0.639809 0.907230
vt 0.631089 0.905539
vt 0.632316 0.941072
vt 0.628550 0.932866
vt 0.636735 0.936128
vt 0.636735 0.936128
vt 0.636593 0.940941
vt 0.632316 0.941072
vt 0.649402 0.935137
vt 0.652364 0.937954
vt 0.647803 0.938820
vt 0.647803 0.938820
vt 0.643694 0.935182
vt 0.649402 0.935137
vt 0.643434 0.974241
vt 0.642787 0.972333
vt 0.649346 0.971608
vt 0.551825 0.910448
vt 0.557728 0.912780
vt 0.552423 0.913991
vt 0.572385 0.913730
vt 0.575599 0.911883
vt 0.579405 0.914257
vt 0.044843 0.994602
vt 0.040059 0.993256
vt 0.043882 0.992855
vt 0.632316 0.941072
vt 0.637359 0.942850
vt 0.632583 0.946057
vt 0.648849 0.941718
vt 0.642414 0.941536
vt 0.647803 0.938820
vt 0.652364 0.937954
vt 0.648849 0.941718
vt 0.647803 0.938820
vt 0.654451 0.922896
vt 0.649119 0.919529
vt 0.652929 0.919018
vt 0.632316 0.941072
vt 0.632583 0.946057
vt 0.626352 0.943426
vt 0.626352 0.943426
vt 0.624590 0.939173
vt 0.632316 0.941072
vt 0.573737 0.933198
vt 0.571361 0.934778
vt 0.568707 0.931760
vt 0.653475 0.933299
vt 0.656086 0.937298
vt 0.652364 0.937954
vt 0.736088 0.893081
vt 0.732297 0.891861
vt 0.734537 0.888339
vt 0.632563 0.909607
vt 0.637143 0.912689
vt 0.631865 0.913627
vt 0.643694 0.935182
vt 0.639663 0.940295
vt 0.636735 0.936128
vt 0.642414 0.941536
vt 0.639663 0.940295
vt 0.643694 0.935182
vt 0.632563 0.909607
vt 0.631089 0.905539
vt 0.639809 0.907230
vt 0.639663 0.940295
vt 0.642414 0.941536
vt 0.637359 0.942850
vt 0.636593 0.940941
vt 0.639663 0.940295
vt 0.637359 0.942850
vt 0.596406 0.902519
vt 0.603655 0.900641
vt 0.602278 0.902725
vt 0.632583 0.946057
vt 0.618984 0.945029
vt 0.626352 0.943426
vt 0.628550 0.932866
vt 0.622852 0.927852
vt 0.626805 0.926471
vt 0.626805 0.926471
vt 0.630335 0.927420
vt 0.628550 0.932866
vt 0.554204 0.810225
vt 0.548463 0.814462
vt 0.548023 0.809519
vt 0.634457 0.929150
vt 0.639942 0.929797
vt 0.636735 0.936128
vt 0.636735 0.936128
vt 0.639942 0.929797
vt 0.643694 0.935182
vt 0.623378 0.911402
vt 0.626404 0.916295
vt 0.621147 0.913876
vt 0.628550 0.932866
vt 0.630335 0.927420
vt 0.634457 0.929150
vt 0.628550 0.932866
vt 0.634457 0.929150
vt 0.636735 0.936128
vt 0.558850 0.919064
vt 0.557708 0.916035
vt 0.564584 0.917947
vt 0.618984 0.945029
vt 0.632583 0.946057
vt 0.600798 0.947119
vt 0.632517 0.924860
vt 0.634457 0.929150
vt 0.630335 0.927420
vt 0.574521 0.795528
vt 0.571238 0.798011
vt 0.571340 0.795232
vt 0.600798 0.947119
vt 0.594737 0.940091
vt 0.602597 0.940778
vt 0.602597 0.940778
vt 0.611077 0.942567
vt 0.600798 0.947119
vt 0.483560 0.876962
vt 0.485267 0.881652
vt 0.480981 0.880420
vt 0.479756 0.876090
vt 0.483560 0.876962
vt 0.480981 0.880420
vt 0.615631 0.910631
vt 0.616644 0.912919
vt 0.608782 0.911885
vt 0.644663 0.920033
vt 0.643923 0.916357
vt 0.649119 0.919529
vt 0.649119 0.919529
vt 0.643923 0.916357
vt 0.647393 0.913263
vt 0.575054 0.843999
vt 0.580013 0.845080
vt 0.574408 0.849348
vt 0.618270 0.929080
vt 0.622852 0.927852
vt 0.621372 0.934296
vt 0.622852 0.927852
vt 0.628550 0.932866
vt 0.621372 0.934296
vt 0.565940 0.914670
vt 0.572385 0.913730
vt 0.573884 0.916058
vt 0.667555 0.980425
vt 0.665329 0.982399
vt 0.660754 0.981981
vt 0.660754 0.981981
vt 0.663339 0.979084
vt 0.667555 0.980425
vt 0.573884 0.916058
vt 0.579405 0.914257
vt 0.580940 0.917342
vt 0.580940 0.917342
vt 0.579405 0.914257
vt 0.584098 0.915128
vt 0.573884 0.916058
vt 0.580940 0.917342
vt 0.575100 0.917938
vt 0.481944 0.872014
vt 0.483560 0.876962
vt 0.479756 0.876090
vt 0.596328 0.914339
vt 0.591035 0.917840
vt 0.589144 0.914996
vt 0.580940 0.917342
vt 0.589144 0.914996
vt 0.591035 0.917840
vt 0.584098 0.915128
vt 0.589144 0.914996
vt 0.580940 0.917342
vt 0.573884 0.916058
vt 0.570537 0.917753
vt 0.565940 0.914670
vt 0.499785 0.922987
vt 0.492116 0.918271
vt 0.506470 0.913271
vt 0.564584 0.917947
vt 0.557708 0.916035
vt 0.565940 0.914670
vt 0.575100 0.917938
vt 0.574392 0.919482
vt 0.570537 0.917753
vt 0.570537 0.917753
vt 0.573884 0.916058
vt 0.575100 0.917938
vt 0.579405 0.914257
vt 0.573884 0.916058
vt 0.572385 0.913730
vt 0.562478 0.911008
vt 0.557728 0.912780
vt 0.557338 0.910182
vt 0.516797 0.918769
vt 0.510643 0.917364
vt 0.517931 0.915202
vt 0.516797 0.918769
vt 0.517931 0.915202
vt 0.521912 0.918746
vt 0.552483 0.937740
vt 0.558235 0.936041
vt 0.559067 0.939710
vt 0.554091 0.940885
vt 0.552483 0.937740
vt 0.559067 0.939710
vt 0.552617 0.915868
vt 0.552423 0.913991
vt 0.557708 0.916035
vt 0.557728 0.912780
vt 0.557708 0.916035
vt 0.552423 0.913991
vt 0.565940 0.914670
vt 0.557708 0.916035
vt 0.557728 0.912780
vt 0.557728 0.912780
vt 0.562478 0.911008
vt 0.565940 0.914670
vt 0.574392 0.919482
vt 0.569203 0.919621
vt 0.570537 0.917753
vt 0.506470 0.913271
vt 0.510643 0.917364
vt 0.499785 0.922987
vt 0.537254 0.912782
vt 0.532558 0.911209
vt 0.537513 0.909706
vt 0.527686 0.920656
vt 0.526129 0.922887
vt 0.520497 0.921545
vt 0.534208 0.921288
vt 0.527686 0.920656
vt 0.531329 0.919062
vt 0.594560 0.925604
vt 0.591845 0.921695
vt 0.600791 0.922192
vt 0.471787 0.977436
vt 0.466997 0.978042
vt 0.469230 0.977080
vt 0.589014 0.929716
vt 0.596176 0.928817
vt 0.594417 0.931070
vt 0.594417 0.931070
vt 0.592406 0.931970
vt 0.589014 0.929716
vt 0.600798 0.947119
vt 0.584373 0.939667
vt 0.594737 0.940091
vt 0.606782 0.933319
vt 0.607335 0.938660
vt 0.601361 0.936052
vt 0.615867 0.921177
vt 0.619137 0.924578
vt 0.614673 0.925728
vt 0.600791 0.922192
vt 0.591845 0.921695
vt 0.598204 0.918931
vt 0.598204 0.918931
vt 0.591845 0.921695
vt 0.591035 0.917840
vt 0.574141 0.935375
vt 0.571361 0.934778
vt 0.573737 0.933198
vt 0.017324 0.992751
vt 0.020255 0.993119
vt 0.017761 0.994360
vt 0.605721 0.920033
vt 0.600791 0.922192
vt 0.602756 0.919173
vt 0.574141 0.935375
vt 0.573592 0.938076
vt 0.571361 0.934778
vt 0.580940 0.917342
vt 0.580178 0.921925
vt 0.574392 0.919482
vt 0.580940 0.917342
vt 0.574392 0.919482
vt 0.575100 0.917938
vt 0.598204 0.918931
vt 0.599514 0.916059
vt 0.602702 0.917417
vt 0.591035 0.917840
vt 0.599514 0.916059
vt 0.598204 0.918931
vt 0.600791 0.922192
vt 0.598204 0.918931
vt 0.602756 0.919173
vt 0.602702 0.917417
vt 0.602756 0.919173
vt 0.598204 0.918931
vt 0.591035 0.917840
vt 0.596328 0.914339
vt 0.599514 0.916059
vt 0.587664 0.933663
vt 0.589030 0.937170
vt 0.584182 0.935525
vt 0.586555 0.925169
vt 0.591845 0.921695
vt 0.594560 0.925604
vt 0.580940 0.917342
vt 0.591035 0.917840
vt 0.580178 0.921925
vt 0.607335 0.938660
vt 0.611077 0.942567
vt 0.602597 0.940778
vt 0.607335 0.938660
vt 0.602597 0.940778
vt 0.601361 0.936052
vt 0.591035 0.917840
vt 0.591845 0.921695
vt 0.580178 0.921925
vt 0.591845 0.921695
vt 0.586555 0.925169
vt 0.580178 0.921925
vt 0.580178 0.921925
vt 0.586555 0.925169
vt 0.576723 0.926985
vt 0.610432 0.918310
vt 0.608813 0.923077
vt 0.605721 0.920033
vt 0.619272 0.941413
vt 0.613147 0.937509
vt 0.617956 0.937581
vt 0.617956 0.937581
vt 0.620655 0.938597
vt 0.619272 0.941413
vt 0.594560 0.925604
vt 0.602398 0.927328
vt 0.596176 0.928817
vt 0.602398 0.927328
vt 0.594560 0.925604
vt 0.600791 0.922192
vt 0.618270 0.929080
vt 0.614673 0.925728
vt 0.619137 0.924578
vt 0.614822 0.929838
vt 0.610337 0.928555
vt 0.614673 0.925728
vt 0.614822 0.929838
vt 0.614673 0.925728
vt 0.618270 0.929080
vt 0.616457 0.933683
vt 0.612455 0.932785
vt 0.614822 0.929838
vt 0.614822 0.929838
vt 0.618270 0.929080
vt 0.616457 0.933683
vt 0.616457 0.933683
vt 0.618270 0.929080
vt 0.621372 0.934296
vt 0.614822 0.929838
vt 0.612455 0.932785
vt 0.610337 0.928555
vt 0.602398 0.927328
vt 0.608813 0.923077
vt 0.610337 0.928555
vt 0.600791 0.922192
vt 0.608813 0.923077
vt 0.602398 0.927328
vt 0.605721 0.920033
vt 0.608813 0.923077
vt 0.600791 0.922192
vt 0.602702 0.917417
vt 0.606167 0.915577
vt 0.605705 0.918073
vt 0.606782 0.933319
vt 0.610337 0.928555
vt 0.612455 0.932785
vt 0.602398 0.927328
vt 0.610337 0.928555
vt 0.606782 0.933319
vt 0.608813 0.923077
vt 0.615867 0.921177
vt 0.614673 0.925728
vt 0.614673 0.925728
vt 0.610337 0.928555
vt 0.608813 0.923077
vt 0.596176 0.928817
vt 0.599456 0.931744
vt 0.594417 0.931070
vt 0.602398 0.927328
vt 0.606782 0.933319
vt 0.599456 0.931744
vt 0.602398 0.927328
vt 0.599456 0.931744
vt 0.596176 0.928817
vt 0.616457 0.933683
vt 0.613147 0.937509
vt 0.612455 0.932785
vt 0.613147 0.937509
vt 0.616457 0.933683
vt 0.617956 0.937581
vt 0.599456 0.931744
vt 0.606782 0.933319
vt 0.601361 0.936052
vt 0.601361 0.936052
vt 0.597517 0.937717
vt 0.595235 0.933986
vt 0.595235 0.933986
vt 0.599456 0.931744
vt 0.601361 0.936052
vt 0.061733 0.554103
vt 0.057677 0.561078
vt 0.061469 0.558712
vt 0.594737 0.940091
vt 0.597517 0.937717
vt 0.602597 0.940778
vt 0.613147 0.937509
vt 0.607335 0.938660
vt 0.606782 0.933319
vt 0.612455 0.932785
vt 0.613147 0.937509
vt 0.606782 0.933319
vt 0.613147 0.937509
vt 0.611077 0.942567
vt 0.607335 0.938660
vt 0.574141 0.935375
vt 0.576213 0.936642
vt 0.573592 0.938076
vt 0.594737 0.940091
vt 0.589030 0.937170
vt 0.592439 0.936015
vt 0.175244 0.993109
vt 0.172878 0.993990
vt 0.171478 0.992349
vt 0.171478 0.992349
vt 0.172878 0.993990
vt 0.169744 0.993532
vt 0.589014 0.929716
vt 0.594560 0.925604
vt 0.596176 0.928817
vt 0.101356 0.984133
vt 0.098941 0.983001
vt 0.101210 0.982450
vt 0.581553 0.936931
vt 0.578721 0.938038
vt 0.578832 0.936238
vt 0.559614 0.942581
vt 0.570943 0.941600
vt 0.563780 0.947009
vt 0.559614 0.942581
vt 0.563780 0.947009
vt 0.554800 0.943013
vt 0.568707 0.931760
vt 0.563279 0.934842
vt 0.559767 0.933029
vt 0.527420 0.933956
vt 0.541596 0.935470
vt 0.535779 0.937993
vt 0.584373 0.939667
vt 0.573592 0.938076
vt 0.578721 0.938038
vt 0.581553 0.936931
vt 0.584373 0.939667
vt 0.578721 0.938038
vt 0.510643 0.917364
vt 0.506470 0.913271
vt 0.517931 0.915202
vt 0.472369 0.829516
vt 0.470290 0.832992
vt 0.467862 0.825133
vt 0.567515 0.936001
vt 0.571361 0.934778
vt 0.573592 0.938076
vt 0.573592 0.938076
vt 0.568080 0.938879
vt 0.567515 0.936001
vt 0.597517 0.937717
vt 0.592439 0.936015
vt 0.595235 0.933986
vt 0.584182 0.935525
vt 0.589030 0.937170
vt 0.584373 0.939667
vt 0.584373 0.939667
vt 0.589030 0.937170
vt 0.594737 0.940091
vt 0.591243 0.933132
vt 0.592406 0.931970
vt 0.595235 0.933986
vt 0.581553 0.936931
vt 0.580008 0.934182
vt 0.584182 0.935525
vt 0.584373 0.939667
vt 0.581553 0.936931
vt 0.584182 0.935525
vt 0.568707 0.931760
vt 0.571361 0.934778
vt 0.567515 0.936001
vt 0.511983 0.925460
vt 0.527420 0.933956
vt 0.472535 0.951874
vt 0.239284 0.992037
vt 0.239764 0.993970
vt 0.237513 0.993317
vt 0.558235 0.936041
vt 0.563279 0.934842
vt 0.563826 0.938042
vt 0.558235 0.936041
vt 0.563826 0.938042
vt 0.559067 0.939710
vt 0.563780 0.947009
vt 0.547663 0.943357
vt 0.554800 0.943013
vt 0.517074 0.761146
vt 0.521216 0.759244
vt 0.520266 0.766506
vt 0.592439 0.936015
vt 0.597517 0.937717
vt 0.594737 0.940091
vt 0.595235 0.933986
vt 0.594417 0.931070
vt 0.599456 0.931744
vt 0.200541 0.984214
vt 0.196950 0.983146
vt 0.200087 0.981907
vt 0.580008 0.934182
vt 0.580827 0.931617
vt 0.584182 0.935525
vt 0.576763 0.934491
vt 0.580008 0.934182
vt 0.578832 0.936238
vt 0.241696 0.993110
vt 0.239764 0.993970
vt 0.239284 0.992037
vt 0.578832 0.936238
vt 0.580008 0.934182
vt 0.581553 0.936931
vt 0.592439 0.936015
vt 0.591243 0.933132
vt 0.595235 0.933986
vt 0.589014 0.929716
vt 0.587664 0.933663
vt 0.580827 0.931617
vt 0.591243 0.933132
vt 0.587664 0.933663
vt 0.589014 0.929716
vt 0.720432 0.991682
vt 0.724281 0.992891
vt 0.723992 0.994083
vt 0.589030 0.937170
vt 0.587664 0.933663
vt 0.592439 0.936015
vt 0.592439 0.936015
vt 0.587664 0.933663
vt 0.591243 0.933132
vt 0.098941 0.983001
vt 0.101356 0.984133
vt 0.096784 0.984515
vt 0.574141 0.935375
vt 0.573737 0.933198
vt 0.576763 0.934491
vt 0.563826 0.938042
vt 0.568080 0.938879
vt 0.570943 0.941600
vt 0.563826 0.938042
vt 0.570943 0.941600
vt 0.559067 0.939710
vt 0.558235 0.936041
vt 0.552483 0.937740
vt 0.553493 0.934057
vt 0.550900 0.940916
vt 0.552483 0.937740
vt 0.554091 0.940885
vt 0.586555 0.925169
vt 0.594560 0.925604
vt 0.589014 0.929716
vt 0.589014 0.929716
vt 0.580827 0.931617
vt 0.576723 0.926985
vt 0.586555 0.925169
vt 0.589014 0.929716
vt 0.576723 0.926985
vt 0.568707 0.931760
vt 0.567515 0.936001
vt 0.563279 0.934842
vt 0.552911 0.795094
vt 0.557946 0.791614
vt 0.554684 0.798265
vt 0.554684 0.798265
vt 0.557946 0.791614
vt 0.560852 0.797179
vt 0.554800 0.943013
vt 0.550900 0.940916
vt 0.554091 0.940885
vt 0.547663 0.943357
vt 0.550900 0.940916
vt 0.554800 0.943013
vt 0.555231 0.823620
vt 0.552147 0.829840
vt 0.546551 0.825399
vt 0.568707 0.931760
vt 0.563547 0.926686
vt 0.576723 0.926985
vt 0.576723 0.926985
vt 0.580827 0.931617
vt 0.568707 0.931760
vt 0.200087 0.981907
vt 0.196950 0.983146
vt 0.189919 0.983685
vt 0.555006 0.930173
vt 0.545554 0.933082
vt 0.542304 0.928499
vt 0.171478 0.992349
vt 0.169744 0.993532
vt 0.164370 0.993492
vt 0.570943 0.941600
vt 0.568080 0.938879
vt 0.573592 0.938076
vt 0.559067 0.939710
vt 0.559614 0.942581
vt 0.554091 0.940885
vt 0.570943 0.941600
vt 0.559614 0.942581
vt 0.559067 0.939710
vt 0.554800 0.943013
vt 0.554091 0.940885
vt 0.559614 0.942581
vt 0.520801 0.948549
vt 0.531250 0.938698
vt 0.535779 0.937993
vt 0.570943 0.941600
vt 0.584373 0.939667
vt 0.600798 0.947119
vt 0.570943 0.941600
vt 0.573592 0.938076
vt 0.584373 0.939667
vt 0.600798 0.947119
vt 0.563780 0.947009
vt 0.570943 0.941600
vt 0.552483 0.937740
vt 0.543877 0.939504
vt 0.547352 0.935876
vt 0.527420 0.933956
vt 0.531250 0.938698
vt 0.520801 0.948549
vt 0.527420 0.933956
vt 0.520801 0.948549
vt 0.472535 0.951874
vt 0.531250 0.938698
vt 0.527420 0.933956
vt 0.535779 0.937993
vt 0.547663 0.943357
vt 0.520801 0.948549
vt 0.543877 0.939504
vt 0.543877 0.939504
vt 0.550900 0.940916
vt 0.547663 0.943357
vt 0.472535 0.951874
vt 0.492116 0.918271
vt 0.499785 0.922987
vt 0.527420 0.933956
vt 0.542304 0.928499
vt 0.545554 0.933082
vt 0.531329 0.919062
vt 0.536959 0.918995
vt 0.534208 0.921288
vt 0.528704 0.925275
vt 0.526129 0.922887
vt 0.530943 0.923187
vt 0.547663 0.943357
vt 0.563780 0.947009
vt 0.520801 0.948549
vt 0.466321 0.840303
vt 0.465633 0.833480
vt 0.468785 0.837329
vt 0.520497 0.921545
vt 0.526129 0.922887
vt 0.521948 0.924080
vt 0.523529 0.926967
vt 0.511983 0.925460
vt 0.521948 0.924080
vt 0.545554 0.933082
vt 0.549946 0.935067
vt 0.547352 0.935876
vt 0.547352 0.935876
vt 0.549946 0.935067
vt 0.552483 0.937740
vt 0.535779 0.937993
vt 0.543877 0.939504
vt 0.520801 0.948549
vt 0.543877 0.939504
vt 0.535779 0.937993
vt 0.541596 0.935470
vt 0.482962 0.801055
vt 0.488211 0.797383
vt 0.488477 0.801990
vt 0.528412 0.928033
vt 0.533006 0.927665
vt 0.527420 0.933956
vt 0.528412 0.928033
vt 0.527420 0.933956
vt 0.523529 0.926967
vt 0.545554 0.933082
vt 0.555006 0.930173
vt 0.553493 0.934057
vt 0.545554 0.933082
vt 0.553493 0.934057
vt 0.549946 0.935067
vt 0.553493 0.934057
vt 0.552483 0.937740
vt 0.549946 0.935067
vt 0.493013 0.798393
vt 0.492542 0.794776
vt 0.496758 0.794958
vt 0.500806 0.807392
vt 0.504220 0.808134
vt 0.501477 0.811614
vt 0.513795 0.898700
vt 0.530969 0.900741
vt 0.520892 0.904446
vt 0.535681 0.811636
vt 0.542861 0.816483
vt 0.537918 0.818693
vt 0.472535 0.951874
vt 0.499785 0.922987
vt 0.511983 0.925460
vt 0.468841 0.857489
vt 0.472991 0.859224
vt 0.470566 0.861547
vt 0.498528 0.803562
vt 0.493031 0.806771
vt 0.493482 0.802548
vt 0.515914 0.921243
vt 0.511983 0.925460
vt 0.514379 0.920809
vt 0.472798 0.812601
vt 0.467772 0.808238
vt 0.470942 0.804907
vt 0.487077 0.831336
vt 0.485049 0.835312
vt 0.483167 0.832392
vt 0.568990 0.923443
vt 0.563547 0.926686
vt 0.558710 0.922512
vt 0.533006 0.927665
vt 0.528412 0.928033
vt 0.528704 0.925275
vt 0.523529 0.926967
vt 0.528704 0.925275
vt 0.528412 0.928033
vt 0.523529 0.926967
vt 0.521948 0.924080
vt 0.528704 0.925275
vt 0.526129 0.922887
vt 0.528704 0.925275
vt 0.521948 0.924080
vt 0.520497 0.921545
vt 0.511983 0.925460
vt 0.515914 0.921243
vt 0.521948 0.924080
vt 0.511983 0.925460
vt 0.520497 0.921545
vt 0.536173 0.905716
vt 0.530969 0.900741
vt 0.536703 0.903665
vt 0.473345 0.837489
vt 0.470290 0.832992
vt 0.473910 0.833362
vt 0.544176 0.805652
vt 0.550166 0.804129
vt 0.548023 0.809519
vt 0.288956 0.991807
vt 0.292394 0.991866
vt 0.289536 0.993590
vt 0.517931 0.915202
vt 0.525987 0.917363
vt 0.521912 0.918746
vt 0.508167 0.920117
vt 0.512650 0.919692
vt 0.511983 0.925460
vt 0.512650 0.919692
vt 0.508167 0.920117
vt 0.510643 0.917364
vt 0.510643 0.917364
vt 0.508167 0.920117
vt 0.499785 0.922987
vt 0.541724 0.783928
vt 0.546019 0.780203
vt 0.546583 0.785434
vt 0.475427 0.873014
vt 0.478717 0.867933
vt 0.481944 0.872014
vt 0.481944 0.872014
vt 0.479756 0.876090
vt 0.475427 0.873014
vt 0.542304 0.928499
vt 0.551608 0.925708
vt 0.555006 0.930173
vt 0.469230 0.977080
vt 0.466997 0.978042
vt 0.468947 0.975645
vt 0.546516 0.912816
vt 0.542307 0.914810
vt 0.541671 0.911640
vt 0.558850 0.919064
vt 0.565191 0.920724
vt 0.558710 0.922512
vt 0.564584 0.917947
vt 0.565191 0.920724
vt 0.558850 0.919064
vt 0.565508 0.786801
vt 0.564200 0.792797
vt 0.557946 0.791614
vt 0.537738 0.925871
vt 0.533592 0.925152
vt 0.536836 0.923601
vt 0.533006 0.927665
vt 0.533592 0.925152
vt 0.537738 0.925871
vt 0.543105 0.924587
vt 0.537738 0.925871
vt 0.536836 0.923601
vt 0.542304 0.928499
vt 0.537738 0.925871
vt 0.543105 0.924587
vt 0.533006 0.927665
vt 0.537738 0.925871
vt 0.542304 0.928499
vt 0.551608 0.925708
vt 0.542304 0.928499
vt 0.543105 0.924587
vt 0.530943 0.923187
vt 0.536836 0.923601
vt 0.533592 0.925152
vt 0.530943 0.923187
vt 0.533592 0.925152
vt 0.528704 0.925275
vt 0.528704 0.925275
vt 0.533592 0.925152
vt 0.533006 0.927665
vt 0.465633 0.833480
vt 0.467862 0.825133
vt 0.470290 0.832992
vt 0.548008 0.915484
vt 0.552617 0.915868
vt 0.552565 0.917552
vt 0.471649 0.980297
vt 0.466997 0.978042
vt 0.471787 0.977436
vt 0.568990 0.923443
vt 0.571571 0.921220
vt 0.580178 0.921925
vt 0.551608 0.925708
vt 0.548853 0.922039
vt 0.558710 0.922512
vt 0.563547 0.926686
vt 0.551608 0.925708
vt 0.558710 0.922512
vt 0.548008 0.915484
vt 0.552565 0.917552
vt 0.545185 0.918466
vt 0.545185 0.918466
vt 0.552780 0.919936
vt 0.548853 0.922039
vt 0.545185 0.918466
vt 0.548853 0.922039
vt 0.540584 0.921531
vt 0.552780 0.919936
vt 0.545185 0.918466
vt 0.552565 0.917552
vt 0.563547 0.926686
vt 0.555006 0.930173
vt 0.551608 0.925708
vt 0.563547 0.926686
vt 0.568990 0.923443
vt 0.576723 0.926985
vt 0.576723 0.926985
vt 0.568990 0.923443
vt 0.580178 0.921925
vt 0.564584 0.917947
vt 0.565940 0.914670
vt 0.570537 0.917753
vt 0.569203 0.919621
vt 0.565191 0.920724
vt 0.564584 0.917947
vt 0.569203 0.919621
vt 0.564584 0.917947
vt 0.570537 0.917753
vt 0.551608 0.925708
vt 0.543105 0.924587
vt 0.548853 0.922039
vt 0.540584 0.921531
vt 0.548853 0.922039
vt 0.543105 0.924587
vt 0.552780 0.919936
vt 0.558850 0.919064
vt 0.558710 0.922512
vt 0.552565 0.917552
vt 0.558850 0.919064
vt 0.552780 0.919936
vt 0.557708 0.916035
vt 0.558850 0.919064
vt 0.552565 0.917552
vt 0.552565 0.917552
vt 0.552617 0.915868
vt 0.557708 0.916035
vt 0.571571 0.921220
vt 0.565191 0.920724
vt 0.569203 0.919621
vt 0.571571 0.921220
vt 0.569203 0.919621
vt 0.574392 0.919482
vt 0.571571 0.921220
vt 0.568990 0.923443
vt 0.565191 0.920724
vt 0.558710 0.922512
vt 0.565191 0.920724
vt 0.568990 0.923443
vt 0.532369 0.908251
vt 0.537513 0.909706
vt 0.532558 0.911209
vt 0.536173 0.905716
vt 0.537513 0.909706
vt 0.532369 0.908251
vt 0.537311 0.801633
vt 0.541172 0.793877
vt 0.543063 0.798726
vt 0.542368 0.802162
vt 0.537311 0.801633
vt 0.543063 0.798726
vt 0.536836 0.923601
vt 0.530943 0.923187
vt 0.534208 0.921288
vt 0.510695 0.903683
vt 0.513795 0.898700
vt 0.520892 0.904446
vt 0.485360 0.898522
vt 0.475879 0.893361
vt 0.482272 0.892813
vt 0.481414 0.909101
vt 0.464664 0.892050
vt 0.475879 0.893361
vt 0.464664 0.892050
vt 0.481414 0.909101
vt 0.452831 0.917107
vt 0.485360 0.898522
vt 0.481414 0.909101
vt 0.475879 0.893361
vt 0.472535 0.951874
vt 0.481414 0.909101
vt 0.492116 0.918271
vt 0.452831 0.917107
vt 0.481414 0.909101
vt 0.472535 0.951874
vt 0.492427 0.900020
vt 0.485360 0.898522
vt 0.490215 0.898201
vt 0.492116 0.918271
vt 0.481414 0.909101
vt 0.494065 0.909766
vt 0.501587 0.909661
vt 0.494065 0.909766
vt 0.499575 0.904994
vt 0.405081 0.993010
vt 0.400094 0.993618
vt 0.400192 0.991532
vt 0.537254 0.912782
vt 0.541671 0.911640
vt 0.542307 0.914810
vt 0.529166 0.905694
vt 0.526317 0.909309
vt 0.520892 0.904446
vt 0.512650 0.919692
vt 0.514379 0.920809
vt 0.511983 0.925460
vt 0.515914 0.921243
vt 0.514379 0.920809
vt 0.516797 0.918769
vt 0.527686 0.920656
vt 0.521912 0.918746
vt 0.525987 0.917363
vt 0.521912 0.918746
vt 0.527686 0.920656
vt 0.520497 0.921545
vt 0.532087 0.916164
vt 0.538243 0.916814
vt 0.536959 0.918995
vt 0.492116 0.918271
vt 0.501587 0.909661
vt 0.506470 0.913271
vt 0.466997 0.978042
vt 0.465198 0.980402
vt 0.462741 0.979360
vt 0.400094 0.993618
vt 0.397009 0.992775
vt 0.400192 0.991532
vt 0.537254 0.912782
vt 0.533356 0.913848
vt 0.532558 0.911209
vt 0.492427 0.900020
vt 0.496217 0.894556
vt 0.503528 0.898355
vt 0.526317 0.909309
vt 0.532369 0.908251
vt 0.532558 0.911209
vt 0.510695 0.903683
vt 0.499575 0.904994
vt 0.503528 0.898355
vt 0.503528 0.898355
vt 0.499575 0.904994
vt 0.492427 0.900020
vt 0.507696 0.907324
vt 0.499575 0.904994
vt 0.510695 0.903683
vt 0.492427 0.900020
vt 0.499575 0.904994
vt 0.481414 0.909101
vt 0.485360 0.898522
vt 0.492427 0.900020
vt 0.481414 0.909101
vt 0.481414 0.909101
vt 0.499575 0.904994
vt 0.494065 0.909766
vt 0.489372 0.895391
vt 0.496217 0.894556
vt 0.492427 0.900020
vt 0.483489 0.865738
vt 0.487749 0.860859
vt 0.488477 0.865677
vt 0.533356 0.913848
vt 0.529506 0.913008
vt 0.532558 0.911209
vt 0.520497 0.921545
vt 0.516797 0.918769
vt 0.521912 0.918746
vt 0.515914 0.921243
vt 0.516797 0.918769
vt 0.520497 0.921545
vt 0.480203 0.840395
vt 0.480091 0.836513
vt 0.484851 0.840468
vt 0.531329 0.919062
vt 0.527686 0.920656
vt 0.525987 0.917363
vt 0.532087 0.916164
vt 0.529506 0.913008
vt 0.533356 0.913848
vt 0.536565 0.915033
vt 0.532087 0.916164
vt 0.533356 0.913848
vt 0.529506 0.913008
vt 0.524569 0.913513
vt 0.526317 0.909309
vt 0.532558 0.911209
vt 0.529506 0.913008
vt 0.526317 0.909309
vt 0.471649 0.980297
vt 0.465198 0.980402
vt 0.466997 0.978042
vt 0.462518 0.867972
vt 0.464051 0.863740
vt 0.466584 0.869224
vt 0.165859 0.983845
vt 0.168908 0.982211
vt 0.167802 0.984384
vt 0.510643 0.917364
vt 0.516797 0.918769
vt 0.512650 0.919692
vt 0.259766 0.998047
vt 0.259766 0.998047
vt 0.259766 0.998047
vt 0.529506 0.913008
vt 0.532087 0.916164
vt 0.524569 0.913513
vt 0.558710 0.922512
vt 0.548853 0.922039
vt 0.552780 0.919936
vt 0.540584 0.921531
vt 0.543105 0.924587
vt 0.536836 0.923601
vt 0.536959 0.918995
vt 0.531329 0.919062
vt 0.532087 0.916164
vt 0.517931 0.915202
vt 0.524569 0.913513
vt 0.525987 0.917363
vt 0.532087 0.916164
vt 0.531329 0.919062
vt 0.525987 0.917363
vt 0.524569 0.913513
vt 0.532087 0.916164
vt 0.525987 0.917363
vt 0.530943 0.923187
vt 0.526129 0.922887
vt 0.527686 0.920656
vt 0.530943 0.923187
vt 0.527686 0.920656
vt 0.534208 0.921288
vt 0.545185 0.918466
vt 0.540584 0.921531
vt 0.536959 0.918995
vt 0.465699 0.982330
vt 0.465198 0.980402
vt 0.471649 0.980297
vt 0.540584 0.921531
vt 0.536836 0.923601
vt 0.534208 0.921288
vt 0.536959 0.918995
vt 0.540584 0.921531
vt 0.534208 0.921288
vt 0.545379 0.802572
vt 0.544176 0.805652
vt 0.542368 0.802162
vt 0.478836 0.843828
vt 0.484851 0.840468
vt 0.482281 0.847368
vt 0.480981 0.880420
vt 0.485267 0.881652
vt 0.482412 0.885021
vt 0.594858 0.785305
vt 0.594789 0.780225
vt 0.598526 0.785190
vt 0.596595 0.789947
vt 0.594858 0.785305
vt 0.598526 0.785190
vt 0.470455 0.884527
vt 0.469259 0.875693
vt 0.473618 0.880284
vt 0.478836 0.843828
vt 0.480203 0.840395
vt 0.484851 0.840468
vt 0.468785 0.837329
vt 0.470290 0.832992
vt 0.473345 0.837489
vt 0.465633 0.833480
vt 0.470290 0.832992
vt 0.468785 0.837329
vt 0.469135 0.840477
vt 0.468785 0.837329
vt 0.473345 0.837489
vt 0.476094 0.841093
vt 0.471248 0.842439
vt 0.473345 0.837489
vt 0.484099 0.828184
vt 0.480972 0.825368
vt 0.485694 0.823271
vt 0.506764 0.881787
vt 0.504280 0.885576
vt 0.501775 0.880800
vt 0.602702 0.917417
vt 0.599514 0.916059
vt 0.606167 0.915577
vt 0.467474 0.848298
vt 0.472811 0.845109
vt 0.475209 0.848382
vt 0.475209 0.848382
vt 0.478836 0.843828
vt 0.482281 0.847368
vt 0.478836 0.843828
vt 0.475209 0.848382
vt 0.472811 0.845109
vt 0.458828 0.860410
vt 0.464302 0.857478
vt 0.464051 0.863740
vt 0.720326 0.975487
vt 0.721654 0.980337
vt 0.726123 0.976827
vt 0.480091 0.836513
vt 0.480203 0.840395
vt 0.476094 0.841093
vt 0.463852 0.874993
vt 0.466584 0.869224
vt 0.469259 0.875693
vt 0.113011 0.983877
vt 0.111783 0.982561
vt 0.114452 0.981178
vt 0.466321 0.840303
vt 0.469135 0.840477
vt 0.468063 0.843637
vt 0.471248 0.842439
vt 0.468063 0.843637
vt 0.469135 0.840477
vt 0.473104 0.853639
vt 0.475209 0.848382
vt 0.478064 0.851783
vt 0.472811 0.845109
vt 0.467474 0.848298
vt 0.469250 0.845182
vt 0.469250 0.845182
vt 0.471248 0.842439
vt 0.472811 0.845109
vt 0.476094 0.841093
vt 0.472811 0.845109
vt 0.471248 0.842439
vt 0.507271 0.830881
vt 0.504420 0.834523
vt 0.502912 0.830059
vt 0.475427 0.873014
vt 0.469259 0.875693
vt 0.470509 0.869346
vt 0.473618 0.880284
vt 0.469259 0.875693
vt 0.475427 0.873014
vt 0.643694 0.935182
vt 0.648732 0.929937
vt 0.649402 0.935137
vt 0.472811 0.845109
vt 0.476094 0.841093
vt 0.478836 0.843828
vt 0.475209 0.848382
vt 0.473104 0.853639
vt 0.467474 0.848298
vt 0.468841 0.857489
vt 0.467474 0.848298
vt 0.473104 0.853639
vt 0.485267 0.881652
vt 0.486516 0.886700
vt 0.482412 0.885021
vt 0.544176 0.805652
vt 0.545379 0.802572
vt 0.550166 0.804129
vt 0.475209 0.848382
vt 0.482281 0.847368
vt 0.478064 0.851783
vt 0.478868 0.863838
vt 0.483489 0.865738
vt 0.478717 0.867933
vt 0.476923 0.860801
vt 0.473827 0.865108
vt 0.472991 0.859224
vt 0.492239 0.840810
vt 0.488684 0.844973
vt 0.484851 0.840468
vt 0.484851 0.840468
vt 0.488684 0.844973
vt 0.482281 0.847368
vt 0.472991 0.859224
vt 0.468841 0.857489
vt 0.473104 0.853639
vt 0.472991 0.859224
vt 0.473104 0.853639
vt 0.477269 0.856400
vt 0.480972 0.825368
vt 0.480173 0.830963
vt 0.476355 0.829319
vt 0.484099 0.828184
vt 0.480173 0.830963
vt 0.480972 0.825368
vt 0.473345 0.837489
vt 0.476835 0.833724
vt 0.480091 0.836513
vt 0.537311 0.801633
vt 0.542368 0.802162
vt 0.544176 0.805652
vt 0.489455 0.835695
vt 0.492973 0.830821
vt 0.494168 0.836107
vt 0.483167 0.832392
vt 0.485049 0.835312
vt 0.480091 0.836513
vt 0.480091 0.836513
vt 0.485049 0.835312
vt 0.484851 0.840468
vt 0.488729 0.826308
vt 0.485694 0.823271
vt 0.490264 0.821155
vt 0.490264 0.821155
vt 0.485694 0.823271
vt 0.487077 0.818835
vt 0.510049 0.886430
vt 0.512685 0.891104
vt 0.506645 0.889684
vt 0.512685 0.891104
vt 0.510049 0.886430
vt 0.516641 0.888404
vt 0.483167 0.832392
vt 0.480173 0.830963
vt 0.484099 0.828184
vt 0.653475 0.933299
vt 0.653243 0.928329
vt 0.659095 0.931136
vt 0.460894 0.817781
vt 0.462982 0.816914
vt 0.460340 0.824432
vt 0.494417 0.818767
vt 0.498085 0.820011
vt 0.494321 0.824033
vt 0.487077 0.831336
vt 0.492973 0.830821
vt 0.489455 0.835695
vt 0.484099 0.828184
vt 0.488729 0.826308
vt 0.487077 0.831336
vt 0.487077 0.831336
vt 0.483167 0.832392
vt 0.484099 0.828184
vt 0.467862 0.825133
vt 0.465633 0.833480
vt 0.460340 0.824432
vt 0.521017 0.800910
vt 0.524174 0.801700
vt 0.520134 0.806014
vt 0.490264 0.821155
vt 0.494321 0.824033
vt 0.488729 0.826308
vt 0.468841 0.857489
vt 0.464302 0.857478
vt 0.467474 0.848298
vt 0.473910 0.833362
vt 0.476835 0.833724
vt 0.473345 0.837489
vt 0.544528 0.830076
vt 0.542187 0.827309
vt 0.546551 0.825399
vt 0.559241 0.839112
vt 0.556776 0.834722
vt 0.563083 0.836896
vt 0.555258 0.837972
vt 0.556776 0.834722
vt 0.559241 0.839112
vt 0.460894 0.817781
vt 0.458396 0.812532
vt 0.462982 0.816914
vt 0.489455 0.835695
vt 0.492239 0.840810
vt 0.484851 0.840468
vt 0.476835 0.833724
vt 0.473910 0.833362
vt 0.476355 0.829319
vt 0.476835 0.833724
vt 0.476355 0.829319
vt 0.480173 0.830963
vt 0.477269 0.856400
vt 0.476923 0.860801
vt 0.472991 0.859224
vt 0.493031 0.806771
vt 0.492586 0.810250
vt 0.487634 0.810715
vt 0.504797 0.803074
vt 0.500806 0.807392
vt 0.498528 0.803562
vt 0.502895 0.798527
vt 0.504797 0.803074
vt 0.498528 0.803562
vt 0.494417 0.818767
vt 0.490264 0.821155
vt 0.491523 0.816414
vt 0.473564 0.824857
vt 0.477453 0.824122
vt 0.476355 0.829319
vt 0.480972 0.825368
vt 0.476355 0.829319
vt 0.477453 0.824122
vt 0.462982 0.816914
vt 0.467862 0.825133
vt 0.460340 0.824432
vt 0.482264 0.853267
vt 0.481880 0.859506
vt 0.477269 0.856400
vt 0.466978 0.814154
vt 0.471302 0.819169
vt 0.467862 0.825133
vt 0.467862 0.825133
vt 0.462982 0.816914
vt 0.466978 0.814154
vt 0.462741 0.810381
vt 0.466978 0.814154
vt 0.462982 0.816914
vt 0.477457 0.795546
vt 0.482973 0.796198
vt 0.478716 0.799455
vt 0.473564 0.824857
vt 0.467862 0.825133
vt 0.471302 0.819169
vt 0.471302 0.819169
vt 0.476161 0.819559
vt 0.473564 0.824857
vt 0.502556 0.825382
vt 0.498180 0.828128
vt 0.498977 0.823840
vt 0.483414 0.816471
vt 0.480343 0.820890
vt 0.479707 0.818052
vt 0.490906 0.847648
vt 0.488684 0.844973
vt 0.492559 0.844972
vt 0.470566 0.861547
vt 0.473827 0.865108
vt 0.468169 0.863484
vt 0.472991 0.859224
vt 0.473827 0.865108
vt 0.470566 0.861547
vt 0.464361 0.806455
vt 0.459744 0.802933
vt 0.463473 0.800123
vt 0.480343 0.820890
vt 0.483526 0.820884
vt 0.480972 0.825368
vt 0.480972 0.825368
vt 0.477453 0.824122
vt 0.480343 0.820890
vt 0.472369 0.829516
vt 0.476355 0.829319
vt 0.473910 0.833362
vt 0.473910 0.833362
vt 0.470290 0.832992
vt 0.472369 0.829516
vt 0.466978 0.814154
vt 0.472798 0.812601
vt 0.471302 0.819169
vt 0.480343 0.820890
vt 0.476161 0.819559
vt 0.479707 0.818052
vt 0.476161 0.819559
vt 0.471302 0.819169
vt 0.472798 0.812601
vt 0.482026 0.811870
vt 0.478671 0.814767
vt 0.477686 0.809888
vt 0.478671 0.814767
vt 0.472798 0.812601
vt 0.477686 0.809888
vt 0.472798 0.812601
vt 0.478671 0.814767
vt 0.476161 0.819559
vt 0.471248 0.842439
vt 0.469135 0.840477
vt 0.473345 0.837489
vt 0.483414 0.816471
vt 0.483526 0.820884
vt 0.480343 0.820890
vt 0.480343 0.820890
vt 0.477453 0.824122
vt 0.476161 0.819559
vt 0.476161 0.819559
vt 0.477453 0.824122
vt 0.473564 0.824857
vt 0.472369 0.829516
vt 0.473564 0.824857
vt 0.476355 0.829319
vt 0.467862 0.825133
vt 0.473564 0.824857
vt 0.472369 0.829516
vt 0.485049 0.835312
vt 0.489455 0.835695
vt 0.484851 0.840468
vt 0.483526 0.820884
vt 0.485694 0.823271
vt 0.480972 0.825368
vt 0.487077 0.818835
vt 0.485694 0.823271
vt 0.483526 0.820884
vt 0.492239 0.840810
vt 0.496099 0.844754
vt 0.492559 0.844972
vt 0.487077 0.831336
vt 0.489455 0.835695
vt 0.485049 0.835312
vt 0.458396 0.812532
vt 0.459744 0.802933
vt 0.462741 0.810381
vt 0.458396 0.812532
vt 0.462741 0.810381
vt 0.462982 0.816914
vt 0.494321 0.824033
vt 0.498085 0.820011
vt 0.498977 0.823840
vt 0.502082 0.820885
vt 0.498977 0.823840
vt 0.498085 0.820011
vt 0.478064 0.851783
vt 0.482281 0.847368
vt 0.482264 0.853267
vt 0.476923 0.860801
vt 0.477269 0.856400
vt 0.481880 0.859506
vt 0.473827 0.865108
vt 0.470509 0.869346
vt 0.468169 0.863484
vt 0.478868 0.863838
vt 0.478717 0.867933
vt 0.473827 0.865108
vt 0.482264 0.853267
vt 0.477269 0.856400
vt 0.478064 0.851783
vt 0.478064 0.851783
vt 0.477269 0.856400
vt 0.473104 0.853639
vt 0.478717 0.867933
vt 0.483489 0.865738
vt 0.481944 0.872014
vt 0.492400 0.859312
vt 0.487749 0.860859
vt 0.490408 0.856424
vt 0.483489 0.865738
vt 0.487096 0.869904
vt 0.481944 0.872014
vt 0.488684 0.844973
vt 0.490906 0.847648
vt 0.487185 0.849887
vt 0.488684 0.844973
vt 0.487185 0.849887
vt 0.482281 0.847368
vt 0.475427 0.873014
vt 0.473827 0.865108
vt 0.478717 0.867933
vt 0.470509 0.869346
vt 0.473827 0.865108
vt 0.475427 0.873014
vt 0.494080 0.854863
vt 0.495892 0.857962
vt 0.492400 0.859312
vt 0.482264 0.853267
vt 0.486677 0.855259
vt 0.481880 0.859506
vt 0.476923 0.860801
vt 0.478868 0.863838
vt 0.473827 0.865108
vt 0.648732 0.929937
vt 0.644340 0.928828
vt 0.646050 0.924180
vt 0.477221 0.878821
vt 0.473618 0.880284
vt 0.475427 0.873014
vt 0.475427 0.873014
vt 0.479756 0.876090
vt 0.477221 0.878821
vt 0.480981 0.880420
vt 0.477221 0.878821
vt 0.479756 0.876090
vt 0.491242 0.863311
vt 0.487749 0.860859
vt 0.492400 0.859312
vt 0.488477 0.865677
vt 0.487749 0.860859
vt 0.491242 0.863311
vt 0.483560 0.876962
vt 0.485960 0.874036
vt 0.487855 0.877941
vt 0.562129 0.821121
vt 0.566473 0.819416
vt 0.566569 0.823701
vt 0.630737 0.921030
vt 0.623608 0.921762
vt 0.626404 0.916295
vt 0.481880 0.859506
vt 0.478868 0.863838
vt 0.476923 0.860801
vt 0.506645 0.889684
vt 0.509742 0.893785
vt 0.502564 0.892743
vt 0.618081 0.916575
vt 0.615867 0.921177
vt 0.610432 0.918310
vt 0.610432 0.918310
vt 0.615867 0.921177
vt 0.608813 0.923077
vt 0.612121 0.914762
vt 0.618081 0.916575
vt 0.610432 0.918310
vt 0.606167 0.915577
vt 0.612121 0.914762
vt 0.610432 0.918310
vt 0.615631 0.910631
vt 0.623378 0.911402
vt 0.616644 0.912919
vt 0.619137 0.924578
vt 0.615867 0.921177
vt 0.623608 0.921762
vt 0.573124 0.909460
vt 0.573067 0.906500
vt 0.577826 0.907768
vt 0.623608 0.921762
vt 0.615867 0.921177
vt 0.618081 0.916575
vt 0.502051 0.838987
vt 0.498832 0.833927
vt 0.504420 0.834523
vt 0.445559 0.857556
vt 0.443761 0.841659
vt 0.452269 0.851516
vt 0.492239 0.840810
vt 0.492559 0.844972
vt 0.488684 0.844973
vt 0.492239 0.840810
vt 0.489455 0.835695
vt 0.494168 0.836107
vt 0.492973 0.830821
vt 0.498832 0.833927
vt 0.494168 0.836107
vt 0.637143 0.912689
vt 0.640384 0.910514
vt 0.641519 0.913275
vt 0.632517 0.924860
vt 0.630737 0.921030
vt 0.637442 0.923502
vt 0.551350 0.896093
vt 0.551846 0.899544
vt 0.546222 0.897845
vt 0.487096 0.869904
vt 0.485960 0.874036
vt 0.481944 0.872014
vt 0.506146 0.860754
vt 0.508478 0.862562
vt 0.503268 0.863782
vt 0.445559 0.857556
vt 0.452269 0.851516
vt 0.453384 0.860851
vt 0.623608 0.921762
vt 0.630737 0.921030
vt 0.628859 0.923950
vt 0.628859 0.923950
vt 0.626805 0.926471
vt 0.623608 0.921762
vt 0.596328 0.914339
vt 0.602374 0.913491
vt 0.599514 0.916059
vt 0.599514 0.916059
vt 0.602374 0.913491
vt 0.606167 0.915577
vt 0.594871 0.847239
vt 0.596760 0.850214
vt 0.592738 0.852409
vt 0.491255 0.851667
vt 0.490408 0.856424
vt 0.486677 0.855259
vt 0.478868 0.863838
vt 0.481880 0.859506
vt 0.483489 0.865738
vt 0.490408 0.856424
vt 0.491255 0.851667
vt 0.494080 0.854863
vt 0.494080 0.854863
vt 0.492400 0.859312
vt 0.490408 0.856424
vt 0.505050 0.817615
vt 0.508667 0.816007
vt 0.507061 0.821506
vt 0.498199 0.881949
vt 0.497300 0.878765
vt 0.501775 0.880800
vt 0.581391 0.904839
vt 0.589872 0.904793
vt 0.583614 0.907342
vt 0.494168 0.836107
vt 0.497291 0.839508
vt 0.492239 0.840810
vt 0.631555 0.977870
vt 0.629989 0.976271
vt 0.636682 0.974610
vt 0.636682 0.974610
vt 0.637553 0.976453
vt 0.631555 0.977870
vt 0.497291 0.839508
vt 0.494168 0.836107
vt 0.498832 0.833927
vt 0.493583 0.847711
vt 0.490906 0.847648
vt 0.492559 0.844972
vt 0.512067 0.854036
vt 0.513944 0.858498
vt 0.508723 0.857946
vt 0.502556 0.825382
vt 0.502082 0.820885
vt 0.507061 0.821506
vt 0.498977 0.823840
vt 0.502082 0.820885
vt 0.502556 0.825382
vt 0.549210 0.774625
vt 0.549830 0.767356
vt 0.555160 0.771576
vt 0.492973 0.830821
vt 0.487077 0.831336
vt 0.488729 0.826308
vt 0.492973 0.830821
vt 0.488729 0.826308
vt 0.494321 0.824033
vt 0.498180 0.828128
vt 0.498832 0.833927
vt 0.492973 0.830821
vt 0.498180 0.828128
vt 0.492973 0.830821
vt 0.494321 0.824033
vt 0.498977 0.823840
vt 0.498180 0.828128
vt 0.494321 0.824033
vt 0.467474 0.848298
vt 0.459987 0.848779
vt 0.461686 0.839223
vt 0.502556 0.825382
vt 0.507061 0.821506
vt 0.506681 0.826964
vt 0.516994 0.836911
vt 0.512290 0.835811
vt 0.515894 0.832833
vt 0.505757 0.812619
vt 0.510268 0.811723
vt 0.508667 0.816007
vt 0.683602 0.971489
vt 0.680906 0.973628
vt 0.678822 0.972409
vt 0.681276 0.975490
vt 0.676196 0.976051
vt 0.680906 0.973628
vt 0.499734 0.859514
vt 0.502913 0.855196
vt 0.504724 0.858386
vt 0.522287 0.837329
vt 0.518078 0.842082
vt 0.516994 0.836911
vt 0.514531 0.869015
vt 0.517722 0.872707
vt 0.513179 0.874120
vt 0.506146 0.860754
vt 0.508723 0.857946
vt 0.508478 0.862562
vt 0.518698 0.854231
vt 0.519659 0.859721
vt 0.513944 0.858498
vt 0.515853 0.851542
vt 0.513944 0.858498
vt 0.512067 0.854036
vt 0.644340 0.928828
vt 0.648732 0.929937
vt 0.643694 0.935182
vt 0.639942 0.929797
vt 0.644340 0.928828
vt 0.643694 0.935182
vt 0.635151 0.829308
vt 0.632657 0.831932
vt 0.632879 0.828099
vt 0.583614 0.907342
vt 0.589872 0.904793
vt 0.589659 0.907262
vt 0.597367 0.904850
vt 0.589659 0.907262
vt 0.589872 0.904793
vt 0.551846 0.899544
vt 0.546382 0.899572
vt 0.546222 0.897845
vt 0.499514 0.884930
vt 0.501775 0.880800
vt 0.504280 0.885576
vt 0.498199 0.881949
vt 0.501775 0.880800
vt 0.499514 0.884930
vt 0.510049 0.886430
vt 0.506764 0.881787
vt 0.510638 0.882129
vt 0.492849 0.885763
vt 0.495098 0.883132
vt 0.496054 0.888617
vt 0.498199 0.881949
vt 0.495098 0.883132
vt 0.497300 0.878765
vt 0.670411 0.977871
vt 0.663339 0.979084
vt 0.667892 0.976873
vt 0.612121 0.914762
vt 0.606167 0.915577
vt 0.608782 0.911885
vt 0.608782 0.911885
vt 0.606167 0.915577
vt 0.602374 0.913491
vt 0.643434 0.974241
vt 0.644548 0.975891
vt 0.641210 0.976005
vt 0.633319 0.979038
vt 0.631402 0.980991
vt 0.626989 0.981602
vt 0.612574 0.909862
vt 0.615631 0.910631
vt 0.608782 0.911885
vt 0.633319 0.979038
vt 0.634379 0.979837
vt 0.631402 0.980991
vt 0.639245 0.978507
vt 0.634552 0.981299
vt 0.634379 0.979837
vt 0.599890 0.912341
vt 0.603397 0.911951
vt 0.602374 0.913491
vt 0.230611 0.993070
vt 0.225607 0.993560
vt 0.225106 0.992582
vt 0.612121 0.914762
vt 0.616644 0.912919
vt 0.618081 0.916575
vt 0.618081 0.916575
vt 0.616644 0.912919
vt 0.621147 0.913876
vt 0.656086 0.937298
vt 0.654800 0.940392
vt 0.652364 0.937954
vt 0.640128 0.918570
vt 0.642397 0.922220
vt 0.637442 0.923502
vt 0.640128 0.918570
vt 0.637442 0.923502
vt 0.634262 0.917909
vt 0.640384 0.910514
vt 0.637143 0.912689
vt 0.632563 0.909607
vt 0.644663 0.920033
vt 0.646050 0.924180
vt 0.642397 0.922220
vt 0.642244 0.925502
vt 0.642397 0.922220
vt 0.646050 0.924180
vt 0.642397 0.922220
vt 0.642244 0.925502
vt 0.637442 0.923502
vt 0.641519 0.913275
vt 0.639966 0.915057
vt 0.637143 0.912689
vt 0.646050 0.924180
vt 0.644340 0.928828
vt 0.642244 0.925502
vt 0.634262 0.917909
vt 0.636860 0.915481
vt 0.640128 0.918570
vt 0.668376 0.974826
vt 0.674768 0.972037
vt 0.673661 0.974876
vt 0.636860 0.915481
vt 0.639966 0.915057
vt 0.640128 0.918570
vt 0.626404 0.916295
vt 0.623378 0.911402
vt 0.631865 0.913627
vt 0.616644 0.912919
vt 0.623378 0.911402
vt 0.621147 0.913876
vt 0.631865 0.913627
vt 0.623378 0.911402
vt 0.632563 0.909607
vt 0.649119 0.919529
vt 0.654451 0.922896
vt 0.650444 0.924794
vt 0.634262 0.917909
vt 0.631865 0.913627
vt 0.636860 0.915481
vt 0.626404 0.916295
vt 0.631865 0.913627
vt 0.634262 0.917909
vt 0.626404 0.916295
vt 0.634262 0.917909
vt 0.630737 0.921030
vt 0.637143 0.912689
vt 0.639966 0.915057
vt 0.636860 0.915481
vt 0.636860 0.915481
vt 0.631865 0.913627
vt 0.637143 0.912689
vt 0.654624 0.914452
vt 0.652005 0.916484
vt 0.647393 0.913263
vt 0.430652 0.629332
vt 0.427680 0.621933
vt 0.423278 0.629017
vt 0.639966 0.915057
vt 0.641519 0.913275
vt 0.643923 0.916357
vt 0.643923 0.916357
vt 0.641519 0.913275
vt 0.647393 0.913263
vt 0.649119 0.919529
vt 0.650444 0.924794
vt 0.646050 0.924180
vt 0.646050 0.924180
vt 0.644663 0.920033
vt 0.649119 0.919529
vt 0.571444 0.904116
vt 0.575893 0.904359
vt 0.573067 0.906500
vt 0.575893 0.904359
vt 0.581391 0.904839
vt 0.573067 0.906500
vt 0.577826 0.907768
vt 0.573067 0.906500
vt 0.581391 0.904839
vt 0.631555 0.977870
vt 0.637553 0.976453
vt 0.633319 0.979038
vt 0.637553 0.976453
vt 0.639245 0.978507
vt 0.633319 0.979038
vt 0.651781 0.974759
vt 0.643434 0.974241
vt 0.649346 0.971608
vt 0.623378 0.911402
vt 0.624196 0.907587
vt 0.632563 0.909607
vt 0.639663 0.940295
vt 0.636593 0.940941
vt 0.636735 0.936128
vt 0.636682 0.974610
vt 0.643434 0.974241
vt 0.637553 0.976453
vt 0.637553 0.976453
vt 0.643434 0.974241
vt 0.641210 0.976005
vt 0.641210 0.976005
vt 0.639245 0.978507
vt 0.637553 0.976453
vt 0.648732 0.929937
vt 0.653243 0.928329
vt 0.653475 0.933299
vt 0.583614 0.907342
vt 0.579253 0.909674
vt 0.577826 0.907768
vt 0.577826 0.907768
vt 0.579253 0.909674
vt 0.573124 0.909460
vt 0.579253 0.909674
vt 0.583614 0.907342
vt 0.584391 0.909279
vt 0.664052 0.977073
vt 0.662796 0.975384
vt 0.668376 0.974826
vt 0.664052 0.977073
vt 0.668376 0.974826
vt 0.667892 0.976873
vt 0.663339 0.979084
vt 0.664052 0.977073
vt 0.667892 0.976873
vt 0.667892 0.976873
vt 0.668376 0.974826
vt 0.673661 0.974876
vt 0.561751 0.825566
vt 0.565223 0.828249
vt 0.559215 0.829498
vt 0.559215 0.829498
vt 0.555231 0.823620
vt 0.561751 0.825566
vt 0.509348 0.877532
vt 0.510638 0.882129
vt 0.506764 0.881787
vt 0.501775 0.880800
vt 0.505194 0.877130
vt 0.506764 0.881787
vt 0.506764 0.881787
vt 0.505194 0.877130
vt 0.509348 0.877532
vt 0.513753 0.884219
vt 0.510638 0.882129
vt 0.514092 0.879555
vt 0.514092 0.879555
vt 0.518829 0.883288
vt 0.513753 0.884219
vt 0.516641 0.888404
vt 0.513753 0.884219
vt 0.518829 0.883288
vt 0.569750 0.820415
vt 0.566569 0.823701
vt 0.566473 0.819416
vt 0.578864 0.829763
vt 0.574337 0.833780
vt 0.575520 0.827577
vt 0.559215 0.829498
vt 0.565223 0.828249
vt 0.564065 0.832839
vt 0.554801 0.902469
vt 0.552450 0.904584
vt 0.546195 0.902279
vt 0.554801 0.902469
vt 0.558390 0.904952
vt 0.552450 0.904584
vt 0.555288 0.906475
vt 0.552450 0.904584
vt 0.558390 0.904952
vt 0.554801 0.902469
vt 0.561354 0.902789
vt 0.558390 0.904952
vt 0.567078 0.908750
vt 0.559905 0.907951
vt 0.565247 0.905406
vt 0.559905 0.907951
vt 0.558390 0.904952
vt 0.565247 0.905406
vt 0.797305 0.993549
vt 0.799118 0.991825
vt 0.801732 0.994151
vt 0.565247 0.905406
vt 0.573067 0.906500
vt 0.567078 0.908750
vt 0.565247 0.905406
vt 0.571444 0.904116
vt 0.573067 0.906500
vt 0.567192 0.902721
vt 0.571444 0.904116
vt 0.565247 0.905406
vt 0.565247 0.905406
vt 0.558390 0.904952
vt 0.561354 0.902789
vt 0.561354 0.902789
vt 0.567192 0.902721
vt 0.565247 0.905406
vt 0.507457 0.870343
vt 0.505194 0.877130
vt 0.501171 0.874914
vt 0.499807 0.869258
vt 0.507457 0.870343
vt 0.501171 0.874914
vt 0.505194 0.877130
vt 0.507457 0.870343
vt 0.509348 0.877532
vt 0.513944 0.858498
vt 0.515853 0.851542
vt 0.518698 0.854231
vt 0.536184 0.829085
vt 0.544528 0.830076
vt 0.541093 0.834813
vt 0.508723 0.857946
vt 0.507976 0.853208
vt 0.512067 0.854036
vt 0.505015 0.843900
vt 0.511908 0.841414
vt 0.509442 0.847370
vt 0.508478 0.862562
vt 0.513944 0.858498
vt 0.511939 0.864884
vt 0.519659 0.859721
vt 0.516904 0.864361
vt 0.513944 0.858498
vt 0.511939 0.864884
vt 0.513944 0.858498
vt 0.516904 0.864361
vt 0.531385 0.816474
vt 0.525973 0.811152
vt 0.535681 0.811636
vt 0.507976 0.853208
vt 0.509442 0.847370
vt 0.512891 0.849469
vt 0.525973 0.811152
vt 0.524771 0.806048
vt 0.529280 0.804552
vt 0.516502 0.846924
vt 0.514010 0.845183
vt 0.518078 0.842082
vt 0.511908 0.841414
vt 0.512290 0.835811
vt 0.516994 0.836911
vt 0.516994 0.836911
vt 0.518078 0.842082
vt 0.511908 0.841414
vt 0.527651 0.833214
vt 0.525793 0.826614
vt 0.536184 0.829085
vt 0.469259 0.875693
vt 0.466584 0.869224
vt 0.470509 0.869346
vt 0.470509 0.869346
vt 0.466584 0.869224
vt 0.468169 0.863484
vt 0.518078 0.842082
vt 0.522287 0.837329
vt 0.523228 0.842156
vt 0.694942 0.962255
vt 0.690529 0.970436
vt 0.696959 0.969427
vt 0.495651 0.873764
vt 0.497300 0.878765
vt 0.492512 0.878266
vt 0.512891 0.849469
vt 0.515853 0.851542
vt 0.512067 0.854036
vt 0.512891 0.849469
vt 0.512067 0.854036
vt 0.507976 0.853208
vt 0.514010 0.845183
vt 0.516502 0.846924
vt 0.512891 0.849469
vt 0.512891 0.849469
vt 0.516502 0.846924
vt 0.515853 0.851542
vt 0.515853 0.851542
vt 0.516502 0.846924
vt 0.520192 0.847859
vt 0.508599 0.834247
vt 0.512290 0.835811
vt 0.507345 0.838320
vt 0.511908 0.841414
vt 0.507345 0.838320
vt 0.512290 0.835811
vt 0.511908 0.841414
vt 0.518078 0.842082
vt 0.514010 0.845183
vt 0.509442 0.847370
vt 0.511908 0.841414
vt 0.514010 0.845183
vt 0.509442 0.847370
vt 0.514010 0.845183
vt 0.512891 0.849469
vt 0.464302 0.857478
vt 0.459987 0.848779
vt 0.467474 0.848298
vt 0.508667 0.816007
vt 0.510268 0.811723
vt 0.511659 0.814437
vt 0.721654 0.980337
vt 0.729684 0.979058
vt 0.726123 0.976827
vt 0.490151 0.873647
vt 0.492512 0.878266
vt 0.487855 0.877941
vt 0.485960 0.874036
vt 0.490151 0.873647
vt 0.487855 0.877941
vt 0.512290 0.835811
vt 0.508599 0.834247
vt 0.511853 0.830807
vt 0.511853 0.830807
vt 0.515894 0.832833
vt 0.512290 0.835811
vt 0.521208 0.832340
vt 0.516994 0.836911
vt 0.515894 0.832833
vt 0.504042 0.850280
vt 0.505015 0.843900
vt 0.509442 0.847370
vt 0.507345 0.838320
vt 0.511908 0.841414
vt 0.505015 0.843900
vt 0.494080 0.854863
vt 0.498941 0.853691
vt 0.495892 0.857962
vt 0.486677 0.855259
vt 0.490408 0.856424
vt 0.487749 0.860859
vt 0.452874 0.837862
vt 0.452269 0.851516
vt 0.443761 0.841659
vt 0.463852 0.874993
vt 0.462518 0.867972
vt 0.466584 0.869224
vt 0.494965 0.862246
vt 0.498139 0.864664
vt 0.493170 0.867893
vt 0.502913 0.855196
vt 0.498941 0.853691
vt 0.504042 0.850280
vt 0.499734 0.859514
vt 0.495892 0.857962
vt 0.498941 0.853691
vt 0.497291 0.839508
vt 0.500086 0.843023
vt 0.496099 0.844754
vt 0.502051 0.838987
vt 0.500086 0.843023
vt 0.497291 0.839508
vt 0.453384 0.860851
vt 0.452269 0.851516
vt 0.458828 0.860410
vt 0.458828 0.860410
vt 0.462518 0.867972
vt 0.457782 0.871709
vt 0.505015 0.843900
vt 0.504042 0.850280
vt 0.499948 0.847813
vt 0.499948 0.847813
vt 0.504042 0.850280
vt 0.498941 0.853691
vt 0.507976 0.853208
vt 0.504042 0.850280
vt 0.509442 0.847370
vt 0.463852 0.874993
vt 0.469259 0.875693
vt 0.466216 0.881176
vt 0.457782 0.871709
vt 0.462518 0.867972
vt 0.463852 0.874993
vt 0.491255 0.851667
vt 0.486677 0.855259
vt 0.487185 0.849887
vt 0.487185 0.849887
vt 0.490906 0.847648
vt 0.491255 0.851667
vt 0.495892 0.857962
vt 0.494965 0.862246
vt 0.492400 0.859312
vt 0.491242 0.863311
vt 0.494965 0.862246
vt 0.493170 0.867893
vt 0.488477 0.865677
vt 0.491242 0.863311
vt 0.493170 0.867893
vt 0.494965 0.862246
vt 0.491242 0.863311
vt 0.492400 0.859312
vt 0.502913 0.855196
vt 0.504042 0.850280
vt 0.507976 0.853208
vt 0.504724 0.858386
vt 0.502913 0.855196
vt 0.507976 0.853208
vt 0.498832 0.833927
vt 0.502912 0.830059
vt 0.504420 0.834523
vt 0.498180 0.828128
vt 0.502912 0.830059
vt 0.498832 0.833927
vt 0.485960 0.874036
vt 0.487096 0.869904
vt 0.490151 0.873647
vt 0.489933 0.883034
vt 0.487855 0.877941
vt 0.492512 0.878266
vt 0.489933 0.883034
vt 0.492512 0.878266
vt 0.495098 0.883132
vt 0.492512 0.878266
vt 0.490151 0.873647
vt 0.495651 0.873764
vt 0.495651 0.873764
vt 0.490151 0.873647
vt 0.493170 0.867893
vt 0.487096 0.869904
vt 0.488477 0.865677
vt 0.493170 0.867893
vt 0.470942 0.804907
vt 0.474001 0.799250
vt 0.477146 0.804417
vt 0.504724 0.858386
vt 0.508723 0.857946
vt 0.506146 0.860754
vt 0.508723 0.857946
vt 0.504724 0.858386
vt 0.507976 0.853208
vt 0.499948 0.847813
vt 0.495720 0.850068
vt 0.496099 0.844754
vt 0.493170 0.867893
vt 0.498139 0.864664
vt 0.499807 0.869258
vt 0.499807 0.869258
vt 0.495651 0.873764
vt 0.493170 0.867893
vt 0.499807 0.869258
vt 0.498139 0.864664
vt 0.503268 0.863782
vt 0.504724 0.858386
vt 0.506146 0.860754
vt 0.503268 0.863782
vt 0.499734 0.859514
vt 0.498139 0.864664
vt 0.494965 0.862246
vt 0.495892 0.857962
vt 0.499734 0.859514
vt 0.494965 0.862246
vt 0.503268 0.863782
vt 0.499734 0.859514
vt 0.504724 0.858386
vt 0.463633 0.881686
vt 0.463852 0.874993
vt 0.466216 0.881176
vt 0.487096 0.869904
vt 0.493170 0.867893
vt 0.490151 0.873647
vt 0.459529 0.881939
vt 0.457782 0.871709
vt 0.463852 0.874993
vt 0.459529 0.881939
vt 0.463852 0.874993
vt 0.463633 0.881686
vt 0.571806 0.824208
vt 0.569750 0.820415
vt 0.574266 0.818495
vt 0.453384 0.860851
vt 0.458828 0.860410
vt 0.456053 0.865660
vt 0.466321 0.840303
vt 0.461686 0.839223
vt 0.465633 0.833480
vt 0.493583 0.847711
vt 0.496099 0.844754
vt 0.495720 0.850068
vt 0.491255 0.851667
vt 0.495720 0.850068
vt 0.494080 0.854863
vt 0.499948 0.847813
vt 0.498941 0.853691
vt 0.495720 0.850068
vt 0.511853 0.830807
vt 0.508599 0.834247
vt 0.507271 0.830881
vt 0.498941 0.853691
vt 0.494080 0.854863
vt 0.495720 0.850068
vt 0.465633 0.833480
vt 0.461686 0.839223
vt 0.460340 0.824432
vt 0.498139 0.864664
vt 0.499734 0.859514
vt 0.503268 0.863782
vt 0.457782 0.871709
vt 0.456053 0.865660
vt 0.458828 0.860410
vt 0.499734 0.859514
vt 0.498941 0.853691
vt 0.502913 0.855196
vt 0.493583 0.847711
vt 0.495720 0.850068
vt 0.491255 0.851667
vt 0.493583 0.847711
vt 0.491255 0.851667
vt 0.490906 0.847648
vt 0.461686 0.839223
vt 0.466321 0.840303
vt 0.467474 0.848298
vt 0.467474 0.848298
vt 0.466321 0.840303
vt 0.468063 0.843637
vt 0.468063 0.843637
vt 0.469250 0.845182
vt 0.467474 0.848298
vt 0.524174 0.801700
vt 0.524771 0.806048
vt 0.520134 0.806014
vt 0.456085 0.850089
vt 0.452874 0.837862
vt 0.459987 0.848779
vt 0.452269 0.851516
vt 0.452874 0.837862
vt 0.456085 0.850089
vt 0.458828 0.860410
vt 0.459987 0.848779
vt 0.464302 0.857478
vt 0.506681 0.826964
vt 0.502912 0.830059
vt 0.502556 0.825382
vt 0.456085 0.850089
vt 0.458828 0.860410
vt 0.452269 0.851516
vt 0.459987 0.848779
vt 0.458828 0.860410
vt 0.456085 0.850089
vt 0.500086 0.843023
vt 0.499948 0.847813
vt 0.496099 0.844754
vt 0.499948 0.847813
vt 0.500086 0.843023
vt 0.505015 0.843900
vt 0.505015 0.843900
vt 0.500086 0.843023
vt 0.502051 0.838987
vt 0.502051 0.838987
vt 0.507345 0.838320
vt 0.505015 0.843900
vt 0.694942 0.962255
vt 0.696959 0.969427
vt 0.703261 0.972839
vt 0.506681 0.826964
vt 0.509370 0.828413
vt 0.507271 0.830881
vt 0.504420 0.834523
vt 0.508599 0.834247
vt 0.507345 0.838320
vt 0.502556 0.825382
vt 0.502912 0.830059
vt 0.498180 0.828128
vt 0.506681 0.826964
vt 0.507271 0.830881
vt 0.502912 0.830059
vt 0.497291 0.839508
vt 0.498832 0.833927
vt 0.502051 0.838987
vt 0.508599 0.834247
vt 0.504420 0.834523
vt 0.507271 0.830881
vt 0.712398 0.977477
vt 0.717117 0.980444
vt 0.720326 0.975487
vt 0.712263 0.981777
vt 0.721654 0.980337
vt 0.717117 0.980444
vt 0.717117 0.980444
vt 0.712398 0.977477
vt 0.712263 0.981777
vt 0.546551 0.825399
vt 0.542187 0.827309
vt 0.540018 0.824076
vt 0.532958 0.835802
vt 0.536184 0.829085
vt 0.541093 0.834813
vt 0.527651 0.833214
vt 0.536184 0.829085
vt 0.532958 0.835802
vt 0.592544 0.844137
vt 0.596945 0.842380
vt 0.594871 0.847239
vt 0.460894 0.817781
vt 0.460340 0.824432
vt 0.458396 0.812532
vt 0.452874 0.837862
vt 0.460340 0.824432
vt 0.461686 0.839223
vt 0.703261 0.972839
vt 0.712907 0.967864
vt 0.694942 0.962255
vt 0.452874 0.837862
vt 0.449498 0.817870
vt 0.460340 0.824432
vt 0.712263 0.981777
vt 0.712398 0.977477
vt 0.707286 0.980023
vt 0.720326 0.975487
vt 0.712907 0.967864
vt 0.712398 0.977477
vt 0.712398 0.977477
vt 0.712907 0.967864
vt 0.703261 0.972839
vt 0.707286 0.980023
vt 0.712398 0.977477
vt 0.703261 0.972839
vt 0.259766 0.998047
vt 0.259766 0.998047
vt 0.259766 0.998047
vt 0.542187 0.827309
vt 0.544528 0.830076
vt 0.536184 0.829085
vt 0.542187 0.827309
vt 0.536184 0.829085
vt 0.540018 0.824076
vt 0.529042 0.818966
vt 0.526654 0.820962
vt 0.525320 0.817215
vt 0.552147 0.829840
vt 0.555231 0.823620
vt 0.559215 0.829498
vt 0.459324 0.792001
vt 0.459744 0.802933
vt 0.449534 0.799888
vt 0.548801 0.833817
vt 0.552147 0.829840
vt 0.556776 0.834722
vt 0.552223 0.836833
vt 0.548801 0.833817
vt 0.556776 0.834722
vt 0.547500 0.837707
vt 0.541093 0.834813
vt 0.548801 0.833817
vt 0.544528 0.830076
vt 0.548801 0.833817
vt 0.541093 0.834813
vt 0.517716 0.828102
vt 0.525793 0.826614
vt 0.521208 0.832340
vt 0.521208 0.832340
vt 0.515894 0.832833
vt 0.517716 0.828102
vt 0.509370 0.828413
vt 0.511928 0.824913
vt 0.511853 0.830807
vt 0.511853 0.830807
vt 0.507271 0.830881
vt 0.509370 0.828413
vt 0.506681 0.826964
vt 0.507061 0.821506
vt 0.511928 0.824913
vt 0.534249 0.762569
vt 0.526780 0.762268
vt 0.528308 0.757074
vt 0.526529 0.766876
vt 0.526780 0.762268
vt 0.534249 0.762569
vt 0.259766 0.998047
vt 0.259766 0.998047
vt 0.259766 0.998047
vt 0.517716 0.828102
vt 0.511853 0.830807
vt 0.511928 0.824913
vt 0.517716 0.828102
vt 0.511928 0.824913
vt 0.519758 0.821389
vt 0.511853 0.830807
vt 0.517716 0.828102
vt 0.515894 0.832833
vt 0.525793 0.826614
vt 0.519758 0.821389
vt 0.526654 0.820962
vt 0.517716 0.828102
vt 0.519758 0.821389
vt 0.525793 0.826614
vt 0.466978 0.814154
vt 0.464361 0.806455
vt 0.467772 0.808238
vt 0.449498 0.817870
vt 0.458396 0.812532
vt 0.460340 0.824432
vt 0.449498 0.817870
vt 0.449534 0.799888
vt 0.458396 0.812532
vt 0.720326 0.975487
vt 0.729411 0.969941
vt 0.712907 0.967864
vt 0.726123 0.976827
vt 0.729411 0.969941
vt 0.720326 0.975487
vt 0.548801 0.833817
vt 0.552223 0.836833
vt 0.547500 0.837707
vt 0.522918 0.808410
vt 0.525973 0.811152
vt 0.520698 0.810361
vt 0.589989 0.813840
vt 0.589704 0.810381
vt 0.593298 0.808560
vt 0.593298 0.808560
vt 0.589704 0.810381
vt 0.589779 0.807707
vt 0.525973 0.811152
vt 0.531385 0.816474
vt 0.525320 0.817215
vt 0.525320 0.817215
vt 0.531385 0.816474
vt 0.529042 0.818966
vt 0.513118 0.817889
vt 0.511928 0.824913
vt 0.507061 0.821506
vt 0.513118 0.817889
vt 0.519758 0.821389
vt 0.511928 0.824913
vt 0.474325 0.807955
vt 0.477686 0.809888
vt 0.472798 0.812601
vt 0.470942 0.804907
vt 0.474325 0.807955
vt 0.472798 0.812601
vt 0.519758 0.821389
vt 0.513118 0.817889
vt 0.519580 0.814877
vt 0.517240 0.803015
vt 0.521017 0.800910
vt 0.520134 0.806014
vt 0.573124 0.909460
vt 0.568872 0.911582
vt 0.567078 0.908750
vt 0.548463 0.814462
vt 0.548426 0.820174
vt 0.542861 0.816483
vt 0.510268 0.811723
vt 0.505757 0.812619
vt 0.508629 0.806907
vt 0.542368 0.802162
vt 0.544119 0.800738
vt 0.545379 0.802572
vt 0.253596 0.992314
vt 0.252084 0.993770
vt 0.255358 0.993601
vt 0.519580 0.814877
vt 0.513118 0.817889
vt 0.515114 0.811459
vt 0.543472 0.821281
vt 0.548426 0.820174
vt 0.546551 0.825399
vt 0.522918 0.808410
vt 0.524771 0.806048
vt 0.525973 0.811152
vt 0.520134 0.806014
vt 0.522918 0.808410
vt 0.520698 0.810361
vt 0.525973 0.811152
vt 0.525320 0.817215
vt 0.519580 0.814877
vt 0.519580 0.814877
vt 0.525320 0.817215
vt 0.519758 0.821389
vt 0.532865 0.822056
vt 0.536184 0.829085
vt 0.525793 0.826614
vt 0.536184 0.829085
vt 0.532865 0.822056
vt 0.540018 0.824076
vt 0.529042 0.818966
vt 0.532865 0.822056
vt 0.526654 0.820962
vt 0.526654 0.820962
vt 0.532865 0.822056
vt 0.525793 0.826614
vt 0.540018 0.824076
vt 0.532865 0.822056
vt 0.537918 0.818693
vt 0.585108 0.800824
vt 0.587732 0.805137
vt 0.583159 0.807593
vt 0.535681 0.811636
vt 0.537918 0.818693
vt 0.531385 0.816474
vt 0.540018 0.824076
vt 0.537918 0.818693
vt 0.543472 0.821281
vt 0.540018 0.824076
vt 0.543472 0.821281
vt 0.546551 0.825399
vt 0.569750 0.820415
vt 0.566473 0.819416
vt 0.569785 0.816370
vt 0.549638 0.783109
vt 0.546019 0.780203
vt 0.550726 0.779529
vt 0.281100 0.993708
vt 0.273727 0.994391
vt 0.276286 0.992637
vt 0.565440 0.840313
vt 0.568765 0.841981
vt 0.565803 0.845161
vt 0.569785 0.816370
vt 0.574266 0.818495
vt 0.569750 0.820415
vt 0.569785 0.816370
vt 0.574044 0.813000
vt 0.574266 0.818495
vt 0.577497 0.814755
vt 0.574266 0.818495
vt 0.574044 0.813000
vt 0.546195 0.902279
vt 0.551846 0.899544
vt 0.554801 0.902469
vt 0.517240 0.803015
vt 0.515090 0.800546
vt 0.518711 0.798741
vt 0.517240 0.803015
vt 0.518711 0.798741
vt 0.521017 0.800910
vt 0.563256 0.807520
vt 0.558984 0.810408
vt 0.559398 0.807098
vt 0.569785 0.816370
vt 0.566473 0.819416
vt 0.564837 0.815527
vt 0.569867 0.811506
vt 0.569785 0.816370
vt 0.564837 0.815527
vt 0.513047 0.804497
vt 0.512278 0.808478
vt 0.508629 0.806907
vt 0.548426 0.820174
vt 0.553576 0.817031
vt 0.555231 0.823620
vt 0.553576 0.817031
vt 0.548426 0.820174
vt 0.548463 0.814462
vt 0.513047 0.804497
vt 0.508629 0.806907
vt 0.510766 0.800561
vt 0.571806 0.824208
vt 0.568465 0.826645
vt 0.566569 0.823701
vt 0.569750 0.820415
vt 0.571806 0.824208
vt 0.566569 0.823701
vt 0.513118 0.817889
vt 0.511659 0.814437
vt 0.515114 0.811459
vt 0.561751 0.825566
vt 0.555231 0.823620
vt 0.562129 0.821121
vt 0.571206 0.842890
vt 0.570982 0.839105
vt 0.575267 0.839331
vt 0.552223 0.836833
vt 0.556776 0.834722
vt 0.555258 0.837972
vt 0.565440 0.840313
vt 0.565803 0.845161
vt 0.560622 0.842459
vt 0.559241 0.839112
vt 0.565440 0.840313
vt 0.560622 0.842459
vt 0.564065 0.832839
vt 0.568395 0.835619
vt 0.563083 0.836896
vt 0.587957 0.826861
vt 0.590327 0.829509
vt 0.585563 0.831714
vt 0.551846 0.899544
vt 0.551350 0.896093
vt 0.558852 0.898524
vt 0.561238 0.812707
vt 0.558984 0.810408
vt 0.563256 0.807520
vt 0.564837 0.815527
vt 0.562129 0.821121
vt 0.558812 0.817588
vt 0.562129 0.821121
vt 0.564837 0.815527
vt 0.566473 0.819416
vt 0.565803 0.845161
vt 0.568765 0.841981
vt 0.571206 0.842890
vt 0.571206 0.842890
vt 0.570905 0.846563
vt 0.565803 0.845161
vt 0.574408 0.849348
vt 0.580013 0.845080
vt 0.579604 0.850984
vt 0.574337 0.833780
vt 0.568395 0.835619
vt 0.569978 0.829933
vt 0.526317 0.909309
vt 0.529166 0.905694
vt 0.532369 0.908251
vt 0.529166 0.905694
vt 0.536173 0.905716
vt 0.532369 0.908251
vt 0.558812 0.817588
vt 0.562129 0.821121
vt 0.555231 0.823620
vt 0.504220 0.808134
vt 0.508629 0.806907
vt 0.505757 0.812619
vt 0.598826 0.826920
vt 0.594319 0.831448
vt 0.594903 0.825533
vt 0.580150 0.835134
vt 0.585104 0.836933
vt 0.581782 0.840213
vt 0.557205 0.813851
vt 0.558812 0.817588
vt 0.553576 0.817031
vt 0.553576 0.817031
vt 0.558812 0.817588
vt 0.555231 0.823620
vt 0.580150 0.835134
vt 0.575267 0.839331
vt 0.574337 0.833780
vt 0.594871 0.847239
vt 0.592738 0.852409
vt 0.590116 0.847653
vt 0.587652 0.852093
vt 0.592738 0.852409
vt 0.588782 0.857346
vt 0.584822 0.856478
vt 0.587652 0.852093
vt 0.588782 0.857346
vt 0.613139 0.847029
vt 0.615782 0.843934
vt 0.616418 0.847666
vt 0.707788 0.883972
vt 0.706633 0.881236
vt 0.714797 0.881206
vt 0.590366 0.833116
vt 0.587876 0.833843
vt 0.590327 0.829509
vt 0.590327 0.829509
vt 0.587876 0.833843
vt 0.585563 0.831714
vt 0.587876 0.833843
vt 0.585104 0.836933
vt 0.585563 0.831714
vt 0.594319 0.831448
vt 0.590366 0.833116
vt 0.590327 0.829509
vt 0.594903 0.825533
vt 0.594319 0.831448
vt 0.590327 0.829509
vt 0.581782 0.840213
vt 0.586948 0.842477
vt 0.580013 0.845080
vt 0.586948 0.842477
vt 0.581782 0.840213
vt 0.585104 0.836933
vt 0.494321 0.824033
vt 0.490264 0.821155
vt 0.494417 0.818767
vt 0.623536 0.903129
vt 0.621242 0.905040
vt 0.616638 0.903440
vt 0.614319 0.901581
vt 0.623536 0.903129
vt 0.616638 0.903440
vt 0.602652 0.823427
vt 0.602020 0.827787
vt 0.598826 0.826920
vt 0.605280 0.825837
vt 0.602020 0.827787
vt 0.602652 0.823427
vt 0.605280 0.825837
vt 0.607227 0.828057
vt 0.603951 0.830206
vt 0.605280 0.825837
vt 0.603951 0.830206
vt 0.602020 0.827787
vt 0.603951 0.830206
vt 0.599504 0.831508
vt 0.602020 0.827787
vt 0.599504 0.831508
vt 0.603951 0.830206
vt 0.602084 0.834583
vt 0.592755 0.840642
vt 0.592544 0.844137
vt 0.586948 0.842477
vt 0.586948 0.842477
vt 0.590137 0.836807
vt 0.592755 0.840642
vt 0.590116 0.847653
vt 0.592544 0.844137
vt 0.594871 0.847239
vt 0.606861 0.832225
vt 0.608174 0.834853
vt 0.605068 0.837448
vt 0.590116 0.847653
vt 0.592738 0.852409
vt 0.587652 0.852093
vt 0.594319 0.831448
vt 0.590137 0.836807
vt 0.590366 0.833116
vt 0.592544 0.844137
vt 0.592755 0.840642
vt 0.596945 0.842380
vt 0.596945 0.842380
vt 0.596682 0.836773
vt 0.600621 0.838732
vt 0.592755 0.840642
vt 0.596682 0.836773
vt 0.596945 0.842380
vt 0.592755 0.840642
vt 0.590137 0.836807
vt 0.596682 0.836773
vt 0.594319 0.831448
vt 0.596682 0.836773
vt 0.590137 0.836807
vt 0.600621 0.838732
vt 0.602084 0.834583
vt 0.605068 0.837448
vt 0.594871 0.847239
vt 0.596945 0.842380
vt 0.598911 0.846450
vt 0.598911 0.846450
vt 0.596760 0.850214
vt 0.594871 0.847239
vt 0.599504 0.831508
vt 0.596682 0.836773
vt 0.594319 0.831448
vt 0.594319 0.831448
vt 0.598826 0.826920
vt 0.599504 0.831508
vt 0.599504 0.831508
vt 0.598826 0.826920
vt 0.602020 0.827787
vt 0.600621 0.838732
vt 0.596682 0.836773
vt 0.602084 0.834583
vt 0.602084 0.834583
vt 0.596682 0.836773
vt 0.599504 0.831508
vt 0.605512 0.811792
vt 0.610182 0.808051
vt 0.608037 0.814608
vt 0.157066 0.983930
vt 0.155093 0.983671
vt 0.156055 0.980596
vt 0.575267 0.839331
vt 0.578288 0.840849
vt 0.575054 0.843999
vt 0.580013 0.845080
vt 0.575054 0.843999
vt 0.578288 0.840849
vt 0.611571 0.812299
vt 0.611108 0.817239
vt 0.608037 0.814608
vt 0.578864 0.829763
vt 0.583593 0.827492
vt 0.580150 0.835134
vt 0.580150 0.835134
vt 0.583593 0.827492
vt 0.585563 0.831714
vt 0.585563 0.831714
vt 0.585104 0.836933
vt 0.580150 0.835134
vt 0.590327 0.829509
vt 0.591775 0.823653
vt 0.594903 0.825533
vt 0.587957 0.826861
vt 0.588089 0.822589
vt 0.591775 0.823653
vt 0.591775 0.823653
vt 0.590327 0.829509
vt 0.587957 0.826861
vt 0.592302 0.818347
vt 0.591775 0.823653
vt 0.588089 0.822589
vt 0.575267 0.839331
vt 0.570982 0.839105
vt 0.574337 0.833780
vt 0.576109 0.800251
vt 0.578356 0.794865
vt 0.580794 0.798400
vt 0.541602 0.841426
vt 0.548643 0.841646
vt 0.548482 0.846302
vt 0.596426 0.800664
vt 0.592359 0.803419
vt 0.594100 0.797496
vt 0.583593 0.827492
vt 0.588089 0.822589
vt 0.587957 0.826861
vt 0.587957 0.826861
vt 0.585563 0.831714
vt 0.583593 0.827492
vt 0.508667 0.816007
vt 0.511659 0.814437
vt 0.513118 0.817889
vt 0.508667 0.816007
vt 0.513118 0.817889
vt 0.507061 0.821506
vt 0.583281 0.821522
vt 0.583593 0.827492
vt 0.579870 0.825664
vt 0.578864 0.829763
vt 0.579870 0.825664
vt 0.583593 0.827492
vt 0.548482 0.846302
vt 0.541820 0.847621
vt 0.541602 0.841426
vt 0.588089 0.822589
vt 0.583593 0.827492
vt 0.583281 0.821522
vt 0.637435 0.972283
vt 0.644426 0.970370
vt 0.642787 0.972333
vt 0.642787 0.972333
vt 0.636682 0.974610
vt 0.637435 0.972283
vt 0.588089 0.822589
vt 0.588029 0.818493
vt 0.592302 0.818347
vt 0.598747 0.797067
vt 0.600436 0.801827
vt 0.596426 0.800664
vt 0.588089 0.822589
vt 0.583281 0.821522
vt 0.588029 0.818493
vt 0.581661 0.813133
vt 0.579845 0.818023
vt 0.577497 0.814755
vt 0.571806 0.824208
vt 0.574266 0.818495
vt 0.577601 0.822516
vt 0.577601 0.822516
vt 0.574266 0.818495
vt 0.579845 0.818023
vt 0.577497 0.814755
vt 0.579845 0.818023
vt 0.574266 0.818495
vt 0.579845 0.818023
vt 0.584920 0.816145
vt 0.583281 0.821522
vt 0.577601 0.822516
vt 0.579845 0.818023
vt 0.583281 0.821522
vt 0.569978 0.829933
vt 0.568395 0.835619
vt 0.564065 0.832839
vt 0.575054 0.843999
vt 0.570905 0.846563
vt 0.571206 0.842890
vt 0.563083 0.836896
vt 0.568395 0.835619
vt 0.565440 0.840313
vt 0.565440 0.840313
vt 0.559241 0.839112
vt 0.563083 0.836896
vt 0.574337 0.833780
vt 0.569978 0.829933
vt 0.575520 0.827577
vt 0.565223 0.828249
vt 0.569978 0.829933
vt 0.564065 0.832839
vt 0.577601 0.822516
vt 0.575520 0.827577
vt 0.571806 0.824208
vt 0.577601 0.822516
vt 0.579870 0.825664
vt 0.575520 0.827577
vt 0.575520 0.827577
vt 0.579870 0.825664
vt 0.578864 0.829763
vt 0.569978 0.829933
vt 0.565223 0.828249
vt 0.568465 0.826645
vt 0.559241 0.839112
vt 0.554029 0.840675
vt 0.555258 0.837972
vt 0.571806 0.824208
vt 0.575520 0.827577
vt 0.569978 0.829933
vt 0.571806 0.824208
vt 0.569978 0.829933
vt 0.568465 0.826645
vt 0.546551 0.825399
vt 0.548426 0.820174
vt 0.555231 0.823620
vt 0.519580 0.814877
vt 0.515114 0.811459
vt 0.520698 0.810361
vt 0.520698 0.810361
vt 0.525973 0.811152
vt 0.519580 0.814877
vt 0.510268 0.811723
vt 0.515114 0.811459
vt 0.511659 0.814437
vt 0.505757 0.812619
vt 0.508667 0.816007
vt 0.505050 0.817615
vt 0.501688 0.816278
vt 0.505757 0.812619
vt 0.505050 0.817615
vt 0.501477 0.811614
vt 0.504220 0.808134
vt 0.505757 0.812619
vt 0.501477 0.811614
vt 0.505757 0.812619
vt 0.501688 0.816278
vt 0.504220 0.808134
vt 0.504797 0.803074
vt 0.508629 0.806907
vt 0.508629 0.806907
vt 0.504797 0.803074
vt 0.510766 0.800561
vt 0.557946 0.791614
vt 0.551050 0.792069
vt 0.554784 0.787539
vt 0.551050 0.792069
vt 0.557946 0.791614
vt 0.552911 0.795094
vt 0.501822 0.794086
vt 0.502214 0.789662
vt 0.506959 0.789322
vt 0.506959 0.789322
vt 0.505783 0.794317
vt 0.501822 0.794086
vt 0.520698 0.810361
vt 0.515114 0.811459
vt 0.520134 0.806014
vt 0.512191 0.794723
vt 0.510766 0.800561
vt 0.507608 0.797163
vt 0.515114 0.811459
vt 0.510268 0.811723
vt 0.512278 0.808478
vt 0.522487 0.797881
vt 0.524174 0.801700
vt 0.521017 0.800910
vt 0.566208 0.810042
vt 0.569867 0.811506
vt 0.564837 0.815527
vt 0.567871 0.805507
vt 0.563256 0.807520
vt 0.565744 0.802763
vt 0.561238 0.812707
vt 0.563256 0.807520
vt 0.566208 0.810042
vt 0.564837 0.815527
vt 0.561238 0.812707
vt 0.566208 0.810042
vt 0.518711 0.798741
vt 0.522487 0.797881
vt 0.521017 0.800910
vt 0.515643 0.796745
vt 0.515090 0.800546
vt 0.510766 0.800561
vt 0.520134 0.806014
vt 0.515114 0.811459
vt 0.515496 0.806740
vt 0.512278 0.808478
vt 0.515496 0.806740
vt 0.515114 0.811459
vt 0.515643 0.796745
vt 0.516633 0.792737
vt 0.520351 0.794717
vt 0.520351 0.794717
vt 0.522487 0.797881
vt 0.518711 0.798741
vt 0.515643 0.796745
vt 0.520351 0.794717
vt 0.518711 0.798741
vt 0.543302 0.763469
vt 0.544322 0.770209
vt 0.538145 0.768606
vt 0.517240 0.803015
vt 0.513047 0.804497
vt 0.515090 0.800546
vt 0.459744 0.802933
vt 0.464361 0.806455
vt 0.462741 0.810381
vt 0.522487 0.797881
vt 0.527043 0.796525
vt 0.524174 0.801700
vt 0.558812 0.817588
vt 0.557205 0.813851
vt 0.561238 0.812707
vt 0.564837 0.815527
vt 0.558812 0.817588
vt 0.561238 0.812707
vt 0.510268 0.811723
vt 0.508629 0.806907
vt 0.512278 0.808478
vt 0.554204 0.810225
vt 0.557205 0.813851
vt 0.553576 0.817031
vt 0.548463 0.814462
vt 0.542861 0.816483
vt 0.542901 0.810366
vt 0.548463 0.814462
vt 0.554204 0.810225
vt 0.553576 0.817031
vt 0.543472 0.821281
vt 0.537918 0.818693
vt 0.542861 0.816483
vt 0.558984 0.810408
vt 0.557205 0.813851
vt 0.554204 0.810225
vt 0.554204 0.810225
vt 0.559398 0.807098
vt 0.558984 0.810408
vt 0.535681 0.811636
vt 0.525973 0.811152
vt 0.529280 0.804552
vt 0.515496 0.806740
vt 0.517240 0.803015
vt 0.520134 0.806014
vt 0.501688 0.816278
vt 0.502082 0.820885
vt 0.498085 0.820011
vt 0.574679 0.782950
vt 0.575200 0.786434
vt 0.571549 0.786356
vt 0.561238 0.812707
vt 0.557205 0.813851
vt 0.558984 0.810408
vt 0.542861 0.816483
vt 0.548426 0.820174
vt 0.543472 0.821281
vt 0.535681 0.811636
vt 0.529280 0.804552
vt 0.537311 0.801633
vt 0.515496 0.806740
vt 0.512278 0.808478
vt 0.513047 0.804497
vt 0.513047 0.804497
vt 0.510766 0.800561
vt 0.515090 0.800546
vt 0.488228 0.815089
vt 0.490983 0.813035
vt 0.491523 0.816414
vt 0.515643 0.796745
vt 0.510766 0.800561
vt 0.512191 0.794723
vt 0.459324 0.792001
vt 0.449534 0.799888
vt 0.448569 0.784985
vt 0.459324 0.792001
vt 0.448569 0.784985
vt 0.456998 0.778850
vt 0.487634 0.810715
vt 0.482026 0.811870
vt 0.483513 0.806533
vt 0.488972 0.805814
vt 0.487634 0.810715
vt 0.483513 0.806533
vt 0.515643 0.796745
vt 0.518711 0.798741
vt 0.515090 0.800546
vt 0.513047 0.804497
vt 0.517240 0.803015
vt 0.515496 0.806740
vt 0.567761 0.769325
vt 0.574335 0.770053
vt 0.575088 0.773744
vt 0.467180 0.991474
vt 0.470141 0.990991
vt 0.468402 0.993916
vt 0.511928 0.824913
vt 0.509370 0.828413
vt 0.506681 0.826964
vt 0.498116 0.798768
vt 0.493482 0.802548
vt 0.493013 0.798393
vt 0.496758 0.794958
vt 0.498116 0.798768
vt 0.493013 0.798393
vt 0.507608 0.797163
vt 0.502895 0.798527
vt 0.505783 0.794317
vt 0.501822 0.794086
vt 0.498116 0.798768
vt 0.496758 0.794958
vt 0.498528 0.803562
vt 0.500806 0.807392
vt 0.496446 0.808450
vt 0.500806 0.807392
vt 0.504797 0.803074
vt 0.504220 0.808134
vt 0.470942 0.804907
vt 0.467772 0.808238
vt 0.466542 0.803375
vt 0.544176 0.805652
vt 0.548023 0.809519
vt 0.542901 0.810366
vt 0.542901 0.810366
vt 0.548023 0.809519
vt 0.548463 0.814462
vt 0.493013 0.798393
vt 0.493482 0.802548
vt 0.488477 0.801990
vt 0.507608 0.797163
vt 0.504797 0.803074
vt 0.502895 0.798527
vt 0.466978 0.814154
vt 0.462741 0.810381
vt 0.464361 0.806455
vt 0.535681 0.811636
vt 0.542901 0.810366
vt 0.542861 0.816483
vt 0.537311 0.801633
vt 0.544176 0.805652
vt 0.542901 0.810366
vt 0.542901 0.810366
vt 0.535681 0.811636
vt 0.537311 0.801633
vt 0.512191 0.794723
vt 0.507608 0.797163
vt 0.509525 0.792295
vt 0.502895 0.798527
vt 0.498116 0.798768
vt 0.501822 0.794086
vt 0.502895 0.798527
vt 0.501822 0.794086
vt 0.505783 0.794317
vt 0.500806 0.807392
vt 0.498384 0.810887
vt 0.496446 0.808450
vt 0.501477 0.811614
vt 0.498384 0.810887
vt 0.500806 0.807392
vt 0.491523 0.816414
vt 0.494750 0.815820
vt 0.494417 0.818767
vt 0.488228 0.815089
vt 0.487634 0.810715
vt 0.490983 0.813035
vt 0.488972 0.805814
vt 0.488477 0.801990
vt 0.493482 0.802548
vt 0.493013 0.798393
vt 0.488477 0.801990
vt 0.488211 0.797383
vt 0.483513 0.806533
vt 0.488477 0.801990
vt 0.488972 0.805814
vt 0.464361 0.806455
vt 0.466542 0.803375
vt 0.467772 0.808238
vt 0.466542 0.803375
vt 0.464361 0.806455
vt 0.463473 0.800123
vt 0.483414 0.816471
vt 0.487634 0.810715
vt 0.488228 0.815089
vt 0.490983 0.813035
vt 0.487634 0.810715
vt 0.492586 0.810250
vt 0.487634 0.810715
vt 0.483414 0.816471
vt 0.482026 0.811870
vt 0.482026 0.811870
vt 0.483414 0.816471
vt 0.478671 0.814767
vt 0.501688 0.816278
vt 0.497738 0.815082
vt 0.501477 0.811614
vt 0.494750 0.815820
vt 0.497738 0.815082
vt 0.494417 0.818767
vt 0.498085 0.820011
vt 0.494417 0.818767
vt 0.497738 0.815082
vt 0.498085 0.820011
vt 0.497738 0.815082
vt 0.501688 0.816278
vt 0.492586 0.810250
vt 0.494796 0.812750
vt 0.490983 0.813035
vt 0.498384 0.810887
vt 0.501477 0.811614
vt 0.497738 0.815082
vt 0.494750 0.815820
vt 0.494796 0.812750
vt 0.497738 0.815082
vt 0.496758 0.794958
vt 0.492542 0.794776
vt 0.494759 0.791684
vt 0.496758 0.794958
vt 0.494759 0.791684
vt 0.498935 0.791971
vt 0.729684 0.979058
vt 0.729411 0.969941
vt 0.726123 0.976827
vt 0.482962 0.801055
vt 0.488477 0.801990
vt 0.483513 0.806533
vt 0.487196 0.781133
vt 0.483537 0.784082
vt 0.483166 0.779916
vt 0.488211 0.797383
vt 0.492542 0.794776
vt 0.493013 0.798393
vt 0.501932 0.777760
vt 0.507636 0.776501
vt 0.503688 0.781530
vt 0.478928 0.787870
vt 0.484277 0.788062
vt 0.481231 0.791907
vt 0.509525 0.792295
vt 0.507608 0.797163
vt 0.505783 0.794317
vt 0.496758 0.794958
vt 0.498935 0.791971
vt 0.501822 0.794086
vt 0.482962 0.801055
vt 0.477146 0.804417
vt 0.478716 0.799455
vt 0.482962 0.801055
vt 0.483513 0.806533
vt 0.477146 0.804417
vt 0.449534 0.799888
vt 0.439671 0.798490
vt 0.443969 0.790086
vt 0.491523 0.816414
vt 0.490983 0.813035
vt 0.494796 0.812750
vt 0.494796 0.812750
vt 0.494750 0.815820
vt 0.491523 0.816414
vt 0.473064 0.793473
vt 0.477457 0.795546
vt 0.474001 0.799250
vt 0.477146 0.804417
vt 0.474001 0.799250
vt 0.478716 0.799455
vt 0.493482 0.802548
vt 0.493031 0.806771
vt 0.488972 0.805814
vt 0.477457 0.795546
vt 0.478716 0.799455
vt 0.474001 0.799250
vt 0.472798 0.812601
vt 0.466978 0.814154
vt 0.467772 0.808238
vt 0.498528 0.803562
vt 0.496446 0.808450
vt 0.493031 0.806771
vt 0.492586 0.810250
vt 0.493031 0.806771
vt 0.496446 0.808450
vt 0.477686 0.809888
vt 0.474325 0.807955
vt 0.477146 0.804417
vt 0.477146 0.804417
vt 0.483513 0.806533
vt 0.477686 0.809888
vt 0.488972 0.805814
vt 0.493031 0.806771
vt 0.487634 0.810715
vt 0.449534 0.799888
vt 0.459744 0.802933
vt 0.458396 0.812532
vt 0.467852 0.796990
vt 0.470942 0.804907
vt 0.466542 0.803375
vt 0.467852 0.796990
vt 0.474001 0.799250
vt 0.470942 0.804907
vt 0.474001 0.799250
vt 0.467852 0.796990
vt 0.473064 0.793473
vt 0.483513 0.806533
vt 0.482026 0.811870
vt 0.477686 0.809888
vt 0.511270 0.784487
vt 0.506959 0.789322
vt 0.507989 0.784148
vt 0.538145 0.768606
vt 0.544322 0.770209
vt 0.539640 0.773759
vt 0.535931 0.772343
vt 0.538145 0.768606
vt 0.539640 0.773759
vt 0.520266 0.766506
vt 0.526529 0.766876
vt 0.523142 0.771738
vt 0.511238 0.788273
vt 0.509525 0.792295
vt 0.506959 0.789322
vt 0.509525 0.792295
vt 0.505783 0.794317
vt 0.506959 0.789322
vt 0.510766 0.800561
vt 0.504797 0.803074
vt 0.507608 0.797163
vt 0.259766 0.998047
vt 0.259766 0.998047
vt 0.259766 0.998047
vt 0.489779 0.982047
vt 0.494968 0.978333
vt 0.481364 0.975801
vt 0.487196 0.781133
vt 0.492090 0.779881
vt 0.489425 0.785029
vt 0.359348 0.982142
vt 0.365431 0.980534
vt 0.364717 0.983078
vt 0.501932 0.777760
vt 0.497115 0.783250
vt 0.496975 0.777880
vt 0.507636 0.776501
vt 0.501932 0.777760
vt 0.505188 0.773331
vt 0.498384 0.810887
vt 0.497738 0.815082
vt 0.494796 0.812750
vt 0.496446 0.808450
vt 0.498384 0.810887
vt 0.494796 0.812750
vt 0.501822 0.794086
vt 0.498935 0.791971
vt 0.502214 0.789662
vt 0.492586 0.810250
vt 0.496446 0.808450
vt 0.494796 0.812750
vt 0.515296 0.776324
vt 0.511295 0.779245
vt 0.513820 0.772257
vt 0.478928 0.787870
vt 0.474509 0.789178
vt 0.475733 0.785639
vt 0.511295 0.779245
vt 0.515296 0.776324
vt 0.515220 0.780572
vt 0.483537 0.784082
vt 0.479461 0.783659
vt 0.483166 0.779916
vt 0.483166 0.779916
vt 0.479461 0.783659
vt 0.476508 0.780524
vt 0.368363 0.980774
vt 0.365431 0.980534
vt 0.368100 0.978720
vt 0.478716 0.799455
vt 0.482973 0.796198
vt 0.482962 0.801055
vt 0.511155 0.761792
vt 0.499941 0.763989
vt 0.505093 0.760629
vt 0.535931 0.772343
vt 0.539640 0.773759
vt 0.533559 0.777223
vt 0.493683 0.787994
vt 0.498173 0.788497
vt 0.494759 0.791684
vt 0.494759 0.791684
vt 0.498173 0.788497
vt 0.498935 0.791971
vt 0.498173 0.788497
vt 0.502214 0.789662
vt 0.498935 0.791971
vt 0.502214 0.789662
vt 0.498173 0.788497
vt 0.501996 0.785837
vt 0.501996 0.785837
vt 0.504968 0.786750
vt 0.502214 0.789662
vt 0.497115 0.783250
vt 0.498173 0.788497
vt 0.493683 0.787994
vt 0.501996 0.785837
vt 0.498173 0.788497
vt 0.497115 0.783250
vt 0.503688 0.781530
vt 0.497115 0.783250
vt 0.501932 0.777760
vt 0.483537 0.784082
vt 0.489425 0.785029
vt 0.484277 0.788062
vt 0.512191 0.794723
vt 0.516633 0.792737
vt 0.515643 0.796745
vt 0.540686 0.788441
vt 0.545992 0.789833
vt 0.541172 0.793877
vt 0.543302 0.763469
vt 0.534249 0.762569
vt 0.540562 0.758318
vt 0.443680 0.785504
vt 0.446149 0.776810
vt 0.448569 0.784985
vt 0.443969 0.790086
vt 0.443680 0.785504
vt 0.448569 0.784985
vt 0.443969 0.790086
vt 0.439671 0.798490
vt 0.443680 0.785504
vt 0.392033 0.982849
vt 0.381780 0.982155
vt 0.385084 0.978741
vt 0.494759 0.791684
vt 0.488249 0.791519
vt 0.493683 0.787994
vt 0.488249 0.791519
vt 0.492542 0.794776
vt 0.488211 0.797383
vt 0.492542 0.794776
vt 0.488249 0.791519
vt 0.494759 0.791684
vt 0.482973 0.796198
vt 0.488211 0.797383
vt 0.482962 0.801055
vt 0.489425 0.785029
vt 0.493683 0.787994
vt 0.488249 0.791519
vt 0.484277 0.788062
vt 0.489425 0.785029
vt 0.488249 0.791519
vt 0.478928 0.787870
vt 0.481231 0.791907
vt 0.476928 0.791754
vt 0.476928 0.791754
vt 0.474509 0.789178
vt 0.478928 0.787870
vt 0.478928 0.787870
vt 0.483537 0.784082
vt 0.484277 0.788062
vt 0.479461 0.783659
vt 0.483537 0.784082
vt 0.478928 0.787870
vt 0.473064 0.793473
vt 0.474509 0.789178
vt 0.476928 0.791754
vt 0.476928 0.791754
vt 0.481231 0.791907
vt 0.477457 0.795546
vt 0.477457 0.795546
vt 0.473064 0.793473
vt 0.476928 0.791754
vt 0.473064 0.793473
vt 0.468954 0.786281
vt 0.474509 0.789178
vt 0.364717 0.983078
vt 0.365431 0.980534
vt 0.368363 0.980774
vt 0.468954 0.786281
vt 0.475733 0.785639
vt 0.474509 0.789178
vt 0.478928 0.787870
vt 0.475733 0.785639
vt 0.479461 0.783659
vt 0.475733 0.785639
vt 0.476508 0.780524
vt 0.479461 0.783659
vt 0.481231 0.791907
vt 0.484277 0.788062
vt 0.488249 0.791519
vt 0.470419 0.777184
vt 0.477322 0.775975
vt 0.476508 0.780524
vt 0.468954 0.786281
vt 0.476508 0.780524
vt 0.475733 0.785639
vt 0.470419 0.777184
vt 0.476508 0.780524
vt 0.468954 0.786281
vt 0.482973 0.796198
vt 0.481231 0.791907
vt 0.488249 0.791519
vt 0.488211 0.797383
vt 0.482973 0.796198
vt 0.488249 0.791519
vt 0.511983 0.925460
vt 0.499785 0.922987
vt 0.508167 0.920117
vt 0.520192 0.781641
vt 0.519250 0.776675
vt 0.525241 0.776717
vt 0.493683 0.787994
vt 0.489425 0.785029
vt 0.497115 0.783250
vt 0.497115 0.783250
vt 0.489425 0.785029
vt 0.492090 0.779881
vt 0.487196 0.781133
vt 0.489425 0.785029
vt 0.483537 0.784082
vt 0.515220 0.780572
vt 0.511270 0.784487
vt 0.511295 0.779245
vt 0.507989 0.784148
vt 0.506959 0.789322
vt 0.504968 0.786750
vt 0.371805 0.979777
vt 0.368363 0.980774
vt 0.368100 0.978720
vt 0.484917 0.776893
vt 0.487964 0.777638
vt 0.483166 0.779916
vt 0.483166 0.779916
vt 0.487964 0.777638
vt 0.487196 0.781133
vt 0.487060 0.774211
vt 0.487964 0.777638
vt 0.484917 0.776893
vt 0.501932 0.777760
vt 0.496975 0.777880
vt 0.500194 0.772903
vt 0.481880 0.776484
vt 0.477322 0.775975
vt 0.481527 0.772534
vt 0.481527 0.772534
vt 0.487060 0.774211
vt 0.481880 0.776484
vt 0.543302 0.763469
vt 0.538145 0.768606
vt 0.534249 0.762569
vt 0.550456 0.786801
vt 0.545992 0.789833
vt 0.546583 0.785434
vt 0.557960 0.766373
vt 0.561605 0.772278
vt 0.555160 0.771576
vt 0.484917 0.776893
vt 0.483166 0.779916
vt 0.481880 0.776484
vt 0.477322 0.775975
vt 0.481880 0.776484
vt 0.476508 0.780524
vt 0.481880 0.776484
vt 0.487060 0.774211
vt 0.484917 0.776893
vt 0.492090 0.779881
vt 0.493016 0.775127
vt 0.496975 0.777880
vt 0.496975 0.777880
vt 0.493016 0.775127
vt 0.500194 0.772903
vt 0.495571 0.771557
vt 0.500194 0.772903
vt 0.493016 0.775127
vt 0.507327 0.781094
vt 0.511295 0.779245
vt 0.507989 0.784148
vt 0.511295 0.779245
vt 0.507327 0.781094
vt 0.507636 0.776501
vt 0.487060 0.774211
vt 0.491475 0.772204
vt 0.493016 0.775127
vt 0.495571 0.771557
vt 0.493016 0.775127
vt 0.491475 0.772204
vt 0.493016 0.775127
vt 0.492090 0.779881
vt 0.487964 0.777638
vt 0.487196 0.781133
vt 0.487964 0.777638
vt 0.492090 0.779881
vt 0.523142 0.771738
vt 0.526529 0.766876
vt 0.531026 0.770926
vt 0.506959 0.789322
vt 0.511270 0.784487
vt 0.511238 0.788273
vt 0.519250 0.776675
vt 0.517883 0.772804
vt 0.523142 0.771738
vt 0.519250 0.776675
vt 0.515296 0.776324
vt 0.517883 0.772804
vt 0.507636 0.776501
vt 0.507327 0.781094
vt 0.503688 0.781530
vt 0.503688 0.781530
vt 0.505284 0.784002
vt 0.501996 0.785837
vt 0.503688 0.781530
vt 0.501996 0.785837
vt 0.497115 0.783250
vt 0.504968 0.786750
vt 0.501996 0.785837
vt 0.505284 0.784002
vt 0.507327 0.781094
vt 0.505284 0.784002
vt 0.503688 0.781530
vt 0.507989 0.784148
vt 0.505284 0.784002
vt 0.507327 0.781094
vt 0.504968 0.786750
vt 0.505284 0.784002
vt 0.507989 0.784148
vt 0.690115 0.817277
vt 0.691928 0.820882
vt 0.687925 0.821959
vt 0.572875 0.791237
vt 0.577607 0.789472
vt 0.574521 0.795528
vt 0.477322 0.775975
vt 0.470419 0.777184
vt 0.481527 0.772534
vt 0.301495 0.983722
vt 0.306073 0.980843
vt 0.313689 0.978232
vt 0.468954 0.786281
vt 0.456998 0.778850
vt 0.470419 0.777184
vt 0.456998 0.778850
vt 0.468954 0.786281
vt 0.459324 0.792001
vt 0.293674 0.981419
vt 0.306073 0.980843
vt 0.301495 0.983722
vt 0.468954 0.786281
vt 0.467852 0.796990
vt 0.459324 0.792001
vt 0.467852 0.796990
vt 0.463473 0.800123
vt 0.459324 0.792001
vt 0.467852 0.796990
vt 0.466542 0.803375
vt 0.463473 0.800123
vt 0.259766 0.998047
vt 0.259766 0.998047
vt 0.259766 0.998047
vt 0.259766 0.998047
vt 0.259766 0.998047
vt 0.259766 0.998047
vt 0.619490 0.994952
vt 0.619305 0.993101
vt 0.621799 0.991185
vt 0.259766 0.998047
vt 0.259766 0.998047
vt 0.259766 0.998047
vt 0.259766 0.998047
vt 0.259766 0.998047
vt 0.259766 0.998047
vt 0.473064 0.793473
vt 0.467852 0.796990
vt 0.468954 0.786281
vt 0.359348 0.982142
vt 0.368100 0.978720
vt 0.365431 0.980534
vt 0.519250 0.776675
vt 0.523142 0.771738
vt 0.525241 0.776717
vt 0.470419 0.777184
vt 0.465908 0.777612
vt 0.481527 0.772534
vt 0.515220 0.780572
vt 0.519250 0.776675
vt 0.520192 0.781641
vt 0.513820 0.772257
vt 0.517883 0.772804
vt 0.515296 0.776324
vt 0.520266 0.766506
vt 0.517883 0.772804
vt 0.513820 0.772257
vt 0.543063 0.798726
vt 0.541172 0.793877
vt 0.545887 0.794694
vt 0.559560 0.784477
vt 0.557946 0.791614
vt 0.554784 0.787539
vt 0.523142 0.771738
vt 0.517883 0.772804
vt 0.520266 0.766506
vt 0.520266 0.766506
vt 0.521216 0.759244
vt 0.526780 0.762268
vt 0.526529 0.766876
vt 0.520266 0.766506
vt 0.526780 0.762268
vt 0.499941 0.763989
vt 0.511155 0.761792
vt 0.509935 0.764344
vt 0.515296 0.776324
vt 0.519250 0.776675
vt 0.515220 0.780572
vt 0.528308 0.757074
vt 0.537443 0.756220
vt 0.534249 0.762569
vt 0.534249 0.762569
vt 0.537443 0.756220
vt 0.540562 0.758318
vt 0.558034 0.803049
vt 0.562034 0.804085
vt 0.559398 0.807098
vt 0.559398 0.807098
vt 0.562034 0.804085
vt 0.563256 0.807520
vt 0.570736 0.780425
vt 0.565508 0.786801
vt 0.564534 0.780094
vt 0.528308 0.757074
vt 0.521216 0.759244
vt 0.505609 0.757000
vt 0.533559 0.777223
vt 0.537074 0.781658
vt 0.533264 0.783089
vt 0.517074 0.761146
vt 0.515534 0.757647
vt 0.521216 0.759244
vt 0.411106 0.627679
vt 0.413902 0.625528
vt 0.411251 0.623744
vt 0.499941 0.763989
vt 0.509935 0.764344
vt 0.504466 0.766114
vt 0.528308 0.757074
vt 0.537958 0.752922
vt 0.537443 0.756220
vt 0.509635 0.769390
vt 0.504466 0.766114
vt 0.509935 0.764344
vt 0.514688 0.765484
vt 0.509635 0.769390
vt 0.509935 0.764344
vt 0.511295 0.779245
vt 0.507636 0.776501
vt 0.513820 0.772257
vt 0.505093 0.760629
vt 0.515534 0.757647
vt 0.517074 0.761146
vt 0.537958 0.752922
vt 0.528308 0.757074
vt 0.505609 0.757000
vt 0.505500 0.769728
vt 0.509635 0.769390
vt 0.505188 0.773331
vt 0.558464 0.774806
vt 0.554530 0.776948
vt 0.555160 0.771576
vt 0.495571 0.771557
vt 0.491592 0.769980
vt 0.497291 0.769422
vt 0.497291 0.769422
vt 0.500194 0.772903
vt 0.495571 0.771557
vt 0.505500 0.769728
vt 0.501452 0.768388
vt 0.504466 0.766114
vt 0.497291 0.769422
vt 0.501452 0.768388
vt 0.500194 0.772903
vt 0.499941 0.763989
vt 0.492790 0.767834
vt 0.465908 0.777612
vt 0.507636 0.776501
vt 0.509635 0.769390
vt 0.513820 0.772257
vt 0.501452 0.768388
vt 0.505500 0.769728
vt 0.500194 0.772903
vt 0.500194 0.772903
vt 0.505500 0.769728
vt 0.505188 0.773331
vt 0.501932 0.777760
vt 0.500194 0.772903
vt 0.505188 0.773331
vt 0.504466 0.766114
vt 0.501452 0.768388
vt 0.492790 0.767834
vt 0.492790 0.767834
vt 0.501452 0.768388
vt 0.497291 0.769422
vt 0.491592 0.769980
vt 0.492790 0.767834
vt 0.497291 0.769422
vt 0.554530 0.776948
vt 0.554194 0.782434
vt 0.550726 0.779529
vt 0.526780 0.762268
vt 0.521216 0.759244
vt 0.528308 0.757074
vt 0.126923 0.941213
vt 0.129396 0.945689
vt 0.123829 0.943760
vt 0.513820 0.772257
vt 0.514688 0.765484
vt 0.520266 0.766506
vt 0.572052 0.803650
vt 0.572862 0.799954
vt 0.576109 0.800251
vt 0.520266 0.766506
vt 0.514688 0.765484
vt 0.517074 0.761146
vt 0.548266 0.798336
vt 0.544119 0.800738
vt 0.543063 0.798726
vt 0.659979 0.902761
vt 0.656153 0.902339
vt 0.662038 0.900853
vt 0.679188 0.863300
vt 0.677635 0.858157
vt 0.683233 0.859445
vt 0.531026 0.770926
vt 0.535931 0.772343
vt 0.533559 0.777223
vt 0.621147 0.913876
vt 0.626404 0.916295
vt 0.618081 0.916575
vt 0.568645 0.791337
vt 0.567276 0.797047
vt 0.564200 0.792797
vt 0.546583 0.785434
vt 0.546019 0.780203
vt 0.549638 0.783109
vt 0.557946 0.791614
vt 0.559560 0.784477
vt 0.565508 0.786801
vt 0.548266 0.798336
vt 0.551050 0.792069
vt 0.552911 0.795094
vt 0.514173 0.790201
vt 0.512191 0.794723
vt 0.509525 0.792295
vt 0.548023 0.809519
vt 0.550166 0.804129
vt 0.554204 0.810225
vt 0.540418 0.778691
vt 0.546019 0.780203
vt 0.541724 0.783928
vt 0.554530 0.776948
vt 0.549210 0.774625
vt 0.555160 0.771576
vt 0.567182 0.775289
vt 0.561605 0.772278
vt 0.567761 0.769325
vt 0.540418 0.778691
vt 0.537074 0.781658
vt 0.533559 0.777223
vt 0.545992 0.789833
vt 0.551050 0.792069
vt 0.545887 0.794694
vt 0.545887 0.794694
vt 0.541172 0.793877
vt 0.545992 0.789833
vt 0.551050 0.792069
vt 0.545992 0.789833
vt 0.550456 0.786801
vt 0.520192 0.781641
vt 0.515392 0.785510
vt 0.515220 0.780572
vt 0.559560 0.784477
vt 0.554784 0.787539
vt 0.554194 0.782434
vt 0.533264 0.783089
vt 0.527591 0.782608
vt 0.533559 0.777223
vt 0.520192 0.781641
vt 0.525241 0.776717
vt 0.527591 0.782608
vt 0.533559 0.777223
vt 0.527591 0.782608
vt 0.525241 0.776717
vt 0.538145 0.768606
vt 0.535931 0.772343
vt 0.531026 0.770926
vt 0.534249 0.762569
vt 0.538145 0.768606
vt 0.531026 0.770926
vt 0.526529 0.766876
vt 0.534249 0.762569
vt 0.531026 0.770926
vt 0.544322 0.770209
vt 0.549830 0.767356
vt 0.549210 0.774625
vt 0.544322 0.770209
vt 0.549210 0.774625
vt 0.543955 0.775463
vt 0.507989 0.784148
vt 0.511295 0.779245
vt 0.511270 0.784487
vt 0.555160 0.771576
vt 0.549830 0.767356
vt 0.557960 0.766373
vt 0.589624 0.795057
vt 0.584948 0.794862
vt 0.587366 0.789654
vt 0.551050 0.792069
vt 0.548266 0.798336
vt 0.545887 0.794694
vt 0.545887 0.794694
vt 0.548266 0.798336
vt 0.543063 0.798726
vt 0.511238 0.788273
vt 0.514173 0.790201
vt 0.509525 0.792295
vt 0.564534 0.780094
vt 0.563130 0.776040
vt 0.567182 0.775289
vt 0.547916 0.758563
vt 0.540562 0.758318
vt 0.544853 0.755633
vt 0.554684 0.798265
vt 0.550166 0.804129
vt 0.548266 0.798336
vt 0.552911 0.795094
vt 0.554684 0.798265
vt 0.548266 0.798336
vt 0.563130 0.776040
vt 0.564534 0.780094
vt 0.559547 0.778605
vt 0.547916 0.758563
vt 0.551649 0.761757
vt 0.543302 0.763469
vt 0.540562 0.758318
vt 0.547916 0.758563
vt 0.543302 0.763469
vt 0.568645 0.791337
vt 0.564200 0.792797
vt 0.565508 0.786801
vt 0.586943 0.774334
vt 0.598208 0.773888
vt 0.594789 0.780225
vt 0.571549 0.786356
vt 0.570736 0.780425
vt 0.574679 0.782950
vt 0.550456 0.786801
vt 0.554194 0.782434
vt 0.554784 0.787539
vt 0.550456 0.786801
vt 0.549638 0.783109
vt 0.554194 0.782434
vt 0.550726 0.779529
vt 0.549210 0.774625
vt 0.554530 0.776948
vt 0.572862 0.799954
vt 0.571238 0.798011
vt 0.574521 0.795528
vt 0.574521 0.795528
vt 0.576109 0.800251
vt 0.572862 0.799954
vt 0.543302 0.763469
vt 0.551649 0.761757
vt 0.549830 0.767356
vt 0.549830 0.767356
vt 0.544322 0.770209
vt 0.543302 0.763469
vt 0.590481 0.784870
vt 0.589611 0.781715
vt 0.591693 0.780787
vt 0.586943 0.774334
vt 0.594789 0.780225
vt 0.591693 0.780787
vt 0.567182 0.775289
vt 0.570736 0.780425
vt 0.564534 0.780094
vt 0.565508 0.786801
vt 0.559560 0.784477
vt 0.564534 0.780094
vt 0.559547 0.778605
vt 0.564534 0.780094
vt 0.559560 0.784477
vt 0.570736 0.780425
vt 0.567182 0.775289
vt 0.572223 0.775216
vt 0.726706 0.897109
vt 0.727846 0.901325
vt 0.723501 0.901551
vt 0.567761 0.769325
vt 0.561605 0.772278
vt 0.557960 0.766373
vt 0.574335 0.770053
vt 0.580422 0.771945
vt 0.580211 0.777617
vt 0.561605 0.772278
vt 0.567182 0.775289
vt 0.563130 0.776040
vt 0.563130 0.776040
vt 0.560892 0.775267
vt 0.561605 0.772278
vt 0.557946 0.791614
vt 0.564200 0.792797
vt 0.560852 0.797179
vt 0.587366 0.789654
vt 0.582266 0.790644
vt 0.585989 0.783043
vt 0.565508 0.786801
vt 0.570736 0.780425
vt 0.571549 0.786356
vt 0.558464 0.774806
vt 0.555160 0.771576
vt 0.561605 0.772278
vt 0.563256 0.807520
vt 0.567871 0.805507
vt 0.566208 0.810042
vt 0.554530 0.776948
vt 0.559547 0.778605
vt 0.554194 0.782434
vt 0.559547 0.778605
vt 0.560892 0.775267
vt 0.563130 0.776040
vt 0.558464 0.774806
vt 0.561605 0.772278
vt 0.560892 0.775267
vt 0.572223 0.775216
vt 0.567761 0.769325
vt 0.575088 0.773744
vt 0.567182 0.775289
vt 0.567761 0.769325
vt 0.572223 0.775216
vt 0.557960 0.766373
vt 0.549830 0.767356
vt 0.551649 0.761757
vt 0.574521 0.795528
vt 0.571340 0.795232
vt 0.572875 0.791237
vt 0.544007 0.787090
vt 0.541724 0.783928
vt 0.546583 0.785434
vt 0.546583 0.785434
vt 0.545992 0.789833
vt 0.544007 0.787090
vt 0.515534 0.757647
vt 0.505093 0.760629
vt 0.505609 0.757000
vt 0.634262 0.917909
vt 0.637442 0.923502
vt 0.630737 0.921030
vt 0.559547 0.778605
vt 0.554530 0.776948
vt 0.558464 0.774806
vt 0.554204 0.810225
vt 0.558034 0.803049
vt 0.559398 0.807098
vt 0.558034 0.803049
vt 0.554204 0.810225
vt 0.550166 0.804129
vt 0.554684 0.798265
vt 0.558034 0.803049
vt 0.550166 0.804129
vt 0.563256 0.807520
vt 0.562034 0.804085
vt 0.565744 0.802763
vt 0.564200 0.792797
vt 0.567276 0.797047
vt 0.560852 0.797179
vt 0.549210 0.774625
vt 0.546019 0.780203
vt 0.543955 0.775463
vt 0.560852 0.797179
vt 0.558034 0.803049
vt 0.554684 0.798265
vt 0.572875 0.791237
vt 0.571340 0.795232
vt 0.570169 0.793793
vt 0.393513 0.556117
vt 0.389126 0.557011
vt 0.396822 0.560425
vt 0.567276 0.797047
vt 0.570169 0.793793
vt 0.571340 0.795232
vt 0.540686 0.788441
vt 0.541172 0.793877
vt 0.532938 0.789871
vt 0.537311 0.801633
vt 0.532938 0.789871
vt 0.541172 0.793877
vt 0.549210 0.774625
vt 0.550726 0.779529
vt 0.546019 0.780203
vt 0.550726 0.779529
vt 0.554194 0.782434
vt 0.549638 0.783109
vt 0.544007 0.787090
vt 0.545992 0.789833
vt 0.540686 0.788441
vt 0.570268 0.807494
vt 0.566208 0.810042
vt 0.567871 0.805507
vt 0.570268 0.807494
vt 0.567871 0.805507
vt 0.572052 0.803650
vt 0.549638 0.783109
vt 0.550456 0.786801
vt 0.546583 0.785434
vt 0.567276 0.797047
vt 0.568645 0.791337
vt 0.570169 0.793793
vt 0.511238 0.788273
vt 0.511270 0.784487
vt 0.515392 0.785510
vt 0.511270 0.784487
vt 0.515220 0.780572
vt 0.515392 0.785510
vt 0.515392 0.785510
vt 0.521387 0.788855
vt 0.514173 0.790201
vt 0.521387 0.788855
vt 0.520192 0.781641
vt 0.527591 0.782608
vt 0.520192 0.781641
vt 0.521387 0.788855
vt 0.515392 0.785510
vt 0.571340 0.795232
vt 0.571238 0.798011
vt 0.567276 0.797047
vt 0.537015 0.785234
vt 0.532938 0.789871
vt 0.533264 0.783089
vt 0.537015 0.785234
vt 0.533264 0.783089
vt 0.537074 0.781658
vt 0.537074 0.781658
vt 0.540418 0.778691
vt 0.541724 0.783928
vt 0.570169 0.793793
vt 0.568645 0.791337
vt 0.572875 0.791237
vt 0.544007 0.787090
vt 0.540686 0.788441
vt 0.541724 0.783928
vt 0.537015 0.785234
vt 0.540686 0.788441
vt 0.532938 0.789871
vt 0.541724 0.783928
vt 0.540686 0.788441
vt 0.537015 0.785234
vt 0.541724 0.783928
vt 0.537015 0.785234
vt 0.537074 0.781658
vt 0.515392 0.785510
vt 0.514173 0.790201
vt 0.511238 0.788273
vt 0.514173 0.790201
vt 0.516633 0.792737
vt 0.512191 0.794723
vt 0.516633 0.792737
vt 0.514173 0.790201
vt 0.521387 0.788855
vt 0.521387 0.788855
vt 0.520351 0.794717
vt 0.516633 0.792737
vt 0.537958 0.752922
vt 0.565381 0.760197
vt 0.544853 0.755633
vt 0.527043 0.796525
vt 0.520351 0.794717
vt 0.521387 0.788855
vt 0.623320 0.803665
vt 0.623440 0.801140
vt 0.627118 0.801472
vt 0.595974 0.804029
vt 0.592359 0.803419
vt 0.596426 0.800664
vt 0.589624 0.795057
vt 0.587366 0.789654
vt 0.592161 0.789416
vt 0.589624 0.795057
vt 0.592161 0.789416
vt 0.593925 0.793041
vt 0.537918 0.818693
vt 0.532865 0.822056
vt 0.531385 0.816474
vt 0.586417 0.775386
vt 0.586943 0.774334
vt 0.588568 0.778679
vt 0.594100 0.797496
vt 0.589812 0.800292
vt 0.589624 0.795057
vt 0.587366 0.789654
vt 0.590481 0.784870
vt 0.592161 0.789416
vt 0.600436 0.801827
vt 0.598747 0.797067
vt 0.602638 0.796481
vt 0.602976 0.787021
vt 0.600897 0.792003
vt 0.598526 0.785190
vt 0.593298 0.808560
vt 0.589779 0.807707
vt 0.592359 0.803419
vt 0.597330 0.806176
vt 0.600436 0.801827
vt 0.600366 0.807036
vt 0.596936 0.809464
vt 0.597330 0.806176
vt 0.600366 0.807036
vt 0.580144 0.804408
vt 0.583159 0.807593
vt 0.578457 0.810153
vt 0.565508 0.786801
vt 0.571549 0.786356
vt 0.568645 0.791337
vt 0.593298 0.808560
vt 0.597330 0.806176
vt 0.596936 0.809464
vt 0.598526 0.785190
vt 0.598208 0.773888
vt 0.602976 0.787021
vt 0.594789 0.780225
vt 0.598208 0.773888
vt 0.598526 0.785190
vt 0.582266 0.790644
vt 0.577607 0.789472
vt 0.581104 0.784916
vt 0.625592 0.795919
vt 0.617071 0.789499
vt 0.640896 0.787508
vt 0.600897 0.792003
vt 0.602976 0.787021
vt 0.605974 0.793126
vt 0.592302 0.818347
vt 0.597050 0.816588
vt 0.595271 0.820810
vt 0.592302 0.818347
vt 0.595271 0.820810
vt 0.591775 0.823653
vt 0.594801 0.813019
vt 0.597050 0.816588
vt 0.592302 0.818347
vt 0.594801 0.813019
vt 0.592302 0.818347
vt 0.589989 0.813840
vt 0.594801 0.813019
vt 0.596936 0.809464
vt 0.598955 0.811706
vt 0.657206 0.899535
vt 0.649785 0.899596
vt 0.656736 0.896093
vt 0.598208 0.773888
vt 0.608355 0.788719
vt 0.602976 0.787021
vt 0.604622 0.804034
vt 0.609832 0.801454
vt 0.606815 0.806716
vt 0.606000 0.798347
vt 0.609832 0.801454
vt 0.604622 0.804034
vt 0.608037 0.814608
vt 0.610182 0.808051
vt 0.611571 0.812299
vt 0.606815 0.806716
vt 0.603029 0.809388
vt 0.604622 0.804034
vt 0.604622 0.804034
vt 0.603029 0.809388
vt 0.600366 0.807036
vt 0.650155 0.901975
vt 0.649785 0.899596
vt 0.657206 0.899535
vt 0.600436 0.801827
vt 0.606000 0.798347
vt 0.604622 0.804034
vt 0.600436 0.801827
vt 0.604622 0.804034
vt 0.600366 0.807036
vt 0.614217 0.793251
vt 0.617071 0.789499
vt 0.618128 0.796922
vt 0.601286 0.814628
vt 0.603029 0.809388
vt 0.605512 0.811792
vt 0.608037 0.814608
vt 0.606674 0.820500
vt 0.603783 0.817682
vt 0.608037 0.814608
vt 0.603783 0.817682
vt 0.605512 0.811792
vt 0.614653 0.802100
vt 0.619780 0.802538
vt 0.615424 0.808207
vt 0.614653 0.802100
vt 0.618128 0.796922
vt 0.619780 0.802538
vt 0.618128 0.796922
vt 0.622194 0.798856
vt 0.619780 0.802538
vt 0.610182 0.808051
vt 0.614653 0.802100
vt 0.615424 0.808207
vt 0.593925 0.793041
vt 0.596595 0.789947
vt 0.597030 0.793882
vt 0.594903 0.825533
vt 0.599173 0.820665
vt 0.598826 0.826920
vt 0.599173 0.820665
vt 0.594903 0.825533
vt 0.595271 0.820810
vt 0.622981 0.815389
vt 0.619681 0.819939
vt 0.618753 0.815611
vt 0.619681 0.819939
vt 0.622981 0.815389
vt 0.625703 0.819155
vt 0.660123 0.883679
vt 0.663565 0.880658
vt 0.666110 0.882799
vt 0.611108 0.817239
vt 0.606674 0.820500
vt 0.608037 0.814608
vt 0.618128 0.796922
vt 0.617071 0.789499
vt 0.625592 0.795919
vt 0.617071 0.789499
vt 0.608355 0.788719
vt 0.598208 0.773888
vt 0.640896 0.787508
vt 0.617071 0.789499
vt 0.598208 0.773888
vt 0.609832 0.801454
vt 0.614653 0.802100
vt 0.610182 0.808051
vt 0.606815 0.806716
vt 0.609832 0.801454
vt 0.610182 0.808051
vt 0.596936 0.809464
vt 0.600366 0.807036
vt 0.598955 0.811706
vt 0.645664 0.890914
vt 0.648206 0.892242
vt 0.642674 0.893007
vt 0.578032 0.783229
vt 0.575200 0.786434
vt 0.574679 0.782950
vt 0.593925 0.793041
vt 0.594100 0.797496
vt 0.589624 0.795057
vt 0.623219 0.810718
vt 0.622981 0.815389
vt 0.618753 0.815611
vt 0.593925 0.793041
vt 0.597030 0.793882
vt 0.594100 0.797496
vt 0.609832 0.801454
vt 0.613935 0.797176
vt 0.614653 0.802100
vt 0.598955 0.811706
vt 0.600366 0.807036
vt 0.603029 0.809388
vt 0.597050 0.816588
vt 0.599173 0.820665
vt 0.595271 0.820810
vt 0.611108 0.817239
vt 0.611571 0.812299
vt 0.614023 0.813109
vt 0.619780 0.802538
vt 0.623320 0.803665
vt 0.620675 0.807286
vt 0.654767 0.888096
vt 0.648656 0.889083
vt 0.647424 0.886458
vt 0.606674 0.820500
vt 0.609288 0.823524
vt 0.605280 0.825837
vt 0.605280 0.825837
vt 0.602652 0.823427
vt 0.606674 0.820500
vt 0.605280 0.825837
vt 0.609288 0.823524
vt 0.607227 0.828057
vt 0.620675 0.807286
vt 0.615424 0.808207
vt 0.619780 0.802538
vt 0.606815 0.806716
vt 0.605512 0.811792
vt 0.603029 0.809388
vt 0.599173 0.820665
vt 0.603783 0.817682
vt 0.602652 0.823427
vt 0.602652 0.823427
vt 0.598826 0.826920
vt 0.599173 0.820665
vt 0.617814 0.811729
vt 0.614023 0.813109
vt 0.615424 0.808207
vt 0.615424 0.808207
vt 0.620675 0.807286
vt 0.617814 0.811729
vt 0.614023 0.813109
vt 0.617814 0.811729
vt 0.615159 0.815747
vt 0.618753 0.815611
vt 0.614291 0.820790
vt 0.615159 0.815747
vt 0.606674 0.820500
vt 0.611108 0.817239
vt 0.609288 0.823524
vt 0.606674 0.820500
vt 0.602652 0.823427
vt 0.603783 0.817682
vt 0.601286 0.814628
vt 0.598955 0.811706
vt 0.603029 0.809388
vt 0.601286 0.814628
vt 0.603783 0.817682
vt 0.599173 0.820665
vt 0.605512 0.811792
vt 0.603783 0.817682
vt 0.601286 0.814628
vt 0.609858 0.837723
vt 0.611144 0.831965
vt 0.615666 0.833352
vt 0.615715 0.826434
vt 0.615666 0.833352
vt 0.611144 0.831965
vt 0.614023 0.813109
vt 0.615159 0.815747
vt 0.611108 0.817239
vt 0.611571 0.812299
vt 0.610182 0.808051
vt 0.615424 0.808207
vt 0.720904 0.882874
vt 0.726344 0.885254
vt 0.719746 0.885007
vt 0.610418 0.795056
vt 0.614217 0.793251
vt 0.613935 0.797176
vt 0.610418 0.795056
vt 0.613935 0.797176
vt 0.609832 0.801454
vt 0.617071 0.789499
vt 0.614217 0.793251
vt 0.608355 0.788719
vt 0.613935 0.797176
vt 0.618128 0.796922
vt 0.614653 0.802100
vt 0.606815 0.806716
vt 0.610182 0.808051
vt 0.605512 0.811792
vt 0.734266 0.843355
vt 0.727427 0.843572
vt 0.727810 0.838907
vt 0.033643 0.618876
vt 0.033135 0.623351
vt 0.035817 0.622283
vt 0.572875 0.791237
vt 0.571549 0.786356
vt 0.575200 0.786434
vt 0.568645 0.791337
vt 0.571549 0.786356
vt 0.572875 0.791237
vt 0.585989 0.783043
vt 0.580211 0.777617
vt 0.585342 0.777416
vt 0.574335 0.770053
vt 0.565381 0.760197
vt 0.580422 0.771945
vt 0.565381 0.760197
vt 0.574335 0.770053
vt 0.567761 0.769325
vt 0.589812 0.800292
vt 0.587732 0.805137
vt 0.585108 0.800824
vt 0.580794 0.798400
vt 0.584948 0.794862
vt 0.585108 0.800824
vt 0.585108 0.800824
vt 0.584948 0.794862
vt 0.589624 0.795057
vt 0.594858 0.785305
vt 0.590481 0.784870
vt 0.591693 0.780787
vt 0.592161 0.789416
vt 0.590481 0.784870
vt 0.594858 0.785305
vt 0.597030 0.793882
vt 0.596595 0.789947
vt 0.600897 0.792003
vt 0.600897 0.792003
vt 0.596595 0.789947
vt 0.598526 0.785190
vt 0.654624 0.914452
vt 0.647393 0.913263
vt 0.652276 0.909533
vt 0.722470 0.895348
vt 0.726706 0.897109
vt 0.723501 0.901551
vt 0.567871 0.805507
vt 0.569671 0.801209
vt 0.572052 0.803650
vt 0.585108 0.800824
vt 0.583159 0.807593
vt 0.580144 0.804408
vt 0.580794 0.798400
vt 0.585108 0.800824
vt 0.580144 0.804408
vt 0.583159 0.807593
vt 0.581661 0.813133
vt 0.578457 0.810153
vt 0.580144 0.804408
vt 0.578140 0.802433
vt 0.580794 0.798400
vt 0.574521 0.795528
vt 0.577607 0.789472
vt 0.578356 0.794865
vt 0.592161 0.789416
vt 0.596595 0.789947
vt 0.593925 0.793041
vt 0.576016 0.778662
vt 0.580211 0.777617
vt 0.578032 0.783229
vt 0.593298 0.808560
vt 0.592359 0.803419
vt 0.595974 0.804029
vt 0.595974 0.804029
vt 0.597330 0.806176
vt 0.593298 0.808560
vt 0.594858 0.785305
vt 0.591693 0.780787
vt 0.594789 0.780225
vt 0.594858 0.785305
vt 0.596595 0.789947
vt 0.592161 0.789416
vt 0.557960 0.766373
vt 0.565381 0.760197
vt 0.567761 0.769325
vt 0.585342 0.777416
vt 0.586417 0.775386
vt 0.588568 0.778679
vt 0.585342 0.777416
vt 0.588568 0.778679
vt 0.585989 0.783043
vt 0.589624 0.795057
vt 0.589812 0.800292
vt 0.585108 0.800824
vt 0.586560 0.810859
vt 0.583159 0.807593
vt 0.587732 0.805137
vt 0.532938 0.789871
vt 0.527591 0.782608
vt 0.533264 0.783089
vt 0.532938 0.789871
vt 0.527043 0.796525
vt 0.521387 0.788855
vt 0.521387 0.788855
vt 0.527591 0.782608
vt 0.532938 0.789871
vt 0.566208 0.810042
vt 0.570268 0.807494
vt 0.569867 0.811506
vt 0.574948 0.806639
vt 0.569867 0.811506
vt 0.570268 0.807494
vt 0.587732 0.805137
vt 0.589779 0.807707
vt 0.586560 0.810859
vt 0.586560 0.810859
vt 0.589779 0.807707
vt 0.589704 0.810381
vt 0.586560 0.810859
vt 0.584920 0.816145
vt 0.581661 0.813133
vt 0.581661 0.813133
vt 0.584920 0.816145
vt 0.579845 0.818023
vt 0.588029 0.818493
vt 0.584920 0.816145
vt 0.589989 0.813840
vt 0.584920 0.816145
vt 0.588029 0.818493
vt 0.583281 0.821522
vt 0.586560 0.810859
vt 0.589704 0.810381
vt 0.589989 0.813840
vt 0.589989 0.813840
vt 0.584920 0.816145
vt 0.586560 0.810859
vt 0.644426 0.970370
vt 0.649346 0.971608
vt 0.642787 0.972333
vt 0.586560 0.810859
vt 0.581661 0.813133
vt 0.583159 0.807593
vt 0.592359 0.803419
vt 0.587732 0.805137
vt 0.589812 0.800292
vt 0.589779 0.807707
vt 0.587732 0.805137
vt 0.592359 0.803419
vt 0.579870 0.825664
vt 0.577601 0.822516
vt 0.583281 0.821522
vt 0.569867 0.811506
vt 0.574948 0.806639
vt 0.574044 0.813000
vt 0.574044 0.813000
vt 0.569785 0.816370
vt 0.569867 0.811506
vt 0.563067 0.800653
vt 0.562034 0.804085
vt 0.558034 0.803049
vt 0.558034 0.803049
vt 0.560852 0.797179
vt 0.563067 0.800653
vt 0.565744 0.802763
vt 0.562034 0.804085
vt 0.563067 0.800653
vt 0.578140 0.802433
vt 0.576109 0.800251
vt 0.580794 0.798400
vt 0.570268 0.807494
vt 0.572052 0.803650
vt 0.574948 0.806639
vt 0.586943 0.774334
vt 0.586417 0.775386
vt 0.580422 0.771945
vt 0.576109 0.800251
vt 0.574521 0.795528
vt 0.578356 0.794865
vt 0.520351 0.794717
vt 0.527043 0.796525
vt 0.522487 0.797881
vt 0.580144 0.804408
vt 0.574948 0.806639
vt 0.578140 0.802433
vt 0.567276 0.797047
vt 0.563067 0.800653
vt 0.560852 0.797179
vt 0.574948 0.806639
vt 0.572052 0.803650
vt 0.576109 0.800251
vt 0.576109 0.800251
vt 0.578140 0.802433
vt 0.574948 0.806639
vt 0.529280 0.804552
vt 0.527043 0.796525
vt 0.537311 0.801633
vt 0.570736 0.780425
vt 0.576016 0.778662
vt 0.574679 0.782950
vt 0.572052 0.803650
vt 0.569671 0.801209
vt 0.572862 0.799954
vt 0.532938 0.789871
vt 0.537311 0.801633
vt 0.527043 0.796525
vt 0.529280 0.804552
vt 0.524174 0.801700
vt 0.527043 0.796525
vt 0.524771 0.806048
vt 0.524174 0.801700
vt 0.529280 0.804552
vt 0.543955 0.775463
vt 0.540418 0.778691
vt 0.539640 0.773759
vt 0.546019 0.780203
vt 0.540418 0.778691
vt 0.543955 0.775463
vt 0.572862 0.799954
vt 0.569671 0.801209
vt 0.571238 0.798011
vt 0.571238 0.798011
vt 0.569671 0.801209
vt 0.567276 0.797047
vt 0.567276 0.797047
vt 0.569671 0.801209
vt 0.565744 0.802763
vt 0.567276 0.797047
vt 0.565744 0.802763
vt 0.563067 0.800653
vt 0.589611 0.781715
vt 0.590481 0.784870
vt 0.585989 0.783043
vt 0.589611 0.781715
vt 0.585989 0.783043
vt 0.588568 0.778679
vt 0.590481 0.784870
vt 0.587366 0.789654
vt 0.585989 0.783043
vt 0.580211 0.777617
vt 0.585989 0.783043
vt 0.581104 0.784916
vt 0.581104 0.784916
vt 0.577607 0.789472
vt 0.578032 0.783229
vt 0.577607 0.789472
vt 0.575200 0.786434
vt 0.578032 0.783229
vt 0.572875 0.791237
vt 0.575200 0.786434
vt 0.577607 0.789472
vt 0.575088 0.773744
vt 0.574335 0.770053
vt 0.580211 0.777617
vt 0.576016 0.778662
vt 0.575088 0.773744
vt 0.580211 0.777617
vt 0.581104 0.784916
vt 0.578032 0.783229
vt 0.580211 0.777617
vt 0.588568 0.778679
vt 0.591693 0.780787
vt 0.589611 0.781715
vt 0.588568 0.778679
vt 0.586943 0.774334
vt 0.591693 0.780787
vt 0.666800 0.870413
vt 0.665307 0.873669
vt 0.662447 0.872399
vt 0.721227 0.846278
vt 0.712193 0.844747
vt 0.716532 0.843915
vt 0.544853 0.755633
vt 0.565381 0.760197
vt 0.547916 0.758563
vt 0.551649 0.761757
vt 0.565381 0.760197
vt 0.557960 0.766373
vt 0.585989 0.783043
vt 0.582266 0.790644
vt 0.581104 0.784916
vt 0.551649 0.761757
vt 0.547916 0.758563
vt 0.565381 0.760197
vt 0.580422 0.771945
vt 0.586417 0.775386
vt 0.585342 0.777416
vt 0.585342 0.777416
vt 0.580211 0.777617
vt 0.580422 0.771945
vt 0.574679 0.782950
vt 0.576016 0.778662
vt 0.578032 0.783229
vt 0.586943 0.774334
vt 0.580422 0.771945
vt 0.565381 0.760197
vt 0.598208 0.773888
vt 0.586943 0.774334
vt 0.565381 0.760197
vt 0.576016 0.778662
vt 0.570736 0.780425
vt 0.572223 0.775216
vt 0.576016 0.778662
vt 0.572223 0.775216
vt 0.575088 0.773744
vt 0.582266 0.790644
vt 0.580794 0.798400
vt 0.578356 0.794865
vt 0.587366 0.789654
vt 0.584948 0.794862
vt 0.582266 0.790644
vt 0.580794 0.798400
vt 0.582266 0.790644
vt 0.584948 0.794862
vt 0.577607 0.789472
vt 0.582266 0.790644
vt 0.578356 0.794865
vt 0.620675 0.807286
vt 0.623320 0.803665
vt 0.624860 0.805934
vt 0.627542 0.812268
vt 0.622981 0.815389
vt 0.623219 0.810718
vt 0.663857 0.833510
vt 0.663309 0.839877
vt 0.660785 0.834742
vt 0.632752 0.803718
vt 0.639979 0.803000
vt 0.636096 0.808151
vt 0.636096 0.808151
vt 0.631814 0.808871
vt 0.632752 0.803718
vt 0.632752 0.803718
vt 0.627118 0.801472
vt 0.636170 0.798448
vt 0.663309 0.839877
vt 0.663857 0.833510
vt 0.666777 0.834760
vt 0.631811 0.814145
vt 0.630500 0.819094
vt 0.625703 0.819155
vt 0.653222 0.813450
vt 0.649541 0.811020
vt 0.654982 0.809861
vt 0.518655 0.990091
vt 0.521342 0.992546
vt 0.516726 0.993161
vt 0.627118 0.801472
vt 0.632752 0.803718
vt 0.628301 0.806994
vt 0.627118 0.801472
vt 0.628301 0.806994
vt 0.624860 0.805934
vt 0.623320 0.803665
vt 0.627118 0.801472
vt 0.624860 0.805934
vt 0.620675 0.807286
vt 0.623219 0.810718
vt 0.617814 0.811729
vt 0.623219 0.810718
vt 0.620675 0.807286
vt 0.624860 0.805934
vt 0.628301 0.806994
vt 0.623219 0.810718
vt 0.624860 0.805934
vt 0.618753 0.815611
vt 0.615159 0.815747
vt 0.617814 0.811729
vt 0.618753 0.815611
vt 0.617814 0.811729
vt 0.623219 0.810718
vt 0.627542 0.812268
vt 0.623219 0.810718
vt 0.628301 0.806994
vt 0.683100 0.823101
vt 0.686552 0.827940
vt 0.680630 0.827681
vt 0.627542 0.812268
vt 0.631811 0.814145
vt 0.625703 0.819155
vt 0.627542 0.812268
vt 0.625703 0.819155
vt 0.622981 0.815389
vt 0.644001 0.831240
vt 0.646282 0.828019
vt 0.649116 0.830360
vt 0.689162 0.855898
vt 0.685676 0.856769
vt 0.685054 0.853733
vt 0.631814 0.808871
vt 0.627542 0.812268
vt 0.628301 0.806994
vt 0.646370 0.845642
vt 0.649687 0.842081
vt 0.650996 0.846382
vt 0.300697 0.927240
vt 0.305885 0.927469
vt 0.304101 0.921117
vt 0.667830 0.877956
vt 0.663565 0.880658
vt 0.662820 0.877484
vt 0.632657 0.831932
vt 0.635151 0.829308
vt 0.637904 0.831773
vt 0.632271 0.821154
vt 0.628849 0.823498
vt 0.630500 0.819094
vt 0.634303 0.817823
vt 0.632271 0.821154
vt 0.630500 0.819094
vt 0.628301 0.806994
vt 0.632752 0.803718
vt 0.631814 0.808871
vt 0.625703 0.819155
vt 0.630500 0.819094
vt 0.628849 0.823498
vt 0.645582 0.805193
vt 0.646826 0.808669
vt 0.640606 0.810075
vt 0.634303 0.817823
vt 0.635837 0.821141
vt 0.632271 0.821154
vt 0.632752 0.803718
vt 0.636170 0.798448
vt 0.639979 0.803000
vt 0.654982 0.809861
vt 0.657929 0.812725
vt 0.653222 0.813450
vt 0.620175 0.830770
vt 0.619105 0.827915
vt 0.623450 0.826242
vt 0.631811 0.814145
vt 0.627542 0.812268
vt 0.631814 0.808871
vt 0.663840 0.885954
vt 0.671216 0.885838
vt 0.668904 0.888137
vt 0.631811 0.814145
vt 0.636405 0.813585
vt 0.634303 0.817823
vt 0.634303 0.817823
vt 0.630500 0.819094
vt 0.631811 0.814145
vt 0.634303 0.817823
vt 0.636405 0.813585
vt 0.639184 0.816659
vt 0.635837 0.821141
vt 0.634303 0.817823
vt 0.639184 0.816659
vt 0.651078 0.822141
vt 0.647516 0.819884
vt 0.651539 0.817373
vt 0.646738 0.824354
vt 0.647516 0.819884
vt 0.651078 0.822141
vt 0.631814 0.808871
vt 0.636096 0.808151
vt 0.631811 0.814145
vt 0.636096 0.808151
vt 0.640606 0.810075
vt 0.636405 0.813585
vt 0.636096 0.808151
vt 0.636405 0.813585
vt 0.631811 0.814145
vt 0.330879 0.584862
vt 0.330227 0.589894
vt 0.334798 0.587968
vt 0.334798 0.587968
vt 0.330227 0.589894
vt 0.334728 0.592590
vt 0.645582 0.805193
vt 0.640606 0.810075
vt 0.639413 0.805959
vt 0.656370 0.800884
vt 0.645582 0.805193
vt 0.639979 0.803000
vt 0.639979 0.803000
vt 0.636170 0.798448
vt 0.656370 0.800884
vt 0.639979 0.803000
vt 0.645582 0.805193
vt 0.639413 0.805959
vt 0.639979 0.803000
vt 0.639413 0.805959
vt 0.636096 0.808151
vt 0.666118 0.864486
vt 0.672838 0.867133
vt 0.666165 0.867772
vt 0.651539 0.817373
vt 0.653222 0.813450
vt 0.655860 0.817628
vt 0.648583 0.815383
vt 0.653222 0.813450
vt 0.651539 0.817373
vt 0.632741 0.824324
vt 0.632271 0.821154
vt 0.635837 0.821141
vt 0.655860 0.817628
vt 0.655115 0.823446
vt 0.651078 0.822141
vt 0.651078 0.822141
vt 0.651539 0.817373
vt 0.655860 0.817628
vt 0.649687 0.842081
vt 0.646160 0.841632
vt 0.648156 0.838082
vt 0.636618 0.843758
vt 0.640309 0.839761
vt 0.642108 0.843748
vt 0.655860 0.817628
vt 0.660306 0.820020
vt 0.655115 0.823446
vt 0.663935 0.815623
vt 0.666096 0.819378
vt 0.660306 0.820020
vt 0.663935 0.815623
vt 0.660306 0.820020
vt 0.660660 0.815040
vt 0.672838 0.867133
vt 0.666800 0.870413
vt 0.666165 0.867772
vt 0.663935 0.815623
vt 0.668161 0.814482
vt 0.666096 0.819378
vt 0.665418 0.846735
vt 0.668618 0.852285
vt 0.661198 0.850574
vt 0.646160 0.841632
vt 0.649687 0.842081
vt 0.646370 0.845642
vt 0.671801 0.825931
vt 0.668674 0.825008
vt 0.669972 0.821951
vt 0.639826 0.820862
vt 0.639184 0.816659
vt 0.643900 0.818062
vt 0.651078 0.822141
vt 0.648950 0.826360
vt 0.646738 0.824354
vt 0.651563 0.826223
vt 0.648950 0.826360
vt 0.651078 0.822141
vt 0.646282 0.828019
vt 0.644001 0.831240
vt 0.642536 0.827333
vt 0.646282 0.828019
vt 0.642536 0.827333
vt 0.646738 0.824354
vt 0.657929 0.812725
vt 0.655860 0.817628
vt 0.653222 0.813450
vt 0.639826 0.820862
vt 0.643900 0.818062
vt 0.643016 0.822679
vt 0.681713 0.810276
vt 0.687934 0.809813
vt 0.687010 0.813336
vt 0.639184 0.816659
vt 0.639826 0.820862
vt 0.635837 0.821141
vt 0.637474 0.825533
vt 0.635837 0.821141
vt 0.639826 0.820862
vt 0.643016 0.822679
vt 0.637474 0.825533
vt 0.639826 0.820862
vt 0.648583 0.815383
vt 0.651539 0.817373
vt 0.647516 0.819884
vt 0.647516 0.819884
vt 0.643016 0.822679
vt 0.643900 0.818062
vt 0.643016 0.822679
vt 0.647516 0.819884
vt 0.646738 0.824354
vt 0.646738 0.824354
vt 0.648950 0.826360
vt 0.646282 0.828019
vt 0.671564 0.860988
vt 0.677635 0.858157
vt 0.679188 0.863300
vt 0.643900 0.818062
vt 0.648583 0.815383
vt 0.647516 0.819884
vt 0.636740 0.837949
vt 0.640309 0.839761
vt 0.636618 0.843758
vt 0.641540 0.835536
vt 0.640309 0.839761
vt 0.636740 0.837949
vt 0.640606 0.810075
vt 0.639184 0.816659
vt 0.636405 0.813585
vt 0.643900 0.818062
vt 0.639184 0.816659
vt 0.644707 0.813199
vt 0.674710 0.838731
vt 0.675193 0.844895
vt 0.669344 0.842708
vt 0.640606 0.810075
vt 0.646826 0.808669
vt 0.644707 0.813199
vt 0.644707 0.813199
vt 0.639184 0.816659
vt 0.640606 0.810075
vt 0.685839 0.885636
vt 0.683947 0.883418
vt 0.686714 0.883997
vt 0.686714 0.883997
vt 0.683947 0.883418
vt 0.690227 0.883157
vt 0.690239 0.838808
vt 0.698666 0.840925
vt 0.695113 0.845374
vt 0.649541 0.811020
vt 0.646826 0.808669
vt 0.650971 0.808221
vt 0.645582 0.805193
vt 0.654587 0.806483
vt 0.646826 0.808669
vt 0.654587 0.806483
vt 0.650971 0.808221
vt 0.646826 0.808669
vt 0.670654 0.807535
vt 0.681713 0.810276
vt 0.676677 0.810422
vt 0.656370 0.800884
vt 0.654587 0.806483
vt 0.645582 0.805193
vt 0.656970 0.832479
vt 0.653881 0.828668
vt 0.658192 0.826335
vt 0.656970 0.832479
vt 0.658192 0.826335
vt 0.662068 0.829121
vt 0.650971 0.808221
vt 0.654982 0.809861
vt 0.649541 0.811020
vt 0.683947 0.883418
vt 0.690571 0.880149
vt 0.690227 0.883157
vt 0.654587 0.806483
vt 0.654982 0.809861
vt 0.650971 0.808221
vt 0.663011 0.810942
vt 0.663935 0.815623
vt 0.660660 0.815040
vt 0.676210 0.826828
vt 0.673745 0.828121
vt 0.671801 0.825931
vt 0.677589 0.834912
vt 0.677515 0.830942
vt 0.681437 0.832448
vt 0.306215 0.935112
vt 0.311425 0.933767
vt 0.307338 0.931490
vt 0.687010 0.813336
vt 0.684377 0.817527
vt 0.683457 0.813748
vt 0.324220 0.950347
vt 0.348222 0.968824
vt 0.336229 0.937888
vt 0.690115 0.817277
vt 0.684377 0.817527
vt 0.687010 0.813336
vt 0.675113 0.821696
vt 0.672621 0.817119
vt 0.676588 0.818057
vt 0.679108 0.814635
vt 0.679522 0.819831
vt 0.676588 0.818057
vt 0.663309 0.839877
vt 0.658465 0.842423
vt 0.658165 0.838156
vt 0.679522 0.819831
vt 0.679108 0.814635
vt 0.684377 0.817527
vt 0.665861 0.824474
vt 0.662068 0.829121
vt 0.662302 0.823825
vt 0.300697 0.927240
vt 0.296359 0.928549
vt 0.299998 0.931385
vt 0.672307 0.811802
vt 0.679108 0.814635
vt 0.672621 0.817119
vt 0.672307 0.811802
vt 0.672621 0.817119
vt 0.668161 0.814482
vt 0.668161 0.814482
vt 0.663011 0.810942
vt 0.672307 0.811802
vt 0.672307 0.811802
vt 0.670654 0.807535
vt 0.676677 0.810422
vt 0.663011 0.810942
vt 0.670654 0.807535
vt 0.672307 0.811802
vt 0.657929 0.812725
vt 0.654982 0.809861
vt 0.663011 0.810942
vt 0.679108 0.814635
vt 0.676677 0.810422
vt 0.681713 0.810276
vt 0.679108 0.814635
vt 0.683457 0.813748
vt 0.684377 0.817527
vt 0.681713 0.810276
vt 0.683457 0.813748
vt 0.679108 0.814635
vt 0.654587 0.806483
vt 0.670654 0.807535
vt 0.663011 0.810942
vt 0.663011 0.810942
vt 0.654982 0.809861
vt 0.654587 0.806483
vt 0.676588 0.818057
vt 0.679522 0.819831
vt 0.675113 0.821696
vt 0.674548 0.833539
vt 0.677515 0.830942
vt 0.677589 0.834912
vt 0.674875 0.829986
vt 0.677515 0.830942
vt 0.674548 0.833539
vt 0.681713 0.810276
vt 0.687010 0.813336
vt 0.683457 0.813748
vt 0.711056 0.911459
vt 0.715028 0.910740
vt 0.712191 0.915439
vt 0.672307 0.811802
vt 0.676677 0.810422
vt 0.679108 0.814635
vt 0.670654 0.807535
vt 0.654587 0.806483
vt 0.656370 0.800884
vt 0.698017 0.810793
vt 0.700841 0.816785
vt 0.696062 0.817904
vt 0.695436 0.811235
vt 0.698017 0.810793
vt 0.696062 0.817904
vt 0.691790 0.812680
vt 0.695436 0.811235
vt 0.696062 0.817904
vt 0.656370 0.800884
vt 0.682867 0.805601
vt 0.670654 0.807535
vt 0.669344 0.842708
vt 0.670673 0.847332
vt 0.665418 0.846735
vt 0.342833 0.875303
vt 0.322378 0.901420
vt 0.334965 0.908332
vt 0.662068 0.829121
vt 0.658192 0.826335
vt 0.662302 0.823825
vt 0.676210 0.826828
vt 0.671801 0.825931
vt 0.675113 0.821696
vt 0.651563 0.826223
vt 0.651078 0.822141
vt 0.655115 0.823446
vt 0.309022 0.938664
vt 0.311425 0.933767
vt 0.306215 0.935112
vt 0.728092 0.829261
vt 0.728437 0.825506
vt 0.731801 0.828711
vt 0.663309 0.839877
vt 0.658165 0.838156
vt 0.660785 0.834742
vt 0.671835 0.830480
vt 0.671801 0.825931
vt 0.673745 0.828121
vt 0.968592 0.993914
vt 0.970045 0.991477
vt 0.971305 0.993168
vt 0.680630 0.827681
vt 0.681437 0.832448
vt 0.677515 0.830942
vt 0.681424 0.837258
vt 0.674710 0.838731
vt 0.677589 0.834912
vt 0.677997 0.853588
vt 0.679963 0.850267
vt 0.682637 0.851500
vt 0.677515 0.830942
vt 0.674875 0.829986
vt 0.676210 0.826828
vt 0.671801 0.825931
vt 0.671835 0.830480
vt 0.667373 0.829485
vt 0.677813 0.877833
vt 0.681639 0.878934
vt 0.677309 0.880640
vt 0.668792 0.837914
vt 0.666777 0.834760
vt 0.668863 0.835223
vt 0.663309 0.839877
vt 0.666777 0.834760
vt 0.668792 0.837914
vt 0.649807 0.856999
vt 0.651089 0.854092
vt 0.658527 0.856489
vt 0.671189 0.834875
vt 0.669120 0.832926
vt 0.671835 0.830480
vt 0.669120 0.832926
vt 0.667373 0.829485
vt 0.671835 0.830480
vt 0.666777 0.834760
vt 0.663857 0.833510
vt 0.667373 0.829485
vt 0.662068 0.829121
vt 0.665861 0.824474
vt 0.667373 0.829485
vt 0.295590 0.906938
vt 0.297974 0.907405
vt 0.297223 0.903700
vt 0.672774 0.856659
vt 0.667344 0.857357
vt 0.668618 0.852285
vt 0.672621 0.817119
vt 0.669972 0.821951
vt 0.666096 0.819378
vt 0.682637 0.851500
vt 0.679963 0.850267
vt 0.683425 0.849100
vt 0.666096 0.819378
vt 0.669972 0.821951
vt 0.665861 0.824474
vt 0.668674 0.825008
vt 0.665861 0.824474
vt 0.669972 0.821951
vt 0.646183 0.834688
vt 0.644099 0.838724
vt 0.641540 0.835536
vt 0.658096 0.872662
vt 0.657360 0.869722
vt 0.662360 0.869996
vt 0.662447 0.872399
vt 0.658096 0.872662
vt 0.662360 0.869996
vt 0.671801 0.825931
vt 0.667373 0.829485
vt 0.668674 0.825008
vt 0.665861 0.824474
vt 0.668674 0.825008
vt 0.667373 0.829485
vt 0.653881 0.828668
vt 0.655115 0.823446
vt 0.658192 0.826335
vt 0.655115 0.823446
vt 0.660306 0.820020
vt 0.658192 0.826335
vt 0.662302 0.823825
vt 0.658192 0.826335
vt 0.660306 0.820020
vt 0.651563 0.826223
vt 0.655115 0.823446
vt 0.653881 0.828668
vt 0.637474 0.825533
vt 0.643016 0.822679
vt 0.642536 0.827333
vt 0.642536 0.827333
vt 0.637904 0.831773
vt 0.637474 0.825533
vt 0.637474 0.825533
vt 0.637904 0.831773
vt 0.635151 0.829308
vt 0.637904 0.831773
vt 0.632802 0.836302
vt 0.632657 0.831932
vt 0.653881 0.828668
vt 0.656970 0.832479
vt 0.652595 0.832762
vt 0.660660 0.815040
vt 0.660306 0.820020
vt 0.655860 0.817628
vt 0.655860 0.817628
vt 0.657929 0.812725
vt 0.660660 0.815040
vt 0.660660 0.815040
vt 0.657929 0.812725
vt 0.663011 0.810942
vt 0.691790 0.812680
vt 0.696062 0.817904
vt 0.690115 0.817277
vt 0.643016 0.822679
vt 0.646738 0.824354
vt 0.642536 0.827333
vt 0.644001 0.831240
vt 0.637904 0.831773
vt 0.642536 0.827333
vt 0.639384 0.868009
vt 0.642693 0.872213
vt 0.634001 0.872382
vt 0.634681 0.864454
vt 0.639384 0.868009
vt 0.634001 0.872382
vt 0.681437 0.832448
vt 0.681424 0.837258
vt 0.677589 0.834912
vt 0.640309 0.839761
vt 0.644099 0.838724
vt 0.642108 0.843748
vt 0.650225 0.861554
vt 0.644748 0.856741
vt 0.649807 0.856999
vt 0.637904 0.831773
vt 0.641540 0.835536
vt 0.636740 0.837949
vt 0.637904 0.831773
vt 0.644001 0.831240
vt 0.641540 0.835536
vt 0.649965 0.834700
vt 0.652595 0.832762
vt 0.653183 0.838032
vt 0.654506 0.850253
vt 0.655419 0.845242
vt 0.659562 0.846006
vt 0.632314 0.840993
vt 0.636618 0.843758
vt 0.631592 0.845423
vt 0.636740 0.837949
vt 0.636618 0.843758
vt 0.632314 0.840993
vt 0.629463 0.830983
vt 0.632657 0.831932
vt 0.628830 0.835545
vt 0.632802 0.836302
vt 0.636740 0.837949
vt 0.632314 0.840993
vt 0.636740 0.837949
vt 0.632802 0.836302
vt 0.637904 0.831773
vt 0.627870 0.866129
vt 0.623293 0.862817
vt 0.626822 0.861811
vt 0.630543 0.860235
vt 0.627870 0.866129
vt 0.626822 0.861811
vt 0.646183 0.834688
vt 0.641540 0.835536
vt 0.644001 0.831240
vt 0.649116 0.830360
vt 0.646183 0.834688
vt 0.644001 0.831240
vt 0.655546 0.879044
vt 0.659589 0.875236
vt 0.662820 0.877484
vt 0.662820 0.877484
vt 0.659205 0.880334
vt 0.655546 0.879044
vt 0.635518 0.852415
vt 0.631185 0.854252
vt 0.633805 0.849054
vt 0.646183 0.834688
vt 0.649116 0.830360
vt 0.649965 0.834700
vt 0.649116 0.830360
vt 0.652595 0.832762
vt 0.649965 0.834700
vt 0.653881 0.828668
vt 0.652595 0.832762
vt 0.649116 0.830360
vt 0.653881 0.828668
vt 0.649116 0.830360
vt 0.651563 0.826223
vt 0.648156 0.838082
vt 0.646183 0.834688
vt 0.649965 0.834700
vt 0.644099 0.838724
vt 0.646183 0.834688
vt 0.648156 0.838082
vt 0.648156 0.838082
vt 0.646160 0.841632
vt 0.644099 0.838724
vt 0.650996 0.846382
vt 0.649687 0.842081
vt 0.652997 0.842791
vt 0.644099 0.838724
vt 0.646160 0.841632
vt 0.642108 0.843748
vt 0.691928 0.820882
vt 0.690807 0.824248
vt 0.687925 0.821959
vt 0.690807 0.824248
vt 0.691928 0.820882
vt 0.693703 0.823165
vt 0.653183 0.838032
vt 0.649687 0.842081
vt 0.648156 0.838082
vt 0.653183 0.838032
vt 0.648156 0.838082
vt 0.649965 0.834700
vt 0.655815 0.841432
vt 0.653183 0.838032
vt 0.658165 0.838156
vt 0.658465 0.842423
vt 0.655815 0.841432
vt 0.658165 0.838156
vt 0.661198 0.850574
vt 0.654506 0.850253
vt 0.659562 0.846006
vt 0.655815 0.841432
vt 0.652997 0.842791
vt 0.653183 0.838032
vt 0.655419 0.845242
vt 0.652997 0.842791
vt 0.655815 0.841432
vt 0.658465 0.842423
vt 0.655419 0.845242
vt 0.655815 0.841432
vt 0.650996 0.846382
vt 0.652997 0.842791
vt 0.655419 0.845242
vt 0.655419 0.845242
vt 0.654506 0.850253
vt 0.650996 0.846382
vt 0.663309 0.839877
vt 0.659562 0.846006
vt 0.658465 0.842423
vt 0.665418 0.846735
vt 0.663309 0.839877
vt 0.669344 0.842708
vt 0.665418 0.846735
vt 0.659562 0.846006
vt 0.663309 0.839877
vt 0.661198 0.850574
vt 0.659562 0.846006
vt 0.665418 0.846735
vt 0.658465 0.842423
vt 0.659562 0.846006
vt 0.655419 0.845242
vt 0.619945 0.863321
vt 0.623293 0.862817
vt 0.620770 0.867772
vt 0.657360 0.869722
vt 0.658096 0.872662
vt 0.653149 0.872285
vt 0.661221 0.866918
vt 0.666118 0.864486
vt 0.666165 0.867772
vt 0.666165 0.867772
vt 0.662360 0.869996
vt 0.661221 0.866918
vt 0.646160 0.841632
vt 0.646370 0.845642
vt 0.642108 0.843748
vt 0.634681 0.864454
vt 0.627870 0.866129
vt 0.630543 0.860235
vt 0.646370 0.845642
vt 0.650996 0.846382
vt 0.647273 0.851346
vt 0.639384 0.868009
vt 0.641631 0.862597
vt 0.646806 0.867486
vt 0.650225 0.861554
vt 0.646806 0.867486
vt 0.641631 0.862597
vt 0.658527 0.856489
vt 0.650225 0.861554
vt 0.649807 0.856999
vt 0.643372 0.848493
vt 0.647273 0.851346
vt 0.642019 0.852563
vt 0.646370 0.845642
vt 0.647273 0.851346
vt 0.643372 0.848493
vt 0.631185 0.854252
vt 0.630543 0.860235
vt 0.625668 0.858049
vt 0.626822 0.861811
vt 0.625668 0.858049
vt 0.630543 0.860235
vt 0.641615 0.879122
vt 0.635742 0.880674
vt 0.636470 0.877349
vt 0.926117 0.980142
vt 0.937042 0.979250
vt 0.940473 0.982472
vt 0.644748 0.856741
vt 0.642019 0.852563
vt 0.647273 0.851346
vt 0.647531 0.854970
vt 0.649807 0.856999
vt 0.644748 0.856741
vt 0.651089 0.854092
vt 0.654506 0.850253
vt 0.658527 0.856489
vt 0.647531 0.854970
vt 0.651089 0.854092
vt 0.649807 0.856999
vt 0.613139 0.847029
vt 0.616418 0.847666
vt 0.610848 0.851344
vt 0.647273 0.851346
vt 0.651089 0.854092
vt 0.647531 0.854970
vt 0.647531 0.854970
vt 0.644748 0.856741
vt 0.647273 0.851346
vt 0.654506 0.850253
vt 0.651089 0.854092
vt 0.647273 0.851346
vt 0.647273 0.851346
vt 0.650996 0.846382
vt 0.654506 0.850253
vt 0.652691 0.875840
vt 0.648031 0.874063
vt 0.653149 0.872285
vt 0.645910 0.876867
vt 0.648031 0.874063
vt 0.652691 0.875840
vt 0.654724 0.866637
vt 0.661221 0.866918
vt 0.657360 0.869722
vt 0.667344 0.857357
vt 0.672774 0.856659
vt 0.671564 0.860988
vt 0.643372 0.848493
vt 0.638820 0.849569
vt 0.642108 0.843748
vt 0.654724 0.866637
vt 0.646806 0.867486
vt 0.650225 0.861554
vt 0.654724 0.866637
vt 0.650225 0.861554
vt 0.659332 0.862803
vt 0.259766 0.998047
vt 0.259766 0.998047
vt 0.259766 0.998047
vt 0.630543 0.860235
vt 0.637341 0.856568
vt 0.634681 0.864454
vt 0.674710 0.838731
vt 0.671189 0.834875
vt 0.674548 0.833539
vt 0.659332 0.862803
vt 0.650225 0.861554
vt 0.658527 0.856489
vt 0.646806 0.867486
vt 0.652199 0.869579
vt 0.648682 0.871277
vt 0.654724 0.866637
vt 0.652199 0.869579
vt 0.646806 0.867486
vt 0.637341 0.856568
vt 0.642019 0.852563
vt 0.644748 0.856741
vt 0.641631 0.862597
vt 0.637341 0.856568
vt 0.644748 0.856741
vt 0.652199 0.869579
vt 0.653149 0.872285
vt 0.648682 0.871277
vt 0.645910 0.876867
vt 0.644188 0.874995
vt 0.648031 0.874063
vt 0.653149 0.872285
vt 0.648031 0.874063
vt 0.648682 0.871277
vt 0.641631 0.862597
vt 0.634681 0.864454
vt 0.637341 0.856568
vt 0.642693 0.872213
vt 0.648031 0.874063
vt 0.644188 0.874995
vt 0.648682 0.871277
vt 0.648031 0.874063
vt 0.642693 0.872213
vt 0.643372 0.848493
vt 0.642108 0.843748
vt 0.646370 0.845642
vt 0.638820 0.849569
vt 0.643372 0.848493
vt 0.642019 0.852563
vt 0.631185 0.854252
vt 0.635518 0.852415
vt 0.637341 0.856568
vt 0.637341 0.856568
vt 0.635518 0.852415
vt 0.638820 0.849569
vt 0.637341 0.856568
vt 0.638820 0.849569
vt 0.642019 0.852563
vt 0.629774 0.876195
vt 0.626010 0.873041
vt 0.634001 0.872382
vt 0.623293 0.862817
vt 0.627870 0.866129
vt 0.620770 0.867772
vt 0.626010 0.873041
vt 0.620770 0.867772
vt 0.627870 0.866129
vt 0.626010 0.873041
vt 0.627870 0.866129
vt 0.634001 0.872382
vt 0.634001 0.872382
vt 0.627870 0.866129
vt 0.634681 0.864454
vt 0.632816 0.877336
vt 0.629774 0.876195
vt 0.634001 0.872382
vt 0.625668 0.858049
vt 0.620180 0.859990
vt 0.621160 0.855290
vt 0.629774 0.876195
vt 0.630667 0.878877
vt 0.626415 0.877742
vt 0.631185 0.854252
vt 0.627927 0.849214
vt 0.633805 0.849054
vt 0.637341 0.856568
vt 0.630543 0.860235
vt 0.631185 0.854252
vt 0.592738 0.852409
vt 0.596841 0.854855
vt 0.592789 0.858138
vt 0.610848 0.851344
vt 0.604594 0.855018
vt 0.605469 0.848699
vt 0.592738 0.852409
vt 0.596760 0.850214
vt 0.596841 0.854855
vt 0.618078 0.879072
vt 0.619770 0.881469
vt 0.615699 0.880311
vt 0.608035 0.857278
vt 0.610848 0.851344
vt 0.612269 0.855625
vt 0.610848 0.851344
vt 0.605469 0.848699
vt 0.610245 0.847006
vt 0.624180 0.840042
vt 0.628881 0.839413
vt 0.627805 0.843743
vt 0.628830 0.835545
vt 0.632802 0.836302
vt 0.628881 0.839413
vt 0.628830 0.835545
vt 0.632657 0.831932
vt 0.632802 0.836302
vt 0.600186 0.850017
vt 0.596841 0.854855
vt 0.596760 0.850214
vt 0.596841 0.854855
vt 0.600186 0.850017
vt 0.601271 0.853517
vt 0.605068 0.837448
vt 0.605694 0.842564
vt 0.601771 0.842356
vt 0.600621 0.838732
vt 0.605068 0.837448
vt 0.601771 0.842356
vt 0.605694 0.842564
vt 0.605469 0.848699
vt 0.602302 0.846039
vt 0.601771 0.842356
vt 0.605694 0.842564
vt 0.602302 0.846039
vt 0.598911 0.846450
vt 0.602302 0.846039
vt 0.600186 0.850017
vt 0.600186 0.850017
vt 0.602302 0.846039
vt 0.605469 0.848699
vt 0.601271 0.853517
vt 0.604594 0.855018
vt 0.600255 0.858586
vt 0.600255 0.858586
vt 0.604594 0.855018
vt 0.604014 0.859476
vt 0.604014 0.859476
vt 0.602190 0.862614
vt 0.600255 0.858586
vt 0.600186 0.850017
vt 0.596760 0.850214
vt 0.598911 0.846450
vt 0.600186 0.850017
vt 0.605469 0.848699
vt 0.601271 0.853517
vt 0.598911 0.846450
vt 0.601771 0.842356
vt 0.602302 0.846039
vt 0.596945 0.842380
vt 0.601771 0.842356
vt 0.598911 0.846450
vt 0.600621 0.838732
vt 0.601771 0.842356
vt 0.596945 0.842380
vt 0.609607 0.843341
vt 0.612611 0.844399
vt 0.610245 0.847006
vt 0.605469 0.848699
vt 0.609607 0.843341
vt 0.610245 0.847006
vt 0.613139 0.847029
vt 0.612611 0.844399
vt 0.615782 0.843934
vt 0.610245 0.847006
vt 0.612611 0.844399
vt 0.613139 0.847029
vt 0.628849 0.823498
vt 0.623450 0.826242
vt 0.625703 0.819155
vt 0.619681 0.819939
vt 0.614291 0.820790
vt 0.618753 0.815611
vt 0.610720 0.827283
vt 0.615715 0.826434
vt 0.611144 0.831965
vt 0.610720 0.827283
vt 0.611144 0.831965
vt 0.606861 0.832225
vt 0.605068 0.837448
vt 0.608174 0.834853
vt 0.609858 0.837723
vt 0.609858 0.837723
vt 0.605694 0.842564
vt 0.605068 0.837448
vt 0.608174 0.834853
vt 0.611144 0.831965
vt 0.609858 0.837723
vt 0.606861 0.832225
vt 0.611144 0.831965
vt 0.608174 0.834853
vt 0.611108 0.817239
vt 0.614291 0.820790
vt 0.609288 0.823524
vt 0.614107 0.840074
vt 0.616922 0.837242
vt 0.618828 0.839730
vt 0.614107 0.840074
vt 0.612611 0.844399
vt 0.609607 0.843341
vt 0.616922 0.837242
vt 0.614107 0.840074
vt 0.615666 0.833352
vt 0.615666 0.833352
vt 0.614107 0.840074
vt 0.609858 0.837723
vt 0.606861 0.832225
vt 0.607227 0.828057
vt 0.610720 0.827283
vt 0.606861 0.832225
vt 0.603951 0.830206
vt 0.607227 0.828057
vt 0.609288 0.823524
vt 0.614291 0.820790
vt 0.610720 0.827283
vt 0.614291 0.820790
vt 0.615715 0.826434
vt 0.610720 0.827283
vt 0.619681 0.819939
vt 0.615715 0.826434
vt 0.614291 0.820790
vt 0.624180 0.840042
vt 0.619471 0.843926
vt 0.618828 0.839730
vt 0.620680 0.823650
vt 0.619105 0.827915
vt 0.615715 0.826434
vt 0.615715 0.826434
vt 0.619105 0.827915
vt 0.615666 0.833352
vt 0.619681 0.819939
vt 0.620680 0.823650
vt 0.615715 0.826434
vt 0.625703 0.819155
vt 0.620680 0.823650
vt 0.619681 0.819939
vt 0.609858 0.837723
vt 0.614107 0.840074
vt 0.609607 0.843341
vt 0.609607 0.843341
vt 0.605694 0.842564
vt 0.609858 0.837723
vt 0.615666 0.833352
vt 0.619415 0.834909
vt 0.616922 0.837242
vt 0.620175 0.830770
vt 0.619415 0.834909
vt 0.615666 0.833352
vt 0.623108 0.831799
vt 0.622307 0.836272
vt 0.619415 0.834909
vt 0.620175 0.830770
vt 0.623108 0.831799
vt 0.619415 0.834909
vt 0.626823 0.828842
vt 0.623450 0.826242
vt 0.628849 0.823498
vt 0.626823 0.828842
vt 0.623108 0.831799
vt 0.623450 0.826242
vt 0.620175 0.830770
vt 0.623450 0.826242
vt 0.623108 0.831799
vt 0.637474 0.825533
vt 0.635151 0.829308
vt 0.632879 0.828099
vt 0.632741 0.824324
vt 0.635837 0.821141
vt 0.637474 0.825533
vt 0.632657 0.831932
vt 0.629463 0.830983
vt 0.632879 0.828099
vt 0.625668 0.858049
vt 0.621160 0.855290
vt 0.625840 0.853506
vt 0.647424 0.886458
vt 0.639938 0.887281
vt 0.639036 0.884434
vt 0.639036 0.884434
vt 0.644966 0.882567
vt 0.647424 0.886458
vt 0.628830 0.835545
vt 0.625746 0.833993
vt 0.629463 0.830983
vt 0.623293 0.862817
vt 0.619945 0.863321
vt 0.620180 0.859990
vt 0.631592 0.845423
vt 0.627805 0.843743
vt 0.632314 0.840993
vt 0.622307 0.836272
vt 0.624180 0.840042
vt 0.618828 0.839730
vt 0.622307 0.836272
vt 0.618828 0.839730
vt 0.619415 0.834909
vt 0.627927 0.849214
vt 0.627805 0.843743
vt 0.631592 0.845423
vt 0.615782 0.843934
vt 0.619471 0.843926
vt 0.616418 0.847666
vt 0.618828 0.839730
vt 0.619471 0.843926
vt 0.615782 0.843934
vt 0.622227 0.846867
vt 0.619471 0.843926
vt 0.624180 0.840042
vt 0.628881 0.839413
vt 0.632314 0.840993
vt 0.627805 0.843743
vt 0.632802 0.836302
vt 0.632314 0.840993
vt 0.628881 0.839413
vt 0.632271 0.821154
vt 0.632741 0.824324
vt 0.628849 0.823498
vt 0.630075 0.827013
vt 0.628849 0.823498
vt 0.632741 0.824324
vt 0.628849 0.823498
vt 0.630075 0.827013
vt 0.626823 0.828842
vt 0.630075 0.827013
vt 0.632879 0.828099
vt 0.629463 0.830983
vt 0.630075 0.827013
vt 0.632741 0.824324
vt 0.632879 0.828099
vt 0.632879 0.828099
vt 0.632741 0.824324
vt 0.637474 0.825533
vt 0.659205 0.880334
vt 0.662820 0.877484
vt 0.663565 0.880658
vt 0.626823 0.828842
vt 0.630075 0.827013
vt 0.629463 0.830983
vt 0.616846 0.863586
vt 0.615650 0.858091
vt 0.620180 0.859990
vt 0.611856 0.863476
vt 0.615650 0.858091
vt 0.616846 0.863586
vt 0.623293 0.862817
vt 0.620180 0.859990
vt 0.625668 0.858049
vt 0.625668 0.858049
vt 0.626822 0.861811
vt 0.623293 0.862817
vt 0.622897 0.851270
vt 0.625840 0.853506
vt 0.621160 0.855290
vt 0.616846 0.863586
vt 0.619945 0.863321
vt 0.620770 0.867772
vt 0.620180 0.859990
vt 0.619945 0.863321
vt 0.616846 0.863586
vt 0.623108 0.831799
vt 0.626823 0.828842
vt 0.625746 0.833993
vt 0.629463 0.830983
vt 0.625746 0.833993
vt 0.626823 0.828842
vt 0.624180 0.840042
vt 0.625746 0.833993
vt 0.628830 0.835545
vt 0.622307 0.836272
vt 0.625746 0.833993
vt 0.624180 0.840042
vt 0.623108 0.831799
vt 0.625746 0.833993
vt 0.622307 0.836272
vt 0.627805 0.843743
vt 0.622227 0.846867
vt 0.624180 0.840042
vt 0.622227 0.846867
vt 0.617256 0.852206
vt 0.616418 0.847666
vt 0.619471 0.843926
vt 0.622227 0.846867
vt 0.616418 0.847666
vt 0.610695 0.859416
vt 0.615650 0.858091
vt 0.611856 0.863476
vt 0.615650 0.858091
vt 0.610695 0.859416
vt 0.612269 0.855625
vt 0.617256 0.852206
vt 0.610848 0.851344
vt 0.616418 0.847666
vt 0.617256 0.852206
vt 0.612269 0.855625
vt 0.610848 0.851344
vt 0.612269 0.855625
vt 0.617256 0.852206
vt 0.615650 0.858091
vt 0.622897 0.851270
vt 0.621160 0.855290
vt 0.617256 0.852206
vt 0.617256 0.852206
vt 0.622227 0.846867
vt 0.622897 0.851270
vt 0.621160 0.855290
vt 0.620180 0.859990
vt 0.615650 0.858091
vt 0.621160 0.855290
vt 0.615650 0.858091
vt 0.617256 0.852206
vt 0.657360 0.869722
vt 0.652199 0.869579
vt 0.654724 0.866637
vt 0.652199 0.869579
vt 0.657360 0.869722
vt 0.653149 0.872285
vt 0.668618 0.852285
vt 0.667344 0.857357
vt 0.658527 0.856489
vt 0.675113 0.821696
vt 0.669972 0.821951
vt 0.672621 0.817119
vt 0.659332 0.862803
vt 0.661221 0.866918
vt 0.654724 0.866637
vt 0.658096 0.872662
vt 0.652691 0.875840
vt 0.653149 0.872285
vt 0.644099 0.838724
vt 0.640309 0.839761
vt 0.641540 0.835536
vt 0.659332 0.862803
vt 0.666118 0.864486
vt 0.661221 0.866918
vt 0.662820 0.877484
vt 0.669406 0.875099
vt 0.667830 0.877956
vt 0.659589 0.875236
vt 0.665307 0.873669
vt 0.662820 0.877484
vt 0.665307 0.873669
vt 0.666800 0.870413
vt 0.671348 0.871681
vt 0.658096 0.872662
vt 0.659589 0.875236
vt 0.652691 0.875840
vt 0.669406 0.875099
vt 0.671348 0.871681
vt 0.677218 0.873856
vt 0.665307 0.873669
vt 0.671348 0.871681
vt 0.669406 0.875099
vt 0.663565 0.880658
vt 0.670979 0.880021
vt 0.666110 0.882799
vt 0.716532 0.843915
vt 0.712193 0.844747
vt 0.714862 0.840803
vt 0.652691 0.875840
vt 0.659589 0.875236
vt 0.655546 0.879044
vt 0.676210 0.826828
vt 0.678975 0.823798
vt 0.680630 0.827681
vt 0.672838 0.867133
vt 0.676450 0.870478
vt 0.671348 0.871681
vt 0.671348 0.871681
vt 0.666800 0.870413
vt 0.672838 0.867133
vt 0.658096 0.872662
vt 0.662447 0.872399
vt 0.659589 0.875236
vt 0.665307 0.873669
vt 0.659589 0.875236
vt 0.662447 0.872399
vt 0.657360 0.869722
vt 0.661221 0.866918
vt 0.662360 0.869996
vt 0.672838 0.867133
vt 0.666118 0.864486
vt 0.671564 0.860988
vt 0.671564 0.860988
vt 0.679188 0.863300
vt 0.672838 0.867133
vt 0.664581 0.860516
vt 0.666118 0.864486
vt 0.659332 0.862803
vt 0.659332 0.862803
vt 0.658527 0.856489
vt 0.664581 0.860516
vt 0.667344 0.857357
vt 0.664581 0.860516
vt 0.658527 0.856489
vt 0.664581 0.860516
vt 0.667344 0.857357
vt 0.671564 0.860988
vt 0.681639 0.878934
vt 0.683132 0.880445
vt 0.677309 0.880640
vt 0.683132 0.880445
vt 0.681639 0.878934
vt 0.687510 0.876420
vt 0.677309 0.880640
vt 0.678580 0.882641
vt 0.671755 0.883276
vt 0.676450 0.870478
vt 0.677218 0.873856
vt 0.671348 0.871681
vt 0.672774 0.856659
vt 0.677635 0.858157
vt 0.671564 0.860988
vt 0.699878 0.864490
vt 0.685300 0.868966
vt 0.687305 0.863096
vt 0.689798 0.859486
vt 0.699878 0.864490
vt 0.687305 0.863096
vt 0.675581 0.849360
vt 0.668618 0.852285
vt 0.670673 0.847332
vt 0.668618 0.852285
vt 0.675581 0.849360
vt 0.677997 0.853588
vt 0.672838 0.867133
vt 0.679188 0.863300
vt 0.685300 0.868966
vt 0.672838 0.867133
vt 0.685300 0.868966
vt 0.676450 0.870478
vt 0.671564 0.860988
vt 0.666118 0.864486
vt 0.664581 0.860516
vt 0.683100 0.823101
vt 0.687925 0.821959
vt 0.686552 0.827940
vt 0.686552 0.827940
vt 0.687925 0.821959
vt 0.690807 0.824248
vt 0.524598 0.991737
vt 0.523220 0.993696
vt 0.521342 0.992546
vt 0.521342 0.992546
vt 0.518655 0.990091
vt 0.524598 0.991737
vt 0.668618 0.852285
vt 0.677997 0.853588
vt 0.672774 0.856659
vt 0.687305 0.863096
vt 0.683233 0.859445
vt 0.689798 0.859486
vt 0.646806 0.867486
vt 0.648682 0.871277
vt 0.642693 0.872213
vt 0.668863 0.835223
vt 0.671189 0.834875
vt 0.668792 0.837914
vt 0.678975 0.823798
vt 0.679522 0.819831
vt 0.683100 0.823101
vt 0.679188 0.863300
vt 0.683233 0.859445
vt 0.687305 0.863096
vt 0.678975 0.823798
vt 0.675113 0.821696
vt 0.679522 0.819831
vt 0.681770 0.856373
vt 0.683233 0.859445
vt 0.677635 0.858157
vt 0.677635 0.858157
vt 0.677997 0.853588
vt 0.681770 0.856373
vt 0.684377 0.817527
vt 0.683100 0.823101
vt 0.679522 0.819831
vt 0.680630 0.827681
vt 0.678975 0.823798
vt 0.683100 0.823101
vt 0.676210 0.826828
vt 0.675113 0.821696
vt 0.678975 0.823798
vt 0.662302 0.823825
vt 0.660306 0.820020
vt 0.666096 0.819378
vt 0.690115 0.817277
vt 0.687925 0.821959
vt 0.684377 0.817527
vt 0.684377 0.817527
vt 0.687925 0.821959
vt 0.683100 0.823101
vt 0.724065 0.874456
vt 0.730321 0.874555
vt 0.729077 0.877425
vt 0.727810 0.838907
vt 0.736981 0.839396
vt 0.734266 0.843355
vt 0.671189 0.834875
vt 0.668863 0.835223
vt 0.669120 0.832926
vt 0.685676 0.856769
vt 0.681770 0.856373
vt 0.685054 0.853733
vt 0.682637 0.851500
vt 0.683425 0.849100
vt 0.686837 0.850320
vt 0.689798 0.859486
vt 0.685676 0.856769
vt 0.689162 0.855898
vt 0.301405 0.904847
vt 0.305806 0.911943
vt 0.305425 0.905797
vt 0.060143 0.715116
vt 0.062335 0.713926
vt 0.061271 0.710289
vt 0.677997 0.853588
vt 0.685054 0.853733
vt 0.681770 0.856373
vt 0.670673 0.847332
vt 0.669344 0.842708
vt 0.675193 0.844895
vt 0.682637 0.851500
vt 0.686837 0.850320
vt 0.685054 0.853733
vt 0.677997 0.853588
vt 0.682637 0.851500
vt 0.685054 0.853733
vt 0.686552 0.827940
vt 0.690807 0.824248
vt 0.692505 0.827060
vt 0.686552 0.827940
vt 0.692505 0.827060
vt 0.690961 0.832077
vt 0.691564 0.852774
vt 0.685054 0.853733
vt 0.686837 0.850320
vt 0.720382 0.866140
vt 0.719412 0.869651
vt 0.713815 0.867373
vt 0.720382 0.866140
vt 0.714575 0.860946
vt 0.729252 0.862925
vt 0.713815 0.867373
vt 0.714575 0.860946
vt 0.720382 0.866140
vt 0.722512 0.871544
vt 0.717401 0.871561
vt 0.719412 0.869651
vt 0.719412 0.869651
vt 0.725654 0.868454
vt 0.722512 0.871544
vt 0.604921 0.993973
vt 0.600739 0.992728
vt 0.610493 0.991431
vt 0.521342 0.992546
vt 0.523220 0.993696
vt 0.516726 0.993161
vt 0.670673 0.847332
vt 0.675193 0.844895
vt 0.675581 0.849360
vt 0.037451 0.645639
vt 0.039935 0.650130
vt 0.042028 0.645722
vt 0.720382 0.866140
vt 0.725654 0.868454
vt 0.719412 0.869651
vt 0.639413 0.805959
vt 0.640606 0.810075
vt 0.636096 0.808151
vt 0.677813 0.877833
vt 0.672642 0.876917
vt 0.677218 0.873856
vt 0.681217 0.842351
vt 0.680359 0.847085
vt 0.675193 0.844895
vt 0.674710 0.838731
vt 0.681217 0.842351
vt 0.675193 0.844895
vt 0.717401 0.871561
vt 0.713616 0.873447
vt 0.710953 0.870382
vt 0.713616 0.873447
vt 0.701963 0.872789
vt 0.710953 0.870382
vt 0.724565 0.914314
vt 0.719454 0.914663
vt 0.721468 0.912803
vt 0.721468 0.912803
vt 0.719454 0.914663
vt 0.719422 0.910839
vt 0.668904 0.888137
vt 0.674683 0.887302
vt 0.673376 0.889222
vt 0.732824 0.915546
vt 0.724565 0.914314
vt 0.729652 0.910454
vt 0.683132 0.880445
vt 0.683947 0.883418
vt 0.678580 0.882641
vt 0.677309 0.880640
vt 0.683132 0.880445
vt 0.678580 0.882641
vt 0.156186 0.943129
vt 0.163727 0.944068
vt 0.158602 0.948578
vt 0.701963 0.872789
vt 0.700221 0.877757
vt 0.687510 0.876420
vt 0.690331 0.886691
vt 0.690227 0.883157
vt 0.698550 0.883147
vt 0.698550 0.883147
vt 0.697420 0.888733
vt 0.690331 0.886691
vt 0.671216 0.885838
vt 0.674683 0.887302
vt 0.668904 0.888137
vt 0.697420 0.888733
vt 0.698550 0.883147
vt 0.707788 0.883972
vt 0.701963 0.872789
vt 0.699878 0.864490
vt 0.710953 0.870382
vt 0.713616 0.873447
vt 0.711571 0.876419
vt 0.701963 0.872789
vt 0.698550 0.883147
vt 0.702459 0.880055
vt 0.706633 0.881236
vt 0.707788 0.883972
vt 0.698550 0.883147
vt 0.706633 0.881236
vt 0.678580 0.882641
vt 0.683947 0.883418
vt 0.676704 0.884938
vt 0.669406 0.875099
vt 0.662820 0.877484
vt 0.665307 0.873669
vt 0.720176 0.877396
vt 0.715203 0.878835
vt 0.711571 0.876419
vt 0.720176 0.877396
vt 0.711571 0.876419
vt 0.717980 0.875122
vt 0.667830 0.877956
vt 0.672642 0.876917
vt 0.670979 0.880021
vt 0.667830 0.877956
vt 0.670979 0.880021
vt 0.663565 0.880658
vt 0.690571 0.880149
vt 0.696485 0.880537
vt 0.690227 0.883157
vt 0.690227 0.883157
vt 0.696485 0.880537
vt 0.698550 0.883147
vt 0.700221 0.877757
vt 0.690571 0.880149
vt 0.687510 0.876420
vt 0.690571 0.880149
vt 0.700221 0.877757
vt 0.696485 0.880537
vt 0.701963 0.872789
vt 0.711571 0.876419
vt 0.700221 0.877757
vt 0.696485 0.880537
vt 0.700221 0.877757
vt 0.702459 0.880055
vt 0.696485 0.880537
vt 0.702459 0.880055
vt 0.698550 0.883147
vt 0.676704 0.884938
vt 0.671216 0.885838
vt 0.671755 0.883276
vt 0.708957 0.879129
vt 0.706633 0.881236
vt 0.702459 0.880055
vt 0.704135 0.922811
vt 0.705658 0.918330
vt 0.708304 0.922398
vt 0.685839 0.885636
vt 0.690331 0.886691
vt 0.683884 0.889068
vt 0.680507 0.887222
vt 0.685839 0.885636
vt 0.683884 0.889068
vt 0.685839 0.885636
vt 0.686714 0.883997
vt 0.690227 0.883157
vt 0.690331 0.886691
vt 0.685839 0.885636
vt 0.690227 0.883157
vt 0.687510 0.876420
vt 0.677218 0.873856
vt 0.685300 0.868966
vt 0.685300 0.868966
vt 0.677218 0.873856
vt 0.676450 0.870478
vt 0.701963 0.872789
vt 0.687510 0.876420
vt 0.685300 0.868966
vt 0.685300 0.868966
vt 0.699878 0.864490
vt 0.701963 0.872789
vt 0.704135 0.922811
vt 0.708304 0.922398
vt 0.707351 0.925520
vt 0.711571 0.876419
vt 0.713616 0.873447
vt 0.717980 0.875122
vt 0.717980 0.875122
vt 0.713616 0.873447
vt 0.719234 0.873295
vt 0.683132 0.880445
vt 0.687510 0.876420
vt 0.690571 0.880149
vt 0.690571 0.880149
vt 0.683947 0.883418
vt 0.683132 0.880445
vt 0.677813 0.877833
vt 0.687510 0.876420
vt 0.681639 0.878934
vt 0.677813 0.877833
vt 0.670979 0.880021
vt 0.672642 0.876917
vt 0.677813 0.877833
vt 0.677218 0.873856
vt 0.687510 0.876420
vt 0.672642 0.876917
vt 0.667830 0.877956
vt 0.669406 0.875099
vt 0.677218 0.873856
vt 0.672642 0.876917
vt 0.669406 0.875099
vt 0.677309 0.880640
vt 0.671755 0.883276
vt 0.670979 0.880021
vt 0.670979 0.880021
vt 0.677813 0.877833
vt 0.677309 0.880640
vt 0.699878 0.864490
vt 0.689798 0.859486
vt 0.694816 0.856977
vt 0.689798 0.859486
vt 0.689162 0.855898
vt 0.694816 0.856977
vt 0.685054 0.853733
vt 0.691564 0.852774
vt 0.689162 0.855898
vt 0.691564 0.852774
vt 0.696311 0.854044
vt 0.694816 0.856977
vt 0.689162 0.855898
vt 0.691564 0.852774
vt 0.694816 0.856977
vt 0.686837 0.850320
vt 0.691754 0.848917
vt 0.691564 0.852774
vt 0.694816 0.856977
vt 0.702380 0.855585
vt 0.699878 0.864490
vt 0.320981 0.917195
vt 0.318300 0.920205
vt 0.321626 0.921246
vt 0.715324 0.849137
vt 0.711031 0.852879
vt 0.709391 0.848321
vt 0.699669 0.832304
vt 0.705882 0.833368
vt 0.701129 0.836566
vt 0.299655 0.915233
vt 0.296370 0.911170
vt 0.295372 0.916350
vt 0.701100 0.846947
vt 0.697536 0.850479
vt 0.695113 0.845374
vt 0.674710 0.838731
vt 0.674548 0.833539
vt 0.677589 0.834912
vt 0.661198 0.850574
vt 0.668618 0.852285
vt 0.658527 0.856489
vt 0.675581 0.849360
vt 0.680359 0.847085
vt 0.679963 0.850267
vt 0.677997 0.853588
vt 0.675581 0.849360
vt 0.679963 0.850267
vt 0.288967 0.907142
vt 0.290831 0.907336
vt 0.288949 0.900993
vt 0.702380 0.855585
vt 0.714575 0.860946
vt 0.699878 0.864490
vt 0.713815 0.867373
vt 0.699878 0.864490
vt 0.714575 0.860946
vt 0.817482 0.963180
vt 0.814773 0.965615
vt 0.809776 0.963562
vt 0.642693 0.872213
vt 0.639384 0.868009
vt 0.646806 0.867486
vt 0.675193 0.844895
vt 0.680359 0.847085
vt 0.675581 0.849360
vt 0.696387 0.824423
vt 0.692505 0.827060
vt 0.693703 0.823165
vt 0.319786 0.930686
vt 0.317362 0.933228
vt 0.322418 0.932458
vt 0.322418 0.932458
vt 0.317362 0.933228
vt 0.319668 0.936894
vt 0.295590 0.906938
vt 0.293580 0.902468
vt 0.293404 0.908858
vt 0.301405 0.904847
vt 0.302978 0.899556
vt 0.297932 0.896113
vt 0.297932 0.896113
vt 0.297223 0.903700
vt 0.301405 0.904847
vt 0.690807 0.824248
vt 0.693703 0.823165
vt 0.692505 0.827060
vt 0.691754 0.848917
vt 0.695113 0.845374
vt 0.697536 0.850479
vt 0.697536 0.850479
vt 0.691564 0.852774
vt 0.691754 0.848917
vt 0.691754 0.848917
vt 0.687154 0.846110
vt 0.695113 0.845374
vt 0.687154 0.846110
vt 0.680359 0.847085
vt 0.681217 0.842351
vt 0.683425 0.849100
vt 0.680359 0.847085
vt 0.687154 0.846110
vt 0.680359 0.847085
vt 0.683425 0.849100
vt 0.679963 0.850267
vt 0.322418 0.932458
vt 0.327422 0.932998
vt 0.325820 0.929182
vt 0.727427 0.843572
vt 0.723836 0.840705
vt 0.727810 0.838907
vt 0.681424 0.837258
vt 0.690239 0.838808
vt 0.681217 0.842351
vt 0.690239 0.838808
vt 0.681424 0.837258
vt 0.685803 0.833897
vt 0.685803 0.833897
vt 0.681424 0.837258
vt 0.681437 0.832448
vt 0.681217 0.842351
vt 0.690239 0.838808
vt 0.687154 0.846110
vt 0.687154 0.846110
vt 0.690239 0.838808
vt 0.695113 0.845374
vt 0.701129 0.836566
vt 0.705882 0.833368
vt 0.704125 0.839834
vt 0.177903 0.965725
vt 0.173840 0.966583
vt 0.174734 0.963131
vt 0.311425 0.933767
vt 0.314324 0.938615
vt 0.317362 0.933228
vt 0.711031 0.852879
vt 0.704539 0.850126
vt 0.709391 0.848321
vt 0.085283 0.668777
vt 0.081618 0.666815
vt 0.081292 0.670621
vt 0.694816 0.856977
vt 0.696311 0.854044
vt 0.702380 0.855585
vt 0.296370 0.911170
vt 0.299988 0.910134
vt 0.297974 0.907405
vt 0.063149 0.654701
vt 0.059647 0.660243
vt 0.061786 0.661609
vt 0.060675 0.655175
vt 0.059647 0.660243
vt 0.063149 0.654701
vt 0.292422 0.915876
vt 0.289794 0.912148
vt 0.291148 0.921213
vt 0.723421 0.853788
vt 0.729252 0.862925
vt 0.714575 0.860946
vt 0.737577 0.876961
vt 0.742985 0.875189
vt 0.745188 0.878615
vt 0.716532 0.843915
vt 0.718696 0.842501
vt 0.721227 0.846278
vt 0.830227 0.973781
vt 0.828753 0.970251
vt 0.832700 0.970955
vt 0.811980 0.971847
vt 0.804575 0.972160
vt 0.813098 0.968981
vt 0.798327 0.979526
vt 0.811394 0.975474
vt 0.807173 0.979878
vt 0.804575 0.972160
vt 0.811394 0.975474
vt 0.798327 0.979526
vt 0.804575 0.972160
vt 0.811980 0.971847
vt 0.811394 0.975474
vt 0.061271 0.710289
vt 0.064003 0.712464
vt 0.064408 0.706849
vt 0.320864 0.927520
vt 0.322418 0.932458
vt 0.325820 0.929182
vt 0.325820 0.929182
vt 0.335645 0.920160
vt 0.320864 0.927520
vt 0.800383 0.965850
vt 0.809776 0.963562
vt 0.814773 0.965615
vt 0.292422 0.915876
vt 0.293677 0.912745
vt 0.291678 0.911578
vt 0.289794 0.912148
vt 0.292422 0.915876
vt 0.291678 0.911578
vt 0.698666 0.840925
vt 0.696748 0.836565
vt 0.701129 0.836566
vt 0.701129 0.836566
vt 0.696748 0.836565
vt 0.699669 0.832304
vt 0.694789 0.833842
vt 0.699669 0.832304
vt 0.696748 0.836565
vt 0.726363 0.830974
vt 0.724297 0.833306
vt 0.724177 0.828435
vt 0.676210 0.826828
vt 0.680630 0.827681
vt 0.677515 0.830942
vt 0.809776 0.963562
vt 0.803150 0.960945
vt 0.812617 0.961371
vt 0.809776 0.963562
vt 0.800383 0.965850
vt 0.803150 0.960945
vt 0.325820 0.929182
vt 0.340373 0.923877
vt 0.335645 0.920160
vt 0.317077 0.916153
vt 0.314615 0.920677
vt 0.318300 0.920205
vt 0.812617 0.961371
vt 0.817956 0.961681
vt 0.817482 0.963180
vt 0.812617 0.961371
vt 0.817482 0.963180
vt 0.809776 0.963562
vt 0.296359 0.928549
vt 0.298067 0.921754
vt 0.294439 0.920775
vt 0.290831 0.907336
vt 0.289794 0.912148
vt 0.291678 0.911578
vt 0.288967 0.907142
vt 0.289794 0.912148
vt 0.290831 0.907336
vt 0.696062 0.817904
vt 0.691928 0.820882
vt 0.690115 0.817277
vt 0.304151 0.903069
vt 0.302978 0.899556
vt 0.301405 0.904847
vt 0.734266 0.843355
vt 0.743313 0.845457
vt 0.737997 0.849750
vt 0.293404 0.908858
vt 0.290831 0.907336
vt 0.291678 0.911578
vt 0.307338 0.931490
vt 0.311425 0.933767
vt 0.310784 0.929248
vt 0.693558 0.806709
vt 0.682867 0.805601
vt 0.700889 0.782545
vt 0.690961 0.832077
vt 0.694789 0.833842
vt 0.690239 0.838808
vt 0.690239 0.838808
vt 0.685803 0.833897
vt 0.690961 0.832077
vt 0.720069 0.838166
vt 0.727810 0.838907
vt 0.723836 0.840705
vt 0.305425 0.905797
vt 0.305806 0.911943
vt 0.309176 0.906969
vt 0.737997 0.849750
vt 0.721227 0.846278
vt 0.727427 0.843572
vt 0.721941 0.842285
vt 0.720069 0.838166
vt 0.723836 0.840705
vt 0.721941 0.842285
vt 0.723836 0.840705
vt 0.727427 0.843572
vt 0.737997 0.849750
vt 0.727427 0.843572
vt 0.734266 0.843355
vt 0.813098 0.968981
vt 0.804575 0.972160
vt 0.800383 0.965850
vt 0.814773 0.965615
vt 0.813098 0.968981
vt 0.800383 0.965850
vt 0.299998 0.931385
vt 0.303256 0.931808
vt 0.300697 0.927240
vt 0.300697 0.927240
vt 0.303256 0.931808
vt 0.305885 0.927469
vt 0.079835 0.659141
vt 0.079668 0.663912
vt 0.083271 0.663121
vt 0.720069 0.838166
vt 0.721941 0.842285
vt 0.718696 0.842501
vt 0.721227 0.846278
vt 0.721941 0.842285
vt 0.727427 0.843572
vt 0.718696 0.842501
vt 0.721941 0.842285
vt 0.721227 0.846278
vt 0.581552 0.993643
vt 0.578400 0.991383
vt 0.582185 0.990669
vt 0.685676 0.856769
vt 0.689798 0.859486
vt 0.683233 0.859445
vt 0.704125 0.839834
vt 0.698666 0.840925
vt 0.701129 0.836566
vt 0.293580 0.902468
vt 0.290831 0.907336
vt 0.293404 0.908858
vt 0.315675 0.911761
vt 0.312208 0.914051
vt 0.317077 0.916153
vt 0.312208 0.914051
vt 0.315675 0.911761
vt 0.311547 0.910765
vt 0.696311 0.854044
vt 0.697536 0.850479
vt 0.702380 0.855585
vt 0.691564 0.852774
vt 0.697536 0.850479
vt 0.696311 0.854044
vt 0.696748 0.836565
vt 0.690239 0.838808
vt 0.694789 0.833842
vt 0.680630 0.827681
vt 0.686552 0.827940
vt 0.681437 0.832448
vt 0.683425 0.849100
vt 0.687154 0.846110
vt 0.686837 0.850320
vt 0.681437 0.832448
vt 0.686552 0.827940
vt 0.685803 0.833897
vt 0.685803 0.833897
vt 0.686552 0.827940
vt 0.690961 0.832077
vt 0.686837 0.850320
vt 0.687154 0.846110
vt 0.691754 0.848917
vt 0.299655 0.915233
vt 0.305806 0.911943
vt 0.299988 0.910134
vt 0.299655 0.915233
vt 0.299988 0.910134
vt 0.296370 0.911170
vt 0.293404 0.908858
vt 0.291678 0.911578
vt 0.293677 0.912745
vt 0.044963 0.713320
vt 0.049196 0.719124
vt 0.049399 0.713801
vt 0.293677 0.912745
vt 0.295372 0.916350
vt 0.296370 0.911170
vt 0.690961 0.832077
vt 0.692505 0.827060
vt 0.696182 0.829113
vt 0.696387 0.824423
vt 0.696182 0.829113
vt 0.692505 0.827060
vt 0.696182 0.829113
vt 0.694789 0.833842
vt 0.690961 0.832077
vt 0.317077 0.916153
vt 0.318300 0.920205
vt 0.320981 0.917195
vt 0.387592 0.994732
vt 0.384278 0.993344
vt 0.385912 0.991884
vt 0.294439 0.920775
vt 0.292422 0.915876
vt 0.291148 0.921213
vt 0.711031 0.852879
vt 0.715324 0.849137
vt 0.723421 0.853788
vt 0.714862 0.840803
vt 0.718696 0.842501
vt 0.716532 0.843915
vt 0.714862 0.840803
vt 0.713895 0.833837
vt 0.720069 0.838166
vt 0.718696 0.842501
vt 0.714862 0.840803
vt 0.720069 0.838166
vt 0.293677 0.912745
vt 0.296370 0.911170
vt 0.293404 0.908858
vt 0.295590 0.906938
vt 0.293404 0.908858
vt 0.296370 0.911170
vt 0.295590 0.906938
vt 0.296370 0.911170
vt 0.297974 0.907405
vt 0.710739 0.827058
vt 0.713895 0.833837
vt 0.705882 0.833368
vt 0.705882 0.833368
vt 0.713895 0.833837
vt 0.709640 0.839676
vt 0.813877 0.978092
vt 0.811394 0.975474
vt 0.817743 0.976464
vt 0.702695 0.823797
vt 0.710739 0.827058
vt 0.705882 0.833368
vt 0.728092 0.829261
vt 0.726363 0.830974
vt 0.724177 0.828435
vt 0.702864 0.843931
vt 0.704125 0.839834
vt 0.707115 0.843156
vt 0.706146 0.846351
vt 0.702864 0.843931
vt 0.707115 0.843156
vt 0.709391 0.848321
vt 0.706146 0.846351
vt 0.712193 0.844747
vt 0.712193 0.844747
vt 0.706146 0.846351
vt 0.707115 0.843156
vt 0.715324 0.849137
vt 0.709391 0.848321
vt 0.712193 0.844747
vt 0.709391 0.848321
vt 0.704539 0.850126
vt 0.706146 0.846351
vt 0.704539 0.850126
vt 0.701100 0.846947
vt 0.706146 0.846351
vt 0.701100 0.846947
vt 0.702864 0.843931
vt 0.706146 0.846351
vt 0.699541 0.844593
vt 0.702864 0.843931
vt 0.701100 0.846947
vt 0.695113 0.845374
vt 0.699541 0.844593
vt 0.701100 0.846947
vt 0.702380 0.855585
vt 0.697536 0.850479
vt 0.704539 0.850126
vt 0.711031 0.852879
vt 0.702380 0.855585
vt 0.704539 0.850126
vt 0.714575 0.860946
vt 0.702380 0.855585
vt 0.711031 0.852879
vt 0.696182 0.829113
vt 0.696387 0.824423
vt 0.702695 0.823797
vt 0.696062 0.817904
vt 0.696387 0.824423
vt 0.693703 0.823165
vt 0.699541 0.844593
vt 0.698666 0.840925
vt 0.702864 0.843931
vt 0.698666 0.840925
vt 0.704125 0.839834
vt 0.702864 0.843931
vt 0.696182 0.829113
vt 0.702695 0.823797
vt 0.699669 0.832304
vt 0.694789 0.833842
vt 0.696182 0.829113
vt 0.699669 0.832304
vt 0.699541 0.844593
vt 0.695113 0.845374
vt 0.698666 0.840925
vt 0.704539 0.850126
vt 0.697536 0.850479
vt 0.701100 0.846947
vt 0.705882 0.833368
vt 0.699669 0.832304
vt 0.702695 0.823797
vt 0.709640 0.839676
vt 0.704125 0.839834
vt 0.705882 0.833368
vt 0.707115 0.843156
vt 0.704125 0.839834
vt 0.709640 0.839676
vt 0.707115 0.843156
vt 0.709640 0.839676
vt 0.712193 0.844747
vt 0.724777 0.819328
vt 0.723850 0.823202
vt 0.720953 0.819915
vt 0.721227 0.846278
vt 0.723421 0.853788
vt 0.715324 0.849137
vt 0.721227 0.846278
vt 0.715324 0.849137
vt 0.712193 0.844747
vt 0.711031 0.852879
vt 0.723421 0.853788
vt 0.714575 0.860946
vt 0.305806 0.911943
vt 0.310767 0.918032
vt 0.312208 0.914051
vt 0.305806 0.911943
vt 0.312208 0.914051
vt 0.311547 0.910765
vt 0.298067 0.921754
vt 0.300697 0.927240
vt 0.304101 0.921117
vt 0.317362 0.933228
vt 0.314529 0.930667
vt 0.311425 0.933767
vt 0.311425 0.933767
vt 0.314529 0.930667
vt 0.310784 0.929248
vt 0.723850 0.823202
vt 0.724777 0.819328
vt 0.729143 0.820136
vt 0.292422 0.915876
vt 0.294439 0.920775
vt 0.295372 0.916350
vt 0.295372 0.916350
vt 0.293677 0.912745
vt 0.292422 0.915876
vt 0.306215 0.935112
vt 0.307338 0.931490
vt 0.303256 0.931808
vt 0.322378 0.901420
vt 0.316024 0.902506
vt 0.317807 0.907473
vt 0.297974 0.907405
vt 0.301405 0.904847
vt 0.297223 0.903700
vt 0.310767 0.918032
vt 0.317077 0.916153
vt 0.312208 0.914051
vt 0.314615 0.920677
vt 0.317077 0.916153
vt 0.310767 0.918032
vt 0.073960 0.682110
vt 0.070708 0.681621
vt 0.072601 0.684248
vt 0.055890 0.716530
vt 0.058075 0.711007
vt 0.055136 0.709234
vt 0.310975 0.924053
vt 0.305885 0.927469
vt 0.310784 0.929248
vt 0.315208 0.927450
vt 0.310975 0.924053
vt 0.310784 0.929248
vt 0.304151 0.903069
vt 0.301405 0.904847
vt 0.305425 0.905797
vt 0.309176 0.906969
vt 0.311478 0.902115
vt 0.306828 0.901626
vt 0.306828 0.901626
vt 0.304151 0.903069
vt 0.305425 0.905797
vt 0.305425 0.905797
vt 0.309176 0.906969
vt 0.306828 0.901626
vt 0.047966 0.709831
vt 0.044963 0.713320
vt 0.049399 0.713801
vt 0.049196 0.719124
vt 0.051959 0.716996
vt 0.049399 0.713801
vt 0.731801 0.828711
vt 0.730222 0.833587
vt 0.728092 0.829261
vt 0.055890 0.716530
vt 0.051959 0.716996
vt 0.052577 0.722754
vt 0.052577 0.722754
vt 0.057126 0.724838
vt 0.055890 0.716530
vt 0.052577 0.722754
vt 0.051959 0.716996
vt 0.049196 0.719124
vt 0.050193 0.709830
vt 0.049399 0.713801
vt 0.052358 0.712289
vt 0.047966 0.709831
vt 0.049399 0.713801
vt 0.050193 0.709830
vt 0.051959 0.716996
vt 0.052358 0.712289
vt 0.049399 0.713801
vt 0.322378 0.901420
vt 0.319189 0.910767
vt 0.321428 0.912258
vt 0.219763 0.520770
vt 0.211057 0.519001
vt 0.221952 0.528921
vt 0.059796 0.720875
vt 0.055890 0.716530
vt 0.057126 0.724838
vt 0.055890 0.716530
vt 0.059796 0.720875
vt 0.060143 0.715116
vt 0.320864 0.927520
vt 0.315208 0.927450
vt 0.317630 0.929887
vt 0.320981 0.917195
vt 0.321626 0.921246
vt 0.334965 0.908332
vt 0.327422 0.932998
vt 0.340373 0.923877
vt 0.325820 0.929182
vt 0.317077 0.916153
vt 0.321428 0.912258
vt 0.319189 0.910767
vt 0.087587 0.655586
vt 0.092103 0.655436
vt 0.090217 0.651126
vt 0.092103 0.655436
vt 0.095659 0.658169
vt 0.095410 0.652099
vt 0.299998 0.931385
vt 0.301338 0.935928
vt 0.303256 0.931808
vt 0.083271 0.663121
vt 0.085283 0.668777
vt 0.087009 0.664835
vt 0.085283 0.668777
vt 0.083271 0.663121
vt 0.081618 0.666815
vt 0.158866 0.495911
vt 0.164101 0.497980
vt 0.163534 0.494115
vt 0.158866 0.495911
vt 0.163534 0.494115
vt 0.159914 0.491798
vt 0.315675 0.911761
vt 0.313836 0.907747
vt 0.311547 0.910765
vt 0.314529 0.930667
vt 0.317362 0.933228
vt 0.317630 0.929887
vt 0.317630 0.929887
vt 0.317362 0.933228
vt 0.319786 0.930686
vt 0.334965 0.908332
vt 0.321428 0.912258
vt 0.320981 0.917195
vt 0.729360 0.871714
vt 0.730321 0.874555
vt 0.724065 0.874456
vt 0.063580 0.718342
vt 0.062335 0.713926
vt 0.060143 0.715116
vt 0.063580 0.718342
vt 0.060143 0.715116
vt 0.059796 0.720875
vt 0.063580 0.718342
vt 0.068281 0.727311
vt 0.070108 0.712967
vt 0.313836 0.907747
vt 0.309176 0.906969
vt 0.311547 0.910765
vt 0.311547 0.910765
vt 0.309176 0.906969
vt 0.305806 0.911943
vt 0.365075 0.630030
vt 0.360856 0.630060
vt 0.363063 0.635284
vt 0.302228 0.589520
vt 0.304361 0.593699
vt 0.305274 0.587525
vt 0.372911 0.631619
vt 0.372408 0.636833
vt 0.377309 0.634075
vt 0.377309 0.634075
vt 0.372408 0.636833
vt 0.376134 0.640607
vt 0.271978 0.576044
vt 0.275053 0.569574
vt 0.269389 0.570410
vt 0.083137 0.646486
vt 0.078608 0.646855
vt 0.081418 0.652726
vt 0.070708 0.681621
vt 0.071123 0.687326
vt 0.072601 0.684248
vt 0.320708 0.625637
vt 0.322452 0.619965
vt 0.319057 0.621032
vt 0.319057 0.621032
vt 0.316468 0.621447
vt 0.320708 0.625637
vt 0.298816 0.596625
vt 0.294164 0.596947
vt 0.296569 0.599485
vt 0.306991 0.576478
vt 0.309237 0.583294
vt 0.311371 0.577484
vt 0.318300 0.920205
vt 0.314615 0.920677
vt 0.316759 0.923732
vt 0.063580 0.718342
vt 0.059796 0.720875
vt 0.061622 0.726606
vt 0.319189 0.910767
vt 0.322378 0.901420
vt 0.317807 0.907473
vt 0.290831 0.907336
vt 0.293580 0.902468
vt 0.288949 0.900993
vt 0.299998 0.931385
vt 0.296359 0.928549
vt 0.301338 0.935928
vt 0.727810 0.838907
vt 0.730222 0.833587
vt 0.736981 0.839396
vt 0.335645 0.920160
vt 0.334965 0.908332
vt 0.321626 0.921246
vt 0.411473 0.613314
vt 0.415508 0.612252
vt 0.413850 0.607181
vt 0.320708 0.625637
vt 0.323828 0.630752
vt 0.325028 0.626183
vt 0.322418 0.932458
vt 0.320864 0.927520
vt 0.319786 0.930686
vt 0.317630 0.929887
vt 0.319786 0.930686
vt 0.320864 0.927520
vt 0.316759 0.923732
vt 0.314615 0.920677
vt 0.310975 0.924053
vt 0.314529 0.930667
vt 0.315208 0.927450
vt 0.310784 0.929248
vt 0.299655 0.915233
vt 0.298067 0.921754
vt 0.304101 0.921117
vt 0.727810 0.838907
vt 0.720069 0.838166
vt 0.724297 0.833306
vt 0.304101 0.921117
vt 0.305885 0.927469
vt 0.310975 0.924053
vt 0.310767 0.918032
vt 0.304101 0.921117
vt 0.310975 0.924053
vt 0.310767 0.918032
vt 0.305806 0.911943
vt 0.304101 0.921117
vt 0.310767 0.918032
vt 0.310975 0.924053
vt 0.314615 0.920677
vt 0.295372 0.916350
vt 0.294439 0.920775
vt 0.298067 0.921754
vt 0.299655 0.915233
vt 0.295372 0.916350
vt 0.298067 0.921754
vt 0.687934 0.809813
vt 0.691539 0.808935
vt 0.691790 0.812680
vt 0.682867 0.805601
vt 0.691539 0.808935
vt 0.687934 0.809813
vt 0.728437 0.825506
vt 0.723850 0.823202
vt 0.729143 0.820136
vt 0.702471 0.813458
vt 0.700841 0.816785
vt 0.698017 0.810793
vt 0.305806 0.911943
vt 0.299655 0.915233
vt 0.304101 0.921117
vt 0.316759 0.923732
vt 0.320864 0.927520
vt 0.321626 0.921246
vt 0.318300 0.920205
vt 0.316759 0.923732
vt 0.321626 0.921246
vt 0.316759 0.923732
vt 0.315208 0.927450
vt 0.320864 0.927520
vt 0.702471 0.813458
vt 0.702695 0.823797
vt 0.700841 0.816785
vt 0.340373 0.923877
vt 0.327422 0.932998
vt 0.343851 0.925647
vt 0.343851 0.925647
vt 0.409439 0.897572
vt 0.340373 0.923877
vt 0.348222 0.968824
vt 0.324220 0.950347
vt 0.315952 0.953277
vt 0.381835 0.644921
vt 0.384985 0.645719
vt 0.383982 0.642406
vt 0.393679 0.656644
vt 0.396475 0.659566
vt 0.397904 0.656729
vt 0.334965 0.908332
vt 0.409439 0.897572
vt 0.342833 0.875303
vt 0.326866 0.629969
vt 0.325028 0.626183
vt 0.323828 0.630752
vt 0.322418 0.932458
vt 0.324088 0.937149
vt 0.327422 0.932998
vt 0.836716 0.965103
vt 0.838725 0.968152
vt 0.834757 0.966689
vt 0.208110 0.964747
vt 0.215351 0.961694
vt 0.213684 0.964991
vt 0.313429 0.613227
vt 0.318496 0.610595
vt 0.314803 0.607210
vt 0.320912 0.606739
vt 0.318496 0.610595
vt 0.322545 0.610085
vt 0.311425 0.933767
vt 0.309022 0.938664
vt 0.314324 0.938615
vt 0.315208 0.927450
vt 0.314529 0.930667
vt 0.317630 0.929887
vt 0.317077 0.916153
vt 0.319189 0.910767
vt 0.315675 0.911761
vt 0.698017 0.810793
vt 0.695436 0.811235
vt 0.693558 0.806709
vt 0.700889 0.782545
vt 0.698017 0.810793
vt 0.693558 0.806709
vt 0.714862 0.840803
vt 0.709640 0.839676
vt 0.713895 0.833837
vt 0.702471 0.813458
vt 0.698017 0.810793
vt 0.700889 0.782545
vt 0.702471 0.813458
vt 0.700889 0.782545
vt 0.713661 0.816998
vt 0.693558 0.806709
vt 0.695436 0.811235
vt 0.691539 0.808935
vt 0.693558 0.806709
vt 0.691539 0.808935
vt 0.682867 0.805601
vt 0.693703 0.823165
vt 0.691928 0.820882
vt 0.696062 0.817904
vt 0.322083 0.942057
vt 0.324220 0.950347
vt 0.336229 0.937888
vt 0.695436 0.811235
vt 0.691790 0.812680
vt 0.691539 0.808935
vt 0.321177 0.939207
vt 0.324088 0.937149
vt 0.319668 0.936894
vt 0.319668 0.936894
vt 0.324088 0.937149
vt 0.322418 0.932458
vt 0.738750 0.856807
vt 0.723421 0.853788
vt 0.737997 0.849750
vt 0.728437 0.825506
vt 0.724177 0.828435
vt 0.723850 0.823202
vt 0.723421 0.853788
vt 0.721227 0.846278
vt 0.737997 0.849750
vt 0.691790 0.812680
vt 0.690115 0.817277
vt 0.687010 0.813336
vt 0.687934 0.809813
vt 0.691790 0.812680
vt 0.687010 0.813336
vt 0.741288 0.883103
vt 0.737741 0.885471
vt 0.732624 0.883506
vt 0.656370 0.800884
vt 0.700889 0.782545
vt 0.682867 0.805601
vt 0.696062 0.817904
vt 0.700841 0.816785
vt 0.702695 0.823797
vt 0.696387 0.824423
vt 0.696062 0.817904
vt 0.702695 0.823797
vt 0.724177 0.828435
vt 0.724297 0.833306
vt 0.719641 0.831007
vt 0.716312 0.826397
vt 0.720609 0.826202
vt 0.719641 0.831007
vt 0.729252 0.862925
vt 0.723421 0.853788
vt 0.738750 0.856807
vt 0.729252 0.862925
vt 0.725654 0.868454
vt 0.720382 0.866140
vt 0.710739 0.827058
vt 0.702695 0.823797
vt 0.713661 0.816998
vt 0.713661 0.816998
vt 0.702695 0.823797
vt 0.702471 0.813458
vt 0.713661 0.816998
vt 0.719319 0.822590
vt 0.716312 0.826397
vt 0.716312 0.826397
vt 0.710739 0.827058
vt 0.713661 0.816998
vt 0.713895 0.833837
vt 0.719641 0.831007
vt 0.720069 0.838166
vt 0.719319 0.822590
vt 0.720609 0.826202
vt 0.716312 0.826397
vt 0.720069 0.838166
vt 0.719641 0.831007
vt 0.724297 0.833306
vt 0.720953 0.819915
vt 0.719319 0.822590
vt 0.713661 0.816998
vt 0.716312 0.826397
vt 0.719641 0.831007
vt 0.713895 0.833837
vt 0.723850 0.823202
vt 0.724177 0.828435
vt 0.720609 0.826202
vt 0.719641 0.831007
vt 0.720609 0.826202
vt 0.724177 0.828435
vt 0.723850 0.823202
vt 0.720609 0.826202
vt 0.719319 0.822590
vt 0.720953 0.819915
vt 0.723850 0.823202
vt 0.719319 0.822590
vt 0.314324 0.938615
vt 0.318237 0.940859
vt 0.319668 0.936894
vt 0.724777 0.819328
vt 0.727249 0.815942
vt 0.729143 0.820136
vt 0.722800 0.816277
vt 0.720953 0.819915
vt 0.713661 0.816998
vt 0.315952 0.953277
vt 0.319982 0.946573
vt 0.317493 0.944957
vt 0.721372 0.813588
vt 0.726433 0.811922
vt 0.722800 0.816277
vt 0.340561 0.642686
vt 0.310096 0.634902
vt 0.324941 0.657579
vt 0.317493 0.944957
vt 0.322083 0.942057
vt 0.318237 0.940859
vt 0.727249 0.815942
vt 0.724777 0.819328
vt 0.722800 0.816277
vt 0.314702 0.942787
vt 0.313777 0.946265
vt 0.317493 0.944957
vt 0.322083 0.942057
vt 0.321177 0.939207
vt 0.318237 0.940859
vt 0.321177 0.939207
vt 0.319668 0.936894
vt 0.318237 0.940859
vt 0.336229 0.937888
vt 0.343851 0.925647
vt 0.327422 0.932998
vt 0.336229 0.937888
vt 0.409439 0.897572
vt 0.343851 0.925647
vt 0.409439 0.897572
vt 0.336229 0.937888
vt 0.348222 0.968824
vt 0.392809 0.652699
vt 0.395305 0.648710
vt 0.390653 0.649490
vt 0.309733 0.590131
vt 0.310708 0.596108
vt 0.315729 0.591709
vt 0.336229 0.937888
vt 0.324088 0.937149
vt 0.322083 0.942057
vt 0.322083 0.942057
vt 0.324088 0.937149
vt 0.321177 0.939207
vt 0.324088 0.937149
vt 0.336229 0.937888
vt 0.327422 0.932998
vt 0.322083 0.942057
vt 0.319982 0.946573
vt 0.324220 0.950347
vt 0.328664 0.602527
vt 0.325065 0.599736
vt 0.325155 0.606040
vt 0.329320 0.635755
vt 0.326231 0.634762
vt 0.331874 0.637706
vt 0.331874 0.637706
vt 0.340561 0.642686
vt 0.339009 0.639241
vt 0.313429 0.613227
vt 0.314803 0.607210
vt 0.311956 0.608222
vt 0.318118 0.605701
vt 0.320303 0.601936
vt 0.315989 0.603088
vt 0.373214 0.646742
vt 0.377174 0.650925
vt 0.378349 0.646246
vt 0.338671 0.634471
vt 0.335528 0.637462
vt 0.339009 0.639241
vt 0.330815 0.607497
vt 0.326229 0.613589
vt 0.332217 0.615218
vt 0.326229 0.613589
vt 0.330815 0.607497
vt 0.325155 0.606040
vt 0.331874 0.637706
vt 0.326231 0.634762
vt 0.310096 0.634902
vt 0.310096 0.634902
vt 0.340561 0.642686
vt 0.331874 0.637706
vt 0.320708 0.625637
vt 0.310096 0.634902
vt 0.323828 0.630752
vt 0.422791 0.589367
vt 0.419179 0.586057
vt 0.418360 0.589910
vt 0.389910 0.576783
vt 0.385091 0.574771
vt 0.386852 0.579775
vt 0.377174 0.650925
vt 0.373214 0.646742
vt 0.374305 0.653247
vt 0.352346 0.607080
vt 0.351230 0.602039
vt 0.348106 0.606064
vt 0.318393 0.616837
vt 0.322452 0.619965
vt 0.321533 0.614337
vt 0.319057 0.621032
vt 0.322452 0.619965
vt 0.318393 0.616837
vt 0.030482 0.605852
vt 0.032964 0.606623
vt 0.032088 0.601945
vt 0.311218 0.602974
vt 0.308540 0.609087
vt 0.311956 0.608222
vt 0.320912 0.606739
vt 0.320303 0.601936
vt 0.318118 0.605701
vt 0.313429 0.613227
vt 0.311956 0.608222
vt 0.308540 0.609087
vt 0.318118 0.605701
vt 0.315989 0.603088
vt 0.314803 0.607210
vt 0.296392 0.540276
vt 0.289771 0.541968
vt 0.306226 0.547484
vt 0.330815 0.607497
vt 0.332356 0.601210
vt 0.328664 0.602527
vt 0.329058 0.598614
vt 0.331653 0.595759
vt 0.326145 0.594244
vt 0.334360 0.583906
vt 0.330879 0.584862
vt 0.334798 0.587968
vt 0.331692 0.580571
vt 0.330879 0.584862
vt 0.334360 0.583906
vt 0.339227 0.592111
vt 0.338413 0.585309
vt 0.334798 0.587968
vt 0.338484 0.580977
vt 0.340226 0.576762
vt 0.335306 0.578403
vt 0.359382 0.626828
vt 0.362144 0.625029
vt 0.357694 0.623158
vt 0.338484 0.580977
vt 0.335306 0.578403
vt 0.335668 0.581717
vt 0.338413 0.585309
vt 0.334360 0.583906
vt 0.334798 0.587968
vt 0.338413 0.585309
vt 0.335668 0.581717
vt 0.334360 0.583906
vt 0.338484 0.580977
vt 0.335668 0.581717
vt 0.338413 0.585309
vt 0.341651 0.570790
vt 0.341307 0.566664
vt 0.337168 0.567419
vt 0.382946 0.581136
vt 0.386852 0.579775
vt 0.381992 0.574939
vt 0.335664 0.605121
vt 0.332356 0.601210
vt 0.330815 0.607497
vt 0.334824 0.610210
vt 0.335664 0.605121
vt 0.330815 0.607497
vt 0.321625 0.571505
vt 0.323598 0.567554
vt 0.317763 0.567759
vt 0.332356 0.601210
vt 0.329058 0.598614
vt 0.328664 0.602527
vt 0.334728 0.592590
vt 0.339227 0.592111
vt 0.334798 0.587968
vt 0.336580 0.598254
vt 0.339227 0.592111
vt 0.334728 0.592590
vt 0.331653 0.595759
vt 0.330227 0.589894
vt 0.326145 0.594244
vt 0.334728 0.592590
vt 0.330227 0.589894
vt 0.331653 0.595759
vt 0.336580 0.598254
vt 0.334728 0.592590
vt 0.331653 0.595759
vt 0.224638 0.519873
vt 0.225056 0.515490
vt 0.220134 0.515041
vt 0.327042 0.581639
vt 0.323279 0.584181
vt 0.327186 0.585842
vt 0.327820 0.577221
vt 0.327042 0.581639
vt 0.331692 0.580571
vt 0.331692 0.580571
vt 0.331572 0.576811
vt 0.327820 0.577221
vt 0.335668 0.581717
vt 0.335306 0.578403
vt 0.331692 0.580571
vt 0.331692 0.580571
vt 0.334360 0.583906
vt 0.335668 0.581717
vt 0.340226 0.576762
vt 0.338484 0.580977
vt 0.342220 0.583145
vt 0.319935 0.587816
vt 0.324635 0.588959
vt 0.323279 0.584181
vt 0.327186 0.585842
vt 0.323279 0.584181
vt 0.324635 0.588959
vt 0.318467 0.582480
vt 0.315904 0.576720
vt 0.314063 0.582438
vt 0.327186 0.585842
vt 0.330879 0.584862
vt 0.327042 0.581639
vt 0.330879 0.584862
vt 0.327186 0.585842
vt 0.330227 0.589894
vt 0.330227 0.589894
vt 0.327186 0.585842
vt 0.324635 0.588959
vt 0.326145 0.594244
vt 0.330227 0.589894
vt 0.324635 0.588959
vt 0.314063 0.582438
vt 0.311371 0.577484
vt 0.309237 0.583294
vt 0.315904 0.576720
vt 0.311371 0.577484
vt 0.314063 0.582438
vt 0.311218 0.602974
vt 0.307014 0.599036
vt 0.305336 0.603302
vt 0.315989 0.603088
vt 0.320303 0.601936
vt 0.315703 0.598534
vt 0.325441 0.572854
vt 0.328101 0.569972
vt 0.323598 0.567554
vt 0.305294 0.567004
vt 0.308911 0.562954
vt 0.299548 0.561230
vt 0.309733 0.590131
vt 0.305274 0.587525
vt 0.304361 0.593699
vt 0.310708 0.596108
vt 0.309733 0.590131
vt 0.304361 0.593699
vt 0.324635 0.588959
vt 0.321406 0.591770
vt 0.326145 0.594244
vt 0.296190 0.563939
vt 0.299548 0.561230
vt 0.290630 0.557839
vt 0.320303 0.601936
vt 0.325155 0.606040
vt 0.325065 0.599736
vt 0.328664 0.602527
vt 0.329058 0.598614
vt 0.325065 0.599736
vt 0.320912 0.606739
vt 0.325155 0.606040
vt 0.320303 0.601936
vt 0.322545 0.610085
vt 0.325155 0.606040
vt 0.320912 0.606739
vt 0.315703 0.598534
vt 0.320752 0.596339
vt 0.315729 0.591709
vt 0.329058 0.598614
vt 0.326145 0.594244
vt 0.325065 0.599736
vt 0.309733 0.590131
vt 0.309237 0.583294
vt 0.305274 0.587525
vt 0.327042 0.581639
vt 0.322280 0.577583
vt 0.323279 0.584181
vt 0.318496 0.610595
vt 0.320912 0.606739
vt 0.318118 0.605701
vt 0.314803 0.607210
vt 0.318496 0.610595
vt 0.318118 0.605701
vt 0.312918 0.586938
vt 0.316175 0.586527
vt 0.314063 0.582438
vt 0.319935 0.587816
vt 0.315729 0.591709
vt 0.321406 0.591770
vt 0.314063 0.582438
vt 0.316175 0.586527
vt 0.318467 0.582480
vt 0.318393 0.616837
vt 0.318496 0.610595
vt 0.313429 0.613227
vt 0.316468 0.621447
vt 0.318393 0.616837
vt 0.313429 0.613227
vt 0.318467 0.582480
vt 0.316175 0.586527
vt 0.319935 0.587816
vt 0.315729 0.591709
vt 0.320752 0.596339
vt 0.321406 0.591770
vt 0.319935 0.587816
vt 0.316175 0.586527
vt 0.315729 0.591709
vt 0.315729 0.591709
vt 0.316175 0.586527
vt 0.312918 0.586938
vt 0.309733 0.590131
vt 0.315729 0.591709
vt 0.312918 0.586938
vt 0.321406 0.591770
vt 0.324635 0.588959
vt 0.319935 0.587816
vt 0.318393 0.616837
vt 0.316468 0.621447
vt 0.319057 0.621032
vt 0.315729 0.591709
vt 0.310708 0.596108
vt 0.315703 0.598534
vt 0.311218 0.602974
vt 0.311956 0.608222
vt 0.314803 0.607210
vt 0.314803 0.607210
vt 0.315989 0.603088
vt 0.311218 0.602974
vt 0.318496 0.610595
vt 0.318393 0.616837
vt 0.321533 0.614337
vt 0.120610 0.462128
vt 0.116272 0.466092
vt 0.121225 0.464623
vt 0.302223 0.607830
vt 0.299214 0.601881
vt 0.293987 0.604436
vt 0.321533 0.614337
vt 0.326229 0.613589
vt 0.322545 0.610085
vt 0.313429 0.613227
vt 0.309608 0.613519
vt 0.310616 0.618322
vt 0.313429 0.613227
vt 0.310616 0.618322
vt 0.316468 0.621447
vt 0.320708 0.625637
vt 0.316468 0.621447
vt 0.310096 0.634902
vt 0.310096 0.634902
vt 0.310616 0.618322
vt 0.298008 0.615312
vt 0.304358 0.581647
vt 0.309237 0.583294
vt 0.306991 0.576478
vt 0.320752 0.596339
vt 0.325065 0.599736
vt 0.326145 0.594244
vt 0.320752 0.596339
vt 0.326145 0.594244
vt 0.321406 0.591770
vt 0.294164 0.596947
vt 0.298816 0.596625
vt 0.295021 0.593694
vt 0.316468 0.621447
vt 0.310616 0.618322
vt 0.310096 0.634902
vt 0.325028 0.626183
vt 0.322452 0.619965
vt 0.320708 0.625637
vt 0.318496 0.610595
vt 0.321533 0.614337
vt 0.322545 0.610085
vt 0.315703 0.598534
vt 0.320303 0.601936
vt 0.320752 0.596339
vt 0.308540 0.609087
vt 0.302223 0.607830
vt 0.306006 0.612609
vt 0.306006 0.612609
vt 0.298008 0.615312
vt 0.310616 0.618322
vt 0.306006 0.612609
vt 0.310616 0.618322
vt 0.309608 0.613519
vt 0.271994 0.565946
vt 0.266402 0.565063
vt 0.269389 0.570410
vt 0.309608 0.613519
vt 0.308540 0.609087
vt 0.306006 0.612609
vt 0.264109 0.594297
vt 0.270450 0.595334
vt 0.268822 0.592496
vt 0.170198 0.522540
vt 0.165278 0.524386
vt 0.169669 0.526208
vt 0.311218 0.602974
vt 0.305336 0.603302
vt 0.308540 0.609087
vt 0.315703 0.598534
vt 0.310708 0.596108
vt 0.311218 0.602974
vt 0.311218 0.602974
vt 0.315989 0.603088
vt 0.315703 0.598534
vt 0.311218 0.602974
vt 0.310708 0.596108
vt 0.307014 0.599036
vt 0.312918 0.586938
vt 0.309237 0.583294
vt 0.309733 0.590131
vt 0.304358 0.581647
vt 0.305274 0.587525
vt 0.309237 0.583294
vt 0.309237 0.583294
vt 0.312918 0.586938
vt 0.314063 0.582438
vt 0.304361 0.593699
vt 0.307014 0.599036
vt 0.310708 0.596108
vt 0.360856 0.630060
vt 0.365075 0.630030
vt 0.362144 0.625029
vt 0.296569 0.599485
vt 0.299214 0.601881
vt 0.298816 0.596625
vt 0.303123 0.599136
vt 0.298816 0.596625
vt 0.299214 0.601881
vt 0.311371 0.577484
vt 0.312456 0.573548
vt 0.309770 0.573653
vt 0.315904 0.576720
vt 0.312456 0.573548
vt 0.311371 0.577484
vt 0.302129 0.577109
vt 0.304358 0.581647
vt 0.306991 0.576478
vt 0.301550 0.580894
vt 0.304358 0.581647
vt 0.302129 0.577109
vt 0.310006 0.569696
vt 0.305294 0.567004
vt 0.307486 0.571482
vt 0.294866 0.568120
vt 0.290959 0.568401
vt 0.292938 0.572416
vt 0.303130 0.571431
vt 0.298967 0.568509
vt 0.297381 0.573835
vt 0.303130 0.571431
vt 0.300991 0.566152
vt 0.298967 0.568509
vt 0.280163 0.552446
vt 0.275815 0.550309
vt 0.279097 0.556253
vt 0.317172 0.562691
vt 0.311288 0.556249
vt 0.308911 0.562954
vt 0.317763 0.567759
vt 0.317172 0.562691
vt 0.308911 0.562954
vt 0.303123 0.599136
vt 0.305336 0.603302
vt 0.307014 0.599036
vt 0.304361 0.593699
vt 0.303123 0.599136
vt 0.307014 0.599036
vt 0.300731 0.585114
vt 0.305274 0.587525
vt 0.304358 0.581647
vt 0.305274 0.587525
vt 0.300731 0.585114
vt 0.302228 0.589520
vt 0.300731 0.585114
vt 0.304358 0.581647
vt 0.301550 0.580894
vt 0.300731 0.585114
vt 0.298469 0.590798
vt 0.302228 0.589520
vt 0.297381 0.573835
vt 0.302129 0.577109
vt 0.303130 0.571431
vt 0.163799 0.621568
vt 0.230853 0.596809
vt 0.185121 0.594044
vt 0.263430 0.543093
vt 0.266276 0.538794
vt 0.255001 0.533576
vt 0.271099 0.545036
vt 0.266276 0.538794
vt 0.263430 0.543093
vt 0.305336 0.603302
vt 0.303123 0.599136
vt 0.299214 0.601881
vt 0.304361 0.593699
vt 0.298816 0.596625
vt 0.303123 0.599136
vt 0.052664 0.643649
vt 0.056841 0.639924
vt 0.055147 0.637304
vt 0.275439 0.589725
vt 0.270676 0.590457
vt 0.270450 0.595334
vt 0.290252 0.576930
vt 0.289546 0.572523
vt 0.285994 0.575316
vt 0.285994 0.575316
vt 0.283780 0.570746
vt 0.281100 0.575485
vt 0.142904 0.570109
vt 0.133602 0.569372
vt 0.133774 0.574235
vt 0.293987 0.604436
vt 0.299214 0.601881
vt 0.293646 0.600132
vt 0.293646 0.600132
vt 0.299214 0.601881
vt 0.296569 0.599485
vt 0.285994 0.575316
vt 0.289546 0.572523
vt 0.287207 0.569495
vt 0.249414 0.604318
vt 0.255445 0.592985
vt 0.230853 0.596809
vt 0.277279 0.573779
vt 0.271978 0.576044
vt 0.275510 0.578378
vt 0.271978 0.576044
vt 0.277279 0.573779
vt 0.275053 0.569574
vt 0.298319 0.580105
vt 0.297381 0.573835
vt 0.293973 0.578905
vt 0.293973 0.578905
vt 0.297381 0.573835
vt 0.293550 0.575380
vt 0.294685 0.585126
vt 0.298319 0.580105
vt 0.293973 0.578905
vt 0.300731 0.585114
vt 0.298319 0.580105
vt 0.294685 0.585126
vt 0.298469 0.590798
vt 0.300731 0.585114
vt 0.294685 0.585126
vt 0.301550 0.580894
vt 0.298319 0.580105
vt 0.300731 0.585114
vt 0.294685 0.585126
vt 0.293460 0.590075
vt 0.298469 0.590798
vt 0.248379 0.527261
vt 0.262559 0.527570
vt 0.247879 0.523828
vt 0.290959 0.568401
vt 0.289546 0.572523
vt 0.292938 0.572416
vt 0.294866 0.568120
vt 0.292938 0.572416
vt 0.297381 0.573835
vt 0.294866 0.568120
vt 0.297381 0.573835
vt 0.298967 0.568509
vt 0.277966 0.582065
vt 0.282989 0.581631
vt 0.281100 0.575485
vt 0.298008 0.615312
vt 0.306006 0.612609
vt 0.302223 0.607830
vt 0.293987 0.604436
vt 0.279156 0.605151
vt 0.298008 0.615312
vt 0.298008 0.615312
vt 0.302223 0.607830
vt 0.293987 0.604436
vt 0.254939 0.570846
vt 0.253099 0.566465
vt 0.250290 0.571794
vt 0.210699 0.675001
vt 0.324941 0.657579
vt 0.310096 0.634902
vt 0.282989 0.581631
vt 0.285994 0.575316
vt 0.281100 0.575485
vt 0.279156 0.605151
vt 0.247847 0.628406
vt 0.298008 0.615312
vt 0.298008 0.615312
vt 0.247847 0.628406
vt 0.310096 0.634902
vt 0.121489 0.584290
vt 0.119534 0.583828
vt 0.118641 0.588576
vt 0.243589 0.931689
vt 0.248900 0.927556
vt 0.249375 0.931379
vt 0.090933 0.659775
vt 0.092103 0.655436
vt 0.087587 0.655586
vt 0.270636 0.561582
vt 0.266402 0.565063
vt 0.271994 0.565946
vt 0.270636 0.561582
vt 0.271994 0.565946
vt 0.276315 0.563999
vt 0.265870 0.560083
vt 0.267159 0.556595
vt 0.263397 0.557214
vt 0.264174 0.581078
vt 0.266575 0.584467
vt 0.268156 0.580448
vt 0.275053 0.569574
vt 0.279914 0.569444
vt 0.276315 0.563999
vt 0.275053 0.569574
vt 0.276315 0.563999
vt 0.271994 0.565946
vt 0.270636 0.561582
vt 0.267159 0.556595
vt 0.265870 0.560083
vt 0.290809 0.593247
vt 0.288361 0.595121
vt 0.290583 0.597004
vt 0.287207 0.569495
vt 0.283780 0.570746
vt 0.285994 0.575316
vt 0.262595 0.554321
vt 0.267159 0.556595
vt 0.263794 0.551823
vt 0.263794 0.551823
vt 0.267159 0.556595
vt 0.269117 0.553744
vt 0.287207 0.569495
vt 0.282733 0.564311
vt 0.283780 0.570746
vt 0.283780 0.570746
vt 0.282733 0.564311
vt 0.279914 0.569444
vt 0.196016 0.570049
vt 0.158361 0.576118
vt 0.154303 0.585671
vt 0.196016 0.570049
vt 0.154303 0.585671
vt 0.185121 0.594044
vt 0.285775 0.585681
vt 0.286685 0.580551
vt 0.282989 0.581631
vt 0.282989 0.581631
vt 0.286685 0.580551
vt 0.285994 0.575316
vt 0.292938 0.572416
vt 0.290252 0.576930
vt 0.293550 0.575380
vt 0.847377 0.991667
vt 0.849796 0.991976
vt 0.849275 0.995040
vt 0.296569 0.599485
vt 0.294164 0.596947
vt 0.293646 0.600132
vt 0.275053 0.569574
vt 0.277279 0.573779
vt 0.279914 0.569444
vt 0.283780 0.570746
vt 0.279914 0.569444
vt 0.281100 0.575485
vt 0.279415 0.595279
vt 0.270450 0.595334
vt 0.279156 0.605151
vt 0.290252 0.576930
vt 0.292938 0.572416
vt 0.289546 0.572523
vt 0.293973 0.578905
vt 0.293550 0.575380
vt 0.290252 0.576930
vt 0.293550 0.575380
vt 0.297381 0.573835
vt 0.292938 0.572416
vt 0.286685 0.580551
vt 0.289713 0.582663
vt 0.290252 0.576930
vt 0.286685 0.580551
vt 0.290252 0.576930
vt 0.285994 0.575316
vt 0.294685 0.585126
vt 0.293973 0.578905
vt 0.289713 0.582663
vt 0.290252 0.576930
vt 0.289713 0.582663
vt 0.293973 0.578905
vt 0.286685 0.580551
vt 0.285775 0.585681
vt 0.289713 0.582663
vt 0.289812 0.588242
vt 0.293460 0.590075
vt 0.294685 0.585126
vt 0.314134 0.570412
vt 0.310006 0.569696
vt 0.312456 0.573548
vt 0.191574 0.494416
vt 0.189287 0.490931
vt 0.178193 0.494516
vt 0.237854 0.575404
vt 0.235519 0.573492
vt 0.229335 0.579619
vt 0.281829 0.589393
vt 0.277966 0.582065
vt 0.275439 0.589725
vt 0.285775 0.585681
vt 0.282989 0.581631
vt 0.281829 0.589393
vt 0.290809 0.593247
vt 0.295021 0.593694
vt 0.293460 0.590075
vt 0.289812 0.588242
vt 0.290809 0.593247
vt 0.293460 0.590075
vt 0.288361 0.595121
vt 0.290809 0.593247
vt 0.286718 0.591676
vt 0.294685 0.585126
vt 0.289713 0.582663
vt 0.289812 0.588242
vt 0.286718 0.591676
vt 0.281829 0.589393
vt 0.286902 0.597330
vt 0.286718 0.591676
vt 0.286902 0.597330
vt 0.288361 0.595121
vt 0.281829 0.589393
vt 0.282989 0.581631
vt 0.277966 0.582065
vt 0.286718 0.591676
vt 0.290809 0.593247
vt 0.289812 0.588242
vt 0.321625 0.571505
vt 0.318509 0.572664
vt 0.322280 0.577583
vt 0.290809 0.593247
vt 0.290583 0.597004
vt 0.294164 0.596947
vt 0.294164 0.596947
vt 0.295021 0.593694
vt 0.290809 0.593247
vt 0.289812 0.588242
vt 0.289713 0.582663
vt 0.285775 0.585681
vt 0.275439 0.589725
vt 0.270450 0.595334
vt 0.279415 0.595279
vt 0.290583 0.597004
vt 0.286902 0.597330
vt 0.293646 0.600132
vt 0.288361 0.595121
vt 0.286902 0.597330
vt 0.290583 0.597004
vt 0.271484 0.584015
vt 0.275510 0.578378
vt 0.271978 0.576044
vt 0.271484 0.584015
vt 0.277966 0.582065
vt 0.275510 0.578378
vt 0.275439 0.589725
vt 0.277966 0.582065
vt 0.271484 0.584015
vt 0.286902 0.597330
vt 0.279415 0.595279
vt 0.279156 0.605151
vt 0.279156 0.605151
vt 0.293987 0.604436
vt 0.286902 0.597330
vt 0.270676 0.590457
vt 0.268822 0.592496
vt 0.270450 0.595334
vt 0.279415 0.595279
vt 0.281829 0.589393
vt 0.275439 0.589725
vt 0.281829 0.589393
vt 0.279415 0.595279
vt 0.286902 0.597330
vt 0.142904 0.570109
vt 0.137725 0.564777
vt 0.133602 0.569372
vt 0.243094 0.575364
vt 0.241809 0.581312
vt 0.249114 0.577084
vt 0.263397 0.557214
vt 0.260821 0.560816
vt 0.265870 0.560083
vt 0.271978 0.576044
vt 0.268156 0.580448
vt 0.271484 0.584015
vt 0.254939 0.570846
vt 0.257900 0.574189
vt 0.258714 0.569816
vt 0.257900 0.574189
vt 0.254939 0.570846
vt 0.253377 0.576362
vt 0.249414 0.604318
vt 0.264109 0.594297
vt 0.255445 0.592985
vt 0.249414 0.604318
vt 0.270450 0.595334
vt 0.264109 0.594297
vt 0.187324 0.561991
vt 0.160760 0.568497
vt 0.158361 0.576118
vt 0.187324 0.561991
vt 0.158361 0.576118
vt 0.196016 0.570049
vt 0.253377 0.576362
vt 0.250290 0.571794
vt 0.249114 0.577084
vt 0.253377 0.576362
vt 0.249114 0.577084
vt 0.250891 0.580678
vt 0.080607 0.599624
vt 0.083282 0.598890
vt 0.082135 0.595451
vt 0.194979 0.537644
vt 0.203225 0.536971
vt 0.195067 0.531219
vt 0.305294 0.567004
vt 0.299548 0.561230
vt 0.300991 0.566152
vt 0.300991 0.566152
vt 0.303130 0.571431
vt 0.305294 0.567004
vt 0.127090 0.620916
vt 0.121206 0.616796
vt 0.118817 0.618666
vt 0.242997 0.585128
vt 0.250891 0.580678
vt 0.241809 0.581312
vt 0.255179 0.560761
vt 0.251035 0.558003
vt 0.250952 0.562914
vt 0.275510 0.578378
vt 0.277966 0.582065
vt 0.278099 0.577207
vt 0.254939 0.570846
vt 0.250290 0.571794
vt 0.253377 0.576362
vt 0.255251 0.554998
vt 0.251035 0.558003
vt 0.255179 0.560761
vt 0.262872 0.571503
vt 0.261094 0.566647
vt 0.258714 0.569816
vt 0.266402 0.565063
vt 0.261094 0.566647
vt 0.262872 0.571503
vt 0.249114 0.577084
vt 0.250290 0.571794
vt 0.243094 0.575364
vt 0.243094 0.575364
vt 0.250290 0.571794
vt 0.246394 0.569159
vt 0.260821 0.560816
vt 0.261094 0.566647
vt 0.266402 0.565063
vt 0.248216 0.543001
vt 0.254307 0.547768
vt 0.259032 0.546521
vt 0.325441 0.572854
vt 0.323598 0.567554
vt 0.321625 0.571505
vt 0.308911 0.562954
vt 0.292079 0.550529
vt 0.299548 0.561230
vt 0.237382 0.566943
vt 0.232734 0.565777
vt 0.231296 0.570526
vt 0.250290 0.571794
vt 0.253099 0.566465
vt 0.249843 0.567061
vt 0.249843 0.567061
vt 0.247831 0.564961
vt 0.246394 0.569159
vt 0.235519 0.573492
vt 0.237382 0.566943
vt 0.231296 0.570526
vt 0.231296 0.570526
vt 0.229017 0.575040
vt 0.235519 0.573492
vt 0.243548 0.564908
vt 0.241669 0.570856
vt 0.246394 0.569159
vt 0.182432 0.524684
vt 0.174821 0.528033
vt 0.184735 0.532243
vt 0.247498 0.560900
vt 0.251035 0.558003
vt 0.246364 0.555975
vt 0.246394 0.569159
vt 0.250290 0.571794
vt 0.249843 0.567061
vt 0.241669 0.570856
vt 0.237382 0.566943
vt 0.235519 0.573492
vt 0.235519 0.573492
vt 0.237854 0.575404
vt 0.241669 0.570856
vt 0.239698 0.561180
vt 0.237382 0.566943
vt 0.243548 0.564908
vt 0.239698 0.561180
vt 0.243548 0.564908
vt 0.243875 0.559798
vt 0.243548 0.564908
vt 0.246394 0.569159
vt 0.247831 0.564961
vt 0.254939 0.570846
vt 0.257250 0.565940
vt 0.253099 0.566465
vt 0.258714 0.569816
vt 0.257250 0.565940
vt 0.254939 0.570846
vt 0.262595 0.554321
vt 0.259699 0.555769
vt 0.263397 0.557214
vt 0.258417 0.551461
vt 0.259699 0.555769
vt 0.262595 0.554321
vt 0.253991 0.550975
vt 0.255251 0.554998
vt 0.258417 0.551461
vt 0.255179 0.560761
vt 0.257250 0.565940
vt 0.260821 0.560816
vt 0.261094 0.566647
vt 0.257250 0.565940
vt 0.258714 0.569816
vt 0.260821 0.560816
vt 0.257250 0.565940
vt 0.261094 0.566647
vt 0.250952 0.562914
vt 0.253099 0.566465
vt 0.255179 0.560761
vt 0.250952 0.562914
vt 0.249843 0.567061
vt 0.253099 0.566465
vt 0.250952 0.562914
vt 0.247831 0.564961
vt 0.249843 0.567061
vt 0.251035 0.558003
vt 0.247498 0.560900
vt 0.250952 0.562914
vt 0.139925 0.559464
vt 0.139579 0.554057
vt 0.135137 0.559286
vt 0.139579 0.554057
vt 0.139925 0.559464
vt 0.143131 0.554673
vt 0.241669 0.570856
vt 0.237854 0.575404
vt 0.243094 0.575364
vt 0.239698 0.561180
vt 0.234670 0.561803
vt 0.237382 0.566943
vt 0.246394 0.569159
vt 0.241669 0.570856
vt 0.243094 0.575364
vt 0.247831 0.564961
vt 0.250952 0.562914
vt 0.247498 0.560900
vt 0.247498 0.560900
vt 0.243548 0.564908
vt 0.247831 0.564961
vt 0.196016 0.570049
vt 0.218364 0.565064
vt 0.214020 0.562465
vt 0.204758 0.557985
vt 0.187324 0.561991
vt 0.196016 0.570049
vt 0.259766 0.998047
vt 0.259766 0.998047
vt 0.259766 0.998047
vt 0.219817 0.561172
vt 0.214020 0.562465
vt 0.218364 0.565064
vt 0.197593 0.500017
vt 0.204416 0.501033
vt 0.202924 0.497236
vt 0.205420 0.543056
vt 0.212507 0.548235
vt 0.215587 0.544618
vt 0.194979 0.537644
vt 0.205420 0.543056
vt 0.203225 0.536971
vt 0.268156 0.580448
vt 0.266575 0.584467
vt 0.271484 0.584015
vt 0.129579 0.512444
vt 0.131935 0.509936
vt 0.128942 0.508185
vt 0.234670 0.561803
vt 0.229597 0.561962
vt 0.232734 0.565777
vt 0.232734 0.565777
vt 0.237382 0.566943
vt 0.234670 0.561803
vt 0.229017 0.575040
vt 0.229335 0.579619
vt 0.235519 0.573492
vt 0.229548 0.553032
vt 0.232102 0.557510
vt 0.233608 0.554012
vt 0.157591 0.564400
vt 0.178813 0.555091
vt 0.159402 0.554387
vt 0.196016 0.570049
vt 0.211883 0.558915
vt 0.204758 0.557985
vt 0.117724 0.582478
vt 0.118641 0.588576
vt 0.119534 0.583828
vt 0.214020 0.562465
vt 0.211883 0.558915
vt 0.196016 0.570049
vt 0.220226 0.558485
vt 0.211883 0.558915
vt 0.214020 0.562465
vt 0.220226 0.558485
vt 0.214020 0.562465
vt 0.219817 0.561172
vt 0.142800 0.559405
vt 0.147611 0.558523
vt 0.143131 0.554673
vt 0.147611 0.558523
vt 0.149772 0.548749
vt 0.143131 0.554673
vt 0.124485 0.590200
vt 0.123786 0.596093
vt 0.127273 0.592508
vt 0.224870 0.560255
vt 0.220226 0.558485
vt 0.218364 0.565064
vt 0.227740 0.567577
vt 0.232734 0.565777
vt 0.229597 0.561962
vt 0.227740 0.567577
vt 0.229597 0.561962
vt 0.226594 0.564270
vt 0.220226 0.558485
vt 0.221714 0.553691
vt 0.216072 0.553120
vt 0.142800 0.559405
vt 0.143131 0.554673
vt 0.139925 0.559464
vt 0.159438 0.524183
vt 0.154890 0.527484
vt 0.160461 0.529632
vt 0.133602 0.569372
vt 0.137725 0.564777
vt 0.135137 0.559286
vt 0.142800 0.559405
vt 0.142056 0.563557
vt 0.147611 0.558523
vt 0.139925 0.559464
vt 0.142056 0.563557
vt 0.142800 0.559405
vt 0.226594 0.564270
vt 0.224027 0.567581
vt 0.227740 0.567577
vt 0.218364 0.565064
vt 0.226594 0.564270
vt 0.224870 0.560255
vt 0.243548 0.564908
vt 0.237382 0.566943
vt 0.241669 0.570856
vt 0.218364 0.565064
vt 0.224027 0.567581
vt 0.226594 0.564270
vt 0.293987 0.604436
vt 0.293646 0.600132
vt 0.286902 0.597330
vt 0.137725 0.564777
vt 0.142904 0.570109
vt 0.142056 0.563557
vt 0.142056 0.563557
vt 0.142904 0.570109
vt 0.148940 0.563914
vt 0.148940 0.563914
vt 0.147611 0.558523
vt 0.142056 0.563557
vt 0.139925 0.559464
vt 0.137725 0.564777
vt 0.142056 0.563557
vt 0.135137 0.559286
vt 0.137725 0.564777
vt 0.139925 0.559464
vt 0.133774 0.574235
vt 0.133602 0.569372
vt 0.129543 0.575606
vt 0.130193 0.587838
vt 0.126479 0.587549
vt 0.127273 0.592508
vt 0.127266 0.561789
vt 0.132561 0.540588
vt 0.122962 0.547657
vt 0.122945 0.606254
vt 0.125035 0.602320
vt 0.120336 0.602128
vt 0.121423 0.507962
vt 0.125135 0.507560
vt 0.124412 0.503168
vt 0.224027 0.567581
vt 0.218903 0.573904
vt 0.227740 0.567577
vt 0.227740 0.567577
vt 0.218903 0.573904
vt 0.231296 0.570526
vt 0.227740 0.567577
vt 0.231296 0.570526
vt 0.232734 0.565777
vt 0.262872 0.571503
vt 0.266378 0.576139
vt 0.269389 0.570410
vt 0.224027 0.567581
vt 0.218364 0.565064
vt 0.218903 0.573904
vt 0.212074 0.534449
vt 0.220809 0.542381
vt 0.231622 0.540900
vt 0.231622 0.540900
vt 0.221952 0.528921
vt 0.212074 0.534449
vt 0.159402 0.554387
vt 0.147611 0.558523
vt 0.148940 0.563914
vt 0.178813 0.555091
vt 0.157591 0.564400
vt 0.160760 0.568497
vt 0.160760 0.568497
vt 0.187324 0.561991
vt 0.178813 0.555091
vt 0.157591 0.564400
vt 0.142904 0.570109
vt 0.160760 0.568497
vt 0.142904 0.570109
vt 0.157591 0.564400
vt 0.148940 0.563914
vt 0.133774 0.574235
vt 0.136219 0.576996
vt 0.142904 0.570109
vt 0.146580 0.575000
vt 0.140844 0.580084
vt 0.158361 0.576118
vt 0.136219 0.576996
vt 0.146580 0.575000
vt 0.142904 0.570109
vt 0.142904 0.570109
vt 0.146580 0.575000
vt 0.160760 0.568497
vt 0.160760 0.568497
vt 0.146580 0.575000
vt 0.158361 0.576118
vt 0.270450 0.595334
vt 0.249414 0.604318
vt 0.279156 0.605151
vt 0.194979 0.537644
vt 0.195067 0.531219
vt 0.184735 0.532243
vt 0.158866 0.495911
vt 0.159914 0.491798
vt 0.154488 0.492555
vt 0.068917 0.651765
vt 0.072735 0.651616
vt 0.071505 0.644898
vt 0.124172 0.585273
vt 0.127860 0.582323
vt 0.125265 0.577243
vt 0.128756 0.599861
vt 0.130722 0.593883
vt 0.127273 0.592508
vt 0.078969 0.667105
vt 0.077433 0.670470
vt 0.081292 0.670621
vt 0.075635 0.663143
vt 0.072841 0.672403
vt 0.077433 0.670470
vt 0.122945 0.606254
vt 0.126295 0.606184
vt 0.125035 0.602320
vt 0.327841 0.633111
vt 0.326866 0.629969
vt 0.323828 0.630752
vt 0.185121 0.594044
vt 0.139411 0.603718
vt 0.146894 0.609757
vt 0.268156 0.580448
vt 0.266378 0.576139
vt 0.264174 0.581078
vt 0.266378 0.576139
vt 0.268156 0.580448
vt 0.271978 0.576044
vt 0.229105 0.586321
vt 0.242997 0.585128
vt 0.241809 0.581312
vt 0.122171 0.609960
vt 0.119351 0.612297
vt 0.129486 0.614174
vt 0.129486 0.614174
vt 0.119351 0.612297
vt 0.121206 0.616796
vt 0.128812 0.605374
vt 0.128043 0.609450
vt 0.139411 0.603718
vt 0.128043 0.609450
vt 0.126295 0.606184
vt 0.124897 0.609469
vt 0.122945 0.606254
vt 0.124897 0.609469
vt 0.126295 0.606184
vt 0.142910 0.595435
vt 0.130722 0.593883
vt 0.128756 0.599861
vt 0.123786 0.596093
vt 0.128756 0.599861
vt 0.127273 0.592508
vt 0.230853 0.596809
vt 0.246491 0.589298
vt 0.233246 0.589524
vt 0.204416 0.501033
vt 0.214918 0.501561
vt 0.214509 0.499629
vt 0.121206 0.616796
vt 0.133044 0.618551
vt 0.129486 0.614174
vt 0.127090 0.620916
vt 0.133044 0.618551
vt 0.121206 0.616796
vt 0.122171 0.609960
vt 0.129486 0.614174
vt 0.124897 0.609469
vt 0.128043 0.609450
vt 0.124897 0.609469
vt 0.129486 0.614174
vt 0.122171 0.609960
vt 0.124897 0.609469
vt 0.122945 0.606254
vt 0.142910 0.595435
vt 0.139411 0.603718
vt 0.185121 0.594044
vt 0.125265 0.577243
vt 0.129362 0.569434
vt 0.127266 0.561789
vt 0.125035 0.602320
vt 0.128756 0.599861
vt 0.123786 0.596093
vt 0.142910 0.595435
vt 0.135350 0.590427
vt 0.130722 0.593883
vt 0.135350 0.590427
vt 0.130193 0.587838
vt 0.130722 0.593883
vt 0.128756 0.599861
vt 0.139411 0.603718
vt 0.142910 0.595435
vt 0.186696 0.538125
vt 0.184735 0.532243
vt 0.177153 0.533628
vt 0.128812 0.605374
vt 0.139411 0.603718
vt 0.128756 0.599861
vt 0.124308 0.994043
vt 0.125089 0.992301
vt 0.122437 0.992180
vt 0.127520 0.603549
vt 0.128812 0.605374
vt 0.128756 0.599861
vt 0.127520 0.603549
vt 0.128756 0.599861
vt 0.125035 0.602320
vt 0.126295 0.606184
vt 0.127520 0.603549
vt 0.125035 0.602320
vt 0.128812 0.605374
vt 0.127520 0.603549
vt 0.126295 0.606184
vt 0.128043 0.609450
vt 0.128812 0.605374
vt 0.126295 0.606184
vt 0.246491 0.589298
vt 0.250500 0.584877
vt 0.233246 0.589524
vt 0.269389 0.570410
vt 0.266378 0.576139
vt 0.271978 0.576044
vt 0.233246 0.589524
vt 0.250500 0.584877
vt 0.242997 0.585128
vt 0.196016 0.570049
vt 0.185121 0.594044
vt 0.218903 0.573904
vt 0.218903 0.573904
vt 0.218364 0.565064
vt 0.196016 0.570049
vt 0.335528 0.637462
vt 0.338671 0.634471
vt 0.332221 0.634477
vt 0.146894 0.609757
vt 0.128043 0.609450
vt 0.129486 0.614174
vt 0.158361 0.576118
vt 0.140844 0.580084
vt 0.144652 0.582349
vt 0.246491 0.589298
vt 0.257405 0.584100
vt 0.250500 0.584877
vt 0.136219 0.576996
vt 0.140844 0.580084
vt 0.146580 0.575000
vt 0.210699 0.675001
vt 0.247847 0.628406
vt 0.183011 0.650878
vt 0.146894 0.609757
vt 0.129486 0.614174
vt 0.163799 0.621568
vt 0.133044 0.618551
vt 0.163799 0.621568
vt 0.129486 0.614174
vt 0.087687 0.603777
vt 0.088897 0.609596
vt 0.090289 0.600872
vt 0.163799 0.621568
vt 0.183011 0.650878
vt 0.247847 0.628406
vt 0.233246 0.589524
vt 0.242997 0.585128
vt 0.229105 0.586321
vt 0.289771 0.541968
vt 0.282673 0.541039
vt 0.292079 0.550529
vt 0.319816 0.555238
vt 0.323665 0.551387
vt 0.306226 0.547484
vt 0.077308 0.690783
vt 0.074896 0.691519
vt 0.079928 0.694988
vt 0.080028 0.674455
vt 0.081292 0.670621
vt 0.077433 0.670470
vt 0.077433 0.670470
vt 0.076798 0.674641
vt 0.080028 0.674455
vt 0.279156 0.605151
vt 0.249414 0.604318
vt 0.247847 0.628406
vt 0.229105 0.586321
vt 0.185121 0.594044
vt 0.233246 0.589524
vt 0.233246 0.589524
vt 0.185121 0.594044
vt 0.230853 0.596809
vt 0.185121 0.594044
vt 0.229105 0.586321
vt 0.229335 0.579619
vt 0.255445 0.592985
vt 0.253021 0.589702
vt 0.230853 0.596809
vt 0.271484 0.584015
vt 0.266850 0.589227
vt 0.270676 0.590457
vt 0.270676 0.590457
vt 0.275439 0.589725
vt 0.271484 0.584015
vt 0.229105 0.586321
vt 0.241809 0.581312
vt 0.229335 0.579619
vt 0.121195 0.577151
vt 0.119534 0.583828
vt 0.121489 0.584290
vt 0.241809 0.581312
vt 0.250891 0.580678
vt 0.249114 0.577084
vt 0.123786 0.596093
vt 0.121868 0.589865
vt 0.119325 0.595419
vt 0.278099 0.577207
vt 0.277966 0.582065
vt 0.281100 0.575485
vt 0.263397 0.557214
vt 0.259699 0.555769
vt 0.260821 0.560816
vt 0.253991 0.550975
vt 0.250623 0.552895
vt 0.255251 0.554998
vt 0.266575 0.584467
vt 0.264174 0.581078
vt 0.262298 0.586092
vt 0.266850 0.589227
vt 0.266575 0.584467
vt 0.262298 0.586092
vt 0.257900 0.574189
vt 0.262872 0.571503
vt 0.258714 0.569816
vt 0.271484 0.584015
vt 0.266575 0.584467
vt 0.266850 0.589227
vt 0.260512 0.581560
vt 0.264174 0.581078
vt 0.261466 0.577168
vt 0.266378 0.576139
vt 0.261466 0.577168
vt 0.264174 0.581078
vt 0.262872 0.571503
vt 0.261466 0.577168
vt 0.266378 0.576139
vt 0.262872 0.571503
vt 0.257900 0.574189
vt 0.261466 0.577168
vt 0.234670 0.561803
vt 0.232102 0.557510
vt 0.229597 0.561962
vt 0.135350 0.590427
vt 0.136158 0.584936
vt 0.130193 0.587838
vt 0.260512 0.581560
vt 0.262298 0.586092
vt 0.264174 0.581078
vt 0.255445 0.592985
vt 0.264109 0.594297
vt 0.266850 0.589227
vt 0.268822 0.592496
vt 0.266850 0.589227
vt 0.264109 0.594297
vt 0.266850 0.589227
vt 0.268822 0.592496
vt 0.270676 0.590457
vt 0.255445 0.592985
vt 0.266850 0.589227
vt 0.262298 0.586092
vt 0.262298 0.586092
vt 0.253021 0.589702
vt 0.255445 0.592985
vt 0.133680 0.505417
vt 0.128942 0.508185
vt 0.131935 0.509936
vt 0.142910 0.595435
vt 0.154303 0.585671
vt 0.135350 0.590427
vt 0.154303 0.585671
vt 0.142910 0.595435
vt 0.185121 0.594044
vt 0.072809 0.610795
vt 0.070104 0.610441
vt 0.070332 0.615804
vt 0.242997 0.585128
vt 0.250500 0.584877
vt 0.250891 0.580678
vt 0.250891 0.580678
vt 0.250500 0.584877
vt 0.254253 0.581015
vt 0.257307 0.579039
vt 0.260512 0.581560
vt 0.261466 0.577168
vt 0.257900 0.574189
vt 0.257307 0.579039
vt 0.261466 0.577168
vt 0.257900 0.574189
vt 0.253377 0.576362
vt 0.257307 0.579039
vt 0.257405 0.584100
vt 0.254253 0.581015
vt 0.250500 0.584877
vt 0.254253 0.581015
vt 0.257307 0.579039
vt 0.253377 0.576362
vt 0.260512 0.581560
vt 0.257405 0.584100
vt 0.262298 0.586092
vt 0.262298 0.586092
vt 0.257405 0.584100
vt 0.253021 0.589702
vt 0.253021 0.589702
vt 0.257405 0.584100
vt 0.246491 0.589298
vt 0.253021 0.589702
vt 0.246491 0.589298
vt 0.230853 0.596809
vt 0.257307 0.579039
vt 0.257405 0.584100
vt 0.260512 0.581560
vt 0.254253 0.581015
vt 0.257405 0.584100
vt 0.257307 0.579039
vt 0.174821 0.528033
vt 0.170198 0.522540
vt 0.169669 0.526208
vt 0.153451 0.501742
vt 0.153973 0.505620
vt 0.158917 0.504386
vt 0.116290 0.600679
vt 0.115796 0.607294
vt 0.120336 0.602128
vt 0.129362 0.569434
vt 0.129543 0.575606
vt 0.133602 0.569372
vt 0.210921 0.512772
vt 0.209964 0.507490
vt 0.207536 0.509700
vt 0.098050 0.613051
vt 0.101162 0.613960
vt 0.100914 0.608228
vt 0.122171 0.609960
vt 0.119910 0.607477
vt 0.119351 0.612297
vt 0.135137 0.559286
vt 0.129362 0.569434
vt 0.133602 0.569372
vt 0.131723 0.578729
vt 0.127860 0.582323
vt 0.131509 0.582889
vt 0.127266 0.561789
vt 0.129362 0.569434
vt 0.135137 0.559286
vt 0.121195 0.577151
vt 0.125265 0.577243
vt 0.127266 0.561789
vt 0.130193 0.587838
vt 0.131509 0.582889
vt 0.127860 0.582323
vt 0.130193 0.587838
vt 0.127860 0.582323
vt 0.126479 0.587549
vt 0.126479 0.587549
vt 0.127860 0.582323
vt 0.124172 0.585273
vt 0.493963 0.992203
vt 0.495571 0.994615
vt 0.491220 0.993797
vt 0.125265 0.577243
vt 0.121489 0.584290
vt 0.124172 0.585273
vt 0.121489 0.584290
vt 0.121868 0.589865
vt 0.124172 0.585273
vt 0.136219 0.576996
vt 0.133774 0.574235
vt 0.131723 0.578729
vt 0.131723 0.578729
vt 0.131509 0.582889
vt 0.134426 0.580769
vt 0.134426 0.580769
vt 0.136219 0.576996
vt 0.131723 0.578729
vt 0.136158 0.584936
vt 0.134426 0.580769
vt 0.131509 0.582889
vt 0.140844 0.580084
vt 0.134426 0.580769
vt 0.136158 0.584936
vt 0.140844 0.580084
vt 0.136219 0.576996
vt 0.134426 0.580769
vt 0.136158 0.584936
vt 0.144652 0.582349
vt 0.140844 0.580084
vt 0.136158 0.584936
vt 0.154303 0.585671
vt 0.144652 0.582349
vt 0.136158 0.584936
vt 0.135350 0.590427
vt 0.154303 0.585671
vt 0.131723 0.578729
vt 0.129543 0.575606
vt 0.127860 0.582323
vt 0.129543 0.575606
vt 0.129362 0.569434
vt 0.125265 0.577243
vt 0.127860 0.582323
vt 0.129543 0.575606
vt 0.125265 0.577243
vt 0.133774 0.574235
vt 0.129543 0.575606
vt 0.131723 0.578729
vt 0.134035 0.522632
vt 0.129314 0.517841
vt 0.128292 0.524892
vt 0.132561 0.540588
vt 0.129525 0.535948
vt 0.122962 0.547657
vt 0.129525 0.535948
vt 0.126027 0.533380
vt 0.122962 0.547657
vt 0.218903 0.573904
vt 0.229335 0.579619
vt 0.229017 0.575040
vt 0.067809 0.562191
vt 0.064214 0.574934
vt 0.070038 0.567526
vt 0.175808 0.505454
vt 0.173718 0.508488
vt 0.178200 0.510296
vt 0.148531 0.503866
vt 0.153451 0.501742
vt 0.149171 0.499012
vt 0.162108 0.510494
vt 0.168109 0.512196
vt 0.164722 0.506652
vt 0.144074 0.500226
vt 0.145356 0.496092
vt 0.140290 0.496734
vt 0.125661 0.483702
vt 0.127187 0.486613
vt 0.131792 0.483268
vt 0.140136 0.522617
vt 0.137222 0.526787
vt 0.140348 0.528055
vt 0.136756 0.531879
vt 0.140348 0.528055
vt 0.137222 0.526787
vt 0.130029 0.499077
vt 0.128742 0.503008
vt 0.132984 0.500996
vt 0.128742 0.503008
vt 0.125135 0.507560
vt 0.128942 0.508185
vt 0.136418 0.489427
vt 0.141869 0.490476
vt 0.141968 0.487017
vt 0.131219 0.479203
vt 0.125661 0.483702
vt 0.131792 0.483268
vt 0.131792 0.483268
vt 0.149766 0.482209
vt 0.131219 0.479203
vt 0.118507 0.497690
vt 0.116951 0.511299
vt 0.122686 0.500588
vt 0.122686 0.500588
vt 0.121423 0.507962
vt 0.124412 0.503168
vt 0.116951 0.511299
vt 0.121423 0.507962
vt 0.122686 0.500588
vt 0.158917 0.504386
vt 0.164722 0.506652
vt 0.163076 0.502107
vt 0.111694 0.575063
vt 0.117936 0.570279
vt 0.112886 0.558091
vt 0.123557 0.527521
vt 0.119968 0.530056
vt 0.120623 0.536981
vt 0.132984 0.500996
vt 0.128742 0.503008
vt 0.133680 0.505417
vt 0.120054 0.520013
vt 0.122465 0.521287
vt 0.122791 0.514705
vt 0.122791 0.514705
vt 0.119490 0.514348
vt 0.120054 0.520013
vt 0.120054 0.520013
vt 0.119490 0.514348
vt 0.117532 0.519055
vt 0.032384 0.984816
vt 0.029171 0.982901
vt 0.032781 0.982565
vt 0.117708 0.526416
vt 0.120788 0.525161
vt 0.120054 0.520013
vt 0.120054 0.520013
vt 0.117532 0.519055
vt 0.117708 0.526416
vt 0.108046 0.577209
vt 0.111694 0.575063
vt 0.108479 0.570142
vt 0.123557 0.527521
vt 0.120788 0.525161
vt 0.119968 0.530056
vt 0.122465 0.521287
vt 0.125365 0.519724
vt 0.122791 0.514705
vt 0.126542 0.513201
vt 0.122791 0.514705
vt 0.125365 0.519724
vt 0.123557 0.527521
vt 0.122465 0.521287
vt 0.120788 0.525161
vt 0.119490 0.514348
vt 0.116951 0.511299
vt 0.117532 0.519055
vt 0.138215 0.501412
vt 0.132984 0.500996
vt 0.133680 0.505417
vt 0.178963 0.501027
vt 0.185366 0.505181
vt 0.186223 0.498438
vt 0.104315 0.549467
vt 0.107481 0.547043
vt 0.104248 0.544535
vt 0.106863 0.542128
vt 0.104248 0.544535
vt 0.107481 0.547043
vt 0.178963 0.501027
vt 0.172469 0.501279
vt 0.175808 0.505454
vt 0.172469 0.501279
vt 0.172550 0.496781
vt 0.168629 0.498481
vt 0.169815 0.507997
vt 0.173718 0.508488
vt 0.171701 0.505138
vt 0.171701 0.505138
vt 0.173718 0.508488
vt 0.175808 0.505454
vt 0.146662 0.486148
vt 0.143391 0.484348
vt 0.141968 0.487017
vt 0.142434 0.493742
vt 0.140290 0.496734
vt 0.145356 0.496092
vt 0.164101 0.497980
vt 0.158866 0.495911
vt 0.160360 0.499798
vt 0.171701 0.505138
vt 0.172469 0.501279
vt 0.167580 0.502701
vt 0.123113 0.488862
vt 0.125661 0.483702
vt 0.120062 0.487834
vt 0.160360 0.499798
vt 0.158917 0.504386
vt 0.163076 0.502107
vt 0.111698 0.546153
vt 0.114376 0.541054
vt 0.111775 0.538520
vt 0.141683 0.510323
vt 0.145298 0.507496
vt 0.139520 0.506303
vt 0.157076 0.499708
vt 0.158917 0.504386
vt 0.160360 0.499798
vt 0.148531 0.503866
vt 0.153973 0.505620
vt 0.153451 0.501742
vt 0.154488 0.492555
vt 0.153748 0.497243
vt 0.158866 0.495911
vt 0.153451 0.501742
vt 0.158917 0.504386
vt 0.157076 0.499708
vt 0.153451 0.501742
vt 0.157076 0.499708
vt 0.153748 0.497243
vt 0.146984 0.488648
vt 0.141869 0.490476
vt 0.146071 0.492264
vt 0.141968 0.487017
vt 0.141869 0.490476
vt 0.146984 0.488648
vt 0.128742 0.503008
vt 0.130029 0.499077
vt 0.126421 0.499805
vt 0.172469 0.501279
vt 0.168629 0.498481
vt 0.167580 0.502701
vt 0.164722 0.506652
vt 0.169815 0.507997
vt 0.167580 0.502701
vt 0.167322 0.495472
vt 0.164101 0.497980
vt 0.168629 0.498481
vt 0.164101 0.497980
vt 0.167580 0.502701
vt 0.168629 0.498481
vt 0.160360 0.499798
vt 0.163076 0.502107
vt 0.164101 0.497980
vt 0.163076 0.502107
vt 0.167580 0.502701
vt 0.164101 0.497980
vt 0.164722 0.506652
vt 0.167580 0.502701
vt 0.163076 0.502107
vt 0.164049 0.541972
vt 0.156779 0.535061
vt 0.157437 0.540553
vt 0.153973 0.505620
vt 0.148531 0.503866
vt 0.151828 0.508838
vt 0.149778 0.494753
vt 0.146071 0.492264
vt 0.145356 0.496092
vt 0.194173 0.545512
vt 0.184603 0.544782
vt 0.178813 0.555091
vt 0.146984 0.488648
vt 0.146662 0.486148
vt 0.141968 0.487017
vt 0.160717 0.487505
vt 0.146662 0.486148
vt 0.146984 0.488648
vt 0.364323 0.606099
vt 0.360209 0.608445
vt 0.364731 0.611307
vt 0.131524 0.487477
vt 0.126123 0.492334
vt 0.131114 0.490945
vt 0.158866 0.495911
vt 0.157076 0.499708
vt 0.160360 0.499798
vt 0.082137 0.590438
vt 0.078790 0.589478
vt 0.079014 0.594356
vt 0.154488 0.492555
vt 0.149778 0.494753
vt 0.153748 0.497243
vt 0.612284 0.979496
vt 0.617680 0.982160
vt 0.610468 0.977939
vt 0.195067 0.531219
vt 0.198877 0.522164
vt 0.182432 0.524684
vt 0.184735 0.532243
vt 0.195067 0.531219
vt 0.182432 0.524684
vt 0.160717 0.487505
vt 0.154488 0.492555
vt 0.159914 0.491798
vt 0.154488 0.492555
vt 0.160717 0.487505
vt 0.150410 0.490763
vt 0.455820 0.566950
vt 0.454240 0.563598
vt 0.451850 0.567622
vt 0.451850 0.567622
vt 0.454240 0.563598
vt 0.449976 0.564037
vt 0.133655 0.492610
vt 0.136418 0.489427
vt 0.131114 0.490945
vt 0.149778 0.494753
vt 0.154488 0.492555
vt 0.150410 0.490763
vt 0.149778 0.494753
vt 0.150410 0.490763
vt 0.146071 0.492264
vt 0.133765 0.530443
vt 0.137222 0.526787
vt 0.134035 0.522632
vt 0.150410 0.490763
vt 0.146984 0.488648
vt 0.146071 0.492264
vt 0.167322 0.495472
vt 0.168629 0.498481
vt 0.172550 0.496781
vt 0.185366 0.505181
vt 0.189805 0.508305
vt 0.191758 0.502522
vt 0.191758 0.502522
vt 0.189805 0.508305
vt 0.193664 0.507185
vt 0.172550 0.496781
vt 0.167303 0.491946
vt 0.167322 0.495472
vt 0.167322 0.495472
vt 0.167303 0.491946
vt 0.163534 0.494115
vt 0.146662 0.486148
vt 0.160717 0.487505
vt 0.143391 0.484348
vt 0.122791 0.514705
vt 0.126542 0.513201
vt 0.125135 0.507560
vt 0.122791 0.514705
vt 0.125135 0.507560
vt 0.121423 0.507962
vt 0.143391 0.484348
vt 0.137512 0.484754
vt 0.141968 0.487017
vt 0.131792 0.483268
vt 0.137512 0.484754
vt 0.149766 0.482209
vt 0.143391 0.484348
vt 0.140049 0.482948
vt 0.137512 0.484754
vt 0.259766 0.998047
vt 0.259766 0.998047
vt 0.259766 0.998047
vt 0.149766 0.482209
vt 0.140049 0.482948
vt 0.143391 0.484348
vt 0.127896 0.496732
vt 0.130278 0.493596
vt 0.126123 0.492334
vt 0.128742 0.503008
vt 0.124412 0.503168
vt 0.125135 0.507560
vt 0.126421 0.499805
vt 0.124412 0.503168
vt 0.128742 0.503008
vt 0.131219 0.479203
vt 0.149766 0.482209
vt 0.154706 0.478886
vt 0.242666 0.507063
vt 0.364233 0.526026
vt 0.226707 0.498512
vt 0.226707 0.498512
vt 0.364233 0.526026
vt 0.241521 0.489054
vt 0.377309 0.634075
vt 0.376546 0.629234
vt 0.372911 0.631619
vt 0.113907 0.507475
vt 0.118507 0.497690
vt 0.113786 0.501763
vt 0.126123 0.492334
vt 0.122686 0.500588
vt 0.127896 0.496732
vt 0.118507 0.497690
vt 0.122686 0.500588
vt 0.126123 0.492334
vt 0.118507 0.497690
vt 0.126123 0.492334
vt 0.123113 0.488862
vt 0.123113 0.488862
vt 0.127187 0.486613
vt 0.125661 0.483702
vt 0.142434 0.493742
vt 0.138007 0.493211
vt 0.140290 0.496734
vt 0.138007 0.493211
vt 0.141869 0.490476
vt 0.136418 0.489427
vt 0.333233 0.993437
vt 0.330767 0.992954
vt 0.330528 0.994754
vt 0.138007 0.493211
vt 0.133939 0.496730
vt 0.140290 0.496734
vt 0.133939 0.496730
vt 0.130278 0.493596
vt 0.127896 0.496732
vt 0.133939 0.496730
vt 0.127896 0.496732
vt 0.130029 0.499077
vt 0.136418 0.489427
vt 0.133655 0.492610
vt 0.138007 0.493211
vt 0.127896 0.496732
vt 0.126421 0.499805
vt 0.130029 0.499077
vt 0.127896 0.496732
vt 0.122686 0.500588
vt 0.126421 0.499805
vt 0.133765 0.530443
vt 0.136756 0.531879
vt 0.137222 0.526787
vt 0.136418 0.489427
vt 0.131524 0.487477
vt 0.131114 0.490945
vt 0.130278 0.493596
vt 0.133939 0.496730
vt 0.133655 0.492610
vt 0.138007 0.493211
vt 0.133655 0.492610
vt 0.133939 0.496730
vt 0.152421 0.522513
vt 0.149342 0.518817
vt 0.145536 0.523511
vt 0.131114 0.490945
vt 0.126123 0.492334
vt 0.130278 0.493596
vt 0.141683 0.510323
vt 0.140249 0.515684
vt 0.147814 0.512550
vt 0.144074 0.500226
vt 0.148531 0.503866
vt 0.149171 0.499012
vt 0.164722 0.506652
vt 0.158917 0.504386
vt 0.162108 0.510494
vt 0.126027 0.533380
vt 0.120623 0.536981
vt 0.122962 0.547657
vt 0.180720 0.539516
vt 0.184603 0.544782
vt 0.186696 0.538125
vt 0.186696 0.538125
vt 0.184603 0.544782
vt 0.194173 0.545512
vt 0.126421 0.499805
vt 0.122686 0.500588
vt 0.124412 0.503168
vt 0.191758 0.502522
vt 0.197422 0.505735
vt 0.197593 0.500017
vt 0.119490 0.514348
vt 0.122791 0.514705
vt 0.121423 0.507962
vt 0.138215 0.501412
vt 0.139520 0.506303
vt 0.143019 0.503801
vt 0.130750 0.528788
vt 0.126027 0.533380
vt 0.129525 0.535948
vt 0.138549 0.551189
vt 0.142742 0.548184
vt 0.138605 0.544179
vt 0.128942 0.508185
vt 0.133680 0.505417
vt 0.128742 0.503008
vt 0.126542 0.513201
vt 0.129579 0.512444
vt 0.128942 0.508185
vt 0.126542 0.513201
vt 0.128942 0.508185
vt 0.125135 0.507560
vt 0.114738 0.537098
vt 0.116712 0.538853
vt 0.117289 0.533836
vt 0.130750 0.528788
vt 0.128292 0.524892
vt 0.126027 0.533380
vt 0.123557 0.527521
vt 0.125365 0.519724
vt 0.122465 0.521287
vt 0.145356 0.496092
vt 0.144074 0.500226
vt 0.149171 0.499012
vt 0.145356 0.496092
vt 0.149171 0.499012
vt 0.149778 0.494753
vt 0.126027 0.533380
vt 0.123557 0.527521
vt 0.120623 0.536981
vt 0.142742 0.548184
vt 0.147414 0.539916
vt 0.138605 0.544179
vt 0.143540 0.531451
vt 0.144545 0.535767
vt 0.149212 0.531534
vt 0.129314 0.517841
vt 0.129579 0.512444
vt 0.126542 0.513201
vt 0.128292 0.524892
vt 0.129314 0.517841
vt 0.125365 0.519724
vt 0.128292 0.524892
vt 0.125365 0.519724
vt 0.123557 0.527521
vt 0.125365 0.519724
vt 0.129314 0.517841
vt 0.126542 0.513201
vt 0.128292 0.524892
vt 0.123557 0.527521
vt 0.126027 0.533380
vt 0.138468 0.534764
vt 0.138605 0.544179
vt 0.143540 0.531451
vt 0.144545 0.535767
vt 0.143540 0.531451
vt 0.138605 0.544179
vt 0.149772 0.548749
vt 0.159402 0.554387
vt 0.157095 0.545333
vt 0.138468 0.534764
vt 0.132561 0.540588
vt 0.138605 0.544179
vt 0.139579 0.554057
vt 0.138549 0.551189
vt 0.135137 0.559286
vt 0.135137 0.559286
vt 0.138549 0.551189
vt 0.138605 0.544179
vt 0.136409 0.510167
vt 0.141683 0.510323
vt 0.139520 0.506303
vt 0.139579 0.554057
vt 0.143131 0.554673
vt 0.142742 0.548184
vt 0.139579 0.554057
vt 0.142742 0.548184
vt 0.138549 0.551189
vt 0.178813 0.555091
vt 0.195148 0.552676
vt 0.194173 0.545512
vt 0.143540 0.531451
vt 0.145536 0.523511
vt 0.140348 0.528055
vt 0.149342 0.518817
vt 0.144031 0.519069
vt 0.145536 0.523511
vt 0.145536 0.523511
vt 0.144031 0.519069
vt 0.140136 0.522617
vt 0.140348 0.528055
vt 0.145536 0.523511
vt 0.140136 0.522617
vt 0.151430 0.515698
vt 0.147814 0.512550
vt 0.146538 0.516042
vt 0.140249 0.515684
vt 0.136409 0.510167
vt 0.133187 0.514605
vt 0.160379 0.520058
vt 0.163794 0.519530
vt 0.157522 0.514472
vt 0.128292 0.524892
vt 0.130750 0.528788
vt 0.134035 0.522632
vt 0.140249 0.515684
vt 0.133187 0.514605
vt 0.134035 0.522632
vt 0.133187 0.514605
vt 0.129314 0.517841
vt 0.134035 0.522632
vt 0.140249 0.515684
vt 0.141683 0.510323
vt 0.136409 0.510167
vt 0.236647 0.557448
vt 0.239698 0.561180
vt 0.241380 0.556716
vt 0.234670 0.561803
vt 0.239698 0.561180
vt 0.236647 0.557448
vt 0.271099 0.545036
vt 0.263430 0.543093
vt 0.271174 0.550336
vt 0.136756 0.531879
vt 0.133765 0.530443
vt 0.132561 0.540588
vt 0.132561 0.540588
vt 0.133765 0.530443
vt 0.129525 0.535948
vt 0.129525 0.535948
vt 0.133765 0.530443
vt 0.130750 0.528788
vt 0.133187 0.514605
vt 0.129579 0.512444
vt 0.129314 0.517841
vt 0.136409 0.510167
vt 0.131935 0.509936
vt 0.133187 0.514605
vt 0.133187 0.514605
vt 0.131935 0.509936
vt 0.129579 0.512444
vt 0.136409 0.510167
vt 0.133680 0.505417
vt 0.131935 0.509936
vt 0.133680 0.505417
vt 0.136409 0.510167
vt 0.139520 0.506303
vt 0.139520 0.506303
vt 0.138215 0.501412
vt 0.133680 0.505417
vt 0.145356 0.496092
vt 0.146071 0.492264
vt 0.142434 0.493742
vt 0.141869 0.490476
vt 0.142434 0.493742
vt 0.146071 0.492264
vt 0.142434 0.493742
vt 0.141869 0.490476
vt 0.138007 0.493211
vt 0.186696 0.538125
vt 0.194173 0.545512
vt 0.194979 0.537644
vt 0.212074 0.534449
vt 0.211154 0.539723
vt 0.220809 0.542381
vt 0.159438 0.524183
vt 0.155479 0.518850
vt 0.152421 0.522513
vt 0.138468 0.534764
vt 0.143540 0.531451
vt 0.140348 0.528055
vt 0.170072 0.532590
vt 0.169961 0.528942
vt 0.165128 0.528920
vt 0.165184 0.534134
vt 0.165128 0.528920
vt 0.160461 0.529632
vt 0.170072 0.532590
vt 0.177153 0.533628
vt 0.169961 0.528942
vt 0.157095 0.545333
vt 0.153298 0.541421
vt 0.149772 0.548749
vt 0.117289 0.533836
vt 0.120623 0.536981
vt 0.119968 0.530056
vt 0.149772 0.548749
vt 0.147414 0.539916
vt 0.142742 0.548184
vt 0.138605 0.544179
vt 0.147414 0.539916
vt 0.144545 0.535767
vt 0.145536 0.523511
vt 0.143540 0.531451
vt 0.149306 0.526406
vt 0.149212 0.531534
vt 0.149306 0.526406
vt 0.143540 0.531451
vt 0.172649 0.537669
vt 0.180720 0.539516
vt 0.177153 0.533628
vt 0.177153 0.533628
vt 0.170072 0.532590
vt 0.172649 0.537669
vt 0.165184 0.534134
vt 0.164049 0.541972
vt 0.172649 0.537669
vt 0.156779 0.535061
vt 0.164049 0.541972
vt 0.165184 0.534134
vt 0.157437 0.540553
vt 0.157095 0.545333
vt 0.164049 0.541972
vt 0.149212 0.531534
vt 0.154890 0.527484
vt 0.149306 0.526406
vt 0.169961 0.528942
vt 0.174821 0.528033
vt 0.169669 0.526208
vt 0.147611 0.558523
vt 0.159402 0.554387
vt 0.149772 0.548749
vt 0.165184 0.534134
vt 0.170072 0.532590
vt 0.165128 0.528920
vt 0.211112 0.551844
vt 0.207513 0.548617
vt 0.203903 0.552910
vt 0.170198 0.522540
vt 0.163794 0.519530
vt 0.165278 0.524386
vt 0.144031 0.519069
vt 0.140249 0.515684
vt 0.140136 0.522617
vt 0.200194 0.509245
vt 0.199582 0.514771
vt 0.205408 0.512992
vt 0.159402 0.554387
vt 0.148940 0.563914
vt 0.157591 0.564400
vt 0.157095 0.545333
vt 0.159402 0.554387
vt 0.164049 0.541972
vt 0.136756 0.531879
vt 0.138468 0.534764
vt 0.140348 0.528055
vt 0.165184 0.534134
vt 0.172649 0.537669
vt 0.170072 0.532590
vt 0.157437 0.540553
vt 0.153298 0.541421
vt 0.157095 0.545333
vt 0.149212 0.531534
vt 0.156779 0.535061
vt 0.154890 0.527484
vt 0.147414 0.539916
vt 0.156779 0.535061
vt 0.149212 0.531534
vt 0.144545 0.535767
vt 0.147414 0.539916
vt 0.149212 0.531534
vt 0.157437 0.540553
vt 0.156779 0.535061
vt 0.153298 0.541421
vt 0.156779 0.535061
vt 0.147414 0.539916
vt 0.153298 0.541421
vt 0.153298 0.541421
vt 0.147414 0.539916
vt 0.149772 0.548749
vt 0.165184 0.534134
vt 0.160461 0.529632
vt 0.156779 0.535061
vt 0.154890 0.527484
vt 0.156779 0.535061
vt 0.160461 0.529632
vt 0.114738 0.537098
vt 0.117289 0.533836
vt 0.113681 0.531896
vt 0.111775 0.538520
vt 0.114738 0.537098
vt 0.113681 0.531896
vt 0.149306 0.526406
vt 0.152421 0.522513
vt 0.145536 0.523511
vt 0.169669 0.526208
vt 0.165278 0.524386
vt 0.169961 0.528942
vt 0.169961 0.528942
vt 0.165278 0.524386
vt 0.165128 0.528920
vt 0.160379 0.520058
vt 0.155479 0.518850
vt 0.159438 0.524183
vt 0.163794 0.519530
vt 0.160379 0.520058
vt 0.165278 0.524386
vt 0.165278 0.524386
vt 0.160379 0.520058
vt 0.159438 0.524183
vt 0.156925 0.508876
vt 0.162108 0.510494
vt 0.158917 0.504386
vt 0.165278 0.524386
vt 0.159438 0.524183
vt 0.165128 0.528920
vt 0.165128 0.528920
vt 0.159438 0.524183
vt 0.160461 0.529632
vt 0.152421 0.522513
vt 0.149306 0.526406
vt 0.154890 0.527484
vt 0.154890 0.527484
vt 0.159438 0.524183
vt 0.152421 0.522513
vt 0.149171 0.499012
vt 0.153451 0.501742
vt 0.153748 0.497243
vt 0.177153 0.533628
vt 0.174821 0.528033
vt 0.169961 0.528942
vt 0.144031 0.519069
vt 0.146538 0.516042
vt 0.140249 0.515684
vt 0.140136 0.522617
vt 0.140249 0.515684
vt 0.134035 0.522632
vt 0.149342 0.518817
vt 0.146538 0.516042
vt 0.144031 0.519069
vt 0.211883 0.558915
vt 0.220226 0.558485
vt 0.216072 0.553120
vt 0.221714 0.553691
vt 0.218237 0.549335
vt 0.216072 0.553120
vt 0.134035 0.522632
vt 0.137222 0.526787
vt 0.140136 0.522617
vt 0.207536 0.509700
vt 0.209964 0.507490
vt 0.203008 0.506348
vt 0.133765 0.530443
vt 0.134035 0.522632
vt 0.130750 0.528788
vt 0.143019 0.503801
vt 0.144074 0.500226
vt 0.138215 0.501412
vt 0.146538 0.516042
vt 0.147814 0.512550
vt 0.140249 0.515684
vt 0.119968 0.530056
vt 0.117708 0.526416
vt 0.117289 0.533836
vt 0.163794 0.519530
vt 0.165669 0.516253
vt 0.157522 0.514472
vt 0.170198 0.522540
vt 0.165669 0.516253
vt 0.163794 0.519530
vt 0.168109 0.512196
vt 0.165669 0.516253
vt 0.173403 0.517726
vt 0.173403 0.517726
vt 0.165669 0.516253
vt 0.170198 0.522540
vt 0.170198 0.522540
vt 0.182432 0.524684
vt 0.173403 0.517726
vt 0.155479 0.518850
vt 0.149342 0.518817
vt 0.152421 0.522513
vt 0.149342 0.518817
vt 0.151430 0.515698
vt 0.146538 0.516042
vt 0.151430 0.515698
vt 0.149342 0.518817
vt 0.155479 0.518850
vt 0.157522 0.514472
vt 0.147814 0.512550
vt 0.151430 0.515698
vt 0.151430 0.515698
vt 0.155479 0.518850
vt 0.157522 0.514472
vt 0.157522 0.514472
vt 0.155479 0.518850
vt 0.160379 0.520058
vt 0.138215 0.501412
vt 0.144074 0.500226
vt 0.140290 0.496734
vt 0.140290 0.496734
vt 0.133939 0.496730
vt 0.138215 0.501412
vt 0.145298 0.507496
vt 0.141683 0.510323
vt 0.147814 0.512550
vt 0.157522 0.514472
vt 0.151828 0.508838
vt 0.147814 0.512550
vt 0.151828 0.508838
vt 0.157522 0.514472
vt 0.156925 0.508876
vt 0.139520 0.506303
vt 0.145298 0.507496
vt 0.143019 0.503801
vt 0.168109 0.512196
vt 0.162108 0.510494
vt 0.165669 0.516253
vt 0.147814 0.512550
vt 0.151828 0.508838
vt 0.145298 0.507496
vt 0.148531 0.503866
vt 0.145298 0.507496
vt 0.151828 0.508838
vt 0.143019 0.503801
vt 0.145298 0.507496
vt 0.148531 0.503866
vt 0.148531 0.503866
vt 0.144074 0.500226
vt 0.143019 0.503801
vt 0.165669 0.516253
vt 0.162108 0.510494
vt 0.157522 0.514472
vt 0.157522 0.514472
vt 0.162108 0.510494
vt 0.156925 0.508876
vt 0.149778 0.494753
vt 0.149171 0.499012
vt 0.153748 0.497243
vt 0.158866 0.495911
vt 0.153748 0.497243
vt 0.157076 0.499708
vt 0.156925 0.508876
vt 0.158917 0.504386
vt 0.153973 0.505620
vt 0.156925 0.508876
vt 0.153973 0.505620
vt 0.151828 0.508838
vt 0.229017 0.575040
vt 0.231296 0.570526
vt 0.218903 0.573904
vt 0.334554 0.574469
vt 0.332422 0.569558
vt 0.329980 0.573605
vt 0.194979 0.537644
vt 0.194173 0.545512
vt 0.205420 0.543056
vt 0.215587 0.544618
vt 0.223814 0.549387
vt 0.220809 0.542381
vt 0.220809 0.542381
vt 0.223814 0.549387
vt 0.231472 0.548667
vt 0.236647 0.557448
vt 0.241380 0.556716
vt 0.237513 0.553103
vt 0.236647 0.557448
vt 0.237513 0.553103
vt 0.233608 0.554012
vt 0.164049 0.541972
vt 0.175081 0.545729
vt 0.172649 0.537669
vt 0.194979 0.537644
vt 0.184735 0.532243
vt 0.186696 0.538125
vt 0.241521 0.489054
vt 0.147953 0.468486
vt 0.136953 0.475440
vt 0.224870 0.560255
vt 0.226794 0.556091
vt 0.223623 0.557184
vt 0.243875 0.559798
vt 0.241380 0.556716
vt 0.239698 0.561180
vt 0.245566 0.550734
vt 0.242389 0.552955
vt 0.246364 0.555975
vt 0.245566 0.550734
vt 0.239009 0.548696
vt 0.242389 0.552955
vt 0.224870 0.560255
vt 0.223623 0.557184
vt 0.220226 0.558485
vt 0.164049 0.541972
vt 0.159402 0.554387
vt 0.175081 0.545729
vt 0.239009 0.548696
vt 0.245566 0.550734
vt 0.243600 0.546219
vt 0.203225 0.536971
vt 0.211154 0.539723
vt 0.212074 0.534449
vt 0.203225 0.536971
vt 0.212074 0.534449
vt 0.195067 0.531219
vt 0.307486 0.571482
vt 0.303130 0.571431
vt 0.306991 0.576478
vt 0.306991 0.576478
vt 0.303130 0.571431
vt 0.302129 0.577109
vt 0.323279 0.584181
vt 0.318467 0.582480
vt 0.319935 0.587816
vt 0.226794 0.556091
vt 0.223814 0.549387
vt 0.221714 0.553691
vt 0.175081 0.545729
vt 0.159402 0.554387
vt 0.178813 0.555091
vt 0.172649 0.537669
vt 0.175081 0.545729
vt 0.180720 0.539516
vt 0.242389 0.552955
vt 0.241380 0.556716
vt 0.246364 0.555975
vt 0.204758 0.557985
vt 0.211112 0.551844
vt 0.203903 0.552910
vt 0.187324 0.561991
vt 0.204758 0.557985
vt 0.203903 0.552910
vt 0.204758 0.557985
vt 0.213239 0.554435
vt 0.211112 0.551844
vt 0.231472 0.548667
vt 0.223814 0.549387
vt 0.229548 0.553032
vt 0.211883 0.558915
vt 0.216072 0.553120
vt 0.213239 0.554435
vt 0.211883 0.558915
vt 0.213239 0.554435
vt 0.204758 0.557985
vt 0.242389 0.552955
vt 0.237513 0.553103
vt 0.241380 0.556716
vt 0.239009 0.548696
vt 0.237513 0.553103
vt 0.242389 0.552955
vt 0.167303 0.491946
vt 0.159914 0.491798
vt 0.163534 0.494115
vt 0.233608 0.554012
vt 0.232102 0.557510
vt 0.236647 0.557448
vt 0.232102 0.557510
vt 0.234670 0.561803
vt 0.236647 0.557448
vt 0.243548 0.564908
vt 0.247498 0.560900
vt 0.243875 0.559798
vt 0.246364 0.555975
vt 0.241380 0.556716
vt 0.243875 0.559798
vt 0.246364 0.555975
vt 0.243875 0.559798
vt 0.247498 0.560900
vt 0.221714 0.553691
vt 0.223623 0.557184
vt 0.226794 0.556091
vt 0.220226 0.558485
vt 0.223623 0.557184
vt 0.221714 0.553691
vt 0.229597 0.561962
vt 0.232102 0.557510
vt 0.226794 0.556091
vt 0.229548 0.553032
vt 0.226794 0.556091
vt 0.232102 0.557510
vt 0.229597 0.561962
vt 0.226794 0.556091
vt 0.224870 0.560255
vt 0.224870 0.560255
vt 0.226594 0.564270
vt 0.229597 0.561962
vt 0.195148 0.552676
vt 0.178813 0.555091
vt 0.187324 0.561991
vt 0.239009 0.548696
vt 0.243600 0.546219
vt 0.231622 0.540900
vt 0.259766 0.998047
vt 0.259766 0.998047
vt 0.259766 0.998047
vt 0.180720 0.539516
vt 0.186696 0.538125
vt 0.177153 0.533628
vt 0.250623 0.552895
vt 0.251035 0.558003
vt 0.255251 0.554998
vt 0.207513 0.548617
vt 0.203224 0.548049
vt 0.203903 0.552910
vt 0.203224 0.548049
vt 0.195148 0.552676
vt 0.203903 0.552910
vt 0.203903 0.552910
vt 0.195148 0.552676
vt 0.187324 0.561991
vt 0.194173 0.545512
vt 0.195148 0.552676
vt 0.203224 0.548049
vt 0.211154 0.539723
vt 0.203225 0.536971
vt 0.205420 0.543056
vt 0.218237 0.549335
vt 0.212507 0.548235
vt 0.216072 0.553120
vt 0.215587 0.544618
vt 0.212507 0.548235
vt 0.218237 0.549335
vt 0.231622 0.540900
vt 0.231472 0.548667
vt 0.239009 0.548696
vt 0.237513 0.553103
vt 0.239009 0.548696
vt 0.231472 0.548667
vt 0.233608 0.554012
vt 0.237513 0.553103
vt 0.231472 0.548667
vt 0.231472 0.548667
vt 0.231622 0.540900
vt 0.220809 0.542381
vt 0.233608 0.554012
vt 0.231472 0.548667
vt 0.229548 0.553032
vt 0.229548 0.553032
vt 0.223814 0.549387
vt 0.226794 0.556091
vt 0.216072 0.553120
vt 0.212507 0.548235
vt 0.211112 0.551844
vt 0.213239 0.554435
vt 0.216072 0.553120
vt 0.211112 0.551844
vt 0.207513 0.548617
vt 0.205420 0.543056
vt 0.203224 0.548049
vt 0.203224 0.548049
vt 0.205420 0.543056
vt 0.194173 0.545512
vt 0.223814 0.549387
vt 0.218237 0.549335
vt 0.221714 0.553691
vt 0.215587 0.544618
vt 0.218237 0.549335
vt 0.223814 0.549387
vt 0.207513 0.548617
vt 0.212507 0.548235
vt 0.205420 0.543056
vt 0.211112 0.551844
vt 0.212507 0.548235
vt 0.207513 0.548617
vt 0.215587 0.544618
vt 0.220809 0.542381
vt 0.211154 0.539723
vt 0.205420 0.543056
vt 0.215587 0.544618
vt 0.211154 0.539723
vt 0.314134 0.570412
vt 0.312456 0.573548
vt 0.315904 0.576720
vt 0.266402 0.565063
vt 0.262872 0.571503
vt 0.269389 0.570410
vt 0.245566 0.550734
vt 0.250623 0.552895
vt 0.249715 0.548382
vt 0.249715 0.548382
vt 0.250623 0.552895
vt 0.253991 0.550975
vt 0.255179 0.560761
vt 0.253099 0.566465
vt 0.257250 0.565940
vt 0.254307 0.547768
vt 0.248216 0.543001
vt 0.249715 0.548382
vt 0.249715 0.548382
vt 0.253991 0.550975
vt 0.254307 0.547768
vt 0.248216 0.543001
vt 0.243600 0.546219
vt 0.249715 0.548382
vt 0.237854 0.575404
vt 0.229335 0.579619
vt 0.243094 0.575364
vt 0.198877 0.522164
vt 0.199582 0.514771
vt 0.195211 0.515592
vt 0.231622 0.540900
vt 0.248216 0.543001
vt 0.238456 0.536324
vt 0.231622 0.540900
vt 0.238456 0.536324
vt 0.221952 0.528921
vt 0.203771 0.517595
vt 0.198877 0.522164
vt 0.211057 0.519001
vt 0.246364 0.555975
vt 0.250623 0.552895
vt 0.245566 0.550734
vt 0.251035 0.558003
vt 0.250623 0.552895
vt 0.246364 0.555975
vt 0.273994 0.555847
vt 0.269117 0.553744
vt 0.272883 0.558765
vt 0.267159 0.556595
vt 0.272883 0.558765
vt 0.269117 0.553744
vt 0.290959 0.568401
vt 0.287207 0.569495
vt 0.289546 0.572523
vt 0.265870 0.560083
vt 0.260821 0.560816
vt 0.266402 0.565063
vt 0.266402 0.565063
vt 0.270636 0.561582
vt 0.265870 0.560083
vt 0.260821 0.560816
vt 0.259699 0.555769
vt 0.257610 0.557775
vt 0.257610 0.557775
vt 0.255179 0.560761
vt 0.260821 0.560816
vt 0.255251 0.554998
vt 0.255179 0.560761
vt 0.257610 0.557775
vt 0.267159 0.556595
vt 0.270636 0.561582
vt 0.272883 0.558765
vt 0.270636 0.561582
vt 0.276315 0.563999
vt 0.272883 0.558765
vt 0.294866 0.568120
vt 0.298967 0.568509
vt 0.296190 0.563939
vt 0.258417 0.551461
vt 0.254307 0.547768
vt 0.253991 0.550975
vt 0.259032 0.546521
vt 0.254307 0.547768
vt 0.258417 0.551461
vt 0.290630 0.557839
vt 0.291493 0.563644
vt 0.296190 0.563939
vt 0.265241 0.548824
vt 0.259032 0.546521
vt 0.263794 0.551823
vt 0.258417 0.551461
vt 0.262595 0.554321
vt 0.263794 0.551823
vt 0.263794 0.551823
vt 0.259032 0.546521
vt 0.258417 0.551461
vt 0.280163 0.552446
vt 0.279313 0.547919
vt 0.275815 0.550309
vt 0.259699 0.555769
vt 0.255251 0.554998
vt 0.257610 0.557775
vt 0.255251 0.554998
vt 0.259699 0.555769
vt 0.258417 0.551461
vt 0.273994 0.555847
vt 0.271174 0.550336
vt 0.269117 0.553744
vt 0.282733 0.564311
vt 0.277478 0.560045
vt 0.276315 0.563999
vt 0.276315 0.563999
vt 0.279914 0.569444
vt 0.282733 0.564311
vt 0.277279 0.573779
vt 0.278099 0.577207
vt 0.281100 0.575485
vt 0.277279 0.573779
vt 0.275510 0.578378
vt 0.278099 0.577207
vt 0.281100 0.575485
vt 0.279914 0.569444
vt 0.277279 0.573779
vt 0.288010 0.565029
vt 0.287207 0.569495
vt 0.290959 0.568401
vt 0.294866 0.568120
vt 0.296190 0.563939
vt 0.291493 0.563644
vt 0.287207 0.569495
vt 0.288010 0.565029
vt 0.282733 0.564311
vt 0.277478 0.560045
vt 0.272883 0.558765
vt 0.276315 0.563999
vt 0.280163 0.552446
vt 0.284183 0.555823
vt 0.285171 0.552842
vt 0.198877 0.522164
vt 0.195211 0.515592
vt 0.189816 0.513757
vt 0.182378 0.516408
vt 0.198877 0.522164
vt 0.189816 0.513757
vt 0.271174 0.550336
vt 0.279097 0.556253
vt 0.275815 0.550309
vt 0.279097 0.556253
vt 0.271174 0.550336
vt 0.273994 0.555847
vt 0.272883 0.558765
vt 0.277478 0.560045
vt 0.273994 0.555847
vt 0.279097 0.556253
vt 0.284183 0.555823
vt 0.280163 0.552446
vt 0.286266 0.560345
vt 0.284183 0.555823
vt 0.279097 0.556253
vt 0.279097 0.556253
vt 0.273994 0.555847
vt 0.277478 0.560045
vt 0.282733 0.564311
vt 0.286266 0.560345
vt 0.279097 0.556253
vt 0.279097 0.556253
vt 0.277478 0.560045
vt 0.282733 0.564311
vt 0.298319 0.580105
vt 0.301550 0.580894
vt 0.302129 0.577109
vt 0.300991 0.566152
vt 0.299548 0.561230
vt 0.296190 0.563939
vt 0.212074 0.534449
vt 0.221952 0.528921
vt 0.198877 0.522164
vt 0.291493 0.563644
vt 0.290959 0.568401
vt 0.294866 0.568120
vt 0.290959 0.568401
vt 0.291493 0.563644
vt 0.288010 0.565029
vt 0.288010 0.565029
vt 0.291493 0.563644
vt 0.286266 0.560345
vt 0.286266 0.560345
vt 0.282733 0.564311
vt 0.288010 0.565029
vt 0.269117 0.553744
vt 0.271174 0.550336
vt 0.265241 0.548824
vt 0.269117 0.553744
vt 0.265241 0.548824
vt 0.263794 0.551823
vt 0.290630 0.557839
vt 0.299548 0.561230
vt 0.292079 0.550529
vt 0.286718 0.591676
vt 0.289812 0.588242
vt 0.285775 0.585681
vt 0.309770 0.573653
vt 0.312456 0.573548
vt 0.310006 0.569696
vt 0.298967 0.568509
vt 0.300991 0.566152
vt 0.296190 0.563939
vt 0.273381 0.541798
vt 0.279313 0.547919
vt 0.280143 0.543875
vt 0.310006 0.569696
vt 0.308911 0.562954
vt 0.305294 0.567004
vt 0.263430 0.543093
vt 0.265241 0.548824
vt 0.271174 0.550336
vt 0.292079 0.550529
vt 0.279313 0.547919
vt 0.285171 0.552842
vt 0.290630 0.557839
vt 0.292079 0.550529
vt 0.285171 0.552842
vt 0.308911 0.562954
vt 0.310006 0.569696
vt 0.314134 0.570412
vt 0.308911 0.562954
vt 0.314134 0.570412
vt 0.317763 0.567759
vt 0.284183 0.555823
vt 0.290630 0.557839
vt 0.285171 0.552842
vt 0.286266 0.560345
vt 0.290630 0.557839
vt 0.284183 0.555823
vt 0.291493 0.563644
vt 0.290630 0.557839
vt 0.286266 0.560345
vt 0.265241 0.548824
vt 0.263430 0.543093
vt 0.259032 0.546521
vt 0.279313 0.547919
vt 0.273381 0.541798
vt 0.271099 0.545036
vt 0.285171 0.552842
vt 0.279313 0.547919
vt 0.280163 0.552446
vt 0.232670 0.514049
vt 0.229081 0.518796
vt 0.234242 0.517937
vt 0.255329 0.540469
vt 0.259032 0.546521
vt 0.263430 0.543093
vt 0.255329 0.540469
vt 0.248216 0.543001
vt 0.259032 0.546521
vt 0.322280 0.577583
vt 0.315904 0.576720
vt 0.318467 0.582480
vt 0.034307 0.603052
vt 0.032964 0.606623
vt 0.035977 0.606615
vt 0.323598 0.567554
vt 0.317172 0.562691
vt 0.317763 0.567759
vt 0.275815 0.550309
vt 0.279313 0.547919
vt 0.271099 0.545036
vt 0.275815 0.550309
vt 0.271099 0.545036
vt 0.271174 0.550336
vt 0.195067 0.531219
vt 0.212074 0.534449
vt 0.198877 0.522164
vt 0.186223 0.498438
vt 0.178193 0.494516
vt 0.178963 0.501027
vt 0.197422 0.505735
vt 0.196554 0.510274
vt 0.200194 0.509245
vt 0.173403 0.517726
vt 0.174025 0.512559
vt 0.168109 0.512196
vt 0.882694 0.991592
vt 0.884517 0.992247
vt 0.884676 0.994652
vt 0.175808 0.505454
vt 0.180301 0.506463
vt 0.178963 0.501027
vt 0.178200 0.510296
vt 0.180301 0.506463
vt 0.175808 0.505454
vt 0.204416 0.501033
vt 0.197593 0.500017
vt 0.203008 0.506348
vt 0.178963 0.501027
vt 0.178193 0.494516
vt 0.172550 0.496781
vt 0.172469 0.501279
vt 0.178963 0.501027
vt 0.172550 0.496781
vt 0.231622 0.540900
vt 0.243600 0.546219
vt 0.248216 0.543001
vt 0.307486 0.571482
vt 0.305294 0.567004
vt 0.303130 0.571431
vt 0.199582 0.514771
vt 0.198877 0.522164
vt 0.203771 0.517595
vt 0.266276 0.538794
vt 0.271099 0.545036
vt 0.273381 0.541798
vt 0.266276 0.538794
vt 0.273381 0.541798
vt 0.270789 0.537376
vt 0.191758 0.502522
vt 0.193664 0.507185
vt 0.197422 0.505735
vt 0.211057 0.519001
vt 0.205408 0.512992
vt 0.203771 0.517595
vt 0.210921 0.512772
vt 0.205408 0.512992
vt 0.211057 0.519001
vt 0.205408 0.512992
vt 0.210921 0.512772
vt 0.207536 0.509700
vt 0.203008 0.506348
vt 0.200045 0.506632
vt 0.200194 0.509245
vt 0.203008 0.506348
vt 0.200194 0.509245
vt 0.205408 0.512992
vt 0.172550 0.496781
vt 0.178193 0.494516
vt 0.167303 0.491946
vt 0.207536 0.509700
vt 0.203008 0.506348
vt 0.205408 0.512992
vt 0.203771 0.517595
vt 0.205408 0.512992
vt 0.199582 0.514771
vt 0.214977 0.511401
vt 0.209964 0.507490
vt 0.210921 0.512772
vt 0.178963 0.501027
vt 0.180301 0.506463
vt 0.185366 0.505181
vt 0.173718 0.508488
vt 0.174025 0.512559
vt 0.178200 0.510296
vt 0.193664 0.507185
vt 0.189805 0.508305
vt 0.193222 0.511591
vt 0.662659 0.993571
vt 0.630002 0.992832
vt 0.637111 0.993031
vt 0.353339 0.554896
vt 0.341112 0.555653
vt 0.353210 0.557465
vt 0.147953 0.468486
vt 0.140242 0.463388
vt 0.130196 0.462438
vt 0.185366 0.505181
vt 0.183490 0.510731
vt 0.186739 0.509573
vt 0.183490 0.510731
vt 0.185366 0.505181
vt 0.180301 0.506463
vt 0.178200 0.510296
vt 0.183490 0.510731
vt 0.180301 0.506463
vt 0.185121 0.594044
vt 0.229335 0.579619
vt 0.218903 0.573904
vt 0.111698 0.546153
vt 0.116487 0.545129
vt 0.114376 0.541054
vt 0.185366 0.505181
vt 0.186739 0.509573
vt 0.189805 0.508305
vt 0.193664 0.507185
vt 0.193222 0.511591
vt 0.196554 0.510274
vt 0.196554 0.510274
vt 0.197422 0.505735
vt 0.193664 0.507185
vt 0.242348 0.515702
vt 0.234242 0.517937
vt 0.239841 0.519236
vt 0.182378 0.516408
vt 0.189816 0.513757
vt 0.183490 0.510731
vt 0.210921 0.512772
vt 0.215374 0.515986
vt 0.214977 0.511401
vt 0.211057 0.519001
vt 0.215374 0.515986
vt 0.210921 0.512772
vt 0.214791 0.507664
vt 0.216339 0.504564
vt 0.209964 0.507490
vt 0.311371 0.577484
vt 0.309770 0.573653
vt 0.306991 0.576478
vt 0.309770 0.573653
vt 0.310006 0.569696
vt 0.307486 0.571482
vt 0.307486 0.571482
vt 0.306991 0.576478
vt 0.309770 0.573653
vt 0.285775 0.585681
vt 0.281829 0.589393
vt 0.286718 0.591676
vt 0.196035 0.513362
vt 0.195211 0.515592
vt 0.199582 0.514771
vt 0.199582 0.514771
vt 0.196554 0.510274
vt 0.196035 0.513362
vt 0.196035 0.513362
vt 0.196554 0.510274
vt 0.193222 0.511591
vt 0.192407 0.496989
vt 0.191574 0.494416
vt 0.186223 0.498438
vt 0.193222 0.511591
vt 0.189816 0.513757
vt 0.195211 0.515592
vt 0.193222 0.511591
vt 0.195211 0.515592
vt 0.196035 0.513362
vt 0.446059 0.557108
vt 0.441153 0.551815
vt 0.441351 0.557796
vt 0.200194 0.509245
vt 0.196554 0.510274
vt 0.199582 0.514771
vt 0.278232 0.537286
vt 0.272612 0.534258
vt 0.275829 0.539083
vt 0.282673 0.541039
vt 0.278232 0.537286
vt 0.275829 0.539083
vt 0.311288 0.556249
vt 0.306226 0.547484
vt 0.292079 0.550529
vt 0.308911 0.562954
vt 0.311288 0.556249
vt 0.292079 0.550529
vt 0.182432 0.524684
vt 0.182378 0.516408
vt 0.173403 0.517726
vt 0.173403 0.517726
vt 0.182378 0.516408
vt 0.174025 0.512559
vt 0.416009 0.994430
vt 0.413150 0.993702
vt 0.415872 0.992386
vt 0.232474 0.523249
vt 0.234242 0.517937
vt 0.229081 0.518796
vt 0.238596 0.523869
vt 0.234242 0.517937
vt 0.232474 0.523249
vt 0.105463 0.569344
vt 0.102642 0.572852
vt 0.104816 0.576124
vt 0.266276 0.538794
vt 0.270789 0.537376
vt 0.264971 0.533489
vt 0.292079 0.550529
vt 0.280143 0.543875
vt 0.279313 0.547919
vt 0.334554 0.574469
vt 0.331572 0.576811
vt 0.335306 0.578403
vt 0.331572 0.576811
vt 0.334554 0.574469
vt 0.329980 0.573605
vt 0.306226 0.547484
vt 0.323665 0.551387
vt 0.326355 0.546387
vt 0.317172 0.562691
vt 0.323598 0.567554
vt 0.322147 0.561354
vt 0.317172 0.562691
vt 0.322147 0.561354
vt 0.311288 0.556249
vt 0.334554 0.574469
vt 0.340226 0.576762
vt 0.337535 0.571889
vt 0.335306 0.578403
vt 0.340226 0.576762
vt 0.334554 0.574469
vt 0.327042 0.581639
vt 0.327820 0.577221
vt 0.322280 0.577583
vt 0.328101 0.569972
vt 0.325441 0.572854
vt 0.329980 0.573605
vt 0.220134 0.515041
vt 0.225056 0.515490
vt 0.222513 0.511061
vt 0.318509 0.572664
vt 0.321625 0.571505
vt 0.317763 0.567759
vt 0.318509 0.572664
vt 0.314134 0.570412
vt 0.315904 0.576720
vt 0.315904 0.576720
vt 0.322280 0.577583
vt 0.318509 0.572664
vt 0.335306 0.578403
vt 0.331572 0.576811
vt 0.331692 0.580571
vt 0.329980 0.573605
vt 0.327820 0.577221
vt 0.331572 0.576811
vt 0.366703 0.584368
vt 0.370819 0.585519
vt 0.369079 0.581690
vt 0.451447 0.558705
vt 0.454240 0.563598
vt 0.457478 0.560201
vt 0.334554 0.574469
vt 0.337535 0.571889
vt 0.332422 0.569558
vt 0.255329 0.540469
vt 0.255001 0.533576
vt 0.247744 0.536868
vt 0.325441 0.572854
vt 0.321625 0.571505
vt 0.322280 0.577583
vt 0.347913 0.562856
vt 0.354091 0.566720
vt 0.352991 0.561331
vt 0.350698 0.567405
vt 0.354091 0.566720
vt 0.347913 0.562856
vt 0.126115 0.466022
vt 0.121225 0.464623
vt 0.117580 0.469795
vt 0.263430 0.543093
vt 0.255001 0.533576
vt 0.255329 0.540469
vt 0.270789 0.537376
vt 0.273381 0.541798
vt 0.275829 0.539083
vt 0.280143 0.543875
vt 0.275829 0.539083
vt 0.273381 0.541798
vt 0.322280 0.577583
vt 0.318467 0.582480
vt 0.323279 0.584181
vt 0.311288 0.556249
vt 0.319816 0.555238
vt 0.306226 0.547484
vt 0.318509 0.572664
vt 0.317763 0.567759
vt 0.314134 0.570412
vt 0.330765 0.562935
vt 0.322147 0.561354
vt 0.327872 0.566168
vt 0.323598 0.567554
vt 0.327872 0.566168
vt 0.322147 0.561354
vt 0.323598 0.567554
vt 0.328101 0.569972
vt 0.327872 0.566168
vt 0.328101 0.569972
vt 0.332422 0.569558
vt 0.327872 0.566168
vt 0.329980 0.573605
vt 0.332422 0.569558
vt 0.328101 0.569972
vt 0.186223 0.498438
vt 0.191574 0.494416
vt 0.178193 0.494516
vt 0.275829 0.539083
vt 0.280143 0.543875
vt 0.282673 0.541039
vt 0.292079 0.550529
vt 0.282673 0.541039
vt 0.280143 0.543875
vt 0.189816 0.513757
vt 0.186739 0.509573
vt 0.183490 0.510731
vt 0.203008 0.506348
vt 0.209964 0.507490
vt 0.204416 0.501033
vt 0.219763 0.520770
vt 0.224638 0.519873
vt 0.220134 0.515041
vt 0.630002 0.992832
vt 0.631064 0.994839
vt 0.637111 0.993031
vt 0.186223 0.498438
vt 0.191758 0.502522
vt 0.192407 0.496989
vt 0.197593 0.500017
vt 0.192407 0.496989
vt 0.191758 0.502522
vt 0.189816 0.513757
vt 0.193222 0.511591
vt 0.189805 0.508305
vt 0.186739 0.509573
vt 0.189816 0.513757
vt 0.189805 0.508305
vt 0.446059 0.557108
vt 0.446329 0.562544
vt 0.451447 0.558705
vt 0.105336 0.538553
vt 0.104782 0.530347
vt 0.100668 0.541543
vt 0.197593 0.500017
vt 0.202924 0.497236
vt 0.195438 0.496035
vt 0.192407 0.496989
vt 0.197593 0.500017
vt 0.195438 0.496035
vt 0.195438 0.496035
vt 0.202924 0.497236
vt 0.199218 0.495321
vt 0.259766 0.998047
vt 0.259766 0.998047
vt 0.259766 0.998047
vt 0.143391 0.484348
vt 0.160717 0.487505
vt 0.149766 0.482209
vt 0.341651 0.570790
vt 0.345696 0.574603
vt 0.346039 0.567880
vt 0.117580 0.469795
vt 0.122450 0.471119
vt 0.126115 0.466022
vt 0.326355 0.546387
vt 0.320160 0.538951
vt 0.300884 0.538415
vt 0.426051 0.587204
vt 0.422791 0.589367
vt 0.427294 0.589962
vt 0.390667 0.548331
vt 0.411830 0.553340
vt 0.418656 0.554461
vt 0.447703 0.601072
vt 0.449201 0.609083
vt 0.455934 0.592776
vt 0.449976 0.564037
vt 0.446329 0.562544
vt 0.446761 0.568663
vt 0.451447 0.558705
vt 0.446329 0.562544
vt 0.449976 0.564037
vt 0.453915 0.585175
vt 0.454470 0.582490
vt 0.451240 0.584611
vt 0.446761 0.568663
vt 0.451850 0.567622
vt 0.449976 0.564037
vt 0.389247 0.613679
vt 0.386627 0.616288
vt 0.390462 0.619556
vt 0.215374 0.515986
vt 0.219763 0.520770
vt 0.220134 0.515041
vt 0.220134 0.515041
vt 0.214977 0.511401
vt 0.215374 0.515986
vt 0.387475 0.632910
vt 0.384679 0.638232
vt 0.389237 0.637277
vt 0.214977 0.511401
vt 0.218339 0.510182
vt 0.214791 0.507664
vt 0.218339 0.510182
vt 0.214977 0.511401
vt 0.220134 0.515041
vt 0.218339 0.510182
vt 0.220134 0.515041
vt 0.222513 0.511061
vt 0.147953 0.468486
vt 0.241521 0.489054
vt 0.140242 0.463388
vt 0.214977 0.511401
vt 0.214791 0.507664
vt 0.209964 0.507490
vt 0.439638 0.549958
vt 0.446059 0.557108
vt 0.451447 0.558705
vt 0.222281 0.507517
vt 0.216339 0.504564
vt 0.214791 0.507664
vt 0.218339 0.510182
vt 0.222281 0.507517
vt 0.214791 0.507664
vt 0.222513 0.511061
vt 0.222281 0.507517
vt 0.218339 0.510182
vt 0.248216 0.543001
vt 0.255329 0.540469
vt 0.247744 0.536868
vt 0.117211 0.485383
vt 0.115284 0.493812
vt 0.120062 0.487834
vt 0.430156 0.550539
vt 0.437389 0.551775
vt 0.428752 0.548502
vt 0.446761 0.568663
vt 0.446329 0.562544
vt 0.442234 0.566342
vt 0.436035 0.550402
vt 0.428752 0.548502
vt 0.437389 0.551775
vt 0.446329 0.562544
vt 0.442792 0.561423
vt 0.442234 0.566342
vt 0.451850 0.567622
vt 0.446761 0.568663
vt 0.450420 0.571345
vt 0.450420 0.571345
vt 0.454446 0.570560
vt 0.451850 0.567622
vt 0.441930 0.573147
vt 0.447241 0.574433
vt 0.446761 0.568663
vt 0.442234 0.566342
vt 0.441930 0.573147
vt 0.446761 0.568663
vt 0.439502 0.592997
vt 0.437616 0.599722
vt 0.442838 0.598453
vt 0.419279 0.569314
vt 0.423522 0.570975
vt 0.422687 0.567008
vt 0.439286 0.554195
vt 0.434739 0.554073
vt 0.435889 0.558944
vt 0.438540 0.579405
vt 0.441930 0.573147
vt 0.436315 0.574377
vt 0.460716 0.574645
vt 0.460313 0.564599
vt 0.458591 0.568926
vt 0.458591 0.568926
vt 0.460313 0.564599
vt 0.458038 0.564484
vt 0.458038 0.564484
vt 0.454240 0.563598
vt 0.455820 0.566950
vt 0.460313 0.564599
vt 0.457478 0.560201
vt 0.458038 0.564484
vt 0.458038 0.564484
vt 0.457478 0.560201
vt 0.454240 0.563598
vt 0.458591 0.568926
vt 0.458038 0.564484
vt 0.455820 0.566950
vt 0.454446 0.570560
vt 0.458591 0.568926
vt 0.455820 0.566950
vt 0.460716 0.574645
vt 0.458591 0.568926
vt 0.456853 0.574164
vt 0.456853 0.574164
vt 0.458591 0.568926
vt 0.454446 0.570560
vt 0.451924 0.574820
vt 0.456853 0.574164
vt 0.454446 0.570560
vt 0.399101 0.661822
vt 0.396475 0.659566
vt 0.390723 0.660535
vt 0.259766 0.998047
vt 0.259766 0.998047
vt 0.259766 0.998047
vt 0.439023 0.563095
vt 0.442792 0.561423
vt 0.441351 0.557796
vt 0.435889 0.558944
vt 0.434527 0.564997
vt 0.439023 0.563095
vt 0.451447 0.558705
vt 0.442608 0.551623
vt 0.439638 0.549958
vt 0.457478 0.560201
vt 0.442608 0.551623
vt 0.451447 0.558705
vt 0.160717 0.487505
vt 0.159914 0.491798
vt 0.167303 0.491946
vt 0.121225 0.464623
vt 0.126282 0.462235
vt 0.120610 0.462128
vt 0.412408 0.543710
vt 0.310090 0.529624
vt 0.407367 0.546303
vt 0.232670 0.514049
vt 0.222513 0.511061
vt 0.225056 0.515490
vt 0.259766 0.998047
vt 0.259766 0.998047
vt 0.259766 0.998047
vt 0.038085 0.631946
vt 0.034867 0.627516
vt 0.034620 0.633084
vt 0.437389 0.551775
vt 0.434739 0.554073
vt 0.439286 0.554195
vt 0.147953 0.468486
vt 0.126115 0.466022
vt 0.136953 0.475440
vt 0.272928 0.530145
vt 0.259739 0.530152
vt 0.264971 0.533489
vt 0.222513 0.511061
vt 0.232670 0.514049
vt 0.234121 0.509852
vt 0.397909 0.601382
vt 0.398848 0.594249
vt 0.393822 0.593599
vt 0.612284 0.979496
vt 0.610468 0.977939
vt 0.599073 0.976802
vt 0.586562 0.978809
vt 0.612284 0.979496
vt 0.599073 0.976802
vt 0.242348 0.515702
vt 0.240059 0.514582
vt 0.234242 0.517937
vt 0.441930 0.573147
vt 0.437897 0.568904
vt 0.436315 0.574377
vt 0.450420 0.571345
vt 0.446761 0.568663
vt 0.447241 0.574433
vt 0.259766 0.998047
vt 0.259766 0.998047
vt 0.259766 0.998047
vt 0.259766 0.998047
vt 0.259766 0.998047
vt 0.259766 0.998047
vt 0.259766 0.998047
vt 0.259766 0.998047
vt 0.259766 0.998047
vt 0.437389 0.551775
vt 0.430156 0.550539
vt 0.434739 0.554073
vt 0.430156 0.550539
vt 0.427306 0.552241
vt 0.434739 0.554073
vt 0.227757 0.524723
vt 0.221952 0.528921
vt 0.237892 0.529775
vt 0.379526 0.595575
vt 0.375066 0.593758
vt 0.377729 0.598379
vt 0.434527 0.564997
vt 0.435889 0.558944
vt 0.429469 0.561527
vt 0.431693 0.556518
vt 0.429469 0.561527
vt 0.435889 0.558944
vt 0.439023 0.563095
vt 0.437897 0.568904
vt 0.442234 0.566342
vt 0.434527 0.564997
vt 0.437897 0.568904
vt 0.439023 0.563095
vt 0.433467 0.570491
vt 0.437897 0.568904
vt 0.434527 0.564997
vt 0.422687 0.567008
vt 0.423522 0.570975
vt 0.426589 0.567094
vt 0.396323 0.568142
vt 0.395195 0.563990
vt 0.392174 0.565424
vt 0.441153 0.551815
vt 0.436035 0.550402
vt 0.439286 0.554195
vt 0.439286 0.554195
vt 0.441351 0.557796
vt 0.441153 0.551815
vt 0.259766 0.998047
vt 0.259766 0.998047
vt 0.259766 0.998047
vt 0.586562 0.978809
vt 0.607763 0.979708
vt 0.612284 0.979496
vt 0.456853 0.574164
vt 0.451924 0.574820
vt 0.453015 0.579693
vt 0.453015 0.579693
vt 0.456727 0.579167
vt 0.456853 0.574164
vt 0.442234 0.566342
vt 0.437897 0.568904
vt 0.441930 0.573147
vt 0.441930 0.573147
vt 0.444165 0.579679
vt 0.447241 0.574433
vt 0.432059 0.575150
vt 0.433459 0.579295
vt 0.436315 0.574377
vt 0.439023 0.563095
vt 0.442234 0.566342
vt 0.442792 0.561423
vt 0.420005 0.581882
vt 0.417153 0.579751
vt 0.416642 0.583397
vt 0.439700 0.585502
vt 0.444607 0.588755
vt 0.444809 0.584608
vt 0.439502 0.592997
vt 0.444607 0.588755
vt 0.439700 0.585502
vt 0.433467 0.570491
vt 0.436315 0.574377
vt 0.437897 0.568904
vt 0.432059 0.575150
vt 0.436315 0.574377
vt 0.433467 0.570491
vt 0.430631 0.567291
vt 0.426589 0.567094
vt 0.428434 0.572069
vt 0.451240 0.584611
vt 0.454470 0.582490
vt 0.453015 0.579693
vt 0.453015 0.579693
vt 0.451924 0.574820
vt 0.449086 0.578342
vt 0.434413 0.586456
vt 0.429982 0.584933
vt 0.431687 0.589523
vt 0.442838 0.598453
vt 0.447513 0.592646
vt 0.439502 0.592997
vt 0.398848 0.594249
vt 0.397909 0.601382
vt 0.400891 0.601422
vt 0.393381 0.599153
vt 0.397909 0.601382
vt 0.393822 0.593599
vt 0.393822 0.593599
vt 0.390474 0.592881
vt 0.393381 0.599153
vt 0.453915 0.585175
vt 0.453701 0.589865
vt 0.460716 0.574645
vt 0.416287 0.620530
vt 0.420601 0.621859
vt 0.416824 0.616451
vt 0.414348 0.653113
vt 0.402215 0.657992
vt 0.399101 0.661822
vt 0.403969 0.601676
vt 0.398848 0.594249
vt 0.400891 0.601422
vt 0.377280 0.574460
vt 0.382946 0.581136
vt 0.381992 0.574939
vt 0.405398 0.611819
vt 0.411473 0.613314
vt 0.407704 0.607403
vt 0.392322 0.585732
vt 0.393822 0.593599
vt 0.398848 0.594249
vt 0.456853 0.574164
vt 0.456727 0.579167
vt 0.460716 0.574645
vt 0.460716 0.574645
vt 0.456727 0.579167
vt 0.453915 0.585175
vt 0.439700 0.585502
vt 0.438540 0.579405
vt 0.435251 0.583166
vt 0.439700 0.585502
vt 0.435251 0.583166
vt 0.434413 0.586456
vt 0.427294 0.589962
vt 0.422791 0.589367
vt 0.424264 0.594196
vt 0.435251 0.583166
vt 0.438540 0.579405
vt 0.433459 0.579295
vt 0.433459 0.579295
vt 0.438540 0.579405
vt 0.436315 0.574377
vt 0.425531 0.616052
vt 0.420219 0.612040
vt 0.422074 0.617826
vt 0.444607 0.588755
vt 0.439502 0.592997
vt 0.447513 0.592646
vt 0.439700 0.585502
vt 0.444165 0.579679
vt 0.438540 0.579405
vt 0.444809 0.584608
vt 0.444165 0.579679
vt 0.439700 0.585502
vt 0.444165 0.579679
vt 0.448305 0.582449
vt 0.449086 0.578342
vt 0.438540 0.579405
vt 0.444165 0.579679
vt 0.441930 0.573147
vt 0.444809 0.584608
vt 0.448305 0.582449
vt 0.444165 0.579679
vt 0.447703 0.601072
vt 0.442838 0.598453
vt 0.441141 0.603683
vt 0.212194 0.993551
vt 0.210001 0.993248
vt 0.215191 0.992635
vt 0.453015 0.579693
vt 0.454470 0.582490
vt 0.456727 0.579167
vt 0.455934 0.592776
vt 0.460716 0.574645
vt 0.453701 0.589865
vt 0.392809 0.652699
vt 0.389222 0.654856
vt 0.393679 0.656644
vt 0.428340 0.634147
vt 0.431524 0.633913
vt 0.430652 0.629332
vt 0.390723 0.660535
vt 0.396475 0.659566
vt 0.393679 0.656644
vt 0.389222 0.654856
vt 0.390723 0.660535
vt 0.393679 0.656644
vt 0.413850 0.607181
vt 0.420219 0.612040
vt 0.419168 0.606388
vt 0.481527 0.772534
vt 0.465908 0.777612
vt 0.492790 0.767834
vt 0.447703 0.601072
vt 0.447513 0.592646
vt 0.442838 0.598453
vt 0.447513 0.592646
vt 0.449022 0.588127
vt 0.444607 0.588755
vt 0.441141 0.603683
vt 0.442838 0.598453
vt 0.437616 0.599722
vt 0.444165 0.579679
vt 0.449086 0.578342
vt 0.447241 0.574433
vt 0.455934 0.592776
vt 0.453701 0.589865
vt 0.447703 0.601072
vt 0.453701 0.589865
vt 0.447513 0.592646
vt 0.447703 0.601072
vt 0.748755 0.991692
vt 0.749592 0.993518
vt 0.746904 0.994663
vt 0.450420 0.571345
vt 0.451924 0.574820
vt 0.454446 0.570560
vt 0.447241 0.574433
vt 0.451924 0.574820
vt 0.450420 0.571345
vt 0.259766 0.998047
vt 0.259766 0.998047
vt 0.259766 0.998047
vt 0.447703 0.601072
vt 0.445705 0.610742
vt 0.449201 0.609083
vt 0.443510 0.608144
vt 0.445705 0.610742
vt 0.447703 0.601072
vt 0.418656 0.554461
vt 0.416320 0.557664
vt 0.420907 0.559972
vt 0.453915 0.585175
vt 0.451240 0.584611
vt 0.449022 0.588127
vt 0.451240 0.584611
vt 0.448305 0.582449
vt 0.447539 0.586167
vt 0.447539 0.586167
vt 0.448305 0.582449
vt 0.444809 0.584608
vt 0.451240 0.584611
vt 0.453015 0.579693
vt 0.448305 0.582449
vt 0.448305 0.582449
vt 0.453015 0.579693
vt 0.449086 0.578342
vt 0.449022 0.588127
vt 0.451240 0.584611
vt 0.447539 0.586167
vt 0.392045 0.630083
vt 0.397159 0.628747
vt 0.392779 0.624935
vt 0.404618 0.596194
vt 0.408536 0.597074
vt 0.406267 0.592086
vt 0.397909 0.601382
vt 0.393381 0.599153
vt 0.395818 0.604711
vt 0.383397 0.603542
vt 0.380742 0.599444
vt 0.378739 0.603834
vt 0.417242 0.624598
vt 0.420601 0.621859
vt 0.416287 0.620530
vt 0.393887 0.621836
vt 0.395971 0.619046
vt 0.390462 0.619556
vt 0.400035 0.618116
vt 0.395971 0.619046
vt 0.399540 0.621488
vt 0.395971 0.619046
vt 0.400035 0.618116
vt 0.397288 0.613552
vt 0.392809 0.652699
vt 0.393679 0.656644
vt 0.395809 0.653651
vt 0.361375 0.573652
vt 0.365343 0.572444
vt 0.359704 0.567605
vt 0.416287 0.620530
vt 0.416824 0.616451
vt 0.413296 0.618172
vt 0.419179 0.586057
vt 0.422791 0.589367
vt 0.424187 0.583959
vt 0.417053 0.602239
vt 0.413850 0.607181
vt 0.419168 0.606388
vt 0.367733 0.603172
vt 0.367617 0.608553
vt 0.371041 0.607781
vt 0.400782 0.574828
vt 0.399860 0.570830
vt 0.397421 0.572092
vt 0.397909 0.601382
vt 0.402608 0.605951
vt 0.400891 0.601422
vt 0.390462 0.619556
vt 0.393255 0.615160
vt 0.389247 0.613679
vt 0.391982 0.609581
vt 0.393255 0.615160
vt 0.397288 0.613552
vt 0.392779 0.624935
vt 0.396620 0.623477
vt 0.393887 0.621836
vt 0.412601 0.642908
vt 0.414918 0.647251
vt 0.416942 0.641658
vt 0.412484 0.631019
vt 0.416140 0.629237
vt 0.411106 0.627679
vt 0.393255 0.615160
vt 0.395971 0.619046
vt 0.397288 0.613552
vt 0.390462 0.619556
vt 0.395971 0.619046
vt 0.393255 0.615160
vt 0.403101 0.620970
vt 0.402606 0.615564
vt 0.400035 0.618116
vt 0.396620 0.623477
vt 0.400880 0.625270
vt 0.399540 0.621488
vt 0.395971 0.619046
vt 0.396620 0.623477
vt 0.399540 0.621488
vt 0.382565 0.633672
vt 0.384098 0.629366
vt 0.380193 0.629432
vt 0.419863 0.578915
vt 0.419408 0.575226
vt 0.417153 0.579751
vt 0.398848 0.594249
vt 0.401221 0.587605
vt 0.395762 0.584834
vt 0.379816 0.590825
vt 0.375052 0.587490
vt 0.375066 0.593758
vt 0.324941 0.657579
vt 0.354518 0.645803
vt 0.340561 0.642686
vt 0.392779 0.624935
vt 0.397159 0.628747
vt 0.396620 0.623477
vt 0.397159 0.628747
vt 0.392045 0.630083
vt 0.395606 0.633738
vt 0.259766 0.998047
vt 0.259766 0.998047
vt 0.259766 0.998047
vt 0.395971 0.619046
vt 0.393887 0.621836
vt 0.396620 0.623477
vt 0.389237 0.637277
vt 0.391708 0.634572
vt 0.387475 0.632910
vt 0.432969 0.610326
vt 0.429272 0.605966
vt 0.426959 0.611346
vt 0.363392 0.641084
vt 0.367833 0.643726
vt 0.366138 0.638991
vt 0.390653 0.649490
vt 0.392093 0.644502
vt 0.388334 0.646242
vt 0.387475 0.632910
vt 0.391708 0.634572
vt 0.392045 0.630083
vt 0.389222 0.654856
vt 0.384041 0.654608
vt 0.386891 0.658640
vt 0.385840 0.661721
vt 0.390723 0.660535
vt 0.386891 0.658640
vt 0.386891 0.658640
vt 0.390723 0.660535
vt 0.389222 0.654856
vt 0.395818 0.604711
vt 0.399598 0.608970
vt 0.397909 0.601382
vt 0.380248 0.637705
vt 0.377309 0.634075
vt 0.376134 0.640607
vt 0.354557 0.616515
vt 0.360403 0.618534
vt 0.357744 0.612760
vt 0.391708 0.634572
vt 0.395606 0.633738
vt 0.392045 0.630083
vt 0.527829 0.978914
vt 0.519227 0.982162
vt 0.534062 0.973722
vt 0.434846 0.624533
vt 0.434116 0.630475
vt 0.440831 0.624073
vt 0.410113 0.580628
vt 0.405092 0.577996
vt 0.406547 0.585458
vt 0.412601 0.642908
vt 0.411252 0.647880
vt 0.414918 0.647251
vt 0.420601 0.621859
vt 0.423278 0.629017
vt 0.427680 0.621933
vt 0.418360 0.589910
vt 0.419179 0.586057
vt 0.413742 0.586726
vt 0.411106 0.627679
vt 0.416140 0.629237
vt 0.413902 0.625528
vt 0.411106 0.627679
vt 0.409255 0.624364
vt 0.406295 0.625987
vt 0.400035 0.618116
vt 0.399540 0.621488
vt 0.403101 0.620970
vt 0.403101 0.620970
vt 0.399540 0.621488
vt 0.400880 0.625270
vt 0.363063 0.653433
vt 0.354518 0.645803
vt 0.324941 0.657579
vt 0.363063 0.653433
vt 0.324941 0.657579
vt 0.348043 0.664398
vt 0.411252 0.647880
vt 0.412601 0.642908
vt 0.408309 0.644442
vt 0.414918 0.647251
vt 0.418641 0.645472
vt 0.416942 0.641658
vt 0.414759 0.633530
vt 0.418525 0.637031
vt 0.419297 0.633158
vt 0.412562 0.651221
vt 0.414918 0.647251
vt 0.411252 0.647880
vt 0.414348 0.653113
vt 0.418641 0.645472
vt 0.414918 0.647251
vt 0.411132 0.593274
vt 0.408536 0.597074
vt 0.412459 0.600174
vt 0.420674 0.640945
vt 0.418641 0.645472
vt 0.422091 0.643604
vt 0.399668 0.633291
vt 0.403689 0.636710
vt 0.402703 0.630444
vt 0.403689 0.636710
vt 0.399668 0.633291
vt 0.398621 0.637540
vt 0.412601 0.642908
vt 0.408696 0.639346
vt 0.408309 0.644442
vt 0.416942 0.641658
vt 0.418641 0.645472
vt 0.420674 0.640945
vt 0.414759 0.633530
vt 0.416140 0.629237
vt 0.412484 0.631019
vt 0.402606 0.615564
vt 0.408540 0.619529
vt 0.405398 0.611819
vt 0.417242 0.624598
vt 0.423278 0.629017
vt 0.420601 0.621859
vt 0.414348 0.653113
vt 0.422091 0.643604
vt 0.418641 0.645472
vt 0.409799 0.651664
vt 0.407132 0.649050
vt 0.405894 0.653789
vt 0.408309 0.644442
vt 0.407132 0.649050
vt 0.411252 0.647880
vt 0.411252 0.647880
vt 0.407132 0.649050
vt 0.409799 0.651664
vt 0.409799 0.651664
vt 0.412562 0.651221
vt 0.411252 0.647880
vt 0.408309 0.644442
vt 0.404176 0.645415
vt 0.407132 0.649050
vt 0.403231 0.649655
vt 0.399740 0.652532
vt 0.405894 0.653789
vt 0.422074 0.617826
vt 0.416824 0.616451
vt 0.420601 0.621859
vt 0.391708 0.634572
vt 0.389237 0.637277
vt 0.393311 0.638826
vt 0.411251 0.623744
vt 0.413902 0.625528
vt 0.413460 0.621861
vt 0.396941 0.642700
vt 0.395305 0.648710
vt 0.399983 0.646651
vt 0.408309 0.644442
vt 0.405273 0.641432
vt 0.404176 0.645415
vt 0.393679 0.656644
vt 0.397904 0.656729
vt 0.395809 0.653651
vt 0.409080 0.632954
vt 0.413359 0.637896
vt 0.414759 0.633530
vt 0.399983 0.646651
vt 0.401437 0.641508
vt 0.396941 0.642700
vt 0.426959 0.611346
vt 0.423638 0.607078
vt 0.420219 0.612040
vt 0.425531 0.616052
vt 0.426959 0.611346
vt 0.420219 0.612040
vt 0.524576 0.980773
vt 0.519227 0.982162
vt 0.527829 0.978914
vt 0.416140 0.629237
vt 0.414759 0.633530
vt 0.419297 0.633158
vt 0.432969 0.610326
vt 0.435385 0.605090
vt 0.429272 0.605966
vt 0.404176 0.645415
vt 0.405273 0.641432
vt 0.401437 0.641508
vt 0.401437 0.641508
vt 0.399983 0.646651
vt 0.404176 0.645415
vt 0.430652 0.629332
vt 0.431524 0.633913
vt 0.434116 0.630475
vt 0.402608 0.605951
vt 0.397909 0.601382
vt 0.399598 0.608970
vt 0.400880 0.625270
vt 0.406295 0.625987
vt 0.403101 0.620970
vt 0.402606 0.615564
vt 0.403101 0.620970
vt 0.408540 0.619529
vt 0.411251 0.623744
vt 0.408540 0.619529
vt 0.409255 0.624364
vt 0.402703 0.630444
vt 0.409080 0.632954
vt 0.406295 0.625987
vt 0.409080 0.632954
vt 0.411106 0.627679
vt 0.406295 0.625987
vt 0.397159 0.628747
vt 0.402703 0.630444
vt 0.400880 0.625270
vt 0.402703 0.630444
vt 0.397159 0.628747
vt 0.399668 0.633291
vt 0.395606 0.633738
vt 0.399668 0.633291
vt 0.397159 0.628747
vt 0.400880 0.625270
vt 0.402703 0.630444
vt 0.406295 0.625987
vt 0.405894 0.653789
vt 0.407132 0.649050
vt 0.403231 0.649655
vt 0.395606 0.633738
vt 0.391708 0.634572
vt 0.393311 0.638826
vt 0.398621 0.637540
vt 0.399668 0.633291
vt 0.395606 0.633738
vt 0.393311 0.638826
vt 0.398621 0.637540
vt 0.395606 0.633738
vt 0.396620 0.623477
vt 0.397159 0.628747
vt 0.400880 0.625270
vt 0.408696 0.639346
vt 0.405273 0.641432
vt 0.408309 0.644442
vt 0.361770 0.994071
vt 0.359833 0.992342
vt 0.358547 0.994523
vt 0.402608 0.605951
vt 0.399598 0.608970
vt 0.405398 0.611819
vt 0.404176 0.645415
vt 0.399983 0.646651
vt 0.403231 0.649655
vt 0.404176 0.645415
vt 0.403231 0.649655
vt 0.407132 0.649050
vt 0.408540 0.619529
vt 0.413296 0.618172
vt 0.411473 0.613314
vt 0.405398 0.611819
vt 0.408540 0.619529
vt 0.411473 0.613314
vt 0.403101 0.620970
vt 0.406295 0.625987
vt 0.408540 0.619529
vt 0.409255 0.624364
vt 0.408540 0.619529
vt 0.406295 0.625987
vt 0.405398 0.611819
vt 0.399598 0.608970
vt 0.402606 0.615564
vt 0.399598 0.608970
vt 0.397288 0.613552
vt 0.402606 0.615564
vt 0.402606 0.615564
vt 0.397288 0.613552
vt 0.400035 0.618116
vt 0.395546 0.608277
vt 0.397288 0.613552
vt 0.399598 0.608970
vt 0.399598 0.608970
vt 0.395818 0.604711
vt 0.395546 0.608277
vt 0.414759 0.633530
vt 0.412484 0.631019
vt 0.409080 0.632954
vt 0.409080 0.632954
vt 0.412484 0.631019
vt 0.411106 0.627679
vt 0.413359 0.637896
vt 0.408696 0.639346
vt 0.412601 0.642908
vt 0.412601 0.642908
vt 0.416942 0.641658
vt 0.413359 0.637896
vt 0.420674 0.640945
vt 0.423864 0.636929
vt 0.418525 0.637031
vt 0.424978 0.558889
vt 0.418656 0.554461
vt 0.420907 0.559972
vt 0.425531 0.616052
vt 0.422074 0.617826
vt 0.427680 0.621933
vt 0.399740 0.652532
vt 0.397904 0.656729
vt 0.401233 0.656147
vt 0.401233 0.656147
vt 0.405894 0.653789
vt 0.399740 0.652532
vt 0.403969 0.601676
vt 0.404618 0.596194
vt 0.398848 0.594249
vt 0.402703 0.630444
vt 0.403689 0.636710
vt 0.409080 0.632954
vt 0.414759 0.633530
vt 0.413359 0.637896
vt 0.418525 0.637031
vt 0.418525 0.637031
vt 0.413359 0.637896
vt 0.416942 0.641658
vt 0.395305 0.648710
vt 0.392809 0.652699
vt 0.395809 0.653651
vt 0.418525 0.637031
vt 0.416942 0.641658
vt 0.420674 0.640945
vt 0.388157 0.641860
vt 0.392093 0.644502
vt 0.393311 0.638826
vt 0.389237 0.637277
vt 0.388157 0.641860
vt 0.393311 0.638826
vt 0.434846 0.624533
vt 0.430652 0.629332
vt 0.434116 0.630475
vt 0.427680 0.621933
vt 0.430652 0.629332
vt 0.434846 0.624533
vt 0.505609 0.757000
vt 0.505093 0.760629
vt 0.465908 0.777612
vt 0.432969 0.610326
vt 0.426959 0.611346
vt 0.430782 0.615811
vt 0.434846 0.624533
vt 0.434660 0.619317
vt 0.427680 0.621933
vt 0.424519 0.575143
vt 0.428017 0.578590
vt 0.428434 0.572069
vt 0.428434 0.572069
vt 0.428017 0.578590
vt 0.432059 0.575150
vt 0.429982 0.584933
vt 0.434413 0.586456
vt 0.435251 0.583166
vt 0.433459 0.579295
vt 0.429982 0.584933
vt 0.435251 0.583166
vt 0.439700 0.585502
vt 0.435700 0.589277
vt 0.439502 0.592997
vt 0.439502 0.592997
vt 0.433786 0.596566
vt 0.437616 0.599722
vt 0.413460 0.621861
vt 0.413296 0.618172
vt 0.408540 0.619529
vt 0.411251 0.623744
vt 0.413460 0.621861
vt 0.408540 0.619529
vt 0.435385 0.605090
vt 0.432969 0.610326
vt 0.438601 0.609017
vt 0.438601 0.609017
vt 0.441141 0.603683
vt 0.435385 0.605090
vt 0.404618 0.596194
vt 0.403969 0.601676
vt 0.408565 0.602107
vt 0.434413 0.586456
vt 0.431687 0.589523
vt 0.435700 0.589277
vt 0.435700 0.589277
vt 0.439700 0.585502
vt 0.434413 0.586456
vt 0.416642 0.583397
vt 0.419179 0.586057
vt 0.420005 0.581882
vt 0.983608 0.993303
vt 0.981639 0.993880
vt 0.980970 0.991413
vt 0.419991 0.593534
vt 0.424264 0.594196
vt 0.422791 0.589367
vt 0.403969 0.601676
vt 0.400891 0.601422
vt 0.402608 0.605951
vt 0.402608 0.605951
vt 0.407704 0.607403
vt 0.403969 0.601676
vt 0.402608 0.605951
vt 0.405398 0.611819
vt 0.407704 0.607403
vt 0.395809 0.653651
vt 0.397904 0.656729
vt 0.399740 0.652532
vt 0.430782 0.615811
vt 0.426959 0.611346
vt 0.425531 0.616052
vt 0.423864 0.636929
vt 0.428340 0.634147
vt 0.423278 0.629017
vt 0.423864 0.636929
vt 0.423278 0.629017
vt 0.419297 0.633158
vt 0.419297 0.633158
vt 0.418525 0.637031
vt 0.423864 0.636929
vt 0.399983 0.646651
vt 0.395305 0.648710
vt 0.399740 0.652532
vt 0.395809 0.653651
vt 0.399740 0.652532
vt 0.395305 0.648710
vt 0.411106 0.627679
vt 0.411251 0.623744
vt 0.409255 0.624364
vt 0.376134 0.640607
vt 0.373214 0.646742
vt 0.378349 0.646246
vt 0.401221 0.587605
vt 0.398848 0.594249
vt 0.404618 0.596194
vt 0.395305 0.648710
vt 0.392093 0.644502
vt 0.390653 0.649490
vt 0.119540 0.459337
vt 0.120610 0.462128
vt 0.140242 0.463388
vt 0.373392 0.553039
vt 0.389126 0.557011
vt 0.393513 0.556117
vt 0.407704 0.607403
vt 0.408565 0.602107
vt 0.403969 0.601676
vt 0.402215 0.657992
vt 0.414348 0.653113
vt 0.405894 0.653789
vt 0.401233 0.656147
vt 0.402215 0.657992
vt 0.405894 0.653789
vt 0.259766 0.998047
vt 0.259766 0.998047
vt 0.259766 0.998047
vt 0.413296 0.618172
vt 0.413460 0.621861
vt 0.416287 0.620530
vt 0.346094 0.638569
vt 0.338671 0.634471
vt 0.339009 0.639241
vt 0.419297 0.633158
vt 0.423278 0.629017
vt 0.416140 0.629237
vt 0.415508 0.612252
vt 0.420219 0.612040
vt 0.413850 0.607181
vt 0.396475 0.659566
vt 0.399101 0.661822
vt 0.402215 0.657992
vt 0.397904 0.656729
vt 0.396475 0.659566
vt 0.402215 0.657992
vt 0.402215 0.657992
vt 0.401233 0.656147
vt 0.397904 0.656729
vt 0.410812 0.653414
vt 0.409799 0.651664
vt 0.405894 0.653789
vt 0.383810 0.659204
vt 0.379405 0.656227
vt 0.381785 0.661246
vt 0.358547 0.994523
vt 0.359833 0.992342
vt 0.357349 0.993025
vt 0.380248 0.637705
vt 0.384679 0.638232
vt 0.382565 0.633672
vt 0.379275 0.649604
vt 0.377174 0.650925
vt 0.380258 0.652390
vt 0.823668 0.994678
vt 0.822041 0.992869
vt 0.824514 0.992694
vt 0.380258 0.652390
vt 0.379405 0.656227
vt 0.384041 0.654608
vt 0.382009 0.649051
vt 0.380258 0.652390
vt 0.384041 0.654608
vt 0.413460 0.621861
vt 0.417242 0.624598
vt 0.416287 0.620530
vt 0.413902 0.625528
vt 0.417242 0.624598
vt 0.413460 0.621861
vt 0.404765 0.557767
vt 0.406638 0.555523
vt 0.397246 0.554084
vt 0.423278 0.629017
vt 0.417242 0.624598
vt 0.416140 0.629237
vt 0.417242 0.624598
vt 0.413902 0.625528
vt 0.416140 0.629237
vt 0.420219 0.612040
vt 0.423638 0.607078
vt 0.419168 0.606388
vt 0.423638 0.607078
vt 0.421689 0.602820
vt 0.419168 0.606388
vt 0.421689 0.602820
vt 0.423638 0.607078
vt 0.425564 0.603383
vt 0.395305 0.648710
vt 0.396941 0.642700
vt 0.392093 0.644502
vt 0.398621 0.637540
vt 0.396941 0.642700
vt 0.401437 0.641508
vt 0.409080 0.632954
vt 0.403689 0.636710
vt 0.408696 0.639346
vt 0.408696 0.639346
vt 0.413359 0.637896
vt 0.409080 0.632954
vt 0.398621 0.637540
vt 0.401437 0.641508
vt 0.403689 0.636710
vt 0.401437 0.641508
vt 0.405273 0.641432
vt 0.403689 0.636710
vt 0.405273 0.641432
vt 0.408696 0.639346
vt 0.403689 0.636710
vt 0.399983 0.646651
vt 0.399740 0.652532
vt 0.403231 0.649655
vt 0.428340 0.634147
vt 0.430652 0.629332
vt 0.423278 0.629017
vt 0.435385 0.605090
vt 0.441141 0.603683
vt 0.437616 0.599722
vt 0.422074 0.617826
vt 0.420219 0.612040
vt 0.416824 0.616451
vt 0.416824 0.616451
vt 0.420219 0.612040
vt 0.415508 0.612252
vt 0.435385 0.605090
vt 0.432344 0.601350
vt 0.429272 0.605966
vt 0.437616 0.599722
vt 0.432344 0.601350
vt 0.435385 0.605090
vt 0.437616 0.599722
vt 0.433786 0.596566
vt 0.432344 0.601350
vt 0.433786 0.596566
vt 0.429927 0.598674
vt 0.432344 0.601350
vt 0.432344 0.601350
vt 0.429927 0.598674
vt 0.428398 0.601653
vt 0.425564 0.603383
vt 0.429272 0.605966
vt 0.428398 0.601653
vt 0.428398 0.601653
vt 0.429272 0.605966
vt 0.432344 0.601350
vt 0.400782 0.574828
vt 0.403763 0.572449
vt 0.399860 0.570830
vt 0.429076 0.639593
vt 0.423864 0.636929
vt 0.422091 0.643604
vt 0.422091 0.643604
vt 0.423864 0.636929
vt 0.420674 0.640945
vt 0.423864 0.636929
vt 0.429076 0.639593
vt 0.428340 0.634147
vt 0.428340 0.634147
vt 0.429076 0.639593
vt 0.431524 0.633913
vt 0.430782 0.615811
vt 0.427680 0.621933
vt 0.434660 0.619317
vt 0.427680 0.621933
vt 0.422074 0.617826
vt 0.420601 0.621859
vt 0.433786 0.596566
vt 0.439502 0.592997
vt 0.433994 0.592430
vt 0.439502 0.592997
vt 0.435700 0.589277
vt 0.433994 0.592430
vt 0.429076 0.639593
vt 0.422091 0.643604
vt 0.414348 0.653113
vt 0.417053 0.602239
vt 0.412459 0.600174
vt 0.413850 0.607181
vt 0.408565 0.602107
vt 0.407704 0.607403
vt 0.413850 0.607181
vt 0.413850 0.607181
vt 0.407704 0.607403
vt 0.411473 0.613314
vt 0.413296 0.618172
vt 0.416824 0.616451
vt 0.411473 0.613314
vt 0.411473 0.613314
vt 0.416824 0.616451
vt 0.415508 0.612252
vt 0.425531 0.616052
vt 0.427680 0.621933
vt 0.430782 0.615811
vt 0.443510 0.608144
vt 0.443630 0.613236
vt 0.445705 0.610742
vt 0.443630 0.613236
vt 0.443510 0.608144
vt 0.440946 0.613857
vt 0.443510 0.608144
vt 0.438601 0.609017
vt 0.440946 0.613857
vt 0.438601 0.609017
vt 0.432969 0.610326
vt 0.436317 0.614315
vt 0.438601 0.609017
vt 0.436317 0.614315
vt 0.440946 0.613857
vt 0.436317 0.614315
vt 0.432969 0.610326
vt 0.430782 0.615811
vt 0.443510 0.608144
vt 0.441141 0.603683
vt 0.438601 0.609017
vt 0.430782 0.615811
vt 0.434660 0.619317
vt 0.436317 0.614315
vt 0.438734 0.618181
vt 0.436317 0.614315
vt 0.434660 0.619317
vt 0.440946 0.613857
vt 0.436317 0.614315
vt 0.438734 0.618181
vt 0.437724 0.621311
vt 0.438734 0.618181
vt 0.434660 0.619317
vt 0.437724 0.621311
vt 0.440831 0.624073
vt 0.438734 0.618181
vt 0.438734 0.618181
vt 0.440831 0.624073
vt 0.440946 0.613857
vt 0.440946 0.613857
vt 0.440831 0.624073
vt 0.443630 0.613236
vt 0.434846 0.624533
vt 0.440831 0.624073
vt 0.437724 0.621311
vt 0.434660 0.619317
vt 0.434846 0.624533
vt 0.437724 0.621311
vt 0.443630 0.613236
vt 0.440831 0.624073
vt 0.445705 0.610742
vt 0.445705 0.610742
vt 0.440831 0.624073
vt 0.449201 0.609083
vt 0.433994 0.592430
vt 0.435700 0.589277
vt 0.431687 0.589523
vt 0.408565 0.602107
vt 0.413850 0.607181
vt 0.412459 0.600174
vt 0.362144 0.625029
vt 0.359382 0.626828
vt 0.360856 0.630060
vt 0.389910 0.576783
vt 0.392897 0.571134
vt 0.386169 0.568816
vt 0.396254 0.579378
vt 0.392897 0.571134
vt 0.389910 0.576783
vt 0.421689 0.602820
vt 0.425526 0.599040
vt 0.420368 0.597961
vt 0.420368 0.597961
vt 0.417053 0.602239
vt 0.421689 0.602820
vt 0.405092 0.577996
vt 0.401116 0.580270
vt 0.406547 0.585458
vt 0.419991 0.593534
vt 0.418360 0.589910
vt 0.416072 0.592969
vt 0.416072 0.592969
vt 0.411132 0.593274
vt 0.415766 0.597326
vt 0.406267 0.592086
vt 0.406547 0.585458
vt 0.401221 0.587605
vt 0.404618 0.596194
vt 0.406267 0.592086
vt 0.401221 0.587605
vt 0.416072 0.592969
vt 0.418360 0.589910
vt 0.413742 0.586726
vt 0.413742 0.586726
vt 0.411132 0.593274
vt 0.416072 0.592969
vt 0.433786 0.596566
vt 0.433994 0.592430
vt 0.429331 0.594228
vt 0.431687 0.589523
vt 0.429331 0.594228
vt 0.433994 0.592430
vt 0.416642 0.583397
vt 0.417153 0.579751
vt 0.413942 0.581573
vt 0.408565 0.602107
vt 0.412459 0.600174
vt 0.408536 0.597074
vt 0.411132 0.593274
vt 0.406267 0.592086
vt 0.408536 0.597074
vt 0.429982 0.584933
vt 0.433459 0.579295
vt 0.428017 0.578590
vt 0.419863 0.578915
vt 0.417153 0.579751
vt 0.420005 0.581882
vt 0.427294 0.589962
vt 0.429331 0.594228
vt 0.431687 0.589523
vt 0.429331 0.594228
vt 0.425526 0.599040
vt 0.429927 0.598674
vt 0.429927 0.598674
vt 0.425526 0.599040
vt 0.428398 0.601653
vt 0.413942 0.581573
vt 0.417153 0.579751
vt 0.413870 0.577225
vt 0.416320 0.557664
vt 0.418656 0.554461
vt 0.411830 0.553340
vt 0.259766 0.998047
vt 0.259766 0.998047
vt 0.259766 0.998047
vt 0.411132 0.593274
vt 0.413742 0.586726
vt 0.406547 0.585458
vt 0.411132 0.593274
vt 0.406547 0.585458
vt 0.406267 0.592086
vt 0.433786 0.596566
vt 0.429331 0.594228
vt 0.429927 0.598674
vt 0.425564 0.603383
vt 0.428398 0.601653
vt 0.425526 0.599040
vt 0.425564 0.603383
vt 0.425526 0.599040
vt 0.421689 0.602820
vt 0.368730 0.562107
vt 0.363792 0.557601
vt 0.362667 0.558793
vt 0.353339 0.554896
vt 0.362667 0.558793
vt 0.363792 0.557601
vt 0.404618 0.596194
vt 0.408565 0.602107
vt 0.408536 0.597074
vt 0.427294 0.589962
vt 0.429982 0.584933
vt 0.426051 0.587204
vt 0.429982 0.584933
vt 0.427294 0.589962
vt 0.431687 0.589523
vt 0.419179 0.586057
vt 0.424187 0.583959
vt 0.420005 0.581882
vt 0.406815 0.563508
vt 0.405301 0.565701
vt 0.409728 0.565835
vt 0.418131 0.595733
vt 0.415766 0.597326
vt 0.420368 0.597961
vt 0.420368 0.597961
vt 0.415766 0.597326
vt 0.417053 0.602239
vt 0.429331 0.594228
vt 0.424264 0.594196
vt 0.425526 0.599040
vt 0.429331 0.594228
vt 0.427294 0.589962
vt 0.424264 0.594196
vt 0.412459 0.600174
vt 0.417053 0.602239
vt 0.415766 0.597326
vt 0.420368 0.597961
vt 0.424264 0.594196
vt 0.419991 0.593534
vt 0.424264 0.594196
vt 0.420368 0.597961
vt 0.425526 0.599040
vt 0.392322 0.585732
vt 0.388741 0.586575
vt 0.393822 0.593599
vt 0.393822 0.593599
vt 0.388741 0.586575
vt 0.390474 0.592881
vt 0.400745 0.557958
vt 0.404765 0.557767
vt 0.397246 0.554084
vt 0.410113 0.580628
vt 0.406547 0.585458
vt 0.413742 0.586726
vt 0.403333 0.561789
vt 0.407219 0.560278
vt 0.404765 0.557767
vt 0.424187 0.583959
vt 0.422791 0.589367
vt 0.426051 0.587204
vt 0.415010 0.566512
vt 0.419934 0.564604
vt 0.417238 0.562037
vt 0.417238 0.562037
vt 0.413177 0.562215
vt 0.415010 0.566512
vt 0.406547 0.585458
vt 0.401116 0.580270
vt 0.401221 0.587605
vt 0.389910 0.576783
vt 0.395762 0.584834
vt 0.396254 0.579378
vt 0.395762 0.584834
vt 0.389910 0.576783
vt 0.392322 0.585732
vt 0.431693 0.556518
vt 0.427581 0.555975
vt 0.429469 0.561527
vt 0.429469 0.561527
vt 0.427581 0.555975
vt 0.424978 0.558889
vt 0.412781 0.555761
vt 0.415400 0.554910
vt 0.409163 0.552919
vt 0.415400 0.554910
vt 0.412781 0.555761
vt 0.416320 0.557664
vt 0.416320 0.557664
vt 0.412781 0.555761
vt 0.411146 0.559218
vt 0.259766 0.998047
vt 0.259766 0.998047
vt 0.259766 0.998047
vt 0.413177 0.562215
vt 0.417238 0.562037
vt 0.416320 0.557664
vt 0.416320 0.557664
vt 0.411146 0.559218
vt 0.413177 0.562215
vt 0.409728 0.565835
vt 0.406724 0.569341
vt 0.411088 0.569765
vt 0.419279 0.569314
vt 0.422687 0.567008
vt 0.419934 0.564604
vt 0.434739 0.554073
vt 0.427306 0.552241
vt 0.431693 0.556518
vt 0.431693 0.556518
vt 0.435889 0.558944
vt 0.434739 0.554073
vt 0.586562 0.978809
vt 0.599073 0.976802
vt 0.542330 0.974138
vt 0.413942 0.581573
vt 0.410113 0.580628
vt 0.413742 0.586726
vt 0.416642 0.583397
vt 0.413942 0.581573
vt 0.413742 0.586726
vt 0.426549 0.553304
vt 0.427581 0.555975
vt 0.427306 0.552241
vt 0.427581 0.555975
vt 0.418656 0.554461
vt 0.424978 0.558889
vt 0.427306 0.552241
vt 0.416010 0.550355
vt 0.426549 0.553304
vt 0.416010 0.550355
vt 0.427306 0.552241
vt 0.407367 0.546303
vt 0.418656 0.554461
vt 0.416010 0.550355
vt 0.390667 0.548331
vt 0.446059 0.557108
vt 0.441351 0.557796
vt 0.442792 0.561423
vt 0.416010 0.550355
vt 0.418656 0.554461
vt 0.426549 0.553304
vt 0.427581 0.555975
vt 0.426549 0.553304
vt 0.418656 0.554461
vt 0.388728 0.560132
vt 0.395195 0.563990
vt 0.396822 0.560425
vt 0.407367 0.546303
vt 0.427306 0.552241
vt 0.430156 0.550539
vt 0.430156 0.550539
vt 0.428752 0.548502
vt 0.407367 0.546303
vt 0.403763 0.572449
vt 0.401015 0.566754
vt 0.399860 0.570830
vt 0.416010 0.550355
vt 0.407367 0.546303
vt 0.390667 0.548331
vt 0.116272 0.466092
vt 0.117580 0.469795
vt 0.121225 0.464623
vt 0.428752 0.548502
vt 0.412408 0.543710
vt 0.407367 0.546303
vt 0.296392 0.540276
vt 0.300884 0.538415
vt 0.285037 0.536310
vt 0.296392 0.540276
vt 0.285037 0.536310
vt 0.289771 0.541968
vt 0.430631 0.567291
vt 0.428434 0.572069
vt 0.433467 0.570491
vt 0.433467 0.570491
vt 0.428434 0.572069
vt 0.432059 0.575150
vt 0.433459 0.579295
vt 0.432059 0.575150
vt 0.428017 0.578590
vt 0.420907 0.559972
vt 0.417238 0.562037
vt 0.419934 0.564604
vt 0.423522 0.570975
vt 0.419279 0.569314
vt 0.419408 0.575226
vt 0.419408 0.575226
vt 0.419279 0.569314
vt 0.414680 0.572034
vt 0.419408 0.575226
vt 0.424519 0.575143
vt 0.423522 0.570975
vt 0.422698 0.578896
vt 0.424519 0.575143
vt 0.419408 0.575226
vt 0.419863 0.578915
vt 0.422698 0.578896
vt 0.419408 0.575226
vt 0.428434 0.572069
vt 0.426589 0.567094
vt 0.423522 0.570975
vt 0.423522 0.570975
vt 0.424519 0.575143
vt 0.428434 0.572069
vt 0.422698 0.578896
vt 0.419863 0.578915
vt 0.420005 0.581882
vt 0.428017 0.578590
vt 0.424187 0.583959
vt 0.429982 0.584933
vt 0.426051 0.587204
vt 0.429982 0.584933
vt 0.424187 0.583959
vt 0.422698 0.578896
vt 0.424187 0.583959
vt 0.428017 0.578590
vt 0.422698 0.578896
vt 0.420005 0.581882
vt 0.424187 0.583959
vt 0.424978 0.558889
vt 0.424196 0.563072
vt 0.429469 0.561527
vt 0.420907 0.559972
vt 0.424196 0.563072
vt 0.424978 0.558889
vt 0.396254 0.579378
vt 0.397552 0.575602
vt 0.392897 0.571134
vt 0.429469 0.561527
vt 0.424196 0.563072
vt 0.426589 0.567094
vt 0.426589 0.567094
vt 0.430631 0.567291
vt 0.429469 0.561527
vt 0.426589 0.567094
vt 0.424196 0.563072
vt 0.422687 0.567008
vt 0.419991 0.593534
vt 0.416072 0.592969
vt 0.418131 0.595733
vt 0.409454 0.562337
vt 0.406815 0.563508
vt 0.409728 0.565835
vt 0.411088 0.569765
vt 0.409240 0.574279
vt 0.414680 0.572034
vt 0.414680 0.572034
vt 0.409240 0.574279
vt 0.413870 0.577225
vt 0.419934 0.564604
vt 0.422687 0.567008
vt 0.424196 0.563072
vt 0.413870 0.577225
vt 0.410113 0.580628
vt 0.413942 0.581573
vt 0.401116 0.580270
vt 0.396254 0.579378
vt 0.401221 0.587605
vt 0.410113 0.580628
vt 0.413870 0.577225
vt 0.409240 0.574279
vt 0.392174 0.565424
vt 0.387440 0.564289
vt 0.392897 0.571134
vt 0.392897 0.571134
vt 0.387440 0.564289
vt 0.386169 0.568816
vt 0.392322 0.585732
vt 0.389910 0.576783
vt 0.386852 0.579775
vt 0.392174 0.565424
vt 0.388728 0.560132
vt 0.387440 0.564289
vt 0.413870 0.577225
vt 0.417153 0.579751
vt 0.419408 0.575226
vt 0.401116 0.580270
vt 0.397552 0.575602
vt 0.396254 0.579378
vt 0.183284 0.993089
vt 0.199825 0.993624
vt 0.202108 0.993267
vt 0.382009 0.649051
vt 0.386399 0.650105
vt 0.384985 0.645719
vt 0.381835 0.644921
vt 0.382009 0.649051
vt 0.384985 0.645719
vt 0.405686 0.553683
vt 0.408685 0.556959
vt 0.412781 0.555761
vt 0.409163 0.552919
vt 0.405686 0.553683
vt 0.412781 0.555761
vt 0.396822 0.560425
vt 0.389126 0.557011
vt 0.388728 0.560132
vt 0.359318 0.558475
vt 0.362667 0.558793
vt 0.353339 0.554896
vt 0.411146 0.559218
vt 0.408685 0.556959
vt 0.407219 0.560278
vt 0.414680 0.572034
vt 0.419279 0.569314
vt 0.415010 0.566512
vt 0.412781 0.555761
vt 0.408685 0.556959
vt 0.411146 0.559218
vt 0.034307 0.603052
vt 0.037486 0.601466
vt 0.034984 0.598280
vt 0.409728 0.565835
vt 0.411088 0.569765
vt 0.415010 0.566512
vt 0.415010 0.566512
vt 0.411088 0.569765
vt 0.414680 0.572034
vt 0.415010 0.566512
vt 0.413177 0.562215
vt 0.409728 0.565835
vt 0.062322 0.984562
vt 0.059952 0.983564
vt 0.060843 0.981039
vt 0.408685 0.556959
vt 0.406638 0.555523
vt 0.404765 0.557767
vt 0.413177 0.562215
vt 0.409454 0.562337
vt 0.409728 0.565835
vt 0.373392 0.553039
vt 0.388728 0.560132
vt 0.389126 0.557011
vt 0.361019 0.592052
vt 0.364250 0.590166
vt 0.360032 0.587095
vt 0.395546 0.608277
vt 0.391982 0.609581
vt 0.397288 0.613552
vt 0.367733 0.603172
vt 0.371680 0.602714
vt 0.369782 0.597054
vt 0.056594 0.566850
vt 0.050381 0.571282
vt 0.053632 0.570480
vt 0.404765 0.557767
vt 0.407219 0.560278
vt 0.408685 0.556959
vt 0.392174 0.565424
vt 0.395195 0.563990
vt 0.388728 0.560132
vt 0.405686 0.553683
vt 0.406638 0.555523
vt 0.408685 0.556959
vt 0.397246 0.554084
vt 0.406638 0.555523
vt 0.405686 0.553683
vt 0.405301 0.565701
vt 0.406724 0.569341
vt 0.409728 0.565835
vt 0.401015 0.566754
vt 0.396323 0.568142
vt 0.399860 0.570830
vt 0.405092 0.577996
vt 0.400782 0.574828
vt 0.401116 0.580270
vt 0.409240 0.574279
vt 0.405092 0.577996
vt 0.410113 0.580628
vt 0.407219 0.560278
vt 0.409454 0.562337
vt 0.411146 0.559218
vt 0.411146 0.559218
vt 0.409454 0.562337
vt 0.413177 0.562215
vt 0.388728 0.560132
vt 0.373392 0.553039
vt 0.382008 0.559275
vt 0.382008 0.559275
vt 0.387440 0.564289
vt 0.388728 0.560132
vt 0.407219 0.560278
vt 0.403333 0.561789
vt 0.406815 0.563508
vt 0.406815 0.563508
vt 0.409454 0.562337
vt 0.407219 0.560278
vt 0.409240 0.574279
vt 0.411088 0.569765
vt 0.406724 0.569341
vt 0.409240 0.574279
vt 0.406724 0.569341
vt 0.403763 0.572449
vt 0.400745 0.557958
vt 0.396822 0.560425
vt 0.403333 0.561789
vt 0.400745 0.557958
vt 0.403333 0.561789
vt 0.404765 0.557767
vt 0.397421 0.572092
vt 0.399860 0.570830
vt 0.396323 0.568142
vt 0.392897 0.571134
vt 0.397421 0.572092
vt 0.396323 0.568142
vt 0.071287 0.538600
vt 0.077303 0.532214
vt 0.072732 0.533010
vt 0.393513 0.556117
vt 0.396822 0.560425
vt 0.400745 0.557958
vt 0.397246 0.554084
vt 0.393513 0.556117
vt 0.400745 0.557958
vt 0.397246 0.554084
vt 0.405686 0.553683
vt 0.390667 0.548331
vt 0.119540 0.459337
vt 0.140242 0.463388
vt 0.149671 0.462583
vt 0.371491 0.567885
vt 0.368730 0.562107
vt 0.365010 0.562547
vt 0.405686 0.553683
vt 0.409163 0.552919
vt 0.390667 0.548331
vt 0.390653 0.649490
vt 0.386399 0.650105
vt 0.389222 0.654856
vt 0.389222 0.654856
vt 0.386399 0.650105
vt 0.384041 0.654608
vt 0.396323 0.568142
vt 0.392174 0.565424
vt 0.392897 0.571134
vt 0.418131 0.595733
vt 0.416072 0.592969
vt 0.415766 0.597326
vt 0.403763 0.572449
vt 0.400782 0.574828
vt 0.405092 0.577996
vt 0.403763 0.572449
vt 0.405092 0.577996
vt 0.409240 0.574279
vt 0.406724 0.569341
vt 0.405301 0.565701
vt 0.401015 0.566754
vt 0.406724 0.569341
vt 0.401015 0.566754
vt 0.403763 0.572449
vt 0.403333 0.561789
vt 0.401015 0.566754
vt 0.405301 0.565701
vt 0.405301 0.565701
vt 0.406815 0.563508
vt 0.403333 0.561789
vt 0.396822 0.560425
vt 0.395195 0.563990
vt 0.401015 0.566754
vt 0.396822 0.560425
vt 0.401015 0.566754
vt 0.403333 0.561789
vt 0.395195 0.563990
vt 0.396323 0.568142
vt 0.401015 0.566754
vt 0.397552 0.575602
vt 0.397421 0.572092
vt 0.392897 0.571134
vt 0.397552 0.575602
vt 0.401116 0.580270
vt 0.400782 0.574828
vt 0.386852 0.579775
vt 0.388741 0.586575
vt 0.392322 0.585732
vt 0.395818 0.604711
vt 0.392473 0.603804
vt 0.395546 0.608277
vt 0.395818 0.604711
vt 0.393381 0.599153
vt 0.392473 0.603804
vt 0.388669 0.596696
vt 0.388208 0.603256
vt 0.392473 0.603804
vt 0.392473 0.603804
vt 0.393381 0.599153
vt 0.388669 0.596696
vt 0.385687 0.612774
vt 0.386627 0.616288
vt 0.389247 0.613679
vt 0.391982 0.609581
vt 0.389247 0.613679
vt 0.393255 0.615160
vt 0.390474 0.592881
vt 0.388669 0.596696
vt 0.393381 0.599153
vt 0.353339 0.554896
vt 0.353210 0.557465
vt 0.359318 0.558475
vt 0.372570 0.556006
vt 0.377822 0.558000
vt 0.373392 0.553039
vt 0.390474 0.592881
vt 0.388741 0.586575
vt 0.386390 0.589118
vt 0.385091 0.574771
vt 0.389910 0.576783
vt 0.384925 0.571697
vt 0.384925 0.571697
vt 0.386169 0.568816
vt 0.380553 0.566898
vt 0.389910 0.576783
vt 0.386169 0.568816
vt 0.384925 0.571697
vt 0.384925 0.571697
vt 0.382106 0.571590
vt 0.385091 0.574771
vt 0.384925 0.571697
vt 0.380553 0.566898
vt 0.382106 0.571590
vt 0.947329 0.994232
vt 0.944649 0.993860
vt 0.944855 0.991049
vt 0.385091 0.574771
vt 0.381992 0.574939
vt 0.386852 0.579775
vt 0.377641 0.569411
vt 0.381992 0.574939
vt 0.382106 0.571590
vt 0.382008 0.559275
vt 0.381998 0.562788
vt 0.387440 0.564289
vt 0.387440 0.564289
vt 0.381998 0.562788
vt 0.386169 0.568816
vt 0.380553 0.566898
vt 0.386169 0.568816
vt 0.381998 0.562788
vt 0.373392 0.553039
vt 0.377822 0.558000
vt 0.382008 0.559275
vt 0.320160 0.538951
vt 0.285037 0.536310
vt 0.300884 0.538415
vt 0.381998 0.562788
vt 0.382008 0.559275
vt 0.377822 0.558000
vt 0.381998 0.562788
vt 0.375170 0.560361
vt 0.380553 0.566898
vt 0.341112 0.555653
vt 0.353339 0.554896
vt 0.326355 0.546387
vt 0.371491 0.567885
vt 0.373061 0.564862
vt 0.368730 0.562107
vt 0.372570 0.556006
vt 0.362789 0.554980
vt 0.375170 0.560361
vt 0.377822 0.558000
vt 0.375170 0.560361
vt 0.381998 0.562788
vt 0.372570 0.556006
vt 0.375170 0.560361
vt 0.377822 0.558000
vt 0.076527 0.568702
vt 0.075404 0.564475
vt 0.074230 0.564707
vt 0.363792 0.557601
vt 0.370461 0.560576
vt 0.362789 0.554980
vt 0.337535 0.571889
vt 0.341651 0.570790
vt 0.337168 0.567419
vt 0.390653 0.649490
vt 0.388334 0.646242
vt 0.386399 0.650105
vt 0.371491 0.567885
vt 0.377641 0.569411
vt 0.373061 0.564862
vt 0.373061 0.564862
vt 0.377641 0.569411
vt 0.375872 0.564500
vt 0.375872 0.564500
vt 0.377641 0.569411
vt 0.380553 0.566898
vt 0.380553 0.566898
vt 0.377641 0.569411
vt 0.382106 0.571590
vt 0.378349 0.646246
vt 0.377174 0.650925
vt 0.379275 0.649604
vt 0.362789 0.554980
vt 0.353339 0.554896
vt 0.363792 0.557601
vt 0.361593 0.613450
vt 0.364897 0.616634
vt 0.364731 0.611307
vt 0.149671 0.462583
vt 0.140242 0.463388
vt 0.241521 0.489054
vt 0.373061 0.564862
vt 0.370461 0.560576
vt 0.368730 0.562107
vt 0.373061 0.564862
vt 0.375872 0.564500
vt 0.370461 0.560576
vt 0.380553 0.566898
vt 0.375170 0.560361
vt 0.375872 0.564500
vt 0.370461 0.560576
vt 0.375872 0.564500
vt 0.375170 0.560361
vt 0.375066 0.593758
vt 0.370599 0.592244
vt 0.369782 0.597054
vt 0.371515 0.574197
vt 0.377633 0.580074
vt 0.377280 0.574460
vt 0.379526 0.595575
vt 0.377729 0.598379
vt 0.380742 0.599444
vt 0.384312 0.591551
vt 0.386390 0.589118
vt 0.381640 0.585829
vt 0.377280 0.574460
vt 0.381992 0.574939
vt 0.377641 0.569411
vt 0.371491 0.567885
vt 0.377280 0.574460
vt 0.377641 0.569411
vt 0.382946 0.581136
vt 0.386390 0.589118
vt 0.388741 0.586575
vt 0.352991 0.561331
vt 0.359704 0.567605
vt 0.360212 0.562141
vt 0.319816 0.555238
vt 0.322147 0.561354
vt 0.330765 0.562935
vt 0.388741 0.586575
vt 0.386852 0.579775
vt 0.382946 0.581136
vt 0.377633 0.580074
vt 0.382946 0.581136
vt 0.377280 0.574460
vt 0.377633 0.580074
vt 0.381640 0.585829
vt 0.382946 0.581136
vt 0.373072 0.581401
vt 0.377752 0.584913
vt 0.377633 0.580074
vt 0.377633 0.580074
vt 0.377752 0.584913
vt 0.381640 0.585829
vt 0.368057 0.588657
vt 0.364250 0.590166
vt 0.367541 0.592352
vt 0.378739 0.603834
vt 0.374687 0.606152
vt 0.377787 0.610612
vt 0.387629 0.626016
vt 0.392779 0.624935
vt 0.390462 0.619556
vt 0.383859 0.597213
vt 0.379526 0.595575
vt 0.380742 0.599444
vt 0.371041 0.607781
vt 0.374687 0.606152
vt 0.371680 0.602714
vt 0.379816 0.590825
vt 0.375066 0.593758
vt 0.379526 0.595575
vt 0.379526 0.595575
vt 0.383859 0.597213
vt 0.379816 0.590825
vt 0.247879 0.523828
vt 0.243442 0.524027
vt 0.248379 0.527261
vt 0.362144 0.625029
vt 0.365075 0.630030
vt 0.366722 0.625039
vt 0.386627 0.616288
vt 0.383814 0.614871
vt 0.384330 0.619708
vt 0.390462 0.619556
vt 0.392779 0.624935
vt 0.393887 0.621836
vt 0.390462 0.619556
vt 0.386627 0.616288
vt 0.384330 0.619708
vt 0.359704 0.567605
vt 0.365343 0.572444
vt 0.365446 0.567435
vt 0.383397 0.603542
vt 0.383859 0.597213
vt 0.380742 0.599444
vt 0.388208 0.603256
vt 0.383859 0.597213
vt 0.383397 0.603542
vt 0.388669 0.596696
vt 0.383859 0.597213
vt 0.388208 0.603256
vt 0.388669 0.596696
vt 0.384312 0.591551
vt 0.383859 0.597213
vt 0.386390 0.589118
vt 0.384312 0.591551
vt 0.388669 0.596696
vt 0.386390 0.589118
vt 0.388669 0.596696
vt 0.390474 0.592881
vt 0.379816 0.590825
vt 0.383859 0.597213
vt 0.384312 0.591551
vt 0.379816 0.590825
vt 0.384312 0.591551
vt 0.381640 0.585829
vt 0.381640 0.585829
vt 0.377752 0.584913
vt 0.379816 0.590825
vt 0.377752 0.584913
vt 0.375052 0.587490
vt 0.379816 0.590825
vt 0.367541 0.592352
vt 0.364250 0.590166
vt 0.365009 0.594147
vt 0.375066 0.593758
vt 0.369782 0.597054
vt 0.374616 0.600087
vt 0.374616 0.600087
vt 0.377729 0.598379
vt 0.375066 0.593758
vt 0.331477 0.557364
vt 0.323665 0.551387
vt 0.319816 0.555238
vt 0.136953 0.475440
vt 0.126115 0.466022
vt 0.122450 0.471119
vt 0.382394 0.625024
vt 0.384330 0.619708
vt 0.379578 0.620442
vt 0.126115 0.466022
vt 0.147953 0.468486
vt 0.130196 0.462438
vt 0.112066 0.992227
vt 0.108582 0.993292
vt 0.112590 0.993789
vt 0.064214 0.574934
vt 0.067809 0.562191
vt 0.064795 0.565605
vt 0.093337 0.523367
vt 0.095643 0.515629
vt 0.091620 0.521501
vt 0.371398 0.641459
vt 0.373214 0.646742
vt 0.376134 0.640607
vt 0.376134 0.640607
vt 0.372408 0.636833
vt 0.371398 0.641459
vt 0.082323 0.572800
vt 0.079538 0.568121
vt 0.079157 0.572885
vt 0.402964 0.981331
vt 0.403327 0.982207
vt 0.416390 0.980385
vt 0.259766 0.998047
vt 0.259766 0.998047
vt 0.259766 0.998047
vt 0.275829 0.539083
vt 0.272612 0.534258
vt 0.270789 0.537376
vt 0.377280 0.574460
vt 0.371491 0.567885
vt 0.371515 0.574197
vt 0.278232 0.537286
vt 0.282673 0.541039
vt 0.285037 0.536310
vt 0.222281 0.507517
vt 0.242666 0.507063
vt 0.216339 0.504564
vt 0.259766 0.998047
vt 0.259766 0.998047
vt 0.259766 0.998047
vt 0.259766 0.998047
vt 0.259766 0.998047
vt 0.259766 0.998047
vt 0.339457 0.609896
vt 0.344757 0.609823
vt 0.342305 0.606043
vt 0.091620 0.521501
vt 0.095643 0.515629
vt 0.093710 0.514548
vt 0.341112 0.555653
vt 0.352991 0.561331
vt 0.353210 0.557465
vt 0.397246 0.554084
vt 0.390667 0.548331
vt 0.373392 0.553039
vt 0.346039 0.567880
vt 0.350698 0.567405
vt 0.347913 0.562856
vt 0.214509 0.499629
vt 0.242666 0.507063
vt 0.226707 0.498512
vt 0.202924 0.497236
vt 0.214509 0.499629
vt 0.226707 0.498512
vt 0.050381 0.571282
vt 0.053335 0.573409
vt 0.053632 0.570480
vt 0.227757 0.524723
vt 0.237892 0.529775
vt 0.232474 0.523249
vt 0.126115 0.466022
vt 0.130196 0.462438
vt 0.126282 0.462235
vt 0.121225 0.464623
vt 0.126115 0.466022
vt 0.126282 0.462235
vt 0.306226 0.547484
vt 0.289771 0.541968
vt 0.292079 0.550529
vt 0.306226 0.547484
vt 0.326355 0.546387
vt 0.296392 0.540276
vt 0.296392 0.540276
vt 0.326355 0.546387
vt 0.300884 0.538415
vt 0.289771 0.541968
vt 0.285037 0.536310
vt 0.282673 0.541039
vt 0.330765 0.562935
vt 0.332422 0.569558
vt 0.337168 0.567419
vt 0.149766 0.482209
vt 0.160717 0.487505
vt 0.241521 0.489054
vt 0.149766 0.482209
vt 0.241521 0.489054
vt 0.154706 0.478886
vt 0.362667 0.558793
vt 0.359318 0.558475
vt 0.365010 0.562547
vt 0.365010 0.562547
vt 0.359318 0.558475
vt 0.360212 0.562141
vt 0.310090 0.529624
vt 0.257715 0.517825
vt 0.262340 0.520028
vt 0.320160 0.538951
vt 0.326355 0.546387
vt 0.373392 0.553039
vt 0.320160 0.538951
vt 0.373392 0.553039
vt 0.390667 0.548331
vt 0.326355 0.546387
vt 0.362789 0.554980
vt 0.373392 0.553039
vt 0.373392 0.553039
vt 0.362789 0.554980
vt 0.372570 0.556006
vt 0.353210 0.557465
vt 0.360212 0.562141
vt 0.359318 0.558475
vt 0.326355 0.546387
vt 0.353339 0.554896
vt 0.362789 0.554980
vt 0.352991 0.561331
vt 0.360212 0.562141
vt 0.353210 0.557465
vt 0.364731 0.611307
vt 0.360209 0.608445
vt 0.361593 0.613450
vt 0.340869 0.621166
vt 0.339590 0.626269
vt 0.344467 0.623325
vt 0.377787 0.610612
vt 0.373961 0.612046
vt 0.376907 0.616200
vt 0.373961 0.612046
vt 0.369540 0.614259
vt 0.373520 0.616695
vt 0.310090 0.529624
vt 0.412408 0.543710
vt 0.364233 0.526026
vt 0.070038 0.567526
vt 0.074230 0.564707
vt 0.073161 0.554064
vt 0.122450 0.471119
vt 0.117580 0.469795
vt 0.115760 0.477528
vt 0.046750 0.578407
vt 0.047974 0.581075
vt 0.053335 0.573409
vt 0.369589 0.628603
vt 0.366722 0.625039
vt 0.365075 0.630030
vt 0.365075 0.630030
vt 0.368134 0.634527
vt 0.369589 0.628603
vt 0.368134 0.634527
vt 0.372911 0.631619
vt 0.369589 0.628603
vt 0.374935 0.621226
vt 0.370902 0.623637
vt 0.373887 0.626509
vt 0.374935 0.621226
vt 0.373887 0.626509
vt 0.378067 0.625166
vt 0.384041 0.654608
vt 0.386399 0.650105
vt 0.382009 0.649051
vt 0.384330 0.619708
vt 0.387629 0.626016
vt 0.390462 0.619556
vt 0.377309 0.634075
vt 0.382565 0.633672
vt 0.380193 0.629432
vt 0.386995 0.608842
vt 0.388208 0.603256
vt 0.383397 0.603542
vt 0.374616 0.600087
vt 0.374687 0.606152
vt 0.378739 0.603834
vt 0.378739 0.603834
vt 0.377729 0.598379
vt 0.374616 0.600087
vt 0.366259 0.671534
vt 0.399101 0.661822
vt 0.390723 0.660535
vt 0.385840 0.661721
vt 0.366259 0.671534
vt 0.390723 0.660535
vt 0.376134 0.640607
vt 0.378349 0.646246
vt 0.380804 0.641600
vt 0.386627 0.616288
vt 0.385687 0.612774
vt 0.383814 0.614871
vt 0.391982 0.609581
vt 0.395546 0.608277
vt 0.392473 0.603804
vt 0.391982 0.609581
vt 0.392473 0.603804
vt 0.388208 0.603256
vt 0.386995 0.608842
vt 0.385687 0.612774
vt 0.389247 0.613679
vt 0.389247 0.613679
vt 0.391982 0.609581
vt 0.386995 0.608842
vt 0.388208 0.603256
vt 0.386995 0.608842
vt 0.391982 0.609581
vt 0.373520 0.616695
vt 0.371592 0.619322
vt 0.374935 0.621226
vt 0.367617 0.608553
vt 0.364731 0.611307
vt 0.369540 0.614259
vt 0.387629 0.626016
vt 0.384330 0.619708
vt 0.382394 0.625024
vt 0.384098 0.629366
vt 0.382565 0.633672
vt 0.387475 0.632910
vt 0.387475 0.632910
vt 0.387629 0.626016
vt 0.384098 0.629366
vt 0.387629 0.626016
vt 0.387475 0.632910
vt 0.392045 0.630083
vt 0.392779 0.624935
vt 0.387629 0.626016
vt 0.392045 0.630083
vt 0.382565 0.633672
vt 0.384679 0.638232
vt 0.387475 0.632910
vt 0.383810 0.659204
vt 0.385840 0.661721
vt 0.386891 0.658640
vt 0.384041 0.654608
vt 0.383810 0.659204
vt 0.386891 0.658640
vt 0.379405 0.656227
vt 0.383810 0.659204
vt 0.384041 0.654608
vt 0.353908 0.611143
vt 0.352346 0.607080
vt 0.349986 0.611864
vt 0.383982 0.642406
vt 0.388157 0.641860
vt 0.384679 0.638232
vt 0.384679 0.638232
vt 0.388157 0.641860
vt 0.389237 0.637277
vt 0.384985 0.645719
vt 0.386399 0.650105
vt 0.388334 0.646242
vt 0.385840 0.661721
vt 0.383810 0.659204
vt 0.381785 0.661246
vt 0.381785 0.661246
vt 0.379405 0.656227
vt 0.365096 0.661835
vt 0.379405 0.656227
vt 0.380258 0.652390
vt 0.377174 0.650925
vt 0.366259 0.671534
vt 0.385840 0.661721
vt 0.381785 0.661246
vt 0.361036 0.603746
vt 0.363786 0.602035
vt 0.360363 0.599261
vt 0.384985 0.645719
vt 0.388334 0.646242
vt 0.388157 0.641860
vt 0.383982 0.642406
vt 0.384985 0.645719
vt 0.388157 0.641860
vt 0.380248 0.637705
vt 0.376134 0.640607
vt 0.380804 0.641600
vt 0.338671 0.634471
vt 0.346094 0.638569
vt 0.344054 0.632472
vt 0.371592 0.619322
vt 0.368057 0.620200
vt 0.370902 0.623637
vt 0.374935 0.621226
vt 0.371592 0.619322
vt 0.370902 0.623637
vt 0.395762 0.584834
vt 0.401221 0.587605
vt 0.396254 0.579378
vt 0.364566 0.621308
vt 0.368057 0.620200
vt 0.364897 0.616634
vt 0.382565 0.633672
vt 0.377309 0.634075
vt 0.380248 0.637705
vt 0.383982 0.642406
vt 0.380804 0.641600
vt 0.381835 0.644921
vt 0.380804 0.641600
vt 0.384679 0.638232
vt 0.380248 0.637705
vt 0.384679 0.638232
vt 0.380804 0.641600
vt 0.383982 0.642406
vt 0.363063 0.635284
vt 0.366138 0.638991
vt 0.368134 0.634527
vt 0.368134 0.634527
vt 0.365075 0.630030
vt 0.363063 0.635284
vt 0.378349 0.646246
vt 0.379275 0.649604
vt 0.382009 0.649051
vt 0.381835 0.644921
vt 0.380804 0.641600
vt 0.378349 0.646246
vt 0.378349 0.646246
vt 0.382009 0.649051
vt 0.381835 0.644921
vt 0.376907 0.616200
vt 0.374935 0.621226
vt 0.379578 0.620442
vt 0.380674 0.615425
vt 0.376907 0.616200
vt 0.379578 0.620442
vt 0.369073 0.639146
vt 0.366138 0.638991
vt 0.367833 0.643726
vt 0.371398 0.641459
vt 0.369073 0.639146
vt 0.367833 0.643726
vt 0.366138 0.638991
vt 0.369073 0.639146
vt 0.368134 0.634527
vt 0.366722 0.625039
vt 0.368057 0.620200
vt 0.364566 0.621308
vt 0.366722 0.625039
vt 0.364566 0.621308
vt 0.362144 0.625029
vt 0.332221 0.634477
vt 0.331874 0.637706
vt 0.335528 0.637462
vt 0.339009 0.639241
vt 0.335528 0.637462
vt 0.331874 0.637706
vt 0.344467 0.623325
vt 0.339590 0.626269
vt 0.346120 0.628291
vt 0.372911 0.631619
vt 0.368134 0.634527
vt 0.372408 0.636833
vt 0.372408 0.636833
vt 0.368134 0.634527
vt 0.369073 0.639146
vt 0.352435 0.622880
vt 0.350251 0.617244
vt 0.347712 0.620356
vt 0.371680 0.602714
vt 0.374616 0.600087
vt 0.369782 0.597054
vt 0.363520 0.646677
vt 0.363392 0.641084
vt 0.359496 0.642258
vt 0.359496 0.642258
vt 0.363392 0.641084
vt 0.359216 0.637572
vt 0.363063 0.635284
vt 0.359216 0.637572
vt 0.363392 0.641084
vt 0.344938 0.604972
vt 0.342305 0.606043
vt 0.344757 0.609823
vt 0.360856 0.630060
vt 0.356539 0.628459
vt 0.358957 0.633327
vt 0.357744 0.612760
vt 0.360403 0.618534
vt 0.361593 0.613450
vt 0.361593 0.613450
vt 0.360209 0.608445
vt 0.357744 0.612760
vt 0.366138 0.638991
vt 0.363063 0.635284
vt 0.363392 0.641084
vt 0.327841 0.633111
vt 0.329320 0.635755
vt 0.332221 0.634477
vt 0.332221 0.634477
vt 0.329715 0.631040
vt 0.327841 0.633111
vt 0.348662 0.591711
vt 0.344756 0.594508
vt 0.349646 0.596635
vt 0.085803 0.614456
vt 0.087047 0.617073
vt 0.088897 0.609596
vt 0.367833 0.643726
vt 0.369360 0.650918
vt 0.373214 0.646742
vt 0.363520 0.646677
vt 0.369360 0.650918
vt 0.367833 0.643726
vt 0.367833 0.643726
vt 0.363392 0.641084
vt 0.363520 0.646677
vt 0.346366 0.581077
vt 0.342220 0.583145
vt 0.345969 0.587518
vt 0.373520 0.616695
vt 0.369540 0.614259
vt 0.371592 0.619322
vt 0.373961 0.612046
vt 0.377787 0.610612
vt 0.374687 0.606152
vt 0.371041 0.607781
vt 0.373961 0.612046
vt 0.374687 0.606152
vt 0.376907 0.616200
vt 0.373961 0.612046
vt 0.373520 0.616695
vt 0.373520 0.616695
vt 0.374935 0.621226
vt 0.376907 0.616200
vt 0.351996 0.592828
vt 0.348662 0.591711
vt 0.349646 0.596635
vt 0.351996 0.592828
vt 0.349646 0.596635
vt 0.354838 0.597255
vt 0.371398 0.641459
vt 0.372408 0.636833
vt 0.369073 0.639146
vt 0.374305 0.653247
vt 0.365096 0.661835
vt 0.379405 0.656227
vt 0.379405 0.656227
vt 0.377174 0.650925
vt 0.374305 0.653247
vt 0.334824 0.610210
vt 0.332217 0.615218
vt 0.335987 0.613839
vt 0.381785 0.661246
vt 0.365096 0.661835
vt 0.366259 0.671534
vt 0.350427 0.573771
vt 0.346039 0.567880
vt 0.345696 0.574603
vt 0.359496 0.642258
vt 0.354620 0.639113
vt 0.354518 0.645803
vt 0.363520 0.646677
vt 0.359496 0.642258
vt 0.354518 0.645803
vt 0.346120 0.628291
vt 0.339590 0.626269
vt 0.344054 0.632472
vt 0.344054 0.632472
vt 0.339590 0.626269
vt 0.338671 0.634471
vt 0.322452 0.619965
vt 0.325028 0.626183
vt 0.328765 0.621955
vt 0.359216 0.637572
vt 0.354620 0.639113
vt 0.359496 0.642258
vt 0.374935 0.621226
vt 0.378067 0.625166
vt 0.379578 0.620442
vt 0.350629 0.587134
vt 0.350683 0.581964
vt 0.346366 0.581077
vt 0.376546 0.629234
vt 0.373887 0.626509
vt 0.372911 0.631619
vt 0.382394 0.625024
vt 0.384098 0.629366
vt 0.387629 0.626016
vt 0.382394 0.625024
vt 0.378067 0.625166
vt 0.380193 0.629432
vt 0.382394 0.625024
vt 0.380193 0.629432
vt 0.384098 0.629366
vt 0.373887 0.626509
vt 0.376546 0.629234
vt 0.378067 0.625166
vt 0.376546 0.629234
vt 0.377309 0.634075
vt 0.380193 0.629432
vt 0.380193 0.629432
vt 0.378067 0.625166
vt 0.376546 0.629234
vt 0.382418 0.610056
vt 0.385687 0.612774
vt 0.386995 0.608842
vt 0.382418 0.610056
vt 0.383397 0.603542
vt 0.378739 0.603834
vt 0.383397 0.603542
vt 0.382418 0.610056
vt 0.386995 0.608842
vt 0.371680 0.602714
vt 0.374687 0.606152
vt 0.374616 0.600087
vt 0.382418 0.610056
vt 0.380674 0.615425
vt 0.383814 0.614871
vt 0.385687 0.612774
vt 0.382418 0.610056
vt 0.383814 0.614871
vt 0.373887 0.626509
vt 0.370902 0.623637
vt 0.369589 0.628603
vt 0.369589 0.628603
vt 0.372911 0.631619
vt 0.373887 0.626509
vt 0.377729 0.598379
vt 0.378739 0.603834
vt 0.380742 0.599444
vt 0.371680 0.602714
vt 0.367733 0.603172
vt 0.371041 0.607781
vt 0.379578 0.620442
vt 0.384330 0.619708
vt 0.380674 0.615425
vt 0.383814 0.614871
vt 0.380674 0.615425
vt 0.384330 0.619708
vt 0.376907 0.616200
vt 0.380674 0.615425
vt 0.377787 0.610612
vt 0.382418 0.610056
vt 0.377787 0.610612
vt 0.380674 0.615425
vt 0.378739 0.603834
vt 0.377787 0.610612
vt 0.382418 0.610056
vt 0.364897 0.616634
vt 0.368057 0.620200
vt 0.369540 0.614259
vt 0.364897 0.616634
vt 0.369540 0.614259
vt 0.364731 0.611307
vt 0.366722 0.625039
vt 0.370902 0.623637
vt 0.368057 0.620200
vt 0.369589 0.628603
vt 0.370902 0.623637
vt 0.366722 0.625039
vt 0.333142 0.628458
vt 0.329715 0.631040
vt 0.332221 0.634477
vt 0.372036 0.589545
vt 0.375066 0.593758
vt 0.375052 0.587490
vt 0.368057 0.588657
vt 0.370819 0.585519
vt 0.366703 0.584368
vt 0.371592 0.619322
vt 0.369540 0.614259
vt 0.368057 0.620200
vt 0.364929 0.598390
vt 0.365009 0.594147
vt 0.362120 0.595717
vt 0.371041 0.607781
vt 0.369540 0.614259
vt 0.373961 0.612046
vt 0.356483 0.603664
vt 0.360363 0.599261
vt 0.354838 0.597255
vt 0.361036 0.603746
vt 0.364323 0.606099
vt 0.363786 0.602035
vt 0.363786 0.602035
vt 0.367733 0.603172
vt 0.364929 0.598390
vt 0.360856 0.630060
vt 0.358957 0.633327
vt 0.363063 0.635284
vt 0.348662 0.591711
vt 0.345969 0.587518
vt 0.344756 0.594508
vt 0.339227 0.592111
vt 0.344756 0.594508
vt 0.342330 0.588393
vt 0.346807 0.601085
vt 0.349646 0.596635
vt 0.344756 0.594508
vt 0.349986 0.611864
vt 0.352346 0.607080
vt 0.348106 0.606064
vt 0.360209 0.608445
vt 0.356483 0.603664
vt 0.355963 0.608385
vt 0.360209 0.608445
vt 0.361036 0.603746
vt 0.356483 0.603664
vt 0.360363 0.599261
vt 0.356483 0.603664
vt 0.361036 0.603746
vt 0.360209 0.608445
vt 0.364323 0.606099
vt 0.361036 0.603746
vt 0.371041 0.607781
vt 0.367617 0.608553
vt 0.369540 0.614259
vt 0.373072 0.581401
vt 0.375052 0.587490
vt 0.377752 0.584913
vt 0.360363 0.599261
vt 0.362120 0.595717
vt 0.358910 0.595003
vt 0.360363 0.599261
vt 0.364929 0.598390
vt 0.362120 0.595717
vt 0.363786 0.602035
vt 0.364929 0.598390
vt 0.360363 0.599261
vt 0.361019 0.592052
vt 0.358910 0.595003
vt 0.362120 0.595717
vt 0.368730 0.562107
vt 0.370461 0.560576
vt 0.363792 0.557601
vt 0.367733 0.603172
vt 0.363786 0.602035
vt 0.364323 0.606099
vt 0.367733 0.603172
vt 0.364323 0.606099
vt 0.367617 0.608553
vt 0.278603 0.697403
vt 0.324941 0.657579
vt 0.210699 0.675001
vt 0.158287 0.743513
vt 0.278603 0.697403
vt 0.210699 0.675001
vt 0.363063 0.635284
vt 0.358957 0.633327
vt 0.359216 0.637572
vt 0.364323 0.606099
vt 0.364731 0.611307
vt 0.367617 0.608553
vt 0.354838 0.597255
vt 0.351230 0.602039
vt 0.356483 0.603664
vt 0.349646 0.596635
vt 0.351230 0.602039
vt 0.354838 0.597255
vt 0.356483 0.603664
vt 0.351230 0.602039
vt 0.352346 0.607080
vt 0.356483 0.603664
vt 0.352346 0.607080
vt 0.355963 0.608385
vt 0.355963 0.608385
vt 0.353908 0.611143
vt 0.357744 0.612760
vt 0.355963 0.608385
vt 0.357744 0.612760
vt 0.360209 0.608445
vt 0.322452 0.619965
vt 0.328765 0.621955
vt 0.326229 0.613589
vt 0.326229 0.613589
vt 0.321533 0.614337
vt 0.322452 0.619965
vt 0.361593 0.613450
vt 0.360403 0.618534
vt 0.364897 0.616634
vt 0.364566 0.621308
vt 0.364897 0.616634
vt 0.360403 0.618534
vt 0.349503 0.633558
vt 0.354620 0.639113
vt 0.354991 0.633558
vt 0.360403 0.618534
vt 0.362144 0.625029
vt 0.364566 0.621308
vt 0.362144 0.625029
vt 0.360403 0.618534
vt 0.357694 0.623158
vt 0.326866 0.629969
vt 0.329715 0.631040
vt 0.328648 0.627672
vt 0.326866 0.629969
vt 0.328648 0.627672
vt 0.325028 0.626183
vt 0.325028 0.626183
vt 0.328648 0.627672
vt 0.328765 0.621955
vt 0.359382 0.626828
vt 0.356539 0.628459
vt 0.360856 0.630060
vt 0.369360 0.650918
vt 0.363063 0.653433
vt 0.365096 0.661835
vt 0.374305 0.653247
vt 0.369360 0.650918
vt 0.365096 0.661835
vt 0.338671 0.634471
vt 0.339590 0.626269
vt 0.333142 0.628458
vt 0.333142 0.628458
vt 0.332221 0.634477
vt 0.338671 0.634471
vt 0.359382 0.626828
vt 0.357694 0.623158
vt 0.356539 0.628459
vt 0.363063 0.653433
vt 0.348043 0.664398
vt 0.365096 0.661835
vt 0.353908 0.611143
vt 0.355963 0.608385
vt 0.352346 0.607080
vt 0.352435 0.622880
vt 0.357694 0.623158
vt 0.354557 0.616515
vt 0.354557 0.616515
vt 0.357694 0.623158
vt 0.360403 0.618534
vt 0.371398 0.641459
vt 0.367833 0.643726
vt 0.373214 0.646742
vt 0.116290 0.600679
vt 0.110855 0.603877
vt 0.115796 0.607294
vt 0.357694 0.623158
vt 0.352435 0.622880
vt 0.356539 0.628459
vt 0.331874 0.637706
vt 0.332221 0.634477
vt 0.329320 0.635755
vt 0.374305 0.653247
vt 0.373214 0.646742
vt 0.369360 0.650918
vt 0.354991 0.633558
vt 0.354620 0.639113
vt 0.359216 0.637572
vt 0.351338 0.628778
vt 0.356539 0.628459
vt 0.352435 0.622880
vt 0.344467 0.623325
vt 0.346120 0.628291
vt 0.348412 0.624696
vt 0.348412 0.624696
vt 0.346120 0.628291
vt 0.351338 0.628778
vt 0.356539 0.628459
vt 0.351338 0.628778
vt 0.354991 0.633558
vt 0.358957 0.633327
vt 0.356539 0.628459
vt 0.354991 0.633558
vt 0.344467 0.623325
vt 0.348412 0.624696
vt 0.347712 0.620356
vt 0.346094 0.638569
vt 0.354620 0.639113
vt 0.349503 0.633558
vt 0.326229 0.613589
vt 0.328765 0.621955
vt 0.332217 0.615218
vt 0.344054 0.632472
vt 0.346094 0.638569
vt 0.349503 0.633558
vt 0.349503 0.633558
vt 0.354991 0.633558
vt 0.351338 0.628778
vt 0.346094 0.638569
vt 0.339009 0.639241
vt 0.340561 0.642686
vt 0.354518 0.645803
vt 0.346094 0.638569
vt 0.340561 0.642686
vt 0.359216 0.637572
vt 0.358957 0.633327
vt 0.354991 0.633558
vt 0.346094 0.638569
vt 0.354518 0.645803
vt 0.354620 0.639113
vt 0.354518 0.645803
vt 0.363063 0.653433
vt 0.363520 0.646677
vt 0.363063 0.653433
vt 0.369360 0.650918
vt 0.363520 0.646677
vt 0.328765 0.621955
vt 0.328648 0.627672
vt 0.333142 0.628458
vt 0.328765 0.621955
vt 0.333142 0.628458
vt 0.334282 0.621719
vt 0.339457 0.609896
vt 0.342725 0.614162
vt 0.344757 0.609823
vt 0.249414 0.604318
vt 0.163799 0.621568
vt 0.247847 0.628406
vt 0.127090 0.620916
vt 0.121291 0.626897
vt 0.163799 0.621568
vt 0.133044 0.618551
vt 0.127090 0.620916
vt 0.163799 0.621568
vt 0.348412 0.624696
vt 0.351338 0.628778
vt 0.352435 0.622880
vt 0.347712 0.620356
vt 0.348412 0.624696
vt 0.352435 0.622880
vt 0.333142 0.628458
vt 0.328648 0.627672
vt 0.329715 0.631040
vt 0.349503 0.633558
vt 0.346120 0.628291
vt 0.344054 0.632472
vt 0.351338 0.628778
vt 0.346120 0.628291
vt 0.349503 0.633558
vt 0.344938 0.604972
vt 0.343177 0.601396
vt 0.342305 0.606043
vt 0.344756 0.594508
vt 0.343177 0.601396
vt 0.346807 0.601085
vt 0.337168 0.567419
vt 0.332422 0.569558
vt 0.337535 0.571889
vt 0.340771 0.597934
vt 0.343177 0.601396
vt 0.344756 0.594508
vt 0.339227 0.592111
vt 0.340771 0.597934
vt 0.344756 0.594508
vt 0.351230 0.602039
vt 0.349646 0.596635
vt 0.346807 0.601085
vt 0.278603 0.697403
vt 0.366259 0.671534
vt 0.365096 0.661835
vt 0.348043 0.664398
vt 0.278603 0.697403
vt 0.365096 0.661835
vt 0.414348 0.653113
vt 0.414918 0.647251
vt 0.412562 0.651221
vt 0.324941 0.657579
vt 0.278603 0.697403
vt 0.348043 0.664398
vt 0.340869 0.621166
vt 0.337725 0.620881
vt 0.339590 0.626269
vt 0.339590 0.626269
vt 0.334282 0.621719
vt 0.333142 0.628458
vt 0.334282 0.621719
vt 0.339590 0.626269
vt 0.337725 0.620881
vt 0.349986 0.611864
vt 0.346572 0.615158
vt 0.350251 0.617244
vt 0.335987 0.613839
vt 0.339457 0.609896
vt 0.334824 0.610210
vt 0.352435 0.622880
vt 0.354557 0.616515
vt 0.350251 0.617244
vt 0.357744 0.612760
vt 0.353908 0.611143
vt 0.354557 0.616515
vt 0.344938 0.604972
vt 0.348106 0.606064
vt 0.346807 0.601085
vt 0.349986 0.611864
vt 0.354557 0.616515
vt 0.353908 0.611143
vt 0.342305 0.606043
vt 0.343177 0.601396
vt 0.339724 0.603174
vt 0.339724 0.603174
vt 0.339457 0.609896
vt 0.342305 0.606043
vt 0.351230 0.602039
vt 0.346807 0.601085
vt 0.348106 0.606064
vt 0.349986 0.611864
vt 0.350251 0.617244
vt 0.354557 0.616515
vt 0.342330 0.588393
vt 0.342220 0.583145
vt 0.338413 0.585309
vt 0.339227 0.592111
vt 0.342330 0.588393
vt 0.338413 0.585309
vt 0.342220 0.583145
vt 0.342330 0.588393
vt 0.345969 0.587518
vt 0.345969 0.587518
vt 0.342330 0.588393
vt 0.344756 0.594508
vt 0.347712 0.620356
vt 0.343646 0.618532
vt 0.344467 0.623325
vt 0.337725 0.620881
vt 0.335594 0.617567
vt 0.334282 0.621719
vt 0.335594 0.617567
vt 0.337725 0.620881
vt 0.339241 0.616634
vt 0.346572 0.615158
vt 0.343646 0.618532
vt 0.347712 0.620356
vt 0.346572 0.615158
vt 0.347712 0.620356
vt 0.350251 0.617244
vt 0.344467 0.623325
vt 0.343646 0.618532
vt 0.340869 0.621166
vt 0.344757 0.609823
vt 0.346572 0.615158
vt 0.349986 0.611864
vt 0.344938 0.604972
vt 0.344757 0.609823
vt 0.348106 0.606064
vt 0.348106 0.606064
vt 0.344757 0.609823
vt 0.349986 0.611864
vt 0.369782 0.597054
vt 0.367541 0.592352
vt 0.365009 0.594147
vt 0.335987 0.613839
vt 0.332217 0.615218
vt 0.335594 0.617567
vt 0.339457 0.609896
vt 0.339724 0.603174
vt 0.335664 0.605121
vt 0.334824 0.610210
vt 0.339457 0.609896
vt 0.335664 0.605121
vt 0.343646 0.618532
vt 0.342725 0.614162
vt 0.339241 0.616634
vt 0.339241 0.616634
vt 0.340869 0.621166
vt 0.343646 0.618532
vt 0.340869 0.621166
vt 0.339241 0.616634
vt 0.337725 0.620881
vt 0.346572 0.615158
vt 0.342725 0.614162
vt 0.343646 0.618532
vt 0.344757 0.609823
vt 0.342725 0.614162
vt 0.346572 0.615158
vt 0.339457 0.609896
vt 0.339241 0.616634
vt 0.342725 0.614162
vt 0.335987 0.613839
vt 0.335594 0.617567
vt 0.339241 0.616634
vt 0.339457 0.609896
vt 0.335987 0.613839
vt 0.339241 0.616634
vt 0.334282 0.621719
vt 0.335594 0.617567
vt 0.332217 0.615218
vt 0.332217 0.615218
vt 0.328765 0.621955
vt 0.334282 0.621719
vt 0.272928 0.530145
vt 0.310090 0.529624
vt 0.262559 0.527570
vt 0.272928 0.530145
vt 0.262559 0.527570
vt 0.259739 0.530152
vt 0.344938 0.604972
vt 0.346807 0.601085
vt 0.343177 0.601396
vt 0.339227 0.592111
vt 0.336580 0.598254
vt 0.340771 0.597934
vt 0.343177 0.601396
vt 0.340771 0.597934
vt 0.339724 0.603174
vt 0.339724 0.603174
vt 0.340771 0.597934
vt 0.336580 0.598254
vt 0.338413 0.585309
vt 0.342220 0.583145
vt 0.338484 0.580977
vt 0.326355 0.546387
vt 0.323665 0.551387
vt 0.341112 0.555653
vt 0.341307 0.566664
vt 0.341651 0.570790
vt 0.346039 0.567880
vt 0.338034 0.563339
vt 0.330765 0.562935
vt 0.337168 0.567419
vt 0.354624 0.584579
vt 0.350629 0.587134
vt 0.356027 0.590958
vt 0.371491 0.567885
vt 0.365446 0.567435
vt 0.371515 0.574197
vt 0.370599 0.592244
vt 0.367541 0.592352
vt 0.369782 0.597054
vt 0.295021 0.593694
vt 0.298469 0.590798
vt 0.293460 0.590075
vt 0.356027 0.590958
vt 0.350629 0.587134
vt 0.351996 0.592828
vt 0.345696 0.574603
vt 0.340226 0.576762
vt 0.346366 0.581077
vt 0.346366 0.581077
vt 0.340226 0.576762
vt 0.342220 0.583145
vt 0.272612 0.534258
vt 0.264971 0.533489
vt 0.270789 0.537376
vt 0.340226 0.576762
vt 0.345696 0.574603
vt 0.341651 0.570790
vt 0.341651 0.570790
vt 0.337535 0.571889
vt 0.340226 0.576762
vt 0.365343 0.572444
vt 0.371515 0.574197
vt 0.365446 0.567435
vt 0.371515 0.574197
vt 0.365343 0.572444
vt 0.367896 0.577358
vt 0.364929 0.598390
vt 0.369782 0.597054
vt 0.365009 0.594147
vt 0.367733 0.603172
vt 0.369782 0.597054
vt 0.364929 0.598390
vt 0.264971 0.533489
vt 0.255001 0.533576
vt 0.266276 0.538794
vt 0.351996 0.592828
vt 0.350629 0.587134
vt 0.348662 0.591711
vt 0.345969 0.587518
vt 0.350629 0.587134
vt 0.346366 0.581077
vt 0.348662 0.591711
vt 0.350629 0.587134
vt 0.345969 0.587518
vt 0.350427 0.573771
vt 0.350293 0.569967
vt 0.346039 0.567880
vt 0.341112 0.555653
vt 0.341447 0.561416
vt 0.347913 0.562856
vt 0.360212 0.562141
vt 0.365446 0.567435
vt 0.365010 0.562547
vt 0.346366 0.581077
vt 0.350683 0.581964
vt 0.349082 0.578017
vt 0.349082 0.578017
vt 0.345696 0.574603
vt 0.346366 0.581077
vt 0.354624 0.584579
vt 0.350683 0.581964
vt 0.350629 0.587134
vt 0.352991 0.561331
vt 0.354091 0.566720
vt 0.359704 0.567605
vt 0.347913 0.562856
vt 0.352991 0.561331
vt 0.341112 0.555653
vt 0.370599 0.592244
vt 0.375066 0.593758
vt 0.372036 0.589545
vt 0.365010 0.562547
vt 0.365446 0.567435
vt 0.371491 0.567885
vt 0.364250 0.590166
vt 0.364211 0.586727
vt 0.360032 0.587095
vt 0.365343 0.572444
vt 0.361375 0.573652
vt 0.364503 0.575700
vt 0.319816 0.555238
vt 0.311288 0.556249
vt 0.322147 0.561354
vt 0.350427 0.573771
vt 0.353161 0.571169
vt 0.350293 0.569967
vt 0.355171 0.575854
vt 0.353161 0.571169
vt 0.350427 0.573771
vt 0.262559 0.527570
vt 0.258817 0.522218
vt 0.247879 0.523828
vt 0.365652 0.580447
vt 0.362339 0.578447
vt 0.362724 0.583105
vt 0.368057 0.588657
vt 0.364211 0.586727
vt 0.364250 0.590166
vt 0.366703 0.584368
vt 0.364211 0.586727
vt 0.368057 0.588657
vt 0.365652 0.580447
vt 0.366703 0.584368
vt 0.369079 0.581690
vt 0.366703 0.584368
vt 0.365652 0.580447
vt 0.362724 0.583105
vt 0.366703 0.584368
vt 0.362724 0.583105
vt 0.364211 0.586727
vt 0.361019 0.592052
vt 0.365009 0.594147
vt 0.364250 0.590166
vt 0.362120 0.595717
vt 0.365009 0.594147
vt 0.361019 0.592052
vt 0.341447 0.561416
vt 0.338034 0.563339
vt 0.342065 0.564463
vt 0.342065 0.564463
vt 0.338034 0.563339
vt 0.341307 0.566664
vt 0.350427 0.573771
vt 0.353003 0.579459
vt 0.355171 0.575854
vt 0.354624 0.584579
vt 0.353003 0.579459
vt 0.350683 0.581964
vt 0.350683 0.581964
vt 0.353003 0.579459
vt 0.349082 0.578017
vt 0.349082 0.578017
vt 0.353003 0.579459
vt 0.350427 0.573771
vt 0.350427 0.573771
vt 0.345696 0.574603
vt 0.349082 0.578017
vt 0.264971 0.533489
vt 0.259739 0.530152
vt 0.255001 0.533576
vt 0.262559 0.527570
vt 0.248379 0.527261
vt 0.255001 0.533576
vt 0.255001 0.533576
vt 0.259739 0.530152
vt 0.262559 0.527570
vt 0.372036 0.589545
vt 0.370819 0.585519
vt 0.368057 0.588657
vt 0.368057 0.588657
vt 0.370599 0.592244
vt 0.372036 0.589545
vt 0.368057 0.588657
vt 0.367541 0.592352
vt 0.370599 0.592244
vt 0.357265 0.572056
vt 0.355171 0.575854
vt 0.358930 0.576550
vt 0.370819 0.585519
vt 0.372036 0.589545
vt 0.375052 0.587490
vt 0.356027 0.590958
vt 0.358910 0.595003
vt 0.361019 0.592052
vt 0.356027 0.590958
vt 0.361019 0.592052
vt 0.360032 0.587095
vt 0.360032 0.587095
vt 0.354624 0.584579
vt 0.356027 0.590958
vt 0.354838 0.597255
vt 0.356027 0.590958
vt 0.351996 0.592828
vt 0.362724 0.583105
vt 0.360032 0.587095
vt 0.364211 0.586727
vt 0.338034 0.563339
vt 0.331477 0.557364
vt 0.330765 0.562935
vt 0.362667 0.558793
vt 0.365010 0.562547
vt 0.368730 0.562107
vt 0.362724 0.583105
vt 0.358114 0.581017
vt 0.360032 0.587095
vt 0.357265 0.572056
vt 0.353161 0.571169
vt 0.355171 0.575854
vt 0.341447 0.561416
vt 0.342065 0.564463
vt 0.346039 0.567880
vt 0.346039 0.567880
vt 0.342065 0.564463
vt 0.341307 0.566664
vt 0.358114 0.581017
vt 0.353003 0.579459
vt 0.354624 0.584579
vt 0.360032 0.587095
vt 0.358114 0.581017
vt 0.354624 0.584579
vt 0.358114 0.581017
vt 0.362339 0.578447
vt 0.358930 0.576550
vt 0.362339 0.578447
vt 0.358114 0.581017
vt 0.362724 0.583105
vt 0.358930 0.576550
vt 0.355171 0.575854
vt 0.358114 0.581017
vt 0.353003 0.579459
vt 0.358114 0.581017
vt 0.355171 0.575854
vt 0.359704 0.567605
vt 0.365446 0.567435
vt 0.360212 0.562141
vt 0.365343 0.572444
vt 0.364503 0.575700
vt 0.367896 0.577358
vt 0.258817 0.522218
vt 0.244626 0.520042
vt 0.247879 0.523828
vt 0.358930 0.576550
vt 0.361375 0.573652
vt 0.357265 0.572056
vt 0.362339 0.578447
vt 0.361375 0.573652
vt 0.358930 0.576550
vt 0.338034 0.563339
vt 0.337168 0.567419
vt 0.341307 0.566664
vt 0.310090 0.529624
vt 0.264405 0.516075
vt 0.257715 0.517825
vt 0.245869 0.517534
vt 0.258817 0.522218
vt 0.262340 0.520028
vt 0.370819 0.585519
vt 0.375052 0.587490
vt 0.373072 0.581401
vt 0.357265 0.572056
vt 0.361375 0.573652
vt 0.359704 0.567605
vt 0.373072 0.581401
vt 0.367896 0.577358
vt 0.369079 0.581690
vt 0.373072 0.581401
vt 0.369079 0.581690
vt 0.370819 0.585519
vt 0.369079 0.581690
vt 0.367896 0.577358
vt 0.365652 0.580447
vt 0.365177 0.577795
vt 0.367896 0.577358
vt 0.364503 0.575700
vt 0.364503 0.575700
vt 0.362339 0.578447
vt 0.365177 0.577795
vt 0.365652 0.580447
vt 0.367896 0.577358
vt 0.365177 0.577795
vt 0.365177 0.577795
vt 0.362339 0.578447
vt 0.365652 0.580447
vt 0.364503 0.575700
vt 0.361375 0.573652
vt 0.362339 0.578447
vt 0.373072 0.581401
vt 0.371515 0.574197
vt 0.367896 0.577358
vt 0.377633 0.580074
vt 0.371515 0.574197
vt 0.373072 0.581401
vt 0.347913 0.562856
vt 0.341447 0.561416
vt 0.346039 0.567880
vt 0.353161 0.571169
vt 0.354091 0.566720
vt 0.350698 0.567405
vt 0.350698 0.567405
vt 0.350293 0.569967
vt 0.353161 0.571169
vt 0.359704 0.567605
vt 0.354091 0.566720
vt 0.357265 0.572056
vt 0.354091 0.566720
vt 0.353161 0.571169
vt 0.357265 0.572056
vt 0.330765 0.562935
vt 0.331477 0.557364
vt 0.319816 0.555238
vt 0.327872 0.566168
vt 0.332422 0.569558
vt 0.330765 0.562935
vt 0.341447 0.561416
vt 0.331477 0.557364
vt 0.338034 0.563339
vt 0.310090 0.529624
vt 0.262340 0.520028
vt 0.258817 0.522218
vt 0.310090 0.529624
vt 0.258817 0.522218
vt 0.262559 0.527570
vt 0.341112 0.555653
vt 0.331477 0.557364
vt 0.341447 0.561416
vt 0.123113 0.488862
vt 0.120062 0.487834
vt 0.118507 0.497690
vt 0.237892 0.529775
vt 0.247744 0.536868
vt 0.255001 0.533576
vt 0.221952 0.528921
vt 0.227757 0.524723
vt 0.219763 0.520770
vt 0.219763 0.520770
vt 0.227757 0.524723
vt 0.224638 0.519873
vt 0.245869 0.517534
vt 0.244626 0.520042
vt 0.258817 0.522218
vt 0.240059 0.514582
vt 0.232670 0.514049
vt 0.234242 0.517937
vt 0.066759 0.599096
vt 0.066210 0.605296
vt 0.069805 0.601600
vt 0.264405 0.516075
vt 0.364233 0.526026
vt 0.242666 0.507063
vt 0.364233 0.526026
vt 0.264405 0.516075
vt 0.310090 0.529624
vt 0.239841 0.519236
vt 0.234242 0.517937
vt 0.238596 0.523869
vt 0.102284 0.476031
vt 0.113309 0.464359
vt 0.105134 0.471039
vt 0.758557 0.993808
vt 0.762704 0.992369
vt 0.758615 0.991795
vt 0.222513 0.511061
vt 0.234121 0.509852
vt 0.222281 0.507517
vt 0.120062 0.487834
vt 0.123807 0.481176
vt 0.117211 0.485383
vt 0.125661 0.483702
vt 0.123807 0.481176
vt 0.120062 0.487834
vt 0.259766 0.998047
vt 0.259766 0.998047
vt 0.259766 0.998047
vt 0.136953 0.475440
vt 0.123807 0.481176
vt 0.131219 0.479203
vt 0.407367 0.546303
vt 0.310090 0.529624
vt 0.390667 0.548331
vt 0.390667 0.548331
vt 0.310090 0.529624
vt 0.320160 0.538951
vt 0.287930 0.532381
vt 0.272612 0.534258
vt 0.285037 0.536310
vt 0.272612 0.534258
vt 0.287930 0.532381
vt 0.272928 0.530145
vt 0.066164 0.558161
vt 0.067809 0.562191
vt 0.069919 0.552702
vt 0.073161 0.554064
vt 0.069919 0.552702
vt 0.067809 0.562191
vt 0.074869 0.607018
vt 0.075309 0.602126
vt 0.072087 0.605435
vt 0.237892 0.529775
vt 0.244301 0.528052
vt 0.238596 0.523869
vt 0.232474 0.523249
vt 0.237892 0.529775
vt 0.238596 0.523869
vt 0.238456 0.536324
vt 0.237892 0.529775
vt 0.221952 0.528921
vt 0.238456 0.536324
vt 0.247744 0.536868
vt 0.237892 0.529775
vt 0.234121 0.509852
vt 0.264405 0.516075
vt 0.242666 0.507063
vt 0.239841 0.519236
vt 0.238596 0.523869
vt 0.243442 0.524027
vt 0.243442 0.524027
vt 0.238596 0.523869
vt 0.244301 0.528052
vt 0.244626 0.520042
vt 0.239841 0.519236
vt 0.243442 0.524027
vt 0.221952 0.528921
vt 0.211057 0.519001
vt 0.198877 0.522164
vt 0.242474 0.516879
vt 0.239841 0.519236
vt 0.244626 0.520042
vt 0.230853 0.596809
vt 0.163799 0.621568
vt 0.249414 0.604318
vt 0.225056 0.515490
vt 0.229081 0.518796
vt 0.232670 0.514049
vt 0.228169 0.522126
vt 0.232474 0.523249
vt 0.229081 0.518796
vt 0.131219 0.479203
vt 0.154706 0.478886
vt 0.136953 0.475440
vt 0.117211 0.485383
vt 0.110633 0.491955
vt 0.112333 0.494107
vt 0.244626 0.520042
vt 0.245869 0.517534
vt 0.242474 0.516879
vt 0.403327 0.982207
vt 0.406338 0.982149
vt 0.416390 0.980385
vt 0.244301 0.528052
vt 0.237892 0.529775
vt 0.255001 0.533576
vt 0.247879 0.523828
vt 0.244626 0.520042
vt 0.243442 0.524027
vt 0.229081 0.518796
vt 0.225056 0.515490
vt 0.224638 0.519873
vt 0.257715 0.517825
vt 0.245869 0.517534
vt 0.262340 0.520028
vt 0.272928 0.530145
vt 0.287930 0.532381
vt 0.310090 0.529624
vt 0.242666 0.507063
vt 0.214918 0.501561
vt 0.216339 0.504564
vt 0.214918 0.501561
vt 0.204416 0.501033
vt 0.216339 0.504564
vt 0.216339 0.504564
vt 0.204416 0.501033
vt 0.209964 0.507490
vt 0.264971 0.533489
vt 0.272612 0.534258
vt 0.272928 0.530145
vt 0.224638 0.519873
vt 0.227757 0.524723
vt 0.228169 0.522126
vt 0.310090 0.529624
vt 0.287930 0.532381
vt 0.320160 0.538951
vt 0.320160 0.538951
vt 0.287930 0.532381
vt 0.285037 0.536310
vt 0.248379 0.527261
vt 0.244301 0.528052
vt 0.255001 0.533576
vt 0.226707 0.498512
vt 0.189287 0.490931
vt 0.191574 0.494416
vt 0.234121 0.509852
vt 0.242666 0.507063
vt 0.222281 0.507517
vt 0.244301 0.528052
vt 0.248379 0.527261
vt 0.243442 0.524027
vt 0.232670 0.514049
vt 0.240059 0.514582
vt 0.264405 0.516075
vt 0.242666 0.507063
vt 0.214509 0.499629
vt 0.214918 0.501561
vt 0.228169 0.522126
vt 0.229081 0.518796
vt 0.224638 0.519873
vt 0.071800 0.622640
vt 0.073905 0.615603
vt 0.070332 0.615804
vt 0.095643 0.515629
vt 0.097360 0.508598
vt 0.093710 0.514548
vt 0.421618 0.977840
vt 0.400785 0.980840
vt 0.402964 0.981331
vt 0.071307 0.594262
vt 0.069805 0.601600
vt 0.072907 0.599742
vt 0.086989 0.660677
vt 0.087587 0.655586
vt 0.083630 0.657526
vt 0.083630 0.657526
vt 0.087587 0.655586
vt 0.084141 0.654176
vt 0.232670 0.514049
vt 0.264405 0.516075
vt 0.234121 0.509852
vt 0.160717 0.487505
vt 0.189287 0.490931
vt 0.241521 0.489054
vt 0.189287 0.490931
vt 0.167303 0.491946
vt 0.178193 0.494516
vt 0.167303 0.491946
vt 0.189287 0.490931
vt 0.160717 0.487505
vt 0.189287 0.490931
vt 0.226707 0.498512
vt 0.241521 0.489054
vt 0.064795 0.565605
vt 0.067809 0.562191
vt 0.066164 0.558161
vt 0.053335 0.573409
vt 0.050381 0.571282
vt 0.046750 0.578407
vt 0.104571 0.474630
vt 0.100653 0.478132
vt 0.102170 0.480407
vt 0.090150 0.519702
vt 0.085850 0.522880
vt 0.088271 0.525055
vt 0.061469 0.558712
vt 0.057677 0.561078
vt 0.056594 0.566850
vt 0.133223 0.959111
vt 0.135696 0.954822
vt 0.138380 0.960611
vt 0.042893 0.652676
vt 0.042705 0.648910
vt 0.039935 0.650130
vt 0.044820 0.641007
vt 0.041201 0.641490
vt 0.042028 0.645722
vt 0.138832 0.991589
vt 0.141864 0.993142
vt 0.135162 0.993256
vt 0.032088 0.601945
vt 0.029245 0.602047
vt 0.030482 0.605852
vt 0.089212 0.511078
vt 0.091692 0.502806
vt 0.089006 0.506270
vt 0.067626 0.545519
vt 0.064817 0.549609
vt 0.065178 0.553611
vt 0.061733 0.554103
vt 0.061696 0.550645
vt 0.058984 0.556760
vt 0.061469 0.558712
vt 0.056594 0.566850
vt 0.060870 0.566589
vt 0.068251 0.541866
vt 0.065996 0.544400
vt 0.064817 0.549609
vt 0.064817 0.549609
vt 0.067626 0.545519
vt 0.068251 0.541866
vt 0.039143 0.605793
vt 0.041826 0.602718
vt 0.037486 0.601466
vt 0.042713 0.637475
vt 0.046609 0.633963
vt 0.041797 0.632844
vt 0.021384 0.626597
vt 0.025000 0.632202
vt 0.023549 0.624412
vt 0.047974 0.581075
vt 0.046750 0.578407
vt 0.040739 0.585808
vt 0.044870 0.587674
vt 0.047974 0.581075
vt 0.040739 0.585808
vt 0.064817 0.549609
vt 0.061733 0.554103
vt 0.061469 0.558712
vt 0.065178 0.553611
vt 0.064817 0.549609
vt 0.061469 0.558712
vt 0.052529 0.981300
vt 0.041391 0.985204
vt 0.044548 0.983682
vt 0.082822 0.518596
vt 0.089212 0.511078
vt 0.089006 0.506270
vt 0.053632 0.570480
vt 0.053335 0.573409
vt 0.056594 0.566850
vt 0.060870 0.566589
vt 0.056594 0.566850
vt 0.053335 0.573409
vt 0.089006 0.506270
vt 0.088845 0.502762
vt 0.085305 0.509745
vt 0.061696 0.550645
vt 0.061733 0.554103
vt 0.065996 0.544400
vt 0.035977 0.606615
vt 0.034476 0.612134
vt 0.038834 0.610600
vt 0.032039 0.625341
vt 0.034867 0.627516
vt 0.033135 0.623351
vt 0.065996 0.544400
vt 0.065992 0.541611
vt 0.061696 0.550645
vt 0.032088 0.601945
vt 0.034307 0.603052
vt 0.034984 0.598280
vt 0.033279 0.595809
vt 0.032088 0.601945
vt 0.034984 0.598280
vt 0.037841 0.592216
vt 0.036045 0.590553
vt 0.033279 0.595809
vt 0.036045 0.590553
vt 0.037841 0.592216
vt 0.040739 0.585808
vt 0.034984 0.598280
vt 0.037841 0.592216
vt 0.033279 0.595809
vt 0.056594 0.566850
vt 0.057677 0.561078
vt 0.050381 0.571282
vt 0.041846 0.581038
vt 0.040739 0.585808
vt 0.046750 0.578407
vt 0.041846 0.581038
vt 0.046750 0.578407
vt 0.050381 0.571282
vt 0.734924 0.912711
vt 0.732824 0.915546
vt 0.729652 0.910454
vt 0.040579 0.592866
vt 0.044870 0.587674
vt 0.037841 0.592216
vt 0.044870 0.587674
vt 0.040739 0.585808
vt 0.037841 0.592216
vt 0.054135 0.581200
vt 0.044870 0.587674
vt 0.048038 0.591785
vt 0.044870 0.587674
vt 0.043351 0.592208
vt 0.048038 0.591785
vt 0.043351 0.592208
vt 0.044870 0.587674
vt 0.040579 0.592866
vt 0.041960 0.596507
vt 0.040579 0.592866
vt 0.037982 0.596228
vt 0.043351 0.592208
vt 0.040579 0.592866
vt 0.041960 0.596507
vt 0.034984 0.598280
vt 0.037486 0.601466
vt 0.037982 0.596228
vt 0.037841 0.592216
vt 0.034984 0.598280
vt 0.037982 0.596228
vt 0.040579 0.592866
vt 0.037841 0.592216
vt 0.037982 0.596228
vt 0.189625 0.959117
vt 0.189912 0.955894
vt 0.194417 0.957010
vt 0.082135 0.595451
vt 0.079014 0.594356
vt 0.080607 0.599624
vt 0.069771 0.576079
vt 0.067551 0.581303
vt 0.071396 0.581468
vt 0.194672 0.958797
vt 0.197293 0.959660
vt 0.191891 0.960669
vt 0.038834 0.610600
vt 0.041966 0.613129
vt 0.042803 0.608075
vt 0.035977 0.606615
vt 0.038834 0.610600
vt 0.039143 0.605793
vt 0.049544 0.604345
vt 0.045426 0.604450
vt 0.046957 0.607874
vt 0.723607 0.917907
vt 0.719454 0.914663
vt 0.724565 0.914314
vt 0.051149 0.610197
vt 0.049544 0.604345
vt 0.046957 0.607874
vt 0.030482 0.605852
vt 0.028384 0.609479
vt 0.031233 0.609707
vt 0.034307 0.603052
vt 0.035977 0.606615
vt 0.037486 0.601466
vt 0.030482 0.605852
vt 0.031233 0.609707
vt 0.032964 0.606623
vt 0.041966 0.613129
vt 0.038834 0.610600
vt 0.038754 0.617501
vt 0.025000 0.632202
vt 0.020968 0.637891
vt 0.027539 0.641787
vt 0.447586 0.982744
vt 0.453244 0.976660
vt 0.454533 0.980496
vt 0.210408 0.968467
vt 0.208110 0.964747
vt 0.213684 0.964991
vt 0.061786 0.661609
vt 0.064155 0.662615
vt 0.065494 0.656716
vt 0.031233 0.609707
vt 0.034476 0.612134
vt 0.032964 0.606623
vt 0.032964 0.606623
vt 0.034476 0.612134
vt 0.035977 0.606615
vt 0.040915 0.577892
vt 0.032936 0.591685
vt 0.041846 0.581038
vt 0.038754 0.617501
vt 0.038834 0.610600
vt 0.034476 0.612134
vt 0.032088 0.601945
vt 0.033279 0.595809
vt 0.029245 0.602047
vt 0.032088 0.601945
vt 0.032964 0.606623
vt 0.034307 0.603052
vt 0.217682 0.954285
vt 0.220713 0.950795
vt 0.224578 0.952349
vt 0.055890 0.716530
vt 0.055136 0.709234
vt 0.052358 0.712289
vt 0.247847 0.628406
vt 0.210699 0.675001
vt 0.310096 0.634902
vt 0.075204 0.625042
vt 0.078915 0.624998
vt 0.078294 0.619375
vt 0.052218 0.699189
vt 0.051686 0.693279
vt 0.048976 0.697106
vt 0.028384 0.609479
vt 0.029936 0.614878
vt 0.031233 0.609707
vt 0.030615 0.626783
vt 0.034867 0.627516
vt 0.032039 0.625341
vt 0.221743 0.958508
vt 0.218206 0.958947
vt 0.221106 0.956157
vt 0.052695 0.600008
vt 0.046917 0.599457
vt 0.049544 0.604345
vt 0.045426 0.604450
vt 0.049544 0.604345
vt 0.046917 0.599457
vt 0.045426 0.604450
vt 0.046917 0.599457
vt 0.041826 0.602718
vt 0.041826 0.602718
vt 0.042803 0.608075
vt 0.045426 0.604450
vt 0.042803 0.608075
vt 0.041826 0.602718
vt 0.039143 0.605793
vt 0.055147 0.637304
vt 0.056072 0.631432
vt 0.052873 0.635932
vt 0.038834 0.610600
vt 0.042803 0.608075
vt 0.039143 0.605793
vt 0.043351 0.592208
vt 0.041960 0.596507
vt 0.048038 0.591785
vt 0.072178 0.678095
vt 0.068919 0.677084
vt 0.070708 0.681621
vt 0.050477 0.615811
vt 0.052979 0.614333
vt 0.051149 0.610197
vt 0.046334 0.612716
vt 0.050477 0.615811
vt 0.051149 0.610197
vt 0.051149 0.610197
vt 0.046957 0.607874
vt 0.046334 0.612716
vt 0.055230 0.612570
vt 0.054843 0.605669
vt 0.051149 0.610197
vt 0.051149 0.610197
vt 0.052979 0.614333
vt 0.055230 0.612570
vt 0.059280 0.605282
vt 0.054843 0.605669
vt 0.058610 0.609959
vt 0.054843 0.605669
vt 0.059280 0.605282
vt 0.058174 0.600035
vt 0.041960 0.596507
vt 0.046917 0.599457
vt 0.048038 0.591785
vt 0.052695 0.600008
vt 0.051626 0.595227
vt 0.046917 0.599457
vt 0.048038 0.591785
vt 0.046917 0.599457
vt 0.051626 0.595227
vt 0.052358 0.712289
vt 0.052186 0.707890
vt 0.050193 0.709830
vt 0.046917 0.599457
vt 0.041960 0.596507
vt 0.041826 0.602718
vt 0.068748 0.587897
vt 0.073202 0.586636
vt 0.071396 0.581468
vt 0.054843 0.605669
vt 0.049544 0.604345
vt 0.051149 0.610197
vt 0.058610 0.609959
vt 0.054843 0.605669
vt 0.055230 0.612570
vt 0.032936 0.591685
vt 0.025363 0.603257
vt 0.029245 0.602047
vt 0.237953 0.948888
vt 0.233262 0.950677
vt 0.234505 0.947350
vt 0.054004 0.620650
vt 0.050477 0.615811
vt 0.050178 0.619441
vt 0.050477 0.615811
vt 0.054004 0.620650
vt 0.052979 0.614333
vt 0.225566 0.957042
vt 0.221743 0.958508
vt 0.221106 0.956157
vt 0.021384 0.626597
vt 0.019673 0.630585
vt 0.025000 0.632202
vt 0.059646 0.624378
vt 0.054004 0.620650
vt 0.056072 0.631432
vt 0.215351 0.961694
vt 0.208110 0.964747
vt 0.213048 0.958818
vt 0.054004 0.620650
vt 0.050951 0.629586
vt 0.056072 0.631432
vt 0.038754 0.617501
vt 0.043548 0.616940
vt 0.041966 0.613129
vt 0.072732 0.533010
vt 0.082822 0.518596
vt 0.074022 0.524488
vt 0.074264 0.581283
vt 0.071396 0.581468
vt 0.073202 0.586636
vt 0.055230 0.612570
vt 0.054004 0.620650
vt 0.058336 0.616306
vt 0.058610 0.609959
vt 0.055230 0.612570
vt 0.058336 0.616306
vt 0.080028 0.674455
vt 0.092912 0.675301
vt 0.081292 0.670621
vt 0.052873 0.635932
vt 0.050951 0.629586
vt 0.050240 0.634857
vt 0.213048 0.958818
vt 0.208110 0.964747
vt 0.205018 0.961848
vt 0.055147 0.637304
vt 0.052873 0.635932
vt 0.052664 0.643649
vt 0.228661 0.954192
vt 0.236956 0.953423
vt 0.232646 0.957069
vt 0.225566 0.957042
vt 0.228661 0.954192
vt 0.232646 0.957069
vt 0.219818 0.960492
vt 0.218206 0.958947
vt 0.221743 0.958508
vt 0.709908 0.918764
vt 0.713275 0.919278
vt 0.712031 0.922412
vt 0.213048 0.958818
vt 0.217682 0.954285
vt 0.221106 0.956157
vt 0.224578 0.952349
vt 0.221106 0.956157
vt 0.217682 0.954285
vt 0.031782 0.588350
vt 0.032936 0.591685
vt 0.040915 0.577892
vt 0.228661 0.954192
vt 0.225566 0.957042
vt 0.221106 0.956157
vt 0.213048 0.958818
vt 0.221106 0.956157
vt 0.218206 0.958947
vt 0.811980 0.971847
vt 0.813098 0.968981
vt 0.816275 0.971641
vt 0.033279 0.595809
vt 0.032936 0.591685
vt 0.029245 0.602047
vt 0.293580 0.902468
vt 0.291815 0.891835
vt 0.288949 0.900993
vt 0.185384 0.962009
vt 0.185926 0.964639
vt 0.181134 0.964388
vt 0.218206 0.958947
vt 0.215351 0.961694
vt 0.213048 0.958818
vt 0.217682 0.954285
vt 0.212474 0.955725
vt 0.214717 0.953118
vt 0.046941 0.706128
vt 0.044963 0.713320
vt 0.047966 0.709831
vt 0.044963 0.713320
vt 0.046941 0.706128
vt 0.045357 0.700109
vt 0.026136 0.597792
vt 0.032936 0.591685
vt 0.031782 0.588350
vt 0.034867 0.627516
vt 0.038085 0.631946
vt 0.040323 0.627810
vt 0.052218 0.699189
vt 0.048976 0.697106
vt 0.048295 0.701608
vt 0.024356 0.611315
vt 0.026403 0.614173
vt 0.028384 0.609479
vt 0.028384 0.609479
vt 0.029245 0.602047
vt 0.024356 0.611315
vt 0.189625 0.959117
vt 0.194672 0.958797
vt 0.191891 0.960669
vt 0.207367 0.958325
vt 0.203375 0.957658
vt 0.209277 0.955355
vt 0.430462 0.991364
vt 0.433986 0.992147
vt 0.431517 0.994215
vt 0.054075 0.704240
vt 0.049925 0.705493
vt 0.052186 0.707890
vt 0.052218 0.699189
vt 0.049925 0.705493
vt 0.054075 0.704240
vt 0.234505 0.947350
vt 0.233262 0.950677
vt 0.227451 0.949310
vt 0.227451 0.949310
vt 0.233262 0.950677
vt 0.224578 0.952349
vt 0.224578 0.952349
vt 0.233262 0.950677
vt 0.228661 0.954192
vt 0.221106 0.956157
vt 0.224578 0.952349
vt 0.228661 0.954192
vt 0.211031 0.952843
vt 0.209277 0.955355
vt 0.206201 0.955130
vt 0.134165 0.933024
vt 0.129084 0.933339
vt 0.130713 0.931250
vt 0.040739 0.585808
vt 0.041846 0.581038
vt 0.032936 0.591685
vt 0.067717 0.621544
vt 0.063817 0.621225
vt 0.065685 0.626913
vt 0.048912 0.623084
vt 0.050178 0.619441
vt 0.047212 0.618440
vt 0.054004 0.620650
vt 0.050178 0.619441
vt 0.048912 0.623084
vt 0.217682 0.954285
vt 0.213048 0.958818
vt 0.212474 0.955725
vt 0.207367 0.958325
vt 0.212474 0.955725
vt 0.213048 0.958818
vt 0.197293 0.959660
vt 0.203375 0.957658
vt 0.200616 0.960808
vt 0.203375 0.957658
vt 0.197293 0.959660
vt 0.200562 0.956119
vt 0.212474 0.955725
vt 0.207367 0.958325
vt 0.209277 0.955355
vt 0.211031 0.952843
vt 0.214717 0.953118
vt 0.209277 0.955355
vt 0.203375 0.957658
vt 0.200562 0.956119
vt 0.206201 0.955130
vt 0.209277 0.955355
vt 0.203375 0.957658
vt 0.206201 0.955130
vt 0.783849 0.993112
vt 0.788196 0.989970
vt 0.787938 0.993280
vt 0.040323 0.627810
vt 0.043965 0.628944
vt 0.043448 0.622957
vt 0.205018 0.961848
vt 0.198736 0.964363
vt 0.200616 0.960808
vt 0.035817 0.622283
vt 0.034867 0.627516
vt 0.038707 0.623736
vt 0.205018 0.961848
vt 0.207367 0.958325
vt 0.213048 0.958818
vt 0.198736 0.964363
vt 0.203013 0.964540
vt 0.200365 0.967546
vt 0.205018 0.961848
vt 0.203013 0.964540
vt 0.198736 0.964363
vt 0.205018 0.961848
vt 0.200616 0.960808
vt 0.207367 0.958325
vt 0.207367 0.958325
vt 0.200616 0.960808
vt 0.203375 0.957658
vt 0.197293 0.959660
vt 0.192724 0.962997
vt 0.191891 0.960669
vt 0.844256 0.966535
vt 0.838725 0.968152
vt 0.836716 0.965103
vt 0.056072 0.631432
vt 0.050951 0.629586
vt 0.052873 0.635932
vt 0.208110 0.964747
vt 0.203013 0.964540
vt 0.205018 0.961848
vt 0.140945 0.931963
vt 0.145557 0.932430
vt 0.144870 0.935339
vt 0.144870 0.935339
vt 0.138988 0.936617
vt 0.140945 0.931963
vt 0.833678 0.968564
vt 0.832700 0.970955
vt 0.828753 0.970251
vt 0.192986 0.966081
vt 0.192724 0.962997
vt 0.198736 0.964363
vt 0.198736 0.964363
vt 0.192724 0.962997
vt 0.200616 0.960808
vt 0.038754 0.617501
vt 0.043448 0.622957
vt 0.043548 0.616940
vt 0.181134 0.964388
vt 0.174734 0.963131
vt 0.185384 0.962009
vt 0.295793 0.884384
vt 0.291815 0.891835
vt 0.297932 0.896113
vt 0.829412 0.966748
vt 0.836716 0.965103
vt 0.834757 0.966689
vt 0.830506 0.963359
vt 0.836716 0.965103
vt 0.829412 0.966748
vt 0.181134 0.964388
vt 0.177903 0.965725
vt 0.174734 0.963131
vt 0.291815 0.891835
vt 0.293580 0.902468
vt 0.297932 0.896113
vt 0.218855 0.963262
vt 0.213684 0.964991
vt 0.215351 0.961694
vt 0.192724 0.962997
vt 0.197293 0.959660
vt 0.200616 0.960808
vt 0.024356 0.611315
vt 0.029245 0.602047
vt 0.025363 0.603257
vt 0.118604 0.932260
vt 0.119123 0.934935
vt 0.115755 0.934185
vt 0.116615 0.936280
vt 0.115755 0.934185
vt 0.119123 0.934935
vt 0.813098 0.968981
vt 0.821441 0.967538
vt 0.819823 0.969967
vt 0.816275 0.971641
vt 0.813098 0.968981
vt 0.819823 0.969967
vt 0.203013 0.964540
vt 0.208110 0.964747
vt 0.200365 0.967546
vt 0.754043 0.877253
vt 0.745188 0.878615
vt 0.750077 0.874337
vt 0.755028 0.874711
vt 0.754043 0.877253
vt 0.750077 0.874337
vt 0.189186 0.965657
vt 0.192724 0.962997
vt 0.192986 0.966081
vt 0.185926 0.964639
vt 0.192724 0.962997
vt 0.189186 0.965657
vt 0.135061 0.927103
vt 0.132392 0.925728
vt 0.138130 0.924609
vt 0.138130 0.924609
vt 0.138918 0.927865
vt 0.135061 0.927103
vt 0.048912 0.623084
vt 0.047212 0.618440
vt 0.043448 0.622957
vt 0.043448 0.622957
vt 0.047212 0.618440
vt 0.043548 0.616940
vt 0.146227 0.947178
vt 0.149108 0.943711
vt 0.150874 0.947065
vt 0.037753 0.637636
vt 0.041201 0.641490
vt 0.042713 0.637475
vt 0.200365 0.967546
vt 0.208110 0.964747
vt 0.203526 0.971448
vt 0.219818 0.960492
vt 0.215351 0.961694
vt 0.218206 0.958947
vt 0.025000 0.632202
vt 0.030560 0.630810
vt 0.027174 0.626798
vt 0.030615 0.626783
vt 0.027174 0.626798
vt 0.030560 0.630810
vt 0.218855 0.963262
vt 0.216305 0.967593
vt 0.213684 0.964991
vt 0.043448 0.622957
vt 0.038707 0.623736
vt 0.040323 0.627810
vt 0.038707 0.623736
vt 0.043448 0.622957
vt 0.038754 0.617501
vt 0.218855 0.963262
vt 0.215351 0.961694
vt 0.219818 0.960492
vt 0.041966 0.613129
vt 0.043548 0.616940
vt 0.046334 0.612716
vt 0.219818 0.960492
vt 0.221743 0.958508
vt 0.224805 0.960514
vt 0.224805 0.960514
vt 0.221743 0.958508
vt 0.225566 0.957042
vt 0.031233 0.609707
vt 0.029936 0.614878
vt 0.034476 0.612134
vt 0.034476 0.612134
vt 0.033643 0.618876
vt 0.038754 0.617501
vt 0.134165 0.933024
vt 0.136007 0.934873
vt 0.131381 0.935276
vt 0.035817 0.622283
vt 0.038707 0.623736
vt 0.038754 0.617501
vt 0.033643 0.618876
vt 0.035817 0.622283
vt 0.038754 0.617501
vt 0.050240 0.634857
vt 0.050951 0.629586
vt 0.046609 0.633963
vt 0.046334 0.612716
vt 0.047212 0.618440
vt 0.050477 0.615811
vt 0.043548 0.616940
vt 0.047212 0.618440
vt 0.046334 0.612716
vt 0.588916 0.994930
vt 0.591252 0.992214
vt 0.592443 0.995066
vt 0.224805 0.960514
vt 0.218855 0.963262
vt 0.219818 0.960492
vt 0.048282 0.651368
vt 0.052664 0.643649
vt 0.049218 0.645646
vt 0.225566 0.957042
vt 0.232646 0.957069
vt 0.224805 0.960514
vt 0.049123 0.640379
vt 0.052873 0.635932
vt 0.050240 0.634857
vt 0.049123 0.640379
vt 0.049218 0.645646
vt 0.052664 0.643649
vt 0.052664 0.643649
vt 0.052873 0.635932
vt 0.049123 0.640379
vt 0.046922 0.627662
vt 0.050951 0.629586
vt 0.048912 0.623084
vt 0.050951 0.629586
vt 0.046922 0.627662
vt 0.046609 0.633963
vt 0.055230 0.612570
vt 0.052979 0.614333
vt 0.054004 0.620650
vt 0.370526 0.990743
vt 0.374945 0.990487
vt 0.372345 0.993452
vt 0.138988 0.936617
vt 0.144870 0.935339
vt 0.143369 0.939706
vt 0.029670 0.622220
vt 0.033135 0.623351
vt 0.033643 0.618876
vt 0.156186 0.943129
vt 0.159435 0.938856
vt 0.163727 0.944068
vt 0.033276 0.642078
vt 0.027539 0.641787
vt 0.031948 0.648335
vt 0.044820 0.641007
vt 0.042713 0.637475
vt 0.041201 0.641490
vt 0.041201 0.641490
vt 0.037753 0.637636
vt 0.037451 0.645639
vt 0.039072 0.654682
vt 0.036730 0.658019
vt 0.040107 0.659188
vt 0.218855 0.963262
vt 0.222561 0.965565
vt 0.216305 0.967593
vt 0.040323 0.627810
vt 0.038707 0.623736
vt 0.034867 0.627516
vt 0.031485 0.636621
vt 0.037753 0.637636
vt 0.034620 0.633084
vt 0.149084 0.932566
vt 0.150209 0.935373
vt 0.144870 0.935339
vt 0.147329 0.937505
vt 0.144870 0.935339
vt 0.150209 0.935373
vt 0.119774 0.937534
vt 0.124053 0.938677
vt 0.119193 0.941152
vt 0.140945 0.931963
vt 0.138988 0.936617
vt 0.136007 0.934873
vt 0.821571 0.973025
vt 0.816275 0.971641
vt 0.819823 0.969967
vt 0.894065 0.990972
vt 0.897870 0.990743
vt 0.894007 0.993967
vt 0.212323 0.971211
vt 0.210408 0.968467
vt 0.216305 0.967593
vt 0.210408 0.968467
vt 0.208518 0.971441
vt 0.203526 0.971448
vt 0.836306 0.970358
vt 0.832700 0.970955
vt 0.833678 0.968564
vt 0.836306 0.970358
vt 0.833678 0.968564
vt 0.838725 0.968152
vt 0.130713 0.931250
vt 0.135898 0.930860
vt 0.134165 0.933024
vt 0.140945 0.931963
vt 0.136007 0.934873
vt 0.134165 0.933024
vt 0.140945 0.931963
vt 0.135898 0.930860
vt 0.138918 0.927865
vt 0.426357 0.992536
vt 0.430462 0.991364
vt 0.431517 0.994215
vt 0.118604 0.932260
vt 0.124489 0.935101
vt 0.119123 0.934935
vt 0.131381 0.935276
vt 0.129084 0.933339
vt 0.134165 0.933024
vt 0.817482 0.963180
vt 0.824325 0.961067
vt 0.823515 0.964563
vt 0.817956 0.961681
vt 0.824325 0.961067
vt 0.817482 0.963180
vt 0.824325 0.961067
vt 0.832043 0.960724
vt 0.830506 0.963359
vt 0.823515 0.964563
vt 0.824325 0.961067
vt 0.830506 0.963359
vt 0.183755 0.969132
vt 0.178513 0.970962
vt 0.178010 0.967983
vt 0.459560 0.990583
vt 0.459256 0.993540
vt 0.453843 0.991236
vt 0.042893 0.652676
vt 0.039072 0.654682
vt 0.040107 0.659188
vt 0.836306 0.970358
vt 0.837659 0.972365
vt 0.834635 0.972503
vt 0.841420 0.976974
vt 0.836460 0.974491
vt 0.841178 0.973302
vt 0.836460 0.974491
vt 0.837659 0.972365
vt 0.841178 0.973302
vt 0.042893 0.652676
vt 0.039935 0.650130
vt 0.039072 0.654682
vt 0.909400 0.991099
vt 0.911243 0.993876
vt 0.905705 0.994167
vt 0.119774 0.937534
vt 0.116615 0.936280
vt 0.119123 0.934935
vt 0.136007 0.934873
vt 0.138988 0.936617
vt 0.134123 0.937039
vt 0.134123 0.937039
vt 0.138988 0.936617
vt 0.134562 0.940531
vt 0.821571 0.973025
vt 0.819823 0.969967
vt 0.824453 0.969411
vt 0.124053 0.938677
vt 0.126923 0.941213
vt 0.119193 0.941152
vt 0.821441 0.967538
vt 0.813098 0.968981
vt 0.814773 0.965615
vt 0.829412 0.966748
vt 0.821441 0.967538
vt 0.823515 0.964563
vt 0.828753 0.970251
vt 0.824453 0.969411
vt 0.829412 0.966748
vt 0.129084 0.933339
vt 0.124305 0.931214
vt 0.130713 0.931250
vt 0.130713 0.931250
vt 0.124305 0.931214
vt 0.127209 0.929668
vt 0.732583 0.990617
vt 0.737427 0.992041
vt 0.734881 0.993878
vt 0.185926 0.964639
vt 0.185764 0.966813
vt 0.181927 0.966394
vt 0.817482 0.963180
vt 0.823515 0.964563
vt 0.814773 0.965615
vt 0.037468 0.696950
vt 0.039383 0.698373
vt 0.039658 0.693159
vt 0.829412 0.966748
vt 0.823515 0.964563
vt 0.830506 0.963359
vt 0.830506 0.963359
vt 0.832043 0.960724
vt 0.836213 0.962124
vt 0.130303 0.929333
vt 0.130713 0.931250
vt 0.127209 0.929668
vt 0.178940 0.983502
vt 0.178007 0.981626
vt 0.181662 0.981183
vt 0.821441 0.967538
vt 0.829412 0.966748
vt 0.824453 0.969411
vt 0.037695 0.701452
vt 0.037468 0.696950
vt 0.035450 0.700717
vt 0.036396 0.705553
vt 0.037695 0.701452
vt 0.035450 0.700717
vt 0.821571 0.973025
vt 0.817743 0.976464
vt 0.811394 0.975474
vt 0.196101 0.967183
vt 0.193047 0.968308
vt 0.192986 0.966081
vt 0.133839 0.929252
vt 0.131954 0.927905
vt 0.135061 0.927103
vt 0.135061 0.927103
vt 0.138918 0.927865
vt 0.133839 0.929252
vt 0.819823 0.969967
vt 0.821441 0.967538
vt 0.824453 0.969411
vt 0.181927 0.966394
vt 0.177903 0.965725
vt 0.181134 0.964388
vt 0.189186 0.965657
vt 0.185764 0.966813
vt 0.185926 0.964639
vt 0.185926 0.964639
vt 0.185384 0.962009
vt 0.192724 0.962997
vt 0.191891 0.960669
vt 0.192724 0.962997
vt 0.185384 0.962009
vt 0.036045 0.590553
vt 0.032936 0.591685
vt 0.033279 0.595809
vt 0.040739 0.585808
vt 0.032936 0.591685
vt 0.036045 0.590553
vt 0.191891 0.960669
vt 0.185384 0.962009
vt 0.189625 0.959117
vt 0.189625 0.959117
vt 0.185384 0.962009
vt 0.181198 0.958394
vt 0.039932 0.705596
vt 0.045357 0.700109
vt 0.042216 0.694543
vt 0.056766 0.675276
vt 0.056729 0.681694
vt 0.060521 0.674751
vt 0.123318 0.981821
vt 0.128783 0.980543
vt 0.130165 0.983949
vt 0.189186 0.965657
vt 0.189110 0.968139
vt 0.185764 0.966813
vt 0.185764 0.966813
vt 0.189110 0.968139
vt 0.183755 0.969132
vt 0.478392 0.992262
vt 0.483715 0.991812
vt 0.482678 0.994121
vt 0.188599 0.970556
vt 0.189110 0.968139
vt 0.191679 0.969907
vt 0.130303 0.929333
vt 0.128247 0.927358
vt 0.131954 0.927905
vt 0.131954 0.927905
vt 0.133839 0.929252
vt 0.130303 0.929333
vt 0.130713 0.931250
vt 0.133839 0.929252
vt 0.135898 0.930860
vt 0.133839 0.929252
vt 0.138918 0.927865
vt 0.135898 0.930860
vt 0.132392 0.925728
vt 0.131954 0.927905
vt 0.128247 0.927358
vt 0.192986 0.966081
vt 0.189110 0.968139
vt 0.189186 0.965657
vt 0.834757 0.966689
vt 0.838725 0.968152
vt 0.833678 0.968564
vt 0.833678 0.968564
vt 0.829412 0.966748
vt 0.834757 0.966689
vt 0.829412 0.966748
vt 0.833678 0.968564
vt 0.828753 0.970251
vt 0.821571 0.973025
vt 0.830227 0.973781
vt 0.824443 0.977231
vt 0.761717 0.871825
vt 0.757221 0.872733
vt 0.758759 0.869736
vt 0.832700 0.970955
vt 0.834635 0.972503
vt 0.830227 0.973781
vt 0.150874 0.947065
vt 0.149108 0.943711
vt 0.154002 0.946121
vt 0.039493 0.957564
vt 0.022598 0.961995
vt 0.030307 0.956099
vt 0.836460 0.974491
vt 0.834635 0.972503
vt 0.837659 0.972365
vt 0.816275 0.971641
vt 0.821571 0.973025
vt 0.811394 0.975474
vt 0.811394 0.975474
vt 0.811980 0.971847
vt 0.816275 0.971641
vt 0.836460 0.974491
vt 0.841420 0.976974
vt 0.833146 0.977309
vt 0.830227 0.973781
vt 0.833146 0.977309
vt 0.824443 0.977231
vt 0.738284 0.874988
vt 0.742985 0.875189
vt 0.737577 0.876961
vt 0.124489 0.935101
vt 0.129084 0.933339
vt 0.131381 0.935276
vt 0.123829 0.943760
vt 0.119193 0.941152
vt 0.126923 0.941213
vt 0.134562 0.940531
vt 0.129254 0.937969
vt 0.134123 0.937039
vt 0.134123 0.937039
vt 0.131381 0.935276
vt 0.136007 0.934873
vt 0.798327 0.979526
vt 0.807173 0.979878
vt 0.804288 0.983306
vt 0.742975 0.870973
vt 0.741559 0.867480
vt 0.749879 0.869882
vt 0.126923 0.941213
vt 0.129254 0.937969
vt 0.134562 0.940531
vt 0.134123 0.937039
vt 0.129254 0.937969
vt 0.131381 0.935276
vt 0.836460 0.974491
vt 0.833146 0.977309
vt 0.830227 0.973781
vt 0.020968 0.637891
vt 0.025000 0.632202
vt 0.019673 0.630585
vt 0.043448 0.622957
vt 0.043965 0.628944
vt 0.046922 0.627662
vt 0.046609 0.633963
vt 0.044820 0.641007
vt 0.049123 0.640379
vt 0.046609 0.633963
vt 0.049123 0.640379
vt 0.050240 0.634857
vt 0.049123 0.640379
vt 0.044820 0.641007
vt 0.045742 0.646563
vt 0.129254 0.937969
vt 0.124053 0.938677
vt 0.124489 0.935101
vt 0.124053 0.938677
vt 0.119774 0.937534
vt 0.124489 0.935101
vt 0.124489 0.935101
vt 0.119774 0.937534
vt 0.119123 0.934935
vt 0.126923 0.941213
vt 0.124053 0.938677
vt 0.129254 0.937969
vt 0.129254 0.937969
vt 0.124489 0.935101
vt 0.131381 0.935276
vt 0.031485 0.636621
vt 0.034620 0.633084
vt 0.030560 0.630810
vt 0.134562 0.940531
vt 0.138988 0.936617
vt 0.143369 0.939706
vt 0.143369 0.939706
vt 0.139895 0.945223
vt 0.134562 0.940531
vt 0.134562 0.940531
vt 0.139895 0.945223
vt 0.129396 0.945689
vt 0.126923 0.941213
vt 0.134562 0.940531
vt 0.129396 0.945689
vt 0.039935 0.650130
vt 0.035482 0.653359
vt 0.039072 0.654682
vt 0.151563 0.938981
vt 0.150209 0.935373
vt 0.156440 0.934714
vt 0.153173 0.932733
vt 0.156440 0.934714
vt 0.150209 0.935373
vt 0.039072 0.654682
vt 0.035482 0.653359
vt 0.036730 0.658019
vt 0.162696 0.958421
vt 0.165990 0.956180
vt 0.165611 0.960726
vt 0.041797 0.632844
vt 0.037753 0.637636
vt 0.042713 0.637475
vt 0.038085 0.631946
vt 0.037753 0.637636
vt 0.041797 0.632844
vt 0.042028 0.645722
vt 0.039935 0.650130
vt 0.042705 0.648910
vt 0.019818 0.614790
vt 0.014207 0.621431
vt 0.016281 0.626804
vt 0.232649 0.944856
vt 0.236858 0.941927
vt 0.239947 0.944696
vt 0.023549 0.624412
vt 0.025630 0.622187
vt 0.024130 0.618336
vt 0.050178 0.619441
vt 0.050477 0.615811
vt 0.047212 0.618440
vt 0.049218 0.645646
vt 0.045742 0.646563
vt 0.048282 0.651368
vt 0.029936 0.614878
vt 0.028384 0.609479
vt 0.026403 0.614173
vt 0.021371 0.620100
vt 0.023549 0.624412
vt 0.024130 0.618336
vt 0.025630 0.622187
vt 0.023549 0.624412
vt 0.027174 0.626798
vt 0.027174 0.626798
vt 0.023549 0.624412
vt 0.025000 0.632202
vt 0.042028 0.645722
vt 0.041201 0.641490
vt 0.037451 0.645639
vt 0.032039 0.625341
vt 0.033135 0.623351
vt 0.029670 0.622220
vt 0.029670 0.622220
vt 0.030615 0.626783
vt 0.032039 0.625341
vt 0.058984 0.556760
vt 0.061696 0.550645
vt 0.056229 0.556929
vt 0.050381 0.571282
vt 0.056229 0.556929
vt 0.040915 0.577892
vt 0.037451 0.645639
vt 0.035482 0.653359
vt 0.039935 0.650130
vt 0.135923 0.969244
vt 0.140479 0.971641
vt 0.135018 0.972938
vt 0.037451 0.645639
vt 0.033276 0.642078
vt 0.031948 0.648335
vt 0.057677 0.561078
vt 0.056229 0.556929
vt 0.050381 0.571282
vt 0.165071 0.950783
vt 0.158602 0.948578
vt 0.163727 0.944068
vt 0.061696 0.550645
vt 0.065992 0.541611
vt 0.056229 0.556929
vt 0.041846 0.581038
vt 0.050381 0.571282
vt 0.040915 0.577892
vt 0.056229 0.556929
vt 0.057677 0.561078
vt 0.058984 0.556760
vt 0.046609 0.633963
vt 0.042713 0.637475
vt 0.044820 0.641007
vt 0.045742 0.646563
vt 0.044820 0.641007
vt 0.042028 0.645722
vt 0.042028 0.645722
vt 0.042705 0.648910
vt 0.045742 0.646563
vt 0.082822 0.518596
vt 0.085305 0.509745
vt 0.074022 0.524488
vt 0.085305 0.509745
vt 0.082822 0.518596
vt 0.089006 0.506270
vt 0.033276 0.642078
vt 0.037451 0.645639
vt 0.037753 0.637636
vt 0.031485 0.636621
vt 0.030560 0.630810
vt 0.025000 0.632202
vt 0.037753 0.637636
vt 0.031485 0.636621
vt 0.033276 0.642078
vt 0.042893 0.652676
vt 0.045742 0.646563
vt 0.042705 0.648910
vt 0.048282 0.651368
vt 0.045742 0.646563
vt 0.042893 0.652676
vt 0.049123 0.640379
vt 0.045742 0.646563
vt 0.049218 0.645646
vt 0.029936 0.614878
vt 0.029670 0.622220
vt 0.033643 0.618876
vt 0.033643 0.618876
vt 0.034476 0.612134
vt 0.029936 0.614878
vt 0.023549 0.624412
vt 0.021371 0.620100
vt 0.021384 0.626597
vt 0.024356 0.611315
vt 0.021371 0.620100
vt 0.024130 0.618336
vt 0.016281 0.626804
vt 0.019129 0.623978
vt 0.019818 0.614790
vt 0.138046 0.951571
vt 0.140082 0.954667
vt 0.135696 0.954822
vt 0.046609 0.633963
vt 0.043965 0.628944
vt 0.041797 0.632844
vt 0.043965 0.628944
vt 0.046609 0.633963
vt 0.046922 0.627662
vt 0.025363 0.603257
vt 0.032936 0.591685
vt 0.026136 0.597792
vt 0.045357 0.700109
vt 0.048813 0.691531
vt 0.045563 0.690888
vt 0.031485 0.636621
vt 0.027539 0.641787
vt 0.033276 0.642078
vt 0.025000 0.632202
vt 0.027539 0.641787
vt 0.031485 0.636621
vt 0.027174 0.626798
vt 0.030615 0.626783
vt 0.029670 0.622220
vt 0.040323 0.627810
vt 0.041797 0.632844
vt 0.043965 0.628944
vt 0.016281 0.626804
vt 0.011063 0.632924
vt 0.015687 0.634709
vt 0.133223 0.959111
vt 0.131236 0.954365
vt 0.135696 0.954822
vt 0.026403 0.614173
vt 0.026761 0.618311
vt 0.029936 0.614878
vt 0.029936 0.614878
vt 0.026761 0.618311
vt 0.029670 0.622220
vt 0.024356 0.611315
vt 0.024130 0.618336
vt 0.026403 0.614173
vt 0.029670 0.622220
vt 0.026761 0.618311
vt 0.025630 0.622187
vt 0.025630 0.622187
vt 0.027174 0.626798
vt 0.029670 0.622220
vt 0.041797 0.632844
vt 0.040323 0.627810
vt 0.038085 0.631946
vt 0.021371 0.620100
vt 0.019818 0.614790
vt 0.019129 0.623978
vt 0.139895 0.945223
vt 0.146227 0.947178
vt 0.142477 0.948213
vt 0.026136 0.597792
vt 0.031782 0.588350
vt 0.024284 0.599006
vt 0.026136 0.597792
vt 0.024284 0.599006
vt 0.022149 0.604767
vt 0.025363 0.603257
vt 0.019818 0.614790
vt 0.024356 0.611315
vt 0.019818 0.614790
vt 0.025363 0.603257
vt 0.022149 0.604767
vt 0.122451 0.946021
vt 0.123829 0.943760
vt 0.129396 0.945689
vt 0.126458 0.953893
vt 0.123536 0.949716
vt 0.129185 0.950462
vt 0.056242 0.949218
vt 0.061933 0.945461
vt 0.066868 0.945311
vt 0.150874 0.947065
vt 0.154002 0.946121
vt 0.153788 0.949383
vt 0.158602 0.948578
vt 0.159953 0.955533
vt 0.155931 0.952638
vt 0.153975 0.956680
vt 0.151859 0.953148
vt 0.155931 0.952638
vt 0.121746 0.953624
vt 0.123536 0.949716
vt 0.126458 0.953893
vt 0.056229 0.556929
vt 0.037914 0.577407
vt 0.040915 0.577892
vt 0.037914 0.577407
vt 0.031782 0.588350
vt 0.040915 0.577892
vt 0.031782 0.588350
vt 0.037914 0.577407
vt 0.024284 0.599006
vt 0.093983 0.494712
vt 0.088845 0.502762
vt 0.091692 0.502806
vt 0.079157 0.572885
vt 0.079538 0.568121
vt 0.076527 0.568702
vt 0.086138 0.936259
vt 0.080546 0.937319
vt 0.087798 0.933529
vt 0.156186 0.943129
vt 0.149108 0.943711
vt 0.151563 0.938981
vt 0.151563 0.938981
vt 0.159435 0.938856
vt 0.156186 0.943129
vt 0.154002 0.946121
vt 0.149108 0.943711
vt 0.156186 0.943129
vt 0.159435 0.938856
vt 0.151563 0.938981
vt 0.156440 0.934714
vt 0.139895 0.945223
vt 0.149108 0.943711
vt 0.146227 0.947178
vt 0.149108 0.943711
vt 0.139895 0.945223
vt 0.143369 0.939706
vt 0.151563 0.938981
vt 0.149108 0.943711
vt 0.143369 0.939706
vt 0.146227 0.947178
vt 0.150874 0.947065
vt 0.149599 0.950058
vt 0.146227 0.947178
vt 0.145356 0.950337
vt 0.142477 0.948213
vt 0.149599 0.950058
vt 0.145356 0.950337
vt 0.146227 0.947178
vt 0.722470 0.895348
vt 0.725845 0.892954
vt 0.726706 0.897109
vt 0.721732 0.890606
vt 0.725845 0.892954
vt 0.722470 0.895348
vt 0.727645 0.889625
vt 0.725845 0.892954
vt 0.721732 0.890606
vt 0.734537 0.888339
vt 0.740576 0.892268
vt 0.736088 0.893081
vt 0.714797 0.881206
vt 0.715432 0.883890
vt 0.707788 0.883972
vt 0.715432 0.883890
vt 0.714797 0.881206
vt 0.720904 0.882874
vt 0.708957 0.879129
vt 0.714797 0.881206
vt 0.706633 0.881236
vt 0.746098 0.895438
vt 0.748771 0.890720
vt 0.751236 0.895666
vt 0.751236 0.895666
vt 0.748771 0.890720
vt 0.755527 0.893424
vt 0.149328 0.957195
vt 0.151859 0.953148
vt 0.153975 0.956680
vt 0.708343 0.908683
vt 0.710974 0.907294
vt 0.711056 0.911459
vt 0.138380 0.960611
vt 0.136194 0.964823
vt 0.134773 0.962330
vt 0.726344 0.885254
vt 0.727645 0.889625
vt 0.721904 0.887173
vt 0.721904 0.887173
vt 0.727645 0.889625
vt 0.721732 0.890606
vt 0.715432 0.883890
vt 0.720904 0.882874
vt 0.719746 0.885007
vt 0.725845 0.892954
vt 0.727645 0.889625
vt 0.729460 0.893949
vt 0.723501 0.901551
vt 0.727846 0.901325
vt 0.727225 0.905510
vt 0.733571 0.895729
vt 0.729460 0.893949
vt 0.732297 0.891861
vt 0.732297 0.891861
vt 0.729460 0.893949
vt 0.727645 0.889625
vt 0.727846 0.901325
vt 0.731476 0.903872
vt 0.727225 0.905510
vt 0.688654 0.909864
vt 0.683782 0.911254
vt 0.686733 0.907143
vt 0.680415 0.907675
vt 0.686733 0.907143
vt 0.683782 0.911254
vt 0.727846 0.901325
vt 0.726706 0.897109
vt 0.730406 0.898476
vt 0.727846 0.901325
vt 0.730406 0.898476
vt 0.731476 0.903872
vt 0.726344 0.885254
vt 0.720904 0.882874
vt 0.725976 0.882554
vt 0.726344 0.885254
vt 0.725976 0.882554
vt 0.732624 0.883506
vt 0.018090 0.953895
vt 0.019580 0.957618
vt 0.017103 0.957921
vt 0.709642 0.893480
vt 0.703637 0.893945
vt 0.702509 0.891428
vt 0.712762 0.888025
vt 0.709642 0.893480
vt 0.702509 0.891428
vt 0.732824 0.915546
vt 0.723607 0.917907
vt 0.724565 0.914314
vt 0.742168 0.887980
vt 0.747518 0.885728
vt 0.748771 0.890720
vt 0.096381 0.932782
vt 0.078925 0.940288
vt 0.086138 0.936259
vt 0.718353 0.905005
vt 0.723358 0.908953
vt 0.719422 0.910839
vt 0.712191 0.915439
vt 0.713275 0.919278
vt 0.709908 0.918764
vt 0.690509 0.896706
vt 0.692186 0.899125
vt 0.686869 0.899632
vt 0.719454 0.914663
vt 0.716096 0.917192
vt 0.715028 0.910740
vt 0.723358 0.908953
vt 0.724565 0.914314
vt 0.721468 0.912803
vt 0.729652 0.910454
vt 0.724565 0.914314
vt 0.723358 0.908953
vt 0.723358 0.908953
vt 0.727225 0.905510
vt 0.729652 0.910454
vt 0.733571 0.895729
vt 0.732297 0.891861
vt 0.736088 0.893081
vt 0.733571 0.895729
vt 0.734158 0.899858
vt 0.730406 0.898476
vt 0.016363 0.966389
vt 0.011345 0.966260
vt 0.015702 0.964505
vt 0.015702 0.964505
vt 0.011345 0.966260
vt 0.011490 0.962883
vt 0.747518 0.885728
vt 0.753310 0.887882
vt 0.748771 0.890720
vt 0.751723 0.884064
vt 0.753310 0.887882
vt 0.747518 0.885728
vt 0.739620 0.898533
vt 0.736002 0.903066
vt 0.734158 0.899858
vt 0.739179 0.904406
vt 0.736002 0.903066
vt 0.739620 0.898533
vt 0.731476 0.903872
vt 0.734158 0.899858
vt 0.736002 0.903066
vt 0.729460 0.893949
vt 0.733571 0.895729
vt 0.730406 0.898476
vt 0.733571 0.895729
vt 0.739620 0.898533
vt 0.734158 0.899858
vt 0.736088 0.893081
vt 0.739620 0.898533
vt 0.733571 0.895729
vt 0.740576 0.892268
vt 0.739620 0.898533
vt 0.736088 0.893081
vt 0.721904 0.887173
vt 0.721732 0.890606
vt 0.712762 0.888025
vt 0.704712 0.926793
vt 0.712444 0.926430
vt 0.705453 0.928601
vt 0.712762 0.888025
vt 0.715432 0.883890
vt 0.719746 0.885007
vt 0.506599 0.976135
vt 0.508883 0.973417
vt 0.510916 0.976002
vt 0.697420 0.888733
vt 0.712762 0.888025
vt 0.702509 0.891428
vt 0.716096 0.917192
vt 0.712191 0.915439
vt 0.715028 0.910740
vt 0.729652 0.910454
vt 0.727225 0.905510
vt 0.731476 0.903872
vt 0.716096 0.917192
vt 0.713275 0.919278
vt 0.712191 0.915439
vt 0.690509 0.896706
vt 0.686869 0.899632
vt 0.685248 0.897077
vt 0.718280 0.920805
vt 0.713275 0.919278
vt 0.716096 0.917192
vt 0.732824 0.915546
vt 0.736339 0.919066
vt 0.723607 0.917907
vt 0.020943 0.966600
vt 0.012315 0.968632
vt 0.016363 0.966389
vt 0.716096 0.917192
vt 0.719454 0.914663
vt 0.723607 0.917907
vt 0.016363 0.966389
vt 0.012315 0.968632
vt 0.011345 0.966260
vt 0.011693 0.973571
vt 0.006779 0.970903
vt 0.020943 0.966600
vt 0.020943 0.966600
vt 0.006779 0.970903
vt 0.012315 0.968632
vt 0.678650 0.898888
vt 0.683548 0.903432
vt 0.677076 0.902664
vt 0.718280 0.920805
vt 0.716096 0.917192
vt 0.723607 0.917907
vt 0.718280 0.920805
vt 0.723607 0.917907
vt 0.736339 0.919066
vt 0.011345 0.966260
vt 0.012315 0.968632
vt 0.007623 0.967944
vt 0.011345 0.966260
vt 0.007623 0.967944
vt 0.006648 0.963700
vt 0.735413 0.908279
vt 0.734924 0.912711
vt 0.729652 0.910454
vt 0.729652 0.910454
vt 0.731476 0.903872
vt 0.735413 0.908279
vt 0.697420 0.888733
vt 0.707788 0.883972
vt 0.712762 0.888025
vt 0.715432 0.883890
vt 0.712762 0.888025
vt 0.707788 0.883972
vt 0.718647 0.898367
vt 0.716777 0.893283
vt 0.722470 0.895348
vt 0.018090 0.953895
vt 0.021142 0.951599
vt 0.022735 0.956617
vt 0.160022 0.960354
vt 0.165611 0.960726
vt 0.156106 0.964640
vt 0.007623 0.967944
vt 0.012315 0.968632
vt 0.006779 0.970903
vt 0.712031 0.922412
vt 0.710249 0.925039
vt 0.708304 0.922398
vt 0.708304 0.922398
vt 0.710249 0.925039
vt 0.707351 0.925520
vt 0.144932 0.968425
vt 0.140479 0.971641
vt 0.140723 0.969852
vt 0.711056 0.911459
vt 0.712191 0.915439
vt 0.708354 0.913988
vt 0.712191 0.915439
vt 0.709908 0.918764
vt 0.708354 0.913988
vt 0.718280 0.920805
vt 0.716333 0.923952
vt 0.712031 0.922412
vt 0.718280 0.920805
vt 0.736339 0.919066
vt 0.716333 0.923952
vt 0.689591 0.918914
vt 0.685212 0.915419
vt 0.689721 0.913513
vt 0.705356 0.906776
vt 0.702365 0.909772
vt 0.701631 0.904977
vt 0.701631 0.904977
vt 0.702365 0.909772
vt 0.695539 0.907285
vt 0.705658 0.918330
vt 0.704302 0.913781
vt 0.708354 0.913988
vt 0.689883 0.929960
vt 0.694339 0.930369
vt 0.697395 0.931532
vt 0.677808 0.905368
vt 0.683548 0.903432
vt 0.680415 0.907675
vt 0.681697 0.924060
vt 0.679519 0.928094
vt 0.678528 0.924657
vt 0.730361 0.924791
vt 0.712444 0.926430
vt 0.736339 0.919066
vt 0.736339 0.919066
vt 0.712444 0.926430
vt 0.716333 0.923952
vt 0.718353 0.905005
vt 0.719422 0.910839
vt 0.715028 0.910740
vt 0.705658 0.918330
vt 0.708354 0.913988
vt 0.709908 0.918764
vt 0.689721 0.913513
vt 0.683782 0.911254
vt 0.688654 0.909864
vt 0.682348 0.919155
vt 0.685212 0.915419
vt 0.689591 0.918914
vt 0.692692 0.933118
vt 0.697395 0.931532
vt 0.730361 0.924791
vt 0.718280 0.920805
vt 0.712031 0.922412
vt 0.713275 0.919278
vt 0.719234 0.873295
vt 0.713616 0.873447
vt 0.717401 0.871561
vt 0.030307 0.956099
vt 0.026167 0.951338
vt 0.032086 0.952232
vt 0.701288 0.896961
vt 0.697035 0.901373
vt 0.695832 0.896806
vt 0.117232 0.965351
vt 0.119551 0.960138
vt 0.124372 0.962638
vt 0.708354 0.913988
vt 0.708343 0.908683
vt 0.711056 0.911459
vt 0.502695 0.981573
vt 0.505406 0.978228
vt 0.508532 0.979339
vt 0.683548 0.903432
vt 0.690601 0.904399
vt 0.686733 0.907143
vt 0.686733 0.907143
vt 0.680415 0.907675
vt 0.683548 0.903432
vt 0.683746 0.937577
vt 0.683598 0.932058
vt 0.692692 0.933118
vt 0.689883 0.929960
vt 0.683598 0.932058
vt 0.684554 0.927680
vt 0.679519 0.928094
vt 0.683598 0.932058
vt 0.678319 0.932489
vt 0.689883 0.929960
vt 0.684554 0.927680
vt 0.687143 0.924167
vt 0.692692 0.933118
vt 0.683598 0.932058
vt 0.689883 0.929960
vt 0.697395 0.931532
vt 0.692692 0.933118
vt 0.689883 0.929960
vt 0.700324 0.929509
vt 0.697395 0.931532
vt 0.694339 0.930369
vt 0.699406 0.894129
vt 0.702509 0.891428
vt 0.703637 0.893945
vt 0.639942 0.929797
vt 0.637442 0.923502
vt 0.642244 0.925502
vt 0.644340 0.928828
vt 0.639942 0.929797
vt 0.642244 0.925502
vt 0.639942 0.929797
vt 0.634457 0.929150
vt 0.637442 0.923502
vt 0.683746 0.937577
vt 0.692692 0.933118
vt 0.730361 0.924791
vt 0.689721 0.913513
vt 0.698028 0.916579
vt 0.689591 0.918914
vt 0.677808 0.905368
vt 0.673796 0.904495
vt 0.677076 0.902664
vt 0.704135 0.922811
vt 0.704712 0.926793
vt 0.700333 0.925740
vt 0.670842 0.926257
vt 0.666600 0.928548
vt 0.667142 0.922377
vt 0.692186 0.899125
vt 0.697035 0.901373
vt 0.690035 0.901535
vt 0.687143 0.924167
vt 0.682348 0.919155
vt 0.689591 0.918914
vt 0.683746 0.937577
vt 0.678319 0.932489
vt 0.683598 0.932058
vt 0.700333 0.925740
vt 0.700324 0.929509
vt 0.694161 0.925424
vt 0.682348 0.919155
vt 0.674517 0.916392
vt 0.680351 0.914548
vt 0.704135 0.922811
vt 0.700333 0.925740
vt 0.698028 0.916579
vt 0.675699 0.910943
vt 0.683782 0.911254
vt 0.680351 0.914548
vt 0.681697 0.924060
vt 0.687143 0.924167
vt 0.684554 0.927680
vt 0.687143 0.924167
vt 0.681697 0.924060
vt 0.682348 0.919155
vt 0.681697 0.924060
vt 0.684554 0.927680
vt 0.679519 0.928094
vt 0.679519 0.928094
vt 0.684554 0.927680
vt 0.683598 0.932058
vt 0.682348 0.919155
vt 0.680351 0.914548
vt 0.685212 0.915419
vt 0.671743 0.921298
vt 0.677321 0.921803
vt 0.675363 0.925241
vt 0.675363 0.925241
vt 0.670842 0.926257
vt 0.671743 0.921298
vt 0.678528 0.924657
vt 0.677321 0.921803
vt 0.681697 0.924060
vt 0.677808 0.905368
vt 0.677076 0.902664
vt 0.683548 0.903432
vt 0.708343 0.908683
vt 0.708354 0.913988
vt 0.706087 0.910614
vt 0.704135 0.922811
vt 0.698028 0.916579
vt 0.705658 0.918330
vt 0.677808 0.905368
vt 0.680415 0.907675
vt 0.674810 0.907585
vt 0.675699 0.910943
vt 0.680415 0.907675
vt 0.683782 0.911254
vt 0.674810 0.907585
vt 0.680415 0.907675
vt 0.675699 0.910943
vt 0.673880 0.909187
vt 0.674810 0.907585
vt 0.675699 0.910943
vt 0.660516 0.920429
vt 0.667142 0.922377
vt 0.666600 0.928548
vt 0.671743 0.921298
vt 0.674517 0.916392
vt 0.677321 0.921803
vt 0.700333 0.925740
vt 0.704712 0.926793
vt 0.705453 0.928601
vt 0.690829 0.907974
vt 0.686733 0.907143
vt 0.690937 0.906415
vt 0.690937 0.906415
vt 0.695539 0.907285
vt 0.690829 0.907974
vt 0.667142 0.922377
vt 0.671743 0.921298
vt 0.670842 0.926257
vt 0.660516 0.920429
vt 0.666600 0.928548
vt 0.659095 0.931136
vt 0.671230 0.930285
vt 0.674638 0.933148
vt 0.671705 0.933400
vt 0.671230 0.930285
vt 0.670842 0.926257
vt 0.674485 0.929257
vt 0.674485 0.929257
vt 0.670842 0.926257
vt 0.675363 0.925241
vt 0.667142 0.922377
vt 0.660516 0.920429
vt 0.666774 0.916980
vt 0.677321 0.921803
vt 0.678528 0.924657
vt 0.675363 0.925241
vt 0.671230 0.930285
vt 0.671705 0.933400
vt 0.666600 0.928548
vt 0.657997 0.942997
vt 0.667268 0.935265
vt 0.683746 0.937577
vt 0.039493 0.957564
vt 0.054109 0.951241
vt 0.083643 0.941977
vt 0.659095 0.931136
vt 0.667268 0.935265
vt 0.657997 0.942997
vt 0.659095 0.931136
vt 0.666600 0.928548
vt 0.667268 0.935265
vt 0.657997 0.942997
vt 0.648849 0.941718
vt 0.654800 0.940392
vt 0.657997 0.942997
vt 0.654800 0.940392
vt 0.656086 0.937298
vt 0.657997 0.942997
vt 0.632583 0.946057
vt 0.648849 0.941718
vt 0.648849 0.941718
vt 0.632583 0.946057
vt 0.642414 0.941536
vt 0.657997 0.942997
vt 0.656086 0.937298
vt 0.659095 0.931136
vt 0.653475 0.933299
vt 0.659095 0.931136
vt 0.656086 0.937298
vt 0.695360 0.893318
vt 0.702509 0.891428
vt 0.699406 0.894129
vt 0.641804 0.903789
vt 0.632471 0.902579
vt 0.641284 0.900947
vt 0.674638 0.933148
vt 0.674485 0.929257
vt 0.678319 0.932489
vt 0.671230 0.930285
vt 0.674485 0.929257
vt 0.674638 0.933148
vt 0.689591 0.918914
vt 0.698028 0.916579
vt 0.694161 0.925424
vt 0.698028 0.916579
vt 0.700333 0.925740
vt 0.694161 0.925424
vt 0.695832 0.896806
vt 0.692186 0.899125
vt 0.690509 0.896706
vt 0.690035 0.901535
vt 0.697035 0.901373
vt 0.690601 0.904399
vt 0.695832 0.896806
vt 0.695360 0.893318
vt 0.699406 0.894129
vt 0.690509 0.896706
vt 0.695360 0.893318
vt 0.695832 0.896806
vt 0.690829 0.907974
vt 0.695539 0.907285
vt 0.692612 0.910765
vt 0.997172 0.993932
vt 0.992739 0.993455
vt 0.991958 0.991594
vt 0.690601 0.904399
vt 0.690937 0.906415
vt 0.686733 0.907143
vt 0.686869 0.899632
vt 0.692186 0.899125
vt 0.690035 0.901535
vt 0.613935 0.797176
vt 0.614217 0.793251
vt 0.618128 0.796922
vt 0.667315 0.898222
vt 0.667055 0.895006
vt 0.674030 0.895666
vt 0.697420 0.888733
vt 0.702509 0.891428
vt 0.695360 0.893318
vt 0.625592 0.795919
vt 0.624507 0.799146
vt 0.622194 0.798856
vt 0.624507 0.799146
vt 0.625592 0.795919
vt 0.627118 0.801472
vt 0.622194 0.798856
vt 0.618128 0.796922
vt 0.625592 0.795919
vt 0.712914 0.903757
vt 0.718353 0.905005
vt 0.715028 0.910740
vt 0.734537 0.888339
vt 0.727645 0.889625
vt 0.726344 0.885254
vt 0.732297 0.891861
vt 0.727645 0.889625
vt 0.734537 0.888339
vt 0.716777 0.893283
vt 0.709642 0.893480
vt 0.712762 0.888025
vt 0.712762 0.888025
vt 0.721732 0.890606
vt 0.716777 0.893283
vt 0.703637 0.893945
vt 0.706369 0.896464
vt 0.701288 0.896961
vt 0.701288 0.896961
vt 0.699406 0.894129
vt 0.703637 0.893945
vt 0.726344 0.885254
vt 0.721904 0.887173
vt 0.719746 0.885007
vt 0.719746 0.885007
vt 0.721904 0.887173
vt 0.712762 0.888025
vt 0.722164 0.881106
vt 0.725976 0.882554
vt 0.720904 0.882874
vt 0.699406 0.894129
vt 0.701288 0.896961
vt 0.695832 0.896806
vt 0.625592 0.795919
vt 0.640896 0.787508
vt 0.636170 0.798448
vt 0.627118 0.801472
vt 0.625592 0.795919
vt 0.636170 0.798448
vt 0.636170 0.798448
vt 0.640896 0.787508
vt 0.656370 0.800884
vt 0.715094 0.900059
vt 0.718353 0.905005
vt 0.712914 0.903757
vt 0.694161 0.925424
vt 0.700324 0.929509
vt 0.694339 0.930369
vt 0.689883 0.929960
vt 0.694161 0.925424
vt 0.694339 0.930369
vt 0.715094 0.900059
vt 0.718647 0.898367
vt 0.718353 0.905005
vt 0.718353 0.905005
vt 0.718647 0.898367
vt 0.723501 0.901551
vt 0.695539 0.907285
vt 0.702365 0.909772
vt 0.698028 0.916579
vt 0.692612 0.910765
vt 0.695539 0.907285
vt 0.698028 0.916579
vt 0.716777 0.893283
vt 0.714355 0.896310
vt 0.709642 0.893480
vt 0.716777 0.893283
vt 0.721732 0.890606
vt 0.722470 0.895348
vt 0.712914 0.903757
vt 0.706371 0.902395
vt 0.710899 0.898304
vt 0.710974 0.907294
vt 0.715028 0.910740
vt 0.711056 0.911459
vt 0.714355 0.896310
vt 0.710899 0.898304
vt 0.709642 0.893480
vt 0.718647 0.898367
vt 0.715094 0.900059
vt 0.714355 0.896310
vt 0.714355 0.896310
vt 0.716777 0.893283
vt 0.718647 0.898367
vt 0.710899 0.898304
vt 0.715094 0.900059
vt 0.712914 0.903757
vt 0.710899 0.898304
vt 0.714355 0.896310
vt 0.715094 0.900059
vt 0.715028 0.910740
vt 0.710974 0.907294
vt 0.712914 0.903757
vt 0.708343 0.908683
vt 0.706371 0.902395
vt 0.710974 0.907294
vt 0.712914 0.903757
vt 0.710974 0.907294
vt 0.706371 0.902395
vt 0.709642 0.893480
vt 0.706369 0.896464
vt 0.703637 0.893945
vt 0.706371 0.902395
vt 0.701288 0.896961
vt 0.706369 0.896464
vt 0.706371 0.902395
vt 0.701631 0.904977
vt 0.697035 0.901373
vt 0.701288 0.896961
vt 0.706371 0.902395
vt 0.697035 0.901373
vt 0.706369 0.896464
vt 0.709642 0.893480
vt 0.710899 0.898304
vt 0.706371 0.902395
vt 0.706369 0.896464
vt 0.710899 0.898304
vt 0.706087 0.910614
vt 0.705356 0.906776
vt 0.708343 0.908683
vt 0.698028 0.916579
vt 0.704302 0.913781
vt 0.705658 0.918330
vt 0.695539 0.907285
vt 0.697035 0.901373
vt 0.701631 0.904977
vt 0.695539 0.907285
vt 0.690601 0.904399
vt 0.697035 0.901373
vt 0.692186 0.899125
vt 0.695832 0.896806
vt 0.697035 0.901373
vt 0.708343 0.908683
vt 0.705356 0.906776
vt 0.706371 0.902395
vt 0.706371 0.902395
vt 0.705356 0.906776
vt 0.701631 0.904977
vt 0.704302 0.913781
vt 0.698028 0.916579
vt 0.702365 0.909772
vt 0.706087 0.910614
vt 0.704302 0.913781
vt 0.702365 0.909772
vt 0.710249 0.925039
vt 0.712031 0.922412
vt 0.716333 0.923952
vt 0.690601 0.904399
vt 0.683548 0.903432
vt 0.690035 0.901535
vt 0.687143 0.924167
vt 0.694161 0.925424
vt 0.689883 0.929960
vt 0.689591 0.918914
vt 0.694161 0.925424
vt 0.687143 0.924167
vt 0.689721 0.913513
vt 0.692612 0.910765
vt 0.698028 0.916579
vt 0.688654 0.909864
vt 0.692612 0.910765
vt 0.689721 0.913513
vt 0.700324 0.929509
vt 0.730361 0.924791
vt 0.697395 0.931532
vt 0.730361 0.924791
vt 0.700324 0.929509
vt 0.705453 0.928601
vt 0.706087 0.910614
vt 0.708354 0.913988
vt 0.704302 0.913781
vt 0.011345 0.966260
vt 0.006648 0.963700
vt 0.011490 0.962883
vt 0.006648 0.963700
vt 0.008984 0.959436
vt 0.011490 0.962883
vt 0.735413 0.908279
vt 0.736002 0.903066
vt 0.739179 0.904406
vt 0.012828 0.958434
vt 0.016542 0.961376
vt 0.011490 0.962883
vt 0.011490 0.962883
vt 0.008984 0.959436
vt 0.012828 0.958434
vt 0.111771 0.961859
vt 0.109969 0.957731
vt 0.115261 0.960210
vt 0.039493 0.957564
vt 0.020943 0.966600
vt 0.022598 0.961995
vt 0.036550 0.961693
vt 0.020943 0.966600
vt 0.039493 0.957564
vt 0.013969 0.954589
vt 0.018090 0.953895
vt 0.017103 0.957921
vt 0.036550 0.961693
vt 0.011693 0.973571
vt 0.020943 0.966600
vt 0.729077 0.877425
vt 0.730321 0.874555
vt 0.734072 0.875508
vt 0.708957 0.879129
vt 0.715203 0.878835
vt 0.714797 0.881206
vt 0.742168 0.887980
vt 0.737741 0.885471
vt 0.741288 0.883103
vt 0.007760 0.953784
vt 0.013969 0.954589
vt 0.012828 0.958434
vt 0.012828 0.958434
vt 0.008984 0.959436
vt 0.007760 0.953784
vt 0.012828 0.958434
vt 0.013969 0.954589
vt 0.017103 0.957921
vt 0.765331 0.874563
vt 0.761717 0.871825
vt 0.765288 0.870688
vt 0.742168 0.887980
vt 0.741288 0.883103
vt 0.747518 0.885728
vt 0.030307 0.956099
vt 0.032086 0.952232
vt 0.039476 0.953732
vt 0.720176 0.877396
vt 0.724065 0.874456
vt 0.729077 0.877425
vt 0.734537 0.888339
vt 0.737741 0.885471
vt 0.742168 0.887980
vt 0.714797 0.881206
vt 0.722164 0.881106
vt 0.720904 0.882874
vt 0.015702 0.964505
vt 0.011490 0.962883
vt 0.016542 0.961376
vt 0.725654 0.868454
vt 0.729252 0.862925
vt 0.732968 0.867822
vt 0.115179 0.947399
vt 0.122451 0.946021
vt 0.123536 0.949716
vt 0.741288 0.883103
vt 0.747662 0.882388
vt 0.747518 0.885728
vt 0.725976 0.882554
vt 0.728119 0.880560
vt 0.732624 0.883506
vt 0.747662 0.882388
vt 0.751723 0.884064
vt 0.747518 0.885728
vt 0.717980 0.875122
vt 0.724065 0.874456
vt 0.720176 0.877396
vt 0.719234 0.873295
vt 0.724065 0.874456
vt 0.717980 0.875122
vt 0.715203 0.878835
vt 0.720176 0.877396
vt 0.719383 0.879643
vt 0.737741 0.885471
vt 0.734537 0.888339
vt 0.732624 0.883506
vt 0.732624 0.883506
vt 0.734537 0.888339
vt 0.726344 0.885254
vt 0.119192 0.944399
vt 0.114151 0.943721
vt 0.119193 0.941152
vt 0.119192 0.944399
vt 0.119193 0.941152
vt 0.123829 0.943760
vt 0.737577 0.876961
vt 0.729077 0.877425
vt 0.734072 0.875508
vt 0.735521 0.879936
vt 0.729077 0.877425
vt 0.737577 0.876961
vt 0.715203 0.878835
vt 0.719383 0.879643
vt 0.714797 0.881206
vt 0.714797 0.881206
vt 0.719383 0.879643
vt 0.722164 0.881106
vt 0.729077 0.877425
vt 0.723695 0.879337
vt 0.720176 0.877396
vt 0.728119 0.880560
vt 0.723695 0.879337
vt 0.729077 0.877425
vt 0.728119 0.880560
vt 0.729077 0.877425
vt 0.735521 0.879936
vt 0.746098 0.895438
vt 0.739620 0.898533
vt 0.740576 0.892268
vt 0.007760 0.953784
vt 0.012754 0.949802
vt 0.013969 0.954589
vt 0.013969 0.954589
vt 0.012754 0.949802
vt 0.018090 0.953895
vt 0.104261 0.957612
vt 0.109969 0.957731
vt 0.106529 0.961138
vt 0.106529 0.961138
vt 0.111771 0.961859
vt 0.109582 0.966300
vt 0.748771 0.890720
vt 0.753310 0.887882
vt 0.755527 0.893424
vt 0.111771 0.961859
vt 0.106529 0.961138
vt 0.109969 0.957731
vt 0.748771 0.890720
vt 0.744522 0.891347
vt 0.742168 0.887980
vt 0.746098 0.895438
vt 0.744522 0.891347
vt 0.748771 0.890720
vt 0.740576 0.892268
vt 0.744522 0.891347
vt 0.746098 0.895438
vt 0.742168 0.887980
vt 0.740576 0.892268
vt 0.734537 0.888339
vt 0.740576 0.892268
vt 0.742168 0.887980
vt 0.744522 0.891347
vt 0.722164 0.881106
vt 0.728119 0.880560
vt 0.725976 0.882554
vt 0.735521 0.879936
vt 0.732624 0.883506
vt 0.728119 0.880560
vt 0.722512 0.871544
vt 0.719234 0.873295
vt 0.717401 0.871561
vt 0.722164 0.881106
vt 0.723695 0.879337
vt 0.728119 0.880560
vt 0.723695 0.879337
vt 0.722164 0.881106
vt 0.719383 0.879643
vt 0.223371 0.983041
vt 0.228390 0.983690
vt 0.224544 0.985104
vt 0.722512 0.871544
vt 0.729360 0.871714
vt 0.724065 0.874456
vt 0.724065 0.874456
vt 0.719234 0.873295
vt 0.722512 0.871544
vt 0.112104 0.950351
vt 0.108951 0.950868
vt 0.108753 0.948967
vt 0.146876 0.960702
vt 0.144110 0.957641
vt 0.149328 0.957195
vt 0.123536 0.949716
vt 0.122451 0.946021
vt 0.129396 0.945689
vt 0.020039 0.959662
vt 0.019580 0.957618
vt 0.022735 0.956617
vt 0.740547 0.873173
vt 0.737019 0.870947
vt 0.742975 0.870973
vt 0.722512 0.871544
vt 0.725654 0.868454
vt 0.729360 0.871714
vt 0.732968 0.867822
vt 0.729360 0.871714
vt 0.725654 0.868454
vt 0.737577 0.876961
vt 0.745188 0.878615
vt 0.735521 0.879936
vt 0.735521 0.879936
vt 0.745188 0.878615
vt 0.741288 0.883103
vt 0.730321 0.874555
vt 0.735069 0.873572
vt 0.734072 0.875508
vt 0.738284 0.874988
vt 0.734072 0.875508
vt 0.735069 0.873572
vt 0.737577 0.876961
vt 0.734072 0.875508
vt 0.738284 0.874988
vt 0.729360 0.871714
vt 0.735069 0.873572
vt 0.730321 0.874555
vt 0.749879 0.869882
vt 0.758759 0.869736
vt 0.757221 0.872733
vt 0.740547 0.873173
vt 0.738284 0.874988
vt 0.735069 0.873572
vt 0.807173 0.979878
vt 0.811394 0.975474
vt 0.810881 0.978918
vt 0.811394 0.975474
vt 0.813877 0.978092
vt 0.810881 0.978918
vt 0.026167 0.951338
vt 0.021142 0.951599
vt 0.020793 0.946346
vt 0.016542 0.961376
vt 0.022598 0.961995
vt 0.015702 0.964505
vt 0.020039 0.959662
vt 0.022735 0.956617
vt 0.022598 0.961995
vt 0.143634 0.963305
vt 0.147353 0.964214
vt 0.144932 0.968425
vt 0.765288 0.870688
vt 0.761717 0.871825
vt 0.758759 0.869736
vt 0.111226 0.940698
vt 0.119193 0.941152
vt 0.114151 0.943721
vt 0.833146 0.977309
vt 0.836885 0.980033
vt 0.830073 0.980353
vt 0.020039 0.959662
vt 0.022598 0.961995
vt 0.016542 0.961376
vt 0.017103 0.957921
vt 0.020039 0.959662
vt 0.016542 0.961376
vt 0.742985 0.875189
vt 0.738284 0.874988
vt 0.740547 0.873173
vt 0.732968 0.867822
vt 0.737019 0.870947
vt 0.729360 0.871714
vt 0.817786 0.978969
vt 0.821571 0.982109
vt 0.812326 0.981435
vt 0.707188 0.994175
vt 0.702542 0.990579
vt 0.710835 0.991479
vt 0.824443 0.977231
vt 0.830073 0.980353
vt 0.821571 0.982109
vt 0.817743 0.976464
vt 0.821571 0.973025
vt 0.824443 0.977231
vt 0.824443 0.977231
vt 0.817786 0.978969
vt 0.817743 0.976464
vt 0.817743 0.976464
vt 0.817786 0.978969
vt 0.813877 0.978092
vt 0.817786 0.978969
vt 0.812326 0.981435
vt 0.813877 0.978092
vt 0.813877 0.978092
vt 0.812326 0.981435
vt 0.810881 0.978918
vt 0.742975 0.870973
vt 0.737019 0.870947
vt 0.741559 0.867480
vt 0.741559 0.867480
vt 0.737019 0.870947
vt 0.732968 0.867822
vt 0.807173 0.979878
vt 0.810881 0.978918
vt 0.812326 0.981435
vt 0.812326 0.981435
vt 0.804288 0.983306
vt 0.807173 0.979878
vt 0.824443 0.977231
vt 0.821571 0.982109
vt 0.817786 0.978969
vt 0.729360 0.871714
vt 0.737019 0.870947
vt 0.735069 0.873572
vt 0.740547 0.873173
vt 0.735069 0.873572
vt 0.737019 0.870947
vt 0.749879 0.869882
vt 0.757221 0.872733
vt 0.750077 0.874337
vt 0.749879 0.869882
vt 0.750077 0.874337
vt 0.745542 0.872773
vt 0.745542 0.872773
vt 0.742975 0.870973
vt 0.749879 0.869882
vt 0.745542 0.872773
vt 0.740547 0.873173
vt 0.742975 0.870973
vt 0.750077 0.874337
vt 0.742985 0.875189
vt 0.745542 0.872773
vt 0.745542 0.872773
vt 0.742985 0.875189
vt 0.740547 0.873173
vt 0.750077 0.874337
vt 0.745188 0.878615
vt 0.742985 0.875189
vt 0.134773 0.962330
vt 0.133223 0.959111
vt 0.138380 0.960611
vt 0.017103 0.957921
vt 0.019580 0.957618
vt 0.020039 0.959662
vt 0.745188 0.878615
vt 0.752592 0.881044
vt 0.747662 0.882388
vt 0.115179 0.947399
vt 0.112104 0.950351
vt 0.108753 0.948967
vt 0.747662 0.882388
vt 0.741288 0.883103
vt 0.745188 0.878615
vt 0.758434 0.875582
vt 0.754043 0.877253
vt 0.755028 0.874711
vt 0.836460 0.974491
vt 0.830227 0.973781
vt 0.834635 0.972503
vt 0.114151 0.943721
vt 0.119192 0.944399
vt 0.115179 0.947399
vt 0.122451 0.946021
vt 0.115179 0.947399
vt 0.119192 0.944399
vt 0.119192 0.944399
vt 0.123829 0.943760
vt 0.122451 0.946021
vt 0.015702 0.964505
vt 0.022598 0.961995
vt 0.016363 0.966389
vt 0.757221 0.872733
vt 0.758434 0.875582
vt 0.755028 0.874711
vt 0.750077 0.874337
vt 0.757221 0.872733
vt 0.755028 0.874711
vt 0.030307 0.956099
vt 0.022598 0.961995
vt 0.022735 0.956617
vt 0.123536 0.949716
vt 0.121746 0.953624
vt 0.116803 0.951735
vt 0.129185 0.950462
vt 0.123536 0.949716
vt 0.129396 0.945689
vt 0.656370 0.800884
vt 0.640896 0.787508
vt 0.700889 0.782545
vt 0.142477 0.948213
vt 0.141361 0.950886
vt 0.139089 0.948732
vt 0.142477 0.948213
vt 0.139089 0.948732
vt 0.139895 0.945223
vt 0.022598 0.961995
vt 0.020943 0.966600
vt 0.016363 0.966389
vt 0.108753 0.948967
vt 0.108951 0.950868
vt 0.104919 0.950935
vt 0.018090 0.953895
vt 0.022735 0.956617
vt 0.019580 0.957618
vt 0.109969 0.957731
vt 0.104414 0.954662
vt 0.110493 0.953210
vt 0.028295 0.944691
vt 0.026167 0.951338
vt 0.020793 0.946346
vt 0.754043 0.877253
vt 0.752592 0.881044
vt 0.745188 0.878615
vt 0.104261 0.957612
vt 0.104414 0.954662
vt 0.109969 0.957731
vt 0.747662 0.882388
vt 0.752592 0.881044
vt 0.751723 0.884064
vt 0.110493 0.953210
vt 0.104414 0.954662
vt 0.104919 0.950935
vt 0.104919 0.950935
vt 0.108951 0.950868
vt 0.110493 0.953210
vt 0.115261 0.960210
vt 0.109969 0.957731
vt 0.117129 0.956115
vt 0.110493 0.953210
vt 0.117129 0.956115
vt 0.109969 0.957731
vt 0.116803 0.951735
vt 0.117129 0.956115
vt 0.110493 0.953210
vt 0.134537 0.949829
vt 0.129185 0.950462
vt 0.129396 0.945689
vt 0.119551 0.960138
vt 0.115261 0.960210
vt 0.117129 0.956115
vt 0.116803 0.951735
vt 0.121746 0.953624
vt 0.117129 0.956115
vt 0.143634 0.963305
vt 0.146876 0.960702
vt 0.147353 0.964214
vt 0.146876 0.960702
vt 0.149328 0.957195
vt 0.151087 0.961125
vt 0.123215 0.957480
vt 0.128390 0.958489
vt 0.124372 0.962638
vt 0.131060 0.964033
vt 0.124372 0.962638
vt 0.128390 0.958489
vt 0.066164 0.558161
vt 0.065178 0.553611
vt 0.060870 0.566589
vt 0.039493 0.957564
vt 0.039476 0.953732
vt 0.054109 0.951241
vt 0.135923 0.969244
vt 0.136194 0.964823
vt 0.140022 0.966646
vt 0.140723 0.969852
vt 0.135923 0.969244
vt 0.140022 0.966646
vt 0.021142 0.951599
vt 0.018090 0.953895
vt 0.017527 0.949183
vt 0.117129 0.956115
vt 0.123215 0.957480
vt 0.119551 0.960138
vt 0.121746 0.953624
vt 0.123215 0.957480
vt 0.117129 0.956115
vt 0.126458 0.953893
vt 0.129185 0.950462
vt 0.131236 0.954365
vt 0.139089 0.948732
vt 0.134537 0.949829
vt 0.139895 0.945223
vt 0.123215 0.957480
vt 0.126458 0.953893
vt 0.128390 0.958489
vt 0.128390 0.958489
vt 0.133223 0.959111
vt 0.131060 0.964033
vt 0.134773 0.962330
vt 0.131060 0.964033
vt 0.133223 0.959111
vt 0.123215 0.957480
vt 0.124372 0.962638
vt 0.119551 0.960138
vt 0.026167 0.951338
vt 0.030307 0.956099
vt 0.022735 0.956617
vt 0.022735 0.956617
vt 0.021142 0.951599
vt 0.026167 0.951338
vt 0.039476 0.953732
vt 0.037562 0.947941
vt 0.047637 0.950652
vt 0.128390 0.958489
vt 0.126458 0.953893
vt 0.131236 0.954365
vt 0.131236 0.954365
vt 0.133223 0.959111
vt 0.128390 0.958489
vt 0.134537 0.949829
vt 0.129396 0.945689
vt 0.139895 0.945223
vt 0.159953 0.955533
vt 0.162696 0.958421
vt 0.160022 0.960354
vt 0.160022 0.960354
vt 0.156057 0.960407
vt 0.159953 0.955533
vt 0.056652 0.945216
vt 0.056242 0.949218
vt 0.052727 0.948860
vt 0.017527 0.949183
vt 0.020793 0.946346
vt 0.021142 0.951599
vt 0.115261 0.960210
vt 0.117232 0.965351
vt 0.111771 0.961859
vt 0.119551 0.960138
vt 0.117232 0.965351
vt 0.115261 0.960210
vt 0.117232 0.965351
vt 0.109582 0.966300
vt 0.111771 0.961859
vt 0.017527 0.949183
vt 0.018090 0.953895
vt 0.012754 0.949802
vt 0.134773 0.962330
vt 0.136194 0.964823
vt 0.131060 0.964033
vt 0.032086 0.952232
vt 0.026167 0.951338
vt 0.030406 0.949519
vt 0.030406 0.949519
vt 0.026167 0.951338
vt 0.028295 0.944691
vt 0.153595 0.963187
vt 0.151087 0.961125
vt 0.156057 0.960407
vt 0.121746 0.953624
vt 0.126458 0.953893
vt 0.123215 0.957480
vt 0.108951 0.950868
vt 0.112104 0.950351
vt 0.110493 0.953210
vt 0.112104 0.950351
vt 0.116803 0.951735
vt 0.110493 0.953210
vt 0.037562 0.947941
vt 0.030406 0.949519
vt 0.028295 0.944691
vt 0.032086 0.952232
vt 0.030406 0.949519
vt 0.037562 0.947941
vt 0.037562 0.947941
vt 0.039476 0.953732
vt 0.032086 0.952232
vt 0.016281 0.626804
vt 0.014207 0.621431
vt 0.011063 0.632924
vt 0.143369 0.939706
vt 0.147329 0.937505
vt 0.151563 0.938981
vt 0.758434 0.875582
vt 0.757221 0.872733
vt 0.765331 0.874563
vt 0.123536 0.949716
vt 0.116803 0.951735
vt 0.115179 0.947399
vt 0.115179 0.947399
vt 0.116803 0.951735
vt 0.112104 0.950351
vt 0.014207 0.621431
vt 0.017407 0.612028
vt 0.014093 0.617034
vt 0.140082 0.954667
vt 0.138380 0.960611
vt 0.135696 0.954822
vt 0.140082 0.954667
vt 0.144110 0.957641
vt 0.138380 0.960611
vt 0.065178 0.553611
vt 0.061469 0.558712
vt 0.060870 0.566589
vt 0.144110 0.957641
vt 0.140082 0.954667
vt 0.143720 0.953423
vt 0.139089 0.948732
vt 0.141361 0.950886
vt 0.138046 0.951571
vt 0.141361 0.950886
vt 0.140082 0.954667
vt 0.138046 0.951571
vt 0.140082 0.954667
vt 0.141361 0.950886
vt 0.143720 0.953423
vt 0.156106 0.964640
vt 0.153595 0.963187
vt 0.156057 0.960407
vt 0.131236 0.954365
vt 0.134537 0.949829
vt 0.135696 0.954822
vt 0.129185 0.950462
vt 0.134537 0.949829
vt 0.131236 0.954365
vt 0.066759 0.599096
vt 0.062582 0.602441
vt 0.066210 0.605296
vt 0.159953 0.955533
vt 0.165990 0.956180
vt 0.162696 0.958421
vt 0.155931 0.952638
vt 0.159953 0.955533
vt 0.153975 0.956680
vt 0.156057 0.960407
vt 0.153975 0.956680
vt 0.159953 0.955533
vt 0.015953 0.611804
vt 0.024284 0.599006
vt 0.037914 0.577407
vt 0.150874 0.947065
vt 0.153788 0.949383
vt 0.149599 0.950058
vt 0.156186 0.943129
vt 0.158602 0.948578
vt 0.154002 0.946121
vt 0.153788 0.949383
vt 0.158602 0.948578
vt 0.155931 0.952638
vt 0.154002 0.946121
vt 0.158602 0.948578
vt 0.153788 0.949383
vt 0.153788 0.949383
vt 0.155931 0.952638
vt 0.151859 0.953148
vt 0.151859 0.953148
vt 0.149599 0.950058
vt 0.153788 0.949383
vt 0.165611 0.960726
vt 0.160022 0.960354
vt 0.162696 0.958421
vt 0.158602 0.948578
vt 0.165071 0.950783
vt 0.159953 0.955533
vt 0.083643 0.941977
vt 0.054109 0.951241
vt 0.066868 0.945311
vt 0.019129 0.623978
vt 0.016281 0.626804
vt 0.019673 0.630585
vt 0.019129 0.623978
vt 0.019673 0.630585
vt 0.021384 0.626597
vt 0.020968 0.637891
vt 0.019673 0.630585
vt 0.015687 0.634709
vt 0.165071 0.950783
vt 0.165990 0.956180
vt 0.159953 0.955533
vt 0.037914 0.577407
vt 0.005241 0.623684
vt 0.015953 0.611804
vt 0.024284 0.599006
vt 0.015953 0.611804
vt 0.017407 0.612028
vt 0.024284 0.599006
vt 0.017407 0.612028
vt 0.022149 0.604767
vt 0.149328 0.957195
vt 0.144110 0.957641
vt 0.147296 0.953573
vt 0.143720 0.953423
vt 0.147296 0.953573
vt 0.144110 0.957641
vt 0.153975 0.956680
vt 0.156057 0.960407
vt 0.151087 0.961125
vt 0.061933 0.945461
vt 0.056242 0.949218
vt 0.056652 0.945216
vt 0.141361 0.950886
vt 0.142477 0.948213
vt 0.145356 0.950337
vt 0.145356 0.950337
vt 0.143720 0.953423
vt 0.141361 0.950886
vt 0.145356 0.950337
vt 0.147296 0.953573
vt 0.143720 0.953423
vt 0.145356 0.950337
vt 0.149599 0.950058
vt 0.147296 0.953573
vt 0.149599 0.950058
vt 0.151859 0.953148
vt 0.147296 0.953573
vt 0.153975 0.956680
vt 0.151087 0.961125
vt 0.149328 0.957195
vt 0.096381 0.932782
vt 0.086138 0.936259
vt 0.091500 0.934066
vt 0.160022 0.960354
vt 0.156106 0.964640
vt 0.156057 0.960407
vt 0.066164 0.558161
vt 0.068292 0.549980
vt 0.065178 0.553611
vt 0.144110 0.957641
vt 0.143634 0.963305
vt 0.138380 0.960611
vt 0.135696 0.954822
vt 0.134537 0.949829
vt 0.138046 0.951571
vt 0.061933 0.945461
vt 0.056652 0.945216
vt 0.062179 0.941649
vt 0.125773 0.969383
vt 0.124372 0.962638
vt 0.131060 0.964033
vt 0.073336 0.940457
vt 0.066868 0.945311
vt 0.067762 0.940335
vt 0.073336 0.940457
vt 0.067762 0.940335
vt 0.077058 0.935467
vt 0.052727 0.948860
vt 0.056242 0.949218
vt 0.047637 0.950652
vt 0.047637 0.950652
vt 0.054109 0.951241
vt 0.039476 0.953732
vt 0.077058 0.935467
vt 0.080546 0.937319
vt 0.073336 0.940457
vt 0.151087 0.961125
vt 0.150787 0.965431
vt 0.147353 0.964214
vt 0.147353 0.964214
vt 0.146876 0.960702
vt 0.151087 0.961125
vt 0.147353 0.964214
vt 0.150787 0.965431
vt 0.144932 0.968425
vt 0.066868 0.945311
vt 0.061933 0.945461
vt 0.067762 0.940335
vt 0.138380 0.960611
vt 0.143634 0.963305
vt 0.140022 0.966646
vt 0.140022 0.966646
vt 0.136194 0.964823
vt 0.138380 0.960611
vt 0.140022 0.966646
vt 0.143634 0.963305
vt 0.144932 0.968425
vt 0.140022 0.966646
vt 0.144932 0.968425
vt 0.140723 0.969852
vt 0.066759 0.599096
vt 0.066981 0.594012
vt 0.063059 0.597191
vt 0.066759 0.599096
vt 0.063059 0.597191
vt 0.062582 0.602441
vt 0.056242 0.949218
vt 0.054109 0.951241
vt 0.047637 0.950652
vt 0.054109 0.951241
vt 0.056242 0.949218
vt 0.066868 0.945311
vt 0.083643 0.941977
vt 0.011693 0.973571
vt 0.036550 0.961693
vt 0.146876 0.960702
vt 0.143634 0.963305
vt 0.144110 0.957641
vt 0.086138 0.936259
vt 0.078925 0.940288
vt 0.080546 0.937319
vt 0.087798 0.933529
vt 0.091500 0.934066
vt 0.086138 0.936259
vt 0.066868 0.945311
vt 0.078925 0.940288
vt 0.083643 0.941977
vt 0.096381 0.932782
vt 0.083643 0.941977
vt 0.078925 0.940288
vt 0.014093 0.617034
vt 0.017407 0.612028
vt 0.015953 0.611804
vt 0.730361 0.924791
vt 0.736339 0.919066
vt 0.815212 0.900057
vt 0.124372 0.962638
vt 0.125773 0.969383
vt 0.117232 0.965351
vt 0.039493 0.957564
vt 0.083643 0.941977
vt 0.036550 0.961693
vt 0.136194 0.964823
vt 0.135923 0.969244
vt 0.131060 0.964033
vt 0.135018 0.972938
vt 0.125773 0.969383
vt 0.135923 0.969244
vt 0.135923 0.969244
vt 0.125773 0.969383
vt 0.131060 0.964033
vt 0.087798 0.933529
vt 0.080546 0.937319
vt 0.077058 0.935467
vt 0.019818 0.614790
vt 0.017407 0.612028
vt 0.014207 0.621431
vt 0.019818 0.614790
vt 0.022149 0.604767
vt 0.017407 0.612028
vt 0.019818 0.614790
vt 0.021371 0.620100
vt 0.024356 0.611315
vt 0.151087 0.961125
vt 0.153595 0.963187
vt 0.150787 0.965431
vt 0.019129 0.623978
vt 0.021384 0.626597
vt 0.021371 0.620100
vt 0.151859 0.953148
vt 0.149328 0.957195
vt 0.147296 0.953573
vt 0.078925 0.940288
vt 0.073336 0.940457
vt 0.080546 0.937319
vt 0.134537 0.949829
vt 0.139089 0.948732
vt 0.138046 0.951571
vt 0.073336 0.940457
vt 0.078925 0.940288
vt 0.066868 0.945311
vt 0.156106 0.964640
vt 0.150787 0.965431
vt 0.153595 0.963187
vt 0.061933 0.945461
vt 0.062179 0.941649
vt 0.067762 0.940335
vt 0.058820 0.582835
vt 0.061511 0.584589
vt 0.064214 0.574934
vt 0.064214 0.574934
vt 0.054135 0.581200
vt 0.058820 0.582835
vt 0.068292 0.549980
vt 0.067683 0.547754
vt 0.065178 0.553611
vt 0.065178 0.553611
vt 0.067683 0.547754
vt 0.067626 0.545519
vt 0.060795 0.613432
vt 0.058610 0.609959
vt 0.058336 0.616306
vt 0.058820 0.582835
vt 0.055903 0.589035
vt 0.061511 0.584589
vt 0.052695 0.600008
vt 0.058174 0.600035
vt 0.056275 0.595178
vt 0.054843 0.605669
vt 0.058174 0.600035
vt 0.052695 0.600008
vt 0.055903 0.589035
vt 0.054135 0.581200
vt 0.048038 0.591785
vt 0.051626 0.595227
vt 0.055903 0.589035
vt 0.048038 0.591785
vt 0.058820 0.582835
vt 0.054135 0.581200
vt 0.055903 0.589035
vt 0.055903 0.589035
vt 0.060331 0.590551
vt 0.061511 0.584589
vt 0.056275 0.595178
vt 0.051626 0.595227
vt 0.052695 0.600008
vt 0.060331 0.590551
vt 0.055903 0.589035
vt 0.056275 0.595178
vt 0.056275 0.595178
vt 0.055903 0.589035
vt 0.051626 0.595227
vt 0.060331 0.590551
vt 0.056275 0.595178
vt 0.060431 0.595046
vt 0.063059 0.597191
vt 0.058174 0.600035
vt 0.062582 0.602441
vt 0.058174 0.600035
vt 0.063059 0.597191
vt 0.060431 0.595046
vt 0.056275 0.595178
vt 0.058174 0.600035
vt 0.060431 0.595046
vt 0.054843 0.605669
vt 0.052695 0.600008
vt 0.049544 0.604345
vt 0.059646 0.624378
vt 0.058336 0.616306
vt 0.054004 0.620650
vt 0.058336 0.616306
vt 0.061303 0.617925
vt 0.060795 0.613432
vt 0.058336 0.616306
vt 0.059646 0.624378
vt 0.061303 0.617925
vt 0.073905 0.615603
vt 0.072809 0.610795
vt 0.070332 0.615804
vt 0.058610 0.609959
vt 0.060795 0.613432
vt 0.062449 0.608986
vt 0.064214 0.574934
vt 0.067551 0.581303
vt 0.069771 0.576079
vt 0.060795 0.613432
vt 0.062980 0.614694
vt 0.062449 0.608986
vt 0.227451 0.949310
vt 0.224512 0.948179
vt 0.229014 0.946975
vt 0.060795 0.613432
vt 0.061303 0.617925
vt 0.062980 0.614694
vt 0.062449 0.608986
vt 0.066210 0.605296
vt 0.062582 0.602441
vt 0.062582 0.602441
vt 0.059280 0.605282
vt 0.062449 0.608986
vt 0.044870 0.587674
vt 0.054135 0.581200
vt 0.047974 0.581075
vt 0.086444 0.586901
vt 0.089890 0.580401
vt 0.086784 0.580227
vt 0.241953 0.936924
vt 0.248102 0.936569
vt 0.242473 0.939449
vt 0.063817 0.621225
vt 0.066643 0.612897
vt 0.062980 0.614694
vt 0.061303 0.617925
vt 0.063817 0.621225
vt 0.062980 0.614694
vt 0.062449 0.608986
vt 0.066643 0.612897
vt 0.066210 0.605296
vt 0.062980 0.614694
vt 0.066643 0.612897
vt 0.062449 0.608986
vt 0.063817 0.621225
vt 0.061303 0.617925
vt 0.059646 0.624378
vt 0.066981 0.594012
vt 0.064232 0.591829
vt 0.063059 0.597191
vt 0.063059 0.597191
vt 0.064232 0.591829
vt 0.060431 0.595046
vt 0.072907 0.599742
vt 0.075309 0.602126
vt 0.075404 0.596600
vt 0.047974 0.581075
vt 0.054135 0.581200
vt 0.053335 0.573409
vt 0.053335 0.573409
vt 0.054135 0.581200
vt 0.060870 0.566589
vt 0.064214 0.574934
vt 0.064795 0.565605
vt 0.060870 0.566589
vt 0.064214 0.574934
vt 0.060870 0.566589
vt 0.054135 0.581200
vt 0.066164 0.558161
vt 0.060870 0.566589
vt 0.064795 0.565605
vt 0.094857 0.498877
vt 0.091692 0.502806
vt 0.092670 0.505847
vt 0.064232 0.591829
vt 0.060331 0.590551
vt 0.060431 0.595046
vt 0.061511 0.584589
vt 0.060331 0.590551
vt 0.064917 0.586210
vt 0.061511 0.584589
vt 0.064917 0.586210
vt 0.064622 0.581877
vt 0.066981 0.594012
vt 0.066759 0.599096
vt 0.071307 0.594262
vt 0.071307 0.594262
vt 0.066759 0.599096
vt 0.069805 0.601600
vt 0.064917 0.586210
vt 0.060331 0.590551
vt 0.064232 0.591829
vt 0.076264 0.575941
vt 0.074230 0.564707
vt 0.072525 0.572401
vt 0.074230 0.564707
vt 0.076264 0.575941
vt 0.076527 0.568702
vt 0.082135 0.595451
vt 0.082137 0.590438
vt 0.079014 0.594356
vt 0.072087 0.605435
vt 0.070104 0.610441
vt 0.072809 0.610795
vt 0.076933 0.584735
vt 0.078790 0.589478
vt 0.080139 0.586708
vt 0.070332 0.615804
vt 0.070104 0.610441
vt 0.066643 0.612897
vt 0.066643 0.612897
vt 0.067717 0.621544
vt 0.070332 0.615804
vt 0.067551 0.581303
vt 0.068748 0.587897
vt 0.071396 0.581468
vt 0.068748 0.587897
vt 0.067551 0.581303
vt 0.064917 0.586210
vt 0.069805 0.601600
vt 0.066210 0.605296
vt 0.069085 0.606889
vt 0.069805 0.601600
vt 0.069085 0.606889
vt 0.072087 0.605435
vt 0.073161 0.554064
vt 0.074230 0.564707
vt 0.076709 0.552924
vt 0.080139 0.586708
vt 0.078790 0.589478
vt 0.082137 0.590438
vt 0.075635 0.663143
vt 0.079835 0.659141
vt 0.077346 0.654822
vt 0.253814 0.931678
vt 0.255375 0.933780
vt 0.250264 0.933714
vt 0.236396 0.931784
vt 0.243589 0.931689
vt 0.238456 0.935081
vt 0.082323 0.572800
vt 0.083252 0.569016
vt 0.079538 0.568121
vt 0.058854 0.992446
vt 0.063313 0.993124
vt 0.058873 0.993946
vt 0.074264 0.581283
vt 0.073202 0.586636
vt 0.076933 0.584735
vt 0.072907 0.599742
vt 0.072087 0.605435
vt 0.075309 0.602126
vt 0.069805 0.601600
vt 0.072087 0.605435
vt 0.072907 0.599742
vt 0.214717 0.953118
vt 0.220713 0.950795
vt 0.217682 0.954285
vt 0.075404 0.596600
vt 0.075846 0.590925
vt 0.071307 0.594262
vt 0.071307 0.594262
vt 0.075846 0.590925
vt 0.073202 0.586636
vt 0.068748 0.587897
vt 0.064232 0.591829
vt 0.066981 0.594012
vt 0.064232 0.591829
vt 0.068748 0.587897
vt 0.064917 0.586210
vt 0.071307 0.594262
vt 0.068748 0.587897
vt 0.066981 0.594012
vt 0.073202 0.586636
vt 0.068748 0.587897
vt 0.071307 0.594262
vt 0.070038 0.567526
vt 0.064214 0.574934
vt 0.069771 0.576079
vt 0.067717 0.621544
vt 0.071800 0.622640
vt 0.070332 0.615804
vt 0.078286 0.605761
vt 0.077894 0.599447
vt 0.075309 0.602126
vt 0.078286 0.605761
vt 0.075309 0.602126
vt 0.074869 0.607018
vt 0.070104 0.610441
vt 0.072087 0.605435
vt 0.069085 0.606889
vt 0.066210 0.605296
vt 0.066643 0.612897
vt 0.069085 0.606889
vt 0.070104 0.610441
vt 0.069085 0.606889
vt 0.066643 0.612897
vt 0.067551 0.581303
vt 0.064622 0.581877
vt 0.064917 0.586210
vt 0.064622 0.581877
vt 0.067551 0.581303
vt 0.064214 0.574934
vt 0.072943 0.577509
vt 0.071396 0.581468
vt 0.074264 0.581283
vt 0.072943 0.577509
vt 0.069771 0.576079
vt 0.071396 0.581468
vt 0.074230 0.564707
vt 0.070038 0.567526
vt 0.072525 0.572401
vt 0.072525 0.572401
vt 0.069771 0.576079
vt 0.072943 0.577509
vt 0.070038 0.567526
vt 0.069771 0.576079
vt 0.072525 0.572401
vt 0.071287 0.538600
vt 0.072732 0.533010
vt 0.068251 0.541866
vt 0.068251 0.541866
vt 0.067626 0.545519
vt 0.071287 0.538600
vt 0.040764 0.983174
vt 0.045824 0.981046
vt 0.042037 0.983605
vt 0.071118 0.542720
vt 0.071287 0.538600
vt 0.067626 0.545519
vt 0.067683 0.547754
vt 0.068292 0.549980
vt 0.071118 0.542720
vt 0.259766 0.998047
vt 0.259766 0.998047
vt 0.259766 0.998047
vt 0.072809 0.610795
vt 0.073905 0.615603
vt 0.075525 0.610732
vt 0.077303 0.532214
vt 0.071287 0.538600
vt 0.071118 0.542720
vt 0.075415 0.539623
vt 0.077303 0.532214
vt 0.071118 0.542720
vt 0.088184 0.498847
vt 0.096612 0.487365
vt 0.094101 0.486981
vt 0.090150 0.519702
vt 0.091827 0.512457
vt 0.085850 0.522880
vt 0.091620 0.521501
vt 0.093710 0.514548
vt 0.090150 0.519702
vt 0.069919 0.552702
vt 0.072761 0.548309
vt 0.072164 0.545619
vt 0.068292 0.549980
vt 0.069919 0.552702
vt 0.072164 0.545619
vt 0.072164 0.545619
vt 0.075415 0.539623
vt 0.071118 0.542720
vt 0.071118 0.542720
vt 0.068292 0.549980
vt 0.072164 0.545619
vt 0.069919 0.552702
vt 0.068292 0.549980
vt 0.066164 0.558161
vt 0.097642 0.516751
vt 0.095643 0.515629
vt 0.093337 0.523367
vt 0.094857 0.498877
vt 0.092670 0.505847
vt 0.095896 0.502903
vt 0.072732 0.533010
vt 0.074022 0.524488
vt 0.065992 0.541611
vt 0.065992 0.541611
vt 0.065996 0.544400
vt 0.072732 0.533010
vt 0.037914 0.577407
vt 0.056229 0.556929
vt 0.074022 0.524488
vt 0.065992 0.541611
vt 0.074022 0.524488
vt 0.056229 0.556929
vt 0.397246 0.554084
vt 0.373392 0.553039
vt 0.393513 0.556117
vt 0.085850 0.522880
vt 0.091827 0.512457
vt 0.089212 0.511078
vt 0.091692 0.502806
vt 0.088845 0.502762
vt 0.089006 0.506270
vt 0.104571 0.474630
vt 0.102170 0.480407
vt 0.106872 0.477256
vt 0.791909 0.959018
vt 0.787632 0.961646
vt 0.783209 0.963063
vt 0.074022 0.524488
vt 0.085305 0.509745
vt 0.088845 0.502762
vt 0.089212 0.511078
vt 0.082822 0.518596
vt 0.085850 0.522880
vt 0.077303 0.532214
vt 0.085850 0.522880
vt 0.082822 0.518596
vt 0.082822 0.518596
vt 0.072732 0.533010
vt 0.077303 0.532214
vt 0.241953 0.936924
vt 0.238456 0.935081
vt 0.245301 0.934297
vt 0.086443 0.567124
vt 0.082308 0.564428
vt 0.083252 0.569016
vt 0.088184 0.498847
vt 0.063975 0.530701
vt 0.074022 0.524488
vt 0.091692 0.502806
vt 0.089212 0.511078
vt 0.092670 0.505847
vt 0.092670 0.505847
vt 0.089212 0.511078
vt 0.091827 0.512457
vt 0.073161 0.554064
vt 0.076830 0.542660
vt 0.072761 0.548309
vt 0.069919 0.552702
vt 0.073161 0.554064
vt 0.072761 0.548309
vt 0.072525 0.572401
vt 0.072943 0.577509
vt 0.076264 0.575941
vt 0.083407 0.535319
vt 0.088701 0.528144
vt 0.085349 0.529680
vt 0.076527 0.568702
vt 0.079538 0.568121
vt 0.076949 0.564864
vt 0.058854 0.992446
vt 0.058873 0.993946
vt 0.055197 0.992478
vt 0.098930 0.482488
vt 0.096612 0.487365
vt 0.099753 0.485921
vt 0.093983 0.494712
vt 0.096612 0.487365
vt 0.088184 0.498847
vt 0.100653 0.478132
vt 0.098930 0.482488
vt 0.102170 0.480407
vt 0.088184 0.498847
vt 0.088845 0.502762
vt 0.093983 0.494712
vt 0.074022 0.524488
vt 0.088845 0.502762
vt 0.088184 0.498847
vt 0.091692 0.502806
vt 0.094857 0.498877
vt 0.093983 0.494712
vt 0.099753 0.485921
vt 0.097165 0.491970
vt 0.100563 0.489458
vt 0.082137 0.590438
vt 0.085242 0.594972
vt 0.086444 0.586901
vt 0.094101 0.486981
vt 0.096612 0.487365
vt 0.098930 0.482488
vt 0.098930 0.482488
vt 0.100653 0.478132
vt 0.094101 0.486981
vt 0.098626 0.495039
vt 0.097165 0.491970
vt 0.094857 0.498877
vt 0.100563 0.489458
vt 0.097165 0.491970
vt 0.098626 0.495039
vt 0.098930 0.482488
vt 0.099753 0.485921
vt 0.102170 0.480407
vt 0.088271 0.525055
vt 0.091620 0.521501
vt 0.090150 0.519702
vt 0.093710 0.514548
vt 0.095415 0.508250
vt 0.091827 0.512457
vt 0.091827 0.512457
vt 0.090150 0.519702
vt 0.093710 0.514548
vt 0.102180 0.511154
vt 0.097046 0.523922
vt 0.102494 0.517970
vt 0.104571 0.474630
vt 0.106872 0.477256
vt 0.110573 0.470639
vt 0.088184 0.498847
vt 0.094101 0.486981
vt 0.063975 0.530701
vt 0.063975 0.530701
vt 0.102284 0.476031
vt 0.105134 0.471039
vt 0.111873 0.474864
vt 0.109236 0.480263
vt 0.115760 0.477528
vt 0.113309 0.464359
vt 0.120610 0.462128
vt 0.119540 0.459337
vt 0.259766 0.998047
vt 0.259766 0.998047
vt 0.259766 0.998047
vt 0.783209 0.963063
vt 0.787632 0.961646
vt 0.741154 0.981573
vt 0.259766 0.998047
vt 0.259766 0.998047
vt 0.259766 0.998047
vt 0.274682 0.985084
vt 0.283535 0.980642
vt 0.281503 0.982131
vt 0.074022 0.524488
vt 0.063975 0.530701
vt 0.037914 0.577407
vt 0.037914 0.577407
vt 0.063975 0.530701
vt 0.005241 0.623684
vt 0.085850 0.522880
vt 0.080741 0.534024
vt 0.085349 0.529680
vt 0.088271 0.525055
vt 0.085850 0.522880
vt 0.085349 0.529680
vt 0.077754 0.613558
vt 0.073905 0.615603
vt 0.075497 0.619302
vt 0.077303 0.532214
vt 0.080741 0.534024
vt 0.085850 0.522880
vt 0.075415 0.539623
vt 0.080741 0.534024
vt 0.077303 0.532214
vt 0.075404 0.564475
vt 0.076767 0.559768
vt 0.074230 0.564707
vt 0.095896 0.502903
vt 0.092670 0.505847
vt 0.091827 0.512457
vt 0.095415 0.508250
vt 0.095896 0.502903
vt 0.091827 0.512457
vt 0.096612 0.487365
vt 0.097165 0.491970
vt 0.099753 0.485921
vt 0.093983 0.494712
vt 0.097165 0.491970
vt 0.096612 0.487365
vt 0.094857 0.498877
vt 0.097165 0.491970
vt 0.093983 0.494712
vt 0.248900 0.927556
vt 0.243565 0.925546
vt 0.248402 0.923747
vt 0.072164 0.545619
vt 0.076830 0.542660
vt 0.075415 0.539623
vt 0.082760 0.610554
vt 0.080848 0.614476
vt 0.083299 0.614732
vt 0.035977 0.606615
vt 0.039143 0.605793
vt 0.037486 0.601466
vt 0.108479 0.570142
vt 0.111694 0.575063
vt 0.112886 0.558091
vt 0.085349 0.529680
vt 0.088701 0.528144
vt 0.088271 0.525055
vt 0.083407 0.535319
vt 0.080681 0.543080
vt 0.088989 0.532528
vt 0.081418 0.652726
vt 0.077346 0.654822
vt 0.079835 0.659141
vt 0.072087 0.605435
vt 0.072809 0.610795
vt 0.074869 0.607018
vt 0.078286 0.605761
vt 0.074869 0.607018
vt 0.075525 0.610732
vt 0.075525 0.610732
vt 0.074869 0.607018
vt 0.072809 0.610795
vt 0.077754 0.613558
vt 0.078286 0.605761
vt 0.075525 0.610732
vt 0.078286 0.605761
vt 0.080633 0.609802
vt 0.082498 0.604842
vt 0.080633 0.609802
vt 0.078286 0.605761
vt 0.077754 0.613558
vt 0.079157 0.572885
vt 0.076527 0.568702
vt 0.076264 0.575941
vt 0.072164 0.545619
vt 0.072761 0.548309
vt 0.076830 0.542660
vt 0.082498 0.604842
vt 0.085356 0.608510
vt 0.085339 0.601500
vt 0.083282 0.598890
vt 0.085339 0.601500
vt 0.085242 0.594972
vt 0.075415 0.539623
vt 0.076830 0.542660
vt 0.080741 0.534024
vt 0.091620 0.521501
vt 0.088271 0.525055
vt 0.088701 0.528144
vt 0.083282 0.598890
vt 0.082498 0.604842
vt 0.085339 0.601500
vt 0.080607 0.599624
vt 0.077894 0.599447
vt 0.078286 0.605761
vt 0.079014 0.594356
vt 0.077894 0.599447
vt 0.080607 0.599624
vt 0.535556 0.993724
vt 0.535847 0.991694
vt 0.540150 0.992988
vt 0.082498 0.604842
vt 0.082760 0.610554
vt 0.085356 0.608510
vt 0.085339 0.601500
vt 0.087687 0.603777
vt 0.087673 0.598877
vt 0.085356 0.608510
vt 0.087687 0.603777
vt 0.085339 0.601500
vt 0.076933 0.584735
vt 0.080271 0.582251
vt 0.076264 0.575941
vt 0.076264 0.575941
vt 0.074264 0.581283
vt 0.076933 0.584735
vt 0.079157 0.572885
vt 0.076264 0.575941
vt 0.081133 0.577296
vt 0.090289 0.600872
vt 0.089497 0.593362
vt 0.087673 0.598877
vt 0.090289 0.600872
vt 0.087673 0.598877
vt 0.087687 0.603777
vt 0.091620 0.521501
vt 0.088701 0.528144
vt 0.093337 0.523367
vt 0.083431 0.621058
vt 0.085803 0.614456
vt 0.083299 0.614732
vt 0.245301 0.934297
vt 0.248102 0.936569
vt 0.241953 0.936924
vt 0.083282 0.598890
vt 0.080607 0.599624
vt 0.082498 0.604842
vt 0.085242 0.594972
vt 0.082135 0.595451
vt 0.083282 0.598890
vt 0.085242 0.594972
vt 0.082137 0.590438
vt 0.082135 0.595451
vt 0.073202 0.586636
vt 0.075846 0.590925
vt 0.076933 0.584735
vt 0.082308 0.564428
vt 0.086443 0.567124
vt 0.085092 0.562014
vt 0.088025 0.575829
vt 0.089320 0.571461
vt 0.085808 0.572108
vt 0.259766 0.998047
vt 0.259766 0.998047
vt 0.259766 0.998047
vt 0.259766 0.998047
vt 0.259766 0.998047
vt 0.259766 0.998047
vt 0.090581 0.586800
vt 0.089890 0.580401
vt 0.086444 0.586901
vt 0.110214 0.528888
vt 0.107727 0.534218
vt 0.110292 0.534369
vt 0.076709 0.552924
vt 0.081080 0.546207
vt 0.080681 0.543080
vt 0.079014 0.594356
vt 0.078790 0.589478
vt 0.075846 0.590925
vt 0.076933 0.584735
vt 0.075846 0.590925
vt 0.078790 0.589478
vt 0.079014 0.594356
vt 0.075404 0.596600
vt 0.077894 0.599447
vt 0.075846 0.590925
vt 0.075404 0.596600
vt 0.079014 0.594356
vt 0.075404 0.596600
vt 0.075309 0.602126
vt 0.077894 0.599447
vt 0.083855 0.581524
vt 0.082604 0.585707
vt 0.086444 0.586901
vt 0.089890 0.580401
vt 0.093615 0.582154
vt 0.092475 0.577360
vt 0.935432 0.992120
vt 0.934843 0.994157
vt 0.930811 0.992590
vt 0.080271 0.582251
vt 0.080139 0.586708
vt 0.082604 0.585707
vt 0.082604 0.585707
vt 0.083855 0.581524
vt 0.080271 0.582251
vt 0.085349 0.529680
vt 0.080741 0.534024
vt 0.083407 0.535319
vt 0.080139 0.586708
vt 0.082137 0.590438
vt 0.082604 0.585707
vt 0.082604 0.585707
vt 0.082137 0.590438
vt 0.086444 0.586901
vt 0.080681 0.543080
vt 0.076830 0.542660
vt 0.073161 0.554064
vt 0.080681 0.543080
vt 0.073161 0.554064
vt 0.076709 0.552924
vt 0.080741 0.534024
vt 0.076830 0.542660
vt 0.083407 0.535319
vt 0.083407 0.535319
vt 0.076830 0.542660
vt 0.080681 0.543080
vt 0.076933 0.584735
vt 0.080139 0.586708
vt 0.080271 0.582251
vt 0.072943 0.577509
vt 0.074264 0.581283
vt 0.076264 0.575941
vt 0.081133 0.577296
vt 0.076264 0.575941
vt 0.080271 0.582251
vt 0.083855 0.581524
vt 0.081133 0.577296
vt 0.080271 0.582251
vt 0.080607 0.599624
vt 0.078286 0.605761
vt 0.082498 0.604842
vt 0.073905 0.615603
vt 0.077754 0.613558
vt 0.075525 0.610732
vt 0.220713 0.950795
vt 0.214717 0.953118
vt 0.215994 0.950905
vt 0.241953 0.936924
vt 0.236329 0.938809
vt 0.238456 0.935081
vt 0.227451 0.949310
vt 0.229014 0.946975
vt 0.234505 0.947350
vt 0.254528 0.928809
vt 0.253814 0.931678
vt 0.249375 0.931379
vt 0.238456 0.935081
vt 0.243589 0.931689
vt 0.245301 0.934297
vt 0.079118 0.689016
vt 0.085036 0.685212
vt 0.077944 0.683733
vt 0.194417 0.957010
vt 0.198191 0.953514
vt 0.200562 0.956119
vt 0.077944 0.683733
vt 0.073960 0.682110
vt 0.075293 0.687034
vt 0.094905 0.706782
vt 0.076247 0.702000
vt 0.071467 0.704480
vt 0.259792 0.929881
vt 0.255375 0.933780
vt 0.253814 0.931678
vt 0.073905 0.615603
vt 0.071800 0.622640
vt 0.075497 0.619302
vt 0.234537 0.934548
vt 0.236396 0.931784
vt 0.238456 0.935081
vt 0.089707 0.667172
vt 0.085283 0.668777
vt 0.097559 0.670845
vt 0.071123 0.687326
vt 0.074896 0.691519
vt 0.075293 0.687034
vt 0.070043 0.665614
vt 0.072841 0.672403
vt 0.075635 0.663143
vt 0.079118 0.689016
vt 0.075293 0.687034
vt 0.077308 0.690783
vt 0.077308 0.690783
vt 0.075293 0.687034
vt 0.074896 0.691519
vt 0.081016 0.618937
vt 0.078915 0.624998
vt 0.083431 0.621058
vt 0.083431 0.621058
vt 0.083299 0.614732
vt 0.081016 0.618937
vt 0.078294 0.619375
vt 0.078915 0.624998
vt 0.081016 0.618937
vt 0.079118 0.689016
vt 0.077944 0.683733
vt 0.075293 0.687034
vt 0.072086 0.692403
vt 0.070885 0.695023
vt 0.075979 0.697451
vt 0.087229 0.680593
vt 0.085036 0.685212
vt 0.110837 0.684324
vt 0.078915 0.624998
vt 0.075204 0.625042
vt 0.075191 0.632415
vt 0.250264 0.933714
vt 0.255375 0.933780
vt 0.248102 0.936569
vt 0.231807 0.934165
vt 0.236396 0.931784
vt 0.234537 0.934548
vt 0.103577 0.652398
vt 0.121902 0.652749
vt 0.105815 0.645748
vt 0.243589 0.931689
vt 0.236396 0.931784
vt 0.242017 0.929041
vt 0.257061 0.920531
vt 0.258083 0.922621
vt 0.253128 0.923529
vt 0.085803 0.614456
vt 0.088897 0.609596
vt 0.085356 0.608510
vt 0.085356 0.608510
vt 0.083299 0.614732
vt 0.085803 0.614456
vt 0.236329 0.938809
vt 0.230786 0.936927
vt 0.238456 0.935081
vt 0.234537 0.934548
vt 0.230786 0.936927
vt 0.231807 0.934165
vt 0.070043 0.665614
vt 0.072079 0.659143
vt 0.068327 0.659245
vt 0.248900 0.927556
vt 0.254528 0.928809
vt 0.249375 0.931379
vt 0.097505 0.638144
vt 0.091119 0.639295
vt 0.094084 0.645687
vt 0.071599 0.637857
vt 0.075191 0.632415
vt 0.071856 0.630772
vt 0.071856 0.630772
vt 0.075191 0.632415
vt 0.075204 0.625042
vt 0.080848 0.614476
vt 0.081016 0.618937
vt 0.083299 0.614732
vt 0.078294 0.619375
vt 0.081016 0.618937
vt 0.080848 0.614476
vt 0.245301 0.934297
vt 0.250264 0.933714
vt 0.248102 0.936569
vt 0.075204 0.625042
vt 0.078294 0.619375
vt 0.075497 0.619302
vt 0.071800 0.622640
vt 0.075204 0.625042
vt 0.075497 0.619302
vt 0.075497 0.619302
vt 0.078294 0.619375
vt 0.077754 0.613558
vt 0.071856 0.630772
vt 0.075204 0.625042
vt 0.071800 0.622640
vt 0.085356 0.608510
vt 0.082760 0.610554
vt 0.083299 0.614732
vt 0.077754 0.613558
vt 0.078294 0.619375
vt 0.080848 0.614476
vt 0.080848 0.614476
vt 0.080633 0.609802
vt 0.077754 0.613558
vt 0.082760 0.610554
vt 0.080633 0.609802
vt 0.080848 0.614476
vt 0.065685 0.626913
vt 0.063175 0.629466
vt 0.065641 0.632800
vt 0.063287 0.636657
vt 0.065641 0.632800
vt 0.063175 0.629466
vt 0.257061 0.920531
vt 0.264253 0.920388
vt 0.258083 0.922621
vt 0.260307 0.923757
vt 0.264977 0.924059
vt 0.259629 0.926446
vt 0.087047 0.617073
vt 0.085803 0.614456
vt 0.083431 0.621058
vt 0.233352 0.940972
vt 0.236329 0.938809
vt 0.236858 0.941927
vt 0.234505 0.947350
vt 0.241446 0.947555
vt 0.237953 0.948888
vt 0.072178 0.678095
vt 0.072841 0.672403
vt 0.068919 0.677084
vt 0.065494 0.656716
vt 0.064155 0.662615
vt 0.068327 0.659245
vt 0.072079 0.659143
vt 0.070043 0.665614
vt 0.075635 0.663143
vt 0.090217 0.651126
vt 0.092103 0.655436
vt 0.095410 0.652099
vt 0.072735 0.651616
vt 0.068917 0.651765
vt 0.068327 0.659245
vt 0.072079 0.659143
vt 0.072735 0.651616
vt 0.068327 0.659245
vt 0.099222 0.644467
vt 0.105815 0.645748
vt 0.102527 0.639878
vt 0.071123 0.687326
vt 0.072086 0.692403
vt 0.074896 0.691519
vt 0.072178 0.678095
vt 0.075810 0.678405
vt 0.072841 0.672403
vt 0.072841 0.672403
vt 0.076798 0.674641
vt 0.077433 0.670470
vt 0.080028 0.674455
vt 0.076798 0.674641
vt 0.078781 0.677251
vt 0.080028 0.674455
vt 0.078781 0.677251
vt 0.081371 0.677824
vt 0.774997 0.992471
vt 0.774247 0.994909
vt 0.772038 0.992871
vt 0.078781 0.677251
vt 0.075810 0.678405
vt 0.080025 0.680542
vt 0.075810 0.678405
vt 0.078781 0.677251
vt 0.076798 0.674641
vt 0.072841 0.672403
vt 0.075810 0.678405
vt 0.076798 0.674641
vt 0.055849 0.693412
vt 0.059361 0.692733
vt 0.058218 0.689635
vt 0.259629 0.926446
vt 0.264043 0.926851
vt 0.259792 0.929881
vt 0.259629 0.926446
vt 0.259792 0.929881
vt 0.254528 0.928809
vt 0.072735 0.651616
vt 0.072079 0.659143
vt 0.074568 0.655885
vt 0.067965 0.671861
vt 0.068919 0.677084
vt 0.072841 0.672403
vt 0.070043 0.665614
vt 0.067965 0.671861
vt 0.072841 0.672403
vt 0.073960 0.682110
vt 0.072601 0.684248
vt 0.075293 0.687034
vt 0.068917 0.651765
vt 0.068970 0.647548
vt 0.066819 0.649989
vt 0.071505 0.644898
vt 0.068970 0.647548
vt 0.068917 0.651765
vt 0.072086 0.692403
vt 0.075979 0.697451
vt 0.074896 0.691519
vt 0.074896 0.691519
vt 0.075979 0.697451
vt 0.079928 0.694988
vt 0.075979 0.697451
vt 0.076247 0.702000
vt 0.094905 0.706782
vt 0.079928 0.694988
vt 0.075979 0.697451
vt 0.094905 0.706782
vt 0.062460 0.700392
vt 0.057124 0.699824
vt 0.058767 0.705761
vt 0.070885 0.695023
vt 0.072086 0.692403
vt 0.069059 0.691504
vt 0.066983 0.699833
vt 0.062460 0.700392
vt 0.065890 0.702832
vt 0.058075 0.711007
vt 0.058767 0.705761
vt 0.055136 0.709234
vt 0.075979 0.697451
vt 0.070547 0.698713
vt 0.076247 0.702000
vt 0.070885 0.695023
vt 0.070547 0.698713
vt 0.075979 0.697451
vt 0.026761 0.618311
vt 0.026403 0.614173
vt 0.024130 0.618336
vt 0.048295 0.701608
vt 0.045357 0.700109
vt 0.046941 0.706128
vt 0.049925 0.705493
vt 0.048295 0.701608
vt 0.046941 0.706128
vt 0.089707 0.667172
vt 0.093246 0.663620
vt 0.089716 0.663488
vt 0.064408 0.706849
vt 0.058767 0.705761
vt 0.061271 0.710289
vt 0.061271 0.710289
vt 0.058767 0.705761
vt 0.058075 0.711007
vt 0.068343 0.629468
vt 0.065685 0.626913
vt 0.065641 0.632800
vt 0.067357 0.682406
vt 0.071123 0.687326
vt 0.070708 0.681621
vt 0.068343 0.629468
vt 0.065641 0.632800
vt 0.067269 0.634418
vt 0.243425 0.942227
vt 0.236858 0.941927
vt 0.242473 0.939449
vt 0.071599 0.637857
vt 0.071856 0.630772
vt 0.068906 0.635990
vt 0.048976 0.697106
vt 0.045357 0.700109
vt 0.048295 0.701608
vt 0.253351 0.984779
vt 0.250114 0.982984
vt 0.253859 0.982262
vt 0.048295 0.701608
vt 0.049925 0.705493
vt 0.052218 0.699189
vt 0.063393 0.684917
vt 0.067357 0.682406
vt 0.064568 0.676999
vt 0.206900 0.953372
vt 0.211031 0.952843
vt 0.206201 0.955130
vt 0.200562 0.956119
vt 0.206900 0.953372
vt 0.206201 0.955130
vt 0.058767 0.705761
vt 0.054075 0.704240
vt 0.055136 0.709234
vt 0.047966 0.709831
vt 0.049925 0.705493
vt 0.046941 0.706128
vt 0.047966 0.709831
vt 0.050193 0.709830
vt 0.049925 0.705493
vt 0.052186 0.707890
vt 0.049925 0.705493
vt 0.050193 0.709830
vt 0.048976 0.697106
vt 0.048813 0.691531
vt 0.045357 0.700109
vt 0.052218 0.699189
vt 0.055849 0.693412
vt 0.051686 0.693279
vt 0.052154 0.683128
vt 0.056729 0.681694
vt 0.056766 0.675276
vt 0.054075 0.704240
vt 0.058767 0.705761
vt 0.057124 0.699824
vt 0.052218 0.699189
vt 0.054075 0.704240
vt 0.057124 0.699824
vt 0.052358 0.712289
vt 0.055136 0.709234
vt 0.052186 0.707890
vt 0.054075 0.704240
vt 0.052186 0.707890
vt 0.055136 0.709234
vt 0.055999 0.687428
vt 0.056729 0.681694
vt 0.053721 0.686131
vt 0.239947 0.944696
vt 0.245437 0.945685
vt 0.241446 0.947555
vt 0.241446 0.947555
vt 0.234505 0.947350
vt 0.239947 0.944696
vt 0.070708 0.681621
vt 0.073960 0.682110
vt 0.072178 0.678095
vt 0.200562 0.956119
vt 0.197293 0.959660
vt 0.194672 0.958797
vt 0.241953 0.936924
vt 0.242473 0.939449
vt 0.236329 0.938809
vt 0.194672 0.958797
vt 0.194417 0.957010
vt 0.200562 0.956119
vt 0.189625 0.959117
vt 0.194417 0.957010
vt 0.194672 0.958797
vt 0.189912 0.955894
vt 0.189017 0.952934
vt 0.193083 0.953362
vt 0.048976 0.697106
vt 0.051686 0.693279
vt 0.048813 0.691531
vt 0.061157 0.689834
vt 0.065090 0.691636
vt 0.063393 0.684917
vt 0.056926 0.663841
vt 0.059647 0.660243
vt 0.057601 0.658597
vt 0.206900 0.953372
vt 0.204730 0.952661
vt 0.212344 0.950161
vt 0.204730 0.952661
vt 0.206900 0.953372
vt 0.200562 0.956119
vt 0.204730 0.952661
vt 0.200562 0.956119
vt 0.198191 0.953514
vt 0.193083 0.953362
vt 0.198191 0.953514
vt 0.189912 0.955894
vt 0.189912 0.955894
vt 0.198191 0.953514
vt 0.194417 0.957010
vt 0.195967 0.951686
vt 0.198191 0.953514
vt 0.193083 0.953362
vt 0.056729 0.681694
vt 0.052154 0.683128
vt 0.053721 0.686131
vt 0.211031 0.952843
vt 0.212344 0.950161
vt 0.215994 0.950905
vt 0.215994 0.950905
vt 0.214717 0.953118
vt 0.211031 0.952843
vt 0.224578 0.952349
vt 0.220713 0.950795
vt 0.227451 0.949310
vt 0.245437 0.945685
vt 0.239947 0.944696
vt 0.244389 0.943960
vt 0.193083 0.953362
vt 0.189017 0.952934
vt 0.192683 0.951421
vt 0.077884 0.993258
vt 0.073505 0.993306
vt 0.073091 0.991547
vt 0.068906 0.635990
vt 0.071856 0.630772
vt 0.068343 0.629468
vt 0.243425 0.942227
vt 0.244389 0.943960
vt 0.239947 0.944696
vt 0.212344 0.950161
vt 0.211031 0.952843
vt 0.206900 0.953372
vt 0.242473 0.939449
vt 0.236858 0.941927
vt 0.236329 0.938809
vt 0.228661 0.954192
vt 0.233262 0.950677
vt 0.236956 0.953423
vt 0.242053 0.950634
vt 0.233262 0.950677
vt 0.237953 0.948888
vt 0.233262 0.950677
vt 0.242053 0.950634
vt 0.236956 0.953423
vt 0.056841 0.639924
vt 0.056072 0.631432
vt 0.055147 0.637304
vt 0.060239 0.635148
vt 0.056072 0.631432
vt 0.056841 0.639924
vt 0.056072 0.631432
vt 0.060239 0.635148
vt 0.059646 0.624378
vt 0.067717 0.621544
vt 0.065685 0.626913
vt 0.068343 0.629468
vt 0.071800 0.622640
vt 0.067717 0.621544
vt 0.068343 0.629468
vt 0.236858 0.941927
vt 0.230663 0.942791
vt 0.233352 0.940972
vt 0.237953 0.948888
vt 0.241446 0.947555
vt 0.242053 0.950634
vt 0.060239 0.635148
vt 0.063287 0.636657
vt 0.063175 0.629466
vt 0.063175 0.629466
vt 0.059646 0.624378
vt 0.060239 0.635148
vt 0.063817 0.621225
vt 0.059646 0.624378
vt 0.063175 0.629466
vt 0.063817 0.621225
vt 0.063175 0.629466
vt 0.065685 0.626913
vt 0.068343 0.629468
vt 0.071856 0.630772
vt 0.071800 0.622640
vt 0.239947 0.944696
vt 0.236858 0.941927
vt 0.243425 0.942227
vt 0.220713 0.950795
vt 0.224512 0.948179
vt 0.227451 0.949310
vt 0.059647 0.660243
vt 0.060675 0.655175
vt 0.057601 0.658597
vt 0.063393 0.684917
vt 0.060590 0.680609
vt 0.059130 0.685441
vt 0.059647 0.660243
vt 0.057225 0.668203
vt 0.061786 0.661609
vt 0.056926 0.663841
vt 0.057225 0.668203
vt 0.059647 0.660243
vt 0.057225 0.668203
vt 0.053799 0.676024
vt 0.056766 0.675276
vt 0.071467 0.704480
vt 0.064408 0.706849
vt 0.070108 0.712967
vt 0.058218 0.689635
vt 0.059130 0.685441
vt 0.055999 0.687428
vt 0.055999 0.687428
vt 0.059130 0.685441
vt 0.056729 0.681694
vt 0.056766 0.675276
vt 0.053799 0.676024
vt 0.052154 0.683128
vt 0.061786 0.661609
vt 0.060845 0.668250
vt 0.064155 0.662615
vt 0.069059 0.691504
vt 0.072086 0.692403
vt 0.071123 0.687326
vt 0.239947 0.944696
vt 0.234505 0.947350
vt 0.232649 0.944856
vt 0.229014 0.946975
vt 0.232649 0.944856
vt 0.234505 0.947350
vt 0.236858 0.941927
vt 0.232649 0.944856
vt 0.230663 0.942791
vt 0.229014 0.946975
vt 0.225587 0.945841
vt 0.232649 0.944856
vt 0.224512 0.948179
vt 0.225587 0.945841
vt 0.229014 0.946975
vt 0.041960 0.596507
vt 0.037982 0.596228
vt 0.037486 0.601466
vt 0.065494 0.656716
vt 0.068327 0.659245
vt 0.068917 0.651765
vt 0.066819 0.649989
vt 0.065494 0.656716
vt 0.068917 0.651765
vt 0.063149 0.654701
vt 0.065494 0.656716
vt 0.066819 0.649989
vt 0.230663 0.942791
vt 0.232649 0.944856
vt 0.225587 0.945841
vt 0.061786 0.661609
vt 0.065494 0.656716
vt 0.063149 0.654701
vt 0.071467 0.704480
vt 0.076247 0.702000
vt 0.070547 0.698713
vt 0.056729 0.681694
vt 0.060590 0.680609
vt 0.060521 0.674751
vt 0.070708 0.681621
vt 0.068919 0.677084
vt 0.067357 0.682406
vt 0.068919 0.677084
vt 0.064568 0.676999
vt 0.067357 0.682406
vt 0.070043 0.665614
vt 0.064945 0.668337
vt 0.067965 0.671861
vt 0.057225 0.668203
vt 0.060845 0.668250
vt 0.061786 0.661609
vt 0.053721 0.686131
vt 0.053617 0.689740
vt 0.055999 0.687428
vt 0.193083 0.953362
vt 0.192683 0.951421
vt 0.195967 0.951686
vt 0.080025 0.680542
vt 0.087229 0.680593
vt 0.081371 0.677824
vt 0.067965 0.671861
vt 0.064945 0.668337
vt 0.064568 0.676999
vt 0.064568 0.676999
vt 0.068919 0.677084
vt 0.067965 0.671861
vt 0.075293 0.687034
vt 0.072601 0.684248
vt 0.071123 0.687326
vt 0.059130 0.685441
vt 0.061157 0.689834
vt 0.063393 0.684917
vt 0.058218 0.689635
vt 0.061157 0.689834
vt 0.059130 0.685441
vt 0.064945 0.668337
vt 0.060521 0.674751
vt 0.064568 0.676999
vt 0.060845 0.668250
vt 0.060521 0.674751
vt 0.064945 0.668337
vt 0.060845 0.668250
vt 0.064945 0.668337
vt 0.064155 0.662615
vt 0.056766 0.675276
vt 0.060845 0.668250
vt 0.057225 0.668203
vt 0.064945 0.668337
vt 0.068327 0.659245
vt 0.064155 0.662615
vt 0.064945 0.668337
vt 0.070043 0.665614
vt 0.068327 0.659245
vt 0.071467 0.704480
vt 0.070547 0.698713
vt 0.066983 0.699833
vt 0.071467 0.704480
vt 0.066983 0.699833
vt 0.065890 0.702832
vt 0.064408 0.706849
vt 0.071467 0.704480
vt 0.065890 0.702832
vt 0.060845 0.668250
vt 0.056766 0.675276
vt 0.060521 0.674751
vt 0.061157 0.689834
vt 0.058218 0.689635
vt 0.059361 0.692733
vt 0.064408 0.706849
vt 0.062460 0.700392
vt 0.058767 0.705761
vt 0.069059 0.691504
vt 0.067095 0.687597
vt 0.065090 0.691636
vt 0.110837 0.684324
vt 0.094905 0.706782
vt 0.210699 0.675001
vt 0.210699 0.675001
vt 0.094905 0.706782
vt 0.158287 0.743513
vt 0.089707 0.667172
vt 0.087009 0.664835
vt 0.085283 0.668777
vt 0.056729 0.681694
vt 0.059130 0.685441
vt 0.060590 0.680609
vt 0.060590 0.680609
vt 0.063393 0.684917
vt 0.064568 0.676999
vt 0.064568 0.676999
vt 0.060521 0.674751
vt 0.060590 0.680609
vt 0.055849 0.693412
vt 0.058218 0.689635
vt 0.055999 0.687428
vt 0.055849 0.693412
vt 0.055999 0.687428
vt 0.053617 0.689740
vt 0.055849 0.693412
vt 0.053617 0.689740
vt 0.051686 0.693279
vt 0.064408 0.706849
vt 0.065890 0.702832
vt 0.062460 0.700392
vt 0.067095 0.687597
vt 0.071123 0.687326
vt 0.067357 0.682406
vt 0.067971 0.695589
vt 0.070885 0.695023
vt 0.069059 0.691504
vt 0.065090 0.691636
vt 0.067095 0.687597
vt 0.063393 0.684917
vt 0.057124 0.699824
vt 0.059439 0.696338
vt 0.055849 0.693412
vt 0.055849 0.693412
vt 0.052218 0.699189
vt 0.057124 0.699824
vt 0.067971 0.695589
vt 0.065090 0.691636
vt 0.064942 0.696559
vt 0.069059 0.691504
vt 0.071123 0.687326
vt 0.067095 0.687597
vt 0.069059 0.691504
vt 0.065090 0.691636
vt 0.067971 0.695589
vt 0.055849 0.693412
vt 0.059439 0.696338
vt 0.059361 0.692733
vt 0.066983 0.699833
vt 0.067971 0.695589
vt 0.064942 0.696559
vt 0.070547 0.698713
vt 0.067971 0.695589
vt 0.066983 0.699833
vt 0.062460 0.700392
vt 0.059439 0.696338
vt 0.057124 0.699824
vt 0.062460 0.700392
vt 0.064942 0.696559
vt 0.062055 0.694772
vt 0.059439 0.696338
vt 0.062460 0.700392
vt 0.062055 0.694772
vt 0.059361 0.692733
vt 0.059439 0.696338
vt 0.062055 0.694772
vt 0.061157 0.689834
vt 0.059361 0.692733
vt 0.062055 0.694772
vt 0.062055 0.694772
vt 0.064942 0.696559
vt 0.065090 0.691636
vt 0.065090 0.691636
vt 0.061157 0.689834
vt 0.062055 0.694772
vt 0.062460 0.700392
vt 0.066983 0.699833
vt 0.064942 0.696559
vt 0.063393 0.684917
vt 0.067095 0.687597
vt 0.067357 0.682406
vt 0.070885 0.695023
vt 0.067971 0.695589
vt 0.070547 0.698713
vt 0.097559 0.670845
vt 0.092912 0.675301
vt 0.128649 0.669140
vt 0.085036 0.685212
vt 0.087229 0.680593
vt 0.080025 0.680542
vt 0.085036 0.685212
vt 0.080025 0.680542
vt 0.077944 0.683733
vt 0.081618 0.666815
vt 0.078969 0.667105
vt 0.081292 0.670621
vt 0.079668 0.663912
vt 0.078969 0.667105
vt 0.081618 0.666815
vt 0.249375 0.931379
vt 0.245301 0.934297
vt 0.243589 0.931689
vt 0.245301 0.934297
vt 0.249375 0.931379
vt 0.250264 0.933714
vt 0.110060 0.616508
vt 0.113203 0.619624
vt 0.114541 0.614352
vt 0.116201 0.618206
vt 0.114541 0.614352
vt 0.113203 0.619624
vt 0.077308 0.690783
vt 0.079928 0.694988
vt 0.079118 0.689016
vt 0.079928 0.694988
vt 0.087749 0.692286
vt 0.079118 0.689016
vt 0.087749 0.692286
vt 0.094905 0.706782
vt 0.110837 0.684324
vt 0.079928 0.694988
vt 0.094905 0.706782
vt 0.087749 0.692286
vt 0.087749 0.692286
vt 0.110837 0.684324
vt 0.085036 0.685212
vt 0.085036 0.685212
vt 0.079118 0.689016
vt 0.087749 0.692286
vt 0.081418 0.652726
vt 0.078608 0.646855
vt 0.077346 0.654822
vt 0.072735 0.651616
vt 0.074568 0.655885
vt 0.075645 0.651283
vt 0.081371 0.677824
vt 0.087229 0.680593
vt 0.092912 0.675301
vt 0.092912 0.675301
vt 0.080028 0.674455
vt 0.081371 0.677824
vt 0.090217 0.651126
vt 0.085475 0.651133
vt 0.087587 0.655586
vt 0.084141 0.654176
vt 0.087587 0.655586
vt 0.085475 0.651133
vt 0.075635 0.663143
vt 0.074568 0.655885
vt 0.072079 0.659143
vt 0.075810 0.678405
vt 0.073960 0.682110
vt 0.077944 0.683733
vt 0.075810 0.678405
vt 0.077944 0.683733
vt 0.080025 0.680542
vt 0.104143 0.666324
vt 0.121902 0.652749
vt 0.100586 0.661457
vt 0.087687 0.603777
vt 0.085356 0.608510
vt 0.088897 0.609596
vt 0.257061 0.920531
vt 0.251816 0.920770
vt 0.255136 0.918353
vt 0.092912 0.675301
vt 0.097559 0.670845
vt 0.085283 0.668777
vt 0.238456 0.935081
vt 0.230786 0.936927
vt 0.234537 0.934548
vt 0.270949 0.925871
vt 0.264977 0.924059
vt 0.271978 0.922173
vt 0.085283 0.668777
vt 0.081292 0.670621
vt 0.092912 0.675301
vt 0.072178 0.678095
vt 0.073960 0.682110
vt 0.075810 0.678405
vt 0.092912 0.675301
vt 0.087229 0.680593
vt 0.110837 0.684324
vt 0.110837 0.684324
vt 0.128649 0.669140
vt 0.092912 0.675301
vt 0.102527 0.639878
vt 0.105815 0.645748
vt 0.105960 0.640024
vt 0.098899 0.628288
vt 0.097505 0.638144
vt 0.102687 0.634157
vt 0.102687 0.634157
vt 0.097505 0.638144
vt 0.102527 0.639878
vt 0.081618 0.666815
vt 0.083271 0.663121
vt 0.079668 0.663912
vt 0.118641 0.588576
vt 0.115460 0.588521
vt 0.114968 0.595021
vt 0.077346 0.654822
vt 0.078608 0.646855
vt 0.075645 0.651283
vt 0.074568 0.655885
vt 0.077346 0.654822
vt 0.075645 0.651283
vt 0.075635 0.663143
vt 0.077346 0.654822
vt 0.074568 0.655885
vt 0.075635 0.663143
vt 0.079668 0.663912
vt 0.079835 0.659141
vt 0.078969 0.667105
vt 0.079668 0.663912
vt 0.075635 0.663143
vt 0.249375 0.931379
vt 0.253814 0.931678
vt 0.250264 0.933714
vt 0.678097 0.990788
vt 0.676432 0.993551
vt 0.675001 0.991714
vt 0.119351 0.612297
vt 0.117911 0.616144
vt 0.121206 0.616796
vt 0.078608 0.646855
vt 0.083137 0.646486
vt 0.082072 0.641353
vt 0.248900 0.927556
vt 0.242017 0.929041
vt 0.243565 0.925546
vt 0.099222 0.644467
vt 0.097505 0.638144
vt 0.094084 0.645687
vt 0.099222 0.644467
vt 0.094084 0.645687
vt 0.097563 0.648241
vt 0.259629 0.926446
vt 0.254528 0.928809
vt 0.255649 0.925393
vt 0.264043 0.926851
vt 0.259629 0.926446
vt 0.264977 0.924059
vt 0.111334 0.597458
vt 0.107928 0.600082
vt 0.110855 0.603877
vt 0.090289 0.600872
vt 0.092579 0.600150
vt 0.092987 0.596028
vt 0.276529 0.923430
vt 0.280048 0.923351
vt 0.278880 0.925454
vt 0.276529 0.923430
vt 0.278880 0.925454
vt 0.270949 0.925871
vt 0.243589 0.931689
vt 0.242017 0.929041
vt 0.248900 0.927556
vt 0.092987 0.596028
vt 0.092579 0.600150
vt 0.095191 0.600404
vt 0.280450 0.920842
vt 0.280048 0.923351
vt 0.276529 0.923430
vt 0.270949 0.925871
vt 0.271978 0.922173
vt 0.276529 0.923430
vt 0.083287 0.548399
vt 0.087899 0.551936
vt 0.089402 0.542316
vt 0.099222 0.644467
vt 0.100251 0.648462
vt 0.105815 0.645748
vt 0.113203 0.619624
vt 0.110060 0.616508
vt 0.108837 0.622223
vt 0.105000 0.594489
vt 0.108727 0.590305
vt 0.105969 0.589347
vt 0.115460 0.588521
vt 0.118641 0.588576
vt 0.117724 0.582478
vt 0.248402 0.923747
vt 0.245619 0.920627
vt 0.251816 0.920770
vt 0.105815 0.645748
vt 0.118161 0.637377
vt 0.105960 0.640024
vt 0.121291 0.626897
vt 0.110091 0.632640
vt 0.118161 0.637377
vt 0.085475 0.651133
vt 0.088058 0.645999
vt 0.083137 0.646486
vt 0.255649 0.925393
vt 0.258083 0.922621
vt 0.260307 0.923757
vt 0.085827 0.640480
vt 0.083137 0.646486
vt 0.088058 0.645999
vt 0.083137 0.646486
vt 0.085827 0.640480
vt 0.082072 0.641353
vt 0.090933 0.659775
vt 0.087587 0.655586
vt 0.086989 0.660677
vt 0.100251 0.648462
vt 0.103577 0.652398
vt 0.105815 0.645748
vt 0.254528 0.928809
vt 0.248900 0.927556
vt 0.255649 0.925393
vt 0.253128 0.923529
vt 0.248900 0.927556
vt 0.248402 0.923747
vt 0.255649 0.925393
vt 0.248900 0.927556
vt 0.253128 0.923529
vt 0.110855 0.603877
vt 0.104859 0.606877
vt 0.105719 0.613640
vt 0.253128 0.923529
vt 0.248402 0.923747
vt 0.251816 0.920770
vt 0.253128 0.923529
vt 0.251816 0.920770
vt 0.257061 0.920531
vt 0.085827 0.640480
vt 0.088058 0.645999
vt 0.091119 0.639295
vt 0.248402 0.923747
vt 0.243565 0.925546
vt 0.245619 0.920627
vt 0.101558 0.597693
vt 0.105000 0.594489
vt 0.102771 0.592029
vt 0.094084 0.645687
vt 0.088058 0.645999
vt 0.090217 0.651126
vt 0.095410 0.652099
vt 0.094084 0.645687
vt 0.090217 0.651126
vt 0.087009 0.664835
vt 0.089707 0.667172
vt 0.089716 0.663488
vt 0.115796 0.607294
vt 0.119351 0.612297
vt 0.119910 0.607477
vt 0.085475 0.651133
vt 0.090217 0.651126
vt 0.088058 0.645999
vt 0.128649 0.669140
vt 0.110837 0.684324
vt 0.210699 0.675001
vt 0.079835 0.659141
vt 0.083271 0.663121
vt 0.083630 0.657526
vt 0.081418 0.652726
vt 0.083630 0.657526
vt 0.084141 0.654176
vt 0.079835 0.659141
vt 0.083630 0.657526
vt 0.081418 0.652726
vt 0.081418 0.652726
vt 0.084141 0.654176
vt 0.085475 0.651133
vt 0.085475 0.651133
vt 0.083137 0.646486
vt 0.081418 0.652726
vt 0.111775 0.538520
vt 0.109249 0.542191
vt 0.111698 0.546153
vt 0.086989 0.660677
vt 0.089716 0.663488
vt 0.090933 0.659775
vt 0.086989 0.660677
vt 0.083271 0.663121
vt 0.087009 0.664835
vt 0.083630 0.657526
vt 0.083271 0.663121
vt 0.086989 0.660677
vt 0.087009 0.664835
vt 0.089716 0.663488
vt 0.086989 0.660677
vt 0.095410 0.652099
vt 0.097563 0.648241
vt 0.094084 0.645687
vt 0.245619 0.920627
vt 0.251354 0.917783
vt 0.251816 0.920770
vt 0.676432 0.993551
vt 0.673073 0.992803
vt 0.675001 0.991714
vt 0.093246 0.663620
vt 0.095659 0.658169
vt 0.090933 0.659775
vt 0.090933 0.659775
vt 0.095659 0.658169
vt 0.092103 0.655436
vt 0.102687 0.634157
vt 0.106495 0.636406
vt 0.106788 0.632154
vt 0.104653 0.627796
vt 0.102687 0.634157
vt 0.106788 0.632154
vt 0.112957 0.624003
vt 0.108837 0.622223
vt 0.109945 0.628131
vt 0.099222 0.644467
vt 0.102527 0.639878
vt 0.097505 0.638144
vt 0.255136 0.918353
vt 0.251354 0.917783
vt 0.256920 0.914377
vt 0.251816 0.920770
vt 0.251354 0.917783
vt 0.255136 0.918353
vt 0.097505 0.638144
vt 0.098899 0.628288
vt 0.094732 0.633609
vt 0.097505 0.638144
vt 0.094732 0.633609
vt 0.091119 0.639295
vt 0.102862 0.657320
vt 0.100586 0.661457
vt 0.121902 0.652749
vt 0.128649 0.669140
vt 0.104143 0.666324
vt 0.097559 0.670845
vt 0.097559 0.670845
vt 0.104143 0.666324
vt 0.089707 0.667172
vt 0.102527 0.639878
vt 0.105960 0.640024
vt 0.106495 0.636406
vt 0.089716 0.663488
vt 0.093246 0.663620
vt 0.090933 0.659775
vt 0.101438 0.620542
vt 0.105719 0.613640
vt 0.101162 0.613960
vt 0.088058 0.645999
vt 0.094084 0.645687
vt 0.091119 0.639295
vt 0.113203 0.619624
vt 0.116639 0.621495
vt 0.116201 0.618206
vt 0.095410 0.652099
vt 0.098409 0.654588
vt 0.098748 0.651143
vt 0.095659 0.658169
vt 0.098409 0.654588
vt 0.095410 0.652099
vt 0.120336 0.602128
vt 0.123786 0.596093
vt 0.119325 0.595419
vt 0.102165 0.624799
vt 0.104716 0.621221
vt 0.101438 0.620542
vt 0.104653 0.627796
vt 0.104716 0.621221
vt 0.102165 0.624799
vt 0.113203 0.619624
vt 0.112957 0.624003
vt 0.116639 0.621495
vt 0.116639 0.621495
vt 0.112957 0.624003
vt 0.121291 0.626897
vt 0.098748 0.651143
vt 0.100251 0.648462
vt 0.097563 0.648241
vt 0.097563 0.648241
vt 0.100251 0.648462
vt 0.099222 0.644467
vt 0.163799 0.621568
vt 0.118161 0.637377
vt 0.121902 0.652749
vt 0.121902 0.652749
vt 0.118161 0.637377
vt 0.105815 0.645748
vt 0.110091 0.632640
vt 0.106495 0.636406
vt 0.118161 0.637377
vt 0.118161 0.637377
vt 0.106495 0.636406
vt 0.105960 0.640024
vt 0.098748 0.651143
vt 0.097563 0.648241
vt 0.095410 0.652099
vt 0.104716 0.621221
vt 0.104653 0.627796
vt 0.108837 0.622223
vt 0.260307 0.923757
vt 0.259629 0.926446
vt 0.255649 0.925393
vt 0.093246 0.663620
vt 0.089707 0.667172
vt 0.104143 0.666324
vt 0.146894 0.609757
vt 0.163799 0.621568
vt 0.185121 0.594044
vt 0.110855 0.603877
vt 0.116290 0.600679
vt 0.114968 0.595021
vt 0.119325 0.595419
vt 0.114968 0.595021
vt 0.116290 0.600679
vt 0.104143 0.666324
vt 0.100586 0.661457
vt 0.093246 0.663620
vt 0.121291 0.626897
vt 0.118161 0.637377
vt 0.163799 0.621568
vt 0.102165 0.624799
vt 0.098899 0.628288
vt 0.104653 0.627796
vt 0.257061 0.920531
vt 0.255136 0.918353
vt 0.259570 0.917957
vt 0.210699 0.675001
vt 0.183011 0.650878
vt 0.128649 0.669140
vt 0.128649 0.669140
vt 0.121902 0.652749
vt 0.104143 0.666324
vt 0.264253 0.920388
vt 0.260307 0.923757
vt 0.258083 0.922621
vt 0.183011 0.650878
vt 0.121902 0.652749
vt 0.128649 0.669140
vt 0.102527 0.639878
vt 0.106495 0.636406
vt 0.102687 0.634157
vt 0.121902 0.652749
vt 0.183011 0.650878
vt 0.163799 0.621568
vt 0.102862 0.657320
vt 0.121902 0.652749
vt 0.103577 0.652398
vt 0.103812 0.601206
vt 0.100002 0.604043
vt 0.100914 0.608228
vt 0.264977 0.924059
vt 0.260307 0.923757
vt 0.264253 0.920388
vt 0.100586 0.661457
vt 0.102862 0.657320
vt 0.095659 0.658169
vt 0.095659 0.658169
vt 0.093246 0.663620
vt 0.100586 0.661457
vt 0.102687 0.634157
vt 0.104653 0.627796
vt 0.098899 0.628288
vt 0.102862 0.657320
vt 0.103577 0.652398
vt 0.098409 0.654588
vt 0.098409 0.654588
vt 0.103577 0.652398
vt 0.098748 0.651143
vt 0.098748 0.651143
vt 0.103577 0.652398
vt 0.100251 0.648462
vt 0.259570 0.917957
vt 0.255136 0.918353
vt 0.256920 0.914377
vt 0.101162 0.613960
vt 0.098050 0.613051
vt 0.097879 0.620001
vt 0.095659 0.658169
vt 0.102862 0.657320
vt 0.098409 0.654588
vt 0.255649 0.925393
vt 0.253128 0.923529
vt 0.258083 0.922621
vt 0.106495 0.636406
vt 0.110091 0.632640
vt 0.106788 0.632154
vt 0.110091 0.632640
vt 0.109945 0.628131
vt 0.106788 0.632154
vt 0.104653 0.627796
vt 0.106788 0.632154
vt 0.109945 0.628131
vt 0.104653 0.627796
vt 0.109945 0.628131
vt 0.108837 0.622223
vt 0.127090 0.620916
vt 0.116639 0.621495
vt 0.121291 0.626897
vt 0.113203 0.619624
vt 0.108837 0.622223
vt 0.112957 0.624003
vt 0.121291 0.626897
vt 0.112957 0.624003
vt 0.109945 0.628131
vt 0.270275 0.916781
vt 0.274464 0.918666
vt 0.264253 0.920388
vt 0.100914 0.608228
vt 0.104859 0.606877
vt 0.103812 0.601206
vt 0.108421 0.583473
vt 0.103863 0.586304
vt 0.105969 0.589347
vt 0.110060 0.616508
vt 0.110574 0.611427
vt 0.107992 0.614311
vt 0.124172 0.585273
vt 0.121868 0.589865
vt 0.124485 0.590200
vt 0.119325 0.595419
vt 0.121868 0.589865
vt 0.118641 0.588576
vt 0.111334 0.597458
vt 0.110855 0.603877
vt 0.114968 0.595021
vt 0.116201 0.618206
vt 0.117911 0.616144
vt 0.114541 0.614352
vt 0.211943 0.984406
vt 0.214076 0.981442
vt 0.209713 0.984331
vt 0.105719 0.613640
vt 0.107066 0.617528
vt 0.107992 0.614311
vt 0.085813 0.993569
vt 0.087020 0.991733
vt 0.089650 0.993322
vt 0.098050 0.613051
vt 0.100914 0.608228
vt 0.098758 0.608556
vt 0.118817 0.618666
vt 0.121206 0.616796
vt 0.117911 0.616144
vt 0.111334 0.597458
vt 0.110057 0.594580
vt 0.107928 0.600082
vt 0.104716 0.621221
vt 0.107066 0.617528
vt 0.105719 0.613640
vt 0.104716 0.621221
vt 0.105719 0.613640
vt 0.101438 0.620542
vt 0.110574 0.611427
vt 0.110060 0.616508
vt 0.114541 0.614352
vt 0.118817 0.618666
vt 0.117911 0.616144
vt 0.116201 0.618206
vt 0.008433 0.981683
vt 0.008178 0.984097
vt 0.005463 0.983049
vt 0.119325 0.595419
vt 0.116290 0.600679
vt 0.120336 0.602128
vt 0.116639 0.621495
vt 0.127090 0.620916
vt 0.118817 0.618666
vt 0.108837 0.622223
vt 0.107066 0.617528
vt 0.104716 0.621221
vt 0.112421 0.589592
vt 0.110057 0.594580
vt 0.112755 0.593611
vt 0.093621 0.572161
vt 0.090739 0.567642
vt 0.089320 0.571461
vt 0.115796 0.607294
vt 0.110855 0.603877
vt 0.110574 0.611427
vt 0.110574 0.611427
vt 0.114541 0.614352
vt 0.115796 0.607294
vt 0.110855 0.603877
vt 0.105719 0.613640
vt 0.110574 0.611427
vt 0.678097 0.990788
vt 0.675001 0.991714
vt 0.672395 0.990555
vt 0.120336 0.602128
vt 0.115796 0.607294
vt 0.119910 0.607477
vt 0.112755 0.593611
vt 0.111334 0.597458
vt 0.114968 0.595021
vt 0.099198 0.595088
vt 0.095191 0.600404
vt 0.098477 0.600751
vt 0.115760 0.477528
vt 0.136953 0.475440
vt 0.122450 0.471119
vt 0.119351 0.612297
vt 0.115796 0.607294
vt 0.114541 0.614352
vt 0.114541 0.614352
vt 0.117911 0.616144
vt 0.119351 0.612297
vt 0.672395 0.990555
vt 0.675001 0.991714
vt 0.673073 0.992803
vt 0.084853 0.576624
vt 0.086784 0.580227
vt 0.088025 0.575829
vt 0.110060 0.616508
vt 0.107992 0.614311
vt 0.107066 0.617528
vt 0.107066 0.617528
vt 0.108837 0.622223
vt 0.110060 0.616508
vt 0.119325 0.595419
vt 0.118641 0.588576
vt 0.114968 0.595021
vt 0.109028 0.556641
vt 0.112886 0.558091
vt 0.109499 0.552206
vt 0.111775 0.538520
vt 0.108528 0.538275
vt 0.109249 0.542191
vt 0.102631 0.552587
vt 0.105920 0.554582
vt 0.104315 0.549467
vt 0.274464 0.918666
vt 0.271978 0.922173
vt 0.264253 0.920388
vt 0.264253 0.920388
vt 0.271978 0.922173
vt 0.264977 0.924059
vt 0.112755 0.593611
vt 0.110057 0.594580
vt 0.111334 0.597458
vt 0.110057 0.594580
vt 0.112421 0.589592
vt 0.108727 0.590305
vt 0.099198 0.595088
vt 0.098477 0.600751
vt 0.101558 0.597693
vt 0.108727 0.590305
vt 0.112421 0.589592
vt 0.111179 0.585587
vt 0.105920 0.554582
vt 0.103791 0.561426
vt 0.107325 0.562242
vt 0.107928 0.600082
vt 0.104859 0.606877
vt 0.110855 0.603877
vt 0.099195 0.570207
vt 0.102967 0.569036
vt 0.102323 0.565810
vt 0.107071 0.596220
vt 0.105000 0.594489
vt 0.103812 0.601206
vt 0.104315 0.549467
vt 0.100883 0.548396
vt 0.102631 0.552587
vt 0.104566 0.565768
vt 0.105463 0.569344
vt 0.107325 0.562242
vt 0.107325 0.562242
vt 0.105463 0.569344
vt 0.108479 0.570142
vt 0.112886 0.558091
vt 0.109028 0.556641
vt 0.107325 0.562242
vt 0.114738 0.537098
vt 0.111775 0.538520
vt 0.114376 0.541054
vt 0.101558 0.597693
vt 0.102771 0.592029
vt 0.099198 0.595088
vt 0.105969 0.589347
vt 0.103863 0.586304
vt 0.102771 0.592029
vt 0.264253 0.920388
vt 0.259570 0.917957
vt 0.264104 0.916215
vt 0.257061 0.920531
vt 0.259570 0.917957
vt 0.264253 0.920388
vt 0.101162 0.613960
vt 0.097879 0.620001
vt 0.101438 0.620542
vt 0.098899 0.628288
vt 0.102165 0.624799
vt 0.101438 0.620542
vt 0.098899 0.628288
vt 0.101438 0.620542
vt 0.097879 0.620001
vt 0.256920 0.914377
vt 0.264104 0.916215
vt 0.259570 0.917957
vt 0.101162 0.613960
vt 0.104859 0.606877
vt 0.100914 0.608228
vt 0.102771 0.592029
vt 0.105000 0.594489
vt 0.105969 0.589347
vt 0.264104 0.916215
vt 0.270275 0.916781
vt 0.264253 0.920388
vt 0.110091 0.632640
vt 0.121291 0.626897
vt 0.109945 0.628131
vt 0.274354 0.916582
vt 0.274464 0.918666
vt 0.270275 0.916781
vt 0.096659 0.607777
vt 0.098477 0.600751
vt 0.095191 0.600404
vt 0.274464 0.918666
vt 0.280450 0.920842
vt 0.271978 0.922173
vt 0.271978 0.922173
vt 0.280450 0.920842
vt 0.276529 0.923430
vt 0.098758 0.608556
vt 0.100002 0.604043
vt 0.096659 0.607777
vt 0.100002 0.604043
vt 0.098477 0.600751
vt 0.096659 0.607777
vt 0.101558 0.597693
vt 0.103812 0.601206
vt 0.105000 0.594489
vt 0.107071 0.596220
vt 0.108727 0.590305
vt 0.105000 0.594489
vt 0.108727 0.590305
vt 0.107071 0.596220
vt 0.110057 0.594580
vt 0.107071 0.596220
vt 0.103812 0.601206
vt 0.107928 0.600082
vt 0.107928 0.600082
vt 0.103812 0.601206
vt 0.104859 0.606877
vt 0.104859 0.606877
vt 0.101162 0.613960
vt 0.105719 0.613640
vt 0.116951 0.511299
vt 0.110703 0.518731
vt 0.114303 0.522805
vt 0.100002 0.604043
vt 0.103812 0.601206
vt 0.101558 0.597693
vt 0.100002 0.604043
vt 0.101558 0.597693
vt 0.098477 0.600751
vt 0.104566 0.565768
vt 0.103791 0.561426
vt 0.102323 0.565810
vt 0.110057 0.594580
vt 0.107071 0.596220
vt 0.107928 0.600082
vt 0.089584 0.557217
vt 0.087899 0.551936
vt 0.086517 0.558284
vt 0.103863 0.586304
vt 0.108421 0.583473
vt 0.105886 0.581303
vt 0.100257 0.578074
vt 0.104816 0.576124
vt 0.102642 0.572852
vt 0.127266 0.561789
vt 0.117936 0.570279
vt 0.121195 0.577151
vt 0.122962 0.547657
vt 0.117936 0.570279
vt 0.127266 0.561789
vt 0.098191 0.546659
vt 0.100883 0.548396
vt 0.100668 0.541543
vt 0.108727 0.590305
vt 0.111179 0.585587
vt 0.108421 0.583473
vt 0.105969 0.589347
vt 0.108727 0.590305
vt 0.108421 0.583473
vt 0.100426 0.586381
vt 0.096960 0.591515
vt 0.100635 0.590163
vt 0.506763 0.992922
vt 0.509976 0.991752
vt 0.509508 0.993859
vt 0.104566 0.565768
vt 0.102967 0.569036
vt 0.105463 0.569344
vt 0.117708 0.526416
vt 0.119968 0.530056
vt 0.120788 0.525161
vt 0.104315 0.549467
vt 0.105920 0.554582
vt 0.107481 0.547043
vt 0.111698 0.546153
vt 0.109499 0.552206
vt 0.112886 0.558091
vt 0.116487 0.545129
vt 0.111698 0.546153
vt 0.112886 0.558091
vt 0.107325 0.562242
vt 0.103791 0.561426
vt 0.104566 0.565768
vt 0.102642 0.572852
vt 0.102967 0.569036
vt 0.099195 0.570207
vt 0.100257 0.578074
vt 0.102642 0.572852
vt 0.099195 0.570207
vt 0.076767 0.559768
vt 0.076709 0.552924
vt 0.074230 0.564707
vt 0.102967 0.569036
vt 0.102642 0.572852
vt 0.105463 0.569344
vt 0.103863 0.586304
vt 0.100426 0.586381
vt 0.100635 0.590163
vt 0.100426 0.586381
vt 0.103863 0.586304
vt 0.102635 0.582103
vt 0.102635 0.582103
vt 0.103863 0.586304
vt 0.105886 0.581303
vt 0.096960 0.591515
vt 0.099198 0.595088
vt 0.100635 0.590163
vt 0.099198 0.595088
vt 0.096960 0.591515
vt 0.095191 0.600404
vt 0.101672 0.557163
vt 0.103791 0.561426
vt 0.105920 0.554582
vt 0.101672 0.557163
vt 0.105920 0.554582
vt 0.102631 0.552587
vt 0.111694 0.575063
vt 0.108046 0.577209
vt 0.108421 0.583473
vt 0.111493 0.581709
vt 0.111694 0.575063
vt 0.108421 0.583473
vt 0.111901 0.485841
vt 0.117211 0.485383
vt 0.115760 0.477528
vt 0.115760 0.477528
vt 0.117211 0.485383
vt 0.136953 0.475440
vt 0.198877 0.522164
vt 0.182378 0.516408
vt 0.182432 0.524684
vt 0.105886 0.581303
vt 0.108046 0.577209
vt 0.104816 0.576124
vt 0.104816 0.576124
vt 0.108046 0.577209
vt 0.108479 0.570142
vt 0.108479 0.570142
vt 0.105463 0.569344
vt 0.104816 0.576124
vt 0.120623 0.536981
vt 0.116487 0.545129
vt 0.122962 0.547657
vt 0.122962 0.547657
vt 0.112886 0.558091
vt 0.117936 0.570279
vt 0.108479 0.570142
vt 0.112886 0.558091
vt 0.107325 0.562242
vt 0.109028 0.556641
vt 0.109499 0.552206
vt 0.105920 0.554582
vt 0.105920 0.554582
vt 0.107325 0.562242
vt 0.109028 0.556641
vt 0.115760 0.477528
vt 0.117580 0.469795
vt 0.111873 0.474864
vt 0.104248 0.544535
vt 0.100883 0.548396
vt 0.104315 0.549467
vt 0.122962 0.547657
vt 0.116487 0.545129
vt 0.112886 0.558091
vt 0.079538 0.568121
vt 0.083252 0.569016
vt 0.082308 0.564428
vt 0.105886 0.581303
vt 0.108421 0.583473
vt 0.108046 0.577209
vt 0.111493 0.581709
vt 0.108421 0.583473
vt 0.111179 0.585587
vt 0.116712 0.538853
vt 0.120623 0.536981
vt 0.117289 0.533836
vt 0.107481 0.547043
vt 0.111698 0.546153
vt 0.109249 0.542191
vt 0.109249 0.542191
vt 0.106863 0.542128
vt 0.107481 0.547043
vt 0.117724 0.582478
vt 0.114004 0.582032
vt 0.115460 0.588521
vt 0.114004 0.582032
vt 0.111179 0.585587
vt 0.112421 0.589592
vt 0.115460 0.588521
vt 0.114004 0.582032
vt 0.112421 0.589592
vt 0.111493 0.581709
vt 0.111179 0.585587
vt 0.114004 0.582032
vt 0.114004 0.582032
vt 0.117724 0.582478
vt 0.117936 0.570279
vt 0.117724 0.582478
vt 0.121195 0.577151
vt 0.117936 0.570279
vt 0.119534 0.583828
vt 0.121195 0.577151
vt 0.117724 0.582478
vt 0.084538 0.543612
vt 0.089402 0.542316
vt 0.085998 0.539859
vt 0.085998 0.539859
vt 0.089402 0.542316
vt 0.092783 0.533750
vt 0.111694 0.575063
vt 0.114004 0.582032
vt 0.117936 0.570279
vt 0.114004 0.582032
vt 0.111694 0.575063
vt 0.111493 0.581709
vt 0.107481 0.547043
vt 0.109499 0.552206
vt 0.111698 0.546153
vt 0.107481 0.547043
vt 0.105920 0.554582
vt 0.109499 0.552206
vt 0.113907 0.507475
vt 0.110703 0.518731
vt 0.116951 0.511299
vt 0.113907 0.507475
vt 0.116951 0.511299
vt 0.118507 0.497690
vt 0.107940 0.500578
vt 0.102180 0.511154
vt 0.106652 0.509572
vt 0.117708 0.526416
vt 0.113681 0.531896
vt 0.117289 0.533836
vt 0.113309 0.464359
vt 0.110573 0.470639
vt 0.116272 0.466092
vt 0.137512 0.484754
vt 0.136418 0.489427
vt 0.141968 0.487017
vt 0.131524 0.487477
vt 0.136418 0.489427
vt 0.137512 0.484754
vt 0.137512 0.484754
vt 0.131792 0.483268
vt 0.131524 0.487477
vt 0.115284 0.493812
vt 0.118507 0.497690
vt 0.120062 0.487834
vt 0.131792 0.483268
vt 0.127187 0.486613
vt 0.131524 0.487477
vt 0.117532 0.519055
vt 0.116951 0.511299
vt 0.114303 0.522805
vt 0.117708 0.526416
vt 0.117532 0.519055
vt 0.114303 0.522805
vt 0.117708 0.526416
vt 0.114303 0.522805
vt 0.113681 0.531896
vt 0.115284 0.493812
vt 0.111161 0.501045
vt 0.113786 0.501763
vt 0.113786 0.501763
vt 0.118507 0.497690
vt 0.115284 0.493812
vt 0.097224 0.550186
vt 0.100883 0.548396
vt 0.098191 0.546659
vt 0.101672 0.557163
vt 0.102631 0.552587
vt 0.099477 0.553427
vt 0.113681 0.531896
vt 0.110292 0.534369
vt 0.111775 0.538520
vt 0.110292 0.534369
vt 0.113681 0.531896
vt 0.110214 0.528888
vt 0.113681 0.531896
vt 0.114303 0.522805
vt 0.110214 0.528888
vt 0.110703 0.518731
vt 0.110214 0.528888
vt 0.114303 0.522805
vt 0.100668 0.541543
vt 0.100883 0.548396
vt 0.104248 0.544535
vt 0.115284 0.493812
vt 0.112333 0.494107
vt 0.111161 0.501045
vt 0.108528 0.538275
vt 0.105336 0.538553
vt 0.106863 0.542128
vt 0.115284 0.493812
vt 0.117211 0.485383
vt 0.112333 0.494107
vt 0.095896 0.502903
vt 0.099572 0.497515
vt 0.098626 0.495039
vt 0.108528 0.538275
vt 0.107727 0.534218
vt 0.105336 0.538553
vt 0.104284 0.500821
vt 0.107600 0.496226
vt 0.107377 0.491355
vt 0.103561 0.496386
vt 0.104284 0.500821
vt 0.107377 0.491355
vt 0.259766 0.998047
vt 0.259766 0.998047
vt 0.259766 0.998047
vt 0.100563 0.489458
vt 0.103041 0.491612
vt 0.104266 0.483952
vt 0.098626 0.495039
vt 0.103041 0.491612
vt 0.100563 0.489458
vt 0.100563 0.489458
vt 0.104266 0.483952
vt 0.099753 0.485921
vt 0.106872 0.477256
vt 0.109236 0.480263
vt 0.111873 0.474864
vt 0.102170 0.480407
vt 0.104266 0.483952
vt 0.106872 0.477256
vt 0.099753 0.485921
vt 0.104266 0.483952
vt 0.102170 0.480407
vt 0.115760 0.477528
vt 0.109236 0.480263
vt 0.110228 0.483937
vt 0.117580 0.469795
vt 0.116272 0.466092
vt 0.110573 0.470639
vt 0.111873 0.474864
vt 0.117580 0.469795
vt 0.110573 0.470639
vt 0.117211 0.485383
vt 0.111901 0.485841
vt 0.110633 0.491955
vt 0.110228 0.483937
vt 0.111901 0.485841
vt 0.115760 0.477528
vt 0.110573 0.470639
vt 0.106872 0.477256
vt 0.111873 0.474864
vt 0.110573 0.470639
vt 0.113309 0.464359
vt 0.102284 0.476031
vt 0.088025 0.575829
vt 0.090695 0.575160
vt 0.089320 0.571461
vt 0.104248 0.544535
vt 0.105336 0.538553
vt 0.100668 0.541543
vt 0.106863 0.542128
vt 0.105336 0.538553
vt 0.104248 0.544535
vt 0.110633 0.491955
vt 0.111901 0.485841
vt 0.107377 0.491355
vt 0.107600 0.496226
vt 0.110633 0.491955
vt 0.107377 0.491355
vt 0.106761 0.485970
vt 0.110228 0.483937
vt 0.109236 0.480263
vt 0.107377 0.491355
vt 0.106761 0.485970
vt 0.103041 0.491612
vt 0.107377 0.491355
vt 0.110228 0.483937
vt 0.106761 0.485970
vt 0.111901 0.485841
vt 0.110228 0.483937
vt 0.107377 0.491355
vt 0.110214 0.528888
vt 0.104782 0.530347
vt 0.107727 0.534218
vt 0.103041 0.491612
vt 0.103561 0.496386
vt 0.107377 0.491355
vt 0.106872 0.477256
vt 0.104266 0.483952
vt 0.109236 0.480263
vt 0.109236 0.480263
vt 0.104266 0.483952
vt 0.106761 0.485970
vt 0.106761 0.485970
vt 0.104266 0.483952
vt 0.103041 0.491612
vt 0.087899 0.551936
vt 0.081891 0.557264
vt 0.086517 0.558284
vt 0.083287 0.548399
vt 0.081891 0.557264
vt 0.087899 0.551936
vt 0.107940 0.500578
vt 0.112333 0.494107
vt 0.110633 0.491955
vt 0.093710 0.514548
vt 0.097360 0.508598
vt 0.095415 0.508250
vt 0.183490 0.510731
vt 0.178200 0.510296
vt 0.182378 0.516408
vt 0.096555 0.579550
vt 0.096821 0.575387
vt 0.094654 0.577156
vt 0.094654 0.577156
vt 0.093615 0.582154
vt 0.096555 0.579550
vt 0.089890 0.580401
vt 0.090695 0.575160
vt 0.088025 0.575829
vt 0.086784 0.580227
vt 0.089890 0.580401
vt 0.088025 0.575829
vt 0.081891 0.557264
vt 0.083287 0.548399
vt 0.079183 0.552385
vt 0.078960 0.562679
vt 0.076767 0.559768
vt 0.076949 0.564864
vt 0.107600 0.496226
vt 0.107940 0.500578
vt 0.110633 0.491955
vt 0.102180 0.511154
vt 0.107940 0.500578
vt 0.104284 0.500821
vt 0.104284 0.500821
vt 0.107940 0.500578
vt 0.107600 0.496226
vt 0.106652 0.509572
vt 0.102180 0.511154
vt 0.102494 0.517970
vt 0.092922 0.558843
vt 0.094566 0.555465
vt 0.092182 0.553721
vt 0.094802 0.552052
vt 0.092182 0.553721
vt 0.094566 0.555465
vt 0.107940 0.500578
vt 0.106652 0.509572
vt 0.111161 0.501045
vt 0.111161 0.501045
vt 0.112333 0.494107
vt 0.107940 0.500578
vt 0.110292 0.534369
vt 0.107727 0.534218
vt 0.108528 0.538275
vt 0.111775 0.538520
vt 0.110292 0.534369
vt 0.108528 0.538275
vt 0.105336 0.538553
vt 0.107727 0.534218
vt 0.104782 0.530347
vt 0.103791 0.561426
vt 0.099941 0.562975
vt 0.102323 0.565810
vt 0.103791 0.561426
vt 0.101672 0.557163
vt 0.099941 0.562975
vt 0.097214 0.558056
vt 0.099941 0.562975
vt 0.101672 0.557163
vt 0.099477 0.553427
vt 0.100883 0.548396
vt 0.097224 0.550186
vt 0.097224 0.550186
vt 0.096537 0.553885
vt 0.099477 0.553427
vt 0.110292 0.509360
vt 0.113907 0.507475
vt 0.113786 0.501763
vt 0.102494 0.517970
vt 0.105949 0.518636
vt 0.106652 0.509572
vt 0.110292 0.509360
vt 0.105949 0.518636
vt 0.110703 0.518731
vt 0.110703 0.518731
vt 0.113907 0.507475
vt 0.110292 0.509360
vt 0.110703 0.518731
vt 0.105949 0.518636
vt 0.104782 0.530347
vt 0.110214 0.528888
vt 0.110703 0.518731
vt 0.104782 0.530347
vt 0.106652 0.509572
vt 0.105949 0.518636
vt 0.110292 0.509360
vt 0.110292 0.509360
vt 0.111161 0.501045
vt 0.106652 0.509572
vt 0.111161 0.501045
vt 0.110292 0.509360
vt 0.113786 0.501763
vt 0.094654 0.577156
vt 0.096821 0.575387
vt 0.093621 0.572161
vt 0.100257 0.578074
vt 0.096821 0.575387
vt 0.096555 0.579550
vt 0.088701 0.528144
vt 0.088989 0.532528
vt 0.093337 0.523367
vt 0.100856 0.525958
vt 0.104782 0.530347
vt 0.105949 0.518636
vt 0.102631 0.552587
vt 0.100883 0.548396
vt 0.099477 0.553427
vt 0.099477 0.553427
vt 0.097214 0.558056
vt 0.101672 0.557163
vt 0.096537 0.553885
vt 0.097214 0.558056
vt 0.099477 0.553427
vt 0.099198 0.595088
vt 0.102771 0.592029
vt 0.100635 0.590163
vt 0.103863 0.586304
vt 0.100635 0.590163
vt 0.102771 0.592029
vt 0.094566 0.555465
vt 0.092922 0.558843
vt 0.097214 0.558056
vt 0.099941 0.562975
vt 0.099195 0.570207
vt 0.102323 0.565810
vt 0.104816 0.576124
vt 0.100257 0.578074
vt 0.102635 0.582103
vt 0.100214 0.582986
vt 0.102635 0.582103
vt 0.100257 0.578074
vt 0.095191 0.600404
vt 0.096960 0.591515
vt 0.092987 0.596028
vt 0.105886 0.581303
vt 0.104816 0.576124
vt 0.102635 0.582103
vt 0.097343 0.584499
vt 0.100214 0.582986
vt 0.100257 0.578074
vt 0.085092 0.562014
vt 0.089475 0.562482
vt 0.086517 0.558284
vt 0.078960 0.562679
vt 0.082308 0.564428
vt 0.081891 0.557264
vt 0.092987 0.596028
vt 0.096960 0.591515
vt 0.093497 0.589333
vt 0.096960 0.591515
vt 0.100426 0.586381
vt 0.097343 0.584499
vt 0.100214 0.582986
vt 0.097343 0.584499
vt 0.100426 0.586381
vt 0.100426 0.586381
vt 0.102635 0.582103
vt 0.100214 0.582986
vt 0.092922 0.558843
vt 0.089475 0.562482
vt 0.094758 0.564611
vt 0.082323 0.572800
vt 0.079157 0.572885
vt 0.081133 0.577296
vt 0.097214 0.558056
vt 0.092922 0.558843
vt 0.094758 0.564611
vt 0.097214 0.558056
vt 0.094758 0.564611
vt 0.099941 0.562975
vt 0.102180 0.511154
vt 0.104284 0.500821
vt 0.099631 0.509274
vt 0.100970 0.502097
vt 0.097360 0.508598
vt 0.099631 0.509274
vt 0.100970 0.502097
vt 0.099631 0.509274
vt 0.104284 0.500821
vt 0.090695 0.575160
vt 0.089890 0.580401
vt 0.092475 0.577360
vt 0.097343 0.584499
vt 0.096555 0.579550
vt 0.093615 0.582154
vt 0.100257 0.578074
vt 0.096555 0.579550
vt 0.097343 0.584499
vt 0.099941 0.562975
vt 0.094758 0.564611
vt 0.099195 0.570207
vt 0.089320 0.571461
vt 0.090739 0.567642
vt 0.086443 0.567124
vt 0.085808 0.572108
vt 0.089320 0.571461
vt 0.086443 0.567124
vt 0.081080 0.546207
vt 0.085998 0.539859
vt 0.080681 0.543080
vt 0.102180 0.511154
vt 0.099631 0.509274
vt 0.097642 0.516751
vt 0.097642 0.516751
vt 0.099631 0.509274
vt 0.095643 0.515629
vt 0.095643 0.515629
vt 0.099631 0.509274
vt 0.097360 0.508598
vt 0.095896 0.502903
vt 0.098626 0.495039
vt 0.094857 0.498877
vt 0.098561 0.502481
vt 0.095415 0.508250
vt 0.097360 0.508598
vt 0.095415 0.508250
vt 0.098561 0.502481
vt 0.095896 0.502903
vt 0.095896 0.502903
vt 0.098561 0.502481
vt 0.099572 0.497515
vt 0.099572 0.497515
vt 0.103041 0.491612
vt 0.098626 0.495039
vt 0.101372 0.497487
vt 0.103041 0.491612
vt 0.099572 0.497515
vt 0.103561 0.496386
vt 0.103041 0.491612
vt 0.101372 0.497487
vt 0.101372 0.497487
vt 0.100970 0.502097
vt 0.103561 0.496386
vt 0.098561 0.502481
vt 0.100970 0.502097
vt 0.101372 0.497487
vt 0.153417 0.993656
vt 0.149460 0.993640
vt 0.154291 0.992127
vt 0.100970 0.502097
vt 0.104284 0.500821
vt 0.103561 0.496386
vt 0.100970 0.502097
vt 0.098561 0.502481
vt 0.097360 0.508598
vt 0.099195 0.570207
vt 0.093621 0.572161
vt 0.096821 0.575387
vt 0.094758 0.564611
vt 0.093621 0.572161
vt 0.099195 0.570207
vt 0.099195 0.570207
vt 0.096821 0.575387
vt 0.100257 0.578074
vt 0.085998 0.539859
vt 0.081080 0.546207
vt 0.084538 0.543612
vt 0.097229 0.535621
vt 0.104782 0.530347
vt 0.100856 0.525958
vt 0.092922 0.558843
vt 0.092182 0.553721
vt 0.089584 0.557217
vt 0.089584 0.557217
vt 0.092182 0.553721
vt 0.087899 0.551936
vt 0.097224 0.550186
vt 0.094802 0.552052
vt 0.096537 0.553885
vt 0.081080 0.546207
vt 0.083287 0.548399
vt 0.084538 0.543612
vt 0.089890 0.580401
vt 0.090581 0.586800
vt 0.093615 0.582154
vt 0.105949 0.518636
vt 0.102494 0.517970
vt 0.100856 0.525958
vt 0.097346 0.529660
vt 0.097046 0.523922
vt 0.092783 0.533750
vt 0.100856 0.525958
vt 0.097046 0.523922
vt 0.097346 0.529660
vt 0.097346 0.529660
vt 0.092783 0.533750
vt 0.097229 0.535621
vt 0.097229 0.535621
vt 0.100856 0.525958
vt 0.097346 0.529660
vt 0.102494 0.517970
vt 0.097046 0.523922
vt 0.100856 0.525958
vt 0.093337 0.523367
vt 0.088989 0.532528
vt 0.097046 0.523922
vt 0.093337 0.523367
vt 0.097046 0.523922
vt 0.097642 0.516751
vt 0.102180 0.511154
vt 0.097642 0.516751
vt 0.097046 0.523922
vt 0.085998 0.539859
vt 0.092783 0.533750
vt 0.088989 0.532528
vt 0.097046 0.523922
vt 0.088989 0.532528
vt 0.092783 0.533750
vt 0.080681 0.543080
vt 0.085998 0.539859
vt 0.088989 0.532528
vt 0.078960 0.562679
vt 0.076949 0.564864
vt 0.079538 0.568121
vt 0.082308 0.564428
vt 0.078960 0.562679
vt 0.079538 0.568121
vt 0.083855 0.581524
vt 0.084853 0.576624
vt 0.081133 0.577296
vt 0.094335 0.546752
vt 0.092182 0.553721
vt 0.094802 0.552052
vt 0.076709 0.552924
vt 0.079183 0.552385
vt 0.081080 0.546207
vt 0.081080 0.546207
vt 0.079183 0.552385
vt 0.083287 0.548399
vt 0.094335 0.546752
vt 0.089402 0.542316
vt 0.087899 0.551936
vt 0.092182 0.553721
vt 0.094335 0.546752
vt 0.087899 0.551936
vt 0.079183 0.552385
vt 0.076709 0.552924
vt 0.076767 0.559768
vt 0.088701 0.528144
vt 0.083407 0.535319
vt 0.088989 0.532528
vt 0.085808 0.572108
vt 0.086443 0.567124
vt 0.083252 0.569016
vt 0.085808 0.572108
vt 0.083252 0.569016
vt 0.082323 0.572800
vt 0.082323 0.572800
vt 0.084853 0.576624
vt 0.085808 0.572108
vt 0.081133 0.577296
vt 0.084853 0.576624
vt 0.082323 0.572800
vt 0.094566 0.555465
vt 0.096537 0.553885
vt 0.094802 0.552052
vt 0.097214 0.558056
vt 0.096537 0.553885
vt 0.094566 0.555465
vt 0.085242 0.594972
vt 0.087673 0.598877
vt 0.089497 0.593362
vt 0.085339 0.601500
vt 0.087673 0.598877
vt 0.085242 0.594972
vt 0.084853 0.576624
vt 0.083855 0.581524
vt 0.086784 0.580227
vt 0.084853 0.576624
vt 0.088025 0.575829
vt 0.085808 0.572108
vt 0.094654 0.577156
vt 0.093621 0.572161
vt 0.092475 0.577360
vt 0.089320 0.571461
vt 0.090695 0.575160
vt 0.093621 0.572161
vt 0.093621 0.572161
vt 0.090695 0.575160
vt 0.092475 0.577360
vt 0.086784 0.580227
vt 0.083855 0.581524
vt 0.086444 0.586901
vt 0.089497 0.593362
vt 0.090581 0.586800
vt 0.086444 0.586901
vt 0.086444 0.586901
vt 0.085242 0.594972
vt 0.089497 0.593362
vt 0.090581 0.586800
vt 0.093497 0.589333
vt 0.093615 0.582154
vt 0.093615 0.582154
vt 0.093497 0.589333
vt 0.097343 0.584499
vt 0.093497 0.589333
vt 0.096960 0.591515
vt 0.097343 0.584499
vt 0.093497 0.589333
vt 0.090581 0.586800
vt 0.089497 0.593362
vt 0.092987 0.596028
vt 0.093497 0.589333
vt 0.089497 0.593362
vt 0.090289 0.600872
vt 0.092987 0.596028
vt 0.089497 0.593362
vt 0.089475 0.562482
vt 0.085092 0.562014
vt 0.086443 0.567124
vt 0.086443 0.567124
vt 0.090739 0.567642
vt 0.089475 0.562482
vt 0.089475 0.562482
vt 0.090739 0.567642
vt 0.094758 0.564611
vt 0.094758 0.564611
vt 0.090739 0.567642
vt 0.093621 0.572161
vt 0.086517 0.558284
vt 0.081891 0.557264
vt 0.085092 0.562014
vt 0.089475 0.562482
vt 0.089584 0.557217
vt 0.086517 0.558284
vt 0.092922 0.558843
vt 0.089584 0.557217
vt 0.089475 0.562482
vt 0.094335 0.546752
vt 0.097229 0.535621
vt 0.089402 0.542316
vt 0.083287 0.548399
vt 0.089402 0.542316
vt 0.084538 0.543612
vt 0.085092 0.562014
vt 0.081891 0.557264
vt 0.082308 0.564428
vt 0.076767 0.559768
vt 0.078960 0.562679
vt 0.081891 0.557264
vt 0.097229 0.535621
vt 0.100668 0.541543
vt 0.104782 0.530347
vt 0.092783 0.533750
vt 0.089402 0.542316
vt 0.097229 0.535621
vt 0.097224 0.550186
vt 0.094335 0.546752
vt 0.094802 0.552052
vt 0.097229 0.535621
vt 0.094335 0.546752
vt 0.100668 0.541543
vt 0.094335 0.546752
vt 0.097224 0.550186
vt 0.098191 0.546659
vt 0.098191 0.546659
vt 0.100668 0.541543
vt 0.094335 0.546752
vt 0.076767 0.559768
vt 0.081891 0.557264
vt 0.079183 0.552385
vt 0.481527 0.772534
vt 0.492790 0.767834
vt 0.491592 0.769980
usemtl material_00
f 3/1 2/2 1/3
f 4/4 5/5 6/6
f 9/7 8/8 7/9
f 10/10 11/11 12/12
f 13/13 14/14 15/15
f 16/16 17/17 18/18
f 19/19 20/20 21/21
f 22/22 23/23 24/24
f 25/25 26/26 27/27
f 28/28 29/29 30/30
f 27/31 31/32 32/33
f 35/34 34/35 33/36
f 38/37 37/38 36/39
f 41/40 40/41 39/42
f 38/43 42/44 37/45
f 45/46 44/47 43/48
f 48/49 47/50 46/51
f 49/52 50/53 51/54
f 54/55 53/56 52/57
f 57/58 56/59 55/60
f 58/61 52/62 59/63
f 62/64 61/65 60/66
f 63/67 64/68 65/69
f 66/70 67/71 68/72
f 65/73 35/74 69/75
f 65/76 69/77 70/78
f 59/79 71/80 58/81
f 74/82 73/83 72/84
f 75/85 76/86 77/87
f 78/88 79/89 80/90
f 81/91 82/92 83/93
f 52/94 84/95 82/96
f 87/97 86/98 85/99
f 90/100 89/101 88/102
f 91/103 92/104 93/105
f 94/106 82/107 92/108
f 82/109 94/110 83/111
f 95/112 50/113 49/114
f 96/115 93/116 62/117
f 62/118 60/119 96/120
f 91/121 94/122 92/123
f 98/124 61/125 97/126
f 97/127 61/128 99/129
f 100/130 62/131 93/132
f 101/133 102/134 103/135
f 106/136 105/137 104/138
f 107/139 108/140 109/141
f 40/142 111/143 110/144
f 111/145 40/146 112/147
f 113/148 114/149 115/150
f 93/151 96/152 116/153
f 117/154 118/155 119/156
f 120/157 121/158 122/159
f 30/160 123/161 28/162
f 126/163 125/164 124/165
f 127/166 128/167 129/168
f 132/169 131/170 130/171
f 133/172 134/173 135/174
f 138/175 137/176 136/177
f 140/178 139/179 60/180
f 143/181 142/182 141/183
f 139/184 140/185 144/186
f 71/187 145/188 146/189
f 147/190 148/191 149/192
f 152/193 151/194 150/195
f 153/196 154/197 155/198
f 158/199 157/200 156/201
f 159/202 160/203 161/204
f 104/205 162/206 106/207
f 163/208 164/209 165/210
f 168/211 167/212 166/213
f 169/214 170/215 171/216
f 172/217 173/218 165/219
f 176/220 175/221 174/222
f 179/223 178/224 177/225
f 182/226 181/227 180/228
f 180/229 181/230 183/231
f 102/232 101/233 184/234
f 185/235 151/236 152/237
f 188/238 187/239 186/240
f 189/241 190/242 191/243
f 194/244 193/245 192/246
f 195/247 196/248 197/249
f 177/250 198/251 199/252
f 118/253 117/254 200/255
f 201/256 202/257 203/258
f 204/259 205/260 206/261
f 179/262 177/263 199/264
f 207/265 208/266 209/267
f 209/268 208/269 210/270
f 181/271 182/272 211/273
f 214/274 213/275 212/276
f 215/277 216/278 217/279
f 218/280 219/281 220/282
f 129/283 221/284 222/285
f 223/286 224/287 214/288
f 225/289 226/290 227/291
f 230/292 229/293 228/294
f 233/295 232/296 231/297
f 234/298 235/299 196/300
f 206/301 236/302 237/303
f 127/304 222/305 238/306
f 239/307 227/308 226/309
f 242/310 241/311 240/312
f 245/313 244/314 243/315
f 248/316 247/317 246/318
f 251/319 250/320 249/321
f 252/322 244/323 245/324
f 253/325 254/326 255/327
f 258/328 257/329 256/330
f 259/331 260/332 261/333
f 261/334 260/335 262/336
f 265/337 264/338 263/339
f 268/340 267/341 266/342
f 271/343 270/344 269/345
f 274/346 273/347 272/348
f 277/349 276/350 275/351
f 278/352 279/353 280/354
f 282/355 254/356 281/357
f 280/358 282/359 281/360
f 283/361 282/362 280/363
f 284/364 279/365 285/366
f 288/367 287/368 286/369
f 289/370 290/371 291/372
f 292/373 293/374 294/375
f 297/376 296/377 295/378
f 298/379 299/380 300/381
f 301/382 302/383 303/384
f 306/385 305/386 304/387
f 309/388 308/389 307/390
f 310/391 311/392 312/393
f 313/394 314/395 315/396
f 316/397 317/398 318/399
f 320/400 207/401 319/402
f 323/403 322/404 321/405
f 316/406 318/407 324/408
f 327/409 326/410 325/411
f 330/412 329/413 328/414
f 332/415 286/416 331/417
f 286/418 332/419 288/420
f 302/421 334/422 333/423
f 335/424 336/425 332/426
f 339/427 338/428 337/429
f 340/430 341/431 342/432
f 343/433 344/434 345/435
f 346/436 292/437 294/438
f 349/439 348/440 347/441
f 347/442 348/443 350/444
f 351/445 352/446 353/447
f 32/448 354/449 355/450
f 358/451 357/452 356/453
f 15/454 360/455 359/456
f 361/457 362/458 363/459
f 82/460 81/461 59/462
f 366/463 365/464 364/465
f 367/466 368/467 369/468
f 360/469 370/470 359/471
f 370/472 360/473 342/474
f 371/475 372/476 340/477
f 373/478 374/479 375/480
f 378/481 377/482 376/483
f 379/484 98/485 97/486
f 380/487 381/488 382/489
f 385/490 384/491 383/492
f 215/493 386/494 387/495
f 390/496 389/497 388/498
f 392/499 54/500 391/501
f 393/502 394/503 368/504
f 5/505 395/506 6/507
f 396/508 397/509 398/510
f 108/511 399/512 400/513
f 403/514 402/515 401/516
f 404/517 403/518 401/519
f 407/520 406/521 405/522
f 408/523 409/524 410/525
f 47/526 411/527 412/528
f 146/529 54/530 52/531
f 413/532 414/533 415/534
f 416/535 417/536 418/537
f 421/538 420/539 419/540
f 424/541 423/542 422/543
f 427/544 426/545 425/546
f 428/547 429/548 430/549
f 433/550 432/551 431/552
f 397/553 396/554 434/555
f 435/556 436/557 437/558
f 438/559 100/560 93/561
f 92/562 438/563 93/564
f 439/565 440/566 441/567
f 415/568 442/569 413/570
f 445/571 444/572 443/573
f 448/574 447/575 446/576
f 450/577 447/578 449/579
f 451/580 452/581 453/582
f 454/583 455/584 456/585
f 457/586 452/587 458/588
f 461/589 460/590 459/591
f 462/592 463/593 464/594
f 467/595 466/596 465/597
f 468/598 469/599 470/600
f 472/601 147/602 471/603
f 473/604 465/605 466/606
f 476/607 475/608 474/609
f 477/610 478/611 479/612
f 482/613 481/614 480/615
f 485/616 484/617 483/618
f 488/619 487/620 486/621
f 98/622 379/623 140/624
f 140/625 379/626 144/627
f 489/628 9/629 490/630
f 493/631 492/632 491/633
f 470/634 469/635 494/636
f 9/637 489/638 495/639
f 83/640 94/641 496/642
f 499/643 498/644 497/645
f 502/646 501/647 500/648
f 499/649 503/650 498/651
f 504/652 505/653 506/654
f 507/655 508/656 509/657
f 510/658 511/659 512/660
f 513/661 514/662 515/663
f 516/664 495/665 489/666
f 517/667 518/668 519/669
f 522/670 521/671 520/672
f 523/673 457/674 524/675
f 527/676 526/677 525/678
f 528/679 529/680 530/681
f 533/682 532/683 531/684
f 536/685 535/686 534/687
f 539/688 538/689 537/690
f 540/691 541/692 542/693
f 543/694 544/695 545/696
f 546/697 547/698 548/699
f 549/700 286/701 287/702
f 550/703 551/704 552/705
f 530/706 553/707 432/708
f 554/709 555/710 556/711
f 156/712 558/713 557/714
f 561/715 560/716 559/717
f 562/718 563/719 564/720
f 565/721 17/722 16/723
f 566/724 567/725 568/726
f 569/727 570/728 279/729
f 571/730 572/731 573/732
f 576/733 575/734 574/735
f 577/736 578/737 579/738
f 580/739 581/740 582/741
f 583/742 584/743 585/744
f 586/745 587/746 588/747
f 576/748 589/749 518/750
f 590/751 591/752 592/753
f 394/754 594/755 593/756
f 393/757 594/758 394/759
f 595/760 349/761 274/762
f 597/763 555/764 596/765
f 596/766 598/767 597/768
f 599/769 600/770 601/771
f 602/772 603/773 604/774
f 587/775 605/776 588/777
f 606/778 607/779 608/780
f 287/781 291/782 549/783
f 611/784 610/785 609/786
f 610/787 611/788 612/789
f 615/790 614/791 613/792
f 618/793 617/794 616/795
f 621/796 620/797 619/798
f 453/799 426/800 622/801
f 625/802 624/803 623/804
f 628/805 627/806 626/807
f 629/808 531/809 532/810
f 632/811 631/812 630/813
f 591/814 590/815 633/816
f 634/817 635/818 636/819
f 639/820 638/821 637/822
f 617/823 618/824 640/825
f 643/826 642/827 641/828
f 629/829 644/830 531/831
f 645/832 646/833 647/834
f 650/835 649/836 648/837
f 477/838 649/839 650/840
f 645/841 651/842 646/843
f 652/844 532/845 533/846
f 654/847 653/848 450/849
f 655/850 656/851 657/852
f 658/853 659/854 660/855
f 661/856 424/857 634/858
f 664/859 663/860 662/861
f 667/862 666/863 665/864
f 670/865 669/866 668/867
f 622/868 437/869 436/870
f 671/871 672/872 673/873
f 402/874 675/875 674/876
f 678/877 677/878 676/879
f 681/880 680/881 679/882
f 19/883 683/884 682/885
f 403/886 675/887 402/888
f 684/889 685/890 686/891
f 687/892 688/893 689/894
f 529/895 690/896 530/897
f 692/898 691/899 667/900
f 693/901 694/902 695/903
f 695/904 694/905 696/906
f 697/907 698/908 699/909
f 700/910 701/911 702/912
f 705/913 704/914 703/915
f 707/916 706/917 705/918
f 368/919 708/920 369/921
f 709/922 710/923 711/924
f 714/925 713/926 712/927
f 715/928 716/929 717/930
f 717/931 716/932 718/933
f 719/934 52/935 53/936
f 52/937 719/938 84/939
f 722/940 721/941 720/942
f 725/943 724/944 723/945
f 65/946 64/947 726/948
f 255/949 570/950 727/951
f 728/952 729/953 730/954
f 733/955 732/956 731/957
f 736/958 735/959 734/960
f 737/961 738/962 739/963
f 742/964 741/965 740/966
f 743/967 744/968 745/969
f 746/970 414/971 413/972
f 676/973 677/974 747/975
f 203/976 749/977 748/978
f 104/979 750/980 751/981
f 752/982 737/983 753/984
f 754/985 755/986 756/987
f 759/988 758/989 757/990
f 760/991 761/992 740/993
f 762/994 189/995 191/996
f 432/997 553/998 431/999
f 764/1000 763/1001 289/1002
f 767/1003 766/1004 765/1005
f 768/1006 769/1007 770/1008
f 771/1009 772/1010 773/1011
f 774/1012 775/1013 776/1014
f 776/1015 775/1016 777/1017
f 778/1018 779/1019 780/1020
f 781/1021 782/1022 783/1023
f 784/1024 785/1025 786/1026
f 789/1027 788/1028 787/1029
f 585/1030 790/1031 583/1032
f 791/1033 792/1034 793/1035
f 794/1036 795/1037 796/1038
f 799/1039 798/1040 797/1041
f 802/1042 801/1043 800/1044
f 803/1045 804/1046 805/1047
f 464/1048 806/1049 462/1050
f 688/1051 807/1052 808/1053
f 809/1054 810/1055 811/1056
f 814/1057 813/1058 812/1059
f 419/1060 815/1061 421/1062
f 492/1063 816/1064 489/1065
f 817/1066 4/1067 109/1068
f 818/1069 819/1070 820/1071
f 823/1072 822/1073 821/1074
f 824/1075 825/1076 826/1077
f 647/1078 646/1079 827/1080
f 828/1081 767/1082 825/1083
f 828/1084 825/1085 829/1086
f 832/1087 831/1088 830/1089
f 54/1090 833/1091 53/1092
f 834/1093 806/1094 835/1095
f 780/1096 836/1097 837/1098
f 780/1099 837/1100 778/1101
f 202/1102 839/1103 838/1104
f 840/1105 841/1106 842/1107
f 140/1108 61/1109 98/1110
f 843/1111 844/1112 845/1113
f 846/1114 847/1115 848/1116
f 849/1117 850/1118 851/1119
f 852/1120 853/1121 854/1122
f 854/1123 855/1124 852/1125
f 858/1126 857/1127 856/1128
f 92/1129 84/1130 438/1131
f 858/1132 859/1133 857/1134
f 437/1135 860/1136 861/1137
f 862/1138 863/1139 864/1140
f 865/1141 866/1142 867/1143
f 869/1144 845/1145 868/1146
f 870/1147 657/1148 871/1149
f 873/1150 514/1151 872/1152
f 24/1153 23/1154 874/1155
f 877/1156 876/1157 875/1158
f 878/1159 879/1160 880/1161
f 474/1162 844/1163 881/1164
f 867/1165 476/1166 882/1167
f 252/1168 884/1169 883/1170
f 885/1171 886/1172 887/1173
f 6/1174 888/1175 4/1176
f 109/1177 4/1178 888/1179
f 891/1180 890/1181 889/1182
f 894/1183 893/1184 892/1185
f 895/1186 896/1187 897/1188
f 898/1189 899/1190 900/1191
f 901/1192 902/1193 903/1194
f 879/1195 878/1196 904/1197
f 906/1198 503/1199 905/1200
f 907/1201 91/1202 908/1203
f 496/1204 91/1205 907/1206
f 909/1207 402/1208 674/1209
f 910/1210 907/1211 139/1212
f 907/1213 908/1214 139/1215
f 912/1216 911/1217 252/1218
f 675/1219 453/1220 523/1221
f 915/1222 914/1223 913/1224
f 916/1225 915/1226 913/1227
f 674/1228 675/1229 917/1230
f 84/1231 92/1232 82/1233
f 918/1234 794/1235 796/1236
f 921/1237 920/1238 919/1239
f 922/1240 921/1241 919/1242
f 451/1243 923/1244 452/1245
f 924/1246 925/1247 795/1248
f 116/1249 96/1250 908/1251
f 926/1252 881/1253 856/1254
f 422/1255 423/1256 927/1257
f 907/1258 910/1259 928/1260
f 140/1261 60/1262 61/1263
f 929/1264 97/1265 99/1266
f 379/1267 97/1268 929/1269
f 71/1270 59/1271 81/1272
f 82/1273 59/1274 52/1275
f 930/1276 877/1277 931/1278
f 96/1279 60/1280 908/1281
f 932/1282 933/1283 934/1284
f 144/1285 929/1286 928/1287
f 144/1288 928/1289 910/1290
f 910/1291 139/1292 144/1293
f 925/1294 796/1295 795/1296
f 139/1297 908/1298 60/1299
f 796/1300 150/1301 918/1302
f 100/1303 438/1304 84/1305
f 935/1306 726/1307 64/1308
f 936/1309 937/1310 938/1311
f 939/1312 938/1313 937/1314
f 634/1315 636/1316 940/1317
f 634/1318 940/1319 439/1320
f 943/1321 942/1322 941/1323
f 944/1324 945/1325 946/1326
f 947/1327 948/1328 949/1329
f 385/1330 950/1331 951/1332
f 952/1333 950/1334 385/1335
f 91/1336 496/1337 94/1338
f 452/1339 457/1340 523/1341
f 955/1342 954/1343 953/1344
f 116/1345 91/1346 93/1347
f 719/1348 100/1349 84/1350
f 83/1351 71/1352 81/1353
f 929/1354 144/1355 379/1356
f 108/1357 956/1358 109/1359
f 91/1360 116/1361 908/1362
f 58/1363 146/1364 52/1365
f 71/1366 146/1367 58/1368
f 957/1369 958/1370 34/1371
f 391/1372 145/1373 959/1374
f 959/1375 392/1376 391/1377
f 748/1378 201/1379 203/1380
f 962/1381 961/1382 960/1383
f 963/1384 964/1385 965/1386
f 967/1387 966/1388 202/1389
f 969/1390 968/1391 966/1392
f 384/1393 970/1394 383/1395
f 412/1396 971/1397 972/1398
f 974/1399 399/1400 973/1401
f 110/1402 39/1403 40/1404
f 972/1405 975/1406 46/1407
f 726/1408 976/1409 957/1410
f 888/1411 34/1412 977/1413
f 594/1414 393/1415 978/1416
f 978/1417 393/1418 979/1419
f 980/1420 981/1421 982/1422
f 985/1423 984/1424 983/1425
f 983/1426 984/1427 986/1428
f 988/1429 987/1430 976/1431
f 343/1432 990/1433 989/1434
f 957/1435 976/1436 958/1437
f 702/1438 991/1439 992/1440
f 994/1441 41/1442 993/1443
f 980/1444 982/1445 471/1446
f 997/1447 996/1448 995/1449
f 726/1450 957/1451 65/1452
f 975/1453 998/1454 46/1455
f 999/1456 995/1457 1000/1458
f 1002/1459 1001/1460 411/1461
f 1004/1462 1003/1463 980/1464
f 6/1465 395/1466 888/1467
f 1005/1468 295/1469 296/1470
f 1006/1471 1007/1472 41/1473
f 1009/1474 1008/1475 777/1476
f 888/1477 395/1478 34/1479
f 65/1480 957/1481 35/1482
f 411/1483 1001/1484 149/1485
f 1001/1486 147/1487 149/1488
f 990/1489 325/1490 986/1491
f 69/1492 35/1493 33/1494
f 33/1495 472/1496 69/1497
f 69/1498 472/1499 471/1500
f 5/1501 1010/1502 395/1503
f 109/1504 956/1505 817/1506
f 1011/1507 1012/1508 1007/1509
f 35/1510 957/1511 34/1512
f 112/1513 1013/1514 935/1515
f 1014/1516 1015/1517 5/1518
f 1014/1519 5/1520 4/1521
f 726/1522 935/1523 1016/1524
f 412/1525 972/1526 47/1527
f 47/1528 972/1529 46/1530
f 1010/1531 34/1532 395/1533
f 977/1534 958/1535 1017/1536
f 1018/1537 208/1538 207/1539
f 1019/1540 67/1541 1020/1542
f 1020/1543 148/1544 1019/1545
f 472/1546 33/1547 1010/1548
f 1010/1549 33/1550 34/1551
f 147/1552 472/1553 1019/1554
f 472/1555 1010/1556 1019/1557
f 5/1558 1019/1559 1010/1560
f 958/1561 977/1562 34/1563
f 1001/1564 980/1565 147/1566
f 949/1567 345/1568 344/1569
f 48/1570 411/1571 47/1572
f 1021/1573 971/1574 412/1575
f 68/1576 72/1577 1021/1578
f 66/1579 68/1580 1021/1581
f 148/1582 1020/1583 66/1584
f 67/1585 66/1586 1020/1587
f 1022/1588 68/1589 67/1590
f 66/1591 149/1592 148/1593
f 1021/1594 412/1595 66/1596
f 149/1597 66/1598 412/1599
f 412/1600 411/1601 149/1602
f 343/1603 325/1604 990/1605
f 1024/1606 197/1607 1023/1608
f 5/1609 1015/1610 67/1611
f 67/1612 1019/1613 5/1614
f 147/1615 1019/1616 148/1617
f 67/1618 1015/1619 1022/1620
f 980/1621 471/1622 147/1623
f 48/1624 1000/1625 995/1626
f 995/1627 1004/1628 48/1629
f 343/1630 345/1631 325/1632
f 1002/1633 1004/1634 980/1635
f 1002/1636 980/1637 1001/1638
f 48/1639 1004/1640 1002/1641
f 48/1642 1002/1643 411/1644
f 1004/1645 995/1646 1003/1647
f 48/1648 46/1649 1000/1650
f 1025/1651 1026/1652 1027/1653
f 981/1654 1026/1655 1025/1656
f 210/1657 1029/1658 1028/1659
f 201/1660 748/1661 1030/1662
f 1032/1663 45/1664 1031/1665
f 75/1666 1033/1667 1034/1668
f 594/1669 978/1670 1035/1671
f 1005/1672 296/1673 1036/1674
f 1037/1675 1038/1676 1039/1677
f 45/1678 1032/1679 44/1680
f 1040/1681 997/1682 999/1683
f 994/1684 993/1685 1041/1686
f 1042/1687 994/1688 1041/1689
f 1043/1690 1044/1691 1045/1692
f 1046/1693 1005/1694 1036/1695
f 1047/1696 1005/1697 1046/1698
f 1048/1699 1049/1700 304/1701
f 42/1702 38/1703 1050/1704
f 1003/1705 1026/1706 980/1707
f 980/1708 1026/1709 981/1710
f 1051/1711 1027/1712 1026/1713
f 1040/1714 1048/1715 1043/1716
f 1044/1717 1043/1718 1048/1719
f 996/1720 1040/1721 1043/1722
f 1026/1723 1003/1724 1051/1725
f 1051/1726 1003/1727 996/1728
f 996/1729 1003/1730 995/1731
f 995/1732 999/1733 997/1734
f 1025/1735 1052/1736 981/1737
f 63/1738 1052/1739 1025/1740
f 981/1741 1052/1742 982/1743
f 471/1744 982/1745 69/1746
f 982/1747 1052/1748 70/1749
f 982/1750 70/1751 69/1752
f 45/1753 43/1754 1053/1755
f 1049/1756 1048/1757 1040/1758
f 1025/1759 1027/1760 63/1761
f 1054/1762 1027/1763 1051/1764
f 1055/1765 1054/1766 1051/1767
f 1044/1768 1046/1769 1045/1770
f 1046/1771 1036/1772 1045/1773
f 1027/1774 1056/1775 64/1776
f 1027/1777 64/1778 63/1779
f 37/1780 297/1781 1057/1782
f 996/1783 1055/1784 1051/1785
f 997/1786 1040/1787 996/1788
f 996/1789 1043/1790 1055/1791
f 1045/1792 1055/1793 1043/1794
f 1055/1795 1058/1796 1054/1797
f 1036/1798 1059/1799 1045/1800
f 1058/1801 1045/1802 1059/1803
f 1054/1804 1058/1805 1056/1806
f 1061/1807 1060/1808 1059/1809
f 1036/1810 1061/1811 1059/1812
f 296/1813 1061/1814 1036/1815
f 1052/1816 63/1817 70/1818
f 1054/1819 1056/1820 1027/1821
f 70/1822 63/1823 65/1824
f 45/1825 1062/1826 1031/1827
f 368/1828 979/1829 393/1830
f 1063/1831 1064/1832 1065/1833
f 1065/1834 1064/1835 1066/1836
f 36/1837 37/1838 1057/1839
f 296/1840 297/1841 37/1842
f 296/1843 37/1844 1061/1845
f 1067/1846 1062/1847 1065/1848
f 1069/1849 1068/1850 367/1851
f 37/1852 42/1853 1060/1854
f 1060/1855 1061/1856 37/1857
f 1034/1858 76/1859 75/1860
f 434/1861 396/1862 1070/1863
f 1071/1864 708/1865 368/1866
f 1072/1867 708/1868 1071/1869
f 36/1870 1057/1871 1073/1872
f 75/1873 77/1874 1074/1875
f 1075/1876 1076/1877 1077/1878
f 64/1879 112/1880 935/1881
f 1058/1882 1078/1883 1056/1884
f 1079/1885 1080/1886 1081/1887
f 369/1888 1082/1889 1083/1890
f 298/1891 1084/1892 299/1893
f 1087/1894 1086/1895 1085/1896
f 36/1897 1066/1898 1064/1899
f 36/1900 1064/1901 38/1902
f 1063/1903 1065/1904 1088/1905
f 1091/1906 1090/1907 1089/1908
f 15/1909 1092/1910 360/1911
f 1065/1912 1053/1913 979/1914
f 1065/1915 979/1916 1088/1917
f 1093/1918 40/1919 41/1920
f 41/1921 1007/1922 1093/1923
f 1067/1924 1065/1925 1066/1926
f 1073/1927 1067/1928 1066/1929
f 1094/1930 929/1931 99/1932
f 1095/1933 1096/1934 739/1935
f 368/1936 367/1937 979/1938
f 1083/1939 1097/1940 1069/1941
f 1047/1942 1098/1943 1099/1944
f 43/1945 1035/1946 978/1947
f 1053/1948 43/1949 978/1950
f 366/1951 1100/1952 365/1953
f 1046/1954 1098/1955 1047/1956
f 1067/1957 1031/1958 1062/1959
f 979/1960 1053/1961 978/1962
f 1071/1963 368/1964 394/1965
f 1071/1966 394/1967 593/1968
f 1072/1969 1071/1970 593/1971
f 376/1972 1102/1973 1101/1974
f 1103/1975 1098/1976 1046/1977
f 1046/1978 1044/1979 1103/1980
f 725/1981 723/1982 1104/1983
f 1105/1984 1106/1985 1107/1986
f 20/1987 19/1988 1108/1989
f 877/1990 75/1991 876/1992
f 931/1993 877/1994 875/1995
f 931/1996 875/1997 1109/1998
f 1112/1999 1111/2000 1110/2001
f 114/2002 1113/2003 1114/2004
f 1116/2005 1115/2006 1080/2007
f 1117/2008 1115/2009 1082/2010
f 1119/2011 1117/2012 1118/2013
f 1122/2014 1121/2015 1120/2016
f 1118/2017 1117/2018 1082/2019
f 708/2020 1082/2021 369/2022
f 341/2023 370/2024 342/2025
f 1123/2026 1124/2027 1125/2028
f 1128/2029 1127/2030 1126/2031
f 397/2032 434/2033 1129/2034
f 1082/2035 1130/2036 1124/2037
f 1117/2038 1131/2039 1080/2040
f 1132/2041 1128/2042 1126/2043
f 1079/2044 737/2045 739/2046
f 1133/2047 1134/2048 1135/2049
f 1136/2050 1095/2051 738/2052
f 1137/2053 1128/2054 1132/2055
f 299/2056 1084/2057 1042/2058
f 299/2059 1042/2060 1138/2061
f 1079/2062 739/2063 1096/2064
f 1116/2065 1080/2066 1079/2067
f 114/2068 1110/2069 1111/2070
f 1130/2071 1125/2072 1124/2073
f 1128/2074 1140/2075 1139/2076
f 1143/2077 1142/2078 1141/2079
f 1095/2080 1144/2081 1096/2082
f 1145/2083 771/2084 773/2085
f 738/2086 1137/2087 1132/2088
f 1128/2089 1137/2090 1146/2091
f 738/2092 1132/2093 1136/2094
f 1147/2095 752/2096 753/2097
f 752/2098 1147/2099 1142/2100
f 1141/2101 1142/2102 1147/2103
f 1082/2104 1124/2105 1083/2106
f 1149/2107 1148/2108 133/2109
f 1124/2110 1151/2111 1150/2112
f 1154/2113 1153/2114 1152/2115
f 738/2116 1095/2117 739/2118
f 1140/2119 1142/2120 1143/2121
f 1146/2122 1137/2123 738/2124
f 738/2125 752/2126 1155/2127
f 737/2128 752/2129 738/2130
f 772/2131 1156/2132 714/2133
f 1146/2134 1155/2135 1142/2136
f 1146/2137 1142/2138 1140/2139
f 738/2140 1155/2141 1146/2142
f 1082/2143 708/2144 1118/2145
f 1136/2146 1125/2147 1095/2148
f 761/2149 1157/2150 740/2151
f 1096/2152 1144/2153 1116/2154
f 1079/2155 1096/2156 1116/2157
f 1144/2158 1095/2159 1125/2160
f 1081/2161 1158/2162 1079/2163
f 1159/2164 1122/2165 1160/2166
f 1097/2167 1161/2168 1069/2169
f 1144/2170 1125/2171 1130/2172
f 1132/2173 1162/2174 1136/2175
f 1163/2176 290/2177 289/2178
f 1164/2179 1127/2180 1128/2181
f 1136/2182 1162/2183 1123/2184
f 1123/2185 1125/2186 1136/2187
f 1084/2188 298/2189 1165/2190
f 1166/2191 1167/2192 1168/2193
f 1169/2194 1170/2195 1171/2196
f 1069/2197 1161/2198 1068/2199
f 111/2200 1076/2201 110/2202
f 1083/2203 367/2204 369/2205
f 1111/2206 115/2207 114/2208
f 120/2209 1172/2210 121/2211
f 1173/2212 989/2213 1174/2214
f 1175/2215 1176/2216 1177/2217
f 1055/2218 1045/2219 1058/2220
f 1171/2221 994/2222 1084/2223
f 1084/2224 994/2225 1042/2226
f 1011/2227 314/2228 137/2229
f 300/2230 1161/2231 1097/2232
f 1090/2233 1091/2234 1077/2235
f 1178/2236 1063/2237 1088/2238
f 1179/2239 1180/2240 1114/2241
f 1138/2242 1068/2243 1161/2244
f 1056/2245 112/2246 64/2247
f 1008/2248 1181/2249 1182/2250
f 1182/2251 777/2252 1008/2253
f 1183/2254 39/2255 1184/2256
f 112/2257 1056/2258 111/2259
f 1183/2260 1185/2261 1041/2262
f 1188/2263 1187/2264 1186/2265
f 1041/2266 1185/2267 1189/2268
f 1184/2269 1075/2270 1077/2271
f 1184/2272 1077/2273 1183/2274
f 1075/2275 110/2276 1076/2277
f 1184/2278 110/2279 1075/2280
f 122/2281 1165/2282 120/2283
f 1138/2284 1190/2285 1068/2286
f 1189/2287 1190/2288 1138/2289
f 1189/2290 1138/2291 1041/2292
f 1192/2293 306/2294 1191/2295
f 1049/2296 1040/2297 999/2298
f 1089/2299 1076/2300 1050/2301
f 1088/2302 1193/2303 1178/2304
f 1193/2305 1190/2306 1189/2307
f 1068/2308 1190/2309 1193/2310
f 1193/2311 367/2312 1068/2313
f 1007/2314 1006/2315 1194/2316
f 1170/2317 1194/2318 1006/2319
f 1077/2320 1076/2321 1090/2322
f 1089/2323 1090/2324 1076/2325
f 1171/2326 1195/2327 1169/2328
f 1041/2329 1138/2330 1042/2331
f 1087/2332 1098/2333 305/2334
f 125/2335 126/2336 1196/2337
f 1023/2338 197/2339 1197/2340
f 39/2341 110/2342 1184/2343
f 993/2344 1183/2345 1041/2346
f 1169/2347 1195/2348 122/2349
f 1150/2350 300/2351 1097/2352
f 1199/2353 1093/2354 1198/2355
f 299/2356 1138/2357 1161/2358
f 1060/2359 1078/2360 1058/2361
f 1058/2362 1059/2363 1060/2364
f 1016/2365 976/2366 726/2367
f 222/2368 221/2369 1200/2370
f 1050/2371 38/2372 1089/2373
f 38/2374 1091/2375 1089/2376
f 1091/2377 1201/2378 1077/2379
f 1077/2380 1201/2381 1185/2382
f 1077/2383 1185/2384 1183/2385
f 1185/2386 1201/2387 1189/2388
f 1193/2389 1189/2390 1178/2391
f 1091/2392 1178/2393 1201/2394
f 1063/2395 1178/2396 1091/2397
f 1064/2398 1063/2399 1091/2400
f 1064/2401 1091/2402 38/2403
f 1178/2404 1189/2405 1201/2406
f 993/2407 41/2408 39/2409
f 993/2410 39/2411 1183/2412
f 1076/2413 1078/2414 1202/2415
f 1202/2416 1050/2417 1076/2418
f 1202/2419 1078/2420 1060/2421
f 1060/2422 42/2423 1202/2424
f 1056/2425 1078/2426 1076/2427
f 1076/2428 111/2429 1056/2430
f 1165/2431 1195/2432 1171/2433
f 1165/2434 1171/2435 1084/2436
f 1151/2437 1124/2438 1123/2439
f 1097/2440 1124/2441 1150/2442
f 1203/2443 1204/2444 1205/2445
f 1206/2446 1207/2447 1208/2448
f 334/2449 1209/2450 333/2451
f 1171/2452 1170/2453 994/2454
f 1199/2455 935/2456 1013/2457
f 1006/2458 994/2459 1170/2460
f 41/2461 994/2462 1006/2463
f 1013/2464 112/2465 40/2466
f 1210/2467 1038/2468 1172/2469
f 45/2470 1053/2471 1062/2472
f 1164/2473 1212/2474 1211/2475
f 1211/2476 1212/2477 1213/2478
f 1214/2479 1215/2480 983/2481
f 40/2482 1093/2483 1199/2484
f 1199/2485 1013/2486 40/2487
f 1198/2488 1216/2489 1016/2490
f 1198/2491 1016/2492 935/2493
f 1199/2494 1198/2495 935/2496
f 1219/2497 1218/2498 1217/2499
f 120/2500 1165/2501 1220/2502
f 1196/2503 126/2504 956/2505
f 108/2506 1196/2507 956/2508
f 1221/2509 1198/2510 1093/2511
f 1198/2512 1221/2513 1216/2514
f 1213/2515 1222/2516 1127/2517
f 138/2518 1223/2519 1224/2520
f 122/2521 1195/2522 1165/2523
f 1211/2524 1127/2525 1164/2526
f 1213/2527 1127/2528 1211/2529
f 971/2530 1021/2531 72/2532
f 1227/2533 1226/2534 1225/2535
f 1213/2536 1228/2537 1222/2538
f 1126/2539 1127/2540 1222/2541
f 1229/2542 1230/2543 1039/2544
f 1222/2545 1230/2546 1229/2547
f 1222/2548 1228/2549 1230/2550
f 1213/2551 1212/2552 1228/2553
f 1231/2554 1232/2555 1233/2556
f 1128/2557 1139/2558 1234/2559
f 1235/2560 1236/2561 1216/2562
f 1216/2563 1221/2564 1235/2565
f 1239/2566 1238/2567 1237/2568
f 1234/2569 1139/2570 1240/2571
f 1222/2572 1229/2573 1126/2574
f 1210/2575 1126/2576 1229/2577
f 991/2578 702/2579 701/2580
f 761/2581 1241/2582 1242/2583
f 1210/2584 1220/2585 1126/2586
f 1126/2587 1220/2588 1162/2589
f 1243/2590 1135/2591 1244/2592
f 1133/2593 1135/2594 1243/2595
f 1220/2596 1123/2597 1162/2598
f 1245/2599 1244/2600 1135/2601
f 1123/2602 1220/2603 1151/2604
f 298/2605 1220/2606 1165/2607
f 549/2608 290/2609 1246/2610
f 300/2611 1150/2612 298/2613
f 1151/2614 1220/2615 298/2616
f 298/2617 1150/2618 1151/2619
f 135/2620 1247/2621 133/2622
f 1250/2623 1249/2624 1248/2625
f 777/2626 1182/2627 95/2628
f 1251/2629 313/2630 1250/2631
f 1224/2632 1223/2633 1252/2634
f 702/2635 992/2636 1253/2637
f 1255/2638 1206/2639 1254/2640
f 1256/2641 1257/2642 1258/2643
f 700/2644 1260/2645 1259/2646
f 1255/2647 1254/2648 1235/2649
f 1253/2650 700/2651 702/2652
f 987/2653 1261/2654 1017/2655
f 987/2656 1017/2657 958/2658
f 987/2659 958/2660 976/2661
f 988/2662 1236/2663 1262/2664
f 976/2665 1236/2666 988/2667
f 1016/2668 1236/2669 976/2670
f 1216/2671 1236/2672 1016/2673
f 1254/2674 1236/2675 1235/2676
f 991/2677 701/2678 1208/2679
f 991/2680 1263/2681 992/2682
f 969/2683 1264/2684 1265/2685
f 988/2686 1266/2687 987/2688
f 973/2689 399/2690 108/2691
f 1261/2692 987/2693 1266/2694
f 1268/2695 1267/2696 216/2697
f 1262/2698 1266/2699 988/2700
f 1093/2701 1012/2702 1221/2703
f 1007/2704 1012/2705 1093/2706
f 973/2707 108/2708 107/2709
f 400/2710 399/2711 974/2712
f 974/2713 1264/2714 400/2715
f 1269/2716 1270/2717 1271/2718
f 1273/2719 1242/2720 1272/2721
f 1274/2722 99/2723 61/2724
f 1266/2725 1262/2726 701/2727
f 1275/2728 946/2729 1276/2730
f 145/2731 71/2732 1277/2733
f 1278/2734 838/2735 839/2736
f 1017/2737 1279/2738 1280/2739
f 1280/2740 977/2741 1017/2742
f 1281/2743 343/2744 989/2745
f 1017/2746 1261/2747 1282/2748
f 1283/2749 1284/2750 1285/2751
f 974/2752 973/2753 1286/2754
f 1280/2755 888/2756 977/2757
f 400/2758 125/2759 1196/2760
f 107/2761 888/2762 1280/2763
f 888/2764 107/2765 109/2766
f 1288/2767 125/2768 1287/2769
f 1280/2770 1279/2771 973/2772
f 973/2773 107/2774 1280/2775
f 1260/2776 1253/2777 1289/2778
f 1282/2779 1279/2780 1017/2781
f 1279/2782 1282/2783 1290/2784
f 945/2785 1279/2786 1290/2787
f 1274/2788 61/2789 62/2790
f 400/2791 1264/2792 125/2793
f 1260/2794 700/2795 1253/2796
f 125/2797 1264/2798 1287/2799
f 100/2800 1274/2801 62/2802
f 1259/2803 955/2804 1290/2805
f 1208/2806 1263/2807 991/2808
f 1288/2809 1292/2810 1291/2811
f 1259/2812 1282/2813 1266/2814
f 1259/2815 1290/2816 1282/2817
f 701/2818 700/2819 1259/2820
f 701/2821 1259/2822 1266/2823
f 1294/2824 106/2825 1293/2826
f 1266/2827 1282/2828 1261/2829
f 1206/2830 1208/2831 701/2832
f 701/2833 1254/2834 1206/2835
f 1295/2836 1296/2837 1297/2838
f 1295/2839 1297/2840 1298/2841
f 1301/2842 1300/2843 1299/2844
f 701/2845 1262/2846 1254/2847
f 1254/2848 1262/2849 1236/2850
f 1196/2851 108/2852 400/2853
f 946/2854 945/2855 1290/2856
f 969/2857 1287/2858 1264/2859
f 1302/2860 1264/2861 974/2862
f 146/2863 145/2864 391/2865
f 391/2866 54/2867 146/2868
f 1303/2869 953/2870 954/2871
f 1304/2872 128/2873 127/2874
f 1275/2875 1302/2876 1286/2877
f 1286/2878 944/2879 946/2880
f 1286/2881 1302/2882 974/2883
f 1265/2884 1264/2885 1302/2886
f 1265/2887 1275/2888 1305/2889
f 1306/2890 1275/2891 1265/2892
f 1302/2893 1306/2894 1265/2895
f 1275/2896 1306/2897 1302/2898
f 1307/2899 1308/2900 1309/2901
f 1312/2902 1311/2903 1310/2904
f 135/2905 134/2906 1313/2907
f 956/2908 126/2909 817/2910
f 1314/2911 817/2912 126/2913
f 1207/2914 1206/2915 1255/2916
f 1315/2917 1316/2918 1317/2919
f 1255/2920 1252/2921 1207/2922
f 1263/2923 1208/2924 1207/2925
f 1223/2926 138/2927 136/2928
f 954/2929 1260/2930 1289/2931
f 1318/2932 1319/2933 1320/2934
f 1321/2935 1322/2936 1323/2937
f 1230/2938 1228/2939 1324/2940
f 1204/2941 1325/2942 1205/2943
f 1326/2944 1327/2945 1328/2946
f 1148/2947 134/2948 133/2949
f 182/2950 1329/2951 1330/2952
f 165/2953 173/2954 163/2955
f 1331/2956 191/2957 190/2958
f 131/2959 132/2960 1332/2961
f 1315/2962 1334/2963 1333/2964
f 1229/2965 1038/2966 1210/2967
f 136/2968 1335/2969 1223/2970
f 1335/2971 136/2972 1336/2973
f 1337/2974 1338/2975 301/2976
f 1209/2977 1037/2978 333/2979
f 1331/2980 122/2981 121/2982
f 313/2983 1251/2984 1336/2985
f 314/2986 313/2987 1336/2988
f 1337/2989 1339/2990 191/2991
f 762/2992 191/2993 1339/2994
f 945/2995 973/2996 1279/2997
f 1340/2998 1181/2999 1324/3000
f 1247/3001 1149/3002 133/3003
f 1341/3004 302/3005 1149/3006
f 1149/3007 1247/3008 1341/3009
f 1342/3010 1343/3011 1246/3012
f 331/3013 1246/3014 1343/3015
f 1344/3016 1237/3017 1238/3018
f 1345/3019 1181/3020 1340/3021
f 1275/3022 1286/3023 946/3024
f 301/3025 1338/3026 334/3027
f 1248/3028 1347/3029 1346/3030
f 301/3031 334/3032 302/3033
f 944/3034 973/3035 945/3036
f 1348/3037 1009/3038 777/3039
f 123/3040 1349/3041 28/3042
f 1268/3043 1350/3044 1351/3045
f 1352/3046 1350/3047 1268/3048
f 195/3049 234/3050 196/3051
f 1353/3052 189/3053 1011/3054
f 1354/3055 1355/3056 1356/3057
f 1357/3058 1356/3059 1355/3060
f 1358/3061 1182/3062 1181/3063
f 1358/3064 1181/3065 1345/3066
f 1324/3067 1181/3068 1008/3069
f 528/3070 1360/3071 1359/3072
f 1170/3073 1169/3074 1353/3075
f 190/3076 1169/3077 122/3078
f 176/3079 1361/3080 1362/3081
f 1194/3082 1170/3083 1353/3084
f 1194/3085 1353/3086 1011/3087
f 1011/3088 1007/3089 1194/3090
f 72/3091 1281/3092 989/3093
f 190/3094 1353/3095 1169/3096
f 1039/3097 1230/3098 1037/3099
f 764/3100 289/3101 291/3102
f 549/3103 291/3104 290/3105
f 1363/3106 764/3107 291/3108
f 1364/3109 1325/3110 1204/3111
f 1324/3112 1228/3113 1340/3114
f 1212/3115 1365/3116 1345/3117
f 1212/3118 1345/3119 1340/3120
f 1340/3121 1228/3122 1212/3123
f 1008/3124 1366/3125 1324/3126
f 1324/3127 1366/3128 1230/3129
f 1230/3130 1366/3131 1037/3132
f 1009/3133 1348/3134 1367/3135
f 314/3136 1336/3137 136/3138
f 1009/3139 1368/3140 1008/3141
f 1368/3142 134/3143 1148/3144
f 134/3145 1368/3146 1009/3147
f 1368/3148 1037/3149 1366/3150
f 1368/3151 1148/3152 333/3153
f 1037/3154 1368/3155 333/3156
f 1368/3157 1366/3158 1008/3159
f 1209/3160 1338/3161 1331/3162
f 1209/3163 334/3164 1338/3165
f 1037/3166 1209/3167 1038/3168
f 1331/3169 1172/3170 1209/3171
f 121/3172 1172/3173 1331/3174
f 1038/3175 1209/3176 1172/3177
f 1371/3178 1370/3179 1369/3180
f 1372/3181 1371/3182 1369/3183
f 989/3184 990/3185 1174/3186
f 1373/3187 1374/3188 1375/3189
f 1174/3190 990/3191 986/3192
f 1174/3193 986/3194 984/3195
f 1011/3196 315/3197 314/3198
f 1376/3199 318/3200 317/3201
f 1024/3202 1376/3203 197/3204
f 1024/3205 1377/3206 1376/3207
f 1290/3208 955/3209 946/3210
f 1378/3211 1379/3212 1380/3213
f 327/3214 948/3215 319/3216
f 944/3217 1286/3218 973/3219
f 1314/3220 126/3221 124/3222
f 1381/3223 1380/3224 1379/3225
f 1024/3226 1023/3227 998/3228
f 975/3229 1024/3230 998/3231
f 1383/3232 965/3233 1382/3234
f 1259/3235 1260/3236 955/3237
f 389/3238 145/3239 1277/3240
f 1221/3241 1012/3242 1235/3243
f 102/3244 217/3245 1267/3246
f 1224/3247 1235/3248 1012/3249
f 986/3250 326/3251 983/3252
f 1384/3253 1385/3254 1270/3255
f 1388/3256 1387/3257 1386/3258
f 1384/3259 216/3260 1385/3261
f 72/3262 989/3263 74/3264
f 74/3265 989/3266 1173/3267
f 74/3268 1173/3269 1389/3270
f 1186/3271 1167/3272 1166/3273
f 1362/3274 175/3275 176/3276
f 190/3277 189/3278 1353/3279
f 1391/3280 1390/3281 1258/3282
f 1392/3283 1014/3284 1393/3285
f 1012/3286 137/3287 138/3288
f 1377/3289 975/3290 972/3291
f 1377/3292 1024/3293 975/3294
f 1015/3295 1014/3296 1392/3297
f 1394/3298 1314/3299 1395/3300
f 4/3301 1314/3302 1014/3303
f 1314/3304 1394/3305 1014/3306
f 1014/3307 1394/3308 1393/3309
f 817/3310 1314/3311 4/3312
f 1291/3313 1396/3314 124/3315
f 124/3316 1288/3317 1291/3318
f 1369/3319 1370/3320 1397/3321
f 1267/3322 1398/3323 102/3324
f 102/3325 1398/3326 103/3327
f 73/3328 74/3329 1377/3330
f 1015/3331 344/3332 1022/3333
f 1392/3334 344/3335 1015/3336
f 209/3337 1399/3338 207/3339
f 1400/3340 207/3341 1399/3342
f 1269/3343 1271/3344 1401/3345
f 1384/3346 1270/3347 1352/3348
f 1377/3349 972/3350 971/3351
f 136/3352 137/3353 314/3354
f 1255/3355 1235/3356 1224/3357
f 1224/3358 1252/3359 1255/3360
f 1011/3361 137/3362 1012/3363
f 1/3364 2/3365 1402/3366
f 73/3367 971/3368 72/3369
f 73/3370 1377/3371 971/3372
f 68/3373 1281/3374 72/3375
f 1022/3376 1281/3377 68/3378
f 344/3379 343/3380 1281/3381
f 216/3382 1384/3383 1268/3384
f 1294/3385 1293/3386 1403/3387
f 124/3388 1396/3389 1395/3390
f 124/3391 1395/3392 1314/3393
f 102/3394 184/3395 217/3396
f 1352/3397 1270/3398 1269/3399
f 326/3400 986/3401 325/3402
f 1271/3403 1270/3404 947/3405
f 216/3406 215/3407 1385/3408
f 1404/3409 1405/3410 1385/3411
f 1400/3412 326/3413 327/3414
f 983/3415 326/3416 1400/3417
f 1281/3418 1022/3419 344/3420
f 1393/3421 1269/3422 1401/3423
f 947/3424 1270/3425 1385/3426
f 947/3427 1385/3428 1405/3429
f 1393/3430 1401/3431 1392/3432
f 1396/3433 1406/3434 1395/3435
f 1406/3436 1394/3437 1395/3438
f 1028/3439 1407/3440 163/3441
f 164/3442 163/3443 1407/3444
f 1384/3445 1352/3446 1268/3447
f 967/3448 838/3449 1288/3450
f 1288/3451 1287/3452 967/3453
f 1408/3454 1267/3455 1268/3456
f 1269/3457 1406/3458 1350/3459
f 1350/3460 1352/3461 1269/3462
f 1393/3463 1394/3464 1406/3465
f 1393/3466 1406/3467 1269/3468
f 1396/3469 1291/3470 1406/3471
f 1350/3472 1406/3473 1291/3474
f 215/3475 1404/3476 1385/3477
f 960/3478 164/3479 1407/3480
f 1028/3481 163/3482 213/3483
f 224/3484 1028/3485 213/3486
f 949/3487 344/3488 1392/3489
f 1401/3490 949/3491 1392/3492
f 949/3493 1271/3494 947/3495
f 1271/3496 949/3497 1401/3498
f 1409/3499 999/3500 1000/3501
f 948/3502 947/3503 1405/3504
f 1410/3505 1029/3506 1018/3507
f 214/3508 224/3509 213/3510
f 1251/3511 1250/3512 751/3513
f 983/3514 1400/3515 1399/3516
f 1399/3517 1214/3518 983/3519
f 320/3520 1410/3521 1018/3522
f 952/3523 383/3524 719/3525
f 1411/3526 1412/3527 1413/3528
f 1414/3529 1415/3530 1416/3531
f 1103/3532 305/3533 1098/3534
f 386/3535 961/3536 962/3537
f 192/3538 1417/3539 194/3540
f 319/3541 1405/3542 1404/3543
f 1405/3544 319/3545 948/3546
f 208/3547 1018/3548 1029/3549
f 965/3550 1418/3551 963/3552
f 1029/3553 210/3554 208/3555
f 327/3556 345/3557 948/3558
f 345/3559 327/3560 325/3561
f 1419/3562 238/3563 1420/3564
f 1028/3565 224/3566 210/3567
f 386/3568 962/3569 387/3570
f 1421/3571 236/3572 381/3573
f 236/3574 1421/3575 1422/3576
f 184/3577 961/3578 386/3579
f 184/3580 386/3581 217/3582
f 1424/3583 950/3584 1423/3585
f 1426/3586 1425/3587 658/3588
f 217/3589 386/3590 215/3591
f 207/3592 320/3593 1018/3594
f 1267/3595 217/3596 216/3597
f 1029/3598 1407/3599 1028/3600
f 1427/3601 1332/3602 132/3603
f 922/3604 1428/3605 1429/3606
f 1404/3607 320/3608 319/3609
f 387/3610 1410/3611 320/3612
f 387/3613 962/3614 1410/3615
f 320/3616 1404/3617 387/3618
f 387/3619 1404/3620 215/3621
f 962/3622 960/3623 1410/3624
f 1029/3625 960/3626 1407/3627
f 1410/3628 960/3629 1029/3630
f 1030/3631 381/3632 1430/3633
f 1421/3634 1030/3635 748/3636
f 1431/3637 1417/3638 192/3639
f 1432/3640 1431/3641 192/3642
f 1432/3643 1433/3644 1431/3645
f 194/3646 1417/3647 1434/3648
f 1434/3649 1417/3650 1431/3651
f 1433/3652 1434/3653 1431/3654
f 385/3655 383/3656 952/3657
f 2/3658 1436/3659 1435/3660
f 1437/3661 750/3662 105/3663
f 105/3664 750/3665 104/3666
f 1438/3667 1439/3668 388/3669
f 1440/3670 1441/3671 933/3672
f 356/3673 1442/3674 358/3675
f 1443/3676 31/3677 1444/3678
f 1445/3679 749/3680 203/3681
f 184/3682 164/3683 961/3684
f 748/3685 749/3686 1421/3687
f 165/3688 164/3689 184/3690
f 164/3691 960/3692 961/3693
f 1299/3694 1446/3695 1439/3696
f 1299/3697 1300/3698 385/3699
f 101/3700 1447/3701 184/3702
f 1450/3703 1449/3704 1448/3705
f 117/3706 159/3707 1451/3708
f 750/3709 1335/3710 751/3711
f 1452/3712 1300/3713 1301/3714
f 1453/3715 1454/3716 1435/3717
f 1435/3718 1454/3719 1285/3720
f 1447/3721 165/3722 184/3723
f 1455/3724 193/3725 194/3726
f 54/3727 392/3728 1456/3729
f 170/3730 169/3731 384/3732
f 1300/3733 384/3734 385/3735
f 1300/3736 170/3737 384/3738
f 1299/3739 951/3740 1446/3741
f 1457/3742 165/3743 1447/3744
f 1433/3745 1458/3746 1434/3747
f 1455/3748 194/3749 1458/3750
f 1434/3751 1458/3752 194/3753
f 1461/3754 1460/3755 1459/3756
f 1464/3757 1463/3758 1462/3759
f 1465/3760 1296/3761 1466/3762
f 966/3763 967/3764 1287/3765
f 380/3766 101/3767 103/3768
f 1265/3769 1305/3770 969/3771
f 1305/3772 968/3773 969/3774
f 749/3775 1467/3776 1422/3777
f 1422/3778 1421/3779 749/3780
f 103/3781 1398/3782 1430/3783
f 838/3784 967/3785 202/3786
f 1351/3787 1408/3788 1268/3789
f 966/3790 1445/3791 202/3792
f 202/3793 1445/3794 203/3795
f 1292/3796 1351/3797 1291/3798
f 1291/3799 1351/3800 1350/3801
f 1468/3802 1469/3803 1316/3804
f 1430/3805 381/3806 380/3807
f 103/3808 1430/3809 380/3810
f 1287/3811 969/3812 966/3813
f 1470/3814 1030/3815 1430/3816
f 201/3817 1030/3818 1470/3819
f 1452/3820 170/3821 1300/3822
f 1445/3823 968/3824 1435/3825
f 1398/3826 1408/3827 1278/3828
f 124/3829 125/3830 1288/3831
f 968/3832 1445/3833 966/3834
f 202/3835 201/3836 839/3837
f 385/3838 951/3839 1299/3840
f 1408/3841 1398/3842 1267/3843
f 1288/3844 838/3845 1278/3846
f 839/3847 1471/3848 1278/3849
f 1288/3850 1278/3851 1292/3852
f 1408/3853 1351/3854 1292/3855
f 1292/3856 1278/3857 1408/3858
f 839/3859 1470/3860 1471/3861
f 201/3862 1470/3863 839/3864
f 1398/3865 1278/3866 1471/3867
f 1471/3868 1470/3869 1430/3870
f 1398/3871 1471/3872 1430/3873
f 346/3874 294/3875 920/3876
f 1299/3877 1439/3878 1438/3879
f 952/3880 1456/3881 1472/3882
f 388/3883 1473/3884 390/3885
f 392/3886 1472/3887 1456/3888
f 1383/3889 1382/3890 1474/3891
f 390/3892 1473/3893 1475/3894
f 145/3895 1475/3896 392/3897
f 145/3898 392/3899 959/3900
f 145/3901 389/3902 1475/3903
f 390/3904 1475/3905 389/3906
f 833/3907 952/3908 719/3909
f 833/3910 719/3911 53/3912
f 383/3913 970/3914 1476/3915
f 1438/3916 192/3917 193/3918
f 388/3919 1277/3920 192/3921
f 192/3922 1438/3923 388/3924
f 389/3925 1277/3926 388/3927
f 192/3928 1277/3929 1432/3930
f 496/3931 1277/3932 83/3933
f 1456/3934 833/3935 54/3936
f 1034/3937 1033/3938 1477/3939
f 952/3940 1423/3941 950/3942
f 1472/3943 1423/3944 952/3945
f 1472/3946 392/3947 1423/3948
f 1424/3949 1473/3950 388/3951
f 388/3952 1446/3953 1424/3954
f 968/3955 1453/3956 1435/3957
f 951/3958 950/3959 1424/3960
f 1475/3961 1473/3962 1424/3963
f 1424/3964 1446/3965 951/3966
f 388/3967 1439/3968 1446/3969
f 392/3970 1475/3971 1423/3972
f 952/3973 833/3974 1456/3975
f 1423/3976 1475/3977 1424/3978
f 1478/3979 346/3980 1479/3981
f 1480/3982 1481/3983 1482/3984
f 345/3985 949/3986 948/3987
f 1159/3988 1160/3989 1483/3990
f 1484/3991 1485/3992 1486/3993
f 383/3994 1476/3995 100/3996
f 100/3997 719/3998 383/3999
f 1476/4000 1274/4001 100/4002
f 180/4003 1487/4004 1488/4005
f 1458/4006 1489/4007 1455/4008
f 1490/4009 1491/4010 1492/4011
f 1494/4012 1493/4013 198/4014
f 169/4015 171/4016 1476/4017
f 169/4018 1476/4019 970/4020
f 169/4021 970/4022 384/4023
f 955/4024 1260/4025 954/4026
f 1496/4027 182/4028 1495/4029
f 1498/4030 1355/4031 1497/4032
f 1355/4033 1498/4034 1357/4035
f 1476/4036 1499/4037 1274/4038
f 1499/4039 1476/4040 171/4041
f 71/4042 83/4043 1277/4044
f 1500/4045 90/4046 1499/4047
f 90/4048 1500/4049 89/4050
f 1415/4051 1501/4052 1488/4053
f 1488/4054 1487/4055 1502/4056
f 1415/4057 1503/4058 1416/4059
f 1504/4060 1505/4061 953/4062
f 232/4063 1506/4064 1507/4065
f 1503/4066 88/4067 1416/4068
f 1508/4069 1509/4070 1500/4071
f 1512/4072 1511/4073 1510/4074
f 1510/4075 1513/4076 1512/4077
f 1414/4078 1514/4079 1415/4080
f 90/4081 88/4082 1503/4083
f 1500/4084 1515/4085 89/4086
f 1415/4087 1488/4088 1502/4089
f 1516/4090 1503/4091 1502/4092
f 1502/4093 1518/4094 1517/4095
f 1516/4096 1502/4097 1517/4098
f 1503/4099 1415/4100 1502/4101
f 127/4102 129/4103 222/4104
f 1519/4105 1496/4106 1514/4107
f 243/4108 270/4109 245/4110
f 127/4111 238/4112 1441/4113
f 1520/4114 180/4115 1488/4116
f 89/4117 1515/4118 1521/4119
f 1521/4120 88/4121 89/4122
f 1499/4123 171/4124 1522/4125
f 1321/4126 1523/4127 1524/4128
f 1321/4129 1524/4130 1322/4131
f 1491/4132 1525/4133 1526/4134
f 1414/4135 1527/4136 1514/4137
f 1528/4138 1496/4139 1519/4140
f 229/4141 1528/4142 1519/4143
f 88/4144 1521/4145 1416/4146
f 1416/4147 1521/4148 1527/4149
f 1529/4150 1527/4151 1521/4152
f 1521/4153 1530/4154 1529/4155
f 1531/4156 198/4157 177/4158
f 1493/4159 1494/4160 1532/4161
f 1533/4162 1534/4163 1535/4164
f 1520/4165 1514/4166 1496/4167
f 1501/4168 1415/4169 1514/4170
f 1520/4171 1501/4172 1514/4173
f 1488/4174 1501/4175 1520/4176
f 1294/4177 1536/4178 106/4179
f 1537/4180 106/4181 1536/4182
f 1490/4183 1492/4184 1538/4185
f 1436/4186 2/4187 1467/4188
f 1389/4189 1539/4190 324/4191
f 1455/4192 1489/4193 193/4194
f 1507/4195 1506/4196 1540/4197
f 1507/4198 1540/4199 1541/4200
f 1530/4201 1521/4202 1515/4203
f 1522/4204 1508/4205 1499/4206
f 1527/4207 1414/4208 1416/4209
f 1542/4210 232/4211 1507/4212
f 1508/4213 1500/4214 1499/4215
f 1305/4216 1453/4217 968/4218
f 1537/4219 1536/4220 1543/4221
f 1283/4222 1285/4223 1454/4224
f 183/4225 181/4226 1/4227
f 1496/4228 1495/4229 1520/4230
f 180/4231 1520/4232 1495/4233
f 1335/4234 750/4235 1223/4236
f 1284/4237 1402/4238 1285/4239
f 105/4240 106/4241 1537/4242
f 1545/4243 1544/4244 1388/4245
f 183/4246 1/4247 1402/4248
f 1546/4249 1305/4250 1275/4251
f 236/4252 206/4253 382/4254
f 382/4255 381/4256 236/4257
f 1548/4258 1547/4259 1524/4260
f 1549/4261 1453/4262 1305/4263
f 1453/4264 1549/4265 1454/4266
f 1468/4267 1316/4268 1315/4269
f 1550/4270 1440/4271 933/4272
f 1303/4273 954/4274 1289/4275
f 1349/4276 1551/4277 1552/4278
f 1553/4279 1554/4280 1318/4281
f 1465/4282 1466/4283 1504/4284
f 1556/4285 1555/4286 55/4287
f 1297/4288 1296/4289 1557/4290
f 1390/4291 1256/4292 1258/4293
f 934/4294 1504/4295 1466/4296
f 1305/4297 933/4298 1549/4299
f 1546/4300 933/4301 1305/4302
f 1454/4303 1549/4304 1283/4305
f 1557/4306 1296/4307 1465/4308
f 1465/4309 1504/4310 1557/4311
f 933/4312 1504/4313 934/4314
f 1546/4315 1504/4316 933/4317
f 1558/4318 1559/4319 1560/4320
f 1383/4321 1474/4322 1561/4323
f 1526/4324 1525/4325 85/4326
f 1298/4327 57/4328 1295/4329
f 1397/4330 1562/4331 316/4332
f 1563/4333 1420/4334 1487/4335
f 1487/4336 180/4337 1563/4338
f 934/4339 1555/4340 1550/4341
f 1563/4342 180/4343 183/4344
f 1555/4345 168/4346 1550/4347
f 1564/4348 1565/4349 1333/4350
f 1564/4351 1333/4352 1334/4353
f 1544/4354 1330/4355 1388/4356
f 167/4357 168/4358 1555/4359
f 167/4360 1555/4361 1556/4362
f 1567/4363 221/4364 1566/4365
f 183/4366 1402/4367 1563/4368
f 1296/4369 1555/4370 1466/4371
f 1466/4372 1555/4373 934/4374
f 1570/4375 1569/4376 1568/4377
f 1333/4378 1311/4379 1315/4380
f 237/4381 236/4382 1386/4383
f 1571/4384 132/4385 130/4386
f 1556/4387 1569/4388 1570/4389
f 1556/4390 1570/4391 1572/4392
f 1573/4393 1374/4394 1373/4395
f 55/4396 1555/4397 1296/4398
f 1298/4399 1565/4400 57/4401
f 1330/4402 1387/4403 1388/4404
f 1563/4405 1284/4406 1574/4407
f 1574/4408 1284/4409 1419/4410
f 1420/4411 1563/4412 1574/4413
f 1420/4414 1574/4415 1419/4416
f 1575/4417 1304/4418 127/4419
f 1575/4420 127/4421 1441/4422
f 1283/4423 1419/4424 1284/4425
f 933/4426 1419/4427 1283/4428
f 933/4429 1283/4430 1549/4431
f 1296/4432 1295/4433 55/4434
f 57/4435 55/4436 1295/4437
f 1332/4438 1427/4439 1576/4440
f 329/4441 1323/4442 721/4443
f 722/4444 329/4445 721/4446
f 1438/4447 193/4448 1299/4449
f 1556/4450 55/4451 1569/4452
f 1577/4453 1578/4454 1579/4455
f 1251/4456 751/4457 1336/4458
f 105/4459 1537/4460 1316/4461
f 1512/4462 1580/4463 1511/4464
f 1332/4465 1318/4466 131/4467
f 1319/4468 1318/4469 1332/4470
f 1097/4471 1083/4472 1124/4473
f 1326/4474 1578/4475 1577/4476
f 1308/4477 1581/4478 1582/4479
f 1565/4480 1310/4481 1333/4482
f 135/4483 1584/4484 1583/4485
f 1313/4486 1584/4487 135/4488
f 1546/4489 1505/4490 1504/4491
f 1310/4492 1565/4493 1298/4494
f 162/4495 1585/4496 106/4497
f 1586/4498 1587/4499 1207/4500
f 1583/4501 1584/4502 1579/4503
f 1579/4504 1588/4505 1583/4506
f 1546/4507 1276/4508 1505/4509
f 1275/4510 1276/4511 1546/4512
f 1468/4513 1315/4514 1311/4515
f 30/4516 29/4517 1364/4518
f 1320/4519 1589/4520 1553/4521
f 1318/4522 1320/4523 1553/4524
f 1331/4525 1338/4526 191/4527
f 1576/4528 1427/4529 1590/4530
f 1590/4531 1591/4532 1576/4533
f 1578/4534 1326/4535 1307/4536
f 1307/4537 1309/4538 1578/4539
f 1248/4540 1249/4541 1339/4542
f 55/4543 56/4544 1569/4545
f 1334/4546 1315/4547 1317/4548
f 1582/4549 1576/4550 1591/4551
f 1576/4552 1582/4553 1581/4554
f 1328/4555 1308/4556 1307/4557
f 1326/4558 1328/4559 1307/4560
f 135/4561 1341/4562 1247/4563
f 1576/4564 1581/4565 1319/4566
f 1319/4567 1332/4568 1576/4569
f 1592/4570 1593/4571 925/4572
f 1577/4573 1594/4574 1326/4575
f 1595/4576 1596/4577 1597/4578
f 1337/4579 1598/4580 1599/4581
f 1309/4582 1600/4583 1590/4584
f 1308/4585 1600/4586 1309/4587
f 1337/4588 191/4589 1338/4590
f 1600/4591 1308/4592 1582/4593
f 1591/4594 1600/4595 1582/4596
f 1224/4597 1012/4598 138/4599
f 1581/4600 1320/4601 1319/4602
f 1427/4603 721/4604 1323/4605
f 1323/4606 1322/4607 1427/4608
f 1601/4609 1602/4610 1603/4611
f 1547/4612 1604/4613 1590/4614
f 1590/4615 1604/4616 1309/4617
f 1347/4618 330/4619 1605/4620
f 1427/4621 1322/4622 1547/4623
f 1427/4624 1547/4625 1590/4626
f 1608/4627 1607/4628 1606/4629
f 1320/4630 1581/4631 1589/4632
f 1524/4633 1547/4634 1322/4635
f 1609/4636 1610/4637 1611/4638
f 1589/4639 1612/4640 220/4641
f 220/4642 1553/4643 1589/4644
f 229/4645 1519/4646 1529/4647
f 1613/4648 229/4649 1529/4650
f 1346/4651 1449/4652 1450/4653
f 1510/4654 1511/4655 1341/4656
f 1341/4657 1511/4658 302/4659
f 1389/4660 1376/4661 74/4662
f 720/4663 721/4664 132/4665
f 721/4666 1427/4667 132/4668
f 1564/4669 1334/4670 1614/4671
f 1537/4672 1543/4673 1317/4674
f 1317/4675 1316/4676 1537/4677
f 1614/4678 1317/4679 1615/4680
f 1615/4681 1317/4682 1543/4683
f 1614/4684 1615/4685 1616/4686
f 228/4687 229/4688 1613/4689
f 1294/4690 1617/4691 1536/4692
f 1615/4693 1536/4694 1617/4695
f 1543/4696 1536/4697 1615/4698
f 1614/4699 1618/4700 1564/4701
f 1619/4702 1566/4703 129/4704
f 1606/4705 1607/4706 1564/4707
f 1616/4708 1560/4709 1618/4710
f 1618/4711 1614/4712 1616/4713
f 1317/4714 1614/4715 1334/4716
f 1565/4717 56/4718 57/4719
f 1620/4720 1621/4721 128/4722
f 1620/4723 128/4724 1622/4725
f 269/4726 918/4727 1623/4728
f 1624/4729 269/4730 1623/4731
f 1568/4732 1569/4733 1607/4734
f 56/4735 1607/4736 1569/4737
f 1564/4738 1607/4739 56/4740
f 56/4741 1565/4742 1564/4743
f 1560/4744 1625/4745 1618/4746
f 129/4747 1621/4748 1619/4749
f 166/4750 1626/4751 168/4752
f 1629/4753 1628/4754 1627/4755
f 1631/4756 1629/4757 1630/4758
f 1634/4759 1633/4760 1632/4761
f 1570/4762 1635/4763 1572/4764
f 1636/4765 1637/4766 1218/4767
f 1218/4768 1219/4769 1636/4770
f 1589/4771 1638/4772 1612/4773
f 1639/4774 1640/4775 219/4776
f 1641/4777 722/4778 1642/4779
f 1632/4780 1633/4781 1643/4782
f 1643/4783 1633/4784 1617/4785
f 1644/4786 1593/4787 1592/4788
f 1645/4789 176/4790 174/4791
f 175/4792 1632/4793 174/4794
f 1644/4795 1646/4796 1593/4797
f 1615/4798 1558/4799 1560/4800
f 1615/4801 1560/4802 1616/4803
f 1643/4804 1647/4805 1645/4806
f 1617/4807 1647/4808 1643/4809
f 1632/4810 1643/4811 174/4812
f 1645/4813 174/4814 1643/4815
f 1617/4816 1294/4817 1647/4818
f 268/4819 1648/4820 267/4821
f 1649/4822 1633/4823 1634/4824
f 1615/4825 1617/4826 1558/4827
f 1640/4828 1553/4829 220/4830
f 1640/4831 220/4832 219/4833
f 1617/4834 1633/4835 1558/4836
f 1633/4837 1649/4838 1558/4839
f 1558/4840 1649/4841 1650/4842
f 1362/4843 1651/4844 175/4845
f 1318/4846 1554/4847 130/4848
f 130/4849 131/4850 1318/4851
f 1634/4852 1652/4853 1637/4854
f 1652/4855 1634/4856 1632/4857
f 720/4858 1642/4859 722/4860
f 1653/4861 1654/4862 1642/4863
f 1653/4864 1642/4865 720/4866
f 1571/4867 1655/4868 1653/4869
f 1653/4870 720/4871 1571/4872
f 1571/4873 720/4874 132/4875
f 1653/4876 1655/4877 1654/4878
f 1652/4879 1651/4880 1654/4881
f 1632/4882 1651/4883 1652/4884
f 175/4885 1651/4886 1632/4887
f 1645/4888 1361/4889 176/4890
f 1639/4891 1654/4892 1655/4893
f 1652/4894 1654/4895 1639/4896
f 1651/4897 1641/4898 1642/4899
f 1642/4900 1654/4901 1651/4902
f 1637/4903 1656/4904 1218/4905
f 1652/4906 1639/4907 1656/4908
f 1652/4909 1656/4910 1637/4911
f 1571/4912 1554/4913 1655/4914
f 1554/4915 1571/4916 130/4917
f 1656/4918 1639/4919 219/4920
f 219/4921 218/4922 1217/4923
f 1217/4924 1656/4925 219/4926
f 658/4927 1425/4928 1657/4929
f 1612/4930 218/4931 220/4932
f 1554/4933 1640/4934 1639/4935
f 1655/4936 1554/4937 1639/4938
f 1554/4939 1553/4940 1640/4941
f 1644/4942 1658/4943 1646/4944
f 1612/4945 1648/4946 1659/4947
f 1662/4948 1661/4949 1660/4950
f 1660/4951 1661/4952 1592/4953
f 1636/4954 1634/4955 1637/4956
f 1664/4957 1658/4958 1663/4959
f 1665/4960 1664/4961 1663/4962
f 1666/4963 1667/4964 1668/4965
f 1666/4966 1668/4967 1669/4968
f 925/4969 150/4970 796/4971
f 252/4972 245/4973 1670/4974
f 1638/4975 1646/4976 1664/4977
f 1665/4978 1638/4979 1664/4980
f 1621/4981 129/4982 128/4983
f 1673/4984 1672/4985 1671/4986
f 152/4987 1593/4988 1646/4989
f 1646/4990 185/4991 152/4992
f 218/4993 1659/4994 1217/4995
f 267/4996 1648/4997 1638/4998
f 1638/4999 1648/5000 1612/5001
f 1674/5002 1219/5003 1217/5004
f 1665/5005 1662/5006 267/5007
f 1638/5008 1665/5009 267/5010
f 925/5011 1593/5012 152/5013
f 884/5014 252/5015 99/5016
f 1661/5017 1658/5018 1644/5019
f 918/5020 150/5021 151/5022
f 918/5023 151/5024 1623/5025
f 1668/5026 1675/5027 1669/5028
f 281/5029 1676/5030 1677/5031
f 1659/5032 218/5033 1612/5034
f 1217/5035 1218/5036 1656/5037
f 1662/5038 1660/5039 266/5040
f 1662/5041 266/5042 267/5043
f 1661/5044 1662/5045 1663/5046
f 1663/5047 1658/5048 1661/5049
f 1663/5050 1662/5051 1665/5052
f 1659/5053 1674/5054 1217/5055
f 1636/5056 268/5057 266/5058
f 1674/5059 268/5060 1636/5061
f 1636/5062 1219/5063 1674/5064
f 1648/5065 268/5066 1659/5067
f 1659/5068 268/5069 1674/5070
f 1658/5071 1664/5072 1646/5073
f 1644/5074 1592/5075 1661/5076
f 151/5077 185/5078 1667/5079
f 151/5080 1667/5081 1623/5082
f 918/5083 269/5084 794/5085
f 271/5086 269/5087 1624/5088
f 1649/5089 1634/5090 1636/5091
f 1636/5092 266/5093 1650/5094
f 1649/5095 1636/5096 1650/5097
f 925/5098 152/5099 150/5100
f 1678/5101 1679/5102 1680/5103
f 1680/5104 1679/5105 1681/5106
f 1669/5107 271/5108 1624/5109
f 1675/5110 271/5111 1669/5112
f 1682/5113 965/5114 964/5115
f 925/5116 924/5117 1650/5118
f 1650/5119 266/5120 925/5121
f 266/5122 1660/5123 925/5124
f 795/5125 244/5126 911/5127
f 1660/5128 1592/5129 925/5130
f 1667/5131 185/5132 1646/5133
f 1623/5134 1666/5135 1624/5136
f 1667/5137 1666/5138 1623/5139
f 1669/5140 1624/5141 1666/5142
f 1683/5143 1684/5144 1670/5145
f 1667/5146 1638/5147 1589/5148
f 1667/5149 1646/5150 1638/5151
f 1589/5152 1668/5153 1667/5154
f 269/5155 270/5156 243/5157
f 252/5158 1684/5159 1683/5160
f 252/5161 1683/5162 99/5163
f 1684/5164 252/5165 1670/5166
f 1675/5167 1683/5168 270/5169
f 270/5170 271/5171 1675/5172
f 99/5173 1566/5174 1619/5175
f 252/5176 911/5177 244/5178
f 1630/5179 1685/5180 1631/5181
f 1687/5182 1628/5183 1686/5184
f 1675/5185 1668/5186 1683/5187
f 153/5188 1688/5189 154/5190
f 1627/5191 1628/5192 1689/5193
f 883/5194 884/5195 1689/5196
f 244/5197 1690/5198 243/5199
f 243/5200 1690/5201 269/5202
f 1670/5203 270/5204 1683/5205
f 270/5206 1670/5207 245/5208
f 1693/5209 1692/5210 1691/5211
f 1694/5212 912/5213 252/5214
f 1694/5215 252/5216 883/5217
f 244/5218 795/5219 794/5220
f 244/5221 794/5222 1690/5223
f 794/5224 269/5225 1690/5226
f 1695/5227 1696/5228 1697/5229
f 1700/5230 1699/5231 1698/5232
f 1419/5233 933/5234 1441/5235
f 1703/5236 1702/5237 1701/5238
f 99/5239 1619/5240 884/5241
f 1540/5242 1704/5243 1541/5244
f 227/5245 1705/5246 225/5247
f 1707/5248 884/5249 1706/5250
f 1708/5251 1709/5252 246/5253
f 1710/5254 1711/5255 119/5256
f 1713/5257 924/5258 1712/5259
f 912/5260 1694/5261 1687/5262
f 883/5263 1687/5264 1694/5265
f 883/5266 1689/5267 1687/5268
f 1628/5269 1687/5270 1689/5271
f 1627/5272 884/5273 1707/5274
f 1689/5275 884/5276 1627/5277
f 1550/5278 933/5279 932/5280
f 1451/5281 1672/5282 1714/5283
f 1715/5284 259/5285 1603/5286
f 932/5287 934/5288 1550/5289
f 128/5290 1716/5291 1622/5292
f 1718/5293 1717/5294 884/5295
f 1717/5296 1718/5297 1621/5298
f 1621/5299 1718/5300 1619/5301
f 1719/5302 1720/5303 1721/5304
f 1723/5305 1722/5306 228/5307
f 228/5308 1613/5309 1723/5310
f 911/5311 1724/5312 795/5313
f 1572/5314 1635/5315 1556/5316
f 1556/5317 1635/5318 167/5319
f 1608/5320 1725/5321 1712/5322
f 1606/5323 1725/5324 1608/5325
f 1727/5326 1726/5327 1679/5328
f 1728/5329 1729/5330 1730/5331
f 912/5332 1729/5333 1728/5334
f 1731/5335 1728/5336 1730/5337
f 911/5338 1728/5339 1731/5340
f 912/5341 1728/5342 911/5343
f 1724/5344 911/5345 1731/5346
f 1686/5347 1730/5348 1729/5349
f 1686/5350 1729/5351 1687/5352
f 1687/5353 1729/5354 912/5355
f 1688/5356 1671/5357 1672/5358
f 1570/5359 1568/5360 1732/5361
f 1733/5362 1635/5363 1570/5364
f 1713/5365 1559/5366 1558/5367
f 1724/5368 1734/5369 1712/5370
f 924/5371 1724/5372 1712/5373
f 1570/5374 1732/5375 1733/5376
f 1733/5377 1735/5378 1734/5379
f 1733/5380 1734/5381 1736/5382
f 1735/5383 1733/5384 1732/5385
f 924/5386 795/5387 1724/5388
f 924/5389 1713/5390 1650/5391
f 1650/5392 1713/5393 1558/5394
f 1606/5395 1564/5396 1618/5397
f 1625/5398 1725/5399 1606/5400
f 1625/5401 1606/5402 1618/5403
f 1724/5404 1731/5405 1734/5406
f 1736/5407 1734/5408 1731/5409
f 1735/5410 1608/5411 1712/5412
f 1732/5413 1608/5414 1735/5415
f 1607/5416 1608/5417 1732/5418
f 1732/5419 1568/5420 1607/5421
f 1559/5422 1725/5423 1625/5424
f 1559/5425 1625/5426 1560/5427
f 1559/5428 1713/5429 1725/5430
f 1712/5431 1725/5432 1713/5433
f 1737/5434 168/5435 1626/5436
f 1550/5437 168/5438 1737/5439
f 1740/5440 1739/5441 1738/5442
f 1741/5443 1740/5444 1738/5445
f 1730/5446 1686/5447 1631/5448
f 238/5449 1419/5450 1441/5451
f 1516/5452 90/5453 1503/5454
f 1742/5455 1499/5456 90/5457
f 1499/5458 1742/5459 1274/5460
f 1516/5461 1742/5462 90/5463
f 99/5464 1742/5465 1566/5466
f 1274/5467 1742/5468 99/5469
f 1518/5470 1516/5471 1517/5472
f 1566/5473 1742/5474 1567/5475
f 221/5476 1567/5477 1200/5478
f 1635/5479 1743/5480 166/5481
f 166/5482 167/5483 1635/5484
f 1440/5485 1575/5486 1441/5487
f 1717/5488 1706/5489 884/5490
f 1707/5491 1706/5492 1620/5493
f 1629/5494 1622/5495 1716/5496
f 1622/5497 1629/5498 1627/5499
f 1744/5500 1745/5501 1685/5502
f 1566/5503 221/5504 129/5505
f 1635/5506 1745/5507 1743/5508
f 1743/5509 1746/5510 166/5511
f 166/5512 1746/5513 1626/5514
f 1518/5515 1487/5516 1420/5517
f 1575/5518 1737/5519 1626/5520
f 238/5521 1200/5522 1420/5523
f 1420/5524 1200/5525 1518/5526
f 222/5527 1200/5528 238/5529
f 1518/5530 1200/5531 1742/5532
f 1516/5533 1518/5534 1742/5535
f 1742/5536 1200/5537 1567/5538
f 1502/5539 1487/5540 1518/5541
f 85/5542 1525/5543 87/5544
f 1746/5545 1747/5546 1626/5547
f 1627/5548 1620/5549 1622/5550
f 1707/5551 1620/5552 1627/5553
f 160/5554 117/5555 1748/5556
f 1630/5557 1629/5558 1716/5559
f 1744/5560 1747/5561 1746/5562
f 1743/5563 1744/5564 1746/5565
f 1747/5566 1304/5567 1575/5568
f 1626/5569 1747/5570 1575/5571
f 1733/5572 1745/5573 1635/5574
f 231/5575 232/5576 1542/5577
f 1717/5578 1620/5579 1706/5580
f 1621/5581 1620/5582 1717/5583
f 1744/5584 1743/5585 1745/5586
f 1747/5587 1744/5588 1304/5589
f 1712/5590 1734/5591 1735/5592
f 1736/5593 1731/5594 1730/5595
f 1685/5596 1630/5597 1744/5598
f 128/5599 1304/5600 1716/5601
f 1744/5602 1630/5603 1716/5604
f 1304/5605 1744/5606 1716/5607
f 1686/5608 1628/5609 1629/5610
f 1686/5611 1629/5612 1631/5613
f 1733/5614 1736/5615 1685/5616
f 1685/5617 1745/5618 1733/5619
f 1736/5620 1730/5621 1631/5622
f 1685/5623 1736/5624 1631/5625
f 260/5626 1715/5627 1741/5628
f 161/5629 1748/5630 1538/5631
f 1529/5632 1519/5633 1527/5634
f 1751/5635 1750/5636 1749/5637
f 1752/5638 1751/5639 1749/5640
f 1500/5641 1509/5642 1515/5643
f 161/5644 160/5645 1748/5646
f 154/5647 1672/5648 1451/5649
f 1688/5650 1672/5651 154/5652
f 155/5653 154/5654 1451/5655
f 159/5656 1753/5657 1451/5658
f 143/5659 1754/5660 142/5661
f 3/5662 1/5663 1544/5664
f 1645/5665 1647/5666 1361/5667
f 1755/5668 1756/5669 1757/5670
f 1757/5671 161/5672 1538/5673
f 161/5674 1757/5675 1756/5676
f 233/5677 1506/5678 232/5679
f 1460/5680 1461/5681 1758/5682
f 117/5683 160/5684 159/5685
f 1759/5686 1542/5687 1509/5688
f 1760/5689 1761/5690 1753/5691
f 153/5692 155/5693 1761/5694
f 1753/5695 1761/5696 155/5697
f 1763/5698 1757/5699 1762/5700
f 1756/5701 1755/5702 1760/5703
f 1760/5704 1753/5705 1756/5706
f 159/5707 1756/5708 1753/5709
f 1765/5710 1464/5711 1764/5712
f 1723/5713 1509/5714 1766/5715
f 1515/5716 1509/5717 1723/5718
f 1309/5719 1579/5720 1578/5721
f 1756/5722 159/5723 161/5724
f 1757/5725 1763/5726 1755/5727
f 1540/5728 1755/5729 1763/5730
f 1519/5731 1514/5732 1527/5733
f 1715/5734 260/5735 259/5736
f 1757/5737 1538/5738 1762/5739
f 1767/5740 85/5741 1722/5742
f 1768/5743 1769/5744 1704/5745
f 710/5746 1770/5747 1748/5748
f 1748/5749 1770/5750 1538/5751
f 1704/5752 1540/5753 1763/5754
f 1704/5755 1763/5756 1771/5757
f 1754/5758 118/5759 1772/5760
f 143/5761 118/5762 1754/5763
f 1451/5764 200/5765 117/5766
f 1740/5767 1741/5768 1715/5769
f 1773/5770 1774/5771 1775/5772
f 119/5773 1711/5774 117/5775
f 117/5776 1711/5777 1748/5778
f 141/5779 142/5780 178/5781
f 178/5782 142/5783 177/5784
f 2/5785 1285/5786 1402/5787
f 1285/5788 2/5789 1435/5790
f 119/5791 118/5792 143/5793
f 1577/5794 1584/5795 1313/5796
f 1778/5797 1777/5798 1776/5799
f 1779/5800 1780/5801 1781/5802
f 1710/5803 1774/5804 1773/5805
f 143/5806 141/5807 1710/5808
f 1710/5809 119/5810 143/5811
f 1671/5812 1688/5813 1776/5814
f 1783/5815 1782/5816 548/5817
f 178/5818 1781/5819 141/5820
f 1540/5821 1506/5822 1755/5823
f 1714/5824 200/5825 1451/5826
f 963/5827 1784/5828 964/5829
f 985/5830 1383/5831 1561/5832
f 1215/5833 1383/5834 985/5835
f 1778/5836 1785/5837 1777/5838
f 1773/5839 710/5840 1748/5841
f 200/5842 1714/5843 1772/5844
f 200/5845 1772/5846 118/5847
f 1771/5848 1768/5849 1704/5850
f 1705/5851 1787/5852 1786/5853
f 1788/5854 1700/5855 227/5856
f 239/5857 1788/5858 227/5859
f 1779/5860 178/5861 179/5862
f 1789/5863 1790/5864 1772/5865
f 1754/5866 1772/5867 1790/5868
f 1777/5869 1671/5870 1776/5871
f 1492/5872 1526/5873 1771/5874
f 1791/5875 1792/5876 1671/5877
f 1671/5878 1777/5879 1791/5880
f 1793/5881 1791/5882 1777/5883
f 265/5884 263/5885 1794/5886
f 1789/5887 1671/5888 1792/5889
f 1792/5890 1532/5891 1789/5892
f 1795/5893 1796/5894 1797/5895
f 198/5896 1798/5897 1494/5898
f 1800/5899 1770/5900 1799/5901
f 1541/5902 1769/5903 1507/5904
f 1704/5905 1769/5906 1541/5907
f 1801/5908 522/5909 520/5910
f 1798/5911 1531/5912 1754/5913
f 1754/5914 1790/5915 1798/5916
f 1673/5917 1772/5918 1714/5919
f 1714/5920 1672/5921 1673/5922
f 1791/5923 1708/5924 1792/5925
f 1798/5926 1532/5927 1494/5928
f 1532/5929 1792/5930 1708/5931
f 1802/5932 1493/5933 1803/5934
f 1493/5935 1708/5936 1803/5937
f 1708/5938 1493/5939 1532/5940
f 1753/5941 155/5942 1451/5943
f 198/5944 1531/5945 1798/5946
f 1798/5947 1790/5948 1532/5949
f 1532/5950 1790/5951 1789/5952
f 1673/5953 1789/5954 1772/5955
f 1671/5956 1789/5957 1673/5958
f 1711/5959 1773/5960 1748/5961
f 1531/5962 142/5963 1754/5964
f 177/5965 142/5966 1531/5967
f 710/5968 709/5969 1799/5970
f 1710/5971 1773/5972 1711/5973
f 1785/5974 522/5975 1793/5976
f 1785/5977 1793/5978 1777/5979
f 1781/5980 1780/5981 1797/5982
f 1373/5983 1797/5984 1780/5985
f 1762/5986 1538/5987 1492/5988
f 1768/5989 1771/5990 1526/5991
f 1769/5992 1766/5993 1507/5994
f 1767/5995 1722/5996 1769/5997
f 1492/5998 1771/5999 1762/6000
f 1762/6001 1771/6002 1763/6003
f 1722/6004 85/6005 228/6006
f 1804/6007 1525/6008 1805/6009
f 85/6010 86/6011 228/6012
f 1770/6013 1800/6014 1490/6015
f 1770/6016 1490/6017 1538/6018
f 1723/6019 1769/6020 1722/6021
f 1766/6022 1769/6023 1723/6024
f 1807/6025 1806/6026 1804/6027
f 1492/6028 1491/6029 1526/6030
f 1768/6031 1767/6032 1769/6033
f 1579/6034 1808/6035 1588/6036
f 1530/6037 1515/6038 1723/6039
f 1723/6040 1613/6041 1530/6042
f 1529/6043 1530/6044 1613/6045
f 1809/6046 1525/6047 1804/6048
f 87/6049 1525/6050 1809/6051
f 229/6052 230/6053 1528/6054
f 1257/6055 1810/6056 1258/6057
f 1523/6058 329/6059 330/6060
f 1526/6061 1767/6062 1768/6063
f 1402/6064 1284/6065 1563/6066
f 328/6067 1641/6068 1362/6069
f 1362/6070 1641/6071 1651/6072
f 1448/6073 328/6074 1362/6075
f 1361/6076 1448/6077 1362/6078
f 1346/6079 1347/6080 1449/6081
f 722/6082 1641/6083 329/6084
f 1311/6085 1312/6086 1587/6087
f 329/6088 1641/6089 328/6090
f 1462/6091 1811/6092 1464/6093
f 1299/6094 193/6095 1812/6096
f 710/6097 1799/6098 1770/6099
f 710/6100 1773/6101 1775/6102
f 1774/6103 1811/6104 1775/6105
f 1598/6106 301/6107 303/6108
f 1524/6109 1523/6110 1548/6111
f 946/6112 953/6113 1276/6114
f 86/6115 230/6116 228/6117
f 1813/6118 206/6119 237/6120
f 1299/6121 1812/6122 1301/6123
f 329/6124 1523/6125 1321/6126
f 1321/6127 1323/6128 329/6129
f 1294/6130 1403/6131 1647/6132
f 1647/6133 1403/6134 1361/6135
f 1814/6136 1815/6137 1409/6138
f 1816/6139 1805/6140 1491/6141
f 1767/6142 1526/6143 85/6144
f 1805/6145 1816/6146 1807/6147
f 1807/6148 1804/6149 1805/6150
f 1374/6151 1817/6152 1375/6153
f 211/6154 1330/6155 1544/6156
f 1207/6157 1252/6158 1586/6159
f 1775/6160 711/6161 710/6162
f 162/6163 751/6164 1250/6165
f 1250/6166 1818/6167 162/6168
f 711/6169 1775/6170 1811/6171
f 1819/6172 1800/6173 1799/6174
f 1820/6175 205/6176 204/6177
f 1795/6178 1373/6179 1375/6180
f 1797/6181 1373/6182 1795/6183
f 1823/6184 1822/6185 1821/6186
f 1774/6187 1710/6188 141/6189
f 1774/6190 141/6191 1781/6192
f 1796/6193 1811/6194 1774/6195
f 1796/6196 1774/6197 1781/6198
f 1797/6199 1796/6200 1781/6201
f 1755/6202 1534/6203 1533/6204
f 1795/6205 1375/6206 1824/6207
f 212/6208 1825/6209 1826/6210
f 1827/6211 1828/6212 1817/6213
f 1336/6214 751/6215 1335/6216
f 162/6217 104/6218 751/6219
f 1831/6220 1830/6221 1829/6222
f 213/6223 173/6224 212/6225
f 381/6226 1030/6227 1421/6228
f 1813/6229 204/6230 206/6231
f 1447/6232 101/6233 205/6234
f 1457/6235 205/6236 1820/6237
f 1808/6238 1579/6239 1309/6240
f 1604/6241 1808/6242 1309/6243
f 1834/6244 1833/6245 1832/6246
f 1586/6247 1252/6248 1835/6249
f 1223/6250 1835/6251 1252/6252
f 953/6253 1505/6254 1276/6255
f 181/6256 1544/6257 1/6258
f 211/6259 1544/6260 181/6261
f 2/6262 3/6263 1467/6264
f 1495/6265 182/6266 180/6267
f 211/6268 182/6269 1330/6270
f 105/6271 1316/6272 1437/6273
f 1448/6274 1361/6275 1450/6276
f 1450/6277 1361/6278 1403/6279
f 1248/6280 1346/6281 1836/6282
f 1585/6283 1293/6284 106/6285
f 1836/6286 1346/6287 1450/6288
f 1585/6289 1837/6290 1293/6291
f 1450/6292 1403/6293 1837/6294
f 1293/6295 1837/6296 1403/6297
f 1450/6298 1837/6299 1585/6300
f 1448/6301 1449/6302 328/6303
f 328/6304 1449/6305 1605/6306
f 1594/6307 1327/6308 1326/6309
f 1512/6310 1513/6311 1548/6312
f 1512/6313 1548/6314 1838/6315
f 301/6316 1598/6317 1337/6318
f 1510/6319 1588/6320 1513/6321
f 1839/6322 1513/6323 1588/6324
f 1513/6325 1839/6326 1548/6327
f 303/6328 1580/6329 1598/6330
f 1588/6331 1808/6332 1839/6333
f 1838/6334 1840/6335 1512/6336
f 1835/6337 1223/6338 750/6339
f 1840/6340 1580/6341 1512/6342
f 330/6343 1347/6344 1599/6345
f 1449/6346 1347/6347 1605/6348
f 1599/6349 1347/6350 1337/6351
f 1341/6352 135/6353 1583/6354
f 1838/6355 1599/6356 1840/6357
f 330/6358 1599/6359 1838/6360
f 330/6361 1838/6362 1523/6363
f 1598/6364 1580/6365 1840/6366
f 1840/6367 1599/6368 1598/6369
f 1148/6370 1149/6371 302/6372
f 1843/6373 1842/6374 1841/6375
f 1580/6376 303/6377 1511/6378
f 1511/6379 303/6380 302/6381
f 1341/6382 1583/6383 1588/6384
f 1588/6385 1510/6386 1341/6387
f 992/6388 1263/6389 1312/6390
f 1263/6391 1207/6392 1312/6393
f 1587/6394 1312/6395 1207/6396
f 162/6397 1818/6398 1585/6399
f 1818/6400 1450/6401 1585/6402
f 1347/6403 1248/6404 1339/6405
f 1347/6406 1339/6407 1337/6408
f 1600/6409 1591/6410 1590/6411
f 1250/6412 1248/6413 1818/6414
f 1818/6415 1248/6416 1836/6417
f 1836/6418 1450/6419 1818/6420
f 1579/6421 1584/6422 1577/6423
f 1586/6424 1468/6425 1587/6426
f 1587/6427 1468/6428 1311/6429
f 1468/6430 1586/6431 1469/6432
f 1469/6433 1586/6434 1835/6435
f 1469/6436 1835/6437 1437/6438
f 1316/6439 1469/6440 1437/6441
f 1437/6442 1835/6443 750/6444
f 1256/6445 1390/6446 1382/6447
f 1382/6448 1682/6449 1256/6450
f 1422/6451 1467/6452 3/6453
f 1544/6454 1545/6455 3/6456
f 3/6457 1545/6458 1422/6459
f 1436/6460 1467/6461 749/6462
f 749/6463 1445/6464 1436/6465
f 1435/6466 1436/6467 1445/6468
f 1844/6469 1258/6470 1810/6471
f 1562/6472 1397/6473 1845/6474
f 1382/6475 1390/6476 1474/6477
f 1303/6478 1557/6479 1504/6480
f 1303/6481 1846/6482 1557/6483
f 1297/6484 1557/6485 1846/6486
f 1303/6487 1289/6488 1846/6489
f 1310/6490 1298/6491 1847/6492
f 1298/6493 1846/6494 1847/6495
f 1297/6496 1846/6497 1298/6498
f 1847/6499 1312/6500 1310/6501
f 1847/6502 992/6503 1312/6504
f 1253/6505 992/6506 1847/6507
f 1847/6508 1846/6509 1289/6510
f 1289/6511 1253/6512 1847/6513
f 236/6514 1545/6515 1388/6516
f 1386/6517 236/6518 1388/6519
f 1545/6520 236/6521 1422/6522
f 205/6523 1457/6524 1447/6525
f 1848/6526 963/6527 209/6528
f 204/6529 1849/6530 1820/6531
f 1850/6532 1851/6533 1852/6534
f 206/6535 205/6536 382/6537
f 101/6538 380/6539 205/6540
f 382/6541 205/6542 380/6543
f 1413/6544 1853/6545 1703/6546
f 1849/6547 1852/6548 1854/6549
f 1853/6550 546/6551 1855/6552
f 172/6553 1856/6554 173/6555
f 1851/6556 1825/6557 212/6558
f 212/6559 173/6560 1851/6561
f 224/6562 223/6563 1848/6564
f 1509/6565 1542/6566 1766/6567
f 1766/6568 1542/6569 1507/6570
f 173/6571 213/6572 163/6573
f 1535/6574 193/6575 1489/6576
f 1387/6577 1330/6578 1329/6579
f 1854/6580 1457/6581 1820/6582
f 1854/6583 1820/6584 1849/6585
f 1856/6586 172/6587 1854/6588
f 1854/6589 172/6590 1457/6591
f 1457/6592 172/6593 165/6594
f 1857/6595 1825/6596 1463/6597
f 1851/6598 1463/6599 1825/6600
f 1851/6601 173/6602 1856/6603
f 1852/6604 1851/6605 1856/6606
f 1852/6607 1856/6608 1854/6609
f 1506/6610 1534/6611 1755/6612
f 1817/6613 1828/6614 1858/6615
f 1461/6616 1859/6617 1758/6618
f 1860/6619 1329/6620 1528/6621
f 230/6622 1860/6623 1528/6624
f 1825/6625 1857/6626 1861/6627
f 1861/6628 1826/6629 1825/6630
f 214/6631 212/6632 1826/6633
f 1862/6634 1850/6635 1852/6636
f 1463/6637 1851/6638 1850/6639
f 1807/6640 1863/6641 1806/6642
f 1491/6643 1805/6644 1525/6645
f 1535/6646 1812/6647 193/6648
f 1759/6649 231/6650 1542/6651
f 1866/6652 1865/6653 1864/6654
f 1830/6655 1863/6656 1862/6657
f 1831/6658 1806/6659 1863/6660
f 711/6661 1867/6662 709/6663
f 1462/6664 1867/6665 711/6666
f 1301/6667 1812/6668 233/6669
f 233/6670 231/6671 170/6672
f 1850/6673 1862/6674 1868/6675
f 1868/6676 1862/6677 1863/6678
f 1849/6679 1862/6680 1852/6681
f 1759/6682 1509/6683 1508/6684
f 170/6685 231/6686 1759/6687
f 1816/6688 1491/6689 1490/6690
f 1490/6691 1800/6692 1816/6693
f 1806/6694 1866/6695 1804/6696
f 1809/6697 1866/6698 1864/6699
f 87/6700 1809/6701 1864/6702
f 1866/6703 1809/6704 1804/6705
f 1830/6706 1862/6707 1849/6708
f 1829/6709 1830/6710 1849/6711
f 1811/6712 1764/6713 1464/6714
f 1796/6715 1764/6716 1811/6717
f 230/6718 86/6719 1860/6720
f 1496/6721 1528/6722 1329/6723
f 1496/6724 1329/6725 182/6726
f 1329/6727 1860/6728 1387/6729
f 1387/6730 1860/6731 1864/6732
f 86/6733 87/6734 1864/6735
f 246/6736 1869/6737 248/6738
f 1829/6739 204/6740 1813/6741
f 204/6742 1829/6743 1849/6744
f 1868/6745 1870/6746 709/6747
f 1864/6748 1865/6749 1386/6750
f 1386/6751 1387/6752 1864/6753
f 1386/6754 1865/6755 237/6756
f 1829/6757 1813/6758 237/6759
f 1831/6760 1865/6761 1866/6762
f 1806/6763 1831/6764 1866/6765
f 237/6766 1831/6767 1829/6768
f 1522/6769 1759/6770 1508/6771
f 86/6772 1864/6773 1860/6774
f 171/6775 170/6776 1759/6777
f 171/6778 1759/6779 1522/6780
f 1872/6781 1844/6782 1871/6783
f 1301/6784 233/6785 1452/6786
f 153/6787 1533/6788 1688/6789
f 1819/6790 709/6791 1870/6792
f 1816/6793 1870/6794 1807/6795
f 1868/6796 1863/6797 1870/6798
f 1861/6799 1857/6800 1765/6801
f 1863/6802 1807/6803 1870/6804
f 1688/6805 1533/6806 1776/6807
f 1865/6808 1831/6809 237/6810
f 170/6811 1452/6812 233/6813
f 1831/6814 1863/6815 1830/6816
f 1819/6817 1870/6818 1816/6819
f 1819/6820 1816/6821 1800/6822
f 1533/6823 153/6824 1755/6825
f 1755/6826 153/6827 1761/6828
f 1761/6829 1760/6830 1755/6831
f 1782/6832 546/6833 548/6834
f 1873/6835 1535/6836 1534/6837
f 1812/6838 1535/6839 1873/6840
f 233/6841 1534/6842 1506/6843
f 1824/6844 1764/6845 1795/6846
f 1873/6847 233/6848 1812/6849
f 1534/6850 233/6851 1873/6852
f 1867/6853 1868/6854 709/6855
f 1868/6856 1867/6857 1850/6858
f 1850/6859 1867/6860 1462/6861
f 1462/6862 1463/6863 1850/6864
f 1535/6865 1489/6866 1458/6867
f 1824/6868 1874/6869 1765/6870
f 1464/6871 1857/6872 1463/6873
f 1795/6874 1764/6875 1796/6876
f 1824/6877 1765/6878 1764/6879
f 711/6880 1811/6881 1462/6882
f 1857/6883 1464/6884 1765/6885
f 1875/6886 1459/6887 1460/6888
f 1432/6889 1461/6890 1459/6891
f 1459/6892 1875/6893 1432/6894
f 964/6895 1784/6896 1876/6897
f 210/6898 1848/6899 209/6900
f 224/6901 1848/6902 210/6903
f 1197/6904 1877/6905 1814/6906
f 1778/6907 1776/6908 1785/6909
f 1535/6910 1776/6911 1533/6912
f 1458/6913 1878/6914 1535/6915
f 1535/6916 1878/6917 1776/6918
f 1432/6919 1875/6920 1433/6921
f 1460/6922 1878/6923 1875/6924
f 1875/6925 1878/6926 1458/6927
f 1433/6928 1875/6929 1458/6930
f 1432/6931 1859/6932 1461/6933
f 1784/6934 963/6935 1848/6936
f 1784/6937 1848/6938 1876/6939
f 1412/6940 187/6941 188/6942
f 965/6943 1682/6944 1382/6945
f 521/6946 522/6947 1879/6948
f 1418/6949 965/6950 1383/6951
f 1214/6952 1418/6953 1383/6954
f 1399/6955 209/6956 1418/6957
f 963/6958 1418/6959 209/6960
f 1880/6961 223/6962 214/6963
f 214/6964 1826/6965 1880/6966
f 1874/6967 1881/6968 1861/6969
f 1861/6970 1765/6971 1874/6972
f 1824/6973 1375/6974 1881/6975
f 1884/6976 1883/6977 1882/6978
f 1885/6979 1883/6980 1884/6981
f 1887/6982 1676/6983 1886/6984
f 1880/6985 1861/6986 1881/6987
f 1880/6988 1881/6989 186/6990
f 1861/6991 1880/6992 1826/6993
f 223/6994 186/6995 187/6996
f 1880/6997 186/6998 223/6999
f 1791/7000 1801/7001 1709/7002
f 1878/7003 1785/7004 1776/7005
f 1878/7006 1879/7007 1785/7008
f 1460/7009 1879/7010 1878/7011
f 1758/7012 1879/7013 1460/7014
f 1418/7015 1214/7016 1399/7017
f 547/7018 1853/7019 1888/7020
f 528/7021 1889/7022 529/7023
f 529/7024 1889/7025 1890/7026
f 1853/7027 1413/7028 188/7029
f 188/7030 1413/7031 1412/7032
f 1891/7033 1881/7034 1375/7035
f 1891/7036 186/7037 1881/7038
f 247/7039 1803/7040 1708/7041
f 246/7042 247/7043 1708/7044
f 186/7045 1891/7046 1892/7047
f 1893/7048 1783/7049 548/7050
f 1311/7051 1333/7052 1310/7053
f 1602/7054 1894/7055 1702/7056
f 1828/7057 1827/7058 1895/7059
f 1741/7060 262/7061 260/7062
f 262/7063 1741/7064 1738/7065
f 1892/7066 1891/7067 1896/7068
f 1897/7069 1894/7070 964/7071
f 547/7072 546/7073 1853/7074
f 548/7075 547/7076 1888/7077
f 1853/7078 188/7079 1892/7080
f 1892/7081 188/7082 186/7083
f 1411/7084 1848/7085 223/7086
f 1848/7087 1411/7088 1876/7089
f 1412/7090 1411/7091 187/7092
f 187/7093 1411/7094 223/7095
f 1876/7096 1411/7097 1701/7098
f 1898/7099 1899/7100 1900/7101
f 1703/7102 1701/7103 1413/7104
f 1876/7105 1701/7106 1897/7107
f 1876/7108 1897/7109 964/7110
f 1844/7111 1810/7112 1901/7113
f 1903/7114 1720/7115 1902/7116
f 762/7117 313/7118 315/7119
f 1371/7120 1372/7121 1174/7122
f 1901/7123 1871/7124 1844/7125
f 1901/7126 1357/7127 1871/7128
f 1498/7129 1871/7130 1357/7131
f 1504/7132 953/7133 1303/7134
f 1893/7135 1905/7136 1904/7137
f 1893/7138 1904/7139 1783/7140
f 1906/7141 1907/7142 1908/7143
f 1901/7144 1810/7145 1909/7146
f 1910/7147 1901/7148 1909/7149
f 1911/7150 1912/7151 1895/7152
f 1894/7153 1913/7154 1682/7155
f 1913/7156 1894/7157 1602/7158
f 1911/7159 1895/7160 1914/7161
f 1872/7162 1391/7163 1258/7164
f 1844/7165 1872/7166 1258/7167
f 1891/7168 1858/7169 1896/7170
f 1256/7171 1682/7172 1257/7173
f 1539/7174 1369/7175 324/7176
f 1214/7177 1383/7178 1215/7179
f 1371/7180 1174/7181 984/7182
f 985/7183 1371/7184 984/7185
f 1474/7186 1370/7187 1561/7188
f 1915/7189 1916/7190 1917/7191
f 953/7192 946/7193 955/7194
f 1918/7195 1907/7196 1906/7197
f 1909/7198 1257/7199 1919/7200
f 1257/7201 1909/7202 1810/7203
f 1174/7204 1372/7205 1539/7206
f 1539/7207 1173/7208 1174/7209
f 74/7210 1376/7211 1377/7212
f 1397/7213 1370/7214 1920/7215
f 1575/7216 1440/7217 1737/7218
f 1440/7219 1550/7220 1737/7221
f 1919/7222 1257/7223 1682/7224
f 1699/7225 1895/7226 1827/7227
f 1921/7228 1922/7229 323/7230
f 316/7231 195/7232 317/7233
f 1923/7234 1919/7235 1913/7236
f 1913/7237 1919/7238 1682/7239
f 316/7240 324/7241 1397/7242
f 1814/7243 1409/7244 1023/7245
f 998/7246 1409/7247 1000/7248
f 46/7249 998/7250 1000/7251
f 1085/7252 1167/7253 1924/7254
f 1925/7255 1926/7256 1927/7257
f 235/7258 234/7259 1916/7260
f 1916/7261 234/7262 1917/7263
f 234/7264 195/7265 1917/7266
f 1922/7267 235/7268 1916/7269
f 323/7270 1922/7271 1916/7272
f 317/7273 197/7274 1376/7275
f 197/7276 317/7277 195/7278
f 1781/7279 178/7280 1779/7281
f 189/7282 762/7283 315/7284
f 1011/7285 189/7286 315/7287
f 1929/7288 1928/7289 1921/7290
f 1930/7291 1928/7292 1929/7293
f 1930/7294 1177/7295 1378/7296
f 1930/7297 1378/7298 1928/7299
f 1378/7300 1931/7301 1928/7302
f 1931/7303 1378/7304 1380/7305
f 1932/7306 1197/7307 197/7308
f 197/7309 196/7310 1932/7311
f 1023/7312 1197/7313 1814/7314
f 1379/7315 1933/7316 1381/7317
f 1023/7318 1409/7319 998/7320
f 1922/7321 196/7322 235/7323
f 1197/7324 1932/7325 1877/7326
f 1877/7327 1934/7328 1935/7329
f 1932/7330 1934/7331 1877/7332
f 1932/7333 196/7334 1934/7335
f 1922/7336 1934/7337 196/7338
f 1935/7339 1380/7340 1381/7341
f 1814/7342 1877/7343 1936/7344
f 1936/7345 1815/7346 1814/7347
f 1931/7348 1934/7349 1922/7350
f 1922/7351 1921/7352 1931/7353
f 1931/7354 1921/7355 1928/7356
f 1935/7357 1934/7358 1380/7359
f 1380/7360 1934/7361 1931/7362
f 1937/7363 1938/7364 1939/7365
f 1539/7366 1372/7367 1369/7368
f 324/7369 318/7370 1389/7371
f 1376/7372 1389/7373 318/7374
f 1226/7375 308/7376 1939/7377
f 1562/7378 1940/7379 316/7380
f 316/7381 1940/7382 1917/7383
f 1917/7384 195/7385 316/7386
f 1916/7387 322/7388 323/7389
f 1915/7390 1941/7391 322/7392
f 322/7393 1916/7394 1915/7395
f 1360/7396 322/7397 1941/7398
f 324/7399 1369/7400 1397/7401
f 1944/7402 1943/7403 1942/7404
f 207/7405 1400/7406 327/7407
f 331/7408 335/7409 332/7410
f 1940/7411 1941/7412 1915/7413
f 1915/7414 1917/7415 1940/7416
f 1817/7417 1858/7418 1891/7419
f 1817/7420 1891/7421 1375/7422
f 1945/7423 1940/7424 1946/7425
f 1562/7426 1946/7427 1940/7428
f 327/7429 319/7430 207/7431
f 1941/7432 1940/7433 1945/7434
f 313/7435 762/7436 1249/7437
f 1249/7438 1250/7439 313/7440
f 1941/7441 1359/7442 1360/7443
f 286/7444 1246/7445 331/7446
f 1941/7447 1945/7448 1359/7449
f 1497/7450 1947/7451 1498/7452
f 1872/7453 1871/7454 1948/7455
f 1948/7456 1871/7457 1947/7458
f 1498/7459 1947/7460 1871/7461
f 1947/7462 1949/7463 1945/7464
f 1948/7465 1947/7466 1945/7467
f 1920/7468 1370/7469 1474/7470
f 1389/7471 1173/7472 1539/7473
f 1561/7474 1370/7475 1371/7476
f 1371/7477 985/7478 1561/7479
f 1397/7480 1920/7481 1845/7482
f 1390/7483 1920/7484 1474/7485
f 1948/7486 1845/7487 1872/7488
f 1948/7489 1946/7490 1845/7491
f 1845/7492 1946/7493 1562/7494
f 1920/7495 1390/7496 1391/7497
f 985/7498 983/7499 1215/7500
f 1872/7501 1845/7502 1920/7503
f 1872/7504 1920/7505 1391/7506
f 964/7507 1894/7508 1682/7509
f 1892/7510 1896/7511 1888/7512
f 1888/7513 1853/7514 1892/7515
f 1828/7516 1896/7517 1858/7518
f 1827/7519 1817/7520 1374/7521
f 1573/7522 1827/7523 1374/7524
f 1698/7525 1699/7526 1827/7527
f 1698/7528 1827/7529 1573/7530
f 1699/7531 1788/7532 1895/7533
f 1895/7534 1788/7535 1914/7536
f 1679/7537 500/7538 501/7539
f 500/7540 1679/7541 1678/7542
f 1950/7543 250/7544 251/7545
f 251/7546 1951/7547 1950/7548
f 1888/7549 1896/7550 548/7551
f 1953/7552 1914/7553 1952/7554
f 1896/7555 1828/7556 1912/7557
f 1954/7558 1782/7559 1783/7560
f 1955/7561 1910/7562 1909/7563
f 310/7564 1906/7565 311/7566
f 1918/7567 1906/7568 1955/7569
f 1909/7570 1918/7571 1955/7572
f 1904/7573 1954/7574 1783/7575
f 1956/7576 1905/7577 1914/7578
f 548/7579 1896/7580 1957/7581
f 1912/7582 1957/7583 1896/7584
f 1956/7585 1958/7586 1959/7587
f 1959/7588 1954/7589 1904/7590
f 1956/7591 1959/7592 1904/7593
f 1961/7594 273/7595 1960/7596
f 1893/7597 1911/7598 1905/7599
f 522/7600 1801/7601 1793/7602
f 1954/7603 1962/7604 1782/7605
f 1919/7606 1923/7607 1918/7608
f 1909/7609 1919/7610 1918/7611
f 1828/7612 1895/7613 1912/7614
f 1601/7615 1923/7616 1913/7617
f 1602/7618 1702/7619 1963/7620
f 1602/7621 1601/7622 1913/7623
f 1897/7624 1701/7625 1702/7626
f 1907/7627 1923/7628 1601/7629
f 1601/7630 1908/7631 1907/7632
f 1703/7633 1853/7634 1855/7635
f 1957/7636 1893/7637 548/7638
f 1573/7639 1373/7640 1780/7641
f 1964/7642 1965/7643 1966/7644
f 1918/7645 1923/7646 1907/7647
f 1702/7648 1894/7649 1897/7650
f 1703/7651 1855/7652 1740/7653
f 1957/7654 1912/7655 1911/7656
f 1911/7657 1914/7658 1905/7659
f 199/7660 1967/7661 179/7662
f 1956/7663 1914/7664 1953/7665
f 521/7666 1879/7667 80/7668
f 521/7669 80/7670 79/7671
f 1786/7672 1802/7673 1968/7674
f 1969/7675 1786/7676 1968/7677
f 1956/7678 1904/7679 1905/7680
f 1911/7681 1893/7682 1957/7683
f 1972/7684 1971/7685 1970/7686
f 1799/7687 709/7688 1819/7689
f 1881/7690 1874/7691 1824/7692
f 226/7693 225/7694 1695/7695
f 1697/7696 226/7697 1695/7698
f 1952/7699 239/7700 1951/7701
f 1950/7702 226/7703 1697/7704
f 227/7705 1700/7706 1973/7707
f 1700/7708 1788/7709 1699/7710
f 246/7711 1709/7712 1974/7713
f 1715/7714 1603/7715 1963/7716
f 1963/7717 1603/7718 1602/7719
f 1695/7720 225/7721 1691/7722
f 1952/7723 1788/7724 239/7725
f 1791/7726 1793/7727 1801/7728
f 1703/7729 1963/7730 1702/7731
f 1740/7732 1715/7733 1963/7734
f 1963/7735 1703/7736 1740/7737
f 1953/7738 1952/7739 1975/7740
f 239/7741 226/7742 1950/7743
f 239/7744 1950/7745 1951/7746
f 1700/7747 1976/7748 1973/7749
f 1698/7750 1976/7751 1700/7752
f 179/7753 1977/7754 1779/7755
f 199/7756 1786/7757 1967/7758
f 1969/7759 1691/7760 225/7761
f 1695/7762 1691/7763 1692/7764
f 1968/7765 1691/7766 1969/7767
f 1801/7768 1974/7769 1709/7770
f 1974/7771 1801/7772 520/7773
f 198/7774 1786/7775 199/7776
f 1967/7777 1786/7778 1787/7779
f 1786/7780 198/7781 1802/7782
f 1802/7783 198/7784 1493/7785
f 1573/7786 1978/7787 1698/7788
f 1977/7789 1978/7790 1779/7791
f 1780/7792 1779/7793 1978/7794
f 1780/7795 1978/7796 1573/7797
f 1787/7798 1979/7799 1967/7800
f 1976/7801 1698/7802 1978/7803
f 1977/7804 1979/7805 1978/7806
f 1697/7807 1696/7808 1980/7809
f 1697/7810 1980/7811 1981/7812
f 1859/7813 1879/7814 1758/7815
f 1693/7816 1691/7817 1968/7818
f 1982/7819 1983/7820 275/7821
f 1692/7822 1696/7823 1695/7824
f 1985/7825 285/7826 1984/7827
f 1987/7828 1986/7829 264/7830
f 1975/7831 1952/7832 1951/7833
f 1697/7834 1981/7835 1950/7836
f 1693/7837 248/7838 1794/7839
f 1693/7840 1968/7841 248/7842
f 1879/7843 1859/7844 1988/7845
f 179/7846 1967/7847 1979/7848
f 1979/7849 1977/7850 179/7851
f 1989/7852 265/7853 1869/7854
f 248/7855 1869/7856 1794/7857
f 225/7858 1705/7859 1969/7860
f 265/7861 1794/7862 1869/7863
f 1708/7864 1791/7865 1709/7866
f 227/7867 1973/7868 1705/7869
f 1787/7870 1705/7871 1973/7872
f 1803/7873 247/7874 248/7875
f 248/7876 1968/7877 1803/7878
f 1969/7879 1705/7880 1786/7881
f 1879/7882 522/7883 1785/7884
f 1990/7885 246/7886 1974/7887
f 1990/7888 1869/7889 246/7890
f 1869/7891 1990/7892 1989/7893
f 1968/7894 1802/7895 1803/7896
f 1992/7897 251/7898 1991/7899
f 1960/7900 273/7901 274/7902
f 1993/7903 1960/7904 274/7905
f 1677/7906 1885/7907 350/7908
f 1994/7909 1975/7910 251/7911
f 1975/7912 1951/7913 251/7914
f 1914/7915 1788/7916 1952/7917
f 1432/7918 1995/7919 1859/7920
f 1988/7921 80/7922 1879/7923
f 1982/7924 242/7925 1996/7926
f 1997/7927 1998/7928 256/7929
f 1985/7930 240/7931 241/7932
f 285/7933 1985/7934 284/7935
f 1976/7936 1978/7937 1979/7938
f 1973/7939 1976/7940 1979/7941
f 1950/7942 1981/7943 250/7944
f 1787/7945 1973/7946 1979/7947
f 1999/7948 2000/7949 278/7950
f 1987/7951 2001/7952 2002/7953
f 2000/7954 1999/7955 2003/7956
f 1983/7957 2004/7958 275/7959
f 275/7960 2004/7961 277/7962
f 2005/7963 1998/7964 2006/7965
f 1794/7966 263/7967 1693/7968
f 282/7969 255/7970 254/7971
f 1993/7972 274/7973 349/7974
f 2007/7975 2008/7976 1980/7977
f 1980/7978 2008/7979 1981/7980
f 2008/7981 250/7982 1981/7983
f 250/7984 2008/7985 2009/7986
f 2009/7987 249/7988 250/7989
f 240/7990 2008/7991 2007/7992
f 2009/7993 2008/7994 240/7995
f 1984/7996 240/7997 1985/7998
f 1983/7999 1996/8000 1986/8001
f 1953/8002 1958/8003 1956/8004
f 2010/8005 2011/8006 1739/8007
f 1961/8008 1884/8009 18/8010
f 1995/8011 78/8012 80/8013
f 1988/8014 1995/8015 80/8016
f 1988/8017 1859/8018 1995/8019
f 79/8020 78/8021 2012/8022
f 1980/8023 2013/8024 2007/8025
f 2013/8026 1696/8027 1692/8028
f 1696/8029 2013/8030 1980/8031
f 263/8032 1692/8033 1693/8034
f 1996/8035 2007/8036 2013/8037
f 1986/8038 1996/8039 2013/8040
f 1987/8041 264/8042 2014/8043
f 2014/8044 2001/8045 1987/8046
f 1987/8047 1983/8048 1986/8049
f 2004/8050 1983/8051 1987/8052
f 1989/8053 2001/8054 2014/8055
f 2014/8056 264/8057 265/8058
f 265/8059 1989/8060 2014/8061
f 1989/8062 2015/8063 2001/8064
f 256/8065 1998/8066 2005/8067
f 2015/8068 2002/8069 2001/8070
f 1987/8071 2002/8072 2004/8073
f 2002/8074 277/8075 2004/8076
f 264/8077 1986/8078 2013/8079
f 2016/8080 2017/8081 277/8082
f 2015/8083 277/8084 2002/8085
f 2016/8086 277/8087 2015/8088
f 263/8089 264/8090 2013/8091
f 1692/8092 263/8093 2013/8094
f 884/8095 1619/8096 1718/8097
f 2018/8098 2019/8099 348/8100
f 2007/8101 1996/8102 240/8103
f 240/8104 1996/8105 242/8106
f 1982/8107 1996/8108 1983/8109
f 2003/8110 1992/8111 2000/8112
f 1991/8113 251/8114 249/8115
f 2020/8116 2005/8117 2006/8118
f 2021/8119 257/8120 275/8121
f 275/8122 257/8123 1982/8124
f 256/8125 257/8126 2021/8127
f 1985/8128 241/8129 2022/8130
f 276/8131 2017/8132 1997/8133
f 1997/8134 256/8135 276/8136
f 1961/8137 1960/8138 1884/8139
f 502/8140 2011/8141 1721/8142
f 2023/8143 2024/8144 1821/8145
f 2021/8146 275/8147 276/8148
f 2017/8149 276/8150 277/8151
f 276/8152 256/8153 2021/8154
f 242/8155 258/8156 241/8157
f 241/8158 258/8159 2022/8160
f 2020/8161 2022/8162 258/8163
f 2025/8164 2000/8165 1991/8166
f 2000/8167 2025/8168 285/8169
f 256/8170 2005/8171 258/8172
f 2020/8173 258/8174 2005/8175
f 258/8176 242/8177 257/8178
f 1982/8179 257/8180 242/8181
f 350/8182 1885/8183 347/8184
f 251/8185 1992/8186 1994/8187
f 2019/8188 2026/8189 350/8190
f 2019/8191 1999/8192 2026/8193
f 285/8194 2025/8195 1984/8196
f 1984/8197 2027/8198 2009/8199
f 1984/8200 2009/8201 240/8202
f 249/8203 2009/8204 2027/8205
f 2025/8206 2027/8207 1984/8208
f 1991/8209 2027/8210 2025/8211
f 249/8212 2027/8213 1991/8214
f 2030/8215 2029/8216 2028/8217
f 2032/8218 2031/8219 1609/8220
f 2017/8221 2016/8222 1997/8223
f 79/8224 253/8225 2016/8226
f 2015/8227 79/8228 2016/8229
f 79/8230 2015/8231 521/8232
f 2012/8233 253/8234 79/8235
f 2015/8236 1990/8237 521/8238
f 1990/8239 520/8240 521/8241
f 1990/8242 1974/8243 520/8244
f 1432/8245 253/8246 1995/8247
f 2033/8248 253/8249 2012/8250
f 78/8251 2033/8252 2012/8253
f 1995/8254 253/8255 2033/8256
f 78/8257 1995/8258 2033/8259
f 1989/8260 1990/8261 2015/8262
f 1997/8263 2006/8264 1998/8265
f 2019/8266 350/8267 348/8268
f 2016/8269 253/8270 1997/8271
f 2003/8272 2019/8273 2018/8274
f 278/8275 2026/8276 1999/8277
f 1677/8278 2026/8279 278/8280
f 1738/8281 1739/8282 2034/8283
f 158/8284 1679/8285 501/8286
f 350/8287 2026/8288 1677/8289
f 1677/8290 1676/8291 1883/8292
f 1885/8293 1677/8294 1883/8295
f 255/8296 282/8297 283/8298
f 1999/8299 2019/8300 2003/8301
f 1882/8302 16/8303 1884/8304
f 1884/8305 16/8306 18/8307
f 2035/8308 2036/8309 1908/8310
f 1908/8311 2036/8312 1906/8313
f 2038/8314 1727/8315 2037/8316
f 1882/8317 1676/8318 1887/8319
f 349/8320 2040/8321 2039/8322
f 281/8323 1886/8324 1676/8325
f 2041/8326 2042/8327 2043/8328
f 255/8329 283/8330 570/8331
f 1882/8332 565/8333 16/8334
f 279/8335 570/8336 283/8337
f 280/8338 279/8339 283/8340
f 2000/8341 285/8342 278/8343
f 254/8344 1886/8345 281/8346
f 565/8347 1882/8348 1887/8349
f 569/8350 279/8351 284/8352
f 558/8353 2044/8354 1821/8355
f 2020/8356 2006/8357 2047/8358
f 2047/8359 2022/8360 2020/8361
f 569/8362 2048/8363 570/8364
f 2047/8365 2048/8366 2022/8367
f 255/8368 727/8369 253/8370
f 285/8371 279/8372 278/8373
f 2048/8374 569/8375 2022/8376
f 2022/8377 569/8378 284/8379
f 1985/8380 2022/8381 284/8382
f 570/8383 2048/8384 727/8385
f 727/8386 2048/8387 2047/8388
f 2006/8389 727/8390 2047/8391
f 2044/8392 157/8393 1902/8394
f 1883/8395 1676/8396 1882/8397
f 2049/8398 2050/8399 2051/8400
f 278/8401 280/8402 1677/8403
f 2053/8404 2052/8405 1944/8406
f 1677/8407 280/8408 281/8409
f 261/8410 262/8411 1738/8412
f 1039/8413 1038/8414 1229/8415
f 375/8416 362/8417 2054/8418
f 347/8419 1993/8420 349/8421
f 1605/8422 330/8423 328/8424
f 2056/8425 2055/8426 1726/8427
f 1721/8428 1720/8429 1903/8430
f 1679/8431 158/8432 1727/8433
f 261/8434 500/8435 1678/8436
f 2057/8437 1953/8438 1975/8439
f 1603/8440 259/8441 1601/8442
f 595/8443 1720/8444 1719/8445
f 2044/8446 1823/8447 1821/8448
f 2058/8449 2024/8450 1972/8451
f 595/8452 2040/8453 349/8454
f 2011/8455 500/8456 2034/8457
f 2034/8458 1739/8459 2011/8460
f 500/8461 2011/8462 502/8463
f 2018/8464 2059/8465 2003/8466
f 158/8467 501/8468 157/8469
f 2039/8470 2060/8471 349/8472
f 2018/8473 348/8474 2060/8475
f 349/8476 2060/8477 348/8478
f 1960/8479 1993/8480 347/8481
f 1884/8482 1960/8483 347/8484
f 1885/8485 1884/8486 347/8487
f 273/8488 1822/8489 1823/8490
f 273/8491 1823/8492 272/8493
f 1991/8494 2000/8495 1992/8496
f 1821/8497 1822/8498 2023/8499
f 2063/8500 2062/8501 2061/8502
f 500/8503 261/8504 2034/8505
f 2034/8506 261/8507 1738/8508
f 1994/8509 2057/8510 1975/8511
f 2037/8512 2064/8513 2058/8514
f 2065/8515 18/8516 17/8517
f 1680/8518 259/8519 261/8520
f 1678/8521 1680/8522 261/8523
f 2064/8524 2037/8525 156/8526
f 2065/8527 2066/8528 1961/8529
f 18/8530 2065/8531 1961/8532
f 2056/8533 1726/8534 1727/8535
f 2068/8536 2067/8537 1750/8538
f 1966/8539 2038/8540 1964/8541
f 502/8542 157/8543 501/8544
f 502/8545 1903/8546 157/8547
f 1902/8548 1823/8549 2044/8550
f 2052/8551 1610/8552 1609/8553
f 1609/8554 1944/8555 2052/8556
f 1961/8557 2066/8558 1822/8559
f 1822/8560 273/8561 1961/8562
f 2069/8563 2070/8564 2071/8565
f 2068/8566 1750/8567 2071/8568
f 2058/8569 2038/8570 2037/8571
f 1727/8572 158/8573 2037/8574
f 156/8575 2037/8576 158/8577
f 2038/8578 2058/8579 2072/8580
f 773/8581 2073/8582 740/8583
f 1972/8584 2024/8585 2023/8586
f 1971/8587 2075/8588 2074/8589
f 2024/8590 2058/8591 2064/8592
f 2064/8593 557/8594 2024/8595
f 1679/8596 1726/8597 1681/8598
f 2061/8599 2077/8600 2076/8601
f 1727/8602 2038/8603 1966/8604
f 558/8605 1821/8606 2024/8607
f 1906/8608 310/8609 1955/8610
f 2044/8611 156/8612 157/8613
f 156/8614 557/8615 2064/8616
f 558/8617 2024/8618 557/8619
f 2072/8620 1972/8621 1970/8622
f 2058/8623 1972/8624 2072/8625
f 2023/8626 1822/8627 2066/8628
f 1609/8629 1611/8630 2032/8631
f 2078/8632 1719/8633 1721/8634
f 1721/8635 2011/8636 2078/8637
f 1886/8638 254/8639 1887/8640
f 1838/8641 1548/8642 1523/8643
f 156/8644 2044/8645 558/8646
f 1601/8647 2035/8648 1908/8649
f 2035/8650 1601/8651 259/8652
f 1680/8653 2035/8654 259/8655
f 1906/8656 2036/8657 311/8658
f 1726/8659 2055/8660 1681/8661
f 1823/8662 1720/8663 272/8664
f 1681/8665 2035/8666 1680/8667
f 2032/8668 1611/8669 2079/8670
f 2082/8671 2081/8672 2080/8673
f 2055/8674 2079/8675 1611/8676
f 2010/8677 1739/8678 2083/8679
f 1740/8680 2083/8681 1739/8682
f 1823/8683 1902/8684 1720/8685
f 1902/8686 157/8687 1903/8688
f 2078/8689 2011/8690 2010/8691
f 2084/8692 1955/8693 310/8694
f 2084/8695 310/8696 2053/8697
f 1903/8698 502/8699 1721/8700
f 2055/8701 2056/8702 2079/8703
f 1994/8704 1992/8705 2059/8706
f 1992/8707 2003/8708 2059/8709
f 2059/8710 2085/8711 2057/8712
f 2085/8713 2018/8714 2060/8715
f 2018/8716 2085/8717 2059/8718
f 1611/8719 1610/8720 2055/8721
f 2086/8722 2083/8723 2039/8724
f 2086/8725 2039/8726 2040/8727
f 2040/8728 595/8729 1719/8730
f 2079/8731 2056/8732 2032/8733
f 2078/8734 2010/8735 1719/8736
f 2086/8737 2010/8738 2083/8739
f 1719/8740 2010/8741 2086/8742
f 1719/8743 2086/8744 2040/8745
f 2059/8746 2057/8747 1994/8748
f 2057/8749 1958/8750 1953/8751
f 1958/8752 2057/8753 2085/8754
f 2085/8755 1959/8756 1958/8757
f 565/8758 2087/8759 17/8760
f 1962/8761 1959/8762 2085/8763
f 1245/8764 1135/8765 1134/8766
f 1343/8767 335/8768 331/8769
f 2063/8770 2061/8771 2088/8772
f 2063/8773 2088/8774 2089/8775
f 1701/8776 1411/8777 1413/8778
f 2091/8779 2068/8780 2090/8781
f 332/8782 336/8783 2063/8784
f 2061/8785 2069/8786 2088/8787
f 1246/8788 286/8789 549/8790
f 1363/8791 287/8792 1749/8793
f 529/8794 1890/8795 335/8796
f 1342/8797 1246/8798 2092/8799
f 690/8800 1342/8801 2092/8802
f 1354/8803 1900/8804 1355/8805
f 1727/8806 1966/8807 2056/8808
f 529/8809 1342/8810 690/8811
f 1749/8812 2067/8813 1363/8814
f 1750/8815 2067/8816 1749/8817
f 2077/8818 2031/8819 2093/8820
f 2096/8821 2095/8822 2094/8823
f 287/8824 1363/8825 291/8826
f 1360/8827 432/8828 321/8829
f 1360/8830 321/8831 322/8832
f 530/8833 432/8834 1360/8835
f 530/8836 1360/8837 528/8838
f 530/8839 690/8840 553/8841
f 1210/8842 120/8843 1220/8844
f 2067/8845 764/8846 1363/8847
f 2097/8848 1163/8849 2098/8850
f 290/8851 1163/8852 2097/8853
f 1939/8854 1938/8855 1226/8856
f 2098/8857 2099/8858 2097/8859
f 2097/8860 2099/8861 2092/8862
f 1172/8863 120/8864 1210/8865
f 1246/8866 290/8867 2097/8868
f 1246/8869 2097/8870 2092/8871
f 763/8872 2095/8873 2100/8874
f 431/8875 2099/8876 1937/8877
f 1939/8878 2101/8879 2102/8880
f 1939/8881 2102/8882 1937/8883
f 2103/8884 1244/8885 1225/8886
f 2103/8887 2100/8888 1244/8889
f 2100/8890 1243/8891 1244/8892
f 1938/8893 2103/8894 1225/8895
f 2089/8896 1752/8897 288/8898
f 323/8899 433/8900 1921/8901
f 433/8902 323/8903 321/8904
f 2104/8905 2105/8906 2106/8907
f 2105/8908 2104/8909 1483/8910
f 708/8911 1072/8912 1118/8913
f 308/8914 2101/8915 1939/8916
f 2100/8917 2095/8918 2096/8919
f 2095/8920 764/8921 2067/8922
f 2094/8923 2095/8924 2067/8925
f 1163/8926 2103/8927 1938/8928
f 2098/8929 1163/8930 1938/8931
f 690/8932 2092/8933 553/8934
f 1161/8935 300/8936 299/8937
f 2107/8938 1965/8939 1964/8940
f 2089/8941 332/8942 2063/8943
f 2108/8944 2104/8945 2106/8946
f 2089/8947 288/8948 332/8949
f 1163/8950 2109/8951 2103/8952
f 553/8953 2092/8954 2099/8955
f 432/8956 433/8957 321/8958
f 308/8959 1226/8960 1227/8961
f 1244/8962 1245/8963 2110/8964
f 1083/8965 1069/8966 367/8967
f 2101/8968 1175/8969 1930/8970
f 1930/8971 1929/8972 2101/8973
f 1930/8974 1175/8975 1177/8976
f 2110/8977 1225/8978 1244/8979
f 2098/8980 1937/8981 2099/8982
f 433/8983 2102/8984 1929/8985
f 1929/8986 1921/8987 433/8988
f 2111/8989 1227/8990 1225/8991
f 1225/8992 2110/8993 2111/8994
f 1227/8995 2111/8996 307/8997
f 2106/8998 309/8999 307/9000
f 2101/9001 308/9002 1175/9003
f 2101/9004 1929/9005 2102/9006
f 431/9007 553/9008 2099/9009
f 431/9010 2102/9011 433/9012
f 1937/9013 2102/9014 431/9015
f 2112/9016 2113/9017 1120/9018
f 2114/9019 1120/9020 2113/9021
f 1227/9022 307/9023 308/9024
f 1226/9025 1938/9026 1225/9027
f 2115/9028 2116/9029 2117/9030
f 289/9031 763/9032 2109/9033
f 289/9034 2109/9035 1163/9036
f 2095/9037 763/9038 764/9039
f 2109/9040 2100/9041 2103/9042
f 2098/9043 1938/9044 1937/9045
f 21/9046 2118/9047 635/9048
f 2119/9049 824/9050 826/9051
f 2032/9052 1966/9053 1965/9054
f 2056/9055 1966/9056 2032/9057
f 2076/9058 2074/9059 2120/9060
f 1971/9061 2087/9062 2075/9063
f 2087/9064 1971/9065 1972/9066
f 336/9067 1899/9068 1898/9069
f 1942/9070 2062/9071 1898/9072
f 1898/9073 2062/9074 2063/9075
f 1751/9076 2069/9077 2071/9078
f 2088/9079 2069/9080 1751/9081
f 288/9082 1752/9083 287/9084
f 287/9085 1752/9086 1749/9087
f 1148/9088 302/9089 333/9090
f 741/9091 773/9092 740/9093
f 310/9094 312/9095 2053/9096
f 1898/9097 1900/9098 1354/9099
f 1942/9100 1898/9101 1354/9102
f 1900/9103 1497/9104 1355/9105
f 1354/9106 2121/9107 1942/9108
f 1609/9109 2031/9110 1943/9111
f 2088/9112 1752/9113 2089/9114
f 2122/9115 2074/9116 2107/9117
f 529/9118 335/9119 1343/9120
f 1343/9121 1342/9122 529/9123
f 1751/9124 2071/9125 1750/9126
f 1751/9127 1752/9128 2088/9129
f 2023/9130 2087/9131 1972/9132
f 2120/9133 2091/9134 2090/9135
f 2120/9136 2090/9137 2076/9138
f 2063/9139 336/9140 1898/9141
f 2123/9142 1900/9143 1899/9144
f 2083/9145 2060/9146 2039/9147
f 2083/9148 1962/9149 2085/9150
f 2085/9151 2060/9152 2083/9153
f 1955/9154 2084/9155 1910/9156
f 1356/9157 1910/9158 2084/9159
f 1899/9160 1890/9161 2123/9162
f 2123/9163 1890/9164 1889/9165
f 2123/9166 1949/9167 1497/9168
f 1497/9169 1949/9170 1947/9171
f 1359/9172 1949/9173 528/9174
f 1949/9175 1359/9176 1945/9177
f 2123/9178 1889/9179 528/9180
f 528/9181 1949/9182 2123/9183
f 762/9184 1339/9185 1249/9186
f 2123/9187 1497/9188 1900/9189
f 335/9190 1899/9191 336/9192
f 1890/9193 1899/9194 335/9195
f 1946/9196 1948/9197 1945/9198
f 1910/9199 1356/9200 1357/9201
f 1357/9202 1901/9203 1910/9204
f 2124/9205 2036/9206 2035/9207
f 2035/9208 1681/9209 2124/9210
f 311/9211 2036/9212 2124/9213
f 2121/9214 1944/9215 1942/9216
f 2084/9217 2053/9218 1356/9219
f 2068/9220 2091/9221 2075/9222
f 1944/9223 1609/9224 1943/9225
f 1959/9226 1962/9227 1954/9228
f 1354/9229 1356/9230 2121/9231
f 2055/9232 2124/9233 1681/9234
f 1356/9235 2053/9236 1944/9237
f 1944/9238 2121/9239 1356/9240
f 1855/9241 1962/9242 1740/9243
f 2038/9244 2122/9245 1964/9246
f 2053/9247 312/9248 2052/9249
f 2083/9250 1740/9251 1962/9252
f 1855/9253 1782/9254 1962/9255
f 546/9256 1782/9257 1855/9258
f 272/9259 595/9260 274/9261
f 1720/9262 595/9263 272/9264
f 2052/9265 312/9266 1610/9267
f 1610/9268 312/9269 2055/9270
f 2055/9271 312/9272 311/9273
f 2055/9274 311/9275 2124/9276
f 2070/9277 2069/9278 2076/9279
f 2070/9280 2076/9281 2090/9282
f 2069/9283 2061/9284 2076/9285
f 2074/9286 2076/9287 2093/9288
f 2093/9289 2031/9290 2107/9291
f 2031/9292 1965/9293 2107/9294
f 2032/9295 1965/9296 2031/9297
f 1970/9298 1971/9299 2074/9300
f 2122/9301 1970/9302 2074/9303
f 2093/9304 2107/9305 2074/9306
f 2090/9307 2071/9308 2070/9309
f 2090/9310 2068/9311 2071/9312
f 723/9313 2125/9314 1104/9315
f 2127/9316 1486/9317 2126/9318
f 17/9319 2087/9320 2065/9321
f 2066/9322 2087/9323 2023/9324
f 2076/9325 2077/9326 2093/9327
f 2066/9328 2065/9329 2087/9330
f 2075/9331 2091/9332 2120/9333
f 2120/9334 2074/9335 2075/9336
f 1964/9337 2122/9338 2107/9339
f 2068/9340 2075/9341 2087/9342
f 2067/9343 2068/9344 2087/9345
f 2122/9346 2038/9347 2072/9348
f 2122/9349 2072/9350 1970/9351
f 2077/9352 1942/9353 1943/9354
f 2061/9355 2062/9356 2077/9357
f 1942/9358 2077/9359 2062/9360
f 2031/9361 2077/9362 1943/9363
f 2110/9364 1245/9365 2128/9366
f 2129/9367 2104/9368 2108/9369
f 341/9370 293/9371 370/9372
f 2130/9373 2131/9374 2132/9375
f 2132/9376 2133/9377 2130/9378
f 2130/9379 1134/9380 2134/9381
f 293/9382 341/9383 372/9384
f 2135/9385 2136/9386 1483/9387
f 1129/9388 434/9389 2137/9390
f 745/9391 2138/9392 743/9393
f 1134/9394 2130/9395 2139/9396
f 1134/9397 2139/9398 2128/9399
f 1245/9400 1134/9401 2128/9402
f 2110/9403 2108/9404 2111/9405
f 2108/9406 2110/9407 2128/9408
f 2139/9409 2108/9410 2128/9411
f 2106/9412 307/9413 2111/9414
f 2106/9415 2111/9416 2108/9417
f 2129/9418 2108/9419 2139/9420
f 2142/9421 2141/9422 2140/9423
f 2129/9424 2135/9425 1483/9426
f 2129/9427 1483/9428 2104/9429
f 2143/9430 357/9431 358/9432
f 2146/9433 2145/9434 2144/9435
f 2133/9436 2129/9437 2139/9438
f 2147/9439 14/9440 2148/9441
f 683/9442 422/9443 2149/9444
f 2150/9445 1072/9446 2151/9447
f 1833/9448 1834/9449 2152/9450
f 2154/9451 2153/9452 2136/9453
f 2155/9454 2154/9455 2136/9456
f 2139/9457 2130/9458 2133/9459
f 1483/9460 2136/9461 2153/9462
f 2156/9463 1070/9464 2157/9465
f 2155/9466 2158/9467 2154/9468
f 2130/9469 2134/9470 2131/9471
f 2137/9472 2159/9473 1129/9474
f 1121/9475 1122/9476 1159/9477
f 2135/9478 2129/9479 2133/9480
f 1082/9481 1115/9482 1130/9483
f 2135/9484 2160/9485 2155/9486
f 2155/9487 2136/9488 2135/9489
f 2155/9490 2160/9491 2161/9492
f 2158/9493 2155/9494 2161/9495
f 2164/9496 2163/9497 2162/9498
f 2165/9499 2163/9500 2164/9501
f 2133/9502 2132/9503 2135/9504
f 2132/9505 2157/9506 2160/9507
f 2132/9508 2160/9509 2135/9510
f 630/9511 2166/9512 2167/9513
f 2167/9514 2166/9515 2168/9516
f 2156/9517 2157/9518 2169/9519
f 2170/9520 2156/9521 2131/9522
f 2131/9523 2134/9524 2170/9525
f 2131/9526 2156/9527 2169/9528
f 2131/9529 2169/9530 2132/9531
f 2172/9532 2171/9533 724/9534
f 2162/9535 1129/9536 2173/9537
f 397/9538 1129/9539 2162/9540
f 2174/9541 2154/9542 2158/9543
f 2173/9544 2175/9545 2164/9546
f 2164/9547 2162/9548 2173/9549
f 14/9550 2177/9551 2176/9552
f 875/9553 2178/9554 1109/9555
f 2173/9556 2179/9557 2175/9558
f 1444/9559 27/9560 2179/9561
f 1444/9562 2179/9563 2180/9564
f 2171/9565 723/9566 724/9567
f 1444/9568 31/9569 27/9570
f 339/9571 337/9572 407/9573
f 2177/9574 14/9575 2147/9576
f 352/9577 2181/9578 353/9579
f 2182/9580 2161/9581 398/9582
f 2164/9583 356/9584 2165/9585
f 1442/9586 356/9587 2164/9588
f 357/9589 2143/9590 2183/9591
f 357/9592 2183/9593 2165/9594
f 2159/9595 2173/9596 1129/9597
f 2182/9598 398/9599 2184/9600
f 366/9601 364/9602 2185/9603
f 2161/9604 2182/9605 2158/9606
f 2186/9607 2158/9608 2182/9609
f 2184/9610 2186/9611 2182/9612
f 397/9613 2162/9614 2163/9615
f 2163/9616 2184/9617 398/9618
f 2184/9619 2163/9620 2165/9621
f 2165/9622 356/9623 357/9624
f 2187/9625 362/9626 375/9627
f 398/9628 397/9629 2163/9630
f 2188/9631 2178/9632 875/9633
f 2189/9634 2178/9635 2188/9636
f 2157/9637 2161/9638 2160/9639
f 398/9640 2161/9641 396/9642
f 346/9643 2190/9644 292/9645
f 2157/9646 1070/9647 396/9648
f 396/9649 2161/9650 2157/9651
f 1158/9652 1081/9653 2191/9654
f 2191/9655 1081/9656 2192/9657
f 830/9658 831/9659 2193/9660
f 434/9661 1070/9662 2194/9663
f 2156/9664 2195/9665 1070/9666
f 2195/9667 2194/9668 1070/9669
f 1100/9670 366/9671 2196/9672
f 2170/9673 2195/9674 2156/9675
f 360/9676 2197/9677 2198/9678
f 360/9679 2198/9680 342/9681
f 2194/9682 2137/9683 434/9684
f 1081/9685 2199/9686 2192/9687
f 2195/9688 2137/9689 2194/9690
f 1443/9691 1444/9692 2180/9693
f 1429/9694 1428/9695 352/9696
f 2202/9697 2201/9698 2200/9699
f 661/9700 2203/9701 423/9702
f 2185/9703 2204/9704 2205/9705
f 604/9706 2207/9707 2206/9708
f 2030/9709 2204/9710 2185/9711
f 351/9712 32/9713 355/9714
f 354/9715 2208/9716 355/9717
f 293/9718 2209/9719 359/9720
f 2208/9721 354/9722 2204/9723
f 25/9724 342/9725 26/9726
f 683/9727 19/9728 2210/9729
f 2211/9730 354/9731 32/9732
f 2211/9733 32/9734 31/9735
f 31/9736 1443/9737 2211/9738
f 2211/9739 1100/9740 2196/9741
f 1443/9742 1100/9743 2211/9744
f 2159/9745 2137/9746 1443/9747
f 354/9748 2196/9749 366/9750
f 354/9751 2205/9752 2204/9753
f 366/9754 2205/9755 354/9756
f 2195/9757 1100/9758 1443/9759
f 1443/9760 2137/9761 2195/9762
f 355/9763 2208/9764 351/9765
f 921/9766 2201/9767 2202/9768
f 922/9769 2201/9770 921/9771
f 366/9772 2185/9773 2205/9774
f 2212/9775 1273/9776 2213/9777
f 2211/9778 2196/9779 354/9780
f 1100/9781 2195/9782 2170/9783
f 2216/9784 2215/9785 2214/9786
f 2217/9787 2216/9788 2214/9789
f 2218/9790 2217/9791 2214/9792
f 2170/9793 365/9794 1100/9795
f 292/9796 338/9797 339/9798
f 451/9799 453/9800 622/9801
f 342/9802 2198/9803 26/9804
f 1429/9805 352/9806 351/9807
f 1442/9808 2164/9809 2175/9810
f 441/9811 2203/9812 661/9813
f 439/9814 441/9815 661/9816
f 293/9817 359/9818 370/9819
f 919/9820 352/9821 1428/9822
f 919/9823 1428/9824 922/9825
f 2140/9826 2200/9827 2201/9828
f 1479/9829 346/9830 2202/9831
f 361/9832 2219/9833 2220/9834
f 2201/9835 922/9836 1429/9837
f 352/9838 919/9839 340/9840
f 2221/9841 2222/9842 2223/9843
f 294/9844 372/9845 2224/9846
f 293/9847 372/9848 294/9849
f 2226/9850 2225/9851 406/9852
f 920/9853 371/9854 919/9855
f 371/9856 340/9857 919/9858
f 372/9859 341/9860 340/9861
f 342/9862 25/9863 340/9864
f 747/9865 420/9866 676/9867
f 363/9868 2227/9869 337/9870
f 32/9871 353/9872 27/9873
f 2220/9874 2219/9875 2228/9876
f 27/9877 353/9878 25/9879
f 2181/9880 25/9881 353/9882
f 2230/9883 2229/9884 2189/9885
f 2232/9886 2231/9887 725/9888
f 1104/9889 2232/9890 725/9891
f 352/9892 340/9893 2181/9894
f 25/9895 2181/9896 340/9897
f 2197/9898 2175/9899 2198/9900
f 2175/9901 2179/9902 2198/9903
f 26/9904 2198/9905 2179/9906
f 1442/9907 2175/9908 2197/9909
f 2186/9910 2184/9911 2183/9912
f 2183/9913 2152/9914 2186/9915
f 2186/9916 2152/9917 1834/9918
f 2152/9919 2233/9920 1833/9921
f 2197/9922 360/9923 1092/9924
f 2180/9925 2179/9926 2173/9927
f 2173/9928 2159/9929 2180/9930
f 2180/9931 2159/9932 1443/9933
f 2218/9934 2214/9935 2030/9936
f 2184/9937 2165/9938 2183/9939
f 2143/9940 2152/9941 2183/9942
f 378/9943 1032/9944 1031/9945
f 377/9946 378/9947 1031/9948
f 2200/9949 1479/9950 2202/9951
f 2178/9952 2229/9953 1109/9954
f 1101/9955 1102/9956 2226/9957
f 2152/9958 2189/9959 2188/9960
f 2152/9961 2143/9962 2189/9963
f 2234/9964 1092/9965 15/9966
f 405/9967 2235/9968 2236/9969
f 2237/9970 875/9971 876/9972
f 2188/9973 875/9974 2237/9975
f 2238/9976 1833/9977 1482/9978
f 2233/9979 2188/9980 2237/9981
f 2188/9982 2233/9983 2152/9984
f 2241/9985 2240/9986 2239/9987
f 2242/9988 2241/9989 2239/9990
f 2230/9991 2189/9992 2143/9993
f 358/9994 2230/9995 2143/9996
f 594/9997 2243/9998 2151/9999
f 2151/10000 593/10001 594/10002
f 930/10003 1033/10004 877/10005
f 2230/10006 358/10007 2234/10008
f 358/10009 1092/10010 2234/10011
f 2197/10012 1092/10013 358/10014
f 2197/10015 358/10016 1442/10017
f 2176/10018 2230/10019 2234/10020
f 2229/10021 2230/10022 2176/10023
f 2176/10024 2177/10025 2229/10026
f 2148/10027 14/10028 13/10029
f 2229/10030 2177/10031 1109/10032
f 2029/10033 2244/10034 2028/10035
f 2244/10036 2029/10037 2245/10038
f 15/10039 14/10040 2176/10041
f 15/10042 2176/10043 2234/10044
f 2246/10045 15/10046 359/10047
f 2209/10048 2246/10049 359/10050
f 407/10051 405/10052 2236/10053
f 2246/10054 13/10055 15/10056
f 2235/10057 13/10058 2246/10059
f 2209/10060 2235/10061 2246/10062
f 2148/10063 13/10064 2235/10065
f 2235/10066 405/10067 2148/10068
f 293/10069 2236/10070 2209/10071
f 339/10072 293/10073 292/10074
f 339/10075 2236/10076 293/10077
f 407/10078 2236/10079 339/10080
f 2209/10081 2236/10082 2235/10083
f 2247/10084 2240/10085 297/10086
f 2231/10087 2232/10088 2248/10089
f 2249/10090 2172/10091 724/10092
f 724/10093 725/10094 2249/10095
f 2177/10096 2147/10097 1109/10098
f 377/10099 2241/10100 2242/10101
f 2147/10102 2148/10103 2250/10104
f 378/10105 376/10106 2251/10107
f 1101/10108 2251/10109 376/10110
f 406/10111 1101/10112 2226/10113
f 2252/10114 2250/10115 2253/10116
f 2147/10117 2250/10118 2252/10119
f 1033/10120 2242/10121 1477/10122
f 2239/10123 1477/10124 2242/10125
f 1053/10126 1065/10127 1062/10128
f 928/10129 929/10130 1094/10131
f 1102/10132 2253/10133 2250/10134
f 2254/10135 2226/10136 1102/10137
f 2225/10138 405/10139 406/10140
f 2254/10141 2225/10142 2226/10143
f 1085/10144 1924/10145 1087/10146
f 2250/10147 2225/10148 2254/10149
f 2254/10150 1102/10151 2250/10152
f 405/10153 2225/10154 2250/10155
f 2250/10156 2148/10157 405/10158
f 1035/10159 2255/10160 2248/10161
f 43/10162 2255/10163 1035/10164
f 2256/10165 2249/10166 2231/10167
f 2227/10168 363/10169 2187/10170
f 2252/10171 931/10172 1109/10173
f 2256/10174 2251/10175 1101/10176
f 2256/10177 1101/10178 2257/10179
f 371/10180 2224/10181 372/10182
f 2242/10183 2258/10184 377/10185
f 346/10186 920/10187 921/10188
f 2257/10189 1101/10190 406/10191
f 2251/10192 2259/10193 2260/10194
f 2256/10195 2259/10196 2251/10197
f 2258/10198 2253/10199 1102/10200
f 376/10201 2258/10202 1102/10203
f 2259/10204 2248/10205 2260/10206
f 43/10207 44/10208 2255/10209
f 2248/10210 2255/10211 2260/10212
f 376/10213 377/10214 2258/10215
f 1032/10216 2255/10217 44/10218
f 2260/10219 2255/10220 1032/10221
f 2252/10222 1109/10223 2147/10224
f 931/10225 2252/10226 2253/10227
f 1033/10228 930/10229 2258/10230
f 2258/10231 930/10232 931/10233
f 2258/10234 931/10235 2253/10236
f 1073/10237 1057/10238 1031/10239
f 2240/10240 2241/10241 297/10242
f 1057/10243 297/10244 2241/10245
f 1057/10246 2241/10247 1031/10248
f 1031/10249 2241/10250 377/10251
f 1067/10252 1073/10253 1031/10254
f 1477/10255 2262/10256 2261/10257
f 1073/10258 1066/10259 36/10260
f 1033/10261 75/10262 877/10263
f 2258/10264 2242/10265 1033/10266
f 1409/10267 1049/10268 999/10269
f 1087/10270 305/10271 306/10272
f 1409/10273 1815/10274 1049/10275
f 42/10276 1050/10277 1202/10278
f 1098/10279 1087/10280 1099/10281
f 1087/10282 306/10283 1086/10284
f 1481/10285 1480/10286 1074/10287
f 1482/10288 2233/10289 1480/10290
f 1482/10291 1833/10292 2233/10293
f 2263/10294 1049/10295 1815/10296
f 1049/10297 2263/10298 304/10299
f 1381/10300 1191/10301 2264/10302
f 1935/10303 1381/10304 2264/10305
f 1191/10306 306/10307 2265/10308
f 2264/10309 1191/10310 2265/10311
f 1936/10312 2265/10313 2263/10314
f 2263/10315 2265/10316 306/10317
f 304/10318 305/10319 1048/10320
f 1048/10321 305/10322 1103/10323
f 1103/10324 1044/10325 1048/10326
f 2263/10327 1815/10328 1936/10329
f 2263/10330 306/10331 304/10332
f 1936/10333 2264/10334 2265/10335
f 1877/10336 2264/10337 1936/10338
f 1935/10339 2264/10340 1877/10341
f 1192/10342 1168/10343 1086/10344
f 306/10345 1192/10346 1086/10347
f 1085/10348 1168/10349 1167/10350
f 1086/10351 1168/10352 1085/10353
f 2153/10354 1159/10355 1483/10356
f 2105/10357 309/10358 2106/10359
f 1176/10360 2114/10361 2113/10362
f 1176/10363 2113/10364 1379/10365
f 1381/10366 1933/10367 2112/10368
f 2112/10369 1191/10370 1381/10371
f 1933/10372 2113/10373 2112/10374
f 1379/10375 2113/10376 1933/10377
f 308/10378 309/10379 1175/10380
f 1166/10381 1188/10382 1186/10383
f 1166/10384 1168/10385 1192/10386
f 1188/10387 1166/10388 1120/10389
f 1120/10390 1166/10391 2112/10392
f 1379/10393 1177/10394 1176/10395
f 1379/10396 1378/10397 1177/10398
f 1175/10399 309/10400 1176/10401
f 309/10402 2114/10403 1176/10404
f 2105/10405 2114/10406 309/10407
f 1481/10408 2266/10409 1186/10410
f 1160/10411 1122/10412 2114/10413
f 2114/10414 1122/10415 1120/10416
f 2105/10417 1160/10418 2114/10419
f 1483/10420 1160/10421 2105/10422
f 2112/10423 1166/10424 1192/10425
f 1192/10426 1191/10427 2112/10428
f 1120/10429 1187/10430 1188/10431
f 1121/10432 1187/10433 1120/10434
f 2268/10435 2267/10436 1187/10437
f 1121/10438 2268/10439 1187/10440
f 2269/10441 1159/10442 2153/10443
f 2269/10444 2268/10445 1159/10446
f 1121/10447 1159/10448 2268/10449
f 2186/10450 1834/10451 1832/10452
f 2174/10453 2158/10454 2186/10455
f 1833/10456 2238/10457 1832/10458
f 1477/10459 2261/10460 1034/10461
f 367/10462 1193/10463 1088/10464
f 1088/10465 979/10466 367/10467
f 1482/10468 2270/10469 2238/10470
f 2240/10471 2247/10472 2262/10473
f 876/10474 1074/10475 2237/10476
f 2267/10477 1481/10478 1186/10479
f 2267/10480 1186/10481 1187/10482
f 75/10483 1074/10484 876/10485
f 1167/10486 2266/10487 1924/10488
f 1186/10489 2266/10490 1167/10491
f 77/10492 2266/10493 1481/10494
f 1480/10495 2237/10496 1074/10497
f 2233/10498 2237/10499 1480/10500
f 2154/10501 2174/10502 2153/10503
f 2271/10504 2153/10505 2174/10506
f 2153/10507 2271/10508 2269/10509
f 2271/10510 1832/10511 2238/10512
f 2271/10513 2174/10514 1832/10515
f 1832/10516 2174/10517 2186/10518
f 593/10519 2151/10520 1072/10521
f 2269/10522 2271/10523 2238/10524
f 295/10525 2272/10526 2262/10527
f 1005/10528 2272/10529 295/10530
f 2240/10531 2262/10532 1477/10533
f 1477/10534 2239/10535 2240/10536
f 76/10537 1034/10538 2261/10539
f 295/10540 2247/10541 297/10542
f 2262/10543 2247/10544 295/10545
f 2268/10546 2269/10547 2270/10548
f 2238/10549 2270/10550 2269/10551
f 1481/10552 2270/10553 1482/10554
f 2267/10555 2270/10556 1481/10557
f 2268/10558 2270/10559 2267/10560
f 1074/10561 77/10562 1481/10563
f 77/10564 2273/10565 1924/10566
f 2266/10567 77/10568 1924/10569
f 1047/10570 2272/10571 1005/10572
f 2272/10573 1047/10574 1099/10575
f 2273/10576 1087/10577 1924/10578
f 2273/10579 1099/10580 1087/10581
f 1099/10582 2273/10583 2272/10584
f 76/10585 2261/10586 2273/10587
f 2273/10588 77/10589 76/10590
f 2261/10591 2262/10592 2272/10593
f 2261/10594 2272/10595 2273/10596
f 2231/10597 2259/10598 2256/10599
f 2259/10600 2231/10601 2248/10602
f 337/10603 2227/10604 406/10605
f 351/10606 353/10607 32/10608
f 2257/10609 2249/10610 2256/10611
f 2232/10612 1035/10613 2248/10614
f 2229/10615 2178/10616 2189/10617
f 2257/10618 2172/10619 2249/10620
f 2151/10621 2274/10622 2150/10623
f 2243/10624 2125/10625 2151/10626
f 2125/10627 723/10628 2275/10629
f 2232/10630 2243/10631 1035/10632
f 2274/10633 2275/10634 2276/10635
f 2125/10636 2275/10637 2274/10638
f 1072/10639 1119/10640 1118/10641
f 2126/10642 1486/10643 1485/10644
f 1035/10645 2243/10646 594/10647
f 1429/10648 2277/10649 2140/10650
f 2171/10651 2278/10652 2275/10653
f 2275/10654 723/10655 2171/10656
f 2232/10657 1104/10658 2243/10659
f 2125/10660 2243/10661 1104/10662
f 2231/10663 2249/10664 725/10665
f 2171/10666 2172/10667 2187/10668
f 2187/10669 375/10670 2171/10671
f 2279/10672 2172/10673 2257/10674
f 2257/10675 406/10676 2279/10677
f 2227/10678 2279/10679 406/10680
f 2279/10681 2227/10682 2187/10683
f 2222/10684 2280/10685 2223/10686
f 2280/10687 2222/10688 2281/10689
f 2223/10690 1131/10691 1117/10692
f 2278/10693 2276/10694 2275/10695
f 363/10696 362/10697 2187/10698
f 744/10699 374/10700 373/10701
f 2282/10702 744/10703 373/10704
f 2283/10705 337/10706 338/10707
f 337/10708 2283/10709 361/10710
f 2171/10711 375/10712 374/10713
f 2171/10714 374/10715 2278/10716
f 2187/10717 2172/10718 2279/10719
f 2142/10720 2028/10721 2141/10722
f 2141/10723 2028/10724 2244/10725
f 2284/10726 2285/10727 2138/10728
f 2138/10729 745/10730 2284/10731
f 337/10732 361/10733 363/10734
f 373/10735 2054/10736 2282/10737
f 2251/10738 2260/10739 1032/10740
f 2224/10741 920/10742 294/10743
f 2277/10744 2208/10745 2142/10746
f 375/10747 2054/10748 373/10749
f 2277/10750 351/10751 2208/10752
f 2286/10753 2054/10754 362/10755
f 362/10756 361/10757 2286/10758
f 2204/10759 2142/10760 2208/10761
f 2140/10762 2277/10763 2142/10764
f 1429/10765 351/10766 2277/10767
f 26/10768 2179/10769 27/10770
f 2030/10771 2028/10772 2204/10773
f 2204/10774 2028/10775 2142/10776
f 2289/10777 2288/10778 2287/10779
f 635/10780 19/10781 21/10782
f 920/10783 2224/10784 371/10785
f 2145/10786 2286/10787 2144/10788
f 2220/10789 2228/10790 2290/10791
f 2282/10792 2145/10793 2146/10794
f 421/10795 815/10796 2291/10797
f 462/10798 524/10799 463/10800
f 361/10801 2144/10802 2286/10803
f 338/10804 292/10805 2190/10806
f 2220/10807 2290/10808 2144/10809
f 361/10810 2220/10811 2144/10812
f 2141/10813 2244/10814 2292/10815
f 2141/10816 2292/10817 2293/10818
f 2294/10819 2144/10820 2290/10821
f 2295/10822 2284/10823 745/10824
f 2295/10825 2296/10826 2297/10827
f 745/10828 2296/10829 2295/10830
f 2298/10831 2285/10832 2284/10833
f 2284/10834 2299/10835 2298/10836
f 2300/10837 715/10838 717/10839
f 2138/10840 2285/10841 743/10842
f 338/10843 2190/10844 2283/10845
f 758/10846 2302/10847 2301/10848
f 2295/10849 2299/10850 2284/10851
f 2169/10852 2157/10853 2132/10854
f 2221/10855 2303/10856 2276/10857
f 1478/10858 2304/10859 2190/10860
f 346/10861 1478/10862 2190/10863
f 2285/10864 2305/10865 743/10866
f 2305/10867 2306/10868 743/10869
f 2307/10870 1272/10871 1241/10872
f 1241/10873 1272/10874 1242/10875
f 1130/10876 1116/10877 1144/10878
f 2309/10879 2307/10880 2308/10881
f 2280/10882 1081/10883 1131/10884
f 2223/10885 2280/10886 1131/10887
f 2310/10888 2311/10889 2312/10890
f 2306/10891 715/10892 2281/10893
f 753/10894 2192/10895 2313/10896
f 2313/10897 1147/10898 753/10899
f 1115/10900 1116/10901 1130/10902
f 1147/10903 2313/10904 1925/10905
f 2306/10906 744/10907 743/10908
f 2305/10909 716/10910 2306/10911
f 2313/10912 2300/10913 1926/10914
f 1925/10915 2313/10916 1926/10917
f 1131/10918 1081/10919 1080/10920
f 2274/10921 2151/10922 2125/10923
f 2314/10924 718/10925 716/10926
f 2314/10927 716/10928 2315/10929
f 2150/10930 2303/10931 1119/10932
f 2150/10933 1119/10934 1072/10935
f 2199/10936 2316/10937 2192/10938
f 2192/10939 2316/10940 2313/10941
f 715/10942 2199/10943 2281/10944
f 2199/10945 715/10946 2316/10947
f 2306/10948 716/10949 715/10950
f 2316/10951 715/10952 2300/10953
f 2316/10954 2300/10955 2313/10956
f 1080/10957 1115/10958 1117/10959
f 717/10960 1926/10961 2300/10962
f 1112/10963 914/10964 915/10965
f 1158/10966 753/10967 737/10968
f 1079/10969 1158/10970 737/10971
f 1158/10972 2191/10973 2192/10974
f 753/10975 1158/10976 2192/10977
f 2281/10978 2276/10979 374/10980
f 374/10981 2276/10982 2278/10983
f 2306/10984 2281/10985 374/10986
f 374/10987 744/10988 2306/10989
f 1112/10990 915/10991 1111/10992
f 716/10993 2305/10994 2315/10995
f 2315/10996 2305/10997 2317/10998
f 2280/10999 2281/11000 2199/11001
f 2199/11002 1081/11003 2280/11004
f 2221/11005 2281/11006 2222/11007
f 2221/11008 1119/11009 2303/11010
f 2221/11011 2276/11012 2281/11013
f 2303/11014 2150/11015 2274/11016
f 2276/11017 2303/11018 2274/11019
f 2223/11020 1117/11021 1119/11022
f 1119/11023 2221/11024 2223/11025
f 744/11026 2282/11027 2318/11028
f 2282/11029 2146/11030 2318/11031
f 2144/11032 2294/11033 2146/11034
f 2294/11035 2319/11036 2318/11037
f 2146/11038 2294/11039 2318/11040
f 2290/11041 2320/11042 2294/11043
f 2318/11044 2321/11045 744/11046
f 427/11047 2322/11048 860/11049
f 2323/11050 2324/11051 2325/11052
f 2326/11053 2327/11054 2328/11055
f 2329/11056 2330/11057 2331/11058
f 2333/11059 2332/11060 2193/11061
f 346/11062 921/11063 2202/11064
f 407/11065 337/11066 406/11067
f 2283/11068 2304/11069 2219/11070
f 361/11071 2283/11072 2219/11073
f 2334/11074 2335/11075 418/11076
f 2321/11077 2296/11078 744/11079
f 745/11080 744/11081 2296/11082
f 2337/11083 820/11084 2336/11085
f 1032/11086 378/11087 2251/11088
f 2190/11089 2304/11090 2283/11091
f 2338/11092 2292/11093 2245/11094
f 2339/11095 1107/11096 2340/11097
f 2340/11098 1107/11099 1106/11100
f 747/11101 677/11102 2341/11103
f 421/11104 671/11105 678/11106
f 678/11107 676/11108 421/11109
f 2244/11110 2245/11111 2292/11112
f 2320/11113 2193/11114 2332/11115
f 2332/11116 2294/11117 2320/11118
f 2320/11119 2342/11120 2193/11121
f 2342/11122 2304/11123 1478/11124
f 2228/11125 2304/11126 2342/11127
f 2304/11128 2228/11129 2219/11130
f 2340/11131 2343/11132 2344/11133
f 2118/11134 2345/11135 635/11136
f 1479/11137 830/11138 1478/11139
f 830/11140 1479/11141 2346/11142
f 2346/11143 1479/11144 2200/11145
f 1478/11146 830/11147 2342/11148
f 2342/11149 830/11150 2193/11151
f 2328/11152 2327/11153 2347/11154
f 2348/11155 417/11156 416/11157
f 2203/11158 1105/11159 1107/11160
f 2324/11161 2349/11162 2325/11163
f 2350/11164 2351/11165 2352/11166
f 2318/11167 2319/11168 2321/11169
f 2330/11170 419/11171 420/11172
f 2353/11173 2354/11174 2355/11175
f 2356/11176 2354/11177 2353/11178
f 2357/11179 2358/11180 20/11181
f 2359/11182 2297/11183 2296/11184
f 2362/11185 2361/11186 2360/11187
f 2126/11188 2363/11189 2127/11190
f 939/11191 937/11192 756/11193
f 2364/11194 2365/11195 2366/11196
f 2297/11197 2368/11198 2367/11199
f 2365/11200 2368/11201 2297/11202
f 2365/11203 2364/11204 2368/11205
f 463/11206 457/11207 458/11208
f 861/11209 2340/11210 2344/11211
f 2344/11212 437/11213 861/11214
f 2369/11215 2336/11216 820/11217
f 2357/11218 2371/11219 2370/11220
f 2358/11221 2357/11222 2370/11223
f 831/11224 832/11225 2328/11226
f 2328/11227 832/11228 2326/11229
f 2372/11230 2326/11231 832/11232
f 940/11233 636/11234 440/11235
f 1429/11236 2140/11237 2201/11238
f 2336/11239 20/11240 2358/11241
f 2336/11242 2369/11243 20/11244
f 2344/11245 435/11246 437/11247
f 425/11248 2373/11249 2322/11250
f 2358/11251 2334/11252 2337/11253
f 2358/11254 2337/11255 2336/11256
f 19/11257 682/11258 1108/11259
f 2335/11260 2358/11261 2370/11262
f 2334/11263 2358/11264 2335/11265
f 2214/11266 2029/11267 2030/11268
f 672/11269 671/11270 421/11271
f 21/11272 20/11273 2369/11274
f 2341/11275 2335/11276 2370/11277
f 423/11278 2203/11279 927/11280
f 2374/11281 365/11282 2207/11283
f 2293/11284 2372/11285 830/11286
f 830/11287 2346/11288 2293/11289
f 2375/11290 635/11291 2345/11292
f 2291/11293 815/11294 909/11295
f 2369/11296 2127/11297 2118/11298
f 2376/11299 2375/11300 2345/11301
f 2376/11302 2345/11303 2118/11304
f 2369/11305 2118/11306 21/11307
f 2366/11308 2365/11309 2369/11310
f 820/11311 2366/11312 2369/11313
f 2210/11314 424/11315 683/11316
f 683/11317 424/11318 422/11319
f 2379/11320 2378/11321 2377/11322
f 2375/11323 2376/11324 2363/11325
f 2127/11326 2376/11327 2118/11328
f 2363/11329 2376/11330 2127/11331
f 2054/11332 2286/11333 2145/11334
f 2145/11335 2282/11336 2054/11337
f 2347/11338 831/11339 2328/11340
f 677/11341 2335/11342 2341/11343
f 401/11344 2380/11345 425/11346
f 2380/11347 401/11348 2381/11349
f 2319/11350 2332/11351 2321/11352
f 2294/11353 2332/11354 2319/11355
f 832/11356 830/11357 2372/11358
f 2140/11359 2141/11360 2200/11361
f 2228/11362 2342/11363 2290/11364
f 2200/11365 2141/11366 2346/11367
f 2346/11368 2141/11369 2293/11370
f 2290/11371 2342/11372 2320/11373
f 2329/11374 815/11375 419/11376
f 2329/11377 419/11378 2330/11379
f 2341/11380 2370/11381 2371/11382
f 678/11383 671/11384 2382/11385
f 2371/11386 2331/11387 2330/11388
f 2293/11389 2292/11390 2383/11391
f 2338/11392 2383/11393 2292/11394
f 2383/11395 2372/11396 2293/11397
f 425/11398 2322/11399 427/11400
f 463/11401 524/11402 457/11403
f 1108/11404 2357/11405 20/11406
f 2324/11407 2323/11408 2359/11409
f 1485/11410 2363/11411 2126/11412
f 1485/11413 733/11414 2375/11415
f 2363/11416 1485/11417 2375/11418
f 2371/11419 2330/11420 2341/11421
f 747/11422 2341/11423 2330/11424
f 747/11425 2330/11426 420/11427
f 732/11428 733/11429 2327/11430
f 2327/11431 733/11432 1484/11433
f 2385/11434 2368/11435 2384/11436
f 2386/11437 732/11438 2327/11439
f 439/11440 940/11441 440/11442
f 2388/11443 2347/11444 2387/11445
f 2389/11446 2388/11447 2387/11448
f 2325/11449 2389/11450 1486/11451
f 1486/11452 2389/11453 2387/11454
f 2323/11455 2325/11456 1486/11457
f 2325/11458 2349/11459 2389/11460
f 2349/11461 2333/11462 2389/11463
f 2333/11464 2388/11465 2389/11466
f 2390/11467 2388/11468 2333/11469
f 2193/11470 2390/11471 2333/11472
f 2321/11473 2332/11474 2349/11475
f 2324/11476 2321/11477 2349/11478
f 2296/11479 2321/11480 2324/11481
f 2383/11482 2338/11483 2386/11484
f 2214/11485 2338/11486 2245/11487
f 2390/11488 831/11489 2388/11490
f 831/11491 2347/11492 2388/11493
f 2383/11494 2386/11495 2326/11496
f 2372/11497 2383/11498 2326/11499
f 2390/11500 2193/11501 831/11502
f 2349/11503 2332/11504 2333/11505
f 2327/11506 2326/11507 2386/11508
f 1484/11509 2347/11510 2327/11511
f 2387/11512 2347/11513 1484/11514
f 2387/11515 1484/11516 1486/11517
f 2393/11518 2392/11519 2391/11520
f 2127/11521 2359/11522 2323/11523
f 2127/11524 2323/11525 1486/11526
f 2324/11527 2359/11528 2296/11529
f 815/11530 2394/11531 2380/11532
f 815/11533 2380/11534 2381/11535
f 682/11536 683/11537 2149/11538
f 1107/11539 2395/11540 2203/11541
f 2203/11542 2395/11543 927/11544
f 2392/11545 2393/11546 1105/11547
f 2357/11548 1108/11549 2331/11550
f 2331/11551 2371/11552 2357/11553
f 661/11554 423/11555 424/11556
f 453/11557 675/11558 403/11559
f 420/11560 421/11561 676/11562
f 2394/11563 425/11564 2380/11565
f 2373/11566 425/11567 2394/11568
f 2398/11569 2397/11570 2396/11571
f 806/11572 464/11573 2399/11574
f 409/11575 422/11576 927/11577
f 410/11578 409/11579 927/11580
f 672/11581 421/11582 2291/11583
f 909/11584 674/11585 673/11586
f 673/11587 672/11588 2291/11589
f 2291/11590 909/11591 673/11592
f 2400/11593 678/11594 2382/11595
f 671/11596 834/11597 2382/11598
f 661/11599 634/11600 439/11601
f 806/11602 834/11603 673/11604
f 673/11605 674/11606 806/11607
f 673/11608 834/11609 671/11610
f 2401/11611 2382/11612 835/11613
f 2400/11614 2382/11615 2401/11616
f 834/11617 835/11618 2382/11619
f 453/11620 404/11621 426/11622
f 847/11623 846/11624 2402/11625
f 917/11626 806/11627 674/11628
f 806/11629 917/11630 462/11631
f 861/11632 410/11633 2403/11634
f 427/11635 860/11636 622/11637
f 2343/11638 435/11639 2344/11640
f 425/11641 426/11642 404/11643
f 2404/11644 2405/11645 2406/11646
f 2405/11647 2408/11648 2407/11649
f 2210/11650 634/11651 424/11652
f 2377/11653 2350/11654 2409/11655
f 2350/11656 2377/11657 2351/11658
f 2410/11659 525/11660 526/11661
f 2410/11662 526/11663 2411/11664
f 401/11665 402/11666 2381/11667
f 2395/11668 1107/11669 2403/11670
f 2403/11671 1107/11672 2339/11673
f 622/11674 426/11675 427/11676
f 2412/11677 2288/11678 2289/11679
f 523/11680 524/11681 462/11682
f 523/11683 462/11684 917/11685
f 523/11686 453/11687 452/11688
f 402/11689 909/11690 2381/11691
f 2381/11692 909/11693 815/11694
f 2415/11695 2414/11696 2413/11697
f 651/11698 645/11699 2416/11700
f 2419/11701 2418/11702 2417/11703
f 2417/11704 2418/11705 2420/11706
f 2421/11707 486/11708 487/11709
f 2422/11710 2423/11711 2424/11712
f 2397/11713 2425/11714 2396/11715
f 2426/11716 2427/11717 2428/11718
f 2428/11719 2429/11720 2426/11721
f 647/11722 2431/11723 2430/11724
f 2432/11725 2433/11726 2434/11727
f 2322/11728 2373/11729 408/11730
f 523/11731 917/11732 675/11733
f 404/11734 453/11735 403/11736
f 2335/11737 677/11738 418/11739
f 2210/11740 19/11741 634/11742
f 635/11743 634/11744 19/11745
f 437/11746 622/11747 860/11748
f 2435/11749 2436/11750 2437/11751
f 2426/11752 778/11753 2438/11754
f 2340/11755 861/11756 2339/11757
f 2403/11758 2339/11759 861/11760
f 408/11761 2373/11762 409/11763
f 2395/11764 410/11765 927/11766
f 2329/11767 682/11768 2149/11769
f 635/11770 2375/11771 636/11772
f 2149/11773 422/11774 409/11775
f 2394/11776 2149/11777 409/11778
f 2394/11779 815/11780 2149/11781
f 2394/11782 409/11783 2373/11784
f 2331/11785 1108/11786 682/11787
f 2329/11788 2331/11789 682/11790
f 364/11791 2439/11792 2218/11793
f 365/11794 2439/11795 364/11796
f 441/11797 2392/11798 1105/11799
f 2440/11800 2215/11801 2216/11802
f 815/11803 2329/11804 2149/11805
f 408/11806 861/11807 860/11808
f 2322/11809 408/11810 860/11811
f 408/11812 410/11813 861/11814
f 2440/11815 2386/11816 2215/11817
f 435/11818 2343/11819 2441/11820
f 2441/11821 436/11822 435/11823
f 2207/11824 604/11825 603/11826
f 2444/11827 2443/11828 2442/11829
f 2445/11830 2446/11831 2447/11832
f 622/11833 436/11834 451/11835
f 2448/11836 2438/11837 778/11838
f 2340/11839 2449/11840 2343/11841
f 2451/11842 696/11843 2450/11844
f 2452/11845 2453/11846 2454/11847
f 479/11848 2455/11849 2456/11850
f 2457/11851 2455/11852 654/11853
f 2203/11854 441/11855 1105/11856
f 410/11857 2395/11858 2403/11859
f 425/11860 404/11861 401/11862
f 2216/11863 2217/11864 2374/11865
f 2207/11866 2216/11867 2374/11868
f 1485/11869 1484/11870 733/11871
f 2440/11872 2216/11873 2207/11874
f 2440/11875 2207/11876 603/11877
f 2374/11878 2217/11879 2439/11880
f 2374/11881 2439/11882 365/11883
f 2245/11884 2029/11885 2214/11886
f 2458/11887 604/11888 2206/11889
f 2217/11890 2218/11891 2439/11892
f 2459/11893 2449/11894 1106/11895
f 1106/11896 2449/11897 2340/11898
f 2365/11899 2359/11900 2369/11901
f 441/11902 440/11903 2392/11904
f 2359/11905 2127/11906 2369/11907
f 2218/11908 2030/11909 2185/11910
f 364/11911 2218/11912 2185/11913
f 734/11914 2460/11915 736/11916
f 2170/11917 2207/11918 365/11919
f 2214/11920 2215/11921 2386/11922
f 2338/11923 2214/11924 2386/11925
f 440/11926 636/11927 2461/11928
f 731/11929 2462/11930 2461/11931
f 2297/11932 2359/11933 2365/11934
f 2297/11935 2299/11936 2295/11937
f 732/11938 2386/11939 603/11940
f 603/11941 2386/11942 2440/11943
f 603/11944 2463/11945 731/11946
f 731/11947 732/11948 603/11949
f 733/11950 2461/11951 2375/11952
f 2463/11953 2462/11954 731/11955
f 2375/11956 2461/11957 636/11958
f 2391/11959 2463/11960 603/11961
f 731/11962 2461/11963 733/11964
f 2392/11965 440/11966 2462/11967
f 2461/11968 2462/11969 440/11970
f 2392/11971 2462/11972 2463/11973
f 2391/11974 2392/11975 2463/11976
f 1105/11977 2464/11978 1106/11979
f 2393/11980 2464/11981 1105/11982
f 2465/11983 2391/11984 603/11985
f 603/11986 602/11987 2465/11988
f 602/11989 2458/11990 2465/11991
f 2467/11992 779/11993 2466/11994
f 2465/11995 2458/11996 2464/11997
f 2464/11998 2393/11999 2465/12000
f 2393/12001 2391/12002 2465/12003
f 2458/12004 2459/12005 2464/12006
f 2459/12007 1106/12008 2464/12009
f 2206/12010 2441/12011 2343/12012
f 2206/12013 436/12014 2441/12015
f 436/12016 2206/12017 2207/12018
f 797/12019 2468/12020 799/12021
f 2471/12022 2470/12023 2469/12024
f 2206/12025 2449/12026 2458/12027
f 2458/12028 2449/12029 2459/12030
f 2449/12031 2206/12032 2343/12033
f 2458/12034 602/12035 604/12036
f 449/12037 803/12038 450/12039
f 836/12040 780/12041 2472/12042
f 2472/12043 2467/12044 2473/12045
f 479/12046 2456/12047 2474/12048
f 2475/12049 805/12050 2476/12051
f 2479/12052 2478/12053 2477/12054
f 2481/12055 2480/12056 2473/12057
f 447/12058 653/12059 446/12060
f 653/12061 447/12062 450/12063
f 2472/12064 780/12065 779/12066
f 779/12067 2467/12068 2472/12069
f 2426/12070 779/12071 778/12072
f 568/12073 541/12074 566/12075
f 2484/12076 2483/12077 2482/12078
f 2478/12079 2479/12080 2485/12081
f 2488/12082 2487/12083 2486/12084
f 2490/12085 2427/12086 2489/12087
f 2428/12088 2427/12089 2490/12090
f 2491/12091 2492/12092 2493/12093
f 2494/12094 477/12095 2474/12096
f 2457/12097 805/12098 2475/12099
f 479/12100 2474/12101 477/12102
f 2475/12103 2476/12104 2456/12105
f 2497/12106 2496/12107 2495/12108
f 447/12109 531/12110 449/12111
f 644/12112 629/12113 2498/12114
f 2499/12115 630/12116 2167/12117
f 632/12118 630/12119 2499/12120
f 2500/12121 2501/12122 2167/12123
f 2502/12124 2503/12125 2504/12126
f 2507/12127 2506/12128 2505/12129
f 2502/12130 2504/12131 2508/12132
f 2501/12133 2499/12134 2167/12135
f 2501/12136 2508/12137 2499/12138
f 2502/12139 2508/12140 2501/12141
f 2511/12142 2510/12143 2509/12144
f 620/12145 2482/12146 2512/12147
f 533/12148 531/12149 447/12150
f 448/12151 533/12152 447/12153
f 2515/12154 2514/12155 2513/12156
f 531/12157 644/12158 449/12159
f 2168/12160 2500/12161 2167/12162
f 532/12163 2500/12164 2168/12165
f 629/12166 2166/12167 2498/12168
f 2168/12169 2166/12170 629/12171
f 532/12172 2168/12173 629/12174
f 2518/12175 2517/12176 2516/12177
f 631/12178 2520/12179 2519/12180
f 465/12181 631/12182 632/12183
f 632/12184 2521/12185 465/12186
f 2508/12187 2504/12188 632/12189
f 632/12190 2499/12191 2508/12192
f 2503/12193 2502/12194 2522/12195
f 2523/12196 2524/12197 2520/12198
f 2519/12199 2520/12200 2524/12201
f 2525/12202 2526/12203 2527/12204
f 2519/12205 630/12206 631/12207
f 630/12208 2519/12209 2166/12210
f 2166/12211 2519/12212 2524/12213
f 2498/12214 2166/12215 2524/12216
f 2527/12217 2434/12218 2433/12219
f 2526/12220 2434/12221 2527/12222
f 2494/12223 2528/12224 649/12225
f 2476/12226 805/12227 2529/12228
f 466/12229 2530/12230 2514/12231
f 2533/12232 2532/12233 2531/12234
f 2471/12235 2416/12236 645/12237
f 2470/12238 2471/12239 645/12240
f 2524/12241 2534/12242 2498/12243
f 2536/12244 2531/12245 2535/12246
f 805/12247 450/12248 803/12249
f 449/12250 644/12251 803/12252
f 2457/12253 450/12254 805/12255
f 654/12256 450/12257 2457/12258
f 2529/12259 804/12260 2469/12261
f 644/12262 2498/12263 803/12264
f 2471/12265 2433/12266 2416/12267
f 631/12268 473/12269 2520/12270
f 2455/12271 2457/12272 2475/12273
f 2456/12274 2455/12275 2475/12276
f 2537/12277 2538/12278 2527/12279
f 2523/12280 2469/12281 2534/12282
f 2527/12283 2538/12284 2525/12285
f 2490/12286 2455/12287 479/12288
f 2429/12289 2490/12290 479/12291
f 2525/12292 2538/12293 2523/12294
f 2469/12295 804/12296 2534/12297
f 2523/12298 2538/12299 2469/12300
f 2469/12301 2538/12302 2537/12303
f 2471/12304 2469/12305 2537/12306
f 2534/12307 2524/12308 2523/12309
f 2490/12310 2429/12311 2428/12312
f 2469/12313 2470/12314 2529/12315
f 2494/12316 2474/12317 2456/12318
f 2456/12319 2476/12320 2494/12321
f 2455/12322 2490/12323 2489/12324
f 793/12325 792/12326 2539/12327
f 650/12328 648/12329 2540/12330
f 2489/12331 653/12332 654/12333
f 479/12334 478/12335 2541/12336
f 479/12337 2541/12338 2429/12339
f 2426/12340 2429/12341 779/12342
f 779/12343 2541/12344 2542/12345
f 2543/12346 2433/12347 2432/12348
f 804/12349 803/12350 2498/12351
f 804/12352 2498/12353 2534/12354
f 2431/12355 647/12356 827/12357
f 2429/12358 2541/12359 779/12360
f 2438/12361 2427/12362 2426/12363
f 2455/12364 2489/12365 654/12366
f 2529/12367 805/12368 804/12369
f 477/12370 650/12371 2544/12372
f 2544/12373 2542/12374 2541/12375
f 2544/12376 2541/12377 478/12378
f 488/12379 2545/12380 487/12381
f 478/12382 477/12383 2544/12384
f 2548/12385 2547/12386 2546/12387
f 870/12388 2550/12389 2549/12390
f 2494/12391 649/12392 477/12393
f 2529/12394 2470/12395 2494/12396
f 2494/12397 2476/12398 2529/12399
f 2494/12400 2470/12401 2528/12402
f 2537/12403 2433/12404 2471/12405
f 2543/12406 2416/12407 2433/12408
f 2433/12409 2537/12410 2527/12411
f 645/12412 2528/12413 2470/12414
f 2414/12415 2415/12416 2506/12417
f 2430/12418 648/12419 647/12420
f 2551/12421 647/12422 648/12423
f 2434/12424 2552/12425 2553/12426
f 2526/12427 2552/12428 2434/12429
f 627/12430 2543/12431 2432/12432
f 2554/12433 2543/12434 627/12435
f 2556/12436 2533/12437 2555/12438
f 2559/12439 2558/12440 2557/12441
f 2560/12442 2561/12443 626/12444
f 2560/12445 2562/12446 2561/12447
f 2565/12448 2564/12449 2563/12450
f 2567/12451 2566/12452 2532/12453
f 2513/12454 2567/12455 2532/12456
f 2551/12457 649/12458 2528/12459
f 645/12460 2551/12461 2528/12462
f 2568/12463 2416/12464 2543/12465
f 2416/12466 2568/12467 651/12468
f 2568/12469 2543/12470 2554/12471
f 2568/12472 646/12473 651/12474
f 626/12475 627/12476 2560/12477
f 2571/12478 2570/12479 2569/12480
f 2572/12481 2573/12482 2574/12483
f 2575/12484 2573/12485 2572/12486
f 649/12487 2551/12488 648/12489
f 645/12490 647/12491 2551/12492
f 2578/12493 2577/12494 2576/12495
f 2580/12496 2579/12497 2547/12498
f 2583/12499 2582/12500 2581/12501
f 2581/12502 2585/12503 2584/12504
f 2588/12505 2587/12506 2586/12507
f 2540/12508 648/12509 2589/12510
f 2589/12511 648/12512 2430/12513
f 2581/12514 2582/12515 2590/12516
f 2591/12517 2592/12518 2570/12519
f 2594/12520 2421/12521 2593/12522
f 2421/12523 2594/12524 486/12525
f 628/12526 626/12527 2595/12528
f 2595/12529 626/12530 2596/12531
f 2597/12532 628/12533 2595/12534
f 2568/12535 628/12536 2597/12537
f 646/12538 2568/12539 2597/12540
f 2554/12541 628/12542 2568/12543
f 2597/12544 2598/12545 646/12546
f 2599/12547 2600/12548 2601/12549
f 2558/12550 2582/12551 2557/12552
f 2559/12553 2557/12554 626/12555
f 2559/12556 626/12557 2561/12558
f 2602/12559 2603/12560 2584/12561
f 2542/12562 2544/12563 650/12564
f 2540/12565 2604/12566 2542/12567
f 2542/12568 650/12569 2540/12570
f 2607/12571 2606/12572 2605/12573
f 2608/12574 2466/12575 779/12576
f 2603/12577 2581/12578 2584/12579
f 2604/12580 2609/12581 2542/12582
f 2542/12583 2609/12584 779/12585
f 845/12586 2610/12587 843/12588
f 2613/12589 2612/12590 2611/12591
f 2614/12592 2405/12593 2404/12594
f 2615/12595 2545/12596 488/12597
f 2615/12598 488/12599 2616/12600
f 2617/12601 509/12602 508/12603
f 2620/12604 2619/12605 2618/12606
f 486/12607 2621/12608 2616/12609
f 486/12610 2616/12611 488/12612
f 2615/12613 509/12614 2617/12615
f 2622/12616 2623/12617 2624/12618
f 2590/12619 2585/12620 2581/12621
f 507/12622 509/12623 2625/12624
f 2625/12625 509/12626 2626/12627
f 2590/12628 2627/12629 2585/12630
f 2585/12631 2627/12632 2621/12633
f 2628/12634 849/12635 851/12636
f 2628/12637 851/12638 2569/12639
f 2630/12640 2629/12641 2603/12642
f 2603/12643 2629/12644 2581/12645
f 2557/12646 2583/12647 2596/12648
f 2589/12649 2431/12650 2624/12651
f 2430/12652 2431/12653 2589/12654
f 486/12655 2594/12656 2621/12657
f 2585/12658 2621/12659 2584/12660
f 2631/12661 2547/12662 2604/12663
f 2583/12664 2557/12665 2582/12666
f 2595/12667 2596/12668 2583/12669
f 2596/12670 626/12671 2557/12672
f 2629/12673 2632/12674 2583/12675
f 2629/12676 2583/12677 2581/12678
f 2597/12679 2595/12680 2632/12681
f 2583/12682 2632/12683 2595/12684
f 2629/12685 2630/12686 2632/12687
f 2633/12688 2598/12689 2597/12690
f 2634/12691 2556/12692 2552/12693
f 2635/12694 2636/12695 2637/12696
f 2639/12697 2638/12698 456/12699
f 2640/12700 2602/12701 2580/12702
f 2630/12703 2603/12704 2640/12705
f 2622/12706 827/12707 2598/12708
f 2633/12709 2622/12710 2598/12711
f 2623/12712 2622/12713 2641/12714
f 2597/12715 2632/12716 2633/12717
f 2641/12718 2640/12719 2642/12720
f 2641/12721 2642/12722 2623/12723
f 2640/12724 2603/12725 2602/12726
f 2641/12727 2622/12728 2633/12729
f 2515/12730 2643/12731 473/12732
f 2622/12733 2624/12734 2431/12735
f 2431/12736 827/12737 2622/12738
f 2633/12739 2632/12740 2630/12741
f 2580/12742 2547/12743 2631/12744
f 2624/12745 2642/12746 2589/12747
f 2623/12748 2642/12749 2624/12750
f 2644/12751 2593/12752 2421/12753
f 2644/12754 2602/12755 2593/12756
f 2580/12757 2602/12758 2644/12759
f 2642/12760 2631/12761 2604/12762
f 2604/12763 2540/12764 2642/12765
f 2579/12766 2546/12767 2547/12768
f 2631/12769 2640/12770 2580/12771
f 2640/12772 2631/12773 2642/12774
f 2588/12775 2645/12776 2587/12777
f 455/12778 454/12779 2646/12780
f 508/12781 2647/12782 2617/12783
f 2421/12784 2618/12785 2644/12786
f 2607/12787 2649/12788 2648/12789
f 2649/12790 2607/12791 505/12792
f 2591/12793 2548/12794 2592/12795
f 2591/12796 2547/12797 2548/12798
f 2650/12799 2651/12800 849/12801
f 2650/12802 849/12803 2628/12804
f 505/12805 2605/12806 2646/12807
f 505/12808 2646/12809 506/12810
f 2654/12811 2653/12812 2652/12813
f 2655/12814 2656/12815 2657/12816
f 2533/12817 2531/12818 2562/12819
f 2562/12820 2560/12821 2533/12822
f 2658/12823 2659/12824 2660/12825
f 2661/12826 506/12827 454/12828
f 2662/12829 2663/12830 2664/12831
f 2593/12832 2602/12833 2665/12834
f 2607/12835 2605/12836 505/12837
f 2666/12838 2663/12839 2662/12840
f 2668/12841 2667/12842 2648/12843
f 2545/12844 2667/12845 2668/12846
f 2646/12847 2605/12848 455/12849
f 455/12850 2605/12851 2669/12852
f 2647/12853 2667/12854 2545/12855
f 898/12856 2670/12857 2671/12858
f 466/12859 2514/12860 2515/12861
f 2532/12862 2672/12863 2531/12864
f 2673/12865 2674/12866 2675/12867
f 2605/12868 2606/12869 2676/12870
f 2676/12871 2677/12872 2669/12873
f 2638/12874 2673/12875 2675/12876
f 2675/12877 2678/12878 2638/12879
f 2680/12880 2679/12881 2669/12882
f 871/12883 657/12884 656/12885
f 2681/12886 2663/12887 2682/12888
f 2669/12889 2605/12890 2676/12891
f 2679/12892 2673/12893 2638/12894
f 2638/12895 2639/12896 2679/12897
f 2683/12898 2673/12899 2680/12900
f 2683/12901 2680/12902 2684/12903
f 2680/12904 2669/12905 2677/12906
f 2607/12907 2685/12908 2606/12909
f 2648/12910 2685/12911 2607/12912
f 507/12913 2686/12914 508/12915
f 2687/12916 2686/12917 507/12918
f 2688/12919 2666/12920 2687/12921
f 2662/12922 2685/12923 2647/12924
f 2667/12925 2685/12926 2648/12927
f 2647/12928 2685/12929 2667/12930
f 2664/12931 2606/12932 2662/12933
f 2664/12934 2676/12935 2606/12936
f 2664/12937 2677/12938 2676/12939
f 2663/12940 2681/12941 2664/12942
f 2690/12943 2689/12944 497/12945
f 2689/12946 2690/12947 480/12948
f 2679/12949 2639/12950 455/12951
f 2683/12952 2691/12953 2673/12954
f 2669/12955 2679/12956 455/12957
f 2677/12958 2664/12959 2681/12960
f 2681/12961 2680/12962 2677/12963
f 2628/12964 2693/12965 2692/12966
f 2694/12967 2650/12968 2628/12969
f 2693/12970 2696/12971 2695/12972
f 2695/12973 2692/12974 2693/12975
f 902/12976 515/12977 514/12978
f 2697/12979 2698/12980 2699/12981
f 2655/12982 2697/12983 2656/12984
f 2618/12985 2619/12986 2644/12987
f 2700/12988 2701/12989 2702/12990
f 2691/12991 2703/12992 2674/12993
f 2674/12994 2673/12995 2691/12996
f 2678/12997 456/12998 2638/12999
f 2706/13000 2705/13001 2704/13002
f 2707/13003 22/13004 2708/13005
f 2628/13006 2709/13007 2694/13008
f 2710/13009 843/13010 2610/13011
f 2692/13012 2709/13013 2628/13014
f 2696/13015 2709/13016 2692/13017
f 2696/13018 2692/13019 2695/13020
f 2711/13021 2712/13022 480/13023
f 2712/13024 482/13025 480/13026
f 474/13027 881/13028 476/13029
f 2713/13030 2696/13031 2693/13032
f 2714/13033 2674/13034 2703/13035
f 2714/13036 2703/13037 2715/13038
f 2696/13039 2716/13040 2717/13041
f 2711/13042 480/13043 2690/13044
f 2720/13045 2719/13046 2718/13047
f 2587/13048 2645/13049 497/13050
f 2711/13051 2721/13052 2712/13053
f 2690/13054 2721/13055 2711/13056
f 2715/13057 2722/13058 2714/13059
f 2693/13060 2715/13061 2713/13062
f 2680/13063 2673/13064 2679/13065
f 2693/13066 2722/13067 2715/13068
f 2540/13069 2589/13070 2642/13071
f 2645/13072 2588/13073 2721/13074
f 2721/13075 2588/13076 2723/13077
f 2723/13078 2712/13079 2721/13080
f 2690/13081 2645/13082 2721/13083
f 497/13084 2645/13085 2690/13086
f 2586/13087 2587/13088 2724/13089
f 867/13090 475/13091 476/13092
f 498/13093 503/13094 2725/13095
f 857/13096 926/13097 856/13098
f 670/13099 2726/13100 2727/13101
f 2722/13102 2728/13103 2714/13104
f 2714/13105 2728/13106 2675/13107
f 2714/13108 2675/13109 2674/13110
f 2668/13111 2729/13112 487/13113
f 2722/13114 2693/13115 2728/13116
f 2732/13117 2731/13118 2730/13119
f 2730/13120 2402/13121 2732/13122
f 2708/13123 2712/13124 2723/13125
f 22/13126 2707/13127 2651/13128
f 2651/13129 2650/13130 22/13131
f 2707/13132 2588/13133 2651/13134
f 2588/13135 2707/13136 2723/13137
f 2586/13138 2733/13139 2588/13140
f 2734/13141 2735/13142 849/13143
f 2733/13144 2734/13145 2588/13146
f 2588/13147 2734/13148 2651/13149
f 2651/13150 2734/13151 849/13152
f 2547/13153 2591/13154 2604/13155
f 2655/13156 2657/13157 656/13158
f 2410/13159 2411/13160 2736/13161
f 2737/13162 2738/13163 2739/13164
f 2740/13165 2741/13166 868/13167
f 2742/13168 882/13169 476/13170
f 864/13171 863/13172 2352/13173
f 862/13174 2743/13175 863/13176
f 857/13177 2744/13178 926/13179
f 837/13180 2448/13181 778/13182
f 2569/13183 782/13184 781/13185
f 2618/13186 2729/13187 2620/13188
f 2729/13189 2618/13190 2421/13191
f 2745/13192 2661/13193 454/13194
f 859/13195 2747/13196 2746/13197
f 2746/13198 2747/13199 2659/13200
f 2748/13201 783/13202 782/13203
f 783/13204 2744/13205 2749/13206
f 857/13207 2749/13208 2744/13209
f 2750/13210 882/13211 2742/13212
f 881/13213 2742/13214 476/13215
f 2570/13216 2751/13217 2752/13218
f 515/13219 2753/13220 513/13221
f 2659/13222 2754/13223 2746/13224
f 2658/13225 2754/13226 2659/13227
f 859/13228 2746/13229 2749/13230
f 783/13231 2749/13232 2746/13233
f 859/13234 2749/13235 857/13236
f 2750/13237 782/13238 2569/13239
f 868/13240 2755/13241 498/13242
f 926/13243 2742/13244 881/13245
f 2750/13246 2756/13247 882/13248
f 2756/13249 867/13250 882/13251
f 2742/13252 782/13253 2750/13254
f 2757/13255 656/13256 655/13257
f 2748/13258 782/13259 2742/13260
f 837/13261 2758/13262 2448/13263
f 2759/13264 2748/13265 2742/13266
f 2759/13267 2742/13268 926/13269
f 2744/13270 2759/13271 926/13272
f 2748/13273 2759/13274 2744/13275
f 783/13276 2748/13277 2744/13278
f 2751/13279 2760/13280 2752/13281
f 487/13282 2729/13283 2421/13284
f 2752/13285 2760/13286 2661/13287
f 2628/13288 2569/13289 2728/13290
f 2728/13291 2693/13292 2628/13293
f 2480/13294 2481/13295 2761/13296
f 781/13297 783/13298 2746/13299
f 849/13300 2735/13301 850/13302
f 2751/13303 2762/13304 2760/13305
f 2733/13306 2735/13307 2734/13308
f 2608/13309 2609/13310 2763/13311
f 781/13312 2746/13313 2571/13314
f 2754/13315 2571/13316 2746/13317
f 2764/13318 840/13319 2765/13320
f 2571/13321 2763/13322 2609/13323
f 2752/13324 2661/13325 2745/13326
f 2496/13327 2766/13328 2672/13329
f 2767/13330 788/13331 2495/13332
f 2770/13333 2769/13334 2768/13335
f 2771/13336 2352/13337 863/13338
f 863/13339 2772/13340 2771/13341
f 2604/13342 2591/13343 2609/13344
f 2745/13345 2569/13346 2752/13347
f 2752/13348 2569/13349 2570/13350
f 2569/13351 2745/13352 456/13353
f 2592/13354 2773/13355 2570/13356
f 2644/13357 2774/13358 2579/13359
f 2579/13360 2580/13361 2644/13362
f 2745/13363 454/13364 456/13365
f 869/13366 2610/13367 845/13368
f 454/13369 506/13370 2646/13371
f 881/13372 844/13373 2775/13374
f 2665/13375 2602/13376 2584/13377
f 508/13378 2686/13379 2647/13380
f 2688/13381 2776/13382 2666/13383
f 2619/13384 2620/13385 2777/13386
f 2774/13387 2619/13388 2777/13389
f 2649/13390 2668/13391 2648/13392
f 2644/13393 2619/13394 2774/13395
f 2778/13396 2620/13397 2779/13398
f 2729/13399 2779/13400 2620/13401
f 2668/13402 2779/13403 2729/13404
f 2668/13405 2649/13406 2779/13407
f 2691/13408 2705/13409 2703/13410
f 2756/13411 865/13412 867/13413
f 2778/13414 2777/13415 2620/13416
f 2592/13417 2548/13418 2774/13419
f 2546/13420 2774/13421 2548/13422
f 2774/13423 2546/13424 2579/13425
f 2592/13426 2774/13427 2777/13428
f 2777/13429 2773/13430 2592/13431
f 2780/13432 2702/13433 2701/13434
f 2750/13435 851/13436 2756/13437
f 851/13438 2750/13439 2569/13440
f 2783/13441 2782/13442 2781/13443
f 2661/13444 2760/13445 506/13446
f 506/13447 2760/13448 504/13449
f 2784/13450 2778/13451 2779/13452
f 2649/13453 2784/13454 2779/13455
f 2649/13456 505/13457 2784/13458
f 2762/13459 504/13460 2760/13461
f 504/13462 2784/13463 505/13464
f 2778/13465 2762/13466 2777/13467
f 2777/13468 2762/13469 2773/13470
f 2773/13471 2762/13472 2751/13473
f 2773/13474 2751/13475 2570/13476
f 2784/13477 2762/13478 2778/13479
f 504/13480 2762/13481 2784/13482
f 657/13483 870/13484 2549/13485
f 2787/13486 2786/13487 2785/13488
f 2788/13489 2789/13490 856/13491
f 2755/13492 2724/13493 2587/13494
f 2792/13495 2791/13496 2790/13497
f 2793/13498 2794/13499 2795/13500
f 859/13501 858/13502 2747/13503
f 497/13504 2755/13505 2587/13506
f 2796/13507 2741/13508 866/13509
f 498/13510 2755/13511 497/13512
f 869/13513 868/13514 498/13515
f 867/13516 866/13517 2741/13518
f 867/13519 2741/13520 475/13521
f 475/13522 2741/13523 2740/13524
f 475/13525 2740/13526 474/13527
f 868/13528 845/13529 2740/13530
f 845/13531 844/13532 2740/13533
f 2733/13534 2586/13535 2796/13536
f 2796/13537 866/13538 2797/13539
f 2797/13540 2733/13541 2796/13542
f 865/13543 2797/13544 866/13545
f 2735/13546 2797/13547 865/13548
f 2735/13549 2733/13550 2797/13551
f 865/13552 850/13553 2735/13554
f 865/13555 851/13556 850/13557
f 865/13558 2756/13559 851/13560
f 2796/13561 2724/13562 2741/13563
f 2724/13564 2755/13565 868/13566
f 2741/13567 2724/13568 868/13569
f 2586/13570 2724/13571 2796/13572
f 2800/13573 2799/13574 2798/13575
f 503/13576 2801/13577 2725/13578
f 2801/13579 2802/13580 2725/13581
f 2728/13582 456/13583 2678/13584
f 730/13585 784/13586 728/13587
f 491/13588 490/13589 7/13590
f 2804/13591 2787/13592 2803/13593
f 2805/13594 495/13595 516/13596
f 2808/13597 2807/13598 2806/13599
f 813/13600 618/13601 2809/13602
f 2810/13603 2811/13604 2812/13605
f 906/13606 2812/13607 2811/13608
f 880/13609 2813/13610 878/13611
f 2813/13612 2726/13613 2702/13614
f 2816/13615 2815/13616 2814/13617
f 812/13618 813/13619 2809/13620
f 2809/13621 2817/13622 812/13623
f 2818/13624 669/13625 2819/13626
f 2819/13627 670/13628 2727/13629
f 669/13630 670/13631 2819/13632
f 2785/13633 516/13634 2820/13635
f 2823/13636 2822/13637 2821/13638
f 2824/13639 2825/13640 468/13641
f 878/13642 2813/13643 2780/13644
f 2826/13645 2827/13646 2828/13647
f 2828/13648 668/13649 2826/13650
f 2826/13651 668/13652 2829/13653
f 2826/13654 2830/13655 2827/13656
f 2831/13657 2830/13658 2826/13659
f 2826/13660 2829/13661 2831/13662
f 2833/13663 2823/13664 2832/13665
f 2824/13666 2830/13667 2825/13668
f 2827/13669 2834/13670 2828/13671
f 2835/13672 2828/13673 2834/13674
f 2824/13675 2827/13676 2830/13677
f 668/13678 669/13679 2829/13680
f 904/13681 878/13682 2780/13683
f 2836/13684 607/13685 606/13686
f 2837/13687 2838/13688 2839/13689
f 459/13690 2839/13691 2838/13692
f 2836/13693 493/13694 491/13695
f 493/13696 2841/13697 2840/13698
f 489/13699 490/13700 492/13701
f 492/13702 490/13703 491/13704
f 2843/13705 2842/13706 2814/13707
f 2844/13708 2806/13709 2807/13710
f 525/13711 2410/13712 2845/13713
f 492/13714 493/13715 816/13716
f 640/13717 813/13718 2846/13719
f 2845/13720 2785/13721 2820/13722
f 2847/13723 494/13724 2848/13725
f 2851/13726 2850/13727 2849/13728
f 2852/13729 2785/13730 2845/13731
f 2804/13732 2786/13733 2787/13734
f 2736/13735 2853/13736 2410/13737
f 2787/13738 2785/13739 2852/13740
f 2787/13741 2852/13742 2853/13743
f 886/13744 2815/13745 2854/13746
f 2814/13747 2815/13748 886/13749
f 2813/13750 880/13751 2855/13752
f 493/13753 2840/13754 816/13755
f 516/13756 489/13757 816/13758
f 527/13759 525/13760 2840/13761
f 525/13762 816/13763 2840/13764
f 2845/13765 2820/13766 525/13767
f 2820/13768 816/13769 525/13770
f 516/13771 816/13772 2820/13773
f 2856/13774 2857/13775 2858/13776
f 2786/13777 2804/13778 2859/13779
f 2860/13780 2854/13781 2807/13782
f 2861/13783 23/13784 22/13785
f 886/13786 2843/13787 2814/13788
f 885/13789 2843/13790 886/13791
f 2864/13792 2863/13793 2862/13794
f 616/13795 617/13796 2865/13797
f 2410/13798 2852/13799 2845/13800
f 2868/13801 2867/13802 2866/13803
f 2736/13804 2860/13805 2853/13806
f 2869/13807 573/13808 2870/13809
f 2657/13810 2871/13811 871/13812
f 656/13813 2657/13814 871/13815
f 885/13816 2736/13817 2411/13818
f 2736/13819 885/13820 887/13821
f 535/13822 544/13823 534/13824
f 534/13825 544/13826 543/13827
f 2872/13828 2816/13829 2865/13830
f 2860/13831 2736/13832 887/13833
f 2860/13834 887/13835 2854/13836
f 2873/13837 2811/13838 2800/13839
f 887/13840 886/13841 2854/13842
f 527/13843 2840/13844 2841/13845
f 607/13846 2874/13847 608/13848
f 608/13849 2874/13850 2875/13851
f 2841/13852 2876/13853 527/13854
f 527/13855 2876/13856 526/13857
f 2843/13858 885/13859 2842/13860
f 2828/13861 2835/13862 2726/13863
f 2828/13864 2726/13865 670/13866
f 2842/13867 2877/13868 2814/13869
f 2809/13870 2877/13871 2817/13872
f 2842/13873 2878/13874 2877/13875
f 2817/13876 2877/13877 2878/13878
f 2817/13879 2878/13880 2842/13881
f 2879/13882 2880/13883 617/13884
f 2813/13885 2727/13886 2726/13887
f 2855/13888 2727/13889 2813/13890
f 812/13891 2817/13892 896/13893
f 2882/13894 2881/13895 872/13896
f 872/13897 2881/13898 897/13899
f 2417/13900 2883/13901 2419/13902
f 2885/13903 2818/13904 2884/13905
f 617/13906 2819/13907 2879/13908
f 2818/13909 2819/13910 617/13911
f 2818/13912 617/13913 640/13914
f 640/13915 618/13916 813/13917
f 2844/13918 2886/13919 2806/13920
f 2886/13921 2815/13922 2816/13923
f 2872/13924 2865/13925 2880/13926
f 2886/13927 879/13928 2806/13929
f 879/13930 2880/13931 2879/13932
f 879/13933 2879/13934 880/13935
f 2816/13936 2872/13937 2886/13938
f 2879/13939 2855/13940 880/13941
f 2879/13942 2819/13943 2855/13944
f 2873/13945 906/13946 2811/13947
f 2816/13948 616/13949 2865/13950
f 2880/13951 879/13952 2872/13953
f 2886/13954 2872/13955 879/13956
f 2887/13957 2888/13958 2889/13959
f 2865/13960 617/13961 2880/13962
f 2851/13963 2890/13964 2891/13965
f 2808/13966 2804/13967 2803/13968
f 516/13969 2785/13970 2805/13971
f 2802/13972 468/13973 2725/13974
f 874/13975 23/13976 2757/13977
f 2757/13978 23/13979 2861/13980
f 2855/13981 2819/13982 2727/13983
f 608/13984 903/13985 902/13986
f 668/13987 2828/13988 670/13989
f 904/13990 2849/13991 2892/13992
f 2893/13993 2802/13994 2801/13995
f 2894/13996 481/13997 499/13998
f 2702/13999 2780/14000 2813/14001
f 2835/14002 2700/14003 2702/14004
f 2835/14005 2702/14006 2726/14007
f 2896/14008 469/14009 2895/14010
f 2893/14011 2798/14012 2802/14013
f 2824/14014 2834/14015 2827/14016
f 2807/14017 2808/14018 2803/14019
f 2807/14020 2803/14021 2860/14022
f 2802/14023 2824/14024 468/14025
f 481/14026 2897/14027 499/14028
f 2900/14029 2899/14030 2898/14031
f 2799/14032 2700/14033 2835/14034
f 2798/14035 2799/14036 2834/14037
f 2798/14038 2834/14039 2824/14040
f 2834/14041 2799/14042 2835/14043
f 2798/14044 2824/14045 2802/14046
f 905/14047 499/14048 2900/14049
f 2899/14050 2900/14051 499/14052
f 482/14053 2708/14054 2901/14055
f 905/14056 503/14057 499/14058
f 2689/14059 2894/14060 497/14061
f 497/14062 2894/14063 499/14064
f 2902/14065 2851/14066 2849/14067
f 2689/14068 480/14069 481/14070
f 2689/14071 481/14072 2894/14073
f 22/14074 2903/14075 2861/14076
f 2900/14077 2889/14078 2812/14079
f 2888/14080 2904/14081 2889/14082
f 2889/14083 2904/14084 2810/14085
f 2812/14086 2889/14087 2810/14088
f 2905/14089 2891/14090 2906/14091
f 2890/14092 2902/14093 2907/14094
f 2910/14095 2909/14096 2908/14097
f 2798/14098 2893/14099 2800/14100
f 2890/14101 2907/14102 2800/14103
f 2907/14104 2799/14105 2800/14106
f 2890/14107 2851/14108 2902/14109
f 2911/14110 2683/14111 2912/14112
f 2691/14113 2683/14114 2911/14115
f 2575/14116 2572/14117 2913/14118
f 906/14119 2873/14120 503/14121
f 503/14122 2873/14123 2801/14124
f 2801/14125 2873/14126 2893/14127
f 2907/14128 2700/14129 2799/14130
f 2902/14131 2701/14132 2907/14133
f 2907/14134 2701/14135 2700/14136
f 2902/14137 2780/14138 2701/14139
f 2780/14140 2902/14141 2849/14142
f 2849/14143 904/14144 2780/14145
f 2807/14146 2854/14147 2844/14148
f 2815/14149 2844/14150 2854/14151
f 2844/14152 2815/14153 2886/14154
f 2757/14155 2861/14156 2655/14157
f 2732/14158 2914/14159 2731/14160
f 2720/14161 2915/14162 2887/14163
f 905/14164 2900/14165 2812/14166
f 2918/14167 2917/14168 2916/14169
f 2919/14170 2916/14171 2718/14172
f 2918/14173 655/14174 2917/14175
f 2901/14176 2920/14177 482/14178
f 2895/14179 468/14180 2825/14181
f 482/14182 2897/14183 481/14184
f 499/14185 2897/14186 2899/14187
f 2889/14188 2900/14189 2921/14190
f 2898/14191 2921/14192 2900/14193
f 2922/14194 874/14195 655/14196
f 655/14197 2918/14198 2922/14199
f 2919/14200 2856/14201 2922/14202
f 2857/14203 2856/14204 2919/14205
f 2858/14206 2901/14207 2856/14208
f 2898/14209 2719/14210 2921/14211
f 2917/14212 657/14213 2549/14214
f 2712/14215 2708/14216 482/14217
f 2919/14218 2918/14219 2916/14220
f 2923/14221 2924/14222 2925/14223
f 870/14224 2909/14225 2550/14226
f 2904/14227 2890/14228 2810/14229
f 2928/14230 2927/14231 2926/14232
f 2708/14233 2723/14234 2707/14235
f 2901/14236 2708/14237 2856/14238
f 906/14239 905/14240 2812/14241
f 2919/14242 2922/14243 2918/14244
f 2858/14245 2920/14246 2901/14247
f 2898/14248 2857/14249 2719/14250
f 2897/14251 2857/14252 2898/14253
f 2899/14254 2897/14255 2898/14256
f 2858/14257 2857/14258 2920/14259
f 2857/14260 2897/14261 2920/14262
f 2920/14263 2897/14264 482/14265
f 2919/14266 2718/14267 2857/14268
f 2719/14269 2857/14270 2718/14271
f 2896/14272 2895/14273 2929/14274
f 2848/14275 2896/14276 2929/14277
f 2921/14278 2887/14279 2889/14280
f 2549/14281 2550/14282 2917/14283
f 2917/14284 2550/14285 2916/14286
f 2910/14287 2915/14288 2720/14289
f 2909/14290 2910/14291 2550/14292
f 2550/14293 2910/14294 2720/14295
f 2930/14296 2805/14297 2785/14298
f 2550/14299 2720/14300 2916/14301
f 2916/14302 2720/14303 2718/14304
f 2887/14305 2921/14306 2719/14307
f 2719/14308 2720/14309 2887/14310
f 2803/14311 2787/14312 2853/14313
f 655/14314 657/14315 2917/14316
f 2904/14317 2906/14318 2890/14319
f 2810/14320 2890/14321 2800/14322
f 2888/14323 2906/14324 2904/14325
f 2709/14326 2696/14327 2717/14328
f 2716/14329 2931/14330 2717/14331
f 2800/14332 2811/14333 2810/14334
f 2790/14335 2791/14336 901/14337
f 2873/14338 2800/14339 2893/14340
f 2892/14341 2808/14342 904/14343
f 2906/14344 2891/14345 2890/14346
f 2825/14347 2831/14348 2895/14349
f 2909/14350 2932/14351 2908/14352
f 870/14353 2932/14354 2909/14355
f 495/14356 2932/14357 2933/14358
f 2933/14359 2932/14360 870/14361
f 870/14362 871/14363 2933/14364
f 2915/14365 2888/14366 2887/14367
f 2888/14368 2905/14369 2906/14370
f 2905/14371 2888/14372 2915/14373
f 2908/14374 2891/14375 2905/14376
f 2905/14377 2915/14378 2908/14379
f 2908/14380 2915/14381 2910/14382
f 904/14383 2808/14384 2806/14385
f 2806/14386 879/14387 904/14388
f 2850/14389 2851/14390 2891/14391
f 2908/14392 2859/14393 2891/14394
f 2859/14395 2908/14396 2930/14397
f 2849/14398 2850/14399 2892/14400
f 495/14401 2805/14402 2932/14403
f 2891/14404 2859/14405 2850/14406
f 2804/14407 2850/14408 2859/14409
f 2892/14410 2850/14411 2804/14412
f 2804/14413 2808/14414 2892/14415
f 2932/14416 2805/14417 2908/14418
f 2908/14419 2805/14420 2930/14421
f 2860/14422 2803/14423 2853/14424
f 2410/14425 2853/14426 2852/14427
f 2930/14428 2785/14429 2786/14430
f 2930/14431 2786/14432 2859/14433
f 2678/14434 2675/14435 2728/14436
f 2934/14437 2935/14438 467/14439
f 2655/14440 2861/14441 2697/14442
f 2699/14443 2936/14444 2731/14445
f 2731/14446 2936/14447 2937/14448
f 2911/14449 2912/14450 2938/14451
f 2911/14452 2938/14453 2704/14454
f 2856/14455 24/14456 2922/14457
f 2655/14458 656/14459 2757/14460
f 897/14461 2939/14462 895/14463
f 2713/14464 2940/14465 2941/14466
f 2684/14467 2912/14468 2683/14469
f 485/14470 2942/14471 2682/14472
f 485/14473 2943/14474 2942/14475
f 2713/14476 2941/14477 2696/14478
f 2856/14479 2708/14480 24/14481
f 2943/14482 485/14483 483/14484
f 2656/14485 2914/14486 2732/14487
f 2656/14488 2732/14489 2657/14490
f 2555/14491 2560/14492 2432/14493
f 2432/14494 2560/14495 627/14496
f 2520/14497 2525/14498 2523/14499
f 2940/14500 2936/14501 2716/14502
f 24/14503 2708/14504 22/14505
f 2922/14506 24/14507 874/14508
f 2942/14509 2912/14510 2682/14511
f 2694/14512 2923/14513 2925/14514
f 2650/14515 2694/14516 2925/14517
f 2694/14518 2944/14519 2923/14520
f 2937/14521 2936/14522 2706/14523
f 2709/14524 2717/14525 2944/14526
f 2709/14527 2944/14528 2694/14529
f 2942/14530 2938/14531 2912/14532
f 2943/14533 2938/14534 2942/14535
f 2876/14536 2411/14537 526/14538
f 2704/14539 2705/14540 2911/14541
f 2705/14542 2691/14543 2911/14544
f 2680/14545 2681/14546 2684/14547
f 2682/14548 2912/14549 2684/14550
f 2682/14551 2684/14552 2681/14553
f 2716/14554 2941/14555 2940/14556
f 2696/14557 2941/14558 2716/14559
f 2703/14560 2705/14561 2940/14562
f 2706/14563 2940/14564 2705/14565
f 2703/14566 2940/14567 2713/14568
f 2713/14569 2715/14570 2703/14571
f 2903/14572 22/14573 2650/14574
f 2943/14575 483/14576 2730/14577
f 901/14578 903/14579 2945/14580
f 874/14581 2757/14582 655/14583
f 2776/14584 2663/14585 2666/14586
f 2924/14587 2946/14588 2925/14589
f 2946/14590 2903/14591 2925/14592
f 2925/14593 2903/14594 2650/14595
f 2861/14596 2903/14597 2946/14598
f 2914/14599 2656/14600 2697/14601
f 2931/14602 2698/14603 2717/14604
f 2699/14605 2698/14606 2931/14607
f 2730/14608 2937/14609 2943/14610
f 2938/14611 2943/14612 2937/14613
f 2704/14614 2938/14615 2937/14616
f 2937/14617 2730/14618 2731/14619
f 2704/14620 2937/14621 2706/14622
f 2706/14623 2936/14624 2940/14625
f 2717/14626 2698/14627 2923/14628
f 2944/14629 2717/14630 2923/14631
f 2924/14632 2697/14633 2946/14634
f 2946/14635 2697/14636 2861/14637
f 2936/14638 2931/14639 2716/14640
f 2699/14641 2931/14642 2936/14643
f 2924/14644 2698/14645 2697/14646
f 2923/14647 2698/14648 2924/14649
f 2699/14650 2731/14651 2914/14652
f 2697/14653 2699/14654 2914/14655
f 2634/14656 2552/14657 2526/14658
f 2545/14659 2668/14660 487/14661
f 485/14662 2776/14663 484/14664
f 484/14665 2776/14666 2688/14667
f 2662/14668 2606/14669 2685/14670
f 2670/14671 898/14672 484/14673
f 484/14674 2688/14675 2670/14676
f 898/14677 483/14678 484/14679
f 2639/14680 456/14681 455/14682
f 2871/14683 2927/14684 2947/14685
f 2730/14686 898/14687 900/14688
f 2730/14689 900/14690 2402/14691
f 2948/14692 2871/14693 846/14694
f 2682/14695 2776/14696 485/14697
f 2663/14698 2776/14699 2682/14700
f 2949/14701 2626/14702 2950/14703
f 509/14704 2950/14705 2626/14706
f 2558/14707 2590/14708 2582/14709
f 2617/14710 2647/14711 2545/14712
f 2545/14713 2615/14714 2617/14715
f 2647/14716 2686/14717 2951/14718
f 2951/14719 2662/14720 2647/14721
f 2666/14722 2662/14723 2951/14724
f 509/14725 2615/14726 2950/14727
f 2615/14728 2616/14729 2950/14730
f 2559/14731 2561/14732 2536/14733
f 2687/14734 2670/14735 2688/14736
f 2671/14737 2670/14738 2687/14739
f 2535/14740 2952/14741 2536/14742
f 2953/14743 2671/14744 2625/14745
f 2687/14746 507/14747 2625/14748
f 2625/14749 2671/14750 2687/14751
f 2565/14752 2954/14753 2564/14754
f 2686/14755 2666/14756 2951/14757
f 2666/14758 2686/14759 2687/14760
f 2949/14761 2913/14762 2626/14763
f 2627/14764 2955/14765 2616/14766
f 2616/14767 2621/14768 2627/14769
f 2594/14770 2665/14771 2584/14772
f 2594/14773 2593/14774 2665/14775
f 2584/14776 2621/14777 2594/14778
f 2956/14779 2590/14780 2558/14781
f 2559/14782 2536/14783 2952/14784
f 2590/14785 2956/14786 2627/14787
f 2955/14788 2950/14789 2616/14790
f 2565/14791 2958/14792 2957/14793
f 2871/14794 2947/14795 2959/14796
f 8/14797 2871/14798 2959/14799
f 2913/14800 2563/14801 2564/14802
f 2563/14803 2913/14804 2949/14805
f 2950/14806 2955/14807 2949/14808
f 2563/14809 2958/14810 2565/14811
f 2960/14812 2958/14813 2563/14814
f 2563/14815 2949/14816 2955/14817
f 2627/14818 2960/14819 2563/14820
f 2563/14821 2955/14822 2627/14823
f 628/14824 2554/14825 627/14826
f 2562/14827 2531/14828 2536/14829
f 2732/14830 2402/14831 2871/14832
f 2952/14833 2558/14834 2559/14835
f 2558/14836 2952/14837 2956/14838
f 2956/14839 2952/14840 2960/14841
f 2960/14842 2627/14843 2956/14844
f 2626/14845 2913/14846 2953/14847
f 2626/14848 2953/14849 2625/14850
f 2535/14851 2531/14852 2672/14853
f 2641/14854 2633/14855 2630/14856
f 2553/14857 2552/14858 2556/14859
f 2561/14860 2562/14861 2536/14862
f 2961/14863 2954/14864 2962/14865
f 2556/14866 2532/14867 2533/14868
f 2572/14869 2953/14870 2913/14871
f 2672/14872 2954/14873 2957/14874
f 2535/14875 2672/14876 2957/14877
f 2532/14878 2556/14879 2634/14880
f 2532/14881 2634/14882 2513/14883
f 2958/14884 2535/14885 2957/14886
f 2960/14887 2535/14888 2958/14889
f 2952/14890 2535/14891 2960/14892
f 2953/14893 2572/14894 2671/14895
f 2954/14896 2961/14897 2575/14898
f 2957/14899 2954/14900 2565/14901
f 2965/14902 2964/14903 2963/14904
f 2966/14905 2671/14906 2572/14907
f 2966/14908 898/14909 2671/14910
f 473/14911 2526/14912 2525/14913
f 2967/14914 2492/14915 2968/14916
f 2514/14917 2567/14918 2513/14919
f 2564/14920 2954/14921 2575/14922
f 2564/14923 2575/14924 2913/14925
f 2657/14926 2732/14927 2871/14928
f 606/14929 2637/14930 2836/14931
f 903/14932 2969/14933 2928/14934
f 2933/14935 9/14936 495/14937
f 2928/14938 2945/14939 903/14940
f 491/14941 2970/14942 2836/14943
f 7/14944 2970/14945 491/14946
f 515/14947 902/14948 901/14949
f 2836/14950 2637/14951 2841/14952
f 493/14953 2836/14954 2841/14955
f 2730/14956 483/14957 898/14958
f 2555/14959 2533/14960 2560/14961
f 2927/14962 2871/14963 2948/14964
f 2573/14965 2575/14966 2961/14967
f 2573/14968 2961/14969 2971/14970
f 608/14971 2875/14972 903/14973
f 846/14974 2926/14975 2948/14976
f 2792/14977 2926/14978 846/14979
f 2926/14980 2792/14981 2790/14982
f 901/14983 2945/14984 2928/14985
f 901/14986 2928/14987 2926/14988
f 2841/14989 2637/14990 2876/14991
f 2790/14992 901/14993 2926/14994
f 2948/14995 2926/14996 2927/14997
f 2972/14998 2791/14999 2792/15000
f 2836/15001 2970/15002 607/15003
f 490/15004 9/15005 7/15006
f 2875/15007 2874/15008 2973/15009
f 872/15010 2635/15011 873/15012
f 2975/15013 789/15014 2974/15015
f 2939/15016 2977/15017 2976/15018
f 607/15019 2978/15020 2979/15021
f 2978/15022 607/15023 2970/15024
f 7/15025 2978/15026 2970/15027
f 2569/15028 456/15029 2728/15030
f 2847/15031 470/15032 494/15033
f 607/15034 2979/15035 2874/15036
f 2875/15037 2973/15038 2969/15039
f 2969/15040 903/15041 2875/15042
f 892/15043 2963/15044 2980/15045
f 8/15046 2959/15047 2978/15048
f 2792/15049 848/15050 2972/15051
f 846/15052 848/15053 2792/15054
f 2981/15055 2982/15056 2791/15057
f 2434/15058 2553/15059 2432/15060
f 2553/15061 2556/15062 2555/15063
f 2555/15064 2432/15065 2553/15066
f 2630/15067 2640/15068 2641/15069
f 2983/15070 2947/15071 2927/15072
f 2927/15073 2969/15074 2983/15075
f 2983/15076 2969/15077 2973/15078
f 2984/15079 2635/15080 606/15081
f 2973/15082 2959/15083 2947/15084
f 2973/15085 2947/15086 2983/15087
f 573/15088 2869/15089 585/15090
f 2928/15091 2969/15092 2927/15093
f 809/15094 811/15095 2985/15096
f 2766/15097 809/15098 2985/15099
f 2566/15100 2495/15101 2672/15102
f 2532/15103 2566/15104 2672/15105
f 871/15106 8/15107 2933/15108
f 2933/15109 8/15110 9/15111
f 2896/15112 494/15113 469/15114
f 2986/15115 2963/15116 2964/15117
f 2987/15118 2963/15119 2986/15120
f 2988/15121 2989/15122 2990/15123
f 2573/15124 2971/15125 2991/15126
f 2672/15127 2962/15128 2954/15129
f 2934/15130 2521/15131 2504/15132
f 2521/15133 2934/15134 467/15135
f 2495/15136 788/15137 2992/15138
f 2567/15139 2514/15140 2993/15141
f 2567/15142 2993/15143 2566/15144
f 2934/15145 2503/15146 2994/15147
f 2504/15148 2503/15149 2934/15150
f 631/15151 465/15152 473/15153
f 2530/15154 466/15155 467/15156
f 2516/15157 2517/15158 2995/15159
f 2643/15160 2515/15161 2513/15162
f 2643/15163 2634/15164 2526/15165
f 2526/15166 473/15167 2643/15168
f 2504/15169 2521/15170 632/15171
f 467/15172 465/15173 2521/15174
f 2998/15175 2997/15176 2996/15177
f 545/15178 544/15179 2999/15180
f 2934/15181 2994/15182 2935/15183
f 2966/15184 2574/15185 899/15186
f 466/15187 2515/15188 473/15189
f 3002/15190 3001/15191 3000/15192
f 3003/15193 3001/15194 3002/15195
f 3004/15196 2539/15197 3005/15198
f 2572/15199 2574/15200 2966/15201
f 2971/15202 2961/15203 2985/15204
f 2962/15205 2985/15206 2961/15207
f 473/15208 2525/15209 2520/15210
f 2566/15211 2767/15212 2495/15213
f 2643/15214 2513/15215 2634/15216
f 3007/15217 2993/15218 3006/15219
f 2514/15220 3006/15221 2993/15222
f 2514/15223 2530/15224 3006/15225
f 2530/15226 2935/15227 3006/15228
f 467/15229 2935/15230 2530/15231
f 606/15232 2635/15233 2637/15234
f 2985/15235 2962/15236 2766/15237
f 2672/15238 2766/15239 2962/15240
f 2959/15241 2979/15242 2978/15243
f 901/15244 2791/15245 515/15246
f 847/15247 2518/15248 2516/15249
f 2635/15250 2984/15251 873/15252
f 606/15253 608/15254 2984/15255
f 902/15256 2984/15257 608/15258
f 2959/15259 2973/15260 2874/15261
f 2979/15262 2959/15263 2874/15264
f 573/15265 572/15266 545/15267
f 3008/15268 3009/15269 3010/15270
f 902/15271 514/15272 3011/15273
f 2984/15274 902/15275 3011/15276
f 3011/15277 514/15278 873/15279
f 873/15280 2984/15281 3011/15282
f 2842/15283 885/15284 2817/15285
f 2511/15286 3013/15287 3012/15288
f 3005/15289 3014/15290 3004/15291
f 2992/15292 3015/15293 3016/15294
f 3017/15295 568/15296 3018/15297
f 3021/15298 3020/15299 3019/15300
f 560/15301 3022/15302 3023/15303
f 543/15304 572/15305 3024/15306
f 545/15307 572/15308 543/15309
f 852/15310 3026/15311 3025/15312
f 3024/15313 534/15314 543/15315
f 3029/15316 3028/15317 3027/15318
f 848/15319 847/15320 2516/15321
f 2516/15322 2972/15323 848/15324
f 3032/15325 3031/15326 3030/15327
f 2972/15328 3033/15329 2981/15330
f 3033/15331 2972/15332 2516/15333
f 3033/15334 2516/15335 2995/15336
f 2939/15337 897/15338 2977/15339
f 2972/15340 2981/15341 2791/15342
f 2870/15343 573/15344 545/15345
f 3034/15346 2982/15347 2981/15348
f 3033/15349 3034/15350 2981/15351
f 2995/15352 3034/15353 3033/15354
f 898/15355 2966/15356 899/15357
f 3035/15358 3036/15359 2846/15360
f 3038/15361 3037/15362 581/15363
f 3024/15364 572/15365 3039/15366
f 582/15367 581/15368 3037/15369
f 572/15370 571/15371 3039/15372
f 534/15373 3024/15374 3040/15375
f 3040/15376 536/15377 534/15378
f 3041/15379 601/15380 3024/15381
f 3039/15382 3041/15383 3024/15384
f 3042/15385 3043/15386 3044/15387
f 574/15388 3045/15389 3046/15390
f 790/15391 3047/15392 583/15393
f 3049/15394 3041/15395 3048/15396
f 3052/15397 3051/15398 3050/15399
f 3050/15400 3051/15401 3053/15402
f 3053/15403 544/15404 535/15405
f 3051/15406 2999/15407 3053/15408
f 3053/15409 2999/15410 544/15411
f 3050/15412 3053/15413 535/15414
f 536/15415 3050/15416 535/15417
f 3052/15418 3050/15419 3054/15420
f 3054/15421 3050/15422 536/15423
f 600/15424 3054/15425 536/15426
f 3055/15427 2446/15428 3056/15429
f 3051/15430 3052/15431 3057/15432
f 584/15433 571/15434 585/15435
f 583/15436 587/15437 584/15438
f 545/15439 3058/15440 2870/15441
f 2999/15442 3058/15443 545/15444
f 885/15445 2411/15446 2876/15447
f 2539/15448 3059/15449 793/15450
f 580/15451 3061/15452 3060/15453
f 2965/15454 2995/15455 2517/15456
f 3058/15457 2999/15458 3057/15459
f 765/15460 825/15461 767/15462
f 3037/15463 3047/15464 790/15465
f 2939/15466 3004/15467 895/15468
f 3062/15469 3063/15470 2991/15471
f 2995/15472 2965/15473 3064/15474
f 3065/15475 577/15476 3066/15477
f 2869/15478 2870/15479 3067/15480
f 580/15481 2869/15482 3067/15483
f 892/15484 3068/15485 2963/15486
f 3041/15487 3069/15488 3048/15489
f 3040/15490 3024/15491 601/15492
f 3057/15493 2881/15494 3058/15495
f 2870/15496 3058/15497 2881/15498
f 2870/15499 2881/15500 3067/15501
f 3037/15502 3038/15503 3047/15504
f 3038/15505 802/15506 3047/15507
f 3070/15508 2402/15509 3071/15510
f 3072/15511 3073/15512 3074/15513
f 587/15514 583/15515 605/15516
f 800/15517 605/15518 583/15519
f 584/15520 3069/15521 3039/15522
f 587/15523 3069/15524 584/15525
f 586/15526 3069/15527 587/15528
f 3046/15529 3045/15530 3075/15531
f 3076/15532 3077/15533 3078/15534
f 2869/15535 582/15536 790/15537
f 790/15538 585/15539 2869/15540
f 790/15541 582/15542 3037/15543
f 580/15544 582/15545 2869/15546
f 3054/15547 600/15548 3079/15549
f 3079/15550 3080/15551 3054/15552
f 3039/15553 3069/15554 3041/15555
f 3041/15556 3081/15557 601/15558
f 3083/15559 3082/15560 3048/15561
f 584/15562 3039/15563 571/15564
f 3084/15565 3085/15566 542/15567
f 3086/15568 550/15569 552/15570
f 3042/15571 550/15572 3086/15573
f 586/15574 3048/15575 3069/15576
f 3083/15577 3048/15578 586/15579
f 588/15580 3075/15581 3087/15582
f 3025/15583 3026/15584 3079/15585
f 3079/15586 600/15587 599/15588
f 3090/15589 3089/15590 3088/15591
f 3044/15592 854/15593 3042/15594
f 577/15595 3065/15596 3091/15597
f 3092/15598 3065/15599 3066/15600
f 3066/15601 3093/15602 3092/15603
f 852/15604 855/15605 3052/15606
f 3094/15607 3095/15608 3096/15609
f 2046/15610 3097/15611 3055/15612
f 3098/15613 577/15614 3091/15615
f 3099/15616 620/15617 2512/15618
f 3101/15619 2435/15620 3100/15621
f 579/15622 3066/15623 577/15624
f 3054/15625 3080/15626 3052/15627
f 3052/15628 3080/15629 852/15630
f 3086/15631 3049/15632 3102/15633
f 3086/15634 3102/15635 3090/15636
f 3018/15637 568/15638 3103/15639
f 3102/15640 3049/15641 3082/15642
f 3082/15643 3049/15644 3048/15645
f 3106/15646 3105/15647 3104/15648
f 550/15649 3042/15650 854/15651
f 3086/15652 3081/15653 3049/15654
f 552/15655 3081/15656 3086/15657
f 3081/15658 3107/15659 599/15660
f 3049/15661 3081/15662 3041/15663
f 552/15664 3107/15665 3081/15666
f 560/15667 3044/15668 559/15669
f 3026/15670 852/15671 3080/15672
f 3079/15673 3026/15674 3080/15675
f 3023/15676 3052/15677 855/15678
f 797/15679 798/15680 2445/15681
f 3109/15682 3108/15683 1843/15684
f 3056/15685 2446/15686 2445/15687
f 798/15688 3056/15689 2445/15690
f 2437/15691 3105/15692 445/15693
f 1997/15694 253/15695 727/15696
f 560/15697 854/15698 3044/15699
f 854/15700 853/15701 550/15702
f 559/15703 3044/15704 3043/15705
f 3081/15706 599/15707 601/15708
f 3023/15709 855/15710 560/15711
f 855/15712 854/15713 560/15714
f 853/15715 551/15716 550/15717
f 3040/15718 600/15719 536/15720
f 601/15721 600/15722 3040/15723
f 3057/15724 2999/15725 3051/15726
f 560/15727 3110/15728 3022/15729
f 561/15730 3110/15731 560/15732
f 3019/15733 519/15734 518/15735
f 852/15736 3025/15737 853/15738
f 3025/15739 3107/15740 551/15741
f 551/15742 3107/15743 552/15744
f 3025/15745 3079/15746 3107/15747
f 3107/15748 3079/15749 599/15750
f 853/15751 3025/15752 551/15753
f 3113/15754 3112/15755 3111/15756
f 3114/15757 3115/15758 3116/15759
f 3065/15760 3092/15761 3117/15762
f 3118/15763 3119/15764 3120/15765
f 3121/15766 3095/15767 3094/15768
f 3123/15769 3122/15770 3027/15771
f 3125/15772 3122/15773 3124/15774
f 3122/15775 3125/15776 3126/15777
f 797/15778 2445/15779 3127/15780
f 3130/15781 3129/15782 3128/15783
f 3094/15784 3096/15785 3131/15786
f 541/15787 568/15788 3132/15789
f 443/15790 2437/15791 445/15792
f 3133/15793 3134/15794 3135/15795
f 3136/15796 3137/15797 3138/15798
f 3065/15799 3139/15800 3091/15801
f 3027/15802 3140/15803 3029/15804
f 3141/15805 3140/15806 3126/15807
f 3111/15808 3142/15809 3123/15810
f 3145/15811 3144/15812 3143/15813
f 3147/15814 3146/15815 2041/15816
f 3140/15817 3122/15818 3126/15819
f 3027/15820 3122/15821 3140/15822
f 3149/15823 3148/15824 3125/15825
f 3142/15826 3150/15827 3124/15828
f 3122/15829 3142/15830 3124/15831
f 3151/15832 3152/15833 3153/15834
f 3154/15835 539/15836 3085/15837
f 577/15838 3155/15839 578/15840
f 3156/15841 3157/15842 3073/15843
f 2466/15844 3158/15845 2467/15846
f 3111/15847 3112/15848 3142/15849
f 3112/15850 3113/15851 3159/15852
f 3161/15853 3160/15854 2046/15855
f 3122/15856 3123/15857 3142/15858
f 3030/15859 3162/15860 3032/15861
f 3163/15862 610/15863 612/15864
f 3166/15865 3165/15866 3164/15867
f 799/15868 555/15869 554/15870
f 3032/15871 3162/15872 3113/15873
f 798/15874 3167/15875 3168/15876
f 3169/15877 3056/15878 3168/15879
f 3168/15880 3056/15881 798/15882
f 3117/15883 3170/15884 3065/15885
f 3171/15886 2417/15887 2420/15888
f 3174/15889 3173/15890 3172/15891
f 3162/15892 3159/15893 3113/15894
f 3176/15895 2045/15896 3175/15897
f 3177/15898 3176/15899 3175/15900
f 3180/15901 3179/15902 3178/15903
f 3145/15904 3181/15905 3144/15906
f 3095/15907 1841/15908 1842/15909
f 566/15910 541/15911 540/15912
f 2041/15913 3146/15914 2042/15915
f 2041/15916 3183/15917 3182/15918
f 3125/15919 3124/15920 3149/15921
f 3149/15922 3124/15923 3150/15924
f 3184/15925 3158/15926 2466/15927
f 3184/15928 2466/15929 3185/15930
f 3181/15931 3145/15932 3186/15933
f 3144/15934 3187/15935 3143/15936
f 3188/15937 3189/15938 3190/15939
f 3191/15940 3144/15941 3181/15942
f 2046/15943 3187/15944 3144/15945
f 12/15946 3115/15947 10/15948
f 3193/15949 3187/15950 3192/15951
f 3196/15952 3195/15953 3194/15954
f 3195/15955 3196/15956 598/15957
f 3145/15958 3197/15959 3186/15960
f 3143/15961 3187/15962 3193/15963
f 3188/15964 3146/15965 3147/15966
f 3148/15967 3198/15968 3101/15969
f 3121/15970 1841/15971 3095/15972
f 2046/15973 3192/15974 3187/15975
f 3200/15976 3199/15977 3160/15978
f 3186/15979 3199/15980 3181/15981
f 3181/15982 3199/15983 3200/15984
f 3200/15985 3191/15986 3181/15987
f 3186/15988 3201/15989 3199/15990
f 3202/15991 3203/15992 3160/15993
f 3104/15994 3096/15995 3095/15996
f 3162/15997 3030/15998 597/15999
f 2043/16000 2042/16001 3204/16002
f 596/16003 2468/16004 3205/16005
f 3186/16006 3206/16007 3201/16008
f 2445/16009 2447/16010 3127/16011
f 3208/16012 3207/16013 3188/16014
f 3205/16015 3209/16016 596/16017
f 612/16018 611/16019 3105/16020
f 3106/16021 612/16022 3105/16023
f 3108/16024 2045/16025 3176/16026
f 3146/16027 3188/16028 3190/16029
f 3163/16030 3210/16031 610/16032
f 3201/16033 3206/16034 3209/16035
f 3209/16036 3205/16037 3201/16038
f 1843/16039 3108/16040 3176/16041
f 3139/16042 3065/16043 3170/16044
f 3150/16045 3182/16046 3149/16047
f 3148/16048 3149/16049 3198/16050
f 2043/16051 3198/16052 3183/16053
f 3194/16054 3208/16055 3182/16056
f 3208/16057 2041/16058 3182/16059
f 3112/16060 3194/16061 3150/16062
f 3194/16063 3112/16064 3196/16065
f 3159/16066 3196/16067 3112/16068
f 3150/16069 3194/16070 3182/16071
f 3160/16072 3199/16073 3202/16074
f 3159/16075 3162/16076 597/16077
f 598/16078 3196/16079 3159/16080
f 597/16081 598/16082 3159/16083
f 3142/16084 3112/16085 3150/16086
f 3197/16087 3206/16088 3186/16089
f 2046/16090 3191/16091 3161/16092
f 3139/16093 3170/16094 3101/16095
f 3201/16096 3205/16097 3202/16098
f 3201/16099 3202/16100 3199/16101
f 3198/16102 3131/16103 2435/16104
f 3101/16105 3198/16106 2435/16107
f 3149/16108 3182/16109 3198/16110
f 3183/16111 3198/16112 3182/16113
f 3101/16114 3170/16115 3148/16116
f 3170/16117 3126/16118 3148/16119
f 3148/16120 3126/16121 3125/16122
f 3211/16123 3126/16124 3170/16125
f 3170/16126 3117/16127 3211/16128
f 3188/16129 3147/16130 3208/16131
f 3208/16132 3147/16133 2041/16134
f 3207/16135 3197/16136 3145/16137
f 3145/16138 3143/16139 3207/16140
f 3193/16141 3212/16142 3189/16143
f 3213/16144 3019/16145 518/16146
f 3106/16147 3104/16148 1842/16149
f 3203/16150 2447/16151 3214/16152
f 3214/16153 3160/16154 3203/16155
f 3098/16156 3114/16157 577/16158
f 3194/16159 3195/16160 3208/16161
f 3188/16162 3207/16163 3189/16164
f 3189/16165 3207/16166 3143/16167
f 2468/16168 797/16169 3127/16170
f 3189/16171 3143/16172 3193/16173
f 556/16174 555/16175 597/16176
f 3030/16177 556/16178 597/16179
f 3177/16180 1843/16181 3176/16182
f 1842/16183 1843/16184 3177/16185
f 1887/16186 254/16187 253/16188
f 3163/16189 612/16190 3215/16191
f 3177/16192 3216/16193 1842/16194
f 563/16195 562/16196 3087/16197
f 3087/16198 562/16199 3083/16200
f 3089/16201 3090/16202 3102/16203
f 3082/16204 3089/16205 3102/16206
f 3086/16207 3217/16208 3042/16209
f 3042/16210 3218/16211 3043/16212
f 3204/16213 3131/16214 3198/16215
f 2043/16216 3204/16217 3198/16218
f 3210/16219 3163/16220 3219/16221
f 3219/16222 559/16223 3210/16224
f 3114/16225 3098/16226 3220/16227
f 3090/16228 3088/16229 3217/16230
f 3217/16231 3086/16232 3090/16233
f 542/16234 541/16235 3084/16236
f 567/16237 3221/16238 3222/16239
f 567/16240 3103/16241 568/16242
f 3098/16243 3091/16244 3139/16245
f 3139/16246 3100/16247 3098/16248
f 3139/16249 3101/16250 3100/16251
f 3127/16252 2447/16253 3203/16254
f 3215/16255 612/16256 3106/16257
f 3212/16258 3109/16259 1841/16260
f 3212/16261 1841/16262 3190/16263
f 3190/16264 3189/16265 3212/16266
f 3205/16267 2468/16268 3203/16269
f 3127/16270 3203/16271 2468/16272
f 2041/16273 2043/16274 3183/16275
f 2420/16276 2479/16277 2477/16278
f 3155/16279 577/16280 3114/16281
f 2468/16282 555/16283 799/16284
f 3223/16285 793/16286 2977/16287
f 3224/16288 2081/16289 2082/16290
f 3100/16291 3220/16292 3098/16293
f 3097/16294 2046/16295 3160/16296
f 3214/16297 3097/16298 3160/16299
f 3225/16300 3223/16301 3226/16302
f 3131/16303 3204/16304 3094/16305
f 3227/16306 2481/16307 2473/16308
f 3190/16309 1841/16310 3146/16311
f 2436/16312 3105/16313 2437/16314
f 2446/16315 3055/16316 3097/16317
f 2447/16318 2446/16319 3097/16320
f 3097/16321 3214/16322 2447/16323
f 3161/16324 3200/16325 3160/16326
f 3230/16327 3229/16328 3228/16329
f 3161/16330 3191/16331 3200/16332
f 3171/16333 3031/16334 3151/16335
f 3232/16336 2478/16337 3231/16338
f 3232/16339 3231/16340 3233/16341
f 3231/16342 3229/16343 3167/16344
f 3233/16345 3231/16346 3167/16347
f 3204/16348 3121/16349 3094/16350
f 2042/16351 3121/16352 3204/16353
f 3236/16354 3235/16355 3234/16356
f 1841/16357 3121/16358 3146/16359
f 3121/16360 2042/16361 3146/16362
f 3105/16363 611/16364 445/16365
f 611/16366 444/16367 445/16368
f 444/16369 611/16370 609/16371
f 2468/16372 596/16373 555/16374
f 598/16375 596/16376 3209/16377
f 3208/16378 3195/16379 3197/16380
f 3197/16381 3207/16382 3208/16383
f 598/16384 3209/16385 3195/16386
f 3209/16387 3206/16388 3195/16389
f 3206/16390 3197/16391 3195/16392
f 3205/16393 3203/16394 3202/16395
f 3109/16396 1843/16397 1841/16398
f 3210/16399 559/16400 3043/16401
f 3104/16402 3105/16403 3096/16404
f 3096/16405 3105/16406 2436/16407
f 3210/16408 3237/16409 610/16410
f 3043/16411 3237/16412 3210/16413
f 3043/16414 3218/16415 3237/16416
f 3218/16417 3238/16418 3237/16419
f 3237/16420 3238/16421 3239/16422
f 609/16423 610/16424 3239/16425
f 3239/16426 610/16427 3237/16428
f 3136/16429 3240/16430 3137/16431
f 2045/16432 3212/16433 3192/16434
f 3192/16435 3212/16436 3193/16437
f 3212/16438 2045/16439 3109/16440
f 3109/16441 2045/16442 3108/16443
f 3215/16444 1842/16445 3216/16446
f 1842/16447 3104/16448 3095/16449
f 3218/16450 3042/16451 3241/16452
f 3042/16453 3217/16454 3241/16455
f 2045/16456 3192/16457 2046/16458
f 443/16459 10/16460 2437/16461
f 3220/16462 3100/16463 2437/16464
f 2437/16465 3100/16466 2435/16467
f 3131/16468 3096/16469 2435/16470
f 2435/16471 3096/16472 2436/16473
f 3106/16474 1842/16475 3215/16476
f 561/16477 3242/16478 3110/16479
f 3242/16480 561/16481 3243/16482
f 561/16483 3219/16484 3243/16485
f 3219/16486 3163/16487 3244/16488
f 3219/16489 3244/16490 3243/16491
f 3244/16492 3163/16493 3215/16494
f 561/16495 559/16496 3219/16497
f 3215/16498 3216/16499 3244/16500
f 3245/16501 3244/16502 3216/16503
f 3243/16504 3244/16505 3245/16506
f 3246/16507 3245/16508 3216/16509
f 3246/16510 3175/16511 3245/16512
f 3245/16513 3175/16514 3243/16515
f 3243/16516 3175/16517 3242/16518
f 3177/16519 3175/16520 3246/16521
f 3216/16522 3177/16523 3246/16524
f 3242/16525 3175/16526 3110/16527
f 3110/16528 3175/16529 3022/16530
f 3241/16531 3217/16532 3088/16533
f 3220/16534 2437/16535 10/16536
f 2506/16537 2507/16538 2414/16539
f 2484/16540 3248/16541 3247/16542
f 3249/16543 3248/16544 2484/16545
f 444/16546 3250/16547 3222/16548
f 3222/16549 443/16550 444/16551
f 3179/16552 3251/16553 3178/16554
f 567/16555 566/16556 3252/16557
f 3252/16558 12/16559 11/16560
f 3116/16561 3178/16562 3155/16563
f 3114/16564 3116/16565 3155/16566
f 3252/16567 566/16568 540/16569
f 540/16570 12/16571 3252/16572
f 3218/16573 3241/16574 3253/16575
f 3088/16576 3253/16577 3241/16578
f 542/16579 3085/16580 3254/16581
f 3220/16582 10/16583 3115/16584
f 12/16585 3116/16586 3115/16587
f 3089/16588 3082/16589 562/16590
f 3154/16591 3085/16592 3084/16593
f 3018/16594 3253/16595 3088/16596
f 3253/16597 3250/16598 3238/16599
f 3238/16600 3250/16601 3239/16602
f 3254/16603 3085/16604 537/16605
f 519/16606 3019/16607 3020/16608
f 3020/16609 3255/16610 519/16611
f 12/16612 540/16613 3178/16614
f 12/16615 3178/16616 3116/16617
f 3218/16618 3253/16619 3238/16620
f 609/16621 3239/16622 3250/16623
f 609/16624 3250/16625 444/16626
f 3256/16627 3257/16628 3258/16629
f 2975/16630 3258/16631 3257/16632
f 3114/16633 3220/16634 3115/16635
f 3018/16636 3089/16637 3017/16638
f 3089/16639 3018/16640 3088/16641
f 541/16642 3132/16643 3084/16644
f 3259/16645 3260/16646 3261/16647
f 3221/16648 11/16649 3222/16650
f 3222/16651 11/16652 443/16653
f 3253/16654 3103/16655 3250/16656
f 3253/16657 3018/16658 3103/16659
f 10/16660 443/16661 11/16662
f 3222/16663 3103/16664 567/16665
f 3103/16666 3222/16667 3250/16668
f 579/16669 3262/16670 3066/16671
f 3066/16672 3262/16673 3093/16674
f 3263/16675 3236/16676 3234/16677
f 3180/16678 3178/16679 540/16680
f 3265/16681 3264/16682 3236/16683
f 3132/16684 568/16685 3017/16686
f 575/16687 576/16688 517/16689
f 517/16690 3266/16691 575/16692
f 3178/16693 3251/16694 3155/16695
f 2484/16696 578/16697 3249/16698
f 578/16699 2484/16700 579/16701
f 800/16702 801/16703 605/16704
f 605/16705 801/16706 3213/16707
f 3268/16708 3255/16709 3267/16710
f 3255/16711 3268/16712 519/16713
f 519/16714 3268/16715 3269/16716
f 3267/16717 3255/16718 3020/16719
f 3266/16720 517/16721 519/16722
f 519/16723 3269/16724 3266/16725
f 3261/16726 3271/16727 3270/16728
f 574/16729 3046/16730 576/16731
f 3047/16732 802/16733 800/16734
f 800/16735 583/16736 3047/16737
f 580/16738 3067/16739 2881/16740
f 3254/16741 3180/16742 540/16743
f 542/16744 3254/16745 540/16746
f 3272/16747 801/16748 802/16749
f 801/16750 3019/16751 3213/16752
f 802/16753 3273/16754 3272/16755
f 3273/16756 802/16757 3060/16758
f 3019/16759 3273/16760 3021/16761
f 573/16762 585/16763 571/16764
f 3273/16765 3019/16766 3272/16767
f 801/16768 3272/16769 3019/16770
f 3274/16771 3077/16772 2080/16773
f 3060/16774 802/16775 3038/16776
f 3038/16777 581/16778 3060/16779
f 3240/16780 3275/16781 3137/16782
f 3273/16783 3060/16784 3021/16785
f 792/16786 3005/16787 2539/16788
f 581/16789 580/16790 3060/16791
f 2497/16792 3016/16793 810/16794
f 2497/16795 810/16796 2496/16797
f 588/16798 3087/16799 586/16800
f 586/16801 3087/16802 3083/16803
f 3082/16804 3083/16805 562/16806
f 518/16807 517/16808 576/16809
f 3045/16810 574/16811 539/16812
f 539/16813 574/16814 538/16815
f 539/16816 563/16817 3045/16818
f 564/16819 563/16820 539/16821
f 3154/16822 564/16823 539/16824
f 3087/16825 3075/16826 3045/16827
f 3045/16828 563/16829 3087/16830
f 564/16831 3154/16832 3084/16833
f 562/16834 3132/16835 3089/16836
f 3017/16837 3089/16838 3132/16839
f 564/16840 3132/16841 562/16842
f 564/16843 3084/16844 3132/16845
f 3213/16846 589/16847 605/16848
f 518/16849 589/16850 3213/16851
f 3249/16852 3276/16853 3248/16854
f 605/16855 589/16856 3075/16857
f 3075/16858 588/16859 605/16860
f 3075/16861 589/16862 3046/16863
f 567/16864 3252/16865 3221/16866
f 3277/16867 3259/16868 3261/16869
f 3270/16870 3278/16871 538/16872
f 538/16873 3278/16874 537/16875
f 576/16876 3046/16877 589/16878
f 537/16879 3180/16880 3254/16881
f 3251/16882 3249/16883 3155/16884
f 3180/16885 537/16886 3278/16887
f 3078/16888 3279/16889 3248/16890
f 3248/16891 3279/16892 3247/16893
f 579/16894 2484/16895 2482/16896
f 3078/16897 3274/16898 3279/16899
f 537/16900 3085/16901 539/16902
f 3251/16903 3276/16904 3249/16905
f 3021/16906 3267/16907 3020/16908
f 3233/16909 3280/16910 2443/16911
f 2444/16912 3233/16913 2443/16914
f 3282/16915 3281/16916 3268/16917
f 3267/16918 3282/16919 3268/16920
f 2080/16921 2081/16922 3274/16923
f 3283/16924 3258/16925 2975/16926
f 3269/16927 3281/16928 3264/16929
f 538/16930 574/16931 575/16932
f 3268/16933 3281/16934 3269/16935
f 2967/16936 512/16937 3284/16938
f 3261/16939 3270/16940 575/16941
f 575/16942 3270/16943 538/16944
f 575/16945 3266/16946 3261/16947
f 3138/16948 3276/16949 3136/16950
f 3281/16951 3235/16952 3236/16953
f 3266/16954 3277/16955 3261/16956
f 3224/16957 3274/16958 2081/16959
f 3287/16960 3286/16961 3285/16962
f 3211/16963 3141/16964 3126/16965
f 3133/16966 3289/16967 3288/16968
f 3290/16969 3291/16970 3292/16971
f 3236/16972 3264/16973 3281/16974
f 3078/16975 3077/16976 3274/16977
f 3282/16978 3235/16979 3281/16980
f 3234/16981 3235/16982 3282/16983
f 3260/16984 3271/16985 3261/16986
f 3275/16987 3076/16988 3137/16989
f 3179/16990 3136/16991 3251/16992
f 3278/16993 3179/16994 3180/16995
f 3264/16996 3277/16997 3269/16998
f 3269/16999 3277/17000 3266/17001
f 3274/17002 3224/17003 3293/17004
f 3293/17005 3279/17006 3274/17007
f 3264/17008 3265/17009 3259/17010
f 3259/17011 3277/17012 3264/17013
f 3278/17014 3270/17015 3271/17016
f 3278/17017 3271/17018 3240/17019
f 3263/17020 2080/17021 3265/17022
f 3263/17023 3265/17024 3236/17025
f 3138/17026 3137/17027 3076/17028
f 3248/17029 3138/17030 3076/17031
f 3296/17032 3295/17033 3294/17034
f 2082/17035 2080/17036 3263/17037
f 3234/17038 2082/17039 3263/17040
f 3234/17041 3282/17042 3021/17043
f 3223/17044 2977/17045 3226/17046
f 3297/17047 3256/17048 3298/17049
f 3282/17050 3267/17051 3021/17052
f 799/17053 3280/17054 798/17055
f 798/17056 3280/17057 3167/17058
f 3076/17059 3078/17060 3248/17061
f 3221/17062 3252/17063 11/17064
f 3240/17065 3136/17066 3179/17067
f 3240/17068 3179/17069 3278/17070
f 3271/17071 3260/17072 3275/17073
f 3271/17074 3275/17075 3240/17076
f 3265/17077 3275/17078 3260/17079
f 3260/17080 3259/17081 3265/17082
f 2080/17083 3077/17084 3275/17085
f 2080/17086 3275/17087 3265/17088
f 3077/17089 3076/17090 3275/17091
f 3276/17092 3138/17093 3248/17094
f 3276/17095 3251/17096 3136/17097
f 2482/17098 3262/17099 579/17100
f 3117/17101 3299/17102 3211/17103
f 3117/17104 3092/17105 3299/17106
f 3300/17107 3301/17108 3299/17109
f 3299/17110 3092/17111 3300/17112
f 3302/17113 3028/17114 3029/17115
f 3141/17116 3029/17117 3140/17118
f 3093/17119 3300/17120 3092/17121
f 2975/17122 2974/17123 3283/17124
f 3303/17125 3304/17126 3224/17127
f 3093/17128 3262/17129 621/17130
f 2483/17131 2484/17132 3305/17133
f 3305/17134 3247/17135 3306/17136
f 2484/17137 3247/17138 3305/17139
f 3305/17140 3307/17141 2483/17142
f 3305/17143 3306/17144 3307/17145
f 3307/17146 2512/17147 2483/17148
f 2483/17149 2512/17150 2482/17151
f 3308/17152 2512/17153 3307/17154
f 3293/17155 3309/17156 3279/17157
f 3279/17158 3309/17159 3247/17160
f 3306/17161 3247/17162 3309/17163
f 3224/17164 3304/17165 3293/17166
f 3015/17167 810/17168 3016/17169
f 3309/17170 3293/17171 3304/17172
f 3309/17173 637/17174 3306/17175
f 789/17176 2975/17177 2992/17178
f 3297/17179 3310/17180 3256/17181
f 3303/17182 639/17183 637/17184
f 3304/17185 637/17186 3309/17187
f 3303/17188 637/17189 3304/17190
f 3313/17191 3312/17192 3311/17193
f 3257/17194 638/17195 639/17196
f 2994/17197 2511/17198 2509/17199
f 799/17200 554/17201 3280/17202
f 3297/17203 3308/17204 3310/17205
f 3310/17206 3308/17207 3314/17208
f 3314/17209 3308/17210 3306/17211
f 3306/17212 3308/17213 3307/17214
f 2477/17215 2478/17216 3232/17217
f 639/17218 2975/17219 3257/17220
f 3315/17221 3316/17222 2862/17223
f 3226/17224 2977/17225 897/17226
f 3310/17227 638/17228 3256/17229
f 3310/17230 3314/17231 638/17232
f 3306/17233 637/17234 3314/17235
f 638/17236 3314/17237 637/17238
f 3073/17239 3317/17240 3288/17241
f 3319/17242 3318/17243 3099/17244
f 3072/17245 3074/17246 3119/17247
f 3320/17248 621/17249 619/17250
f 3099/17251 2512/17252 3308/17253
f 3297/17254 3099/17255 3308/17256
f 620/17257 621/17258 3262/17259
f 3000/17260 3128/17261 3321/17262
f 2767/17263 2993/17264 3007/17265
f 3262/17266 2482/17267 620/17268
f 3318/17269 620/17270 3099/17271
f 3318/17272 619/17273 620/17274
f 3322/17275 3323/17276 3318/17277
f 3318/17278 3323/17279 619/17280
f 3325/17281 3286/17282 3324/17283
f 3120/17284 3327/17285 3326/17286
f 3328/17287 3111/17288 3027/17289
f 3329/17290 3072/17291 3119/17292
f 3135/17293 3327/17294 3289/17295
f 3156/17296 3073/17297 3072/17298
f 3072/17299 3329/17300 3156/17301
f 2601/17302 3330/17303 2599/17304
f 2506/17305 2415/17306 3331/17307
f 3028/17308 3332/17309 3333/17310
f 3027/17311 3111/17312 3123/17313
f 3027/17314 3028/17315 3333/17316
f 3128/17317 3129/17318 3334/17319
f 3118/17320 3329/17321 3119/17322
f 3301/17323 3329/17324 3118/17325
f 3300/17326 3329/17327 3301/17328
f 3300/17329 3320/17330 3329/17331
f 621/17332 3320/17333 3300/17334
f 621/17335 3300/17336 3093/17337
f 3156/17338 3329/17339 3320/17340
f 3156/17341 3320/17342 619/17343
f 619/17344 3323/17345 3156/17346
f 3323/17347 3157/17348 3156/17349
f 3324/17350 3286/17351 3335/17352
f 3073/17353 3288/17354 3336/17355
f 3336/17356 3074/17357 3073/17358
f 787/17359 788/17360 2767/17361
f 895/17362 3004/17363 3014/17364
f 624/17365 3333/17366 623/17367
f 3004/17368 2939/17369 2976/17370
f 3003/17371 3012/17372 3337/17373
f 784/17374 730/17375 3338/17376
f 3339/17377 3340/17378 3341/17379
f 3342/17380 2479/17381 2420/17382
f 2420/17383 2418/17384 3342/17385
f 3343/17386 3344/17387 3345/17388
f 892/17389 3346/17390 894/17391
f 3346/17392 892/17393 2980/17394
f 2985/17395 811/17396 2971/17397
f 3099/17398 3297/17399 3319/17400
f 809/17401 2766/17402 810/17403
f 3034/17404 2882/17405 2982/17406
f 2977/17407 793/17408 3059/17409
f 3059/17410 2976/17411 2977/17412
f 3347/17413 3348/17414 3349/17415
f 3341/17416 3340/17417 3350/17418
f 789/17419 3000/17420 2974/17421
f 3234/17422 3021/17423 3224/17424
f 3012/17425 3003/17426 3002/17427
f 513/17428 2882/17429 872/17430
f 514/17431 513/17432 872/17433
f 3291/17434 3351/17435 3292/17436
f 3070/17437 3071/17438 2986/17439
f 3004/17440 2976/17441 3059/17442
f 2539/17443 3004/17444 3059/17445
f 2495/17446 2496/17447 2672/17448
f 2495/17449 2992/17450 2497/17451
f 2497/17452 2992/17453 3016/17454
f 2496/17455 810/17456 2766/17457
f 3007/17458 2935/17459 2509/17460
f 2817/17461 885/17462 897/17463
f 2817/17464 897/17465 896/17466
f 3258/17467 3283/17468 3298/17469
f 3298/17470 3283/17471 3321/17472
f 3061/17473 894/17474 3352/17475
f 3015/17476 2992/17477 3224/17478
f 3015/17479 3224/17480 3021/17481
f 2992/17482 639/17483 3224/17484
f 3224/17485 639/17486 3303/17487
f 2974/17488 3321/17489 3283/17490
f 2992/17491 2975/17492 639/17493
f 3000/17494 3321/17495 2974/17496
f 2862/17497 2863/17498 3315/17499
f 3353/17500 3354/17501 3355/17502
f 3326/17503 3356/17504 3357/17505
f 3356/17506 3358/17507 3359/17508
f 3061/17509 580/17510 2881/17511
f 728/17512 3311/17513 729/17514
f 3014/17515 3005/17516 3360/17517
f 3362/17518 3361/17519 3351/17520
f 3363/17521 3331/17522 2415/17523
f 2415/17524 3364/17525 3363/17526
f 3364/17527 2419/17528 3363/17529
f 3365/17530 3366/17531 3367/17532
f 3365/17533 3367/17534 625/17535
f 3167/17536 3280/17537 3233/17538
f 3333/17539 3328/17540 3027/17541
f 2417/17542 3151/17543 3153/17544
f 3368/17545 3301/17546 3118/17547
f 3336/17548 3327/17549 3120/17550
f 3120/17551 3074/17552 3336/17553
f 3369/17554 3055/17555 3056/17556
f 3169/17557 3369/17558 3056/17559
f 2420/17560 2477/17561 3370/17562
f 3028/17563 3302/17564 3332/17565
f 3141/17566 3211/17567 3299/17568
f 3141/17569 3299/17570 3301/17571
f 3368/17572 3302/17573 3029/17574
f 3029/17575 3141/17576 3368/17577
f 3301/17578 3368/17579 3141/17580
f 3359/17581 3371/17582 3365/17583
f 3134/17584 2862/17585 3358/17586
f 3328/17587 3333/17588 624/17589
f 3152/17590 3151/17591 3032/17592
f 3032/17593 3328/17594 3152/17595
f 3328/17596 3032/17597 3113/17598
f 3111/17599 3328/17600 3113/17601
f 3151/17602 3031/17603 3032/17604
f 3230/17605 3169/17606 3168/17607
f 3167/17608 3230/17609 3168/17610
f 3229/17611 3230/17612 3167/17613
f 3372/17614 2488/17615 3373/17616
f 2442/17617 556/17618 3031/17619
f 3031/17620 556/17621 3030/17622
f 2443/17623 3280/17624 554/17625
f 3169/17626 3230/17627 3228/17628
f 3228/17629 3229/17630 3374/17631
f 3229/17632 3231/17633 2478/17634
f 3369/17635 3169/17636 3228/17637
f 3375/17638 3376/17639 592/17640
f 2443/17641 554/17642 556/17643
f 2442/17644 2443/17645 556/17646
f 3171/17647 2420/17648 3370/17649
f 2481/17650 3227/17651 3377/17652
f 3371/17653 3378/17654 3366/17655
f 3365/17656 3371/17657 3366/17658
f 578/17659 3155/17660 3249/17661
f 3379/17662 3378/17663 3316/17664
f 3151/17665 2417/17666 3171/17667
f 2442/17668 3370/17669 2444/17670
f 3370/17671 3031/17672 3171/17673
f 3031/17674 3370/17675 2442/17676
f 2413/17677 3164/17678 3364/17679
f 3364/17680 2415/17681 2413/17682
f 2477/17683 3232/17684 3233/17685
f 2444/17686 3370/17687 2477/17688
f 2477/17689 3233/17690 2444/17691
f 3357/17692 3365/17693 623/17694
f 3380/17695 3357/17696 623/17697
f 3381/17698 3164/17699 3165/17700
f 3342/17701 3381/17702 3165/17703
f 3164/17704 3381/17705 3364/17706
f 3331/17707 3378/17708 3379/17709
f 3331/17710 3379/17711 2506/17712
f 2761/17713 2472/17714 2480/17715
f 2473/17716 2480/17717 2472/17718
f 3355/17719 3354/17720 3382/17721
f 2419/17722 3364/17723 2418/17724
f 2418/17725 3364/17726 3381/17727
f 3383/17728 3384/17729 3385/17730
f 3289/17731 3336/17732 3288/17733
f 3387/17734 3166/17735 3386/17736
f 3386/17737 3166/17738 3388/17739
f 2413/17740 3388/17741 3166/17742
f 3389/17743 3349/17744 3348/17745
f 2414/17746 3391/17747 3392/17748
f 3172/17749 3173/17750 3315/17751
f 3315/17752 2863/17753 3172/17754
f 3164/17755 2413/17756 3166/17757
f 837/17758 836/17759 2761/17760
f 2761/17761 2758/17762 837/17763
f 3395/17764 3394/17765 3393/17766
f 3396/17767 841/17768 840/17769
f 3165/17770 3397/17771 2479/17772
f 3387/17773 3397/17774 3165/17775
f 3165/17776 3166/17777 3387/17778
f 3399/17779 2522/17780 3398/17781
f 3359/17782 3358/17783 3371/17784
f 3356/17785 3326/17786 3327/17787
f 3135/17788 3356/17789 3327/17790
f 3357/17791 3356/17792 3359/17793
f 3359/17794 3365/17795 3357/17796
f 3400/17797 3395/17798 3393/17799
f 3400/17800 3393/17801 591/17802
f 3342/17803 2418/17804 3381/17805
f 2485/17806 3374/17807 3229/17808
f 3229/17809 2478/17810 2485/17811
f 448/17812 446/17813 3401/17814
f 3228/17815 3374/17816 3369/17817
f 3402/17818 3012/17819 3013/17820
f 3386/17821 3403/17822 3158/17823
f 3387/17824 3386/17825 3158/17826
f 3382/17827 3354/17828 3377/17829
f 3377/17830 3354/17831 2481/17832
f 2427/17833 2438/17834 3404/17835
f 3388/17836 3403/17837 3386/17838
f 3365/17839 625/17840 623/17841
f 3405/17842 3406/17843 3399/17844
f 2883/17845 3367/17846 2419/17847
f 624/17848 3152/17849 3328/17850
f 624/17851 625/17852 3153/17853
f 624/17854 3153/17855 3152/17856
f 3367/17857 2883/17858 625/17859
f 2883/17860 2417/17861 3153/17862
f 3153/17863 625/17864 2883/17865
f 3407/17866 3302/17867 3368/17868
f 3407/17869 3118/17870 3120/17871
f 3118/17872 3407/17873 3368/17874
f 3289/17875 3327/17876 3336/17877
f 3407/17878 3380/17879 3332/17880
f 3302/17881 3407/17882 3332/17883
f 3367/17884 3366/17885 3363/17886
f 3363/17887 2419/17888 3367/17889
f 3074/17890 3120/17891 3119/17892
f 3289/17893 3133/17894 3135/17895
f 623/17896 3333/17897 3380/17898
f 3332/17899 3380/17900 3333/17901
f 3357/17902 3380/17903 3326/17904
f 3407/17905 3326/17906 3380/17907
f 3120/17908 3326/17909 3407/17910
f 3316/17911 3378/17912 3358/17913
f 3316/17914 3358/17915 2862/17916
f 3331/17917 3366/17918 3378/17919
f 3363/17920 3366/17921 3331/17922
f 3408/17923 2758/17924 2761/17925
f 3409/17926 3073/17927 3157/17928
f 3325/17929 2997/17930 2998/17931
f 3371/17932 3358/17933 3378/17934
f 3410/17935 3335/17936 3411/17937
f 3135/17938 3358/17939 3356/17940
f 3412/17941 592/17942 591/17943
f 3375/17944 2864/17945 3376/17946
f 3376/17947 3133/17948 3410/17949
f 2414/17950 3392/17951 2413/17952
f 3395/17953 3398/17954 3394/17955
f 2500/17956 3394/17957 3413/17958
f 3414/17959 3393/17960 3394/17961
f 3373/17962 2488/17963 2486/17964
f 2863/17965 3412/17966 3415/17967
f 2863/17968 3375/17969 3412/17970
f 592/17971 3412/17972 3375/17973
f 2863/17974 2864/17975 3375/17976
f 3135/17977 3134/17978 3358/17979
f 3322/17980 3157/17981 3323/17982
f 592/17983 3411/17984 590/17985
f 592/17986 3410/17987 3411/17988
f 3376/17989 3410/17990 592/17991
f 3287/17992 590/17993 3411/17994
f 3256/17995 638/17996 3257/17997
f 3133/17998 3376/17999 2864/18000
f 3133/18001 2864/18002 3134/18003
f 3390/18004 2466/18005 2608/18006
f 436/18007 3390/18008 2608/18009
f 2413/18010 3392/18011 3388/18012
f 2864/18013 2862/18014 3134/18015
f 591/18016 2487/18017 3412/18018
f 3393/18019 2487/18020 591/18021
f 3412/18022 2487/18023 2488/18024
f 3412/18025 2488/18026 3415/18027
f 3415/18028 3372/18029 3172/18030
f 3415/18031 3172/18032 2863/18033
f 2427/18034 3404/18035 653/18036
f 653/18037 2489/18038 2427/18039
f 3315/18040 3173/18041 3316/18042
f 3379/18043 3316/18044 3173/18045
f 3417/18046 3403/18047 3416/18048
f 3173/18049 2506/18050 3379/18051
f 2506/18052 3173/18053 2505/18054
f 2448/18055 2758/18056 3418/18057
f 2448/18058 3418/18059 2438/18060
f 2438/18061 3418/18062 3404/18063
f 2507/18064 3391/18065 2414/18066
f 3397/18067 3184/18068 3374/18069
f 2485/18070 3397/18071 3374/18072
f 2481/18073 3354/18074 3408/18075
f 3408/18076 2761/18077 2481/18078
f 2507/18079 2505/18080 3391/18081
f 3184/18082 3185/18083 3374/18084
f 3372/18085 3415/18086 2488/18087
f 3383/18088 2505/18089 3174/18090
f 3174/18091 2505/18092 3173/18093
f 3342/18094 3165/18095 2479/18096
f 2788/18097 3419/18098 2789/18099
f 2505/18100 3383/18101 3391/18102
f 2472/18103 2761/18104 836/18105
f 2485/18106 2479/18107 3397/18108
f 3416/18109 3403/18110 3388/18111
f 3420/18112 3391/18113 3383/18114
f 3355/18115 3382/18116 3421/18117
f 3421/18118 3382/18119 3420/18120
f 3391/18121 3420/18122 3416/18123
f 3392/18124 3391/18125 3416/18126
f 3355/18127 3421/18128 3385/18129
f 3227/18130 3403/18131 3417/18132
f 653/18133 3404/18134 446/18135
f 3377/18136 3227/18137 3417/18138
f 3417/18139 3416/18140 3420/18141
f 3227/18142 2473/18143 2467/18144
f 3158/18145 3227/18146 2467/18147
f 3388/18148 3392/18149 3416/18150
f 3227/18151 3158/18152 3403/18153
f 3158/18154 3184/18155 3387/18156
f 3184/18157 3397/18158 3387/18159
f 3404/18160 3418/18161 3408/18162
f 3404/18163 3408/18164 3422/18165
f 3347/18166 3423/18167 3348/18168
f 2591/18169 2571/18170 2609/18171
f 2658/18172 3424/18173 2571/18174
f 2754/18175 2658/18176 2571/18177
f 3421/18178 3420/18179 3383/18180
f 3385/18181 3421/18182 3383/18183
f 3408/18184 3418/18185 2758/18186
f 3417/18187 3382/18188 3377/18189
f 3420/18190 3382/18191 3417/18192
f 3389/18193 3425/18194 3349/18195
f 3394/18196 3425/18197 3414/18198
f 2509/18199 2935/18200 2994/18201
f 3426/18202 3425/18203 3394/18204
f 2500/18205 3426/18206 3394/18207
f 2487/18208 3393/18209 3414/18210
f 3390/18211 3369/18212 3374/18213
f 3185/18214 3390/18215 3374/18216
f 2046/18217 3144/18218 3191/18219
f 2466/18220 3390/18221 3185/18222
f 3353/18223 3427/18224 3354/18225
f 3354/18226 3422/18227 3408/18228
f 3422/18229 3354/18230 3427/18231
f 3373/18232 3428/18233 3384/18234
f 3401/18235 3347/18236 448/18237
f 3383/18238 3174/18239 3384/18240
f 3172/18241 3372/18242 3174/18243
f 3389/18244 2486/18245 3414/18246
f 3373/18247 3174/18248 3372/18249
f 3349/18250 3425/18251 652/18252
f 652/18253 3347/18254 3349/18255
f 2487/18256 3414/18257 2486/18258
f 3373/18259 3384/18260 3174/18261
f 3413/18262 2522/18263 2501/18264
f 2500/18265 3413/18266 2501/18267
f 2522/18268 3413/18269 3398/18270
f 3398/18271 3413/18272 3394/18273
f 3385/18274 3429/18275 3355/18276
f 3427/18277 3430/18278 3422/18279
f 3430/18280 3427/18281 3431/18282
f 3428/18283 3429/18284 3385/18285
f 3428/18286 3385/18287 3384/18288
f 3355/18289 3429/18290 3353/18291
f 3348/18292 3428/18293 3373/18294
f 3389/18295 3348/18296 2486/18297
f 2486/18298 3348/18299 3373/18300
f 3288/18301 3324/18302 3335/18303
f 3401/18304 446/18305 3430/18306
f 3347/18307 652/18308 533/18309
f 448/18310 3347/18311 533/18312
f 3429/18313 3423/18314 3431/18315
f 3431/18316 3353/18317 3429/18318
f 3353/18319 3431/18320 3427/18321
f 3428/18322 3423/18323 3429/18324
f 3348/18325 3423/18326 3428/18327
f 3347/18328 3431/18329 3423/18330
f 3401/18331 3430/18332 3431/18333
f 3347/18334 3401/18335 3431/18336
f 3422/18337 3430/18338 446/18339
f 446/18340 3404/18341 3422/18342
f 3062/18343 3061/18344 2600/18345
f 3062/18346 2600/18347 3063/18348
f 3389/18349 3414/18350 3425/18351
f 2500/18352 532/18353 3426/18354
f 3425/18355 3426/18356 652/18357
f 652/18358 3426/18359 532/18360
f 2501/18361 2522/18362 2502/18363
f 2992/18364 788/18365 789/18366
f 2510/18367 2511/18368 3012/18369
f 3432/18370 3007/18371 2509/18372
f 3433/18373 3405/18374 633/18375
f 3297/18376 3334/18377 3319/18378
f 3317/18379 3324/18380 3288/18381
f 827/18382 646/18383 2598/18384
f 633/18385 3405/18386 3400/18387
f 3013/18388 2503/18389 3399/18390
f 3399/18391 2503/18392 2522/18393
f 811/18394 2991/18395 2971/18396
f 2503/18397 3013/18398 2511/18399
f 2511/18400 2994/18401 2503/18402
f 3129/18403 3319/18404 3334/18405
f 3319/18406 3129/18407 3434/18408
f 3410/18409 3288/18410 3335/18411
f 3133/18412 3288/18413 3410/18414
f 2991/18415 2574/18416 2573/18417
f 3400/18418 3405/18419 3395/18420
f 3398/18421 3405/18422 3399/18423
f 3395/18424 3405/18425 3398/18426
f 3402/18427 3337/18428 3012/18429
f 789/18430 3435/18431 3002/18432
f 3321/18433 3334/18434 3298/18435
f 3399/18436 3406/18437 3436/18438
f 3436/18439 3013/18440 3399/18441
f 3433/18442 3406/18443 3405/18444
f 3000/18445 3001/18446 3128/18447
f 3002/18448 3000/18449 789/18450
f 3317/18451 3073/18452 3409/18453
f 3298/18454 3334/18455 3297/18456
f 3286/18457 3437/18458 3285/18459
f 3129/18460 3130/18461 3438/18462
f 2767/18463 2566/18464 2993/18465
f 3402/18466 3439/18467 3337/18468
f 3440/18469 3439/18470 3402/18471
f 2600/18472 3441/18473 2601/18474
f 3442/18475 3443/18476 3444/18477
f 3325/18478 3437/18479 3286/18480
f 2998/18481 3437/18482 3325/18483
f 3442/18484 2998/18485 2996/18486
f 2998/18487 3442/18488 3444/18489
f 2998/18490 3444/18491 3437/18492
f 3287/18493 3335/18494 3286/18495
f 3411/18496 3335/18497 3287/18498
f 3435/18499 3432/18500 3445/18501
f 3445/18502 3432/18503 2510/18504
f 3402/18505 3446/18506 3440/18507
f 3433/18508 3446/18509 3406/18510
f 3406/18511 3446/18512 3436/18513
f 3436/18514 3446/18515 3402/18516
f 3402/18517 3013/18518 3436/18519
f 2991/18520 3063/18521 2574/18522
f 2600/18523 2599/18524 2574/18525
f 2574/18526 3063/18527 2600/18528
f 3409/18529 2997/18530 3325/18531
f 3325/18532 3317/18533 3409/18534
f 3325/18535 3324/18536 3317/18537
f 3447/18538 3440/18539 3448/18540
f 2997/18541 3409/18542 3157/18543
f 633/18544 590/18545 3287/18546
f 633/18547 3287/18548 3285/18549
f 3285/18550 3433/18551 633/18552
f 591/18553 633/18554 3400/18555
f 3444/18556 3285/18557 3437/18558
f 3432/18559 787/18560 3007/18561
f 3258/18562 3298/18563 3256/18564
f 3444/18565 3449/18566 3285/18567
f 3447/18568 3439/18569 3440/18570
f 3435/18571 3445/18572 3012/18573
f 3012/18574 3445/18575 2510/18576
f 3449/18577 3446/18578 3433/18579
f 3285/18580 3449/18581 3433/18582
f 3449/18583 3443/18584 3448/18585
f 3443/18586 3449/18587 3444/18588
f 3448/18589 3440/18590 3449/18591
f 3446/18592 3449/18593 3440/18594
f 3128/18595 3334/18596 3321/18597
f 3129/18598 3438/18599 3434/18600
f 3441/18601 3450/18602 2601/18603
f 3448/18604 3130/18605 3447/18606
f 3443/18607 3130/18608 3448/18609
f 3432/18610 2509/18611 2510/18612
f 3061/18613 893/18614 894/18615
f 3451/18616 3441/18617 3352/18618
f 2997/18619 3157/18620 3322/18621
f 3447/18622 3130/18623 3128/18624
f 3322/18625 3434/18626 2996/18627
f 3322/18628 2996/18629 2997/18630
f 2996/18631 3434/18632 3442/18633
f 3452/18634 3434/18635 3438/18636
f 3438/18637 3443/18638 3452/18639
f 3442/18640 3434/18641 3452/18642
f 3452/18643 3443/18644 3442/18645
f 3438/18646 3130/18647 3443/18648
f 3322/18649 3319/18650 3434/18651
f 3318/18652 3319/18653 3322/18654
f 3002/18655 3435/18656 3012/18657
f 3439/18658 3001/18659 3003/18660
f 3003/18661 3337/18662 3439/18663
f 3128/18664 3001/18665 3447/18666
f 3001/18667 3439/18668 3447/18669
f 3007/18670 787/18671 2767/18672
f 3006/18673 2935/18674 3007/18675
f 3435/18676 787/18677 3432/18678
f 3061/18679 3352/18680 3441/18681
f 3061/18682 3441/18683 2600/18684
f 789/18685 787/18686 3435/18687
f 640/18688 2846/18689 2818/18690
f 3071/18691 899/18692 2574/18693
f 2402/18694 3070/18695 847/18696
f 847/18697 3070/18698 2518/18699
f 3451/18700 3450/18701 3441/18702
f 3068/18703 2965/18704 2963/18705
f 3455/18706 3454/18707 3453/18708
f 893/18709 2881/18710 2882/18711
f 2881/18712 893/18713 3061/18714
f 2980/18715 2963/18716 2987/18717
f 3456/18718 791/18719 3457/18720
f 3070/18721 2986/18722 3458/18723
f 2995/18724 3064/18725 3034/18726
f 2846/18727 814/18728 3035/18729
f 813/18730 814/18731 2846/18732
f 814/18733 895/18734 3035/18735
f 895/18736 814/18737 812/18738
f 3060/18739 3061/18740 3021/18741
f 3021/18742 3061/18743 3015/18744
f 3459/18745 811/18746 810/18747
f 811/18748 3459/18749 3062/18750
f 3460/18751 730/18752 3461/18753
f 729/18754 3461/18755 730/18756
f 3464/18757 3463/18758 3462/18759
f 3071/18760 3465/18761 2987/18762
f 2986/18763 3071/18764 2987/18765
f 900/18766 3071/18767 2402/18768
f 900/18769 899/18770 3071/18771
f 3064/18772 893/18773 2882/18774
f 2980/18775 2987/18776 3330/18777
f 3330/18778 2987/18779 3465/18780
f 3450/18781 2980/18782 3330/18783
f 2402/18784 846/18785 2871/18786
f 3346/18787 2980/18788 3450/18789
f 2570/18790 2571/18791 2591/18792
f 2517/18793 2964/18794 2965/18795
f 3458/18796 2986/18797 2964/18798
f 812/18799 896/18800 895/18801
f 3035/18802 3466/18803 3467/18804
f 3450/18805 3451/18806 3346/18807
f 3346/18808 3451/18809 894/18810
f 3465/18811 3071/18812 2574/18813
f 2601/18814 3450/18815 3330/18816
f 2964/18817 2517/18818 2518/18819
f 894/18820 3451/18821 3352/18822
f 3062/18823 3459/18824 3061/18825
f 2882/18826 2753/18827 2982/18828
f 2753/18829 515/18830 2982/18831
f 2982/18832 515/18833 2791/18834
f 2991/18835 811/18836 3062/18837
f 2518/18838 3070/18839 3458/18840
f 3061/18841 3459/18842 3015/18843
f 3015/18844 3459/18845 810/18846
f 2599/18847 3465/18848 2574/18849
f 872/18850 2636/18851 2635/18852
f 3064/18853 2882/18854 3034/18855
f 3465/18856 2599/18857 3330/18858
f 2965/18859 3068/18860 893/18861
f 2882/18862 513/18863 2753/18864
f 3458/18865 2964/18866 2518/18867
f 3468/18868 3469/18869 2781/18870
f 3340/18871 3470/18872 3350/18873
f 893/18874 3068/18875 892/18876
f 643/18877 3453/18878 642/18879
f 3471/18880 2404/18881 3472/18882
f 3472/18883 2404/18884 3473/18885
f 2965/18886 893/18887 3064/18888
f 885/18889 2636/18890 897/18891
f 2636/18892 2876/18893 2637/18894
f 2876/18895 2636/18896 885/18897
f 2636/18898 872/18899 897/18900
f 3338/18901 730/18902 3460/18903
f 3351/18904 3291/18905 3362/18906
f 3474/18907 3475/18908 3476/18909
f 3479/18910 3478/18911 3477/18912
f 1657/18913 1425/18914 3290/18915
f 3480/18916 3481/18917 3482/18918
f 684/18919 3483/18920 2302/18921
f 3485/18922 3484/18923 2301/18924
f 2491/18925 3486/18926 3487/18927
f 2493/18928 3486/18929 2491/18930
f 3490/18931 3489/18932 3488/18933
f 3491/18934 659/18935 3492/18936
f 658/18937 3493/18938 1426/18939
f 1657/18940 3290/18941 3494/18942
f 3495/18943 660/18944 659/18945
f 659/18946 3491/18947 3495/18948
f 3496/18949 510/18950 512/18951
f 3499/18952 3498/18953 3497/18954
f 3500/18955 3501/18956 3502/18957
f 3361/18958 3362/18959 3503/18960
f 3504/18961 3361/18962 3503/18963
f 659/18964 658/18965 1657/18966
f 3492/18967 659/18968 1657/18969
f 3294/18970 660/18971 3495/18972
f 3505/18973 3490/18974 3488/18975
f 3292/18976 3351/18977 3290/18978
f 3494/18979 3290/18980 3351/18981
f 3488/18982 3507/18983 3506/18984
f 3493/18985 658/18986 660/18987
f 2968/18988 3509/18989 3508/18990
f 3510/18991 825/18992 824/18993
f 660/18994 3511/18995 3493/18996
f 2493/18997 2967/18998 3284/18999
f 3512/19000 2493/19001 3284/19002
f 3514/19003 3513/19004 3512/19005
f 3513/19006 3514/19007 3503/19008
f 3284/19009 3514/19010 3512/19011
f 3290/19012 1425/19013 3291/19014
f 3515/19015 3503/19016 3362/19017
f 3515/19018 3362/19019 3291/19020
f 3516/19021 2309/19022 2308/19023
f 3517/19024 3504/19025 3514/19026
f 3504/19027 3503/19028 3514/19029
f 3519/19030 3504/19031 3518/19032
f 3504/19033 3520/19034 3518/19035
f 3520/19036 3504/19037 3517/19038
f 511/19039 3517/19040 3521/19041
f 3520/19042 3517/19043 511/19044
f 3284/19045 512/19046 3521/19047
f 3514/19048 3284/19049 3521/19050
f 3517/19051 3514/19052 3521/19053
f 3524/19054 3523/19055 3522/19056
f 2652/19057 2866/19058 2654/19059
f 3525/19060 3526/19061 3527/19062
f 3530/19063 3529/19064 3528/19065
f 3508/19066 746/19067 413/19068
f 2968/19069 3508/19070 3496/19071
f 3531/19072 442/19073 415/19074
f 3532/19075 1272/19076 2307/19077
f 3533/19078 3531/19079 415/19080
f 2491/19081 3487/19082 3534/19083
f 2967/19084 2968/19085 512/19086
f 2491/19087 3534/19088 2492/19089
f 746/19090 3508/19091 3535/19092
f 3501/19093 3536/19094 2311/19095
f 679/19096 2452/19097 3537/19098
f 3537/19099 2452/19100 2454/19101
f 2355/19102 3539/19103 3538/19104
f 3534/19105 3509/19106 2492/19107
f 2492/19108 3509/19109 2968/19110
f 3541/19111 3540/19112 3515/19113
f 3535/19114 3508/19115 3509/19116
f 2493/19117 3512/19118 3486/19119
f 2493/19120 2492/19121 2967/19122
f 3542/19123 3543/19124 3544/19125
f 806/19126 2399/19127 835/19128
f 2609/19129 2608/19130 779/19131
f 3545/19132 3546/19133 3547/19134
f 3548/19135 3549/19136 3550/19137
f 3487/19138 3551/19139 3534/19140
f 829/19141 825/19142 3510/19143
f 3554/19144 3553/19145 3552/19146
f 3555/19147 3556/19148 3531/19149
f 442/19150 3531/19151 3556/19152
f 442/19153 3556/19154 510/19155
f 510/19156 413/19157 442/19158
f 413/19159 510/19160 3496/19161
f 2576/19162 3557/19163 3558/19164
f 3508/19165 413/19166 3496/19167
f 3520/19168 511/19169 3518/19170
f 3559/19171 3560/19172 2397/19173
f 3562/19174 3561/19175 3533/19176
f 414/19177 3562/19178 3533/19179
f 3533/19180 415/19181 414/19182
f 3564/19183 3563/19184 3533/19185
f 3533/19186 3561/19187 3564/19188
f 705/19189 3563/19190 707/19191
f 3563/19192 705/19193 703/19194
f 511/19195 3556/19196 3518/19197
f 3555/19198 3565/19199 3556/19200
f 3518/19201 3556/19202 3565/19203
f 835/19204 3566/19205 2401/19206
f 3556/19207 511/19208 510/19209
f 3567/19210 3568/19211 3527/19212
f 3563/19213 3531/19214 3533/19215
f 707/19216 3563/19217 3564/19218
f 3540/19219 615/19220 3486/19221
f 3571/19222 3570/19223 3569/19224
f 808/19225 3562/19226 3572/19227
f 3562/19228 808/19229 3561/19230
f 3573/19231 3554/19232 3552/19233
f 3500/19234 699/19235 3501/19236
f 3574/19237 808/19238 3557/19239
f 2453/19240 2452/19241 3575/19242
f 808/19243 807/19244 3557/19245
f 3535/19246 3576/19247 746/19248
f 3294/19249 3505/19250 3577/19251
f 3578/19252 3527/19253 3568/19254
f 3564/19255 808/19256 3579/19257
f 707/19258 3564/19259 3579/19260
f 2771/19261 3580/19262 2352/19263
f 3558/19264 807/19265 3581/19266
f 3575/19267 2452/19268 3582/19269
f 2576/19270 3558/19271 2578/19272
f 3583/19273 2577/19274 2578/19275
f 3573/19276 3583/19277 2578/19278
f 3584/19279 3553/19280 3554/19281
f 913/19282 3585/19283 916/19284
f 3575/19285 3542/19286 3552/19287
f 3544/19288 3552/19289 3542/19290
f 3586/19291 3540/19292 3541/19293
f 3583/19294 3573/19295 3552/19296
f 3575/19297 3552/19298 3553/19299
f 2364/19300 2366/19301 3587/19302
f 3512/19303 3540/19304 3486/19305
f 677/19306 416/19307 418/19308
f 3590/19309 3589/19310 3588/19311
f 3553/19312 2453/19313 3575/19314
f 3542/19315 664/19316 662/19317
f 3591/19318 678/19319 2400/19320
f 678/19321 3591/19322 3592/19323
f 614/19324 3540/19325 3586/19326
f 825/19327 765/19328 3593/19329
f 3548/19330 3550/19331 3594/19332
f 3595/19333 3596/19334 3487/19335
f 3487/19336 3486/19337 3595/19338
f 3524/19339 3530/19340 3528/19341
f 3597/19342 3598/19343 663/19344
f 3599/19345 3600/19346 3601/19347
f 3603/19348 3602/19349 3566/19350
f 3548/19351 3602/19352 3603/19353
f 3569/19354 3570/19355 3604/19356
f 3604/19357 3570/19358 3544/19359
f 3544/19360 3570/19361 3583/19362
f 3552/19363 3544/19364 3583/19365
f 3605/19366 663/19367 3606/19368
f 681/19369 693/19370 3607/19371
f 3503/19372 3515/19373 3540/19374
f 891/19375 889/19376 3608/19377
f 688/19378 3572/19379 3609/19380
f 808/19381 3572/19382 688/19383
f 3542/19384 3575/19385 664/19386
f 3597/19387 664/19388 3575/19389
f 3529/19390 3598/19391 3610/19392
f 3598/19393 3529/19394 3611/19395
f 664/19396 3597/19397 663/19398
f 3605/19399 662/19400 663/19401
f 3598/19402 3611/19403 3606/19404
f 663/19405 3598/19406 3606/19407
f 3612/19408 3613/19409 3614/19410
f 3593/19411 3615/19412 689/19413
f 3582/19414 3616/19415 3610/19416
f 826/19417 825/19418 3617/19419
f 3582/19420 3597/19421 3575/19422
f 3616/19423 3618/19424 3619/19425
f 3582/19426 3618/19427 3616/19428
f 3582/19429 3610/19430 3597/19431
f 3597/19432 3610/19433 3598/19434
f 3529/19435 3620/19436 3528/19437
f 695/19438 696/19439 2451/19440
f 3557/19441 807/19442 3558/19443
f 2452/19444 3618/19445 3582/19446
f 679/19447 3621/19448 691/19449
f 691/19450 3622/19451 679/19452
f 3623/19453 756/19454 937/19455
f 3624/19456 3620/19457 3616/19458
f 3616/19459 3620/19460 3610/19461
f 3535/19462 689/19463 3576/19464
f 3588/19465 416/19466 3590/19467
f 3592/19468 416/19469 678/19470
f 3625/19471 2451/19472 2450/19473
f 3626/19474 2451/19475 3625/19476
f 3588/19477 2348/19478 416/19479
f 416/19480 677/19481 678/19482
f 685/19483 2454/19484 2453/19485
f 3620/19486 3529/19487 3610/19488
f 3595/19489 3486/19490 615/19491
f 696/19492 3627/19493 754/19494
f 3628/19495 754/19496 3627/19497
f 2366/19498 819/19499 3629/19500
f 3587/19501 2366/19502 3629/19503
f 3618/19504 2452/19505 3619/19506
f 3631/19507 2360/19508 3630/19509
f 3632/19510 3631/19511 3630/19512
f 3633/19513 3620/19514 3624/19515
f 3589/19516 3620/19517 3633/19518
f 3634/19519 3624/19520 3616/19521
f 3616/19522 3619/19523 3634/19524
f 688/19525 3609/19526 689/19527
f 689/19528 3609/19529 3576/19530
f 3637/19531 3636/19532 3635/19533
f 766/19534 3484/19535 3499/19536
f 3619/19537 2452/19538 679/19539
f 3584/19540 2453/19541 3553/19542
f 3501/19543 828/19544 3638/19545
f 829/19546 3638/19547 828/19548
f 685/19549 3613/19550 2454/19551
f 689/19552 3617/19553 3593/19554
f 3617/19555 689/19556 3535/19557
f 685/19558 2453/19559 3584/19560
f 746/19561 3576/19562 414/19563
f 3584/19564 3554/19565 686/19566
f 686/19567 3554/19568 3573/19569
f 3534/19570 3551/19571 3509/19572
f 3509/19573 2119/19574 3535/19575
f 681/19576 3640/19577 3639/19578
f 826/19579 3617/19580 3535/19581
f 2119/19582 826/19583 3535/19584
f 3581/19585 807/19586 3498/19587
f 414/19588 3609/19589 3562/19590
f 3576/19591 3609/19592 414/19593
f 3621/19594 3537/19595 3612/19596
f 686/19597 685/19598 3584/19599
f 686/19600 2578/19601 3641/19602
f 3573/19603 2578/19604 686/19605
f 3642/19606 3558/19607 3581/19608
f 3642/19609 3641/19610 2578/19611
f 2578/19612 3558/19613 3642/19614
f 687/19615 807/19616 688/19617
f 807/19618 687/19619 3498/19620
f 3564/19621 3561/19622 808/19623
f 3612/19624 3614/19625 666/19626
f 3622/19627 691/19628 692/19629
f 3643/19630 824/19631 2119/19632
f 2310/19633 757/19634 2311/19635
f 3644/19636 2311/19637 757/19638
f 3485/19639 3499/19640 3484/19641
f 3484/19642 766/19643 758/19644
f 3645/19645 3614/19646 3613/19647
f 685/19648 684/19649 3613/19650
f 3593/19651 3617/19652 825/19653
f 3646/19654 766/19655 767/19656
f 3612/19657 666/19658 691/19659
f 667/19660 691/19661 666/19662
f 3647/19663 3648/19664 3649/19665
f 679/19666 3622/19667 3640/19668
f 938/19669 3587/19670 3629/19671
f 3621/19672 3612/19673 691/19674
f 3612/19675 3537/19676 3613/19677
f 3537/19678 3621/19679 679/19680
f 754/19681 756/19682 3623/19683
f 754/19684 3623/19685 696/19686
f 3607/19687 680/19688 681/19689
f 679/19690 3640/19691 681/19692
f 679/19693 680/19694 3619/19695
f 3650/19696 3599/19697 3601/19698
f 696/19699 694/19700 3627/19701
f 3639/19702 693/19703 681/19704
f 2337/19705 418/19706 818/19707
f 2334/19708 418/19709 2337/19710
f 418/19711 417/19712 3626/19713
f 818/19714 418/19715 3626/19716
f 3601/19717 2451/19718 3650/19719
f 3650/19720 2451/19721 3626/19722
f 684/19723 3645/19724 3613/19725
f 754/19726 3628/19727 755/19728
f 3649/19729 3651/19730 3647/19731
f 3651/19732 3628/19733 3647/19734
f 684/19735 2302/19736 3645/19737
f 2454/19738 3613/19739 3537/19740
f 3647/19741 3628/19742 3627/19743
f 3640/19744 3622/19745 3652/19746
f 3652/19747 3622/19748 3653/19749
f 938/19750 3629/19751 936/19752
f 3648/19753 2049/19754 3649/19755
f 819/19756 2366/19757 820/19758
f 3625/19759 819/19760 818/19761
f 937/19762 936/19763 3625/19764
f 693/19765 695/19766 3607/19767
f 3607/19768 695/19769 3654/19770
f 3601/19771 3654/19772 695/19773
f 3589/19774 3600/19775 3599/19776
f 2337/19777 818/19778 820/19779
f 3599/19780 3588/19781 3589/19782
f 3625/19783 818/19784 3626/19785
f 3626/19786 417/19787 3650/19788
f 3655/19789 3607/19790 3654/19791
f 3607/19792 3655/19793 3656/19794
f 819/19795 3625/19796 936/19797
f 2348/19798 3599/19799 3650/19800
f 417/19801 2348/19802 3650/19803
f 938/19804 2384/19805 2368/19806
f 3634/19807 3657/19808 3624/19809
f 3656/19810 3657/19811 3634/19812
f 3634/19813 3619/19814 3656/19815
f 3629/19816 819/19817 936/19818
f 3599/19819 2348/19820 3588/19821
f 3633/19822 3600/19823 3589/19824
f 3589/19825 3590/19826 3620/19827
f 3528/19828 3620/19829 3590/19830
f 3513/19831 3540/19832 3512/19833
f 3503/19834 3540/19835 3513/19836
f 3528/19837 3590/19838 3524/19839
f 3524/19840 3590/19841 3592/19842
f 416/19843 3592/19844 3590/19845
f 3660/19846 3659/19847 3658/19848
f 2451/19849 3601/19850 695/19851
f 3633/19852 3661/19853 3600/19854
f 3600/19855 3661/19856 3601/19857
f 3601/19858 3661/19859 3654/19860
f 3654/19861 3661/19862 3655/19863
f 3655/19864 3661/19865 3657/19866
f 3657/19867 3656/19868 3655/19869
f 3607/19870 3656/19871 680/19872
f 3656/19873 3619/19874 680/19875
f 3624/19876 3657/19877 3661/19878
f 3624/19879 3661/19880 3633/19881
f 2450/19882 696/19883 3623/19884
f 3623/19885 3625/19886 2450/19887
f 3625/19888 3623/19889 937/19890
f 938/19891 939/19892 3662/19893
f 428/19894 430/19895 3663/19896
f 756/19897 755/19898 939/19899
f 3635/19900 3636/19901 3664/19902
f 1154/19903 3665/19904 1153/19905
f 3651/19906 755/19907 3628/19908
f 3587/19909 938/19910 2368/19911
f 2368/19912 2364/19913 3587/19914
f 3651/19915 3649/19916 3666/19917
f 939/19918 3666/19919 3662/19920
f 3667/19921 2361/19922 2362/19923
f 694/19924 693/19925 3639/19926
f 2051/19927 3649/19928 2049/19929
f 3653/19930 3668/19931 3652/19932
f 3652/19933 3639/19934 3640/19935
f 2297/19936 2367/19937 3669/19938
f 3670/19939 3671/19940 3672/19941
f 2049/19942 3668/19943 3653/19944
f 3652/19945 3668/19946 3639/19947
f 3651/19948 3666/19949 939/19950
f 3536/19951 3501/19952 699/19953
f 689/19954 3615/19955 687/19956
f 3498/19957 3485/19958 3642/19959
f 3498/19960 3642/19961 3581/19962
f 3642/19963 3485/19964 3673/19965
f 3668/19966 3648/19967 694/19968
f 3648/19969 3647/19970 694/19971
f 694/19972 3647/19973 3627/19974
f 2049/19975 3648/19976 3668/19977
f 3668/19978 694/19979 3639/19980
f 3646/19981 767/19982 828/19983
f 3653/19984 3622/19985 692/19986
f 692/19987 3674/19988 3653/19989
f 3653/19990 3674/19991 2050/19992
f 2049/19993 3653/19994 2050/19995
f 2302/19996 759/19997 3645/19998
f 665/19999 666/20000 759/20001
f 3614/20002 759/20003 666/20004
f 3645/20005 759/20006 3614/20007
f 3675/20008 698/20009 3676/20010
f 3497/20011 766/20012 3499/20013
f 765/20014 766/20015 3497/20016
f 2301/20017 2302/20018 3483/20019
f 3677/20020 3678/20021 697/20022
f 3681/20023 3680/20024 3679/20025
f 3502/20026 3683/20027 3682/20028
f 3572/20029 3562/20030 3609/20031
f 3641/20032 3673/20033 686/20034
f 3551/20035 3487/20036 3596/20037
f 3684/20038 3502/20039 3682/20040
f 3683/20041 3502/20042 3638/20043
f 3638/20044 3502/20045 3501/20046
f 2301/20047 3484/20048 758/20049
f 3510/20050 824/20051 3643/20052
f 3643/20053 829/20054 3510/20055
f 1426/20056 3493/20057 3685/20058
f 3291/20059 3685/20060 3541/20061
f 758/20062 759/20063 2302/20064
f 821/20065 822/20066 3686/20067
f 758/20068 3644/20069 757/20070
f 1425/20071 3685/20072 3291/20073
f 3536/20074 2312/20075 2311/20076
f 3493/20077 3511/20078 3685/20079
f 3515/20080 3291/20081 3541/20082
f 3685/20083 1425/20084 1426/20085
f 3498/20086 3499/20087 3485/20088
f 3673/20089 3485/20090 2301/20091
f 2301/20092 3483/20093 3673/20094
f 3505/20095 3506/20096 3577/20097
f 3506/20098 3505/20099 3488/20100
f 3644/20101 758/20102 766/20103
f 3646/20104 828/20105 3501/20106
f 766/20107 3646/20108 3644/20109
f 684/20110 3673/20111 3483/20112
f 686/20113 3673/20114 684/20115
f 3642/20116 3673/20117 3641/20118
f 3551/20119 3643/20120 2119/20121
f 2119/20122 3509/20123 3551/20124
f 3502/20125 3684/20126 3500/20127
f 3595/20128 3684/20129 3682/20130
f 697/20131 3687/20132 3677/20133
f 3689/20134 3688/20135 3481/20136
f 3498/20137 3615/20138 3497/20139
f 3615/20140 3498/20141 687/20142
f 615/20143 3540/20144 614/20145
f 3592/20146 3523/20147 3524/20148
f 3646/20149 2311/20150 3644/20151
f 3501/20152 2311/20153 3646/20154
f 3638/20155 829/20156 3643/20157
f 3593/20158 3497/20159 3615/20160
f 697/20161 3676/20162 698/20163
f 3480/20164 3690/20165 3481/20166
f 3596/20167 3691/20168 3551/20169
f 3551/20170 3691/20171 3643/20172
f 3595/20173 3682/20174 3596/20175
f 3643/20176 3691/20177 3683/20178
f 3683/20179 3638/20180 3643/20181
f 3497/20182 3593/20183 765/20184
f 3684/20185 3677/20186 3687/20187
f 3674/20188 3637/20189 3692/20190
f 614/20191 3586/20192 3693/20193
f 614/20194 3693/20195 613/20196
f 615/20197 3677/20198 3595/20199
f 3677/20200 615/20201 613/20202
f 3694/20203 2051/20204 2050/20205
f 3695/20206 3696/20207 3697/20208
f 3700/20209 3699/20210 3698/20211
f 3635/20212 3664/20213 3701/20214
f 2312/20215 3703/20216 3702/20217
f 3705/20218 3704/20219 3702/20220
f 3706/20221 3696/20222 3695/20223
f 3685/20224 3707/20225 3541/20226
f 3707/20227 3586/20228 3541/20229
f 3586/20230 3707/20231 3693/20232
f 3708/20233 3507/20234 3489/20235
f 3345/20236 3344/20237 3313/20238
f 3709/20239 3710/20240 3678/20241
f 2310/20242 3636/20243 665/20244
f 665/20245 757/20246 2310/20247
f 3664/20248 3636/20249 2310/20250
f 757/20251 665/20252 759/20253
f 3674/20254 3636/20255 3637/20256
f 3636/20257 3674/20258 692/20259
f 665/20260 3636/20261 692/20262
f 3637/20263 3635/20264 3711/20265
f 3637/20266 3712/20267 3692/20268
f 3711/20269 3712/20270 3637/20271
f 741/20272 1145/20273 773/20274
f 3713/20275 1145/20276 741/20277
f 3714/20278 1145/20279 3713/20280
f 1597/20281 3715/20282 1595/20283
f 1927/20284 3716/20285 1925/20286
f 3716/20287 1927/20288 2115/20289
f 717/20290 1927/20291 1926/20292
f 3719/20293 3718/20294 3717/20295
f 3717/20296 3718/20297 3720/20298
f 3721/20299 3704/20300 3705/20301
f 3722/20302 3723/20303 2212/20304
f 3482/20305 3725/20306 3724/20307
f 2116/20308 3714/20309 3726/20310
f 3726/20311 3714/20312 3713/20313
f 3716/20314 2115/20315 2117/20316
f 1145/20317 3714/20318 771/20319
f 740/20320 2073/20321 760/20322
f 3727/20323 771/20324 1596/20325
f 1596/20326 771/20327 3714/20328
f 2073/20329 714/20330 760/20331
f 1238/20332 50/20333 1344/20334
f 3728/20335 1344/20336 50/20337
f 2073/20338 773/20339 772/20340
f 2073/20341 772/20342 714/20343
f 2116/20344 2115/20345 3729/20346
f 2116/20347 3729/20348 736/20349
f 3731/20350 3730/20351 769/20352
f 3734/20353 3733/20354 3732/20355
f 3735/20356 3734/20357 3732/20358
f 2309/20359 3532/20360 2307/20361
f 3737/20362 3736/20363 3718/20364
f 3739/20365 3738/20366 3709/20367
f 1157/20368 761/20369 1242/20370
f 2213/20371 3585/20372 913/20373
f 1143/20374 3740/20375 1139/20376
f 1272/20377 3741/20378 1273/20379
f 761/20380 2307/20381 1241/20382
f 2308/20383 2307/20384 761/20385
f 761/20386 760/20387 2308/20388
f 3727/20389 1596/20390 1595/20391
f 3727/20392 1156/20393 772/20394
f 3744/20395 3743/20396 3742/20397
f 3742/20398 3743/20399 3745/20400
f 3736/20401 3746/20402 3718/20403
f 3747/20404 3746/20405 3736/20406
f 3748/20407 713/20408 1156/20409
f 3749/20410 713/20411 3748/20412
f 714/20413 1156/20414 713/20415
f 771/20416 3727/20417 772/20418
f 3727/20419 3748/20420 1156/20421
f 1595/20422 3748/20423 3727/20424
f 3715/20425 3748/20426 1595/20427
f 3726/20428 3713/20429 3735/20430
f 1110/20431 114/20432 1114/20433
f 3735/20434 3716/20435 2117/20436
f 1155/20437 752/20438 1142/20439
f 1147/20440 3735/20441 3732/20442
f 3741/20443 2213/20444 1273/20445
f 2308/20446 760/20447 714/20448
f 3741/20449 3585/20450 2213/20451
f 1143/20452 1139/20453 1140/20454
f 3750/20455 3585/20456 3741/20457
f 2309/20458 3751/20459 3532/20460
f 3753/20461 3752/20462 3744/20463
f 3741/20464 1272/20465 3532/20466
f 3744/20467 3752/20468 3743/20469
f 3751/20470 2309/20471 3753/20472
f 3753/20473 2309/20474 3752/20475
f 1128/20476 1234/20477 1164/20478
f 3750/20479 3741/20480 3532/20481
f 3750/20482 3532/20483 3751/20484
f 3743/20485 3752/20486 3516/20487
f 3743/20488 3516/20489 712/20490
f 712/20491 3516/20492 2308/20493
f 2308/20494 714/20495 712/20496
f 1147/20497 1925/20498 3735/20499
f 3716/20500 3735/20501 1925/20502
f 742/20503 3754/20504 741/20505
f 3731/20506 3755/20507 3756/20508
f 3757/20509 3676/20510 3758/20511
f 3516/20512 3752/20513 2309/20514
f 916/20515 115/20516 915/20517
f 915/20518 115/20519 1111/20520
f 3759/20521 822/20522 823/20523
f 2212/20524 2213/20525 3760/20526
f 2213/20527 913/20528 3760/20529
f 3750/20530 113/20531 916/20532
f 3750/20533 3751/20534 113/20535
f 3761/20536 49/20537 51/20538
f 1233/20539 1232/20540 3762/20541
f 3762/20542 1232/20543 3763/20544
f 914/20545 3764/20546 3760/20547
f 3767/20548 3766/20549 3765/20550
f 1365/20551 1234/20552 3728/20553
f 774/20554 1204/20555 1203/20556
f 1113/20557 114/20558 3751/20559
f 3751/20560 114/20561 113/20562
f 1157/20563 1242/20564 1273/20565
f 914/20566 3760/20567 913/20568
f 51/20569 50/20570 1238/20571
f 776/20572 49/20573 3761/20574
f 3768/20575 3765/20576 1113/20577
f 3750/20578 916/20579 3585/20580
f 2317/20581 2305/20582 2285/20583
f 1153/20584 3769/20585 3770/20586
f 3771/20587 3772/20588 3773/20589
f 3774/20590 3775/20591 3776/20592
f 3760/20593 3722/20594 2212/20595
f 1128/20596 1146/20597 1140/20598
f 1234/20599 3777/20600 1344/20601
f 1344/20602 3728/20603 1234/20604
f 30/20605 3778/20606 3768/20607
f 3767/20608 3778/20609 3779/20610
f 1204/20611 3778/20612 1364/20613
f 3767/20614 3779/20615 3780/20616
f 3768/20617 3778/20618 3767/20619
f 3765/20620 3768/20621 3767/20622
f 1179/20623 3765/20624 3766/20625
f 3781/20626 3732/20627 3733/20628
f 1604/20629 1548/20630 1839/20631
f 1808/20632 1604/20633 1839/20634
f 1604/20635 1547/20636 1548/20637
f 30/20638 3768/20639 1113/20640
f 51/20641 3782/20642 3761/20643
f 1365/20644 1212/20645 1164/20646
f 1112/20647 1110/20648 1180/20649
f 1551/20650 1349/20651 1367/20652
f 3740/20653 3772/20654 1240/20655
f 3780/20656 776/20657 3761/20658
f 30/20659 1364/20660 3778/20661
f 1180/20662 1179/20663 3783/20664
f 776/20665 777/20666 95/20667
f 1112/20668 1180/20669 3782/20670
f 1182/20671 50/20672 95/20673
f 774/20674 3780/20675 3779/20676
f 3780/20677 774/20678 776/20679
f 774/20680 3779/20681 1204/20682
f 1204/20683 3779/20684 3778/20685
f 776/20686 95/20687 49/20688
f 1348/20689 775/20690 1205/20691
f 1205/20692 1551/20693 1348/20694
f 1203/20695 775/20696 774/20697
f 1365/20698 1164/20699 1234/20700
f 3722/20701 3760/20702 1231/20703
f 1112/20704 3782/20705 914/20706
f 1365/20707 3728/20708 1345/20709
f 1182/20710 3728/20711 50/20712
f 1345/20713 3728/20714 1182/20715
f 1358/20716 1345/20717 1182/20718
f 134/20719 1367/20720 1349/20721
f 1348/20722 777/20723 775/20724
f 1180/20725 1110/20726 1114/20727
f 1237/20728 1344/20729 3784/20730
f 3784/20731 3763/20732 1237/20733
f 1367/20734 1348/20735 1551/20736
f 134/20737 1349/20738 1313/20739
f 1552/20740 29/20741 28/20742
f 1552/20743 1551/20744 1325/20745
f 1325/20746 1551/20747 1205/20748
f 1367/20749 134/20750 1009/20751
f 775/20752 1203/20753 1205/20754
f 1552/20755 28/20756 1349/20757
f 3785/20758 123/20759 30/20760
f 1154/20761 3786/20762 3787/20763
f 1313/20764 123/20765 3785/20766
f 1313/20767 1349/20768 123/20769
f 3785/20770 1328/20771 1327/20772
f 3785/20773 1327/20774 1594/20775
f 3785/20776 1581/20777 1328/20778
f 1328/20779 1581/20780 1308/20781
f 3785/20782 1594/20783 1313/20784
f 1577/20785 1313/20786 1594/20787
f 1141/20788 3732/20789 3781/20790
f 1331/20791 190/20792 122/20793
f 29/20794 1325/20795 1364/20796
f 1552/20797 1325/20798 29/20799
f 3761/20800 3782/20801 3783/20802
f 3782/20803 1180/20804 3783/20805
f 3773/20806 3740/20807 1143/20808
f 1240/20809 3772/20810 3777/20811
f 3773/20812 1141/20813 3781/20814
f 1143/20815 1141/20816 3773/20817
f 1237/20818 3763/20819 1239/20820
f 3763/20821 3784/20822 3777/20823
f 3777/20824 3784/20825 1344/20826
f 1139/20827 3740/20828 1240/20829
f 2109/20830 763/20831 2100/20832
f 1126/20833 1162/20834 1132/20835
f 1147/20836 3732/20837 1141/20838
f 2096/20839 1133/20840 1243/20841
f 1133/20842 2096/20843 1134/20844
f 1243/20845 2100/20846 2096/20847
f 3788/20848 1157/20849 1273/20850
f 1597/20851 3714/20852 2116/20853
f 1596/20854 3714/20855 1597/20856
f 3754/20857 3734/20858 3735/20859
f 3735/20860 3713/20861 3754/20862
f 3733/20863 3789/20864 3771/20865
f 3771/20866 3781/20867 3733/20868
f 2116/20869 3726/20870 2117/20871
f 2117/20872 3726/20873 3735/20874
f 3790/20875 3729/20876 2115/20877
f 3781/20878 3771/20879 3773/20880
f 2096/20881 2094/20882 2134/20883
f 1134/20884 2096/20885 2134/20886
f 2134/20887 2094/20888 2170/20889
f 3791/20890 1157/20891 3788/20892
f 3783/20893 1179/20894 3766/20895
f 3767/20896 3783/20897 3766/20898
f 3791/20899 742/20900 1157/20901
f 1157/20902 742/20903 740/20904
f 3763/20905 1232/20906 3782/20907
f 1239/20908 3763/20909 3782/20910
f 3754/20911 3792/20912 3734/20913
f 3754/20914 3713/20915 741/20916
f 3788/20917 3793/20918 3794/20919
f 3723/20920 1273/20921 2212/20922
f 3792/20923 3794/20924 3734/20925
f 742/20926 3791/20927 3792/20928
f 3792/20929 3754/20930 742/20931
f 3794/20932 3791/20933 3788/20934
f 3794/20935 3792/20936 3791/20937
f 1273/20938 3723/20939 3788/20940
f 3722/20941 3793/20942 3723/20943
f 3788/20944 3723/20945 3793/20946
f 3734/20947 3789/20948 3733/20949
f 3793/20950 3771/20951 3789/20952
f 3793/20953 3762/20954 3772/20955
f 3771/20956 3793/20957 3772/20958
f 3789/20959 3734/20960 3794/20961
f 3793/20962 3789/20963 3794/20964
f 1231/20965 1233/20966 3722/20967
f 3782/20968 3764/20969 914/20970
f 3763/20971 3772/20972 3762/20973
f 3763/20974 3777/20975 3772/20976
f 3740/20977 3773/20978 3772/20979
f 3722/20980 1233/20981 3793/20982
f 3793/20983 1233/20984 3762/20985
f 3764/20986 3782/20987 1232/20988
f 1231/20989 3764/20990 1232/20991
f 115/20992 916/20993 113/20994
f 3777/20995 1234/20996 1240/20997
f 3780/20998 3783/20999 3767/21000
f 3761/21001 3783/21002 3780/21003
f 51/21004 1239/21005 3782/21006
f 1238/21007 1239/21008 51/21009
f 1179/21010 1113/21011 3765/21012
f 1113/21013 1179/21014 1114/21015
f 1231/21016 3760/21017 3764/21018
f 3743/21019 712/21020 3745/21021
f 712/21022 3749/21023 3745/21024
f 712/21025 713/21026 3749/21027
f 768/21028 770/21029 3745/21030
f 3745/21031 3749/21032 768/21033
f 3797/21034 3796/21035 3795/21036
f 1154/21037 3753/21038 3665/21039
f 3798/21040 3753/21041 1154/21042
f 3799/21043 3731/21044 769/21045
f 3798/21046 3751/21047 3753/21048
f 2287/21049 2288/21050 3800/21051
f 717/21052 718/21053 1927/21054
f 3737/21055 2460/21056 734/21057
f 3748/21058 3799/21059 768/21060
f 768/21061 3749/21062 3748/21063
f 768/21064 3799/21065 769/21066
f 429/21067 428/21068 3801/21069
f 3737/21070 734/21071 3736/21072
f 1153/21073 3770/21074 1152/21075
f 2314/21076 2289/21077 2287/21078
f 1597/21079 2460/21080 3737/21081
f 1927/21082 3790/21083 2115/21084
f 3742/21085 3745/21086 770/21087
f 2299/21088 2297/21089 3669/21090
f 429/21091 3694/21092 3696/21093
f 734/21094 3802/21095 3736/21096
f 3729/21097 3803/21098 736/21099
f 3802/21100 3747/21101 3736/21102
f 2315/21103 2289/21104 2314/21105
f 2317/21106 2289/21107 2315/21108
f 718/21109 2314/21110 3804/21111
f 2460/21112 1597/21113 736/21114
f 736/21115 1597/21116 2116/21117
f 3805/21118 3801/21119 3649/21120
f 3805/21121 3649/21122 2051/21123
f 2362/21124 2287/21125 3800/21126
f 735/21127 2287/21128 2362/21129
f 718/21130 3804/21131 1927/21132
f 1927/21133 3804/21134 3790/21135
f 2287/21136 3806/21137 2314/21138
f 3803/21139 3806/21140 2287/21141
f 3803/21142 2287/21143 735/21144
f 3719/21145 3748/21146 3715/21147
f 3748/21148 3719/21149 3799/21150
f 3799/21151 3719/21152 3731/21153
f 3747/21154 3796/21155 3746/21156
f 3746/21157 3797/21158 3720/21159
f 3718/21160 3746/21161 3720/21162
f 3797/21163 3746/21164 3796/21165
f 3718/21166 3807/21167 3737/21168
f 3719/21169 3807/21170 3718/21171
f 3715/21172 3807/21173 3719/21174
f 3737/21175 3715/21176 1597/21177
f 3715/21178 3737/21179 3807/21180
f 3790/21181 3803/21182 3729/21183
f 735/21184 736/21185 3803/21186
f 2298/21187 2317/21188 2285/21189
f 3790/21190 3806/21191 3803/21192
f 3806/21193 3790/21194 3804/21195
f 2314/21196 3806/21197 3804/21198
f 2298/21199 2412/21200 2289/21201
f 2289/21202 2317/21203 2298/21204
f 3808/21205 3809/21206 3810/21207
f 3811/21208 3812/21209 3721/21210
f 3696/21211 3694/21212 2050/21213
f 3813/21214 3730/21215 3756/21216
f 3814/21217 3815/21218 3670/21219
f 2298/21220 2299/21221 2412/21222
f 3669/21223 2412/21224 2299/21225
f 2362/21226 2360/21227 735/21228
f 735/21229 2360/21230 734/21231
f 2288/21232 3816/21233 3800/21234
f 3667/21235 3800/21236 3816/21237
f 2362/21238 3800/21239 3667/21240
f 2412/21241 3816/21242 2288/21243
f 3672/21244 3663/21245 430/21246
f 3814/21247 3667/21248 3816/21249
f 2367/21250 2368/21251 3817/21252
f 2368/21253 2385/21254 3817/21255
f 3769/21256 3755/21257 3720/21258
f 770/21259 3665/21260 3742/21261
f 3813/21262 3756/21263 3665/21264
f 3819/21265 3818/21266 3759/21267
f 3801/21268 428/21269 3663/21270
f 3666/21271 3649/21272 3801/21273
f 3666/21274 3801/21275 3663/21276
f 3813/21277 3665/21278 770/21279
f 769/21280 3813/21281 770/21282
f 2361/21283 3667/21284 3814/21285
f 3669/21286 3815/21287 2412/21288
f 3820/21289 3672/21290 3671/21291
f 3663/21292 3662/21293 3666/21294
f 3662/21295 3663/21296 3672/21297
f 2384/21298 938/21299 3662/21300
f 3662/21301 3820/21302 2384/21303
f 2384/21304 3820/21305 2385/21306
f 3820/21307 3671/21308 2385/21309
f 2385/21310 3671/21311 3817/21312
f 3670/21313 3815/21314 3671/21315
f 3671/21316 3815/21317 3669/21318
f 2367/21319 3817/21320 3671/21321
f 3671/21322 3669/21323 2367/21324
f 3662/21325 3672/21326 3820/21327
f 2412/21328 3815/21329 3816/21330
f 3814/21331 3816/21332 3815/21333
f 3672/21334 430/21335 3630/21336
f 3672/21337 3630/21338 3821/21339
f 3821/21340 3670/21341 3672/21342
f 3821/21343 3814/21344 3670/21345
f 3630/21346 2361/21347 3821/21348
f 3821/21349 2361/21350 3814/21351
f 3630/21352 2360/21353 2361/21354
f 3724/21355 3480/21356 3482/21357
f 769/21358 3730/21359 3813/21360
f 2360/21361 3822/21362 3802/21363
f 429/21364 3808/21365 3810/21366
f 3802/21367 734/21368 2360/21369
f 3810/21370 3631/21371 3632/21372
f 3651/21373 939/21374 755/21375
f 3801/21376 3805/21377 429/21378
f 3694/21379 429/21380 3805/21381
f 3805/21382 2051/21383 3694/21384
f 3742/21385 3665/21386 3744/21387
f 430/21388 3810/21389 3632/21390
f 3630/21391 430/21392 3632/21393
f 1153/21394 3665/21395 3756/21396
f 3696/21397 3706/21398 3823/21399
f 3697/21400 3696/21401 2050/21402
f 2170/21403 2094/21404 2207/21405
f 3692/21406 3824/21407 3825/21408
f 3692/21409 3825/21410 3674/21411
f 3665/21412 3753/21413 3744/21414
f 3810/21415 3809/21416 3631/21417
f 3731/21418 3756/21419 3730/21420
f 3796/21421 3822/21422 3826/21423
f 3774/21424 3769/21425 3720/21426
f 3631/21427 3822/21428 2360/21429
f 3747/21430 3822/21431 3796/21432
f 3802/21433 3822/21434 3747/21435
f 3826/21436 3822/21437 3631/21438
f 3631/21439 3809/21440 3826/21441
f 3795/21442 3796/21443 3827/21444
f 3826/21445 3827/21446 3796/21447
f 3823/21448 3827/21449 3826/21450
f 3828/21451 3697/21452 2050/21453
f 3775/21454 3795/21455 3827/21456
f 3823/21457 3706/21458 3827/21459
f 3819/21460 3811/21461 3818/21462
f 3811/21463 3721/21464 3829/21465
f 3830/21466 3831/21467 3776/21468
f 3832/21469 3776/21470 3831/21471
f 3460/21472 3492/21473 3494/21474
f 1154/21475 1152/21476 3786/21477
f 821/21478 3725/21479 3833/21480
f 823/21481 821/21482 3833/21483
f 3755/21484 3731/21485 3717/21486
f 3827/21487 3830/21488 3775/21489
f 3706/21490 3830/21491 3827/21492
f 3695/21493 3697/21494 3690/21495
f 3825/21496 3828/21497 3674/21498
f 3830/21499 3695/21500 3831/21501
f 3831/21502 3480/21503 3832/21504
f 3724/21505 3832/21506 3480/21507
f 3830/21508 3776/21509 3775/21510
f 3769/21511 1153/21512 3756/21513
f 3756/21514 3755/21515 3769/21516
f 1152/21517 3834/21518 3686/21519
f 3831/21520 3695/21521 3690/21522
f 3690/21523 3480/21524 3831/21525
f 3828/21526 2050/21527 3674/21528
f 3703/21529 3675/21530 3757/21531
f 3757/21532 3835/21533 3703/21534
f 3759/21535 3700/21536 822/21537
f 3717/21538 3720/21539 3755/21540
f 3795/21541 3774/21542 3797/21543
f 3775/21544 3774/21545 3795/21546
f 3774/21547 3720/21548 3797/21549
f 3717/21550 3731/21551 3719/21552
f 3724/21553 3725/21554 3832/21555
f 3770/21556 3769/21557 3836/21558
f 3836/21559 3769/21560 3774/21561
f 3837/21562 3829/21563 3835/21564
f 3706/21565 3695/21566 3830/21567
f 3809/21568 3808/21569 3826/21570
f 3808/21571 3823/21572 3826/21573
f 3834/21574 3836/21575 3774/21576
f 3770/21577 3836/21578 3834/21579
f 3834/21580 1152/21581 3770/21582
f 697/21583 3678/21584 3676/21585
f 692/21586 667/21587 665/21588
f 3810/21589 430/21590 429/21591
f 3696/21592 3823/21593 429/21594
f 429/21595 3823/21596 3808/21597
f 3678/21598 3838/21599 3839/21600
f 3688/21601 3482/21602 3481/21603
f 3688/21604 3812/21605 3482/21606
f 3492/21607 1657/21608 3494/21609
f 3812/21610 3688/21611 3840/21612
f 3825/21613 3824/21614 3689/21615
f 3824/21616 3688/21617 3689/21618
f 3688/21619 3824/21620 3840/21621
f 3758/21622 3837/21623 3835/21624
f 3690/21625 3828/21626 3481/21627
f 3697/21628 3828/21629 3690/21630
f 3455/21631 704/21632 3454/21633
f 3703/21634 698/21635 3675/21636
f 3702/21637 3703/21638 3705/21639
f 3835/21640 3705/21641 3703/21642
f 3739/21643 3693/21644 3707/21645
f 3635/21646 3701/21647 3711/21648
f 2310/21649 2312/21650 3664/21651
f 3701/21652 2312/21653 3702/21654
f 3664/21655 2312/21656 3701/21657
f 3701/21658 3702/21659 3704/21660
f 3704/21661 3711/21662 3701/21663
f 3676/21664 3757/21665 3675/21666
f 2312/21667 3536/21668 3703/21669
f 3787/21670 3786/21671 3698/21672
f 3687/21673 697/21674 699/21675
f 3687/21676 699/21677 3500/21678
f 3536/21679 699/21680 698/21681
f 3536/21682 698/21683 3703/21684
f 3707/21685 3787/21686 3739/21687
f 3693/21688 3739/21689 3838/21690
f 3693/21691 3838/21692 613/21693
f 3721/21694 3812/21695 3841/21696
f 3840/21697 3841/21698 3812/21699
f 3705/21700 3835/21701 3829/21702
f 3699/21703 3700/21704 3759/21705
f 3824/21706 3692/21707 3712/21708
f 3712/21709 3840/21710 3824/21711
f 3712/21712 3841/21713 3840/21714
f 3712/21715 3711/21716 3841/21717
f 3711/21718 3704/21719 3841/21720
f 3705/21721 3829/21722 3721/21723
f 3739/21724 3709/21725 3839/21726
f 3757/21727 3758/21728 3835/21729
f 3460/21730 3842/21731 3492/21732
f 3812/21733 3819/21734 3482/21735
f 3481/21736 3828/21737 3689/21738
f 3699/21739 3759/21740 3843/21741
f 3834/21742 3776/21743 3832/21744
f 3844/21745 3698/21746 3758/21747
f 3844/21748 3758/21749 3676/21750
f 822/21751 3700/21752 3686/21753
f 3686/21754 3786/21755 1152/21756
f 3676/21757 3710/21758 3844/21759
f 3829/21760 3843/21761 3818/21762
f 3818/21763 3811/21764 3829/21765
f 3818/21766 3843/21767 3759/21768
f 3698/21769 3699/21770 3758/21771
f 3482/21772 3819/21773 3833/21774
f 3833/21775 3725/21776 3482/21777
f 3833/21778 3819/21779 3759/21780
f 3833/21781 3759/21782 823/21783
f 3455/21784 3845/21785 3846/21786
f 3455/21787 3846/21788 704/21789
f 3700/21790 3786/21791 3686/21792
f 3786/21793 3700/21794 3698/21795
f 3787/21796 3751/21797 3798/21798
f 3811/21799 3819/21800 3812/21801
f 3709/21802 3738/21803 3710/21804
f 3678/21805 3839/21806 3709/21807
f 3698/21808 3738/21809 3787/21810
f 3739/21811 3787/21812 3738/21813
f 3839/21814 3838/21815 3739/21816
f 1113/21817 3751/21818 3787/21819
f 3776/21820 3834/21821 3774/21822
f 1154/21823 3787/21824 3798/21825
f 3725/21826 821/21827 3832/21828
f 3686/21829 3834/21830 821/21831
f 821/21832 3834/21833 3832/21834
f 3678/21835 3710/21836 3676/21837
f 3677/21838 3838/21839 3678/21840
f 3677/21841 613/21842 3838/21843
f 3677/21844 3684/21845 3595/21846
f 3829/21847 3837/21848 3843/21849
f 3687/21850 3500/21851 3684/21852
f 3704/21853 3721/21854 3841/21855
f 3738/21856 3844/21857 3710/21858
f 3828/21859 3825/21860 3689/21861
f 3844/21862 3738/21863 3698/21864
f 3758/21865 3843/21866 3837/21867
f 3699/21868 3843/21869 3758/21870
f 3847/21871 785/21872 784/21873
f 784/21874 3519/21875 3847/21876
f 3842/21877 3848/21878 3492/21879
f 3492/21880 3848/21881 3491/21882
f 3849/21883 707/21884 3579/21885
f 3847/21886 3850/21887 785/21888
f 3555/21889 703/21890 3851/21891
f 3563/21892 703/21893 3555/21894
f 3850/21895 3519/21896 3518/21897
f 3565/21898 3850/21899 3518/21900
f 3847/21901 3519/21902 3850/21903
f 3850/21904 3852/21905 785/21906
f 3851/21907 3565/21908 3555/21909
f 3852/21910 3850/21911 3851/21912
f 3851/21913 3850/21914 3565/21915
f 3852/21916 3851/21917 3853/21918
f 3846/21919 703/21920 704/21921
f 703/21922 3846/21923 3853/21924
f 3851/21925 703/21926 3853/21927
f 3563/21928 3555/21929 3531/21930
f 3574/21931 3579/21932 808/21933
f 3579/21934 3854/21935 3849/21936
f 3579/21937 3574/21938 3854/21939
f 3469/21940 2783/21941 2781/21942
f 707/21943 3849/21944 706/21945
f 784/21946 3526/21947 3525/21948
f 3849/21949 3855/21950 706/21951
f 3604/21952 2356/21953 3856/21954
f 3849/21955 3854/21956 3855/21957
f 706/21958 3454/21959 704/21960
f 704/21961 705/21962 706/21963
f 3504/21964 3519/21965 3361/21966
f 3857/21967 3858/21968 3859/21969
f 3862/21970 3861/21971 3860/21972
f 889/21973 890/21974 3855/21975
f 3854/21976 889/21977 3855/21978
f 706/21979 890/21980 3454/21981
f 3855/21982 890/21983 706/21984
f 889/21985 3854/21986 3574/21987
f 3845/21988 3863/21989 3846/21990
f 3846/21991 3863/21992 3853/21993
f 642/21994 3463/21995 641/21996
f 3361/21997 3519/21998 3351/21999
f 3351/22000 3519/22001 3494/22002
f 784/22003 3338/22004 3494/22005
f 784/22006 3494/22007 3519/22008
f 3460/22009 3494/22010 3338/22011
f 3865/22012 3489/22013 3864/22014
f 3863/22015 3852/22016 3853/22017
f 785/22018 3852/22019 3866/22020
f 785/22021 3866/22022 786/22023
f 3845/22024 3455/22025 643/22026
f 643/22027 3455/22028 3453/22029
f 3866/22030 3852/22031 3863/22032
f 3868/22033 3311/22034 3867/22035
f 3311/22036 3868/22037 3313/22038
f 2652/22039 2868/22040 2866/22041
f 3462/22042 2782/22043 2783/22044
f 3870/22045 2867/22046 3869/22047
f 2781/22048 2782/22049 890/22050
f 890/22051 891/22052 2781/22053
f 3526/22054 3567/22055 3527/22056
f 3567/22057 3526/22058 3866/22059
f 3453/22060 3454/22061 3871/22062
f 3453/22063 3871/22064 3462/22065
f 729/22066 3311/22067 3872/22068
f 3869/22069 2867/22070 2868/22071
f 862/22072 2379/22073 3873/22074
f 942/22075 3546/22076 3874/22077
f 2423/22078 2613/22079 3875/22080
f 3343/22081 3876/22082 3344/22083
f 3878/22084 3877/22085 3312/22086
f 3578/22087 3568/22088 3870/22089
f 642/22090 3462/22091 3463/22092
f 3453/22093 3462/22094 642/22095
f 662/22096 3543/22097 3542/22098
f 641/22099 3879/22100 643/22101
f 643/22102 3879/22103 3568/22104
f 3567/22105 3863/22106 3845/22107
f 3863/22108 3567/22109 3866/22110
f 643/22111 3567/22112 3845/22113
f 3568/22114 3567/22115 643/22116
f 728/22117 784/22118 3525/22119
f 891/22120 3468/22121 2781/22122
f 3880/22123 3881/22124 3463/22125
f 3880/22126 3463/22127 3464/22128
f 2782/22129 3462/22130 3871/22131
f 3454/22132 890/22133 3871/22134
f 2782/22135 3871/22136 890/22137
f 3526/22138 786/22139 3866/22140
f 786/22141 3526/22142 784/22143
f 3882/22144 3527/22145 3578/22146
f 3882/22147 3525/22148 3527/22149
f 3311/22150 728/22151 3867/22152
f 3867/22153 3525/22154 3882/22155
f 728/22156 3525/22157 3867/22158
f 3296/22159 3294/22160 3495/22161
f 3495/22162 3491/22163 3296/22164
f 3848/22165 3883/22166 3491/22167
f 3883/22168 3296/22169 3491/22170
f 3848/22171 3842/22172 3883/22173
f 3884/22174 3475/22175 3474/22176
f 2783/22177 3469/22178 3885/22179
f 3295/22180 3296/22181 3883/22182
f 3886/22183 3295/22184 3883/22185
f 3887/22186 3888/22187 3889/22188
f 3479/22189 3890/22190 3478/22191
f 3341/22192 3350/22193 3479/22194
f 3461/22195 3892/22196 3891/22197
f 3842/22198 3461/22199 3891/22200
f 3891/22201 3886/22202 3883/22203
f 3883/22204 3842/22205 3891/22206
f 3461/22207 3842/22208 3460/22209
f 3893/22210 3340/22211 3339/22212
f 3865/22213 3864/22214 3894/22215
f 3294/22216 3577/22217 3511/22218
f 3511/22219 660/22220 3294/22221
f 3707/22222 3685/22223 3577/22224
f 3511/22225 3577/22226 3685/22227
f 3234/22228 3224/22229 2082/22230
f 3478/22231 3890/22232 3490/22233
f 3489/22234 3507/22235 3488/22236
f 3474/22237 3476/22238 3895/22239
f 3475/22240 3884/22241 3889/22242
f 3577/22243 3506/22244 3507/22245
f 3490/22246 3505/22247 3478/22248
f 3295/22249 3478/22250 3505/22251
f 3505/22252 3294/22253 3295/22254
f 3862/22255 3875/22256 3896/22257
f 3897/22258 3898/22259 3876/22260
f 3887/22261 3899/22262 3577/22263
f 3489/22264 3490/22265 3864/22266
f 3864/22267 3490/22268 3890/22269
f 729/22270 3900/22271 3892/22272
f 3461/22273 729/22274 3892/22275
f 3867/22276 3882/22277 3868/22278
f 3903/22279 3902/22280 3901/22281
f 3313/22282 3344/22283 3878/22284
f 3878/22285 3312/22286 3313/22287
f 3905/22288 3888/22289 3904/22290
f 3708/22291 3888/22292 3887/22293
f 3475/22294 3905/22295 3476/22296
f 3887/22297 3507/22298 3708/22299
f 3577/22300 3507/22301 3887/22302
f 3489/22303 3865/22304 3708/22305
f 3904/22306 3907/22307 3906/22308
f 2868/22309 3908/22310 3857/22311
f 3889/22312 3888/22313 3905/22314
f 3905/22315 3475/22316 3889/22317
f 3909/22318 3907/22319 3865/22320
f 3906/22321 3907/22322 3909/22323
f 3905/22324 3904/22325 3476/22326
f 3477/22327 3341/22328 3479/22329
f 3350/22330 3910/22331 3890/22332
f 3890/22333 3479/22334 3350/22335
f 3911/22336 3912/22337 3913/22338
f 3474/22339 3895/22340 3914/22341
f 3887/22342 3889/22343 3899/22344
f 3899/22345 3456/22346 3457/22347
f 3915/22348 3916/22349 3360/22350
f 791/22351 793/22352 3223/22353
f 3457/22354 3225/22355 3899/22356
f 3889/22357 3884/22358 3899/22359
f 3456/22360 3899/22361 3884/22362
f 3884/22363 3474/22364 3456/22365
f 3577/22366 3899/22367 3707/22368
f 3707/22369 3899/22370 3787/22371
f 3478/22372 3917/22373 3901/22374
f 3477/22375 3478/22376 3901/22377
f 3918/22378 3469/22379 3919/22380
f 3295/22381 3917/22382 3478/22383
f 3886/22384 3917/22385 3295/22386
f 3312/22387 3877/22388 3311/22389
f 3894/22390 3864/22391 3890/22392
f 3910/22393 3894/22394 3890/22395
f 3888/22396 3907/22397 3904/22398
f 3708/22399 3907/22400 3888/22401
f 3865/22402 3907/22403 3708/22404
f 2612/22405 3920/22406 3921/22407
f 3891/22408 3900/22409 3886/22410
f 3922/22411 3923/22412 3924/22413
f 2968/22414 3496/22415 512/22416
f 2832/22417 2823/22418 2821/22419
f 3901/22420 3902/22421 3477/22422
f 3903/22423 3926/22424 3925/22425
f 2424/22426 3873/22427 2379/22428
f 3462/22429 2783/22430 3464/22431
f 3880/22432 3464/22433 3885/22434
f 3885/22435 3464/22436 2783/22437
f 3918/22438 3880/22439 3885/22440
f 3880/22441 3928/22442 3927/22443
f 3928/22444 3880/22445 3918/22446
f 3345/22447 3313/22448 3868/22449
f 3891/22450 3892/22451 3900/22452
f 3927/22453 3930/22454 3929/22455
f 2653/22456 3929/22457 3908/22458
f 3886/22459 3900/22460 3917/22461
f 3341/22462 3477/22463 3902/22464
f 2653/22465 3927/22466 3929/22467
f 2654/22468 3881/22469 3880/22470
f 2866/22471 3881/22472 2654/22473
f 3928/22474 3922/22475 3927/22476
f 3927/22477 3922/22478 3930/22479
f 3929/22480 2764/22481 3931/22482
f 3930/22483 2764/22484 3929/22485
f 3870/22486 3932/22487 3868/22488
f 3868/22489 3578/22490 3870/22491
f 3345/22492 3868/22493 3933/22494
f 2765/22495 3934/22496 3931/22497
f 2765/22498 3931/22499 2764/22500
f 3341/22501 3902/22502 3339/22503
f 943/22504 3396/22505 3924/22506
f 3896/22507 3861/22508 3862/22509
f 2653/22510 2654/22511 3927/22512
f 3908/22513 2652/22514 2653/22515
f 3908/22516 2868/22517 2652/22518
f 3568/22519 3879/22520 3870/22521
f 3898/22522 3897/22523 3935/22524
f 3936/22525 3937/22526 3938/22527
f 791/22528 3223/22529 3457/22530
f 3225/22531 3457/22532 3223/22533
f 3939/22534 3858/22535 3857/22536
f 3940/22537 3941/22538 3942/22539
f 3872/22540 3943/22541 3926/22542
f 2866/22543 2867/22544 3879/22545
f 3870/22546 3879/22547 2867/22548
f 2866/22549 641/22550 3881/22551
f 3879/22552 641/22553 2866/22554
f 641/22555 3463/22556 3881/22557
f 3945/22558 3944/22559 3857/22560
f 3858/22561 3946/22562 3947/22563
f 3948/22564 3947/22565 3946/22566
f 3932/22567 3869/22568 3944/22569
f 3944/22570 3945/22571 3932/22572
f 3901/22573 3917/22574 3903/22575
f 3869/22576 2868/22577 3944/22578
f 3944/22579 2868/22580 3857/22581
f 3926/22582 3900/22583 729/22584
f 3926/22585 729/22586 3872/22587
f 3917/22588 3900/22589 3903/22590
f 3903/22591 3900/22592 3926/22593
f 3870/22594 3869/22595 3932/22596
f 3882/22597 3578/22598 3868/22599
f 3933/22600 3868/22601 3932/22602
f 3945/22603 3933/22604 3932/22605
f 2654/22606 3880/22607 3927/22608
f 3469/22609 3918/22610 3885/22611
f 3543/22612 662/22613 3949/22614
f 3862/22615 2739/22616 3875/22617
f 3604/22618 3856/22619 3569/22620
f 941/22621 942/22622 2611/22623
f 3875/22624 2613/22625 3896/22626
f 3950/22627 3951/22628 3952/22629
f 3522/22630 3953/22631 3611/22632
f 3952/22633 2398/22634 3954/22635
f 451/22636 3955/22637 923/22638
f 943/22639 3546/22640 942/22641
f 3469/22642 3468/22643 3919/22644
f 3956/22645 2423/22646 3875/22647
f 3958/22648 2350/22649 3957/22650
f 2425/22651 2769/22652 3954/22653
f 3959/22654 2743/22655 862/22656
f 3950/22657 3954/22658 2770/22659
f 2770/22660 3954/22661 2769/22662
f 3960/22663 3546/22664 943/22665
f 943/22666 3924/22667 3960/22668
f 3547/22669 3546/22670 3960/22671
f 3950/22672 3952/22673 3954/22674
f 3961/22675 3962/22676 3963/22677
f 3965/22678 3951/22679 3964/22680
f 3546/22681 3545/22682 3861/22683
f 3874/22684 3546/22685 3861/22686
f 3966/22687 2423/22688 3956/22689
f 3967/22690 3968/22691 3969/22692
f 2613/22693 2423/22694 3970/22695
f 3973/22696 3972/22697 3971/22698
f 3396/22699 840/22700 3930/22701
f 3930/22702 3924/22703 3396/22704
f 2739/22705 2738/22706 3875/22707
f 3956/22708 2738/22709 3966/22710
f 3959/22711 3974/22712 3975/22713
f 2612/22714 941/22715 2611/22716
f 3978/22717 3977/22718 3976/22719
f 3860/22720 3861/22721 3979/22722
f 3979/22723 3861/22724 3545/22725
f 3923/22726 3960/22727 3924/22728
f 3547/22729 3960/22730 3923/22731
f 3896/22732 3874/22733 3861/22734
f 3545/22735 3547/22736 3919/22737
f 3468/22738 3545/22739 3919/22740
f 3919/22741 3547/22742 3918/22743
f 3979/22744 3545/22745 3468/22746
f 3930/22747 3922/22748 3924/22749
f 3918/22750 3547/22751 3923/22752
f 3923/22753 3928/22754 3918/22755
f 3922/22756 3928/22757 3923/22758
f 3608/22759 3980/22760 3981/22761
f 3982/22762 3981/22763 3980/22764
f 3973/22765 3983/22766 3972/22767
f 3985/22768 842/22769 3984/22770
f 841/22771 3396/22772 943/22773
f 3986/22774 2739/22775 3680/22776
f 3569/22777 3982/22778 3571/22779
f 3559/22780 2743/22781 3560/22782
f 3538/22783 3539/22784 3975/22785
f 3974/22786 3959/22787 862/22788
f 2406/22789 2405/22790 2407/22791
f 2738/22792 2737/22793 3975/22794
f 3974/22795 2738/22796 3975/22797
f 3988/22798 3969/22799 3987/22800
f 2425/22801 3961/22802 2769/22803
f 3559/22804 3989/22805 2743/22806
f 2743/22807 2772/22808 863/22809
f 2771/22810 2772/22811 3990/22812
f 2771/22813 3990/22814 3991/22815
f 3991/22816 3990/22817 3992/22818
f 3990/22819 3989/22820 3992/22821
f 3989/22822 3990/22823 2772/22824
f 2743/22825 3989/22826 2772/22827
f 3993/22828 3994/22829 3995/22830
f 3984/22831 841/22832 943/22833
f 3984/22834 943/22835 941/22836
f 2738/22837 3974/22838 3996/22839
f 3997/22840 3560/22841 2743/22842
f 3959/22843 3997/22844 2743/22845
f 2398/22846 2396/22847 3954/22848
f 2737/22849 3986/22850 3998/22851
f 2739/22852 3986/22853 2737/22854
f 3961/22855 3963/22856 2769/22857
f 2769/22858 3963/22859 2768/22860
f 3963/22861 3955/22862 451/22863
f 2768/22864 3963/22865 451/22866
f 4001/22867 4000/22868 3999/22869
f 3962/22870 3961/22871 4002/22872
f 4004/22873 4001/22874 4003/22875
f 464/22876 3999/22877 2399/22878
f 3963/22879 4005/22880 3955/22881
f 3962/22882 4005/22883 3963/22884
f 3691/22885 3596/22886 3682/22887
f 3594/22888 3592/22889 3591/22890
f 3602/22891 3594/22892 3591/22893
f 3958/22894 4006/22895 4007/22896
f 458/22897 3999/22898 463/22899
f 463/22900 3999/22901 464/22902
f 4008/22903 3608/22904 3981/22905
f 4009/22906 2425/22907 2397/22908
f 4008/22909 3981/22910 4010/22911
f 4011/22912 3680/22913 3860/22914
f 3860/22915 3979/22916 4011/22917
f 3550/22918 3592/22919 3594/22920
f 3682/22921 3683/22922 3691/22923
f 3594/22924 3602/22925 3548/22926
f 4013/22927 4009/22928 4012/22929
f 4014/22930 3605/22931 3606/22932
f 3611/22933 4014/22934 3606/22935
f 3999/22936 3603/22937 2399/22938
f 2400/22939 3602/22940 3591/22941
f 2400/22942 2401/22943 3602/22944
f 3566/22945 3602/22946 2401/22947
f 3550/22948 3523/22949 3592/22950
f 3548/22951 3993/22952 3549/22953
f 3953/22954 3659/22955 3660/22956
f 3603/22957 3999/22958 4000/22959
f 3548/22960 3603/22961 4000/22962
f 835/22963 2399/22964 3566/22965
f 3603/22966 3566/22967 2399/22968
f 4015/22969 3659/22970 4016/22971
f 3679/22972 3981/22973 3982/22974
f 3982/22975 3569/22976 3679/22977
f 2397/22978 2398/22979 3559/22980
f 3611/22981 3529/22982 3530/22983
f 3862/22984 3860/22985 2739/22986
f 3530/22987 3522/22988 3611/22989
f 3524/22990 3522/22991 3530/22992
f 3523/22993 3549/22994 4017/22995
f 3550/22996 3549/22997 3523/22998
f 4018/22999 4019/23000 4013/23001
f 3949/23002 2354/23003 3543/23004
f 4014/23005 4020/23006 4021/23007
f 4020/23008 4014/23009 3611/23010
f 4020/23011 3611/23012 3953/23013
f 4017/23014 3953/23015 3523/23016
f 3523/23017 3953/23018 3522/23019
f 4016/23020 3953/23021 4017/23022
f 3659/23023 3953/23024 4016/23025
f 3605/23026 4021/23027 3949/23028
f 3949/23029 662/23030 3605/23031
f 3544/23032 3543/23033 3604/23034
f 3981/23035 3679/23036 4010/23037
f 4017/23038 3549/23039 4022/23040
f 4008/23041 4010/23042 4011/23043
f 4011/23044 3979/23045 4008/23046
f 4011/23047 4010/23048 3679/23049
f 4021/23050 3605/23051 4014/23052
f 3860/23053 3680/23054 2739/23055
f 3583/23056 3570/23057 2577/23058
f 4023/23059 3570/23060 3571/23061
f 3570/23062 4023/23063 2577/23064
f 2577/23065 3557/23066 2576/23067
f 4023/23068 3557/23069 2577/23070
f 3557/23071 4023/23072 3574/23073
f 891/23074 3608/23075 4008/23076
f 3468/23077 891/23078 4008/23079
f 3680/23080 3998/23081 3986/23082
f 3571/23083 3982/23084 4023/23085
f 4023/23086 3982/23087 3980/23088
f 3980/23089 3574/23090 4023/23091
f 889/23092 3574/23093 3980/23094
f 889/23095 3980/23096 3608/23097
f 4008/23098 3979/23099 3468/23100
f 3679/23101 3680/23102 4011/23103
f 3543/23104 2356/23105 3604/23106
f 2354/23107 2356/23108 3543/23109
f 4013/23110 4025/23111 4024/23112
f 2354/23113 4021/23114 2355/23115
f 3949/23116 4021/23117 2354/23118
f 4021/23119 4020/23120 3660/23121
f 923/23122 458/23123 452/23124
f 3995/23125 4024/23126 4015/23127
f 4015/23128 4024/23129 3659/23130
f 3660/23131 4020/23132 3953/23133
f 2355/23134 4026/23135 3539/23136
f 4002/23137 3961/23138 2425/23139
f 3679/23140 3569/23141 3681/23142
f 3856/23143 3681/23144 3569/23145
f 3680/23146 3681/23147 3998/23148
f 3856/23149 2353/23150 3681/23151
f 2356/23152 2353/23153 3856/23154
f 511/23155 3521/23156 512/23157
f 3538/23158 3975/23159 2737/23160
f 3998/23161 3538/23162 2737/23163
f 2353/23164 3538/23165 3998/23166
f 3998/23167 3681/23168 2353/23169
f 2355/23170 3538/23171 2353/23172
f 923/23173 3955/23174 4005/23175
f 3659/23176 4025/23177 3658/23178
f 2397/23179 3560/23180 4009/23181
f 3560/23182 4012/23183 4009/23184
f 3959/23185 4027/23186 3997/23187
f 4021/23188 4026/23189 2355/23190
f 4016/23191 4022/23192 4015/23193
f 4017/23194 4022/23195 4016/23196
f 3992/23197 3965/23198 3991/23199
f 3997/23200 4027/23201 4012/23202
f 4012/23203 3560/23204 3997/23205
f 3954/23206 2396/23207 2425/23208
f 4024/23209 4018/23210 4013/23211
f 3995/23212 4018/23213 4024/23214
f 4027/23215 3658/23216 4012/23217
f 4026/23218 3658/23219 4027/23220
f 4026/23221 4027/23222 3539/23223
f 3660/23224 4026/23225 4021/23226
f 4027/23227 3975/23228 3539/23229
f 4027/23230 3959/23231 3975/23232
f 923/23233 4005/23234 4004/23235
f 923/23236 4004/23237 4003/23238
f 458/23239 923/23240 4003/23241
f 4026/23242 3660/23243 3658/23244
f 4018/23245 3995/23246 3994/23247
f 458/23248 4001/23249 3999/23250
f 4002/23251 4028/23252 4019/23253
f 3964/23254 451/23255 2608/23256
f 2608/23257 451/23258 436/23259
f 3958/23260 2409/23261 2350/23262
f 3659/23263 4024/23264 4025/23265
f 4025/23266 4013/23267 4012/23268
f 4012/23269 3658/23270 4025/23271
f 3993/23272 3995/23273 4015/23274
f 3993/23275 4015/23276 4022/23277
f 3993/23278 4022/23279 3549/23280
f 458/23281 4003/23282 4001/23283
f 4028/23284 2425/23285 4009/23286
f 4029/23287 3962/23288 4002/23289
f 4019/23290 4028/23291 4013/23292
f 4000/23293 4030/23294 3993/23295
f 3993/23296 3548/23297 4000/23298
f 4029/23299 4019/23300 4031/23301
f 4002/23302 2425/23303 4028/23304
f 4002/23305 4019/23306 4029/23307
f 3993/23308 4030/23309 3994/23310
f 4004/23311 4029/23312 4031/23313
f 4005/23314 4029/23315 4004/23316
f 4001/23317 4030/23318 4000/23319
f 4001/23320 4031/23321 4032/23322
f 4030/23323 4001/23324 4032/23325
f 3994/23326 4030/23327 4032/23328
f 4018/23329 3994/23330 4032/23331
f 4032/23332 4031/23333 4019/23334
f 4019/23335 4018/23336 4032/23337
f 4001/23338 4004/23339 4031/23340
f 4013/23341 4028/23342 4009/23343
f 3962/23344 4029/23345 4005/23346
f 3957/23347 3580/23348 4033/23349
f 3951/23350 3965/23351 3992/23352
f 3951/23353 3992/23354 3952/23355
f 2351/23356 864/23357 2352/23358
f 2378/23359 864/23360 2351/23361
f 2611/23362 3896/23363 2613/23364
f 3896/23365 2611/23366 3874/23367
f 4034/23368 4035/23369 4036/23370
f 4037/23371 4036/23372 4035/23373
f 2770/23374 2768/23375 3950/23376
f 2768/23377 4038/23378 3950/23379
f 4038/23380 451/23381 3964/23382
f 2768/23383 451/23384 4038/23385
f 4038/23386 3964/23387 3951/23388
f 3951/23389 3950/23390 4038/23391
f 2424/23392 2423/23393 3873/23394
f 2738/23395 3996/23396 3966/23397
f 3991/23398 3965/23399 3580/23400
f 3580/23401 2771/23402 3991/23403
f 2406/23404 4039/23405 2404/23406
f 3473/23407 2404/23408 4039/23409
f 862/23410 3996/23411 3974/23412
f 3989/23413 2398/23414 3952/23415
f 3989/23416 3952/23417 3992/23418
f 4041/23419 3968/23420 4040/23421
f 2764/23422 3930/23423 840/23424
f 3973/23425 4043/23426 4042/23427
f 3580/23428 3957/23429 2350/23430
f 3875/23431 2738/23432 3956/23433
f 840/23434 842/23435 4044/23436
f 2350/23437 2352/23438 3580/23439
f 3559/23440 2398/23441 3989/23442
f 3580/23443 3965/23444 3964/23445
f 3964/23446 4033/23447 3580/23448
f 3987/23449 3969/23450 4045/23451
f 4047/23452 3978/23453 4046/23454
f 4046/23455 3978/23456 3987/23457
f 2351/23458 2377/23459 2378/23460
f 843/23461 4048/23462 4049/23463
f 3873/23464 2423/23465 3966/23466
f 3996/23467 3873/23468 3966/23469
f 862/23470 3873/23471 3996/23472
f 862/23473 2378/23474 2379/23475
f 864/23476 2378/23477 862/23478
f 2611/23479 942/23480 3874/23481
f 4048/23482 4051/23483 4050/23484
f 2747/23485 4052/23486 2659/23487
f 2423/23488 2422/23489 3970/23490
f 2612/23491 3970/23492 3920/23493
f 3988/23494 3978/23495 3976/23496
f 3988/23497 3976/23498 4053/23499
f 3984/23500 941/23501 4054/23502
f 841/23503 3984/23504 842/23505
f 4055/23506 4056/23507 3419/23508
f 2765/23509 4058/23510 4057/23511
f 4059/23512 4058/23513 2765/23514
f 4059/23515 2765/23516 840/23517
f 2613/23518 3970/23519 2612/23520
f 4057/23521 4058/23522 4060/23523
f 4060/23524 4058/23525 4059/23526
f 840/23527 4044/23528 4059/23529
f 4061/23530 4062/23531 4063/23532
f 3988/23533 4064/23534 3969/23535
f 4035/23536 4034/23537 4065/23538
f 4066/23539 4067/23540 4068/23541
f 4048/23542 843/23543 2710/23544
f 3921/23545 3977/23546 4043/23547
f 3969/23548 4069/23549 4045/23550
f 3424/23551 4070/23552 4069/23553
f 4039/23554 4071/23555 2422/23556
f 4054/23557 3972/23558 3985/23559
f 3920/23560 2422/23561 4071/23562
f 2422/23563 3920/23564 3970/23565
f 2614/23566 2404/23567 3471/23568
f 4064/23569 3967/23570 3969/23571
f 941/23572 2612/23573 4054/23574
f 3971/23575 2612/23576 3921/23577
f 4054/23578 2612/23579 3971/23580
f 3419/23581 4073/23582 4072/23583
f 3971/23584 3921/23585 4043/23586
f 3971/23587 4043/23588 3973/23589
f 3920/23590 4071/23591 3977/23592
f 3921/23593 3920/23594 3977/23595
f 4075/23596 4066/23597 4074/23598
f 3976/23599 4071/23600 2406/23601
f 2407/23602 3976/23603 2406/23604
f 2409/23605 3958/23606 4007/23607
f 2789/23608 2747/23609 858/23610
f 4039/23611 2406/23612 4071/23613
f 4033/23614 3964/23615 2608/23616
f 2379/23617 2377/23618 3472/23619
f 2424/23620 3472/23621 3473/23622
f 2379/23623 3472/23624 2424/23625
f 2424/23626 3473/23627 4039/23628
f 4039/23629 2422/23630 2424/23631
f 2848/23632 461/23633 2847/23634
f 3471/23635 4007/23636 2614/23637
f 3471/23638 2377/23639 2409/23640
f 3472/23641 2377/23642 3471/23643
f 2409/23644 4007/23645 3471/23646
f 2407/23647 4053/23648 3976/23649
f 3977/23650 4076/23651 4043/23652
f 4051/23653 4077/23654 4050/23655
f 4006/23656 2408/23657 2614/23658
f 2614/23659 2408/23660 2405/23661
f 4046/23662 4079/23663 4078/23664
f 4080/23665 4046/23666 4078/23667
f 4081/23668 4065/23669 4082/23670
f 3988/23671 3987/23672 3978/23673
f 4042/23674 4076/23675 4047/23676
f 4043/23677 4076/23678 4042/23679
f 3978/23680 4047/23681 4076/23682
f 3978/23683 4076/23684 3977/23685
f 4083/23686 4040/23687 3968/23688
f 4033/23689 4041/23690 3957/23691
f 3957/23692 4041/23693 3958/23694
f 3987/23695 4045/23696 4079/23697
f 4007/23698 4006/23699 2614/23700
f 4084/23701 4072/23702 2794/23703
f 4071/23704 3976/23705 3977/23706
f 4035/23707 4085/23708 4037/23709
f 2407/23710 4087/23711 4086/23712
f 2408/23713 4087/23714 2407/23715
f 856/23716 881/23717 2775/23718
f 4088/23719 4089/23720 4084/23721
f 4080/23722 4089/23723 4088/23724
f 4035/23725 4081/23726 4085/23727
f 4085/23728 4081/23729 3424/23730
f 4086/23731 4064/23732 4053/23733
f 4053/23734 4064/23735 3988/23736
f 2571/23737 4069/23738 3968/23739
f 3968/23740 4069/23741 3969/23742
f 4070/23743 4079/23744 4069/23745
f 4069/23746 4079/23747 4045/23748
f 4086/23749 4053/23750 2407/23751
f 4089/23752 4080/23753 4065/23754
f 3985/23755 3984/23756 4054/23757
f 4006/23758 3958/23759 4041/23760
f 781/23761 2571/23762 2569/23763
f 3419/23764 2788/23765 4049/23766
f 2775/23767 4049/23768 2788/23769
f 4041/23770 4040/23771 4006/23772
f 3424/23773 4069/23774 2571/23775
f 4088/23776 4047/23777 4080/23778
f 3973/23779 4042/23780 4090/23781
f 2608/23782 2763/23783 4033/23784
f 4033/23785 3968/23786 4041/23787
f 3983/23788 3985/23789 3972/23790
f 2763/23791 3968/23792 4033/23793
f 3987/23794 4079/23795 4046/23796
f 3968/23797 2763/23798 2571/23799
f 4083/23800 3968/23801 3967/23802
f 4091/23803 4092/23804 2795/23805
f 842/23806 3985/23807 3983/23808
f 4040/23809 4083/23810 2408/23811
f 2408/23812 4006/23813 4040/23814
f 4046/23815 4080/23816 4047/23817
f 4083/23818 3967/23819 4087/23820
f 4087/23821 3967/23822 4086/23823
f 4086/23824 3967/23825 4064/23826
f 4090/23827 4042/23828 4047/23829
f 2794/23830 2793/23831 4093/23832
f 2408/23833 4083/23834 4087/23835
f 4054/23836 3971/23837 3972/23838
f 4079/23839 4070/23840 4078/23841
f 4070/23842 4082/23843 4078/23844
f 4080/23845 4078/23846 4082/23847
f 4080/23848 4082/23849 4065/23850
f 2658/23851 4085/23852 3424/23853
f 4035/23854 4065/23855 4081/23856
f 3424/23857 4081/23858 4082/23859
f 2793/23860 4094/23861 3983/23862
f 2795/23863 4073/23864 4091/23865
f 4095/23866 4096/23867 4068/23868
f 4034/23869 4097/23870 4098/23871
f 2740/23872 844/23873 474/23874
f 2775/23875 844/23876 843/23877
f 4055/23878 3419/23879 4049/23880
f 4037/23881 4052/23882 4036/23883
f 4098/23884 4097/23885 4072/23886
f 4072/23887 4099/23888 4098/23889
f 4100/23890 2795/23891 4092/23892
f 2793/23893 2795/23894 4100/23895
f 2660/23896 2659/23897 4052/23898
f 4055/23899 4101/23900 4056/23901
f 4089/23902 4099/23903 4072/23904
f 4089/23905 4072/23906 4084/23907
f 4097/23908 4034/23909 4036/23910
f 2660/23911 4052/23912 4037/23913
f 2660/23914 4037/23915 4085/23916
f 2775/23917 2788/23918 856/23919
f 4085/23920 2658/23921 2660/23922
f 4065/23923 4099/23924 4089/23925
f 4051/23926 4101/23927 4077/23928
f 4103/23929 4102/23930 3937/23931
f 2789/23932 3419/23933 4097/23934
f 4097/23935 4036/23936 2789/23937
f 3419/23938 4072/23939 4097/23940
f 4048/23941 4050/23942 4049/23943
f 856/23944 2789/23945 858/23946
f 4077/23947 4055/23948 4049/23949
f 4105/23950 4060/23951 4104/23952
f 3360/23953 895/23954 3014/23955
f 2747/23956 2789/23957 4036/23958
f 4036/23959 4052/23960 2747/23961
f 4049/23962 4050/23963 4077/23964
f 4106/23965 3859/23966 3936/23967
f 4034/23968 4098/23969 4099/23970
f 4099/23971 4065/23972 4034/23973
f 2775/23974 843/23975 4049/23976
f 4108/23977 2821/23978 4107/23979
f 2848/23980 460/23981 461/23982
f 4110/23983 4109/23984 2837/23985
f 4094/23986 4044/23987 3983/23988
f 3983/23989 4044/23990 842/23991
f 4077/23992 4101/23993 4055/23994
f 4101/23995 4051/23996 4067/23997
f 4105/23998 4104/23999 4075/24000
f 4067/24001 4051/24002 4111/24003
f 4109/24004 4113/24005 4112/24006
f 4056/24007 4073/24008 3419/24009
f 4116/24010 4115/24011 4114/24012
f 4117/24013 4066/24014 4091/24015
f 2837/24016 4118/24017 4110/24018
f 4119/24019 2988/24020 4112/24021
f 4112/24022 2988/24023 2832/24024
f 2821/24025 4108/24026 4112/24027
f 2896/24028 2848/24029 494/24030
f 4075/24031 4074/24032 4105/24033
f 4068/24034 4096/24035 4074/24036
f 3983/24037 4090/24038 4093/24039
f 3973/24040 4090/24041 3983/24042
f 2794/24043 4093/24044 4084/24045
f 4047/24046 4088/24047 4084/24048
f 4047/24049 4084/24050 4093/24051
f 4047/24052 4093/24053 4090/24054
f 2794/24055 4073/24056 2795/24057
f 4074/24058 4066/24059 4068/24060
f 4093/24061 2793/24062 3983/24063
f 4070/24064 3424/24065 4082/24066
f 4100/24067 4094/24068 2793/24069
f 4094/24070 4104/24071 4060/24072
f 4094/24073 4060/24074 4044/24075
f 4044/24076 4060/24077 4059/24078
f 4100/24079 4092/24080 4094/24081
f 4092/24082 4104/24083 4094/24084
f 4075/24085 4091/24086 4066/24087
f 4117/24088 4067/24089 4066/24090
f 4067/24091 4117/24092 4101/24093
f 4117/24094 4091/24095 4056/24096
f 4056/24097 4091/24098 4073/24099
f 4073/24100 2794/24101 4072/24102
f 669/24103 4121/24104 4120/24105
f 4092/24106 4091/24107 4075/24108
f 4092/24109 4075/24110 4104/24111
f 4119/24112 4113/24113 4114/24114
f 4101/24115 4117/24116 4056/24117
f 4123/24118 4062/24119 4122/24120
f 4096/24121 4095/24122 4124/24123
f 4125/24124 2990/24125 2989/24126
f 498/24127 2822/24128 869/24129
f 2725/24130 2822/24131 498/24132
f 4126/24133 4118/24134 3010/24135
f 4067/24136 4111/24137 4095/24138
f 4068/24139 4067/24140 4095/24141
f 4127/24142 4128/24143 4129/24144
f 4115/24145 4119/24146 4114/24147
f 4119/24148 4115/24149 2988/24150
f 2831/24151 2825/24152 2830/24153
f 2837/24154 4109/24155 2838/24156
f 2847/24157 4107/24158 2821/24159
f 470/24160 2847/24161 2821/24162
f 4112/24163 4113/24164 4119/24165
f 2989/24166 4115/24167 4116/24168
f 4125/24169 2989/24170 4116/24171
f 3877/24172 3872/24173 3311/24174
f 4115/24175 2989/24176 2988/24177
f 4096/24178 4127/24179 4129/24180
f 4127/24181 4096/24182 4130/24183
f 4130/24184 4096/24185 4124/24186
f 4128/24187 4105/24188 4129/24189
f 4105/24190 4128/24191 4060/24192
f 4131/24193 4113/24194 4109/24195
f 4131/24196 4109/24197 4110/24198
f 2823/24199 2833/24200 4095/24201
f 4132/24202 2823/24203 4095/24204
f 4133/24205 3035/24206 3360/24207
f 3360/24208 3035/24209 895/24210
f 2871/24211 8/24212 871/24213
f 4124/24214 2833/24215 2990/24216
f 2990/24217 2833/24218 2832/24219
f 2832/24220 2988/24221 2990/24222
f 468/24223 470/24224 2725/24225
f 2725/24226 2821/24227 2822/24228
f 2832/24229 2821/24230 4112/24231
f 4108/24232 4107/24233 4109/24234
f 4109/24235 4112/24236 4108/24237
f 3360/24238 3005/24239 3915/24240
f 2839/24241 4118/24242 2837/24243
f 2725/24244 470/24245 2821/24246
f 3344/24247 3876/24248 3898/24249
f 4124/24250 4095/24251 2833/24252
f 4132/24253 4095/24254 4111/24255
f 469/24256 468/24257 2895/24258
f 2838/24259 2847/24260 461/24261
f 461/24262 459/24263 2838/24264
f 2710/24265 4134/24266 4048/24267
f 4134/24268 4111/24269 4051/24270
f 4048/24271 4134/24272 4051/24273
f 4132/24274 4111/24275 4134/24276
f 4134/24277 2710/24278 2822/24279
f 2710/24280 869/24281 2822/24282
f 2610/24283 869/24284 2710/24285
f 4135/24286 4063/24287 4136/24288
f 4136/24289 4063/24290 4137/24291
f 2823/24292 4134/24293 2822/24294
f 4134/24295 2823/24296 4132/24297
f 2838/24298 4107/24299 2847/24300
f 2838/24301 4109/24302 4107/24303
f 2885/24304 4121/24305 669/24306
f 2885/24307 669/24308 2818/24309
f 4138/24310 3911/24311 4139/24312
f 2831/24313 2929/24314 2895/24315
f 791/24316 3914/24317 792/24318
f 2877/24319 2816/24320 2814/24321
f 616/24322 2816/24323 2877/24324
f 2877/24325 2809/24326 616/24327
f 3036/24328 2818/24329 2846/24330
f 2809/24331 618/24332 616/24333
f 2829/24334 669/24335 4120/24336
f 2831/24337 2829/24338 4120/24339
f 2831/24340 4120/24341 2929/24342
f 3036/24343 4140/24344 2884/24345
f 2884/24346 2818/24347 3036/24348
f 4141/24349 4118/24350 4126/24351
f 4131/24352 4110/24353 4142/24354
f 2929/24355 3942/24356 2848/24357
f 3942/24358 2929/24359 3940/24360
f 2929/24361 4120/24362 3940/24363
f 4121/24364 3940/24365 4120/24366
f 3010/24367 4118/24368 2839/24369
f 3036/24370 3467/24371 4140/24372
f 460/24373 3008/24374 459/24375
f 3036/24376 3035/24377 3467/24378
f 3894/24379 4143/24380 3909/24381
f 460/24382 3941/24383 3008/24384
f 4146/24385 4145/24386 4144/24387
f 4147/24388 4146/24389 4144/24390
f 3914/24391 3456/24392 3474/24393
f 3906/24394 4148/24395 4149/24396
f 3909/24397 4148/24398 3906/24399
f 3906/24400 4149/24401 3904/24402
f 3895/24403 3916/24404 3915/24405
f 3476/24406 4149/24407 3895/24408
f 3904/24409 4149/24410 3476/24411
f 3360/24412 3916/24413 4150/24414
f 3005/24415 792/24416 3914/24417
f 3915/24418 3005/24419 3914/24420
f 3035/24421 4133/24422 3466/24423
f 4150/24424 4133/24425 3360/24426
f 3914/24427 3895/24428 3915/24429
f 3914/24430 791/24431 3456/24432
f 3936/24433 4151/24434 3937/24435
f 2839/24436 3008/24437 3010/24438
f 459/24439 3008/24440 2839/24441
f 3466/24442 4133/24443 4144/24444
f 4145/24445 3466/24446 4144/24447
f 4152/24448 4150/24449 3916/24450
f 4144/24451 4152/24452 4148/24453
f 4144/24454 4150/24455 4152/24456
f 4133/24457 4150/24458 4144/24459
f 3940/24460 3009/24461 3941/24462
f 4148/24463 4147/24464 4144/24465
f 3895/24466 4149/24467 3916/24468
f 3916/24469 4149/24470 4152/24471
f 4152/24472 4149/24473 4148/24474
f 4062/24475 4153/24476 4122/24477
f 4061/24478 4153/24479 4062/24480
f 4138/24481 3467/24482 3466/24483
f 3350/24484 3470/24485 3910/24486
f 2978/24487 7/24488 8/24489
f 4155/24490 4154/24491 3948/24492
f 3948/24493 3946/24494 4155/24495
f 3858/24496 4151/24497 3936/24498
f 3859/24499 3858/24500 3936/24501
f 4153/24502 4061/24503 4156/24504
f 4157/24505 3877/24506 3878/24507
f 4145/24508 4138/24509 3466/24510
f 3911/24511 4138/24512 4146/24513
f 4146/24514 4138/24515 4145/24516
f 4139/24517 3911/24518 3913/24519
f 4158/24520 4159/24521 4160/24522
f 4161/24523 4160/24524 4159/24525
f 4138/24526 4139/24527 4140/24528
f 4140/24529 3467/24530 4138/24531
f 3942/24532 3941/24533 460/24534
f 2848/24535 3942/24536 460/24537
f 3008/24538 3941/24539 3009/24540
f 4113/24541 4162/24542 4114/24543
f 4113/24544 4131/24545 4162/24546
f 4163/24547 4162/24548 4131/24549
f 4142/24550 4118/24551 4141/24552
f 4141/24553 4164/24554 4142/24555
f 4165/24556 2885/24557 2884/24558
f 3913/24559 4166/24560 4139/24561
f 4165/24562 4166/24563 4121/24564
f 4121/24565 2885/24566 4165/24567
f 4121/24568 4166/24569 3009/24570
f 3940/24571 4121/24572 3009/24573
f 4139/24574 4166/24575 4165/24576
f 4165/24577 4140/24578 4139/24579
f 4140/24580 4165/24581 2884/24582
f 3948/24583 4154/24584 4103/24585
f 4125/24586 4154/24587 4155/24588
f 3902/24589 3925/24590 3339/24591
f 4167/24592 3009/24593 4166/24594
f 4110/24595 4118/24596 4142/24597
f 4142/24598 4163/24599 4131/24600
f 4164/24601 4163/24602 4142/24603
f 4105/24604 4074/24605 4129/24606
f 4096/24607 4129/24608 4074/24609
f 4159/24610 4158/24611 4163/24612
f 4162/24613 4116/24614 4114/24615
f 2990/24616 4125/24617 4130/24618
f 4168/24619 4130/24620 4125/24621
f 4060/24622 4128/24623 4057/24624
f 4124/24625 2990/24626 4130/24627
f 4169/24628 4168/24629 4125/24630
f 3935/24631 4170/24632 4122/24633
f 4157/24634 3898/24635 4153/24636
f 4057/24637 4128/24638 4171/24639
f 4128/24640 4127/24641 4169/24642
f 4168/24643 4169/24644 4127/24645
f 4127/24646 4130/24647 4168/24648
f 4158/24649 4170/24650 4172/24651
f 3343/24652 3345/24653 3933/24654
f 4163/24655 4158/24656 4172/24657
f 4163/24658 4172/24659 4162/24660
f 3911/24661 4146/24662 4173/24663
f 4174/24664 3470/24665 4173/24666
f 4174/24667 4173/24668 4146/24669
f 4151/24670 3858/24671 3947/24672
f 4169/24673 4155/24674 3946/24675
f 4125/24676 4155/24677 4169/24678
f 4162/24679 4172/24680 4116/24681
f 3937/24682 4102/24683 3897/24684
f 3938/24685 3937/24686 3897/24687
f 3943/24688 4136/24689 3926/24690
f 3911/24691 4173/24692 3893/24693
f 3893/24694 4173/24695 3340/24696
f 3340/24697 4173/24698 3470/24699
f 3894/24700 3909/24701 3865/24702
f 4175/24703 3910/24704 3470/24705
f 3910/24706 4175/24707 3894/24708
f 3894/24709 4175/24710 4143/24711
f 4143/24712 4148/24713 3909/24714
f 4176/24715 4148/24716 4143/24717
f 4147/24718 4148/24719 4176/24720
f 4176/24721 4174/24722 4147/24723
f 4175/24724 4174/24725 4176/24726
f 4143/24727 4175/24728 4176/24729
f 4174/24730 4146/24731 4147/24732
f 4174/24733 4175/24734 3470/24735
f 4116/24736 4103/24737 4154/24738
f 4172/24739 4103/24740 4116/24741
f 4116/24742 4154/24743 4125/24744
f 4136/24745 3943/24746 4135/24747
f 4177/24748 3009/24749 4167/24750
f 4158/24751 4160/24752 4123/24753
f 4123/24754 4160/24755 4062/24756
f 4141/24757 4161/24758 4164/24759
f 3943/24760 4061/24761 4135/24762
f 3858/24763 3939/24764 3946/24765
f 4166/24766 3913/24767 4167/24768
f 4178/24769 3912/24770 4137/24771
f 4167/24772 3912/24773 4178/24774
f 4178/24775 4137/24776 4177/24777
f 4177/24778 4167/24779 4178/24780
f 3913/24781 3912/24782 4167/24783
f 3339/24784 3925/24785 3912/24786
f 3339/24787 3912/24788 3893/24789
f 3911/24790 3893/24791 3912/24792
f 4136/24793 4137/24794 3925/24795
f 3912/24796 3925/24797 4137/24798
f 3926/24799 4136/24800 3925/24801
f 4157/24802 3878/24803 3344/24804
f 3898/24805 4157/24806 3344/24807
f 3945/24808 4106/24809 3933/24810
f 4179/24811 4160/24812 4161/24813
f 3872/24814 4156/24815 3943/24816
f 3943/24817 4156/24818 4061/24819
f 4179/24820 4063/24821 4062/24822
f 4160/24823 4179/24824 4062/24825
f 4156/24826 3872/24827 3877/24828
f 3902/24829 3903/24830 3925/24831
f 3938/24832 3897/24833 3876/24834
f 3938/24835 3876/24836 3343/24837
f 3343/24838 4106/24839 3938/24840
f 3933/24841 4106/24842 3343/24843
f 4159/24844 4164/24845 4161/24846
f 4163/24847 4164/24848 4159/24849
f 3908/24850 3931/24851 3934/24852
f 3929/24853 3931/24854 3908/24855
f 4106/24856 3945/24857 3859/24858
f 4106/24859 3936/24860 3938/24861
f 3948/24862 4103/24863 3947/24864
f 3937/24865 4151/24866 4103/24867
f 4103/24868 4151/24869 3947/24870
f 3859/24871 3945/24872 3857/24873
f 3934/24874 3939/24875 3857/24876
f 3857/24877 3908/24878 3934/24879
f 3939/24880 4171/24881 3946/24882
f 3946/24883 4171/24884 4169/24885
f 4171/24886 4128/24887 4169/24888
f 4171/24889 3939/24890 3934/24891
f 4057/24892 4171/24893 3934/24894
f 2765/24895 4057/24896 3934/24897
f 4170/24898 3935/24899 3897/24900
f 3897/24901 4102/24902 4170/24903
f 4170/24904 4102/24905 4172/24906
f 4172/24907 4102/24908 4103/24909
f 4122/24910 4153/24911 3935/24912
f 4170/24913 4123/24914 4122/24915
f 4158/24916 4123/24917 4170/24918
f 4179/24919 4177/24920 4063/24921
f 4061/24922 4063/24923 4135/24924
f 3935/24925 4153/24926 3898/24927
f 3877/24928 4157/24929 4153/24930
f 4177/24931 3010/24932 3009/24933
f 4137/24934 4063/24935 4177/24936
f 4141/24937 4179/24938 4161/24939
f 4177/24940 4179/24941 3010/24942
f 4179/24943 4141/24944 4126/24945
f 4126/24946 3010/24947 4179/24948
f 3877/24949 4153/24950 4156/24951
f 1997/24952 727/24953 2006/24954
