# Image list with two lines of data per image:
#   IMAGE_ID, QW, QX, QY, QZ, TX, TY, TZ, CAMERA_ID, NAME
#   POINTS2D[] as (X, Y, POINT3D_ID)
# Number of images: 45, mean observations per image: 165
1 0.98097764657523079 -0.19122385664653938 0.033003898201145243 0.0051996415716669755 -0.88445205396831361 -1.9996964776373529 0.3129617080199098 1 video_01_frame_0003.jpg
676.8707275390625 173.16128540039062 -1 598.56689453125 177.03996276855469 1 658.8076171875 180.902099609375 -1 691.85638427734375 183.95950317382812 143 654.5394287109375 184.95689392089844 5 608.0286865234375 185.11813354492188 523 608.0286865234375 185.11813354492188 523 598.5699462890625 187.5599365234375 489 613.0853271484375 187.71922302246094 499 654.30914306640625 191.2769775390625 493 627.974609375 193.11248779296875 8 645.53765869140625 194.59562683105469 10 645.53765869140625 194.59562683105469 9 676.13201904296875 194.83734130859375 148 676.13201904296875 194.83734130859375 149 682.4468994140625 195.22708129882812 189 654.38323974609375 196.13772583007812 493 612.04095458984375 198.17015075683594 126 612.04095458984375 198.17015075683594 127 639.92724609375 200.57450866699219 -1 612.52294921875 207.96804809570312 581 593.1060791015625 225.29641723632812 257 659.8642578125 232.86328125 338 611.275390625 244.87301635742188 14 611.275390625 244.87301635742188 15 648.96563720703125 250.68571472167969 -1 655.38702392578125 250.62907409667969 285 655.38702392578125 250.62907409667969 286 673.4849853515625 253.28909301757812 225 673.4849853515625 253.28909301757812 128 634.8829345703125 253.87045288085938 17 634.8829345703125 253.87045288085938 18 642.826416015625 256.289306640625 322 642.826416015625 256.289306640625 258 608.44873046875 259.21652221679688 194 608.44873046875 259.21652221679688 195 668.93621826171875 299.7650146484375 19 668.93621826171875 299.7650146484375 20 632.408203125 327.7032470703125 488 610.2950439453125 334.85491943359375 132 677.4200439453125 349.00851440429688 154 606.86187744140625 351.08139038085938 227 643.37115478515625 362.54443359375 199 643.37115478515625 362.54443359375 200 599.41070556640625 370.76513671875 201 582.47442626953125 381.52682495117188 -1 586.2135009765625 382.27130126953125 -1 627.1759033203125 388.37765502929688 262 669.830810546875 399.09457397460938 202 641.79473876953125 403.25140380859375 135 641.79473876953125 403.25140380859375 373 665.66009521484375 405.5904541015625 532 669.6185302734375 412.39154052734375 265 669.6185302734375 412.39154052734375 266 604.87872314453125 415.9842529296875 30 585.8900146484375 418.20883178710938 -1 667.32623291015625 424.50885009765625 31 624.95355224609375 427.49224853515625 139 624.95355224609375 427.49224853515625 140 587.99395751953125 434.0062255859375 535 685.84912109375 438.31539916992188 -1 686.1212158203125 491.44097900390625 -1 620.12103271484375 498.83441162109375 -1 667.7601318359375 155.56646728515625 313 673.0601806640625 156.18833923339844 443 681.36651611328125 156.63029479980469 423 686.7620849609375 157.36041259765625 268 693.4984130859375 159.03314208984375 495 587.6175537109375 166.51856994628906 -1 587.6175537109375 166.51856994628906 173 603.34326171875 168.31381225585938 269 587.02703857421875 174.56472778320312 304 641.5667724609375 179.65545654296875 36 672.0416259765625 182.39671325683594 142 645.67193603515625 189.3978271484375 146 645.67193603515625 189.3978271484375 147 592.9093017578125 190.30072021484375 281 679.0289306640625 190.54972839355469 123 663.8687744140625 199.97203063964844 39 602.5828857421875 200.79837036132812 11 650.99755859375 199.83828735351562 40 650.99755859375 199.83828735351562 41 685.8363037109375 200.29412841796875 426 654.09014892578125 203.2987060546875 288 602.00799560546875 217.87527465820312 42 611.8306884765625 224.45614624023438 161 587.149169921875 246.18498229980469 -1 587.149169921875 246.18498229980469 -1 658.94879150390625 250.80900573730469 150 651.8580322265625 253.19548034667969 340 651.8580322265625 253.19548034667969 329 652.93072509765625 300.36624145507812 234 652.93072509765625 300.36624145507812 235 674.4600830078125 304.92034912109375 45 660.6754150390625 306.32489013671875 271 668.5247802734375 308.6585693359375 151 669.48907470703125 326.08050537109375 377 637.95697021484375 327.24569702148438 236 627.6585693359375 346.82247924804688 490 632.642333984375 362.4227294921875 363 598.9913330078125 362.6640625 156 654.45196533203125 368.4862060546875 26 653.1741943359375 376.79769897460938 356 635.936767578125 405.8792724609375 29 615.99383544921875 409.49423217773438 158 611.00677490234375 411.69964599609375 158 615.64361572265625 437.33160400390625 -1 615.64361572265625 437.33160400390625 -1 624.38525390625 477.32345581054688 274 646.73291015625 480.20077514648438 33 615.5806884765625 506.77560424804688 -1 661.43365478515625 152.08770751953125 394 580.26263427734375 157.75164794921875 -1 695.99505615234375 172.12078857421875 -1 604.9932861328125 178.76174926757812 60 650.6219482421875 180.68731689453125 61 645.87548828125 184.08555603027344 637 645.87548828125 184.08555603027344 63 640.2486572265625 186.33732604980469 64 640.198974609375 194.83602905273438 735 593.89990234375 195.57867431640625 346 593.89990234375 195.57867431640625 281 689.5611572265625 196.56686401367188 419 678.944580078125 200.02960205078125 160 617.156005859375 209.190673828125 344 679.5941162109375 214.15574645996094 342 669.689208984375 263.42974853515625 67 667.51824951171875 291.02279663085938 162 609.345458984375 297.9478759765625 43 609.345458984375 297.9478759765625 44 622.77459716796875 298.69149780273438 21 622.77459716796875 298.69149780273438 22 606.3465576171875 311.62924194335938 46 606.3465576171875 311.62924194335938 47 642.4990234375 323.355224609375 242 642.4990234375 323.355224609375 243 616.99359130859375 324.34088134765625 295 648.723388671875 326.6380615234375 406 653.39892578125 326.40957641601562 500 653.39892578125 326.40957641601562 406 638.34869384765625 337.72610473632812 75 638.34869384765625 337.72610473632812 170 615.46722412109375 339.826416015625 164 623.41619873046875 342.88421630859375 52 668.85791015625 359.48361206054688 209 609.68170166015625 370.07110595703125 55 660.55718994140625 402.129150390625 389 582.58892822265625 411.42535400390625 -1 630.3941650390625 417.672119140625 56 616.65924072265625 422.3729248046875 57 640.00921630859375 446.0826416015625 165 579.8953857421875 157.42926025390625 -1 613.018798828125 169.89950561523438 82 696.4295654296875 173.31573486328125 -1 594.02923583984375 173.48977661132812 59 582.36785888671875 198.21469116210938 211 640.4810791015625 198.7166748046875 415 640.4810791015625 198.7166748046875 735 623.4349365234375 201.34039306640625 65 588.45306396484375 203.002197265625 320 588.45306396484375 203.002197265625 349 582.22186279296875 207.26840209960938 -1 670.9642333984375 241.53720092773438 86 663.25103759765625 243.23680114746094 87 617.53466796875 264.99081420898438 407 609.0968017578125 265.77822875976562 89 609.0968017578125 265.77822875976562 212 616.8076171875 271.94833374023438 424 591.53631591796875 284.9473876953125 -1 607.270751953125 291.21533203125 68 674.06060791015625 292.16061401367188 -1 674.06060791015625 292.16061401367188 213 637.58447265625 298.59173583984375 91 632.64141845703125 305.63458251953125 71 632.64141845703125 305.63458251953125 72 630.35943603515625 313.45321655273438 73 630.35943603515625 313.45321655273438 638 632.25115966796875 321.3985595703125 169 605.14263916015625 364.44482421875 53 644.2418212890625 378.71957397460938 94 644.74151611328125 401.06109619140625 373 582.1331787109375 411.34991455078125 -1 637.5604248046875 434.53195190429688 78 631.0799560546875 469.04037475585938 79 625.23504638671875 166.5615234375 81 594.5401611328125 185.58721923828125 83 619.691162109375 193.50059509277344 100 658.00274658203125 235.47573852539062 246 643.5626220703125 243.00042724609375 88 600.552490234375 296.4886474609375 247 600.552490234375 296.4886474609375 248 625.13922119140625 320.45367431640625 249 625.13922119140625 320.45367431640625 299 650.52197265625 339.48733520507812 343 618.13134765625 379.94894409179688 398 638.633544921875 395.60031127929688 292 638.633544921875 395.60031127929688 95 651.63348388671875 456.56414794921875 96 651.63348388671875 456.56414794921875 97 620.49365234375 469.59347534179688 214 691.70361328125 478.61837768554688 300 589.68194580078125 157.4364013671875 176 621.50616455078125 179.81939697265625 105 606.11175537109375 187.63975524902344 523 631.8609619140625 188.73187255859375 99 667.23297119140625 196.87222290039062 106 669.5191650390625 208.50970458984375 -1 669.5191650390625 208.50970458984375 -1 614.43841552734375 252.34506225585938 107 650.1612548828125 254.470458984375 101 636.1519775390625 264.94888305664062 102 653.45892333984375 267.01226806640625 109 653.45892333984375 267.01226806640625 110 589.85302734375 390.376220703125 319 633.67156982421875 401.84674072265625 103 633.67156982421875 401.84674072265625 179 616.1566162109375 406.4359130859375 252 653.57568359375 415.96237182617188 104 687.105224609375 172.11318969726562 301 650.44183349609375 210.1773681640625 -1 594.13690185546875 224.54507446289062 113 632.0943603515625 453.47470092773438 116 590.1741943359375 486.781494140625 181 659.01416015625 153.479248046875 -1 636.63739013671875 169.8399658203125 117 668.3050537109375 171.17843627929688 385 628.9273681640625 208.03855895996094 119 631.51934814453125 226.03746032714844 441 656.4854736328125 356.852294921875 115 623.154541015625 434.84967041015625 333 623.154541015625 434.84967041015625 334 679.42999267578125 172.37541198730469 -1 677.78570556640625 242.90496826171875 121 615.1273193359375 304.3458251953125 216 657.65869140625 301.71923828125 374 676.9129638671875 370.66036987304688 185 673.8736572265625 413.39044189453125 278 704.6373291015625 523.2137451171875 -1 704.6373291015625 523.2137451171875 -1 599.02587890625 161.22846984863281 -1 664.46734619140625 264.9029541015625 122 
2 0.98114594759495133 -0.19088450689186737 0.029897237166130863 0.0046786490022061502 -0.83350163622712259 -1.9954734475384048 0.33834812112981255 1 video_01_frame_0001.jpg
599.37030029296875 178.07662963867188 1 676.36297607421875 179.33915710449219 -1 687.37493896484375 183.29995727539062 2 692.435791015625 184.8253173828125 143 655.31243896484375 185.70486450195312 5 614.0045166015625 188.44186401367188 499 589.5123291015625 189.02336120605469 528 628.43365478515625 193.64334106445312 8 646.2825927734375 195.30491638183594 10 646.2825927734375 195.30491638183594 9 676.8394775390625 195.40182495117188 148 676.8394775390625 195.40182495117188 149 683.16912841796875 195.95951843261719 189 654.9466552734375 196.64067077636719 493 612.87652587890625 198.72064208984375 126 612.87652587890625 198.72064208984375 127 678.924560546875 198.79472351074219 -1 593.958251953125 208.50363159179688 -1 607.9122314453125 215.18258666992188 13 610.0517578125 219.12289428710938 192 590.59466552734375 235.8411865234375 283 590.59466552734375 235.8411865234375 284 612.09014892578125 245.14494323730469 14 612.09014892578125 245.14494323730469 15 660.64666748046875 249.99429321289062 -1 642.3212890625 251.43211364746094 258 642.3212890625 251.43211364746094 16 655.95941162109375 251.08670043945312 285 655.95941162109375 251.08670043945312 286 674.11181640625 253.40066528320312 225 674.11181640625 253.40066528320312 128 635.52166748046875 254.20693969726562 17 635.52166748046875 254.20693969726562 18 640.52630615234375 255.5921630859375 258 643.346435546875 257.00601196289062 322 609.242431640625 259.75711059570312 194 609.242431640625 259.75711059570312 195 624.086669921875 270.6923828125 -1 587.5709228515625 271.30685424804688 -1 587.5709228515625 271.30685424804688 -1 662.737060546875 327.70928955078125 196 614.401123046875 328.93402099609375 401 650.17120361328125 331.62664794921875 357 650.17120361328125 331.62664794921875 360 602.64947509765625 344.04354858398438 279 621.43084716796875 347.23519897460938 205 655.38494873046875 356.31390380859375 260 655.38494873046875 356.31390380859375 261 611.251220703125 357.41061401367188 519 602.04583740234375 357.98809814453125 323 643.6220703125 362.4072265625 199 643.6220703125 362.4072265625 200 600.18463134765625 370.95492553710938 201 613.9429931640625 377.41915893554688 -1 586.98046875 381.99322509765625 -1 661.613525390625 389.84417724609375 339 588.00555419921875 397.31918334960938 -1 642.22686767578125 403.15350341796875 135 642.22686767578125 403.15350341796875 373 652.07611083984375 404.92306518554688 203 625.29833984375 407.50286865234375 206 588.0169677734375 412.4803466796875 -1 586.6683349609375 417.88986206054688 -1 667.88580322265625 423.87078857421875 31 662.1688232421875 152.72941589355469 394 693.682373046875 159.85566711425781 495 588.6904296875 166.94033813476562 173 675.94451904296875 166.6800537109375 218 604.13165283203125 169.07612609863281 269 642.336669921875 180.32681274414062 36 672.699462890625 183.13580322265625 142 678.880615234375 183.37484741210938 538 651.478271484375 188.36514282226562 37 651.478271484375 188.36514282226562 38 646.4278564453125 189.9169921875 146 646.4278564453125 189.9169921875 147 593.83697509765625 190.76568603515625 281 651.6802978515625 200.4439697265625 40 651.6802978515625 200.4439697265625 41 654.87017822265625 203.759033203125 288 602.9873046875 218.26634216308594 42 612.6954345703125 224.78076171875 161 659.450927734375 251.14634704589844 150 621.56353759765625 260.0810546875 622 623.558349609375 299.04998779296875 21 623.558349609375 299.04998779296875 22 669.0528564453125 300.642822265625 19 669.0528564453125 300.642822265625 20 669.40509033203125 308.55352783203125 151 674.595458984375 323.19161987304688 204 638.36181640625 327.2923583984375 273 638.36181640625 327.2923583984375 236 602.1370849609375 329.59918212890625 289 654.9210205078125 331.55758666992188 357 654.9210205078125 331.55758666992188 25 628.2476806640625 346.81100463867188 490 677.388671875 349.4866943359375 154 631.830322265625 351.82833862304688 490 599.732177734375 362.74658203125 156 633.1666259765625 362.15576171875 363 654.28802490234375 375.9730224609375 356 616.05450439453125 386.95086669921875 28 616.0836181640625 409.387451171875 158 617.72821044921875 421.985107421875 57 625.0787353515625 476.906982421875 274 645.886962890625 480.11676025390625 33 620.94073486328125 498.02484130859375 -1 615.4385986328125 505.96478271484375 -1 605.9827880859375 179.12858581542969 60 651.32647705078125 181.29876708984375 61 646.6385498046875 184.72726440429688 637 646.6385498046875 184.72726440429688 63 641.093017578125 186.97787475585938 64 640.8603515625 196.39486694335938 735 594.90191650390625 196.22239685058594 346 594.90191650390625 196.22239685058594 281 690.24456787109375 197.39144897460938 419 679.49090576171875 200.76480102539062 160 603.37677001953125 201.39402770996094 11 685.9449462890625 201.133056640625 426 615.21051025390625 202.33071899414062 545 589.384521484375 203.72842407226562 320 589.384521484375 203.72842407226562 349 617.90936279296875 209.35850524902344 344 680.253173828125 214.57029724121094 342 670.05743408203125 263.87554931640625 67 610.09722900390625 298.07858276367188 43 610.09722900390625 298.07858276367188 44 630.97998046875 299.13967895507812 436 630.97998046875 299.13967895507812 527 661.7730712890625 306.38336181640625 271 661.7730712890625 306.38336181640625 92 673.94317626953125 307.9503173828125 45 607.03436279296875 311.82156372070312 46 607.03436279296875 311.82156372070312 47 643.20635986328125 323.484619140625 242 617.71771240234375 324.39724731445312 295 649.50048828125 326.75927734375 406 654.018798828125 326.49481201171875 500 654.018798828125 326.49481201171875 406 615.7666015625 339.85595703125 164 623.72845458984375 342.679443359375 52 626.06805419921875 356.98910522460938 451 626.06805419921875 356.98910522460938 451 610.282958984375 369.98519897460938 55 661.173828125 402.21588134765625 389 629.87713623046875 417.41552734375 56 640.14776611328125 445.21786499023438 165 651.30914306640625 468.13226318359375 341 613.54705810546875 170.24417114257812 82 594.9490966796875 174.35003662109375 59 624.31573486328125 202.00387573242188 65 671.460205078125 242.08464050292969 86 663.90185546875 243.69137573242188 87 609.9112548828125 266.147705078125 89 618.40325927734375 265.34515380859375 407 617.6851806640625 272.485595703125 424 674.813232421875 292.63201904296875 213 638.12969970703125 298.75387573242188 91 674.417236328125 300.07937622070312 168 633.53192138671875 305.74142456054688 71 633.53192138671875 305.74142456054688 72 631.3311767578125 313.58013916015625 73 631.3311767578125 313.58013916015625 638 604.614990234375 319.34921264648438 434 604.614990234375 319.34921264648438 479 632.91754150390625 321.4615478515625 169 669.952880859375 359.04248046875 209 588.52398681640625 374.57757568359375 276 645.29595947265625 378.2681884765625 94 645.22271728515625 400.95822143554688 373 663.42950439453125 401.7821044921875 389 583.1260986328125 423.45431518554688 -1 638.0450439453125 434.37509155273438 78 632.48345947265625 468.22372436523438 79 626.2086181640625 167.318603515625 81 595.4810791015625 186.06143188476562 83 620.49871826171875 194.01373291015625 100 658.65850830078125 236.03483581542969 246 644.3533935546875 243.41630554199219 88 601.1304931640625 296.3125 247 601.1304931640625 296.3125 248 626.574951171875 320.75274658203125 249 626.574951171875 320.75274658203125 566 650.7725830078125 339.38540649414062 343 618.530517578125 379.67266845703125 398 638.55816650390625 395.92379760742188 292 638.55816650390625 395.92379760742188 95 652.04638671875 456.08004760742188 96 652.04638671875 456.08004760742188 97 620.65521240234375 469.04815673828125 214 690.9447021484375 499.60287475585938 -1 590.67987060546875 158.07929992675781 176 622.2864990234375 180.53984069824219 105 607.12615966796875 188.18338012695312 523 632.70245361328125 189.40817260742188 99 667.77734375 197.1627197265625 106 670.29071044921875 209.06979370117188 -1 621.325927734375 213.9417724609375 -1 688.4493408203125 224.32530212402344 251 619.666748046875 240.91192626953125 293 615.2257080078125 252.72915649414062 107 650.74200439453125 254.90653991699219 101 636.80633544921875 265.26480102539062 102 653.81646728515625 267.3740234375 109 653.81646728515625 267.3740234375 110 629.3421630859375 390.41464233398438 178 629.3421630859375 390.41464233398438 178 634.296142578125 401.59326171875 103 634.296142578125 401.59326171875 179 616.3245849609375 406.21078491210938 252 654.080322265625 415.66769409179688 104 590.1907958984375 486.5821533203125 181 650.9886474609375 210.78605651855469 -1 595.1634521484375 225.01052856445312 113 576.4166259765625 456.906494140625 -1 590.56658935546875 486.15155029296875 181 652.8350830078125 494.285400390625 -1 659.76727294921875 154.43453979492188 -1 637.8096923828125 170.80975341796875 117 630.073486328125 208.49942016601562 119 631.8765869140625 226.43115234375 441 656.832275390625 356.8087158203125 115 623.92864990234375 434.50750732421875 333 623.92864990234375 434.50750732421875 334 632.74127197265625 452.35189819335938 116 680.050537109375 173.16703796386719 -1 678.5985107421875 243.23782348632812 121 615.60968017578125 304.8450927734375 216 597.56402587890625 410.9837646484375 183 658.1156005859375 301.70498657226562 374 677.1883544921875 371.01251220703125 185 674.34527587890625 413.14425659179688 278 704.98553466796875 522.3287353515625 -1 704.98553466796875 522.3287353515625 -1 600.99945068359375 161.33489990234375 -1 664.8243408203125 265.29998779296875 122 
3 0.98399878526007534 -0.1756540167896575 0.029836797127961726 0.0013500109258084609 -0.8560275487395157 -1.9254259843088521 0.19330009597966455 1 video_01_frame_0012.jpg
673.78466796875 147.29974365234375 218 595.46295166015625 159.23031616210938 1 687.38934326171875 161.36766052246094 362 687.38934326171875 161.36766052246094 -1 652.2841796875 166.96261596679688 5 600.176513671875 169.12191772460938 489 585.637451171875 171.01579284667969 528 651.97625732421875 173.3656005859375 493 621.79833984375 174.79605102539062 8 674.24755859375 176.92462158203125 148 674.24755859375 176.92462158203125 149 643.17816162109375 177.04826354980469 10 643.17816162109375 177.04826354980469 9 680.874755859375 177.324951171875 189 652.1575927734375 178.47483825683594 493 609.1395263671875 180.50546264648438 126 609.1395263671875 180.50546264648438 127 594.01531982421875 195.27928161621094 -1 590.47119140625 208.29209899902344 257 587.13323974609375 218.28726196289062 283 587.13323974609375 218.28726196289062 284 608.9808349609375 227.89154052734375 14 608.9808349609375 227.89154052734375 15 618.8236083984375 231.58694458007812 -1 618.8236083984375 231.58694458007812 -1 653.4586181640625 233.58651733398438 285 653.4586181640625 233.58651733398438 286 671.8551025390625 236.28335571289062 225 671.8551025390625 236.28335571289062 128 632.8798828125 236.9737548828125 17 632.8798828125 236.9737548828125 18 622.83758544921875 238.802978515625 108 622.83758544921875 238.802978515625 -1 606.226806640625 242.58134460449219 194 606.226806640625 242.58134460449219 195 655.49810791015625 256.42996215820312 433 648.4947509765625 315.05154418945312 357 608.36773681640625 318.67327880859375 132 606.4805908203125 322.69967651367188 548 619.37841796875 331.76300048828125 205 660.967529296875 333.82925415039062 226 605.3079833984375 335.16497802734375 227 641.854248046875 346.45831298828125 199 598.0592041015625 354.7364501953125 201 585.19683837890625 358.96240234375 276 581.105224609375 365.54852294921875 -1 658.37353515625 365.22430419921875 -1 657.43865966796875 381.5782470703125 -1 640.8482666015625 387.25131225585938 135 640.8482666015625 387.25131225585938 373 664.64404296875 389.44332885742188 532 666.59588623046875 392.3472900390625 264 657.83233642578125 393.8369140625 327 603.89404296875 399.99774169921875 30 585.1434326171875 402.29550170898438 -1 653.8375244140625 409.10626220703125 478 624.0634765625 411.632568359375 139 624.0634765625 411.632568359375 140 688.569580078125 431.33590698242188 -1 652.9769287109375 441.47674560546875 -1 644.67047119140625 464.987060546875 33 617.5845947265625 528.9114990234375 -1 646.4539794921875 137.24418640136719 574 679.142822265625 137.9862060546875 423 691.03948974609375 140.156005859375 495 584.458740234375 148.39697265625 173 669.857666015625 164.04803466796875 142 679.5489501953125 164.845947265625 538 685.41937255859375 164.66567993164062 2 648.41314697265625 169.94383239746094 37 648.41314697265625 169.94383239746094 38 643.28997802734375 171.34532165527344 146 643.28997802734375 171.34532165527344 147 589.98211669921875 172.64628601074219 281 618.939453125 189.51048278808594 233 599.36224365234375 200.55465698242188 42 609.408203125 207.25399780273438 161 584.5159912109375 229.19847106933594 -1 584.5159912109375 229.19847106933594 -1 657.0826416015625 233.68630981445312 150 618.30242919921875 243.14779663085938 622 651.61480712890625 283.56118774414062 234 651.61480712890625 283.56118774414062 235 637.055908203125 289.64300537109375 129 636.2027587890625 311.00726318359375 236 599.5576171875 312.71759033203125 289 599.5576171875 312.71759033203125 289 612.18218994140625 313.60418701171875 401 652.62725830078125 315.2120361328125 357 652.62725830078125 315.2120361328125 25 622.02996826171875 326.67697143554688 52 626.711669921875 330.8338623046875 490 674.7548828125 334.19000244140625 154 599.513916015625 334.1356201171875 279 597.3865966796875 347.15377807617188 156 655.39935302734375 356.99911499023438 356 585.60302734375 374.166015625 319 614.97076416015625 393.51983642578125 158 626.345947265625 414.93820190429688 358 587.34259033203125 417.8148193359375 535 626.0263671875 420.45855712890625 422 679.01043701171875 440.28659057617188 -1 619.24383544921875 482.706787109375 -1 778.1829833984375 507.05575561523438 -1 778.1829833984375 507.05575561523438 -1 754.047119140625 509.9560546875 -1 658.98712158203125 133.35392761230469 394 584.0537109375 156.28623962402344 304 602.002197265625 160.81497192382812 60 638.91943359375 161.81918334960938 241 638.91943359375 161.81918334960938 36 648.177001953125 162.64910888671875 61 643.48101806640625 166.28211975097656 637 643.48101806640625 166.28211975097656 63 637.8175048828125 168.58682250976562 64 591.1368408203125 178.23171997070312 281 687.794677734375 178.47410583496094 419 676.966552734375 182.0540771484375 160 683.86981201171875 182.53959655761719 426 599.67401123046875 183.45492553710938 11 688.38421630859375 186.14682006835938 466 614.669921875 191.85466003417969 344 677.95941162109375 196.23248291015625 342 667.7576904296875 246.31480407714844 67 607.41168212890625 281.47540283203125 43 607.41168212890625 281.47540283203125 44 659.755859375 289.62771606445312 92 604.36505126953125 295.57470703125 46 604.36505126953125 295.57470703125 47 641.040771484375 307.01947021484375 242 641.040771484375 307.01947021484375 243 615.3594970703125 308.177734375 295 615.3594970703125 308.177734375 295 652.23052978515625 309.893798828125 500 652.23052978515625 309.893798828125 406 647.49615478515625 310.34384155273438 406 630.7791748046875 319.96142578125 331 613.2696533203125 323.86932373046875 164 624.3447265625 341.0015869140625 451 667.70745849609375 342.9056396484375 209 585.95458984375 351.92022705078125 -1 653.36962890625 352.1920166015625 26 608.310791015625 354.05868530273438 55 659.69873046875 386.04437255859375 389 629.068603515625 401.91131591796875 56 609.702880859375 410.330078125 58 645.1864013671875 415.2630615234375 207 639.218994140625 429.95407104492188 165 650.14215087890625 452.42733764648438 341 623.10589599609375 462.24078369140625 274 609.900634765625 151.79856872558594 82 590.96551513671875 155.89726257324219 59 579.6806640625 181.00767517089844 211 620.71044921875 183.78384399414062 65 585.8544921875 185.60452270507812 320 585.8544921875 185.60452270507812 349 682.7557373046875 188.53106689453125 418 579.5625 189.56134033203125 -1 677.85943603515625 196.42108154296875 342 669.35107421875 224.18679809570312 86 661.1595458984375 226.14450073242188 87 606.76812744140625 249.22013854980469 89 606.76812744140625 249.22013854980469 212 615.447265625 248.30369567871094 407 614.634521484375 255.48434448242188 424 605.0623779296875 274.82861328125 68 672.70916748046875 275.44671630859375 213 635.944091796875 281.88470458984375 91 672.5255126953125 282.949951171875 168 631.1220703125 289.1705322265625 71 631.1220703125 289.1705322265625 72 628.80279541015625 297.1390380859375 73 628.80279541015625 297.1390380859375 638 630.91845703125 305.120361328125 169 603.47906494140625 348.17095947265625 53 585.992431640625 351.07858276367188 309 643.10125732421875 362.48846435546875 94 643.82952880859375 384.83465576171875 373 636.7001953125 418.35873413085938 78 616.6507568359375 430.51791381835938 172 690.630859375 429.3345947265625 -1 619.54010009765625 453.59884643554688 214 630.9422607421875 452.71160888671875 79 622.9183349609375 462.3978271484375 -1 622.364501953125 148.60052490234375 81 591.6312255859375 167.97679138183594 83 617.043212890625 176.0191650390625 100 656.3212890625 218.34049987792969 246 641.6658935546875 225.98724365234375 88 598.615234375 279.96160888671875 247 598.615234375 279.96160888671875 248 624.00457763671875 304.27853393554688 249 624.00457763671875 304.27853393554688 566 649.487060546875 323.28396606445312 343 637.387939453125 379.66586303710938 292 637.387939453125 379.66586303710938 95 650.82489013671875 440.42803955078125 96 650.82489013671875 440.42803955078125 97 690.24560546875 461.64987182617188 300 586.391357421875 139.32972717285156 176 618.82965087890625 162.1314697265625 105 603.3465576171875 169.98724365234375 523 629.4346923828125 171.20170593261719 99 665.26715087890625 178.75830078125 106 686.47039794921875 206.12602233886719 251 648.1661376953125 237.49217224121094 101 634.0882568359375 248.19271850585938 102 651.83599853515625 250.14836120605469 109 651.83599853515625 250.14836120605469 110 661.7669677734375 325.307861328125 177 588.61407470703125 373.23602294921875 319 627.1024169921875 375.07040405273438 178 627.1024169921875 375.07040405273438 178 632.734130859375 385.7945556640625 103 632.734130859375 385.7945556640625 179 615.03033447265625 390.41180419921875 252 652.6754150390625 399.8883056640625 104 692.03533935546875 427.92730712890625 310 588.97393798828125 471.656494140625 181 684.8153076171875 153.6737060546875 301 684.8153076171875 153.6737060546875 111 591.3330078125 207.30075073242188 113 575.9208984375 277.31460571289062 -1 590.8211669921875 331.026611328125 369 589.360107421875 374.85934448242188 -1 652.49444580078125 400.12777709960938 -1 694.00048828125 426.18331909179688 -1 605.30682373046875 454.30136108398438 -1 605.30682373046875 454.30136108398438 -1 589.38531494140625 471.48956298828125 181 657.1383056640625 135.3287353515625 -1 634.3304443359375 152.13638305664062 117 626.8336181640625 190.47079467773438 119 628.8035888671875 208.81822204589844 441 655.24652099609375 340.51193237304688 115 660.3526611328125 373.720703125 370 678.525634765625 153.93489074707031 -1 613.1082763671875 289.08929443359375 216 595.77178955078125 395.57940673828125 183 709.6510009765625 514.5435791015625 -1 656.37066650390625 284.4072265625 374 672.97216796875 397.0535888671875 278 700.33709716796875 420.717529296875 -1 707.625732421875 449.40985107421875 -1 704.5885009765625 508.2664794921875 -1 704.5885009765625 508.2664794921875 -1 595.3924560546875 143.2076416015625 -1 662.7005615234375 248.15776062011719 122 
4 0.98573848015108911 -0.16433933756659364 0.035898551328134964 0.0048502463994582771 -0.97311632405086412 -1.8293033196112358 0.16369614524701528 1 video_01_frame_0014.jpg
591.9691162109375 139.28994750976562 -1 591.9691162109375 139.28994750976562 -1 678.7872314453125 140.06219482421875 -1 592.33392333984375 151.91337585449219 1 650.2750244140625 156.18820190429688 256 649.6007080078125 160.13467407226562 5 586.943359375 160.85102844238281 217 670.1304931640625 160.89764404296875 -1 670.1304931640625 160.89764404296875 -1 592.77069091796875 164.33673095703125 -1 684.822509765625 164.29635620117188 187 674.405517578125 165.13859558105469 123 603.260986328125 165.3232421875 499 649.14697265625 166.51385498046875 493 671.61248779296875 169.29537963867188 148 671.61248779296875 169.29537963867188 149 640.3480224609375 169.95649719238281 10 640.3480224609375 169.95649719238281 9 677.9898681640625 169.65380859375 189 649.26739501953125 171.651123046875 493 605.927001953125 173.28831481933594 126 605.927001953125 173.28831481933594 127 584.42425537109375 181.77304077148438 -1 584.42425537109375 181.77304077148438 320 610.3399658203125 181.74453735351562 344 603.22174072265625 195.0999755859375 192 587.9891357421875 200.82763671875 257 591.16595458984375 206.6517333984375 193 584.13079833984375 210.7802734375 283 584.13079833984375 210.7802734375 284 587.4500732421875 212.20162963867188 470 662.35968017578125 213.57951354980469 -1 605.8564453125 221.2021484375 14 605.8564453125 221.2021484375 15 650.6422119140625 226.7139892578125 285 650.6422119140625 226.7139892578125 286 636.5455322265625 227.35911560058594 16 640.47943115234375 229.04624938964844 321 630.035888671875 230.29838562011719 17 630.035888671875 230.29838562011719 18 603.3055419921875 235.78909301757812 194 603.3055419921875 235.78909301757812 195 624.2886962890625 237.57339477539062 601 664.4720458984375 276.8349609375 19 664.4720458984375 276.8349609375 20 658.096435546875 304.204833984375 196 596.60382080078125 304.75582885742188 289 645.15582275390625 308.14739990234375 357 615.705078125 309.49960327148438 402 605.556884765625 311.91714477539062 132 607.65863037109375 324.07403564453125 198 659.6229248046875 333.50244140625 -1 639.18701171875 339.5172119140625 199 639.18701171875 339.5172119140625 200 631.66448974609375 342.75106811523438 513 595.37548828125 347.26202392578125 201 582.405029296875 351.32394409179688 276 618.96405029296875 355.12631225585938 -1 622.8944091796875 365.603271484375 262 582.968505859375 366.3656005859375 319 663.3980712890625 369.3553466796875 324 663.3980712890625 369.3553466796875 325 666.0223388671875 375.76171875 202 638.1790771484375 380.17138671875 135 638.1790771484375 380.17138671875 373 647.98199462890625 381.9237060546875 203 661.97662353515625 381.897705078125 532 626.3958740234375 383.80453491210938 326 664.1114501953125 384.79623413085938 264 654.8858642578125 386.45736694335938 327 601.208984375 392.68572998046875 30 653.7188720703125 403.3912353515625 478 621.7261962890625 404.20004272460938 139 621.7261962890625 404.20004272460938 140 617.0621337890625 406.050048828125 -1 618.533203125 415.14508056640625 422 578.0921630859375 423.3963623046875 -1 578.0921630859375 423.3963623046875 -1 682.041259765625 423.410888671875 -1 686.35906982421875 423.0133056640625 310 649.47998046875 455.97640991210938 -1 649.47998046875 455.97640991210938 -1 641.9835205078125 456.51995849609375 33 644.3175048828125 459.436767578125 -1 644.3175048828125 459.436767578125 33 683.29541015625 465.31005859375 -1 776.64013671875 493.7357177734375 -1 776.64013671875 493.7357177734375 -1 670.5106201171875 140.01551818847656 218 597.0699462890625 142.96400451660156 269 587.3084716796875 155.43547058105469 217 667.2060546875 156.63662719726562 142 673.011962890625 156.75436401367188 538 683.3450927734375 157.00369262695312 2 687.29217529296875 160.60202026367188 143 645.603759765625 162.74838256835938 37 645.603759765625 162.74838256835938 38 587.0888671875 164.99392700195312 528 621.9190673828125 168.27964782714844 8 588.23577880859375 170.6485595703125 281 596.7454833984375 176.1231689453125 11 649.3399658203125 178.7314453125 288 615.88751220703125 182.50437927246094 233 596.33978271484375 193.36895751953125 42 606.113037109375 200.40043640136719 161 655.448486328125 207.82554626464844 338 653.900146484375 226.99668884277344 150 617.7138671875 275.642333984375 21 617.7138671875 275.642333984375 22 634.20147705078125 282.7388916015625 129 664.770751953125 284.98883056640625 151 647.89752197265625 290.07034301757812 272 670.1107177734375 299.05377197265625 204 633.4332275390625 304.04776000976562 273 633.4332275390625 304.04776000976562 236 609.21832275390625 306.75634765625 401 650.345947265625 308.41738891601562 357 650.345947265625 308.41738891601562 25 623.78497314453125 324.23159790039062 490 617.34783935546875 325.5748291015625 205 672.99847412109375 326.13134765625 154 594.65704345703125 358.27291870117188 134 621.3564453125 373.79318237304688 -1 632.32733154296875 382.73187255859375 29 620.39276123046875 384.261474609375 206 607.6907958984375 388.0625 158 583.49853515625 394.44223022460938 -1 663.7322998046875 400.516357421875 31 623.48187255859375 407.60678100585938 358 642.824951171875 407.638427734375 207 682.458251953125 466.76422119140625 -1 581.5645751953125 140.91336059570312 173 596.82220458984375 142.97232055664062 -1 596.82220458984375 142.97232055664062 -1 598.9654541015625 153.5010986328125 60 635.93585205078125 154.6107177734375 36 645.2926025390625 155.51518249511719 61 640.53594970703125 159.13241577148438 637 640.53594970703125 159.13241577148438 63 634.87921142578125 161.446533203125 64 634.80914306640625 170.30282592773438 735 686.14642333984375 171.16940307617188 419 674.37677001953125 174.60763549804688 160 681.4276123046875 174.76654052734375 426 645.70611572265625 175.37063598632812 41 686.79925537109375 176.99302673339844 466 611.69482421875 185.01347351074219 344 664.8175048828125 239.60148620605469 67 604.39910888671875 274.78387451171875 43 604.39910888671875 274.78387451171875 44 639.624267578125 277.37210083007812 464 657.00921630859375 282.67892456054688 92 669.51361083984375 284.0728759765625 45 601.52093505859375 288.59573364257812 46 601.52093505859375 288.59573364257812 47 638.21551513671875 300.14193725585938 242 638.21551513671875 300.14193725585938 243 612.55810546875 301.22576904296875 295 612.55810546875 301.22576904296875 295 644.287109375 303.45794677734375 406 649.5306396484375 303.1865234375 500 649.5306396484375 303.1865234375 406 633.9638671875 314.6424560546875 75 633.9638671875 314.6424560546875 170 610.75604248046875 317.08938598632812 164 621.52105712890625 334.23910522460938 451 665.22979736328125 335.661376953125 209 594.548828125 339.7760009765625 156 583.26702880859375 344.39596557617188 309 650.29339599609375 345.44049072265625 26 579.6414794921875 387.08212280273438 -1 625.9666748046875 394.58151245117188 56 622.301025390625 395.54818725585938 210 606.5032958984375 403.4736328125 58 636.15081787109375 422.28012084960938 165 649.9530029296875 461.240234375 -1 607.361328125 144.65374755859375 82 588.091796875 148.10845947265625 59 576.5733642578125 172.68362426757812 211 635.0684814453125 173.80033874511719 735 617.82257080078125 176.93832397460938 65 583.53741455078125 178.17161560058594 320 591.2618408203125 179.88421630859375 -1 653.4276123046875 212.15721130371094 246 666.61767578125 217.34518432617188 86 657.94903564453125 219.26095581054688 87 663.20355224609375 224.65409851074219 308 603.82928466796875 242.2716064453125 89 603.82928466796875 242.2716064453125 212 612.4764404296875 241.58346557617188 407 611.82916259765625 248.86801147460938 424 602.1328125 267.93267822265625 68 669.9122314453125 268.23873901367188 213 633.062744140625 275.29681396484375 91 628.3121337890625 282.54635620117188 71 628.3121337890625 282.54635620117188 72 625.9554443359375 290.37261962890625 73 625.9554443359375 290.37261962890625 638 628.138916015625 298.1500244140625 169 600.7523193359375 341.19876098632812 53 639.91845703125 355.81747436523438 94 577.913330078125 362.9091796875 277 640.9166259765625 377.79864501953125 373 633.991455078125 411.18255615234375 78 628.455322265625 444.9373779296875 79 616.80511474609375 445.609619140625 214 618.95855712890625 141.39811706542969 81 588.83526611328125 160.2501220703125 83 613.960205078125 168.88674926757812 100 638.43463134765625 219.19189453125 88 595.23516845703125 272.939697265625 248 599.4510498046875 322.06350708007812 279 635.046875 372.15304565429688 292 635.046875 372.15304565429688 95 648.116943359375 432.676513671875 96 648.116943359375 432.676513671875 97 615.5753173828125 154.68330383300781 105 600.3819580078125 162.5050048828125 523 626.411865234375 164.17877197265625 99 662.495361328125 171.90116882324219 106 662.0313720703125 229.73898315429688 569 662.0313720703125 229.73898315429688 569 622.5330810546875 231.00003051757812 108 644.9864501953125 231.01797485351562 101 631.021240234375 241.47514343261719 102 649.191162109375 243.35821533203125 109 649.191162109375 243.35821533203125 110 659.1822509765625 317.79736328125 177 659.1822509765625 317.79736328125 438 586.1083984375 366.16876220703125 319 622.5115966796875 368.88595581054688 178 629.758056640625 378.8681640625 103 611.7420654296875 383.162841796875 252 649.93121337890625 392.2479248046875 104 688.80413818359375 451.59994506835938 300 588.18670654296875 200.61766052246094 113 622.6968994140625 230.83441162109375 108 658.978271484375 318.09405517578125 177 587.73345947265625 323.63662719726562 369 649.907470703125 392.7525634765625 -1 602.48919677734375 445.11325073242188 -1 602.48919677734375 445.11325073242188 -1 587.546630859375 462.190673828125 181 631.45672607421875 144.84571838378906 117 680.9281005859375 145.85440063476562 111 680.9281005859375 145.85440063476562 301 624.6483154296875 183.16482543945312 119 650.6224365234375 185.19572448730469 112 625.53704833984375 201.8846435546875 441 652.3837890625 333.5997314453125 115 694.15765380859375 429.76409912109375 -1 610.1297607421875 281.77139282226562 216 593.5064697265625 387.99948120117188 183 706.102294921875 507.97418212890625 -1 653.6380615234375 277.7100830078125 374 672.9822998046875 347.04110717773438 185 670.5277099609375 388.15353393554688 278 660.3017578125 241.66720581054688 122 
5 0.98113201724461319 -0.19065494727217369 0.031772919991555737 0.0045975399260033108 -0.86802872618308469 -1.9961507321120291 0.28875671739449243 1 video_01_frame_0005.jpg
597.4639892578125 154.58358764648438 -1 598.17950439453125 176.31980895996094 1 655.2542724609375 180.94700622558594 -1 655.2542724609375 180.94700622558594 256 691.81396484375 182.97862243652344 143 654.43914794921875 183.96672058105469 5 602.81353759765625 185.45245361328125 489 612.76123046875 187.05328369140625 499 654.1282958984375 190.06918334960938 493 645.395263671875 193.64559936523438 9 645.395263671875 193.64559936523438 10 676.07086181640625 193.75311279296875 149 654.2506103515625 194.97439575195312 493 611.6044921875 197.11595153808594 126 606.70001220703125 213.9075927734375 13 608.6038818359375 218.10137939453125 192 611.542236328125 223.92617797851562 161 611.0206298828125 244.08456420898438 14 611.0206298828125 244.08456420898438 15 620.80816650390625 247.61834716796875 -1 620.80816650390625 247.61834716796875 -1 648.8878173828125 249.88088989257812 -1 655.30267333984375 249.82432556152344 285 655.30267333984375 249.82432556152344 286 673.46319580078125 252.4256591796875 225 673.46319580078125 252.4256591796875 128 634.7586669921875 253.02720642089844 17 634.7586669921875 253.02720642089844 18 624.79833984375 254.83624267578125 -1 642.73846435546875 255.64920043945312 322 659.9927978515625 306.43276977539062 271 665.8961181640625 312.4942626953125 -1 665.8961181640625 312.4942626953125 -1 610.17315673828125 334.21957397460938 132 608.5283203125 338.013916015625 548 606.7001953125 350.66583251953125 227 655.145263671875 355.68844604492188 260 655.145263671875 355.68844604492188 261 643.23846435546875 361.93695068359375 199 643.23846435546875 361.93695068359375 200 599.4344482421875 370.365478515625 201 656.94500732421875 371.86581420898438 356 586.11785888671875 381.7080078125 -1 661.479736328125 389.23373413085938 339 669.7862548828125 399.25238037109375 202 641.85693359375 402.90936279296875 373 665.8304443359375 405.05780029296875 532 667.86016845703125 407.9595947265625 264 663.01025390625 411.2762451171875 328 585.9349365234375 418.01287841796875 -1 614.0966796875 443.29904174804688 -1 653.4534912109375 498.78558349609375 -1 758.701416015625 524.9326171875 -1 758.701416015625 524.9326171875 -1 754.1844482421875 526.60870361328125 -1 737.681884765625 531.8406982421875 -1 661.29779052734375 150.856201171875 394 648.7557373046875 154.12080383300781 574 672.4625244140625 154.78646850585938 443 680.1282958984375 155.49378967285156 423 686.1748046875 156.04093933105469 268 693.29754638671875 157.71772766113281 495 675.6331787109375 164.69796752929688 218 587.1767578125 165.45951843261719 -1 587.1767578125 165.45951843261719 173 602.94549560546875 167.36270141601562 269 629.81292724609375 173.80865478515625 314 671.9852294921875 181.09678649902344 142 650.57470703125 186.58535766601562 37 650.57470703125 186.58535766601562 38 645.453857421875 188.37954711914062 146 645.453857421875 188.37954711914062 147 592.62939453125 189.43089294433594 281 685.2337646484375 191.19097900390625 -1 682.32745361328125 194.14169311523438 189 663.6436767578125 199.01072692871094 39 602.08746337890625 199.93838500976562 11 685.9237060546875 199.52604675292969 426 601.7694091796875 217.0404052734375 42 587.30657958984375 245.5198974609375 -1 641.5406494140625 250.13580322265625 16 658.4945068359375 249.96806335449219 150 651.77874755859375 252.41282653808594 340 651.77874755859375 252.41282653808594 329 622.38043212890625 298.0135498046875 21 622.38043212890625 298.0135498046875 22 674.67803955078125 303.0985107421875 45 651.008544921875 321.361328125 -1 669.54052734375 325.40292358398438 377 637.5810546875 326.30856323242188 236 613.7017822265625 329.26605224609375 401 628.29107666015625 330.542724609375 512 628.0626220703125 346.51239013671875 490 676.78472900390625 348.95574951171875 154 598.79034423828125 362.59042358398438 156 654.419677734375 367.88778686523438 26 653.6026611328125 375.8740234375 356 586.486572265625 389.8690185546875 319 636.196044921875 405.45529174804688 29 642.8533935546875 410.46774291992188 316 646.6973876953125 430.840576171875 207 624.52996826171875 477.30126953125 274 645.96697998046875 480.14544677734375 33 586.7384033203125 173.47119140625 304 604.6475830078125 177.66046142578125 60 641.3045654296875 178.61239624023438 36 650.52044677734375 179.66729736328125 61 679.464599609375 181.9156494140625 538 645.7105712890625 183.04800415039062 637 645.7105712890625 183.04800415039062 63 640.113525390625 185.28359985351562 64 640.08453369140625 193.70683288574219 735 593.62103271484375 194.78506469726562 346 593.62103271484375 194.78506469726562 281 689.42724609375 195.47550964355469 419 678.8466796875 198.95225524902344 160 689.40203857421875 203.72195434570312 466 616.9498291015625 208.30581665039062 344 679.73968505859375 212.9674072265625 342 669.4132080078125 262.78753662109375 67 609.0341796875 297.29263305664062 43 609.0341796875 297.29263305664062 44 614.8189697265625 298.00506591796875 468 673.379638671875 306.96597290039062 45 606.1246337890625 311.01919555664062 46 606.1246337890625 311.01919555664062 47 642.5931396484375 322.61920166015625 242 616.989013671875 323.7977294921875 295 616.989013671875 323.7977294921875 295 648.9317626953125 325.96731567382812 406 653.5113525390625 325.70709228515625 500 653.5113525390625 325.70709228515625 406 637.4241943359375 337.04168701171875 75 637.4241943359375 337.04168701171875 170 615.00506591796875 339.30014038085938 164 625.4632568359375 356.3985595703125 451 604.02215576171875 362.21212768554688 53 660.6580810546875 368.21630859375 54 609.66748046875 369.613037109375 55 660.699462890625 401.7696533203125 389 630.0089111328125 417.4136962890625 56 609.9661865234375 426.57275390625 58 639.58404541015625 445.19720458984375 165 650.79638671875 468.53363037109375 341 612.62548828125 168.76368713378906 82 696.42352294921875 171.99174499511719 -1 593.6107177734375 172.78636169433594 59 640.1484375 197.5042724609375 735 623.112548828125 200.36845397949219 65 588.06414794921875 202.08512878417969 320 588.06414794921875 202.08512878417969 349 582.14532470703125 206.14903259277344 -1 670.955322265625 240.79104614257812 86 663.0123291015625 242.383544921875 87 667.47296142578125 248.30223083496094 308 608.998046875 265.10382080078125 89 617.26202392578125 264.11578369140625 407 616.4842529296875 271.38018798828125 424 607.1279296875 290.4525146484375 68 674.08270263671875 291.6085205078125 213 637.5347900390625 297.5255126953125 91 673.9176025390625 298.70123291015625 168 604.66436767578125 303.48724365234375 69 604.66436767578125 303.48724365234375 70 632.559814453125 304.96917724609375 71 632.559814453125 304.96917724609375 72 630.3026123046875 312.705810546875 73 630.3026123046875 312.705810546875 638 632.5009765625 320.62054443359375 169 604.662109375 363.37057495117188 53 587.36279296875 367.898193359375 309 644.0848388671875 378.3248291015625 94 644.7935791015625 400.57675170898438 373 637.61614990234375 434.424072265625 78 620.599853515625 469.3031005859375 214 632.55352783203125 468.20135498046875 79 649.332763671875 469.63311767578125 -1 649.332763671875 469.63311767578125 510 623.3792724609375 477.89181518554688 -1 625.036865234375 165.54826354980469 81 594.23187255859375 184.64854431152344 83 619.41552734375 192.55764770507812 100 658.02008056640625 234.65061950683594 246 643.5341796875 242.1551513671875 88 650.31207275390625 338.8349609375 343 638.55792236328125 395.12237548828125 292 638.55792236328125 395.12237548828125 95 691.714111328125 446.6197509765625 310 651.50341796875 455.9132080078125 96 651.50341796875 455.9132080078125 97 690.9644775390625 499.72018432617188 -1 589.291015625 156.34674072265625 176 621.212646484375 178.7840576171875 105 605.9263916015625 186.60760498046875 523 631.63006591796875 187.80340576171875 99 667.3394775390625 195.90946960449219 106 669.2314453125 207.54437255859375 -1 669.2314453125 207.54437255859375 -1 614.58111572265625 251.72207641601562 107 649.91552734375 253.75860595703125 101 636.00103759765625 264.0621337890625 102 653.25128173828125 266.22259521484375 109 653.25128173828125 266.22259521484375 110 663.6861572265625 341.614013671875 177 633.50347900390625 401.25433349609375 103 633.50347900390625 401.25433349609375 179 615.2265625 406.31842041015625 252 653.6995849609375 415.496826171875 104 686.8270263671875 171.11320495605469 301 686.8270263671875 171.11320495605469 111 649.22802734375 209.4029541015625 -1 593.9267578125 222.9356689453125 113 593.485595703125 431.86886596679688 -1 632.57086181640625 452.886474609375 116 606.3631591796875 471.036865234375 -1 606.3631591796875 471.036865234375 -1 590.21875 486.50579833984375 181 659.1026611328125 152.31607055664062 -1 636.7738037109375 169.02146911621094 117 629.21856689453125 206.91697692871094 119 630.958984375 225.12335205078125 441 656.7767333984375 356.08441162109375 115 593.45904541015625 420.91241455078125 -1 679.19140625 171.34332275390625 -1 677.62042236328125 241.88864135742188 121 614.7196044921875 304.00540161132812 216 704.0374755859375 526.5433349609375 -1 657.7259521484375 300.8944091796875 374 677.055419921875 370.326416015625 185 673.9383544921875 413.11077880859375 278 704.90277099609375 523.22802734375 -1 704.90277099609375 523.22802734375 -1 599.09814453125 159.74435424804688 -1 664.27447509765625 264.36190795898438 122 
6 0.98692781590754353 -0.1576353908525035 0.033226783928241355 0.0045332734894706411 -0.9662738563309905 -1.659277971549592 0.16397129537707514 1 video_01_frame_0016.jpg
671.65887451171875 152.19148254394531 -1 671.65887451171875 152.19148254394531 -1 589.0166015625 159.02655029296875 1 583.62896728515625 167.78985595703125 217 646.2449951171875 168.13714599609375 5 583.9730224609375 172.06236267089844 528 599.656005859375 173.17820739746094 499 645.9144287109375 174.28182983398438 493 581.115234375 176.5775146484375 528 619.01068115234375 176.55166625976562 8 668.326416015625 176.99588012695312 148 668.326416015625 176.99588012695312 149 675.2225341796875 177.21713256835938 189 636.97802734375 178.04454040527344 10 636.97802734375 178.04454040527344 9 646.0692138671875 179.42523193359375 493 649.69775390625 179.72781372070312 -1 581.4212646484375 188.95681762695312 320 606.97833251953125 189.74028015136719 344 598.16510009765625 197.76213073730469 13 599.717529296875 202.99075317382812 192 652.979248046875 214.93923950195312 338 602.72900390625 228.72515869140625 14 602.72900390625 228.72515869140625 15 628.79779052734375 235.58990478515625 -1 626.5341796875 238.21208190917969 17 626.5341796875 238.21208190917969 18 616.60992431640625 239.917236328125 108 616.60992431640625 239.917236328125 -1 634.46063232421875 240.94949340820312 322 634.46063232421875 240.94949340820312 258 599.899658203125 243.31167602539062 194 599.899658203125 243.31167602539062 195 660.9105224609375 284.07562255859375 19 660.9105224609375 284.07562255859375 20 654.9481201171875 311.60153198242188 196 624.37286376953125 312.38290405273438 488 612.426025390625 316.791259765625 402 663.51300048828125 318.03103637695312 -1 602.89312744140625 319.03582763671875 132 612.55169677734375 320.95361328125 -1 612.7008056640625 321.0184326171875 -1 604.573486328125 331.40939331054688 198 613.28643798828125 332.00714111328125 205 592.08941650390625 354.2999267578125 201 641.7352294921875 354.7332763671875 -1 594.5494384765625 372.92269897460938 -1 594.5494384765625 372.92269897460938 -1 654.0379638671875 373.27108764648438 339 634.72735595703125 386.87921142578125 135 634.72735595703125 386.87921142578125 373 658.3907470703125 388.59237670898438 532 636.70703125 390.32000732421875 -1 660.895263671875 390.94931030273438 264 598.46246337890625 398.48654174804688 30 618.11358642578125 410.65673828125 139 618.11358642578125 410.65673828125 140 623.736572265625 416.01611328125 -1 623.736572265625 416.01611328125 358 639.487548828125 462.2152099609375 33 583.991455078125 162.73506164550781 217 679.9569091796875 164.19046020507812 2 663.81689453125 164.52008056640625 142 599.407958984375 167.8372802734375 523 599.407958984375 167.8372802734375 523 642.25982666015625 170.83537292480469 37 642.25982666015625 170.83537292480469 38 641.3831787109375 176.3067626953125 305 641.3831787109375 176.3067626953125 306 585.143310546875 177.795654296875 281 655.51019287109375 183.12533569335938 39 645.94500732421875 186.55680847167969 288 593.0357666015625 200.91172790527344 42 603.1654052734375 207.9747314453125 161 650.987060546875 234.82798767089844 150 643.7264404296875 237.18130493164062 340 643.7264404296875 237.18130493164062 329 614.7716064453125 283.23269653320312 21 614.7716064453125 283.23269653320312 22 661.05029296875 292.80908203125 151 666.73858642578125 306.45162963867188 204 629.9156494140625 311.52767944335938 236 606.10382080078125 314.41506958007812 401 646.80279541015625 315.88360595703125 357 646.80279541015625 315.88360595703125 25 620.37310791015625 331.4351806640625 490 669.336181640625 332.86572265625 154 591.46319580078125 346.55621337890625 156 649.2509765625 356.81939697265625 356 608.1939697265625 371.19479370117188 28 653.23944091796875 385.81109619140625 389 628.59271240234375 389.39599609375 29 615.2264404296875 391.45675659179688 206 609.255859375 392.69735717773438 158 603.60162353515625 394.87249755859375 158 628.96875 400.18011474609375 337 644.843994140625 449.73385620117188 341 595.4246826171875 161.2034912109375 60 632.720458984375 162.79544067382812 241 632.720458984375 162.79544067382812 36 642.02923583984375 163.55052185058594 61 637.255615234375 167.243408203125 637 637.255615234375 167.243408203125 63 631.6063232421875 169.68582153320312 64 631.5208740234375 178.84100341796875 735 671.4019775390625 182.31486511230469 160 677.943359375 182.1612548828125 426 593.268310546875 183.6998291015625 11 642.2379150390625 183.37876892089844 41 601.292236328125 282.27206420898438 43 601.292236328125 282.27206420898438 44 614.776123046875 283.25497436523438 21 614.776123046875 283.25497436523438 22 653.62652587890625 289.93710327148438 92 666.017578125 291.29888916015625 45 598.4813232421875 296.00570678710938 46 598.4813232421875 296.00570678710938 47 622.27154541015625 298.06695556640625 73 622.27154541015625 298.06695556640625 638 634.8123779296875 307.7745361328125 242 634.8123779296875 307.7745361328125 243 609.21923828125 308.63595581054688 295 609.21923828125 308.63595581054688 295 646.2193603515625 310.58740234375 406 640.71905517578125 311.13571166992188 406 624.36083984375 320.58935546875 331 631.35693359375 322.10491943359375 75 631.35693359375 322.10491943359375 170 606.81622314453125 324.31997680664062 164 615.89923095703125 327.4239501953125 52 618.36834716796875 341.21670532226562 451 618.36834716796875 341.21670532226562 451 660.94317626953125 343.53866577148438 209 596.6640625 346.25927734375 53 647.0662841796875 352.43356323242188 26 653.5958251953125 352.23138427734375 54 602.0440673828125 353.82394409179688 55 575.85284423828125 368.57528686523438 -1 623.59375 400.92123413085938 56 619.8887939453125 401.71197509765625 210 603.584228515625 409.67391967773438 58 633.571044921875 428.95556640625 165 617.66241455078125 459.57931518554688 274 604.1622314453125 152.5634765625 82 573.5477294921875 179.07200622558594 211 581.20416259765625 185.38938903808594 320 614.3486328125 184.87187194824219 65 671.97216796875 196.72434997558594 342 574.71923828125 210.29571533203125 -1 663.21148681640625 225.00962829589844 86 655.2391357421875 226.98674011230469 87 659.8626708984375 232.55279541015625 308 609.2969970703125 249.37435913085938 407 600.7640380859375 249.96536254882812 89 600.7640380859375 249.96536254882812 212 608.4796142578125 256.55026245117188 424 598.9365234375 275.37185668945312 68 629.56304931640625 282.9757080078125 91 666.38916015625 283.20773315429688 168 624.90911865234375 290.24551391601562 71 624.90911865234375 290.24551391601562 72 654.09521484375 291.22152709960938 92 624.558349609375 305.91680908203125 169 606.516845703125 324.64251708984375 -1 597.2276611328125 347.66302490234375 53 636.746337890625 362.9775390625 94 575.302734375 368.70745849609375 277 637.5950927734375 384.46087646484375 373 630.657470703125 418.1650390625 78 610.84820556640625 429.07177734375 172 613.3343505859375 451.44781494140625 214 624.72845458984375 451.03366088867188 79 615.581787109375 149.50885009765625 81 585.91925048828125 167.80195617675781 83 610.57318115234375 176.88113403320312 100 635.28387451171875 227.24530029296875 88 591.94091796875 280.0723876953125 248 617.13153076171875 304.86328125 249 617.13153076171875 304.86328125 299 642.987060546875 323.84283447265625 343 631.1510009765625 379.4146728515625 292 631.1510009765625 379.4146728515625 95 644.5982666015625 438.63592529296875 97 612.342041015625 162.74946594238281 105 597.0543212890625 170.16468811035156 523 623.15252685546875 172.2867431640625 99 659.3983154296875 179.71868896484375 106 610.37652587890625 224.58441162109375 293 641.7562255859375 239.00949096679688 101 627.7867431640625 249.462158203125 102 646.0972900390625 251.33062744140625 109 646.0972900390625 251.33062744140625 110 654.681884765625 325.74383544921875 177 626.43499755859375 385.60556030273438 103 626.43499755859375 385.60556030273438 179 606.25439453125 390.54571533203125 -1 606.25439453125 390.54571533203125 -1 646.63092041015625 398.91082763671875 104 621.085693359375 440.84445190429688 32 684.9906005859375 454.7550048828125 300 612.17169189453125 162.8489990234375 -1 584.9884033203125 208.48558044433594 113 588.1231689453125 402.61251831054688 -1 685.85955810546875 453.85418701171875 -1 584.484619140625 466.76483154296875 181 627.84271240234375 152.96150207519531 117 677.296630859375 153.5928955078125 111 677.296630859375 153.5928955078125 301 620.8502197265625 191.50311279296875 119 647.9871826171875 193.075927734375 112 622.26043701171875 210.02685546875 441 586.86065673828125 297.3436279296875 114 648.92987060546875 340.6815185546875 115 587.93646240234375 350.737548828125 182 589.57086181640625 397.11981201171875 -1 618.487548828125 418.82159423828125 333 618.487548828125 418.82159423828125 334 671.25213623046875 226.74795532226562 121 606.935302734375 289.95648193359375 216 591.0201416015625 393.73678588867188 183 650.33673095703125 284.89678955078125 374 669.492919921875 353.23190307617188 185 666.99371337890625 393.27508544921875 278 657.51470947265625 249.61892700195312 122 
7 0.98149261789424158 -0.18888739968121471 0.031380189381413813 0.0030124699441107139 -0.85903802994744582 -2.0216981873005166 0.25448784037635691 1 video_01_frame_0009.jpg
597.67840576171875 148.52047729492188 -1 598.311279296875 157.56675720214844 -1 598.311279296875 157.56675720214844 -1 675.998779296875 158.06918334960938 218 692.0291748046875 177.04937744140625 143 654.3963623046875 178.04638671875 5 654.117919921875 183.85626220703125 493 627.12060546875 185.809326171875 8 645.408203125 187.47361755371094 10 645.408203125 187.47361755371094 9 676.2239990234375 187.64512634277344 148 676.2239990234375 187.64512634277344 149 682.5841064453125 188.07170104980469 189 654.2391357421875 188.79515075683594 493 678.2950439453125 190.84381103515625 -1 611.5792236328125 191.04345703125 126 611.5792236328125 191.04345703125 127 663.66778564453125 193.10520935058594 39 615.80694580078125 199.56948852539062 344 658.3216552734375 200.10671997070312 -1 658.3216552734375 200.10671997070312 -1 592.00274658203125 202.48599243164062 -1 606.7752685546875 207.40800476074219 13 601.5465087890625 211.24371337890625 42 592.6881103515625 218.45164489746094 257 678.54888916015625 220.08732604980469 -1 595.870361328125 224.52604675292969 193 589.3553466796875 228.81187438964844 283 589.3553466796875 228.81187438964844 284 611.102783203125 238.21725463867188 14 611.102783203125 238.21725463867188 15 590.8336181640625 238.60491943359375 -1 649.041748046875 243.88822937011719 -1 655.40557861328125 243.93304443359375 285 655.40557861328125 243.93304443359375 286 634.89501953125 247.18536376953125 17 634.89501953125 247.18536376953125 18 642.90081787109375 249.56103515625 322 642.90081787109375 249.56103515625 258 608.23663330078125 252.79510498046875 194 608.23663330078125 252.79510498046875 195 660.975341796875 300.28155517578125 271 662.85791015625 321.3624267578125 196 650.4775390625 325.17019653320312 357 621.0789794921875 326.55609130859375 402 609.95428466796875 328.93203735351562 132 621.04864501953125 341.580322265625 205 601.38043212890625 351.84164428710938 323 643.63385009765625 356.53857421875 199 643.63385009765625 356.53857421875 200 582.54150390625 375.77911376953125 -1 586.34259033203125 376.55868530273438 -1 641.90655517578125 397.71026611328125 373 665.89874267578125 400.05831909179688 532 644.75823974609375 401.12109375 -1 668.5904541015625 402.64794921875 264 605.27911376953125 410.49267578125 30 586.238525390625 412.84860229492188 -1 625.0277099609375 422.07794189453125 139 625.0277099609375 422.07794189453125 140 592.5743408203125 488.363037109375 -1 755.01556396484375 521.55035400390625 -1 746.2998046875 524.50885009765625 -1 682.94866943359375 149.236328125 423 687.821044921875 150.06871032714844 268 693.818115234375 151.74021911621094 495 602.838623046875 161.18441772460938 269 586.49365234375 167.52375793457031 304 641.3604736328125 172.26840209960938 36 672.12493896484375 175.01284790039062 142 687.53240966796875 175.88961791992188 2 650.62567138671875 180.4244384765625 37 650.62567138671875 180.4244384765625 38 645.4814453125 182.37028503417969 146 645.4814453125 182.37028503417969 147 592.375 183.33303833007812 281 649.77655029296875 185.81626892089844 305 649.77655029296875 185.81626892089844 306 688.82763671875 188.84469604492188 -1 688.82763671875 188.84469604492188 419 686.0367431640625 193.458740234375 426 611.40679931640625 217.66915893554688 161 659.07843017578125 244.11453247070312 150 620.70159912109375 253.169677734375 622 638.893798828125 299.64117431640625 129 653.048583984375 306.25128173828125 272 674.52410888671875 316.72830200195312 204 638.08135986328125 321.00604248046875 236 613.9490966796875 323.60858154296875 401 656.984130859375 325.43719482421875 357 656.984130859375 325.43719482421875 25 677.1483154296875 343.55792236328125 154 633.3101806640625 356.41241455078125 363 599.02398681640625 357.34237670898438 156 599.32293701171875 364.82989501953125 201 657.50372314453125 366.57736206054688 356 653.8106689453125 370.87289428710938 356 671.5064697265625 384.03976440429688 -1 651.38238525390625 399.067626953125 203 636.69500732421875 400.22393798828125 29 615.8751220703125 404.1473388671875 158 626.9757080078125 425.79620361328125 358 646.5875244140625 426.07568359375 207 643.06341552734375 442.61260986328125 165 652.4720458984375 462.5240478515625 341 621.0355224609375 493.6990966796875 -1 740.7703857421875 525.61181640625 -1 579.28155517578125 151.44039916992188 -1 604.57025146484375 171.5992431640625 60 650.487060546875 173.458984375 61 679.6204833984375 175.63896179199219 538 645.70123291015625 176.81243896484375 637 645.70123291015625 176.81243896484375 63 640.11297607421875 179.08879089355469 64 671.13580322265625 183.89610290527344 -1 671.13580322265625 183.89610290527344 413 640.1363525390625 187.45046997070312 735 593.41461181640625 188.84811401367188 346 593.41461181640625 188.84811401367188 281 678.75927734375 192.71501159667969 160 602.09368896484375 193.90184020996094 11 616.7972412109375 202.08560180664062 344 679.83172607421875 207.03507995605469 342 611.57098388671875 217.39212036132812 161 652.9788818359375 236.05075073242188 -1 586.919189453125 238.96832275390625 -1 670.2288818359375 256.75213623046875 67 609.391845703125 291.66937255859375 43 609.391845703125 291.66937255859375 44 623.0579833984375 292.43746948242188 21 623.0579833984375 292.43746948242188 22 673.98291015625 301.48248291015625 45 606.364013671875 305.68243408203125 46 606.364013671875 305.68243408203125 47 642.84027099609375 317.170654296875 242 642.84027099609375 317.170654296875 243 617.181396484375 318.199951171875 295 617.181396484375 318.199951171875 295 654.0032958984375 320.1343994140625 406 648.93603515625 320.41494750976562 406 615.29815673828125 333.82464599609375 164 623.663330078125 336.91998291015625 52 625.938720703125 350.89572143554688 451 604.45867919921875 356.97454833984375 53 655.230712890625 362.2115478515625 26 661.97100830078125 361.78924560546875 54 609.55023193359375 364.09466552734375 55 661.2584228515625 396.39764404296875 389 630.451171875 412.24166870117188 56 609.75103759765625 421.9061279296875 58 625.060791015625 472.36361694335938 274 612.15350341796875 162.37132263183594 82 593.30499267578125 166.58157348632812 59 640.18798828125 191.15806579589844 735 622.98150634765625 194.22026062011719 65 688.385009765625 198.39768981933594 466 679.79931640625 207.20034790039062 342 671.054443359375 234.619140625 86 663.15374755859375 236.47946166992188 87 667.916748046875 242.16796875 308 669.6748046875 256.94808959960938 -1 617.5660400390625 258.63751220703125 407 608.952392578125 259.31466674804688 89 608.952392578125 259.31466674804688 212 617.11126708984375 265.7724609375 424 607.09521484375 284.88522338867188 68 674.78076171875 285.72332763671875 213 674.21575927734375 293.41436767578125 168 604.74713134765625 297.99285888671875 69 604.74713134765625 297.99285888671875 70 633.04656982421875 299.28485107421875 71 633.04656982421875 299.28485107421875 72 630.77545166015625 307.09194946289062 73 630.77545166015625 307.09194946289062 638 632.489990234375 315.02981567382812 169 640.0284423828125 331.40435791015625 75 640.0284423828125 331.40435791015625 170 605.048095703125 358.20050048828125 53 587.6702880859375 362.32528686523438 309 644.58935546875 373.06390380859375 94 581.717041015625 381.09762573242188 277 638.161865234375 428.87548828125 78 633.00518798828125 463.22042846679688 79 620.7574462890625 464.23590087890625 214 625.0511474609375 159.30377197265625 81 594.02716064453125 178.45156860351562 83 619.27099609375 186.36747741699219 100 658.2042236328125 228.58343505859375 246 643.6842041015625 236.16673278808594 88 600.2957763671875 290.15069580078125 248 625.371337890625 314.10894775390625 249 650.96258544921875 333.24505615234375 343 639.29449462890625 389.54110717773438 292 639.29449462890625 389.54110717773438 95 582.1949462890625 419.19515991210938 -1 652.31683349609375 451.11956787109375 96 652.31683349609375 451.11956787109375 97 691.646240234375 473.90951538085938 300 588.9661865234375 150.26264953613281 176 621.0567626953125 172.76565551757812 105 605.69342041015625 180.62387084960938 523 631.66302490234375 181.68185424804688 99 667.4168701171875 189.36346435546875 106 669.8389892578125 201.32321166992188 -1 669.8389892578125 201.32321166992188 -1 614.56744384765625 245.64964294433594 107 650.10577392578125 247.50326538085938 101 636.2066650390625 258.34759521484375 102 653.8052978515625 260.4361572265625 109 653.8052978515625 260.4361572265625 110 590.816650390625 385.30902099609375 319 634.0966796875 396.31854248046875 103 617.39874267578125 400.463623046875 252 654.191650390625 410.54522705078125 104 693.8018798828125 440.2347412109375 310 589.89031982421875 482.72491455078125 181 686.94793701171875 164.70793151855469 301 593.86151123046875 217.00767517089844 113 694.5992431640625 439.71978759765625 -1 606.723388671875 465.0401611328125 -1 606.723388671875 465.0401611328125 -1 659.250732421875 146.09432983398438 -1 636.58917236328125 162.78579711914062 117 668.1739501953125 163.69734191894531 385 629.13531494140625 200.8543701171875 119 630.9716796875 219.14349365234375 441 656.8526611328125 350.84091186523438 115 623.715087890625 429.33258056640625 333 623.715087890625 429.33258056640625 334 632.5272216796875 447.51531982421875 116 677.7877197265625 235.64549255371094 121 614.9866943359375 298.70880126953125 216 596.88055419921875 406.32760620117188 183 658.2528076171875 295.25848388671875 374 677.534912109375 364.39340209960938 185 674.70654296875 407.69110107421875 278 705.73828125 517.42578125 -1 705.73828125 517.42578125 -1 598.435791015625 153.32101440429688 -1 664.27154541015625 258.7476806640625 122 
8 0.98141823224012548 -0.18948324272722333 0.030091179729032608 0.0029791030123780958 -0.837354073244851 -2.0081127759445181 0.26470835954584909 1 video_01_frame_0007.jpg
655.697021484375 176.97007751464844 -1 655.697021484375 176.97007751464844 256 687.81298828125 178.18424987792969 2 692.1407470703125 179.34750366210938 143 655.000732421875 180.50244140625 5 654.46893310546875 186.36834716796875 493 645.8218994140625 190.14987182617188 10 676.6365966796875 190.25946044921875 148 676.6365966796875 190.25946044921875 149 683.0394287109375 190.73258972167969 189 654.6270751953125 191.38922119140625 493 678.6961669921875 193.43380737304688 -1 658.861572265625 202.601806640625 -1 612.55364990234375 203.43789672851562 581 593.1505126953125 221.33230590820312 257 596.333740234375 227.14007568359375 193 611.47265625 240.79446411132812 14 611.47265625 240.79446411132812 15 674.076904296875 248.70526123046875 128 635.19659423828125 249.67971801757812 17 635.19659423828125 249.67971801757812 18 625.32208251953125 251.47457885742188 -1 643.216064453125 252.08151245117188 322 643.216064453125 252.08151245117188 258 608.7550048828125 255.13189697265625 194 608.7550048828125 255.13189697265625 195 620.45458984375 332.86920166015625 -1 656.282958984375 344.53292846679688 133 601.3336181640625 346.29266357421875 279 655.7769775390625 352.50006103515625 260 655.7769775390625 352.50006103515625 261 598.9173583984375 377.62109375 134 613.340087890625 381.07162475585938 28 627.8270263671875 384.829833984375 262 670.72894287109375 395.68060302734375 202 642.515869140625 399.92218017578125 373 666.3570556640625 402.00250244140625 532 668.52276611328125 404.95330810546875 264 664.8443603515625 408.37176513671875 328 670.4910888671875 408.82720947265625 265 670.4910888671875 408.82720947265625 266 605.47552490234375 412.52069091796875 30 641.14788818359375 412.6827392578125 337 586.41961669921875 414.77130126953125 -1 625.6812744140625 424.19964599609375 139 625.6812744140625 424.19964599609375 140 647.1939697265625 428.5770263671875 207 689.98382568359375 446.6365966796875 -1 654.986083984375 454.82968139648438 -1 619.67181396484375 495.86679077148438 -1 754.25244140625 523.94659423828125 -1 651.086669921875 150.66413879394531 574 682.37353515625 151.89305114746094 423 688.3590087890625 152.87832641601562 268 693.6785888671875 154.23614501953125 495 675.1495361328125 161.48194885253906 218 587.439208984375 161.88677978515625 -1 587.439208984375 161.88677978515625 173 603.356689453125 163.7183837890625 269 587.01080322265625 169.92959594726562 304 642.10943603515625 174.98497009277344 36 650.96343994140625 182.96885681152344 37 650.96343994140625 182.96885681152344 38 645.97265625 184.42906188964844 146 645.97265625 184.42906188964844 147 592.895263671875 185.95321655273438 281 651.29998779296875 195.20237731933594 40 651.29998779296875 195.20237731933594 41 621.6622314453125 202.42593383789062 233 602.148681640625 213.52529907226562 42 611.9693603515625 220.00115966796875 161 587.274658203125 242.1514892578125 -1 587.274658203125 242.1514892578125 -1 642.07952880859375 246.729736328125 16 659.28668212890625 246.5078125 150 652.3895263671875 248.78550720214844 340 652.3895263671875 248.78550720214844 329 653.4852294921875 296.6854248046875 234 653.4852294921875 296.6854248046875 235 661.44683837890625 302.529052734375 271 652.603515625 311.24468994140625 272 674.8642578125 319.11065673828125 204 638.2684326171875 323.25881958007812 273 638.2684326171875 323.25881958007812 236 614.19244384765625 326.07150268554688 401 654.4610595703125 327.48141479492188 357 654.4610595703125 327.48141479492188 25 664.057373046875 330.74932861328125 -1 628.67431640625 343.48638916015625 490 678.12060546875 345.44183349609375 154 599.3206787109375 359.22848510742188 156 655.339599609375 364.74298095703125 26 600.02618408203125 367.40292358398438 201 657.71246337890625 368.89743041992188 356 617.77032470703125 394.68804931640625 364 661.0279541015625 399.11447143554688 389 651.3927001953125 401.26092529296875 203 652.0775146484375 465.27206420898438 341 625.6026611328125 474.40292358398438 274 646.6790771484375 477.41867065429688 33 661.87109375 147.18017578125 394 604.94342041015625 174.06474304199219 60 650.88330078125 175.97264099121094 61 679.5426025390625 178.21002197265625 538 646.13421630859375 179.40997314453125 637 646.13421630859375 179.40997314453125 63 640.59326171875 181.72711181640625 64 640.3543701171875 190.63223266601562 735 593.9029541015625 191.35980224609375 346 593.9029541015625 191.35980224609375 281 690.3621826171875 192.26861572265625 419 679.1151123046875 195.27029418945312 160 602.544189453125 196.3223876953125 11 685.9791259765625 195.9610595703125 426 617.314453125 204.72520446777344 344 680.17205810546875 209.57635498046875 342 597.0428466796875 210.50070190429688 -1 670.16717529296875 259.06512451171875 67 633.4864501953125 289.08746337890625 330 609.69580078125 294.03814697265625 43 609.69580078125 294.03814697265625 44 623.365966796875 294.78338623046875 21 623.365966796875 294.78338623046875 22 606.6263427734375 307.7537841796875 46 606.6263427734375 307.7537841796875 47 643.11114501953125 319.3948974609375 242 643.11114501953125 319.3948974609375 243 617.48388671875 320.56414794921875 295 617.48388671875 320.56414794921875 295 649.2357177734375 322.77438354492188 406 654.3421630859375 322.4012451171875 500 654.3421630859375 322.4012451171875 406 615.0740966796875 336.33688354492188 164 623.6607666015625 338.97698974609375 52 626.3690185546875 353.27841186523438 451 668.90582275390625 356.5169677734375 209 604.5821533203125 359.072509765625 53 610.18121337890625 366.498779296875 55 630.2786865234375 414.34616088867188 56 610.78387451171875 423.531982421875 58 640.499267578125 442.4476318359375 165 612.63446044921875 165.02838134765625 82 593.92059326171875 169.07363891601562 59 696.806640625 168.78842163085938 -1 640.57568359375 193.78727722167969 735 623.54766845703125 196.89617919921875 65 680.0379638671875 209.64573669433594 342 663.547607421875 238.93124389648438 87 669.9659423828125 259.37969970703125 -1 617.73284912109375 260.866455078125 407 609.26324462890625 261.63186645507812 89 609.26324462890625 261.63186645507812 212 591.4635009765625 280.570556640625 -1 607.5001220703125 287.27151489257812 68 674.63446044921875 288.31048583984375 213 638.161865234375 294.46429443359375 91 633.4727783203125 301.7161865234375 71 633.4727783203125 301.7161865234375 72 631.1270751953125 309.50335693359375 73 631.1270751953125 309.50335693359375 638 632.8970947265625 317.3355712890625 169 639.8853759765625 333.67001342773438 75 639.8853759765625 333.67001342773438 170 614.80316162109375 336.56829833984375 -1 588.29412841796875 371.68310546875 276 644.57891845703125 375.29656982421875 94 582.0015869140625 383.595947265625 277 645.3497314453125 397.4373779296875 373 656.58258056640625 417.33721923828125 -1 638.34173583984375 431.4156494140625 78 684.5194091796875 438.89462280273438 -1 620.5328369140625 466.35922241210938 214 625.40728759765625 161.90745544433594 81 594.4375 180.90814208984375 83 619.74090576171875 188.95272827148438 100 658.67913818359375 231.03826904296875 246 671.44281005859375 237.31320190429688 86 644.2059326171875 238.6943359375 88 617.5599365234375 268.57147216796875 424 600.679931640625 292.5968017578125 248 651.441650390625 335.66561889648438 343 639.54229736328125 391.6317138671875 95 652.50750732421875 453.2666015625 96 652.50750732421875 453.2666015625 97 589.4691162109375 152.83038330078125 176 621.63739013671875 175.27481079101562 105 606.18768310546875 183.01022338867188 523 632.1759033203125 184.24790954589844 99 667.35040283203125 192.101318359375 106 614.63214111328125 248.16453552246094 107 650.519287109375 250.22990417480469 101 636.44964599609375 260.7403564453125 102 653.9853515625 262.80706787109375 109 653.9853515625 262.80706787109375 110 664.88287353515625 338.29425048828125 177 590.46746826171875 386.50244140625 319 629.5712890625 387.15951538085938 178 629.5712890625 387.15951538085938 178 634.27630615234375 398.63827514648438 103 634.27630615234375 398.63827514648438 179 616.9630126953125 403.04443359375 252 654.2750244140625 412.77655029296875 104 590.1912841796875 484.48443603515625 181 650.34027099609375 205.76493835449219 -1 653.757568359375 491.5736083984375 -1 659.826904296875 148.77690124511719 -1 637.34130859375 165.45880126953125 117 629.4124755859375 203.45689392089844 119 594.0408935546875 220.1815185546875 113 631.4637451171875 221.61526489257812 441 657.081298828125 353.09625244140625 115 632.60546875 449.88717651367188 116 679.5445556640625 167.70350646972656 -1 678.3111572265625 238.2774658203125 121 615.4525146484375 300.432861328125 216 597.15234375 408.74505615234375 183 658.1998291015625 297.96121215820312 374 677.62060546875 366.86029052734375 185 674.7666015625 410.34933471679688 278 705.4283447265625 520.388427734375 -1 705.4283447265625 520.388427734375 -1 598.9197998046875 156.36886596679688 -1 664.895263671875 260.84112548828125 122 
9 0.98961256641241502 -0.13998032504071511 0.032731381793689875 -0.0010647281366508324 -1.0368028875589181 -1.1989532952373967 0.25652917996111191 1 video_01_frame_0020.jpg
579.3795166015625 182.58537292480469 1 574.2359619140625 190.53433227539062 217 636.3424072265625 191.95341491699219 5 584.2166748046875 192.86705017089844 489 671.5216064453125 192.41229248046875 187 671.5216064453125 192.41229248046875 4 574.673583984375 194.8636474609375 528 661.08074951171875 194.75498962402344 123 594.51239013671875 195.14579772949219 499 635.89581298828125 198.09347534179688 493 572.20172119140625 198.77142333984375 528 627.26824951171875 202.12252807617188 10 627.26824951171875 202.12252807617188 9 636.09112548828125 202.90206909179688 493 593.640625 205.09100341796875 126 593.640625 205.09100341796875 127 598.09912109375 214.09269714355469 344 583.13330078125 228.55998229980469 -1 594.17596435546875 251.60968017578125 14 594.17596435546875 251.60968017578125 15 624.66357421875 258.0509033203125 16 656.4395751953125 257.7626953125 225 656.4395751953125 257.7626953125 128 617.86016845703125 261.0101318359375 17 617.86016845703125 261.0101318359375 18 652.43255615234375 304.1014404296875 19 652.43255615234375 304.1014404296875 20 622.92169189453125 311.93545532226562 129 646.56536865234375 331.1083984375 196 634.2598876953125 335.6533203125 357 634.2598876953125 335.6533203125 360 596.09747314453125 339.01763916015625 132 605.81695556640625 341.15927124023438 -1 573.44659423828125 343.42041015625 392 637.4805908203125 350.66159057617188 133 606.694091796875 352.05816650390625 205 647.146484375 352.66424560546875 226 628.52056884765625 365.69189453125 199 628.52056884765625 365.69189453125 200 586.033935546875 372.56332397460938 201 585.378662109375 381.94744873046875 134 655.3692626953125 398.23040771484375 202 627.9197998046875 404.23348999023438 135 627.9197998046875 404.23348999023438 373 630.0474853515625 416.14599609375 -1 622.78857421875 417.2216796875 337 612.698974609375 427.00595092773438 139 612.698974609375 427.00595092773438 140 573.83282470703125 432.6199951171875 535 579.4188232421875 443.723388671875 -1 633.3409423828125 475.6939697265625 33 574.89215087890625 171.16952514648438 336 574.76025390625 185.36247253417969 217 670.0093994140625 185.66812133789062 2 622.86676025390625 186.96940612792969 36 653.955078125 187.48971557617188 142 674.113525390625 188.07177734375 143 589.99676513671875 191.51516723632812 523 589.99676513671875 191.51516723632812 523 632.4317626953125 194.8309326171875 37 632.4317626953125 194.8309326171875 38 627.24755859375 196.48423767089844 146 627.24755859375 196.48423767089844 147 663.86065673828125 198.89480590820312 189 658.57861328125 199.34136962890625 148 658.57861328125 199.34136962890625 149 576.0196533203125 200.61956787109375 281 584.0667724609375 206.93878173828125 11 668.656005859375 208.81059265136719 418 584.2357177734375 223.99795532226562 42 641.578369140625 257.05184936523438 150 606.94189453125 304.51904296875 21 606.94189453125 304.51904296875 22 636.96124267578125 305.3861083984375 234 636.96124267578125 305.3861083984375 235 652.6842041015625 312.19296264648438 151 658.22857666015625 325.19732666015625 204 632.83599853515625 331.277099609375 500 632.83599853515625 331.277099609375 406 598.9129638671875 334.60430908203125 401 608.759521484375 346.947998046875 52 661.57427978515625 350.72689819335938 154 616.28997802734375 355.47406005859375 490 585.2586669921875 365.23992919921875 156 639.727294921875 370.92636108398438 26 595.25909423828125 372.39584350585938 55 643.149169921875 373.8199462890625 356 622.2427978515625 406.63143920898438 29 629.3187255859375 411.2303466796875 316 598.0546875 411.84332275390625 158 616.5797119140625 418.01080322265625 56 604.27447509765625 422.8175048828125 57 633.5809326171875 429.73699951171875 207 613.3612060546875 473.40185546875 274 670.5648193359375 160.31451416015625 268 576.2926025390625 178.62736511230469 59 585.8994140625 185.07537841796875 60 632.1624755859375 187.7474365234375 61 627.383056640625 191.35781860351562 637 627.383056640625 191.35781860351562 63 621.78704833984375 193.74966430664062 64 673.1826171875 198.99710083007812 419 667.8277587890625 203.41751098632812 426 660.879638671875 204.33799743652344 160 632.646484375 206.8292236328125 41 599.119140625 216.33572387695312 344 594.5521240234375 230.72148132324219 161 652.72711181640625 268.2078857421875 67 650.0423583984375 295.57339477539062 162 567.2362060546875 296.56997680664062 -1 593.55218505859375 303.29318237304688 43 593.55218505859375 303.29318237304688 44 599.06201171875 304.21051025390625 -1 599.06201171875 304.21051025390625 468 645.304443359375 310.03311157226562 271 645.304443359375 310.03311157226562 92 657.687255859375 310.94842529296875 45 591.1290283203125 316.56570434570312 46 591.1290283203125 316.56570434570312 47 614.7901611328125 318.47772216796875 73 614.7901611328125 318.47772216796875 638 601.7530517578125 328.99209594726562 295 601.7530517578125 328.99209594726562 295 638.6685791015625 330.4495849609375 500 638.6685791015625 330.4495849609375 406 599.8367919921875 344.20004272460938 164 611.4490966796875 360.51168823242188 451 611.4490966796875 360.51168823242188 451 653.52362060546875 361.18048095703125 209 590.23095703125 364.95187377929688 53 646.7120361328125 370.13485717773438 54 597.98809814453125 426.26107788085938 58 627.14288330078125 444.12570190429688 165 594.21942138671875 177.01168823242188 82 673.1510009765625 199.19107055664062 -1 564.3936767578125 200.4251708984375 211 622.06854248046875 205.85209655761719 735 604.90728759765625 208.80851745605469 65 653.83538818359375 246.71710205078125 86 592.775146484375 271.95513916015625 89 592.775146484375 271.95513916015625 166 600.74658203125 271.46160888671875 407 600.2896728515625 278.4527587890625 424 657.82379150390625 295.7003173828125 213 591.217041015625 296.65460205078125 68 657.7147216796875 303.63070678710938 168 621.51824951171875 304.15509033203125 91 617.06744384765625 311.31640625 71 617.06744384765625 311.31640625 72 645.927490234375 311.39990234375 92 572.67578125 312.64068603515625 395 617.071533203125 326.2496337890625 169 627.8294677734375 342.5732421875 75 627.8294677734375 342.5732421875 170 590.91796875 366.44943237304688 53 646.86712646484375 370.10748291015625 -1 629.63983154296875 381.12863159179688 94 630.9510498046875 401.75448608398438 373 624.65972900390625 433.61386108398438 78 606.02362060546875 444.7989501953125 172 608.6287841796875 466.02560424804688 214 677.02276611328125 465.8773193359375 518 570.2198486328125 173.28642272949219 173 605.34735107421875 174.47271728515625 80 605.34735107421875 174.47271728515625 81 576.80364990234375 191.21879577636719 83 601.09423828125 200.9412841796875 100 572.80718994140625 208.77915954589844 320 626.3487548828125 250.04721069335938 88 577.989501953125 387.84869384765625 319 624.7225341796875 396.9744873046875 95 638.1036376953125 452.88705444335938 97 570.2877197265625 160.32373046875 176 602.327880859375 187.23342895507812 105 587.6273193359375 193.77145385742188 523 613.50115966796875 196.324951171875 99 649.54345703125 202.74168395996094 106 597.27227783203125 259.1861572265625 107 633.01947021484375 261.06997680664062 101 619.277099609375 271.65567016601562 102 638.025146484375 273.10623168945312 109 638.025146484375 273.10623168945312 110 646.83056640625 344.96640014648438 177 645.3421630859375 377.42376708984375 -1 609.3431396484375 394.54464721679688 352 620.1834716796875 403.01812744140625 103 620.1834716796875 403.01812744140625 179 639.821533203125 415.48931884765625 104 637.8917236328125 216.46092224121094 112 576.47003173828125 230.96609497070312 113 670.38134765625 231.94482421875 251 681.6961669921875 418.1226806640625 180 619.4569091796875 452.6944580078125 116 580.2330322265625 478.25518798828125 181 617.95147705078125 177.84164428710938 117 665.9652099609375 176.0955810546875 111 610.96942138671875 215.59500122070312 119 613.604248046875 233.36564636230469 441 578.98773193359375 317.865966796875 114 640.64886474609375 360.00897216796875 115 581.1610107421875 367.73068237304688 182 587.58660888671875 407.71493530273438 183 662.08941650390625 248.72695922851562 121 599.5999755859375 311.71234130859375 216 660.7579345703125 404.83737182617188 278 641.59967041015625 305.90234375 374 661.7122802734375 370.33016967773438 185 591.4161376953125 381.39901733398438 335 695.00189208984375 445.6412353515625 -1 649.029541015625 271.372802734375 122 594.7320556640625 468.68649291992188 186 
10 0.99342260539068172 -0.10933712382032819 0.03359259299676997 -0.005334618003325479 -1.0885261745308632 -0.93093403519002715 0.32660169592266608 1 video_01_frame_0022.jpg
573.8778076171875 166.84603881835938 1 568.94464111328125 174.64219665527344 217 665.40673828125 175.53764343261719 4 630.3638916015625 176.09597778320312 5 578.787109375 177.41839599609375 489 569.375244140625 178.91618347167969 528 630.06494140625 182.19540405273438 493 570.675537109375 184.26812744140625 346 570.675537109375 184.26812744140625 281 621.537841796875 186.24943542480469 10 621.537841796875 186.24943542480469 9 630.405029296875 186.94113159179688 493 584.0340576171875 205.11735534667969 13 651.1016845703125 240.81333923339844 128 620.18206787109375 241.73233032226562 258 620.18206787109375 241.73233032226562 16 623.3018798828125 242.87579345703125 321 612.68206787109375 244.27593994140625 17 620.93963623046875 246.38700866699219 322 620.93963623046875 246.38700866699219 258 647.84442138671875 286.195556640625 19 647.84442138671875 286.195556640625 20 601.7205810546875 318.7855224609375 402 591.546875 320.73236083984375 132 601.594482421875 322.66360473632812 -1 657.4481201171875 330.41708374023438 154 635.276123046875 332.426513671875 133 584.02362060546875 339.86895751953125 323 667.9112548828125 341.4652099609375 -1 582.9854736328125 353.090576171875 201 638.654541015625 354.12216186523438 356 635.1619873046875 358.3800048828125 356 598.94757080078125 369.44549560546875 28 634.51751708984375 384.9932861328125 203 594.4481201171875 392.02740478515625 158 589.347900390625 395.34884643554688 30 623.5047607421875 395.4810791015625 337 609.5037841796875 406.1241455078125 139 609.5037841796875 406.1241455078125 140 565.244384765625 142.55972290039062 -1 663.7952880859375 168.58689880371094 2 569.3175048828125 169.58378601074219 217 652.9478759765625 170.67138671875 538 668.0357666015625 170.80308532714844 143 617.1993408203125 171.6005859375 36 647.471923828125 171.42391967773438 142 626.56683349609375 179.0430908203125 37 626.56683349609375 179.0430908203125 38 621.4127197265625 181.14353942871094 146 621.4127197265625 181.14353942871094 147 657.44378662109375 182.07351684570312 189 652.7926025390625 182.76290893554688 148 625.7918701171875 184.33709716796875 305 625.7918701171875 184.33709716796875 306 639.95751953125 189.96708679199219 39 616.222412109375 191.66020202636719 735 630.5394287109375 193.80857849121094 288 598.21282958984375 198.8458251953125 233 579.245361328125 207.94781494140625 42 589.530029296875 214.79159545898438 161 636.413818359375 240.206787109375 150 589.69189453125 285.98785400390625 43 589.69189453125 285.98785400390625 44 602.6473388671875 287.13235473632812 21 602.6473388671875 287.13235473632812 22 632.1959228515625 288.38653564453125 234 632.1959228515625 288.38653564453125 235 648.973388671875 293.67242431640625 151 634.30072021484375 312.04678344726562 500 634.30072021484375 312.04678344726562 406 618.12841796875 313.6060791015625 273 618.12841796875 313.6060791015625 236 595.18035888671875 316.29644775390625 401 634.2529296875 316.89846801757812 357 634.2529296875 316.89846801757812 25 605.20245361328125 329.00503540039062 52 583.938232421875 333.74468994140625 279 582.21337890625 345.97198486328125 156 635.76837158203125 351.32232666015625 26 592.0712890625 353.0084228515625 55 601.62176513671875 401.74908447265625 57 629.5379638671875 408.87020874023438 207 611.2760009765625 409.3914794921875 358 579.365966796875 419.71469116210938 -1 624.26141357421875 422.0045166015625 165 751.247314453125 496.79632568359375 361 751.247314453125 496.79632568359375 -1 668.46142578125 136.27372741699219 411 662.6851806640625 144.33499145507812 268 570.65576171875 162.98005676269531 59 580.3026123046875 169.46710205078125 60 626.19256591796875 172.16748046875 61 621.48101806640625 175.803955078125 637 621.48101806640625 175.803955078125 63 615.968994140625 178.233154296875 64 667.07958984375 181.59915161132812 419 662.1617431640625 186.10873413085938 426 616.231689453125 186.62911987304688 735 654.909912109375 187.67497253417969 160 626.7625732421875 190.91632080078125 41 593.873779296875 200.92355346679688 344 647.57061767578125 250.76727294921875 67 586.80841064453125 279.39849853515625 68 585.28326416015625 291.4873046875 69 585.28326416015625 291.4873046875 70 652.78662109375 292.44580078125 45 587.34521484375 298.7972412109375 46 587.34521484375 298.7972412109375 47 610.484375 300.95669555664062 73 610.484375 300.95669555664062 638 622.82818603515625 310.03579711914062 242 622.82818603515625 310.03579711914062 243 598.09185791015625 311.03268432617188 295 598.09185791015625 311.03268432617188 295 596.19696044921875 325.8492431640625 164 612.31201171875 336.767578125 490 607.9710693359375 341.6312255859375 451 607.9710693359375 341.6312255859375 451 587.1431884765625 346.1165771484375 53 642.91961669921875 349.75225830078125 54 616.5001220703125 401.42404174804688 348 595.747802734375 404.69439697265625 58 588.64697265625 161.70144653320312 82 568.111572265625 192.70928955078125 320 568.111572265625 192.70928955078125 349 648.441650390625 229.57670593261719 86 639.6063232421875 232.69155883789062 87 588.00927734375 255.23283386230469 89 588.00927734375 255.23283386230469 212 596.185546875 254.79319763183594 407 595.89208984375 261.97848510742188 424 652.8602294921875 285.11053466796875 168 617.06658935546875 286.98678588867188 91 612.84710693359375 293.77499389648438 71 612.84710693359375 293.77499389648438 72 641.2296142578125 293.53323364257812 92 612.83746337890625 308.41546630859375 169 623.9404296875 324.21856689453125 75 623.9404296875 324.21856689453125 170 626.0147705078125 361.51739501953125 94 621.505126953125 376.804443359375 292 621.505126953125 376.804443359375 95 645.02490234375 380.85287475585938 389 621.696533203125 412.30804443359375 78 635.52020263671875 430.86431884765625 96 635.52020263671875 430.86431884765625 97 606.683837890625 443.63314819335938 214 564.79083251953125 526.337890625 585 564.5758056640625 157.61642456054688 173 599.55657958984375 159.16192626953125 80 599.55657958984375 159.16192626953125 81 571.39349365234375 175.30670166015625 83 581.72686767578125 178.13436889648438 523 595.67535400390625 185.47222900390625 100 621.079833984375 233.56101989746094 88 596.4356689453125 281.5858154296875 468 674.6524658203125 393.58761596679688 180 596.81884765625 171.92840576171875 105 607.7659912109375 180.84130859375 99 643.5859375 186.35153198242188 106 593.209716796875 242.653564453125 107 628.1173095703125 244.13938903808594 101 614.431396484375 254.90147399902344 102 633.2982177734375 255.95573425292969 109 633.2982177734375 255.95573425292969 110 642.39581298828125 325.9412841796875 177 605.4566650390625 374.9615478515625 352 616.89373779296875 382.99093627929688 103 616.89373779296875 382.99093627929688 179 636.42138671875 394.87460327148438 104 564.7720947265625 143.65361022949219 176 632.05596923828125 200.348876953125 112 571.557861328125 214.70880126953125 113 578.530029296875 349.37728881835938 182 562.95941162109375 409.10665893554688 -1 616.89306640625 430.79364013671875 116 676.00054931640625 436.9002685546875 518 579.2308349609375 455.325927734375 181 611.52203369140625 162.52508544921875 117 604.8394775390625 199.89836120605469 119 608.25836181640625 217.27569580078125 441 575.4390869140625 299.3695068359375 114 636.51763916015625 340.61669921875 115 586.384033203125 386.56890869140625 183 679.39453125 388.93658447265625 353 658.7518310546875 159.29421997070312 111 656.7037353515625 232.20025634765625 121 638.33935546875 286.62185668945312 374 595.96435546875 294.12359619140625 216 636.7425537109375 288.09124755859375 374 657.30865478515625 349.98333740234375 185 588.24530029296875 362.31942749023438 335 684.3603515625 384.98516845703125 -1 554.91497802734375 418.2379150390625 563 644.47540283203125 254.15782165527344 122 593.489501953125 444.65716552734375 186 
11 0.99474278489264256 -0.096682026874067281 0.033693840305642021 -0.0020255145050494172 -1.0904524483860385 -0.74719399262003039 0.42747514047201268 1 video_01_frame_0024.jpg
669.9837646484375 138.06149291992188 -1 668.6328125 156.134765625 491 571.0506591796875 159.14093017578125 336 575.4246826171875 170.12432861328125 1 606.052490234375 170.9237060546875 314 570.8206787109375 173.02035522460938 217 570.4853515625 177.34201049804688 217 665.9034423828125 178.27218627929688 4 631.379150390625 179.93913269042969 5 658.92352294921875 184.96615600585938 189 631.103515625 185.98635864257812 493 604.901611328125 188.49266052246094 8 622.54559326171875 189.51092529296875 10 622.54559326171875 189.51092529296875 9 631.34027099609375 190.85411071777344 493 589.538818359375 192.56480407714844 126 589.538818359375 192.56480407714844 127 594.6787109375 193.18017578125 545 665.0738525390625 197.32855224609375 -1 650.14471435546875 202.47447204589844 -1 585.4105224609375 207.97624206542969 13 648.18896484375 224.64848327636719 -1 644.47259521484375 228.97563171386719 -1 590.6103515625 237.47441101074219 14 590.6103515625 237.47441101074219 15 637.35113525390625 242.65306091308594 150 651.56982421875 242.93156433105469 128 620.4130859375 244.13204956054688 16 613.7623291015625 246.52407836914062 17 613.7623291015625 246.52407836914062 18 647.615478515625 287.69509887695312 19 647.615478515625 287.69509887695312 20 653.346435546875 314.38812255859375 -1 613.4891357421875 315.499755859375 488 629.89813232421875 318.013427734375 357 629.89813232421875 318.013427734375 360 644.11798095703125 319.01907348632812 -1 592.232666015625 321.05609130859375 132 656.9432373046875 330.929443359375 154 595.25341796875 332.56869506835938 198 636.70941162109375 332.83099365234375 133 590.2296142578125 335.7474365234375 227 590.22430419921875 340.37347412109375 -1 635.4791259765625 340.27676391601562 260 635.4791259765625 340.27676391601562 261 638.8609619140625 353.87884521484375 356 635.171142578125 358.30413818359375 356 583.4483642578125 361.60308837890625 134 599.57135009765625 368.6583251953125 28 625.0533447265625 382.85678100585938 135 625.0533447265625 382.85678100585938 373 633.4813232421875 383.68328857421875 203 607.75927734375 387.12603759765625 206 650.681884765625 388.79473876953125 265 650.681884765625 388.79473876953125 266 591.2608642578125 392.74276733398438 30 627.2501220703125 393.95834350585938 -1 668.0867919921875 395.745849609375 615 649.54296875 398.84494018554688 31 609.9676513671875 404.48434448242188 139 609.9676513671875 404.48434448242188 140 630.7579345703125 449.50582885742188 33 749.03509521484375 493.64312744140625 361 566.9097900390625 145.2738037109375 -1 645.8519287109375 150.25180053710938 313 580.374267578125 162.74417114257812 269 580.374267578125 162.74417114257812 34 664.15545654296875 171.56182861328125 2 571.061767578125 172.33055114746094 217 668.4058837890625 173.47172546386719 143 627.4178466796875 182.49955749511719 37 627.4178466796875 182.49955749511719 38 658.749267578125 185.02030944824219 189 653.1414794921875 185.9136962890625 148 653.1414794921875 185.9136962890625 149 572.26123046875 187.24591064453125 281 626.76171875 187.98672485351562 305 626.76171875 187.98672485351562 306 662.8316650390625 188.66629028320312 426 640.7138671875 193.30938720703125 39 580.20513916015625 193.86235046386719 11 627.9349365234375 194.56292724609375 40 627.9349365234375 194.56292724609375 41 580.64013671875 210.47927856445312 42 591.021240234375 287.14459228515625 43 591.021240234375 287.14459228515625 44 603.446533203125 288.49749755859375 21 603.446533203125 288.49749755859375 22 648.20404052734375 294.87554931640625 151 634.75048828125 313.0968017578125 500 634.75048828125 313.0968017578125 406 596.2957763671875 316.73870849609375 401 634.40667724609375 317.72540283203125 357 634.40667724609375 317.72540283203125 25 605.809326171875 329.02960205078125 52 613.0155029296875 336.68731689453125 490 583.25537109375 345.348388671875 156 587.888671875 345.23065185546875 53 592.99212646484375 352.541748046875 55 618.9461669921875 385.23321533203125 29 595.7625732421875 390.11126708984375 158 614.6226806640625 395.49996948242188 56 602.8394775390625 399.9212646484375 57 624.6641845703125 419.95785522460938 165 572.26385498046875 166.23551940917969 59 581.8424072265625 172.7974853515625 60 617.8955078125 175.42106628417969 241 617.8955078125 175.42106628417969 36 627.10772705078125 175.80900573730469 61 622.4837646484375 179.49310302734375 637 622.4837646484375 179.49310302734375 63 617.018310546875 181.71647644042969 64 667.5623779296875 184.37448120117188 419 617.108642578125 190.71897888183594 735 655.4979248046875 190.72068786621094 160 600.2996826171875 195.95805358886719 65 594.93841552734375 203.72836303710938 344 641.71923828125 234.67208862304688 87 647.58856201171875 253.23049926757812 67 592.4888916015625 275.0574951171875 365 645.65167236328125 279.25857543945312 162 588.023681640625 280.74908447265625 68 586.277099609375 292.22900390625 69 586.277099609375 292.22900390625 70 653.19232177734375 293.23565673828125 45 613.9501953125 294.79385375976562 71 613.9501953125 294.79385375976562 72 588.59912109375 299.56658935546875 46 588.59912109375 299.56658935546875 47 594.4561767578125 301.98294067382812 -1 611.1435546875 302.14007568359375 73 611.1435546875 302.14007568359375 638 599.01959228515625 311.81295776367188 295 599.01959228515625 311.81295776367188 295 597.5423583984375 326.18923950195312 164 608.7332763671875 341.99609375 451 608.7332763671875 341.99609375 451 642.93939208984375 349.837890625 54 635.867919921875 351.00372314453125 26 616.3270263671875 399.85162353515625 348 596.05560302734375 403.13568115234375 58 617.30426025390625 440.2642822265625 79 671.5391845703125 147.68299865722656 366 671.5391845703125 147.68299865722656 -1 590.476806640625 165.65003967285156 82 617.60528564453125 193.61514282226562 735 600.6248779296875 196.35238647460938 65 649.05816650390625 232.08274841308594 86 640.1290283203125 235.19635009765625 87 621.9141845703125 236.11370849609375 88 589.3028564453125 257.09384155273438 89 589.3028564453125 257.09384155273438 212 597.49554443359375 256.80996704101562 407 597.121826171875 263.6612548828125 424 652.87750244140625 286.95394897460938 168 617.898681640625 288.1700439453125 91 641.72857666015625 294.46334838867188 92 625.792236328125 324.81512451171875 534 587.34747314453125 329.49224853515625 279 626.5235595703125 361.14111328125 94 577.15087890625 365.08880615234375 319 621.76739501953125 375.80307006835938 95 621.6705322265625 410.63238525390625 78 604.3394775390625 420.94515991210938 172 635.17755126953125 428.43161010742188 96 635.17755126953125 428.43161010742188 97 565.2972412109375 523.28594970703125 585 600.76220703125 163.12315368652344 80 600.76220703125 163.12315368652344 81 572.93853759765625 178.31903076171875 83 572.93853759765625 178.31903076171875 84 583.259521484375 181.20980834960938 523 596.907958984375 188.78483581542969 100 597.8033447265625 282.94692993164062 468 674.0714111328125 387.97259521484375 567 674.2012939453125 396.82281494140625 180 598.17449951171875 175.65252685546875 105 608.950927734375 184.46867370605469 99 644.3343505859375 189.35032653808594 106 594.00030517578125 245.07684326171875 107 607.1065673828125 247.83573913574219 108 628.33612060546875 247.08769226074219 101 615.22332763671875 257.06671142578125 102 633.626220703125 258.172607421875 109 633.626220703125 258.172607421875 110 642.85595703125 326.29693603515625 177 605.20452880859375 374.18539428710938 352 617.07806396484375 381.8048095703125 103 617.07806396484375 381.8048095703125 179 636.27130126953125 393.5491943359375 104 614.3416748046875 430.2626953125 32 566.21221923828125 146.5618896484375 176 633.0286865234375 203.54238891601562 112 572.844482421875 216.74618530273438 113 597.9483642578125 317.69168090820312 -1 579.48907470703125 347.69967651367188 182 616.935546875 428.08929443359375 116 579.9605712890625 450.6517333984375 181 659.5447998046875 163.1309814453125 111 612.75286865234375 166.47482299804688 117 661.2662353515625 193.81289672851562 118 606.500732421875 202.82334899902344 119 609.07025146484375 220.00065612792969 441 576.7445068359375 299.63055419921875 114 637.07720947265625 340.601318359375 115 589.31317138671875 385.79852294921875 -1 678.91162109375 383.55572509765625 353 657.5244140625 234.1470947265625 121 638.79150390625 287.29330444335938 374 637.1103515625 289.451171875 374 657.05462646484375 349.34213256835938 185 684.173583984375 379.21600341796875 -1 645.76751708984375 256.41885375976562 122 594.114990234375 440.797119140625 186 
12 0.99641965883260408 -0.077806757875113389 0.032943018416003 -0.0029545657080745332 -1.0407585561736239 -0.56867093601177099 0.54003438556821437 1 video_01_frame_0026.jpg
575.1697998046875 152.58798217773438 336 579.431640625 163.38424682617188 1 575.04168701171875 165.830078125 217 635.49505615234375 169.899658203125 256 668.95135498046875 171.02752685546875 4 634.8134765625 173.61045837402344 5 594.38427734375 176.03244018554688 499 662.08270263671875 178.0870361328125 189 634.52325439453125 179.64544677734375 493 656.8040771484375 179.07424926757812 148 626.25689697265625 183.31814575195312 10 626.25689697265625 183.31814575195312 9 634.79046630859375 184.316650390625 493 593.507080078125 185.9163818359375 126 593.507080078125 185.9163818359375 127 643.715087890625 187.25767517089844 39 594.5802001953125 190.03146362304688 545 594.5802001953125 190.03146362304688 420 589.37701416015625 201.11575317382812 13 594.61859130859375 230.10800170898438 14 594.61859130859375 230.10800170898438 15 637.21453857421875 235.26022338867188 285 637.21453857421875 235.26022338867188 286 624.04205322265625 236.60935974121094 16 617.611083984375 239.24510192871094 17 617.611083984375 239.24510192871094 18 651.6590576171875 278.72265625 19 651.6590576171875 278.72265625 20 622.83837890625 286.88751220703125 129 617.4970703125 306.48870849609375 488 640.4642333984375 308.53173828125 357 640.4642333984375 308.53173828125 25 634.01470947265625 309.01849365234375 357 634.01470947265625 309.01849365234375 360 596.98699951171875 311.83367919921875 132 638.68603515625 323.25228881835938 133 588.85638427734375 324.06967163085938 279 594.369140625 325.728759765625 227 639.38177490234375 341.30038452148438 26 588.1580810546875 342.1326904296875 201 641.9178466796875 344.18072509765625 356 654.07525634765625 365.59652709960938 202 636.98651123046875 372.70736694335938 203 622.660888671875 374.49224853515625 29 599.6048583984375 379.073486328125 158 669.99456787109375 394.07098388671875 -1 615.142333984375 434.88671875 274 634.3526611328125 436.33029174804688 33 751.6368408203125 478.68310546875 361 745.0233154296875 484.312255859375 -1 745.0233154296875 484.312255859375 -1 667.34368896484375 164.52691650390625 2 671.53826904296875 166.26913452148438 143 656.9130859375 167.448486328125 538 651.717529296875 168.40776062011719 142 621.87799072265625 169.3470458984375 36 589.9012451171875 172.94610595703125 523 589.9012451171875 172.94610595703125 523 626.17156982421875 177.95077514648438 146 626.17156982421875 177.95077514648438 147 576.23516845703125 180.21124267578125 281 665.7047119140625 181.72869873046875 426 671.14178466796875 181.22512817382812 419 631.73291015625 187.94786071777344 40 631.73291015625 187.94786071777344 41 584.763916015625 203.27957153320312 42 640.496826171875 235.2105712890625 150 594.90283203125 278.6881103515625 43 594.90283203125 278.6881103515625 44 607.3463134765625 280.19277954101562 21 607.3463134765625 280.19277954101562 22 651.32470703125 286.31378173828125 -1 651.32470703125 286.31378173828125 -1 656.78729248046875 297.633544921875 204 628.72845458984375 303.313720703125 242 637.67974853515625 304.14630126953125 500 637.67974853515625 304.14630126953125 406 632.1524658203125 304.71914672851562 500 632.1524658203125 304.71914672851562 406 622.1446533203125 305.34228515625 273 622.1446533203125 305.34228515625 236 599.999267578125 307.6962890625 401 608.62445068359375 319.1314697265625 52 616.9915771484375 327.68035888671875 490 587.42315673828125 335.63140869140625 156 618.56280517578125 336.98068237304688 363 647.83349609375 337.35372924804688 54 597.04962158203125 342.47958374023438 55 603.68310546875 358.08892822265625 28 607.079833984375 367.13226318359375 364 645.493408203125 369.96334838867188 389 630.50640869140625 378.6142578125 316 617.6629638671875 384.60284423828125 56 614.27593994140625 385.49969482421875 210 627.7581787109375 407.71856689453125 165 576.298583984375 159.42713928222656 59 585.910888671875 166.28073120117188 60 630.7681884765625 169.6875 61 626.17938232421875 173.32769775390625 637 626.17938232421875 173.32769775390625 63 620.8018798828125 175.58305358886719 64 670.551513671875 177.01470947265625 419 658.7364501953125 183.83468627929688 160 604.055419921875 189.21990966796875 65 598.9080810546875 196.50701904296875 344 650.88763427734375 245.37939453125 67 596.986328125 267.10028076171875 365 592.06964111328125 272.2471923828125 68 601.2030029296875 278.97314453125 468 590.27783203125 283.65884399414062 69 590.27783203125 283.65884399414062 70 656.0155029296875 284.636962890625 45 617.7271728515625 286.57736206054688 71 617.7271728515625 286.57736206054688 72 592.596435546875 290.79434204101562 46 592.596435546875 290.79434204101562 47 614.988525390625 293.50048828125 73 614.988525390625 293.50048828125 638 602.953369140625 302.82388305664062 295 602.953369140625 302.82388305664062 295 626.82025146484375 315.13739013671875 75 626.82025146484375 315.13739013671875 170 601.1241455078125 316.79965209960938 164 612.4578857421875 332.2955322265625 451 612.4578857421875 332.2955322265625 451 592.5194091796875 336.60440063476562 53 645.82757568359375 369.66943359375 389 631.1395263671875 369.88497924804688 373 599.9969482421875 391.70751953125 58 620.7672119140625 427.812744140625 79 674.87835693359375 140.57826232910156 366 593.93206787109375 159.35052490234375 82 577.154541015625 171.720703125 83 577.154541015625 171.720703125 84 652.31304931640625 224.79214477539062 86 625.29620361328125 229.02244567871094 88 593.339599609375 249.26058959960938 89 593.339599609375 249.26058959960938 212 601.45269775390625 248.87603759765625 407 656.123291015625 270.56881713867188 213 645.036376953125 286.36123657226562 92 591.25128173828125 320.078125 279 596.9715576171875 348.5533447265625 530 629.71533203125 351.13616943359375 94 581.93212890625 353.21066284179688 319 625.542724609375 365.376953125 292 625.542724609375 365.376953125 95 625.4482421875 399.2886962890625 78 608.4921875 408.989990234375 172 638.3209228515625 416.06463623046875 96 638.3209228515625 416.06463623046875 97 610.87860107421875 428.36871337890625 214 604.69659423828125 157.1707763671875 80 604.69659423828125 157.1707763671875 81 587.33282470703125 174.62449645996094 523 600.8780517578125 182.32919311523438 100 648.300537109375 235.56088256835938 569 601.3287353515625 256.72149658203125 424 618.6446533203125 293.44515991210938 367 618.6446533203125 293.44515991210938 638 610.50689697265625 299.83456420898438 249 610.50689697265625 299.83456420898438 299 601.9925537109375 169.28352355957031 105 612.752685546875 178.07554626464844 99 647.8558349609375 182.69970703125 106 597.5303955078125 237.45660400390625 107 632.1876220703125 239.31571960449219 101 618.919677734375 249.418212890625 102 636.991455078125 250.46820068359375 109 636.991455078125 250.46820068359375 110 646.3216552734375 316.99603271484375 177 580.8775634765625 319.05609130859375 369 620.93438720703125 371.06539916992188 103 620.93438720703125 371.06539916992188 179 639.5107421875 382.16281127929688 104 617.9681396484375 417.8941650390625 32 635.9349365234375 197.11167907714844 112 667.70745849609375 211.53831481933594 251 581.38616943359375 315.88278198242188 332 645.474365234375 358.986083984375 370 678.9930419921875 370.21942138671875 353 620.42657470703125 415.81842041015625 116 584.1292724609375 436.60494995117188 181 663.66650390625 156.24200439453125 111 616.6685791015625 160.52532958984375 117 639.1463623046875 159.89128112792969 371 664.46771240234375 186.49490356445312 118 610.4473876953125 196.17131042480469 119 612.54736328125 213.25994873046875 441 581.0582275390625 290.96023559570312 114 640.5771484375 330.84564208984375 115 652.8406982421875 376.13388061523438 544 660.53765869140625 227.16191101074219 121 641.53204345703125 279.43389892578125 374 660.12005615234375 338.5909423828125 185 592.416015625 349.371826171875 335 559.50799560546875 397.06625366210938 387 649.0987548828125 248.68254089355469 122 598.6126708984375 426.49984741210938 186 
13 0.99759927465087173 -0.058895795571386994 0.035489464157272971 0.0082140376123872923 -1.0480568226726539 -0.21713067028012026 0.71295131517617372 1 video_01_frame_0030.jpg
663.292724609375 153.25363159179688 -1 674.15350341796875 177.71328735351562 2 678.1883544921875 178.71549987792969 143 617.01824951171875 179.1962890625 314 663.7955322265625 181.38076782226562 538 675.36962890625 184.03878784179688 4 641.789794921875 187.96165466308594 5 665.1923828125 188.19949340820312 123 597.486328125 191.00114440917969 499 668.39678955078125 191.36453247070312 189 662.863525390625 192.83341979980469 148 662.863525390625 192.83341979980469 149 641.3048095703125 193.64738464355469 493 615.9117431640625 195.7767333984375 8 632.9981689453125 197.2152099609375 9 632.9981689453125 197.2152099609375 10 641.3846435546875 198.18540954589844 493 606.4654541015625 198.04278564453125 -1 673.76007080078125 198.60638427734375 418 673.76007080078125 198.60638427734375 426 600.92559814453125 241.55776977539062 14 600.92559814453125 241.55776977539062 15 679.02679443359375 246.49560546875 -1 629.86822509765625 248.74359130859375 16 623.5379638671875 251.08560180664062 17 623.5379638671875 251.08560180664062 18 598.5111083984375 253.69189453125 194 598.5111083984375 253.69189453125 195 655.578125 289.27850341796875 19 655.578125 289.27850341796875 20 612.202880859375 290.1597900390625 21 612.202880859375 290.1597900390625 22 649.3333740234375 313.720458984375 196 621.8099365234375 315.64547729492188 488 645.03424072265625 317.56668090820312 357 645.03424072265625 317.56668090820312 25 601.73291015625 319.9013671875 132 593.611572265625 331.335693359375 279 642.09613037109375 331.77645874023438 133 642.74029541015625 349.513916015625 26 645.44342041015625 351.8653564453125 356 600.49420166015625 353.37020874023438 530 591.86236572265625 356.91574096679688 134 654.982177734375 367.59722900390625 324 654.982177734375 367.59722900390625 325 675.705810546875 371.51971435546875 -1 576.75701904296875 375.330078125 -1 576.75701904296875 375.330078125 -1 631.6885986328125 378.30596923828125 135 631.6885986328125 378.30596923828125 373 626.07098388671875 380.48773193359375 29 603.1353759765625 384.2335205078125 158 626.30029296875 389.44287109375 337 616.73828125 397.99444580078125 140 617.0179443359375 437.5172119140625 274 591.6749267578125 169.58364868164062 -1 591.8612060546875 169.63233947753906 34 658.48590087890625 182.43612670898438 142 628.8255615234375 183.51580810546875 36 597.23974609375 185.85659790039062 523 597.23974609375 185.85659790039062 523 633.13995361328125 187.41372680664062 63 633.13995361328125 187.41372680664062 637 608.191650390625 190.62164306640625 541 637.95318603515625 190.50425720214844 37 637.95318603515625 190.50425720214844 38 672.66351318359375 193.94175720214844 375 672.66351318359375 193.94175720214844 426 591.2679443359375 199.12138366699219 11 641.70159912109375 204.8409423828125 288 591.7476806640625 215.00830078125 42 600.43646240234375 288.182861328125 43 600.43646240234375 288.182861328125 44 597.869873046875 299.25198364257812 47 660.75518798828125 306.96389770507812 204 607.69329833984375 311.33837890625 295 642.356201171875 313.29745483398438 500 642.356201171875 313.29745483398438 406 636.98583984375 314.14788818359375 500 636.98583984375 314.14788818359375 406 626.667236328125 314.65097045898438 236 605.04547119140625 316.1956787109375 401 610.64208984375 317.6373291015625 402 610.3245849609375 326.05499267578125 164 620.99462890625 335.5167236328125 490 658.19500732421875 336.356689453125 209 616.41448974609375 340.02700805664062 451 616.41448974609375 340.02700805664062 451 648.7200927734375 347.9879150390625 54 601.31890869140625 349.21798706054688 55 607.3514404296875 364.58322143554688 28 608.453125 394.15036010742188 57 630.42132568359375 412.3963623046875 165 620.9703369140625 425.8822021484375 32 593.29388427734375 179.22306823730469 60 637.7698974609375 184.07827758789062 61 633.18994140625 187.50852966308594 637 633.18994140625 187.50852966308594 63 627.7681884765625 189.68063354492188 64 676.81134033203125 189.7041015625 419 665.26214599609375 197.10443115234375 160 638.0361328125 201.69207763671875 41 610.9921875 202.51231384277344 65 600.72711181640625 236.2532958984375 382 649.964599609375 239.98660278320312 87 656.4132080078125 256.6202392578125 67 605.8162841796875 265.93380737304688 424 597.4715576171875 281.6959228515625 68 660.6932373046875 287.9971923828125 168 595.672607421875 292.51824951171875 69 595.672607421875 292.51824951171875 70 622.94671630859375 296.67022705078125 71 622.94671630859375 296.67022705078125 72 619.7584228515625 303.15106201171875 73 619.7584228515625 303.15106201171875 638 622.6561279296875 309.92303466796875 169 596.93450927734375 343.0653076171875 53 633.7037353515625 358.145263671875 94 628.1256103515625 403.8798828125 78 611.9947509765625 412.37939453125 172 623.521484375 430.7989501953125 79 612.03961181640625 171.60919189453125 80 612.03961181640625 171.60919189453125 81 657.9844970703125 237.04537963867188 86 631.67333984375 241.41123962402344 88 648.8551025390625 240.37783813476562 87 680.19659423828125 249.16410827636719 -1 599.56524658203125 259.91055297851562 89 599.56524658203125 259.91055297851562 166 607.191650390625 260.04791259765625 407 660.81524658203125 281.10675048828125 213 625.20697021484375 303.1865234375 537 625.20697021484375 303.1865234375 367 614.28765869140625 308.47833251953125 249 614.28765869140625 308.47833251953125 299 637.33074951171875 324.8660888671875 343 595.73358154296875 327.78240966796875 279 678.3568115234375 369.4500732421875 -1 629.32177734375 371.71624755859375 292 629.32177734375 371.71624755859375 95 628.0013427734375 404.1917724609375 78 611.96185302734375 412.92437744140625 172 640.363037109375 420.19406127929688 96 640.363037109375 420.19406127929688 97 675.8341064453125 423.32611083984375 542 597.3131103515625 163.39076232910156 404 594.892333984375 187.42800903320312 523 594.892333984375 187.42800903320312 523 619.342529296875 191.22758483886719 99 607.8472900390625 195.56509399414062 100 653.77789306640625 247.76113891601562 569 653.77789306640625 247.76113891601562 569 624.17694091796875 376.75985717773438 103 624.17694091796875 376.75985717773438 179 609.2208251953125 183.2135009765625 105 654.22705078125 196.37333679199219 106 607.69854736328125 238.2066650390625 293 603.6739501953125 248.59123229980469 107 617.0941162109375 251.98773193359375 108 637.7861328125 251.58702087402344 101 624.57763671875 260.88507080078125 102 643.48358154296875 262.00830078125 109 643.48358154296875 262.00830078125 110 651.53704833984375 325.42950439453125 177 651.53704833984375 325.42950439453125 438 680.22021484375 367.86166381835938 -1 642.21063232421875 387.59591674804688 104 672.0455322265625 169.73922729492188 301 672.0455322265625 169.73922729492188 111 642.67779541015625 210.46636962890625 112 616.8106689453125 226.34072875976562 441 645.2269287109375 338.38409423828125 115 648.54803466796875 366.26861572265625 370 654.47308349609375 381.74041748046875 544 623.124755859375 418.0406494140625 116 586.966552734375 436.86654663085938 181 623.5091552734375 175.2723388671875 117 670.35986328125 199.9254150390625 118 616.8184814453125 209.41238403320312 119 619.0821533203125 225.881591796875 441 684.00262451171875 364.73043823242188 -1 666.1868896484375 239.40202331542969 121 645.3046875 290.95477294921875 374 610.527587890625 340.5450439453125 428 563.8077392578125 391.15805053710938 461 690.6484375 392.22882080078125 -1 654.8424072265625 259.86480712890625 122 603.07574462890625 425.6881103515625 -1 603.07574462890625 425.6881103515625 -1 
14 0.99835721759758522 -0.044858206252810492 0.03421572364420921 0.0099945814365193439 -0.9324126942549007 -0.12253576936508388 0.80622728324405046 1 video_01_frame_0033.jpg
616.35992431640625 167.65275573730469 529 684.4991455078125 168.97744750976562 2 687.83343505859375 170.14418029785156 362 667.3116455078125 170.62527465820312 430 609.28656005859375 171.99563598632812 598 674.048828125 173.20181274414062 538 612.66888427734375 173.92864990234375 -1 669.37750244140625 174.30210876464844 142 589.24072265625 182.30197143554688 528 677.359130859375 183.34201049804688 123 652.29364013671875 188.64933776855469 493 607.95166015625 198.74493408203125 -1 649.1414794921875 241.8846435546875 340 649.1414794921875 241.8846435546875 -1 669.71270751953125 266.13320922851562 -1 675.32574462890625 272.2508544921875 -1 665.138916015625 276.60195922851562 -1 665.138916015625 276.60195922851562 -1 637.49462890625 286.47219848632812 129 607.91668701171875 290.10757446289062 -1 666.28778076171875 289.83612060546875 151 646.12353515625 294.57638549804688 -1 646.12353515625 294.57638549804688 -1 669.904052734375 297.5216064453125 204 601.9453125 303.93499755859375 289 659.94024658203125 303.81402587890625 196 614.4559326171875 306.23291015625 401 614.4559326171875 306.23291015625 401 648.023681640625 308.1846923828125 357 669.934814453125 322.939697265625 154 620.72088623046875 323.76516723632812 205 619.8912353515625 337.16766357421875 477 619.8912353515625 337.16766357421875 -1 652.7789306640625 343.34591674804688 356 643.143310546875 369.2158203125 -1 626.1239013671875 390.0936279296875 358 643.85504150390625 392.897216796875 -1 653.5501708984375 393.8612060546875 447 620.97149658203125 395.3250732421875 -1 620.97149658203125 395.3250732421875 -1 650.66943359375 401.857177734375 -1 652.736083984375 417.708251953125 341 627.2991943359375 424.7366943359375 274 643.40606689453125 430.1553955078125 33 597.99444580078125 167.21408081054688 1 588.313720703125 172.65324401855469 304 607.910888671875 177.80387878417969 523 607.910888671875 177.80387878417969 523 633.755859375 180.07054138183594 525 687.0986328125 180.2613525390625 419 643.6927490234375 180.50981140136719 63 643.6927490234375 180.50981140136719 637 669.19500732421875 182.83085632324219 413 682.0445556640625 186.30389404296875 426 602.07476806640625 190.122314453125 11 601.50567626953125 207.05142211914062 -1 601.50567626953125 207.05142211914062 -1 663.1724853515625 207.36190795898438 -1 662.46051025390625 230.76675415039062 432 662.46051025390625 230.76675415039062 87 614.478759765625 245.93148803710938 -1 618.5318603515625 249.25096130371094 407 604.06475830078125 252.26237487792969 475 657.029541015625 258.760986328125 433 630.5159912109375 271.171630859375 -1 610.31219482421875 278.52969360351562 43 610.31219482421875 278.52969360351562 44 622.6341552734375 280.86334228515625 21 622.6341552734375 280.86334228515625 22 674.696044921875 280.617431640625 -1 669.68670654296875 284.43887329101562 45 632.96923828125 287.45529174804688 72 636.5819091796875 290.49462890625 -1 604.1392822265625 295.62054443359375 434 649.1175537109375 299.54046630859375 -1 641.0645751953125 301.64175415039062 242 641.0645751953125 301.64175415039062 243 644.720703125 305.0716552734375 242 604.57659912109375 310.0244140625 -1 608.31097412109375 322.768798828125 -1 600.93048095703125 332.96359252929688 156 659.3607177734375 336.02481079101562 54 656.0186767578125 339.73846435546875 -1 602.04644775390625 346.392578125 134 616.354736328125 354.11837768554688 28 645.8175048828125 387.73052978515625 207 634.83154296875 422.55804443359375 -1 634.83154296875 422.55804443359375 -1 691.998291015625 146.30986022949219 435 691.998291015625 146.30986022949219 366 591.302001953125 151.70487976074219 -1 594.1075439453125 164.590087890625 59 603.60693359375 171.33761596679688 60 648.5147705078125 176.2034912109375 61 639.18896484375 176.84695434570312 241 638.166748046875 181.15621948242188 64 593.96368408203125 183.40104675292969 281 633.3148193359375 187.81961059570312 -1 676.12738037109375 188.757568359375 160 625.13641357421875 190.51194763183594 -1 625.13641357421875 190.51194763183594 -1 647.81085205078125 193.9244384765625 41 598.45751953125 196.22459411621094 -1 594.29827880859375 221.06124877929688 470 667.81787109375 228.25846862792969 -1 664.47021484375 236.03292846679688 308 665.2659912109375 249.20262145996094 67 609.43646240234375 251.24833679199219 89 609.43646240234375 251.24833679199219 166 610.860595703125 266.6981201171875 365 607.153076171875 272.36920166015625 68 661.19976806640625 273.33221435546875 162 643.32684326171875 277.7978515625 -1 670.15863037109375 277.99163818359375 168 636.52618408203125 280.48516845703125 91 628.665771484375 281.44384765625 436 605.05108642578125 283.2623291015625 -1 605.05108642578125 283.2623291015625 70 658.67822265625 288.53564453125 92 636.13275146484375 291.81005859375 537 641.25274658203125 293.55966186523438 511 629.16009521484375 294.01629638671875 73 629.16009521484375 294.01629638671875 638 632.1365966796875 300.41128540039062 169 632.1365966796875 300.41128540039062 480 653.65118408203125 308.289306640625 25 604.22808837890625 310.16067504882812 -1 627.7918701171875 314.91488647460938 -1 608.4866943359375 322.59536743164062 -1 630.31561279296875 326.98388671875 490 635.7247314453125 327.54681396484375 481 625.0224609375 330.26031494140625 451 606.1473388671875 331.96389770507812 53 642.09259033203125 348.308349609375 94 589.5321044921875 363.18359375 -1 649.14044189453125 363.724609375 -1 657.83819580078125 363.9066162109375 389 606.0655517578125 382.623779296875 -1 603.0504150390625 402.672119140625 498 632.82794189453125 417.6026611328125 79 635.23663330078125 422.396728515625 -1 635.23663330078125 422.396728515625 -1 638.6312255859375 426.74273681640625 -1 638.6312255859375 426.74273681640625 -1 632.9425048828125 427.64218139648438 -1 632.9425048828125 427.64218139648438 -1 527.08941650390625 477.33819580078125 584 587.94720458984375 157.21775817871094 173 587.94720458984375 157.21775817871094 173 623.0538330078125 164.16046142578125 80 623.0538330078125 164.16046142578125 81 638.0703125 192.74484252929688 735 667.7099609375 228.24148559570312 -1 642.16400146484375 233.45013427734375 88 670.27001953125 272.17544555664062 213 643.2415771484375 278.0093994140625 -1 668.30712890625 295.4715576171875 204 622.950439453125 298.1378173828125 299 646.53240966796875 315.13583374023438 343 618.80426025390625 317.3070068359375 164 604.8201904296875 317.8824462890625 279 627.1729736328125 323.61260986328125 490 622.540771484375 332.83084106445312 -1 638.09466552734375 360.9385986328125 292 638.09466552734375 360.9385986328125 95 582.742431640625 362.6737060546875 -1 637.17987060546875 392.1064453125 78 608.6754150390625 155.12503051757812 404 594.73876953125 175.89608764648438 83 605.26385498046875 179.45498657226562 523 630.44415283203125 183.78831481933594 405 630.44415283203125 183.78831481933594 99 618.46185302734375 229.92019653320312 293 663.57196044921875 239.71029663085938 569 663.57196044921875 239.71029663085938 569 633.5230712890625 251.92283630371094 102 661.6337890625 315.03866577148438 177 661.6337890625 315.03866577148438 438 621.555908203125 348.67367553710938 398 630.14263916015625 356.6453857421875 178 633.6617431640625 365.58383178710938 -1 633.6617431640625 365.58383178710938 103 650.9608154296875 377.36474609375 104 611.395263671875 401.88372802734375 -1 611.395263671875 401.88372802734375 -1 647.5980224609375 407.905517578125 96 647.5980224609375 407.905517578125 97 621.7584228515625 417.95724487304688 -1 621.7584228515625 417.95724487304688 214 619.7481689453125 175.9013671875 105 618.1744384765625 187.73394775390625 100 664.53656005859375 188.34666442871094 106 613.3758544921875 240.434814453125 107 627.55926513671875 243.14605712890625 108 647.6219482421875 243.42362976074219 101 652.7119140625 253.27885437011719 109 652.7119140625 253.27885437011719 110 621.777099609375 260.44873046875 504 688.3363037109375 365.16976928710938 353 650.30914306640625 393.109619140625 384 612.02679443359375 402.36215209960938 -1 612.02679443359375 402.36215209960938 -1 653.1279296875 202.24996948242188 112 627.10772705078125 217.65269470214844 441 596.28887939453125 289.44241333007812 114 596.93994140625 311.14053344726562 332 654.439697265625 328.37982177734375 115 578.96600341796875 367.04562377929688 458 631.58453369140625 405.2760009765625 116 595.23773193359375 423.80038452148438 181 680.38330078125 162.68746948242188 386 680.38330078125 162.68746948242188 111 634.5377197265625 167.79302978515625 117 680.36285400390625 191.89776611328125 118 626.719482421875 201.24211120605469 119 629.07818603515625 217.41326904296875 441 692.29931640625 369.68096923828125 -1 645.47216796875 376.44149780273438 -1 676.346435546875 230.76615905761719 121 654.56353759765625 281.41708374023438 374 672.34124755859375 313.790283203125 429 618.705322265625 328.83163452148438 428 571.0032958984375 376.36065673828125 461 655.627197265625 139.13124084472656 492 665.66827392578125 251.63388061523438 122 558.3363037109375 390.14596557617188 -1 
15 0.9973020277675082 -0.064489840416041652 0.035012755547940831 0.0019577647637075519 -1.0494220918123573 -0.36622892467917989 0.61879951435504454 1 video_01_frame_0028.jpg
675.387451171875 152.98196411132812 491 595.30474853515625 160.78880310058594 82 671.1241455078125 168.00540161132812 2 675.192138671875 169.32373046875 143 672.558837890625 174.39543151855469 4 658.4605712890625 175.49595642089844 -1 638.586669921875 177.68730163574219 5 662.37225341796875 178.16374206542969 123 638.378173828125 183.482177734375 493 670.4114990234375 183.67008972167969 187 670.4114990234375 183.67008972167969 449 612.6322021484375 185.91213989257812 8 629.9649658203125 187.2325439453125 10 629.9649658203125 187.2325439453125 9 638.5191650390625 188.19096374511719 493 647.4373779296875 190.65951538085938 39 593.2313232421875 204.10093688964844 13 598.170166015625 214.51333618164062 161 657.8565673828125 229.93392944335938 -1 643.9237060546875 238.21014404296875 150 627.62896728515625 239.65911865234375 258 627.62896728515625 239.65911865234375 16 620.899658203125 242.20050048828125 17 620.899658203125 242.20050048828125 18 595.958740234375 245.4847412109375 194 595.958740234375 245.4847412109375 195 653.87579345703125 281.13623046875 19 653.87579345703125 281.13623046875 20 620.3170166015625 308.14846801757812 488 640.4544677734375 310.16476440429688 357 662.69451904296875 321.88909912109375 154 602.18634033203125 324.0816650390625 198 641.386474609375 324.65786743164062 133 599.408203125 343.0499267578125 55 588.976318359375 358.34228515625 -1 675.4591064453125 373.80807495117188 -1 624.9873046875 374.5166015625 29 615.31982421875 375.76202392578125 206 671.51611328125 392.64743041992188 -1 617.300048828125 433.53646850585938 274 650.301025390625 148.71684265136719 313 602.0255126953125 150.59300231933594 565 625.7332763671875 173.37760925292969 36 634.91925048828125 180.28213500976562 37 634.91925048828125 180.28213500976562 38 629.98919677734375 181.61761474609375 146 629.98919677734375 181.61761474609375 147 665.2437744140625 181.63043212890625 189 660.340087890625 182.69926452636719 148 660.340087890625 182.69926452636719 149 674.642822265625 183.931884765625 419 669.6458740234375 184.60411071777344 375 669.6458740234375 184.60411071777344 426 635.28912353515625 191.71844482421875 40 635.28912353515625 191.71844482421875 41 638.53662109375 194.56228637695312 288 598.5003662109375 280.61862182617188 43 598.5003662109375 280.61862182617188 44 610.3797607421875 282.22677612304688 21 610.3797607421875 282.22677612304688 22 654.9185791015625 287.92691040039062 151 595.89935302734375 292.3333740234375 46 595.89935302734375 292.3333740234375 47 605.94659423828125 304.53607177734375 295 640.3841552734375 305.6859130859375 500 640.3841552734375 305.6859130859375 406 635.26470947265625 306.42462158203125 500 635.26470947265625 306.42462158203125 406 603.26068115234375 309.13311767578125 401 612.69561767578125 321.17764282226562 52 647.94256591796875 340.9901123046875 54 641.646240234375 342.38775634765625 26 619.93389892578125 384.48333740234375 56 629.9556884765625 407.42242431640625 165 635.8197021484375 433.86727905273438 -1 635.8197021484375 433.86727905273438 33 634.62518310546875 173.77842712402344 61 630.04998779296875 177.37774658203125 637 630.04998779296875 177.37774658203125 63 624.64697265625 179.56559753417969 64 674.1236572265625 180.18597412109375 419 662.2628173828125 187.34060668945312 160 600.03424072265625 193.09088134765625 545 608.01611328125 192.95770263671875 65 598.097412109375 227.47567749023438 382 647.554443359375 230.73361206054688 87 654.12811279296875 247.98820495605469 67 603.8519287109375 257.91888427734375 424 595.2301025390625 274.08322143554688 68 616.7154541015625 282.5810546875 436 616.7154541015625 282.5810546875 527 593.57928466796875 285.19671630859375 69 593.57928466796875 285.19671630859375 70 620.83172607421875 288.47808837890625 71 620.83172607421875 288.47808837890625 72 601.22412109375 294.02593994140625 -1 618.00860595703125 295.40188598632812 73 618.00860595703125 295.40188598632812 638 620.783447265625 302.54205322265625 169 620.783447265625 302.54205322265625 480 655.35614013671875 331.96157836914062 209 599.5626220703125 348.6136474609375 530 633.4949951171875 370.024658203125 373 602.74591064453125 390.71859741210938 58 610.79541015625 407.64862060546875 172 622.83282470703125 426.555908203125 79 598.2120361328125 163.42208862304688 82 655.509765625 227.81005859375 86 647.32598876953125 230.77392578125 87 596.95721435546875 251.75059509277344 89 596.95721435546875 251.75059509277344 166 604.7093505859375 251.46878051757812 407 603.89300537109375 258.2325439453125 424 659.108642578125 272.83770751953125 213 624.67578125 282.24771118164062 91 657.8900146484375 297.47244262695312 204 612.9144287109375 301.14483642578125 249 612.9144287109375 301.14483642578125 566 634.7598876953125 317.3494873046875 343 594.1717529296875 320.98220825195312 279 599.71405029296875 348.77099609375 -1 628.109619140625 365.67108154296875 292 628.109619140625 365.67108154296875 95 613.8704833984375 373.6767578125 -1 573.7208251953125 378.15402221679688 -1 627.5791015625 398.56283569335938 78 640.120849609375 415.22470092773438 96 640.120849609375 415.22470092773438 97 608.65350341796875 161.29266357421875 80 608.65350341796875 161.29266357421875 81 591.1947021484375 178.13192749023438 523 604.809814453125 185.98025512695312 100 628.9490966796875 232.18852233886719 88 641.89068603515625 382.15740966796875 104 606.00537109375 173.22299194335938 105 616.6226806640625 181.77957153320312 99 651.3773193359375 186.38023376464844 106 604.9798583984375 229.36729431152344 293 601.5633544921875 240.28997802734375 107 635.4549560546875 242.39239501953125 101 622.284912109375 252.22314453125 102 640.3714599609375 253.27301025390625 109 640.3714599609375 253.27301025390625 110 649.69952392578125 317.97866821289062 177 649.69952392578125 317.97866821289062 438 623.53460693359375 371.27777099609375 103 623.53460693359375 371.27777099609375 179 640.41943359375 399.08990478515625 384 639.8753662109375 200.598388671875 112 681.55712890625 365.04107666015625 -1 654.4664306640625 375.6820068359375 544 681.33233642578125 379.873779296875 -1 570.3734130859375 382.1519775390625 -1 622.82666015625 413.82406616210938 116 667.11328125 160.289794921875 111 620.29962158203125 164.72952270507812 117 613.8765869140625 199.93766784667969 119 616.710205078125 216.58856201171875 441 643.46563720703125 331.55343627929688 115 663.75360107421875 230.049560546875 121 644.3546142578125 281.67489624023438 374 605.07928466796875 290.94015502929688 216 608.966796875 333.8912353515625 428 662.3453369140625 338.27655029296875 185 594.885498046875 348.60641479492188 335 684.34222412109375 362.58154296875 -1 563.02081298828125 361.44268798828125 -1 690.02801513671875 358.13446044921875 568 558.3331298828125 396.67074584960938 387 652.274169921875 251.22586059570312 122 600.6566162109375 423.9208984375 186 
16 0.9882027278314589 -0.14855812228036513 0.036780773096340529 0.0057469767209592524 -1.0491771643297061 -1.4427544022050496 0.20509668097185105 1 video_01_frame_0018.jpg
641.5562744140625 139.58534240722656 -1 582.822998046875 157.43911743164062 336 585.783203125 169.42176818847656 1 580.8128662109375 172.85946655273438 217 643.6640625 174.86448669433594 256 580.50433349609375 177.5047607421875 217 643.038818359375 178.71560668945312 5 590.63421630859375 179.58677673339844 489 600.8109130859375 181.25418090820312 499 596.83673095703125 183.78103637695312 -1 596.83673095703125 183.78103637695312 499 642.4622802734375 184.89749145507812 493 578.37744140625 185.60595703125 281 612.26092529296875 186.20896911621094 8 615.07391357421875 186.81297302246094 8 633.73779296875 188.55197143554688 10 633.73779296875 188.55197143554688 9 642.6824951171875 189.84507751464844 493 599.6961669921875 191.593505859375 126 599.6961669921875 191.593505859375 126 604.231689453125 200.59176635742188 344 592.164306640625 207.02435302734375 13 578.0030517578125 207.92852783203125 -1 596.71337890625 213.01445007324219 192 578.00274658203125 227.34786987304688 283 578.00274658203125 227.34786987304688 284 599.697509765625 238.75909423828125 14 599.697509765625 238.75909423828125 15 630.3404541015625 245.44937133789062 258 630.3404541015625 245.44937133789062 16 662.5421142578125 246.10369873046875 225 662.5421142578125 246.10369873046875 128 634.03106689453125 246.86802673339844 321 623.4981689453125 248.1236572265625 17 623.4981689453125 248.1236572265625 18 631.49298095703125 250.72085571289062 322 657.88714599609375 293.27935791015625 19 657.88714599609375 293.27935791015625 20 602.101318359375 339.89556884765625 198 591.3026123046875 348.57601928710938 323 644.13421630859375 348.85348510742188 260 644.13421630859375 348.85348510742188 261 577.24169921875 350.18804931640625 -1 632.846923828125 355.2415771484375 199 632.846923828125 355.2415771484375 200 577.24139404296875 358.38327026367188 309 609.8514404296875 357.66439819335938 -1 589.70867919921875 362.12469482421875 201 588.85711669921875 372.00482177734375 134 603.30230712890625 376.58062744140625 28 617.15472412109375 380.53353881835938 262 657.08251953125 383.3751220703125 324 657.08251953125 383.3751220703125 325 648.60968017578125 389.02703857421875 -1 631.98577880859375 394.637939453125 135 631.98577880859375 394.637939453125 373 641.1796875 395.35751342773438 203 655.4671630859375 395.99017333984375 532 621.0675048828125 397.99240112304688 326 657.9034423828125 398.35870361328125 264 648.4400634765625 400.35400390625 327 653.69818115234375 402.01913452148438 328 626.6729736328125 407.76473999023438 337 615.3154296875 418.04354858398438 139 615.3154296875 418.04354858398438 140 679.5858154296875 422.05258178710938 -1 576.55938720703125 434.4627685546875 521 637.30419921875 467.53167724609375 33 629.5599365234375 173.44425964355469 36 660.67596435546875 174.73089599609375 142 666.0616455078125 174.51432800292969 538 596.3287353515625 177.98138427734375 523 596.3287353515625 177.98138427734375 523 638.9652099609375 181.38262939453125 37 638.9652099609375 181.38262939453125 38 665.43255615234375 186.82723999023438 148 665.43255615234375 186.82723999023438 149 670.864013671875 186.8004150390625 189 582.11737060546875 187.57853698730469 281 590.21319580078125 193.66650390625 11 652.138671875 193.31169128417969 39 639.306396484375 193.34735107421875 40 639.306396484375 193.34735107421875 41 609.6422119140625 201.15521240234375 233 590.04742431640625 210.95751953125 42 600.04962158203125 218.29360961914062 161 647.7010498046875 244.5516357421875 150 640.7713623046875 247.14630126953125 329 640.7713623046875 247.14630126953125 -1 611.6800537109375 292.51541137695312 21 611.6800537109375 292.51541137695312 22 657.9454345703125 301.11273193359375 151 627.1392822265625 320.48153686523438 273 627.1392822265625 320.48153686523438 236 590.8863525390625 321.14736938476562 289 590.8863525390625 321.14736938476562 289 603.477294921875 322.96963500976562 401 643.805419921875 324.5948486328125 357 643.805419921875 324.5948486328125 25 617.48291015625 340.08447265625 490 665.9254150390625 341.29132080078125 154 577.44970703125 342.521728515625 442 620.8468017578125 344.63253784179688 -1 620.8468017578125 344.63253784179688 -1 589.11920166015625 354.67965698242188 156 644.08441162109375 361.08578491210938 26 646.78814697265625 364.5985107421875 356 640.72576904296875 395.628662109375 203 614.533203125 398.80062866210938 206 607.07965087890625 400.35177612304688 158 636.521240234375 421.414306640625 207 617.3629150390625 426.37750244140625 358 631.29766845703125 435.88827514648438 165 576.879638671875 139.58473205566406 -1 566.77801513671875 147.0107421875 -1 645.7523193359375 148.87786865234375 -1 655.4466552734375 148.57366943359375 313 592.24432373046875 171.47752380371094 60 638.81219482421875 174.32688903808594 61 633.96875 177.87191772460938 637 633.96875 177.87191772460938 63 628.298828125 180.11566162109375 64 628.3201904296875 188.81820678710938 735 667.36822509765625 192.17796325683594 160 602.4296875 195.38650512695312 545 605.2388916015625 203.18917846679688 344 597.25311279296875 234.48724365234375 -1 658.64691162109375 256.30953979492188 67 622.08203125 287.18408203125 330 622.08203125 287.18408203125 -1 598.5745849609375 291.49505615234375 43 598.5745849609375 291.49505615234375 44 593.2410888671875 295.65213012695312 69 663.0201416015625 299.89358520507812 45 595.650390625 304.8365478515625 46 595.650390625 304.8365478515625 47 631.9501953125 316.577880859375 242 631.9501953125 316.577880859375 243 606.54656982421875 317.62847900390625 295 606.54656982421875 317.62847900390625 295 577.1536865234375 318.70584106445312 -1 643.19927978515625 319.384521484375 406 637.63226318359375 319.7760009765625 406 622.095947265625 329.66275024414062 331 629.4166259765625 330.85806274414062 75 629.4166259765625 330.85806274414062 170 604.4171142578125 332.9739990234375 164 613.232421875 336.27557373046875 52 615.70068359375 349.8739013671875 451 615.70068359375 349.8739013671875 451 593.912109375 354.15707397460938 53 599.4354248046875 361.92672729492188 55 573.3607177734375 367.81478881835938 276 650.930419921875 393.16253662109375 389 619.871337890625 408.6734619140625 56 615.23651123046875 409.67306518554688 210 600.83441162109375 417.04815673828125 58 638.19140625 439.5732421875 497 566.69091796875 147.33250427246094 -1 600.943603515625 163.22331237792969 82 570.7381591796875 188.38580322265625 211 628.55975341796875 192.4256591796875 735 611.208740234375 195.308349609375 65 659.892333984375 234.46574401855469 86 651.6798095703125 236.88018798828125 87 656.57879638671875 242.30685424804688 308 597.95263671875 259.573486328125 89 597.95263671875 259.573486328125 166 606.18572998046875 259.055419921875 407 605.72210693359375 266.23782348632812 424 596.0804443359375 284.51174926757812 68 663.23785400390625 284.47689819335938 213 571.3563232421875 286.01763916015625 -1 663.10687255859375 292.4190673828125 168 622.09722900390625 299.48098754882812 71 622.09722900390625 299.48098754882812 72 651.26226806640625 300.49722290039062 92 619.59014892578125 307.22186279296875 73 619.59014892578125 307.22186279296875 638 633.81085205078125 371.08102416992188 94 634.7415771484375 392.22283935546875 373 652.817138671875 392.62301635742188 389 681.90289306640625 420.3760986328125 -1 628.0767822265625 425.26889038085938 78 681.824951171875 427.37615966796875 -1 578.0330810546875 432.78988647460938 -1 641.94622802734375 445.22323608398438 96 641.94622802734375 445.22323608398438 97 622.736083984375 457.27694702148438 79 673.52886962890625 456.24072265625 -1 611.14715576171875 457.8580322265625 214 565.40277099609375 538.445556640625 -1 576.13543701171875 159.87527465820312 173 612.2064208984375 160.31524658203125 80 612.2064208984375 160.31524658203125 81 583.01220703125 177.92880249023438 83 607.4632568359375 187.28695678710938 100 578.62164306640625 195.80206298828125 320 631.87884521484375 237.21914672851562 88 589.9849853515625 289.79421997070312 247 589.9849853515625 289.79421997070312 248 628.9368896484375 386.91741943359375 95 576.996337890625 147.84738159179688 176 608.9139404296875 173.39390563964844 105 593.98193359375 180.3115234375 523 619.89764404296875 182.61735534667969 99 656.14141845703125 189.52604675292969 106 638.62347412109375 248.6124267578125 101 624.82244873046875 259.21368408203125 102 643.66650390625 260.92327880859375 109 643.66650390625 260.92327880859375 110 652.0810546875 334.0093994140625 177 623.792724609375 393.4537353515625 103 623.792724609375 393.4537353515625 179 602.38763427734375 398.45736694335938 158 643.71929931640625 406.10009765625 104 619.2205810546875 446.84259033203125 32 644.319580078125 203.41696166992188 112 581.9716796875 218.30062866210938 113 616.3226318359375 220.88365173339844 441 645.23419189453125 260.9576416015625 109 645.23419189453125 260.9576416015625 -1 582.42974853515625 472.04156494140625 181 624.187255859375 163.7899169921875 117 672.3641357421875 163.63545227050781 111 673.05450439453125 196.602783203125 118 617.3155517578125 202.08660888671875 119 619.2774658203125 220.20034790039062 441 583.5660400390625 307.14288330078125 114 583.163818359375 332.31231689453125 332 645.901611328125 349.04244995117188 115 585.01715087890625 357.399169921875 182 615.751953125 425.888427734375 333 615.751953125 425.888427734375 334 667.9814453125 235.78569030761719 121 604.5902099609375 300.50799560546875 216 589.6036376953125 399.98626708984375 183 664.39007568359375 398.91033935546875 278 689.99212646484375 412.47824096679688 -1 646.978759765625 294.100341796875 374 666.447509765625 360.72836303710938 185 596.48590087890625 371.56942749023438 335 691.0628662109375 411.0352783203125 -1 560.38507080078125 439.15509033203125 563 694.2559814453125 439.31732177734375 -1 594.85675048828125 145.1229248046875 -1 654.32525634765625 259.24795532226562 122 
17 0.99893609896618574 -0.022023425711462881 0.040056277363467778 0.0060937300507649481 -0.94101138113312244 0.16705660400913161 0.74774942937590072 1 video_01_frame_0037.jpg
602.3599853515625 162.33760070800781 1 690.10296630859375 162.73124694824219 2 694.0074462890625 163.51388549804688 143 633.04510498046875 166.24736022949219 314 679.70361328125 167.26469421386719 538 597.24554443359375 168.13546752929688 217 593.1864013671875 169.36891174316406 304 668.9732666015625 169.04165649414062 430 657.5020751953125 174.68212890625 5 594.9986572265625 175.381591796875 528 684.41619873046875 176.84538269042969 189 598.86517333984375 177.92247009277344 281 678.76397705078125 178.73455810546875 148 678.76397705078125 178.73455810546875 149 689.0594482421875 178.54830932617188 375 689.0594482421875 178.54830932617188 426 693.1494140625 178.55474853515625 419 657.1719970703125 180.30715942382812 493 648.78814697265625 184.09674072265625 9 648.78814697265625 184.09674072265625 10 657.26666259765625 185.02799987792969 493 666.16729736328125 187.1607666015625 39 611.87713623046875 199.93209838867188 13 616.76690673828125 227.8690185546875 14 616.76690673828125 227.8690185546875 15 662.49346923828125 233.284423828125 150 645.9852294921875 235.13133239746094 258 645.9852294921875 235.13133239746094 16 639.3128662109375 237.35992431640625 17 639.3128662109375 237.35992431640625 18 614.43505859375 239.72686767578125 194 614.43505859375 239.72686767578125 195 612.84375 243.268310546875 212 617.1134033203125 273.72076416015625 43 617.1134033203125 273.72076416015625 44 628.6409912109375 275.7774658203125 21 628.6409912109375 275.7774658203125 22 673.04974365234375 280.41409301757812 151 644.0560302734375 281.34222412109375 129 670.62744140625 297.27188110351562 377 638.3173828125 300.85174560546875 488 621.32958984375 301.0333251953125 401 658.03265380859375 302.45230102539062 357 658.03265380859375 302.45230102539062 25 654.675048828125 314.76705932617188 133 609.8636474609375 315.46676635742188 279 678.0433349609375 315.981689453125 154 658.331298828125 316.0277099609375 133 667.49835205078125 328.65338134765625 54 617.482666015625 333.0235595703125 55 661.7149658203125 335.43154907226562 356 616.78802490234375 336.911865234375 55 658.203369140625 339.1302490234375 356 670.82568359375 350.0479736328125 324 670.82568359375 350.0479736328125 325 655.70440673828125 361.60546875 203 620.042236328125 366.74609375 158 597.74176025390625 385.85858154296875 521 634.6505126953125 387.156005859375 358 689.9139404296875 403.39938354492188 542 674.432373046875 145.632080078125 443 682.4791259765625 162.8875732421875 538 598.00079345703125 163.51988220214844 217 644.5316162109375 170.72027587890625 241 644.5316162109375 170.72027587890625 36 612.80218505859375 172.8182373046875 523 612.80218505859375 172.8182373046875 523 648.79345703125 174.54959106445312 63 648.79345703125 174.54959106445312 637 653.792236328125 177.2896728515625 37 653.792236328125 177.2896728515625 38 653.0703125 182.53056335449219 305 653.0703125 182.53056335449219 306 679.65283203125 184.13157653808594 160 653.9674072265625 188.40890502929688 40 653.9674072265625 188.40890502929688 41 657.40814208984375 191.24673461914062 288 607.251953125 201.4114990234375 42 676.627685546875 278.94183349609375 45 614.259521484375 284.97927856445312 46 614.259521484375 284.97927856445312 47 658.3426513671875 298.148681640625 500 658.3426513671875 298.148681640625 406 652.9442138671875 298.99441528320312 500 652.9442138671875 298.99441528320312 406 613.634033203125 304.29544067382812 132 633.2550048828125 324.3026123046875 451 633.2550048828125 324.3026123046875 451 658.814208984375 332.98989868164062 26 665.312255859375 359.15252685546875 389 642.4974365234375 363.54833984375 29 637.14605712890625 372.76373291015625 56 620.639404296875 378.45236206054688 58 647.6490478515625 394.87969970703125 165 637.1502685546875 407.46884155273438 32 633.68499755859375 418.57464599609375 274 599.02056884765625 158.77796936035156 59 608.701904296875 166.15939331054688 60 653.477783203125 170.885009765625 61 692.62939453125 174.78977966308594 419 643.5843505859375 176.73631286621094 64 681.4580078125 182.80593872070312 160 619.2161865234375 189.2335205078125 545 626.7532958984375 189.5787353515625 65 617.83526611328125 208.36151123046875 161 589.7803955078125 220.76596069335938 547 615.94775390625 222.73944091796875 382 672.05633544921875 242.54209899902344 67 621.8377685546875 251.92544555664062 424 613.5936279296875 267.2720947265625 68 676.60491943359375 273.5606689453125 168 611.7401123046875 277.82315063476562 69 611.7401123046875 277.82315063476562 70 639.169189453125 281.99392700195312 71 639.169189453125 281.99392700195312 72 636.03521728515625 288.43511962890625 73 636.03521728515625 288.43511962890625 638 639.22991943359375 295.04974365234375 169 649.7183837890625 341.95895385742188 94 666.460205078125 358.4129638671875 389 650.7342529296875 359.23565673828125 373 644.91558837890625 386.11895751953125 78 640.13201904296875 411.93661499023438 79 590.64208984375 496.70660400390625 536 590.64208984375 496.70660400390625 -1 601.04443359375 498.72760009765625 -1 601.04443359375 498.72760009765625 -1 609.245361328125 500.74801635742188 380 609.245361328125 500.74801635742188 425 592.457275390625 152.0908203125 173 592.457275390625 152.0908203125 173 627.7637939453125 158.96414184570312 80 627.7637939453125 158.96414184570312 81 674.02899169921875 222.66476440429688 86 647.86810302734375 227.87992858886719 88 615.46490478515625 245.994384765625 89 615.46490478515625 245.994384765625 166 623.471435546875 245.92942810058594 407 665.82354736328125 280.85348510742188 92 641.24066162109375 288.37960815429688 537 641.24066162109375 288.37960815429688 367 611.63983154296875 312.69833374023438 279 645.517333984375 355.13531494140625 292 645.517333984375 355.13531494140625 95 656.865234375 401.4521484375 96 656.865234375 401.4521484375 97 612.913330078125 150.13101196289062 404 610.3240966796875 174.307373046875 523 610.3240966796875 174.307373046875 523 635.7269287109375 179.07266235351562 405 635.7269287109375 179.07266235351562 99 623.68695068359375 182.66259765625 100 595.830078125 185.91471862792969 320 623.54412841796875 224.729248046875 293 588.7525634765625 232.45285034179688 -1 669.79931640625 233.61009216308594 569 669.79931640625 233.61009216308594 569 640.35577392578125 246.94729614257812 102 640.989013671875 360.15890502929688 103 640.989013671875 360.15890502929688 179 658.913330078125 370.56353759765625 104 624.97607421875 170.46707153320312 105 670.000732421875 182.60171508789062 106 619.6456298828125 235.23886108398438 107 653.902587890625 237.75419616699219 101 660.6566162109375 247.79171752929688 109 660.6566162109375 247.79171752929688 110 627.4910888671875 255.1953125 504 657.9630126953125 387.23092651367188 384 688.1275634765625 155.38119506835938 301 688.1275634765625 155.38119506835938 111 658.22509765625 197.23526000976562 112 599.17645263671875 205.67971801757812 113 632.484619140625 212.99591064453125 441 604.163330078125 305.84765625 332 661.536865234375 322.31658935546875 115 664.8978271484375 349.36224365234375 370 603.6181640625 416.18292236328125 181 639.31005859375 162.6297607421875 117 632.612548828125 196.34208679199219 119 634.626220703125 212.55986022949219 441 603.1182861328125 283.69400024414062 114 682.18426513671875 225.82786560058594 121 660.6082763671875 276.37530517578125 374 625.91375732421875 323.9234619140625 428 679.05743408203125 306.56591796875 429 575.880615234375 371.835205078125 461 671.9583740234375 245.56597900390625 122 
18 0.99878077523284114 -0.020895437793459103 0.042516599342395357 0.0138810116728887 -0.97428114839566404 0.15337094594212258 0.73375944647477431 1 video_01_frame_0035.jpg
605.51739501953125 159.519287109375 1 693.0133056640625 161.13577270507812 2 697.2630615234375 161.66525268554688 362 600.45947265625 165.33941650390625 217 694.3858642578125 167.3018798828125 4 598.18310546875 172.31687927246094 528 660.706787109375 172.46005249023438 5 601.892333984375 175.04740905761719 281 616.1656494140625 175.143798828125 499 687.31072998046875 175.20535278320312 123 691.8905029296875 177.049072265625 375 691.8905029296875 177.049072265625 426 634.812255859375 180.36686706542969 8 651.73443603515625 181.73495483398438 9 651.73443603515625 181.73495483398438 10 692.37322998046875 182.04922485351562 418 692.37322998046875 182.04922485351562 426 609.48388671875 182.81045532226562 11 660.130615234375 182.52629089355469 493 598.065673828125 186.64752197265625 320 614.636474609375 197.07176208496094 13 659.60980224609375 200.74192810058594 -1 617.13067626953125 200.38421630859375 192 605.3292236328125 208.6611328125 193 619.094970703125 225.375244140625 14 619.094970703125 225.375244140625 15 648.290771484375 232.85302734375 258 648.290771484375 232.85302734375 16 641.6280517578125 235.10888671875 17 641.6280517578125 235.10888671875 18 616.66485595703125 237.23233032226562 194 616.66485595703125 237.23233032226562 195 692.4534912109375 257.45437622070312 376 673.62255859375 272.48284912109375 19 673.62255859375 272.48284912109375 20 630.1263427734375 273.494140625 21 630.1263427734375 273.494140625 22 645.60211181640625 280.04782104492188 129 598.3927001953125 282.60720825195312 395 639.5802001953125 298.66476440429688 488 660.21795654296875 300.96185302734375 357 660.21795654296875 300.96185302734375 25 660.17431640625 331.6771240234375 26 617.59783935546875 334.66973876953125 530 662.26416015625 334.5723876953125 356 622.7142333984375 337.8280029296875 -1 659.22613525390625 337.73410034179688 356 624.64794921875 346.19720458984375 28 643.0367431640625 361.90362548828125 29 616.776123046875 366.7530517578125 30 643.3046875 370.65667724609375 337 671.462646484375 373.85784912109375 31 634.423583984375 385.98532104492188 358 613.99005126953125 387.74371337890625 473 638.48394775390625 405.32122802734375 32 652.54541015625 418.88037109375 33 610.1968994140625 153.57437133789062 34 601.12762451171875 160.6107177734375 217 624.33349609375 161.46321105957031 529 688.10345458984375 164.04714965820312 538 596.238525390625 166.2918701171875 304 677.5755615234375 166.56828308105469 142 647.79498291015625 168.16790771484375 36 615.79583740234375 170.01441955566406 523 615.79583740234375 170.01441955566406 523 652.10400390625 171.94232177734375 63 652.10400390625 171.94232177734375 637 656.7711181640625 174.92033386230469 37 656.7711181640625 174.92033386230469 38 651.8363037109375 176.77398681640625 146 651.8363037109375 176.77398681640625 147 669.3717041015625 184.739013671875 39 657.05499267578125 186.01345825195312 40 657.05499267578125 186.01345825195312 41 610.00372314453125 198.40802001953125 42 592.60223388671875 218.15788269042969 547 618.42535400390625 271.27337646484375 43 618.42535400390625 271.27337646484375 44 678.317138671875 277.54733276367188 45 615.8192138671875 282.3980712890625 46 615.8192138671875 282.3980712890625 47 625.31793212890625 294.555908203125 295 659.779541015625 296.4791259765625 500 659.779541015625 296.4791259765625 406 654.28936767578125 297.15283203125 500 654.28936767578125 297.15283203125 406 622.74755859375 298.9072265625 401 628.4190673828125 300.39141845703125 402 631.3778076171875 310.45806884765625 52 611.373046875 313.09823608398438 279 614.1649169921875 323.85577392578125 53 665.9559326171875 330.0982666015625 54 618.8187255859375 331.06179809570312 55 665.846923828125 357.6558837890625 389 640.5006103515625 366.25299072265625 -1 637.794189453125 371.17041015625 56 634.8489990234375 371.82345581054688 210 626.0501708984375 374.54388427734375 57 621.9273681640625 376.19281005859375 58 602.39031982421875 155.57426452636719 59 611.98095703125 163.11366271972656 60 656.68768310546875 168.60794067382812 61 652.0445556640625 172.12759399414062 637 652.0445556640625 172.12759399414062 63 646.6199951171875 174.2762451171875 64 646.8118896484375 185.30636596679688 735 629.6678466796875 186.97866821289062 65 624.2523193359375 193.74339294433594 344 620.8216552734375 205.22337341308594 161 611.57891845703125 206.53172302246094 403 619.172607421875 219.98318481445312 382 674.29248046875 240.6605224609375 67 623.968505859375 249.42802429199219 424 615.5216064453125 264.8013916015625 68 613.5262451171875 275.37158203125 69 613.5262451171875 275.37158203125 70 640.7139892578125 279.95724487304688 71 640.7139892578125 279.95724487304688 72 637.614990234375 286.4049072265625 73 637.614990234375 286.4049072265625 638 649.61181640625 286.45123291015625 511 640.2037353515625 293.25677490234375 169 640.2037353515625 293.25677490234375 480 647.60174560546875 306.87396240234375 75 647.60174560546875 306.87396240234375 170 634.2208251953125 322.5753173828125 451 634.2208251953125 322.5753173828125 451 666.8724365234375 357.10296630859375 389 651.5523681640625 357.730712890625 373 645.14453125 384.59234619140625 78 639.33087158203125 410.78594970703125 79 582.89794921875 493.00738525390625 -1 589.844970703125 494.801025390625 536 606.8624267578125 498.4468994140625 380 606.8624267578125 498.4468994140625 425 595.8233642578125 149.06683349609375 173 595.8233642578125 149.06683349609375 173 631.13671875 156.20169067382812 80 631.13671875 156.20169067382812 81 620.4886474609375 157.324462890625 82 603.62908935546875 167.15306091308594 83 603.62908935546875 167.15306091308594 84 598.90936279296875 182.60208129882812 320 646.7098388671875 185.40159606933594 735 676.5084228515625 220.80442810058594 86 667.1651611328125 224.5606689453125 87 650.000244140625 225.61849975585938 88 617.60015869140625 243.42794799804688 89 617.60015869140625 243.42794799804688 166 625.468505859375 243.60478210449219 407 623.8291015625 249.71360778808594 -1 610.849609375 269.1695556640625 247 610.849609375 269.1695556640625 -1 644.4954833984375 274.0501708984375 91 667.70367431640625 279.17529296875 92 641.9134521484375 286.77365112304688 367 641.9134521484375 286.77365112304688 638 631.81402587890625 291.4071044921875 249 631.81402587890625 291.4071044921875 299 613.12994384765625 310.23944091796875 279 650.16162109375 340.633544921875 94 645.94970703125 353.77642822265625 95 656.986083984375 400.20468139648438 96 656.986083984375 400.20468139648438 97 615.61669921875 147.04763793945312 404 613.3404541015625 171.39028930664062 523 613.3404541015625 171.39028930664062 523 638.6490478515625 176.51998901367188 405 638.6490478515625 176.51998901367188 99 626.54229736328125 179.94662475585938 100 625.779541015625 222.16093444824219 293 672.14910888671875 231.59934997558594 569 656.42578125 235.09849548339844 101 642.59393310546875 244.68028259277344 102 641.04736328125 359.51800537109375 103 659.38397216796875 368.988037109375 104 693.3487548828125 400.22222900390625 542 628.1041259765625 167.50070190429688 105 673.0306396484375 180.4588623046875 106 621.9422607421875 232.62449645996094 107 635.39080810546875 235.9400634765625 108 662.5572509765625 245.69442749023438 109 662.5572509765625 245.69442749023438 110 629.54052734375 252.7340087890625 504 658.2415771484375 386.08209228515625 384 691.2347412109375 153.46699523925781 386 691.2347412109375 153.46699523925781 111 661.41644287109375 194.74119567871094 112 601.76324462890625 202.9696044921875 113 636.8724365234375 209.88157653808594 441 604.525390625 281.77011108398438 114 605.3763427734375 303.193359375 332 662.51715087890625 320.853271484375 115 639.9388427734375 397.45248413085938 116 603.57318115234375 414.43572998046875 181 664.6116943359375 159.11341857910156 371 642.802734375 159.95773315429688 117 689.0367431640625 183.72746276855469 118 635.34716796875 193.84130859375 119 637.21893310546875 210.15811157226562 441 684.4715576171875 224.0079345703125 121 663.2281494140625 274.280517578125 374 680.85223388671875 305.253173828125 429 627.1307373046875 321.90118408203125 428 673.52239990234375 243.36199951171875 122 
19 0.99868486497144049 -0.028635162884479485 0.042098281300678067 0.0060251668096553378 -1.0113506033080133 0.28164817986417562 0.89103617087150266 1 video_01_frame_0043.jpg
584.12896728515625 156.674072265625 520 584.12896728515625 156.674072265625 390 599.0799560546875 164.6392822265625 -1 598.49658203125 186.20559692382812 1 684.8662109375 186.18943786621094 2 677.33673095703125 186.45751953125 538 689.0340576171875 186.55711364746094 143 627.37567138671875 190.69200134277344 314 674.4833984375 190.73020935058594 538 686.1993408203125 192.07037353515625 4 599.2508544921875 196.55825805664062 489 591.36492919921875 198.62266540527344 528 652.9471435546875 198.46151733398438 5 679.32958984375 200.08250427246094 123 594.99200439453125 201.05052185058594 281 684.1986083984375 201.30027770996094 375 684.1986083984375 201.30027770996094 449 652.64312744140625 203.88912963867188 493 684.61029052734375 206.3338623046875 418 684.61029052734375 206.3338623046875 426 644.250732421875 207.665771484375 9 644.250732421875 207.665771484375 10 602.78857421875 208.96670532226562 11 617.81475830078125 208.95243835449219 -1 652.81866455078125 208.46781921386719 493 617.6356201171875 209.262939453125 -1 608.00909423828125 222.78564453125 13 599.1827392578125 233.95840454101562 193 590.5198974609375 241.05418395996094 284 612.8890380859375 250.36721801757812 14 612.8890380859375 250.36721801757812 15 657.805908203125 255.62442016601562 150 641.65386962890625 257.3817138671875 258 641.65386962890625 257.3817138671875 16 635.2235107421875 259.79730224609375 17 635.2235107421875 259.79730224609375 18 613.22918701171875 295.03598022460938 43 613.22918701171875 295.03598022460938 44 667.3369140625 295.25848388671875 19 667.3369140625 295.25848388671875 20 624.91778564453125 297.021484375 21 624.91778564453125 297.021484375 22 634.44830322265625 321.51364135742188 488 617.80908203125 321.56887817382812 401 631.34588623046875 324.034423828125 -1 631.34588623046875 324.034423828125 488 626.8170166015625 333.24075317382812 52 650.96185302734375 335.18634033203125 133 607.30963134765625 341.91854858398438 323 654.8687744140625 353.16647338867188 26 613.38812255859375 356.87445068359375 530 655.6763916015625 357.78170776367188 356 605.68487548828125 360.32443237304688 134 659.94488525390625 364.98764038085938 370 590.158447265625 367.30487060546875 524 590.158447265625 367.30487060546875 -1 620.513916015625 367.7830810546875 28 666.95843505859375 369.51937866210938 324 666.95843505859375 369.51937866210938 325 638.8922119140625 382.86984252929688 29 631.65875244140625 402.20263671875 358 630.960205078125 436.54122924804688 274 512.86090087890625 481.986328125 -1 683.13055419921875 166.122314453125 268 678.90740966796875 167.66401672363281 393 673.8031005859375 169.21923828125 443 594.15740966796875 187.13267517089844 217 589.3818359375 192.46733093261719 -1 589.3818359375 192.46733093261719 304 640.033203125 194.61874389648438 36 648.88995361328125 194.52749633789062 61 608.75543212890625 196.48466491699219 523 608.75543212890625 196.48466491699219 523 644.2816162109375 198.392822265625 63 644.2816162109375 198.392822265625 637 639.239990234375 200.37283325195312 64 648.49493408203125 206.14443969726562 305 648.49493408203125 206.14443969726562 306 675.94659423828125 205.68435668945312 160 649.46368408203125 211.66404724121094 40 649.46368408203125 211.66404724121094 41 617.20068359375 219.08622741699219 344 603.49664306640625 224.4117431640625 42 613.19879150390625 232.318603515625 161 586.74267578125 243.07182312011719 547 635.0394287109375 292.78375244140625 330 610.47381591796875 305.712890625 46 610.47381591796875 305.712890625 47 620.1605224609375 317.26129150390625 295 654.1983642578125 318.8353271484375 500 654.1983642578125 318.8353271484375 406 648.9276123046875 319.84210205078125 500 648.9276123046875 319.84210205078125 406 638.8643798828125 329.0999755859375 75 638.8643798828125 329.0999755859375 170 629.39703369140625 344.3487548828125 451 629.39703369140625 344.3487548828125 451 664.66900634765625 347.45501708984375 54 614.1568603515625 352.860595703125 55 634.3525390625 391.8199462890625 56 629.62445068359375 392.81820678710938 210 617.8797607421875 396.94091796875 58 643.71435546875 412.94036865234375 165 688.2364501953125 157.54635620117188 411 595.25274658203125 182.64512634277344 59 613.1917724609375 184.48513793945312 82 604.83880615234375 189.9569091796875 60 687.66845703125 197.61196899414062 419 668.59295654296875 200.47317504882812 413 639.4072265625 211.29946899414062 735 615.2288818359375 212.51785278320312 545 622.26776123046875 212.90695190429688 65 614.017578125 231.03965759277344 161 667.60882568359375 264.26675415039062 67 611.450439453125 267.62240600585938 89 611.450439453125 267.62240600585938 212 617.51654052734375 273.60330200195312 424 609.9947509765625 288.71304321289062 68 672.0626220703125 294.4056396484375 168 635.09442138671875 303.32308959960938 71 635.09442138671875 303.32308959960938 72 631.96343994140625 309.4425048828125 73 631.96343994140625 309.4425048828125 638 635.15277099609375 315.8856201171875 169 614.17041015625 358.26974487304688 530 646.200439453125 361.60336303710938 94 662.8717041015625 377.50390625 389 641.259521484375 404.854736328125 78 653.582275390625 419.912109375 96 636.7623291015625 430.21383666992188 79 568.30487060546875 509.55368041992188 -1 589.1119384765625 515.3619384765625 536 603.867919921875 518.469970703125 380 603.867919921875 518.469970703125 425 588.662353515625 175.88043212890625 173 623.283447265625 183.26144409179688 80 623.283447265625 183.26144409179688 81 613.12237548828125 184.57542419433594 82 596.164306640625 193.7039794921875 83 596.164306640625 193.7039794921875 84 592.1639404296875 208.68038940429688 320 639.38323974609375 211.26902770996094 415 639.38323974609375 211.26902770996094 735 669.4215087890625 244.93852233886719 86 643.2823486328125 250.39506530761719 88 619.3787841796875 267.87164306640625 407 672.39093017578125 287.12680053710938 213 626.27032470703125 314.1949462890625 249 626.27032470703125 314.1949462890625 299 608.7047119140625 332.44329833984375 279 666.7911376953125 364.15338134765625 456 642.0091552734375 374.38763427734375 292 642.0091552734375 374.38763427734375 95 653.4390869140625 419.93453979492188 96 653.4390869140625 419.93453979492188 97 608.623779296875 174.33055114746094 404 606.25634765625 197.82139587402344 523 606.25634765625 197.82139587402344 523 631.37274169921875 202.78021240234375 405 631.37274169921875 202.78021240234375 99 619.40045166015625 206.28976440429688 100 619.351806640625 247.19821166992188 293 665.297607421875 255.63449096679688 569 665.297607421875 255.63449096679688 569 649.75518798828125 259.69747924804688 101 635.971923828125 268.93875122070312 102 637.31512451171875 379.95928955078125 103 637.31512451171875 379.95928955078125 179 654.76483154296875 388.81439208984375 104 591.76788330078125 163.99760437011719 176 620.66650390625 194.36155700683594 105 665.2979736328125 205.7503662109375 106 615.7408447265625 257.49444580078125 107 657.33154296875 269.51129150390625 109 657.33154296875 269.51129150390625 110 654.1796875 405.79937744140625 384 683.3056640625 179.00958251953125 386 683.3056640625 179.00958251953125 111 654.294921875 220.0091552734375 112 628.76593017578125 235.51597595214844 441 601.1422119140625 325.88372802734375 332 657.32342529296875 342.49871826171875 115 693.7196044921875 371.96722412109375 460 600.84375 434.44561767578125 181 634.9686279296875 186.79020690917969 117 628.18994140625 219.66195678710938 119 630.513427734375 235.48948669433594 441 599.84130859375 305.22869873046875 114 677.4658203125 248.25857543945312 121 656.8101806640625 297.34976196289062 374 675.484375 325.46142578125 429 622.7501220703125 344.25732421875 428 618.24700927734375 262.55780029296875 462 667.85772705078125 266.7794189453125 122 
20 0.99874382124357197 -0.02390824433876769 0.043478249664950425 0.006986929690352992 -0.98149980458968311 0.22968022477801939 0.82268530760728542 1 video_01_frame_0039.jpg
603.3743896484375 173.06399536132812 1 690.40478515625 173.24351501464844 2 674.78009033203125 179.25042724609375 142 608.03460693359375 184.016357421875 489 640.741455078125 184.1810302734375 525 658.21826171875 185.34329223632812 5 596.0479736328125 185.692626953125 528 684.97552490234375 187.19772338867188 123 599.7626953125 188.291015625 281 689.640625 188.52836608886719 426 679.34686279296875 189.05509948730469 148 679.34686279296875 189.05509948730469 149 657.906494140625 191.00564575195312 493 607.35595703125 191.09716796875 526 632.6708984375 193.43418884277344 8 689.867919921875 193.92977905273438 418 689.867919921875 193.92977905273438 426 649.525146484375 194.56759643554688 9 649.525146484375 194.56759643554688 10 658.09033203125 195.53659057617188 493 666.68060302734375 197.74261474609375 39 612.8990478515625 209.99925231933594 13 615.4979248046875 212.9793701171875 192 617.6427001953125 237.83573913574219 14 617.6427001953125 237.83573913574219 15 646.70220947265625 245.1622314453125 258 646.70220947265625 245.1622314453125 16 640.129150390625 247.35887145996094 17 640.129150390625 247.35887145996094 18 615.3760986328125 249.66441345214844 194 615.3760986328125 249.66441345214844 195 672.53814697265625 283.43670654296875 19 672.53814697265625 283.43670654296875 20 672.7403564453125 290.0367431640625 151 644.5948486328125 292.06173706054688 129 610.4168701171875 306.6505126953125 289 622.2799072265625 310.09054565429688 401 639.099609375 309.9892578125 488 658.728759765625 311.58834838867188 357 658.728759765625 311.58834838867188 25 636.16815185546875 312.70584106445312 -1 619.3857421875 313.62991333007812 132 627.45654296875 319.535888671875 164 645.19171142578125 321.7808837890625 -1 610.72198486328125 324.4345703125 279 662.2935791015625 343.95281982421875 356 617.3465576171875 345.17706298828125 55 609.5921630859375 348.933837890625 134 624.66729736328125 356.598388671875 28 594.13836669921875 357.24301147460938 524 594.13836669921875 357.24301147460938 -1 643.1907958984375 371.79156494140625 29 616.55242919921875 377.04037475585938 30 638.69964599609375 380.94247436523438 56 635.12884521484375 426.06088256835938 274 669.336181640625 511.30474853515625 -1 687.64794921875 153.16474914550781 268 598.97723388671875 174.04244995117188 217 621.8897705078125 174.90591430664062 529 645.275390625 181.44047546386719 36 649.4798583984375 185.18743896484375 63 649.4798583984375 185.18743896484375 637 644.4503173828125 187.31144714355469 64 654.4541015625 187.951171875 37 654.4541015625 187.951171875 38 653.7515869140625 193.13348388671875 305 653.7515869140625 193.13348388671875 306 681.027099609375 193.38468933105469 160 654.67230224609375 198.99223327636719 40 654.67230224609375 198.99223327636719 41 658.2667236328125 201.5035400390625 288 621.71044921875 205.05583190917969 344 608.2880859375 211.46871948242188 42 591.21282958984375 230.04692077636719 547 639.7216796875 280.8043212890625 330 639.7216796875 280.8043212890625 -1 617.829345703125 283.07122802734375 43 617.829345703125 283.07122802734375 44 637.19970703125 285.7451171875 436 637.19970703125 285.7451171875 527 677.30157470703125 287.9300537109375 45 614.99554443359375 294.23492431640625 46 614.99554443359375 294.23492431640625 47 624.80706787109375 305.630859375 295 659.11395263671875 307.27651977539062 500 659.11395263671875 307.27651977539062 406 653.8289794921875 308.07208251953125 500 653.8289794921875 308.07208251953125 406 628.05816650390625 311.41293334960938 402 630.77960205078125 321.32962036132812 52 637.96319580078125 328.2276611328125 490 614.15118408203125 335.00433349609375 53 609.15966796875 335.50881958007812 156 669.8621826171875 335.949951171875 -1 665.69635009765625 340.40386962890625 54 618.416259765625 341.53436279296875 55 659.624755859375 341.7392578125 26 621.8914794921875 348.22921752929688 -1 635.0120849609375 381.8553466796875 210 621.442138671875 386.423095703125 58 647.73193359375 402.35528564453125 165 638.404296875 414.8587646484375 32 600.09783935546875 169.5089111328125 59 609.7080078125 176.83683776855469 60 654.1527099609375 181.5863037109375 61 693.05560302734375 184.86538696289062 419 620.09967041015625 199.69297790527344 545 627.4498291015625 200.05088806152344 65 619.339599609375 217.7352294921875 161 672.62872314453125 252.25083923339844 67 637.0294189453125 258.07357788085938 -1 622.90045166015625 261.72152709960938 424 614.444580078125 276.68359375 68 612.716796875 286.87664794921875 69 612.716796875 286.87664794921875 70 666.145263671875 290.6444091796875 92 639.8564453125 291.40451049804688 71 639.8564453125 291.40451049804688 72 636.7855224609375 297.85040283203125 73 636.7855224609375 297.85040283203125 638 639.79290771484375 304.37771606445312 169 639.79290771484375 304.37771606445312 480 614.2158203125 335.20556640625 53 627.43682861328125 350.73861694335938 398 650.28338623046875 350.69808959960938 94 667.2415771484375 366.57394409179688 389 651.51544189453125 367.542724609375 373 645.60321044921875 394.1871337890625 78 629.9129638671875 419.71343994140625 214 640.35107421875 419.75253295898438 79 593.3583984375 162.61041259765625 173 593.3583984375 162.61041259765625 173 628.5394287109375 169.9766845703125 80 628.5394287109375 169.9766845703125 81 618.184814453125 171.34445190429688 82 600.60498046875 180.38621520996094 84 588.293212890625 184.17283630371094 -1 596.85870361328125 195.67839050292969 320 619.3582763671875 217.81045532226562 161 674.753173828125 232.5465087890625 86 665.3577880859375 236.41720581054688 87 648.199462890625 237.94378662109375 88 616.2491455078125 255.67070007324219 89 616.2491455078125 255.67070007324219 166 624.29510498046875 255.71124267578125 407 631.04705810546875 302.6854248046875 249 631.04705810546875 302.6854248046875 299 627.9351806640625 351.018310546875 398 592.46441650390625 359.26547241210938 -1 646.544677734375 363.20196533203125 292 646.544677734375 363.20196533203125 95 657.69451904296875 409.41928100585938 96 657.69451904296875 409.41928100585938 97 614.09136962890625 161.03665161132812 404 611.12493896484375 184.83856201171875 523 611.12493896484375 184.83856201171875 523 636.62847900390625 189.78611755371094 405 636.62847900390625 189.78611755371094 99 624.4932861328125 193.25054931640625 100 624.1170654296875 234.63407897949219 293 670.34063720703125 243.464599609375 569 670.34063720703125 243.464599609375 569 640.962890625 256.805908203125 102 641.7799072265625 368.62448120117188 103 641.7799072265625 368.62448120117188 179 659.38995361328125 379.0816650390625 104 595.9097900390625 150.25401306152344 176 640.234619140625 173.26158142089844 -1 625.7841796875 181.25523376464844 105 670.555419921875 192.95135498046875 106 624.0504150390625 234.62753295898438 293 620.5963134765625 244.94247436523438 107 654.63323974609375 247.58262634277344 101 662.068359375 257.48138427734375 109 662.068359375 257.48138427734375 110 658.762939453125 394.9117431640625 384 688.740966796875 165.92300415039062 301 688.740966796875 165.92300415039062 111 659.58868408203125 207.33721923828125 112 600.1512451171875 215.84294128417969 113 633.42156982421875 222.919921875 441 604.0792236328125 293.70932006835938 114 605.201904296875 314.9315185546875 332 662.2601318359375 330.66531372070312 115 665.3046875 358.07772827148438 370 635.64129638671875 395.52975463867188 333 635.64129638671875 395.52975463867188 334 640.5662841796875 406.0009765625 116 640.2398681640625 173.46952819824219 117 633.27947998046875 206.79026794433594 119 635.368408203125 222.77737426757812 441 682.5406494140625 235.96537780761719 121 661.33990478515625 285.08944702148438 374 680.205078125 314.71875 429 626.8258056640625 332.45574951171875 428 661.98345947265625 148.52485656738281 -1 682.9443359375 168.49478149414062 -1 682.9443359375 168.49478149414062 -1 679.68365478515625 315.08880615234375 429 580.025146484375 375.22186279296875 461 672.735595703125 255.24429321289062 122 
21 0.99819601706975758 -0.033044185828636975 0.049446670221056727 0.0082352955651159854 -1.1314141187990479 0.26868481500140678 0.91599830375382341 1 video_01_frame_0049.jpg
597.23431396484375 191.65837097167969 1 683.6363525390625 191.22862243652344 2 687.58026123046875 192.02407836914062 143 673.08599853515625 196.08641052246094 538 684.63421630859375 197.33291625976562 4 687.461669921875 199.66856384277344 -1 597.97174072265625 202.19956970214844 489 651.53070068359375 203.55087280273438 5 590.131591796875 204.04116821289062 528 677.91363525390625 205.26559448242188 189 593.8189697265625 206.75881958007812 281 682.91766357421875 206.48422241210938 375 682.91766357421875 206.48422241210938 449 651.2835693359375 209.14508056640625 493 683.26611328125 211.53192138671875 418 683.26611328125 211.53192138671875 426 643.00164794921875 213.02525329589844 9 643.00164794921875 213.02525329589844 10 651.4320068359375 213.61947631835938 493 660.35418701171875 215.47813415527344 39 611.88775634765625 218.25077819824219 545 611.88775634765625 218.25077819824219 420 606.8111572265625 228.06033325195312 13 594.7781982421875 236.57315063476562 -1 594.7781982421875 236.57315063476562 257 591.38165283203125 239.71952819824219 469 589.378173828125 246.30564880371094 284 640.6036376953125 262.5089111328125 16 634.1925048828125 264.875 17 634.1925048828125 264.875 18 667.28125 306.45059204101562 151 639.02703857421875 308.31344604492188 129 635.58734130859375 310.25827026367188 -1 635.58734130859375 310.25827026367188 -1 616.97564697265625 326.81576538085938 401 633.77752685546875 326.5858154296875 488 654.3580322265625 357.94464111328125 26 656.43316650390625 361.2801513671875 356 613.00244140625 361.979736328125 530 620.09686279296875 372.91061401367188 28 616.6561279296875 390.79119873046875 158 653.1829833984375 391.577880859375 -1 633.04718017578125 397.04037475585938 56 594.39166259765625 409.32598876953125 521 630.64501953125 411.07308959960938 358 679.362548828125 171.6761474609375 393 673.80828857421875 173.786376953125 423 664.869873046875 175.82931518554688 313 616.08197021484375 178.11492919921875 565 592.918212890625 192.58868408203125 217 592.787353515625 196.38566589355469 217 588.0753173828125 197.98997497558594 -1 588.0753173828125 197.98997497558594 304 638.681396484375 199.85270690917969 36 607.5423583984375 201.90853881835938 523 607.5423583984375 201.90853881835938 523 642.99609375 203.53408813476562 63 642.99609375 203.53408813476562 637 637.6165771484375 205.68840026855469 64 647.8458251953125 206.296630859375 37 647.8458251953125 206.296630859375 38 686.769775390625 206.41720581054688 419 643.0042724609375 208.12539672851562 146 643.0042724609375 208.12539672851562 147 647.1123046875 211.29583740234375 305 647.1123046875 211.29583740234375 306 674.953369140625 211.0057373046875 160 601.98089599609375 214.58042907714844 11 648.19384765625 216.71945190429688 40 648.19384765625 216.71945190429688 41 616.12603759765625 224.82975769042969 344 602.2706298828125 229.96183776855469 42 612.3729248046875 300.195068359375 43 612.3729248046875 300.195068359375 44 609.7764892578125 310.92352294921875 46 609.7764892578125 310.92352294921875 47 619.5286865234375 322.41177368164062 295 653.6043701171875 323.78717041015625 500 653.6043701171875 323.78717041015625 406 648.1041259765625 324.69683837890625 500 648.1041259765625 324.69683837890625 406 622.6640625 327.94857788085938 402 633.771484375 333.24703979492188 331 604.4085693359375 350.94256591796875 156 595.6712646484375 354.13180541992188 309 660.5931396484375 356.71786499023438 54 613.63275146484375 357.96591186523438 55 660.55657958984375 383.157958984375 389 636.533203125 400.77325439453125 348 616.9100341796875 402.2132568359375 58 634.19268798828125 430.37969970703125 32 629.714599609375 441.55877685546875 274 593.9801025390625 188.05706787109375 59 603.58477783203125 195.53056335449219 60 647.5435791015625 200.03770446777344 61 686.23193359375 202.74578857421875 419 638.1668701171875 216.6514892578125 415 638.1668701171875 216.6514892578125 735 621.163330078125 218.22166442871094 65 613.01568603515625 236.08023071289062 161 603.965087890625 237.57156372070312 403 611.0947265625 250.48527526855469 382 666.61767578125 269.19546508789062 67 617.1104736328125 278.98324584960938 424 595.67333984375 282.62176513671875 -1 609.2349853515625 293.95364379882812 68 671.2088623046875 299.684814453125 168 607.4954833984375 304.1085205078125 69 607.4954833984375 304.1085205078125 70 634.1771240234375 308.36480712890625 71 634.1771240234375 308.36480712890625 72 631.2674560546875 314.65948486328125 73 631.2674560546875 314.65948486328125 638 670.4473876953125 314.9976806640625 204 609.24658203125 352.02642822265625 53 596.13604736328125 365.68023681640625 -1 645.34716796875 366.75289916992188 94 646.55419921875 383.53173828125 373 640.6417236328125 409.732421875 78 653.2564697265625 424.89486694335938 96 653.2564697265625 424.89486694335938 97 588.39715576171875 520.427490234375 536 598.55816650390625 522.495849609375 380 598.55816650390625 522.495849609375 425 587.40234375 181.47372436523438 173 621.970947265625 188.60197448730469 80 621.970947265625 188.60197448730469 81 594.6956787109375 198.80328369140625 84 590.8338623046875 214.04022216796875 320 668.2779541015625 249.96775817871094 86 659.2264404296875 253.85418701171875 87 642.29608154296875 255.5118408203125 88 618.44915771484375 273.02169799804688 407 671.22747802734375 292.0438232421875 213 660.4422607421875 306.88946533203125 92 607.54339599609375 338.2718505859375 279 689.19110107421875 365.65631103515625 427 641.513916015625 379.33065795898438 292 641.513916015625 379.33065795898438 95 652.98583984375 424.75619506835938 96 652.98583984375 424.75619506835938 97 607.2666015625 179.88140869140625 404 604.9102783203125 203.321533203125 523 630.1055908203125 208.24609375 405 630.1055908203125 208.24609375 99 618.20111083984375 211.5677490234375 100 618.37042236328125 252.42120361328125 293 664.05499267578125 260.782958984375 569 664.05499267578125 260.782958984375 569 648.6246337890625 264.60104370117188 101 635.0185546875 274.13922119140625 102 636.979736328125 384.5948486328125 103 636.979736328125 384.5948486328125 179 590.593994140625 170.05412292480469 176 682.8426513671875 183.69305419921875 386 682.8426513671875 183.69305419921875 111 619.24078369140625 199.59783935546875 105 663.96307373046875 211.09379577636719 106 656.8011474609375 274.55703735351562 109 656.8011474609375 274.55703735351562 110 654.128173828125 394.53756713867188 104 653.97943115234375 410.84262084960938 384 653.34051513671875 225.08486938476562 112 594.10906982421875 234.06768798828125 113 627.62939453125 240.75717163085938 441 599.1546630859375 310.96722412109375 114 598.97271728515625 330.830078125 332 656.7352294921875 347.1136474609375 115 600.34002685546875 351.51898193359375 -1 583.83319091796875 379.7093505859375 458 635.94677734375 423.0762939453125 116 600.80859375 438.75750732421875 181 681.4427490234375 184.15728759765625 111 681.4427490234375 184.15728759765625 386 633.3450927734375 192.27073669433594 117 627.1309814453125 224.84414672851562 119 679.1390380859375 307.1898193359375 482 676.11639404296875 253.47074890136719 121 655.958984375 302.61505126953125 374 620.29058837890625 347.63616943359375 428 674.24609375 330.0299072265625 429 665.6883544921875 437.1595458984375 -1 618.1776123046875 267.94869995117188 462 666.40618896484375 271.4676513671875 122 
22 0.99867759644698739 -0.030910208403494316 0.040886063100699511 0.0039933964800122311 -0.99777548680994388 0.28974844674151135 0.88989252620925519 1 video_01_frame_0045.jpg
582.66253662109375 160.00361633300781 520 582.66253662109375 160.00361633300781 390 597.4224853515625 190.04150390625 1 683.68109130859375 189.8997802734375 2 592.54632568359375 195.36904907226562 217 685.0845947265625 195.86569213867188 4 651.78009033203125 202.15158081054688 5 590.3509521484375 202.37466430664062 528 678.59613037109375 203.58232116699219 189 594.0487060546875 204.98393249511719 281 687.039306640625 205.05119323730469 419 608.005615234375 205.17108154296875 499 682.96209716796875 205.05804443359375 187 682.96209716796875 205.05804443359375 449 651.4140625 207.58953857421875 493 643.21136474609375 211.44009399414062 9 643.21136474609375 211.44009399414062 10 651.58642578125 212.09672546386719 493 620.53985595703125 222.0107421875 233 620.53985595703125 222.0107421875 -1 606.94586181640625 226.46879577636719 13 591.35479736328125 238.44004821777344 469 589.40533447265625 244.31564331054688 284 611.92315673828125 253.97994995117188 14 611.92315673828125 253.97994995117188 15 640.52972412109375 260.9984130859375 16 634.2498779296875 263.25384521484375 17 634.2498779296875 263.25384521484375 18 612.47210693359375 298.70730590820312 43 612.47210693359375 298.70730590820312 44 667.062744140625 305.06903076171875 151 638.8802490234375 307.08169555664062 129 638.8802490234375 307.08169555664062 502 665.14495849609375 321.281494140625 196 616.9034423828125 325.239501953125 401 616.9034423828125 325.239501953125 401 633.6279296875 325.13363647460938 488 656.668212890625 326.2109375 357 656.668212890625 326.2109375 25 605.5128173828125 339.28707885742188 279 630.39239501953125 340.415771484375 490 669.3577880859375 343.1376953125 209 613.3302001953125 356.35992431640625 55 654.145263671875 356.5355224609375 26 612.5631103515625 360.174560546875 530 656.18988037109375 359.50726318359375 356 637.5628662109375 386.3614501953125 29 621.3304443359375 388.2979736328125 158 678.356689453125 170.983642578125 423 670.591796875 173.16140747070312 443 664.7203369140625 174.35667419433594 313 623.0357666015625 177.01779174804688 618 593.1705322265625 190.99124145507812 217 678.24334716796875 193.42410278320312 538 588.28369140625 196.2769775390625 -1 588.28369140625 196.2769775390625 304 639.032470703125 198.32144165039062 36 647.8487548828125 198.64602661132812 61 607.7332763671875 200.2901611328125 523 607.7332763671875 200.2901611328125 523 643.320556640625 201.94247436523438 637 643.320556640625 201.94247436523438 63 638.0498046875 204.26809692382812 64 647.98956298828125 204.72015380859375 37 647.98956298828125 204.72015380859375 38 672.81329345703125 205.464599609375 148 672.81329345703125 205.464599609375 149 674.29345703125 209.9180908203125 160 660.74249267578125 213.91146850585938 39 648.42303466796875 215.54058837890625 40 648.42303466796875 215.54058837890625 41 602.4947509765625 227.90338134765625 42 585.97509765625 246.67955017089844 547 624.0108642578125 300.64605712890625 21 624.0108642578125 300.64605712890625 22 609.67437744140625 309.49276733398438 46 609.67437744140625 309.49276733398438 47 619.28204345703125 320.8876953125 295 653.15618896484375 322.52597045898438 500 653.15618896484375 322.52597045898438 406 648.1240234375 323.25408935546875 500 648.1240234375 323.25408935546875 406 622.64617919921875 326.73934936523438 402 638.1214599609375 332.80633544921875 75 638.1214599609375 332.80633544921875 170 625.478515625 336.57403564453125 52 604.080322265625 349.10626220703125 156 608.849853515625 349.801025390625 53 663.4835205078125 350.91024780273438 54 622.3173828125 379.38079833984375 364 633.453125 395.1861572265625 56 621.33172607421875 398.95062255859375 57 642.54705810546875 416.27914428710938 165 633.19342041015625 428.87945556640625 32 594.19134521484375 186.3658447265625 59 603.7679443359375 193.71678161621094 60 686.5211181640625 201.30056762695312 419 621.395751953125 216.66574096679688 65 611.0531005859375 248.90411376953125 382 666.615478515625 267.91265869140625 67 616.6973876953125 277.21490478515625 424 608.9183349609375 292.200439453125 68 671.24676513671875 298.02896118164062 168 634.272705078125 306.83413696289062 71 634.272705078125 306.83413696289062 72 631.1331787109375 313.04647827148438 73 631.1331787109375 313.04647827148438 638 670.373779296875 313.58734130859375 204 634.355712890625 319.46963500976562 169 634.355712890625 319.46963500976562 480 609.01568603515625 350.1629638671875 53 644.7362060546875 365.46478271484375 94 646.243896484375 382.033935546875 373 640.2974853515625 408.21533203125 78 652.99212646484375 423.4229736328125 96 636.428955078125 433.33489990234375 79 604.93798828125 522.55560302734375 380 604.93798828125 522.55560302734375 425 587.7227783203125 179.73641967773438 173 622.08697509765625 187.01638793945312 80 622.08697509765625 187.01638793945312 81 594.75128173828125 197.17497253417969 84 591.16790771484375 212.39547729492188 320 690.83123779296875 228.68896484375 503 668.447021484375 248.55386352539062 86 659.0911865234375 252.56109619140625 87 642.270263671875 254.05209350585938 88 610.61376953125 271.48614501953125 89 610.61376953125 271.48614501953125 212 618.5013427734375 271.51510620117188 407 643.509521484375 274.86383056640625 -1 671.49658203125 290.53012084960938 213 660.43927001953125 305.92300415039062 92 625.310302734375 317.73797607421875 249 625.310302734375 317.73797607421875 299 607.34930419921875 336.65335083007812 279 641.086181640625 377.90704345703125 292 641.086181640625 377.90704345703125 95 652.6605224609375 423.36190795898438 96 652.6605224609375 423.36190795898438 97 607.59906005859375 178.16928100585938 404 605.5003662109375 201.70883178710938 523 630.5594482421875 206.57443237304688 405 630.5594482421875 206.57443237304688 99 618.43402099609375 209.95904541015625 100 618.376953125 250.84832763671875 293 664.249755859375 259.29852294921875 569 664.249755859375 259.29852294921875 569 648.94403076171875 263.3372802734375 101 635.0980224609375 272.54742431640625 102 630.70233154296875 375.38131713867188 178 636.45849609375 383.16510009765625 103 636.45849609375 383.16510009765625 179 654.16400146484375 392.96517944335938 104 590.6376953125 167.92022705078125 176 619.6505126953125 197.95877075195312 105 663.978759765625 209.40568542480469 106 594.44879150390625 232.42240905761719 113 614.80609130859375 261.00067138671875 107 656.61602783203125 273.11788940429688 109 656.61602783203125 273.11788940429688 110 621.98876953125 280.4599609375 504 653.5125732421875 409.35589599609375 384 682.6956787109375 182.47172546386719 301 682.6956787109375 182.47172546386719 111 652.87420654296875 223.92826843261719 112 594.41717529296875 232.1826171875 113 627.542236328125 239.37181091308594 441 598.68072509765625 309.2342529296875 114 600.314453125 329.34884643554688 332 656.8275146484375 345.7940673828125 115 584.00006103515625 377.3426513671875 458 600.25457763671875 437.19744873046875 181 633.931396484375 190.80453491210938 117 655.419921875 189.42398071289062 371 680.70263671875 210.93144226074219 118 627.0653076171875 223.4271240234375 119 629.70086669921875 239.17721557617188 441 694.678466796875 377.42803955078125 460 676.5892333984375 252.04380798339844 121 655.75286865234375 300.95947265625 374 674.6900634765625 328.6383056640625 429 655.29718017578125 165.53375244140625 -1 674.07275390625 329.155517578125 429 576.25543212890625 386.9036865234375 -1 701.581298828125 386.72454833984375 -1 666.47515869140625 270.2166748046875 122 
23 0.99864182709898131 -0.027575901487186506 0.043619201849602648 0.0071718934446162652 -0.99735864507097483 0.24132887179038184 0.88786247993578571 1 video_01_frame_0041.jpg
588.25616455078125 151.65615844726562 520 588.25616455078125 151.65615844726562 390 616.80010986328125 162.46769714355469 -1 614.4732666015625 176.62661743164062 82 602.3162841796875 180.78350830078125 1 688.4482421875 181.00869750976562 2 692.759033203125 181.38951110839844 143 678.5833740234375 185.45855712890625 538 597.26385498046875 186.32064819335938 217 689.965576171875 186.84072875976562 4 593.2474365234375 187.22642517089844 304 607.0345458984375 191.87010192871094 489 595.068359375 193.15904235839844 528 656.8291015625 193.08575439453125 5 683.55078125 194.59983825683594 189 598.76495361328125 195.71432495117188 281 687.96160888671875 196.10563659667969 375 687.96160888671875 196.10563659667969 449 691.946533203125 196.07562255859375 419 677.6427001953125 196.62289428710938 148 677.6427001953125 196.62289428710938 149 656.518310546875 198.46990966796875 493 688.654541015625 200.87716674804688 418 688.654541015625 200.87716674804688 426 648.24267578125 202.36260986328125 9 648.24267578125 202.36260986328125 10 606.53076171875 203.61517333984375 11 656.62548828125 203.02536010742188 493 611.85113525390625 217.20852661132812 13 602.7642822265625 228.54118347167969 193 594.315673828125 236.1568603515625 284 661.51678466796875 250.3992919921875 150 645.35638427734375 252.07113647460938 16 638.98406982421875 254.50108337402344 17 638.98406982421875 254.50108337402344 18 617.02069091796875 289.97052001953125 43 617.02069091796875 289.97052001953125 44 670.8961181640625 290.1636962890625 19 670.8961181640625 290.1636962890625 20 628.02337646484375 291.724609375 21 628.02337646484375 291.724609375 22 671.2891845703125 296.7615966796875 151 643.52484130859375 298.57598876953125 129 609.47564697265625 313.2440185546875 289 637.95098876953125 316.38751220703125 488 658.13568115234375 318.12100219726562 357 658.13568115234375 318.12100219726562 25 617.66552734375 319.95721435546875 132 673.7269287109375 329.386474609375 -1 609.859619140625 330.79098510742188 279 617.634765625 347.89697265625 55 658.33148193359375 347.89901733398438 26 660.695068359375 350.80075073242188 356 616.9705810546875 351.69198608398438 530 633.067626953125 378.62533569335938 206 637.62091064453125 386.931884765625 56 635.04296875 400.880126953125 358 685.47821044921875 160.990478515625 268 681.2264404296875 162.490234375 423 675.31103515625 163.61738586425781 443 597.9315185546875 181.71194458007812 217 683.31494140625 184.16262817382812 538 644.00537109375 189.13597106933594 36 612.6739501953125 191.00967407226562 523 612.6739501953125 191.00967407226562 523 648.261962890625 192.91241455078125 63 648.261962890625 192.91241455078125 637 642.97222900390625 195.25767517089844 64 679.584228515625 200.91343688964844 160 653.3883056640625 206.28765869140625 40 653.3883056640625 206.28765869140625 41 607.2484130859375 218.956787109375 42 590.4544677734375 237.41593933105469 547 675.97998046875 294.68487548828125 45 614.0899658203125 300.79815673828125 46 614.0899658203125 300.79815673828125 47 623.7117919921875 311.8114013671875 295 657.717529296875 313.75909423828125 406 652.40313720703125 314.67608642578125 500 652.40313720703125 314.67608642578125 406 621.1796875 316.58306884765625 401 599.040283203125 318.32012939453125 -1 641.83367919921875 324.10464477539062 75 641.83367919921875 324.10464477539062 170 629.88983154296875 327.8087158203125 52 670.380859375 339.5687255859375 209 664.47088623046875 373.32467651367188 389 633.99945068359375 387.52157592773438 210 621.03729248046875 392.09649658203125 58 637.27362060546875 420.66757202148438 32 692.33343505859375 152.08065795898438 411 598.99871826171875 177.23440551757812 59 617.1707763671875 178.81597900390625 82 608.5445556640625 184.3934326171875 60 652.8509521484375 189.38442993164062 61 691.384521484375 192.359130859375 419 643.42529296875 205.84988403320312 735 626.2803955078125 207.57937622070312 65 621.06231689453125 214.202880859375 344 617.98919677734375 225.43510437011719 161 670.211181640625 246.47821044921875 308 671.4674072265625 258.93341064453125 67 621.8543701171875 268.6993408203125 424 613.4591064453125 283.5050048828125 68 675.860107421875 289.15667724609375 168 664.7940673828125 297.23526000976562 92 638.646240234375 298.14572143554688 71 638.646240234375 298.14572143554688 72 635.6326904296875 304.33016967773438 73 635.6326904296875 304.33016967773438 638 638.6676025390625 310.851806640625 169 638.6676025390625 310.851806640625 480 613.15966796875 341.39791870117188 53 649.1632080078125 356.82394409179688 94 665.95782470703125 372.50582885742188 389 650.48614501953125 373.5250244140625 373 644.358154296875 399.56060791015625 78 639.896484375 425.215576171875 79 592.1331787109375 510.166748046875 536 592.3759765625 170.41456604003906 173 627.32806396484375 177.79800415039062 80 627.32806396484375 177.79800415039062 81 600.08050537109375 188.23452758789062 83 600.08050537109375 188.23452758789062 84 595.8583984375 202.83848571777344 320 643.37042236328125 205.83419799804688 415 643.37042236328125 205.83419799804688 735 673.15924072265625 239.73526000976562 86 646.9573974609375 245.09609985351562 88 615.2869873046875 262.6265869140625 89 615.2869873046875 262.6265869140625 212 623.01385498046875 262.79998779296875 407 652.83245849609375 324.78204345703125 343 656.4473876953125 414.81402587890625 96 656.4473876953125 414.81402587890625 97 613.17950439453125 168.947998046875 404 610.09649658203125 192.509765625 523 610.09649658203125 192.509765625 523 635.35089111328125 197.4149169921875 405 635.35089111328125 197.4149169921875 99 623.2685546875 200.80902099609375 100 622.9122314453125 241.87492370605469 293 669.06854248046875 250.22940063476562 569 653.6304931640625 254.45684814453125 101 639.81292724609375 263.7916259765625 102 636.86639404296875 365.96932983398438 178 640.47918701171875 374.57492065429688 103 640.47918701171875 374.57492065429688 179 658.22088623046875 384.32186889648438 104 595.1600341796875 158.32658386230469 176 624.5760498046875 188.78953552246094 105 669.14520263671875 200.40496826171875 106 619.45849609375 252.29258728027344 107 661.12359619140625 264.33944702148438 109 661.12359619140625 264.33944702148438 110 657.6005859375 400.86895751953125 384 687.7391357421875 173.29832458496094 301 687.7391357421875 173.29832458496094 111 658.66400146484375 214.5198974609375 112 599.2271728515625 223.14276123046875 113 632.18634033203125 230.34091186523438 441 604.4439697265625 321.1610107421875 332 660.622802734375 337.35980224609375 115 638.72821044921875 181.41123962402344 117 632.299560546875 214.23187255859375 119 634.3148193359375 230.20672607421875 441 603.25262451171875 299.80780029296875 114 681.0035400390625 243.06187438964844 121 660.34136962890625 292.302490234375 374 625.16748046875 337.9254150390625 428 621.99261474609375 257.09027099609375 462 671.4544677734375 261.40423583984375 122 
24 0.99841841240977103 -0.033507900923807579 0.044898327673757552 0.004694092982973486 -1.0690952960269995 0.27900441095695977 0.89639750900386006 1 video_01_frame_0052.jpg
579.34881591796875 159.4976806640625 -1 579.34881591796875 159.4976806640625 -1 581.2828369140625 163.76708984375 520 581.2828369140625 163.76708984375 390 686.115966796875 178.33486938476562 491 602.16168212890625 187.74862670898438 34 682.141357421875 192.04801940917969 2 595.703125 192.94023132324219 1 686.05859375 192.64505004882812 362 671.8067626953125 196.90214538574219 538 666.9422607421875 198.34649658203125 142 586.73089599609375 199.31674194335938 304 600.62957763671875 204.13619995117188 489 650.3387451171875 204.38946533203125 5 588.5831298828125 205.15545654296875 528 676.65771484375 206.03277587890625 189 685.40277099609375 207.10287475585938 419 592.3013916015625 207.60995483398438 281 606.328369140625 207.54718017578125 499 650.06634521484375 210.104248046875 493 682.0311279296875 212.30686950683594 418 682.0311279296875 212.30686950683594 426 641.78912353515625 213.87860107421875 9 641.78912353515625 213.87860107421875 10 650.366943359375 214.606201171875 493 659.10443115234375 216.45144653320312 39 605.535400390625 229.251220703125 13 596.2674560546875 240.50918579101562 193 610.6710205078125 256.7513427734375 14 610.6710205078125 256.7513427734375 15 655.7178955078125 261.5645751953125 150 639.4232177734375 263.482177734375 16 633.1217041015625 265.9288330078125 17 633.1217041015625 265.9288330078125 18 591.897216796875 268.680419921875 -1 591.897216796875 268.680419921875 -1 588.43792724609375 275.973388671875 -1 592.00250244140625 276.88839721679688 -1 592.00250244140625 276.88839721679688 602 622.7467041015625 303.3682861328125 21 622.7467041015625 303.3682861328125 22 666.60186767578125 307.489990234375 151 638.0936279296875 309.73898315429688 129 604.0841064453125 324.75555419921875 289 616.037109375 328.0692138671875 401 632.7574462890625 327.7557373046875 488 655.3326416015625 328.8709716796875 357 655.3326416015625 328.8709716796875 25 592.02685546875 337.80267333984375 392 604.72650146484375 342.065185546875 279 628.717529296875 342.65963745117188 490 591.7589111328125 343.8560791015625 442 625.7718505859375 350.56234741210938 451 653.36444091796875 358.99203491210938 26 591.2572021484375 364.72506713867188 -1 588.531005859375 378.3304443359375 -1 588.531005859375 378.3304443359375 -1 586.8114013671875 382.0306396484375 -1 637.18719482421875 389.01715087890625 29 589.239501953125 390.08468627929688 -1 615.74700927734375 392.095947265625 158 648.24578857421875 444.04855346679688 33 600.55389404296875 172.4599609375 -1 678.8748779296875 172.39939880371094 393 669.2100830078125 175.67230224609375 443 662.767822265625 176.824462890625 313 653.359619140625 178.2666015625 394 591.378662109375 193.73741149902344 217 663.4986572265625 195.40118408203125 430 637.58941650390625 200.86546325683594 36 646.3875732421875 200.96969604492188 61 606.1881103515625 202.88967895507812 523 606.1881103515625 202.88967895507812 523 641.8001708984375 204.51890563964844 63 641.8001708984375 204.51890563964844 637 646.6376953125 207.21298217773438 37 646.6376953125 207.21298217773438 38 672.9481201171875 212.3271484375 160 600.79278564453125 215.78680419921875 11 647.0277099609375 217.94961547851562 40 647.0277099609375 217.94961547851562 41 601.017822265625 230.9677734375 42 663.842529296875 293.69976806640625 162 611.21209716796875 301.32711791992188 43 611.21209716796875 301.32711791992188 44 670.307861328125 305.72149658203125 45 590.76007080078125 310.76998901367188 395 650.6673583984375 310.71597290039062 272 608.63775634765625 312.23159790039062 46 608.63775634765625 312.23159790039062 47 618.44696044921875 323.5726318359375 295 647.293212890625 325.95272827148438 500 647.293212890625 325.95272827148438 406 621.89434814453125 329.3123779296875 402 631.9600830078125 346.42828369140625 490 592.76531982421875 349.84033203125 -1 665.272216796875 350.24252319335938 209 627.489013671875 350.6083984375 451 627.489013671875 350.6083984375 451 603.25970458984375 352.93539428710938 156 660.14483642578125 356.87506103515625 54 612.86346435546875 359.397705078125 55 621.52740478515625 382.1148681640625 364 632.3707275390625 398.09347534179688 56 616.7103271484375 403.27816772460938 58 642.44384765625 418.77267456054688 165 594.811767578125 430.039794921875 397 592.4505615234375 189.19375610351562 59 602.1971435546875 196.52337646484375 60 684.87054443359375 203.4306640625 419 636.5382080078125 206.82328796386719 64 612.7054443359375 219.00692749023438 545 619.81134033203125 219.22824096679688 65 602.845947265625 238.56864929199219 403 609.82275390625 251.69720458984375 382 665.501708984375 270.1297607421875 67 616.3570556640625 280.26446533203125 424 608.009033203125 295.13616943359375 68 617.4049072265625 301.72946166992188 468 617.4049072265625 301.72946166992188 -1 606.35089111328125 305.2259521484375 69 606.35089111328125 305.2259521484375 70 633.3814697265625 309.26138305664062 71 633.3814697265625 309.26138305664062 72 630.20989990234375 315.6905517578125 73 630.20989990234375 315.6905517578125 638 633.45440673828125 322.13714599609375 169 593.060302734375 355.188720703125 309 621.794189453125 368.2578125 398 644.43017578125 367.829345703125 94 665.5472412109375 369.97760009765625 456 661.06298828125 383.41998291015625 389 645.66473388671875 384.64083862304688 373 639.97576904296875 410.90899658203125 78 652.57952880859375 426.06854248046875 96 652.57952880859375 426.06854248046875 97 632.326171875 431.92645263671875 32 625.58111572265625 436.81317138671875 214 585.61767578125 182.43280029296875 173 620.5003662109375 189.65301513671875 80 620.5003662109375 189.65301513671875 81 593.3604736328125 200.15969848632812 83 593.3604736328125 200.15969848632812 84 667.0430908203125 250.95970153808594 86 641.07159423828125 256.57086181640625 88 617.311767578125 274.25543212890625 407 670.227294921875 293.09259033203125 213 607.02685546875 338.77035522460938 279 640.5126953125 380.58956909179688 292 640.5126953125 380.58956909179688 95 606.04583740234375 180.8604736328125 404 603.76605224609375 204.46047973632812 523 628.89935302734375 209.15896606445312 405 628.89935302734375 209.15896606445312 99 616.9560546875 212.61917114257812 100 617.1090087890625 253.49754333496094 293 663.10284423828125 261.50619506835938 569 663.10284423828125 261.50619506835938 569 647.67193603515625 265.57574462890625 101 633.95892333984375 275.1590576171875 102 636.1553955078125 385.845703125 103 636.1553955078125 385.845703125 179 587.01739501953125 393.17343139648438 -1 653.5926513671875 395.38449096679688 104 588.87664794921875 170.43104553222656 176 618.125 200.75285339355469 105 662.8663330078125 211.73625183105469 106 613.35748291015625 263.65646362304688 107 655.02545166015625 275.63714599609375 109 655.02545166015625 275.63714599609375 110 653.164306640625 411.86224365234375 384 518.94378662109375 413.42147827148438 -1 680.47857666015625 184.82122802734375 386 680.47857666015625 184.82122802734375 111 651.300537109375 226.37754821777344 112 593.07000732421875 234.82908630371094 113 625.9527587890625 241.77383422851562 441 597.9727783203125 333.08477783203125 332 655.9058837890625 348.07098388671875 115 595.8380126953125 384.5264892578125 400 585.29620361328125 395.24826049804688 -1 635.2974853515625 423.66183471679688 116 632.3125 193.12980651855469 117 653.9920654296875 191.76507568359375 371 626.4224853515625 225.81411743164062 119 628.66064453125 241.7059326171875 441 675.0408935546875 253.94708251953125 121 655.05218505859375 303.35308837890625 374 673.71722412109375 330.76919555664062 429 620.61322021484375 350.08663940429688 -1 610.119140625 270.74966430664062 -1 665.35589599609375 272.58279418945312 122 
25 0.99839718873116645 -0.035474946976132717 0.043776186925147231 0.0053129209516811554 -1.0429523302130057 0.23718002217440223 0.91724566432012877 1 video_01_frame_0047.jpg
582.83538818359375 162.16851806640625 520 582.83538818359375 162.16851806640625 390 603.55084228515625 186.56437683105469 34 683.7864990234375 191.42288208007812 2 597.318359375 191.70721435546875 1 687.69720458984375 191.85708618164062 143 673.2757568359375 196.07992553710938 538 592.4921875 197.10588073730469 217 588.4810791015625 198.23593139648438 304 668.26312255859375 197.45077514648438 142 590.34259033203125 204.00830078125 528 651.70819091796875 203.78939819335938 5 678.18133544921875 205.37249755859375 189 593.8642578125 206.5384521484375 281 682.781494140625 206.84635925292969 375 682.781494140625 206.84635925292969 449 672.93212890625 207.09111022949219 148 651.4603271484375 209.30142211914062 493 683.37591552734375 211.69967651367188 418 683.37591552734375 211.69967651367188 426 643.093994140625 213.13714599609375 9 643.093994140625 213.13714599609375 10 651.6798095703125 213.7427978515625 493 660.20172119140625 215.76565551757812 39 606.9117431640625 228.31425476074219 13 656.77398681640625 260.76773071289062 150 640.64288330078125 262.69900512695312 16 623.9168701171875 302.2279052734375 21 623.9168701171875 302.2279052734375 22 667.58819580078125 306.433837890625 151 638.97064208984375 308.526611328125 129 616.92303466796875 326.82916259765625 401 622.198974609375 335.98782348632812 164 595.362548828125 344.22848510742188 442 654.5025634765625 357.9715576171875 26 612.91961669921875 362.1138916015625 530 655.43475341796875 362.37542724609375 356 604.49603271484375 364.85711669921875 134 638.213623046875 387.79290771484375 29 616.8170166015625 390.69561767578125 158 633.57086181640625 396.840576171875 56 630.3536376953125 411.1416015625 358 627.230224609375 431.28350830078125 448 629.94073486328125 441.56793212890625 274 676.40576171875 172.95944213867188 393 670.1588134765625 174.98387145996094 443 661.9619140625 176.58132934570312 313 593.0069580078125 192.96244812011719 217 638.8709716796875 199.99502563476562 36 647.730224609375 200.32444763183594 61 607.6190185546875 201.93756103515625 523 607.6190185546875 201.93756103515625 523 643.25006103515625 203.72927856445312 63 643.25006103515625 203.72927856445312 637 637.95770263671875 205.8212890625 64 674.7955322265625 211.36041259765625 160 602.116455078125 214.655029296875 11 648.41015625 217.10710144042969 40 648.41015625 217.10710144042969 41 602.5010986328125 229.81382751464844 -1 602.5010986328125 229.81382751464844 42 665.57269287109375 292.9185791015625 162 612.31884765625 300.22149658203125 43 612.31884765625 300.22149658203125 44 609.7491455078125 311.06661987304688 46 609.7491455078125 311.06661987304688 47 619.49114990234375 322.1734619140625 295 653.395263671875 323.94427490234375 500 653.395263671875 323.94427490234375 406 648.1199951171875 324.77432250976562 500 648.1199951171875 324.77432250976562 406 638.0328369140625 325.5064697265625 236 622.491455078125 328.16400146484375 402 634.10455322265625 333.5303955078125 331 605.948486328125 340.55862426757812 279 632.9019775390625 345.36679077148438 490 628.8143310546875 349.47613525390625 451 628.8143310546875 349.47613525390625 451 604.295654296875 350.912353515625 156 613.606201171875 358.08233642578125 55 636.2919921875 400.61203002929688 348 616.89898681640625 402.20294189453125 58 642.94287109375 418.01568603515625 165 633.0472412109375 430.7750244140625 32 686.063232421875 163.59133911132812 411 594.19970703125 188.13072204589844 59 603.866943359375 195.61087036132812 60 583.1480712890625 201.84271240234375 -1 620.12744140625 202.49168395996094 -1 686.4007568359375 202.9532470703125 419 638.359130859375 216.84300231933594 415 638.359130859375 216.84300231933594 735 621.21148681640625 218.28532409667969 65 613.174560546875 236.03564453125 161 666.58734130859375 269.43276977539062 67 617.06536865234375 278.92327880859375 424 608.90625 293.84918212890625 68 671.234619140625 299.45184326171875 168 607.39300537109375 303.9976806640625 69 607.39300537109375 303.9976806640625 70 634.2432861328125 308.3424072265625 71 634.2432861328125 308.3424072265625 72 631.072509765625 314.6416015625 73 631.072509765625 314.6416015625 638 609.14031982421875 352.01364135742188 53 613.6121826171875 363.34490966796875 530 645.0184326171875 366.6175537109375 94 662.2144775390625 382.39501953125 389 646.4515380859375 383.50799560546875 373 640.4869384765625 409.7421875 78 653.22967529296875 424.991455078125 96 653.22967529296875 424.991455078125 97 625.926025390625 435.36801147460938 214 635.793212890625 435.22088623046875 79 588.1319580078125 520.41705322265625 536 609.284423828125 524.9599609375 549 609.284423828125 524.9599609375 550 587.56591796875 181.46255493164062 173 622.2701416015625 188.69364929199219 80 622.2701416015625 188.69364929199219 81 594.7203369140625 199.19781494140625 84 591.1654052734375 214.24510192871094 320 668.39892578125 250.16075134277344 86 659.1900634765625 254.07022094726562 87 642.3017578125 255.64781188964844 88 618.5799560546875 273.13870239257812 407 671.3299560546875 292.3465576171875 213 607.2718505859375 338.50445556640625 279 644.8194580078125 366.941162109375 94 640.8817138671875 379.74346923828125 292 640.8817138671875 379.74346923828125 95 652.8616943359375 424.87741088867188 96 652.8616943359375 424.87741088867188 97 607.652099609375 179.86532592773438 404 605.21295166015625 203.32334899902344 523 630.39794921875 208.25863647460938 405 630.39794921875 208.25863647460938 99 618.361572265625 211.6126708984375 100 618.2525634765625 252.4666748046875 293 664.1983642578125 260.75338745117188 569 664.1983642578125 260.75338745117188 569 648.63818359375 264.7022705078125 101 635.07794189453125 274.23126220703125 102 661.85540771484375 334.82110595703125 177 661.85540771484375 334.82110595703125 438 636.9327392578125 384.5574951171875 103 636.9327392578125 384.5574951171875 179 654.2171630859375 394.84396362304688 104 590.407958984375 169.67149353027344 176 683.1900634765625 183.85923767089844 386 683.1900634765625 183.85923767089844 111 619.47955322265625 199.75424194335938 105 664.23974609375 211.04373168945312 106 594.171142578125 234.65232849121094 113 602.0343017578125 245.970458984375 670 614.6715087890625 262.7044677734375 107 653.62225341796875 410.67047119140625 384 682.6351318359375 183.96830749511719 386 682.6351318359375 183.96830749511719 111 653.526123046875 225.24693298339844 112 627.82537841796875 240.86618041992188 441 598.84521484375 311.19522094726562 114 600.2857666015625 331.27230834960938 332 656.974365234375 347.08856201171875 115 660.208740234375 373.94515991210938 370 635.7996826171875 422.102783203125 116 600.38482666015625 438.70468139648438 181 633.517333984375 192.47917175292969 117 627.334228515625 224.95549011230469 119 679.0771484375 307.583740234375 482 676.2510986328125 253.7994384765625 121 655.88470458984375 302.37701416015625 374 674.1953125 330.10986328125 429 665.7637939453125 437.1658935546875 -1 666.6949462890625 271.71087646484375 122 
26 0.98868062929975775 -0.038967192274996634 -0.1060149140920788 -0.09875732460778601 1.5094964034852962 0.11739452762337227 0.98849684862259446 1 video_01_frame_0054.jpg
578.7457275390625 163.30061340332031 -1 578.7457275390625 163.30061340332031 -1 680.5870361328125 195.83256530761719 142 584.472412109375 197.832763671875 -1 643.0986328125 198.02603149414062 -1 631.0084228515625 201.90214538574219 529 661.23388671875 204.48928833007812 637 661.23388671875 204.48928833007812 637 656.7584228515625 214.11569213867188 735 628.56390380859375 220.125 126 613.49688720703125 230.04771423339844 508 590.2791748046875 231.55728149414062 -1 590.2791748046875 231.55728149414062 -1 623.73974609375 236.37321472167969 13 626.74542236328125 239.16667175292969 192 621.311767578125 240.62750244140625 -1 596.75537109375 246.69241333007812 469 629.09552001953125 261.83761596679688 509 624.8428955078125 263.4510498046875 -1 675.28228759765625 267.6544189453125 -1 668.5814208984375 268.63287353515625 -1 588.1380615234375 273.48562622070312 -1 589.8778076171875 300.08367919921875 -1 656.7572021484375 311.196044921875 502 668.57025146484375 324.1361083984375 500 668.57025146484375 324.1361083984375 406 668.1593017578125 328.2435302734375 -1 668.1593017578125 328.2435302734375 -1 667.980224609375 328.302001953125 -1 667.980224609375 328.302001953125 -1 656.06597900390625 331.91458129882812 -1 656.06597900390625 331.91458129882812 -1 667.490234375 340.59039306640625 133 633.038330078125 347.13864135742188 198 643.62823486328125 347.8414306640625 205 669.1298828125 357.3394775390625 26 604.708251953125 385.717529296875 -1 671.188232421875 397.05429077148438 104 672.77166748046875 401.04794311523438 478 642.563232421875 404.74591064453125 57 606.466796875 408.9503173828125 589 547.66204833984375 411.35748291015625 -1 648.35711669921875 411.4044189453125 358 594.259521484375 418.01092529296875 -1 606.10943603515625 420.9661865234375 -1 599.39990234375 427.22930908203125 -1 599.39990234375 427.22930908203125 -1 629.5684814453125 428.10690307617188 -1 598.03173828125 431.50277709960938 -1 627.8994140625 431.224609375 579 672.027099609375 431.33334350585938 -1 594.1575927734375 431.96127319335938 -1 667.9512939453125 432.93185424804688 341 667.9512939453125 432.93185424804688 510 642.747314453125 436.3580322265625 448 668.0078125 438.45745849609375 -1 674.4361572265625 176.98077392578125 394 665.33184814453125 179.36100769042969 574 613.0673828125 193.98959350585938 624 613.0673828125 193.98959350585938 34 673.51416015625 199.08956909179688 -1 664.3411865234375 200.68896484375 61 651.78759765625 204.76220703125 525 597.8509521484375 207.79466247558594 576 597.8509521484375 207.79466247558594 -1 656.102783203125 208.26707458496094 64 601.1044921875 213.28329467773438 528 617.1519775390625 216.98936462402344 526 617.1519775390625 216.98936462402344 571 591.582275390625 221.17910766601562 -1 595.8577880859375 222.20994567871094 211 626.15399169921875 227.62472534179688 420 586.86407470703125 252.10855102539062 -1 621.37255859375 280.67926025390625 475 676.5570068359375 291.88873291015625 162 593.8504638671875 298.52676391601562 -1 593.8504638671875 298.52676391601562 -1 661.26983642578125 304.8277587890625 464 628.3875732421875 306.99005126953125 43 628.3875732421875 306.99005126953125 44 597.95849609375 309.901611328125 -1 660.68634033203125 318.71356201171875 511 660.68634033203125 318.71356201171875 -1 598.9639892578125 331.60345458984375 -1 620.5845947265625 332.5810546875 289 634.30206298828125 333.22955322265625 401 647.80029296875 333.19500732421875 331 657.2064208984375 336.10260009765625 75 657.2064208984375 336.10260009765625 170 602.63348388671875 338.37957763671875 -1 627.66363525390625 351.01116943359375 227 592.3011474609375 353.11056518554688 -1 645.71337890625 354.42340087890625 451 656.68487548828125 357.42913818359375 513 642.19232177734375 361.71697998046875 477 662.75946044921875 366.97616577148438 94 666.985595703125 369.46923828125 -1 666.985595703125 369.46923828125 -1 620.05633544921875 374.82470703125 134 628.8551025390625 376.75839233398438 578 668.283935546875 382.73776245117188 -1 644.0115966796875 385.811279296875 364 600.04541015625 394.4774169921875 -1 600.04541015625 394.4774169921875 -1 562.51776123046875 406.05343627929688 -1 562.51776123046875 406.05343627929688 -1 554.0321044921875 412.2017822265625 -1 599.5335693359375 413.73275756835938 -1 659.65472412109375 419.9676513671875 165 626.2274169921875 422.58966064453125 473 626.2274169921875 422.58966064453125 -1 689.3385009765625 172.09526062011719 -1 612.57489013671875 199.99755859375 1 620.34979248046875 202.51823425292969 60 677.3511962890625 205.68724060058594 -1 612.78521728515625 208.02276611328125 609 670.01129150390625 210.34104919433594 -1 670.01129150390625 210.34104919433594 493 594.27337646484375 212.88348388671875 -1 676.20556640625 213.97802734375 106 586.5936279296875 214.6619873046875 -1 607.44964599609375 216.38015747070312 281 664.97052001953125 218.40129089355469 41 591.72296142578125 221.72691345214844 -1 618.30615234375 222.3272705078125 11 641.1422119140625 223.28668212890625 65 629.3477783203125 232.21397399902344 581 617.979736328125 236.51043701171875 42 630.88427734375 242.07304382324219 161 673.1033935546875 253.29095458984375 87 683.3408203125 257.48052978515625 -1 677.16485595703125 261.71612548828125 -1 626.20635986328125 301.30166625976562 68 654.9373779296875 305.29074096679688 91 654.9373779296875 305.29074096679688 582 682.7547607421875 306.283203125 482 603.30462646484375 308.34237670898438 -1 651.20867919921875 311.27520751953125 71 651.20867919921875 311.27520751953125 72 624.09429931640625 312.21005249023438 69 624.09429931640625 312.21005249023438 70 650.716552734375 317.9031982421875 73 650.716552734375 317.9031982421875 638 625.4202880859375 318.44952392578125 46 625.4202880859375 318.44952392578125 47 651.648681640625 323.92837524414062 169 651.648681640625 323.92837524414062 480 592.17572021484375 339.47518920898438 -1 648.77362060546875 346.8404541015625 490 656.0174560546875 349.33929443359375 481 616.255615234375 351.43869018554688 514 636.23388671875 352.9315185546875 572 637.9674072265625 379.14108276367188 28 658.02880859375 382.08251953125 292 658.02880859375 382.08251953125 95 663.1343994140625 384.93524169921875 373 657.851318359375 411.89999389648438 608 657.851318359375 411.89999389648438 78 643.7567138671875 440.62628173828125 214 579.59527587890625 189.40179443359375 -1 640.92156982421875 192.87022399902344 80 640.92156982421875 192.87022399902344 81 606.5667724609375 197.13005065917969 59 587.54278564453125 202.2596435546875 -1 657.0047607421875 219.03173828125 415 595.27734375 231.47520446777344 586 606.87738037109375 253.837158203125 470 659.879150390625 256.82754516601562 88 682.03369140625 266.17068481445312 -1 594.88330078125 270.045166015625 588 628.8153076171875 279.77593994140625 89 628.8153076171875 279.77593994140625 166 623.4200439453125 324.5360107421875 434 623.4200439453125 324.5360107421875 479 605.969970703125 366.60336303710938 -1 619.4569091796875 373.95504760742188 -1 680.5030517578125 396.82965087890625 -1 667.3631591796875 423.59295654296875 96 623.4002685546875 185.64201354980469 404 598.94805908203125 190.51634216308594 591 648.74658203125 211.73422241210938 99 594.239013671875 247.34982299804688 469 680.93975830078125 248.84678649902344 600 670.95843505859375 274.40646362304688 110 655.40777587890625 277.01495361328125 102 650.86126708984375 286.5184326171875 504 623.62451171875 346.096435546875 279 689.9239501953125 367.93017578125 -1 649.51953125 380.04248046875 178 649.51953125 380.04248046875 178 653.5311279296875 388.22006225585938 103 568.4951171875 389.77313232421875 -1 545.624755859375 396.75253295898438 -1 545.624755859375 396.75253295898438 -1 567.0648193359375 399.48483276367188 -1 668.05975341796875 410.6331787109375 384 552.388427734375 415.10055541992188 -1 648.7918701171875 431.33724975585938 515 588.54412841796875 188.30648803710938 -1 588.54412841796875 188.30648803710938 -1 638.179443359375 204.22503662109375 105 607.5714111328125 207.72784423828125 84 622.5927734375 211.119140625 523 622.5927734375 211.119140625 523 637.1571044921875 216.66082763671875 100 602.830810546875 224.4647216796875 320 602.830810546875 224.4647216796875 349 667.1790771484375 226.68829345703125 112 618.35662841796875 232.83892822265625 -1 664.89996337890625 265.9945068359375 101 631.9342041015625 268.46871948242188 107 646.322021484375 269.01565551757812 108 609.1031494140625 381.46151733398438 -1 551.09967041015625 405.57073974609375 -1 628.8223876953125 408.54586791992188 -1 628.8223876953125 408.54586791992188 516 595.3114013671875 175.74363708496094 176 646.5291748046875 228.814453125 119 647.0928955078125 244.58209228515625 -1 677.8077392578125 356.34393310546875 671 583.14093017578125 382.45245361328125 -1 613.12152099609375 416.21420288085938 484 677.1473388671875 189.431884765625 626 677.1473388671875 189.431884765625 -1 652.021728515625 194.75164794921875 117 675.31707763671875 222.67630004882812 -1 606.33148193359375 241.05821228027344 113 648.77166748046875 244.34368896484375 -1 675.07965087890625 330.2767333984375 429 560.71148681640625 385.88922119140625 -1 673.90924072265625 424.97698974609375 -1 691.7274169921875 423.58245849609375 518 599.9090576171875 439.59564208984375 -1 660.242919921875 173.95121765136719 658 629.76318359375 352.001220703125 519 671.074951171875 275.12841796875 641 606.22509765625 317.6239013671875 834 700.8876953125 392.09701538085938 -1 665.3370361328125 204.58146667480469 -1 665.3370361328125 204.58146667480469 -1 
28 0.9265265619147347 -0.059533908973374641 0.32572472142330638 0.17862712448707441 -5.2732915455322598 -1.0809328068657347 2.9626808097246369 1 video_01_frame_0058.jpg
583.4664306640625 168.74832153320312 -1 688.678955078125 182.10888671875 -1 592.14007568359375 187.25138854980469 80 596.57373046875 195.4468994140625 -1 596.57373046875 195.4468994140625 474 672.2139892578125 196.66412353515625 -1 685.4073486328125 203.4976806640625 -1 645.0455322265625 213.20677185058594 123 643.0289306640625 217.03387451171875 123 589.23388671875 232.59078979492188 193 639.0855712890625 255.62974548339844 -1 592.1346435546875 268.48455810546875 212 638.4937744140625 272.67388916015625 642 617.5281982421875 273.76849365234375 -1 687.4114990234375 279.341796875 652 631.73626708984375 285.25161743164062 -1 679.731201171875 295.6474609375 -1 600.29742431640625 300.7698974609375 21 600.29742431640625 300.7698974609375 22 687.480712890625 302.21920776367188 -1 613.9945068359375 326.09326171875 -1 622.0220947265625 326.69451904296875 -1 609.427001953125 330.67022705078125 -1 609.427001953125 330.67022705078125 -1 620.90252685546875 333.51754760742188 357 620.90252685546875 333.51754760742188 360 643.89453125 347.82611083984375 -1 611.99005126953125 356.36666870117188 -1 600.913818359375 359.35174560546875 -1 686.59344482421875 367.15570068359375 -1 613.9571533203125 393.7044677734375 -1 597.82806396484375 408.99508666992188 -1 636.78289794921875 409.1793212890625 -1 681.4510498046875 414.50506591796875 -1 678.24658203125 417.1875 -1 612.1044921875 443.46786499023438 -1 679.21075439453125 177.4365234375 -1 669.357421875 180.01007080078125 -1 662.2994384765625 181.47750854492188 -1 599.27313232421875 191.5469970703125 117 657.03839111328125 204.09867858886719 2 623.45361328125 205.37515258789062 645 636.70867919921875 205.82182312011719 142 644.796142578125 205.688232421875 -1 661.9642333984375 210.77775573730469 4 679.55950927734375 210.77825927734375 -1 632.0003662109375 273.89739990234375 -1 603.41082763671875 297.35772705078125 330 604.5953369140625 302.71453857421875 -1 617.6544189453125 329.1099853515625 -1 604.13983154296875 343.86566162109375 -1 623.708251953125 388.13449096679688 -1 636.9547119140625 409.31173706054688 -1 621.29791259765625 409.896728515625 207 673.95849609375 419.64410400390625 -1 607.15478515625 428.427001953125 448 691.9346923828125 172.72174072265625 -1 592.04034423828125 199.154541015625 105 592.5166015625 210.41514587402344 100 655.4639892578125 220.49191284179688 426 644.707763671875 221.77496337890625 160 591.44482421875 247.00401306152344 -1 591.44482421875 247.00401306152344 382 686.524658203125 256.24267578125 -1 676.1595458984375 291.63739013671875 -1 602.68408203125 307.14883422851562 71 672.3038330078125 309.91448974609375 -1 604.85888671875 314.46832275390625 73 602.3885498046875 319.36407470703125 249 672.6590576171875 392.4278564453125 -1 613.76177978515625 410.4271240234375 -1 613.76177978515625 410.4271240234375 78 677.5506591796875 412.09030151367188 -1 631.30230712890625 441.0670166015625 -1 631.30230712890625 441.0670166015625 -1 691.70654296875 172.62820434570312 -1 691.70654296875 172.62820434570312 -1 667.54669189453125 204.23954772949219 -1 667.54669189453125 204.23954772949219 -1 671.27508544921875 232.84915161132812 -1 686.05291748046875 256.46630859375 -1 633.10186767578125 259.434814453125 432 633.10186767578125 259.434814453125 86 599.6046142578125 280.588134765625 646 630.448974609375 280.36102294921875 67 636.182373046875 285.66598510742188 647 672.41888427734375 285.85894775390625 -1 639.14825439453125 325.8681640625 -1 639.14825439453125 325.8681640625 -1 615.7086181640625 338.178466796875 343 615.7086181640625 338.178466796875 -1 610.2347412109375 346.95819091796875 -1 624.7879638671875 430.92169189453125 97 670.6197509765625 430.64959716796875 648 610.0440673828125 185.10403442382812 483 664.90667724609375 218.29556274414062 -1 664.90667724609375 218.29556274414062 -1 607.29425048828125 218.63348388671875 415 594.00384521484375 249.73081970214844 -1 594.00384521484375 249.73081970214844 653 600.8670654296875 263.29547119140625 108 604.548583984375 275.08450317382812 102 617.8824462890625 279.80953979492188 109 617.8824462890625 279.80953979492188 110 612.7369384765625 370.3138427734375 -1 608.08642578125 385.30670166015625 -1 599.9124755859375 391.36883544921875 -1 624.2303466796875 415.04110717773438 384 610.7933349609375 422.47616577148438 116 619.88116455078125 439.5660400390625 -1 619.88116455078125 439.5660400390625 -1 609.1763916015625 197.77175903320312 486 655.9453125 206.8721923828125 -1 629.623291015625 218.60208129882812 106 614.3941650390625 269.07244873046875 101 630.43341064453125 269.91259765625 -1 630.43341064453125 269.91259765625 569 632.58740234375 343.24801635742188 -1 612.501708984375 355.20761108398438 -1 629.9134521484375 370.20089721679688 -1 624.7926025390625 402.25387573242188 104 602.69903564453125 429.98419189453125 -1 627.01788330078125 459.04415893554688 649 683.210693359375 186.83914184570312 -1 683.210693359375 186.83914184570312 -1 628.2991943359375 197.19194030761719 371 595.7369384765625 224.78343200683594 119 595.7369384765625 224.78343200683594 -1 618.1396484375 230.05332946777344 112 627.3651123046875 355.214599609375 115 632.405517578125 381.78277587890625 370 638.6531982421875 398.98590087890625 544 602.988525390625 430.27279663085938 -1 655.6981201171875 239.13616943359375 -1 604.668212890625 442.38446044921875 -1 678.968505859375 253.01260375976562 -1 609.577880859375 334.15863037109375 -1 674.62322998046875 443.03668212890625 -1 633.2430419921875 310.7984619140625 -1 633.2430419921875 310.7984619140625 650 614.1343994140625 278.69384765625 651 575.806640625 398.1988525390625 -1 
29 0.99704285378630342 -0.045949623524595806 -0.029512321774587118 -0.054066650303909947 0.25941695873258958 0.13517697047563063 0.92396668458417452 1 video_01_frame_0060.jpg
688.6981201171875 181.66429138183594 491 586.1585693359375 184.00498962402344 -1 624.268798828125 202.51591491699219 529 682.6962890625 203.48405456542969 -1 681.777099609375 207.92747497558594 189 599.97900390625 208.64471435546875 835 626.6552734375 209.11050415039062 -1 622.2620849609375 220.12663269042969 126 622.2620849609375 220.12663269042969 127 619.3638916015625 222.57940673828125 -1 620.07916259765625 226.45635986328125 420 608.15277099609375 228.75967407226562 508 691.0025634765625 230.75396728515625 503 617.51171875 235.34910583496094 13 620.08880615234375 238.40447998046875 192 615.52593994140625 239.60089111328125 -1 606.6668701171875 246.50274658203125 193 590.8875732421875 247.76181030273438 -1 596.0611572265625 248.59866333007812 -1 681.45355224609375 250.16632080078125 -1 623.10552978515625 261.53451538085938 509 619.92144775390625 276.705810546875 195 634.8115234375 277.85272216796875 -1 634.8115234375 277.85272216796875 -1 627.837646484375 292.55963134765625 -1 679.52587890625 306.2852783203125 45 663.7293701171875 312.48797607421875 272 666.523193359375 321.071533203125 -1 613.29022216796875 322.6680908203125 604 651.7620849609375 325.53228759765625 -1 651.7620849609375 325.53228759765625 243 650.79638671875 333.48699951171875 471 650.79638671875 333.48699951171875 472 676.37127685546875 343.347900390625 226 676.37127685546875 343.347900390625 -1 681.43670654296875 343.43014526367188 605 647.30474853515625 345.05184936523438 -1 671.85491943359375 352.31100463867188 -1 613.77392578125 352.43731689453125 -1 632.39501953125 353.37350463867188 572 669.6597900390625 356.0694580078125 54 666.5697021484375 360.07260131835938 26 648.712890625 366.0943603515625 -1 609.05078125 367.146240234375 -1 668.8841552734375 373.49325561523438 370 640.22406005859375 394.53195190429688 206 634.2503662109375 396.0091552734375 158 638.38665771484375 404.96978759765625 57 611.81121826171875 416.385498046875 -1 622.4150390625 420.74151611328125 473 669.932373046875 434.737548828125 -1 549.3575439453125 515.16693115234375 -1 554.3985595703125 517.6158447265625 463 554.3985595703125 517.6158447265625 -1 668.2047119140625 190.60977172851562 -1 606.41943359375 198.72171020507812 1 640.97796630859375 199.32467651367188 474 677.049560546875 199.08737182617188 142 649.892578125 203.89456176757812 597 654.643798828125 206.38059997558594 637 611.76708984375 209.48342895507812 489 611.9951171875 221.28671264648438 11 622.150146484375 231.38015747070312 581 645.5272216796875 265.327392578125 553 616.2777099609375 279.76095581054688 475 680.10107421875 300.66680908203125 168 622.7158203125 306.27413940429688 43 622.7158203125 306.27413940429688 44 637.92230224609375 307.49478149414062 21 637.92230224609375 307.49478149414062 22 660.6593017578125 316.11273193359375 272 637.96173095703125 319.691162109375 577 632.38043212890625 321.968017578125 -1 664.3492431640625 326.97897338867188 406 616.61676025390625 331.12628173828125 289 629.100341796875 333.15042114257812 401 642.4407958984375 334.15386962890625 512 612.67352294921875 346.81451416015625 514 637.348876953125 348.14071655273438 205 622.47235107421875 349.65020751953125 227 641.01129150390625 355.07220458984375 451 637.1104736328125 362.08111572265625 477 616.3013916015625 372.7567138671875 134 646.1456298828125 373.69882202148438 573 625.125 375.871337890625 578 632.32281494140625 378.68017578125 28 673.45721435546875 384.74008178710938 389 668.67242431640625 399.40951538085938 478 646.16845703125 401.89767456054688 56 616.826416015625 409.308349609375 -1 656.372314453125 422.35394287109375 165 612.48828125 440.89056396484375 -1 612.48828125 440.89056396484375 -1 642.4556884765625 447.26177978515625 274 672.285400390625 195.39990234375 -1 613.60003662109375 201.83099365234375 60 658.80487060546875 201.412109375 596 663.63262939453125 205.11381530761719 5 649.2620849609375 209.31504821777344 64 664.24359130859375 212.893798828125 493 602.19354248046875 214.66741943359375 281 659.32745361328125 220.08602905273438 41 633.3851318359375 223.39921569824219 65 608.25555419921875 227.66754150390625 -1 606.6510009765625 235.02059936523438 587 612.2371826171875 235.30253601074219 42 623.72613525390625 242.28533935546875 161 676.9356689453125 251.759765625 -1 623.40899658203125 256.7178955078125 382 629.7811279296875 279.1427001953125 407 680.6436767578125 291.32061767578125 213 624.62738037109375 295.45285034179688 365 620.6444091796875 300.37417602539062 68 649.4014892578125 306.79779052734375 91 618.73736572265625 311.0269775390625 69 618.73736572265625 311.0269775390625 70 645.7608642578125 312.7076416015625 71 645.7608642578125 312.7076416015625 72 678.8802490234375 315.885498046875 204 678.8802490234375 315.885498046875 -1 620.2943115234375 317.3990478515625 46 620.2943115234375 317.3990478515625 47 644.95611572265625 319.35177612304688 73 644.95611572265625 319.35177612304688 638 618.5350341796875 323.21572875976562 479 612.69281005859375 325.35589599609375 -1 646.175048828125 325.71878051757812 169 646.175048828125 325.71878051757812 480 644.3887939453125 349.20248413085938 490 651.10406494140625 350.99496459960938 481 658.533935546875 369.92919921875 94 670.39166259765625 405.15985107421875 478 621.5513916015625 409.51779174804688 -1 641.9508056640625 436.040283203125 448 640.14208984375 441.31939697265625 -1 661.542236328125 183.04592895507812 -1 633.5369873046875 193.70610046386719 80 633.5369873046875 193.70610046386719 81 621.92132568359375 195.41203308105469 82 649.989013671875 220.26943969726562 415 624.881591796875 241.05699157714844 -1 676.8963623046875 251.78839111328125 86 624.36376953125 256.74420166015625 -1 654.305419921875 258.65985107421875 88 622.1168212890625 279.16558837890625 89 622.1168212890625 279.16558837890625 166 619.9384765625 343.614501953125 279 654.128173828125 383.53704833984375 95 653.9486083984375 413.54782104492188 78 600.9544677734375 424.79513549804688 496 663.310546875 425.2811279296875 96 639.8953857421875 441.3917236328125 -1 615.92266845703125 185.68290710449219 404 600.355712890625 197.06402587890625 59 651.00244140625 200.05790710449219 -1 672.99560546875 214.90397644042969 106 629.77032470703125 216.85301208496094 100 647.63531494140625 278.5418701171875 102 629.94061279296875 286.68084716796875 424 684.2672119140625 309.60861206054688 482 645.2432861328125 381.18524169921875 178 645.2432861328125 381.18524169921875 178 649.5311279296875 389.62448120117188 103 649.5311279296875 389.62448120117188 179 666.24102783203125 396.87753295898438 104 665.417236328125 412.5684814453125 384 619.421630859375 430.67745971679688 -1 619.421630859375 430.67745971679688 -1 644.4066162109375 432.414306640625 515 594.271240234375 177.24420166015625 176 654.64501953125 186.34500122070312 483 590.327880859375 190.86778259277344 -1 630.35101318359375 204.92532348632812 105 601.511962890625 205.69328308105469 84 615.5340576171875 210.35746765136719 523 615.5340576171875 210.35746765136719 523 641.22662353515625 211.7396240234375 99 626.2454833984375 268.11563110351562 107 659.8648681640625 268.33050537109375 101 640.0206298828125 269.90713500976562 108 668.7578125 348.11181640625 -1 668.7578125 348.11181640625 115 632.7008056640625 383.65185546875 -1 612.844970703125 408.06661987304688 484 626.4281005859375 406.494384765625 -1 626.4281005859375 406.494384765625 516 602.336181640625 413.935791015625 -1 619.7117919921875 431.67840576171875 -1 619.7117919921875 431.67840576171875 -1 660.341552734375 196.43319702148438 486 663.641357421875 228.06889343261719 112 640.88519287109375 245.16740417480469 -1 680.72515869140625 251.86228942871094 -1 665.842529296875 350.21688842773438 115 697.0897216796875 382.37628173828125 567 642.22564697265625 415.8707275390625 334 673.102783203125 172.65666198730469 522 680.43951416015625 189.57281494140625 386 638.777099609375 229.44023132324219 119 641.60711669921875 245.18392944335938 -1 627.07183837890625 357.95062255859375 -1 679.0413818359375 355.9776611328125 -1 597.81011962890625 238.26249694824219 634 677.8739013671875 333.3887939453125 429 628.89190673828125 352.32977294921875 593 628.89190673828125 352.32977294921875 519 670.9525146484375 275.76925659179688 122 573.62457275390625 401.72848510742188 -1 643.8330078125 165.2745361328125 617 
30 0.97293928294567977 -0.055186533478232457 -0.17207118497109142 -0.1439968941555578 2.6208854740126073 -0.34190695993689191 1.4268633955428691 1 video_01_frame_0062.jpg
670.543701171875 174.75860595703125 -1 597.69671630859375 175.96627807617188 -1 586.14324951171875 190.60191345214844 -1 639.4185791015625 194.73934936523438 82 660.7760009765625 197.03582763671875 474 606.29058837890625 199.16909790039062 -1 667.36029052734375 201.5919189453125 597 671.41571044921875 208.48143005371094 147 617.3680419921875 212.72802734375 835 617.3680419921875 212.72802734375 835 654.17913818359375 214.92106628417969 8 587.5218505859375 216.26126098632812 620 614.50811767578125 215.81185913085938 621 628.9219970703125 219.27067565917969 526 628.9219970703125 219.27067565917969 571 667.4112548828125 219.42503356933594 415 667.4112548828125 219.42503356933594 735 641.66107177734375 221.42486572265625 126 632.6986083984375 235.60055541992188 13 636.32275390625 235.8897705078125 13 624.49346923828125 249.92802429199219 193 599.97406005859375 254.88540649414062 -1 599.97406005859375 254.88540649414062 -1 641.94561767578125 262.75006103515625 14 686.56976318359375 262.9776611328125 -1 639.234130859375 274.6348876953125 194 639.234130859375 274.6348876953125 195 654.68109130859375 306.47409057617188 21 654.68109130859375 306.47409057617188 22 679.3409423828125 321.0037841796875 406 668.377197265625 326.27420043945312 236 678.15020751953125 337.93731689453125 133 632.42681884765625 367.02862548828125 201 659.4775390625 383.6829833984375 -1 652.55902099609375 386.36468505859375 364 667.9893798828125 388.16378784179688 29 651.18695068359375 395.63916015625 158 663.3228759765625 398.88006591796875 56 672.4063720703125 417.510498046875 165 686.6473388671875 427.19189453125 -1 608.72998046875 436.55804443359375 -1 584.32659912109375 170.19476318359375 -1 617.6107177734375 183.88580322265625 665 617.92193603515625 192.74760437011719 623 617.92193603515625 192.74760437011719 336 623.5965576171875 196.24310302734375 624 623.5965576171875 196.24310302734375 34 623.830078125 201.79891967773438 1 671.4107666015625 203.322998046875 637 667.2904052734375 207.04899597167969 64 630.2679443359375 211.78643798828125 489 667.37841796875 214.07579040527344 735 619.037353515625 218.19293212890625 281 630.56488037109375 223.7972412109375 11 641.799560546875 244.56515502929688 161 686.5130615234375 246.345947265625 600 681.0816650390625 251.07833862304688 87 662.4427490234375 305.03829956054688 436 662.4427490234375 305.03829956054688 527 642.44482421875 307.2987060546875 43 642.44482421875 307.2987060546875 44 675.999755859375 322.55657958984375 242 647.1527099609375 333.215087890625 401 653.4620361328125 333.26272583007812 402 640.336669921875 333.98226928710938 132 638.20269775390625 338.54620361328125 132 640.6763916015625 342.146484375 548 656.01611328125 341.93051147460938 52 660.38873291015625 344.57968139648438 490 673.45489501953125 364.89166259765625 94 686.21405029296875 367.36456298828125 -1 631.729736328125 375.960693359375 134 669.4371337890625 409.40084838867188 608 669.4371337890625 409.40084838867188 78 664.7496337890625 437.13229370117188 79 655.0235595703125 439.93136596679688 214 687.28265380859375 184.342041015625 626 632.715576171875 203.86820983886719 60 637.131103515625 209.6690673828125 523 652.4019775390625 222.72784423828125 65 617.1898193359375 224.30046081542969 627 630.14031982421875 238.90896606445312 42 642.08697509765625 257.4935302734375 382 649.5516357421875 278.82122802734375 407 637.9486083984375 302.01174926757812 68 667.21075439453125 303.6461181640625 91 667.21075439453125 303.6461181640625 582 636.0504150390625 312.98529052734375 69 636.0504150390625 312.98529052734375 70 661.916015625 316.912841796875 73 661.916015625 316.912841796875 638 638.82720947265625 319.08819580078125 46 638.82720947265625 319.08819580078125 47 635.416259765625 325.20147705078125 434 635.416259765625 325.20147705078125 479 650.237060546875 328.03948974609375 295 631.732177734375 360.62985229492188 156 669.85247802734375 379.8045654296875 95 675.2747802734375 179.45941162109375 574 653.36920166015625 193.06832885742188 81 680.25750732421875 193.36968994140625 -1 680.25750732421875 193.36968994140625 -1 617.8839111328125 200.04794311523438 59 583.34185791015625 211.22311401367188 611 616.688720703125 224.89787292480469 -1 643.787109375 241.96820068359375 161 670.0980224609375 255.39862060546875 88 675.41748046875 262.72598266601562 -1 675.41748046875 262.72598266601562 101 639.589111328125 280.74411010742188 89 643.7816162109375 324.13662719726562 836 638.41436767578125 361.20819091796875 53 636.04144287109375 187.41384887695312 404 588.3636474609375 188.48831176757812 628 582.4530029296875 194.83476257324219 -1 650.17352294921875 204.16972351074219 105 659.91302490234375 210.9788818359375 99 649.2296142578125 216.52630615234375 100 657.72467041015625 257.458740234375 -1 646.364990234375 257.94845581054688 293 666.09759521484375 275.63970947265625 102 649.94232177734375 286.10757446289062 424 658.6143798828125 323.83782958984375 566 683.3634033203125 356.34564208984375 -1 661.671875 378.837158203125 178 661.671875 378.837158203125 178 666.7552490234375 386.03488159179688 103 666.7552490234375 386.03488159179688 179 675.3953857421875 433.15533447265625 -1 679.2442626953125 170.91696166992188 522 671.118408203125 185.264892578125 483 634.87774658203125 212.25955200195312 523 634.87774658203125 212.25955200195312 523 657.27587890625 257.4671630859375 -1 657.6903076171875 268.71145629882812 108 682.2691650390625 271.46759033203125 122 599.00225830078125 179.12980651855469 630 617.7801513671875 208.46849060058594 84 658.0921630859375 227.67929077148438 119 657.6488037109375 244.6226806640625 441 680.4984130859375 273.39544677734375 -1 679.50750732421875 388.91815185546875 104 658.4267578125 227.66268920898438 -1 598.9398193359375 198.83702087402344 632 677.79083251953125 274.42617797851562 641 677.503662109375 329.90597534179688 343 645.08489990234375 352.50634765625 593 645.08489990234375 352.50634765625 519 610.0955810546875 239.73995971679688 634 648.2265625 305.70263671875 616 669.722412109375 217.34677124023438 -1 
31 0.97233679054591537 -0.05513371240834767 -0.17411183505425734 -0.14562454601124522 2.6561674768364969 -0.3571186568148631 1.4457901905573061 1 video_01_frame_0064.jpg
606.36090087890625 198.70230102539062 -1 684.1962890625 211.22421264648438 106 617.77703857421875 212.30831909179688 835 617.77703857421875 212.30831909179688 835 667.69183349609375 213.404296875 -1 675.306640625 214.15269470214844 306 587.4964599609375 215.8148193359375 620 614.8372802734375 215.3203125 621 629.1297607421875 218.57432556152344 526 629.1297607421875 218.57432556152344 571 667.68115234375 218.67631530761719 415 667.68115234375 218.67631530761719 735 642.0601806640625 220.68644714355469 126 642.0601806640625 220.68644714355469 127 646.21624755859375 227.89640808105469 344 633.137451171875 234.91770935058594 13 636.8870849609375 235.20559692382812 13 642.48187255859375 262.09686279296875 14 651.45196533203125 269.8885498046875 622 639.6951904296875 273.9317626953125 194 639.6951904296875 273.9317626953125 195 595.10430908203125 286.77392578125 -1 654.8734130859375 305.908447265625 21 654.8734130859375 305.908447265625 22 679.5115966796875 320.121337890625 406 676.206787109375 321.96417236328125 500 676.206787109375 321.96417236328125 406 668.69390869140625 325.49142456054688 236 569.22955322265625 350.26910400390625 -1 665.1234130859375 350.8277587890625 363 569.7332763671875 354.2052001953125 -1 633.106201171875 366.5318603515625 201 650.38232421875 377.8359375 28 668.2183837890625 387.64019775390625 29 656.31884765625 393.04046630859375 206 652.20269775390625 394.858642578125 158 685.77630615234375 397.72885131835938 -1 663.973876953125 397.9730224609375 56 389.73654174804688 404.75384521484375 -1 653.5335693359375 404.349365234375 57 658.0023193359375 412.05328369140625 -1 609.25445556640625 435.9202880859375 -1 547.084228515625 512.87786865234375 -1 687.506591796875 186.98997497558594 385 618.001708984375 192.08427429199219 623 618.001708984375 192.08427429199219 336 629.9251708984375 194.13442993164062 798 623.77154541015625 195.86868286132812 624 623.77154541015625 195.86868286132812 34 624.21875 201.30393981933594 1 671.6239013671875 202.59434509277344 637 667.63397216796875 206.33518981933594 64 638.14605712890625 208.664306640625 523 638.14605712890625 208.664306640625 523 630.65631103515625 211.45268249511719 489 649.63897705078125 211.62835693359375 541 667.65948486328125 213.45756530761719 735 642.16796875 243.85745239257812 161 686.47235107421875 245.64744567871094 600 681.03668212890625 250.48258972167969 87 600.71063232421875 253.78459167480469 -1 600.71063232421875 253.78459167480469 -1 595.93310546875 270.490234375 -1 599.8275146484375 272.6822509765625 -1 595.60479736328125 279.88677978515625 -1 662.2806396484375 304.45327758789062 436 662.2806396484375 304.45327758789062 527 642.47296142578125 306.7703857421875 43 642.47296142578125 306.7703857421875 44 650.836669921875 327.2974853515625 295 660.763916015625 331.28775024414062 512 633.38446044921875 332.83389282226562 289 647.73187255859375 332.63690185546875 401 641.048828125 333.56948852539062 132 660.49066162109375 343.64892578125 490 414.35739135742188 344.26708984375 -1 659.338623046875 352.5802001953125 451 673.24267578125 365.02511596679688 94 674.98046875 381.0943603515625 373 660.7674560546875 395.123046875 625 669.952880859375 408.872802734375 608 669.952880859375 408.872802734375 78 646.34716796875 409.55517578125 58 608.25067138671875 415.29379272460938 -1 628.51568603515625 445.01483154296875 -1 628.51568603515625 445.01483154296875 -1 687.20892333984375 183.45401000976562 626 643.3126220703125 195.47842407226562 82 633.328857421875 203.15859985351562 60 619.40997314453125 217.748779296875 281 594.23089599609375 222.23332214355469 613 652.85443115234375 222.13839721679688 65 617.44580078125 223.62649536132812 627 630.8887939453125 223.11430358886719 11 630.6552734375 238.10208129882812 42 649.99053955078125 278.20846557617188 407 638.3804931640625 301.46600341796875 68 667.767822265625 302.648193359375 91 667.767822265625 302.648193359375 582 664.49896240234375 309.08526611328125 71 664.49896240234375 309.08526611328125 72 636.35040283203125 312.3900146484375 69 636.35040283203125 312.3900146484375 70 662.4117431640625 316.3114013671875 73 662.4117431640625 316.3114013671875 638 639.32623291015625 318.47991943359375 46 639.32623291015625 318.47991943359375 47 489.56524658203125 344.0574951171875 -1 548.9344482421875 345.17864990234375 -1 670.31829833984375 378.9083251953125 95 675.4344482421875 178.837890625 574 587.793701171875 187.64212036132812 628 680.59344482421875 192.34629821777344 -1 680.59344482421875 192.34629821777344 -1 583.459228515625 210.614013671875 611 602.00054931640625 252.20378112792969 -1 602.00054931640625 252.20378112792969 -1 670.24530029296875 254.79112243652344 88 675.85186767578125 262.5030517578125 101 639.863525390625 280.02044677734375 89 649.7850341796875 285.02468872070312 424 644.00115966796875 324.29852294921875 836 409.7567138671875 350.15850830078125 -1 379.5980224609375 399.083251953125 -1 619.8114013671875 419.11834716796875 -1 684.03729248046875 427.89532470703125 -1 635.52972412109375 186.65606689453125 404 653.60845947265625 192.44619750976562 81 617.1546630859375 202.21661376953125 59 650.656005859375 203.87173461914062 105 660.289794921875 210.3009033203125 99 649.5460205078125 215.92523193359375 100 646.5560302734375 257.2061767578125 293 657.69683837890625 256.83099365234375 -1 666.53240966796875 274.897216796875 102 659.24310302734375 323.16192626953125 566 444.11749267578125 356.07345581054688 -1 661.93896484375 378.28048706054688 178 661.93896484375 378.28048706054688 178 449.07977294921875 378.79830932617188 -1 449.07977294921875 378.79830932617188 -1 402.611083984375 411.29159545898438 -1 619.300537109375 411.57162475585938 -1 660.550048828125 429.30096435546875 515 675.82159423828125 432.3927001953125 -1 678.57916259765625 170.35893249511719 522 635.27490234375 211.72740173339844 523 635.27490234375 211.72740173339844 523 629.4578857421875 255.64401245117188 670 644.54132080078125 268.4622802734375 107 682.69573974609375 270.3656005859375 122 492.91864013671875 335.8447265625 -1 555.108154296875 354.94931030273438 -1 555.108154296875 354.94931030273438 -1 471.7513427734375 359.02072143554688 -1 414.40753173828125 361.71932983398438 -1 391.25021362304688 375.85015869140625 -1 637.9591064453125 434.75244140625 -1 676.32757568359375 170.56649780273438 -1 598.94964599609375 178.56669616699219 630 681.40545654296875 203.66728210449219 631 618.33514404296875 208.28829956054688 84 658.354248046875 227.14878845214844 119 659.011474609375 243.60134887695312 441 493.6964111328125 352.16195678710938 -1 679.84600830078125 388.42208862304688 104 638.47125244140625 435.850830078125 -1 658.69842529296875 227.04837036132812 -1 599.178955078125 198.64453125 632 679.293701171875 275.30682373046875 641 677.62835693359375 329.00723266601562 343 646.01336669921875 351.95504760742188 593 646.01336669921875 351.95504760742188 519 463.29757690429688 402.149658203125 -1 610.391357421875 239.23886108398438 634 648.5828857421875 305.8138427734375 616 669.04547119140625 471.68524169921875 -1 669.9769287109375 217.014404296875 -1 526.52435302734375 352.50537109375 -1 632.741943359375 167.06320190429688 636 
32 0.95769826346495479 -0.058288321536639758 -0.22110278747250922 -0.17472854689642967 3.3810993408985701 -0.60008618282157489 1.7615189356926653 1 video_01_frame_0066.jpg
584.836181640625 184.81919860839844 -1 591.3394775390625 191.27175903320312 -1 591.3394775390625 191.27175903320312 -1 666.9490966796875 191.89353942871094 117 678.11517333984375 197.34774780273438 596 672.2227783203125 199.746826171875 597 591.412109375 200.05813598632812 -1 675.8187255859375 201.30357360839844 637 646.313232421875 202.56967163085938 598 667.6961669921875 205.84550476074219 525 594.61212158203125 208.59786987304688 -1 661.04034423828125 214.08114624023438 8 586.61383056640625 215.9990234375 -1 619.6826171875 216.82369995117188 655 619.6826171875 216.82369995117188 621 629.3131103515625 216.79733276367188 599 672.320556640625 217.9327392578125 415 672.320556640625 217.9327392578125 735 635.45062255859375 219.28790283203125 526 635.45062255859375 219.28790283203125 571 647.68267822265625 220.84323120117188 126 644.7099609375 223.53697204589844 -1 648.73681640625 224.36419677734375 -1 648.73681640625 224.36419677734375 545 645.0450439453125 228.16642761230469 -1 645.0450439453125 228.16642761230469 -1 652.64306640625 227.94403076171875 344 632.0406494140625 232.22219848632812 508 646.69805908203125 232.7899169921875 -1 639.34625244140625 234.79478454589844 13 642.62005615234375 236.68809509277344 13 645.57379150390625 238.98553466796875 192 686.7781982421875 244.88029479980469 600 641.6265869140625 258.15386962890625 -1 659.8265380859375 260.19317626953125 -1 648.30316162109375 262.04400634765625 509 640.0758056640625 262.44418334960938 -1 666.07427978515625 268.68756103515625 601 645.8388671875 274.58181762695312 195 596.2459716796875 300.33221435546875 -1 596.2459716796875 300.33221435546875 602 676.0601806640625 314.02532958984375 511 657.0782470703125 317.47894287109375 -1 680.29400634765625 319.89358520507812 603 680.29400634765625 319.89358520507812 406 636.9696044921875 325.5843505859375 604 665.88385009765625 330.37136840820312 331 681.2314453125 338.70599365234375 605 661.2784423828125 345.50274658203125 205 686.189453125 349.13446044921875 -1 646.83612060546875 350.92428588867188 227 664.202392578125 351.70993041992188 451 664.202392578125 351.70993041992188 451 669.1285400390625 355.39703369140625 363 653.165283203125 357.1947021484375 -1 660.443603515625 359.870361328125 477 668.1788330078125 368.48739624023438 573 596.1787109375 371.87448120117188 -1 655.9415283203125 377.42333984375 28 664.40380859375 399.5731201171875 -1 682.72314453125 400.39047241210938 -1 619.65045166015625 402.39083862304688 -1 624.42584228515625 403.48956298828125 -1 624.42584228515625 403.48956298828125 -1 640.9500732421875 408.25250244140625 -1 639.2703857421875 411.87850952148438 -1 676.20172119140625 414.7783203125 165 648.23681640625 427.8951416015625 -1 689.3759765625 430.24032592773438 -1 596.1549072265625 431.5687255859375 -1 675.55078125 439.013671875 -1 675.55078125 439.013671875 33 546.83209228515625 513.52777099609375 -1 550.58880615234375 515.4124755859375 -1 550.58880615234375 515.4124755859375 -1 660.80377197265625 181.810302734375 -1 623.56976318359375 193.2520751953125 623 623.56976318359375 193.2520751953125 336 630.109619140625 196.81980895996094 624 630.109619140625 196.81980895996094 34 630.26617431640625 202.463623046875 1 672.0311279296875 205.3563232421875 64 636.70263671875 212.162109375 489 590.30584716796875 214.31436157226562 -1 590.30584716796875 214.31436157226562 -1 667.93597412109375 214.90859985351562 -1 587.4775390625 217.69927978515625 620 648.34283447265625 243.68353271484375 161 662.01123046875 304.91058349609375 21 662.01123046875 304.91058349609375 22 647.8133544921875 306.95462036132812 43 647.8133544921875 306.95462036132812 44 661.57745361328125 317.37908935546875 577 656.543701171875 327.23724365234375 295 659.8023681640625 331.88397216796875 402 653.49609375 332.6492919921875 401 639.5164794921875 333.630615234375 289 661.69378662109375 340.38360595703125 52 638.74261474609375 367.23141479492188 201 596.38787841796875 371.118408203125 -1 667.1319580078125 393.2000732421875 625 550.582275390625 406.6614990234375 -1 674.011474609375 406.8197021484375 608 674.011474609375 406.8197021484375 78 643.398681640625 412.9117431640625 -1 663.21990966796875 432.98678588867188 448 615.8787841796875 434.27084350585938 -1 622.13140869140625 444.48092651367188 -1 633.0084228515625 446.15927124023438 -1 614.7415771484375 193.49066162109375 -1 667.942138671875 200.98240661621094 -1 639.005859375 203.85842895507812 60 643.71246337890625 209.0147705078125 523 630.684326171875 210.45001220703125 609 625.31201171875 219.3184814453125 281 658.9981689453125 221.901123046875 65 636.87744140625 223.94442749023438 11 623.30938720703125 225.26284790039062 627 630.482421875 238.29473876953125 587 636.5499267578125 238.62823486328125 42 639.45635986328125 245.64736938476562 403 648.9903564453125 256.99700927734375 382 655.4442138671875 278.17413330078125 407 596.517822265625 279.19293212890625 -1 644.7872314453125 301.65423583984375 68 671.8531494140625 301.82635498046875 91 671.8531494140625 301.82635498046875 582 685.06781005859375 304.03802490234375 610 668.55316162109375 308.11349487304688 71 668.55316162109375 308.11349487304688 72 642.7657470703125 312.81195068359375 69 642.7657470703125 312.81195068359375 70 667.65643310546875 315.24783325195312 638 644.6182861328125 318.86175537109375 46 644.6182861328125 318.86175537109375 47 642.2021484375 325.27032470703125 479 674.04205322265625 378.08795166015625 292 674.04205322265625 378.08795166015625 95 643.804443359375 412.35299682617188 -1 680.7506103515625 416.26364135742188 96 667.80810546875 423.7528076171875 116 662.2239990234375 438.20355224609375 214 684.04876708984375 168.89605712890625 -1 615.219970703125 193.8851318359375 -1 667.0546875 200.04702758789062 -1 582.08526611328125 211.8448486328125 611 684.35565185546875 268.08209228515625 122 646.3233642578125 280.12139892578125 89 646.3233642578125 280.12139892578125 166 654.9327392578125 284.68453979492188 424 683.4033203125 318.0633544921875 -1 666.984130859375 377.09762573242188 178 666.984130859375 377.09762573242188 178 671.137939453125 384.05096435546875 103 671.137939453125 384.05096435546875 179 623.08447265625 403.90341186523438 -1 644.58184814453125 411.60821533203125 -1 624.228271484375 421.20358276367188 -1 681.64923095703125 169.9246826171875 -1 641.42529296875 187.28073120117188 404 587.60784912109375 189.04656982421875 628 587.60784912109375 189.04656982421875 -1 659.30517578125 192.25848388671875 81 656.333740234375 203.50787353515625 105 665.3118896484375 210.00439453125 99 655.39642333984375 215.92697143554688 100 596.70025634765625 226.2313232421875 613 671.5263671875 273.79339599609375 102 671.5263671875 273.79339599609375 -1 654.61260986328125 301.71063232421875 468 654.61260986328125 301.71063232421875 -1 589.70880126953125 381.11041259765625 -1 682.7420654296875 201.67674255371094 631 641.2503662109375 212.35440063476562 523 641.2503662109375 212.35440063476562 523 682.84130859375 220.45083618164062 614 660.01593017578125 245.05509948730469 780 663.102294921875 266.95849609375 108 650.5294189453125 268.20428466796875 107 650.5294189453125 268.20428466796875 -1 682.089599609375 385.56402587890625 615 558.5159912109375 401.11288452148438 -1 643.0057373046875 434.36053466796875 -1 624.098388671875 209.73820495605469 84 662.92919921875 243.52008056640625 441 643.3804931640625 435.63815307617188 -1 643.3804931640625 435.63815307617188 -1 603.1151123046875 178.604248046875 630 652.92401123046875 311.40054321289062 -1 652.92401123046875 311.40054321289062 -1 676.956787109375 329.96533203125 429 604.71435546875 343.10150146484375 -1 649.990234375 352.42608642578125 519 582.60479736328125 390.37777709960938 -1 602.49810791015625 202.1658935546875 632 672.52655029296875 218.62234497070312 635 615.12786865234375 240.653076171875 634 652.6497802734375 308.92840576171875 616 633.9913330078125 168.37055969238281 617 
34 0.88448484529042581 -0.051944693987915021 -0.37830540550589992 -0.26809201290432033 5.5154041779275058 -1.4759847195922087 3.3320992566693795 1 video_01_frame_0073.jpg
597.4544677734375 199.43215942382812 751 613.903076171875 202.59613037109375 -1 592.5955810546875 204.00747680664062 799 622.67864990234375 204.59487915039062 -1 596.09765625 209.41293334960938 -1 656.45220947265625 211.4698486328125 489 598.31591796875 212.74456787109375 -1 591.86468505859375 214.513916015625 -1 591.86468505859375 214.513916015625 752 583.38116455078125 215.298828125 779 598.5081787109375 217.01104736328125 764 598.5081787109375 217.01104736328125 765 640.0535888671875 219.34965515136719 655 640.0535888671875 219.34965515136719 621 665.1876220703125 219.48532104492188 126 666.62872314453125 222.83775329589844 545 669.2159423828125 225.95199584960938 344 651.3660888671875 239.81259155273438 587 665.52001953125 242.49710083007812 161 676.67999267578125 265.3118896484375 601 626.683349609375 267.81906127929688 -1 626.683349609375 267.81906127929688 -1 663.43402099609375 273.36138916015625 195 674.83172607421875 301.55169677734375 21 674.83172607421875 301.55169677734375 22 610.7880859375 303.38568115234375 -1 628.7158203125 310.62527465820312 757 671.72503662109375 323.59103393554688 295 669.0069580078125 330.29522705078125 401 662.05316162109375 337.34152221679688 132 598.1246337890625 352.490234375 -1 677.53350830078125 354.683837890625 -1 677.53350830078125 354.683837890625 -1 680.37841796875 363.61764526367188 573 595.589599609375 372.95565795898438 -1 683.0277099609375 402.1392822265625 -1 683.07000732421875 402.2841796875 -1 603.2069091796875 407.30401611328125 814 615.30572509765625 408.737060546875 -1 617.706787109375 412.96066284179688 769 617.706787109375 412.96066284179688 770 623.1666259765625 440.12765502929688 -1 623.1666259765625 440.12765502929688 -1 743.7728271484375 506.43453979492188 -1 677.14495849609375 532.2642822265625 -1 687.2867431640625 175.05075073242188 -1 673.3160400390625 180.22862243652344 618 644.0098876953125 194.96875 623 644.0098876953125 194.96875 336 650.2559814453125 197.56620788574219 624 650.2559814453125 197.56620788574219 34 582.5152587890625 198.53302001953125 -1 605.0693359375 201.4927978515625 760 609.3895263671875 202.27532958984375 761 622.406982421875 203.73765563964844 -1 622.406982421875 203.73765563964844 667 650.17047119140625 203.42221069335938 1 662.1087646484375 208.49761962890625 523 604.36431884765625 212.60903930664062 -1 622.39605712890625 212.52822875976562 -1 663.4339599609375 213.37942504882812 -1 614.4984130859375 214.54380798339844 771 614.4984130859375 214.54380798339844 737 643.0693359375 215.2037353515625 835 587.77630615234375 215.65628051757812 772 609.4610595703125 215.74642944335938 763 631.4783935546875 216.048583984375 576 631.4783935546875 216.048583984375 762 656.44781494140625 224.18901062011719 11 594.548583984375 227.59896850585938 -1 615.6263427734375 230.90859985351562 613 655.537353515625 239.36753845214844 801 655.537353515625 239.36753845214844 42 586.08221435546875 241.89018249511719 -1 590.94635009765625 275.13519287109375 -1 590.94635009765625 275.13519287109375 -1 664.840576171875 305.458984375 43 664.840576171875 305.458984375 44 617.44183349609375 309.567138671875 -1 617.44183349609375 309.567138671875 -1 626.752685546875 315.12762451171875 738 626.752685546875 315.12762451171875 -1 635.71533203125 317.44775390625 806 662.23809814453125 317.87939453125 46 662.23809814453125 317.87939453125 47 667.601318359375 318.21075439453125 836 657.33258056640625 333.93368530273438 289 656.057861328125 360.902099609375 156 670.3326416015625 363.4063720703125 -1 656.52410888671875 368.10552978515625 201 678.46875 371.21310424804688 178 679.9346923828125 379.30474853515625 -1 664.1761474609375 404.67352294921875 -1 600.9822998046875 413.15484619140625 847 600.9822998046875 413.15484619140625 776 673.939697265625 434.490478515625 214 673.1282958984375 189.95756530761719 -1 579.23309326171875 202.48124694824219 -1 658.3983154296875 203.53463745117188 60 672.366943359375 203.20292663574219 105 650.49041748046875 211.64628601074219 609 645.26654052734375 221.04598999023438 281 630.523681640625 232.31185913085938 739 658.4532470703125 245.37655639648438 403 682.72943115234375 248.2657470703125 753 621.214111328125 251.65617370605469 766 588.0384521484375 260.12322998046875 754 671.0584716796875 275.68878173828125 407 604.94873046875 293.68670654296875 -1 604.94873046875 293.68670654296875 -1 681.3150634765625 297.47265625 482 660.168701171875 312.608154296875 69 660.168701171875 312.608154296875 70 600.3978271484375 315.3531494140625 840 600.3978271484375 315.3531494140625 -1 606.3212890625 317.90402221679688 824 600.7060546875 319.52047729492188 774 682.19342041015625 318.10897827148438 -1 665.9306640625 322.70989990234375 836 659.69024658203125 324.9949951171875 479 681.71417236328125 337.05050659179688 -1 630.740966796875 350.31478881835938 775 681.9503173828125 353.3072509765625 -1 670.021240234375 363.33538818359375 -1 671.9122314453125 367.93475341796875 -1 632.58087158203125 394.9249267578125 -1 601.912109375 413.57345581054688 776 615.05645751953125 420.10980224609375 -1 597.17999267578125 425.91171264648438 -1 592.642822265625 434.044189453125 -1 570.139892578125 523.34454345703125 -1 681.68572998046875 187.9775390625 -1 644.410888671875 202.11483764648438 59 628.10064697265625 207.17453002929688 -1 628.10064697265625 207.17453002929688 -1 678.2607421875 206.61288452148438 759 610.0167236328125 209.12637329101562 -1 671.51251220703125 213.38890075683594 100 630.46307373046875 241.79783630371094 586 603.6322021484375 266.82870483398438 784 682.1181640625 268.22137451171875 641 663.6055908203125 279.07470703125 89 671.2176513671875 282.29879760742188 424 680.7392578125 309.9161376953125 767 667.234130859375 356.0172119140625 -1 654.48883056640625 374.88616943359375 134 673.945068359375 376.06719970703125 -1 631.74566650390625 450.5576171875 -1 631.74566650390625 450.5576171875 -1 643.627197265625 203.76101684570312 59 659.57867431640625 211.67381286621094 523 672.15484619140625 244.59495544433594 780 626.87799072265625 280.89837646484375 588 613.74652099609375 316.21853637695312 -1 587.16522216796875 382.25018310546875 -1 597.768798828125 404.4498291015625 789 679.4801025390625 189.7218017578125 81 634.43701171875 198.1690673828125 591 595.1351318359375 216.1768798828125 -1 679.275634765625 221.24217224121094 65 595.8548583984375 310.09255981445312 807 596.998291015625 325.31149291992188 659 617.82989501953125 198.37046813964844 742 679.12884521484375 221.4423828125 -1 648.6107177734375 261.43313598632812 -1 625.1820068359375 283.31390380859375 792 676.890869140625 329.2523193359375 402 677.5018310546875 346.89886474609375 671 584.4332275390625 385.62802124023438 -1 629.82720947265625 399.67123413085938 -1 612.200927734375 432.27667236328125 -1 612.200927734375 432.27667236328125 794 601.7188720703125 443.994384765625 662 668.7335205078125 174.53910827636719 658 642.4608154296875 245.34483337402344 795 642.4608154296875 245.34483337402344 113 622.06231689453125 255.48460388183594 791 626.11663818359375 345.75482177734375 -1 643.7442626953125 350.66622924804688 -1 604.74029541015625 351.97518920898438 -1 647.1988525390625 422.16827392578125 793 630.0367431640625 431.35848999023438 -1 596.57244873046875 258.19549560546875 796 672.12579345703125 427.13473510742188 790 701.2545166015625 391.973876953125 -1 606.5848388671875 319.42422485351562 746 638.08001708984375 167.30215454101562 797 
35 0.88011337696986269 -0.050526912394971202 -0.38508593164147897 -0.27304999552160741 5.6213971882466982 -1.5152896602746582 3.4151190103387323 1 video_01_frame_0075.jpg
580.318603515625 172.10708618164062 -1 617.265380859375 186.06289672851562 666 622.007080078125 186.1707763671875 810 600.11029052734375 200.09722900390625 751 616.82666015625 203.26097106933594 -1 587.604248046875 205.29385375976562 -1 599.50244140625 206.56132507324219 799 607.8916015625 208.67607116699219 -1 607.8916015625 208.67607116699219 -1 664.80810546875 208.70182800292969 523 664.80810546875 208.70182800292969 523 636.74908447265625 209.98161315917969 -1 659.61248779296875 211.00401306152344 489 666.13592529296875 213.36174011230469 -1 666.13592529296875 213.36174011230469 -1 594.5904541015625 215.471923828125 -1 594.5904541015625 215.471923828125 752 647.0909423828125 215.78628540039062 835 601.5101318359375 218.09159851074219 764 601.5101318359375 218.09159851074219 765 668.100341796875 219.32366943359375 126 669.463623046875 222.67086791992188 545 613.150146484375 224.07257080078125 848 668.482421875 242.53341674804688 161 627.31640625 289.4749755859375 -1 677.2938232421875 301.39743041992188 21 677.2938232421875 301.39743041992188 22 623.1766357421875 314.103759765625 -1 638.53375244140625 315.72952270507812 806 684.45013427734375 316.40155029296875 -1 638.9158935546875 321.81484985351562 -1 674.2440185546875 323.35952758789062 295 671.63818359375 330.07907104492188 401 664.9425048828125 337.11688232421875 132 679.914794921875 354.33636474609375 -1 682.394775390625 363.3612060546875 573 604.68304443359375 407.59738159179688 814 637.11077880859375 412.0384521484375 -1 620.9442138671875 413.688720703125 769 620.9442138671875 413.688720703125 770 604.355224609375 419.7279052734375 -1 604.355224609375 419.7279052734375 -1 677.15167236328125 179.38859558105469 618 647.3021240234375 195.13645935058594 623 647.3021240234375 195.13645935058594 336 653.43170166015625 197.60684204101562 624 653.43170166015625 197.60684204101562 34 608.16705322265625 202.01347351074219 760 653.472412109375 203.42601013183594 1 675.0223388671875 203.4541015625 105 625.635986328125 203.96688842773438 -1 625.635986328125 203.96688842773438 667 653.513427734375 212.35295104980469 609 625.8052978515625 212.81411743164062 -1 607.5487060546875 213.37338256835938 -1 585.22747802734375 215.69241333007812 779 617.798095703125 215.051025390625 771 617.798095703125 215.051025390625 737 612.65625 216.1544189453125 763 590.3197021484375 216.44406127929688 772 634.651123046875 216.42950439453125 576 634.651123046875 216.42950439453125 762 609.23345947265625 219.70463562011719 -1 659.40814208984375 224.11141967773438 11 658.6370849609375 239.32412719726562 801 658.6370849609375 239.32412719726562 42 619.34075927734375 253.7481689453125 -1 598.71856689453125 266.02005004882812 -1 674.26141357421875 275.14651489257812 407 683.2769775390625 296.92767333984375 482 667.9771728515625 305.1751708984375 43 667.9771728515625 305.1751708984375 44 620.8997802734375 310.32614135742188 -1 620.8997802734375 310.32614135742188 -1 670.215087890625 318.8504638671875 836 379.25643920898438 323.36160278320312 -1 660.5372314453125 333.876708984375 289 374.95822143554688 342.06381225585938 -1 659.11700439453125 360.72259521484375 156 673.27557373046875 362.97174072265625 -1 659.5240478515625 368.0794677734375 201 681.67474365234375 379.5848388671875 -1 602.73236083984375 413.73202514648438 847 602.73236083984375 413.73202514648438 776 676.3648681640625 434.091552734375 214 602.074951171875 179.96878051757812 -1 675.75506591796875 189.85966491699219 -1 648.56683349609375 201.27549743652344 59 580.87237548828125 203.08868408203125 -1 661.4656982421875 203.56109619140625 60 591.5186767578125 211.83372497558594 778 648.5386962890625 221.03204345703125 281 646.8995361328125 227.3359375 627 620.716064453125 231.96226501464844 613 626.30450439453125 233.26287841796875 -1 588.2523193359375 242.92401123046875 -1 639.619384765625 242.9619140625 -1 661.6756591796875 244.98153686523438 403 590.0584716796875 260.974365234375 754 623.34844970703125 291.19842529296875 -1 614.4764404296875 295.93740844726562 823 682.7646484375 309.6563720703125 767 602.69012451171875 316.639892578125 840 602.69012451171875 316.639892578125 -1 609.2979736328125 318.6494140625 824 603.355712890625 320.03765869140625 -1 603.355712890625 320.03765869140625 774 668.77099609375 322.73736572265625 836 662.94952392578125 324.96157836914062 479 413.60385131835938 326.94207763671875 -1 683.5687255859375 336.30633544921875 -1 596.229248046875 386.5894775390625 -1 618.39129638671875 420.93527221679688 -1 599.24285888671875 426.35772705078125 -1 680.4840087890625 171.75779724121094 825 680.9605712890625 206.13908386230469 759 613.33843994140625 209.42617797851562 -1 674.2314453125 213.42047119140625 100 588.76629638671875 242.91557312011719 -1 606.71966552734375 267.50909423828125 784 666.45654296875 279.08251953125 89 674.22943115234375 282.01446533203125 424 609.4710693359375 294.6339111328125 -1 609.4710693359375 294.6339111328125 -1 670.6627197265625 356.14111328125 -1 676.352783203125 376.0078125 -1 691.271484375 378.29046630859375 758 596.65667724609375 387.0145263671875 788 599.2335205078125 417.9775390625 786 662.605224609375 211.68099975585938 523 674.96533203125 244.37136840820312 780 599.747802734375 405.157470703125 789 681.3887939453125 189.72686767578125 81 637.8424072265625 198.38554382324219 591 622.4832763671875 198.99142456054688 742 647.753173828125 210.67318725585938 84 597.92498779296875 217.02301025390625 -1 681.314453125 221.07652282714844 65 657.40338134765625 256.72149658203125 670 598.048828125 310.430419921875 807 599.3076171875 325.93222045898438 659 597.5869140625 340.12884521484375 -1 621.94866943359375 344.63229370117188 803 634.13409423828125 400.71197509765625 -1 647.82421875 210.76304626464844 84 626.37933349609375 255.64653015136719 791 627.96435546875 283.98568725585938 792 678.7093505859375 328.67620849609375 402 309.1680908203125 345.98202514648438 830 679.2626953125 347.3778076171875 671 694.7322998046875 382.34164428710938 787 614.8114013671875 432.9261474609375 794 669.5821533203125 174.53684997558594 658 628.3211669921875 346.49179077148438 -1 647.0960693359375 349.75180053710938 -1 584.163330078125 388.55084228515625 -1 650.0166015625 423.01730346679688 793 674.665283203125 426.45297241210938 790 633.1259765625 433.736083984375 -1 604.9737548828125 445.12579345703125 662 645.74658203125 245.12557983398438 795 645.74658203125 245.12557983398438 113 599.1968994140625 258.17282104492188 796 605.890869140625 353.38180541992188 -1 608.26953125 319.40966796875 746 574.32958984375 401.88754272460938 -1 638.28607177734375 167.84425354003906 797 
36 0.96471562866603766 -0.053752027944757412 -0.2007828203655625 -0.1616191026623027 3.0405413925660874 -0.40869018899396764 1.563675024324253 1 video_01_frame_0071.jpg
598.367919921875 199.9332275390625 667 673.279052734375 200.36135864257812 61 670.727294921875 204.125 637 663.4879150390625 205.79299926757812 525 593.501220703125 209.24113464355469 771 593.501220703125 209.24113464355469 737 616.42559814453125 215.9530029296875 835 673.97259521484375 216.23136901855469 306 590.181884765625 218.1627197265625 -1 590.181884765625 218.1627197265625 -1 623.8504638671875 218.99699401855469 599 628.977783203125 221.56268310546875 526 628.977783203125 221.56268310546875 571 641.42236328125 223.20809936523438 126 639.424560546875 242.49349975585938 192 683.31610107421875 247.75163269042969 600 590.729736328125 248.78036499023438 -1 609.44390869140625 262.28146362304688 755 641.96466064453125 264.72589111328125 509 609.55548095703125 265.80245971679688 -1 609.55548095703125 265.80245971679688 663 587.099609375 270.61126708984375 -1 603.2821044921875 310.7999267578125 738 667.7646484375 311.04827880859375 129 667.7646484375 311.04827880859375 502 676.17919921875 322.81488037109375 603 676.17919921875 322.81488037109375 406 678.27960205078125 335.18515014648438 -1 664.0521240234375 343.25433349609375 -1 640.260986328125 353.93832397460938 227 658.6724853515625 354.92803955078125 451 658.6724853515625 354.92803955078125 451 649.97210693359375 355.12115478515625 572 592.2230224609375 360.8603515625 -1 613.1805419921875 362.05780029296875 -1 676.1324462890625 367.27828979492188 94 663.4375 372.26547241210938 573 669.79498291015625 371.875244140625 -1 588.61474609375 379.28173828125 -1 614.54901123046875 391.66473388671875 -1 651.544189453125 397.42578125 252 660.75677490234375 401.72665405273438 56 654.4212646484375 406.210693359375 57 674.5059814453125 415.81271362304688 -1 600.6595458984375 418.59701538085938 -1 639.60107421875 425.4814453125 473 634.427001953125 426.46160888671875 -1 649.090087890625 442.17648315429688 -1 675.59417724609375 178.9349365234375 574 603.37109375 184.74241638183594 666 649.35888671875 184.95541381835938 618 617.30126953125 195.09341430664062 336 644.1827392578125 204.915771484375 529 666.677978515625 208.60183715820312 64 580.08306884765625 212.03802490234375 611 607.384033203125 214.30345153808594 576 611.85540771484375 219.38314819335938 656 595.6478271484375 226.32080078125 613 644.0010986328125 226.80630493164062 545 605.3734130859375 229.1695556640625 739 625.86700439453125 234.60150146484375 508 586.08038330078125 250.76280212402344 -1 606.1318359375 253.3531494140625 469 663.91351318359375 264.3883056640625 553 633.99761962890625 284.0908203125 475 602.049560546875 306.30422973632812 -1 602.049560546875 306.30422973632812 -1 682.6121826171875 306.14309692382812 610 656.6700439453125 307.8443603515625 21 656.6700439453125 307.8443603515625 22 641.3897705078125 309.9520263671875 43 641.3897705078125 309.9520263671875 44 607.87200927734375 313.34445190429688 806 656.14471435546875 319.70669555664062 577 594.9129638671875 325.44143676757812 -1 650.9075927734375 330.58804321289062 -1 650.9075927734375 330.58804321289062 295 660.1744384765625 333.50271606445312 512 647.91552734375 335.41644287109375 401 634.0228271484375 336.8365478515625 289 663.83294677734375 336.36004638671875 331 596.5006103515625 344.27536010742188 -1 655.5830078125 348.28179931640625 205 646.5201416015625 349.2127685546875 198 667.15814208984375 348.84661865234375 481 654.9949951171875 362.73388671875 477 633.3797607421875 378.98919677734375 134 642.57818603515625 379.5545654296875 578 669.117919921875 410.6763916015625 608 669.117919921875 410.6763916015625 78 670.6990966796875 417.81524658203125 165 608.27618408203125 421.47946166992188 -1 608.27618408203125 421.47946166992188 -1 641.1348876953125 434.47833251953125 579 624.5325927734375 204.83500671386719 1 589.61456298828125 205.44390869140625 -1 632.773193359375 206.47244262695312 60 625.052978515625 212.8807373046875 609 630.9539794921875 214.57395935058594 489 667.4736328125 219.86212158203125 415 619.19805908203125 221.67778015136719 281 653.51641845703125 224.84524536132812 65 630.73785400390625 226.435546875 11 599.712646484375 229.22000122070312 -1 642.04254150390625 234.81002807617188 581 585.9949951171875 241.48606872558594 -1 642.87420654296875 245.94000244140625 161 587.1484375 258.7379150390625 -1 648.3519287109375 281.35208129882812 407 639.6175537109375 304.4560546875 68 665.70989990234375 305.0819091796875 582 662.825439453125 311.29931640625 71 662.825439453125 311.29931640625 72 613.3914794921875 311.75674438476562 806 637.2391357421875 315.58526611328125 69 637.2391357421875 315.58526611328125 70 607.8592529296875 316.720458984375 -1 607.8592529296875 316.720458984375 -1 638.377197265625 321.747802734375 46 638.377197265625 321.747802734375 47 613.81549072265625 322.93215942382812 -1 662.8585205078125 324.41946411132812 480 613.05316162109375 344.67181396484375 583 661.21875 347.60455322265625 490 629.04083251953125 353.5960693359375 514 646.02386474609375 361.4713134765625 -1 660.9462890625 361.60446166992188 -1 668.9415283203125 380.94564819335938 292 668.9415283203125 380.94564819335938 95 610.23681640625 402.09078979492188 -1 610.23681640625 402.09078979492188 -1 635.48175048828125 409.08843994140625 -1 612.43682861328125 413.5120849609375 -1 676.77679443359375 420.8790283203125 96 654.3994140625 424.79339599609375 172 681.27447509765625 428.35919189453125 -1 606.38134765625 440.66278076171875 -1 656.46868896484375 441.2867431640625 214 604.9613037109375 531.3695068359375 584 604.9613037109375 531.3695068359375 585 652.8682861328125 194.86369323730469 81 603.212646484375 219.82841491699219 -1 605.78704833984375 239.13385009765625 586 623.48309326171875 240.39822387695312 587 630.56005859375 240.49888610839844 42 669.494384765625 256.40777587890625 88 618.00830078125 259.55801391601562 470 674.142333984375 263.20159912109375 -1 604.3367919921875 277.23193359375 588 640.9725341796875 282.9266357421875 89 640.9725341796875 282.9266357421875 166 649.92724609375 287.6826171875 424 663.577880859375 317.76699829101562 638 636.9853515625 328.0650634765625 479 681.357421875 357.73361206054688 -1 661.6444091796875 379.81396484375 178 661.6444091796875 379.81396484375 178 617.44091796875 421.30841064453125 589 656.47442626953125 441.29583740234375 -1 635.4521484375 189.20458984375 404 617.76416015625 203.48069763183594 59 660.03955078125 212.93864440917969 99 649.62603759765625 218.84239196777344 100 680.2894287109375 271.5018310546875 122 666.08258056640625 277.02484130859375 102 666.08258056640625 277.02484130859375 -1 637.39752197265625 349.0107421875 279 665.591064453125 387.434814453125 103 665.591064453125 387.434814453125 179 661.29644775390625 431.20428466796875 515 597.25836181640625 195.4488525390625 742 609.2366943359375 196.8514404296875 591 650.5885009765625 206.30937194824219 105 635.435791015625 214.56358337402344 523 635.435791015625 214.56358337402344 523 679.5506591796875 222.17001342773438 614 630.58538818359375 237.00100708007812 -1 657.53973388671875 270.00112915039062 108 645.262939453125 270.85433959960938 107 677.37762451171875 387.92950439453125 615 642.1712646484375 411.98089599609375 -1 642.1712646484375 411.98089599609375 516 677.942138671875 421.31478881835938 -1 677.66571044921875 190.9322509765625 -1 677.66571044921875 190.9322509765625 -1 619.1534423828125 212.58505249023438 84 658.72381591796875 229.57864379882812 119 658.46185302734375 246.10455322265625 441 600.43212890625 251.8013916015625 791 624.1763916015625 261.51434326171875 -1 624.1763916015625 261.51434326171875 -1 595.1173095703125 294.54647827148438 830 597.80120849609375 320.8253173828125 659 692.438720703125 382.28695678710938 -1 663.4073486328125 177.31561279296875 658 617.41363525390625 246.09916687011719 113 675.6571044921875 275.7977294921875 641 674.636474609375 331.13165283203125 429 625.6649169921875 422.39093017578125 -1 601.1207275390625 442.185546875 -1 644.8253173828125 355.09039306640625 593 644.8253173828125 355.09039306640625 519 597.18359375 198.50564575195312 -1 597.18359375 198.50564575195312 -1 647.47216796875 309.4525146484375 616 700.40667724609375 391.9908447265625 -1 608.786865234375 318.9560546875 834 635.7733154296875 169.46333312988281 636 
37 0.88110790192994026 -0.049875437021959866 -0.38257439330433168 -0.27349248531963338 5.6042411650363588 -1.4994547020588316 3.3768928429706166 1 video_01_frame_0077.jpg
686.0023193359375 184.48995971679688 -1 685.8992919921875 189.20494079589844 -1 583.73382568359375 192.53520202636719 777 599.67071533203125 192.40087890625 -1 584.53265380859375 199.59153747558594 -1 600.5543212890625 200.02178955078125 751 617.4371337890625 203.26823425292969 -1 588.3720703125 205.37443542480469 -1 596.7117919921875 205.3741455078125 799 637.6219482421875 205.19534301757812 -1 599.839111328125 206.4669189453125 799 599.15740966796875 210.30998229980469 799 660.2322998046875 211.07492065429688 489 666.736328125 213.20219421386719 -1 595.1209716796875 215.48812866210938 -1 595.1209716796875 215.48812866210938 752 585.58001708984375 216.0035400390625 779 668.8604736328125 219.244384765625 126 671.7232666015625 221.26287841796875 545 590.0474853515625 224.83213806152344 -1 613.833984375 224.54136657714844 848 586.36767578125 225.68009948730469 -1 637.10205078125 270.342041015625 663 677.996826171875 301.21395874023438 21 677.996826171875 301.21395874023438 22 668.608642578125 305.08575439453125 44 595.10595703125 310.07254028320312 807 592.41619873046875 326.4710693359375 -1 672.348388671875 329.92547607421875 401 665.514892578125 337.23764038085938 132 685.43621826171875 344.20782470703125 -1 593.7215576171875 349.40301513671875 -1 683.04876708984375 363.54095458984375 573 681.6513671875 370.76828002929688 178 689.867431640625 375.80462646484375 -1 676.54315185546875 393.637939453125 158 621.6556396484375 413.67999267578125 769 621.6556396484375 413.67999267578125 770 605.87158203125 420.35800170898438 -1 605.87158203125 420.35800170898438 -1 626.3089599609375 422.73577880859375 -1 626.3089599609375 422.73577880859375 -1 650.41265869140625 185.71080017089844 665 611.82177734375 185.71798706054688 666 647.91998291015625 195.10186767578125 623 647.91998291015625 195.10186767578125 336 653.94183349609375 197.78764343261719 624 653.94183349609375 197.78764343261719 34 609.01885986328125 202.13894653320312 760 654.0850830078125 203.43302917480469 1 626.32568359375 204.22323608398438 -1 626.32568359375 204.22323608398438 667 654.04791259765625 212.31307983398438 609 626.43914794921875 212.768798828125 -1 608.0455322265625 213.29539489746094 -1 618.3526611328125 215.18807983398438 771 613.4459228515625 216.30900573730469 763 635.10546875 216.32760620117188 762 590.89984130859375 216.51150512695312 772 659.95257568359375 224.07328796386719 11 598.8939208984375 230.75144958496094 -1 598.8939208984375 230.75144958496094 -1 621.57452392578125 230.72286987304688 613 659.24517822265625 239.35922241210938 801 659.24517822265625 239.35922241210938 42 599.053466796875 265.91110229492188 -1 674.5958251953125 275.225830078125 407 683.9322509765625 296.908203125 482 621.4742431640625 310.42019653320312 -1 621.4742431640625 310.42019653320312 -1 665.95697021484375 317.652099609375 46 665.95697021484375 317.652099609375 47 661.1246337890625 333.88900756835938 289 659.7891845703125 360.61129760742188 156 673.18206787109375 363.0538330078125 -1 660.3353271484375 367.9417724609375 201 682.529541015625 379.40875244140625 -1 634.951171875 411.38168334960938 -1 634.951171875 411.38168334960938 -1 676.8359375 417.28173828125 172 677.1976318359375 434.00738525390625 214 676.14453125 189.88690185546875 -1 689.2611083984375 191.63027954101562 -1 675.681884765625 202.97244262695312 105 581.54638671875 203.30088806152344 -1 661.86962890625 203.55857849121094 60 592.13983154296875 211.92791748046875 778 639.8890380859375 220.96151733398438 656 649.13592529296875 221.0499267578125 281 647.6788330078125 227.34310913085938 627 671.7108154296875 237.69894409179688 -1 662.3807373046875 244.93939208984375 403 685.06463623046875 248.09548950195312 753 590.84783935546875 261.1085205078125 754 610.5819091796875 277.61407470703125 781 624.133056640625 291.417724609375 -1 683.4801025390625 309.52169799804688 767 663.824951171875 312.38720703125 69 663.824951171875 312.38720703125 70 604.01348876953125 319.9202880859375 -1 604.01348876953125 319.9202880859375 774 669.4583740234375 322.49215698242188 836 663.510498046875 324.97085571289062 479 684.251708984375 336.3154296875 -1 634.9349365234375 351.28890991210938 775 636.837646484375 395.59432983398438 -1 604.72747802734375 414.27035522460938 776 618.88763427734375 420.80209350585938 -1 599.94195556640625 426.46200561523438 -1 576.3231201171875 524.8914794921875 -1 576.3231201171875 524.8914794921875 -1 593.3941650390625 192.77781677246094 -1 648.29815673828125 202.30393981933594 59 581.1793212890625 204.073486328125 -1 632.12481689453125 206.77685546875 -1 613.61016845703125 209.29635620117188 -1 646.20819091796875 214.25651550292969 835 634.197265625 241.93417358398438 586 607.267333984375 267.48651123046875 784 667.19244384765625 278.937744140625 89 633.49859619140625 280.57455444335938 588 674.69189453125 282.1373291015625 424 615.2900390625 307.592041015625 -1 683.435791015625 309.49844360351562 767 616.0118408203125 315.82757568359375 -1 676.89239501953125 375.95419311523438 -1 691.73992919921875 378.05401611328125 758 600.00494384765625 417.9130859375 786 629.587158203125 447.45541381835938 782 681.6484375 206.0047607421875 759 663.62628173828125 211.46440124511719 523 630.67767333984375 222.14988708496094 783 675.513671875 244.41189575195312 780 659.64263916015625 255.33250427246094 670 598.26043701171875 388.1649169921875 788 681.935302734375 189.64189147949219 81 638.55511474609375 198.37228393554688 591 599.09600830078125 217.13743591308594 -1 681.8287353515625 221.10757446289062 65 591.9136962890625 244.33932495117188 -1 598.724365234375 309.96371459960938 807 600.26776123046875 325.83792114257812 659 600.80462646484375 405.28829956054688 789 648.4700927734375 210.71542358398438 84 629.17388916015625 283.4886474609375 792 679.52880859375 328.80413818359375 402 679.978759765625 347.45233154296875 671 695.702392578125 382.57177734375 787 632.88140869140625 399.445556640625 -1 615.59747314453125 433.32479858398438 -1 615.59747314453125 433.32479858398438 794 670.53509521484375 174.56488037109375 658 625.3009033203125 255.72735595703125 791 629.34234619140625 346.12130737304688 -1 647.72772216796875 349.97998046875 -1 610.005859375 353.60723876953125 -1 651.10546875 422.63705444335938 793 675.44775390625 426.7152099609375 790 605.08349609375 444.92465209960938 662 646.41693115234375 245.14520263671875 795 646.41693115234375 245.14520263671875 113 599.54541015625 257.63186645507812 796 608.8248291015625 316.58462524414062 746 638.79547119140625 167.92718505859375 797 
38 0.88055802492276714 -0.046797232832086692 -0.38246984907147835 -0.27594274459498963 5.6135270011425291 -1.4807540546574571 3.3498719986115284 1 video_01_frame_0079.jpg
580.646728515625 171.22135925292969 -1 686.03363037109375 183.42729187011719 -1 686.06512451171875 188.61245727539062 -1 657.2708740234375 195.14959716796875 798 600.65753173828125 199.42437744140625 751 665.32403564453125 208.05644226074219 523 665.32403564453125 208.05644226074219 523 598.888671875 209.41030883789062 799 660.0770263671875 210.39239501953125 489 594.9681396484375 214.68930053710938 -1 594.9681396484375 214.68930053710938 752 647.7825927734375 214.78933715820312 835 585.389892578125 215.50608825683594 779 601.919921875 217.29893493652344 764 601.919921875 217.29893493652344 765 668.69970703125 218.58010864257812 126 601.93658447265625 221.84701538085938 -1 589.9580078125 223.50888061523438 -1 672.65771484375 225.00930786132812 344 669.2340087890625 227.57669067382812 -1 630.3289794921875 267.46612548828125 -1 636.98895263671875 269.77127075195312 -1 636.98895263671875 269.77127075195312 663 685.3843994140625 285.1717529296875 756 678.15008544921875 300.4700927734375 21 678.15008544921875 300.4700927734375 22 594.979248046875 309.6007080078125 807 632.4884033203125 310.3209228515625 757 674.99615478515625 322.665771484375 295 672.3206787109375 329.40142822265625 401 673.92315673828125 335.90203857421875 -1 685.43988037109375 344.2247314453125 -1 596.919921875 347.35617065429688 -1 596.919921875 347.35617065429688 -1 680.63641357421875 354.11749267578125 -1 683.27734375 362.5504150390625 573 603.4097900390625 413.219482421875 847 621.7464599609375 413.22869873046875 769 608.1380615234375 421.1824951171875 -1 608.1380615234375 421.1824951171875 -1 626.362548828125 422.28900146484375 -1 626.362548828125 422.28900146484375 -1 519.364013671875 495.46844482421875 -1 547.6697998046875 514.32513427734375 -1 555.61322021484375 518.3663330078125 -1 743.27001953125 521.33489990234375 -1 598.62127685546875 178.56436157226562 -1 647.87725830078125 194.26153564453125 623 647.87725830078125 194.26153564453125 336 653.72686767578125 196.79071044921875 624 653.72686767578125 196.79071044921875 34 608.758056640625 201.185546875 760 653.947998046875 202.5467529296875 1 626.09259033203125 203.1561279296875 -1 626.09259033203125 203.1561279296875 667 653.8411865234375 211.291259765625 609 626.31732177734375 211.98924255371094 -1 608.023681640625 212.7186279296875 -1 618.1861572265625 214.35845947265625 771 618.1861572265625 214.35845947265625 737 613.02386474609375 215.45416259765625 763 590.6688232421875 215.8236083984375 772 609.56121826171875 218.93899536132812 -1 613.48504638671875 223.15460205078125 848 659.9898681640625 223.31938171386719 11 598.3319091796875 228.34922790527344 -1 659.122802734375 238.60350036621094 42 621.81903076171875 242.97538757324219 -1 619.5506591796875 253.02645874023438 -1 599.2427978515625 265.413330078125 -1 637.09515380859375 269.84149169921875 -1 637.09515380859375 269.84149169921875 -1 674.8316650390625 274.445068359375 407 684.1748046875 295.90191650390625 482 671.0308837890625 317.63418579101562 836 661.37158203125 333.26129150390625 289 665.5526123046875 336.52154541015625 132 659.91583251953125 360.1903076171875 156 673.548583984375 362.653076171875 -1 598.9842529296875 364.46920776367188 -1 660.42694091796875 367.47055053710938 201 681.63079833984375 369.64825439453125 178 677.559326171875 433.80538940429688 214 676.1256103515625 188.93449401855469 -1 689.0697021484375 190.96685791015625 -1 649.14544677734375 200.21946716308594 59 675.58160400390625 202.15036010742188 105 661.99017333984375 202.54690551757812 60 639.7044677734375 220.19023132324219 656 649.09747314453125 220.29122924804688 281 647.443115234375 226.42453002929688 627 626.321044921875 232.76310729980469 -1 671.642578125 236.93247985839844 -1 590.7891845703125 260.57345581054688 754 623.80084228515625 290.53378295898438 -1 616.347412109375 295.55413818359375 823 683.52069091796875 308.93630981445312 767 610.06622314453125 318.01544189453125 824 603.9310302734375 319.13507080078125 -1 603.9310302734375 319.13507080078125 774 684.00799560546875 318.97528076171875 -1 669.64654541015625 321.60498046875 836 663.46490478515625 324.378662109375 479 635.1414794921875 350.44650268554688 775 675.97454833984375 366.41876220703125 -1 636.85498046875 395.447265625 -1 618.7952880859375 420.325439453125 -1 600.1285400390625 426.70370483398438 -1 592.73358154296875 191.82669067382812 -1 689.69677734375 190.81756591796875 596 648.47509765625 200.89213562011719 59 613.517333984375 208.693603515625 -1 674.68695068359375 212.28305053710938 100 645.00982666015625 260.5538330078125 470 607.1383056640625 266.80133056640625 784 667.163330078125 278.2816162109375 89 633.6810302734375 279.85562133789062 588 674.6549072265625 281.25851440429688 424 657.99407958984375 374.08380126953125 134 677.6134033203125 375.0338134765625 -1 600.0992431640625 417.7366943359375 786 681.62969970703125 205.18069458007812 759 664.0023193359375 210.25244140625 523 616.8050537109375 315.56842041015625 -1 601.68951416015625 325.48095703125 659 643.6429443359375 372.75634765625 -1 589.7222900390625 382.30426025390625 -1 589.7222900390625 382.30426025390625 -1 598.276611328125 387.6619873046875 788 600.69921875 405.04376220703125 789 681.8782958984375 188.74777221679688 81 638.31903076171875 197.52749633789062 591 599.14794921875 216.55514526367188 -1 681.763671875 220.35372924804688 65 598.35919189453125 309.28143310546875 807 671.60748291015625 174.0174560546875 658 621.7470703125 197.98208618164062 742 648.32025146484375 209.97447204589844 84 598.43182373046875 309.37579345703125 -1 679.50274658203125 328.05682373046875 402 679.9603271484375 346.82321166992188 671 587.09228515625 385.628173828125 -1 615.5870361328125 432.84628295898438 -1 615.5870361328125 432.84628295898438 794 634.2716064453125 434.689697265625 -1 625.104736328125 255.402587890625 791 619.3809814453125 325.13479614257812 -1 629.005615234375 346.08770751953125 -1 647.5587158203125 351.52792358398438 -1 651.54327392578125 421.54925537109375 793 675.7701416015625 426.3515625 790 605.22271728515625 444.69439697265625 662 646.277099609375 244.23655700683594 795 646.277099609375 244.23655700683594 113 599.52783203125 257.50018310546875 796 608.7347412109375 315.6103515625 746 639.36700439453125 166.96318054199219 797 
39 0.8803762180244088 -0.048163476111049146 -0.38294251668744844 -0.27563204316447404 5.6146138192509651 -1.5011858452829347 3.3382865689167542 1 video_01_frame_0081.jpg
583.21905517578125 172.55821228027344 -1 583.21905517578125 172.55821228027344 -1 595.96600341796875 177.427734375 -1 686.0626220703125 182.69796752929688 -1 583.17529296875 185.99742126464844 777 685.96728515625 187.90843200683594 -1 583.42388916015625 191.21963500976562 777 638.42706298828125 194.04254150390625 -1 608.51751708984375 200.79031372070312 760 617.17449951171875 201.9180908203125 -1 587.45068359375 203.8575439453125 -1 599.6475830078125 205.10879516601562 799 665.583251953125 207.19450378417969 523 665.583251953125 207.19450378417969 523 598.9873046875 209.01290893554688 799 660.18896484375 209.50968933105469 489 594.609375 209.99200439453125 -1 594.83270263671875 214.19708251953125 -1 594.83270263671875 214.19708251953125 752 647.6993408203125 214.34567260742188 835 585.4669189453125 214.98765563964844 779 601.7955322265625 216.46560668945312 764 601.7955322265625 216.46560668945312 765 643.8746337890625 218.12370300292969 655 643.8746337890625 218.12370300292969 621 668.69232177734375 217.77098083496094 126 589.92108154296875 222.97039794921875 -1 613.59765625 223.01376342773438 848 604.3260498046875 224.43583679199219 -1 669.1849365234375 241.466552734375 161 667.2247314453125 271.90399169921875 194 667.2247314453125 271.90399169921875 195 685.47918701171875 284.99835205078125 756 678.183837890625 300.22274780273438 21 678.183837890625 300.22274780273438 22 610.4150390625 302.49331665039062 -1 669.0078125 304.08169555664062 43 669.0078125 304.08169555664062 44 622.0435791015625 313.42047119140625 -1 675.20330810546875 322.39450073242188 295 672.54052734375 328.989501953125 401 665.362548828125 336.41342163085938 132 671.7371826171875 343.25384521484375 198 685.777587890625 344.01889038085938 -1 683.7132568359375 362.1923828125 573 682.48834228515625 369.64938354492188 178 676.794677734375 393.08578491210938 158 686.26190185546875 400.83856201171875 -1 618.7286376953125 408.685302734375 -1 607.54644775390625 420.536865234375 -1 607.54644775390625 420.536865234375 -1 626.591064453125 422.021728515625 -1 689.48919677734375 431.57199096679688 33 596.127197265625 434.37118530273438 -1 657.32861328125 535.17041015625 -1 675.92578125 178.47148132324219 618 647.7440185546875 193.59466552734375 623 647.7440185546875 193.59466552734375 336 653.9254150390625 196.17417907714844 624 653.9254150390625 196.17417907714844 34 584.51434326171875 198.24186706542969 -1 653.98260498046875 201.91094970703125 1 675.4976806640625 201.65435791015625 105 626.1158447265625 202.834228515625 -1 653.839599609375 210.7593994140625 609 626.17529296875 211.57443237304688 -1 607.8096923828125 212.07774353027344 -1 618.111083984375 213.80438232421875 771 613.02777099609375 214.92929077148438 763 634.955078125 215.00889587402344 762 590.45867919921875 215.19097900390625 772 609.5015869140625 218.15849304199219 -1 659.9398193359375 222.72434997558594 11 586.48095703125 227.551513671875 -1 621.261962890625 230.3240966796875 613 659.2474365234375 238.07998657226562 801 659.2474365234375 238.07998657226562 42 588.566650390625 258.12185668945312 754 674.88214111328125 274.02529907226562 407 684.1767578125 295.74847412109375 482 681.25909423828125 302.61758422851562 -1 665.8616943359375 316.96807861328125 46 665.8616943359375 316.96807861328125 47 661.20843505859375 332.970703125 289 660.1680908203125 359.6153564453125 156 599.70062255859375 364.40185546875 -1 660.80230712890625 367.1480712890625 201 635.31390380859375 410.62680053710938 -1 635.31390380859375 410.62680053710938 -1 603.66363525390625 412.96542358398438 847 603.66363525390625 412.96542358398438 776 619.65631103515625 420.742919921875 -1 677.7744140625 433.4639892578125 214 668.8377685546875 180.80503845214844 565 661.4232177734375 182.54434204101562 -1 676.0233154296875 188.40695190429688 -1 649.2579345703125 199.60934448242188 59 661.8941650390625 202.03927612304688 60 591.5726318359375 210.86752319335938 778 674.83050537109375 211.7872314453125 100 639.83319091796875 219.74197387695312 656 649.034423828125 219.62158203125 281 647.61920166015625 225.95175170898438 627 626.98870849609375 231.718994140625 -1 662.39312744140625 243.61961364746094 403 685.020751953125 246.94342041015625 753 624.8919677734375 251.85650634765625 766 629.71435546875 265.49652099609375 -1 629.71435546875 265.49652099609375 -1 684.81512451171875 266.58364868164062 641 610.551513671875 276.558837890625 781 674.16241455078125 280.73922729492188 -1 664.022705078125 311.34619140625 69 664.022705078125 311.34619140625 70 603.984619140625 319.16314697265625 774 669.92822265625 320.98880004882812 836 663.6767578125 323.93487548828125 479 684.50311279296875 335.15655517578125 -1 634.8829345703125 349.88107299804688 775 673.5509033203125 362.10821533203125 -1 676.3443603515625 366.05465698242188 -1 637.21588134765625 395.20867919921875 -1 604.364013671875 413.2225341796875 776 619.283203125 420.3150634765625 -1 600.2044677734375 426.150146484375 -1 595.18536376953125 433.695068359375 -1 613.4637451171875 532.3865966796875 -1 593.456787109375 191.51835632324219 -1 613.3056640625 207.91116333007812 -1 646.126220703125 213.02764892578125 835 634.2005615234375 240.45072937011719 586 667.2642822265625 277.7445068359375 89 633.682861328125 279.23553466796875 588 674.80029296875 280.93875122070312 424 615.6070556640625 306.52493286132812 -1 683.71429443359375 308.36810302734375 767 658.39306640625 373.98178100585938 134 677.7484130859375 374.867919921875 -1 600.2686767578125 417.42205810546875 786 681.7247314453125 204.28703308105469 759 663.9281005859375 209.83256530761719 523 630.2916259765625 220.74661254882812 783 675.60784912109375 243.10136413574219 780 607.1708984375 266.468017578125 784 616.735107421875 315.09133911132812 -1 589.61761474609375 382.3880615234375 -1 589.61761474609375 382.3880615234375 -1 598.769775390625 387.9580078125 788 600.69989013671875 404.698974609375 789 681.97174072265625 187.97055053710938 81 638.412841796875 196.91470336914062 591 598.9111328125 215.69866943359375 -1 681.86444091796875 219.69541931152344 65 635.1756591796875 399.9638671875 -1 671.90521240234375 173.32650756835938 658 648.27166748046875 209.14532470703125 84 592.35345458984375 227.05253601074219 -1 598.56756591796875 309.984375 807 599.0611572265625 325.61917114257812 659 679.638671875 327.733642578125 402 680.2098388671875 346.551513671875 671 587.0245361328125 385.60250854492188 -1 587.0245361328125 385.60250854492188 -1 615.532958984375 432.34124755859375 -1 615.532958984375 432.34124755859375 794 625.4517822265625 254.47772216796875 791 629.00048828125 345.239501953125 -1 647.84710693359375 350.14315795898438 -1 651.3912353515625 421.17974853515625 793 675.99578857421875 425.79962158203125 790 634.351318359375 432.3642578125 -1 605.5799560546875 444.48492431640625 662 646.36138916015625 243.7667236328125 795 646.36138916015625 243.7667236328125 113 600.17706298828125 258.09149169921875 796 608.60687255859375 317.5960693359375 746 638.633544921875 166.148681640625 797 
40 0.8803483965581187 -0.0493220188621947 -0.38267930177585835 -0.2758814802143274 5.6148615908970347 -1.5152732853476003 3.3286896224903089 1 video_01_frame_0083.jpg
583.78509521484375 191.27471923828125 777 638.758544921875 193.97100830078125 -1 658.2933349609375 194.23812866210938 798 584.72174072265625 198.27079772949219 -1 600.69189453125 198.73344421386719 751 581.93280029296875 201.00082397460938 -1 617.614013671875 201.957763671875 -1 588.088623046875 204.01126098632812 -1 621.2471923828125 203.85491943359375 -1 599.88726806640625 205.04013061523438 799 665.92138671875 207.04104614257812 523 665.92138671875 207.04104614257812 523 599.346923828125 208.9066162109375 799 660.6512451171875 209.67442321777344 489 604.40032958984375 209.67999267578125 -1 595.25445556640625 214.21537780761719 -1 595.25445556640625 214.21537780761719 752 602.278564453125 216.56918334960938 764 602.278564453125 216.56918334960938 765 644.5052490234375 218.0513916015625 655 644.5052490234375 218.0513916015625 621 669.2513427734375 217.83822631835938 126 590.032470703125 222.87469482421875 -1 586.412841796875 223.43203735351562 -1 613.9459228515625 223.00198364257812 848 673.47869873046875 224.9183349609375 344 669.759033203125 241.12576293945312 161 630.60321044921875 252.123779296875 -1 667.8255615234375 272.033447265625 194 667.8255615234375 272.033447265625 195 682.0123291015625 275.96624755859375 -1 678.7901611328125 300.40069580078125 21 678.7901611328125 300.40069580078125 22 669.76953125 304.20355224609375 44 595.35260009765625 309.72183227539062 807 675.9815673828125 322.77117919921875 295 673.3697509765625 329.00384521484375 401 459.90206909179688 335.61410522460938 -1 667.007080078125 336.33615112304688 132 686.1300048828125 340.14328002929688 -1 681.5037841796875 354.09466552734375 -1 568.08624267578125 360.14401245117188 -1 684.203369140625 362.61968994140625 573 591.8494873046875 364.36898803710938 -1 591.8494873046875 364.36898803710938 -1 510.6201171875 368.90283203125 -1 475.78500366210938 371.2135009765625 -1 517.3818359375 371.349609375 -1 677.9962158203125 379.98065185546875 364 611.78839111328125 410.5206298828125 -1 639.6837158203125 411.90167236328125 -1 622.51727294921875 413.45370483398438 769 607.4404296875 420.69281005859375 -1 607.4404296875 420.69281005859375 -1 638.1009521484375 426.60699462890625 -1 638.1009521484375 426.60699462890625 -1 648.25115966796875 193.4921875 623 648.25115966796875 193.4921875 336 654.1461181640625 196.2283935546875 624 654.1461181640625 196.2283935546875 34 608.9993896484375 200.83444213867188 760 613.06427001953125 201.44718933105469 761 613.06427001953125 201.44718933105469 -1 654.539794921875 201.76815795898438 1 676.2359619140625 201.66876220703125 105 626.49591064453125 202.69384765625 -1 626.49591064453125 202.69384765625 667 654.5726318359375 210.45988464355469 609 626.6348876953125 211.47319030761719 -1 608.390625 212.06475830078125 -1 618.4095458984375 213.68783569335938 771 647.379638671875 213.76089477539062 835 585.871826171875 214.52946472167969 779 613.43438720703125 214.7967529296875 763 635.6357421875 214.9674072265625 762 590.91058349609375 215.16165161132812 772 610.09033203125 218.42709350585938 -1 660.6124267578125 222.72735595703125 11 659.8079833984375 238.05430603027344 801 659.8079833984375 238.05430603027344 42 587.91937255859375 241.18679809570312 -1 675.43585205078125 274.20071411132812 407 666.93701171875 316.88424682617188 46 666.93701171875 316.88424682617188 47 661.91314697265625 333.0574951171875 289 660.7763671875 359.94540405273438 156 674.636474609375 362.4556884765625 -1 661.3359375 367.52142333984375 201 682.67156982421875 370.26156616210938 178 683.7103271484375 378.91903686523438 -1 514.658935546875 391.56451416015625 -1 678.6182861328125 433.970703125 214 650.57501220703125 183.9781494140625 665 676.67529296875 188.19438171386719 -1 612.96734619140625 201.39080810546875 -1 662.7890625 201.83964538574219 60 591.89739990234375 210.7523193359375 778 640.3074951171875 219.65277099609375 656 649.64447021484375 219.612060546875 281 647.965087890625 225.85653686523438 627 627.0965576171875 232.45599365234375 -1 662.82861328125 243.766357421875 403 685.87054443359375 246.69583129882812 753 625.30975341796875 250.78038024902344 766 589.9320068359375 259.506591796875 754 675.345458984375 274.27517700195312 407 624.28411865234375 290.36602783203125 -1 607.77545166015625 293.6602783203125 -1 607.77545166015625 293.6602783203125 -1 684.87274169921875 296.08203125 482 664.754150390625 311.48992919921875 69 664.754150390625 311.48992919921875 70 640.31597900390625 314.58364868164062 806 610.52587890625 317.95547485351562 824 604.50140380859375 319.18563842773438 774 670.589111328125 321.48538208007812 836 664.3565673828125 324.1004638671875 479 685.1265869140625 335.03399658203125 -1 635.365966796875 350.23019409179688 775 547.071533203125 351.40768432617188 -1 674.29388427734375 362.433349609375 -1 599.63916015625 364.6087646484375 -1 676.5501708984375 366.81719970703125 -1 504.28662109375 368.87725830078125 -1 591.044921875 370.2633056640625 -1 591.044921875 370.2633056640625 -1 490.16796875 373.54818725585938 -1 588.2501220703125 376.37115478515625 -1 522.24945068359375 377.95382690429688 -1 605.38824462890625 413.97689819335938 776 619.71466064453125 420.67623901367188 -1 600.82720947265625 426.596435546875 -1 594.7132568359375 191.8074951171875 -1 632.366455078125 205.59915161132812 -1 632.366455078125 205.59915161132812 -1 682.1309814453125 204.61735534667969 759 613.99908447265625 208.18359375 -1 675.4056396484375 211.68449401855469 100 667.803466796875 277.90106201171875 89 634.023681640625 279.59133911132812 588 675.4615478515625 280.96514892578125 424 684.38134765625 308.656005859375 767 463.9552001953125 328.092529296875 -1 508.9259033203125 374.18112182617188 -1 658.69580078125 374.1329345703125 134 678.5946044921875 375.39059448242188 -1 479.15399169921875 376.30453491210938 -1 479.15399169921875 376.30453491210938 -1 474.54586791992188 384.1419677734375 -1 497.88299560546875 388.26983642578125 -1 600.8834228515625 417.9984130859375 786 630.65234375 447.46856689453125 782 663.8370361328125 209.8814697265625 523 676.23028564453125 243.07920837402344 780 607.69775390625 266.56393432617188 784 602.832763671875 325.53128051757812 659 536.248046875 348.40402221679688 -1 566.207763671875 354.95822143554688 -1 566.207763671875 354.95822143554688 -1 644.40106201171875 372.806396484375 -1 583.3643798828125 376.67733764648438 -1 583.3643798828125 376.67733764648438 -1 485.3802490234375 387.28244018554688 -1 601.1434326171875 405.2613525390625 789 682.54852294921875 187.92453002929688 81 638.70159912109375 196.86900329589844 591 599.2169189453125 215.94378662109375 -1 682.5709228515625 219.56256103515625 65 630.06640625 281.1771240234375 792 596.10357666015625 290.97308349609375 -1 623.21533203125 344.29119873046875 803 577.89691162109375 350.16452026367188 -1 461.64218139648438 380.64010620117188 -1 600.232666015625 389.24472045898438 788 672.688232421875 173.10107421875 658 648.84307861328125 208.98492431640625 84 592.7286376953125 227.15753173828125 -1 599.01519775390625 324.89361572265625 -1 680.3856201171875 327.982421875 402 502.57550048828125 337.81231689453125 -1 486.73260498046875 347.20980834960938 -1 681.0523681640625 346.80145263671875 671 540.3956298828125 373.90521240234375 -1 697.11785888671875 382.35211181640625 787 589.17303466796875 400.61529541015625 -1 634.701416015625 399.97335815429688 -1 616.3653564453125 432.89169311523438 794 625.12738037109375 254.8802490234375 791 629.242919921875 346.05877685546875 -1 648.60797119140625 350.21405029296875 -1 510.46173095703125 387.766357421875 -1 652.2630615234375 421.44012451171875 793 676.6845703125 426.35482788085938 790 634.89544677734375 432.9771728515625 -1 606.27667236328125 444.99337768554688 662 646.95166015625 243.93634033203125 795 646.95166015625 243.93634033203125 113 600.3017578125 257.964111328125 796 549.2518310546875 341.05657958984375 -1 607.0177001953125 309.87237548828125 -1 705.6279296875 392.32894897460938 -1 639.5059814453125 166.07469177246094 797 
41 0.83645542506758108 -0.050037421491620049 -0.44874912163541791 -0.31058461674223864 6.2783325482715719 -2.0512138247983294 4.2774187499274916 1 video_01_frame_0085.jpg
608.742919921875 201.58731079101562 751 635.1058349609375 203.15670776367188 667 640.1270751953125 211.23870849609375 -1 660.01226806640625 212.08807373046875 -1 686.21990966796875 213.42990112304688 -1 601.5352783203125 213.15737915039062 -1 635.8819580078125 213.2789306640625 -1 635.8819580078125 213.2789306640625 -1 662.5081787109375 215.92861938476562 599 601.48089599609375 217.62069702148438 752 666.5650634765625 217.62808227539062 571 677.34228515625 219.41661071777344 545 664.0989990234375 230.98086547851562 508 667.900146484375 236.75369262695312 801 667.900146484375 236.75369262695312 42 676.3114013671875 239.37832641601562 -1 676.3616943359375 239.25079345703125 -1 666.59613037109375 241.01522827148438 -1 590.428955078125 242.08854675292969 -1 670.7291259765625 244.16288757324219 403 686.8253173828125 244.70523071289062 753 590.8643798828125 245.64956665039062 -1 594.62127685546875 255.81376647949219 -1 592.17230224609375 263.74981689453125 754 647.404052734375 264.04995727539062 755 670.36376953125 277.58901977539062 475 685.74993896484375 286.387451171875 756 627.00750732421875 289.61416625976562 -1 627.00750732421875 289.61416625976562 -1 675.354248046875 303.19955444335938 43 675.354248046875 303.19955444335938 44 614.5577392578125 304.5947265625 -1 641.30755615234375 308.2406005859375 757 667.94732666015625 310.97280883789062 -1 613.7471923828125 313.9942626953125 -1 678.132080078125 315.1051025390625 -1 678.132080078125 315.1051025390625 -1 679.3695068359375 327.28475952148438 401 619.737548828125 328.76187133789062 -1 644.4573974609375 332.52069091796875 -1 644.4573974609375 332.52069091796875 -1 683.8212890625 332.669189453125 -1 679.4957275390625 345.55819702148438 -1 601.0775146484375 347.35299682617188 -1 666.5987548828125 348.376953125 -1 649.6907958984375 359.0577392578125 -1 649.3372802734375 365.08648681640625 -1 649.3372802734375 365.08648681640625 -1 651.0484619140625 371.87716674804688 -1 691.21185302734375 376.58383178710938 758 636.25982666015625 386.83001708984375 -1 636.25982666015625 386.83001708984375 -1 650.6103515625 388.93316650390625 -1 603.037353515625 392.12362670898438 -1 578.7242431640625 400.4134521484375 -1 675.4017333984375 403.43096923828125 -1 609.00909423828125 410.5059814453125 -1 609.00909423828125 410.5059814453125 814 604.68927001953125 419.18380737304688 847 676.001708984375 424.916748046875 -1 647.9849853515625 427.84945678710938 -1 679.77276611328125 432.888916015625 214 599.350341796875 434.50607299804688 -1 747.64959716796875 508.65753173828125 -1 735.7977294921875 515.9959716796875 -1 678.40087890625 178.56454467773438 618 649.9453125 184.55564880371094 810 656.89215087890625 193.2403564453125 623 656.89215087890625 193.2403564453125 336 681.48565673828125 199.6973876953125 105 663.05157470703125 201.42617797851562 1 685.7181396484375 201.37612915039062 759 616.8726806640625 202.63980102539062 760 621.0997314453125 203.26437377929688 761 673.547607421875 204.82530212402344 523 615.71826171875 209.34222412109375 -1 663.3956298828125 209.19425964355469 609 668.1650390625 209.68185424804688 489 645.6396484375 215.24954223632812 762 622.2154541015625 216.96665954589844 763 609.9754638671875 219.62400817871094 764 609.9754638671875 219.62400817871094 765 668.29461669921875 221.66758728027344 11 668.29461669921875 221.66758728027344 -1 622.41943359375 224.64450073242188 848 631.0074462890625 231.5570068359375 613 643.63592529296875 255.94033813476562 469 621.3201904296875 256.42361450195312 766 623.902587890625 264.17855834960938 -1 623.902587890625 264.17855834960938 -1 597.33404541015625 265.16204833984375 -1 630.965087890625 266.99649047851562 -1 630.965087890625 266.99649047851562 -1 679.82843017578125 272.86996459960938 407 685.305908203125 296.14413452148438 -1 686.1627197265625 306.14666748046875 767 673.2984619140625 315.77554321289062 46 673.2984619140625 315.77554321289062 47 644.96002197265625 316.81829833984375 806 669.8817138671875 332.05020141601562 289 670.60406494140625 348.01605224609375 279 666.1600341796875 351.20468139648438 514 667.88397216796875 358.711669921875 156 646.55908203125 368.8270263671875 -1 573.46002197265625 402.51950073242188 -1 577.79949951171875 404.677978515625 -1 629.5352783203125 416.39608764648438 769 629.5352783203125 416.39608764648438 770 673.38250732421875 420.15167236328125 473 675.062255859375 428.6795654296875 579 631.09423828125 429.61749267578125 -1 648.56683349609375 434.90631103515625 -1 680.46630859375 194.34239196777344 -1 658.5006103515625 198.88095092773438 59 670.15472412109375 200.86222839355469 60 680.95440673828125 210.26644897460938 100 627.712158203125 214.9254150390625 771 627.712158203125 214.9254150390625 737 596.25042724609375 218.72500610351562 772 658.30517578125 219.6578369140625 281 594.94769287109375 234.28904724121094 -1 662.0919189453125 236.34849548339844 587 642.96844482421875 260.5941162109375 -1 675.48626708984375 275.64093017578125 89 680.486572265625 278.549072265625 424 598.82684326171875 294.9620361328125 -1 598.82684326171875 294.9620361328125 -1 672.3914794921875 309.907470703125 69 599.5120849609375 313.38397216796875 807 638.80987548828125 316.4088134765625 738 617.8731689453125 321.18109130859375 824 672.679931640625 322.5159912109375 479 611.4251708984375 323.30599975585938 774 666.18817138671875 326.83609008789062 -1 645.67431640625 342.78704833984375 -1 685.632568359375 344.59063720703125 -1 649.6787109375 347.5989990234375 583 644.3377685546875 350.95455932617188 775 678.0185546875 353.7154541015625 -1 591.239501953125 381.44219970703125 -1 644.9122314453125 387.72125244140625 -1 684.935791015625 413.74957275390625 -1 648.67108154296875 417.95028686523438 -1 610.29376220703125 418.4976806640625 776 627.33642578125 423.86395263671875 -1 682.50494384765625 170.23707580566406 825 684.657470703125 186.58494567871094 81 585.00311279296875 190.43890380859375 777 657.69989013671875 199.82975769042969 59 580.97998046875 213.45646667480469 -1 596.9171142578125 214.69662475585938 778 684.90374755859375 216.87008666992188 65 587.5084228515625 217.69639587402344 779 644.14337158203125 241.88548278808594 586 678.96484375 243.92539978027344 780 619.16229248046875 279.05380249023438 781 642.56134033203125 280.60897827148438 588 598.4339599609375 287.04638671875 -1 618.63995361328125 296.7799072265625 823 665.61981201171875 325.8604736328125 -1 665.61981201171875 325.8604736328125 -1 626.2640380859375 334.158203125 -1 681.9046630859375 364.77694702148438 -1 666.480224609375 373.02450561523438 134 674.0457763671875 409.52825927734375 516 626.70172119140625 423.4293212890625 -1 684.21875 429.77728271484375 -1 639.1219482421875 449.26119995117188 782 671.43231201171875 208.62162780761719 523 640.7738037109375 221.67727661132812 783 683.62835693359375 249.77891540527344 -1 615.34344482421875 269.41455078125 784 683.4307861328125 270.12249755859375 407 604.93572998046875 295.13531494140625 -1 607.0206298828125 315.43350219726562 840 683.795654296875 320.87460327148438 -1 609.888671875 329.85726928710938 -1 609.888671875 329.85726928710938 -1 644.6585693359375 341.91549682617188 -1 568.27227783203125 408.29010009765625 -1 647.85107421875 196.9359130859375 591 632.31988525390625 198.61801147460938 742 657.81622314453125 208.57510375976562 -1 657.81622314453125 208.57510375976562 84 635.1834716796875 301.298095703125 -1 682.74072265625 326.67938232421875 402 682.7342529296875 346.892333984375 -1 603.12384033203125 424.89910888671875 786 631.71136474609375 198.659423828125 742 621.34765625 283.859619140625 -1 632.939697265625 330.38226318359375 -1 626.31787109375 345.029052734375 803 696.69720458984375 382.66656494140625 787 602.7564697265625 394.126953125 788 604.23065185546875 411.0654296875 789 680.49920654296875 423.32269287109375 790 634.07952880859375 256.80224609375 791 637.09576416015625 285.69659423828125 792 588.05145263671875 399.78704833984375 -1 661.2568359375 419.1585693359375 793 620.2193603515625 433.40402221679688 -1 620.2193603515625 433.40402221679688 794 606.92547607421875 446.77401733398438 662 656.0584716796875 243.49131774902344 -1 656.0584716796875 243.49131774902344 795 541.20166015625 415.02508544921875 -1 604.69287109375 256.946533203125 796 634.99169921875 352.15728759765625 -1 637.16217041015625 281.947509765625 -1 607.3026123046875 320.37255859375 746 671.111083984375 322.22259521484375 -1 634.39581298828125 167.01116943359375 797 
43 0.9671543638155079 -0.034053247338638466 0.2254688389310146 0.11232370884819451 -3.9290724990334782 -0.1005479661194808 1.6938924905331683 1 video_01_frame_0089.jpg
589.46209716796875 190.74090576171875 34 606.27789306640625 196.47532653808594 117 636.1329345703125 196.36491394042969 -1 605.20751953125 200.88394165039062 474 623.3695068359375 210.37533569335938 546 678.89080810546875 210.74986267089844 -1 597.46856689453125 229.77059936523438 344 690.09326171875 243.65696716308594 -1 594.66790771484375 249.43923950195312 -1 675.1539306640625 250.48046875 547 675.21539306640625 256.56427001953125 -1 628.5213623046875 273.08975219726562 329 648.59112548828125 276.03427124023438 642 620.1634521484375 278.5872802734375 -1 591.178955078125 297.253662109375 -1 689.3966064453125 297.16790771484375 -1 595.9228515625 301.14877319335938 -1 660.13037109375 305.899658203125 -1 607.4788818359375 307.83499145507812 21 607.4788818359375 307.83499145507812 22 597.19512939453125 312.831298828125 216 689.4716796875 315.703369140625 -1 619.221435546875 316.5653076171875 129 631.1309814453125 320.2855224609375 272 659.0133056640625 328.5504150390625 -1 602.54705810546875 330.63345336914062 401 602.54705810546875 330.63345336914062 401 612.32440185546875 335.75405883789062 488 599.1378173828125 336.76467895507812 548 660.1646728515625 337.27609252929688 -1 660.1646728515625 337.27609252929688 -1 622.45758056640625 338.43798828125 -1 652.10382080078125 338.65902709960938 -1 652.10382080078125 338.65902709960938 -1 631.39849853515625 339.31646728515625 357 631.39849853515625 339.31646728515625 360 615.748046875 353.66204833984375 490 604.51239013671875 355.22930908203125 428 611.62939453125 355.74276733398438 451 617.04815673828125 358.05523681640625 363 609.14593505859375 362.07723999023438 -1 691.286376953125 362.50619506835938 -1 658.717041015625 384.58810424804688 -1 612.78955078125 387.10690307617188 -1 679.4097900390625 396.339111328125 -1 627.614990234375 427.45098876953125 165 682.4302978515625 432.877197265625 648 632.36590576171875 435.802490234375 -1 615.86004638671875 438.2662353515625 32 614.0748291015625 441.38592529296875 214 621.80169677734375 444.95086669921875 79 683.379638671875 446.24191284179688 -1 617.21014404296875 448.92987060546875 274 551.1334228515625 522.5994873046875 549 551.1334228515625 522.5994873046875 550 685.1444091796875 177.38656616210938 -1 680.8922119140625 179.35882568359375 393 660.13055419921875 184.49789428710938 268 655.03509521484375 185.59031677246094 423 649.3394775390625 186.13601684570312 443 669.2996826171875 204.74380493164062 2 658.87774658203125 207.36186218261719 538 682.8800048828125 207.50382995605469 -1 652.5029296875 208.07354736328125 -1 645.5289306640625 208.81155395507812 142 638.30865478515625 209.17828369140625 430 618.0863037109375 210.75967407226562 637 618.0863037109375 210.75967407226562 -1 673.05706787109375 211.13555908203125 4 613.15826416015625 212.75950622558594 64 655.35748291015625 215.2261962890625 123 670.13671875 216.08599853515625 551 588.54681396484375 216.70187377929688 -1 652.0572509765625 219.43699645996094 148 667.82293701171875 221.02621459960938 426 600.735595703125 222.82257080078125 65 595.957763671875 240.16252136230469 161 674.94580078125 246.45223999023438 -1 689.0855712890625 257.81106567382812 -1 680.87109375 263.86737060546875 -1 640.41448974609375 280.01776123046875 -1 689.33203125 282.87542724609375 -1 648.73699951171875 287.5184326171875 647 613.8033447265625 305.0853271484375 330 612.62237548828125 309.62210083007812 436 682.0120849609375 309.38003540039062 -1 592.06195068359375 312.19281005859375 -1 677.1617431640625 312.61935424804688 -1 678.3385009765625 319.06048583984375 -1 647.84442138671875 320.21429443359375 151 627.92572021484375 327.16049194335938 -1 627.92572021484375 327.16049194335938 -1 635.4571533203125 328.81060791015625 -1 635.4571533203125 328.81060791015625 -1 633.16021728515625 335.425048828125 500 633.16021728515625 335.425048828125 406 650.91595458984375 335.12591552734375 377 619.7303466796875 342.14923095703125 75 619.7303466796875 342.14923095703125 170 678.1771240234375 345.9949951171875 -1 595.311279296875 361.11932373046875 -1 602.64556884765625 372.38458251953125 -1 678.18988037109375 379.97994995117188 -1 624.6806640625 381.39572143554688 -1 682.55548095703125 393.46575927734375 -1 654.33038330078125 393.66644287109375 202 617.9940185546875 404.54330444335938 56 652.49560546875 405.79071044921875 265 652.49560546875 405.79071044921875 -1 677.9853515625 409.88812255859375 -1 641.84710693359375 410.71319580078125 478 686.65203857421875 413.65814208984375 -1 652.6103515625 413.987060546875 31 682.6190185546875 422.63623046875 -1 648.22052001953125 422.40185546875 -1 641.819580078125 424.14599609375 447 691.26416015625 425.13754272460938 -1 634.36962890625 431.935791015625 497 692.3817138671875 174.57855224609375 435 692.3817138671875 174.57855224609375 366 610.1253662109375 186.25358581542969 -1 599.36474609375 194.03842163085938 80 614.14276123046875 205.73391723632812 -1 683.6468505859375 214.53794860839844 -1 628.182861328125 219.85453796386719 -1 654.69384765625 223.9427490234375 160 614.16680908203125 224.38291931152344 415 681.6090087890625 225.50181579589844 -1 623.541748046875 225.85545349121094 41 637.31036376953125 225.72607421875 39 596.755126953125 238.88421630859375 -1 597.44085693359375 254.53082275390625 293 674.507080078125 261.05520629882812 -1 613.4923095703125 267.68783569335938 553 608.31671142578125 276.6724853515625 -1 646.2786865234375 282.09100341796875 67 601.5162353515625 284.02728271484375 424 660.90423583984375 308.84939575195312 -1 617.0247802734375 310.16604614257812 91 614.316162109375 315.29324340820312 71 654.571533203125 318.841796875 45 613.731689453125 321.6170654296875 73 623.319580078125 322.06072998046875 511 609.4788818359375 326.18276977539062 249 613.8271484375 328.04537963867188 169 677.9344482421875 358.69161987304688 -1 643.678955078125 362.17730712890625 -1 644.65765380859375 368.81427001953125 54 636.4957275390625 369.39669799804688 26 636.66741943359375 386.01654052734375 -1 629.27587890625 394.32513427734375 373 634.33660888671875 416.25146484375 207 625.60400390625 419.00830078125 78 638.563232421875 437.68316650390625 96 638.563232421875 437.68316650390625 97 638.001953125 446.39950561523438 510 598.1219482421875 216.48294067382812 100 628.5185546875 219.89187622070312 -1 673.8951416015625 259.95986938476562 -1 647.6180419921875 262.533203125 -1 647.6180419921875 262.533203125 86 620.016845703125 263.56338500976562 88 598.94091796875 276.73486328125 407 598.94091796875 276.73486328125 212 601.93255615234375 285.23956298828125 -1 595.3924560546875 289.79949951171875 -1 627.5120849609375 292.83135986328125 433 653.95745849609375 306.03216552734375 -1 653.95745849609375 306.03216552734375 213 687.44842529296875 322.50253295898438 555 616.32293701171875 384.51620483398438 178 614.69329833984375 449.21917724609375 556 619.147216796875 189.54208374023438 483 598.0670166015625 205.50457763671875 105 606.28582763671875 212.80851745605469 99 674.3408203125 218.36300659179688 -1 674.3408203125 218.36300659179688 -1 687.1185302734375 241.85650634765625 557 643.16015625 274.2119140625 569 614.2587890625 281.46868896484375 102 595.0797119140625 237.30612182617188 -1 595.0797119140625 237.30612182617188 -1 685.1849365234375 258.82110595703125 558 608.3602294921875 270.83163452148438 108 626.230224609375 274.87548828125 101 641.3206787109375 347.52279663085938 177 675.74859619140625 383.7200927734375 -1 619.48419189453125 393.0341796875 -1 619.48419189453125 393.0341796875 -1 638.34698486328125 407.8519287109375 104 639.27001953125 421.38046264648438 384 606.56512451171875 423.61508178710938 -1 621.61181640625 431.13153076171875 116 638.670166015625 200.5439453125 371 619.9466552734375 202.59075927734375 486 641.4527587890625 220.95892333984375 106 629.503662109375 234.641357421875 112 685.37982177734375 241.8746337890625 -1 606.083740234375 245.57632446289062 441 614.840576171875 340.0577392578125 -1 647.8504638671875 387.23565673828125 370 605.980224609375 402.4495849609375 -1 651.50244140625 403.91717529296875 544 686.265380859375 442.97494506835938 -1 603.46722412109375 231.17282104492188 119 603.46722412109375 231.17282104492188 -1 701.85760498046875 387.69244384765625 -1 588.91729736328125 392.34799194335938 -1 680.20233154296875 222.88212585449219 -1 658.6873779296875 246.08114624023438 -1 615.3602294921875 340.2882080078125 -1 611.7257080078125 446.00302124023438 -1 671.8997802734375 199.83682250976562 -1 671.8997802734375 199.83682250976562 -1 643.78265380859375 315.477783203125 -1 643.78265380859375 315.477783203125 650 612.29913330078125 445.35409545898438 -1 622.1632080078125 283.1146240234375 651 580.1314697265625 403.59454345703125 -1 667.6790771484375 204.99864196777344 -1 667.6790771484375 204.99864196777344 -1 
44 0.98772918236306195 -0.048601789904675972 0.14016539158821179 0.048811794961693668 -2.5557829646813741 0.054190800232892029 1.1582868980990531 1 video_01_frame_0092.jpg
594.6065673828125 195.37699890136719 34 680.0145263671875 202.92271423339844 2 644.6177978515625 207.11666870117188 256 658.24151611328125 209.6058349609375 142 598.179931640625 210.21629333496094 523 598.179931640625 210.21629333496094 523 653.00128173828125 209.7861328125 430 640.7381591796875 210.94921875 5 636.4052734375 212.95440673828125 546 640.248291015625 214.507080078125 5 598.68719482421875 215.86888122558594 499 678.43701171875 219.13470458984375 449 678.43701171875 219.13470458984375 426 640.05743408203125 220.12820434570312 493 631.6627197265625 223.68902587890625 10 631.6627197265625 223.68902587890625 9 640.44195556640625 224.70133972167969 493 603.34710693359375 227.53988647460938 545 604.08636474609375 247.42767333984375 161 689.4481201171875 272.21826171875 652 631.18719482421875 273.7093505859375 258 631.18719482421875 273.7093505859375 16 624.84033203125 275.81826782226562 17 624.84033203125 275.81826782226562 18 690.07586669921875 303.55560302734375 376 690.05322265625 309.53448486328125 -1 606.6273193359375 309.84951782226562 43 606.6273193359375 309.84951782226562 44 616.9554443359375 312.921630859375 21 616.9554443359375 312.921630859375 22 660.73077392578125 313.85687255859375 19 660.73077392578125 313.85687255859375 20 631.468017578125 319.93280029296875 129 690.10980224609375 323.8558349609375 555 611.56494140625 337.0472412109375 401 611.56494140625 337.0472412109375 401 644.675048828125 353.92953491210938 133 627.0689697265625 357.34811401367188 490 668.155029296875 357.1639404296875 154 691.181884765625 367.07162475585938 -1 606.06884765625 368.12762451171875 -1 610.5155029296875 368.29965209960938 55 691.52874755859375 372.64291381835938 -1 595.35980224609375 384.68084716796875 524 633.61956787109375 400.90447998046875 29 614.177001953125 401.593017578125 158 601.5159912109375 419.77679443359375 521 627.658935546875 423.21005249023438 358 628.56817626953125 454.738037109375 274 552.925537109375 527.029541015625 425 683.7362060546875 179.70097351074219 495 675.6361083984375 183.07052612304688 268 670.1968994140625 184.56439208984375 268 662.07666015625 186.19940185546875 443 649.3524169921875 187.86521911621094 313 617.33599853515625 204.30766296386719 474 681.1185302734375 209.6312255859375 4 626.1043701171875 215.99954223632812 64 664.0535888671875 219.50045776367188 148 664.0535888671875 219.50045776367188 149 682.88494873046875 219.45166015625 -1 682.88494873046875 219.45166015625 449 666.10791015625 223.68878173828125 160 678.18853759765625 224.42453002929688 418 650.24993896484375 226.98098754882812 39 637.205078125 228.17413330078125 40 637.205078125 228.17413330078125 41 640.7205810546875 230.99127197265625 288 606.3248291015625 234.31732177734375 344 626.206298828125 309.60092163085938 330 661.25445556640625 320.5931396484375 151 613.6607666015625 333.17172241210938 -1 613.6607666015625 333.17172241210938 295 646.8048095703125 337.170166015625 500 646.8048095703125 337.170166015625 406 641.1309814453125 337.69326782226562 500 641.1309814453125 337.69326782226562 406 664.916748046875 360.46261596679688 209 628.79864501953125 366.61322021484375 363 598.641845703125 373.90353393554688 319 652.46185302734375 374.89715576171875 356 683.0438232421875 402.30001831054688 -1 689.74774169921875 416.29013061523438 -1 602.70654296875 431.13302612304688 -1 646.69586181640625 434.40966796875 497 603.60809326171875 440.01373291015625 397 692.5029296875 176.252685546875 435 692.5029296875 176.252685546875 366 600.476318359375 198.09172058105469 82 589.267333984375 207.93115234375 83 621.15692138671875 210.1055908203125 -1 631.3388671875 214.09135437011719 637 631.3388671875 214.09135437011719 63 610.8487548828125 227.68026733398438 65 604.71014404296875 245.39897155761719 161 688.43450927734375 260.000732421875 558 653.752685546875 265.27835083007812 432 653.752685546875 265.27835083007812 87 604.36492919921875 282.43936157226562 89 604.36492919921875 282.43936157226562 166 659.62371826171875 282.52947998046875 67 604.470703125 303.35189819335938 68 630.4908447265625 313.98846435546875 91 626.7335205078125 320.00616455078125 71 626.7335205078125 320.00616455078125 72 623.9613037109375 326.19091796875 73 623.9613037109375 326.19091796875 638 626.95068359375 333.11138916015625 169 605.75140380859375 344.77423095703125 548 640.2198486328125 380.2666015625 94 664.2763671875 384.593994140625 456 641.8812255859375 397.3662109375 373 694.4769287109375 417.92950439453125 -1 636.8721923828125 423.02301025390625 78 608.2117919921875 429.30538940429688 498 650.51251220703125 439.94390869140625 96 650.51251220703125 439.94390869140625 97 610.15679931640625 198.287109375 80 610.15679931640625 198.287109375 81 620.75189208984375 210.298583984375 -1 595.966796875 211.37840270996094 523 595.966796875 211.37840270996094 523 626.72918701171875 226.79930114746094 735 590.7974853515625 245.55130004882812 113 661.0330810546875 262.60821533203125 86 633.0289306640625 266.91677856445312 88 609.94073486328125 282.83755493164062 407 610.13677978515625 290.520263671875 424 654.217529296875 320.97207641601562 92 628.7266845703125 326.23739624023438 537 628.7266845703125 326.23739624023438 367 601.7008056640625 339.69525146484375 332 642.169189453125 348.031005859375 343 696.764892578125 383.466064453125 427 636.4267578125 392.99118041992188 95 625.3826904296875 455.596435546875 556 608.00347900390625 209.36239624023438 105 607.78692626953125 220.968994140625 100 610.543701171875 262.41912841796875 293 656.28759765625 273.60714721679688 569 656.28759765625 273.60714721679688 569 625.52496337890625 285.32635498046875 102 643.3470458984375 287.35794067382812 109 643.3470458984375 287.35794067382812 110 627.49652099609375 294.8238525390625 646 597.4422607421875 308.38357543945312 248 599.15771484375 319.8809814453125 114 628.42144775390625 388.403564453125 178 602.4384765625 396.017578125 400 632.60693359375 397.489013671875 103 632.60693359375 397.489013671875 179 651.0302734375 409.1019287109375 104 631.81707763671875 192.20481872558594 483 618.34222412109375 215.85885620117188 99 684.52978515625 217.41055297851562 419 654.51171875 222.53021240234375 106 610.590087890625 262.42343139648438 -1 607.99383544921875 272.40841674804688 107 651.11590576171875 424.229248046875 384 606.9429931640625 453.3359375 181 653.052490234375 201.31272888183594 385 633.8756103515625 204.92112731933594 486 654.5869140625 221.6356201171875 106 641.52996826171875 236.93826293945312 112 617.49652099609375 250.6226806640625 441 659.137451171875 388.19161987304688 370 664.1998291015625 404.04257202148438 544 625.03985595703125 422.07443237304688 333 632.5360107421875 434.55938720703125 116 680.653564453125 194.85516357421875 -1 680.653564453125 194.85516357421875 386 616.32257080078125 234.90521240234375 119 618.9759521484375 250.70419311523438 441 663.41033935546875 179.40238952636719 522 633.6915283203125 347.8170166015625 -1 608.98681640625 412.62628173828125 -1 653.447021484375 316.2939453125 374 672.92242431640625 201.22317504882812 -1 672.92242431640625 201.22317504882812 -1 616.005126953125 445.4708251953125 186 643.3656005859375 171.90898132324219 492 611.00323486328125 230.02867126464844 -1 611.00323486328125 230.02867126464844 635 
45 0.98797061114538953 -0.050552385955676828 0.13851313789126857 0.046611569579971479 -2.5240232402433849 0.034719429380083038 1.1053035373909652 1 video_01_frame_0094.jpg
582.0728759765625 174.188720703125 520 582.0728759765625 174.188720703125 390 594.4334716796875 194.2938232421875 34 604.61090087890625 201.82266235351562 529 594.5203857421875 203.1878662109375 60 679.89886474609375 208.565185546875 -1 679.89886474609375 208.565185546875 -1 598.30670166015625 209.53965759277344 523 641.0382080078125 210.02911376953125 5 636.75079345703125 212.05670166015625 546 640.4764404296875 219.26803588867188 493 631.8172607421875 222.65037536621094 9 631.8172607421875 222.65037536621094 10 640.86798095703125 223.89730834960938 493 589.71826171875 246.93121337890625 193 664.1895751953125 272.109130859375 225 664.1895751953125 272.109130859375 128 689.978515625 271.88665771484375 652 631.5625 273.35781860351562 258 631.5625 273.35781860351562 16 641.501708984375 274.4876708984375 340 641.501708984375 274.4876708984375 329 624.93359375 275.25936889648438 17 624.93359375 275.25936889648438 18 690.49530029296875 302.7591552734375 376 606.65966796875 309.72024536132812 43 616.9371337890625 312.6380615234375 21 616.9371337890625 312.6380615234375 -1 631.7967529296875 319.90554809570312 129 599.30023193359375 332.6617431640625 -1 611.77838134765625 337.065185546875 401 611.77838134765625 337.065185546875 401 645.60235595703125 354.27719116210938 133 665.810546875 360.12786865234375 209 621.8316650390625 361.0040283203125 451 662.8560791015625 363.58334350585938 209 610.4090576171875 368.43841552734375 55 609.708984375 372.13632202148438 530 604.20953369140625 374.81396484375 134 595.655029296875 385.06719970703125 524 663.9603271484375 390.22372436523438 324 663.9603271484375 390.22372436523438 325 647.44110107421875 400.57138061523438 203 618.2071533203125 401.6953125 158 633.78375244140625 401.31417846679688 29 612.95068359375 402.53997802734375 158 671.7763671875 415.70162963867188 -1 601.64739990234375 420.6922607421875 521 654.3555908203125 427.57818603515625 447 642.69122314453125 434.61920166015625 165 625.45404052734375 444.23373413085938 448 628.4212646484375 455.273193359375 274 647.1048583984375 458.29327392578125 33 550.60992431640625 526.9990234375 -1 550.60992431640625 526.9990234375 -1 555.216796875 529.36865234375 380 555.216796875 529.36865234375 425 566.0096435546875 533.822509765625 -1 566.0096435546875 533.822509765625 -1 681.59930419921875 179.9136962890625 393 617.51031494140625 203.36784362792969 474 681.716796875 208.716064453125 4 676.569091796875 211.23527526855469 551 640.4183349609375 213.7667236328125 5 626.3487548828125 215.05723571777344 64 636.59063720703125 216.184326171875 37 636.59063720703125 216.184326171875 38 671.478515625 216.77622985839844 189 631.62762451171875 217.84971618652344 146 631.62762451171875 217.84971618652344 147 664.62237548828125 218.4576416015625 148 664.62237548828125 218.4576416015625 149 683.374755859375 219.11669921875 -1 683.374755859375 219.11669921875 449 666.6192626953125 223.01371765136719 160 650.74871826171875 226.13897705078125 39 637.4993896484375 227.28703308105469 40 637.4993896484375 227.28703308105469 41 606.64794921875 233.45596313476562 344 648.5203857421875 272.4609375 150 661.19964599609375 320.56320190429688 151 613.746826171875 332.99212646484375 -1 613.746826171875 332.99212646484375 295 647.3343505859375 337.21337890625 500 647.3343505859375 337.21337890625 406 647.72393798828125 341.66131591796875 357 647.72393798828125 341.66131591796875 25 671.6505126953125 354.2056884765625 154 627.3828125 358.28094482421875 490 606.13983154296875 368.458740234375 201 606.13983154296875 368.458740234375 -1 656.803466796875 370.2843017578125 54 649.7718505859375 371.85787963867188 26 618.72674560546875 392.7154541015625 364 623.06396484375 410.88580322265625 210 605.32373046875 412.35360717773438 484 615.364501953125 413.642822265625 58 642.4981689453125 434.48873901367188 -1 603.895751953125 441.03240966796875 397 692.8221435546875 175.20072937011719 435 692.8221435546875 175.20072937011719 366 600.8460693359375 197.52178955078125 82 589.2313232421875 207.12425231933594 83 621.27789306640625 209.24362182617188 -1 631.54229736328125 213.12619018554688 637 631.54229736328125 213.12619018554688 63 659.12847900390625 216.3994140625 413 626.68426513671875 223.91592407226562 735 610.8009033203125 226.87310791015625 65 603.51739501953125 259.36111450195312 382 689.21435546875 259.450927734375 558 654.2783203125 264.69467163085938 432 654.2783203125 264.69467163085938 87 604.363525390625 281.96640014648438 89 604.363525390625 281.96640014648438 212 659.7210693359375 282.41778564453125 67 610.2254638671875 288.45794677734375 424 611.93853759765625 310.42694091796875 468 630.59759521484375 313.91229248046875 91 627.1317138671875 319.84844970703125 71 627.1317138671875 319.84844970703125 72 624.24176025390625 326.2999267578125 73 624.24176025390625 326.2999267578125 638 627.225341796875 333.02609252929688 169 605.747802734375 344.83151245117188 548 636.458740234375 347.0548095703125 75 636.458740234375 347.0548095703125 170 640.44073486328125 380.81576538085938 94 642.14288330078125 397.8671875 373 695.1962890625 419.2120361328125 -1 637.3822021484375 423.78363037109375 78 651.10888671875 440.59310913085938 96 651.10888671875 440.59310913085938 97 610.15301513671875 197.31179809570312 80 610.15301513671875 197.31179809570312 81 621.244873046875 209.46005249023438 -1 596.13232421875 210.60899353027344 523 596.13232421875 210.60899353027344 523 688.6583251953125 239.6949462890625 557 661.5423583984375 262.0616455078125 86 633.49151611328125 266.47802734375 88 651.7130126953125 265.406494140625 87 654.39508056640625 321.0172119140625 92 628.55328369140625 326.74029541015625 367 601.89208984375 339.8468017578125 332 644.09814453125 386.290283203125 -1 644.09814453125 386.290283203125 -1 593.87542724609375 387.54742431640625 524 600.562744140625 390.6077880859375 -1 607.8240966796875 220.18699645996094 100 656.548095703125 273.8907470703125 569 656.548095703125 273.8907470703125 569 625.59088134765625 284.97177124023438 102 643.8634033203125 286.93719482421875 109 643.8634033203125 286.93719482421875 110 627.2945556640625 294.36688232421875 646 597.388427734375 307.92868041992188 248 599.1552734375 319.82568359375 114 650.8096923828125 349.01889038085938 534 628.765625 388.49542236328125 178 620.166748046875 399.56161499023438 252 629.295654296875 439.72332763671875 515 624.8087158203125 456.43402099609375 556 631.9881591796875 191.30685424804688 483 607.88128662109375 208.36723327636719 105 618.50048828125 215.34173583984375 99 685.15570068359375 216.6202392578125 419 655.005126953125 221.18559265136719 106 608.46575927734375 272.11288452148438 107 639.70355224609375 276.5528564453125 101 651.2752685546875 410.27694702148438 104 651.48486328125 424.99484252929688 384 607.06280517578125 454.32968139648438 181 653.28790283203125 200.42620849609375 385 633.72943115234375 203.95828247070312 486 642.52001953125 235.93917846679688 112 616.4715576171875 249.99179077148438 441 659.343994140625 388.59429931640625 370 625.48040771484375 422.66162109375 333 632.86419677734375 435.37945556640625 116 681.06207275390625 193.85284423828125 -1 681.06207275390625 193.85284423828125 386 616.61614990234375 234.27102661132812 119 618.556884765625 250.07546997070312 441 664.0386962890625 178.47380065917969 522 634.624267578125 347.79171752929688 -1 585.9228515625 398.73458862304688 -1 609.01055908203125 412.540771484375 -1 674.895751953125 199.20440673828125 -1 674.895751953125 199.20440673828125 -1 653.81658935546875 316.1654052734375 374 616.10302734375 446.19967651367188 186 643.40936279296875 170.77255249023438 492 611.3363037109375 229.2244873046875 -1 611.3363037109375 229.2244873046875 635 616.4075927734375 445.97772216796875 186 
46 0.98855834873619386 -0.049209940519444759 0.13551926504969206 0.044331723386689746 -2.4620777439710402 0.056335023327009771 1.0592419599831757 1 video_01_frame_0096.jpg
582.8594970703125 172.2236328125 390 595.48681640625 193.07296752929688 34 646.392822265625 204.97721862792969 256 642.6104736328125 208.93235778808594 5 642.1368408203125 212.45683288574219 5 669.44189453125 212.75933837890625 123 674.4541015625 215.33685302734375 189 680.5830078125 217.29130554199219 375 680.5830078125 217.29130554199219 426 642.002685546875 218.22686767578125 493 607.9072265625 222.021240234375 545 633.423828125 221.69639587402344 10 633.423828125 221.69639587402344 9 642.366455078125 222.83834838867188 493 624.1395263671875 224.15545654296875 -1 665.8531494140625 270.96731567382812 225 665.8531494140625 270.96731567382812 128 691.704345703125 271.027587890625 652 633.14630126953125 272.3905029296875 258 633.14630126953125 272.3905029296875 16 626.4556884765625 274.4549560546875 17 626.4556884765625 274.4549560546875 18 692.2569580078125 301.93731689453125 376 608.3067626953125 309.1246337890625 43 662.96453857421875 312.83795166015625 19 662.96453857421875 312.83795166015625 20 633.2891845703125 319.2794189453125 129 633.2891845703125 319.2794189453125 502 692.52288818359375 322.46365356445312 555 662.4521484375 336.2044677734375 377 613.21002197265625 336.5048828125 401 613.21002197265625 336.5048828125 401 628.76763916015625 337.9322509765625 488 649.17626953125 340.94735717773438 357 649.17626953125 340.94735717773438 25 618.190673828125 346.2064208984375 164 604.675048828125 360.05465698242188 323 611.87310791015625 367.75634765625 55 611.73236083984375 378.48095703125 -1 617.989990234375 383.53805541992188 28 596.7451171875 384.65228271484375 524 665.74365234375 390.00518798828125 324 665.74365234375 390.00518798828125 325 659.26513671875 398.716552734375 389 635.4403076171875 400.91021728515625 29 619.50115966796875 401.208984375 158 693.334716796875 402.52044677734375 -1 631.3812255859375 409.7103271484375 56 603.0157470703125 419.95001220703125 521 519.066162109375 503.33419799804688 -1 761.685302734375 510.38568115234375 361 559.1832275390625 530.37689208984375 380 559.1832275390625 530.37689208984375 425 564.4453125 532.591064453125 536 564.4453125 532.591064453125 -1 686.968994140625 177.19810485839844 495 682.541259765625 178.97280883789062 393 674.44598388671875 181.64151000976562 268 618.12200927734375 181.87425231933594 -1 659.54534912109375 184.50271606445312 443 653.245849609375 185.36215209960938 313 681.0556640625 201.11929321289062 2 618.89410400390625 202.17596435546875 474 684.1741943359375 207.1810302734375 4 638.21783447265625 215.11357116699219 37 638.21783447265625 215.11357116699219 38 666.28802490234375 217.33096313476562 148 666.28802490234375 217.33096313476562 149 668.14984130859375 221.731201171875 160 680.7213134765625 222.36331176757812 418 652.0455322265625 225.13017272949219 39 639.10784912109375 226.38359069824219 40 639.10784912109375 226.38359069824219 41 642.43658447265625 229.349853515625 288 607.9713134765625 232.62681579589844 344 618.55029296875 311.89813232421875 21 618.55029296875 311.89813232421875 22 662.706298828125 319.77078247070312 151 615.1409912109375 332.21832275390625 295 615.1409912109375 332.21832275390625 295 648.93072509765625 336.43072509765625 500 648.93072509765625 336.43072509765625 406 633.29058837890625 337.0880126953125 273 633.29058837890625 337.0880126953125 236 633.45269775390625 345.46630859375 75 633.45269775390625 345.46630859375 170 672.82452392578125 353.46676635742188 154 628.5594482421875 356.896240234375 490 664.53485107421875 362.63131713867188 209 651.31915283203125 371.466796875 26 653.2752685546875 375.7156982421875 356 615.6134033203125 413.628662109375 58 641.695556640625 432.1220703125 165 605.280517578125 440.55380249023438 397 694.3985595703125 173.99038696289062 435 694.3985595703125 173.99038696289062 366 590.60882568359375 205.94096374511719 83 622.92071533203125 208.20658874511719 -1 633.09521484375 212.02117919921875 637 633.09521484375 212.02117919921875 63 627.7613525390625 213.9696044921875 64 660.701904296875 215.33317565917969 413 612.46484375 225.8770751953125 65 605.978759765625 243.9327392578125 161 605.38916015625 258.3199462890625 382 690.87591552734375 258.53558349609375 558 655.49322509765625 263.86602783203125 432 655.49322509765625 263.86602783203125 87 606.0474853515625 281.1075439453125 89 606.0474853515625 281.1075439453125 212 661.46484375 281.437744140625 67 611.9354248046875 287.856201171875 424 613.375244140625 310.36322021484375 468 632.38671875 312.81365966796875 91 655.927734375 313.61883544921875 -1 655.927734375 313.61883544921875 -1 628.5948486328125 319.2384033203125 71 628.5948486328125 319.2384033203125 72 625.72076416015625 325.478515625 73 625.72076416015625 325.478515625 638 607.318115234375 344.09432983398438 548 641.62640380859375 380.447265625 94 666.23529052734375 384.1497802734375 456 643.73992919921875 397.27886962890625 373 696.74139404296875 418.1414794921875 -1 638.81719970703125 423.12939453125 78 610.13946533203125 430.42510986328125 498 652.9161376953125 440.42050170898438 96 652.9161376953125 440.42050170898438 97 635.0714111328125 449.30084228515625 79 694.31195068359375 173.9351806640625 435 694.31195068359375 173.9351806640625 366 611.705078125 196.134765625 80 611.705078125 196.134765625 81 597.51751708984375 209.41484069824219 523 597.51751708984375 209.41484069824219 523 592.169189453125 243.994873046875 113 663.1275634765625 261.19781494140625 86 634.9114990234375 265.50686645507812 88 612.0047607421875 288.89617919921875 424 603.1849365234375 339.24197387695312 332 642.9566650390625 347.46505737304688 343 665.90472412109375 384.17633056640625 -1 638.88720703125 423.15081787109375 78 652.74053955078125 440.39071655273438 96 652.74053955078125 440.39071655273438 97 626.82818603515625 455.86776733398438 556 634.4571533203125 189.71566772460938 -1 609.32958984375 219.00914001464844 100 658.3468017578125 272.09130859375 569 658.3468017578125 272.09130859375 569 642.28948974609375 275.1715087890625 101 626.67718505859375 284.0703125 102 644.98370361328125 286.17800903320312 109 644.98370361328125 286.17800903320312 110 629.50848388671875 293.73837280273438 646 598.818359375 307.1912841796875 248 600.61181640625 319.04150390625 114 630.124267578125 388.103271484375 178 603.86962890625 396.2113037109375 400 634.32928466796875 189.92578125 483 609.353271484375 207.15129089355469 105 619.97802734375 214.08935546875 99 686.76806640625 215.29721069335938 419 656.31103515625 220.326416015625 106 618.6361083984375 262.89791870117188 653 610.26318359375 271.177978515625 107 621.592529296875 274.74502563476562 108 654.6234130859375 348.848876953125 177 652.773681640625 409.77972412109375 104 652.85467529296875 424.43319702148438 384 608.38726806640625 453.9002685546875 181 654.76483154296875 199.11082458496094 385 635.57391357421875 202.74148559570312 486 656.59228515625 219.64883422851562 106 643.74224853515625 234.99069213867188 112 617.921142578125 249.06689453125 441 656.7686767578125 360.58935546875 115 660.6072998046875 388.25152587890625 370 702.757568359375 387.72979736328125 568 666.06689453125 404.02960205078125 544 626.67919921875 422.2862548828125 333 634.34979248046875 434.6953125 116 635.637939453125 466.38009643554688 649 682.8172607421875 192.62992858886719 -1 682.8172607421875 192.62992858886719 386 618.256103515625 233.07199096679688 119 665.764892578125 177.25791931152344 522 635.81365966796875 347.07113647460938 -1 610.59759521484375 412.42855834960938 -1 655.2315673828125 315.21505737304688 374 711.3271484375 397.393798828125 460 638.70794677734375 284.01974487304688 462 618.409912109375 446.0162353515625 186 612.00225830078125 228.3267822265625 -1 612.00225830078125 228.3267822265625 635 572.683349609375 416.58905029296875 387 
47 0.98821311487006136 -0.049354848774342479 0.13768479289881239 0.045186682835588458 -2.4840431333544073 0.048292266354225566 1.090298190045798 1 video_01_frame_0098.jpg
582.343994140625 166.32318115234375 -1 582.343994140625 166.32318115234375 520 584.0594482421875 172.22152709960938 520 584.0594482421875 172.22152709960938 390 596.50701904296875 193.1859130859375 34 606.908935546875 200.45152282714844 529 643.5960693359375 208.97119140625 5 639.36163330078125 210.90495300292969 546 642.982421875 212.5953369140625 5 601.1878662109375 214.16848754882812 499 675.67529296875 215.33114624023438 189 588.9566650390625 215.99064636230469 -1 681.755126953125 217.11325073242188 449 681.755126953125 217.11325073242188 426 634.36151123046875 221.78326416015625 10 634.36151123046875 221.78326416015625 9 643.35906982421875 222.87530517578125 493 598.18792724609375 237.16319274902344 13 598.18792724609375 237.16319274902344 42 651.015869140625 271.58297729492188 150 666.78167724609375 271.41836547851562 128 692.7154541015625 271.31573486328125 652 634.0830078125 272.43145751953125 258 634.0830078125 272.43145751953125 16 627.587158203125 274.39422607421875 17 627.587158203125 274.39422607421875 18 692.9534912109375 286.52957153320312 -1 693.1893310546875 301.93124389648438 376 619.4520263671875 311.82666015625 21 619.4520263671875 311.82666015625 -1 663.4390869140625 312.95452880859375 19 663.4390869140625 312.95452880859375 20 663.28741455078125 313.0467529296875 -1 663.28741455078125 313.0467529296875 -1 634.2745361328125 318.87850952148438 129 634.2745361328125 318.87850952148438 502 693.38055419921875 322.58609008789062 555 602.09368896484375 332.64028930664062 -1 663.761474609375 335.87655639648438 377 650.1478271484375 340.96588134765625 471 650.1478271484375 340.96588134765625 472 668.794189453125 353.3802490234375 -1 650.62188720703125 354.45196533203125 133 612.984619140625 367.404296875 55 694.692626953125 371.45590209960938 -1 666.5882568359375 389.28866577148438 325 636.32879638671875 400.52276611328125 29 616.386474609375 401.41259765625 158 672.7265625 416.84625244140625 -1 604.25384521484375 419.71444702148438 521 604.74920654296875 426.81942749023438 496 558.966552734375 529.240478515625 380 558.966552734375 529.240478515625 425 561.6834716796875 530.59808349609375 -1 561.6834716796875 530.59808349609375 -1 680.6517333984375 180.39056396484375 393 675.21148681640625 181.58984375 268 669.4520263671875 182.91351318359375 423 596.97723388671875 201.65277099609375 60 619.9898681640625 202.19816589355469 474 661.579345703125 207.15771484375 142 684.2972412109375 207.50247192382812 4 628.83465576171875 214.19096374511719 64 634.1673583984375 216.58714294433594 146 634.1673583984375 216.58714294433594 147 667.16937255859375 217.41195678710938 148 667.16937255859375 217.41195678710938 149 685.94158935546875 217.89288330078125 -1 685.94158935546875 217.89288330078125 449 669.3238525390625 221.71672058105469 160 681.35260009765625 222.57595825195312 418 681.35260009765625 222.57595825195312 426 653.12445068359375 225.17314147949219 39 640.1240234375 226.29904174804688 40 640.1240234375 226.29904174804688 41 608.8631591796875 232.43560791015625 344 663.46160888671875 319.83209228515625 151 616.20166015625 332.07681274414062 295 616.20166015625 332.07681274414062 295 666.09765625 334.03329467773438 377 644.15777587890625 337.05642700195312 500 644.15777587890625 337.05642700195312 406 617.59808349609375 345.701171875 164 665.37884521484375 362.13818359375 209 661.634521484375 367.05792236328125 54 617.583740234375 371.45529174804688 530 607.9036865234375 411.35263061523438 484 616.95819091796875 413.07589721679688 58 697.4481201171875 416.94210815429688 -1 642.791259765625 431.9681396484375 165 606.536376953125 440.24603271484375 397 695.49456787109375 173.86376953125 435 695.49456787109375 173.86376953125 366 603.4747314453125 196.7586669921875 82 591.7789306640625 206.12701416015625 83 623.8931884765625 208.11064147949219 -1 634.10693359375 212.06817626953125 637 634.10693359375 212.06817626953125 63 613.4061279296875 225.84324645996094 65 606.95465087890625 244.01016235351562 161 606.45166015625 258.32412719726562 382 691.97216796875 258.38449096679688 558 656.762939453125 263.7906494140625 432 656.762939453125 263.7906494140625 87 607.13946533203125 281.15765380859375 89 607.13946533203125 281.15765380859375 212 662.43267822265625 281.3753662109375 67 661.861083984375 305.38299560546875 162 614.58770751953125 309.9658203125 468 633.1143798828125 313.40182495117188 91 629.5174560546875 318.94989013671875 71 629.5174560546875 318.94989013671875 72 601.24139404296875 325.59521484375 -1 626.84405517578125 325.40283203125 73 626.84405517578125 325.40283203125 638 629.81256103515625 332.20480346679688 169 608.41021728515625 344.11773681640625 548 639.84783935546875 362.59649658203125 -1 642.9451904296875 380.0516357421875 94 667.879150390625 384.07696533203125 456 644.823486328125 397.0494384765625 373 693.2003173828125 415.02716064453125 -1 640.0826416015625 422.75537109375 78 576.7335205078125 534.7720947265625 -1 612.71728515625 196.29940795898438 80 612.71728515625 196.29940795898438 81 623.37615966796875 208.33628845214844 -1 593.21710205078125 243.97708129882812 113 664.20263671875 261.21188354492188 86 635.7020263671875 265.44900512695312 88 657.0968017578125 320.07357788085938 92 604.2779541015625 339.06436157226562 332 643.0361328125 380.05892944335938 -1 596.49798583984375 386.281982421875 524 623.183349609375 398.73214721679688 252 653.5113525390625 439.881591796875 96 653.5113525390625 439.881591796875 97 636.03631591796875 189.78097534179688 -1 598.8919677734375 209.55929565429688 523 598.8919677734375 209.55929565429688 523 610.3583984375 219.14044189453125 100 659.3424072265625 271.96847534179688 569 659.3424072265625 271.96847534179688 569 627.87359619140625 284.12432861328125 102 613.83526611328125 289.77804565429688 424 630.4072265625 293.53900146484375 646 599.929931640625 306.91827392578125 248 601.659912109375 318.9515380859375 114 631.281005859375 387.94287109375 178 635.260498046875 397.018798828125 103 635.260498046875 397.018798828125 179 677.8822021484375 408.71942138671875 -1 626.9547119140625 455.55743408203125 556 635.35931396484375 189.98362731933594 483 610.3590087890625 207.38725280761719 105 620.9200439453125 213.87484741210938 99 687.8092041015625 215.40850830078125 466 657.2064208984375 220.195556640625 106 619.88555908203125 262.98919677734375 653 611.41668701171875 271.19024658203125 107 622.20428466796875 274.64544677734375 108 642.362060546875 275.48019409179688 101 646.65374755859375 286.07611083984375 109 656.27789306640625 348.64010620117188 177 653.9329833984375 409.4178466796875 104 654.1807861328125 424.06707763671875 384 609.70245361328125 453.28912353515625 181 655.32244873046875 199.37222290039062 385 636.92047119140625 202.83291625976562 486 657.5552978515625 219.65597534179688 106 644.6668701171875 235.12307739257812 112 619.14453125 249.17996215820312 441 657.20159912109375 360.68115234375 115 661.9305419921875 387.95883178710938 370 592.85906982421875 391.01303100585938 458 667.23614501953125 403.83700561523438 544 628.28521728515625 422.0810546875 333 635.40283203125 434.42208862304688 116 610.1427001953125 453.31463623046875 -1 683.8360595703125 192.71311950683594 -1 683.8360595703125 192.71311950683594 386 619.2864990234375 233.21617126464844 119 636.8243408203125 465.329833984375 649 666.3338623046875 177.440185546875 522 637.09521484375 346.93099975585938 -1 611.8145751953125 411.92181396484375 -1 655.91455078125 315.80593872070312 374 712.1226806640625 396.8896484375 460 585.10205078125 402.21759033203125 461 640.03759765625 283.775634765625 462 619.69488525390625 445.4149169921875 186 646.983154296875 169.55702209472656 492 613.50299072265625 228.21983337402344 -1 613.50299072265625 228.21983337402344 635 571.1239013671875 419.02096557617188 387 
48 0.98820432768323185 -0.048521630937515929 0.13803841127709016 0.045202379266939784 -2.492088150221174 0.058574884094423144 1.0807293334010812 1 video_01_frame_0100.jpg
581.5745849609375 168.02210998535156 520 581.5745849609375 168.02210998535156 390 596.60107421875 193.26220703125 34 600.4423828125 208.17510986328125 523 655.90386962890625 208.23068237304688 430 643.12799072265625 208.92462158203125 5 638.9581298828125 210.85528564453125 546 642.55511474609375 212.37652587890625 5 588.7537841796875 216.26708984375 -1 681.234130859375 216.92533874511719 375 681.234130859375 216.92533874511719 449 642.4998779296875 218.25505065917969 493 596.65185546875 220.87982177734375 11 633.920166015625 221.69390869140625 10 633.920166015625 221.69390869140625 9 642.7664794921875 222.63963317871094 493 692.29241943359375 270.801025390625 652 633.626220703125 272.34317016601562 258 633.626220703125 272.34317016601562 16 627.06939697265625 274.32464599609375 17 627.06939697265625 274.32464599609375 18 692.9697265625 301.52728271484375 376 609.1060791015625 308.8175048828125 43 663.22039794921875 312.62374877929688 19 663.22039794921875 312.62374877929688 20 633.9241943359375 319.16915893554688 129 613.97332763671875 336.072998046875 401 613.97332763671875 336.072998046875 401 617.13494873046875 345.09796142578125 -1 617.13494873046875 345.09796142578125 -1 675.35748291015625 351.64208984375 154 623.88360595703125 360.0484619140625 451 612.46038818359375 367.07601928710938 55 612.0960693359375 371.13973999023438 55 616.75732421875 371.0653076171875 530 666.1973876953125 389.03048706054688 325 660.0010986328125 398.011474609375 389 620.4447021484375 400.7213134765625 158 636.36968994140625 400.40008544921875 29 615.67315673828125 401.3690185546875 158 694.236328125 402.20675659179688 -1 604.11822509765625 419.55450439453125 521 630.38702392578125 422.8125 358 645.2655029296875 433.52597045898438 165 643.62274169921875 441.86325073242188 -1 627.4088134765625 443.44992065429688 448 631.29595947265625 454.38629150390625 274 522.08538818359375 504.8067626953125 463 558.8675537109375 528.9354248046875 380 558.8675537109375 528.9354248046875 425 682.6129150390625 179.12510681152344 393 677.2789306640625 180.95840454101562 268 661.6314697265625 184.34683227539062 443 613.60284423828125 186.00804138183594 -1 619.53607177734375 202.24278259277344 474 683.8682861328125 207.48393249511719 4 649.1766357421875 208.97624206542969 645 609.996337890625 213.91683959960938 541 628.40362548828125 213.90422058105469 64 638.7694091796875 215.03485107421875 37 638.7694091796875 215.03485107421875 38 673.7669677734375 215.55931091308594 189 633.7122802734375 216.42485046386719 146 633.7122802734375 216.42485046386719 147 666.88714599609375 217.20852661132812 148 666.88714599609375 217.20852661132812 149 685.72747802734375 217.88763427734375 -1 668.8433837890625 221.50241088867188 160 606.333984375 225.24430847167969 545 652.66455078125 225.11270141601562 39 639.6917724609375 226.21788024902344 40 639.6917724609375 226.21788024902344 41 608.33154296875 232.32847595214844 344 650.5164794921875 271.52996826171875 150 619.4093017578125 311.68157958984375 21 619.4093017578125 311.68157958984375 22 607.47119140625 319.52044677734375 46 607.47119140625 319.52044677734375 47 663.9794921875 319.36483764648438 151 615.9749755859375 332.2042236328125 -1 615.9749755859375 332.2042236328125 295 649.20654296875 336.42559814453125 500 649.20654296875 336.42559814453125 406 643.533447265625 336.77981567382812 500 643.533447265625 336.77981567382812 406 629.38507080078125 356.65255737304688 490 652.0850830078125 370.8182373046875 26 654.152099609375 374.98532104492188 356 617.611083984375 412.34823608398438 57 606.34869384765625 440.05844116210938 397 695.1165771484375 173.7137451171875 435 695.1165771484375 173.7137451171875 366 602.972900390625 196.34844970703125 82 591.56671142578125 206.35433959960938 83 623.4031982421875 207.89114379882812 -1 633.659912109375 212.04289245605469 637 633.659912109375 212.04289245605469 63 661.2989501953125 215.23635864257812 413 628.7857666015625 222.37603759765625 735 612.8795166015625 225.60281372070312 65 606.662109375 243.94902038574219 161 606.12890625 258.19515991210938 382 691.4400634765625 258.1527099609375 558 656.387939453125 263.63473510742188 432 656.387939453125 263.63473510742188 87 606.7608642578125 281.0504150390625 89 606.7608642578125 281.0504150390625 166 661.986083984375 281.25497436523438 67 612.7744140625 287.6258544921875 424 632.9385986328125 312.57525634765625 91 638.5357666015625 314.8262939453125 464 629.28460693359375 318.90628051757812 71 629.28460693359375 318.90628051757812 72 626.35516357421875 325.1146240234375 73 626.35516357421875 325.1146240234375 638 629.45111083984375 332.00701904296875 169 608.0472412109375 343.778564453125 548 637.258544921875 345.858154296875 75 637.258544921875 345.858154296875 170 642.4234619140625 379.99813842773438 94 667.096923828125 383.8250732421875 456 644.4755859375 396.9620361328125 373 697.29559326171875 417.624755859375 -1 639.645751953125 422.31072998046875 78 653.48095703125 439.97872924804688 96 653.48095703125 439.97872924804688 97 578.12860107421875 534.8883056640625 -1 612.2777099609375 196.15615844726562 80 612.2777099609375 196.15615844726562 81 598.5313720703125 209.32859802246094 523 598.5313720703125 209.32859802246094 523 691.189453125 238.78369140625 557 592.9658203125 244.00540161132812 193 663.67559814453125 260.98504638671875 86 635.62347412109375 265.29730224609375 88 612.92657470703125 289.10458374023438 424 615.43829345703125 305.84906005859375 468 656.731689453125 319.69143676757812 92 642.8968505859375 346.86032104492188 343 693.17864990234375 387.2197265625 -1 639.3250732421875 391.93988037109375 95 623.3623046875 398.59600830078125 252 698.17083740234375 418.86956787109375 -1 653.47412109375 439.87716674804688 97 627.7130126953125 455.39251708984375 556 609.86285400390625 219.02633666992188 100 658.7755126953125 272.75885009765625 569 658.7755126953125 272.75885009765625 569 627.6416015625 283.99017333984375 102 645.792236328125 285.94979858398438 109 645.792236328125 285.94979858398438 110 629.65814208984375 293.2335205078125 646 599.6025390625 306.59759521484375 248 601.375244140625 318.9012451171875 114 603.89453125 338.72506713867188 332 653.8284912109375 348.24749755859375 -1 604.96044921875 395.56414794921875 400 677.3526611328125 409.1075439453125 -1 627.27899169921875 455.51168823242188 556 634.1884765625 190.12809753417969 483 638.5240478515625 202.89225769042969 -1 609.90435791015625 207.31329345703125 105 620.5218505859375 214.13421630859375 99 687.3431396484375 215.478515625 419 610.56732177734375 270.96224975585938 107 641.83807373046875 275.44403076171875 101 631.09320068359375 387.3626708984375 178 653.565673828125 409.22900390625 104 653.9185791015625 423.8699951171875 384 609.3526611328125 453.1083984375 181 655.4012451171875 199.09860229492188 385 636.25439453125 202.787109375 486 657.11761474609375 219.60272216796875 106 644.30908203125 234.93344116210938 112 618.1534423828125 248.97003173828125 441 656.619384765625 360.51531982421875 115 661.5504150390625 387.75360107421875 370 592.823974609375 390.931640625 458 666.8345947265625 403.68109130859375 544 628.22015380859375 422.062744140625 333 635.0302734375 434.2421875 116 683.32781982421875 192.63626098632812 -1 683.32781982421875 192.63626098632812 386 618.905029296875 233.00840759277344 119 635.90496826171875 346.94784545898438 -1 666.2386474609375 177.17587280273438 522 611.6409912109375 412.03842163085938 -1 655.585693359375 315.42254638671875 374 712.0828857421875 396.99542236328125 460 585.06005859375 402.16061401367188 461 639.289794921875 283.60186767578125 462 619.4959716796875 445.39804077148438 186 646.9522705078125 169.27151489257812 492 612.721923828125 228.25987243652344 -1 612.721923828125 228.25987243652344 635 577.29638671875 414.36737060546875 -1 
