# Image list with two lines of data per image:
#   IMAGE_ID, QW, QX, QY, QZ, TX, TY, TZ, CAMERA_ID, NAME
#   POINTS2D[] as (X, Y, POINT3D_ID)
# Number of images: 45, mean observations per image: 165
1 0.98097764657523079 -0.19122385664653938 0.033003898201145243 0.0051996415716669755 -0.88445205396831361 -1.9996964776373529 0.3129617080199098 1 video_01_frame_0003.jpg
494.03448891803941 71.91270433554422 -1 464.2361387099042 73.42045464228238 1 487.1472481332338 74.969164389017024 -1 499.7168595368023 76.095038743572871 143 485.52156591700299 76.55379872954282 5 467.85454025981494 76.593821701289272 523 467.85454025981494 76.593821701289272 523 464.26232015009049 77.525285794960681 489 469.78067690295507 77.614707029746015 499 485.42912079430954 79.011717612717433 493 475.43866846884629 79.725821591840486 8 482.09994546165314 80.304113718290424 10 482.09994546165314 80.304113718290424 9 493.70856632990558 80.364305094157018 148 493.70856632990558 80.364305094157018 149 496.10693668978797 80.502442964153744 189 485.4535358086639 80.897275283326792 493 469.39946141780865 81.669790446373142 126 469.39946141780865 81.669790446373142 127 479.97243363558601 82.620269748285125 -1 469.59569800818986 85.457605277667824 581 462.26936135627039 92.090690484389725 257 487.49899920681946 95.025308516203324 338 469.16710008084721 99.601176829350749 14 469.16710008084721 99.601176829350749 15 483.37838711840647 101.82672639098814 -1 485.79845996096469 101.8025676026237 285 485.79845996096469 101.8025676026237 286 492.62010091171953 102.79947239654541 225 492.62010091171953 102.79947239654541 128 478.07239211403009 103.03827170491849 17 478.07239211403009 103.03827170491849 18 481.06448913086456 103.95738382635935 322 481.06448913086456 103.95738382635935 258 468.11523900220533 105.05337268734988 194 468.11523900220533 105.05337268734988 195 490.87040017324279 120.38155224927974 19 490.87040017324279 120.38155224927974 20 477.15183187645374 130.88871760658469 488 468.85393858873874 133.56904274962204 132 494.04099608662983 138.8775039550622 154 467.56739241464192 139.6554190765826 227 481.26419198754559 143.95375249774676 199 481.26419198754559 143.95375249774676 200 464.76834852047466 147.03799027948565 201 458.3954914042169 151.08115879013405 -1 459.80284613347573 151.35935400714567 -1 475.18911225242772 153.64106687437487 262 491.19731254823995 157.66815393805445 202 480.67352828728724 159.22426499442798 135 480.67352828728724 159.22426499442798 373 489.63301360793292 160.10755936361039 532 491.12297172187317 162.6665746538348 265 491.12297172187317 162.6665746538348 266 466.80658990957147 164.02146020347067 30 459.65754618895971 164.87384009860415 -1 490.26739947959749 167.22759035670518 31 474.34682180423238 168.34678134034249 139 474.34682180423238 168.34678134034249 140 460.43383630271876 170.83109917456861 535 497.25012818610003 172.45226538469933 -1 497.43170956400564 192.65697350022174 -1 472.48583430424128 195.45589484335247 -1 490.59530772999187 65.007218060626101 313 492.61857073608962 65.242157967498628 443 495.79197540095004 65.396019262868464 423 497.85316173894017 65.668614225394791 268 500.42500738690734 66.30695303777668 495 460.02761127611205 69.261593204590653 -1 460.02761127611205 69.261593204590653 173 466.03608504513954 70.011502430667406 269 459.82837227955309 72.418763018030177 304 480.59542744094665 74.492810572478618 36 492.17714229107946 75.532897290122378 142 482.15244569484463 78.28638447100721 146 482.15244569484463 78.28638447100721 147 462.11536280212363 78.577847557165271 281 494.81797312001117 78.693533461907251 123 489.04673114084983 82.372775660188552 39 465.81481962531217 82.671530329372501 11 484.16758161229956 82.332407592993633 40 484.16758161229956 82.332407592993633 41 497.38325424386886 82.458579818778546 426 485.337263234815 83.668428780545611 288 465.62746164667328 89.257095326432704 42 469.35433500579916 91.798036062971164 161 460.05479895785658 100.0664892271822 -1 460.05479895785658 100.0664892271822 -1 487.14092047381303 101.8689565424263 150 484.46741031757188 102.77990656334755 340 484.46741031757188 102.77990656334755 329 484.85621352976887 120.61395843884057 234 484.85621352976887 120.61395843884057 235 492.94427233207364 122.31941934410699 45 487.76349317497164 122.85412621861251 271 490.71148574314026 123.7289401487551 151 491.06728320814119 130.27553655794304 377 479.23353619630188 130.71725201235935 236 475.37136504802214 138.05994983473883 490 477.24080958547967 143.9081482616829 363 464.61143024121253 143.99925709796159 156 485.42009083634247 146.18129141942526 26 484.94121616938696 149.29752369114098 356 478.4750027603497 160.21171484078644 29 470.98684676033213 161.57457112527567 158 469.11232853968238 162.40601116255911 158 470.84235891352478 172.06283971341176 -1 470.84235891352478 172.06283971341176 -1 474.11138720908025 187.22554011502413 274 482.53960893131432 188.31912563692174 33 470.76016738984401 198.51301211998003 -1 488.18464844176719 63.641364366258458 394 457.18090800475068 65.776850348166619 -1 501.33377589949009 71.450434565281299 -1 466.68750260038132 74.108081297496469 60 484.03625951905826 74.892311997071275 61 482.23142631003918 76.219400665510676 637 482.23142631003918 76.219400665510676 63 480.09440368879211 77.097090199315403 64 480.07545003342119 80.39812817752096 735 462.50528767478505 80.630346242441163 346 462.50528767478505 80.630346242441163 281 498.80822009059904 81.005008987241098 419 494.76649710526488 82.371013028720256 160 471.3521961689695 85.934685349684344 344 494.98605596492763 87.823233495858602 342 491.17907494704536 106.6536477896658 67 490.3420617980251 117.08792845824406 162 468.4825853821855 119.69618291678914 43 468.4825853821855 119.69618291678914 44 473.53003523934365 119.98221857081337 21 473.53003523934365 119.98221857081337 22 467.36250974784417 124.84382081367409 46 467.36250974784417 124.84382081367409 47 480.93763594888992 129.25685235899022 242 480.93763594888992 129.25685235899022 243 471.36642230620589 129.62410645786781 295 483.27281550541528 130.48883344601262 406 485.02720715435123 130.40255393003395 500 485.02720715435123 130.40255393003395 406 479.38063762047818 134.6492857273854 75 479.38063762047818 134.6492857273854 170 470.79652418409097 135.43518220346729 164 473.7796728744346 136.5829391629635 52 490.82529479110349 142.80637511504256 209 468.62603095572513 146.77654455090257 55 487.7156815396504 158.80532657441066 389 458.41976844258284 162.32181694387214 -1 476.39290893716543 164.64702022353868 56 471.23173916729939 166.42096676845358 57 480.00346636232047 175.36255193084008 165 457.03887772518902 65.647876864714277 -1 469.72723629313197 70.653172362426901 82 501.49564038758598 71.91767504906386 -1 462.4969427487876 72.018518415465437 59 458.12584692471967 81.621566213664451 211 480.18232569288386 81.90142551946829 415 480.18232569288386 81.90142551946829 735 473.72343738659208 82.909562962671231 65 460.45348184114107 83.492685259261123 320 460.45348184114107 83.492685259261123 349 458.09649759005669 85.125246822236932 -1 491.68188251973487 98.327041024186371 86 488.76899373159011 98.982676337114313 87 471.5432914744689 107.25096326150248 407 468.36557674762491 107.54292363035258 89 468.36557674762491 107.54292363035258 212 471.27397591618393 109.8854511430558 424 461.76804216601056 114.77766626017146 -1 467.69809368670383 117.15727772067319 68 492.80211647934652 117.51283589507722 -1 492.80211647934652 117.51283589507722 213 479.09281445207824 119.94733104693944 91 477.2372265649073 122.59746556528671 71 477.2372265649073 122.59746556528671 72 476.3815404260634 125.53690619251199 73 476.3815404260634 125.53690619251199 638 477.09239535190261 128.5218730430264 169 466.9220796330037 144.666897918285 53 481.59091547920002 150.01779904742301 94 481.77927566063107 158.40163312162937 373 458.24806595819609 162.29381916899257 -1 479.08312840504442 170.9992908453188 78 476.63887589090712 184.06909359279868 79 474.3765680001946 69.358529568981893 81 462.72399165860645 76.747229058147084 83 472.29623939084826 79.869297958235407 100 486.79422913059761 96.025126085121428 246 481.34336321158577 98.902070368379015 88 465.17417316646862 119.14052298877178 247 465.17417316646862 119.14052298877178 248 474.42325538825816 128.1660929844395 249 474.42325538825816 128.1660929844395 299 483.94657188213114 135.3094896834701 343 471.79640296075769 150.48018673762806 398 479.48732104036367 156.35101113740348 292 479.48732104036367 156.35101113740348 95 484.37910913543703 179.33307173537332 96 484.37910913543703 179.33307173537332 97 472.64863524749273 184.28449133211299 214 499.52022668927077 187.76371991163367 300 460.78659123436199 65.68705527076996 176 472.9708699021337 74.546941722921787 105 467.13040420650253 77.572072625420716 523 476.91097206484193 78.026609229686116 99 490.32690360450374 81.168007419590666 106 491.17733379225996 85.663762371997478 -1 491.17733379225996 85.663762371997478 -1 470.367176349727 102.44821080902439 107 483.82768573343287 103.26500114009561 101 478.55175658785237 107.24214859148702 102 485.06495297537191 108.02151618447552 109 485.06495297537191 108.02151618447552 110 461.1691460212399 154.40169088927149 319 477.62514940528257 158.69683762008628 103 477.62514940528257 158.69683762008628 179 471.04903828985823 160.4247287864178 252 485.09760245694326 164.00441528115493 104 497.93976791467156 71.475593562058563 301 483.95168685280288 86.324754823362383 -1 462.65834686674856 91.80445911552917 113 477.02492970097359 178.16126808271378 116 461.17470337433252 190.87993932035766 181 487.25861423139679 64.195595178872153 -1 478.72010733447428 70.651997980480104 117 490.77490715365047 71.152548051018968 385 475.80844138090345 85.499937732331659 119 476.79653099129433 92.419293455843587 441 486.18274338593824 141.81999443739224 115 473.66810328636484 171.1223165985092 333 473.66810328636484 171.1223165985092 334 495.01179233808864 71.598747395244516 -1 494.25627615776307 98.840183565686829 121 470.65893886769391 122.10792407510641 216 486.63179091669207 121.12199308972482 374 493.85047900943169 146.99823555223472 185 492.72285674243676 163.04454910640086 278 504.54663356747744 204.9548763691626 -1 504.54663356747744 204.9548763691626 -1 464.37056567027986 67.212423113451578 -1 489.21074620882706 107.2163034150624 122 
2 0.98114594759495133 -0.19088450689186737 0.029897237166130863 0.0046786490022061502 -0.83350163622712259 -1.9954734475384048 0.33834812112981255 1 video_01_frame_0001.jpg
464.54473416484007 73.827800127200476 1 493.82760241668865 74.330841842092042 -1 498.01129860784079 75.850428614073593 2 499.9350969943215 76.430990359755697 143 485.81454290080291 76.844386340676877 5 470.13092469624951 77.897133463733752 499 460.81900153215599 78.071872686121253 528 475.61313411000003 79.932063088054861 8 482.38220811532267 80.578866334129259 10 482.38220811532267 80.578866334129259 9 493.97618702278152 80.581908664766473 148 493.97618702278152 80.581908664766473 149 496.37976047114751 80.784939294095409 189 485.66680826962107 81.091729750146243 493 469.7172290117951 81.884149310595063 126 469.7172290117951 81.884149310595063 127 494.76135198821487 81.892868379899966 -1 462.55735577972587 85.631569525395719 -1 467.85925315832964 88.230736570023439 13 468.67467047048012 89.74870681889027 192 461.3389414197668 96.124035849847189 283 461.3389414197668 96.124035849847189 284 469.47483618502349 99.705603211915871 14 469.47483618502349 99.705603211915871 15 487.78154883539156 101.55792168594292 -1 480.87461225837893 102.11180442427056 258 480.87461225837893 102.11180442427056 16 486.01395876992922 101.97631081897961 285 486.01395876992922 101.97631081897961 286 492.85644333800525 102.84120099679464 225 492.85644333800525 102.84120099679464 128 478.31305695646745 103.16622276770212 17 478.31305695646745 103.16622276770212 18 480.19822926597186 103.69275083091807 258 481.26026567448224 104.22946935884616 322 468.41495391353891 105.25933297142092 194 468.41495391353891 105.25933297142092 195 474.01283441369822 109.41395016875748 -1 460.2552695544577 109.61285510861393 -1 460.2552695544577 109.61285510861393 -1 488.53168102463127 130.88877368682887 196 470.39424075786928 131.34785027893997 401 483.81557698547664 132.36080555182625 357 483.81557698547664 132.36080555182625 360 465.98437233066124 137.01502440351567 279 473.035164738704 138.21432684090266 205 485.7699285605371 141.6181806357005 260 485.7699285605371 141.6181806357005 261 469.21564216438748 142.02908345529056 519 465.75902172114235 142.2454336587509 323 481.35828655515513 143.90232236019602 199 481.35828655515513 143.90232236019602 200 465.05911951843404 147.10908483606431 201 470.22481131260162 149.53187750289931 -1 460.09159601568615 151.25466984402999 -1 488.10944326065805 154.19271040022946 339 460.47025612551431 157.01141360385108 -1 480.83569507977546 159.18749775041559 135 480.83569507977546 159.18749775041559 373 484.53243759256037 159.85327670304713 203 474.48145560803965 160.8233044479978 206 460.46390696371594 162.71437570345125 -1 459.95112426569005 164.75292304480698 -1 490.47743511236661 166.98746350924785 31 488.46451759877823 63.894356023849312 394 500.49248155830327 66.631128663769942 495 460.43899084420912 69.431034820702124 173 493.69600009151424 69.371158602845171 218 466.33845778797371 70.312651157650564 269 480.88792509213516 74.754745118289776 36 492.42599136405732 75.819909921580532 142 494.77710945024415 75.900522386392652 538 484.35672600934197 77.882236463234335 37 484.35672600934197 77.882236463234335 38 482.43913805828134 78.487871888739932 146 482.43913805828134 78.487871888739932 147 462.46949373269553 78.760988104354894 281 484.42597957219431 82.566334335818581 40 484.42597957219431 82.566334335818581 41 485.63244825031398 83.845718782658039 288 465.99900863960295 89.409069423465695 42 469.68171528453212 91.923521013058519 161 487.32999062296153 101.9969338331826 150 473.05766920375265 105.39152008232307 622 473.82459069796857 120.11745301736011 21 473.82459069796857 120.11745301736011 22 490.91378852730639 120.71204783924662 19 490.91378852730639 120.71204783924662 20 491.04232792784563 123.68903622120409 151 492.98646468041687 129.18888394640058 204 479.38541955200947 130.73477201672756 273 479.38541955200947 130.73477201672756 236 465.78809378512454 131.59398913456192 289 485.59767451369271 132.33438787700038 357 485.59767451369271 132.33438787700038 25 475.59233465875411 138.05567543392857 490 494.02915397404649 139.05687121053001 154 476.93620861120024 139.93680351549338 490 464.88979275434576 144.030184662729 156 477.43743256511442 143.80807392564526 363 485.35898573526504 148.98835767776447 356 471.01580376272136 153.10737462036542 28 471.02060906302455 161.53438765133103 158 471.63363620299452 166.27443872776121 57 474.37318452073737 187.06641483103979 274 482.22049526363571 188.28687886276046 33 472.7964393739606 195.14450485264803 -1 470.70729119628362 198.20107034325468 -1 467.06490143330501 74.253405625474841 60 484.30360403607466 75.130408840743726 61 482.52099620727984 76.469074183445116 637 482.52099620727984 76.469074183445116 63 480.41492972289751 77.346290494615403 64 480.32617041008615 81.002273955368992 735 462.88772628202503 80.88244252956369 346 462.88772628202503 80.88244252956369 281 499.06596059882452 81.323008255834338 419 494.9724418265846 82.65450668877665 160 466.11723111245959 82.903495280058166 11 497.42257567855364 82.783102136786681 426 470.60706709445515 83.283967296351634 545 460.80928546019061 83.775961638940032 320 460.80928546019061 83.775961638940032 349 471.63767998796084 86.000193188921543 344 495.23507281172732 87.981626235221711 342 491.31743246697044 106.82237050253974 67 468.76531536877786 119.74584482594067 43 468.76531536877786 119.74584482594067 44 476.61239220920288 120.15295108657899 436 476.61239220920288 120.15295108657899 527 488.17578804404229 122.87574848060467 271 488.17578804404229 122.87574848060467 92 492.74827161789176 123.45988381310174 45 467.62111157531149 124.91647457179923 46 467.62111157531149 124.91647457179923 47 481.2030266446169 129.30540967172414 242 471.63828455079238 129.64544522058333 295 483.56437409539234 130.53426080721221 406 485.25980387451096 130.43446357343174 500 485.25980387451096 130.43446357343174 406 470.90889273172667 135.44630707386003 164 473.89680298534944 136.50617382413867 52 474.77509930806366 141.87131677705349 451 474.77509930806366 141.87131677705349 451 468.85176134989393 146.74427419044486 55 487.94722750320477 158.83807335769501 389 476.19878857194374 164.55054310421426 56 480.05557326483762 175.03553183608031 165 484.2610927787639 183.72459860627836 341 469.929050703136 70.789261885534458 82 462.85013821664694 72.35812529146618 59 474.05776702028436 83.166809542442536 65 491.8685203261482 98.535272465860018 86 489.01416909293101 99.155388032676342 87 468.67274760809494 107.68366512635312 89 471.87060510104408 107.3858086500351 407 471.60460943465557 110.08928647087919 424 493.08493758954671 117.69006294880624 213 479.29758843971683 120.00840253156089 91 492.93104267748902 120.49680910590611 168 477.57158833434323 122.63775608852187 71 477.57158833434323 122.63775608852187 72 476.74630894676858 125.5847293986662 73 476.74630894676858 125.5847293986662 638 466.71528424745469 127.74500267529992 434 466.71528424745469 127.74500267529992 479 477.34245801913187 128.54558263107103 169 491.23633491430422 142.64095908235464 209 460.67450960409559 148.47042605670353 276 481.98626984060223 149.84856065444481 94 481.95984576576677 158.36302349385909 373 488.79408109679042 158.67573461897473 389 458.61033885703796 166.85405811147768 -1 479.26527152708121 170.94007784533105 78 477.16795471314833 183.75819035904854 79 474.74808678778732 69.656814152517242 81 463.08335889400797 76.934363296152824 83 472.60320005907232 80.069221912559939 100 487.04138212404621 96.238236543924927 246 481.64147978140448 99.060445536421497 88 465.39154187551998 119.07456854468907 247 465.39154187551998 119.07456854468907 248 474.96216465351188 128.27865155678549 249 474.96216465351188 128.27865155678549 566 484.04058586778501 135.27124582273305 343 471.9462341118716 150.37650984986874 398 479.45903486304042 156.47245169698115 292 479.45903486304042 156.47245169698115 95 484.53438221871835 179.14970533149085 96 484.53438221871835 179.14970533149085 97 472.70989440671269 184.07697084328004 214 499.27612778855695 195.79895879687987 -1 461.17057814804468 65.944463451675119 176 473.26827986283359 74.828959424616997 105 467.51698427566754 77.785454105052395 523 477.23063019345125 78.289830478329179 99 490.53304685445789 81.27979351518826 106 491.46888852065564 85.878676049268847 -1 472.93540441228373 87.768794286465322 -1 498.32185688475369 91.714959306543577 251 472.33011358503455 98.098527003534031 293 470.66432925706994 102.5948989296672 107 484.04631988836957 103.43047779126125 101 478.79806235199794 107.36192478939361 102 485.19938588307241 108.15840205425745 109 485.19938588307241 108.15840205425745 110 476.00166297302985 154.40520956180046 178 476.00166297302985 154.40520956180046 178 477.85955532568937 158.60157891021598 103 477.85955532568937 158.60157891021598 179 471.11219704701017 160.34005174565598 252 485.28705182844146 163.89365562790903 104 461.18137998300222 190.80363014834415 181 484.15833327677137 86.559001429909728 -1 463.04803816772483 91.984996235005198 113 456.02713981241186 179.5207251478158 -1 461.3244834896866 190.63814762203305 181 484.84866333725535 193.70635287651493 -1 487.5449204694782 64.572516606834384 -1 479.16644799663254 71.032476742091944 117 476.24256191219354 85.678227558155882 119 476.93161424128323 92.570248653348642 441 486.31283821093302 141.8036519725118 115 473.95926212859132 170.99289984820672 333 473.95926212859132 170.99289984820672 334 477.26861790572821 177.7358545353805 116 495.24643380315229 71.907521655050132 -1 494.56284792043448 98.965996250870944 121 470.84038130180465 122.29599872632697 216 464.05859583016178 162.14408108329829 183 486.80343389637108 121.11648571683354 374 493.95396666703203 147.13035470401863 185 492.90002613116479 162.95217037130243 278 504.67633482651405 204.612607748991 -1 504.67633482651405 204.612607748991 -1 465.12466420278997 67.25955330401591 -1 489.3449188242713 107.36653375098298 122 
3 0.98399878526007534 -0.1756540167896575 0.029836797127961726 0.0013500109258084609 -0.8560275487395157 -1.9254259843088521 0.19330009597966455 1 video_01_frame_0012.jpg
492.91617252742634 61.718366466616317 218 463.00338861710441 66.414019632474833 1 498.08049775451184 67.248737138970398 362 498.08049775451184 67.248737138970398 -1 484.67815020781234 69.518222584224873 5 464.83018895481092 70.32129434418836 489 459.28609646154638 71.022314217821901 528 484.556132757375 72.029613178158783 493 473.0765498233061 72.583888337889192 8 493.02722343644001 73.391477981923444 148 493.02722343644001 73.391477981923444 149 481.2083004947894 73.474241149055828 10 481.2083004947894 73.474241149055828 9 495.55043265754938 73.53328457863212 189 484.62142640920365 74.027572821191981 493 468.26875194920569 74.797060299630488 126 468.26875194920569 74.797060299630488 127 462.54844183833734 80.51446482659793 -1 461.23318927056124 85.541931890193865 257 459.99002901222713 89.385423671427944 283 459.99002901222713 89.385423671427944 284 468.28095202446531 93.111196940674418 14 468.28095202446531 93.111196940674418 15 472.00440792463149 94.536131634657622 -1 472.00440792463149 94.536131634657622 -1 485.07996585137528 95.305978334160613 285 485.07996585137528 95.305978334160613 286 492.02451686546459 96.320414875415793 225 492.02451686546459 96.320414875415793 128 477.31357897788092 96.60246241268166 17 477.31357897788092 96.60246241268166 18 473.52515612617208 97.296118275277237 108 473.52515612617208 97.296118275277237 -1 467.2587162283661 98.721959605051168 194 467.2587162283661 98.721959605051168 195 485.83740153116167 104.00712571130732 433 483.18818157456695 126.13767718658876 357 468.12511937707444 127.49255802666889 132 467.41764829230681 129.00450410368279 548 472.26315212356315 132.41061224225962 205 487.86633456299609 133.18587732454401 226 466.98108240987619 133.68420102414902 227 480.69539454184127 137.9237097440859 199 464.2610340334935 141.0256302306129 201 459.42424106819794 142.61060581771633 276 457.88368290503348 145.0826853029582 -1 486.8910730758451 144.95854166579284 -1 486.54149531631953 151.09077868371165 -1 480.31819382825296 153.21779137768891 135 480.31819382825296 153.21779137768891 373 489.24692835228626 154.04288812589525 532 489.98040772357155 155.13338413185411 264 486.6910123395644 155.69067019034176 327 466.44462262688637 158.00992252105922 30 459.38942061841243 158.88422317524723 -1 485.19444443465443 161.42586185206972 478 474.01685973408161 162.37624221226622 139 474.01685973408161 162.37624221226622 140 498.26786811175157 169.81896006494742 -1 484.87959150179546 173.62354395939039 -1 481.7591998093506 182.52760268463362 33 471.49393869558139 207.06950322482095 -1 482.47096568622516 57.753136645439923 574 494.99386363529305 57.993603424276785 423 499.55193015310152 58.82015024099131 495 458.75234492068046 62.085307905510035 173 491.37977039850063 68.348679375646967 142 495.0757883219419 68.641114288777288 538 497.31780119822827 68.554165587489635 2 483.20227963587979 70.690897212438244 37 483.20227963587979 70.690897212438244 38 481.2519418863742 71.242222458834931 146 481.2519418863742 71.242222458834931 147 460.95028519565665 71.675998018349489 281 472.00646743471066 78.318957247360416 233 464.59171936871093 82.570844615765992 42 468.41436318248185 85.177747869996381 161 459.02279786941119 93.568614994650602 -1 459.02279786941119 93.568614994650602 -1 486.44808211270134 95.341959674465386 150 471.81705096787994 98.950004811843513 622 484.36595174392585 114.27956017867383 234 484.36595174392585 114.27956017867383 235 478.89378166548005 116.5754857681211 129 478.57466707611133 124.61811437642805 236 464.81071666922384 125.24950876358102 289 464.81071666922384 125.24950876358102 289 469.55617314456651 125.58891873977447 401 484.73929852513521 126.19739772062579 357 484.73929852513521 126.19739772062579 25 473.25740123730998 130.50221166142029 52 475.0148438193483 132.06301766007869 490 493.04278846425024 133.31827343169707 154 464.80378411258414 133.29619678283913 279 464.00739102789692 138.18097980912884 156 485.77532122518949 141.87504991935683 356 459.57547897862293 148.31661355110063 319 470.60750921897022 155.57318498002238 158 474.87319837478202 163.61909530567345 358 460.20523278155639 164.72402569621829 535 474.75184951163465 165.69681712784779 422 494.67557988074344 173.19031874921873 -1 472.16773051503691 189.28276848587166 -1 532.69873313014637 199.05803423807447 -1 532.69873313014637 199.05803423807447 -1 523.3965791285483 200.03552060489824 -1 487.27603249769197 56.185169097701305 394 458.62760746207175 65.212027826697081 304 465.50631339925962 67.05707835748278 60 479.58816155005951 67.499944624496052 241 479.58816155005951 67.499944624496052 36 483.11616514257889 67.824611194253961 61 481.3257371946097 69.255251429012674 637 481.3257371946097 69.255251429012674 63 479.16912067248029 70.160537372939103 64 461.40738661129643 73.866710543809845 281 498.18456750033943 73.964535579855664 419 494.05157087614549 75.38949269460177 160 496.67833948527669 75.562924514640741 426 464.67299594616384 75.928490547112816 11 498.38797379419424 76.957572021618262 466 470.38837816632093 79.2243036736497 344 494.39992439444859 80.901840025026928 342 490.46660475754754 100.15139981111628 67 467.74404761438154 113.48103909726026 43 467.74404761438154 113.48103909726026 44 487.42424352379061 116.56567918502144 92 466.60798322550664 118.79882367084187 46 466.60798322550664 118.79882367084187 47 480.39072536525384 123.11879308150978 242 480.39072536525384 123.11879308150978 243 470.74769863855192 123.54967664957968 295 470.74769863855192 123.54967664957968 295 484.59130239170725 124.19850720062567 500 484.59130239170725 124.19850720062567 406 482.81387780142916 124.36840507871321 406 476.5398711343197 127.98202711628554 331 469.96807135233041 129.44604120232341 164 474.12786057201936 135.87699490047402 451 490.39466966555807 136.58971877054535 209 459.7088855600245 139.96780960726235 -1 485.01408756350355 140.07300709480145 26 468.11164195674286 140.77206117537986 55 487.3901516159998 152.7665063588841 389 475.89766980352113 158.72159091799563 56 468.6229677676385 161.89145837595842 58 481.94728544215508 163.73999571021534 207 479.70655104784504 169.27250553219926 165 483.81648214280403 177.76512846579604 341 473.63738191240191 181.48886368252892 274 468.5034322459598 63.511407968892613 82 461.27265119104618 65.082727898648088 59 457.04582538161782 74.915262756891067 211 472.67272967530755 76.09230767503584 65 459.41568962909031 76.729639093801467 320 459.41568962909031 76.729639093801467 349 496.23972808585103 77.900144246340261 418 457.02996137113433 78.25092450610714 -1 494.36158024465988 80.975160557953387 342 491.09291859039274 91.693304884415724 86 487.99391759209652 92.452489696170034 87 467.470868160679 101.251852369079 89 467.470868160679 101.251852369079 212 470.74421225503801 100.91158677674133 407 470.44370286118743 103.64153416249889 424 466.8539108522051 110.96629468243282 68 492.30631278338018 111.20204689798764 213 478.47531697909199 113.64799628022057 91 492.23118355700342 114.03807140131664 168 476.66400790066069 116.39657710394752 71 476.66400790066069 116.39657710394752 72 475.79422667123072 119.3991579187677 73 475.79422667123072 119.3991579187677 638 476.59022714932507 122.40379161876005 169 466.29663166028729 138.56345194212474 53 459.72301042908919 139.65194231414557 309 481.16297878812145 143.93277230386565 94 481.43643315879041 152.31125998253586 373 478.76088982411261 164.90472366612894 78 471.22474734345525 169.49088727910518 172 499.04256078397265 169.06575209485595 -1 472.299299377728 178.21335936515746 214 476.59153721590053 177.87250032546424 79 473.56664272108475 181.54858472748532 -1 473.2618623689084 62.264176313037765 81 461.56562218607752 69.847806923344962 83 471.26877159010519 73.056549134238495 100 486.17106954381728 89.46202796573796 246 480.62925777800592 92.401491916353081 88 464.43025861234759 112.90117952706372 247 464.43025861234759 112.90117952706372 248 473.99369047476307 122.0856313573459 249 473.99369047476307 122.0856313573459 566 483.55968001843399 129.22964049754924 343 479.02032434755182 150.37262785732341 292 479.02032434755182 150.37262785732341 95 484.07001929920733 173.226696229938 96 484.07001929920733 173.226696229938 97 498.93967111929902 181.29935078244384 300 459.45814676746767 58.480120203309539 176 471.93017886116263 67.608420113488279 105 466.04116743210284 70.668526089280078 523 475.97929632597311 71.182842213846712 99 489.60630278880319 74.123931325652507 106 497.61066828892888 84.712577202134554 251 483.08094447201756 96.800078335261034 101 477.7719080805395 100.87907875463824 102 484.46030414831671 101.62134792990523 109 484.46030414831671 101.62134792990523 110 488.16805321650781 129.98746455616347 177 460.70868940168504 147.96689856898902 319 475.16265136339831 148.64981439824857 178 475.16265136339831 148.64981439824857 178 477.27452245025393 152.67148841001585 103 477.27452245025393 152.67148841001585 179 470.6306154479766 154.40645660205055 252 484.75658946393821 157.96198784381372 104 499.57040816689533 168.53619098583508 310 460.74876874982539 185.10761789765164 181 497.11980128224928 64.216160467375133 301 497.11980128224928 64.216160467375133 111 461.55806414193376 85.161219092723485 113 455.86467858908577 111.87024505865097 -1 461.53401798902308 132.12563993201545 369 460.98899637239094 148.57599206976533 -1 484.6887060123679 158.05190037559055 -1 500.30928905666246 167.88031100237558 -1 466.93733434224117 178.49081209973468 -1 466.93733434224117 178.49081209973468 -1 460.90459116557793 185.04330640071976 181 486.56476901511149 56.978042135194542 -1 477.8354461338526 63.675365117654849 117 475.00395414478959 78.699444678207627 119 475.76199612444992 85.800505851177945 441 485.7188345077281 135.69339249913682 115 487.63407272716506 148.14424549945008 370 494.71305016251262 64.337525549492767 -1 469.89244450011972 116.35906091911551 216 463.39314785807193 156.35355443874045 183 506.42741644765459 201.61226974245437 -1 486.15366810704825 114.59739232805109 374 492.376661016985 156.90261507632599 278 502.69273524639738 165.82583914545054 -1 505.48796130954548 176.68361667518971 -1 504.48005558591876 199.17077260542703 -1 504.48005558591876 199.17077260542703 -1 462.9266481031687 60.059876640076695 -1 488.55737205661006 100.85753874508299 122 
4 0.98573848015108911 -0.16433933756659364 0.035898551328134964 0.0048502463994582771 -0.97311632405086412 -1.8293033196112358 0.16369614524701528 1 video_01_frame_0014.jpg
461.59991164281661 58.485413283522817 -1 461.59991164281661 58.485413283522817 -1 494.85145855598853 58.823582159992043 -1 461.78329675004574 63.509584215895075 1 483.92014455816872 65.275351313440368 256 483.66033769405323 66.833223426606608 5 459.75046003158991 67.026224635865631 217 491.4899969928025 67.107247995051083 -1 491.4899969928025 67.107247995051083 -1 461.98979190395136 68.41926291872656 -1 497.09089294750288 68.410495408168146 187 493.11235518943545 68.768426720110838 123 465.99775454464748 68.835764205032206 499 483.48357495351001 69.344042780785557 493 492.03865523637347 70.407668484044365 148 492.03865523637347 70.407668484044365 149 480.13246283316386 70.698048414556837 10 480.13246283316386 70.698048414556837 9 494.46919301211437 70.534558499818658 189 483.52647970311227 71.35976925661312 493 467.03180338592341 71.968503563266736 126 467.03180338592341 71.968503563266736 127 458.85839791743962 75.230196062115638 -1 458.85839791743962 75.230196062115638 320 468.72755394032725 75.282706228511529 344 466.04648091406534 80.464946172600662 192 460.27147068330237 82.64982511356186 257 461.49309797679604 84.910167828949824 193 458.83148199788786 86.486207065884912 283 458.83148199788786 86.486207065884912 284 460.09563392837799 87.042782826043634 470 488.45980133263464 87.625903927778211 -1 467.08982588746687 90.541443366258335 14 467.08982588746687 90.541443366258335 15 484.01974297565306 92.677619235214692 285 484.01974297565306 92.677619235214692 286 478.69533560348526 92.926805157762345 16 480.18103497745659 93.572981839208268 321 476.23786574976117 94.050154310504382 17 476.23786574976117 94.050154310504382 18 466.14616511629816 96.125193250460313 194 466.14616511629816 96.125193250460313 195 474.07200462929052 96.827683240860352 601 489.20461431468453 111.73299086734154 19 489.20461431468453 111.73299086734154 20 486.79546033547297 122.05730137326667 196 463.69439605254439 122.25172072908072 289 481.93552212124581 123.54277386216239 357 470.8780154158743 124.0469615137194 402 467.06583867278442 124.95169900746932 132 467.8607171503765 129.52113620003794 198 487.36177339707456 133.06346894305773 -1 479.69507856715342 135.32103009336799 199 479.69507856715342 135.32103009336799 200 476.87372853057821 136.53353499265566 513 463.25148000288067 138.22125765560159 201 458.37271226975651 139.74350762345111 276 472.11005947627854 141.17282756983235 -1 473.58457895852467 145.10057879734671 262 458.58515068174006 145.38918558490539 319 488.77648784750522 146.50760603909512 324 488.77648784750522 146.50760603909512 325 489.76196282463826 148.91023327413404 202 479.31704279990129 150.56219592194248 135 479.31704279990129 150.56219592194248 373 482.99389455404634 151.21957319307197 203 488.24438291927839 151.2111883833274 532 474.8969306188082 151.92546304743257 326 489.04608904819065 152.29894078937642 264 485.58424139284699 152.9208064587655 327 465.43848049855245 155.26433378802508 30 485.14881254512352 159.27799521355965 478 473.14109022998252 159.58284535418707 139 473.14109022998252 159.58284535418707 140 471.38924343018988 160.27939843407103 -1 471.93872558561577 163.69919526057538 422 456.71159335431668 166.83793944094194 -1 456.71159335431668 166.83793944094194 -1 495.80191232456934 166.82363319385195 -1 497.42715133935229 166.67740920371327 310 483.56825251014885 179.10961562682925 -1 483.56825251014885 179.10961562682925 -1 480.74660021886109 179.31439153859571 33 481.62550081287446 180.42067173194667 -1 481.62550081287446 180.42067173194667 33 496.32056497893075 182.68015980279452 -1 532.01715651238874 193.88923947999831 -1 532.01715651238874 193.88923947999831 -1 491.67953587112299 58.826221359939552 218 463.56899784835372 59.96816884305909 269 459.87103371357955 64.88737447056161 217 490.38173073556806 65.431184891253849 142 492.59889092688366 65.465958089285479 538 496.54742576210282 65.537970750826318 2 498.04573357898556 66.947020680912161 143 482.13546240846739 67.864838799198509 37 482.13546240846739 67.864838799198509 38 459.82039128522979 68.659745202498641 528 473.11526411153648 70.029906558398309 8 460.27730370549313 70.886687774270243 281 463.53970882011822 73.057155821091413 11 483.55013935578864 74.129566991914842 288 470.8381360896301 75.587616070084181 233 463.4276296293113 79.778488212512315 42 467.15380507154612 82.5238984516578 161 485.84848363642249 85.415006102491304 338 485.2503299230724 92.784256404431659 150 471.61723881576785 111.28336077374976 21 471.61723881576785 111.28336077374976 22 477.82034034824335 113.97030544156118 129 489.31219104607209 114.81300032497079 151 482.96742165332103 116.73604993957879 272 491.31232567935484 120.11305366529534 204 477.53434927262384 122.00058030546464 273 477.53434927262384 122.00058030546464 236 468.4394787897707 123.01228256830348 401 483.88400264607975 123.64367942273519 357 483.88400264607975 123.64367942273519 25 473.91563911944564 129.58449394421419 490 471.49970764070997 130.0874932194489 205 492.38542937429372 130.29351721044219 154 462.98247384991066 142.3520975813334 134 473.00717492142655 148.17128710038367 -1 477.12209211716163 151.5226743896842 29 472.64444495954967 152.0975915197518 206 467.8752300747023 153.52649606193791 158 458.7749670267383 155.93272845953192 -1 488.90741404321324 158.2003096499223 31 473.79944592185802 160.86276692714102 358 481.06031601072647 160.87277634025864 207 496.00653310024694 183.23195445761442 -1 457.61015293213006 59.092449538678409 173 463.47404865545792 59.970703191208003 -1 463.47404865545792 59.970703191208003 -1 464.3262082268277 64.158947379539086 60 478.4490658807199 64.654898881465868 36 482.01941495231688 65.01203601546672 61 480.20436190708313 66.441045700687454 637 480.20436190708313 66.441045700687454 63 478.04815827055381 67.352347519660327 64 478.02436644780335 70.833038126455207 735 497.57661971192005 71.108109528938144 419 493.08118525996775 72.484579746182888 160 495.76740251114637 72.530706666239553 426 482.16998933110602 72.817630845886498 41 497.80922450114525 73.38802887406969 466 469.24809419876391 76.559264355999787 344 489.36336239865244 97.594854673066436 67 466.60404652359495 110.94876462291569 43 466.60404652359495 110.94876462291569 44 479.85871572593038 111.94352997204051 464 486.39442949863258 113.94468336357326 92 491.09696117700611 114.4642758854967 45 465.53240567744768 116.16471566014171 46 465.53240567744768 116.16471566014171 47 479.3298624403028 120.53098800962624 242 479.3298624403028 120.53098800962624 243 469.69203306595347 120.93234891916502 295 469.69203306595347 120.93234891916502 295 481.60972379282231 121.77886529302211 406 483.57871193632201 121.67611725883661 500 483.57871193632201 121.67611725883661 406 477.73456611083975 125.98420034777618 75 477.73456611083975 125.98420034777618 170 469.02175144885001 126.89829479574898 164 473.06763114704364 133.3400314914615 451 489.46579148523233 133.87255125275095 209 462.93903391314569 135.41185191672852 156 458.69580617726638 137.14298005470565 309 483.86051034663353 137.54188093952664 26 457.32606543470445 153.1690699223179 -1 474.73459160283977 155.9695731647985 56 473.35872627460446 156.33309461056353 210 467.42367854974901 159.31502384578411 58 478.55431758314683 166.38105546930268 165 483.74788477302621 181.10618465884028 -1 467.51617949412014 60.669153016098306 82 460.14452883341943 61.984512859980427 59 455.82780998701293 71.644032838597965 211 478.12412511843883 72.203414768567569 735 471.56652473926101 73.417018178602191 65 458.50822887112372 73.819554636853425 320 461.45977559990047 74.51304400632776 -1 485.08055526381025 87.085717066737331 246 490.06714594212832 89.069692300354959 86 486.78594706946257 89.814386589631155 87 488.76790380820489 91.879318279307682 308 466.3528846576246 98.600793363289782 89 466.3528846576246 98.600793363289782 212 469.61708159016916 98.348359865578004 407 469.37999368730033 101.12311871639427 424 465.74332967028664 108.35258848749972 68 491.25898716001365 108.47607918574523 213 477.39101310361468 111.15845302517505 91 475.60630727266374 113.89641218477307 71 475.60630727266374 113.89641218477307 72 474.72269073067321 116.84860709802746 73 474.72269073067321 116.84860709802746 638 475.54506472044579 119.77975605247966 169 465.27104131928991 135.94731081851833 53 479.96942117450561 141.43222721744129 94 456.68166556913968 144.09214407495276 277 480.34377805388266 149.67241664295241 373 477.74441515628587 162.20534239728065 78 475.65801995735956 174.93118868340275 79 471.27452544233256 175.19064069066889 214 471.94916172710958 59.395488988259856 81 460.47216315751444 66.79557890462624 83 470.08423771587132 70.257273638428146 100 479.40825837126755 89.794886630764566 88 463.14865402909771 110.2411957431691 248 464.77548240662838 128.76257882829429 279 478.14245123965475 147.55571231472956 292 478.14245123965475 147.55571231472956 95 483.05035021857702 170.2999280537498 96 483.05035021857702 170.2999280537498 97 470.6769857183142 64.663905601658996 105 464.891851952992 67.719144528838029 523 474.82278852645766 68.422802930624002 99 488.56124956920524 71.444913942055749 106 488.32016704964218 93.828303486508446 569 488.32016704964218 93.828303486508446 569 473.40497642135443 94.314472187834014 108 481.88252510522489 94.326933342395094 101 476.61377578786147 98.319397089888227 102 483.46570850531464 99.037134755370246 109 483.46570850531464 99.037134755370246 110 487.19949004399268 127.16740948812881 177 487.19949004399268 127.16740948812881 438 459.76698608799222 145.31498268348494 319 473.44084754855209 146.33128616579114 178 476.15856886939378 150.07376378229722 103 469.39765557577169 151.68687478740966 252 483.72588877917281 155.09315372411652 104 498.38075259905486 177.48355898004513 300 460.34602945743541 82.569035348104038 113 473.46673031135464 94.251224921917242 108 487.12283951412536 127.27892032784311 177 460.36838414134297 129.3476731307409 369 483.71702901513657 155.28255390687789 -1 465.88468671750366 175.01411959504836 -1 465.88468671750366 175.01411959504836 -1 460.22541783804553 181.50839493492614 181 476.73385839083676 60.781244393186995 117 495.65505332284346 61.124805873997232 111 495.65505332284346 61.124805873997232 301 474.16835292706958 75.854938272409385 119 484.0337190469171 76.649564234526636 112 474.52047903662009 83.121634484153361 441 484.64548843057702 133.10088409946732 115 500.37252977281508 169.23175438615269 -1 468.76725085112548 113.5948645426737 216 462.54448854393763 153.50752100083739 183 505.05497355700123 199.06264542737588 -1 485.12850186488879 112.06894564401659 374 492.37453083909367 138.14011567022754 185 491.45573636622288 153.56019476187794 278 487.65744181567294 98.386590980468043 122 
5 0.98113201724461319 -0.19065494727217369 0.031772919991555737 0.0045975399260033108 -0.86802872618308469 -1.9961507321120291 0.28875671739449243 1 video_01_frame_0005.jpg
463.75496487902427 64.583173070560875 -1 464.08673836367279 73.13774849581344 1 485.79657333929947 74.990176132607402 -1 485.79657333929947 74.990176132607402 256 499.70359610310936 75.712465749622893 143 485.48428198424131 76.168190875236021 5 465.87191874596488 76.713926443029692 489 469.65653868700343 77.355105097308609 499 485.36141560201122 78.54270682425323 493 482.04621686751562 79.935710419099763 9 482.04621686751562 79.935710419099763 10 493.68740674527635 79.943711531054717 149 485.40410658785117 80.446444490959038 493 469.23232243051427 81.26077334852593 126 467.39824345251111 87.738218216507022 13 468.12528099090054 89.354192367858076 192 469.24461314756581 91.594441945202831 161 469.07014425986364 99.300447664554383 14 469.07014425986364 99.300447664554383 15 472.7653807778762 100.65473516533569 -1 472.7653807778762 100.65473516533569 -1 483.34930189329174 101.52063560431327 -1 485.76708130689462 101.49650100863752 285 485.76708130689462 101.49650100863752 286 492.6128303677113 102.47117049293419 225 492.6128303677113 102.47117049293419 128 478.02543529971604 102.71780010542344 17 478.02543529971604 102.71780010542344 18 474.27350492211468 103.40191403029095 -1 481.03142010753254 103.71429873870176 322 487.50705669962218 122.89493230462077 271 489.72235707466785 125.17238733757345 -1 489.72235707466785 125.17238733757345 -1 468.80802704229865 133.33059663629979 132 468.19121021963014 134.75399528137126 548 467.50664225023525 139.49955461136096 227 485.68003252202595 141.38371465017769 260 485.68003252202595 141.38371465017769 261 481.21443099092261 143.72604328133554 199 481.21443099092261 143.72604328133554 200 464.77732109327729 146.88806290405694 201 486.35545662112969 147.44849154412839 356 459.76704888316362 151.14787924549827 -1 488.05911126666473 153.96358848969484 339 491.1806313527677 157.72741933941191 202 480.69686060544365 159.09577281448708 373 489.6968113238907 159.90741768255032 532 490.46035530055133 160.99900220225027 264 488.63969459297971 162.24435776974497 328 459.67465995862665 164.79996240290956 -1 470.25667340856575 174.31857959279864 -1 485.08488502395358 195.43251878757127 -1 525.28026905876186 205.88830318016923 -1 525.28026905876186 205.88830318016923 -1 523.5478717935498 206.51376979447275 -1 517.2263961555218 208.45958085531316 -1 488.13456347033883 63.153677146873378 394 483.34168723151197 64.459119176023449 574 492.39332663850979 64.689169734821505 443 495.32168797295139 64.950050783019464 423 497.63263683880524 65.148779348845821 268 500.35281908740359 65.787892423769733 495 493.581739096582 68.592312418546058 218 459.85557007027938 68.843343262512562 -1 459.85557007027938 68.843343262512562 173 465.88216727487622 69.63690754680367 269 476.12486589127462 72.204272935958116 314 492.1580815759944 75.025824122166568 142 484.01477239233105 77.190502181160682 37 484.01477239233105 77.190502181160682 38 482.0699886404326 77.890635995537934 146 482.0699886404326 77.890635995537934 147 462.0066032586376 78.238809528067776 281 497.17595829432798 78.928613604878109 -1 496.06397025424246 80.081522650949807 189 488.96253215919887 82.000976802739814 39 465.62512173095951 82.337716439500554 11 497.41825804852169 82.160929434590557 426 465.53566729150151 88.935657097681087 42 460.11310225393964 99.813213698779037 -1 480.58054992990583 101.61888711423407 16 486.97019585165333 101.54936286027558 150 484.43783940672472 102.482448441157 340 484.43783940672472 102.482448441157 329 473.38172696768976 119.72678292067545 21 473.38172696768976 119.72678292067545 22 493.02728508730581 121.6335072251112 45 484.13085186754893 128.50753968011759 -1 491.08681178932966 130.02109482761261 377 479.09248452590629 130.36550906162495 236 470.1317571779116 131.47231538673333 401 475.60740203161231 131.95394258891176 512 475.52290715478836 137.94370528143759 490 493.80235659479393 138.85778956732247 154 464.53590957669468 143.97164228482256 156 485.40795861298562 145.95694467854361 26 485.10188239364624 148.95118990132039 356 459.90244169528216 154.21273884936457 319 478.57233694120021 160.05238068924314 29 481.07111009357931 161.93636192525494 316 482.51659377099116 169.60724996464165 207 474.16598479247824 187.21700188062641 274 482.25068400282635 188.29783938426786 33 459.71465943702447 71.989222883465274 304 466.55360596522939 73.67692776106567 60 480.49585896630151 74.085575149662546 36 483.99830803957707 74.494287831165082 61 495.00264844504483 75.329993847586834 538 482.16912725691782 75.815178595293247 637 482.16912725691782 75.815178595293247 63 480.04310703741413 76.68693952696583 64 480.03205972570049 79.960232856185158 735 462.39732761972334 80.321720882678818 346 462.39732761972334 80.321720882678818 281 498.76012494610353 80.581964722172529 419 494.73146603789331 81.954038390938365 160 498.72970547662919 83.776471792923189 466 471.27314009467244 85.593243444490213 344 495.04340075152629 87.365338849329191 342 491.07563529459424 106.41033543265232 67 468.36516245752063 119.44915321825106 43 468.36516245752063 119.44915321825106 44 470.54025731906989 119.72057452320084 468 492.53694810455283 123.08982714024053 45 467.27879542145939 124.61429112874532 46 467.27879542145939 124.61429112874532 47 480.97296970475139 128.98051009571287 242 471.36456959575088 129.42015569819793 295 471.36456959575088 129.42015569819793 295 483.35105777981119 130.23704690930671 406 485.06949130619478 130.13884136505706 500 485.06949130619478 130.13884136505706 406 479.03386830878014 134.39257129756507 75 479.03386830878014 134.39257129756507 170 470.62298000145609 135.2376990947491 164 474.54823633538945 141.64992975247114 451 466.50134614154399 143.82961336973213 53 487.74829967929395 146.08037366802876 54 468.62073271798624 146.60476251953969 55 487.76900534472338 158.67030472532355 389 476.24827532323144 164.54983121656659 56 468.71334457268267 168.00699673924001 58 479.84356411136656 175.0277216501907 165 484.06801985374489 183.87701638039604 341 469.57545874350558 70.206741542857472 82 501.49791206724183 71.398317223243751 -1 462.33531354900623 71.741612394319262 59 480.05626603491669 81.432027195914372 735 473.60042737427506 82.533363277111476 65 460.30328647368975 83.136822470041864 320 460.30328647368975 83.136822470041864 349 458.06424694541545 84.69248311448402 -1 491.67936471317518 98.042412837014737 86 488.67963551618016 98.657596949201434 87 490.35728492539346 100.90842523598177 308 468.32776649954337 107.28720293765632 89 471.44003837388044 106.91909991736576 407 471.15189963529917 109.67023038299556 424 467.64384166915448 116.86947913891149 68 492.81081534177258 117.30462430191071 213 479.07410648158003 119.54583056265518 91 492.74400140692501 119.97802218143693 168 466.72567072403785 121.77945974278589 69 466.72567072403785 121.77945974278589 70 477.20650593510226 122.34713909993343 71 477.20650593510226 122.34713909993343 72 476.36010908986793 125.25599614375938 73 476.36010908986793 125.25599614375938 638 477.18607073165089 128.22973113910516 169 466.74165906346565 144.2640457035686 53 460.23879631430418 145.96386587547337 309 481.53202878163626 149.86976933430526 94 481.7987845908155 158.2197235917738 373 479.10407757604287 170.95858072377729 78 472.68886053437984 184.17397234296553 214 477.19436143589252 183.74966835891684 79 483.51683524523503 184.29464591257846 -1 483.51683524523503 184.29464591257846 510 473.73158797140428 187.44279738389676 -1 474.30011253545371 68.960113037120152 81 462.60420297148079 76.380588689286384 83 472.19061224555122 79.503061610095159 100 486.80134697528007 95.709857547224203 246 481.33274616062636 98.579888538971886 88 483.86787785261731 135.06483276477408 343 479.4589555102562 156.17159732869311 292 479.4589555102562 156.17159732869311 95 499.47202172871562 175.60086608086181 310 484.32992485596162 179.08627912794907 96 484.32992485596162 179.08627912794907 97 499.28388851722127 195.84408872232802 -1 460.63325992862144 65.254868264913526 176 472.85814204077565 74.142344687335239 105 467.05798798435484 77.169986563266548 523 476.82290751616443 77.665495087898208 99 490.36868723880133 80.794711307304766 106 491.06966429318635 85.291757457779312 -1 491.06966429318635 85.291757457779312 -1 470.42045707977559 102.21143280023634 107 483.73534255220181 102.99460094818664 101 478.4948450937531 106.9060709769177 102 484.98709763258375 107.72244967619555 109 484.98709763258375 107.72244967619555 110 488.88547919631975 136.10580747964102 177 477.56211614784587 158.47433401280196 103 477.56211614784587 158.47433401280196 179 470.69976280453812 160.38087836944058 252 485.14402720487971 163.82927821821508 104 497.83649991955195 71.084106349249083 301 497.83649991955195 71.084106349249083 111 483.49262764910412 86.026867918744841 -1 462.57558791306008 91.186367897989484 113 462.50595793387112 170.01803267971613 -1 477.20437986142201 177.93835324349749 116 467.31775191883821 184.84643488698151 -1 467.31775191883821 184.84643488698151 -1 461.19211263645428 190.77435989446965 181 487.293935664392 63.735052506691503 -1 478.7718663647513 70.330928034768846 117 475.9181049745045 85.067456472719229 119 476.58450089490196 92.068795456380684 441 486.292015729632 141.53212303639714 115 462.50618449593986 165.88575781862156 -1 494.9233193442081 71.194618466870494 -1 494.1952313347565 98.452770425283333 121 470.50559775878725 121.97964121154305 216 504.32933724007694 206.24607220183705 -1 486.65731481203261 120.81148117865479 374 493.90395087046141 146.87298959376474 185 492.74702746120715 162.93935185581893 278 504.64784433801168 204.96132023531652 -1 504.64784433801168 204.96132023531652 -1 464.39417449747276 66.627196489159019 -1 489.13848635142898 107.01135041399738 122 
6 0.98692781590754353 -0.1576353908525035 0.033226783928241355 0.0045332734894706411 -0.9662738563309905 -1.659277971549592 0.16397129537707514 1 video_01_frame_0016.jpg
492.09187500530743 63.663735295279878 -1 492.09187500530743 63.663735295279878 -1 460.53739060939927 66.313096838818609 1 458.50736645681792 69.747884020062045 217 482.37768971202325 69.982963357731194 5 458.65382808721324 71.42739925299945 528 464.6417254169757 71.911181194128602 499 482.24959758205711 72.391553147822847 493 457.57798989010519 73.187306453831155 528 472.01802377196191 73.267363768227312 8 490.77309553405956 73.430324712639489 148 490.77309553405956 73.430324712639489 149 493.39786427471057 73.503859226878916 189 478.85125866152174 73.863555999721569 10 478.85125866152174 73.863555999721569 9 482.30662502115274 74.401937359644862 493 483.68558253231436 74.51839426173332 -1 457.73654816092983 78.021676096862649 320 467.46361785113669 78.390651111732438 344 464.13117006873256 81.486755703892612 13 464.73154497916357 83.514043132712402 192 484.90922716549477 88.156675399169117 338 465.91780638650209 93.421767392958117 14 465.91780638650209 93.421767392958117 15 475.77268365954302 96.072555050824732 -1 474.91970282725111 97.072718878234781 17 474.91970282725111 97.072718878234781 18 471.1757125571994 97.716611064247545 108 471.1757125571994 97.716611064247545 -1 477.91083455810559 98.119868978214498 322 477.91083455810559 98.119868978214498 258 464.86990107913459 98.992031352144608 194 464.86990107913459 98.992031352144608 195 487.86087438808158 114.47028459045873 19 487.86087438808158 114.47028459045873 20 485.61126618608881 124.83998786014985 196 474.13396975599829 125.13355970653288 488 469.64895245833873 126.7868737745174 402 488.82548950433346 127.25403715598183 -1 466.06800354937872 127.62647654639534 132 469.69756257649556 128.35074424335832 -1 469.75358302271684 128.37513990715078 -1 466.70411221208343 132.27437708313815 198 469.97645590927016 132.50102295364377 205 462.01689941575182 140.86142849000444 201 480.6507189945151 141.02581739580353 -1 462.94090834954125 147.84819528246373 -1 462.94090834954125 147.84819528246373 -1 485.2650158441175 147.97522019969605 339 478.02216966514135 153.07830114944272 135 478.02216966514135 153.07830114944272 373 486.89969529299248 153.72237580706616 532 478.76468072966736 154.36923219570653 -1 487.84006411498416 154.6073468263337 264 464.40354088131897 157.44456243038357 30 471.78264792173201 162.01099044789567 139 471.78264792173201 162.01099044789567 140 473.89295263213609 164.02530978587021 -1 473.89295263213609 164.02530978587021 358 479.80702453415614 181.47471042780307 33 458.62777420414733 67.7588209678445 217 495.23319440377782 68.382074261038412 2 489.07543985431533 68.54481822329852 142 464.53374767006301 69.814748961064126 523 464.53374767006301 69.814748961064126 523 480.86000499419521 71.042510765212043 37 480.86000499419521 71.042510765212043 38 480.52592758897873 73.184628545911622 305 480.52592758897873 73.184628545911622 306 459.11986702795076 73.677754232203924 281 485.89190667520825 75.839407802507793 39 482.25700633283031 77.181517132965453 288 462.18967167999699 82.69503357046527 42 466.0489385004642 85.445754624148876 161 484.14644141870883 95.781577059726857 150 481.40593590357241 96.682400317900345 340 481.40593590357241 96.682400317900345 329 470.51466291160546 114.14974305358254 21 470.51466291160546 114.14974305358254 22 487.90947155721807 117.76460389038158 151 490.0412753772506 122.89949727256511 204 476.2146818001479 124.81310764873018 236 467.27260422533863 125.89116941100994 401 482.55306878034168 126.45048238327334 357 482.55306878034168 126.45048238327334 25 472.63640463812879 132.28776503908037 490 491.00804781671843 132.82263832205479 154 461.78033456045137 137.95569824746303 156 483.46924787550699 141.80774968522212 356 468.06735381461175 147.19810810436996 28 484.96644875091073 152.6781642696611 389 475.7205785500131 154.0230322142973 29 470.70399742449496 154.79864114570933 206 468.46171585727768 155.26596583471701 158 466.33681369542353 156.08468456985565 158 475.86042734175788 158.07135094773156 337 481.82237162295331 176.74425885350485 341 462.99456394824477 67.192476528655575 60 477.22593275240615 67.882665912761851 241 477.22593275240615 67.882665912761851 36 480.77318049054594 68.181418532250689 61 478.9549762560689 69.633023057001026 637 478.9549762560689 69.633023057001026 63 476.80499766050593 70.589705786273157 64 476.77714286749409 74.172800316877016 735 491.93399122301435 75.502134503071758 160 494.42308510719892 75.42920951084524 426 462.23477848591665 76.008129227474697 11 480.85000702437407 75.944862887951743 41 465.44079362428988 113.77685296805703 43 465.44079362428988 113.77685296805703 44 470.51637495604581 114.15815765249802 21 470.51637495604581 114.15815765249802 22 485.12033362772456 116.6845118455269 92 489.7776071915635 117.19287025554361 45 464.39431729881909 118.95688447856406 46 464.39431729881909 118.95688447856406 47 473.34083424387563 119.74686020857088 73 473.34083424387563 119.74686020857088 638 478.05250986466609 123.40255425547309 242 478.05250986466609 123.40255425547309 243 468.44073085367455 123.71940414316509 295 468.44073085367455 123.71940414316509 295 482.33456086608425 124.46009973007781 406 480.26990179159219 124.66650112940734 406 474.13112492725952 128.21691061606199 331 476.75690485544567 128.78702793638885 75 476.75690485544567 128.78702793638885 170 467.5443343758497 129.61320902913576 164 470.95631502497724 130.78135146399424 52 471.88548744783736 135.95704795306966 451 471.88548744783736 135.95704795306966 451 487.85590293542322 136.82795873323701 209 463.73567121815756 137.84524830595143 53 482.64996921142438 140.16370523447614 26 485.09893033602231 140.08775858792629 54 465.75816370087438 140.68363086862476 55 455.90466226264601 146.2196932557859 -1 473.84290309479445 158.35060915820466 56 472.4518682114155 158.64848653502108 210 466.3234488283598 161.64771992671103 58 477.58453013364255 168.89648322448613 165 471.58837322588232 180.48203229854369 274 466.31126702727101 63.801356342859123 82 454.69602274230817 74.135569660047381 211 457.64208446487748 76.630951672042997 320 470.2565466238816 76.508133101868907 65 492.12570810421374 81.103417287303699 342 455.25219745312478 86.272207098088387 -1 488.77055606896192 92.015614438782706 86 485.75618834626709 92.779639827332431 87 487.49864301080572 94.906589777222919 308 468.4252297682562 101.31329665605719 407 465.20556613481585 101.52812309740358 89 465.20556613481585 101.52812309740358 212 468.12425796640946 104.04090569046046 424 464.54658858527245 111.16581821832629 68 476.07669841474183 114.05883529667098 91 489.92201467393454 114.13962224067747 168 474.3294193367966 116.80036150212945 71 474.3294193367966 116.80036150212945 72 485.29609849058807 117.16864967164145 92 474.20208943636038 122.70213634718134 169 467.43197662696065 129.73423855843171 -1 463.94773849810502 138.37201286820402 53 478.77986729697221 144.11609795664532 94 455.6973156622978 146.2694143202404 277 479.09794358448312 152.17101943913397 373 476.49170996202969 164.83249017429108 78 469.04354619079999 168.94869838837911 172 469.9640063236551 177.40264027868915 214 474.25362191947676 177.23918704310444 79 470.67073393809795 62.614508557173622 81 459.38287450950804 69.76062946786341 83 468.80789647344676 73.383574472191683 100 478.21880999642229 92.883004323365569 88 461.91502863667586 112.93581597651166 248 471.41215551412898 122.30343741714439 249 471.41215551412898 122.30343741714439 299 481.12073330656676 129.43990107361421 343 476.68102599088007 150.27863612462929 292 476.68102599088007 150.27863612462929 95 481.72862441118752 172.54865538593515 97 469.45686911634374 67.841537912338978 105 463.64183679410093 70.722637904789721 523 473.58922005057912 71.602785345928524 99 487.37312535586324 74.50662983576467 106 468.80455456687486 91.845449057652672 293 480.66247671289437 97.380360596220498 101 475.39722907472213 101.3601573844231 102 482.29737919567441 102.07268853001716 109 482.29737919567441 102.07268853001716 110 485.50874452632502 130.1524657404739 177 474.91142861922941 152.60108922617104 103 474.91142861922941 152.60108922617104 179 467.33497540990186 154.45906914851719 -1 467.33497540990186 154.45906914851719 -1 482.48813432874095 157.59421378850854 104 472.88758460531665 173.38695174591248 32 496.94606887313222 178.67463696191743 300 469.39206873376025 67.880427476077728 -1 459.15123921128304 85.602868299144362 113 460.51123107089722 159.00141525289658 -1 497.27273175271779 178.33418205324315 -1 459.06007762146567 183.25317955099084 181 475.358981169912 63.998020101044972 117 494.24398663369249 64.20533303214529 111 494.24398663369249 64.20533303214529 301 472.7340010301827 79.095175517060156 119 483.02951806022611 79.713783833997013 112 473.28580560529474 86.261909028985272 441 460.01897625221551 119.45075297092248 114 483.34930328850334 135.75743298372254 115 460.45445053956621 139.5242352963202 182 461.05953088700448 156.93558422904928 -1 471.92022265972815 165.08292073796443 333 471.92022265972815 165.08292073796443 334 491.80861062282156 92.672749689442512 121 467.5710271450219 116.6822433148736 216 461.60668019170737 155.66358090047379 183 483.88516962395568 114.78399643038617 374 491.06386519467725 140.4621502842125 185 490.1300282648408 155.48180610208112 278 486.60104241502427 101.41713345533861 122 
7 0.98149261789424158 -0.18888739968121471 0.031380189381413813 0.0030124699441107139 -0.85903802994744582 -2.0216981873005166 0.25448784037635691 1 video_01_frame_0009.jpg
463.81915296691886 62.180197981257891 -1 464.08745957735255 65.765202657635044 -1 464.08745957735255 65.765202657635044 -1 493.73685429462216 65.978433619793975 218 499.80364288555654 73.394706769805481 143 485.47294282554867 73.858458914850402 5 485.36234046652902 76.125414079030151 493 475.10956605452935 76.886967672246939 8 482.05293008231251 77.538356086065562 10 482.05293008231251 77.538356086065562 9 493.75757690030116 77.569633727208355 148 493.75757690030116 77.569633727208355 149 496.17551738404075 77.721790199509385 189 485.4044735922958 78.047472129667696 493 494.53838193544254 78.809372492520367 -1 469.21360136795209 78.904760987533336 126 469.21360136795209 78.904760987533336 127 488.97896658560074 79.711946791878404 39 470.82980566922294 82.216593415346082 344 486.94345984727971 82.430824759580389 -1 486.94345984727971 82.430824759580389 -1 461.8009736200936 83.301808188181184 -1 467.41659124702471 85.233134321197213 13 465.44100768084871 86.703538630725944 42 462.09702092232277 89.461023537481196 257 494.57969982611149 90.106293749446337 -1 463.31483906511977 91.800459897438998 193 460.85570486836389 93.430957188679415 283 460.85570486836389 93.430957188679415 284 469.09493584985091 97.062411179173267 14 469.09493584985091 97.062411179173267 15 461.4345542675033 97.180700421454333 -1 483.40919377835377 99.239148749253118 -1 485.80902171348822 99.253450296961489 285 485.80902171348822 99.253450296961489 286 478.07580077695582 100.49582168167078 17 478.07580077695582 100.49582168167078 18 481.09314967251089 101.40015414059744 322 481.09314967251089 101.40015414059744 258 468.02878953074196 102.61348479475907 194 468.02878953074196 102.61348479475907 195 487.87830944101307 120.57963362365572 271 488.57858326006021 128.50563752008546 196 483.93114159290474 129.93767006140931 357 472.90045555501791 130.456660347379 402 468.72449201405846 131.34595822689644 132 472.89127189314331 136.09372460516946 205 465.50869759398569 139.94006025943335 323 481.3627073972898 141.70251944784266 199 481.3627073972898 141.70251944784266 200 458.42259805608961 148.92294543810925 -1 459.85321535887516 149.21458483433571 -1 480.71536309241276 157.14317698925586 373 489.72081572995751 158.02889253976883 532 481.78555489658413 158.42416888135219 -1 490.73266399892236 159.00275881815256 264 466.96019217385907 161.95479111516153 30 459.79370061030829 162.85451782173038 -1 474.37626759069605 166.3068699950617 139 474.37626759069605 166.3068699950617 140 462.08027669784531 191.48061662977616 -1 523.83706241213861 204.54644490221739 -1 520.49833991134233 205.6475726979881 -1 496.4188109700579 62.462531836293692 423 498.28220329589976 62.77737406893435 268 500.5741058212617 63.419233181139546 495 465.82664078874285 67.20481046657639 269 459.60145537225475 69.653189327202014 304 480.51762499524284 71.604191746061019 36 492.22274540521528 72.647708404432635 142 498.09188818174545 72.954124142384856 2 484.03783591369881 74.789733491469775 37 484.03783591369881 74.789733491469775 38 482.08230456439168 75.551078170571728 146 482.08230456439168 75.551078170571728 147 461.89353878414994 75.862655799204973 281 483.7121392050193 76.89163265941562 305 483.7121392050193 76.89163265941562 306 498.5495126243863 78.006879653601572 -1 498.5495126243863 78.006879653601572 419 497.47579273352414 79.807670409951527 426 469.18561028810433 89.191797214774169 161 487.19420144876563 99.320348737084856 150 472.72879508800838 102.76631363427188 622 479.58457243677822 120.3424888103782 129 484.89917684642614 122.82850573989475 272 492.96233089856861 126.76042007551989 204 479.280074274904 128.3748035366925 236 470.22313318460414 129.34831926373857 401 486.37280139711544 130.03697771276174 357 486.37280139711544 130.03697771276174 25 493.93975312503801 136.83287317174475 154 477.49126041856169 141.65521246841573 363 464.62370022490376 142.00315924559365 156 464.73593112534525 144.81162642865991 201 486.56480665666919 145.46577520324806 356 485.17963560525584 147.07605359370939 356 491.82229845856023 152.01659598180856 -1 484.27120276413012 157.65359443855405 203 478.75982562687255 158.08714503893401 29 470.94406321223056 159.56467866206359 158 475.10713023426672 167.70703300919092 358 482.47466399263408 167.81109283701309 207 481.15191977711993 174.05080724402106 165 484.69705611318591 181.59437569618578 341 472.83574583591309 193.48574886522357 -1 518.37886537739485 206.04646751475877 -1 456.77867122764991 63.272739381389044 -1 466.51122504069639 71.303606563791959 60 483.98948080704162 72.067189293877263 61 495.07658695284033 72.876652583542878 538 482.16764337428458 73.38140456021894 637 482.16764337428458 73.38140456021894 63 480.04293847948168 74.271655087812093 64 491.82994532599008 76.11913862532181 -1 491.82994532599008 76.11913862532181 413 480.05175835959346 77.530159594587815 735 462.30392394486353 78.014094593102968 346 462.30392394486353 78.014094593102968 281 494.71094064584469 79.535338192829471 160 465.61559303238141 79.997832895814867 11 471.20828752796172 83.191100948815063 344 495.08947142313531 85.077543537260766 342 469.24739772472282 89.085509856915138 161 484.89762614955328 96.247753861988258 -1 459.95387873642505 97.312006389203788 -1 491.38858842676342 104.11884859056619 67 468.49625402637861 117.32988719683367 43 468.49625402637861 117.32988719683367 44 473.63444916240707 117.62611174885744 21 473.63444916240707 117.62611174885744 22 492.76685911589419 121.02546890204061 45 467.36598852356553 122.60669440087111 46 467.36598852356553 122.60669440087111 47 481.0658815192624 126.9342568076141 242 481.0658815192624 126.9342568076141 243 471.43530704401297 127.31770018985357 295 471.43530704401297 127.31770018985357 295 485.25496171624326 128.04632872753086 406 483.35320588816052 128.15238136723423 406 470.73204321140304 133.1834828440891 164 473.87180444879021 134.34602902233945 52 474.72643331040427 139.58700719543648 451 466.66526983277021 141.86537822363965 53 485.71205396900848 143.82904602015611 26 488.24071668246791 143.6708032866099 54 468.57705782266817 144.53540393420349 55 487.97753718251897 156.65278642860073 389 476.41517106180714 162.60404219421679 56 468.63516265838427 166.24858956746948 58 474.36880664010533 185.33589792819365 274 469.38426834295251 67.692269462192073 82 462.20062929171098 69.304278726503895 59 480.07132086409871 78.971052176196096 735 473.5453484395635 80.15172445642142 65 498.3563909803205 81.717812584955851 466 495.07685945244782 85.141407239758877 342 491.72403828942385 95.68542442243438 86 488.73808249969926 96.404470641580133 87 490.53074354765107 98.570870783240949 308 491.1795084486788 104.19380032625844 -1 471.55084057923489 104.84116977975637 407 468.30520220837309 105.09111437963929 89 468.30520220837309 105.09111437963929 212 471.3843573087272 107.54691724178593 424 467.62753286607381 114.76857131069031 68 493.07785890420917 115.08354778879922 213 492.85961745760824 117.9854540887803 168 466.75334008635747 119.71030186394042 69 466.75334008635747 119.71030186394042 70 477.38858464938403 120.20791022871622 71 477.38858464938403 120.20791022871622 72 476.53682407845679 123.1453868610113 73 476.53682407845679 123.1453868610113 638 477.1814190682253 126.12961852921858 169 480.01066935552552 132.27783984974945 75 480.01066935552552 132.27783984974945 170 466.8866601533656 142.32515437825157 53 460.35493614808593 143.87255310186069 309 481.72113917986559 147.89719610127904 94 458.11043796090405 150.92025731247531 277 479.30939445015218 168.86590231633735 78 477.36566777528435 181.85709975111254 79 472.75145445942502 182.2478359890321 214 474.29950334643274 66.501261256212345 81 462.50980561923092 73.9607543951184 83 472.12875984796727 77.09687145410139 100 486.87526027522551 93.389075484392265 246 481.39014278193827 96.295009694873158 88 465.07250582719337 116.75041064894165 248 474.5091908301153 125.78250423504505 249 484.11233377718605 132.9679511875934 343 479.7353437820064 154.07691373032969 292 479.7353437820064 154.07691373032969 95 458.26377600364691 165.24921626482381 -1 484.63445576289882 177.27058749015674 96 484.63445576289882 177.27058749015674 97 499.48977226734939 185.96732186406683 300 460.48752510011764 62.843205681569316 176 472.79206411935888 71.788119091290284 105 466.95774633091872 74.836780057020391 523 476.83254842310731 75.281512913560306 99 490.40764748897595 78.253402292857103 106 491.30903867021703 82.887441867177074 -1 491.30903867021703 82.887441867177074 -1 470.41002517485703 99.900204699601801 107 483.80913454543827 100.61551812435405 101 478.57158925648429 104.73869321480161 102 485.19798224448743 105.52851639622411 109 485.19798224448743 105.52851639622411 110 461.53378463462968 152.49828872604255 319 477.78506442702974 156.620824222078 103 471.51729017700274 158.18018291264451 252 485.32770482093679 161.9669557199561 104 500.25121164799782 173.18743727063108 310 461.07510932328751 189.32919075796337 181 497.90158522725119 68.566265322269984 301 462.53885661713645 88.908096105809221 113 500.55137567729952 172.99374092252575 -1 467.46030733156817 182.56520362585383 -1 467.46030733156817 182.56520362585383 -1 487.35889713735759 61.266894741112438 -1 478.70023228165229 67.88020585169042 117 490.73823332413451 68.213794003920498 385 475.88333470420361 82.725535383167283 119 476.58697813069051 89.774561008665387 441 486.32067033510697 139.56634136262934 115 473.88079989045838 169.04095032652705 333 473.88079989045838 169.04095032652705 334 477.18905533231947 175.90519807144128 116 494.26727675878379 96.068745920658273 121 470.60362413254114 119.98570724027209 216 463.80440033200642 160.39297811356849 183 486.85715082120942 118.68875957537055 374 494.08357730354783 144.64774028349612 185 493.03298387836668 160.90111481285223 278 504.94670621831716 202.71465839661329 -1 504.94670621831716 202.71465839661329 -1 464.12307848976718 64.086132778118966 -1 489.14147278081458 104.88166270859918 122 
8 0.98141823224012548 -0.18948324272722333 0.030091179729032608 0.0029791030123780958 -0.837354073244851 -2.0081127759445181 0.26470835954584909 1 video_01_frame_0007.jpg
485.96849916616014 73.43669490009691 -1 485.96849916616014 73.43669490009691 256 498.19236522029593 73.85114266045619 2 499.83912683871483 74.293235214940623 143 485.70059566877711 74.816930660695363 5 485.49364732870237 77.10334132780099 493 482.20911886904827 78.578550287947138 10 493.90919969140953 78.585620961977611 148 493.90919969140953 78.585620961977611 149 496.34246778364337 78.755682959268825 189 485.5496824855058 79.055057039577548 493 494.68547247040175 79.814553162025561 -1 487.14577108710796 83.395207792872014 -1 469.60127016732662 83.708481819415042 581 462.27824764614013 90.569096458423218 257 463.4950987876507 92.803762737390826 193 469.23734452268332 98.04637122349061 14 469.23734452268332 98.04637122349061 15 492.84862337553562 101.05489108895395 128 478.18988401302067 101.44505420895409 17 478.18988401302067 101.44505420895409 18 474.46922230895495 102.12446331054338 -1 481.2116778325215 102.35861530780953 322 481.2116778325215 102.35861530780953 258 468.22668519097192 103.50228832398335 194 468.22668519097192 103.50228832398335 195 472.66721702691268 132.82588027835672 -1 486.10733162545841 137.20122183061144 133 465.49041024482636 137.85855851485724 279 485.91708279735843 140.18841125812912 260 485.91708279735843 140.18841125812912 261 464.58177211501209 149.61026984661129 134 469.99794854494473 150.90202905668968 28 475.4337493487526 152.30994486660563 262 491.53351300049627 156.38617204841407 202 480.94405071937462 157.9737906586289 373 489.89356186927051 158.75945423498814 532 490.7081000843483 159.86912923259396 264 489.32759880778593 161.15282418645882 328 491.44924355222059 161.32635066245436 265 491.44924355222059 161.32635066245436 266 467.03294449616197 162.71764047287868 30 480.43093364001305 162.76921334017584 337 459.86024929922985 163.57839791886826 -1 474.62121744241017 167.10585181992707 139 474.62121744241017 167.10585181992707 140 482.70285407268477 168.75389196958648 207 498.81919577520017 175.60492293747066 -1 485.64055120262202 178.67696503031516 -1 472.31855707262679 194.31776413611252 -1 523.55755531466934 205.4756285914105 -1 484.23402611404669 63.089053348848466 574 496.19072879330378 63.518050746416947 423 498.47882957570567 63.889734212545008 268 500.51137541657545 64.40896496023646 495 493.40451609941545 67.326856849083967 218 459.94373609790392 67.436541414798171 -1 459.94373609790392 67.436541414798171 173 466.03049758147858 68.204393722885783 269 459.80709386260139 70.600391874624691 304 480.80224042210193 72.667603180012335 36 484.16460252704593 75.781840363954785 37 484.16460252704593 75.781840363954785 38 482.26821466319257 76.353171029772113 146 482.26821466319257 76.353171029772113 147 462.0986969821077 76.885564253211825 281 484.28490288186254 80.53680732239053 40 484.28490288186254 80.53680732239053 41 473.05256958007357 83.327712263430939 233 465.67328548422188 87.583582858568633 42 469.40140605604512 90.088519804417871 161 460.09464429866563 98.528183910493922 -1 460.09464429866563 98.528183910493922 -1 480.78385413545101 100.32274757491851 16 487.2711271166832 100.23185549826206 150 484.66949418137563 101.10263142814293 340 484.66949418137563 101.10263142814293 329 485.06540687981988 119.22777024518548 234 485.06540687981988 119.22777024518548 235 488.05461944630929 121.42552033385297 271 484.73108570644183 124.7063122646172 272 493.08911862688763 127.65558477896145 204 479.35031329722131 129.22067593008845 273 479.35031329722131 129.22067593008845 236 470.31517739264814 130.27318760944704 401 485.42562520242916 130.80472650325308 357 485.42562520242916 130.80472650325308 25 489.02665512390394 132.02954314991217 -1 475.75219300748131 136.80911660494203 490 494.30468510347299 137.53946215242757 154 464.73522064716315 142.7106180932698 156 485.75293810529149 144.77802263764835 26 464.99997525234772 145.77670576065071 201 486.64320913254517 146.33559863189666 356 471.65824919113089 156.01110550467439 364 487.89166416215892 157.67301184253611 389 484.27537354486066 158.47734941033937 203 484.54950814512728 182.63786372711485 341 474.5720726947448 186.11209687539096 274 482.51862323001438 187.25823917594289 33 488.35927315323028 61.694425628996385 394 466.65871356569045 72.270572347089001 60 484.13859104101374 73.050518057256596 61 495.04087179916388 73.882515359804458 538 482.33133565145027 74.395957258877047 637 482.33133565145027 74.395957258877047 63 480.22538868974169 75.30114535393102 64 480.13445452129849 78.766836951867973 735 462.49607878700709 78.992099053622638 346 462.49607878700709 78.992099053622638 281 499.12432831334314 79.334199223057766 419 494.84086797524719 80.526351410382546 160 465.79151951549181 80.937688911601441 11 497.44779982319818 80.778977838338378 426 471.40731408475534 84.211703237401991 344 495.21367996585656 86.057500109138232 342 463.73187817224687 86.40848724401971 -1 491.3631462050156 104.99721481241784 67 477.55247707841602 116.36563924735196 330 468.61202914631917 118.22312045114532 43 468.61202914631917 118.22312045114532 44 473.75097150457754 118.5103028938268 21 473.75097150457754 118.5103028938268 22 467.46571591774102 123.38624256903182 46 467.46571591774102 123.38624256903182 47 481.16744818753563 127.76970908396643 242 481.16744818753563 127.76970908396643 243 471.54953573210059 128.20589826824198 295 471.54953573210059 128.20589826824198 295 483.46541807984647 129.03833833416326 406 485.38177159960475 128.89755883677148 500 485.38177159960475 128.89755883677148 406 470.64840159495384 134.12604727927061 164 473.8710634625869 135.11759804490171 52 474.88791361749679 140.4802747840659 451 490.8433309806494 141.69399421935353 209 466.7116861226412 142.65216979134451 53 468.81382035889976 145.43687828466761 55 476.350085074417 163.39561905095206 56 469.02258339194816 166.8605340494498 58 480.18773417595116 173.98834551026641 165 469.57242263326236 68.738959481864484 82 462.44295396275243 70.285555336789272 59 501.65560419208305 70.138918759888426 -1 480.21832778281498 79.991427150275285 735 473.76243079744955 81.189495772803696 65 495.16269692987225 86.084514391664314 342 488.88460933994065 97.340215494610391 87 491.28700173842429 105.11681469443795 -1 471.6152080552589 105.68714308138661 407 468.42454611794341 105.9707712235024 89 468.42454611794341 105.9707712235024 212 461.73561845967299 113.12359966076971 -1 467.78164329140407 115.66960935908899 68 493.02081956177506 116.06011367399174 213 479.30951849089217 118.39275968942385 91 477.54893947702777 121.12319681208027 71 477.54893947702777 121.12319681208027 72 476.669173881083 124.0522390954938 73 476.669173881083 124.0522390954938 638 477.33443016284377 126.99593875446436 169 479.95700416411927 133.12785301445692 75 479.95700416411927 133.12785301445692 170 470.54674321227861 134.21282123909327 -1 460.58861935286973 147.38414679710999 276 481.71726807617614 148.7342875596145 94 458.21662200976408 151.85843006777941 277 482.00728900676467 157.0408557008769 373 486.2272902465142 164.52255598239 -1 479.37688486618856 169.82367027562162 78 496.74964505831451 172.66974732520092 -1 472.66548888893215 183.05473701339531 214 474.43782682084856 67.527829272082215 81 462.6727364956551 74.921731146747604 83 472.31014881661781 78.103049551262387 100 487.05282218146829 94.32822545950286 246 491.86752566393886 96.714294568011042 86 481.5866048057083 97.259831320699732 88 471.55508481370293 108.60754596819345 424 465.21910873700142 117.67338845018607 248 484.29185024054897 133.87597600631804 343 479.82829331320073 154.86142166105157 95 484.70696141777074 178.08376976621537 96 484.70696141777074 178.08376976621537 97 460.68928220374738 63.863322453658554 176 473.01583806428943 72.771039413339395 105 467.15047207886732 75.768832913912121 523 477.02855830815275 76.281890598296116 99 490.37834674472219 79.317227479220065 106 470.43665042878496 100.85791769115818 107 483.96403539946851 101.65285889549199 101 478.66334671782886 105.6466076655262 102 485.26479335492377 106.42765119459305 109 485.26479335492377 106.42765119459305 110 489.33511722557961 134.86037760575999 177 461.40196724573497 152.94655279637709 319 476.0879194539072 153.18378921969486 178 476.0879194539072 153.18378921969486 178 477.85231385021149 157.491801569307 103 477.85231385021149 157.491801569307 179 471.35294107024055 159.14990457814844 252 485.35950220796866 162.80609333765096 104 461.18564283062523 190.00124079643163 181 483.91543102003311 84.623104520663333 -1 485.19565934439549 192.66815205392447 -1 487.57545091936862 62.331270764178853 -1 478.98730725174619 68.93183534782915 117 475.98973722387387 83.731684993945308 119 462.61333858894307 90.128768197652334 113 476.77392660718726 90.723646822392652 441 486.40634961036739 140.41187722135942 115 477.21801830517506 176.80271514736634 116 495.0669322410464 69.764824325991782 -1 494.46130259104763 97.073499335446911 121 470.77946547381839 120.63514661739468 216 463.90515552073981 161.30208280198244 183 486.83630567627927 119.70687836398555 374 494.11592254642778 145.5729788803921 185 493.05691788433563 161.90089616558896 278 504.83851867509213 203.8615510409754 -1 504.83851867509213 203.8615510409754 -1 464.31676420748295 65.293467843378792 -1 489.3749087470959 105.67566017005973 122 
9 0.98961256641241502 -0.13998032504071511 0.032731381793689875 -0.0010647281366508324 -1.0368028875589181 -1.1989532952373967 0.25652917996111191 1 video_01_frame_0020.jpg
456.9364024295046 75.530528769985636 1 455.00191989923474 78.611228699179577 217 478.6124945811215 79.279488077225636 5 458.81371165034005 79.551291562020523 489 491.96185715939225 79.431398489069693 187 491.96185715939225 79.431398489069693 4 455.18411535144497 80.296202329111395 528 487.99528002192267 80.355028916495129 123 462.73709476878622 80.463867596173912 499 478.44439927618959 81.65974556837628 493 454.25541824366837 81.804509577651302 528 475.1766185264637 83.214772948035986 10 475.1766185264637 83.214772948035986 9 478.5193782738483 83.519709350437481 493 462.42913274146872 84.312921052556092 126 462.42913274146872 84.312921052556092 127 464.13949259121176 87.794645722310491 344 458.4971665240613 93.32069548901157 -1 462.72002898325047 102.144512142556 14 462.72002898325047 102.144512142556 15 474.2242879188891 104.62264956598412 16 486.19139471168097 104.5126933757129 225 486.19139471168097 104.5126933757129 128 471.66326586003225 105.74173621189483 17 471.66326586003225 105.74173621189483 18 484.66829501891107 122.01984420257875 19 484.66829501891107 122.01984420257875 20 473.58900600221864 124.96502328349132 129 482.46287118539027 132.16660882844923 196 477.84692338151052 133.87171765200168 357 477.84692338151052 133.87171765200168 360 463.52105087465179 135.12764673169096 132 467.17360010578665 135.93353908507655 -1 454.99565234188168 136.77371130318926 392 479.05518650336666 139.49949647478559 133 467.50446979806566 140.02172762699419 205 482.68004312055655 140.25017951426321 226 475.69493300263758 145.13366689237884 199 475.69493300263758 145.13366689237884 200 459.73799667973043 147.71494272104124 201 459.4887352263807 151.23804913530586 134 485.76736169774739 157.33980719979027 202 475.46613840924493 159.59417095891044 135 475.46613840924493 159.59417095891044 373 476.26297612484757 164.07279127848852 -1 473.53653753938079 164.47925489186025 337 469.74072793164612 168.16872355605344 139 469.74072793164612 168.16872355605344 140 455.09123243762969 170.32600151208175 535 457.1846028946087 174.5171800311804 -1 477.48933771534587 186.60100264900052 33 455.17869598296465 71.042915561182667 336 455.1831567980314 76.597859995484939 217 491.39864273021163 76.811448701144201 2 473.49509441371021 77.334896780201717 36 485.29764349816537 77.540049004095025 142 492.95441937094677 77.739747418323731 143 461.01023355318296 79.042340736328939 523 461.01023355318296 79.042340736328939 523 477.13009679343145 80.394649334746902 37 477.13009679343145 80.394649334746902 38 475.16511573636785 81.032696736490976 146 475.16511573636785 81.032696736490976 147 489.04496249469861 81.955836440639828 189 487.04159114213849 82.134415392239376 148 487.04159114213849 82.134415392239376 149 455.71640289937227 82.533941883295313 281 458.79686464426601 85.002990769599563 11 490.84986329482854 85.781008232732248 418 458.90445278646945 91.573100236099378 42 480.59440852770001 104.24700904697536 150 467.58260348723633 122.1691611242087 21 467.58260348723633 122.1691611242087 22 478.85910916039325 122.50436274944147 234 478.85910916039325 122.50436274944147 235 484.76120452937232 125.06275769779938 151 486.8399079896231 129.94669958225927 204 477.31256488475128 132.22987258670966 500 477.31256488475128 132.22987258670966 406 464.5780666468267 133.47194471933582 401 468.27948779949088 138.10541053137391 52 488.09212524856309 139.52334541282647 154 471.1066859890775 141.30312174414291 490 459.44729375617879 144.96647890808265 156 479.89773075051141 147.09578941902365 26 463.207782810347 147.65039221571678 55 481.18103282988778 148.18062859025198 356 473.33445495533545 160.49645950215358 29 475.99015783094421 162.22391016256199 316 464.24262050935283 162.46720562497649 158 471.20369730826002 164.77845359408559 56 466.57500969802413 166.59534174343611 57 477.58814057200703 169.19108815559764 207 469.95581066358926 185.73962626023427 274 491.65692635977695 66.876465202355419 268 455.74326541228083 73.972131660887783 59 459.43119430021085 76.523479833134388 60 477.02498831409588 77.643965916665778 61 475.21307385407152 79.044335981951235 637 475.21307385407152 79.044335981951235 63 473.09174769028186 79.968068668991606 64 492.58130726180707 81.981847231331713 419 490.54335689953871 83.700081375376129 426 487.90879320773058 84.064078003655766 160 477.21596954593753 85.035098370639645 41 464.53031138039694 88.65988267271581 344 462.82721035092248 94.172571389586068 161 484.78908870530717 108.4746076890824 67 483.77226603926835 118.80965442596613 162 452.61161747781313 119.13529077522037 -1 462.54471750193858 121.69865155237105 43 462.54471750193858 121.69865155237105 44 464.61893628654269 122.04814448057505 -1 464.61893628654269 122.04814448057505 468 481.99116388348602 124.2517937347985 271 481.99116388348602 124.2517937347985 92 486.63989552063435 124.5938071048262 45 461.6421586013804 126.69151381130814 46 461.6421586013804 126.69151381130814 47 470.53743944752415 127.42134357795747 73 470.53743944752415 127.42134357795747 638 465.64356585958518 131.36590960594506 295 465.64356585958518 131.36590960594506 295 479.50054373867795 131.91958810443819 500 479.50054373867795 131.91958810443819 406 464.92764699176968 137.07322005455219 164 469.28994584079157 143.19186133870107 451 469.28994584079157 143.19186133870107 451 485.07172841223729 143.44251930732125 209 461.31803998542159 144.85798816068151 53 482.51716106673075 146.79913372468934 54 464.20679568009001 167.89812457238565 58 475.16461331000619 174.62471010142193 165 462.57918022532954 73.398133152837033 82 492.56897996619068 82.057007465119398 -1 451.28337254519954 82.417117807475421 211 473.20957111516299 84.651531240926232 735 466.71076864121471 85.770430605619396 65 485.21549147066895 100.31468717313339 86 462.21973268972852 109.86538679537718 89 462.21973268972852 109.86538679537718 166 465.22459487744101 109.68776495333138 407 465.05956390096583 112.33243389742955 424 486.69578533313438 118.85537385823342 213 461.6596608372443 119.19520095688388 68 486.65225627312958 121.84137433262225 168 473.05979416087035 122.03846566528237 91 471.39038117877385 124.73059869191455 71 471.39038117877385 124.73059869191455 72 482.22492785156351 124.76555896779446 92 454.68503174080854 125.19993062799692 395 471.39613729166928 130.34077339844532 169 475.43523225743019 136.46664980093817 75 475.43523225743019 136.46664980093817 170 461.57629896310459 145.41983676487516 53 482.57532493514606 146.78887459000029 -1 476.11408313325688 150.92151568089733 94 476.60418208169386 158.66244532217488 373 474.234412055593 170.65542862712351 78 467.21626856810212 174.891962431959 172 468.17791388921955 182.93776447934425 214 493.95385917253788 182.88766710717971 518 453.39934559793022 71.854646625534727 173 466.81344724573586 72.431181035201149 80 466.81344724573586 72.431181035201149 81 455.98367849814554 78.886601115329057 83 465.25003832936397 82.723966107132682 100 454.51976540423874 85.680486838882473 320 474.85549104337508 101.58209368178414 88 456.70321625870815 153.45793184177745 319 474.2673071978478 156.86818853748329 95 479.28640464358102 177.93784549249631 97 453.36760173022742 66.750382413027879 176 465.69093182468555 77.406433827178759 105 460.11469374037631 79.912500478600705 523 469.95089547542466 80.956941078790294 99 483.61510552153476 83.455849419048363 106 463.89981838887644 105.02905282429393 107 477.37196971846322 105.77109017879877 101 472.20328559214687 109.77614712123456 102 479.25719119218383 110.33061068452341 109 479.25719119218383 110.33061068452341 110 482.56173945523909 137.36425345678538 177 482.00357511022219 149.53191869674717 -1 468.49392762324612 155.95956473149909 352 472.56217358069864 159.13913282199368 103 472.56217358069864 159.13913282199368 179 479.93299293284321 163.82489411134418 104 479.20277163830917 88.745523299432705 112 455.97586116607442 94.226574456765576 113 491.47291981875856 94.66360153231139 251 495.66798444043826 164.83096139995286 180 472.26850339956411 177.87078948045141 116 457.42799618069881 187.64155587744446 181 471.61674105250501 73.770259299113619 117 489.87593229063367 73.082054671990292 111 469.01736739109879 88.393641175888121 119 470.03456835778206 95.211451321055335 441 457.07018896839691 127.17198086858461 114 480.24332432041831 143.00336309366654 115 457.9044341263413 145.901803379173 182 460.30558483415581 160.92113025210881 183 488.32646709308807 101.07464876579967 121 464.82606372188019 124.87145269192152 216 487.7917833596743 159.82298687059665 278 480.60057563249808 122.6986053765753 374 488.14397306593628 146.87300961129966 185 461.76062130420269 151.03012047903744 335 500.71150505130089 175.23496330098646 -1 483.39683638701979 109.67376926426732 122 462.92963277610806 183.96735199697542 186 
10 0.99342260539068172 -0.10933712382032819 0.03359259299676997 -0.005334618003325479 -1.0885261745308632 -0.93093403519002715 0.32660169592266608 1 video_01_frame_0022.jpg
454.77255974021313 69.33863064736066 1 452.9170174236732 72.381131540958521 217 489.66424422969897 72.864650932005958 4 476.33578924344823 73.099509406426321 5 456.69177282305225 73.508193859508069 489 453.09996077145831 74.05769167126229 528 476.22563714929061 75.480933966122237 493 453.61885360474815 76.15515590205986 346 453.61885360474815 76.15515590205986 281 472.98967061573774 77.053400278780117 10 472.98967061573774 77.053400278780117 9 476.35741219799093 77.329478818386207 493 458.77944400339129 84.298943097815936 13 484.18719976679364 98.066248695311458 128 472.5251544026255 98.411777819157763 258 472.5251544026255 98.411777819157763 16 473.70285667385048 98.849778516481678 321 469.69735166708273 99.375049841441736 17 472.81414057119298 100.18600497225287 322 472.81414057119298 100.18600497225287 258 482.94812647910197 115.27459282202024 19 482.94812647910197 115.27459282202024 20 465.62713912608126 127.53186651911682 402 461.80192124446683 128.25825933459825 132 465.58148932277231 128.98899157955071 -1 486.54610998990211 131.90605860256909 154 478.2279958618555 132.66124929789646 133 458.97927711346335 135.44352351367164 323 490.4713862127665 136.0493933214853 -1 458.59147678288349 140.4066970733297 201 479.49544560576675 140.7967418796016 356 478.18572651081718 142.39276096156598 356 464.59448298337736 146.54301013788915 28 477.94353470476898 152.3708219646382 203 462.89696305962252 155.01984605194761 158 460.97659408272415 156.27016417241475 30 473.81052291732072 156.30768116620069 337 468.55000272445164 160.31003682842058 139 468.55000272445164 160.31003682842058 140 451.3385173516528 59.6692956360355 -1 489.06108164497641 70.143053845297771 2 453.03764931441151 70.396085856441729 217 484.92794726577745 70.973219573089636 538 490.67297600154541 71.005822508907528 143 471.32208976132654 71.326679348233199 36 482.84332468716678 71.27164816326885 142 474.89406966035006 74.248546414826706 37 474.89406966035006 74.248546414826706 38 472.93676754129706 75.063602812903198 146 472.93676754129706 75.063602812903198 147 486.62765308349941 75.427525309351751 189 484.85967269441949 75.700326991436981 148 474.6037757147588 76.312665920625975 305 474.6037757147588 76.312665920625975 306 479.98388060091287 78.508456582758157 39 470.97751920202177 79.150838262510234 735 476.4119583266214 79.997331304262431 288 464.15163400735366 81.906737782087475 233 456.96670946755705 85.37917974964077 42 460.89120859084994 88.045640785796195 161 478.6473880860388 97.836939340997247 150 461.07396736974624 115.16861326988736 43 461.07396736974624 115.16861326988736 44 465.95520840341902 115.61336244116573 21 465.95520840341902 115.61336244116573 22 477.06741113989813 116.10109894133096 234 477.06741113989813 116.10109894133096 235 483.37103084505731 118.09362065283936 151 477.8607881460652 125.008731294642 500 477.8607881460652 125.008731294642 406 471.78957334512194 125.59168113145678 273 471.78957334512194 125.59168113145678 236 463.16639308361977 126.59275086935608 401 477.84322906695314 126.83184568506208 357 477.84322906695314 126.83184568506208 25 466.93965387203866 131.3719353817545 52 458.94474165929557 133.14353539424198 279 458.29950182757824 137.73438798245473 156 478.41308068265181 139.7471738937389 26 462.00996540017155 140.37685902353078 55 465.58973786070976 158.66910058820145 57 476.07283888292642 161.33652036008783 207 469.21450127911936 161.53777434019486 358 457.19636594035717 165.44807081957825 -1 474.08840540133195 166.27943704916626 165 522.2520801312603 194.93297702139395 361 522.2520801312603 194.93297702139395 -1 490.90249705959832 57.336356847850325 411 488.67518315167382 60.562213067753049 268 453.52093878090852 67.800904174285563 59 457.24163456047091 70.395098593176954 60 474.74612056513183 71.558899587596869 61 472.95693061313773 72.977858752418712 637 472.95693061313773 72.977858752418712 63 470.86316275129212 73.920555284956563 64 490.29132230986613 75.230194283349405 419 488.41581959133191 76.994443651748838 426 470.97450153971278 77.194943753317034 735 485.6600320101258 77.611347490137675 160 474.97731070079561 78.872448166782647 41 462.50807284559369 82.701585072650261 344 482.85267535890068 101.85812882627519 67 459.97855482957937 112.67465052536762 68 459.41808971661868 117.23994535342987 69 459.41808971661868 117.23994535342987 70 484.80402223311944 117.6305068617495 45 460.203016073051 119.99922806242557 46 460.203016073051 119.99922806242557 47 468.91241575757471 120.82999293568528 73 468.91241575757471 120.82999293568528 638 473.55341817987727 124.25080979383755 242 473.55341817987727 124.25080979383755 243 464.25842931104876 124.6148921913927 295 464.25842931104876 124.6148921913927 295 463.55369090998693 130.18334304017665 164 469.61161713448075 134.28712953045266 490 467.98264727455268 136.11099060120949 451 467.98264727455268 136.11099060120949 451 460.15513656351163 137.78980555284792 53 481.09490556474589 139.15860274515492 54 471.17959782687655 158.54123328193171 348 463.37927067144506 159.77948189211719 58 460.40503873759877 67.367556467127471 82 452.67264698679469 79.434621887024662 320 452.67264698679469 79.434621887024662 349 483.18750994262302 93.77456320610267 86 479.85140359642963 94.967415992517829 87 460.39595975239445 103.51290763240988 89 460.39595975239445 103.51290763240988 212 463.48361962026229 103.35836765612083 407 463.38268933990588 106.08729300726361 424 484.83370456956965 114.86400085918955 168 471.37985635652376 115.56799510346747 91 469.79685194123829 118.12573172740306 71 469.79685194123829 118.12573172740306 72 480.46191771775943 118.04195815369583 92 469.80026435586763 123.63808418476724 169 473.97398083456892 129.57962826523902 75 473.97398083456892 129.57962826523902 170 474.75512729029487 143.56881918650947 94 473.06270388399491 149.30047418827652 292 473.06270388399491 149.30047418827652 95 481.88468236792704 150.81783866818108 389 473.12780998452854 162.63091374643903 78 478.31669691053992 169.61593916226121 96 478.31669691053992 169.61593916226121 97 467.4658943861744 174.45046390580461 214 451.40824375507196 206.207915551811 585 451.16133045613242 65.651831909727349 173 464.56777590439816 66.398562787369784 80 464.56777590439816 66.398562787369784 81 453.85701924702789 72.652095794971345 83 457.81696785192457 73.798834827297583 523 463.15583808172346 76.705286011723615 100 472.85803224786258 95.292775219446554 88 463.61074131683927 113.5128283150307 468 493.0067092224802 155.60151305878503 180 463.55670110636589 71.413990006854959 105 467.74679446943225 74.925649350147324 99 481.36141971714608 77.102262523934414 106 462.34043264240188 98.730510340377435 107 475.51962589482605 99.33378615145466 101 470.36665845926194 103.41990776986236 102 477.47585584527684 103.83012192440609 109 477.47585584527684 103.83012192440609 110 480.89884577221306 130.22765145835257 177 467.03895768067804 148.61128617336928 352 471.33149626755682 151.6214701399492 103 471.33149626755682 151.6214701399492 179 478.65736500249204 156.07864336369241 104 451.16260337500034 60.10335358398649 176 476.98984674696101 82.531402593369009 112 454.06326896076314 87.964717383342958 113 456.91302369609707 139.01205048095593 182 451.01319244357143 161.46849094568199 -1 471.31571710532768 169.59476257158894 116 493.53913848028901 171.90812917491522 518 457.09428033950388 178.91550191172058 181 469.1436552288481 67.751678464272132 117 466.66962454471775 82.32733565747094 119 467.99332070953483 89.036297998297826 441 455.71363621751863 120.20213591391314 114 478.69391374785499 135.73331975944808 115 459.86534174393091 152.97318935818734 183 494.78698608910719 153.85678462401074 353 487.15110676651062 66.493261598668795 111 486.30600172980644 94.774060706602867 121 479.37591934795307 115.43607972790556 374 463.44520638709071 118.24519418291693 216 478.77593208868592 115.99027072042172 374 486.491775410873 139.24479679374062 185 460.57126494381345 143.87033362081382 335 496.65228419285285 152.37500146158771 -1 447.95687257714525 164.92289114425523 563 481.68584654958653 103.14756097205537 122 462.49330493781969 174.85129745491162 186 
11 0.99474278489264256 -0.096682026874067281 0.033693840305642021 -0.0020255145050494172 -1.0904524483860385 -0.74719399262003039 0.42747514047201268 1 video_01_frame_0024.jpg
491.48206052749367 58.047422641402179 -1 490.92752087152564 65.230190775383534 491 453.65484545976886 66.286410095955134 336 455.378246497639 70.634431260348876 1 467.07469939697251 71.041841786031256 314 453.62820491854188 71.752775054407607 217 453.51804670087159 73.445924057438532 217 489.84908911156197 73.93306024339023 4 476.72382274716608 74.60145129676755 5 487.18692717789838 76.553285595862377 189 476.6221281980732 76.958296781782849 493 466.67201440971445 77.901606228989053 8 473.37556635031154 78.322914155729876 10 473.37556635031154 78.322914155729876 9 476.71434034050941 78.850991344433695 493 460.8388009104421 79.449020398553927 126 460.8388009104421 79.449020398553927 127 462.79559792971088 79.701237973750807 545 489.50711003711223 81.347738414078393 -1 483.84301842532733 83.352284504840711 -1 459.31027992636677 85.407309397674965 13 483.09375754842358 91.887088090601068 -1 481.68889504681749 93.545550815219173 -1 461.34796696661436 96.748346069850641 14 461.34796696661436 96.748346069850641 15 479.00115778587451 98.76978009382718 150 484.362895062174 98.873645553943149 128 472.61400961089083 99.326673474138829 16 470.10707235606793 100.23253600156782 17 470.10707235606793 100.23253600156782 18 482.86182870550704 115.8403354100643 19 482.86182870550704 115.8403354100643 20 485.00940805375143 125.88766426289033 -1 470.04781420739772 126.30189413497121 488 476.20899185067492 127.2502490446485 357 476.20899185067492 127.2502490446485 360 481.54528379362188 127.62851179105405 -1 462.06014597222088 128.38032669647097 132 486.35657045044019 132.09840493639729 154 463.20164092066352 132.70648531498685 198 478.76566252594074 132.81304618206536 133 461.31333530021305 133.89817117425036 227 461.31285084425491 135.63488773447355 -1 478.30439684158523 135.60581670487062 260 478.30439684158523 135.60581670487062 261 479.572854151135 140.70553449249215 356 478.189159656698 142.36432304370666 356 458.76611706813179 143.60166111004833 134 464.82895804994547 146.24765801963235 28 474.39334504149821 151.57008454635599 135 474.39334504149821 151.57008454635599 373 477.55491088037502 151.87947893190224 203 467.90119944766042 153.17499340961098 206 484.00720679034663 153.79735141648169 265 484.00720679034663 153.79735141648169 266 461.69773323680243 155.29002218196558 30 475.21629722979509 155.73546730533246 -1 490.5412000637977 156.40984535027553 615 483.58088819683201 157.56974478616019 31 468.7249591694715 159.69345570492223 139 468.7249591694715 159.69345570492223 140 476.5229890088516 176.65879553006806 33 521.38844845387109 193.70720778803309 361 451.99464906046586 60.761142510048103 -1 482.23494753558566 62.928719329142112 313 457.24340848111945 67.748777448295101 269 457.24340848111945 67.748777448295101 34 489.19385223683315 71.309538194022096 2 453.71756032455238 71.482991760032633 217 490.80933955197719 72.051085739139936 143 475.22009485049756 75.597815337011298 37 475.22009485049756 75.597815337011298 38 487.12067026205114 76.574560008092831 189 484.98988798267084 76.92740465415136 148 484.98988798267084 76.92740465415136 149 454.23607621399395 77.323006121201431 281 474.9748719751596 77.733891353672817 305 474.9748719751596 77.733891353672817 306 488.66709888032943 77.988645770709027 426 480.27075195897754 79.806041904057423 39 457.28887910745613 79.925618737890915 11 475.42454436475322 80.288411451095499 40 475.42454436475322 80.288411451095499 41 457.50426395393595 86.360563120458636 42 461.57631108309681 115.60692234916364 43 461.57631108309681 115.60692234916364 44 466.2571240812785 116.12920462201791 21 466.2571240812785 116.12920462201791 22 483.08179872580376 118.54707731381629 151 478.02968962079842 125.40341383416492 500 478.02968962079842 125.40341383416492 406 463.58622765046573 126.75967545481886 401 477.90098816906584 127.14250031296922 357 477.90098816906584 127.14250031296922 25 467.16764930995561 131.38135257266879 52 469.87570299405098 134.25714981294871 490 458.69166242556435 137.5005352203338 156 460.43543770992761 137.45745089525437 53 462.35616866868503 140.2018591636928 55 472.10142699160554 152.46237780458327 29 463.39206216098705 154.29965314724743 158 470.47630261566292 156.31674396159252 56 466.0483077217462 157.98164822824202 57 474.24029432768651 165.50866484534566 165 454.1517320346673 69.09133348188972 59 457.84237702489492 71.708352373520412 60 471.59227583523852 72.823731239385594 241 471.59227583523852 72.823731239385594 36 475.09723209210824 72.985101636205542 61 473.34220270270879 74.420577344487128 637 473.34220270270879 74.420577344487128 63 471.26695771768152 75.281855887591803 64 490.47055802678608 76.311493385231643 419 471.31279133807061 78.786372522934059 735 485.8807167243674 78.794708288299219 160 464.93823648645161 80.791892869765178 65 462.91883096545712 83.789119288841235 344 480.64880784917784 95.724290858262719 87 482.85881960780443 102.79457066741398 67 462.11564247180371 111.03950681855984 365 482.1249263808046 112.65594993787137 162 460.43870154909649 113.18693130096869 68 459.79362392628911 117.52095905522421 69 459.79362392628911 117.52095905522421 70 484.95625722777618 117.92809052588004 45 470.21211073698902 118.51030722608154 71 470.21211073698902 118.51030722608154 72 460.67619501854927 120.2904026958996 46 460.67619501854927 120.2904026958996 47 462.88398059208987 121.20588568021664 -1 469.16080404156116 121.27587339552893 73 469.16080404156116 121.27587339552893 638 464.6078453802586 124.90895559365923 295 464.6078453802586 124.90895559365923 295 464.05971962106213 130.31164689396971 164 468.26891661700029 136.24799559347778 451 468.26891661700029 136.24799559347778 451 481.1023209566664 139.19070474892007 54 478.45040974091989 139.62773893852031 26 471.11505177438829 157.95059006270887 348 463.49595972225427 159.19323630102491 58 471.46541939291575 173.16965859098292 79 492.05607325733132 61.875801911130935 366 492.05607325733132 61.875801911130935 -1 461.1174174733751 68.929131978418113 82 471.5048210940277 79.911380004089239 735 465.06258416056198 80.945474088038338 65 483.41940907476277 94.733022099029483 86 480.04869016360402 95.924634119668895 87 473.17485517068138 96.268765149292321 88 460.8877713985226 104.22253322569422 89 460.8877713985226 104.22253322569422 212 463.9809153217584 104.12671718346446 407 463.84882715951858 106.72737411482888 424 484.83966839197188 115.55956863459295 168 471.69331675670708 116.01482134299528 91 480.64932676095731 118.39240709554225 92 474.66904130207723 129.80389267062125 534 460.22617990449106 131.54772448973881 279 474.94596818415761 143.42776156811163 94 456.39424319713908 144.91049037851809 319 473.16119359423885 148.92493076913527 95 473.11851861992096 162.00074804007284 78 466.60070527488261 165.88988898781804 172 478.18818774068853 168.69878320510094 96 478.18818774068853 168.69878320510094 97 451.61379748154809 205.01970557013368 585 465.03862557513025 67.963634216134267 80 465.03862557513025 67.963634216134267 81 454.46017354785687 73.838470741363665 83 454.46017354785687 73.838470741363665 84 458.41226569833339 75.00640759417827 523 463.63293723366911 77.99808709449033 100 464.12737546446527 114.02850609648468 468 492.78664825079562 153.4932395012263 567 492.83836944724283 156.81638876153346 180 464.08316222721305 72.876584685890919 105 468.20404068683143 76.34242660793528 99 481.64484671542237 78.268289308400171 106 462.64333640803562 99.655991803965975 107 467.5970205009333 100.72520063362833 108 475.60334585251235 100.45673714609389 101 470.66688713702462 104.2430479825413 102 477.59984211832915 104.67186920394346 109 477.59984211832915 104.67186920394346 110 481.0714704328779 130.36113327664512 177 466.94438005551979 148.32018110198811 352 471.4008582937663 151.1764791782507 103 471.4008582937663 151.1764791782507 179 478.60110530636945 155.58114160954443 104 470.35663564321743 169.39582886297478 32 451.73297837673516 61.270696637307779 176 477.35955775233117 83.766283385457854 112 454.55894812845042 88.753741914556059 113 464.20829012049705 127.11883852849191 -1 457.27393647194617 138.38239071178938 182 471.33299420904933 168.57496137257073 116 457.37814606935501 177.14113720964241 181 487.44870847390678 68.004128791058093 111 469.6200770629398 69.307881006813233 117 488.06671339579094 79.989408490780917 118 467.30499309027329 83.46177429021246 119 468.30440421734573 90.084587179959499 441 456.20660753607007 120.30210730053315 114 478.90378620279665 135.72756219257457 115 460.9679631421684 152.68267199991951 -1 494.60385960577008 151.83680007769755 353 486.61456180610628 95.517776732274285 121 479.54585766317115 115.68939168688314 374 478.91422669471331 116.50315391525328 374 486.39651116915974 139.00440471338717 185 496.580379917703 150.20949982439791 -1 482.17216973486779 104.0061776870842 122 462.73359666635599 173.39045180371494 186 
12 0.99641965883260408 -0.077806757875113389 0.032943018416003 -0.0029545657080745332 -1.0407585561736239 -0.56867093601177099 0.54003438556821437 1 video_01_frame_0026.jpg
455.20573812164179 63.710082631157405 336 456.8850386506486 67.997472254982839 1 455.21402724607611 68.943460624778169 217 478.28531675455741 70.675132379697942 256 491.02137844661297 71.092234218775445 4 478.02706347638525 72.129004097719758 5 462.63936011056586 73.015374261870036 499 488.39594118757225 73.866102620860886 189 477.91862073946697 74.48810298667523 493 486.38745521341173 74.257739048178337 148 474.77962819730385 75.916021844429665 10 474.77962819730385 75.916021844429665 9 478.02156782794452 76.309627190112337 493 462.33153974732346 76.872818333511532 126 462.33153974732346 76.872818333511532 127 481.41026614928836 77.454787375517441 39 462.75041573084957 78.477352502833426 545 462.75041573084957 78.477352502833426 420 460.79980213439467 82.764986190207352 13 462.85124472765483 93.937773232795678 14 462.85124472765483 93.937773232795678 15 478.94888101116373 95.94888466748867 285 478.94888101116373 95.94888466748867 286 473.97834137798469 96.459444367570114 16 471.55301568650867 97.460988053088073 17 471.55301568650867 97.460988053088073 18 484.3839305228733 112.45219964858515 19 484.3839305228733 112.45219964858515 20 473.54990106920167 115.53308673719798 129 471.55007919498229 122.91512025683068 488 480.17427099123591 123.68750217780219 357 480.17427099123591 123.68750217780219 25 477.75316341481209 123.87025672678729 357 477.75316341481209 123.87025672678729 360 463.84331798392122 124.9155152400278 132 479.50699855715521 129.21823098836191 133 460.79129319392382 129.51105098557679 279 462.86624280528986 130.13724466562749 227 479.76813339238879 135.98973428238637 26 460.53601652853393 136.29467167337029 201 480.71926494672169 137.06976626363885 356 485.27870149058828 145.09797171489851 202 478.86986526362324 147.76350302045253 203 473.49651570647359 148.43331971918388 29 464.83980582414983 150.15510380603047 158 491.25717630531841 155.78149813420345 -1 470.65518873329228 171.14007271055192 274 477.8772935665645 171.67828904838618 33 522.3190904714603 187.97052070436968 361 519.81096327806608 190.10219399725327 -1 519.81096327806608 190.10219399725327 -1 490.42012316512665 68.541730531939834 2 492.01636507618576 69.219039136317491 143 486.4408196883096 69.704814203948374 538 484.4612658801928 70.086121559769992 142 473.10082454716121 70.44879874846292 36 460.92033673638679 71.793317213048638 523 460.92033673638679 71.793317213048638 523 474.74292117990507 73.821575193716981 146 474.74292117990507 73.821575193716981 147 455.72726406026248 74.591467713532523 281 489.76832187062712 75.282817134135314 426 491.83697685609224 75.077446608217329 419 476.86201358368675 77.721719472735856 40 476.86201358368675 77.721719472735856 41 459.05186535921854 83.590169528145594 42 480.18748221066772 95.930062227865704 150 463.0299787881969 112.41578085555264 43 463.0299787881969 112.41578085555264 44 467.71843878037083 112.99637208278131 21 467.71843878037083 112.99637208278131 22 484.25618751001184 115.31845838191445 -1 484.25618751001184 115.31845838191445 -1 486.30570017770594 119.58393328020978 204 475.76754905593344 121.72367342354508 242 479.12882341520958 122.03797164340226 500 479.12882341520958 122.03797164340226 406 477.05352296023329 122.25302371170376 500 477.05352296023329 122.25302371170376 406 473.29543133814957 122.48534329235605 273 473.29543133814957 122.48534329235605 236 464.9738005586679 123.36079352932575 401 468.22174361116294 127.66481876613641 52 471.36644600367083 130.87785383514225 490 460.25732226839227 133.85355765990718 156 471.95789399556605 134.36813754681157 363 482.9382304003185 134.50942428060799 54 463.87982974153931 136.42709617859791 55 466.3740106033992 142.28328487727538 28 467.64937577434063 145.67463472934691 364 482.06013383858192 146.73481511688374 389 476.43928653201795 149.97850586181687 316 471.61993866213038 152.22607955760901 56 470.34845088334259 152.56318859651569 210 475.40488609996009 160.90390914440337 165 455.6686452548995 66.422779199573796 59 459.37445766877835 69.162228765305727 60 476.48594548861183 70.589906783516611 61 474.74207804107016 72.013331633513076 637 474.74207804107016 72.013331633513076 63 472.69831056161172 72.890687767088693 64 491.61995822793943 73.433806250418115 419 487.11705392743494 76.112714291382659 160 466.35177672690645 78.182814277869596 65 464.41072327840129 81.001828203588033 344 484.10467183219941 99.806555110716431 67 463.80198450798355 108.0312650659465 365 461.95399298744576 109.97508649546337 68 465.40411074604827 112.53005573413435 468 461.29219999689354 114.2894427740391 69 461.29219999689354 114.2894427740391 70 486.02005196745642 114.68423635393506 45 471.62805347750333 115.41383622953001 71 471.62805347750333 115.41383622953001 72 462.17364092067919 116.98621894926042 46 462.17364092067919 116.98621894926042 47 470.60180869337853 118.02337992652852 73 470.60180869337853 118.02337992652852 638 466.0818002051281 121.52865583460975 295 466.0818002051281 121.52865583460975 295 475.05329799294196 126.16925317883485 75 475.05329799294196 126.16925317883485 170 465.40194924861248 126.78517025477265 164 469.66544525505469 132.60906726603247 451 469.66544525505469 132.60906726603247 451 462.17492969017559 134.22070706197826 53 482.1854513546507 146.62463670666241 389 476.67709014629077 146.70550677301094 373 464.98330714875988 154.89744401539568 58 472.7734096370537 168.46904951222365 79 493.35174086681496 59.040130556119863 366 462.41847049791249 66.45687468621415 82 456.04632739646877 71.268320034972646 83 456.04632739646877 71.268320034972646 84 484.65190733681675 91.940378922299359 86 474.44728538690282 93.559485995705955 88 462.4003892365738 101.24898517228027 89 462.4003892365738 101.24898517228027 212 465.46412406307974 101.11435912198499 407 486.06623088686001 109.36708996442005 213 481.8927483368148 115.33750427440938 92 461.69031261957622 128.01216560604576 279 463.85161889412927 138.70599845292833 530 476.14296751501848 139.67727273996539 94 458.19491293065369 140.45164736285301 319 474.57801006680836 145.01566674598445 292 474.57801006680836 145.01566674598445 95 474.53928434098202 157.73709728895571 78 468.1686091366243 161.38802688159683 172 479.36955756688008 164.04137039779698 96 479.36955756688008 164.04137039779698 97 469.05540194137211 168.68355978538202 214 466.52666185923357 65.625231818062105 80 466.52666185923357 65.625231818062105 81 459.94528086009234 72.44315886570331 523 465.1287114253663 75.492126321941782 100 483.13226487342348 96.062556201231359 569 465.42730398786216 104.09802107529708 424 471.9761388616887 118.00422252084623 367 471.9761388616887 118.00422252084623 638 468.92028912976241 120.40744991715299 249 468.92028912976241 120.40744991715299 299 465.52322750026008 70.389153306897839 105 469.63930981500823 73.854122829322193 99 482.98418570969881 75.678594246251464 106 463.9654826268719 96.753612373308584 107 477.05306394288959 97.496122999035492 101 472.05454130962903 101.3384369306572 102 478.86634589483549 101.74519734440949 109 478.86634589483549 101.74519734440949 110 482.37240083087033 126.86845336082732 177 457.78333325945079 127.62107056289017 369 472.84901666189012 147.14851161267433 103 472.84901666189012 147.14851161267433 179 479.8164925446647 151.30904325022917 104 471.72542295806898 164.73399966419751 32 478.45902270473857 81.27955021280485 112 490.48692194459318 86.833681613430883 251 457.97259999304293 126.42774986231045 332 482.05291219768191 142.61994292922384 370 494.6318310835394 146.83308187562747 353 472.64973879664393 163.95191434332651 116 458.97297520809769 171.8177825954979 181 489.03097523090236 65.281317260033489 111 471.1035948243325 66.972388066043607 117 479.67454377462309 66.740274514068773 371 489.29139623094756 77.141766536281992 118 468.7917775781624 80.892928850074327 119 469.61177794060956 87.49705143410938 441 457.82388781517091 117.03599126630064 114 480.21650371719005 132.06820342546413 115 484.81607415011973 149.04858225732841 544 487.75802424905504 92.842827375656441 121 480.57600718053533 112.72254360894931 374 487.54760631297415 134.97236109543744 185 462.13913679678132 139.01240983405884 335 449.72061175450568 156.93744848870924 387 483.42916717409463 101.06465652621475 122 464.44171376301665 167.98763957710833 186 
13 0.99759927465087173 -0.058895795571386994 0.035489464157272971 0.0082140376123872923 -1.0480568226726539 -0.21713067028012026 0.71295131517617372 1 video_01_frame_0030.jpg
488.89300556818307 64.10011151952996 -1 492.98981620361849 73.700039518942916 2 494.5239681224175 74.083177977525153 143 471.26358018713915 74.298225073537864 314 489.04290789570729 75.149800320324189 538 493.43989077661644 76.166776495199159 4 480.6793426483718 77.728875816707514 5 489.56435150870749 77.804000246318424 123 463.85809266984131 78.861289449503062 499 490.77679681923252 79.029521314940894 189 488.67404497117411 79.607459233964562 148 488.67404497117411 79.607459233964562 149 480.49485847841862 79.937128414845986 493 470.86483482930623 80.747622121085556 8 477.34575923665824 81.31881079307648 9 477.34575923665824 81.31881079307648 10 480.52480850232598 81.695722315989627 493 467.28348923388148 81.611636043459839 -1 492.80113429945254 81.82954881065595 418 492.80113429945254 81.82954881065595 426 465.25499690167129 98.324509092383721 14 465.25499690167129 98.324509092383721 15 494.72012308440992 100.20712507357979 -1 476.18149526549388 101.08754835845426 16 473.79659638285779 101.97562135815765 17 473.79659638285779 101.97562135815765 18 464.36004769815742 102.94283607405386 194 464.36004769815742 102.94283607405386 195 485.85402199862529 116.43554956132159 19 485.85402199862529 116.43554956132159 20 469.55256536171277 116.76230749309596 21 469.55256536171277 116.76230749309596 22 483.50311709877496 125.63738020120738 196 473.17249248028747 126.35912684528535 488 481.88921019889887 127.08291506671132 357 481.88921019889887 127.08291506671132 25 465.63229395823566 127.95120276357935 132 462.58375430334138 132.24286650144711 279 480.78629879640818 132.41743237641958 133 481.02765865384038 139.06925328974935 26 482.04136021350405 139.95072548671365 356 465.17588046218975 140.51333003922173 530 461.93168497853958 141.84283847905621 134 485.61894555808163 145.84803501521205 324 485.61894555808163 145.84803501521205 325 493.39716553720223 147.32041997309216 -1 456.24385402395097 148.75596637995446 -1 456.24385402395097 148.75596637995446 -1 476.88272468193975 149.86283979923064 135 476.88272468193975 149.86283979923064 373 474.77534670298934 150.68141353130642 29 466.16507166216502 152.09062709387786 158 474.86045874458102 154.04087420288607 337 471.26997377409282 157.25292794030156 140 471.35921227813407 172.13216996747883 274 461.58717784894947 70.479247140447441 -1 461.65844177577708 70.498928745194533 34 487.02332551380897 75.567848785319498 142 475.75558582002168 75.994865056839927 36 463.75219670245468 76.85886710130201 523 463.75219670245468 76.85886710130201 523 477.39591435771138 77.514569199760203 63 477.39591435771138 77.514569199760203 637 467.92616810954081 78.735352215474251 541 479.22338574974538 78.717019335372981 37 479.22338574974538 78.717019335372981 38 492.3929100942849 80.023130262779745 375 492.3929100942849 80.023130262779745 426 461.51349783525291 81.997369286754363 11 480.64437369274094 84.268930480361846 288 461.73299113698249 88.134086663631905 42 465.12379956804534 116.00798980769358 43 465.12379956804534 116.00798980769358 44 464.16673742128773 120.17977222000957 47 487.7932455983651 123.09448039731451 204 467.86852938754095 124.73508609001961 295 480.88434362156141 125.47897712304088 500 480.88434362156141 125.47897712304088 406 478.86874111802456 125.79854246439849 500 478.86874111802456 125.79854246439849 406 474.99577188939952 125.98644214893085 236 466.87566529932019 126.56002971045004 401 468.97914932469359 127.10415781983228 402 468.86272648851661 130.26590112209269 164 472.87026773624757 133.81928237295529 490 486.82553858673799 134.13450058529696 209 471.15207962787912 135.51056107624308 451 471.15207962787912 135.51056107624308 451 483.27032057769054 138.49704253782156 54 465.48529763812962 138.95592228865567 55 467.7515061466691 144.71869863150229 28 468.15975574547298 155.81179059636042 57 476.40394214811397 162.6622234226017 165 472.85049363493818 167.74134427648531 32 462.23243625899818 74.260341596136499 60 479.1530486534017 76.217399466507487 61 477.41492621675241 77.551462508809408 637 477.41492621675241 77.551462508809408 63 475.35810293942603 78.393087784073359 64 493.97673132664454 78.369368161159613 419 489.57883528934411 81.260662793481401 160 479.25600230085655 83.052323476281686 41 469.00793192602498 83.348515034477074 65 465.17219849135273 96.298826802563482 382 483.75859443613786 97.751355823705666 87 486.18205079486972 104.0789233074245 67 467.12956971193199 107.59883202361934 424 464.00113733359842 113.55549642716676 68 487.77735177261491 115.95026820813665 168 463.33392080286967 117.63949937459563 69 463.33392080286967 117.63949937459563 70 473.59405404058481 119.22100956401871 71 473.59405404058481 119.22100956401871 72 472.39839951102726 121.66005595790861 73 472.39839951102726 121.66005595790861 638 473.48878002274313 124.20836637100253 169 463.83669187062952 136.64686050057591 53 477.63886041593508 142.30476585451905 94 475.54344591706223 159.46127885588538 78 469.48327731322632 162.6612753275902 172 473.80752609653013 169.59396803358703 79 469.35712482663985 71.322028138934854 80 469.35712482663985 71.322028138934854 81 486.78626090961865 96.624635505334183 86 476.85970184536205 98.295236568225747 88 483.33994166447758 97.900974130707837 87 495.15821816628568 101.22181750299706 -1 464.76590939172013 105.30703921835443 89 464.76590939172013 105.30703921835443 166 467.6421518281453 105.36771693278328 407 487.82648976512604 113.34926020959219 213 474.44500058306113 121.67502753189197 537 474.44500058306113 121.67502753189197 367 470.34514407810661 123.66232260583791 249 470.34514407810661 123.66232260583791 299 478.99853753119635 129.82404590096235 343 463.38029059055805 130.90927556257708 279 494.39272220637224 146.54442545271851 -1 475.9952673439538 147.39211116756582 292 475.9952673439538 147.39211116756582 95 475.4967527181268 159.57848333375321 78 469.47067417230824 162.86631158008578 172 480.13633538203715 165.59547275997295 96 480.13633538203715 165.59547275997295 97 493.46618137854489 166.78706857148723 542 463.72223974260771 68.059897436020677 404 462.86269829631203 77.465102660068609 523 462.86269829631203 77.465102660068609 523 472.16143377502021 78.986558108477482 99 467.80381507408509 80.65370362397195 100 485.19331662591031 100.71216314675394 569 485.19331662591031 100.71216314675394 569 474.06510198554679 149.28352506102883 103 474.06510198554679 149.28352506102883 179 468.30447017321393 75.853674481747689 105 485.39413078105798 80.988692060371648 106 467.80921243951269 97.054449474107145 293 466.30231529643379 101.00877066786521 107 471.36815217949766 102.31446463032032 108 479.16587356494335 102.17071000899843 101 474.19325745227195 105.69810074276926 102 481.31138159928946 106.12749690747049 109 481.31138159928946 106.12749690747049 110 484.32867550355354 130.03489162963655 177 484.32867550355354 130.03489162963655 438 495.09264572560869 145.94880251082796 -1 480.82923930408822 153.34709451092345 104 492.2028269375528 70.581012798304499 301 492.2028269375528 70.581012798304499 111 481.01332600447967 86.438502426082664 112 471.23910949248642 92.525811157075793 441 481.96048291400393 134.89598659818492 115 483.20565585293787 145.34980864114488 370 485.42887559681441 151.15130097827998 544 473.66257498611759 164.78739261411556 116 460.04295539696972 171.91305401207472 181 473.72792997226236 72.772023498679843 117 491.50874789688885 82.345800242701443 118 471.22461035484855 86.019794338686239 119 472.09719845655661 92.351951275435951 441 496.51383038625613 144.77451977180007 -1 489.88049207836406 97.517439570716988 121 481.9930623953652 117.06985293151061 374 468.94237148193037 135.70396689262694 428 451.35050081116987 154.71080311345548 461 499.02042553710658 155.09786740379982 -1 485.58880081848633 105.31129154485512 122 466.12201236688611 167.67810151419141 -1 466.12201236688611 167.67810151419141 -1 
14 0.99835721759758522 -0.044858206252810492 0.03421572364420921 0.0099945814365193439 -0.9324126942549007 -0.12253576936508388 0.80622728324405046 1 video_01_frame_0033.jpg
470.99666727538431 69.776474756081925 529 496.95416421185621 70.252246747981076 2 498.22345900083855 70.70081765092695 362 490.39743047824584 70.937321281172061 430 468.30911959003504 71.468568694881625 598 492.95916735199091 71.934663966153977 538 469.60066548207959 72.231836774489864 -1 491.17786433589129 72.374560615713833 142 460.69639300603251 75.451474440227329 528 494.19821965472761 75.89102005171523 123 484.66605613633772 77.992198647013751 493 467.84872098207586 81.886092776615229 -1 483.4474597199752 98.475474114521035 340 483.4474597199752 98.475474114521035 -1 491.1855993328416 107.67849269443863 -1 493.29466671078211 109.9904766916041 -1 489.45571631856512 111.64448322030182 -1 489.45571631856512 111.64448322030182 -1 479.05845617065449 115.37957942489432 129 467.94033985381549 116.73991056065607 -1 489.88001202165105 116.64109470512804 151 482.3002778417345 118.43465645713006 -1 482.3002778417345 118.43465645713006 -1 491.23547818698995 119.53602469480373 204 465.70336606230694 121.94633490594777 289 487.48817729354653 121.90965247043411 196 470.40745768420101 122.8177105333678 401 470.40745768420101 122.8177105333678 401 483.01217170460666 123.55650448757527 357 491.23568584790263 129.09592162285938 154 472.76549281532596 129.40878211698154 205 472.45644211658345 134.43846929898982 477 472.45644211658345 134.43846929898982 -1 484.79293683674337 136.75635573781989 356 481.17878577845971 146.45455271122421 -1 474.79419398165317 154.28509910981981 358 481.44627032026506 155.33643856010514 -1 485.08399869298654 155.69911065753593 447 472.859746823455 156.24958503999449 -1 472.859746823455 156.24958503999449 -1 484.00400461941911 158.701219131052 -1 484.78267368433251 164.66122347865547 341 475.22893506216724 167.30775236782733 274 481.27978867141456 169.34853014869896 33 463.99272112430697 69.56614456780413 1 460.313452419795 71.673535805821615 304 467.79622913958246 73.739486169425092 523 467.79622913958246 73.739486169425092 523 477.62712545149253 74.653763744551057 525 497.91430539887784 74.664973072233892 419 481.40319541928301 74.825916586319025 63 481.40319541928301 74.825916586319025 637 491.0937649361789 75.707186813298321 413 495.97439235582817 77.034799055845653 426 465.60069893666355 78.529694291325043 11 465.41784522233587 85.086384293633046 -1 465.41784522233587 85.086384293633046 -1 488.77423816517 85.228990239555941 -1 488.4813688706285 94.221233551004843 432 488.4813688706285 94.221233551004843 87 470.37681947880156 100.00748407545723 -1 471.90819150851354 101.27451659984568 407 466.45427543131325 102.4062384855892 475 486.41310837979603 104.89133199503621 433 476.43213329390477 109.59752948494091 -1 468.83357854285657 112.37010547786591 43 468.83357854285657 112.37010547786591 44 473.47072283974177 113.25889348493865 21 473.47072283974177 113.25889348493865 22 493.05009154860232 113.155180242185 -1 491.16184152473545 114.60234456736931 45 477.35787492333333 115.74997158167793 72 478.71574012861026 116.89655010790153 -1 466.52308135770863 118.815943110456 434 483.42417415841555 120.30383209354022 -1 480.3997572324858 121.09554542293463 242 480.3997572324858 121.09554542293463 243 481.77240510876806 122.38596339618198 242 466.69636934065574 124.23934282091085 -1 468.1053187924548 129.03113265730448 -1 465.3357796562251 132.85668008036228 156 487.26300638233386 134.00984369971627 54 486.00859421573153 135.40323271036448 -1 465.75822504125483 137.89615159723152 134 471.13093708352858 140.79483579115168 28 482.18225952756478 153.39771803285282 207 478.0587859084261 166.48583021138498 -1 478.0587859084261 166.48583021138498 -1 499.89669442194139 61.269045610063941 435 499.89669442194139 61.269045610063941 366 461.38741064444184 63.423467511621752 -1 462.5012693941249 68.523019416501015 59 466.1434761201748 71.198884712586192 60 483.2377301726749 73.142154004594474 61 479.69164534016659 73.395838169595748 241 479.30346009169239 75.078398538427152 64 462.49882294005522 75.893428762442525 281 477.46244594528679 77.672495718656208 -1 493.71862534329097 78.002636946391291 160 474.35986202881526 78.714143896139987 -1 474.35986202881526 78.714143896139987 -1 482.96228142860457 80.043023758896794 41 464.23893193006921 80.891343889464565 -1 462.71263490223043 90.467282637657718 470 490.50836506793974 93.255600034679588 -1 489.23556422488679 96.232708379614934 308 489.52403065996759 101.25310720315454 67 468.47977508912669 102.02646140705811 89 468.47977508912669 102.02646140705811 166 469.03084404084848 107.89304490361104 365 467.63917182236065 110.03752132263169 68 487.9752505759447 110.41024050519883 162 481.25094192852004 112.10428823612591 -1 491.34404252277784 112.16637435331856 168 478.69402172428045 113.11952324837699 91 475.73896612153402 113.48019706963797 436 466.85688878549541 114.15414978298692 -1 466.85688878549541 114.15414978298692 70 487.01958740272573 116.15423733525884 92 478.54708410236401 117.39239649006996 537 480.47060697171298 118.05191634471667 511 475.92778935467186 118.22283098507035 73 475.92778935467186 118.22283098507035 638 477.04698103931042 120.63185709681446 169 477.04698103931042 120.63185709681446 480 485.12502050882233 123.59490053766714 25 466.56542228880795 124.29041090360994 -1 475.41798020631745 126.08580960775433 -1 468.17126784981332 128.96605221940584 -1 476.36664747289217 130.61854836485836 490 478.39609220613283 130.8301965533332 481 474.38095003407938 131.84758233824573 451 467.29550351883131 132.48298467604693 53 480.78476528187889 138.61730130091468 94 461.05528924578977 144.19453988337372 -1 483.42779814517411 144.39617226587546 -1 486.69020834774318 144.46453478578968 389 467.26617128683841 151.48581568406283 -1 466.12633182802705 159.01534050607498 498 477.30687000615262 164.62052782530475 79 478.21095055215955 166.42504185778503 -1 478.21095055215955 166.42504185778503 -1 479.48579764745648 168.0620400299351 -1 479.48579764745648 168.0620400299351 -1 477.34855816965126 168.40149919810557 -1 477.34855816965126 168.40149919810557 -1 437.19862444055747 187.46033273542372 584 460.12189909518656 65.594649638903576 173 460.12189909518656 65.594649638903576 173 473.54304117863757 68.412313005610699 80 473.54304117863757 68.412313005610699 81 479.26805889155219 79.58691208879813 735 490.46759483637322 93.249218446239752 -1 480.816756529999 95.2572994515657 88 491.3905061128923 109.96635457169469 213 481.21886332611257 112.18423575435482 -1 490.63619883744491 118.76449718512276 204 473.59592348330852 119.77376644186982 299 482.45165524852564 126.16954660267857 343 472.04441703207272 126.982664875767 164 466.79175993261345 127.19389599015291 279 475.18702064242507 129.35262433924194 490 473.4500780027181 132.81179909161449 -1 479.28549829453118 143.35182134890584 292 479.28549829453118 143.35182134890584 95 458.50032636091117 144.003512656287 -1 478.94201529974617 155.03962068624983 78 468.04220563674198 64.825540985174172 404 462.77414208739083 72.962965445994186 83 466.79191102134087 74.379466205892243 523 476.37057833833069 76.101995454960161 405 476.37057833833069 76.101995454960161 99 471.86632928484687 93.898094094326893 293 488.89311830233589 97.63749309888027 569 488.89311830233589 97.63749309888027 569 477.55970038261853 102.29777027477165 102 488.12070386633781 126.13017798404525 177 488.12070386633781 126.13017798404525 438 473.0821799468352 138.75369473749481 398 476.3033307335881 141.74251515966338 178 477.62308642736321 145.09308136536677 -1 477.62308642736321 145.09308136536677 103 484.11099344326681 149.51002392045399 104 469.26224756272205 158.71560108106758 -1 469.26224756272205 158.71560108106758 -1 482.8519241406716 160.9735208779029 96 482.8519241406716 160.9735208779029 97 473.14934970041458 164.75641700064261 -1 473.14934970041458 164.75641700064261 214 472.2977973061744 73.013957130273468 105 471.71386409797071 77.627280086487531 100 489.31503990095553 77.86213526540044 106 469.95545214730242 97.91109550787715 107 475.30874696121305 98.955019447623187 108 482.87395676079575 99.062535568041994 101 484.78910903508904 102.81125145039496 109 484.78910903508904 102.81125145039496 110 473.13831239326851 105.53114076386024 504 498.14314795936042 144.93963760355214 353 483.86777482676848 155.41660965830826 384 469.49929478498359 158.89514421456732 -1 469.49929478498359 158.89514421456732 -1 484.97341041112725 83.263780168792195 112 475.125247625908 89.199966579655467 441 463.56317863641146 116.47961404595686 114 463.82518066848286 124.65474425667801 332 485.41748488027133 131.14192587924808 115 457.0778355774757 145.64492578771717 458 476.84153942544322 159.98539154510311 116 463.173421819493 166.97271639585568 181 495.39990387344244 67.789047264359994 386 495.39990387344244 67.789047264359994 111 477.92020787819263 69.848150847399367 117 495.32216193671115 79.214510435598285 118 474.96810422157512 82.874018527830799 119 475.87026993018509 89.109001442415178 441 499.63431962737155 146.63286209235227 -1 482.0523074198756 149.16360220515676 -1 493.72947510232945 94.20463320994692 121 485.47526602034372 113.469097998229 374 492.14332616265773 125.65699195037436 429 472.00997587061607 131.31035630119769 428 454.07433352957838 149.14486780669105 461 485.98134592495001 58.498903496304877 492 489.67365494731172 102.17768064282376 122 449.28324975752616 154.33406397318817 -1 
15 0.9973020277675082 -0.064489840416041652 0.035012755547940831 0.0019577647637075519 -1.0494220918123573 -0.36622892467917989 0.61879951435504454 1 video_01_frame_0028.jpg
493.5155193064723 63.968201453110396 491 462.94751271834082 67.028566441368042 82 491.85503864192293 69.902121167055284 2 493.4031684061801 70.411355233802851 143 492.38919129627527 72.405160924570836 4 487.02118789056658 72.857446128242856 -1 479.4627232982574 73.724199440046164 5 488.50597533033533 73.895695321504633 123 479.38400656931168 75.985224903093837 493 491.55492004618742 76.032308063486667 187 491.55492004618742 76.032308063486667 449 469.60577200093581 76.910707910598674 8 476.19049671718233 77.442608929712748 10 476.19049671718233 77.442608929712748 9 479.43794650678967 77.818069120231016 493 482.82193212618779 78.775942615557653 39 462.27143555325438 83.92928594214564 13 464.16723052716634 87.956738420417622 161 486.74294659666486 93.906274437501168 -1 481.48021021964536 97.075093800247345 150 475.33345924777598 97.6254299668512 258 475.33345924777598 97.6254299668512 16 472.79621925682858 98.590792834465418 17 472.79621925682858 98.590792834465418 18 463.38412973714111 99.814600080671866 194 463.38412973714111 99.814600080671866 195 485.21675536874676 113.36326177962196 19 485.21675536874676 113.36326177962196 20 472.60984460548889 123.54037512119714 488 480.17059377280293 124.30149759153578 357 488.5171002030138 128.70348396405072 154 465.80453282711932 129.52193947645719 198 480.52018629189507 129.7459085842404 133 464.7663689149785 136.64161290508432 55 460.84628320550627 142.37798433345202 -1 493.30481354214993 148.17874310912615 -1 474.36926512696579 148.44228890390741 29 470.74178352848634 148.91018795287081 206 491.82821667583255 155.24745496363676 -1 471.46738236301456 170.62933031478991 274 483.9353605144463 62.317532481962189 313 465.48892867070003 63.01492148643564 565 474.5723754143948 72.03249634984877 36 478.06930599338835 74.73672150479014 37 478.06930599338835 74.73672150479014 38 476.19652760223687 75.255578513493703 146 476.19652760223687 75.255578513493703 147 489.59320312666057 75.245157916292001 189 487.727714498681 75.668388636454324 148 487.727714498681 75.668388636454324 149 493.16364199013515 76.126548412629433 419 491.26223272405389 76.397600368439626 375 491.26223272405389 76.397600368439626 426 478.21286612429606 79.188035381254167 40 478.21286612429606 79.188035381254167 41 479.44507353858194 80.291936322058802 288 464.38764214967142 113.14939793887412 43 464.38764214967142 113.14939793887412 44 468.86164854207715 113.76704725841577 21 468.86164854207715 113.76704725841577 22 485.60656317746168 115.92598743948744 151 463.41913905676978 117.56997039439597 46 463.41913905676978 117.56997039439597 47 467.20841344132924 122.17501422868153 295 480.14422735599453 122.61721361177995 500 480.14422735599453 122.61721361177995 406 478.22222200935528 122.89489385863607 500 478.22222200935528 122.89489385863607 406 466.20114332275824 123.90334284204555 401 469.75168518708671 128.43494161893486 52 482.97896381240565 135.87320644899239 54 480.61741671750667 136.39747453027408 26 472.47221832272692 152.1808917051502 56 476.22986354299962 160.79225011744404 165 478.42896316675609 170.7486251139037 -1 478.42896316675609 170.7486251139037 33 477.95549006181182 72.194699497404955 61 476.21717051829791 73.60038258244839 637 476.21717051829791 73.60038258244839 63 474.16466368620758 74.450949908585542 64 492.97351060927429 74.666174771798893 419 488.45269407259821 77.473727284335482 160 464.83133937984593 79.678753167065423 545 467.86349860142889 79.642365612849119 65 464.16329647604334 92.935514093540149 382 482.85213829765496 94.21751137847707 87 485.3252361831606 100.79842055409566 67 466.38053717997013 104.55583045223977 424 463.14809122774398 110.6740563143081 68 471.24548639885268 113.90477452128933 436 471.24548639885268 113.90477452128933 527 462.5382301424184 114.87404214122223 69 462.5382301424184 114.87404214122223 70 472.79616582996499 116.1323278033358 71 472.79616582996499 116.1323278033358 72 465.42503973894043 118.21270315401173 -1 471.737913982647 118.74132825397501 73 471.737913982647 118.74132825397501 638 472.78325707551659 121.43119504398639 169 472.78325707551659 121.43119504398639 480 485.76088913169724 132.48592089448164 209 464.82534836451265 138.728989920722 530 477.56048499981017 146.75781735158694 373 466.01676406554179 154.52511700763793 58 469.03466380140395 160.88263039741594 172 473.55018005583861 167.99456545310701 79 464.06563326596444 68.074691171055164 82 485.85790591036846 93.094800707294937 86 482.76587084945891 94.233001445644419 87 463.77065916596842 102.20224592579839 89 463.77065916596842 102.20224592579839 166 466.69657256704755 102.10513253468707 407 466.39638311361142 104.67499704960485 424 487.18858408301691 110.22426863123971 213 474.23899831191056 113.78249887317826 91 486.72006527548876 119.52289803035944 204 469.82591866751852 120.90204914212605 249 469.82591866751852 120.90204914212605 566 478.0335158167382 127.00131283196355 343 462.78961209890343 128.35361901356586 279 464.88226871931806 138.78803769723461 -1 475.5408002576479 145.12587282300956 292 475.5408002576479 145.12587282300956 95 470.19804799630066 148.12831366527118 -1 455.09849986744655 149.8175998656005 -1 475.33912539447994 157.4641726717482 78 480.04537361191956 163.7253417844951 96 480.04537361191956 163.7253417844951 97 468.04671587599461 67.26051240051379 80 468.04671587599461 67.26051240051379 81 461.42916022513703 73.827851213705031 523 466.63221401940729 76.923553046411456 100 475.82832123568767 94.772676255161187 88 480.7091463859328 151.30702834462923 104 467.06152530558523 71.943073629554803 105 471.11663399585939 75.305940720533158 99 484.31965248786349 77.110189838877432 106 466.7700547576087 93.671001481549908 293 465.49415963546875 97.841640834354592 107 478.28608826074839 98.670176713322491 101 473.32496013760675 102.40745432626238 102 480.13993538605212 102.81166357019112 109 480.13993538605212 102.81166357019112 110 483.64001010132688 127.2372419257064 177 483.64001010132688 127.2372419257064 438 473.82450189234891 147.22798452737155 103 473.82450189234891 147.22798452737155 179 480.15738308980519 157.66120599559312 384 479.9527765626305 82.629505647856007 112 495.59477564681214 144.89089374424537 -1 485.42589129619336 148.87924509030231 544 495.51258662666595 150.45564041851614 -1 453.83440009148268 151.32105360174438 -1 473.55181479077959 163.20084190906795 116 490.33972100112749 66.87326105293829 111 472.49400272748778 68.632933756213646 117 470.09820421411598 82.356617744456543 119 471.19131760686713 88.782522879184512 441 481.30003759606006 132.33372309882949 115 488.97056111191654 93.945581643874149 121 481.63699479122749 113.56874282570111 374 466.87340868948553 117.05195400717285 216 468.35494370707613 133.20709505420101 428 488.38273238268266 134.85412550201082 185 463.0674985920536 138.7255958283134 335 496.64137404937651 143.96841452618241 -1 451.0644628486051 143.54205190132703 -1 498.77920715317316 142.30003122271202 568 449.27665490265207 156.78962824394347 387 484.6250027699881 102.03096361052788 122 465.21304671719446 167.01375577354602 186 
16 0.9882027278314589 -0.14855812228036513 0.036780773096340529 0.0057469767209592524 -1.0491771643297061 -1.4427544022050496 0.20509668097185105 1 video_01_frame_0018.jpg
480.59555185247297 58.689026956643673 -1 458.16058509815082 65.663337232899011 336 459.33639673385386 70.396807191229087 1 457.44918362429155 71.728967576423443 217 481.39351278676713 72.620196971129133 256 457.34796239524735 73.548167878168414 217 481.15502540022146 74.125661886426812 5 461.21967281108789 74.395009037701996 489 465.10073193824309 75.072456553469721 499 463.59376093535042 76.048921628411875 -1 463.59376093535042 76.048921628411875 499 480.93501492468965 76.536431895587015 493 456.56454457712243 76.705798400501635 281 469.4651306577361 77.025703144474377 8 470.53489069572447 77.264931247348912 8 477.62325542020636 77.957411915196403 10 477.62325542020636 77.957411915196403 9 481.01790533160391 78.460857036713676 493 464.69961305619705 79.096429280333069 126 464.69961305619705 79.096429280333069 126 466.44020815187184 82.594626733445665 344 461.87304532793866 85.056423028589563 13 456.49416542131962 85.368046459411659 -1 463.61199886572865 87.376646615096092 192 456.54814150861165 92.843263519602957 283 456.54814150861165 92.843263519602957 284 464.78678299085686 97.254478960116359 14 464.78678299085686 97.254478960116359 15 476.35838249967509 99.83365062643739 258 476.35838249967509 99.83365062643739 16 488.49922274328276 100.07558227033874 225 488.49922274328276 100.07558227033874 128 477.75008027343569 100.3748518538095 321 473.77994326125406 100.8487267135728 17 473.77994326125406 100.8487267135728 18 476.79444755207396 101.84022470910165 322 486.72044460892056 117.94309659795557 19 486.72044460892056 117.94309659795557 20 465.7775988548442 135.45861977181545 198 461.72030716727102 138.713617554639 323 481.55041802279993 138.82164880221293 260 481.55041802279993 138.82164880221293 261 456.42779911800386 139.31621274200097 -1 477.31751791645183 141.21631877855762 199 477.31751791645183 141.21631877855762 200 456.42856661281297 142.39303959819361 309 468.69018617685828 142.12421416134583 -1 461.12174827402976 143.79721510450489 201 460.80036096562407 147.50478221148359 134 466.22949838584884 149.21902334784431 28 471.42981250013253 150.69959616744134 262 486.40807625898577 151.76475660686583 324 486.40807625898577 151.76475660686583 325 483.22980501939338 153.88434360980796 -1 476.99315835711081 155.9900704906631 135 476.99315835711081 155.9900704906631 373 480.44260269744387 156.25986251751016 203 485.80372216609777 156.49864310065229 532 472.89523043745413 157.25112378364045 326 486.71857188450895 157.38846861617995 264 483.1671614068091 158.13635632674445 327 485.14080603046187 158.76251971350288 328 474.99747730569976 160.9214628365018 337 470.72861275448378 164.79130967556679 139 470.72861275448378 164.79130967556679 140 494.87677982176888 166.30984701095423 -1 456.11844744912594 171.01848151342031 521 478.98437126582644 183.49429402412164 33 476.02839015148555 72.061453767084501 36 487.86501605850663 72.555503797661942 142 489.91510103482415 72.463175204589604 538 463.38568176035562 73.782997006346307 523 463.38568176035562 73.782997006346307 523 479.60684773927301 75.166776266554194 37 479.60684773927301 75.166776266554194 38 489.65751344555707 77.26977550028802 148 489.65751344555707 77.26977550028802 149 491.72156310451976 77.250841060138157 189 457.99744677298082 77.487166696375851 281 461.09835053264368 79.878777967575957 11 484.60417685316497 79.803039267534913 39 479.73693494548002 79.82077079081597 40 479.73693494548002 79.82077079081597 41 468.49392840486797 82.821668448008495 233 461.07862074949958 86.56933069482011 42 464.88638798087885 89.414531154074183 161 482.90347479830024 99.492298516014102 150 480.29074444088877 100.48139249554953 329 480.29074444088877 100.48139249554953 -1 469.35731809780839 117.65026120499665 21 469.35731809780839 117.65026120499665 22 486.73969727632374 120.89359896223903 151 475.17392095087882 128.17688433436953 273 475.17392095087882 128.17688433436953 236 461.5536053938792 128.41387393034717 289 461.5536053938792 128.41387393034717 289 466.28924581142462 129.10474156614023 401 481.42775111554096 129.72218529623891 357 481.42775111554096 129.72218529623891 25 471.55306221207223 135.53226199454156 490 489.72597612090226 135.98446433472046 154 456.50420695073859 136.43749770362987 442 472.81583192959658 137.23834088520042 -1 472.81583192959658 137.23834088520042 -1 460.89983625895798 141.00366677748076 156 481.53166520685272 143.40699434394054 26 482.54562298083198 144.72373412270784 356 480.27230065903711 156.36164701749624 203 470.4417725679649 157.55633444767454 206 467.64154933160825 158.14162474594863 158 478.6934987797348 166.05500186683494 207 471.49443857106041 167.92950294632516 358 476.72902196461945 171.51194943275237 165 455.80273888970839 58.540474644628887 -1 451.95312813913614 61.452460716672121 -1 482.19745693889541 62.383975994042643 -1 485.90167167924932 62.256068706678931 313 461.8101632339355 71.224344872080792 60 479.5482190202012 72.410196793887465 61 477.70725546092558 73.795317715853486 637 477.70725546092558 73.795317715853486 63 475.55321116311836 74.668535500996953 64 475.56705903806926 78.058250471484328 735 490.38500135581364 79.346961545110389 160 465.74619215177103 80.574539413756725 545 466.82695944776435 83.601063357295146 344 463.85575512054419 95.618223950516153 -1 487.02378365944583 103.95969127617508 67 473.26567727467045 115.64468585386929 330 473.26567727467045 115.64468585386929 -1 464.42568396942693 117.25610491306604 43 464.42568396942693 117.25610491306604 44 462.42107917769505 118.81911324722522 69 488.6468051073287 120.4327452621248 45 463.33565700462401 122.28141644911585 46 463.33565700462401 122.28141644911585 47 476.97898318578757 126.7112018599037 242 476.97898318578757 126.7112018599037 243 467.4404142517476 127.09920122347918 295 467.4404142517476 127.09920122347918 295 456.37942470379517 127.48650978652437 -1 481.2005211720965 127.76580875070987 406 479.11152592315352 127.91286395132667 406 473.28267146008079 131.62289736573078 331 476.02972014541308 132.07237905934417 75 476.02972014541308 132.07237905934417 170 466.64582802485478 132.86163752872537 164 469.95705790793374 134.10270837239699 52 470.8852501426112 139.20332800251859 451 470.8852501426112 139.20332800251859 451 462.70221115073542 140.80798069173574 53 464.77831631563657 143.72268033602381 55 454.96541594390533 145.93452317293927 276 484.10089213431331 155.43653708797893 389 472.44341997757533 161.26471249102536 56 470.70230536681811 161.64209153816014 210 465.28485527870464 164.42455087388814 58 479.32006051171754 172.90243254966919 497 451.92130614167593 61.580118694941731 -1 465.10813657406294 68.003542982385724 82 453.65885015878507 77.761474252725876 211 475.66022472861607 79.459650008385978 735 469.07943446403652 80.559514577555561 65 487.50835549450812 95.637832989124092 86 484.40698947375699 96.565109867326342 87 486.25247497347436 98.632969444618539 308 464.15705638490903 105.17702173047701 89 464.15705638490903 105.17702173047701 166 467.26187773725673 104.98993346174242 407 467.09437575741504 107.71396958864364 424 463.47989301621067 114.61790123846595 68 488.73593332955664 114.6205915849355 213 454.15337001223088 115.15534755409939 -1 488.68271277211579 117.61666545293923 168 473.27580626390352 120.2792835726967 71 473.27580626390352 120.2792835726967 72 484.22951963656027 120.66362726263907 92 472.3365499315081 123.19162808528168 73 472.3365499315081 123.19162808528168 638 477.67892122295763 147.15383408547581 94 478.02725682143478 155.08339791512893 373 484.8087720430309 155.23425274692053 389 495.74745904921542 165.67993225231254 -1 475.52094673899273 167.50807537501748 78 495.72376723548683 168.31848088034039 -1 456.67726748698976 170.38424664453436 -1 480.73195705649562 175.03761131148832 96 480.73195705649562 175.03761131148832 97 473.50067706128209 179.60572069252959 79 492.62576378831864 179.22495466851814 -1 469.13496107762018 179.83404049315865 214 451.59142583272319 210.92704268607224 -1 455.60801473354849 66.599151712201277 173 469.40072122719937 66.88206950365641 80 469.40072122719937 66.88206950365641 81 458.30694286165726 73.722788509911027 83 467.64349128034598 77.437264603598493 100 456.69186282892093 80.673860031616158 320 476.93594383627129 96.695861523224409 88 461.18861089869642 116.6061002561392 247 461.18861089869642 116.6061002561392 248 475.84993884929122 153.09301458759566 95 455.88572244029695 61.835319129925807 176 468.16981636929813 72.015772291374347 105 462.49758034887481 74.687499851465759 523 472.36254301125962 75.636728320160302 99 486.1259908800422 78.329992796536573 106 479.48122439510223 101.0393570105857 101 474.28467713716964 105.0640592394514 102 481.38036213312563 105.71597949391726 109 481.38036213312563 105.71597949391726 110 484.5318727516883 133.254606059276 177 473.91893582525654 155.54655282290767 103 473.91893582525654 155.54655282290767 179 465.87912188839505 157.43181083005609 158 481.39592335238359 160.29467937856947 104 472.18284278420646 175.65565834932386 32 481.63608279957879 83.718567085667331 112 458.03119524842231 89.377805905933087 113 471.04915392967047 90.432290040597877 441 481.97056960927796 105.7288029986148 109 481.97056960927796 105.7288029986148 -1 458.27267940551758 185.26661225981883 181 473.97462658160714 68.26771312137133 117 492.33675919875731 68.181261243798446 111 492.53677251086856 81.054469350341577 118 471.40476612345469 83.192084598811704 119 472.16598899074972 90.17279530467863 441 458.78673065474266 123.13992989891082 114 458.65248793228295 132.60512629052533 332 482.21324021328547 138.89246153720364 115 459.35656838057412 142.0239392274753 182 470.88910307623252 167.74592783586772 333 470.88910307623252 167.74592783586772 334 490.5618374217733 96.134722537823464 121 466.69594431163364 120.6576149985945 216 461.07019360385664 158.01302033305933 183 489.15394658219003 157.59723069832981 278 498.78634688697997 162.71197881689187 -1 482.62161634470812 118.25518125462045 374 489.92057153199761 143.2730926629774 185 463.66906245435717 147.34013478796828 335 499.18839950760707 162.16965418706059 -1 449.99289387857868 172.8207579221536 563 500.42133419433173 172.841095158201 -1 462.72752021969239 60.820747425654531 -1 485.39430907669941 105.07745108540904 122 
17 0.99893609896618574 -0.022023425711462881 0.040056277363467778 0.0060937300507649481 -0.94101138113312244 0.16705660400913161 0.74774942937590072 1 video_01_frame_0037.jpg
465.64669997732204 67.658151868067534 1 499.11355250072745 67.777718424519776 2 500.60393098903262 68.072966879080042 143 477.35118881390389 69.240446588390881 314 495.12871554533342 69.59197669657604 538 463.70937115105511 69.926249862730771 217 462.16355502451137 70.399397360087178 304 491.03328985119816 70.313052501080193 430 486.65739467079612 72.540056836989223 5 462.8718352282994 72.762250295251789 528 496.90118560753376 73.336725788907899 189 464.35193755746684 73.766309958273084 281 494.74312619437336 74.089326157576082 148 494.74312619437336 74.089326157576082 149 498.66653917692855 73.989941882111978 375 498.66653917692855 73.989941882111978 426 500.22631182006933 73.980143567802827 419 486.52610965290063 74.73869882713953 493 483.33766708050337 76.222552004128588 9 483.33766708050337 76.222552004128588 10 486.55744527181906 76.579054151811533 493 489.93619176169346 77.398517545714739 39 469.3398422554705 82.351709027204279 13 471.2240358109313 93.11124167759877 14 471.2240358109313 93.11124167759877 15 488.49157406380107 95.18413807062052 150 482.25863600485411 95.899106603869626 258 482.25863600485411 95.899106603869626 16 479.74075972243793 96.750844177809327 17 479.74075972243793 96.750844177809327 18 470.35460879470332 97.642000259499142 194 470.35460879470332 97.642000259499142 195 469.75738596446143 98.991151201602648 212 471.39014776368373 110.55625351248361 43 471.39014776368373 110.55625351248361 44 475.72806565087808 111.33914297763188 21 475.72806565087808 111.33914297763188 22 492.43047819069801 113.0796866096276 151 481.5247809698285 113.4431488228676 129 491.5076138451401 119.4415315191391 377 479.3681387823525 120.79818196875912 488 472.9879258573643 120.86347193484062 401 486.77204037246258 121.39779495496498 357 486.77204037246258 121.39779495496498 25 485.50809163079384 126.0298120672953 133 468.68586511949974 126.28812714481388 279 494.28547774420326 126.47810776007449 154 486.8804407788366 126.50272038615137 133 490.31900699091238 131.2420348975555 54 471.55185907022883 132.88329580992925 55 488.14658848994645 133.78692447964556 356 471.29180476587959 134.34204872460839 55 486.82834133758422 135.17488117656245 356 491.56444722371208 139.26806640369969 324 491.56444722371208 139.26806640369969 325 485.88973468789038 143.60184725071426 203 472.5145207164058 145.52912524619475 158 464.1376909306544 152.70219347114039 521 477.993332290387 153.18214839609948 358 498.75037106745708 159.29602936556378 542 493.16815380868587 61.053962703259856 443 496.1997954016071 67.862249402214047 538 463.98522661775195 68.112635098165555 217 481.72460606854844 70.996914066656245 241 481.72460606854844 70.996914066656245 36 469.64958644547772 71.797138360329257 523 469.64958644547772 71.797138360329257 523 483.34457646494297 72.495066645780128 63 483.34457646494297 72.495066645780128 637 485.24385434166436 73.563271273076907 37 485.24385434166436 73.563271273076907 38 484.96535787941781 75.609545921635288 305 484.96535787941781 75.609545921635288 306 495.06928348690917 76.193842890506502 160 485.30161755647532 77.897513912224426 40 485.30161755647532 77.897513912224426 41 486.60523273108635 78.997326719640668 288 467.5876224503844 82.917015770245072 42 493.77888829280278 112.52022858602923 45 470.32305896038253 114.808840259211 46 470.32305896038253 114.808840259211 47 486.88990364079456 119.77743297910895 500 486.88990364079456 119.77743297910895 406 484.86160147485037 120.0974680993708 500 484.86160147485037 120.0974680993708 406 470.09780279969976 122.08832404529477 132 477.4693009440698 129.6123137169603 451 477.4693009440698 129.6123137169603 451 487.05836378218061 132.87128118601939 26 489.49451221529137 142.68225554667492 389 480.93654568892066 144.33005605827964 29 478.9296988108739 147.78463340123758 56 472.73771538912894 149.91857644663739 58 482.86984554486168 156.08079412611613 165 478.93038978389166 160.8090383163177 32 477.62860108740188 164.986241479104 274 464.36190629177889 66.245536478040677 59 468.07500251916821 69.176374516355921 60 485.12948285882351 71.056543633800842 61 500.03977294159267 72.50803797519923 419 481.36279663316782 73.352229631235915 64 495.75941423418595 75.672725853029277 160 472.11122590398816 78.211617711187969 545 474.97282922237002 78.352785821689935 65 471.60856781495295 85.615679587069508 161 460.99961852442772 90.34438585998322 547 470.90929482400065 91.144129939752133 382 492.0930685213529 98.709039079303025 67 473.1562533380997 102.29400263005459 424 470.06069777286876 108.11266183867158 68 493.77532064803381 110.48499043511671 168 469.37051791328895 112.10406187196365 69 469.37051791328895 112.10406187196365 70 479.6876886786913 113.689422918831 71 479.6876886786913 113.689422918831 72 478.51015891990653 116.11990923308835 73 478.51015891990653 116.11990923308835 638 479.7107341833605 118.61335545911125 169 483.64500110254352 136.23643663748712 94 489.92534408040444 142.40495555175843 389 484.02552973556499 142.71348333760974 373 481.84386241887387 152.7930747710011 78 480.04956026851096 162.48861331919511 79 461.33169607875897 194.68301273365935 536 461.33169607875897 194.68301273365935 -1 465.26831038082247 195.43920966692735 -1 465.26831038082247 195.43920966692735 -1 468.36966022413748 196.20277484180627 380 468.36966022413748 196.20277484180627 425 461.83111703496337 63.580334636647521 173 461.83111703496337 63.580334636647521 173 475.3337997688954 66.369731964568984 80 475.3337997688954 66.369731964568984 81 492.86466756467121 91.103067137950035 86 482.97147454020433 93.125218889071391 88 470.74890102855221 100.03230569697848 89 470.74890102855221 100.03230569697848 166 473.76860676483051 100.01332348950646 407 489.71066848694028 113.25080278719899 92 480.46620058844417 116.09912603749223 537 480.46620058844417 116.09912603749223 367 469.35206196446188 125.24815995546615 279 482.06904463956477 141.17650094301959 292 482.06904463956477 141.17650094301959 95 486.32949770159917 158.55013406668684 96 486.32949770159917 158.55013406668684 97 469.65177803857995 62.85644261876925 404 468.70852143861617 72.376090602839042 523 468.70852143861617 72.376090602839042 523 478.37592994735672 74.26482545676879 405 478.37592994735672 74.26482545676879 99 473.80261267853564 75.658302393737955 100 463.21583116965508 76.878074868202091 320 473.78257322232105 91.913762108253991 293 460.63488033030495 94.824190140069533 -1 491.25100807113995 95.30116638360866 569 491.25100807113995 95.30116638360866 569 480.13410191671159 100.40564458536306 102 480.37088027452745 143.05956337675275 103 480.37088027452745 143.05956337675275 179 487.09381945980175 146.96033331518888 104 474.28157936484712 70.891316130274475 105 491.40055430791341 75.616470625596961 106 472.31779958512749 95.93289097149065 107 485.2453432469668 96.897714939017874 101 487.78685032429559 100.71972643955507 109 487.78685032429559 100.71972643955507 110 475.28815543708657 103.53951825938168 504 486.73897608601806 153.2114492671659 384 498.38195764196394 64.881542939009989 301 498.38195764196394 64.881542939009989 111 486.9095357439831 81.319262195402501 112 464.5315899108719 84.552199444452441 113 477.15687105250117 87.411467852079682 441 466.53866341608091 122.66762915956109 332 488.08237152496878 128.86431854584617 115 489.33940172393886 139.01142396784573 370 466.33244253109592 164.09700716507325 181 479.73707759353312 67.819140905658998 117 477.19923823087703 80.980425421815625 119 477.9669711944951 87.244249291740459 441 466.12962156976636 114.3155762062181 114 495.94620804636162 92.303322968260133 121 487.751039322775 111.5614111803137 374 474.71451139827479 129.46915067795689 428 494.67211500252517 122.93599653118395 429 455.91448721428259 147.44378015882242 461 492.0526309463782 99.861745395607528 122 
18 0.99878077523284114 -0.020895437793459103 0.042516599342395357 0.0138810116728887 -0.97428114839566404 0.15337094594212258 0.73375944647477431 1 video_01_frame_0035.jpg
466.84563661389319 66.55438245993318 1 500.23196672139937 67.13872967858174 2 501.85628837067969 67.332239031804463 362 464.9286753464703 68.835304782840979 217 500.73546009400377 69.56292895482126 4 464.07799439371081 71.569870313152137 528 487.87959016967244 71.666270788495382 5 465.4984533709785 72.648620127237024 281 470.93359958243656 72.712867796562577 499 498.00929382117909 72.68683466815861 123 499.75074007001285 73.395016140322539 375 499.75074007001285 73.395016140322539 426 478.02867236888426 74.769754721020021 8 484.458335658978 75.300266115684593 9 484.458335658978 75.300266115684593 10 499.91956232369114 75.348014881742969 418 499.91956232369114 75.348014881742969 426 468.40380678359821 75.696981243367489 11 487.64830185486966 75.601190538918459 493 464.06835536814248 77.168883126334691 320 470.38266031257734 81.247872327275815 13 487.43115801505581 82.67532885434079 -1 471.33272727122579 82.533448299556269 192 466.87046838660791 85.714280416051253 193 472.10160012930925 92.157898590860881 14 472.10160012930925 92.157898590860881 15 483.12945248109349 95.027796418453164 258 483.12945248109349 95.027796418453164 16 480.61436822704178 95.891171510475004 17 480.61436822704178 95.891171510475004 18 471.19409759614365 96.691829717790938 194 471.19409759614365 96.691829717790938 195 499.77521356324064 104.35670576988456 376 492.65287369968377 110.07984949467807 19 492.65287369968377 110.07984949467807 20 476.28614617194023 110.47610781868119 21 476.28614617194023 110.47610781868119 22 482.10618472830379 112.95409995773328 129 464.34904704673176 113.90073670006872 395 479.84233915137361 119.97488049691847 488 487.59349668661019 120.83603302626254 357 487.59349668661019 120.83603302626254 25 487.56900154648787 132.37846354103823 26 471.59537520217265 133.5009905613941 530 488.35284705748592 133.46448792170125 356 473.51580387500098 134.6865261014683 -1 487.21227756147601 134.65106819248359 356 474.24200745414129 137.82533811246927 28 481.13878448753229 143.71355132771106 29 471.28902455819366 145.53187565759154 30 481.23931899803415 146.99470533558332 337 491.8040302133852 148.19686120321995 31 477.90825776902437 152.74296882857101 358 470.24066571880303 153.40532176105535 473 479.43101567604594 160.00192239964866 32 484.71131960997639 165.10235084990941 33 468.62032320066572 64.215220768404762 34 465.17176824961342 66.97431860830261 217 474.02800262895045 67.351775831206567 529 498.34510865802116 68.302540017261194 538 463.31994433041768 69.198765963729443 304 494.31848312506798 69.323421917719145 142 482.96783733935132 69.99435904509528 36 470.78529288253168 70.702656173277447 523 470.78529288253168 70.702656173277447 523 484.60578526958875 71.472025225522572 63 484.60578526958875 71.472025225522572 637 486.37904723131606 72.634021102532259 37 486.37904723131606 72.634021102532259 38 484.50046737464254 73.363188642122111 146 484.50046737464254 73.363188642122111 147 491.15777789504364 76.450614950707603 39 486.47609747567429 76.962941055300533 40 486.47609747567429 76.962941055300533 41 468.62685875142148 81.758882151406937 42 462.06384474591283 89.347876722053769 547 471.8824882282583 109.63098162934295 43 471.8824882282583 109.63098162934295 44 494.41650031220513 111.99143193849046 45 470.90825935782431 113.83517565922206 46 470.90825935782431 113.83517565922206 47 474.48434986175505 118.42519072343256 295 487.4304158401107 119.14806579887582 500 487.4304158401107 119.14806579887582 406 485.3673837052977 119.40360965281292 500 485.3673837052977 119.40360965281292 406 473.51994537677427 120.06344575903405 401 475.65077206032822 120.62373228304254 402 476.763425732874 124.4112140326632 52 469.25199294592363 125.39839706899622 279 470.30424267926122 129.44120692133214 53 489.73953762219384 131.78476717147961 54 472.05296500048269 132.14737469797856 55 489.69518743129117 142.12110556979221 389 480.18773181141296 145.34388368887412 -1 479.17277851241727 147.18728908790786 56 478.06824720293764 147.43215130091014 210 474.76797119852085 148.45245232207617 57 473.22117945236187 149.07106922294651 58 465.64138984613675 64.988512256719375 59 469.31979284429195 67.984296504031306 60 486.35374964571645 70.160291808950475 61 484.58302511138737 71.544661902678271 637 484.58302511138737 71.544661902678271 63 482.51797679863421 72.389101485149794 64 482.58660328467681 76.694504085321526 735 476.07754897880403 77.343675745643509 65 474.02704056140504 79.967852065658462 344 472.73666200102696 84.407674125726174 161 469.23603270078223 84.90207605274847 403 472.12613621775006 90.089311053361797 382 492.93978315432446 97.988606525652344 67 473.95797875199008 101.3453447235905 424 470.78502098431989 107.1777991105952 68 470.04109384029431 111.17836086427083 69 470.04109384029431 111.17836086427083 70 480.26843151742651 112.92025951120665 71 480.26843151742651 112.92025951120665 72 479.10368583105867 115.35419854392099 73 479.10368583105867 115.35419854392099 638 483.61234711249381 115.37071585203864 511 480.0765364416057 117.93779433607452 169 480.0765364416057 117.93779433607452 480 482.85392166213944 123.06361697331803 75 482.85392166213944 123.06361697331803 170 477.83157494242431 128.96388429258016 451 477.83157494242431 128.96388429258016 451 490.08008550458186 141.91377212461569 389 484.33237621771536 142.14934234275498 373 481.9296825086555 152.22041018764324 78 479.74881936372213 162.05594484472189 79 458.40423191345491 193.28088723262638 -1 461.0336454232779 193.95335676257761 536 467.47105646275588 195.32234653147245 380 467.47105646275588 195.32234653147245 425 463.11043304255895 62.391474873815042 173 463.11043304255895 62.391474873815042 173 476.61851363386216 65.281588668469539 80 476.61851363386216 65.281588668469539 81 472.5565973785441 65.714913893146118 82 466.14243540630696 69.556102778972473 83 466.14243540630696 69.556102778972473 84 464.37995584458378 75.594066308661397 320 482.54781539702685 76.731618519239959 735 493.80595006670774 90.385084965224962 86 490.26582433774047 91.839289080936993 87 483.77769592340439 92.258172162576656 88 471.55231768221768 99.056231237693453 89 471.55231768221768 99.056231237693453 166 474.52045958601457 99.128828825994447 407 473.9055846191838 101.45391940722197 -1 469.02872299879334 108.82925342310484 247 469.02872299879334 108.82925342310484 -1 481.69080251125331 110.68741291102631 91 490.41921688946405 112.61550154354755 92 480.71908118966343 115.49333550792957 367 480.71908118966343 115.49333550792957 638 476.92441742781131 117.23996863371326 249 476.92441742781131 117.23996863371326 299 469.91090107483052 124.32419696348208 279 483.8113311152951 135.73937438056373 94 482.23120573209769 140.66711158782607 95 486.37460425696554 158.08157901242583 96 486.37460425696554 158.08157901242583 97 470.67984246550088 61.637657057081938 404 469.8522291813228 71.238389111786788 523 469.8522291813228 71.238389111786788 523 479.48634307220243 73.267992450414084 405 479.48634307220243 73.267992450414084 99 474.88545005450965 74.60127746390765 100 474.62576496464857 90.930238376455776 293 492.14147337547269 94.529231883955291 569 486.19918409644981 95.882049008734782 101 480.97794030678216 99.54223657781597 102 480.3927614375076 142.81933088265635 103 487.27030623019823 146.36965168362892 104 500.04138648517261 158.10357780571803 542 475.47014813208801 69.729859960085079 105 492.55704009166459 74.774850323437988 106 473.18300516270602 94.935356150917031 107 478.26079064664322 96.208296659796844 108 488.50525593285585 99.919687438392927 109 488.50525593285585 99.919687438392927 110 476.05937672902172 102.60501915457476 504 486.84334276502227 152.78044383831707 384 499.57806392517972 64.113100695568022 386 499.57806392517972 64.113100695568022 111 488.12266238409654 80.349304449023222 112 465.50787591291027 83.509863775635949 113 478.81638627569356 86.213110389997553 441 466.65775224709807 113.59004771729957 114 466.99322011870305 121.66924706081363 332 488.45077739242862 128.3144936503796 115 479.97705326181801 157.04636774281803 116 466.31658386734637 163.4393729109029 181 489.38711996072368 66.413537371381707 371 481.0685560174565 66.766238528268914 117 498.64316749380293 76.012623979699143 118 478.23541274352596 80.011820776958473 119 478.9475536436762 86.319718466138909 441 496.81562664440037 91.601018582620839 121 488.73805959759198 110.76778442320474 374 495.34809317902909 122.44072517860288 429 475.17092570182473 128.71000992790894 428 492.64563798775873 99.019928032517782 122 
19 0.99868486497144049 -0.028635162884479485 0.042098281300678067 0.0060251668096553378 -1.0113506033080133 0.28164817986417562 0.89103617087150266 1 video_01_frame_0043.jpg
458.6579019580052 65.365742849972179 520 458.6579019580052 65.365742849972179 390 464.40027623343246 68.556242393758836 -1 464.23128112476547 76.997777436941917 1 497.0485096927116 76.983359695101058 2 494.18313848210846 77.105057854429177 538 498.6343141185958 77.115644975484855 143 475.20981807622104 78.785749141783185 314 493.09000426898189 78.7727374095644 538 497.54106305371442 79.267980539528139 4 464.54105438071531 81.022425938024895 489 461.54911588300166 81.804372224938447 528 484.9073917361207 81.798369781446041 5 494.91256268940487 82.390727282444146 123 462.93314341752841 82.753308748634367 281 496.75887513240491 82.851796054660028 375 496.75887513240491 82.851796054660028 449 484.78869410899028 83.897486200768014 493 496.90410326070128 84.796984170854245 418 496.90410326070128 84.796984170854245 426 481.60912602746549 85.358666830789275 9 481.60912602746549 85.358666830789275 10 465.90781605947132 85.827798410343803 11 471.60142539299471 85.843534275687404 -1 484.85234281269152 85.664474952434972 493 471.53391160112193 85.963061322075504 -1 467.90666899468954 91.152337552807865 13 464.58469714768529 95.419135881017354 193 461.32036728284072 98.11542271184166 284 469.78117222177042 101.69460162687707 14 469.78117222177042 101.69460162687707 15 486.70730493951498 103.69995479248205 150 480.62282471273721 104.37223782553338 258 480.62282471273721 104.37223782553338 16 478.2015815060181 105.28869197815558 17 478.2015815060181 105.28869197815558 18 469.94117440731191 118.60117931907922 43 469.94117440731191 118.60117931907922 44 490.27153885422268 118.68472875078 19 490.27153885422268 118.68472875078 20 474.3347163987433 119.3539178443208 21 474.3347163987433 119.3539178443208 22 477.91686316025482 128.56525515086375 488 471.67189157022881 128.58334876100915 401 476.75294339850245 129.5114735321859 -1 476.75294339850245 129.5114735321859 488 475.05463490357619 132.96612313488268 52 484.11189550610237 133.69622618905314 133 467.73431601123281 136.21866078002509 323 485.57638267857828 140.43827495347119 26 470.01770227050184 141.82809721202901 530 485.87923138837482 142.16842114848671 356 467.12581048833817 143.12166585973654 134 487.480586240148 144.86986155236417 370 461.29055286594308 145.74089340287875 524 461.29055286594308 145.74089340287875 -1 472.69144201031884 145.91788994849031 28 490.11269314488862 146.56936517155177 324 490.11269314488862 146.56936517155177 325 479.58449304936664 151.57422754490142 29 476.86973154443439 158.83070977156078 358 476.60203447673035 171.75848807675749 274 431.7130721138704 189.30968555837228 -1 496.43965214694703 69.133820107980796 268 494.82395061477786 69.750880062663356 393 492.87383466921494 70.373319331274189 443 462.58224017681209 77.348253042198635 217 460.77879740100735 79.410720785377379 -1 460.77879740100735 79.410720785377379 304 480.01259081410285 80.31388356240366 36 483.37127550360964 80.276423269950286 61 468.15007941087663 81.011713218731956 523 468.15007941087663 81.011713218731956 523 481.62278656459131 81.775599576268633 63 481.62278656459131 81.775599576268633 637 479.71202543704123 82.54224895428176 64 483.21647547648058 84.770420363418935 305 483.21647547648058 84.770420363418935 306 493.6183508791637 84.563129302738844 160 483.58082079697982 86.897914480634512 40 483.58082079697982 86.897914480634512 41 471.37944008072498 89.742923969550247 344 466.20162036671576 91.769618586327638 42 469.88029737690306 94.810632651789376 161 459.89512210294612 98.878374608505794 547 478.13641653161977 117.75928546827257 330 468.9108364330599 122.62027069199961 46 468.9108364330599 122.62027069199961 47 472.55362832071228 126.9658441531855 295 485.32839915157183 127.55836322956522 500 485.32839915157183 127.55836322956522 406 483.35010593900546 127.93724480464486 500 483.35010593900546 127.93724480464486 406 479.57398080973007 131.41315665633982 75 479.57398080973007 131.41315665633982 170 476.02332389007438 137.13251538731276 451 476.02332389007438 137.13251538731276 451 489.25368976623679 138.29625705176022 54 470.30605770901417 140.32312951426601 55 477.88132394345843 154.93221287179421 56 476.10733853939371 155.30723833514915 210 471.69879834300713 156.85699482411434 58 481.39444423181499 162.86620327068604 165 498.41657309632495 65.737402186699441 411 462.98778511279829 75.601872478496333 59 469.81627727636373 76.355764613225176 82 466.65095927932407 78.470891790236834 60 498.08595653713195 81.415044546077155 419 490.83768602546752 82.560418309605893 413 479.77570761683967 86.759582262875526 735 470.62617403806303 87.214548247015458 545 473.29096144390536 87.371276779090607 65 470.18830983824949 94.322238298891548 161 490.39455593976533 106.9727579378407 67 469.25377635112028 108.24371728058667 89 469.25377635112028 108.24371728058667 212 471.54179968535209 110.51205790873942 424 468.72114736723313 116.21522580260222 68 492.0490621262345 118.3605541286298 168 478.15803797868386 121.72807334926858 71 478.15803797868386 121.72807334926858 72 476.98314823506996 124.0294661404682 73 476.98314823506996 124.0294661404682 638 478.18086607424925 126.45138923059271 169 470.31132761891934 142.35126529323415 530 482.32520261599007 143.60100824058674 94 488.5797131320158 149.56325758979193 389 480.4726985997869 159.8266348943703 78 485.10101027910292 165.49098649008596 96 478.78348064731506 169.37055393845191 79 452.81102457212359 199.69053061962308 -1 460.70800433194046 201.87299188362502 536 466.30386349475896 203.0429908144668 380 466.30386349475896 203.0429908144668 425 460.45658195674321 72.939256599593875 173 473.64985440343281 75.891351935453727 80 473.64985440343281 75.891351935453727 81 469.79003604766683 76.390835099033637 82 463.36169767403203 79.908156824682692 83 463.36169767403203 79.908156824682692 84 461.87672196838287 85.695754664996002 320 479.76663065566129 86.747857020083643 415 479.76663065566129 86.747857020083643 735 491.0958364855768 99.625420024235552 86 481.23683539071436 101.71735345938961 88 472.23941842132126 108.34359148798274 407 492.17746618263999 115.61507365533737 213 474.84669042340329 125.81499785577122 249 474.84669042340329 125.81499785577122 299 468.25615820326067 132.66361445025925 279 490.04960754407358 144.5572917442552 456 480.75349629760575 148.3934572208008 292 480.75349629760575 148.3934572208008 95 485.04723149640552 165.49939624636471 96 485.04723149640552 165.49939624636471 97 468.06107721595953 72.382036702863985 404 467.20373403431262 81.5255069827694 523 467.20373403431262 81.5255069827694 523 476.73199399945179 83.47115217488269 405 476.73199399945179 83.47115217488269 99 472.19930074591849 84.817972404703596 100 472.2159026781049 100.49378731101501 293 489.53059247670143 103.69863140433714 569 489.53059247670143 103.69863140433714 569 483.67310912246126 105.24971255068348 101 478.48444480749367 108.75336449592191 102 478.99300968008538 150.48266757614897 103 478.99300968008538 150.48266757614897 179 485.53911633574967 153.80517186772269 104 461.60557107824138 68.282626926854633 176 472.66721609040968 80.20430681822063 105 489.5814372489034 84.604511861847271 106 470.86225009237546 104.4058732500315 107 486.52143054954979 108.96621408957347 109 486.52143054954979 108.96621408957347 110 485.32224311905622 160.18295495066153 384 496.47238474681882 74.185876232956943 386 496.47238474681882 74.185876232956943 111 485.40371367666268 90.104295629171958 112 475.76062752742666 96.0443017705892 441 465.41282937240453 130.19838438366844 332 486.49784776902061 136.43830788646133 115 500.16913666379179 147.49115614108339 460 465.27485675759044 170.98387167269607 181 478.08992616229682 77.272609272887891 117 475.53554534809609 89.972395586246677 119 476.42011964259393 96.034879169633257 441 464.91279227281194 122.43197441472017 114 494.12837705690498 100.88066922941289 121 486.3143890373297 119.47704337792874 374 493.31961754522194 130.04106750376781 429 473.52989583565807 137.09779859414147 428 471.80999443044379 106.32901889946325 462 490.48631104623871 107.92488611098565 122 
20 0.99874382124357197 -0.02390824433876769 0.043478249664950425 0.006986929690352992 -0.98149980458968311 0.22968022477801939 0.82268530760728542 1 video_01_frame_0039.jpg
466.05870320619147 71.875129949926219 1 499.19555039184689 71.908984179898013 2 493.22523167754218 74.299469620727024 142 467.85480326758301 76.164525604469958 489 480.28158598022713 76.257550368720388 525 486.91861515020423 76.700884608507678 5 463.29821761468514 76.792086226530756 528 497.08758808465865 77.375771157580388 123 464.71765577288016 77.812497413340338 281 498.85986990232436 77.881563379500875 426 494.94204834573208 78.111698901102315 148 494.94204834573208 78.111698901102315 149 486.79460732044083 78.903218738265466 493 467.60951397983109 78.918663613369219 526 477.22024163963511 79.853047418807819 8 498.93181070835328 79.980799233831277 418 498.93181070835328 79.980799233831277 426 483.61215291176779 80.291664871802624 9 483.61215291176779 80.291664871802624 10 486.86002747146102 80.661143228679492 493 490.11611457271459 81.505992166892895 39 469.74081621799291 86.241369026334354 13 470.72855860488204 87.39256080379073 192 471.56376774456078 96.923065664035676 14 471.56376774456078 96.923065664035676 15 482.52672923869181 99.725139046536185 258 482.52672923869181 99.725139046536185 16 480.04867883326398 100.5623177375069 17 480.04867883326398 100.5623177375069 18 470.71851221577464 101.42937346643851 194 470.71851221577464 101.42937346643851 195 492.23557081878664 114.22189102421213 19 492.23557081878664 114.22189102421213 20 492.30689268351279 116.712743931696 151 481.72625407234415 117.48719715184437 129 468.88988233020751 122.97304066349464 289 473.34754903998748 124.27125227884218 401 479.66201752385814 124.2355108227308 488 487.03081344230293 124.83410991376449 357 487.03081344230293 124.83410991376449 25 478.56177057784282 125.25656854219001 -1 472.26173495286378 125.60101023250824 132 475.29284880061266 127.82176975730714 164 481.94804236490256 128.66562637424016 -1 469.01148154960219 129.65754341797836 279 488.36259580749885 136.98313503009271 356 471.50248800202905 137.44221079452115 55 468.59232039407163 138.85027761815508 134 474.24967393137814 141.72482827203319 28 462.78745497848831 141.96571373423362 524 462.78745497848831 141.96571373423362 -1 481.19661927996736 147.42016666964352 29 471.2042285018872 149.38947906698812 30 479.51228206596522 150.85136822808644 56 478.1701218366976 167.80532055168484 274 491.1077381314056 200.26441548819449 -1 498.20563799705315 64.005569122680498 268 464.38511131303949 72.248118265214032 217 473.11145687021161 72.62697857415391 529 482.00430718201835 75.188569232175254 36 483.59981074740153 76.64698190144091 63 483.59981074740153 76.64698190144091 637 481.68935402678596 77.47553792721294 64 485.48674825858609 77.719138243310027 37 485.48674825858609 77.719138243310027 38 485.216174401312 79.732785843644763 305 485.216174401312 79.732785843644763 306 495.57140429173717 79.790537167128548 160 485.56099596487633 82.002593676506166 40 485.56099596487633 82.002593676506166 41 486.9213495862665 82.971164127344139 288 473.07321771857471 84.343795057631198 344 467.99615239481972 86.801312879750498 42 461.56171512863051 93.907890736144395 547 479.89536833651186 113.24020473122195 330 479.89536833651186 113.24020473122195 -1 471.66470976930407 114.09045586800757 43 471.66470976930407 114.09045586800757 44 478.94757554839822 115.10523517623085 436 478.94757554839822 115.10523517623085 527 494.0249097106352 115.91447027584286 45 470.60481300564487 118.30019201018207 46 470.60481300564487 118.30019201018207 47 474.29542297787441 122.59462659655949 295 487.17670550740542 123.21259160411859 500 487.17670550740542 123.21259160411859 406 485.19182640545358 123.51317146742456 500 485.19182640545358 123.51317146742456 406 475.51735365138865 124.76967658643203 402 476.54017970403521 128.49584141179329 52 479.23589103689125 131.085785200104 490 470.30171638571295 133.62590877278549 53 468.42774938385753 133.81416309020318 156 491.20485851184651 133.97990690607332 -1 489.64012682924556 135.65161580183181 54 471.90350523602001 136.07619448972474 55 487.36138233332093 136.15326113197338 26 473.20804796354258 138.58706833549775 -1 478.12915888514789 151.19380804551915 210 473.03792123194683 152.90843198469292 58 482.90161125868678 158.88798988717539 165 479.40089401829744 163.58769905657877 32 464.80114161927168 70.473044482706584 59 468.47850604626831 73.364720934512647 60 485.37738856302127 75.240494035058461 61 500.17117798520974 76.444765034661245 419 472.4576528968505 82.269197519253225 545 475.24411055610108 82.413736233017033 65 472.18724171994967 89.225887778699445 161 492.29821626131485 102.40559591278635 67 478.88138110173662 104.63477475952462 -1 473.56206105915584 106.01455561696346 424 470.38759144634918 111.67508104798665 68 469.74390376829723 115.52402896385232 69 469.74390376829723 115.52402896385232 70 489.82597455778665 116.94600578055415 92 479.94606597683548 117.2396816215476 71 479.94606597683548 117.2396816215476 72 478.79271101914117 119.66813866147227 73 478.79271101914117 119.66813866147227 638 479.92224476057538 122.12508153886586 169 479.92224476057538 122.12508153886586 480 470.32601879026259 133.70142625849473 53 475.28835548151562 139.52816316256892 398 483.85656393272285 139.51304159323189 94 490.21877577177509 145.46492015516063 389 484.318615287527 145.82749853479262 373 482.1022053700238 155.82068192996252 78 476.21183605676799 165.41545235003872 214 480.13184003483457 165.42925861961922 79 462.20911665620093 67.740986020435813 173 462.20911665620093 67.740986020435813 173 475.63769555733728 70.701910163795034 80 475.63769555733728 70.701910163795034 81 471.69697345510951 71.22762388305047 82 465.02035470424505 74.733112660198941 84 460.34077726875893 76.178689614360621 -1 463.63018062278252 80.675959141955886 320 472.19437593046439 89.25481488698199 161 493.12456054049812 94.888127313732895 86 489.57035317522622 96.378651137854916 87 483.09337852521952 96.972458156386807 88 471.05243242676613 103.71359688899793 89 471.05243242676613 103.71359688899793 166 474.08433779190722 103.73405539230794 407 476.63814852804092 121.48763977157719 249 476.63814852804092 121.48763977157719 299 475.47528675133566 139.63303578420096 398 462.1581360966232 142.72442505305742 -1 482.45430581880851 144.20023769872731 292 482.45430581880851 144.20023769872731 95 486.64271874154838 161.54444123073091 96 486.64271874154838 161.54444123073091 97 470.12121740961499 67.1697860791907 404 469.03118404593755 76.490211324350696 523 469.03118404593755 76.490211324350696 523 478.72062238255091 78.437835040678735 405 478.72062238255091 78.437835040678735 99 474.11805035607119 79.776844453972501 100 474.0054470812434 95.704940663840702 293 491.44432158988747 99.062690868460209 569 491.44432158988747 99.062690868460209 569 480.36262859985817 104.15365566199412 102 480.66748573822764 146.2328669531465 103 480.66748573822764 146.2328669531465 179 487.2733684645836 150.15459928019644 104 463.14721037308914 62.862918802637566 176 480.0892522833318 71.993223109717277 -1 474.59835762809564 75.111304501626122 105 491.59403450918535 79.642283417377584 106 473.98028254697164 95.702398241404197 293 472.68368205236357 99.635576385562644 107 485.51586796611684 100.64379552141529 101 488.31220490689697 104.40250196200221 109 488.31220490689697 104.40250196200221 110 487.040493569619 156.09435136842941 384 498.58286358470491 69.038997703896101 301 498.58286358470491 69.038997703896101 111 487.41678554501522 85.223150616711791 112 464.92050289982348 88.472166546946156 113 477.51423820583972 91.224797041306189 441 466.49913531367713 118.09545734139587 114 466.93387211595314 126.08489964288549 332 488.35204553257563 131.99837603706916 115 489.49168313361804 142.27927886267548 370 478.36465433060346 156.32461478786271 333 478.36465433060346 156.32461478786271 334 480.21253524270946 160.25733800526294 116 480.09124606371802 72.074640873481684 117 477.45561756910638 85.02028323745418 119 478.24986880108025 91.17058780429673 441 496.06380464618144 96.183660469556173 121 488.02185766546694 114.85276720872929 374 495.09892386408404 126.00216068423796 429 475.05784872592483 132.67159746337097 428 488.40014652719367 62.228084879344621 -1 496.36212431785475 70.066906134229583 -1 496.36212431785475 70.066906134229583 -1 494.90265789548852 126.14157895831681 429 457.47512635861045 148.71440737864074 461 492.33534253232637 103.54347040952659 122 
21 0.99819601706975758 -0.033044185828636975 0.049446670221056727 0.0082352955651159854 -1.1314141187990479 0.26868481500140678 0.91599830375382341 1 video_01_frame_0049.jpg
463.76377818902154 79.116119962486849 1 496.56831416007526 78.94708458433756 2 498.06648021051478 79.24650652632883 143 492.54961910964539 80.854242369264185 538 496.93338250384221 81.314127325947993 4 498.0023276754834 82.212461457240437 -1 464.06721069373822 83.204456059551347 489 484.36749640283381 83.767477337361242 5 461.09390345986066 83.898763618159137 528 494.36521124905511 84.3978287200907 189 462.50060981192718 84.95764656298438 281 496.26139848306758 84.858656181824045 375 496.26139848306758 84.858656181824045 449 484.27082278138028 85.926467513539848 493 496.38321154393805 86.805414569809045 418 496.38321154393805 86.805414569809045 426 481.13552113106459 87.423855632038908 9 481.13552113106459 87.423855632038908 10 484.32462514134619 87.649758860435696 493 487.69898551422028 88.358384697128059 39 469.36836268859901 89.415947570628944 545 469.36836268859901 89.415947570628944 420 467.4607581817483 93.172995581250404 13 462.92316813924225 96.411437416638009 -1 462.92316813924225 96.411437416638009 257 461.64392800125927 97.607415320438207 469 460.89801329940406 100.11653736550247 284 480.2272271442605 106.3174932148724 16 477.81425950230238 107.21387760966357 17 477.81425950230238 107.21387760966357 18 490.245184958138 122.89887154525715 151 479.63475156197018 123.60541236223547 129 478.34361174889722 124.33650755833878 -1 478.34361174889722 124.33650755833878 -1 471.36027127922097 130.55328620275804 401 477.66550213076903 130.46940926531494 488 485.38471138615677 142.22951285118481 26 486.16310158895834 143.4798987543318 356 469.87297099785093 143.74229261738728 530 472.53465662449133 147.84044596231004 28 471.24085579429618 154.54850072727669 158 484.9459175340188 154.84203594483623 -1 477.39122154144081 156.89190561576416 56 462.86609812069287 161.52243424967477 521 476.48811970689604 162.16457431254273 358 494.98776789959965 71.324735543725595 393 492.86632819777532 72.164148950045529 423 489.45948870416754 72.979561688251437 313 470.90597214713654 73.874520234829362 565 462.12457823534845 79.467141468248855 217 462.08429571904787 80.940665137155761 217 460.29668553920908 81.550613044248905 -1 460.29668553920908 81.550613044248905 304 479.50033425245903 82.341009315645977 36 467.69860132005988 83.109743318867544 523 467.69860132005988 83.109743318867544 523 481.13477760240568 83.764055213961996 63 481.13477760240568 83.764055213961996 637 479.09752595866297 84.596023054611237 64 482.97062943637997 84.829410217493546 37 482.97062943637997 84.829410217493546 38 497.7236653998296 84.824375994589985 419 481.13720492087043 85.536139725879735 146 481.13720492087043 85.536139725879735 147 482.69119637817283 86.75701145344587 305 482.69119637817283 86.75701145344587 306 493.23277602788067 86.617842401344305 160 465.61154345607957 87.989522063286046 11 483.09842528008113 88.843498165126846 40 483.09842528008113 88.843498165126846 41 470.97882826845228 91.946001118264689 344 465.74631255513299 93.894659461213578 42 469.62192426056191 120.54416793124342 43 469.62192426056191 120.54416793124342 44 468.65119366768226 124.5800315757175 46 468.65119366768226 124.5800315757175 47 472.31766834622158 128.900315202206 295 485.10467162921969 129.41805210902277 500 485.10467162921969 129.41805210902277 406 483.0406308574411 129.76020247410563 500 483.0406308574411 129.76020247410563 406 473.49559488584742 130.9796315100611 402 477.66360715757946 132.96901964631277 331 466.64606325298388 139.60312724583667 156 463.36351218879946 140.79864016644527 309 487.7237597265119 141.76952481513601 54 470.10953727337147 142.23733855543935 55 487.7116518740113 151.68374516033273 389 478.6990861867846 158.29345934729733 348 471.33329154872837 158.83762241166085 58 477.81792547335129 169.43334085432156 32 476.13255492553799 173.65376921683475 274 462.51711232842774 77.7076836079911 59 466.18519382612254 80.632653850186671 60 482.85852544909443 82.411183464587566 61 497.5278505364339 83.4064693540154 419 479.30683212971809 88.818802460640725 415 479.30683212971809 88.818802460640725 735 472.87750695160361 89.414411160815121 65 469.81507210599892 96.248300688752636 161 466.39789368825211 96.80710005371489 403 469.10451856577146 101.73782788591558 382 490.01745354749869 108.84101384769787 67 471.39209654484404 112.54590850505031 424 463.32458112990793 113.90349755733403 -1 468.43867791358247 118.19098829360891 68 491.72484560343173 120.35011032076153 168 467.790498375021 122.01494756906739 69 467.790498375021 122.01494756906739 70 477.8140759274645 123.62447121803066 71 477.8140759274645 123.62447121803066 72 476.72252033458591 125.99032939444592 73 476.72252033458591 125.99032939444592 638 491.43118467795688 126.11168470585395 204 468.46284666648501 140.01001913231741 53 463.53822710145221 145.13081385453566 -1 482.00524698998487 145.53130536178298 94 482.45840670131219 151.82263536009009 373 480.24088312607984 161.65985143836673 78 484.97987003971758 167.36748449886963 96 484.97987003971758 167.36748449886963 97 460.42328696442416 203.83522966077007 536 464.27993107228804 204.61237993155549 380 464.27993107228804 204.61237993155549 425 459.99313066865898 75.122612964037415 173 473.15651723446581 77.969018184871928 80 473.15651723446581 77.969018184871928 81 462.81539634109402 81.882397479003515 84 461.38417346287923 87.759239165735195 320 490.65935851900775 101.54152975163638 86 487.24365491163985 103.02651979795804 87 480.86480952967293 103.66216407235903 88 471.89245180995505 110.29256834098035 407 491.73645220070745 117.47068937164234 213 487.67573106468745 123.06658413365619 92 467.82139697786391 134.85056755560097 279 498.46465030682828 145.12225738621518 427 480.56780318558395 150.24691062401959 292 480.56780318558395 150.24691062401959 95 484.87815740533438 167.3151704025008 96 484.87815740533438 167.3151704025008 97 467.55496520356422 74.549947185125149 404 466.70253149065513 83.651658442027554 523 476.25459566450502 85.580560507615346 405 476.25459566450502 85.580560507615346 99 471.75042888332979 86.851842603843778 100 471.84961285554652 102.48021729420319 293 489.05837599245882 105.65421329160991 569 489.05837599245882 105.65421329160991 569 483.24613588654972 107.10946904921329 101 478.12642974180272 110.72103004336466 102 478.86712513817969 152.22128537690722 103 478.86712513817969 152.22128537690722 179 461.17591386833175 70.66070789802788 176 496.28439695955518 76.015396614839332 386 496.28439695955518 76.015396614839332 111 472.13191416814294 82.231491640641963 105 489.06948884007562 86.666944583273789 106 486.31954859982983 110.87570239518867 109 486.31954859982983 110.87570239518867 110 485.30099554009286 155.95308987166652 104 485.24808592401058 162.07873581645214 384 485.03997767163133 92.05202839781964 112 462.66560483333387 95.452330384014942 113 475.33412168564399 98.044280988652417 441 464.6581412078192 124.5909148544588 114 464.59926128231388 132.055037140031 332 486.2768219065058 138.16887393686758 115 465.11779016484451 139.81893001648223 -1 458.90772697956186 150.39820182349396 458 478.47762198401341 166.68091277442488 116 465.25770044926384 172.61260231092876 181 495.75041575486642 76.199753052677778 111 495.75041575486642 76.199753052677778 386 477.47554555272245 79.401832842012055 117 475.13804591859088 91.960018074119631 119 494.70241763299828 123.1707408862238 482 493.6126477428835 102.86554914704617 121 485.99307443443246 121.45965536148719 374 472.60738302357083 138.3645935794485 428 492.85285815346549 131.75687632024275 429 489.65859776820372 171.99864364076024 -1 471.78724781202601 108.37206406562544 462 489.9361822527822 109.70139535422877 122 
22 0.99867759644698739 -0.030910208403494316 0.040886063100699511 0.0039933964800122311 -0.99777548680994388 0.28974844674151135 0.88989252620925519 1 video_01_frame_0045.jpg
458.10894668766582 66.676100123919795 520 458.10894668766582 66.676100123919795 390 463.83159438543231 78.488075823343024 1 496.58848333076128 78.430369268501479 2 461.99012973845726 80.545684453291244 217 497.10798885078088 80.744118896400096 4 484.46278763301393 83.226585589930409 5 461.17311563115368 83.254694936628269 528 494.62732474253806 83.746064157214903 189 462.58383399704383 84.272467598141333 281 497.82913685220763 84.295976195888812 419 467.87949761064789 84.371448334338339 499 496.28125330833075 84.307633517000681 187 496.28125330833075 84.307633517000681 449 484.32106700519591 85.326572788435996 493 481.21509347883369 86.813510553048005 9 481.21509347883369 86.813510553048005 10 484.38386121466982 87.063494757812833 493 472.64490779729863 90.868817404232288 233 472.64490779729863 90.868817404232288 -1 467.50952390250848 92.563359951961871 13 461.63143622768558 97.118677238507701 469 460.90471599000159 99.357838083518715 284 469.42022880338675 103.06752482690258 14 469.42022880338675 103.06752482690258 15 480.19942780441431 105.74467620067915 16 477.83558135899898 106.59943360079333 17 477.83558135899898 106.59943360079333 18 469.65845915695053 119.98392747582074 43 469.65845915695053 119.98392747582074 44 490.16368766494878 122.37913075611355 151 479.57962531067778 123.1421942803748 129 479.57962531067778 123.1421942803748 502 489.43734953569901 128.47460556388953 196 471.33279619565315 129.96148981522032 401 471.33279619565315 129.96148981522032 401 477.60928143941072 129.9243051975906 488 486.25410437490359 130.32749545140084 357 486.25410437490359 130.32749545140084 25 467.05899054473349 135.23105553481039 279 476.39646788968503 135.65773672507041 490 491.01418145308475 136.67652136543884 209 469.99594910406103 141.63517560097677 55 485.3049201262354 141.70127924956586 26 469.70809208414391 143.06545115827507 530 486.0718369732441 142.8152851960576 356 479.08582060841076 152.88397370285463 29 472.99572136167103 153.61194517687133 158 494.60592051188257 71.055527380438562 423 491.64236604762618 71.925620418558935 443 489.40476433388744 72.403511499544734 313 473.54960155030477 73.454121849099892 618 462.21651823199653 78.846993949858728 217 494.51343091910843 79.811712896574036 538 460.3713217518943 80.88685511153426 -1 460.3713217518943 80.88685511153426 304 479.63329331781483 81.748411679254502 36 482.97472920819274 81.872509980585534 61 467.76838958062547 82.48393650951553 523 467.76838958062547 82.48393650951553 523 481.25793242224398 83.14894302065278 637 481.25793242224398 83.14894302065278 63 479.26143104913666 84.047699651503748 64 483.02566877719266 84.220798999314212 37 483.02566877719266 84.220798999314212 38 492.43053559728781 84.483515348929984 148 492.43053559728781 84.483515348929984 149 492.98445458011889 86.199649281689403 160 487.84739451543732 87.75526531912557 39 483.18554214712094 88.390168511770355 40 483.18554214712094 88.390168511770355 41 465.82793230909641 93.106600817035371 42 459.61160995814242 100.25282097368375 547 473.99504917546068 120.71850804824656 21 473.99504917546068 120.71850804824656 22 468.61217521191446 124.04189813614765 46 468.61217521191446 124.04189813614765 47 472.22471663182694 128.32787755003437 295 484.9366627189325 128.94457519544707 500 484.9366627189325 128.94457519544707 406 483.04822267497752 129.21855476026744 500 483.04822267497752 129.21855476026744 406 473.48867902690608 130.52573506224178 402 479.29533973483086 132.80382477617371 75 479.29533973483086 132.80382477617371 170 474.55280144158053 134.21645359815676 52 466.52258252179797 138.91434778697129 156 468.31371200617417 139.17542458043962 53 488.80853625651241 139.59197467621357 54 473.36720717947912 150.26660874588364 364 477.54367289458787 156.19575422580235 56 472.99420646010179 157.61092800230577 57 480.95635349677889 164.12211051021055 165 477.44265568240235 168.86784267015355 32 462.59319702253526 77.049686975857156 59 466.25128947541037 79.929301282408233 60 497.64106380991717 82.846593440288132 419 472.96412448190597 88.816599308423079 65 469.08726798360675 101.1361039312529 382 490.01757521745469 108.35516516343138 67 471.23566159007686 111.87732564392518 424 468.31849191807396 117.52983582519445 68 491.74004799235473 119.72638676253716 168 477.84982073661286 123.04883697059527 71 477.84982073661286 123.04883697059527 72 476.67192318454391 125.38414261369094 73 476.67192318454391 125.38414261369094 638 491.40411527481922 125.58155264586117 204 477.88198397586183 127.79764440974799 169 477.88198397586183 127.79764440974799 480 468.37600682470776 139.31117582289602 53 481.77611410514351 145.04844072150325 94 482.34194847514465 151.26083492358455 373 480.11166013821679 161.08955839123132 78 484.8801857444613 166.81293576580964 96 478.65797691061198 170.54771653436578 79 466.70259662495755 204.62290724739518 380 466.70259662495755 204.62290724739518 425 460.11001600520132 74.444838993128485 173 473.19900485879907 77.352419605007981 80 473.19900485879907 77.352419605007981 81 462.83271720925211 81.251463754151303 84 461.50718741225643 87.126287610123711 320 499.21523246989136 93.383467476369077 503 490.72449746231365 101.00327786903603 86 487.19348889396588 102.53510174749252 87 480.85519180974745 103.10762983752926 88 468.94175362548475 109.70616181410354 89 468.94175362548475 109.70616181410354 212 471.91122957446282 109.72251199741243 407 481.31989287170188 110.99520046223137 -1 491.83865942270023 116.89967769069951 213 487.67492507570523 122.70301419409046 92 474.48698004930884 127.14605900731615 249 474.48698004930884 127.14605900731615 299 467.74815130840454 134.24322948174489 279 480.40737012033662 149.71306463286706 292 480.40737012033662 149.71306463286706 95 484.75559562554815 166.78985333325028 96 484.75559562554815 166.78985333325028 97 467.67823014221199 73.881712838284145 404 466.92359561291823 83.029071995616405 523 476.42565234813958 84.935942680990721 405 476.42565234813958 84.935942680990721 99 471.83697767147862 86.232227627765354 100 471.85094575024027 101.88209860016775 293 489.13285046813024 105.09076290582288 569 489.13285046813024 105.09076290582288 569 483.36668814657213 106.63037329377181 101 478.1561141536497 110.11895994733557 102 476.51292752116592 148.76621289147243 178 478.67164662873171 151.68500965826951 103 478.67164662873171 151.68500965826951 179 485.31421619798863 155.36285932183301 104 461.18600431281618 69.822516089096084 176 472.28555601397102 81.597378281603028 105 489.07733572206075 86.016320998779918 106 462.79119502908287 94.823479122243185 113 470.51269330085529 105.73596611298028 107 486.25052675491145 110.33143955714112 109 486.25052675491145 110.33143955714112 110 473.22783191737625 113.10625176644561 504 485.07249330355933 161.51964635353053 384 496.23142494473751 75.539355553059821 301 496.23142494473751 75.539355553059821 111 484.8644119391904 91.608888328183468 112 462.77879618953318 94.731653646025293 113 475.300605987945 97.51577420523202 441 464.47881100818415 123.93866541819943 114 465.10303626096794 131.49934851830406 332 486.31153228573203 137.67407791547222 115 458.9712851190796 149.50954899533966 458 465.05050226425726 172.02369225349929 181 477.69748148548251 78.832766924917351 117 485.8521981839416 78.290945489702864 371 495.41228684444036 86.578995156063229 118 475.11245575782073 91.416681340150802 119 476.1149011687624 97.442439626853712 441 500.53131016279667 149.54122517965533 460 493.79277650291147 102.32232022594253 121 485.91611187108668 120.8365593454848 374 493.02008509178376 131.23428096731007 429 485.82717434786201 68.954087102331684 -1 492.788012674512 131.42866315986916 429 456.05014738430907 153.10372890987784 -1 503.13447839711296 153.03532562939762 -1 489.96304569223048 109.22779137881635 122 
23 0.99864182709898131 -0.027575901487186506 0.043619201849602648 0.0071718934446162652 -0.99735864507097483 0.24132887179038184 0.88786247993578571 1 video_01_frame_0041.jpg
460.22045993018526 63.3935115960616 520 460.22045993018526 63.3935115960616 390 471.15671148489213 67.737919379530553 -1 470.29174305825444 73.290407657822172 82 465.67273650046786 74.892062769061766 1 498.4265470610847 74.953139630381202 2 500.06865576216296 75.089232043704357 143 494.65944740211489 76.713332494371215 538 463.76248217770967 77.039686151030736 217 498.98826826432008 77.223549216132085 4 462.23610825907701 77.382415991535368 304 467.48878025571048 79.218347570160574 489 462.94371449889206 79.693969632912342 528 486.38381502653635 79.71176346091444 5 496.52791822563131 80.256554681645895 189 464.35463726864396 80.694114428900392 281 498.20116073790126 80.830183289690581 375 498.20116073790126 80.830183289690581 449 499.71680533776436 80.808110720560023 419 494.27886971628328 81.053826044551272 148 494.27886971628328 81.053826044551272 149 486.26124970556464 81.798923536282786 493 498.45268341052832 82.677562635223154 418 498.45268341052832 82.677562635223154 426 483.12248896416634 83.309920404091997 9 483.12248896416634 83.309920404091997 10 467.31770001672857 83.767913173839332 11 486.29806437929477 83.560874743033537 493 469.3531972491291 89.015283357467339 13 465.93087083596265 93.351351324997552 193 462.74748050609332 96.251521111893993 284 488.10931609047435 101.71137288275041 150 482.0180771967905 102.35436807229767 16 479.61732186796405 103.27828303957946 17 479.61732186796405 103.27828303957946 18 471.3640752096976 116.69350343493184 43 471.3640752096976 116.69350343493184 44 491.61302559608038 116.76186644787167 19 491.61302559608038 116.76186644787167 20 475.50015913321249 117.35886896274181 21 475.50015913321249 117.35886896274181 22 491.75674539260041 119.24888559918699 151 481.32380864691333 119.9413410624159 129 468.5391622252352 125.45241710940749 289 479.23103862522618 126.64007625059774 488 486.80651141884505 127.28923931492281 357 486.80651141884505 127.28923931492281 25 471.61757298576845 127.97797128736612 132 492.65802958913628 131.51547905163494 -1 468.68944484566458 132.04374015678317 279 471.61088464343959 138.46218324289987 55 486.87562173154947 138.46324562491162 26 487.76223009724043 139.5510868234723 356 471.36191376762645 139.88511514211416 530 477.39995275093634 149.98254352627961 206 479.10758265102834 153.09797347810277 56 478.1398607247026 158.33367553119561 358 497.35113511812591 67.105796467851604 268 495.72242511816597 67.709098457570803 423 493.46127400177545 68.167719695535752 443 464.00553768704947 75.244386017256033 217 496.46304223544251 76.197337453345909 538 481.52004708369014 78.185055812745702 36 469.62929432409925 78.89328478719375 523 469.62929432409925 78.89328478719375 523 483.13381927951457 79.650218881513467 63 483.13381927951457 79.650218881513467 637 481.12699064850085 80.561356053214951 64 495.00757273697189 82.711844247865514 160 485.06940800620947 84.823097768281428 40 485.06940800620947 84.823097768281428 41 467.61340730150272 89.681008142218445 42 461.28886862078258 96.725708176761174 547 493.52244343986945 118.46318226531167 45 470.26756572434124 120.7720736107857 46 470.26756572434124 120.7720736107857 47 473.88563534419006 124.91857919402725 295 486.65055313606683 125.65033202538956 406 484.65525990140486 125.9960423491722 500 484.65525990140486 125.9960423491722 406 472.93609904219028 126.71127386901867 401 464.61922088549761 127.35563357435862 -1 480.68798250451096 129.53821907350635 75 480.68798250451096 129.53821907350635 170 476.2069728215842 130.92808713383891 52 491.39888785912103 135.33754193028369 209 489.17941017788837 147.9961098700862 389 477.74908532356989 153.31933115594856 210 472.88505916567664 155.03756941375437 58 478.97610589056978 165.7738048852859 32 500.00391171028292 63.559712575418132 411 464.40114268058721 73.497564539514315 59 471.3210808517174 74.149892727504735 82 468.04939224010582 76.312390611813925 60 484.87709641412812 78.277553722964754 61 499.51315432957301 79.366575762233253 419 481.29695059004507 84.658204418921571 735 474.80598291553667 85.321262715300008 65 472.83587451899461 87.869045816823316 344 471.68370603047038 92.179849391658479 161 491.39223192683266 100.21115516940716 308 491.85342098186402 104.94597615923337 67 473.17176254901005 108.65838560204891 424 470.02108585407154 114.25177768634171 68 493.48141612466952 116.37846594078167 168 489.31465844042623 119.43078496604628 92 479.49156596702812 119.77942424026651 71 479.49156596702812 119.77942424026651 72 478.36022623141002 122.10703472472312 73 478.36022623141002 122.10703472472312 638 479.49987060591252 124.55976848299446 169 479.49987060591252 124.55976848299446 480 469.93061351521681 136.02431450429933 53 483.43633117615553 141.80945495146827 94 489.73739213760615 147.68918182644612 389 483.93276125962598 148.07025741378368 373 481.63533640231543 157.83807924572156 78 479.96111583683876 167.48659573192708 79 461.86767589091289 199.8594806612908 536 461.85727725092283 70.80758419215843 173 475.18252807497021 73.762787031882169 80 475.18252807497021 73.762787031882169 81 464.83840066752583 77.791219757312916 83 464.83840066752583 77.791219757312916 84 463.26618292088466 83.44703853272074 320 481.2761767927027 84.652159249319567 415 481.2761767927027 84.652159249319567 735 492.51291482576801 97.636928259004506 86 482.62295492250524 99.699888955978778 88 470.69507816657506 106.35306504960531 89 470.69507816657506 106.35306504960531 212 473.60531242290091 106.42359222409712 407 484.81485752965693 129.79166870865595 343 486.17581217730458 163.573068767948 96 486.17581217730458 163.573068767948 97 469.78687448270017 70.280030030207655 404 468.65281329950142 79.471902993663718 523 468.65281329950142 79.471902993663718 523 478.23769284324828 81.396865365253291 405 478.23769284324828 81.396865365253291 99 473.65993261277765 82.703917465514451 100 473.55525993552237 98.467981375218699 293 490.95731606959441 101.64031753812989 569 485.13470555991637 103.25849932443191 101 479.92958734234264 106.80377331240801 102 478.82487658450111 145.23756108241579 178 480.17971028701328 148.46366831157749 103 480.17971028701328 148.46366831157749 179 486.83533754485131 152.12005883530063 104 462.88488782592532 66.056248111690877 176 474.14573783343599 78.044327137956373 105 491.04725380328756 82.533219238057328 106 472.25967448318943 102.43207358027071 107 487.95184513292037 107.0049176830033 109 487.95184513292037 107.0049176830033 110 486.60541446034063 158.33122065049548 384 498.17819909460798 71.938438572832368 301 498.17819909460798 71.938438572832368 111 487.06029146059359 87.99126018599523 112 464.58344571895714 91.275715570674109 113 477.04986812419065 94.067193015938699 441 466.6517795213245 128.4256816736895 332 487.73643050347187 134.51047514021076 115 479.51680546815959 75.177919401428028 117 477.08729519571614 87.887036540101889 119 477.85349307839027 94.016429585399763 441 466.19239392673006 120.39302242853839 114 495.47171383963359 98.895446799562492 121 487.64321889525837 117.57394236861289 374 474.43624377973373 134.72332431092724 428 473.21761651318184 104.25654492164986 462 491.84617357947133 105.883737662058 122 
24 0.99841841240977103 -0.033507900923807579 0.044898327673757552 0.004694092982973486 -1.0690952960269995 0.27900441095695977 0.89639750900386006 1 video_01_frame_0052.jpg
456.83781715486259 66.463282920933068 -1 456.83781715486259 66.463282920933068 -1 457.59512127989819 68.155549388366239 520 457.59512127989819 68.155549388366239 390 497.54506247999547 73.914738758241114 491 465.62880834779008 77.60660570874802 34 495.99794982844759 79.268936324265638 2 463.18455839449217 79.61050511836234 1 497.48610605745324 79.49159234664927 362 492.06262958587791 81.172597817072997 538 490.21454637933937 81.739519549568826 142 459.78897038144112 82.061199276493767 304 465.07993332125085 83.958663765338585 489 483.9155482963082 84.09204060554012 5 460.50839822616382 84.325685171377529 528 493.88743522046423 84.696427718974277 189 497.20321468898322 85.092235800432903 419 461.9264421759068 85.282864438297736 281 467.24740101619295 85.286124185747724 499 483.80960669909615 86.296760089905689 493 495.91335184800124 87.106520816810757 418 495.91335184800124 87.106520816810757 426 480.67675231166169 87.752393466203131 9 480.67675231166169 87.752393466203131 10 483.92121585704393 88.029949517607633 493 487.22527822163647 88.733787375464232 39 466.97997225635169 93.62733811092977 13 463.49292067503291 97.917266063519236 193 468.95068515680924 104.11939299483116 14 468.95068515680924 104.11939299483116 15 485.9177153271994 105.9557062345215 150 479.7828986206631 106.68647108472726 16 477.41144128518698 107.61298545813949 17 477.41144128518698 107.61298545813949 18 461.88426904030757 108.62364779245689 -1 461.88426904030757 108.62364779245689 -1 460.58882428051766 111.38096941930333 -1 461.93446054118112 111.73170327933181 -1 461.93446054118112 111.73170327933181 602 473.52098398510498 121.74275807058444 21 473.52098398510498 121.74275807058444 22 489.98946427140123 123.29019191441267 151 479.28439112508391 124.14139563755612 129 466.51797499227047 129.77580130342238 289 471.00822577073126 131.02360733057506 401 477.28286455663721 130.90844262014252 488 485.75249000828586 131.32613462085598 357 485.75249000828586 131.32613462085598 25 461.99007084318197 134.67038902264412 392 466.76420897440249 136.27320054070501 279 475.76835505429398 136.49910116670873 490 461.89096961998968 136.94244530944925 442 474.66382696815663 139.46201733824242 451 485.01202240580471 142.62215130561142 26 461.70401789482946 144.77281527018297 -1 460.67619844379408 149.87907600636842 -1 460.67619844379408 149.87907600636842 -1 460.02795630078555 151.26877727110735 -1 478.94484219433161 153.88034731576965 29 460.93842204867008 154.29246334056626 -1 470.89928042066549 155.03845787018304 158 483.10099132370709 174.59430648771706 33 464.98226873594592 71.6318529553198 -1 494.80011659981113 71.609478925820511 393 491.11171335559715 72.911128952323935 443 488.65823713371594 73.3717171606649 313 485.0785781098424 73.945333125939086 394 461.54189875615475 79.9093671244717 217 488.9119239329529 80.602763056372069 430 479.08666606297692 82.732651069493926 36 482.42015755871262 82.772080099406736 61 467.18651961723299 83.48689507057081 523 467.18651961723299 83.48689507057081 523 480.68173006567821 84.14457131924955 63 480.68173006567821 84.14457131924955 637 482.51288869547733 85.183390377175783 37 482.51288869547733 85.183390377175783 38 492.47088261861336 87.130158471603636 160 465.163486189455 88.451714288044371 11 482.6570563920356 89.316653203742646 40 482.6570563920356 89.316653203742646 41 465.27401430967939 94.277821810346865 42 488.95865416009673 118.09906116196757 162 469.18615769769923 120.96983991158301 43 469.18615769769923 120.96983991158301 44 491.38294696949595 122.62312819649006 45 461.49932013545254 124.51112745843074 395 484.00430520371424 124.50788012671774 272 468.22386987976716 125.07139856652132 46 468.22386987976716 125.07139856652132 47 471.91185598347101 129.33598367175574 295 482.73627166241619 130.23170623353158 500 482.73627166241619 130.23170623353158 406 473.20695718757543 131.49136938874344 402 476.98473353650951 137.91232767051869 490 462.27055245546234 139.18825388565634 -1 489.47984181425949 139.3414793800431 209 475.30792468368139 139.47934627446728 451 475.30792468368139 139.47934627446728 451 466.21472877142912 140.350457885157 156 487.55555922721351 141.82846670508067 54 469.82082341032253 142.77417205920182 55 473.07049367336509 151.29218464287314 364 477.13730737141589 157.2873741583945 56 471.25798311590518 159.23780591026269 58 480.9177055812811 165.0604783608909 165 463.00733614435723 169.32638364271205 397 461.93792644264369 78.146087108679652 59 465.66011001537072 81.014931000438679 60 497.00929375821141 83.674435456516363 419 478.68939248324335 85.033823349774167 64 469.67870656710795 89.707499412548273 545 472.36702546337563 89.799943745061739 65 465.97637802851125 97.186332849114592 403 468.62593823893991 102.19758474671102 382 489.59658477839861 109.19557569587563 67 471.10937498876967 113.02957708112253 424 467.97834703739102 118.63594104655583 68 471.51365442158146 121.12410440848129 468 471.51365442158146 121.12410440848129 -1 467.36080345330151 122.43489343745627 69 467.36080345330151 122.43489343745627 70 477.51546616779683 123.9615228284303 71 477.51546616779683 123.9615228284303 72 476.32570721361918 126.37762034207776 73 476.32570721361918 126.37762034207776 638 477.54396285545477 128.79930859385314 169 462.38203066631735 141.19496194901939 309 473.17173855656705 146.09581761667363 398 481.66136923679079 145.93481616840066 94 489.58307573603071 146.74108204542179 456 487.9017319116071 151.78211472257988 389 482.12481412468065 152.23862084282197 373 479.99090402333258 162.10220646465632 78 484.72583079445576 167.80954202253488 96 484.72583079445576 167.80954202253488 97 477.1163060808239 170.01692784957092 32 474.5797251329023 171.86260846007099 214 459.3156134103715 75.491593846367394 173 472.59926105580126 78.37607850375835 80 472.59926105580126 78.37607850375835 81 462.31125603153157 82.404638321794693 83 462.31125603153157 82.404638321794693 84 490.19269290527018 101.92005325393751 86 480.40357480818858 104.06440528825559 88 471.46511902100116 110.75861793689543 407 491.3596218963603 117.86672769072057 213 467.62751594634051 135.03749915639762 279 480.19229309982086 150.71901417963664 292 480.19229309982086 150.71901417963664 95 467.09232097542815 74.929838296061376 404 466.27049215959045 84.089826988337748 523 475.79842766181895 85.931917296978042 405 475.79842766181895 85.931917296978042 99 471.28017354834185 87.255473925334229 100 471.37490167097985 102.88846247451511 293 488.69916416943869 105.92926308148108 569 488.69916416943869 105.92926308148108 569 482.88732607463402 107.47904318146752 101 477.72804052271181 111.1065173303018 102 478.55788263585941 152.69052967943065 103 478.55788263585941 152.69052967943065 179 460.10059110791821 155.45396074640314 -1 485.10015354015553 156.27095732165049 104 460.52134341967917 70.803337550335769 176 471.71012897101485 82.677185113442974 105 488.6535262193143 86.915636884357724 106 469.968990440521 106.74213712552481 107 485.65109630444982 111.28485773502391 109 485.65109630444982 111.28485773502391 110 484.94223886843679 162.46199114551027 384 434.281978641465 163.16631144650756 -1 495.38194405304063 76.460780959934453 386 495.38194405304063 76.460780959934453 111 484.26858649573916 92.54843251453417 112 462.27381007768685 95.741649222373525 113 474.70216352564205 98.431158889055069 441 464.22417911640377 132.90120672023005 332 485.96564187351657 138.52787199278995 115 463.4224451920976 152.20274691599798 400 459.45145077781251 156.23462423094759 -1 478.23369348774867 166.90150738480446 116 477.08417856931283 79.734813626398932 117 485.30842917367875 79.201482871552713 371 474.87088592232328 92.331373383461624 119 475.7235190392941 98.406520017963771 441 493.2063253412141 103.04789489951321 121 485.65229082347639 121.7376425610411 374 492.65396715164269 132.03456449330409 429 472.7285899297259 139.28341481487598 -1 468.75489407210176 109.42696889108215 -1 489.54001145574097 110.12414301117413 122 
25 0.99839718873116645 -0.035474946976132717 0.043776186925147231 0.0053129209516811554 -1.0429523302130057 0.23718002217440223 0.91724566432012877 1 video_01_frame_0047.jpg
458.18328030271408 67.53113391001564 520 458.18328030271408 67.53113391001564 390 466.15462571695815 77.148490258980502 34 496.62495555625662 79.022226396719702 2 463.79584801349449 79.135292161415236 1 498.11139874139803 79.181313430784371 143 492.62167303251266 80.851399469459608 538 461.97386145295457 81.219231786686379 217 460.45165610892798 81.647042640835991 304 490.7169531401774 81.390693493489096 142 461.17398192940982 83.886574533864746 528 484.43459429421648 83.859521876610387 5 494.46656423179724 84.438626536797869 189 462.51730754884784 84.872638784161495 281 496.2089733241304 84.998782218356837 375 496.2089733241304 84.998782218356837 449 492.47299229764485 85.111298246626689 148 484.33764776066653 85.986638418856344 493 496.42451400659706 86.869850468247861 418 496.42451400659706 86.869850468247861 426 481.17043995115597 87.466909723680772 9 481.17043995115597 87.466909723680772 10 484.41831109885231 87.697085626523688 493 487.64103294225589 88.469106775513083 39 467.49913988768787 93.270396049638762 13 486.3158190392146 105.65293037347789 150 480.24199673796539 106.38956617041801 16 473.96018808892256 121.31391342833788 21 473.96018808892256 121.31391342833788 22 490.36053233054082 122.89243277148218 151 479.61358376616676 123.68556782222211 129 471.34052358344366 130.55830361361717 401 473.32224783028772 133.99617527509773 164 463.24603874830439 137.08299745097062 442 485.43892389097647 142.23960174725241 26 469.84188241502164 143.79259507482342 530 485.78859245197106 143.89048219292454 356 466.67922207101606 144.82155156176088 134 479.3299024053477 153.42099445399336 29 471.30127106242526 154.51259105464348 158 477.5877338360217 156.81685201444381 56 476.3787162189501 162.19037855907834 358 475.20131261140779 169.7755557342378 448 476.21758946267897 173.65717192698551 274 493.85774941797217 71.834648575714581 393 491.47413631394528 72.640042201508948 443 488.35195186251786 73.277722710537873 313 462.15927586955291 79.612552694646283 217 479.57217926289621 82.396081171275938 36 482.92914324201428 82.52203742631238 61 467.72772802406013 83.121092204048068 523 467.72772802406013 83.121092204048068 523 481.23093780099288 83.839418205358925 63 481.23093780099288 83.839418205358925 637 479.22670551734973 84.647351482601891 64 493.17238284934155 86.754785212035799 160 465.66303663431097 88.01847257495902 11 483.18007916080865 88.992417249745444 40 483.18007916080865 88.992417249745444 41 465.83325729922882 93.8383389261611 -1 465.83325729922882 93.8383389261611 42 489.60948050009205 117.8037489086729 162 469.6016109532448 120.55409284393357 43 469.6016109532448 120.55409284393357 44 468.64098229535915 124.63383111872203 46 468.64098229535915 124.63383111872203 47 472.30352209945318 128.81081211205202 295 485.026176112869 129.47706699524963 500 485.026176112869 129.47706699524963 406 483.04657857850759 129.78928881509032 500 483.04657857850759 129.78928881509032 406 479.26196415713531 130.06444817995686 236 473.43085320391214 131.06045943090459 402 477.78856217161638 133.07533878307135 331 467.22288274546048 135.70821794761332 279 477.33796228732649 137.51436832460831 490 475.80498168793679 139.05490573702531 451 475.80498168793679 139.05490573702531 451 466.60365162715237 139.59178482500354 156 470.09957445139565 142.28099053671289 55 478.6085782077156 158.2329173784218 348 471.32914621880258 158.8337501653136 58 481.10505938970556 164.77559545017525 165 477.38745468795639 169.58256742761597 32 497.56693290502091 68.129213735244662 411 462.60087478437993 77.736909243218705 59 466.29250880327061 80.664334939413976 60 458.43332306923543 83.029528203757621 -1 472.47098118239501 83.351666812508057 -1 497.59149091691489 83.486324456334501 419 479.37954661002027 88.892430809454822 415 479.37954661002027 88.892430809454822 735 472.89577422788784 89.438911261801906 65 469.87502713273938 96.231431523568887 161 490.00585690709715 108.93089767859342 67 471.37509334052146 112.52322248142895 424 468.31498108179971 118.15140927753961 68 491.73466197670274 120.26235282152787 168 467.75191166586097 121.97317118260305 69 467.75191166586097 121.97317118260305 70 477.83891203658141 123.61605394481943 71 477.83891203658141 123.61605394481943 72 476.6493467532253 125.98358608264029 73 476.6493467532253 125.98358608264029 638 468.42295131311437 140.00521619808185 53 470.10178983463027 144.25414520531194 530 481.88196371167908 145.48056636236666 94 488.33371999424992 151.39777962910486 389 482.41989730468418 151.8137250587092 373 480.18278164257538 161.6635214751027 78 484.96982808594532 167.40386809048752 96 484.96982808594532 167.40386809048752 97 474.70986966094853 171.31697735763899 214 478.41887990613316 171.25940391043403 79 460.32247886561521 203.83188798772323 536 468.34854517256707 205.54754409260443 549 468.34854517256707 205.54754409260443 550 460.05546242726513 75.118747784273268 173 473.27020514949209 78.004954907453865 80 473.27020514949209 78.004954907453865 81 462.8256820823226 82.035293891920801 84 461.51041590929498 87.838897250324464 320 490.70480372183715 101.61484587586479 86 487.2298111564956 103.1086406038784 87 480.86693750331352 103.71380641700395 88 471.9417431826293 110.33690852540701 407 491.77480369758297 117.58477160713934 213 467.71946838269645 134.93778463682807 279 481.80734793404963 145.6018723220032 94 480.33069393631212 150.40171323664597 292 480.33069393631212 150.40171323664597 95 484.83154605869726 167.36080733881332 96 484.83154605869726 167.36080733881332 97 467.70163002381827 74.544396682926788 404 466.81735113042686 83.652885096309546 523 476.36527862948611 85.585533233082771 405 476.36527862948611 85.585533233082771 99 471.81122293025794 86.869308572968208 100 471.80521719795456 102.49742094634163 293 489.11241253891177 105.64288898120802 569 489.11241253891177 105.64288898120802 569 483.25121071363174 107.14782825720997 101 478.14877805834834 110.75584507582397 102 488.19939557836312 133.55787372147626 177 488.19939557836312 133.55787372147626 438 478.84949765031712 152.20727485034445 103 478.84949765031712 152.20727485034445 179 485.3344354150679 156.06812546045316 104 461.10370181467118 70.50988009724594 176 496.41624766606742 76.079349746067805 386 496.41624766606742 76.079349746067805 111 472.22260701712588 82.292268988503437 105 489.17431081446455 86.647343445165234 106 462.69013782792626 95.676040032429484 113 465.67988013781621 100.00847356514302 670 470.46327838292592 106.38214413403195 107 485.11394036285986 162.01392927382088 384 496.2047301906706 76.123230496420192 386 496.2047301906706 76.123230496420192 111 485.11001794661973 92.114039367716487 112 475.40809955828843 98.085943003365799 441 464.54189083357284 124.67649252909871 114 465.09293301585933 132.22153347599757 332 486.36653568845094 138.15945260779958 115 487.58009060643889 148.22840091088233 370 478.4224497273845 166.31430060708698 116 465.09814506001976 172.59303880229015 181 477.54095760288959 79.48279077495593 117 475.21490276064299 92.002806099805582 119 494.67889725876722 123.31901539406459 482 493.66308488438375 102.99036088899842 121 485.9652397453969 121.3700883278096 374 492.83375728723462 131.78690830425657 429 489.68698126838001 172.00108591134398 -1 490.04472439811275 109.79324737576684 122 
26 0.98868062929975775 -0.038967192274996634 -0.1060149140920788 -0.09875732460778601 1.5094964034852962 0.11739452762337227 0.98849684862259446 1 video_01_frame_0054.jpg
456.62209093206127 67.961781965195712 -1 456.62209093206127 67.961781965195712 -1 495.39890031382004 80.741362985506129 142 458.92564151666272 81.47963577088575 -1 481.1744749651624 81.633818701722902 -1 476.59358731384953 83.131608412698554 529 488.04286747104021 84.122148652999613 637 488.04286747104021 84.122148652999613 637 486.33957377870814 87.837273624091182 735 475.67715819409068 90.150379853610914 126 469.99051393625058 93.942089716152424 508 461.21116681632367 94.484423199182686 -1 461.21116681632367 94.484423199182686 -1 473.86409624973618 96.369076198051403 13 474.99988390448357 97.437120791033379 192 472.95061936136989 97.991219856860795 -1 463.68698020877804 100.2760492754681 469 475.89481538347911 106.06117657971893 509 474.29430863011783 106.67130352706405 -1 493.28273757838446 108.24980847224445 -1 490.75741706948133 108.62645016628554 -1 460.4723397898008 110.43883313394011 -1 461.15836124362653 120.48645012859706 -1 486.29060700173125 124.68713510375704 502 490.72279936005475 129.5456798545045 500 490.72279936005475 129.5456798545045 406 490.56729784315138 131.08800475964904 -1 490.56729784315138 131.08800475964904 -1 490.500038322889 131.11000287867168 -1 490.500038322889 131.11000287867168 -1 486.02724645319853 132.46819316098041 -1 486.02724645319853 132.46819316098041 -1 490.3134735989081 135.72130558422015 133 477.38915230294617 138.17868855840285 198 481.36067495479978 138.44223738119268 205 490.92741628501824 142.00240122376673 26 466.75556398717009 152.64716641225385 -1 491.70649697229481 156.90224467676686 104 492.30286495904869 158.40314290526865 478 480.96197968205934 159.7857785828927 57 467.40741881264665 161.37407392476504 589 445.21789958534418 162.33701908960646 -1 483.13730039676221 162.28902693657091 358 462.80995592581439 164.79196067981425 -1 467.26637460141421 165.8966808947913 -1 464.73744683199448 168.26207307713037 -1 464.73744683199448 168.26207307713037 -1 476.08077427753017 168.57726493779361 -1 464.21864650415745 169.87549076751898 -1 475.4528294508799 169.75316367870519 579 492.03949617700471 169.80362360559923 -1 462.75903403504446 170.05224087885492 -1 490.50727757579415 170.40411433305525 341 490.50727757579415 170.40411433305525 510 481.03264478208456 171.6884800487006 448 490.53207604995418 172.49030466174281 -1 493.09892089984152 73.413053560459062 394 489.63002088184305 74.359240184971668 574 469.78299284375487 80.050732653535249 624 469.78299284375487 80.050732653535249 34 492.70697219015113 82.017087231666764 -1 489.22498889850891 82.649594170548909 61 484.46411004614185 84.235198243526426 525 464.03293520243358 85.36617687428074 576 464.03293520243358 85.36617687428074 -1 486.09589929380087 85.58479810194909 64 465.27713560007913 87.488538749218691 528 471.35888860458584 88.937073571490345 526 471.35888860458584 88.937073571490345 571 461.68357426651903 90.50699770280184 -1 463.30570860716381 90.911482494349144 211 474.7704805980012 93.024828561587725 420 459.95772434642566 102.3223330282004 -1 472.99617298092221 113.18881850658671 475 493.74159576952189 117.40850094003486 162 462.65308566940354 119.90323280182989 -1 462.65308566940354 119.90323280182989 -1 487.98729395883038 122.29065458235831 464 475.64023662636993 123.10666746236301 43 475.64023662636993 123.10666746236301 44 464.20755750484443 124.18929614508265 -1 487.76395435738078 127.5112292751009 511 487.76395435738078 127.5112292751009 -1 464.59625389113216 132.34540481903974 -1 472.71595966202665 132.71778088137592 289 477.86263830027366 132.96248457798379 401 482.92601472481107 132.94941101271621 331 486.45462892593997 134.03930663023888 75 486.45462892593997 134.03930663023888 170 465.97717740800994 134.88988088483367 -1 475.37343568689568 139.63034976680746 227 462.09640961448395 140.41520547988188 -1 482.14257125005707 140.90963608657773 451 486.25753566898311 142.03623905049218 513 480.82212319455061 143.64358818404642 477 488.53671683120172 145.61550727937717 94 490.12288375409116 146.55056536878331 -1 490.12288375409116 146.55056536878331 -1 472.51929301143235 148.55819821456964 134 475.81999182052255 149.28266112794608 578 490.61202383804778 151.52739401507614 -1 481.50475612517147 152.67762109492318 364 465.00042610282367 155.93770350609816 -1 465.00042610282367 155.93770350609816 -1 450.84963242887824 160.31865427752251 -1 450.84963242887824 160.31865427752251 -1 447.63113971936644 162.64656686516071 -1 464.79771240928392 163.17731627361709 -1 487.38221694427068 165.51371266268848 165 474.8268281727938 166.49926774329617 473 474.8268281727938 166.49926774329617 -1 498.79208906485951 71.461954058286238 -1 469.60459032615194 82.378026549616351 1 472.55527555744584 83.362148482548776 60 494.15108673057841 84.561731234059181 -1 469.69513984225034 85.479057366604906 609 491.36120684392881 86.369198898986525 -1 491.36120684392881 86.369198898986525 493 462.68638933006321 87.32116080945535 -1 493.70235024666385 87.760701219318179 106 459.77655201235592 87.988742790520718 -1 467.68584008436039 88.690757328913094 281 489.44266552985908 89.477481430338941 41 461.73804733702968 90.717725150674994 -1 471.80064870839288 90.988298925896018 11 480.43157715805421 91.366351290395926 65 475.9788472010689 94.782579621556991 581 471.68988761340461 96.417277879156188 42 476.56231679030191 98.547308035657011 161 492.47615247523066 102.80059557543171 87 496.33385464659858 104.38036719072109 -1 493.99865695353327 105.99619247829341 -1 474.81989474363371 120.96588084897475 68 485.60868843394769 122.46673526844441 91 485.60868843394769 122.46673526844441 582 496.06317268420224 122.82715353920437 482 466.21721982652286 123.60587613795229 -1 484.20743375837304 124.71802657723541 71 484.20743375837304 124.71802657723541 72 474.02934358692602 125.06852333307179 69 474.02934358692602 125.06852333307179 70 484.02172121703472 127.20876172917784 73 484.02172121703472 127.20876172917784 638 474.52839429720007 127.41337515553164 46 474.52839429720007 127.41337515553164 47 484.37074887360154 129.47133290377846 169 484.37074887360154 129.47133290377846 480 462.04657078910589 135.29826866240467 -1 483.29043419699434 138.06683671893481 490 486.00742822026308 139.00339501661767 481 471.0936044473973 139.79010002833743 514 478.58767159115371 140.35041006289876 572 479.23766566839714 150.17582485333025 28 486.762984138663 151.27999723121533 292 486.762984138663 151.27999723121533 95 488.67938554823968 152.35092472517374 373 486.70226967881581 162.47731721994313 608 486.70226967881581 162.47731721994313 78 481.41243566837272 173.30033412792503 214 457.04192680777248 78.188926175939258 -1 480.34954993843587 79.635641460195075 80 480.34954993843587 79.635641460195075 81 467.320368638172 81.258167947368719 59 460.10556491166216 83.202994983814008 -1 486.42903125788627 89.727070009885693 415 463.10304697047968 94.462438276333074 586 467.51718520844793 103.00823125947088 470 487.48775323096362 104.1556645941038 88 495.82955465462919 107.68006145411788 -1 463.01245891823197 109.14460110850302 588 475.79474167908734 112.85026497331023 89 475.79474167908734 112.85026497331023 166 473.77873086206137 129.69872021159861 434 473.77873086206137 129.69872021159861 479 467.23264932073965 145.47636048906656 -1 472.2944553987291 148.23213694101472 -1 495.20675991414225 156.82155072174268 -1 490.28079925974862 166.88250549879695 96 473.6964699594393 76.818769552825998 404 464.41281752322578 78.676157424632393 591 483.30944085868487 86.925243303187969 99 462.73721159821127 100.5226244196792 469 495.43929016958617 101.09997274004661 600 491.64793481670074 110.80998863621562 110 485.79437862371282 111.8055749151485 102 484.08194581763729 115.39578629384526 504 473.8580675312337 137.78748688872253 279 498.74050992742053 145.97553802146601 -1 483.57052157412812 150.51411425129982 178 483.57052157412812 150.51411425129982 178 485.07614613770005 153.58201350421385 103 453.12141565583772 154.18678901178868 -1 444.46354111128761 156.83291041670077 -1 444.46354111128761 156.83291041670077 -1 452.57408444497509 157.84104909566551 -1 490.53644661626896 162.00446907218918 384 447.00429115373964 163.74255224333612 -1 483.30374768547091 169.79490353212856 515 460.44831624895716 77.790129669608646 -1 460.44831624895716 77.790129669608646 -1 479.31052349396145 84.031081570007302 105 467.71888590265883 85.35781444428568 84 473.41251570012776 86.683052678580893 523 473.41251570012776 86.683052678580893 523 478.92500498248103 88.822286271558724 100 465.94973246464315 91.788902569062401 320 465.94973246464315 91.788902569062401 349 490.26866717914277 92.654821266776395 112 471.82909547753263 95.014543881826114 -1 489.37290402178047 107.62968552691686 101 476.96509645070273 108.57472398917503 107 482.37865663844633 108.7821525172001 108 468.40716771002405 151.04907531907909 -1 446.52884766217369 160.14997926450059 -1 475.80425817459309 161.21470795857536 -1 475.80425817459309 161.21470795857536 516 462.99204481603147 72.904830790807296 176 482.46554500993415 93.483395440481033 119 482.67416902877488 99.504060350436816 -1 494.18602800808719 141.62878844418026 671 458.64610909913563 151.42851965959338 -1 469.90497976279983 164.10370895471527 484 494.10500564255847 78.262841257329512 626 494.10500564255847 78.262841257329512 -1 484.5589002700076 80.361616679771998 117 493.35210389252012 91.105579505959511 -1 467.29637304373352 98.141120628232102 113 483.30721106840241 99.412765375328007 -1 493.16592514143792 131.84928070158998 429 450.18409314147459 152.73121263817671 -1 492.74322781712004 167.40794392055821 -1 499.44987914927492 166.89701513536389 518 464.9180899843854 172.93019857963421 -1 487.70118072237614 72.25085148631949 658 476.16093687361632 140.00156747463697 519 491.69122734468255 111.08299174429811 641 467.31961110373896 127.09734382230005 834 502.87602525670093 155.0538535176029 -1 489.59768851725954 84.153061433606254 -1 489.59768851725954 84.153061433606254 -1 
28 0.9265265619147347 -0.059533908973374641 0.32572472142330638 0.17862712448707441 -5.2732915455322598 -1.0809328068657347 2.9626808097246369 1 video_01_frame_0058.jpg
458.44863995640139 70.124128904146616 -1 498.51137766272183 75.382053973045885 -1 461.81461962298221 77.38922395630172 80 463.52134947321025 80.58551127898788 -1 463.52134947321025 80.58551127898788 474 492.21760130364544 81.079671180379179 -1 497.21298078564979 83.699146289514204 -1 481.90869182748969 87.493342188286988 123 481.14529114920032 88.965648001523476 123 460.81742635998165 94.877962125820005 193 479.6555882998374 103.7070158375729 -1 461.97358993293983 108.54973575834848 212 479.43344110365456 110.16708902632996 642 471.5462841968619 110.57455471043077 -1 497.84168089110807 112.66033012686043 652 476.89410288650635 114.9183371928392 -1 494.93322718970688 118.82325155977462 -1 465.08133170245691 120.75337738819726 21 465.08133170245691 120.75337738819726 22 497.84502357864574 121.29330946054891 -1 470.24086330827254 130.2813051299824 -1 473.25444935765961 130.50879728638853 -1 468.52694763296336 131.99829803625241 -1 468.52694763296336 131.99829803625241 -1 472.83541624440505 133.06921719173317 357 472.83541624440505 133.06921719173317 360 481.46054385312402 138.43649028894285 -1 469.49294316188809 141.63766474630097 -1 465.33378343423078 142.7568632850024 -1 497.48797955616237 145.68458531285347 -1 470.2268912064618 155.64276251804148 -1 464.15918509187594 161.39571777515576 -1 478.79242132607851 161.45199615658109 -1 495.57320955477428 163.46867310153655 -1 494.36954148840459 164.47640670404681 -1 469.50675618735443 174.38376365098537 -1 494.91627157382271 73.580863266764354 -1 491.16029564415459 74.606281070278882 -1 488.4739822387794 75.189524637170592 -1 464.53869230057762 79.077434258478178 117 486.4536134449927 83.975218339993305 2 473.73382111423729 84.468570618192842 645 478.753772518326 84.647395781412229 142 481.81605436989139 84.595537060473561 -1 488.31298071824904 86.547326004673806 4 494.97914783316025 86.522099935190198 -1 476.99116175540325 110.62906614738964 -1 466.25024400258002 119.47009681440923 330 466.69924439728652 121.48851011660817 -1 471.61556873981073 131.41461960374011 -1 466.5441758433501 136.94855115915732 -1 473.88803051945791 153.55025073930747 -1 478.85690835262278 161.50176654328652 -1 472.97879348424078 161.72422987774976 207 492.75835840831269 165.3987661655064 -1 467.65471076150521 168.70791778157519 448 499.78116517098221 71.699611346661527 -1 461.80716022815199 82.012129539714124 105 462.01450240517232 86.365833522649694 100 485.84539857896368 90.288885144730273 426 481.7791170974939 90.786017274949899 160 461.68057952041801 100.38628004670009 -1 461.68057952041801 100.38628004670009 382 497.53761007768401 103.90545081745233 -1 493.5922216483458 117.31400806354765 -1 465.98318700358334 123.1564235680127 71 492.13107359496314 124.19958175593173 -1 466.80472712892367 125.91060312265172 73 465.87849536496458 127.74959860386735 249 492.25745990658703 155.16536942475844 -1 470.14801055115436 161.92622473882201 -1 470.14801055115436 161.92622473882201 78 494.10463659430621 162.55741424176452 -1 476.72969844872762 173.4675933460916 -1 476.72969844872762 173.4675933460916 -1 499.69436268989813 71.663651472570209 -1 499.69436268989813 71.663651472570209 -1 490.43567995232388 84.018104291135359 -1 490.43567995232388 84.018104291135359 -1 491.80957033632592 95.008416278303329 -1 497.35914992745649 103.99114239117981 -1 477.402649140861 105.15077552864093 432 477.402649140861 105.15077552864093 86 464.80358957941422 113.13896345163528 646 476.40915709970068 113.07168226517426 67 478.56522378718898 115.07530119838293 647 492.18889708234457 115.13652242077013 -1 479.68044754261081 130.20023084992474 -1 479.68044754261081 130.20023084992474 -1 470.88687527515873 134.81703709915143 343 470.88687527515873 134.81703709915143 -1 468.83334760030044 138.10940836825574 -1 474.28350948270503 169.63983030370045 97 491.50959567837208 169.54473111635744 648 468.6207329171699 76.591837314512986 483 489.41862750305415 89.436924495783359 -1 489.41862750305415 89.436924495783359 -1 467.63029085246768 89.55683566782551 415 462.65210468305747 101.42907964167117 -1 462.65210468305747 101.42907964167117 653 465.26098187605317 106.59314394014771 108 466.66062357433668 111.06263189918151 102 471.68296863550489 112.85854714807361 109 471.68296863550489 112.85854714807361 110 469.772903760497 146.86730525494087 -1 468.02452124775027 152.49211979751064 -1 464.95168463163054 154.77029289951446 -1 474.07866223109096 163.65832368995459 384 469.02672495119668 166.46274881304478 116 472.43512192946139 172.90453580108425 -1 472.43512192946139 172.90453580108425 -1 468.31191836761457 81.51113958251311 486 486.03734226078512 85.046849026770786 -1 476.07694990473601 89.566027676802662 106 470.36346721830211 108.79515836296963 101 476.40073759897388 109.1209932756052 -1 476.40073759897388 109.1209932756052 569 477.21990582189767 136.71991462206952 -1 469.68495190927666 141.20308375159792 -1 476.21723579506346 146.8239773984694 -1 474.292654386241 158.85097765732283 104 465.97698910176786 169.29852501622975 -1 475.11221035578734 180.27400798947912 649 496.41685462629681 77.240473975163255 -1 496.41685462629681 77.240473975163255 -1 475.5643035809955 81.307527405150751 371 463.26479293446005 91.898955506017444 119 463.26479293446005 91.898955506017444 -1 471.74472184318552 93.948764246450423 112 475.26157406279259 141.20612895903838 115 477.15146770430164 151.16669651612125 370 479.4946440184109 157.62216019998198 544 466.08571457108985 169.40717747518215 -1 485.9220995728428 97.42416447377812 -1 466.70795133975577 173.98003091277147 -1 494.68950328961256 102.68782764524519 -1 468.58448359639806 133.3075882541111 -1 493.02579102039243 174.22602773421227 -1 477.46365512512023 124.53939233366076 -1 477.46365512512023 124.53939233366076 650 470.27215356225042 112.43476239784982 651 455.87386698613636 157.35020676872261 -1 
29 0.99704285378630342 -0.045949623524595806 -0.029512321774587118 -0.054066650303909947 0.25941695873258958 0.13517697047563063 0.92396668458417452 1 video_01_frame_0060.jpg
498.51992855657289 75.208436600988904 491 459.52669783854833 76.106813003267391 -1 474.04038281727139 83.364704179254602 529 496.18368506672488 83.699807276529341 -1 495.82568889968428 85.418188561467161 189 464.84182944314318 85.698404429300808 835 474.94890226334519 85.911934381381172 -1 473.29456442804593 90.146995391601934 126 473.29456442804593 90.146995391601934 127 472.20079631167704 91.085998081088874 -1 472.47447306774268 92.573043048466715 420 467.96898358545411 93.442636177804772 508 499.27585570865614 94.174228972076534 503 471.51219093147057 95.973250294657404 13 472.4875172886247 97.142118587713469 192 470.7662787966961 97.59494185138503 -1 467.42953477636951 100.21703929381999 193 461.47121450237626 100.67407673671596 -1 463.42759378640631 101.00113203663548 -1 495.63146407088817 101.60158976476745 -1 473.63919573851604 105.94372983072569 509 472.44842994047212 111.68663107868376 195 478.04905124854963 112.12482655653929 -1 478.04905124854963 112.12482655653929 -1 475.43057602212861 117.67356880087623 -1 494.84848587185724 122.83007926283273 45 488.90850008752767 125.17078850424335 272 489.95497252762999 128.39532889353595 -1 469.97544301351098 128.99492814297292 604 484.41310550444655 130.07344833961466 -1 484.41310550444655 130.07344833961466 243 484.04996202089541 133.05873557661411 471 484.04996202089541 133.05873557661411 472 493.64790013823102 136.75422239840373 226 493.64790013823102 136.75422239840373 -1 495.55106606239997 136.78410220213925 605 482.7395814877467 137.39627717268252 -1 491.95068824479711 140.11665750614156 -1 470.16231406423549 140.1643945780157 -1 477.14801724333 140.51604960800276 572 491.12637367819428 141.52616713326123 54 489.96642996655777 143.02722122516826 26 483.26748048773158 145.28448914024449 -1 468.38939392181419 145.6797423466254 -1 490.8359291023279 148.05980126167179 370 480.08406231218953 155.94995445447688 206 477.84274859591227 156.50466256734813 158 479.39450966481093 159.86987103010546 57 469.4124692740798 164.16878953366751 -1 473.39513272036976 165.80439434540949 473 491.25371569011935 171.0869038482883 -1 445.55616257420968 201.93716809040154 -1 447.47342056286061 202.86423306415196 463 447.47342056286061 202.86423306415196 -1 490.70500334638416 78.736596920699057 -1 467.26719333063471 81.874522502041231 1 480.37061232282304 82.136717318804358 474 494.04890105157301 82.009857470483098 142 483.74680023213216 83.901111906037954 597 485.54480886528773 84.858113605728349 637 469.31134103631354 86.041031234542999 489 469.41271874038216 90.582176695296624 11 473.26062439371958 94.459616169610683 581 482.08018046598607 107.38534870504374 553 471.07923564149024 112.83929906402535 475 495.06867415320585 120.71426470296517 168 473.51021449962741 122.83607012122039 43 473.51021449962741 122.83607012122039 44 479.22000742500791 123.29752451253074 21 479.22000742500791 123.29752451253074 22 487.75448705579947 126.53407204054746 272 479.23515440129989 127.88101039666917 577 477.14095426626994 128.7357168315306 -1 489.13707343868361 130.61424607476297 406 471.22647692807686 132.17115139615697 289 475.91126576651845 132.93245200628738 401 480.91554329001519 133.30934399822465 512 469.74882601787954 138.05579666995632 514 479.00577062886322 138.55445121774812 205 473.42605115066442 139.11988565498632 227 480.37923811975918 141.15286549044797 451 478.91642216350533 143.78008137571283 477 471.11046688552454 147.7830525162741 134 482.30481727963013 148.13527316562664 573 474.4208277543068 148.95026845811705 578 477.12058970771074 150.00313872505274 28 492.55508779289437 152.27985806073741 389 490.76231534605546 157.78606530202924 478 482.31482005084479 158.71595722928379 56 471.29964056098612 161.50438615750238 -1 486.14978703745618 166.41122547143746 165 469.65297645046962 173.40925673368716 -1 469.65297645046962 173.40925673368716 -1 480.92369163121464 175.80862507540022 274 492.24684079134641 80.589421049132568 -1 469.99584149885408 83.088684846897266 60 487.12540176081944 82.935307592296738 596 488.95112958663884 84.360709164698079 5 483.5055572760624 85.992969684536206 64 489.17368045315914 87.359905098555743 493 465.69226629180292 88.023374962763143 281 487.3065383239836 90.130118495617324 41 477.50060411747336 91.408604256644281 65 468.00642353509244 93.024451743978886 -1 467.40944997992887 95.836007160798601 587 469.52022141194021 95.950347582824165 42 473.86253838707074 98.624948610223015 161 493.92386226413936 102.21385104304316 -1 473.75101865056774 104.11591518655619 382 476.15774848839925 112.61128826594864 407 495.28016650315777 117.19096860079526 213 474.22514994860677 118.76292945313114 365 472.73028873311495 120.61509009312144 68 483.52965350371261 123.03472410000552 91 472.01746851421899 124.62231909497058 69 472.01746851421899 124.62231909497058 70 482.16227383526933 125.25711447231724 71 482.16227383526933 125.25711447231724 72 494.60016819148888 126.44152148645139 204 494.60016819148888 126.44152148645139 -1 472.60389372637019 127.01763431494965 46 472.60389372637019 127.01763431494965 47 481.85978172386569 127.75342345354181 73 481.85978172386569 127.75342345354181 638 471.94483552713558 129.2019855658906 479 469.75188352815309 130.0040927676921 -1 482.31675910089427 130.14396720066603 169 482.31675910089427 130.14396720066603 480 481.64588640479036 138.95248240588904 490 484.16436193844243 139.62431334159066 481 486.9514449514507 146.72247587160277 94 491.41031243154532 159.9475063617237 478 473.07408556251158 161.58168125796658 -1 480.73324228611062 171.56850064840731 448 480.05342453152531 173.5620205057119 -1 488.18419000096389 75.802099672640296 -1 477.54883450337275 79.958843659182094 80 477.54883450337275 79.958843659182094 81 473.14427658644638 80.612868864983625 82 483.77573368637604 90.206509712144225 415 474.29771066197685 98.157240607855613 -1 493.90899307991458 102.22478849369659 86 474.11071915257111 104.12638951849684 -1 485.38709750738292 104.85426464594153 88 473.27543035506778 112.61730540035556 89 473.27543035506778 112.61730540035556 166 472.4749254623033 136.85648715602545 279 485.29964989573023 151.82517604236725 95 485.23710267433319 163.09612101815907 78 465.32446737177332 167.34305919278964 496 488.75820741765369 167.51662255131492 96 479.96066577331442 173.58934735508524 -1 470.85582934334957 76.826185204636701 404 464.96180762066723 81.220806783360104 59 484.16930963934442 82.417374947119583 -1 492.48496082719635 88.122183907843294 106 476.1317471281165 88.893997348969194 100 482.87090455137889 112.38484510664924 102 476.21948300285743 115.45724776914263 424 496.62997973750032 124.07760525148038 482 481.96660389552937 150.94249568110536 178 481.96660389552937 150.94249568110536 178 483.575547198621 154.10859663607337 103 483.575547198621 154.10859663607337 179 489.84839891720469 156.83429005832207 104 489.54440315688066 162.73131853949647 384 472.26642138549522 169.54976677355759 -1 472.26642138549522 169.54976677355759 -1 481.65595186110386 170.20051231630154 515 462.59956571859158 73.489236780477768 176 485.56053589737985 77.094112860494917 483 461.13450183717549 78.791553959989685 -1 476.34595537942596 84.299304802137058 105 465.41768963861085 84.56196109125203 84 470.73924705870729 86.382638542922678 523 470.73924705870729 86.382638542922678 523 480.46410232726669 86.929067656947979 99 474.82421664302007 108.43929268554157 107 487.47559104335943 108.51780429136274 101 480.00776135037086 109.12017537476476 108 490.78832559191198 138.54216563232822 -1 490.78832559191198 138.54216563232822 115 477.26213659684367 151.86772657904902 -1 469.80451165073816 161.03896298158156 484 474.90578979338426 160.44403551192903 -1 474.90578979338426 160.44403551192903 516 465.8517037666449 163.25196077487149 -1 472.37506781493761 169.92717925269366 -1 472.37506781493761 169.92717925269366 -1 487.7130404160103 81.006394005434345 486 488.93005649606624 93.187397766491216 112 480.33371105957247 99.727887056177138 -1 495.35411055954268 102.24796727570964 -1 489.69388545460407 139.33182454662497 115 501.44070998851373 151.40000192823211 567 480.83565626278227 163.96843162989458 334 492.59985388776352 71.722988772451572 522 495.35640380970352 78.310664104813085 386 479.53824757816767 93.723744590547767 119 480.60587042460838 99.734149400493067 -1 475.15160992524295 142.23176699842602 -1 494.64947787274303 141.49135920124684 -1 464.07253423902182 97.061902688985469 634 494.21481126615578 133.01666052390522 429 475.83416395564041 140.12471364497941 593 475.83416395564041 140.12471364497941 519 491.64461918920705 111.32546748355142 122 455.04809273371325 158.67975470003654 -1 481.46003834016346 68.859155174514171 617 
30 0.97293928294567977 -0.055186533478232457 -0.17207118497109142 -0.1439968941555578 2.6208854740126073 -0.34190695993689191 1.4268633955428691 1 video_01_frame_0062.jpg
491.62109887719987 72.551167157824352 -1 463.90185844521596 72.998185232785943 -1 459.54064835835862 78.67638432242552 -1 479.7795255404605 80.36063672681172 82 487.87718217971354 81.239430003692107 474 467.21906452240114 82.047545981095979 -1 490.36862240680665 82.994934399888436 597 491.89606927568661 85.650096787795093 147 471.43625034713443 87.297823406110069 835 471.43625034713443 87.297823406110069 835 485.36315365532255 88.148944740727444 8 460.13267933716651 88.606770158909171 620 470.35712170009811 88.481418157775849 621 475.81211684409823 89.822500707417717 526 475.81211684409823 89.822500707417717 571 490.36494541941516 89.867981219257473 415 490.36494541941516 89.867981219257473 735 480.62775785692031 90.652096498408639 126 477.2447982747654 96.078009360166575 13 478.61244369988719 96.189236522244897 13 474.15613078292859 101.53584376045012 193 464.91381396588366 103.39854322689482 -1 464.91381396588366 103.39854322689482 -1 480.73237534997588 106.40887347171648 14 497.54499646362615 106.46313986237045 -1 479.71196177885975 110.90878258180311 194 479.71196177885975 110.90878258180311 195 485.51215947139679 122.9119529863361 21 485.51215947139679 122.9119529863361 22 494.77087043395903 128.36495633717439 406 490.64966599232082 130.34858884676677 236 494.31737193170449 134.72372415794138 133 477.15993682626464 145.63469462627117 201 487.30680362611929 151.88055257234393 -1 484.71122725227264 152.88578320743511 364 490.50259201027899 153.56341908341608 29 484.19743157049481 156.36625030808858 158 488.75322547520932 157.58556418689403 56 492.17349895558959 164.59446082282062 165 497.53953792647286 168.25331457235848 -1 468.24167927486496 171.77519056463586 -1 458.78246566601968 70.695457887452918 -1 471.49493940172357 76.128381395533992 665 471.62396940611217 79.575092541565056 623 471.62396940611217 79.575092541565056 336 473.78041389003994 80.936492604360524 624 473.78041389003994 80.936492604360524 34 473.8735628787864 83.087184197098296 1 491.90208620990143 83.658292857154549 637 490.33479031006436 85.103242230434077 64 476.31768169532137 86.944927997551844 489 490.35909356219651 87.81119589848231 735 472.07333192616153 89.401496151424851 281 476.43507873768772 91.560272072678572 11 480.67845980001636 99.498442316071191 161 497.54862679768138 100.13889473244632 600 495.48977780340056 101.94919904640541 87 488.42784309344989 122.36945139345548 436 488.42784309344989 122.36945139345548 527 480.91782439598381 123.22377184393406 43 480.91782439598381 123.22377184393406 44 493.51439858141447 128.94978695512029 242 482.68308450942067 132.95698318030264 401 485.05005939581008 132.9743372588822 402 480.12628514417315 133.2449929411151 132 479.32588770934814 134.95686218217944 132 480.25367897003065 136.30700909857825 548 486.00743204300795 136.22533504398297 52 487.64775773391131 137.21840775058365 490 492.5512806075244 144.83440442411802 94 497.3453585961812 145.76290822091755 -1 476.8982535537229 148.98341214686297 134 491.05345889559595 161.54160452309122 608 491.05345889559595 161.54160452309122 78 489.30545419504324 171.9878010634732 79 485.64873049726765 173.04038357968656 214 497.97334251323349 76.257101014359279 626 477.24107665122398 83.892036701339379 60 478.91424966421334 86.131251198255697 523 484.686594647807 91.148761623810685 65 471.38046297708462 91.74410578473902 627 476.28058908379461 97.340247975238071 42 480.78591953131695 104.41466109275908 382 483.59142969192885 112.48999199816743 407 479.22969692880241 121.23476845195917 68 490.21995386789416 121.84356843529598 91 490.21995386789416 121.84356843529598 582 478.51759476780859 125.36158880682748 69 478.51759476780859 125.36158880682748 70 488.22614299576401 126.83436636839697 73 488.22614299576401 126.83436636839697 638 479.55991081643634 127.65456850387621 46 479.55991081643634 127.65456850387621 47 478.28025643518276 129.94987315018781 434 478.28025643518276 129.94987315018781 479 483.84061456727295 131.01468687887117 295 476.89948211149698 143.23609786124206 156 491.20038534029379 150.42725135581861 95 493.41310592814642 74.380094110251179 574 485.07115442105618 79.707779892714768 81 495.27894312302232 79.786379699511002 -1 495.27894312302232 79.786379699511002 -1 471.61793869820985 82.404194488962361 59 458.53294427569193 86.65493993132867 611 471.19161055365049 91.972673552645063 -1 481.42815321071919 98.508586085288897 161 491.34054668937677 103.60476748314883 88 493.33873030382045 106.38121687326719 -1 493.33873030382045 106.38121687326719 101 479.84553002565656 113.2174636521963 89 481.41883854783123 129.550167174742 836 479.40538694136967 143.45287437362921 53 478.49734468604441 77.515483453010916 404 460.38010303354747 77.860395945797109 628 458.14806855133901 80.310322342047499 -1 483.8530788810437 84.007255706154126 105 487.53618664709592 86.62683033677385 99 483.49019652434021 88.768846957043522 100 486.67566831324922 104.39660878491071 -1 482.39689245509425 104.58678874091308 293 489.81714489919278 111.28001271362041 102 483.73664441588056 115.24098144925088 424 486.98498048897557 129.43620115479553 566 496.27351559187321 141.6291834720638 -1 488.12961294677967 150.06315919379787 178 488.12961294677967 150.06315919379787 178 490.03877257537147 152.76421766790946 103 490.03877257537147 152.76421766790946 179 493.30830918901222 170.49365383222005 -1 494.94450379840299 71.027245295238501 522 491.82092689134032 76.65250098635083 483 478.06206033240755 87.12869305691396 523 478.06206033240755 87.12869305691396 523 486.50659334257591 104.40005245896734 -1 486.65684898663301 108.66319940499731 108 495.91213878079787 109.68671952989331 122 464.40707215240315 74.238559696072926 630 471.58780665546311 85.656879001220034 84 486.83359630018339 93.042939941701405 119 486.6546486120925 99.514894595978575 441 495.24256026091649 110.41851551782271 -1 494.82943874154506 153.84990277345227 104 486.96002371486514 93.036330819211827 -1 464.42773013430264 81.904871904891863 632 494.22126043273698 110.81134817566087 641 494.07680411533511 131.70929943198891 343 481.90689948334568 140.19101667433989 593 481.90689948334568 140.19101667433989 519 468.71627207854311 97.642531272385639 634 483.08866373364862 122.62295544283144 616 491.24220899199065 89.066396723257384 -1 
31 0.97233679054591537 -0.05513371240834767 -0.17411183505425734 -0.14562454601124522 2.6561674768364969 -0.3571186568148631 1.4457901905573061 1 video_01_frame_0064.jpg
467.24494484727143 81.866904978678832 -1 496.73663793332923 86.684894707853175 106 471.59064336200322 87.136634091896269 835 471.59064336200322 87.136634091896269 835 490.47860861125406 87.552320452818122 -1 493.36150346891554 87.829417594832478 306 460.12198183966944 88.43485045203434 620 470.48114064681778 88.292720432737681 621 475.89033322197844 89.555134013097629 526 475.89033322197844 89.555134013097629 571 490.46797906139881 89.580002989840779 415 490.46797906139881 89.580002989840779 735 480.77865680550286 90.368666659449744 126 480.77865680550286 90.368666659449744 127 482.3476067452861 93.132005744947293 344 477.41022292242985 95.817278389659762 13 478.82530595571302 95.927980089689243 13 480.9342830863722 106.16116855921717 14 484.30867859191818 109.11134904689369 622 479.88535763709734 110.64289441273885 194 479.88535763709734 110.64289441273885 195 463.11442247552947 115.47120266945738 -1 485.58451687516629 122.69913031302733 21 485.58451687516629 122.69913031302733 22 494.83543561957981 128.0332835680878 406 493.59244197262797 128.72715342717953 500 493.59244197262797 128.72715342717953 406 490.76883096532492 130.05458114163187 236 453.40704754068901 139.34508166048425 -1 489.42395464260773 139.56093612110953 363 453.59772598579127 140.82359209632335 -1 477.41473297039528 145.44846511272652 201 483.89402949794271 149.6866843034077 28 490.58845341464246 153.36696823185864 29 486.12286866949478 155.39144209057142 206 484.57849090701183 156.07335939403958 158 497.19017012608225 157.16195598258813 -1 488.99741090655652 157.24507291469158 56 383.53926261512333 160.24224131165056 -1 485.07942663817414 159.63795615915078 57 486.75902049650125 162.53501104429165 -1 468.43949825930036 171.53399432000123 -1 444.69661689588008 201.06062883117593 -1 498.05155796998179 77.288359090989715 385 471.65346585099104 79.317686886896638 623 471.65346585099104 79.317686886896638 336 476.17914754396685 80.123399545188889 798 473.8464608666502 80.791535124494231 624 473.8464608666502 80.791535124494231 34 474.02046158958524 82.896102853505482 1 491.98406019846016 83.376276641554455 637 490.46593479692984 84.827281413904188 64 479.2982777317394 85.744065217525986 523 479.2982777317394 85.744065217525986 523 476.46449362123661 86.816564339518891 489 483.64716834944068 86.884091602826942 541 490.46629227242681 87.572868787809711 735 480.81740997254184 99.22879631573187 161 497.53438208272166 99.87273484913834 600 495.47361450381698 101.72254374004811 87 465.19038590034569 102.98097963716978 -1 465.19038590034569 102.98097963716978 -1 463.40890085367829 109.31447193286536 -1 464.87951355340994 110.14890719958225 -1 463.29585485189557 112.86975737886625 -1 488.36715856021254 122.14937824827913 436 488.36715856021254 122.14937824827913 527 480.92840830484005 123.02507207406427 43 480.92840830484005 123.02507207406427 44 484.06566659631574 130.73613693487408 295 487.79035109587153 132.23224370072555 512 477.51840286664441 132.81400061053048 289 482.90038273549993 132.74002931697152 401 480.39341976505091 133.09013712831265 132 487.68609388220398 136.86935426656805 490 393.55343588267988 136.97515449603748 -1 487.25321809751983 140.21831721077032 451 492.47159866554574 144.88444067176619 94 493.12637293670207 150.91217168244339 373 487.79294797040143 156.17409792498907 625 491.24702322405597 161.34325763113316 608 491.24702322405597 161.34325763113316 78 482.38255092551094 161.59351288915445 58 468.07471392215751 163.75969018731786 -1 475.6807024463198 174.96045786752896 -1 475.6807024463198 174.96045786752896 -1 497.94764693461008 75.910970937228782 626 481.25602155053048 80.646865798927706 82 477.47312756386236 83.618107631768197 60 472.21387532974563 89.231159703256736 281 462.68942700711949 90.917305270289148 613 484.85792039844506 90.922385504795983 65 471.47659016343437 91.485891522675161 627 476.55720875840456 91.298502997137831 11 476.47457912749195 97.032499290503267 42 483.75662192646797 112.258353182893 407 479.39185576656945 121.02938505115381 68 490.42978097709738 121.4676863073098 91 490.42978097709738 121.4676863073098 582 489.1987862272606 123.89106246565261 71 489.1987862272606 123.89106246565261 72 478.63016026513054 125.13787583361665 69 478.63016026513054 125.13787583361665 70 488.41246215195406 126.6082308818244 73 488.41246215195406 126.6082308818244 638 479.74716421326008 127.42610775245799 46 479.74716421326008 127.42610775245799 47 423.06054933684533 136.96840905583412 -1 445.73395536856981 137.42547527157984 -1 491.37512684381807 150.0911180651843 95 493.47517253518703 74.13694966710743 574 460.16060008101044 77.529298066279424 628 495.40883939271851 79.388242418965035 -1 495.40883939271851 79.388242418965035 -1 458.57590807980216 86.420281900304389 611 465.67521204138671 102.38142918023098 -1 465.67521204138671 102.38142918023098 -1 491.39667021947025 103.37377552455624 88 493.50273370773135 106.29618835690042 101 479.94869120222899 112.94413855390397 89 483.6777638631861 114.83238998890505 424 481.50120397276095 129.61093548221376 836 391.71476125264297 139.22799483555212 -1 379.41487769361112 158.09003997028537 -1 472.41750448931026 165.19414907880901 -1 496.55721015590382 168.51623825404872 -1 478.30290721176812 77.220565487266015 404 485.16237413182091 79.466171364635244 81 471.34392664664517 83.242164199314828 59 484.03598581578353 83.891907714658799 105 487.67947149601645 86.365237649597674 99 483.61011313747878 88.53762125556301 100 482.46898776547164 104.30496585543005 293 486.66553211069578 104.15826548264684 -1 489.98130720534607 110.99891383566387 102 487.22111678621422 129.18227948988857 566 405.37151617659009 141.50469536032867 -1 488.22977495184222 149.85440587967832 178 488.22977495184222 149.85440587967832 178 407.31138692123659 150.15390978884167 -1 407.31138692123659 150.15390978884167 -1 388.73546834807081 162.71051754552843 -1 472.22816060368609 162.35467050719095 -1 487.72233555044767 169.03066817325723 515 493.46812288108134 170.20615469989815 -1 494.69223366785229 70.80989906741587 522 478.21220530194296 86.923876737814254 523 478.21220530194296 86.923876737814254 523 476.02923069071625 103.71067773803401 670 481.70872538322845 108.57290275342373 107 496.07423368408911 109.26888668902858 122 424.3452542072564 133.86377571807063 -1 448.07346401030583 141.10134201936953 -1 448.07346401030583 141.10134201936953 -1 416.17349248315224 142.62866494468332 -1 393.5828480883934 143.65833171795558 -1 384.23190355450981 149.09960877982124 -1 479.23295633991449 171.0824723022219 -1 493.83328771090584 70.896555968705158 -1 464.38567626383588 74.018360958986804 630 495.69331596490463 83.773339316417449 631 471.79781750904868 85.587967057569102 84 486.93301677294102 92.839552650966567 119 487.16929450808595 99.124832010227351 441 424.6567754564868 140.03634694537675 -1 494.95648818351469 153.66377634349413 104 479.42540214262601 171.49697694646889 -1 487.06313868197429 92.800823532234546 -1 464.5181473191368 81.830809957866137 632 494.78660911380388 111.14304203738024 641 494.123969316049 131.37181068314669 343 482.2551027352078 139.98434018153284 593 482.2551027352078 139.98434018153284 519 412.83349881685547 159.0145413610193 -1 468.82740475892962 97.451613645992609 634 483.2224375224032 122.66473880614828 616 490.95050379393535 185.08832957898036 -1 491.33899452460901 88.938271521906032 -1 437.22496484457616 140.17610809236336 -1 477.23609668958886 69.560825359211023 636 
32 0.95769826346495479 -0.058288321536639758 -0.22110278747250922 -0.17472854689642967 3.3810993408985701 -0.60008618282157489 1.7615189356926653 1 video_01_frame_0066.jpg
459.0251223374384 76.420297097128284 -1 461.52055004631063 78.951305945895086 -1 461.52055004631063 78.951305945895086 -1 490.2262743607908 79.237129571336681 117 494.45687347784957 81.333856432064067 596 492.21582661688848 82.273710810939235 597 461.5706225134619 82.360585253897511 -1 493.57763723556235 82.869966477901954 637 482.39148445037915 83.390646459083115 598 490.49016434005631 84.638150833207405 525 462.80570434773517 85.66936922028151 -1 487.9599566538414 87.820279195645838 8 459.78747577225926 88.503644695350374 -1 472.31617192691141 88.875831419812499 655 472.31617192691141 88.875831419812499 621 475.9588133104005 88.87238100615761 599 492.22490296231251 89.288061964576883 415 492.22490296231251 89.288061964576883 735 478.28024775356232 89.831356665735228 526 478.28024775356232 89.831356665735228 571 482.90372452609171 90.427657037966867 126 481.77959253323723 91.461888519935798 -1 483.30085091750743 91.777912778962275 -1 483.30085091750743 91.777912778962275 545 481.9052278955466 93.235662572170668 -1 481.9052278955466 93.235662572170668 -1 484.7749502482186 93.147757787860456 344 476.99545496890391 94.786715117773653 508 482.52825572108844 95.004138870393604 -1 479.75329145706053 95.771216898046774 13 480.98855821095088 96.494225357158882 13 482.10255337006294 97.370698240938196 192 497.65125749693152 99.579776293557899 600 480.6125112299585 104.66534653853876 -1 487.4658629775434 105.43325312823214 -1 483.12575793442676 106.14018997289264 509 480.02853564331622 106.29295640837296 -1 489.8132017294293 108.6490639587648 601 482.19599620651428 110.88828194574388 195 463.5563840538295 120.58548068890016 -1 463.5563840538295 120.58548068890016 602 493.54094991418231 125.74360451658744 511 486.40968858457967 127.04826529761691 -1 495.12969430426625 127.94732200889331 603 495.12969430426625 127.94732200889331 406 478.86306302127781 130.09365485401526 604 489.712412591798 131.88728775747981 331 495.47502980415032 135.01140246306207 605 487.98151528196547 137.5644752966017 205 497.33655164571667 138.92355655171511 -1 482.56367648963186 139.59791986564127 227 489.07825458885145 139.89177492445887 451 489.07825458885145 139.89177492445887 451 490.92697347497165 141.27404608797983 363 484.93733601702712 141.94839731699955 -1 487.66762259561654 142.95139867835462 477 490.57069537130246 146.18247689619164 573 463.55355087359658 147.45463237363941 -1 485.97939611229987 149.53234336439181 28 489.15929292232346 157.84618469293403 -1 496.04323110317489 158.16064887279018 -1 472.36221064680694 158.90358878998055 -1 474.15473615844587 159.31529090236589 -1 474.15473615844587 159.31529090236589 -1 480.35660745961968 161.10353581950352 -1 479.72610164281269 162.46676709424835 -1 493.59897475277313 163.56818106450956 165 483.09456777140474 168.49702666639172 -1 498.57059893674949 169.40626383070338 -1 463.5117701205366 169.90212285800348 -1 493.37158894622729 172.70614800286469 -1 493.37158894622729 172.70614800286469 33 444.59712642987347 201.31353154073975 -1 446.02613245372061 202.02679480683369 -1 446.02613245372061 202.02679480683369 -1 487.90500199974213 75.321189562106298 -1 473.76766714135164 79.776653153663844 623 473.76766714135164 79.776653153663844 336 476.2504942713486 81.164387011047381 624 476.2504942713486 81.164387011047381 34 476.31264163809533 83.348294718007452 1 492.13414348154606 84.442936700723493 64 478.7524774389301 87.091531497495183 489 461.18446787930196 87.86362840871692 -1 461.18446787930196 87.86362840871692 -1 490.56912737397943 88.130979010854219 -1 460.119265808119 89.160046314357544 620 483.14571362834909 99.1613685588745 161 488.26577959072006 122.32155394319059 21 488.26577959072006 122.32155394319059 22 482.93335973698379 123.09392723418944 43 482.93335973698379 123.09392723418944 44 488.09888781760316 127.00964359188156 577 486.20720735335874 130.71276297637402 295 487.42937558930151 132.45614618860054 402 485.06290412755573 132.74417934477992 401 479.81862975371502 133.11307206510483 289 488.13793242540373 135.6445691085512 52 479.52847045553034 145.71065376038129 201 463.63228543688922 147.17093739124749 -1 490.18191794125568 155.45368067076257 625 446.33141986466313 160.56184345461003 -1 492.77130864165599 160.57311749629849 608 492.77130864165599 160.57311749629849 78 481.27593120237151 162.85541960678114 -1 488.72786485488865 170.42217850360208 448 470.93251022206965 170.90721279583272 -1 473.27928746027214 174.76098040915079 -1 477.37031969607915 175.39217004967119 -1 470.41778957855547 79.859459295516132 -1 490.59012247995656 82.758365999519896 -1 479.6234840527971 83.889541752575155 60 481.40512136592525 85.878927887653333 523 476.47465761066513 86.430330904334397 609 474.4472302203942 89.83881838549631 281 487.18052262989602 90.827135233565087 65 478.82024511533558 91.618385167024144 11 473.69423617487018 92.118136363773488 627 476.40943269046045 97.105969235528718 587 478.69852272585644 97.234715169645597 42 479.79506097471892 99.910689919948766 403 483.38586104525143 104.22495752222824 382 485.80763819482462 112.24366466862925 407 463.63918241749093 112.60841911688067 -1 481.79766157829749 121.10005261800693 68 491.9658771391471 121.15617620815722 91 491.9658771391471 121.15617620815722 582 496.93524419403383 121.98021501254712 610 490.72239121160311 123.52389569493573 71 490.72239121160311 123.52389569493573 72 481.03807657070212 125.29649816969116 69 481.03807657070212 125.29649816969116 70 490.38258260336573 126.20679761467137 638 481.7330366231285 127.56939736632192 46 481.7330366231285 127.56939736632192 47 480.8262028113158 129.97580082407941 479 492.7733060867306 149.78402108518117 292 492.7733060867306 149.78402108518117 95 481.42823021221665 162.64530914425552 -1 495.31089465797101 164.13024410027714 96 490.44816091199249 166.942968465256 116 488.35601754603954 172.39096474884138 214 496.78250684029763 70.221525074114282 -1 470.5998892525264 80.013150225638782 -1 490.25484757759006 82.397682806824108 -1 458.05720995188022 86.891356837631179 611 496.7029417162658 108.40173209708604 122 482.37734568137881 112.98178849369145 89 482.37734568137881 112.98178849369145 166 485.61296135300211 114.70257407951516 424 496.29985802177708 127.25782327370179 -1 490.12314895866797 149.41140522307876 178 490.12314895866797 149.41140522307876 178 491.68390857702047 152.02071583962899 103 491.68390857702047 152.02071583962899 179 473.65109416233594 159.4710711715785 -1 481.72002795769407 162.36528456464845 -1 474.07618807128421 165.97783160766721 -1 495.86421572391686 70.631833109664328 -1 480.54104391545746 77.464081147112154 404 460.09387703528535 78.075516826208258 628 460.09387703528535 78.075516826208258 -1 487.32419661751777 79.388296578362855 81 486.18712915434514 83.74755759805349 105 489.5815466461305 86.245563944481276 99 485.82296832766576 88.535001376858816 100 463.63221250935624 92.456034622215071 613 491.86228959389194 110.57758523673665 102 491.86228959389194 110.57758523673665 -1 485.48760974227804 121.11961292474444 468 485.48760974227804 121.11961292474444 -1 461.11847330530026 150.92231430684257 -1 496.20492391897483 83.000665157216275 631 480.47304987625489 87.165781890334159 523 480.47304987625489 87.165781890334159 523 496.20481196379882 90.238305615707048 614 487.54716395662609 99.678055300162214 780 488.6952846479395 107.99616492395973 108 483.96203756138476 108.47395592245468 107 483.96203756138476 108.47395592245468 -1 495.79882237533616 152.59156331461955 615 449.34154674029861 158.46201283705767 -1 481.12964354010552 170.93464347521905 -1 473.98138436673952 86.152119805267148 84 488.64732868273586 99.090916928182935 441 481.2705865647622 171.41681107306422 -1 481.2705865647622 171.41681107306422 -1 465.97211573642329 74.042573006147293 630 484.85137926902502 124.7648414483227 -1 484.85137926902502 124.7648414483227 -1 493.8712926951917 131.73176773463078 429 466.75983699628415 136.66197974146715 -1 483.7465714289209 140.16084624575652 519 458.44062442842659 154.40582760680604 -1 465.78522253096787 83.200442715297442 632 492.30189035419926 89.552813567757639 635 470.61698421876844 97.996022257641329 634 484.74889239099292 123.83543398090139 616 477.7123792293425 70.074678208613676 617 
34 0.88448484529042581 -0.051944693987915021 -0.37830540550589992 -0.26809201290432033 5.5154041779275058 -1.4759847195922087 3.3320992566693795 1 video_01_frame_0073.jpg
463.86485914499548 82.132201487221209 751 470.11174063877087 83.384915553512528 -1 462.02977544757886 83.891670354507482 799 473.43960642888442 84.16663246222268 -1 463.37109761226543 85.987015082705881 -1 486.22572035281991 86.818901088292904 489 464.21908116841564 87.275831582880116 -1 461.77628267472602 87.943977306746703 -1 461.77628267472602 87.943977306746703 752 458.55857803104863 88.225940759844207 779 464.30005114907647 88.918534530958183 764 464.30005114907647 88.918534530958183 765 480.02025730498571 89.855525278681057 655 480.02025730498571 89.855525278681057 621 489.52360180641199 89.893707475506005 126 490.06493185684178 91.17905670491092 545 491.03964301438094 92.370258482488026 344 484.28735431357677 97.684421700629159 587 489.62584267473204 98.698690219328725 161 493.81194259735167 107.36053290682557 601 474.98889797914353 108.32714524167127 -1 474.98889797914353 108.32714524167127 -1 488.81610206638919 110.41996830722667 195 493.08600976997013 121.05101815452187 21 493.08600976997013 121.05101815452187 22 469.02781616282402 121.74458566624678 -1 475.76411490409424 124.4736827048316 757 491.90792163469149 129.33994621399563 295 490.8850601731574 131.8579497556313 401 488.27321817158747 134.50341171149992 132 464.28544244893527 140.18304343667293 -1 494.08310016581953 141.00617264091795 -1 494.08310016581953 141.00617264091795 -1 495.15179466088273 144.35690981284321 573 463.33192991548776 147.86038117813538 -1 496.15870021976122 158.81814501510308 -1 496.17468720496339 158.87263692983157 -1 466.18285640779084 160.75661751252434 814 470.72864577089285 161.29011582051851 -1 471.62905581721913 162.8776675176839 769 471.62905581721913 162.8776675176839 770 473.67056811352808 173.11523233047205 -1 473.67056811352808 173.11523233047205 -1 519.43198240728088 198.61842890374368 -1 494.10756653527017 208.39698042905172 -1 498.00058563845704 72.626357292474538 -1 492.66608600635192 74.684408782891936 618 481.52050875380826 80.449162069529422 623 481.52050875380826 80.449162069529422 336 483.88772348496593 81.453302780104821 624 483.88772348496593 81.453302780104821 34 458.18289410672236 81.745428110001654 -1 466.75967704313734 82.944752086632036 760 468.39980242215461 83.254500982941408 761 473.33594466537863 83.835278983232357 -1 473.33594466537863 83.835278983232357 667 483.85229803573577 83.718499221410823 1 488.37009027221404 85.668230092519337 523 466.51130700340087 87.23446375092449 -1 473.33920687477695 87.225572812823984 -1 488.86665238999296 87.547753551958721 -1 470.35198034091974 87.993575720667394 771 470.35198034091974 87.993575720667394 737 481.16082204124211 88.26201488146026 835 460.22779733787274 88.374479767868252 772 468.44651420123216 88.44986005595166 763 476.77737172362941 88.585466672218274 576 476.77737172362941 88.585466672218274 762 486.21475693328995 91.7066484636197 11 462.8200834855395 92.976367275770301 -1 470.7960028078553 94.273713215524666 613 485.86130469150805 97.512541932211406 801 485.86130469150805 97.512541932211406 42 459.64288505393199 98.426123341067552 -1 461.53397831948979 111.06698904865527 -1 461.53397831948979 111.06698904865527 -1 489.32854108348511 122.52681023987691 43 489.32854108348511 122.52681023987691 44 471.53041086221566 124.07297388461349 -1 471.53041086221566 124.07297388461349 -1 475.02793347740106 126.1655716397437 738 475.02793347740106 126.1655716397437 -1 478.39208156125255 127.03828474349254 806 488.34680960981808 127.19743091528201 46 488.34680960981808 127.19743091528201 47 490.36082012140645 127.32025245134957 836 486.50224627323405 133.22560133563078 289 486.02231587174282 143.33817426102974 156 491.37894776799465 144.27730373142407 -1 486.19737355726858 146.03865406075258 201 494.43498373116859 147.20575830688813 178 494.98722101277718 150.24177695758635 -1 489.07536022770319 159.76243883698967 -1 465.34300392089744 162.95889059447777 847 465.34300392089744 162.95889059447777 776 492.76147828782325 170.99651754411886 214 492.57650777956513 78.47492629630986 -1 456.94567418163615 83.265148343123656 -1 486.96936278717419 83.756125947246773 60 492.26490368753173 83.610368023278326 105 483.96935338642885 86.890597487553549 609 481.99045559516384 90.50615619083176 281 476.42281536694526 94.820475990662743 739 486.95756228549141 99.80156777263376 403 496.11605177427077 100.87614590988693 753 472.92101793654672 102.19123383961949 766 460.41496835283891 105.37149927825619 754 491.68457600391321 111.2949480749581 407 466.82625065283452 118.08754835410663 -1 466.82625065283452 118.08754835410663 -1 495.52788920482686 119.50993565982361 482 487.57124445102795 125.21707538759213 69 487.57124445102795 125.21707538759213 70 465.12812052842065 126.24100781561503 840 465.12812052842065 126.24100781561503 -1 467.35587709449317 127.20265593055666 824 465.24610273443949 127.80758800814526 774 495.84480772160123 127.27562397057095 -1 489.73197355239091 129.01085867078953 836 487.38857474201944 129.87044864875844 479 495.65691387895521 134.38994625969528 -1 476.5276152983198 139.36937398791284 775 495.74265112069963 140.48951641020625 -1 491.26204283278986 144.25067698560596 -1 491.97222506946918 145.97550964355412 -1 477.21641824602091 156.0977538451618 -1 465.6924414270926 163.11585518820883 776 470.63038159899565 165.56936282232337 -1 463.9028663292471 167.76707031464434 -1 462.18614792716488 170.84025698609585 -1 453.46160531997708 205.02406961170524 -1 495.83398007089431 77.687235476821741 -1 481.67095276150417 83.215359608348678 59 475.49495603929165 85.166210302792678 -1 475.49495603929165 85.166210302792678 -1 494.49437514163742 84.91751150799432 759 468.64768264043721 85.900935460486181 -1 491.92549799173298 87.541186479213792 100 476.40336737377203 98.442244267726934 586 466.30732074814733 107.93581163372556 784 495.85896767599149 108.45722222392808 641 488.87725477877007 112.58006250377812 89 491.73944587497124 113.79310842237626 424 495.30259902100818 124.19557206206815 767 490.21586991092744 141.50665806498324 -1 485.43424170456547 148.58083011653869 134 492.73653228674317 149.02594179505101 -1 476.8943739097362 177.05668473330087 -1 476.8943739097362 177.05668473330087 -1 481.37377130591005 83.851614214298635 59 487.40897368776166 86.894836713064208 523 492.12789446343771 99.491511801359636 780 475.06660385877797 113.2736714099341 588 470.14473936378721 126.57211116910375 -1 460.16103426813771 151.35108604510748 -1 464.13958473064184 159.6863536214702 789 494.99127217611522 78.370694247893269 81 477.89148227845084 81.688650572137448 591 463.01999624541583 88.591053158171462 -1 494.85293413507441 90.548638930273697 65 463.41627242214719 124.25977662738508 807 463.85476846803829 129.98169631793675 659 471.59556059457475 81.75481606991336 742 494.79701217331132 90.625772110551168 -1 483.24170284359889 105.90844730226651 -1 474.42971164053353 114.18523079504716 792 493.84676336953169 131.46408698360796 402 494.07200358744751 138.08614177685456 671 459.13138033629713 152.62063758276645 -1 476.18266110814687 157.88012411827307 -1 469.55037928942511 170.15680047145585 -1 469.55037928942511 170.15680047145585 794 465.59557384780652 174.59160689617443 662 490.93225037098699 72.468470747132201 658 480.92769553153903 99.795370942179517 795 480.92769553153903 99.795370942179517 113 473.24296383710453 103.64676905355233 791 474.79292204081491 137.65955370040885 -1 481.40415483179254 139.50122475479446 -1 466.77074358551437 139.99044840166962 -1 482.70378231507283 166.33928151756055 793 476.25603927318349 169.80315003866463 -1 463.63438089820522 104.6518587075625 796 492.07381095878867 168.22017036831187 790 503.01418324330893 155.00778702671801 -1 467.45553978148644 127.77401240805048 746 479.26890537176769 69.656215397491479 797 
35 0.88011337696986269 -0.050526912394971202 -0.38508593164147897 -0.27304999552160741 5.6213971882466982 -1.5152896602746582 3.4151190103387323 1 video_01_frame_0075.jpg
457.25753262898667 71.431942037799615 -1 471.36648142520733 76.975882477238784 666 473.16781716305081 77.023260271140146 810 464.87480576920262 82.395300192023882 751 471.22079568149462 83.645465268768788 -1 460.13682528408953 84.376683990256907 -1 464.65701868600291 84.893330932350324 799 467.84170882116842 85.724125031891191 -1 467.84170882116842 85.724125031891191 -1 489.39227878152599 85.743963173907247 523 489.39227878152599 85.743963173907247 523 478.76971912729653 86.251641218992233 -1 487.42238713484124 86.636790551659033 489 489.88955941828067 87.537864205249946 -1 489.88955941828067 87.537864205249946 -1 462.81204949600232 88.31863028509126 -1 462.81204949600232 88.31863028509126 752 482.68165104845986 88.485115206571095 835 465.43925864139305 89.339415427759661 764 465.43925864139305 89.339415427759661 765 490.62580135197288 89.828201642094967 126 491.13738817878539 91.111620238026461 545 469.85284884090254 91.652472058544419 848 490.74388943260891 98.709643140606644 161 475.23390796043338 116.51051138729882 -1 494.01209793570166 120.99136324322664 21 494.01209793570166 120.99136324322664 22 473.68524339050515 125.78008095630219 -1 479.44972835839314 126.39288237726669 806 496.69454421007134 126.63248440209956 -1 479.59322441514269 128.67852722280278 -1 492.85435362611258 129.25208584970898 295 491.87326054799502 131.77610082869464 401 489.35769495233552 134.41867719540636 132 494.97771381830279 140.87569373567015 -1 495.90946768621842 144.26080718417879 573 466.73761521270217 160.86617792724579 814 478.91537118527032 162.52697382115306 -1 472.8448472844733 163.15047651371705 769 472.8448472844733 163.15047651371705 770 466.60741601538501 165.43138075993471 -1 466.60741601538501 165.43138075993471 -1 494.12775793013304 74.348461555521794 618 482.76887038710703 80.513201870980282 623 482.76887038710703 80.513201870980282 336 485.09167245306594 81.467101113638961 624 485.09167245306594 81.467101113638961 34 467.9357297742834 83.151331690415503 760 485.10314712412429 83.718036969518153 1 493.27167678300157 83.703020527078593 105 474.55945494379239 83.926378221671968 -1 474.55945494379239 83.926378221671968 667 485.11290717404626 87.161032012349665 609 474.62958828460836 87.338144267989577 -1 467.7189029524468 87.533828744787542 -1 459.2605317915378 88.382191646894285 779 471.6014104882492 88.192309267815105 771 471.6014104882492 88.192309267815105 737 469.65661459848889 88.610961077787962 763 461.19454357441629 88.683587417330102 772 477.97733589366413 88.732903310502991 576 477.97733589366413 88.732903310502991 762 468.36576801003633 89.971101941074565 -1 487.33369192739923 91.674653730921818 11 487.03098051432784 97.49400808405241 801 487.03098051432784 97.49400808405241 42 472.21627886743966 102.98530025451512 -1 464.45395636790226 107.62385107611165 -1 492.8911257410096 111.08715821820361 407 496.26678613945938 119.3029702230636 482 490.50727301322479 122.4186572714936 43 490.50727301322479 122.4186572714936 44 472.82934560178512 124.35945728201372 -1 472.82934560178512 124.35945728201372 -1 491.34240482697567 127.55967443714289 836 379.28326515817344 128.85396461916727 -1 487.70483852631406 133.2037522509757 289 377.56439970764256 136.07089809863714 -1 487.16991753394586 143.27089415176337 156 492.48387031900086 144.11440958661169 -1 487.32281489571227 146.02901325177589 201 495.64120272267621 150.3472943319874 -1 466.00081631681212 163.17503360990901 847 466.00081631681212 163.17503360990901 776 493.67396473216212 170.84783017523463 214 465.57907577308634 74.573394352704128 -1 493.57493659797052 78.43193996883825 -1 483.24575967574515 82.889514393121544 59 457.57125428973524 83.50519467451204 -1 488.13168767994091 83.763326579262142 60 461.63901433707304 86.910558364071164 778 483.22721140395947 90.499825376174712 281 482.60582365986068 92.917194439596628 627 472.71946080996867 94.681206353135934 613 474.83043739747336 95.182142572551768 -1 460.46601182190477 98.824843896030501 -1 479.85648105329904 98.887618039195701 -1 488.17326473156174 99.64880835239947 403 461.17921323523183 105.69785481431541 754 473.74318591304518 117.15912691679671 -1 470.4105126130288 118.94148145613067 823 496.06463635685759 124.09656494375487 767 465.99057098623922 126.72589130991176 840 465.99057098623922 126.72589130991176 -1 468.47459144691908 127.48394950748644 824 466.24231623189246 128.00314482343933 -1 466.24231623189246 128.00314482343933 774 490.79863090606818 129.0203087195778 836 488.6120712856391 129.85717585284098 479 393.21920922720784 130.33397469206278 -1 496.35425485864505 134.110069461839 -1 463.56884203788962 152.97709699973774 -1 471.88323680099978 165.87879496348719 -1 464.67904794404723 167.93353005368087 -1 495.41516558690461 71.354006822877537 825 495.51948452219244 84.729354593786766 759 469.90652612825676 86.021002098486875 -1 492.955354453496 87.549226053139733 100 460.66043453360101 98.822582737673059 -1 467.47149784879667 108.19667560753143 784 489.94996652105306 112.58126821471984 89 492.8732801787425 113.68338517054418 424 468.5278744811319 118.4475392750354 -1 468.5278744811319 118.4475392750354 -1 491.50287988160881 141.55300120836006 -1 493.64083912559596 149.00406847747053 -1 499.24948034352053 149.86401342222109 758 463.72938895166135 153.1365285192183 788 464.68193396529654 164.77563025502772 786 488.55472849012 86.894631300073826 523 493.18922388778299 99.402940602219189 780 464.88342535679521 159.95132446497541 789 495.71704830214367 78.368450312744145 81 479.18224899114023 81.773132242500395 591 473.36067576232415 81.999943779130291 742 482.93392979469343 86.516939661283175 84 464.07908019273543 88.922042420184411 -1 495.6253172707153 90.481452257319944 65 486.55503392101531 104.11684735641981 670 464.24186974205406 124.38829945271473 807 464.72325573787839 130.21585338750003 659 464.0812202988929 135.54507576821698 -1 473.22924136226732 137.23834310711709 803 477.79880652687552 158.27058006837927 -1 482.96078276475777 86.551531581301575 84 474.8695164081181 103.71044904545276 791 475.47595686517701 114.43968550846606 792 494.53032225458549 131.24713052815591 402 349.68647789872961 137.48078139590035 830 494.7334617773779 138.26554804578262 671 500.55317577662942 151.38611086683034 787 470.5318188360788 170.40034629620516 794 491.25537158780912 72.466097500925258 658 475.61988362422483 137.93599405237026 -1 482.66118999466772 139.15836739565927 -1 459.02843886477172 153.7186577507162 -1 483.76231987184724 166.65948900887633 793 493.028635656196 167.96484222176161 790 477.41659817586742 170.69945664036811 -1 466.82057269307558 175.01653709508952 662 482.16645515750452 99.711388748106501 795 482.16645515750452 99.711388748106501 113 464.62475428533389 104.64669106571333 796 467.20294366416977 140.51807194814967 -1 468.08850952218626 127.76920925888795 746 455.3139141036325 158.73901750175105 -1 479.34742577741395 69.869104987456438 797 
36 0.96471562866603766 -0.053752027944757412 -0.2007828203655625 -0.1616191026623027 3.0405413925660874 -0.40869018899396764 1.563675024324253 1 video_01_frame_0071.jpg
464.21285401656149 82.328192952310758 667 492.61559270190742 82.509809289248366 61 491.6416813157004 83.969281181245194 637 488.89551354418739 84.623120571592779 525 462.3855400640312 85.915149501995543 771 462.3855400640312 85.915149501995543 737 471.08294961337248 88.537825819528933 835 492.85294142680982 88.631397674858675 306 461.14611077286003 89.344495737871611 -1 461.14611077286003 89.344495737871611 -1 473.89435240217171 89.714348438755806 599 475.83430822651007 90.702421003912036 526 475.83430822651007 90.702421003912036 571 480.5374354016015 91.33619962875332 126 479.78300876485071 98.709082549657381 192 496.33842796747626 100.67946302386898 600 461.41327789940431 101.06181683265856 -1 468.49322946879698 106.21736528119837 755 480.73942994132284 107.157804071507 509 468.53841170780373 107.55251097929118 -1 468.53841170780373 107.55251097929118 663 460.07637278211752 109.34864648954068 -1 466.21011750460877 124.53034595774137 738 490.42486928323058 124.62799167811521 129 490.42486928323058 124.62799167811521 502 493.58172782161279 129.0467465372482 603 493.58172782161279 129.0467465372482 406 494.36672685334571 133.69080130865461 -1 489.02262179676615 136.72097829934003 -1 480.09787130181257 140.72783138661279 227 487.00322204731157 141.09856337542809 451 487.00322204731157 141.09856337542809 451 483.73972289247274 141.17114293905112 572 462.06736618887481 143.32278369396511 -1 469.93981517643266 143.7715594853606 -1 493.5569787999824 145.72963841952532 94 488.79150343071467 147.59881958546183 573 491.17768237205689 147.45308923678556 -1 460.70742924957472 150.23615741527846 -1 470.44962050463255 154.87687100946727 -1 484.33170922821017 157.03708575912825 252 487.79051215080466 158.65416554753645 56 485.41301386571513 160.33758108011946 57 492.96195101827851 163.9565292302369 -1 465.2180139368167 165.00792732506963 -1 479.85014714769153 167.58676518879986 473 477.90641963813891 167.956393391056 -1 483.41809908477933 173.88690158068545 -1 493.53577787332915 74.174535870348137 574 466.0825268769899 76.438440672407921 666 483.55399231781001 76.556698347379623 618 471.39121735655374 80.484400216312793 336 481.58394385334896 84.297465589096788 529 490.10073928283617 85.703106585294876 64 457.29692070659684 86.960332223962965 611 467.65792110717092 87.891631628023006 576 469.35752854174689 89.85099598989089 656 463.2339096315506 92.48841873902964 613 481.51120674396145 92.714992379205015 545 466.91860147462046 93.595838296649006 739 474.66600768193848 95.693509999382727 508 459.65900012769498 101.80862593004117 -1 467.23542046947324 102.82340558346209 469 489.00251518350797 107.02161038952113 553 477.74389581345901 114.48061448336452 475 465.74405917206116 122.83819644217893 -1 465.74405917206116 122.83819644217893 -1 496.009623972383 122.77451446910237 610 486.25872531664527 123.42685333227199 21 486.25872531664527 123.42685333227199 22 480.52168355782641 124.22150497541256 43 480.52168355782641 124.22150497541256 44 467.93661328988452 125.48947337858183 806 486.05880173865404 127.88530150124525 577 463.07064064046784 130.02955899934616 -1 484.09194531851074 131.97102752994695 -1 484.09194531851074 131.97102752994695 295 487.56874628139474 133.06348532200482 512 482.96910851292341 133.78275423122454 401 477.75805116794123 134.315528518219 289 488.94135415549317 134.13492526044496 331 463.67385398439541 137.10082270084192 -1 485.8445092485083 138.60693205158913 205 482.44520717607327 138.95630064933019 198 490.18778800997922 138.81787872774891 481 485.6236413660132 144.02485407146278 477 477.51701194491551 150.1189799108727 134 480.96696898444407 150.33088976271367 578 490.93407170663403 162.02118113600494 608 490.93407170663403 162.02118113600494 78 491.53182372432934 164.7082596892499 165 468.08086052608292 166.08871506070255 -1 468.08086052608292 166.08871506070255 -1 480.42652549258145 170.9790057848044 579 474.14211057081314 84.260854486883346 1 460.90095731402573 84.439749867116234 -1 477.26381890552165 84.897479757327204 60 474.34495098401987 87.363284706697243 609 476.57843600510455 88.018129967676046 489 490.38801999875216 90.035795561163795 415 472.13729296658602 90.73987875340697 281 485.10657900610352 91.960080277461572 65 476.50146382764552 92.571521630281865 11 464.77747480070889 93.606532130720964 -1 480.77080582065901 95.776968323026949 581 459.60907579138694 98.271685524270424 -1 481.08347954624867 100.02198739708857 161 460.07649401526226 104.84380796031323 -1 483.13980067515087 113.44623869065417 407 479.85640652596828 122.15455342131905 68 489.65533246370484 122.38456490613906 582 488.56939270453972 124.72420901455622 71 488.56939270453972 124.72420901455622 72 470.00975034984407 124.89483659504245 806 478.96386094821003 126.33864645998807 69 478.96386094821003 126.33864645998807 70 467.93328142194684 126.7585017063389 -1 467.93328142194684 126.7585017063389 -1 479.39109460834874 128.6533434068657 46 479.39109460834874 128.6533434068657 47 470.17276932985135 129.09425616023611 -1 488.57803766802471 129.65364896293411 480 469.89107992517069 137.25224913539446 583 487.95893810992004 138.35262471557692 490 475.8900495748839 140.59942174420789 514 482.25898372629325 143.55150992263538 -1 487.85623378426976 143.60151557902915 -1 490.85857460520543 150.85516642140854 292 490.85857460520543 150.85516642140854 95 468.82700672883402 158.79382989944523 -1 468.82700672883402 158.79382989944523 -1 478.3040189172018 161.41790595581662 -1 469.648895040735 163.08721031517308 -1 493.81913230747818 165.86571795292261 96 485.40926365818922 167.32956256700993 172 495.51736645768057 168.68878743766129 -1 467.35447561945801 173.32773386466422 -1 486.1927439919362 173.55301337653998 214 466.69497065497228 208.04466367698694 584 466.69497065497228 208.04466367698694 585 484.87990063596567 80.404506915800383 81 466.08688288025456 90.009733081791069 -1 467.08831703638555 97.406049264517691 586 473.76971933875905 97.905170301361608 587 476.43949704352673 97.946946285442465 42 491.11199353450655 103.98873587625495 88 471.718095690155 105.19084770137603 470 492.85754904479893 106.56293448689667 -1 466.58279883178466 111.87462721300363 588 480.36556569367286 114.04156396428678 89 480.36556569367286 114.04156396428678 166 483.73063361647854 115.83518578241831 424 488.84993119189249 127.15481541917413 638 478.86904499928494 131.02474039289473 479 495.51960588049417 142.14989668832339 -1 488.11942782126425 150.42952939711918 178 488.11942782126425 150.42952939711918 178 471.52595435339146 166.01970006478865 589 486.19490555191874 173.55645208796992 -1 478.27409405989584 78.211598455416151 404 471.57635864560052 83.731428265352662 59 487.58226078229217 87.381467237671018 99 483.6391243505056 89.658667533191107 100 495.16583202137309 109.70188532546905 122 489.81057799022631 111.80375257551745 102 489.81057799022631 111.80375257551745 -1 479.02402137435951 138.88062029757606 279 489.6020148105373 153.28931056057755 103 489.6020148105373 153.28931056057755 179 488.00377682203776 169.74879092925522 515 463.78154862426567 80.587818607731748 742 468.3333373721868 81.154641712212026 591 484.00915424229345 84.833102943734872 105 478.27367645164776 88.015527097777849 523 478.27367645164776 88.015527097777849 523 494.95548721623982 90.904431574467239 614 476.44782052452462 96.612147695337995 -1 486.59955163323116 109.15155521414476 108 481.97990355650143 109.47829529100144 107 494.02874198004645 153.47805050594224 615 480.81510103010612 162.50530156479132 -1 480.81510103010612 162.50530156479132 516 494.2578198956403 166.03068109369318 -1 494.29899209840545 78.845036740156061 -1 494.29899209840545 78.845036740156061 -1 472.11194756214189 87.244567601411063 84 487.07079541505311 93.769658509707625 119 486.96033618395745 100.07883343662017 441 465.08269207785565 102.22634227551791 791 474.042452379574 105.93660409389206 -1 474.042452379574 105.93660409389206 -1 463.12663327833684 118.40390796421927 830 464.15456560238187 128.29652965210479 659 499.68993516819103 151.36475444800601 -1 488.9008700396767 73.562848505433365 658 471.48408265062454 100.0738213478576 113 493.41619773708652 111.33223549544805 641 492.99917515126208 132.17035400527965 429 474.6155648598214 166.42456991296902 -1 465.37200503124126 173.90810291315921 -1 481.80952802432029 141.159667141402 593 481.80952802432029 141.159667141402 519 463.75993987940456 81.772716415420746 -1 463.75993987940456 81.772716415420746 -1 482.80497317410965 124.03329590358977 616 502.69471081915714 155.01366842061225 -1 468.28269375272413 127.59897161895904 834 478.39111594202188 70.504057384560156 636 
37 0.88110790192994026 -0.049875437021959866 -0.38257439330433168 -0.27349248531963338 5.6042411650363588 -1.4994547020588316 3.3768928429706166 1 video_01_frame_0077.jpg
497.48538240128744 76.318156240189822 -1 497.43408527758169 78.15466919834445 -1 458.62883515672598 79.420872443586589 777 464.69168904978869 79.410015277281431 -1 458.95359200711977 82.161555580719096 -1 465.04324086736608 82.366989986740947 751 471.4521809634868 83.648963899662476 -1 460.42876491424744 84.409790688050265 -1 463.59563940749149 84.429080847675067 799 479.09950256515924 84.40569246347556 -1 464.78455849411978 84.857535376285369 799 464.53344951142992 86.339128182530601 799 487.65696764610652 86.663530405903998 489 490.11707533174427 87.475710128559882 -1 463.0132266918917 88.325955988797688 -1 463.0132266918917 88.325955988797688 752 459.39511936082363 88.502855769133532 779 490.91353204121435 89.796790675458396 126 491.994154162825 90.568216249258285 545 461.10961185181992 91.906318374261048 -1 470.11195266877081 91.833011406684079 848 459.7167485772805 92.223642282592877 -1 478.90976759594184 109.28467187585989 663 494.27665707369948 120.9218007515086 21 494.27665707369948 120.9218007515086 22 490.74462706563457 122.38471498334852 44 463.13447390801406 124.25174411612639 807 462.1320006603691 130.41518821116981 -1 492.14005231526403 131.71823901950862 401 489.5725269109505 134.46388299056829 132 497.05425905592273 137.07507493460909 -1 462.63003045310558 139.02430677943613 -1 496.1552581182342 144.32826206117628 573 495.63075162041309 147.0393098521113 178 498.72064659933221 148.93059554904684 -1 493.71712729186379 155.62108751468361 158 473.11205237522216 163.14697922083732 769 473.11205237522216 163.14697922083732 770 467.17730203033545 165.66774593928253 -1 467.17730203033545 165.66774593928253 -1 474.85742378730754 166.55427912581987 -1 474.85742378730754 166.55427912581987 -1 483.95375125901592 76.850218578875555 665 469.29746469059296 76.83384962115052 666 483.00318064603221 80.499545400841527 623 483.00318064603221 80.499545400841527 336 485.28495360856579 81.53676019572427 624 485.28495360856579 81.53676019572427 34 468.25901064551857 83.201192665269303 760 485.33525032913298 83.720331395467412 1 474.82090054129395 84.025871519737365 -1 474.82090054129395 84.025871519737365 667 485.31519197919607 87.145339005277933 609 474.86940764090303 87.321104077690535 -1 467.90697116595481 87.50453763657616 -1 471.81141004638209 88.245584377833538 771 469.95568804772614 88.671369572994621 763 478.14912671392665 88.693834748489962 762 461.41473558688563 88.710835755787627 772 487.53951405834619 91.659578753458305 11 464.47024092456439 94.191599790646762 -1 464.47024092456439 94.191599790646762 -1 473.04274921266187 94.207747186297752 613 487.26043149552987 97.506971401274114 801 487.26043149552987 97.506971401274114 42 464.58011927913395 107.5829418233735 -1 493.01700098768805 111.11686506260114 407 496.51348274582506 119.29508813739844 482 473.04509780174948 124.39498192716287 -1 473.04509780174948 124.39498192716287 -1 489.74341495703885 127.11089955746411 46 489.74341495703885 127.11089955746411 47 487.92528604454242 133.20827149118557 289 487.42209829131161 143.2291720901741 156 492.44876178409561 144.14519177865591 -1 487.62718974123186 145.97742653337849 201 495.96243586100428 150.28142394339585 -1 478.10468176760452 162.28013674282633 -1 478.10468176760452 162.28013674282633 -1 493.8390242866451 164.51097820207067 172 493.9873759816594 170.81674089168138 214 493.72291134561578 78.441765894825423 -1 498.70703959788472 79.089074834779098 -1 493.52272853231364 83.515660188153674 105 457.82828341471247 83.589293204318437 -1 488.28476891353159 83.761921029709953 60 461.87492262407289 86.948265238925984 778 479.95806272159342 90.474336117482466 656 483.45294284093325 90.506460493769083 281 482.90016055142843 92.91970716855721 627 491.96829918794981 96.86128854839852 -1 488.4392695528723 99.632203079752557 403 496.99849673270779 100.80777138094828 753 461.47748033737435 105.74997634993657 754 468.93442834595385 112.02419358285006 781 474.03813455462006 117.24206659834555 -1 496.33389021317458 124.04542558820023 767 488.94443361191622 125.13287354621571 69 488.94443361191622 125.13287354621571 70 466.48947758560769 127.95932885892269 -1 466.48947758560769 127.95932885892269 774 491.05688180416485 128.92798749912697 836 488.82267246290866 129.86052288201472 479 496.61101838125148 134.11327075165275 -1 478.10052470706563 139.73463683716059 775 478.81351600635344 156.34880884791616 -1 466.75071919487982 163.37645752957135 776 472.06979222924429 165.82845005368591 -1 464.94210201901166 167.97228465302922 -1 455.81373792193585 205.60303978202217 -1 455.81373792193585 205.60303978202217 -1 462.30608732667775 79.541806701653712 -1 483.14353172356687 83.287220863687708 59 457.69091337048491 83.887142342044243 -1 477.01843722671634 85.014701742333216 -1 470.00929386977759 85.971290083017138 -1 482.34823199402359 87.896991268914604 835 477.81171194126682 98.495263049805018 586 467.67782891753421 108.18862790354376 784 490.22698836552735 112.52607219208139 89 477.5557868134365 113.15292143949766 588 493.0472739356178 113.72942270943007 424 470.72137893534239 123.32934353467886 -1 496.3172341755851 124.036704980073 767 470.99540001314608 126.42593775476031 -1 493.84352862805088 148.98404740176517 -1 499.42566165496515 149.77538601327109 758 464.97221739908247 164.75081464830598 786 476.0830607845644 175.88323138584781 782 495.78075620087753 84.676091512612857 759 488.94155166508011 86.810095957646837 523 476.47704369574996 90.928475417299367 783 493.39622256952799 99.417700075188421 780 487.39957247229728 103.58796586532782 670 464.33187863433255 153.56787657272906 788 495.92508158935971 78.334160443234069 81 479.45237245963273 81.768064770146125 591 464.52302094497207 88.968232904016162 -1 495.82004468065509 90.492449213945292 65 461.85329418939534 99.371291848230101 -1 464.49568229873734 124.21314053787819 807 465.08413426875308 130.18082881973447 659 465.28073595744058 159.99994554814151 789 483.20522252941959 86.532938610056306 84 475.93052629225053 114.25238072731969 792 494.83825390231999 131.29486872511561 402 495.00249496771266 138.29339843369414 671 500.91844816313221 151.47289059097031 787 477.3288242388104 157.79505969062734 -1 470.82722544633293 170.55034402965566 -1 470.82722544633293 170.55034402965566 794 491.61817788527111 72.475346780797352 658 474.46327442277124 103.74066257446377 791 476.00289434916402 137.79713204972714 -1 482.89807985211547 139.24389569855464 -1 468.7479975159697 140.60286712845598 -1 484.17126623017663 166.51649369720195 793 493.32319999245095 168.06426131026018 790 466.86208725635811 174.94034659668446 662 482.41917963710551 99.718719024607537 795 482.41917963710551 99.718719024607537 113 464.75556980495998 104.44165311939992 796 468.29602164003506 126.70784816607201 746 479.54138498011423 69.901711056335884 797 
38 0.88055802492276714 -0.046797232832086692 -0.38246984907147835 -0.27594274459498963 5.6135270011425291 -1.4807540546574571 3.3498719986115284 1 video_01_frame_0079.jpg
457.37970339928302 71.085458553008465 -1 497.50008537062104 75.903673017781657 -1 497.49868781761586 77.923720847902914 -1 486.54955167799432 80.511874501933292 798 465.08122836308138 82.135885912483232 751 489.5884925926236 85.494426430230959 523 489.5884925926236 85.494426430230959 523 464.42978655272736 85.99164241300619 799 487.59882729880781 86.400697022363346 489 462.95364197537475 88.018126085981294 -1 462.95364197537475 88.018126085981294 752 482.94358327486174 88.101464963550143 835 459.32171929328939 88.310850228017927 779 465.59312269877432 89.035337075614677 764 465.59312269877432 89.035337075614677 765 490.85353841694399 89.541765581410587 126 465.60704806822508 90.782915688083676 -1 461.07288890113063 91.398257938583839 -1 492.34253728742402 92.004399890457833 344 491.04450515959837 92.992798232103695 -1 476.36078855893106 108.19465368246564 -1 478.86717195848144 109.06862395654838 -1 478.86717195848144 109.06862395654838 663 497.07131742676103 114.86569157902677 756 494.33481387811077 120.64153538712603 21 494.33481387811077 120.64153538712603 22 463.08647514456334 124.07412163976738 807 477.18032286061754 124.35978706822959 757 493.13722829083508 128.99120348439348 295 492.12979790764592 131.52151750166266 401 492.72993658549422 133.96099735381259 -1 497.0556322454234 137.081418496303 -1 463.83202596599875 138.25683782756349 -1 463.83202596599875 138.25683782756349 -1 495.24886354097185 140.79354634221988 -1 496.24112647865377 143.95670190663233 573 466.25586154544493 162.98174875333913 847 473.14629468023458 162.97719006465857 769 468.02909818039427 165.97693448257286 -1 468.02909818039427 165.97693448257286 -1 474.87767002723797 166.38599967638743 -1 474.87767002723797 166.38599967638743 -1 434.14681844515735 194.46843561783191 -1 444.91410716557675 201.61862758888662 -1 447.93454697964535 203.15005845057152 -1 519.31589826546508 204.39492806675707 -1 464.26058730282028 74.016652929150425 -1 482.98732720737479 80.1737344274284 623 482.98732720737479 80.1737344274284 336 485.20416031299123 81.150766609469514 624 485.20416031299123 81.150766609469514 34 468.15859777048746 82.832032136770664 760 485.28392935662021 83.377940511688763 1 474.73187028806137 83.61346387319486 -1 474.73187028806137 83.61346387319486 667 485.23762030173924 86.751957626249464 609 474.82281483552788 87.020876666844856 -1 467.89784271429477 87.282402382164832 -1 471.74757753311343 87.926235182789384 771 471.74757753311343 87.926235182789384 737 469.79490366334232 88.342068084967124 763 461.32557857156621 88.445565363778712 772 468.48877839775355 89.677396230327204 -1 469.97845388574774 91.300745355582961 848 487.55425030262063 91.370418720126679 11 464.25354813116371 93.270654219480008 -1 487.21478972239663 97.218657399747954 42 473.14356977376701 98.886809669786231 -1 472.29490775824098 102.71112603281411 -1 464.65093092090541 107.39443838732109 -1 478.90713323632372 109.09521291088674 -1 478.90713323632372 109.09521291088674 -1 493.10652746017541 110.82128609655618 407 496.60565043880558 118.91556151714495 482 491.64934923842515 127.10233631797642 836 488.01807228231633 132.97270137086883 289 489.58681189669704 134.19521744371548 132 487.46961256458837 143.07134540536961 156 492.58637683115279 143.99491615435974 -1 464.60869101652469 144.6763538742486 -1 487.66154067183317 145.80075818680797 201 495.62287978925303 146.61913951538352 178 494.12336741832195 170.74078641170073 214 493.71760156881612 78.071455876454905 -1 498.63596723196395 78.831688996070895 -1 483.46548357477275 82.480823384517919 59 493.4861440025868 83.197946994012725 105 488.33155703689692 83.370804926989365 60 479.88829575060862 90.178273353162567 656 483.43870870703967 90.215245625161799 281 482.81141260505336 92.567931286254279 627 474.83641319498753 94.991090536122101 -1 491.94344400285331 96.56864117526068 -1 461.45453350035405 105.54672727963597 754 473.91298442788883 116.90869176658717 -1 471.11360973416083 118.79795965367883 823 496.34954972099843 123.82512953206623 767 468.7629610145276 127.24602381113155 824 466.45814454155044 127.66423606049935 -1 466.45814454155044 127.66423606049935 774 496.52678971486574 127.60028237126213 -1 491.12785772198845 128.5946906048288 836 488.80570201224981 129.63817920478803 479 478.17797180125109 139.41884047670177 775 493.49761082851222 145.40726037077997 -1 478.82002449950858 156.29360011217494 -1 472.03527665151159 165.64900045817544 -1 465.01213558787174 168.06327392450063 -1 462.05241029967578 79.170604000789154 -1 498.87501849892624 78.771962070251675 596 483.21116456683984 82.74130448939988 59 469.9733686049434 85.738745082638005 -1 493.12974376575289 87.110440637982492 100 481.88615993731867 105.57566496060041 470 467.62857751663466 107.92888074464989 784 490.21647138813739 112.27811153493261 89 477.62426596185685 112.88139595444193 588 493.03407177424378 113.39744481955877 424 486.74917789142438 148.28021192833828 134 494.11422179145751 148.6388908988651 -1 465.00781723698884 164.6843234622994 786 495.7753236045944 84.35778837764542 759 489.08529803751037 86.342690499827597 523 471.29320397257163 126.32879546315746 -1 465.61836968107644 130.04732599242169 659 481.36619948886141 147.78187431933267 -1 461.12315749052664 151.37050992303651 -1 461.12315749052664 151.37050992303651 -1 464.33813380418053 153.37904848960966 788 465.24123302811518 159.90805985302524 789 495.90545422012735 77.98650221269493 81 479.36282080976747 81.440948720300582 591 464.54163205613236 88.744348897592403 -1 495.79677460891611 90.202991437046308 65 464.35789321992638 123.95621375143543 807 492.02759227510927 72.258999631636598 658 473.08061263543601 81.608488439038211 742 483.1488067196583 86.247507169858437 84 464.38527437866912 123.99176278711805 -1 494.82873749530938 131.01425013630356 402 494.9956656964971 138.05738808341013 671 460.13230315956258 152.61958660210021 -1 470.82355792310625 170.36978861044685 -1 470.82355792310625 170.36978861044685 794 477.84704013220585 171.05911788116475 -1 474.38921642638047 103.61720919772242 791 472.2628273785428 129.92274075742409 -1 475.8765914447506 137.78451905843198 -1 482.8346633553752 139.82419693524889 -1 484.33549098346663 166.10693359310858 793 493.44423375223045 167.92738821465687 790 466.91472884435763 174.8531207804607 662 482.36666352481149 99.372617307769815 795 482.36666352481149 99.372617307769815 113 464.74876986401313 104.39160723593399 796 468.26177343978583 126.34163426774786 746 479.75895360352462 69.523183890818714 797 
39 0.8803762180244088 -0.048163476111049146 -0.38294251668744844 -0.27563204316447404 5.6146138192509651 -1.5011858452829347 3.3382865689167542 1 video_01_frame_0081.jpg
458.36750732680832 71.61933402107617 -1 458.36750732680832 71.61933402107617 -1 463.24601403316814 73.56553790889896 -1 497.51304734853261 75.619069010845593 -1 458.39567493602823 76.874432857560251 777 497.4632426303765 77.649960835905134 -1 458.50677350911212 78.908464789335298 777 479.40348493002392 80.090375777371179 -1 468.06672480704646 82.678741504404556 760 471.35110521395103 83.126767664324547 -1 460.07474692660952 83.820947282637064 -1 464.70922188729583 84.33257607666873 799 489.68775292927671 85.161568186600462 523 489.68775292927671 85.161568186600462 523 464.46641846266141 85.838537051244813 799 487.64204966983925 86.060379207950376 489 462.80767610995201 86.207229251348764 -1 462.9012680638927 87.828315940383021 -1 462.9012680638927 87.828315940383021 752 482.91224922664696 87.930819521450729 835 459.34966720294699 88.111391536853375 779 465.54457556191824 88.714617856957773 764 465.54457556191824 88.714617856957773 765 481.46488174170236 89.38430045743165 655 481.46488174170236 89.38430045743165 621 490.85177419437372 89.230809505507636 126 461.05773832485136 91.19144078635145 -1 470.02088148111312 91.24684132953503 848 466.5155081755679 91.780125766841408 -1 491.010200565643 98.302048525028681 161 490.24404825090505 109.86595413584338 194 490.24404825090505 109.86595413584338 195 497.10721004248921 114.80010258806978 756 494.34768068181347 120.54834809351928 21 494.34768068181347 120.54834809351928 22 468.88714741717286 121.40848574775552 -1 490.89512909290664 122.00665598556506 43 490.89512909290664 122.00665598556506 44 473.2596678287523 125.52300180869517 -1 493.21517540689626 128.88921932390124 295 492.21249878754713 131.36680747275511 401 489.51548665461308 134.15468549149304 132 491.90753012360176 136.71972520835274 198 497.18264469817728 137.00410163448879 -1 496.40495252228959 143.82241008887598 573 495.94515010854002 146.61966702634399 178 493.81144079477252 155.41382595334287 158 497.37452946295218 158.33099132497577 -1 472.01428009428741 161.26950880524868 -1 467.80701984880528 165.73410086421879 -1 467.80701984880528 165.73410086421879 -1 474.96358156601502 166.28528697543962 -1 498.61468056292802 169.90905886002858 33 463.49861828223237 170.96017349659235 -1 486.58117180366838 209.49827702955764 -1 493.66299556003639 73.99273785239815 618 482.93706858188131 79.915135498112079 623 482.93706858188131 79.915135498112079 336 485.27989229577457 80.911739032583583 624 485.27989229577457 80.911739032583583 34 458.94277233856997 81.638380299957689 -1 485.29748530475507 83.132146133230407 1 493.45518484667843 83.006246666646362 105 474.74045866604177 83.489087880434894 -1 485.23736418896755 86.547073037660994 609 474.76879932078924 86.861036489376559 -1 467.81582652029391 87.035233312990727 -1 471.71861011884448 87.712932068967831 771 469.79573938446373 88.140143751638234 763 478.09195463130982 88.186714261318826 762 461.24444002281575 88.201546879605132 772 468.46515595876025 89.377377673261805 -1 487.53583690194279 91.142209645443131 11 459.76387081264915 92.941672953216738 -1 472.92439601480334 94.054932410011659 613 487.26220490658915 97.018743813721088 801 487.26220490658915 97.018743813721088 42 460.61129872666129 104.61202886310798 754 493.12592060239041 110.66241826302675 407 496.60651706008292 118.85771401908757 482 495.50299136920296 121.44813435843801 -1 489.70785828818498 126.85390814099796 46 489.70785828818498 126.85390814099796 47 487.95689114550686 132.8636926920324 289 487.56425500529895 142.85579840638766 156 464.87786542090925 144.6510520618215 -1 487.80236275194773 145.67987005822221 201 478.24090695925798 161.9962694413762 -1 478.24090695925798 161.9962694413762 -1 466.35145999594249 162.88599829932943 847 466.35145999594249 162.88599829932943 776 472.35864123310256 165.8058768814131 -1 494.20405196457875 170.61208815218453 214 490.9612781786816 74.917488293104199 565 488.13956839255235 75.606695384692557 -1 493.67976009293375 77.866454923986865 -1 483.50839806467133 82.244717379152902 59 488.29572193311969 83.17466466501287 60 461.657291937222 86.538157700830595 778 493.18494113825142 86.919191425044943 100 479.93694681474614 90.006172414180298 656 483.41513977130899 89.958158515339846 281 482.87807684835445 92.38674267378255 627 475.08794410423673 94.592185321648685 -1 488.44499543969829 99.129287305518915 403 496.98371398495016 100.36895361179768 753 474.30731275355669 102.26947152098523 766 476.128910377235 107.44835184941451 -1 476.128910377235 107.44835184941451 -1 496.87814330296197 107.83317255368166 641 468.92220645097416 111.6252075217337 781 492.84908919212529 113.20164328797414 -1 489.01906948752037 124.74142443977976 69 489.01906948752037 124.74142443977976 70 466.47829733521866 127.67481010616285 774 491.23387412932703 128.36313174643169 836 488.88535216738222 129.47148657048379 479 496.70591230741081 133.67815555870314 -1 478.08100260835255 139.20686670430271 775 492.58723477348099 143.79058998758057 -1 493.63648427204078 145.27072822063823 -1 478.95543828684458 156.20402458820291 -1 466.61465737826819 162.98234650261813 776 472.21861043991902 165.64490832062424 -1 465.04115500636999 167.85448577696346 -1 463.14448958423054 170.70579945190596 -1 469.92429059043855 208.42590321830545 -1 462.32675118922316 79.052606041230547 -1 469.8921819472319 85.436676634916097 -1 482.31757133803643 87.424120845461204 835 477.81264031679586 97.929599656785882 586 490.25482698099898 112.07502148143799 89 477.62485919572856 112.64714829445535 588 493.08907189724351 113.27650662072399 424 470.84006278437619 122.92803744395351 -1 496.4227757989824 123.61117906152977 767 486.89886086482613 148.24198737259115 134 494.16491284419004 148.57667902296265 -1 465.07177693616887 164.56572526479582 786 495.81322241096149 84.012249268018479 759 489.05766565118716 86.180939429778789 523 476.33055485397296 90.389806841010341 783 493.43345635573269 98.917958580990089 780 467.64054729791997 107.80259793737132 784 471.26678823898646 126.1494813780472 -1 461.08374921146793 151.40200736457547 -1 461.08374921146793 151.40200736457547 -1 464.52340543730725 153.49001608825253 788 465.24166784504797 159.77842936915837 789 495.94279648135108 77.683854519214265 81 479.39833013975039 81.203614468385709 591 464.45030521956107 88.414377940769498 -1 495.83615368328611 89.94986546433887 65 478.18970745184163 157.98954729567899 -1 492.14232047529839 71.987805969084548 658 483.1307434099574 85.927958291088714 84 461.98776174805431 92.762669958153197 -1 464.43671610999246 124.22081592192968 807 464.63047502711481 130.09816591439667 659 494.87994869291435 130.89283372778669 402 495.08946198270655 137.95541951252153 671 460.10681577634944 152.60997556725624 -1 460.10681577634944 152.60997556725624 -1 470.8034920011699 170.17926602541397 -1 470.8034920011699 170.17926602541397 794 474.51953322654288 103.2660134394765 791 475.87462860068894 137.46648762286179 -1 482.9428503667159 139.30506643758599 -1 484.27830393684081 165.96776439370663 793 493.52873543637787 167.71946886704697 790 477.87729085477224 170.18176991770156 -1 467.04945737011644 174.77356841375141 662 482.39855090521689 99.193588057226236 795 482.39855090521689 99.193588057226236 113 464.99447597515194 104.61703219788122 796 468.21453889468984 127.08786923953205 746 479.47957968114815 69.203141941359959 797 
40 0.8803483965581187 -0.0493220188621947 -0.38267930177585835 -0.2758814802143274 5.6148615908970347 -1.5152732853476003 3.3286896224903089 1 video_01_frame_0083.jpg
458.64453184804631 78.930991378388214 777 479.52919045874557 80.062657063652694 -1 486.938278057937 80.157466920936145 798 459.02176688444985 81.650190238503086 -1 465.09288506310583 81.868363018027992 751 457.96854561377535 82.699989727441704 -1 471.5177580188556 83.142604293053679 -1 460.31758176704864 83.88204780789701 -1 472.89661169215901 83.879541789870416 -1 464.80003332684055 84.306519522502469 799 489.81605935706625 85.101931379597119 523 489.81605935706625 85.101931379597119 523 464.60260682395409 85.798230856393701 799 487.81693514153028 86.123433221553313 489 466.52006311515419 86.105681812270575 -1 463.06123341971943 87.83623116574671 -1 463.06123341971943 87.83623116574671 752 465.72773352337526 88.755284936441569 764 465.72773352337526 88.755284936441569 765 481.70331643341336 89.356401670049536 655 481.70331643341336 89.356401670049536 621 491.0632632802882 89.255936273712535 126 461.09975293824618 91.154933001426258 -1 459.7287597218774 91.360901369148735 -1 470.1525746011344 91.242712113682785 848 492.65322850213812 91.96837305565343 344 491.22730868088308 98.171437233280827 161 476.45958594287208 102.37339735484261 -1 490.47017039770515 109.91450680301514 194 490.47017039770515 109.91450680301514 195 495.81035621002741 111.38968087525565 -1 494.57565674768301 120.61495531898231 21 494.57565674768301 120.61495531898231 22 491.18136452313149 122.05214360582193 44 463.22704366298683 124.11995113408599 807 493.50747723526916 129.03040953141064 295 492.52397551436275 131.37193923682455 401 411.54196935268641 133.73459087033206 -1 490.13284127815712 134.12539119537257 132 497.31610646299811 135.54951601774286 -1 495.57478861676361 140.78492113603335 -1 452.97669192930385 143.05409246863402 -1 496.58918270820146 143.98271987210714 573 461.92677322874283 144.63917705081252 -1 461.92677322874283 144.63917705081252 -1 431.15230799097276 146.35981761233131 -1 417.73549194340592 147.24990477160787 -1 433.73657134855409 147.28029940237874 -1 494.25901706712995 150.49495661325415 364 469.40654361416739 161.96220391780463 -1 479.88126632068082 162.47547397146437 -1 473.43572316485364 163.06160844253608 769 467.76706194021239 165.79289999158738 -1 467.76706194021239 165.79289999158738 -1 479.28659648513474 168.0109047578861 -1 479.28659648513474 168.0109047578861 -1 483.12946712336424 79.875166596600948 623 483.12946712336424 79.875166596600948 336 485.36354701293573 80.932586632895266 624 485.36354701293573 80.932586632895266 34 468.24959332306418 82.696575377175492 760 469.7921742391481 82.939537631995563 761 469.7921742391481 82.939537631995563 -1 485.50872415575662 83.076543497800373 1 493.73530421414114 83.010488883849433 105 474.88436173151229 83.435094037663873 -1 474.88436173151229 83.435094037663873 667 485.51502053011586 86.431185260849915 609 474.94267082336722 86.822334215871649 -1 468.03587723926501 87.031093121665307 -1 471.83145783600156 87.668373024302838 771 482.79151476253162 87.705927270351765 835 459.50223487244938 87.935918205117133 779 469.94950275097341 88.089643104833755 763 478.3493854785998 88.170901918993053 762 461.41580273232279 88.19127136348132 772 468.68834890337189 89.481394990229731 -1 487.79011975319901 91.142779569892753 11 487.47378958267478 97.008529019417153 801 487.47378958267478 97.008529019417153 42 460.33674625344185 98.161187408828226 -1 493.33432575621418 110.72828232131454 407 490.11176450457299 126.82204079554532 46 490.11176450457299 126.82204079554532 47 488.22136598589049 132.89613748698918 289 487.79247204415691 142.97953195920775 156 492.99489721098803 143.92092161484089 -1 488.0026013850096 145.81987407841535 201 496.01408944663439 146.8493509388573 178 496.40615819224485 150.09793615742552 -1 432.67934251967591 154.9115074872349 -1 494.52217992617125 170.80409678271226 214 484.01643365450315 76.175375026955976 665 493.92805541644873 77.782449442323013 -1 469.75534403511006 82.917599525913971 -1 488.63517144354188 83.096477275957511 60 461.78028051068844 86.494470027561917 778 480.11623316425988 89.971919497800201 656 483.64576709344118 89.954252748296469 281 483.00877016989693 92.350147622241479 627 475.12904175806159 94.874073697447315 -1 488.60917706989977 99.18486191933863 403 497.30523384157726 100.27326632396284 753 474.46423579585462 101.86046438492522 766 461.12921011177218 105.14025384520525 754 493.30020844921216 110.75653945981475 407 474.09456223902117 116.84560054312861 -1 467.88955845030199 118.07948508873409 -1 467.88955845030199 118.07948508873409 -1 496.86827504200073 118.98286159985003 482 489.29376335072305 124.79520802860763 69 489.29376335072305 124.79520802860763 70 480.11858929063141 125.96234916377486 806 468.93561246007425 127.22366227082568 824 466.67252646957468 127.68348767803876 774 491.48195251533883 128.54943899774338 836 489.14054478277382 129.53348984711062 479 496.94037528902925 133.63193721288147 -1 478.26215696361629 139.33775352102029 775 445.03020155696959 139.76804869357846 -1 492.86624298966461 143.91253558453883 -1 464.85476086354691 144.72866444208799 -1 493.71384017722949 145.55673617343055 -1 428.72572009181789 146.35247841720167 -1 461.62357715059778 146.85088649910432 -1 461.62357715059778 146.85088649910432 -1 423.29460589415959 148.12520361721701 -1 460.57104413926976 149.14369537885096 -1 435.59082391181425 149.7682600262072 -1 466.99932557212429 163.2656439604319 776 472.38059000416877 165.78074625913354 -1 465.27517950131846 168.0222703162799 -1 462.80539860350132 79.168082705638014 -1 477.10949065806045 84.560294131537802 -1 477.10949065806045 84.560294131537802 -1 495.96672805148245 84.139074206546923 759 470.15523487227114 85.542641893477963 -1 493.40305069561373 86.878664073482213 100 490.45764541892186 112.1338311330594 89 477.75305761010276 112.78161360271926 588 493.33800985473152 113.28592517754839 424 496.67357154146362 123.71906771765174 767 413.11157247689204 130.88201552098079 -1 430.50121187607391 148.35301559066349 -1 487.01245338855119 148.29868975406316 134 494.4829055469836 148.77290919636295 -1 419.03728083309716 149.1769300734482 -1 419.03728083309716 149.1769300734482 -1 417.24286542955656 152.15310367274958 -1 426.25091826147235 153.6870668853249 -1 465.30264882714471 164.78234157865285 786 476.48377209709054 175.88792861270866 782 489.02312300677806 86.199892931092052 523 493.66855618623754 98.908704572898372 780 467.83915405464779 107.83943573988591 784 466.04804100941942 130.06667178591704 659 440.92264184799535 138.63437410997545 -1 452.26748436703758 141.10603220822409 -1 452.26748436703758 141.10603220822409 -1 481.65051829340996 147.80064979015037 -1 458.73216264381631 149.25994646730038 -1 458.73216264381631 149.25994646730038 -1 421.43347040691998 153.32946812941702 -1 465.40813811434464 159.98963440408158 789 496.16232652430483 77.664596144673183 81 479.50779117126467 81.185933407645322 591 464.56664038153838 88.509265021475699 -1 496.10404298179708 89.897497925802668 65 476.26550791512932 113.37982277942987 792 463.49480860130114 117.05700390671127 -1 473.7044295589817 137.1105382432124 803 456.67465728778575 139.30749909260601 -1 412.2262000105045 150.83956273020772 -1 465.07279788612101 153.97260229503181 788 492.44103467666821 71.897954318334342 658 483.34709774465261 85.865893312152764 84 462.13006420304754 92.803661693319427 -1 464.6128881154861 129.82560751622626 -1 495.16060995642738 130.9859724327533 402 428.06038568968626 134.61782471732525 -1 421.96982495545097 138.15948707563032 -1 495.40601514770714 138.04905082347454 671 442.49671508470624 148.23333782486546 -1 501.45129552028226 151.3909357469893 787 460.90773130577662 158.24976674875634 -1 478.01174737132146 157.99314030451615 -1 471.11622577426363 170.38651188655422 794 474.39749865216976 103.41879153479144 791 475.9655987757788 137.77368247967954 -1 483.22820667672732 139.33162492912936 -1 431.0777924788726 153.48182955294683 -1 484.60583989563844 166.06599772134524 793 493.78829126664817 167.9292817984765 790 478.0817040249151 170.41291007185245 -1 467.31139892002051 174.96528919632129 662 482.62107788160972 99.258076096437364 795 482.62107788160972 99.258076096437364 113 465.04136413365359 104.56880470240546 796 445.85225745896389 135.87487065650052 -1 467.61390145514753 124.18340888529401 -1 504.6630432062388 155.14394447460336 -1 479.81184871560595 69.174117964406335 797 
41 0.83645542506758108 -0.050037421491620049 -0.44874912163541791 -0.31058461674223864 6.2783325482715719 -2.0512138247983294 4.2774187499274916 1 video_01_frame_0085.jpg
468.1534876196489 82.987419532106031 751 478.14622043279832 83.617885525925061 667 480.04808280253087 86.736187838248043 -1 487.57272274121095 87.053984013044015 -1 497.49954661390086 87.530619846618421 -1 465.44017626578693 87.440813570970477 -1 478.44219081705427 87.521309735317743 -1 478.44219081705427 87.521309735317743 -1 488.51360153107493 88.529556617825065 599 465.42737655223965 89.158313304212271 752 490.04690035308249 89.178499759430082 571 494.12391080946963 89.850606604718578 545 489.10016111490052 94.301629552277859 508 490.53009745938846 96.504593307160803 801 490.53009745938846 96.504593307160803 42 493.70411952764567 97.496614981666767 -1 493.7232938954287 97.447861993038174 -1 490.03340462372211 98.132540162572141 -1 461.28784549691909 98.51004765285488 -1 491.59020183374781 99.328436407743879 403 497.66936090024268 99.512950403148409 753 461.45881818696358 99.869051057223317 -1 462.89446587090447 103.74410046128006 -1 461.98130405590098 106.75436834653101 754 482.7868308082131 106.90088960127964 755 491.42156632860355 112.01401637056931 475 497.20779544119688 115.32441570851859 756 475.11785639629926 116.56291570864215 -1 475.11785639629926 116.56291570864215 -1 493.28150275360969 121.67114302933405 43 493.28150275360969 121.67114302933405 44 470.44502630951877 122.20135096819818 -1 480.49085648174218 123.57801396350621 757 490.49353356480714 124.5995381085704 -1 470.14420680737169 125.73613430865308 -1 494.31928626116326 126.14851856235812 -1 494.31928626116326 126.14851856235812 -1 494.7789534705484 130.72436260081392 401 472.39739645671784 131.28437130216471 -1 481.67203821875466 132.69659253116367 -1 481.67203821875466 132.69659253116367 -1 496.45042031706663 132.74455312437934 -1 494.82130660176523 137.58288548447192 -1 465.39435412020543 138.25629080051274 -1 489.97786924396473 138.64180440083743 -1 483.63418509264631 142.64679331027915 -1 483.50163710675577 144.90668474302251 -1 483.50163710675577 144.90668474302251 -1 484.14360568367857 147.45245643042841 -1 499.22658890365267 149.22338776115564 758 478.59702648421978 153.05979010500829 -1 478.59702648421978 153.05979010500829 -1 483.98038202272647 153.84928644887577 -1 466.12578796202308 155.05258122125542 -1 456.9721775611946 158.18099947517084 -1 493.29224020223194 159.29984229505811 -1 468.36216024098798 161.95794006798931 -1 468.36216024098798 161.95794006798931 814 466.73339431915389 165.22625296981991 847 493.53033673959766 167.38666833731867 -1 482.99994261913554 168.4797654924871 -1 494.95590419504185 170.39672164015317 214 464.71245571905416 171.00804082432325 -1 520.93072390335556 199.49814147016588 -1 516.4216672191925 202.28273302137484 -1 494.60523811503242 74.023704865010671 618 483.77692637159657 76.400694272019081 810 486.4075984891432 79.771697256321261 623 486.4075984891432 79.771697256321261 336 495.73203963436083 82.237184448083411 105 488.73516385318931 82.936286586392697 1 497.33585706676462 82.877706580625585 759 471.23752448875047 83.405436424216106 760 472.84018635496159 83.651233859098525 761 492.71002196467913 84.235386405530861 523 470.80784056248763 85.991507885679766 -1 488.85672057214981 85.935462558299037 609 490.66268198789794 86.117623038334386 489 482.13292160203304 88.27912489120007 762 473.27444756139704 88.932947861974043 763 468.64645924537473 89.941119557394046 764 468.64645924537473 89.941119557394046 765 490.69642143027824 90.728029793012837 11 490.69642143027824 90.728029793012837 -1 473.35746883154013 91.880467843655282 848 476.60517344359158 94.531989267220041 613 481.36941089574157 103.82477805816134 469 472.96388853438134 104.002995804549 766 473.94061305714285 106.9466560107297 -1 473.94061305714285 106.9466560107297 -1 463.93075249004585 107.29685562136279 -1 476.60005335249105 108.01694486815182 -1 476.60005335249105 108.01694486815182 -1 494.99062285192548 110.22032776962646 407 497.03132104421928 119.00589705389746 -1 497.34576615570302 122.77330573120902 767 492.50215389588016 126.40285448642837 46 492.50215389588016 126.40285448642837 47 481.86140489112967 126.80178234137347 806 491.21309670812713 132.51643541780012 289 491.4814468565329 138.50605617336288 279 489.81297869642208 139.70219970570543 514 490.45972346897946 142.51693793226909 156 482.45977374015274 146.30884748512193 -1 454.98534573181496 158.97755184634391 -1 456.62018043422546 159.78614685904299 -1 476.07058932060136 164.16698212713436 769 476.07058932060136 164.16698212713436 770 492.54206739826901 165.5895776443148 473 493.17957131565782 168.80472266024697 579 476.65377715661049 169.14642967636757 -1 483.21985359121828 171.1413181078232 -1 495.35620811328926 80.163496100604675 -1 487.01245302694235 81.9562751416818 59 491.42949398390863 82.708631223029286 60 495.50903718921245 86.322126190995078 100 475.35231391125632 88.151754418059497 771 475.35231391125632 88.151754418059497 737 463.44777200321647 89.573322351286421 772 486.9203100854661 89.966529947212848 281 462.98330166100817 95.538483662869453 -1 488.33730138975153 96.355365688950172 587 481.11758490939468 105.59119231765436 -1 493.35199601615193 111.27308193987579 89 495.23277299040427 112.36807970430598 424 464.52352958447926 118.56372971315815 -1 464.52352958447926 118.56372971315815 -1 492.16401848255913 124.19689918181957 69 464.79397357475057 125.50008981603008 807 479.55336599578789 126.64809698562512 738 471.69585332819361 128.43772122306291 824 492.26702821183005 128.9358178279077 479 469.27522422901285 129.2339334043761 774 489.82753316491841 130.5601455840808 -1 482.12814594056351 136.54712229156962 -1 497.12799860229194 137.21868526001464 -1 483.62987287943844 138.35119996534064 583 481.62672813229858 139.6093063088521 775 494.26536803438398 140.64293527889041 -1 461.69416959414076 151.04638605586638 -1 481.84266632210944 153.39419721616662 -1 496.88391306245336 163.18672933805726 -1 483.25610102215182 164.75156041557122 -1 468.84104768053493 164.96466801712583 776 475.24313641369218 166.97896417424798 -1 496.18983322384088 70.752217848212425 825 496.96806950988116 77.137936039439595 81 459.10594141517964 78.609597219923145 777 486.7080118895268 82.324227678496271 59 457.64166532431477 87.509710587335064 -1 463.69258527098981 88.024870482861616 778 496.99333929358232 88.85769054286547 65 460.13097590478276 89.159009385436676 779 481.56251716210602 98.477000009681234 586 494.70027049975539 99.227655232120469 780 472.16402841932609 112.57366839906155 781 480.96292408183342 113.16635081073795 588 464.36878807999483 115.5772481574835 -1 471.97576248058186 119.26075294454317 823 489.61438573010088 130.19400516130463 -1 489.61438573010088 130.19400516130463 -1 474.84726301999564 133.31026650332802 -1 495.72535700597024 144.79183828978071 -1 489.93351699960073 147.88374353772943 134 492.78553313188553 161.59169096435565 516 475.00479766552519 166.8154033924416 -1 496.62727311307481 169.2264101835529 -1 479.66968014921207 176.56506598481946 782 491.90215042305817 85.704150067515201 523 480.29242982482754 90.748999052352772 783 496.45336139072708 101.45098934386309 -1 470.72113169869226 108.92535968189249 784 496.35167378372086 109.17593915882992 407 466.82236377550845 118.63360649098189 -1 467.61760592281274 126.2744272235075 840 496.44592462092237 128.3142456951982 -1 468.70010591014278 131.69326319990967 -1 468.70010591014278 131.69326319990967 -1 481.74720520471601 136.22033615895663 -1 453.02163507328243 161.15502781704441 -1 482.97629939815755 81.210300372415219 591 477.08917868067226 81.861732428127141 742 486.74444337461267 85.702195479163976 -1 486.74444337461267 85.702195479163976 84 478.19130679379083 120.9660070275242 -1 496.04650398362656 130.49562935324872 402 496.03807244396535 138.08287046685714 -1 466.14068155158259 167.38064259991054 786 476.85854961954334 81.877514429759557 742 472.98819979136584 114.38976700038448 -1 477.35141205904182 131.89411502342674 -1 474.86836434103066 137.38743162875699 803 501.29302689925584 151.50886615483216 787 466.01950054011786 155.80500020872807 788 466.56572188425736 162.17081283352536 789 495.22146038542058 166.78917658260755 790 477.7702945038186 104.15172810838517 791 478.90850764333481 115.08691961814276 792 460.48604855767024 157.93907684053545 -1 487.98386379057195 165.20968446427395 793 472.56514175230927 170.57797965337957 -1 472.56514175230927 170.57797965337957 794 467.55419734097791 175.63842855119361 662 486.05551416730867 99.084752762817317 -1 486.05551416730867 99.084752762817317 795 442.75980896482713 163.73161839724636 -1 466.69662506576049 104.18744242399748 796 478.12182270944783 140.06016674175493 -1 478.93322068574048 113.67180980324314 -1 467.72560516092574 128.13060520236172 746 491.67776872569652 128.82617475668437 -1 477.8658993873895 69.541057314115022 797 
43 0.9671543638155079 -0.034053247338638466 0.2254688389310146 0.11232370884819451 -3.9290724990334782 -0.1005479661194808 1.6938924905331683 1 video_01_frame_0089.jpg
460.80462401173565 78.739862998880469 34 467.20955883026812 81.003904114875027 117 478.53393070614658 80.990299447154513 -1 466.8110404188364 82.709430737296998 474 473.70594677172409 86.39709773838851 546 494.7256754998503 86.512386695246562 -1 463.92927321228797 93.813630215821519 344 498.9068382788023 99.107511206955678 -1 462.90253617472735 101.31909173018155 -1 493.25299983533654 101.72927439491824 547 493.26920032212598 104.04232577901624 -1 475.68227115561643 110.32269495592898 329 483.23085154850389 111.4369306247677 642 472.540407127847 112.39787943725972 -1 461.64587154816525 119.42100406012095 -1 498.57101106297483 119.3881408382745 -1 463.43540342212555 120.89283151414142 -1 487.55890364924323 122.69433275649699 -1 467.78622313214976 123.41723453560422 21 467.78622313214976 123.41723453560422 22 463.92222260823542 125.29088052623192 216 498.58449225955974 126.3668322518464 -1 472.20085502718757 126.70409699835882 129 476.67192977210397 128.10378267844573 272 487.13381445148894 131.20523411272364 -1 465.94249698046946 131.98244176753849 401 465.94249698046946 131.98244176753849 401 469.61607000698007 133.90685722956488 488 464.66321939883426 134.28290960688247 548 487.56452308602661 134.47913642876807 -1 487.56452308602661 134.47913642876807 -1 473.41957522832303 134.91529936702784 -1 484.54001702920056 134.99872055598743 -1 484.54001702920056 134.99872055598743 -1 476.7737947158729 135.24552008282501 357 476.7737947158729 135.24552008282501 360 470.90324984695189 140.62371407011227 490 466.68536978420565 141.21086188705436 428 469.35754729516304 141.40371387849558 451 471.39124673470474 142.27087893938901 363 468.42533296030808 143.77892029536156 -1 499.25256304184637 143.94039786086984 -1 487.02155125614502 152.22000489528403 -1 469.79010180376991 153.16660219255959 -1 494.79557035495429 156.6367889828486 -1 475.34691071235653 168.33048940243654 165 495.95661674271338 170.39470468123571 648 477.13057940154016 171.47937114957637 -1 470.92324149882711 172.4156887360881 32 470.24968661943007 173.59542422421606 214 473.15502446081587 174.93883310237101 79 496.32815998601308 175.44740165365252 -1 471.42495130463675 176.44667133442019 274 446.20166703508079 204.81391157435982 549 446.20166703508079 204.81391157435982 550 497.17731000895435 73.546500919533571 -1 495.55218553450732 74.328299600920644 393 487.64602621590979 76.36957084371619 268 485.70930408593478 76.800026929948984 423 483.54600432490872 77.016320265677749 443 491.09951113678426 84.210454691671927 2 487.14750237216117 85.233315393434935 538 496.24499101228901 85.252416807830201 -1 484.73304509575468 85.51262496790099 -1 482.09269970153764 85.800188260978771 142 479.35986283158678 85.942217197241419 430 471.70613551621142 86.540410917408934 637 471.70613551621142 86.540410917408934 -1 492.51399473589902 86.670896846969242 4 469.84246565676989 87.305130069565507 64 485.80872477882957 88.265523143519061 123 491.40073966346068 88.581027219294896 551 460.52260018159399 88.77875987582371 -1 484.5580286865769 89.885877714256367 148 490.51876657974657 90.482389264041615 426 465.15399570728312 91.155408611096732 65 463.37527522553995 97.784431917835576 161 493.17928330749299 100.19587775112434 -1 498.50236544619679 104.49762653714825 -1 495.39385749144236 106.80802773890737 -1 480.15583100501874 112.94312230523404 -1 498.56162297940875 113.99385939767875 -1 483.28334405536026 115.77349558821807 647 470.16176912068903 122.3856429890473 330 469.71995401222694 124.0918266618629 436 495.78170756528493 123.99307674649694 -1 461.99037669110436 125.04738506510498 -1 493.95577836766938 125.21437262544667 -1 494.39494078102081 127.63517329297306 -1 482.94358006575123 128.07713432210221 151 475.46994373109408 130.68457988368428 -1 475.46994373109408 130.68457988368428 -1 478.29576059099247 131.30447661761121 -1 478.29576059099247 131.30447661761121 -1 477.43441911117361 133.78604053018023 500 477.43441911117361 133.78604053018023 406 484.09468181429355 133.67356277014494 377 472.39667916469091 136.30694869118648 75 472.39667916469091 136.30694869118648 170 494.32582810657129 137.74696833128002 -1 463.22841798709158 143.41989629879086 -1 465.98346937290449 147.64504581425692 -1 494.33177846975957 150.49473725077885 -1 474.25367022620486 151.02209440234498 -1 495.97691823771538 155.55880796386504 -1 485.37675130938322 155.62611097908189 202 471.73965548893432 159.71283315705642 56 484.69004969819383 160.17939041210457 265 484.69004969819383 160.17939041210457 -1 494.26682053770861 161.72916587133176 -1 480.69337464219359 162.02861253834951 478 497.52980057746407 163.15358020582374 -1 484.73466686104723 163.26105902386402 31 496.01875951537971 166.53213211527373 -1 483.08756082485831 166.42739291023565 -1 480.68346230343803 167.08369805013899 447 499.27687261496487 167.48298289156375 -1 477.88422434184685 170.02015571119097 497 499.94590986566322 72.426063334490763 435 499.94590986566322 72.426063334490763 366 468.6535627167188 77.039641959121781 -1 464.57893682501521 80.045160285911251 80 470.2066073224853 84.597464536929195 -1 496.52153520478487 87.962661558503669 -1 475.53296823589449 90.046340822266473 -1 485.55205391696262 91.613378946087863 160 470.23762278811631 91.772619390327364 415 495.72900939536254 92.179299106110477 -1 473.78245029952058 92.345409580298195 41 478.98401287807167 92.301329477609073 39 463.67466225413995 97.297651303882873 -1 463.95717079203916 103.26036528220388 293 492.99725202662387 105.74826512106401 -1 470.02285022655934 108.27008163301976 553 468.08096402926446 111.66645493571366 -1 482.3602534476006 113.72562184807997 67 465.5267189781984 114.44005728137566 424 487.84861488270218 123.80360317429249 -1 471.37396721642938 124.29804515669724 91 470.35837524654221 126.22456865634598 71 485.46846517647947 127.56072743768063 45 470.1409113060331 128.60031357337783 73 473.74057320982337 128.76928298283516 511 468.54513883072923 130.31362188525551 249 470.1785267524121 131.01413213512188 169 494.2335594619604 142.50929112265666 -1 481.37961815279419 143.81613938644915 -1 481.74668902352028 146.30403746970651 54 478.68584540839521 146.52236281578789 26 478.74994106483615 152.75460315456405 -1 475.9763890282382 155.87291040972983 373 477.87352614547592 164.11191147531406 207 474.5935687042861 165.15094733150903 78 479.45991300261369 172.18867291171665 96 479.45991300261369 172.18867291171665 97 479.24849327467103 175.48244289535165 510 464.15270000410061 88.714659708990439 100 475.65989744324702 90.060848613996853 -1 492.76767418215104 105.33319217043484 -1 482.86771846540302 106.32584875195485 -1 482.86771846540302 106.32584875195485 86 472.47715621908571 106.71140222831396 88 464.54967153279955 111.68143114224407 407 464.54967153279955 111.68143114224407 212 465.68452807631638 114.89820815396689 -1 463.22589896428866 116.61352486373914 -1 475.30831543440149 117.7759015027673 433 485.24052044422638 122.74588396399977 -1 485.24052044422638 122.74588396399977 213 497.81907899756357 128.9241182740279 555 471.11700559039281 152.19379949212376 178 470.47728481130304 176.5578162413218 556 472.08538913149738 78.331477051427157 483 464.11024589944975 84.482298716116588 105 467.23964794469197 87.314379811040766 99 492.9891137650074 89.450455361301863 -1 492.9891137650074 89.450455361301863 -1 497.7850462676717 98.425826343382539 557 481.18855258348532 110.74871302347196 569 470.3206872710615 113.48324411613716 102 463.0384726074434 96.692050952050153 -1 463.0384726074434 96.692050952050153 -1 497.02808646977121 104.88707100497555 558 468.09251071189692 109.45653613895335 108 474.8209718366133 110.99732524922422 101 480.4952854399225 138.32280081677337 177 493.41552990748102 151.89765270621686 -1 472.30195025807586 155.38984402198514 -1 472.30195025807586 155.38984402198514 -1 479.37955423674089 160.95298497308346 104 479.72584643797791 166.04215202227476 384 467.43608318898015 166.89437411928236 -1 473.08957536747874 169.72011271753624 116 479.49612513794335 82.608404033356663 371 472.40256370536531 83.389783512996971 486 480.54906064984425 90.47329508129252 106 476.03869521615991 95.710473675608483 112 497.12760635711862 98.435680164957105 -1 467.20832037236869 99.863416764549214 441 470.56135509430533 135.52186029611178 -1 482.94486277134939 153.21216497534317 370 467.22756006857333 158.93037880056701 -1 484.31694959354684 159.47523334813908 544 497.412288802592 174.21453870133411 -1 466.20065537200003 94.36000601185458 119 466.20065537200003 94.36000601185458 -1 503.23908634231418 153.39914083490382 -1 460.81609380484565 155.1428527734688 -1 495.20100343567003 91.176670085448208 -1 487.04540107828984 100.06977282117174 -1 470.75643345373101 135.60838652217365 -1 469.36233922625161 175.34285350871181 -1 492.0931253546434 82.30907359704031 -1 492.0931253546434 82.30907359704031 -1 481.4196209279566 126.29821824306394 -1 481.4196209279566 126.29821824306394 650 469.57868142795206 175.09696040381669 -1 473.29455569983259 114.10885316645548 651 457.50014959598809 159.37658694463835 -1 490.48483210148174 84.311149303866827 -1 490.48483210148174 84.311149303866827 -1 
44 0.98772918236306195 -0.048601789904675972 0.14016539158821179 0.048811794961693668 -2.5557829646813741 0.054190800232892029 1.1582868980990531 1 video_01_frame_0092.jpg
462.77345047909091 80.553800231188859 34 495.16689389394679 83.488268890065513 2 481.74820383244173 85.14678273785843 256 486.90459174812474 86.099211048943545 142 464.16257324414545 86.301093617712226 523 464.16257324414545 86.301093617712226 523 484.9206663933881 86.172571134915273 430 480.27931524602133 86.624669506677463 5 478.64010373773749 87.396496003492842 546 480.09391109386843 87.994263811419387 5 464.36575689254238 88.479458447551053 499 494.53894449481436 89.740449074093334 449 494.53894449481436 89.740449074093334 426 480.02170889043026 90.154462406131756 493 476.84986825426114 91.519190786467576 10 476.84986825426114 91.519190786467576 9 480.16696343389162 91.908755245996417 493 466.14982305397967 92.968628024198068 545 466.45655222093347 100.5662181214409 161 498.61860305385301 109.96215498951395 652 476.68524860874902 110.55776564877533 258 476.68524860874902 110.55776564877533 16 474.29848547349974 111.35328535486029 17 474.29848547349974 111.35328535486029 18 498.82113797539211 121.794502354971 376 498.80779066903574 124.04557230193208 -1 467.46715756308623 124.17461670907237 43 467.46715756308623 124.17461670907237 44 471.34884553912497 125.33403503501778 21 471.34884553912497 125.33403503501778 22 487.78195316109174 125.68628155676177 19 487.78195316109174 125.68628155676177 20 476.79837310370749 127.97134946331747 129 498.81975200052142 129.43125654242613 555 469.33119734676961 134.39191246883996 401 469.33119734676961 134.39191246883996 401 481.75318412726546 140.7245171215113 133 475.1505285157134 142.00590850710719 490 490.56149182329727 141.93660439806644 154 499.21359028815095 145.65351584815852 -1 467.26966625152426 146.04800053859279 -1 468.93919529864252 146.11216859259503 55 499.34492393297546 147.74432950915173 -1 463.24259987294226 152.2608493636757 524 477.60570845450883 158.34292075676913 29 470.3071454418519 158.60542823600181 158 465.53939630299885 165.45168645072579 521 475.36445088864076 166.73257950770849 358 475.69741573210626 178.64088465543819 274 446.86708697497534 206.52904566102558 425 496.63464757804843 74.454948575765243 495 493.54321933523408 75.788737354441963 268 491.47179071960932 76.38119520914087 268 488.38338472724996 77.029842785167432 443 483.55002141386763 77.689054814747962 313 471.41501349445912 84.050450240408011 474 495.57251345102384 86.0768376566119 4 474.74477683359464 88.563897201897788 64 489.09459066863593 89.900747161782618 148 489.09459066863593 89.900747161782618 149 496.22322487992648 89.85428667301791 -1 496.22322487992648 89.85428667301791 449 489.86701965375596 91.506108873422107 160 494.43611247689461 91.771861444711845 418 483.87144863669414 92.78006235345606 39 478.94452453771817 93.238973432308995 40 478.94452453771817 93.238973432308995 41 480.27203765412293 94.317205216835077 288 467.28527368640948 95.566752215875169 344 474.82174323632211 124.08808139165052 330 487.97677211880836 128.21711281590521 151 470.11724162274641 132.93814474509477 -1 470.11724162274641 132.93814474509477 295 482.55237825392021 134.44062526558173 500 482.55237825392021 134.44062526558173 406 480.42420199468967 134.63697477407683 500 480.42420199468967 134.63697477407683 406 489.34608343957854 143.17344793700812 209 475.79920997540114 145.47904052017881 363 464.47895658423982 148.21549091569594 319 484.67389426046356 148.58482853661064 356 496.16484801857814 158.87857662855359 -1 498.69743534041083 164.14711627178329 -1 465.97890164680928 169.73196626858694 -1 482.51654320795211 170.95358433850447 497 466.31083143062057 173.08479248601671 397 499.98688638862723 73.081382284760721 435 499.98688638862723 73.081382284760721 366 465.00971871284099 81.619322895953928 82 460.77518882912955 85.399682145271839 83 472.86808960352056 86.291301472774535 -1 476.72383429801329 87.83261291164817 637 476.72383429801329 87.83261291164817 63 468.98690887463903 93.032575408729812 65 466.6895248670362 99.794163762872103 161 498.25319471278976 105.33039821522024 558 485.17620045221668 107.36448401112472 432 485.17620045221668 107.36448401112472 87 466.59790236922726 113.84273701334574 89 466.59790236922726 113.84273701334574 166 487.37767532073616 113.88713561824315 67 466.65276282449349 121.72839037602959 68 476.4309369673922 125.7380746295712 91 475.02155999458017 127.99828637625248 71 475.02155999458017 127.99828637625248 72 473.98214349826202 130.32008417252732 73 473.98214349826202 130.32008417252732 638 475.10477105482096 132.91760194093675 169 467.14960978826156 137.28964634676882 548 480.08245667372211 150.5978934556083 94 489.10795502635801 152.22309054979937 456 480.70585183943325 157.01399514084798 373 500.48046574523261 164.76893858311507 -1 478.82521131421328 166.66078192938787 78 468.05174771448048 169.0384766871727 498 483.95243533997058 173.04373111728125 96 483.95243533997058 173.04373111728125 97 468.68475589071124 81.712289779108232 80 468.68475589071124 81.712289779108232 81 472.71491850477128 86.365312903150937 -1 463.32553931944318 86.744670955634518 523 463.32553931944318 86.744670955634518 523 474.98730734907446 92.708999143983789 735 461.43335494889584 99.831473309390176 113 487.91882928271633 106.34859424523191 86 477.3767216048879 107.9872185781736 88 468.69686888053303 113.9974212499352 407 468.77571941892415 116.89700941095276 424 485.33522876447091 128.36089292150621 92 475.77037946382535 130.33818666969523 537 475.77037946382535 130.33818666969523 367 465.62707584110581 135.38336159016916 332 480.81349378236962 138.51332475454529 343 501.31882715235122 151.80914938453012 427 478.65944827471253 155.37169501615114 95 474.49795001209702 178.9673974317713 556 467.88515429547624 85.98898755456068 105 467.82008760061905 90.454698249675616 100 468.90780503933848 106.27056585837539 293 486.12674380702526 110.51665607320932 569 486.12674380702526 110.51665607320932 569 474.55932076008844 114.94495112287888 102 481.2577909563073 115.71366700989047 109 481.2577909563073 115.71366700989047 110 475.30296301029716 118.52672870773065 646 464.0123724271445 123.61777553108207 248 464.66415811422246 127.94231815336742 114 475.65642115631579 153.65066001005874 178 465.89925293937068 156.51523676780303 400 477.22599207464719 157.06038887009981 103 477.22599207464719 157.06038887009981 179 484.14051941491221 161.42372004103714 104 476.89585401427473 79.375641147159769 483 471.80811811937411 88.503574426782023 99 496.8505031442478 89.066340924752865 419 485.48409777788669 91.071733413884118 106 468.92528863926441 106.27223859652804 -1 467.95586154480162 110.05308848270644 107 484.17552404008245 167.11621778789427 384 467.55485466546929 178.12332049340085 181 484.94543909232573 82.901476858227696 385 477.6807630361422 84.299044140549753 486 485.51308061674683 90.728441708341308 106 480.57724784658802 96.589829042474733 112 471.51883423375477 101.79561941863811 441 487.17985287023583 153.57211083383072 370 489.08405143492712 159.52533172706001 544 474.38083153618197 166.30554491469741 333 477.19472983267406 171.01020226537847 116 495.42626535871045 80.362070400680139 -1 495.42626535871045 80.362070400680139 386 471.06276087524122 95.802578487740391 119 472.07667072749376 101.82770307411697 441 488.89913975667122 74.378130566143895 522 477.63414650574754 138.43303619676789 -1 468.35277068901661 162.755552940435 -1 485.04682490780152 126.60377115144524 374 492.47884313445309 82.843874311590724 -1 492.47884313445309 82.843874311590724 -1 470.97353432219387 175.13863320130764 186 481.2806028759199 71.463088833452161 492 469.04808580194259 93.932010002222654 -1 469.04808580194259 93.932010002222654 635 
45 0.98797061114538953 -0.050552385955676828 0.13851313789126857 0.046611569579971479 -2.5240232402433849 0.034719429380083038 1.1053035373909652 1 video_01_frame_0094.jpg
457.93535421562348 72.25474869563142 520 457.93535421562348 72.25474869563142 390 462.70504039332656 80.133029094633571 34 466.58631462383141 83.071542812423957 529 462.75887652635583 83.579174423309823 60 495.11200287002009 85.667953313880275 -1 495.11200287002009 85.667953313880275 -1 464.20931439464835 86.040390046842077 523 480.39289697120029 86.270168723807217 5 478.77068130081892 87.050953059400626 546 480.18010254739983 89.824176497580524 493 476.90790073742215 91.120901728235594 9 476.90790073742215 91.120901728235594 10 480.3279382457157 91.600509554539826 493 461.02771178545896 100.3555625787403 193 489.1012825593416 109.94567120376101 225 489.1012825593416 109.94567120376101 128 498.81915781455376 109.83586049113937 652 476.82634236033539 110.42488971042596 258 476.82634236033539 110.42488971042596 16 480.564788722424 110.85309253472829 340 480.564788722424 110.85309253472829 329 474.3333521114069 111.14200238140018 17 474.3333521114069 111.14200238140018 18 498.97979363140956 121.49414128293078 376 467.47925169540406 124.12600907530039 43 471.34187620953651 125.22743104034318 21 471.34187620953651 125.22743104034318 -1 476.921735125787 127.96114738933316 129 464.72299617941565 132.74283599547863 -1 469.41133415610477 134.39868639496058 401 469.41133415610477 134.39868639496058 401 482.10093692143141 140.85482967376115 133 489.68151414175651 143.04794246867155 209 473.18597948813328 143.37639556609551 451 488.5728500426784 144.34345203812168 209 468.89922546169305 146.16421234343875 55 468.63606648166467 147.55105588144818 530 466.57057516280275 148.55611969561571 134 463.35347138566158 152.40579172413291 524 488.99043243666915 154.33564001223388 324 488.99043243666915 154.33564001223388 325 482.79229941845881 158.21790246595958 203 471.8204903274891 158.64266582178524 158 477.66729025200823 158.49679011907281 29 469.84625300119791 158.96164077396807 158 491.93566617668745 163.91320271722472 -1 465.58819549599593 165.79644324284141 521 485.39359399056133 168.37896680709102 447 481.01145486934985 171.03222860286277 165 474.52932061045118 174.66614320507139 448 475.64193781115387 178.8437339567316 274 482.6747035772832 179.98743882854407 33 445.98017983202476 206.52824641247014 -1 445.98017983202476 206.52824641247014 -1 447.73352369602327 207.42953240070455 380 447.73352369602327 207.42953240070455 425 451.84325130324976 209.11859690770029 -1 451.84325130324976 209.11859690770029 -1 495.82015272204626 74.543369835388006 393 471.48002798090334 83.687538321159508 474 495.8012353593648 85.722622063160514 4 493.8447342208388 86.703598063457051 551 480.1582409637507 87.709413543613593 5 474.83663381943904 88.201656769387668 64 478.71072968719773 88.639028047201549 37 478.71072968719773 88.639028047201549 38 491.90777227763016 88.844620338020576 189 476.83448444931099 89.27780952004457 146 476.83448444931099 89.27780952004457 147 489.31088586465211 89.49951635457802 148 489.31088586465211 89.49951635457802 149 496.40944561524685 89.724613235632603 -1 496.40944561524685 89.724613235632603 449 490.06115372373733 91.246578200099378 160 484.06023252101255 92.457282020865591 39 479.05557801125013 92.89931644988485 40 479.05557801125013 92.89931644988485 41 467.40626298712095 95.237836742425571 344 483.20503747615953 110.08559764686068 150 487.95620225783011 128.20588192696107 151 470.14951193669538 132.87076717402522 -1 470.14951193669538 132.87076717402522 295 482.75100687882752 134.45680795922442 500 482.75100687882752 134.45680795922442 406 482.89693177177844 136.1249179595728 357 482.89693177177844 136.1249179595728 25 491.87382124103283 140.82718963062965 154 475.26825039311746 142.35559449561802 490 467.29629464470798 146.17217555035245 201 467.29629464470798 146.17217555035245 -1 486.30227034365748 146.85552190738238 54 483.66478715313349 147.44517848563365 26 472.01770330357954 155.27035458015123 364 473.64171815042272 162.09566954362077 210 466.97596852509247 162.65485773278641 484 470.74886971303789 163.13516983192378 58 480.93889071386991 170.98298812253822 -1 466.41825366266659 173.46956765937895 397 500.11203160307588 72.668415481028632 435 500.11203160307588 72.668415481028632 366 465.14898396660698 81.399228122041961 82 460.7595340892089 85.088000238724575 83 472.913126326623 85.959162605236429 -1 476.80041396504237 87.461266924704177 637 476.80041396504237 87.461266924704177 63 487.23442058347501 88.713761006418309 413 474.96872932925015 91.603910238099132 735 468.9678451869961 92.723278230624629 65 466.25599095922354 105.10310421897202 382 498.54849610440033 105.12041636420985 558 485.37431029197342 107.14307636231604 432 485.37431029197342 107.14307636231604 87 466.59697696671128 113.66406738315135 89 466.59697696671128 113.66406738315135 212 487.41433812515118 113.84491403133296 67 468.8077697084579 116.11913369169311 424 469.46335805882205 124.39422054776702 468 476.47099651274596 125.70946318507973 91 475.17098357079976 127.93911404980537 71 475.17098357079976 127.93911404980537 72 474.0874114695622 130.36104914306404 73 474.0874114695622 130.36104914306404 638 475.20780916136459 132.88562837940393 169 467.14826626900253 137.3111328845302 548 478.67193271468233 138.14732769997178 75 478.67193271468233 138.14732769997178 170 480.16530399970219 150.80384379640492 94 480.80404042727145 157.20210250071938 373 500.7528174855496 165.25294062557523 -1 479.0167316378371 166.94723743861007 78 484.17685342156085 173.28913246185203 96 484.17685342156085 173.28913246185203 97 468.68181853989432 81.334469244275141 80 468.68181853989432 81.334469244275141 81 472.90081604115028 86.042566793340683 -1 463.38673486506343 86.448379825794149 523 463.38673486506343 86.448379825794149 523 498.37123977316099 97.597955748974854 557 488.11099065285117 106.14098846301911 86 477.55072205915798 107.82111070310309 88 484.40837795097838 107.4137884042829 87 485.40185948975596 128.37781386617058 92 475.70537223315608 130.526933921047 367 465.69897907729973 135.44027297510283 332 481.53723602130481 152.85731814372193 -1 481.53723602130481 152.85731814372193 -1 462.68341926518195 153.33763065798641 524 465.19637008770485 154.4842782010457 -1 467.83305715357847 90.15443899847449 100 486.224631574547 110.62381475316498 569 486.224631574547 110.62381475316498 569 474.58398590765773 114.81115448991238 102 481.45187145693922 115.55490815047226 109 481.45187145693922 115.55490815047226 110 475.22696916770809 118.3544994099137 646 463.99181754355823 123.44655528710499 248 464.66321299067994 127.92153554858925 114 484.05401642410669 138.8834952297608 534 475.78554022620585 153.68509339425557 178 472.55674074877749 157.84066823347806 252 475.97549054040763 172.96045960436629 515 474.28149100993073 179.28514170235769 556 476.96037032578607 79.027101558221986 483 467.8373256371853 85.604978066457932 105 471.86750029806552 88.304835068460264 99 497.08935718579738 88.761056654838555 419 485.67146371098386 90.555463187304426 106 468.13334496348466 109.94163447577458 107 479.88852254003791 111.63389419904199 101 484.23269136491314 161.86552228436528 104 484.31430252766569 167.4047233649213 384 467.59906512415262 178.49984142905373 181 485.03524080637186 82.558450012604112 385 477.62510840493616 83.927166981270233 486 480.95088582297211 96.208243767299578 112 471.13187418874242 101.5548237278831 441 487.25743108311156 153.72325058458449 370 474.54617546285203 166.52656885377775 333 477.31794835671826 171.31962475122873 116 495.58367409875785 79.972202992903959 -1 495.58367409875785 79.972202992903959 386 471.17304925255786 95.560480462194505 119 471.91822545389567 101.58823923523543 441 489.13942300718981 74.014564494603491 522 477.9839580633049 138.42357114662201 -1 459.68529851671047 157.5447358291552 -1 468.36173608355114 162.72337050443934 -1 493.23112524798847 82.05913852905806 -1 493.23112524798847 82.05913852905806 -1 485.18557210719797 126.55540997574823 374 471.0099265703314 175.41426779902304 186 481.29749197767933 71.017682859745491 492 469.17303611204892 93.624540140183242 -1 469.17303611204892 93.624540140183242 635 471.12469289021664 175.33011849131276 186 
46 0.98855834873619386 -0.049209940519444759 0.13551926504969206 0.044331723386689746 -2.4620777439710402 0.056335023327009771 1.0592419599831757 1 video_01_frame_0096.jpg
458.228965053499 71.486805813273577 390 463.10262496525655 79.661541822158185 34 482.42087520184481 84.320619045273716 256 480.9880392663265 85.847323698598586 5 480.80841985682082 87.205147994673879 5 491.14217176516161 87.301681501058042 123 493.03668395338138 88.286519390057975 189 495.35508085955786 89.027996896367938 375 495.35508085955786 89.027996896367938 426 480.7571421849492 89.424178051566429 493 467.86707387337867 90.858830549454666 545 477.51474646331104 90.755416618059769 10 477.51474646331104 90.755416618059769 9 480.89419608799005 91.194313370773955 493 474.0071925379969 91.694184087291575 -1 489.72831848342742 109.51240036092364 225 489.72831848342742 109.51240036092364 128 499.47159349043841 109.50808041899931 652 477.42191910108176 110.05929075369689 258 477.42191910108176 110.05929075369689 16 474.90563778122845 110.83837617536091 17 474.90563778122845 110.83837617536091 18 499.64412618819387 121.18295543621846 376 468.09803038240136 123.90278617927535 43 488.62112970554222 125.30260509006405 19 488.62112970554222 125.30260509006405 20 477.48174104747471 127.72612310051876 129 477.48174104747471 127.72612310051876 502 499.72879713712217 128.90665012027742 555 488.42313384391849 134.07678314861298 377 469.94869215074078 134.18873911224034 401 469.94869215074078 134.18873911224034 401 475.7868397645052 134.72619667049881 488 483.44171165124169 135.85711309474215 357 483.44171165124169 135.85711309474215 25 471.81934128062829 137.82830118741194 164 466.74657844645344 143.02049756725117 323 469.44885119816956 145.90834213473769 55 469.39483412010628 149.93046878459774 -1 471.74284311665127 151.82655251349121 28 463.76342775132156 152.249677198287 524 489.65986457767457 154.25401411976131 324 489.65986457767457 154.25401411976131 325 487.22979588701486 157.52315089950889 389 478.28896409944474 158.34495401501215 29 472.30646099003121 158.45962681497448 158 500.03762558462864 158.9677715488188 -1 476.76468728462453 161.65209417697946 56 466.10345338518607 165.51591193499218 521 433.9892839763375 197.50937524560095 -1 526.34125307834211 200.24616009948443 361 449.24718124071882 207.80437788420295 380 449.24718124071882 207.80437788420295 425 451.25031592245205 208.64478008888739 536 451.25031592245205 208.64478008888739 -1 497.87336666070422 73.467791094096341 495 496.1812639735042 74.173428432763487 393 493.09327936915872 75.233687419626889 268 471.68673588768456 75.344817145476568 -1 487.42367427543866 76.372103403776038 443 485.02993229481206 76.712610262705283 313 495.56578527290225 82.788514133844785 2 472.00321144218702 83.228357382384303 474 496.73676772676777 85.125074301715387 4 479.32597992409836 88.22747919218331 37 479.32597992409836 88.22747919218331 38 489.94241268171481 89.064614784760181 148 489.94241268171481 89.064614784760181 149 490.64157769440521 90.752623659076136 160 495.39841184394902 90.976616449591361 418 484.55065535112249 92.07008165765302 39 479.66302292608833 92.553380213677826 40 479.66302292608833 92.553380213677826 41 480.92003547014622 93.689066162034493 288 467.90534958858018 94.922439361100629 344 471.9474825701032 124.94978100102313 21 471.9474825701032 124.94978100102313 22 488.52208598485504 127.90784087435173 151 470.67272549886781 132.58067369056855 295 470.67272549886781 132.58067369056855 295 483.34986623128316 134.16315590588781 500 483.34986623128316 134.16315590588781 406 477.48340156699851 134.40981587582669 273 477.48340156699851 134.40981587582669 236 477.54451418639115 137.55169763722708 75 477.54451418639115 137.55169763722708 170 492.31467144140623 140.55001846890019 154 475.70955398464463 141.83653372766557 490 489.20279229002438 143.98655116937877 209 484.24511943641323 147.29861288988693 26 484.97906161604618 148.89180132817441 356 470.8423874087261 163.12974444134954 58 480.63715420267886 170.09010337870953 165 466.94009946720041 173.28746325118991 397 500.71773608233718 72.189034979297517 435 500.71773608233718 72.189034979297517 366 461.27982052044183 84.634251369728489 83 473.53429801644324 85.56069789381047 -1 477.38756245623961 87.036413871008719 637 477.38756245623961 87.036413871008719 63 475.37038974253096 87.784056755239305 64 487.83069207317578 88.302304961201685 413 469.5957877262428 92.343532404704675 65 467.1667043484415 99.236905816866283 161 466.96072627756769 104.70983314297358 382 499.17746481632605 104.77011895129191 558 485.83205531744409 106.82846670232468 432 485.83205531744409 106.82846670232468 87 467.23023075029613 113.34097921356741 89 467.23023075029613 113.34097921356741 212 488.0706570075472 113.47395127119952 67 469.45059567066767 115.89317203505017 424 470.00310722887099 124.37084201540715 468 477.1424260510309 125.29678566857885 91 485.97861296577656 125.59803417163803 -1 485.97861296577656 125.59803417163803 -1 475.72002314617185 127.71020080456864 71 475.72002314617185 127.71020080456864 72 474.64231809709651 130.05292548893826 73 474.64231809709651 130.05292548893826 638 467.73786249618911 137.03485112209404 548 480.61000323807656 150.66565419684068 94 489.84320210444758 152.05678244383228 456 481.40325543533424 156.98126009727497 373 501.33415496825717 164.85102179368107 -1 479.55574531136398 166.70076958167485 78 468.77613401246322 169.45956216376683 498 484.85639597127448 173.22445158899859 96 484.85639597127448 173.22445158899859 97 478.14586008451738 176.58038679983616 79 500.68484969469176 72.167680891768356 435 500.68484969469176 72.167680891768356 366 469.26904722182206 80.880659612241885 80 469.26904722182206 80.880659612241885 81 463.90972545826583 85.990666568845938 523 463.90972545826583 85.990666568845938 523 461.94930309140852 99.24036966531591 113 488.70869049151281 105.81226298143238 86 478.08496276282222 107.45341863869577 88 469.47730434313451 116.28556508759461 424 466.18455121006053 135.21361765999907 332 481.10882233227295 138.30114096778863 343 489.71911546418318 152.06668197858258 -1 479.58203933527642 166.70883669556886 78 484.79035415225599 173.21314457679512 96 484.79035415225599 173.21314457679512 97 475.04202031726169 179.06965556281014 556 477.89663971490592 78.409934960695509 -1 468.40120906768982 89.704035812915492 100 486.90226712573593 109.94223885649026 569 486.90226712573593 109.94223885649026 569 480.86103163309758 111.11162604757568 101 474.99208639944214 114.47125467765822 102 481.8729727726693 115.26838009783046 109 481.8729727726693 115.26838009783046 110 476.05862175872562 118.11817754226615 646 464.52927276997292 123.16999066305125 248 465.21044461169703 127.6275392091791 114 476.29529583951529 153.53783331915801 178 466.43700788830859 156.58743486978554 400 477.84818049876407 78.491535453956615 483 468.39339154464784 85.138030047857526 105 472.42545121720383 87.824394689758464 99 497.70345685277755 88.248528933482021 419 486.1657686065783 90.224761698182846 106 471.95676021997446 106.45824375717024 653 468.80948525848885 109.58923093447683 107 473.07618411507991 110.9460652560735 108 485.48451564151884 138.81959492137688 177 484.7951635122788 161.67884618440797 104 484.8287980267865 167.19345190962537 384 468.09852941503368 178.33585960270307 181 485.59598279293988 82.048425694961878 385 478.32342801425523 83.457548534806506 486 486.27259987885503 89.964381966178195 106 481.41221374838562 95.845799455151379 112 471.67777048327514 101.20402196765305 441 486.28895606767958 143.2209364202653 115 487.73149015329153 153.59483638529198 370 503.57826859854032 153.41364398882871 568 489.78526583748243 159.52107571708282 544 474.996624071913 166.38488548709546 333 477.87642562086018 171.06122681744972 116 478.35677310865378 183.05681836955779 649 496.25359622916432 79.493435990647924 -1 496.25359622916432 79.493435990647924 386 471.7913295367506 95.103569934229483 119 489.7979199954944 73.536870470964232 522 478.4300073784791 138.15343927959535 -1 468.95823139950966 162.68040051933005 -1 485.71691980798494 126.19804745020704 374 506.81701199789114 157.0528800453944 460 479.51436281114036 114.45418099414198 462 471.87822650133336 175.34350798294037 186 469.42372236306875 93.281557346038682 -1 469.42372236306875 93.281557346038682 635 454.67811498478198 164.27728287647187 387 
47 0.98821311487006136 -0.049354848774342479 0.13768479289881239 0.045186682835588458 -2.4840431333544073 0.048292266354225566 1.090298190045798 1 video_01_frame_0098.jpg
458.01068356379221 69.166229641158964 -1 458.01068356379221 69.166229641158964 520 458.68739228487732 71.490148533333482 520 458.68739228487732 71.490148533333482 390 463.49078518434834 79.707799686912978 34 467.45588757235566 82.545018712180649 529 481.36107462491776 85.862148707371517 5 479.75844435342918 86.607621315473551 546 481.12830705016063 87.258368534207563 5 465.31031498026971 87.829544286029716 499 493.49924514738319 88.282379387779542 189 460.67644328488944 88.505966663522685 -1 495.79953234481053 88.957353654874936 449 495.79953234481053 88.957353654874936 426 477.86914492579086 90.788994982423901 10 477.86914492579086 90.788994982423901 9 481.26926625933453 91.208366905552452 493 464.21362817708524 96.642567184686868 13 464.21362817708524 96.642567184686868 42 484.14408045377411 109.75276568481836 150 490.07758853548074 109.68247229748255 128 499.85280918056696 109.6158121494894 652 477.77428691074681 110.07494321283943 258 477.77428691074681 110.07494321283943 16 475.33124816721858 110.81578989761337 17 475.33124816721858 110.81578989761337 18 499.92278510985278 115.37016748586151 -1 499.99541319745896 121.17980611466012 376 472.28610111011642 124.92318445216424 21 472.28610111011642 124.92318445216424 -1 488.79931888057263 125.34627255978484 19 488.79931888057263 125.34627255978484 20 488.74232430328772 125.38099018484348 -1 488.74232430328772 125.38099018484348 -1 477.85148038550517 127.57561987389343 129 477.85148038550517 127.57561987389343 502 500.05161082153751 128.95216129272126 555 465.7727819413397 132.73567973554577 -1 488.91460986850842 133.95354382900331 377 483.8061377006797 135.86400667790508 471 483.8061377006797 135.86400667790508 472 490.80156273988302 140.51781804216577 -1 483.98343457440194 140.92027746926371 133 469.86607695731448 145.77626270021494 55 500.5352261120396 147.2994235072712 -1 489.97679474996573 153.98527638145742 325 478.62239302111647 158.19939048396492 29 471.13692603509213 158.53696702485644 158 492.29350796149913 164.34457456099349 -1 466.56929510565573 165.42637694159714 521 466.75082853418269 168.10341474921776 496 449.16934795630272 207.36249440940696 380 449.16934795630272 207.36249440940696 425 450.20268795195136 207.87958108187803 -1 450.20268795195136 207.87958108187803 -1 495.45815197928624 74.731889820162166 393 493.38466283903392 75.2119918380413 268 491.19136179984764 75.738986812221057 423 463.68843676345631 82.990784419740208 60 472.41854911023131 83.238065085159064 474 488.17096710542353 85.151921310056935 142 496.78277632207812 85.248913634327494 4 475.77655364134881 87.869804544649298 64 477.7944378620715 88.793380771099507 146 477.7944378620715 88.793380771099507 147 490.27584993550562 89.094698329167301 148 490.27584993550562 89.094698329167301 149 497.38467437345315 89.248993592056209 -1 497.38467437345315 89.248993592056209 449 491.08572027662751 90.745609449689368 160 495.63708422355791 91.057135200523305 418 495.63708422355791 91.057135200523305 426 484.95828937264901 92.085981401603789 39 480.04684569733416 92.521006005080807 40 480.04684569733416 92.521006005080807 41 468.24216438234475 94.850417149363039 344 488.80567255816226 127.93066181490163 151 471.0708511822391 132.5277834215949 295 471.0708511822391 132.5277834215949 295 489.79188964281059 133.26149972876453 377 481.55950233569644 134.39806348429514 500 481.55950233569644 134.39806348429514 406 471.59692639532392 137.63877953432154 164 489.51951690495292 143.80167487505 209 488.11461267896414 145.64610824282735 54 471.59178852758788 147.29493758727889 530 467.94630184571719 162.27693940017184 484 471.34780381085329 162.92128535995812 58 501.59937885893549 164.3997751272916 -1 481.04888892863858 170.03209778113052 165 467.41318183457003 173.17010327012292 397 501.13667062194156 72.135741397573966 435 501.13667062194156 72.135741397573966 366 466.14574203901878 81.108613500342727 82 461.72462346201326 84.708919524156983 83 473.90245496509675 85.524465963242264 -1 477.77037284514569 87.05481055021734 637 477.77037284514569 87.05481055021734 63 469.95162710991377 92.331629732562646 65 467.53524901106192 99.267588050629769 161 467.36138791279745 104.7125460712235 382 499.59183640804076 104.71095477712397 558 486.31015046045155 106.79929328128843 432 486.31015046045155 106.79929328128843 87 467.6413339349246 113.36078213118407 89 467.6413339349246 113.36078213118407 212 488.43473441250831 113.44988681882452 67 488.20920425941148 122.49935746247941 162 470.45844462933212 124.22187001082877 468 477.41561450221496 125.5179091637614 91 476.06624192031182 127.60195773334982 71 476.06624192031182 127.60195773334982 72 465.44999221309433 130.09006204249295 -1 475.06383596782462 130.02467283004228 73 475.06383596782462 130.02467283004228 638 476.17838136163641 132.57773039942893 169 468.1479499068015 137.04379748654017 548 479.9429396052256 143.97326345298046 -1 481.10462639330376 150.51730323493288 94 490.46031620303444 152.02978174285312 456 481.80981032568667 156.89517009398651 373 499.99679161747042 163.67442450415538 -1 480.03103922769958 166.55989286846213 78 455.93589462965144 209.44745795221911 -1 469.65340891425848 80.945943168983234 80 469.65340891425848 80.945943168983234 81 473.70685868803554 85.611082578162893 -1 462.34545773618339 99.235360508829672 113 489.11368711094406 105.81683405933781 86 478.3824723076437 107.43160174877571 88 486.41610754899443 128.02291203221898 92 466.59510718707992 135.14721950307541 332 481.13873572244836 150.52004012009283 -1 463.66998235478007 152.86156034315928 524 473.68928779639435 157.52849675390496 252 485.0800492089391 173.02106061044722 96 485.0800492089391 173.02106061044722 97 478.49591276125943 78.435718979579661 -1 464.43132760477204 86.049115001279148 523 464.43132760477204 86.049115001279148 523 468.79073838343606 89.755851108348836 100 487.27699820681136 109.89525884306647 569 487.27699820681136 109.89525884306647 569 475.4418761317076 114.49199204170594 102 470.16622727505535 116.61925935142952 424 476.39624289472681 118.04322786832948 646 464.94722750438007 123.06796328565497 248 465.60441136945514 127.59422893534705 114 476.72926511733829 153.4775613306208 178 478.22170345065842 156.88366191392564 103 478.22170345065842 156.88366191392564 179 494.22737917864663 161.28950864664782 -1 475.08977014587975 178.95198344915877 556 478.23905965933318 78.514298440844229 483 468.77490775218268 85.230549874426544 105 472.78175000819198 87.742688091189621 99 498.09806492222373 88.289133441150199 466 486.50441404485184 90.173864774747642 106 472.42737588933528 106.49362068802239 653 469.24387143530242 109.59478191483313 107 473.30630467510179 110.90869251891519 108 480.88830550990656 111.22832958607111 101 482.50064235556323 115.22971750024863 109 486.1051641258677 138.7412352456189 177 485.23034815005724 161.54302242074039 104 485.32692144557183 167.05587326553348 384 468.59456985998213 178.10309827722403 181 485.8071605142178 82.149166646286062 385 478.83351395504428 83.493131204831087 486 486.63674488116436 89.966404071377724 106 481.76112030461275 95.896223777957943 112 472.1391531068669 101.24794042193651 441 486.45135802885579 143.25535055427162 115 488.22807724330238 153.4852368162982 370 462.29974508385919 154.63953991992949 458 490.22437647036878 159.44910613272157 544 475.59997009335365 166.30723229011485 333 478.27223578191865 170.95800544172826 116 468.76039820985801 178.11238991723451 -1 496.64076032955234 79.523383809415392 -1 496.64076032955234 79.523383809415392 386 472.18057797568412 95.159552393659965 119 478.80381324840505 182.6576274458659 649 490.01413142513775 73.607243480755074 522 478.91062812599313 138.10091770141426 -1 469.41577540334043 162.48922396364719 -1 485.97319198311652 126.41993494749678 374 507.11694511250835 156.86384344746148 460 459.37388960173411 158.85495031932351 461 480.01413183273411 114.36206101631768 462 472.36209131215367 175.11537256572493 186 482.6581265772661 70.539852980931329 492 469.99085176997602 93.242271857235323 -1 469.99085176997602 93.242271857235323 635 454.08635879872617 165.19608808547258 387 
48 0.98820432768323185 -0.048521630937515929 0.13803841127709016 0.045202379266939784 -2.492088150221174 0.058574884094423144 1.0807293334010812 1 video_01_frame_0100.jpg
457.72268179121704 69.831770923217633 520 457.72268179121704 69.831770923217633 390 463.52672045199375 79.737643592057964 34 465.01667760120665 85.518088188893557 523 486.02060991842171 85.570915681245026 430 481.18391713843602 85.844270871482621 5 479.60575758757432 86.588472971044666 546 480.96667353797926 87.174185138833082 5 460.60011270665842 88.611904451894219 -1 495.60246296485877 88.886045853155338 375 495.60246296485877 88.886045853155338 449 480.94511020137833 89.434955625462351 493 463.60399140249541 90.402151787017573 11 477.70232677126762 90.754597569429805 10 477.70232677126762 90.754597569429805 9 481.04537493980206 91.118049020603706 493 499.69386905838292 109.42141434820294 652 477.60244326531648 110.0414680309617 258 477.60244326531648 110.0414680309617 16 475.13645738185403 110.78930601204101 17 475.13645738185403 110.78930601204101 18 499.9130475036186 121.02780207017929 376 468.39828949020239 123.78764178505369 43 488.71729347438594 125.22199888344768 19 488.71729347438594 125.22199888344768 20 477.72003008012655 127.68476037398014 129 470.2351531160453 134.02684219873814 401 470.2351531160453 134.02684219873814 401 471.42307076863176 137.4125254516739 -1 471.42307076863176 137.4125254516739 -1 493.26600752994449 139.86551045824552 154 473.95572953764326 143.01816715002988 451 469.66933127882896 145.65319919028096 55 469.53227608741958 147.17707388361615 55 471.28170436449722 147.14876835602945 530 489.82998815048046 153.88828692579605 325 487.50591144546848 157.25852265832145 389 472.66081462429798 158.27620323122389 158 478.63774373434632 158.15331343058085 29 470.86907884555649 158.52080636901277 158 500.37693139661587 158.85041768210894 -1 466.51838984626932 165.36622499599443 521 476.38933389426984 166.58227906185081 358 481.97884612632919 170.61996724476245 165 481.36217477035024 173.76767474109386 -1 475.26485465016987 174.36915445703255 448 476.72422947442612 178.506814938475 274 435.14366251968084 198.06241520351176 463 449.13282890694444 207.24409474725528 380 449.13282890694444 207.24409474725528 425 496.20818079525861 74.232768038760625 393 494.1728048782773 74.961218301406348 268 488.21650905863487 76.308954779261441 443 469.97478233845425 76.949504512884644 -1 472.24660057557742 83.254855113979119 474 496.62003605723277 85.242668414644015 4 483.47336129411929 85.862403562069986 645 468.64667220993539 87.74656349360005 541 475.61334053488883 87.759247492913943 64 479.53458297342706 88.197240194518059 37 479.53458297342706 88.197240194518059 38 492.77609818364982 88.373175366557405 189 477.62230284882014 88.730869013696122 146 477.62230284882014 88.730869013696122 147 490.16928792951194 89.016835309792754 148 490.16928792951194 89.016835309792754 149 497.30352265870027 89.247412743912093 -1 490.90422299566632 90.663948195980026 160 467.27637092372629 92.093103223186645 545 484.78455242430141 92.063064598843994 39 479.88357633310039 92.489910810348675 40 479.88357633310039 92.489910810348675 41 468.04111819470705 94.808777910028738 344 483.95621193215874 109.73285127821877 150 472.27001333260233 124.8686297495781 21 472.27001333260233 124.8686297495781 22 467.78860992701061 127.81052074021386 46 467.78860992701061 127.81052074021386 47 489.00026928908591 127.75498876840858 151 470.98578560919623 132.5755516564183 -1 470.98578560919623 132.5755516564183 295 483.45333119983377 134.16121524910159 500 483.45333119983377 134.16121524910159 406 481.32533278700828 134.29432964735153 500 481.32533278700828 134.29432964735153 406 476.01920597043903 141.74519576675408 490 484.53237907620547 147.05548985537138 26 485.307931898346 148.61798719006876 356 471.59332203158857 162.64733381129884 57 467.34267682203756 173.09936270424333 397 500.99282883002894 72.078197526349541 435 500.99282883002894 72.078197526349541 366 465.95438545089968 80.948625955007813 82 461.644573372205 84.796238725173396 83 473.7167434212065 85.439425995041759 -1 477.601230486693 87.044948185348574 637 477.601230486693 87.044948185348574 63 488.05670755449637 88.2644951776536 413 475.7621231408711 91.01440397473371 735 469.7522574491058 92.238881379374931 65 467.42472936260293 99.243934752037518 161 467.23954877602529 104.66323484865266 382 499.39118801601086 104.62374187175854 558 486.16903135658885 106.74036951414155 432 486.16903135658885 106.74036951414155 87 467.49873314287913 113.31996685992557 89 467.49873314287913 113.31996685992557 166 488.2668110745733 113.40464960587396 67 469.76602345350437 115.8067660656136 424 477.34955374184972 125.20723983236186 91 479.4504665834092 126.05351049707798 464 475.97884758053999 127.58554735475411 71 475.97884758053999 127.58554735475411 72 474.88033440688372 129.91641090128351 73 474.88033440688372 129.91641090128351 638 476.04276125635658 132.50349058971156 169 468.0116044773356 136.91651817889274 548 478.97186972894843 137.69868837109647 75 478.97186972894843 137.69868837109647 170 480.90894453351046 150.49723252913509 94 490.16660053208909 151.9351169417167 456 481.67926885995325 156.86233687633208 373 501.5425571832281 164.65685354603562 -1 479.8669514901494 166.39244499171713 78 485.06865094524289 173.05774438946844 96 485.06865094524289 173.05774438946844 97 456.46787149505826 209.48784753867113 -1 469.48639242545477 80.8897883292926 80 469.48639242545477 80.8897883292926 81 464.29411103067838 85.95942252872689 523 464.29411103067838 85.95942252872689 523 499.33063380779157 97.245176365001072 557 462.25050758394815 99.245738604489361 193 488.91529760113343 105.7311578252874 86 478.35288989203195 107.37411105948091 88 469.82411872067007 116.36472346405135 424 470.77639155374123 122.67368989739154 468 486.27913354467591 127.87945412260387 92 481.08639697709452 138.07441935089176 343 499.97033727855455 153.21743957566667 -1 479.74679990548952 154.97707391543318 95 473.75648453237949 157.4773356621329 252 501.8738033160048 165.12687397550579 -1 485.06604730587242 173.01937694567027 97 475.37528832525965 178.88920089374602 556 468.60305214361807 89.711358089570268 100 487.06326536580349 110.1946008175843 569 487.06326536580349 110.1946008175843 569 475.35462444054133 114.44128862113459 102 482.17687215283331 115.18217810316374 109 482.17687215283331 115.18217810316374 110 476.1147447247256 117.92795857273136 646 464.82387150365571 122.94706402518256 248 465.49737611143797 127.5751933440781 114 466.45099997116216 135.01982010488743 332 485.18636174439644 138.59416138801836 -1 466.84714180222124 156.34394502146833 400 494.02848952303901 161.43519796712334 -1 475.21186171707728 178.93452408779956 556 477.79481154106338 78.570094350482606 483 479.44093429456808 83.516243119826044 -1 468.60249451115243 85.20135575536807 105 472.63129155419631 87.842148972033186 99 497.92115605540408 88.317091366166039 419 468.92384701270271 109.50780827390969 107 480.6912496781697 111.21468546210477 101 476.65885241594589 153.25989005615872 178 485.09240429056007 161.47195153759546 104 485.22835692064064 166.98156030505859 384 468.46294910808399 178.03491933167319 181 485.83724483663627 82.043205498714173 385 478.58120143973662 83.475317291272802 486 486.47127906511781 89.946285550436556 106 481.62613248642623 95.823839494083018 112 471.76529387939348 101.16733493987938 441 486.23295278866897 143.19318169496123 115 488.08536827573226 153.40815464651388 370 462.28657993838408 154.60898517068441 458 490.07349356890904 159.39037085989074 544 475.5755338041792 166.30035098565031 333 478.13223358874512 170.89016309253742 116 496.44769677739657 79.494717632616926 -1 496.44769677739657 79.494717632616926 386 472.03634751122917 95.07980569799733 119 478.46424911850937 138.10721721217698 -1 489.97831233835996 73.504067647843257 522 469.35049764347588 162.53316460197618 -1 485.84981742871241 126.27594185455132 374 507.10200548590296 156.90360693464854 460 459.3581140229627 158.83355144417251 461 479.73305229139459 114.29646451112177 462 472.28725234207678 175.1090949241771 186 482.64649339784302 70.427858307728243 492 469.69567329483493 93.256746288485488 -1 469.69567329483493 93.256746288485488 635 456.42138974274144 163.43497887724709 -1 
