# 3D point list with one line of data per point:
#   POINT3D_ID, X, Y, Z, R, G, B, ERROR, TRACK[] as (IMAGE_ID, POINT2D_IDX)
# Number of points: 3634, mean track length: 9.9942212438084752
1 -33.632157719977137 -31.59524494836694 65.848784812609466 16 18 17 0.50253964046764177 8 128 14 35 13 409 21 538
2 -37.726613762635722 -30.115698279286619 68.249912123048119 63 67 68 0.80699189568972141 8 577 14 48 6 594 12 626 16 703 15 1069 10 865 11 1012 7 470 17 667 18 104 20 646 13 419 1 573 4 559 3 577 22 74 5 507 34 80 47 68 40 53 37 58 39 57 9 433 2 629 36 46
3 42.336936151740773 -33.710955656256694 75.062511503121513 126 132 130 0.40213567903843739 8 168 14 50 12 55 16 54 15 63 10 869 11 66 7 456 17 87 18 94 13 39 4 168
5 -35.350974662043456 -25.966510070827866 71.592145758626785 58 57 55 0.55455416071685115 8 268 14 70 15 1091 6 869 11 1028 13 62 1 260 4 643 3 654 5 594
6 -7.0613670728091158 -4.6959747995124523 18.745132221149685 234 233 237 1.1061755521428909 8 21 14 115 6 24 12 662 10 1286 7 57 13 946 19 910 4 10 3 18 5 29 26 905 25 596 21 836 2 940 23 550
7 -7.0636117429043717 -4.696278657951547 18.746829523170145 234 233 237 1.0501366903290497 8 22 14 116 6 25 12 663 10 1287 7 58 13 947 19 909 4 11 3 19 5 30 26 906 25 597 2 941 23 551
9 -6.6525344274118909 -4.5462751294162134 19.605726673403701 156 162 174 0.61074069602899439 8 74 14 188 5 83
10 -6.5554460427764942 -4.3652009996124752 19.092434730652435 149 155 167 0.28727320074376633 8 62 14 192 7 120 1 64 4 69 6 67 3 467 5 425
11 0.14584654590076604 -4.1292156231185295 18.167707970953316 82 101 7 0.31722263484327468 8 30 14 196 12 179 15 342 10 185 7 94 2 65
12 0.14584654590076604 -4.1292156231185295 18.167707970953316 82 101 7 0.31722263484327468 8 31 14 197 12 180 15 343 10 186 7 95 2 66
15 1.8540628705236921 -4.1186183578019291 18.113608576343296 67 96 6 0.37435090558783446 8 27 14 202 6 29 12 181 16 135 15 347 10 192 7 87 1 29 4 21 3 23 5 33
16 1.8523217646380099 -4.1124716848792495 18.103124114906979 67 96 6 0.43715916497588697 8 28 14 203 6 30 12 182 16 136 15 348 10 193 7 88 19 93 1 30 4 22 3 24 5 34
17 5.3506824666081005 -4.1313840104924475 18.011615303609659 91 126 22 0.55926446198225976 8 23 14 204 6 23 12 173 15 352 10 942 7 79 13 489 1 24 4 15 3 17 5 24 2 48
18 5.4507016857407562 -4.0917125141175781 18.044245371376906 147 170 73 0.30728865123856447 8 25 14 211 6 27 12 187 15 357 7 84 16 139 1 27 4 18 3 22 5 28 2 57
19 -6.6023638423882813 -4.4127391469690673 19.5659563818995 157 163 175 1.5218544953480859 8 91 14 212 7 129 10 188
21 -6.5458526989834045 -4.2608305773219346 19.158903458139772 150 156 168 0.226143472447185 8 78 14 215 6 86 7 134 1 75 2 609
22 -6.6759275228134776 -4.2472338453781404 19.160863439107104 151 157 169 0.11465576501357999 8 79 14 217 12 211 7 137
23 -6.98458587190198 -4.346022629203282 19.560747954369472 154 157 172 1.1774197698809785 8 95 14 220 10 198 7 143 4 90 6 101 1 89 2 138 3 84 5 100
24 -6.321630427398599 -4.2393994176816996 19.320760440234935 157 164 174 0.19826709555509142 8 85 14 221 6 96 12 219 16 184 15 350 10 210 1 81 4 84 3 75
25 -6.540821651091191 -4.1660270563117443 19.237337513394348 153 159 171 0.21999173573257569 8 90 14 225 6 100 12 226 7 149 1 84 4 89 3 79 5 95
26 -6.653194357709828 -4.1353502467266807 19.205163730791437 153 159 171 0.21162551970917087 8 93 14 228 12 228 7 151 6 103 1 87
28 -6.3161203677415223 -4.1464425088883647 19.397841453145958 164 170 182 0.31232448496385917 8 102 14 235 6 111 10 224 1 98 4 100 3 90 5 105
29 -3.7161153981732862 -3.8716164832436806 18.401387685577188 90 123 42 0.11549330142633371 8 487 14 238 6 505 7 525 1 476 4 457 3 472 5 433
30 -6.4193641829128643 -4.100023706005703 19.341550611723278 165 169 181 0.22172513330109828 8 106 14 241 6 113 12 239 7 164 1 96 4 103 3 93 5 108
35 -3.7951539184420868 -3.723860652244892 18.532527187718198 57 104 23 0.34191478082071497 8 509 14 252 6 533 10 259 4 481 5 458 2 616
36 -6.3207383870269549 -3.9726821028999093 19.575564841660405 154 162 173 0.28570861087110738 8 129 14 253 6 129 15 378 11 1136 1 114 4 120 3 114 5 123
37 -6.7823316789911896 -3.8143871421811402 19.403910224275556 194 200 211 1.7617945458331594 8 137 14 260 6 135 7 202 1 122 4 128 1 120 6 134 3 123 3 125 5 133 2 195
38 -3.368540948625673 -3.6495187532180702 18.582429046065577 125 136 66 0.23578444571865809 8 101 14 261 6 110 16 216 12 741 15 1222 11 337 7 180 1 94 4 102 4 493 3 89 3 506 5 463 2 624
39 -3.3058923520602717 -3.6266173087685014 18.587180679923573 25 39 0 0.17289551013386828 8 103 14 262 6 115 12 252 15 393 10 269 7 181 1 95 4 105 3 92 5 107
40 2.3875728974448212 -3.6116295032673547 18.388413133758593 89 106 11 0.33714771993991444 8 87 14 266 16 219 10 276 19 155 5 88
42 -3.2301075999164595 -3.5859286116629412 18.563445819853374 116 134 74 0.11073740120046516 8 114 14 268 6 118 12 256 7 182 1 104 4 110 3 97 5 112 2 161
43 -3.2301075999164595 -3.5859286116629412 18.563445819853374 116 134 74 0.11073740120046516 8 115 14 269 6 119 12 257 7 183 1 105 4 111 3 98 5 113 2 162
44 -6.667204844786772 -3.7985288249263505 19.574713625166332 162 162 171 0.36657713361176442 8 141 14 272 6 142 12 262 10 271 11 340 7 541 1 127 4 134 3 523 5 137 2 198
45 41.993487862564265 -21.309953519636924 84.252392889892008 25 34 29 0.29786419097885947 8 341 14 273 6 336 12 354 16 285 15 227 10 207 11 172 7 672 20 142 13 444 1 337 4 316 3 299 5 293 34 122 29 121
46 42.103954557670676 -21.396134396208051 84.468638759908828 25 34 29 0.47050993989739198 8 342 14 274 6 337 12 355 16 286 15 228 11 173 7 673 13 445 1 338 4 317 3 300 5 294 9 448 2 1067
47 42.554110300071386 -19.966335598123063 80.126386299869566 35 41 39 2.0451992623102173 8 343 14 277 6 338 12 357 16 293 15 232 7 674 17 156 20 143 13 446 1 340 4 318 3 301 24 121 11 187 17 158 22 113 5 295 24 122 25 66 48 96 32 120 35 49 31 78 30 61
48 44.389529260768171 -20.95463137838005 83.329943042515993 35 41 39 1.3186438870028239 8 344 14 278 6 339 12 358 16 294 15 233 7 675 17 157 20 144 13 447 1 341 4 319 3 302 5 296 9 82
49 42.376029980572831 -19.493703201063209 78.587557211520675 34 40 38 2.0182531599994071 8 345 14 280 6 340 16 295 10 212 7 676 13 448 1 342 3 303 5 297 41 94 43 80 44 107 40 75 46 92 45 94 38 103
50 45.474905009624017 -21.071856037298108 83.836182733046414 34 40 38 1.0075637068586814 8 346 14 281 6 341 16 296 10 213 7 677 13 449 1 343 3 304 5 298 9 83
52 52.552817883363538 -20.677665741125068 83.153725543974559 68 74 70 2.2907684211588437 8 348 14 287 6 342 12 837 15 261 11 189 7 325 17 159 13 79 1 345 3 306 5 299 44 106 25 589 26 756 27 693 42 102 21 706 22 712 24 732 18 906 19 896 20 1045 11 1677 23 542 17 1178 33 81 47 115 38 101 48 515 28 573 31 76 29 408 30 667
53 52.832870608996444 -20.531903853602525 83.262173181214337 68 74 70 0.22439276330810598 8 349 14 288 6 343 12 838 16 318 15 262 10 228 11 190 7 326 1 346 4 322 3 307 5 300
55 43.378366742119773 -18.898311954252264 80.930665467648282 81 87 87 1.7198476727425027 8 354 14 295 12 377 16 352 15 297 10 249 20 152 13 451 3 313 5 304
56 43.28520759628281 -18.865983564030856 80.789116824621473 81 87 87 1.7138783172106413 8 353 14 296 12 376 16 353 15 298 10 250 20 153 13 452 19 422 3 312 5 303
57 -6.6723275706238594 -3.5197047918382802 19.954718245362411 134 141 151 0.56450425069958921 8 184 14 300 6 182 12 290 16 268 15 409 10 295 7 228 13 148 19 203 1 170 4 175 3 169 5 535 2 721 23 158
58 -6.5710723458909417 -3.5411513749510921 20.006242037502837 131 135 138 0.26380444546015774 8 185 14 301 6 183 12 288 16 269 15 410 10 296 11 361 7 229 1 171 4 176 3 170 5 167 2 243
59 -2.6364274701480275 -3.2476689665441287 18.812312497228003 19 34 0 0.12465929630554 8 145 14 305 6 147 12 274 15 427 10 301 7 214 1 132 4 140 3 130 5 140 2 205
61 -2.1917718784614202 -3.2363480572803156 18.810849173343325 27 44 0 0.21055999953779275 8 534 14 308 6 554 12 280 16 265 15 437 10 311 11 370 7 550 1 135 4 143 3 532 5 480 2 653
62 -3.4400038998781914 -3.2148256446364365 18.828352886098063 22 31 0 0.48860193378340377 8 535 14 313 6 557 12 770 16 845 15 435 10 1018 11 372 7 555 13 523 1 524 4 522 3 537 5 489 43 189 27 191 2 664
63 -3.4458751749447196 -3.2237533203740107 18.846542291731712 22 31 0 0.55759150024465576 8 536 14 314 6 558 12 771 16 846 15 436 10 1019 11 373 7 556 13 524 1 525 4 523 3 538 5 490 43 190 27 192 2 665 9 279
65 -1.8147595073517777 -3.2433779848304747 18.826739872748316 19 37 0 0.17442851568248516 8 148 14 316 6 152 12 282 16 270 7 218 1 137 4 145 3 133 5 143 2 208
66 -4.0644165277892137 -3.2238579854439688 18.863427282155623 18 36 0 0.1577535866741262 8 550 14 317 6 567 12 766 16 843 10 304 11 381 7 563 13 164 1 534 4 530 3 547 5 498 2 672
67 -4.0664822061989483 -3.2295498977035404 18.873287796267821 18 36 0 0.34258549800037763 8 551 14 318 6 568 12 767 16 844 10 305 11 382 7 564 1 535 4 531 3 548 42 194 5 499 2 673 13 165
69 -3.6234983845362638 -3.2253321925420528 18.861772253951397 26 45 0 0.12495321388940277 8 542 14 320 6 570 12 284 16 274 15 433 10 306 11 383 7 566 1 537 4 518 3 533 5 485 2 666
70 -3.6234983845362638 -3.2253321925420528 18.861772253951397 26 45 0 0.12495321388940277 8 543 14 321 6 571 12 285 16 275 15 434 10 307 11 384 7 567 1 538 4 519 3 534 5 486 2 667
71 -42.467868685411617 -16.26677752542685 76.489499533456225 32 34 33 0.40541759834287777 8 359 14 325 6 359 12 870 15 319 18 603 1 359 4 715 3 725 22 132 5 660
72 -42.516563320792173 -16.280465699714949 76.555574837577737 32 34 33 0.16209239662455932 8 360 14 326 6 360 15 320 1 360 3 726
73 -6.5500381977946809 -3.4148650253695667 20.01848661966412 126 131 135 0.22329420505489109 8 206 14 327 6 193 12 307 7 244 1 186 4 188 3 184 5 179 2 273
75 -2.4255755728406223 -3.1806044431903375 18.860489596755933 18 40 0 0.33660812579614319 8 556 14 330 6 577 12 774 16 850 15 440 10 1022 11 393 7 573 1 543 4 532 3 550 5 500 2 680 30 190
76 -2.4259480716519799 -3.1804593871213345 18.860362547018436 18 40 0 0.3426878643554172 8 557 14 331 6 578 12 775 16 851 15 441 10 1023 11 394 7 574 13 167 1 544 4 533 3 551 5 501 2 681 30 191
77 -3.8747770266604178 -3.1651471301030876 18.897085517345577 124 141 82 0.20267299740453557 8 160 14 333 6 157 12 294 16 283 10 320 7 225 1 146 4 156 3 146 5 149 2 690
79 -4.4491772304877308 -3.1503312971697097 18.914971896806335 21 42 0 0.1575591107539864 8 564 14 335 6 584 12 300 16 287 15 443 10 324 11 405 7 581 1 551 4 544 3 563 5 513 2 693
80 -4.4491772304877308 -3.1503312971697097 18.914971896806335 21 42 0 0.1575591107539864 8 563 14 336 6 583 12 301 16 288 15 444 10 323 11 406 7 582 1 550 4 543 3 562 5 514 2 694
81 -1.874399502893779 -3.1537228663067109 18.891762983128107 24 50 5 0.14829859432044606 8 559 14 337 6 579 12 779 16 291 15 448 11 402 7 577 1 546 4 538 3 555 5 503 2 684
82 -1.874399502893779 -3.1537228663067109 18.891762983128107 24 50 5 0.14829859432044606 8 558 14 338 6 580 12 780 16 292 15 449 11 403 7 578 1 547 4 539 3 556 5 504 2 685
83 -3.8036579223755878 -3.11586333355657 18.896746298784585 26 42 0 0.24475844216021742 8 164 14 340 6 164 12 303 15 455 10 325 11 408 7 226 1 152 4 158 3 150 5 152 2 701
85 -3.9170418758877918 -3.0993340200228716 18.906041176569406 22 43 0 0.19836509664726071 8 167 14 346 6 167 12 306 15 460 10 329 11 410 7 231 1 156 4 161 3 153 5 155 2 229
86 -2.8691404527125832 -3.1362281965189633 18.940937252150743 22 46 2 0.16305869523254615 8 565 14 347 6 587 12 784 16 304 15 457 10 1035 11 407 7 586 1 552 4 548 3 564 5 515 2 695
87 -2.6407651432973549 -3.1120555050306304 18.933891675593632 20 46 7 0.10886634550205528 8 566 14 348 6 589 12 785 16 305 15 461 7 587 1 553 4 549 3 565 5 517 2 699
88 -2.6407651432973549 -3.1120555050306304 18.933891675593632 20 46 7 0.1088663455020553 8 567 14 349 6 590 12 786 15 462 7 588 1 554 4 550 3 566 5 518 16 306 2 700
89 -4.0297282243963313 -3.0774556243091622 18.918117056305949 25 42 0 0.26519211673878507 8 571 14 350 6 168 12 310 15 466 10 331 7 234 13 183 1 157 4 163 3 154 5 523 2 706
90 -3.64592283351138 -3.0865047032853496 18.938599027117622 31 48 0 0.13077481865245358 8 569 14 351 6 591 12 788 16 307 15 1265 11 411 7 589 1 555 4 552 3 568 5 519 2 704
91 -3.6424018419601496 -3.0814102110889259 18.927962095781172 31 48 0 0.22016609660997652 8 570 14 352 6 592 12 789 16 308 15 1266 10 1040 11 412 7 590 20 330 13 178 1 556 4 553 3 569 5 520 2 705
92 -4.6682019761193407 -3.07133156858078 18.966079763913299 18 35 0 0.36660296325524583 8 573 14 353 6 595 12 790 16 864 15 464 10 1038 11 414 7 596 13 182 1 559 4 554 3 571 42 243 5 526 2 710
93 -4.6744892301543892 -3.0814864832889892 18.986689122337904 18 35 0 0.53015066535855926 8 574 14 354 6 596 12 791 16 865 15 465 10 1039 11 415 7 597 1 560 4 555 3 572 42 244 5 527 2 711 9 297
94 -4.2127277637157228 -3.0662248347110395 18.952554818048704 10 35 0 0.52308672947697721 8 575 14 355 6 597 12 792 16 866 15 469 10 1047 11 416 7 598 13 177 1 561 4 556 3 573 5 524 2 708 27 220
95 -4.2115163294827225 -3.0649756265554995 18.949744691571507 10 35 0 0.53648340468765854 8 576 14 356 6 598 12 793 16 867 15 470 10 1048 11 417 7 599 1 562 4 557 3 574 5 525 2 709 27 221
96 -1.960536321112865 -3.0731877302463544 18.95675794383104 16 42 0 0.14610134456906715 8 169 14 359 6 169 12 315 16 320 7 235 1 158 4 164 3 155 5 521 2 231
97 -1.960536321112865 -3.0731877302463544 18.95675794383104 16 42 0 0.14610134456906715 8 170 14 360 6 170 12 316 16 321 7 236 1 159 4 165 3 156 5 522 2 232
98 -3.7901262987742461 -3.0336141981502145 19.025117793759271 28 48 0 0.32806330876167233 8 179 14 361 6 602 12 797 16 329 15 473 10 1054 11 424 7 607 13 188 1 571 4 564 3 583 5 533 27 222 2 722
100 -2.8299454785316174 -3.0312943301235515 18.979672939757382 18 34 0 0.34513211097545654 8 173 14 363 6 599 12 320 16 326 15 475 10 340 7 604 13 189 1 567 4 560 3 580 5 528 43 209 2 714
101 -2.4533911781063176 -3.0357044155395312 18.982641708046714 13 36 0 0.59414875751465235 8 578 14 364 6 600 12 799 16 871 15 478 10 1057 7 602 1 565 4 561 3 578 5 529 2 715 43 199 30 213
102 -2.4533911781063176 -3.0357044155395312 18.982641708046714 13 36 0 0.59414875751465235 8 579 14 365 6 601 12 800 16 872 15 479 10 1058 7 603 1 566 4 562 3 579 5 530 2 716 43 200 30 214
103 -3.141865757187642 -3.0233137375600543 19.002134365127525 16 33 0 0.12415212737276438 8 175 14 366 6 604 12 321 16 331 10 344 7 605 1 569 4 566 3 581 5 531 2 717
104 -3.141865757187642 -3.0233137375600543 19.002134365127525 16 33 0 0.12415212737276438 8 176 14 367 6 605 12 322 16 332 10 345 7 606 1 570 4 567 3 582 5 532 2 718
105 -2.6407280994940114 -2.9573117493707293 19.043754059548625 21 48 3 0.12757266381518498 8 583 14 368 6 606 12 327 16 339 15 486 10 350 11 436 7 611 1 574 4 569 3 587 5 538 2 735
106 -2.6348120346960999 -2.9427855306778028 19.013284820563079 21 48 3 0.41936453246981775 8 584 14 369 6 607 12 328 16 340 15 487 11 437 7 612 13 208 1 575 4 570 3 588 5 539 2 736
107 -3.6204138228319156 -2.9625024332109984 19.101672367365456 30 54 0 0.28170697406925815 8 589 14 370 6 192 12 333 16 343 15 1277 10 1066 11 435 7 613 1 579 4 186 3 178 5 548 2 740
108 -3.5301395282175321 -2.9492052755976474 19.073996555071439 127 131 50 0.39168752295950254 8 596 14 371 6 836 16 1200 7 910 18 331 20 366 1 585 1 821 4 579 3 596 22 293 5 549 25 236 2 1024 23 204
109 -3.4746843304914523 -2.8760731452670769 19.097923522389397 30 46 0 0.27485181293495553 8 605 14 373 6 625 12 816 16 885 10 1081 11 455 7 618 13 219 1 590 4 584 3 600 42 261 5 561 2 758
110 -3.4746843304914523 -2.8760731452670769 19.097923522389397 30 46 0 0.27485181293495553 8 606 14 374 6 626 12 817 16 886 10 1082 11 456 7 619 13 220 1 591 4 585 3 601 42 262 5 562 2 759
111 -3.0092977524857822 -2.876717502598094 19.09653733838713 15 38 0 0.24126376213618531 8 599 14 375 6 617 12 818 16 887 15 497 10 362 7 620 13 214 1 592 4 586 3 602 5 554 2 749
112 -3.0092977524857822 -2.876717502598094 19.09653733838713 15 38 0 0.24126376213618531 8 600 14 376 6 618 12 819 16 888 15 498 10 363 7 621 13 215 1 593 4 587 3 603 5 555 2 750
113 -2.8682324898645839 -2.8735803093535477 19.096094282451784 20 36 0 0.25358217942750871 8 601 14 377 6 619 12 820 16 889 15 499 10 1087 11 457 7 622 13 216 1 594 4 588 3 604 5 556 2 751
114 -2.8695198039642933 -2.8761641451320625 19.101751399786281 20 36 0 0.22932310472725778 8 602 14 378 6 620 12 821 16 890 15 500 10 1088 11 458 7 623 1 595 4 589 3 605 5 557 2 752
115 -2.4113485948860554 -2.8612924989241533 19.068873953704262 14 36 0 0.50053317711375223 8 603 14 379 6 621 12 824 16 891 15 504 10 1091 11 459 7 624 13 217 1 596 4 590 3 606 5 551 2 753 30 233
116 -2.4113485948860554 -2.8612924989241533 19.068873953704262 14 36 0 0.50053317711375223 8 604 14 380 6 622 12 825 16 892 15 505 10 1092 11 460 7 625 13 218 1 597 4 591 3 607 5 552 2 754 30 234
117 -2.151816676835729 -2.8756261059403427 19.087815670359667 18 42 0 0.27628877607672975 8 208 14 381 6 201 12 338 16 359 10 366 7 274 1 190 1 589 4 196 4 583 3 192 5 176 5 553 2 744
118 -3.6688000764449007 -2.8651549170371045 19.117718865821427 28 49 0 0.27267411790799689 8 214 14 382 6 630 12 339 16 362 10 361 7 635 1 603 4 602 3 613 5 189 2 764
119 -2.2732552869141975 -2.8663686041298315 19.09581700639432 23 42 0 0.19830466489281176 8 607 14 383 6 627 12 340 16 363 10 365 7 626 1 598 4 592 3 608 5 558 2 755
122 -4.1347085035772082 -2.6783552820420122 19.289516677449061 114 122 44 0.1636544824782806 8 235 14 394 6 225 12 367 7 300 4 217 3 217 5 208 2 333
123 6.4597349213083968 -2.6613764271956248 18.992127613618447 82 105 15 1.5464715770733652 8 218 6 208 16 912 10 401 7 287 12 362 4 610 5 563
124 -1.983224613286833 -2.6696894538547622 19.256662701431765 131 142 64 0.10450709801279609 8 232 14 396 7 295 2 324
126 38.809684014994545 -13.248462479099594 74.737409018713194 33 37 36 0.72776165373766011 8 364 14 402 16 940 10 1051 19 442 3 326
127 3.8112659859759468 -2.2474914491390909 19.420323836879099 88 106 12 0.19303830308154588 8 253 14 411 6 663 12 396 16 417 7 321 1 237 4 236 3 648 5 588 2 382
128 3.8204412491265134 -2.2598220306219545 19.450027041595707 88 106 12 0.35961328044539459 8 254 14 412 6 664 12 397 16 418 10 442 7 322 1 238 4 237 3 649 5 589 2 383
129 5.3192348840306352 -2.1506952835606037 19.455406214116557 92 128 32 2.1531313273534645 8 655 6 866 14 1002 12 400 15 597 10 453 7 937 4 640 14 420 2 804
130 1.6701208100449938 -2.0462139274896236 19.556712064086103 134 139 52 1.050504398218403 8 662 14 421 1 634
131 1.6793329616421686 -2.0467020886888894 19.559149031743917 134 139 52 1.3055531591613896 8 663 14 422 16 953 1 635
132 4.8772622446727656 -1.8516718728392847 19.656919314584474 22 54 0 0.29335165716082912 8 276 14 430 12 406 7 338 1 267 4 252 3 243 5 242 2 421
133 1.6263945822907633 -1.80032765389322 19.711850534797463 128 134 45 1.6741353373032875 8 675 14 433 6 681 16 451 17 408 15 618 1 644 4 656 3 666 5 608 11 528
134 1.653002412520693 -1.8265779753901807 19.781460685354691 128 134 45 0.29992874217707205 8 676 14 434 6 682 16 452 1 645 3 667 5 609
136 35.477534695264232 -7.8477361712465417 66.294162543547074 117 119 118 0.35423165241002236 8 375 14 437 6 388 16 476 15 528 10 1123 11 428 7 394 19 646 5 324
137 36.946079343967376 -6.544882737722256 61.603959866778212 77 77 75 1.9679501837919491 3 343 12 464 5 328 8 379 1 376 12 460 3 338 1 375
138 5.7186494679752577 -1.0700707306506647 15.204488737875348 57 59 56 1.7759255107552743 8 1323 14 451 4 1259 3 1272
139 37.58499127674478 -6.2391437530398086 61.918502239632488 75 75 71 1.356538157920566 8 384 14 456 15 581 1 381
141 4.5976622471719093 -1.4010953237825496 20.023442244013143 19 59 0 0.16010574208496736 8 299 14 464 6 287 12 427 7 362 1 294 4 272 3 269 5 271 2 465
142 4.5950042998833389 -1.3992850548605287 20.016631880628236 19 59 0 0.096832317045243047 8 300 14 465 12 428 7 363 4 273
143 6.9447107773990169 -1.3591209485414344 20.002241187234262 127 142 113 0.55871855931389824 8 301 14 468 16 480 11 545 7 364 4 270 5 270
144 3.1057276685006916 -1.3344772097518094 20.24731150562376 12 46 5 1.4513666421946458 8 1228 6 1176 7 965 1 1148 4 1111 1 1096 3 1171 5 1028 2 1296 10 551 12 929 14 469 20 453 13 1005
145 -4.2602172924520536 -1.2627335812204401 20.339641601040352 11 40 2 0.23744455383081048 8 721 14 470 6 712 12 935 7 735 1 681 4 695 3 713 2 909
146 3.4371704124254547 -1.1999097314301614 20.150692439848569 104 131 81 0.28769663267788215 8 709 14 473 6 304 12 441 16 518 7 377 1 310 4 288 2 869
147 3.4371704124254547 -1.1999097314301614 20.150692439848569 104 131 81 0.28769663267788215 8 710 14 474 6 305 12 442 16 519 7 378 1 311 4 289 2 870
149 33.181311197156667 -2.0330371868981096 58.595530868720836 25 24 22 0.51549062018705583 8 395 14 486 16 1023 7 751
150 31.861947816518857 -1.5646997649221805 56.797403636007445 28 27 23 0.98112474804065519 8 396 14 489 6 414 12 489 16 556 3 362
151 29.643864964040102 2.4324449549418747 51.380545683131082 78 78 76 0.73052213800889254 8 427 14 504 6 736 12 510 16 575 10 597 11 601 7 420 17 462 18 416 20 494 19 332 1 717 4 736 3 749 5 367
152 32.032584417800102 2.3823233306261145 51.111634270407613 130 122 120 1.9372199873477627 8 1185 14 505 6 1069 12 1483 13 1123 19 545 1 1113 4 1124 3 1132 11 599 26 452
157 60.535719405969573 -55.929589372830087 103.62199091986051 78 84 82 0.92970657591268913 8 98 14 747 6 532 12 598 16 1064 15 1447 10 1232 11 1346 7 436 17 637 18 741 20 867 13 869 19 570 1 502 4 488 3 503 22 682 42 560 24 702 5 428 43 546 21 681 26 740 27 495 25 579 34 815 44 505 23 393 33 497 45 508 47 528 46 457 40 434 38 478 37 467 48 475 28 543 39 428 32 619 35 600 36 495 31 533 29 511 30 461 41 707
158 -33.165164513925376 -29.898468775876957 68.950003049205051 96 94 93 0.24211167646793708 8 191 14 769 12 56 16 55 15 62 10 36 11 77 18 111 13 420 32 88 29 92
159 41.074976853526088 -32.69596426248949 74.925802142635945 32 38 36 0.41443473652353069 8 581 14 772 6 176 12 629 16 707 15 1079 10 870 11 76 7 476 17 100 18 100 20 87 19 35 1 166 4 180 3 165 22 81 5 505 26 88 34 86
160 41.361505122012744 -32.964512168393284 75.422471307074005 32 38 36 0.50023346147690362 8 582 14 773 6 177 12 630 16 708 15 1080 19 36 1 167 4 181 3 166 5 506 2 980 9 626
161 53.000122846266521 -32.168816157554559 74.311392622482288 35 41 39 0.71595575190675109 8 585 14 774 6 180 15 76 10 873 11 78 7 481 1 174 4 572 3 585 5 508
162 52.983529554077109 -32.156321690776878 74.289408910710804 35 41 39 0.6624596885555164 8 586 14 775 6 181 12 635 16 709 15 77 10 874 11 79 1 175 4 573 3 586 5 509
163 -40.797064948627408 -26.549335253203058 71.827216308608982 66 66 64 0.43343153370545046 8 657 14 785 6 868 12 681 16 725 15 1088 10 1270 11 1027 7 870 17 685 18 130 20 665 13 436 19 419 1 632 4 642 3 652 22 95 42 84 5 586 43 570 41 80 34 107 44 528 40 66 33 62 45 75 47 553 46 481 38 74 37 488 39 77 35 40 36 61 31 52
165 -6.5343059741377783 -4.5598209454670231 19.046299042053601 189 195 207 0.37329135904046729 8 470 14 829 6 480 12 686 16 746 7 494 17 216 1 458 4 436 3 444 5 406
166 -6.6411432411633378 -4.4284830163590776 19.089770601773246 190 196 208 0.39889969311825041 8 479 14 842 6 494 12 703 16 766 10 928 7 503 1 471 4 448 3 463 22 169 18 219 17 236 24 175 5 417 2 595
167 0.41460190532985264 -4.1866122931060854 18.094716482538686 133 141 56 0.35821985102566606 8 774 12 1053 16 756 7 831 1 737 3 431 5 692 2 942 11 1093 14 843 21 181
168 0.59241291265712559 -4.2020750980251496 18.248948802687735 132 140 53 1.7551969309002198 8 457 14 844 6 468 12 690 12 700 16 759 15 331 7 485 17 227 1 448 4 424 3 436 22 179 22 180 5 397 21 182 21 190 25 113 25 118 2 581 23 84 23 89 15 1169 11 1095
169 -6.7579863972913792 -4.4033505868520253 19.066383758566879 191 195 207 0.41658481603632919 8 484 14 846 6 495 12 709 16 768 10 931 7 507 18 223 20 188 1 472 4 451 3 461 22 171 20 187 24 176 5 421 21 173
170 -6.8681863503314258 -4.3715108658891051 19.023948744304306 189 193 205 0.38013490061887795 8 482 14 848 12 711 10 934 24 180 5 419
171 -40.660664897909548 -21.478449172229766 75.186039129050798 63 64 59 0.31784581906010451 8 728 14 850 6 322 12 756 16 813 15 126 10 905 11 1038 17 151 18 155 20 674 1 329 4 302 3 717 24 111 5 627 33 69
172 5.0140976195115536 -4.1439934012218309 18.012961315467145 57 96 9 0.30869951213983166 8 452 6 461 7 75 1 20 3 427 5 393 2 573 12 696 10 1305 11 299 14 853 15 1173 16 762 19 84 26 179
174 4.6486017754805644 -4.0789569015677349 18.077759114820914 121 138 52 0.47940935535540374 8 778 14 856 6 753 12 1061 16 1116 15 1176 10 204 11 1097 7 836 17 228 18 231 20 200 13 112 1 742 4 758 3 434 22 185 24 188 5 697 21 203 26 183 25 127 2 946 23 98 17 243
175 0.3177302511915252 -4.0168494278449405 18.074284013887869 134 141 55 0.34399870600587429 8 464 14 858
176 4.1587813806267393 -4.0731057254041332 18.110857879041927 128 138 55 0.32942234260560671 8 780 14 859 6 754 12 1060 16 1119 15 1179 10 943 11 1102 7 838 17 237 18 232 20 205 1 744 4 759 3 765 22 187 24 194 5 700 21 207 26 182 25 131 2 948 23 102
177 4.509862731888779 -4.0842907988098354 18.091564028089682 117 139 51 0.32464931247653556 8 459 14 860 6 466 12 707 16 772 15 1174 11 307 7 491 17 234 18 230 1 450 4 423 3 433 5 396 21 202 26 181 25 126 2 580
178 4.509862731888779 -4.0842907988098354 18.091564028089682 117 139 51 0.32464931247653556 8 458 14 861 6 465 12 706 16 771 15 1175 11 306 7 490 17 233 18 229 1 449 4 422 3 432 5 395 21 201 26 180 25 125 2 579
179 4.9696158661195406 -4.0807388051671971 18.071612895316161 121 136 51 0.32981935618516822 8 776 14 862 6 750 12 1062 16 1118 15 1178 11 1099 7 837 17 230 20 202 1 739 4 755 22 186 24 190 5 699 21 205 26 187 2 945 23 100
182 1.966653220003747 -3.927851529274192 18.253080233316904 128 145 57 0.35532558854757218 8 787 14 874 6 762 12 1068 16 795 15 1193 10 956 11 1108 7 845 18 241 20 225 1 751 4 765 3 774 5 711 21 222 26 197 25 146 2 951 23 118
185 1.3376565270506857 -3.8583628409564494 18.295039586790732 129 145 56 0.35635953776709256 8 485 14 880 6 496 12 733 16 800 15 1198 10 240 11 1120 7 520 17 260 20 242 13 125 1 469 4 454 3 464 24 216 5 412 25 163 2 594 9 523
186 1.6443349512821623 -3.875474901733817 18.266990006144812 136 145 59 0.4654713737768591 8 793 14 881 6 767 15 1201 10 968 11 1115 7 849 18 246 20 240 19 128 1 754 3 779 22 203 24 211 5 713 21 233 26 204 2 955 23 125
187 1.0234112877773589 -3.8197438089069826 18.358057512824395 137 146 57 0.39639606991855608 8 803 14 882 6 502 12 1078 16 801 15 1205 17 266 18 251 20 249 1 762 4 462 3 789 22 213 24 226 5 722 21 241 25 169 2 598 23 132 40 106
188 1.0160480556478881 -3.7937283154348775 18.319696313340078 137 146 57 0.99053912896632501 8 804 14 883 6 503 12 1079 16 802 15 1206 10 1330 17 267 17 732 18 252 20 250 19 141 1 763 4 463 16 1145 3 790 22 214 24 227 5 723 21 242 25 170 2 599 23 133
189 8.443080959403332 -7.0768434389810189 29.663270835586818 127 135 49 0.54508526716854844 8 650 14 884
190 8.443080959403332 -7.0768434389810189 29.663270835586818 127 135 49 0.54508526716854844 8 649 14 885
191 5.2767850982708895 -3.7729417346532137 18.27362478860012 129 141 53 0.50249992493537199 8 800 14 886 6 775 12 1086 16 1139 15 1216 11 1130 7 857 18 250 1 759 4 774 3 783 22 217 24 231 5 719 26 217 25 171 2 963 23 134
192 -3.5256054436714335 -3.7142677854943655 18.520708441242785 122 142 67 0.19906213893147506 8 510 14 887 6 534 12 737 16 806 15 385 10 261 11 334 7 533 1 501 4 482 3 499 5 459 2 618
193 45.751228683164044 -21.647472929506819 84.641488150708767 112 120 117 1.1215296402015977 14 893 12 830 16 282 7 667 5 291 1 335 3 296 4 313 8 339 15 225 26 110 13 76 9 80
195 -4.2291820359444978 -3.5408800443685591 18.682500228167552 15 46 3 0.47122396588605742 8 516 14 897 12 748 15 1537 10 1344 11 1410 7 877 17 294 20 289 13 515 3 513 42 612 5 745 26 220 27 542 25 186 2 989
197 2.5823129860200758 -3.3855014210500003 18.589933705403162 130 143 48 0.43784278705206264 8 519 14 906 11 1154 7 540 1 512 3 516 24 271 5 471
199 44.643469053829868 -19.546870839496261 82.387109082091555 12 17 17 1.0349538710657398 8 735 14 908 6 346 12 851 16 1199 15 284 10 970 7 941 13 904 19 421 1 349 4 325 3 309 5 653
200 -2.7313605355507788 -3.253988050427755 18.853548997130069 134 142 61 0.27316110583073405 8 531 14 916 6 555 12 758 15 1245 10 300 11 1161 13 149 4 511 42 191 21 272 26 233 2 655
201 -2.723637062276735 -3.240926560198468 18.825588600615482 134 142 61 0.51436326252687303 8 532 14 917 6 556 12 759 16 838 15 1246 11 1162 7 554 1 523 4 512 3 530 42 192 21 273 26 234 2 656 30 188
202 -4.6422810807432633 -3.2223864724766562 18.854045445299747 19 36 0 0.38405128598172528 8 546 14 918 6 561 12 760 16 839 15 423 10 1014 7 570 13 162 1 528 4 528 3 541 42 213 5 492 2 678
203 -4.643787922571903 -3.2260765275557182 18.860288929158418 19 36 0 0.27165234390688403 8 547 14 919 6 562 12 761 16 840 15 424 10 1015 7 571 1 529 4 529 3 542 5 493 27 545 2 679
204 -4.2438927211007202 -3.2278740852783443 18.860669897656528 16 41 1 0.1739603564463362 8 539 14 920 6 563 12 762 16 841 15 425 10 1016 11 377 7 559 1 530 4 513 3 543 5 494 2 668
205 -4.2437440142117051 -3.225674960601236 18.85739266401302 16 41 1 0.29789045288819105 8 540 14 921 6 564 12 763 16 842 15 426 10 1017 11 378 7 560 1 531 4 514 3 544 42 210 13 525 5 495 2 669
206 -4.1538411434904914 -3.2279403845866206 18.867765506609089 127 134 58 0.17206737034475603 8 549 14 922 6 566 12 764 11 379 7 561 17 332 1 532 4 515 3 546 22 254 5 496 26 236 2 670 23 173
207 -4.1493340606388927 -3.216586096389086 18.847106320831809 127 134 58 0.54025288517743608 8 548 14 923 6 565 12 765 11 380 7 562 17 333 1 533 4 516 3 545 22 255 5 497 26 235 13 534 27 196 2 671 23 172
208 -2.8188659143673829 -3.2336900569136979 18.814996911172297 28 39 0 0.086530342373159319 8 151 14 924 6 149 12 277 10 299 7 552 1 139 4 146 3 136 5 144 2 657
209 -2.1266572142018325 -3.2182021147055822 18.854008198787739 136 147 76 0.17217181189797706 8 538 14 926 6 560 12 772 16 849 15 438 11 387 7 558 1 527 4 525 3 540 5 482 26 240 2 659
211 -4.0065347792617949 -3.153715195046018 18.900625463494944 126 135 63 0.19089443194610978 8 561 14 928 6 582 12 776 16 855 15 445 10 1025 11 404 7 580 1 549 4 541 3 561 5 512 26 253 2 692
212 -42.67281367054148 -15.626335956749109 76.594332783332092 29 31 30 0.4107174384921437 8 738 14 934 6 915 15 341 10 984 11 1092 17 196 1 695 4 717 3 325 29 417
213 -2.1265899202673348 -3.0555623287195188 18.980529815823946 132 145 77 0.42893303736341842 8 852 14 937 6 825 12 1119 16 1185 15 1268 10 1052 11 1182 7 897 17 357 18 316 20 339 13 176 19 249 1 811 4 821 3 838 22 274 42 227 24 303 5 767 21 294 26 262 27 210 25 227 2 1009 23 193
214 -2.1262064379329808 -3.0558749794473328 18.981178617447689 132 145 77 0.4228018193899124 8 853 14 938 6 826 12 1120 16 1186 15 1269 11 1183 7 898 17 358 18 317 20 340 1 812 4 822 3 839 22 275 42 228 24 304 5 768 21 295 26 263 27 211 25 228 2 1010 23 194
215 -4.5826858812040046 -3.0135602998063775 19.009818833964431 124 136 68 0.67410289658477396 8 177 14 939 12 802 16 873 11 430 7 253 19 257 3 161 5 774 2 726
216 -4.5752727786020282 -3.0013220745602998 18.985335963670781 124 136 68 0.77857797215836466 8 178 14 940 12 803 15 477 10 1059 15 1272 11 431 7 254 13 200 3 162 42 254 5 775 2 727
217 2.8763916203851769 -2.9737824484727318 18.866026163782955 133 137 47 0.55078622775236208 8 851 14 942 6 824 12 805 16 1196 7 899 17 353 20 356 1 809 3 837 22 290 24 310 21 304 26 292 25 233 2 1006 23 198 11 1185
218 -4.0824230795173397 -2.9403321847084465 19.094792159230561 26 44 1 0.57726082815329471 8 597 14 943 6 614 12 811 16 347 15 1279 10 1067 11 447 7 615 17 371 13 204 19 262 1 588 4 580 3 597 42 255 24 318 5 550 27 248 2 741 21 316
220 -4.6664893021346359 -2.8784908251256405 19.108448801949613 19 35 0 0.39497497687526534 8 866 14 952 6 841 12 814 16 1211 12 1136 15 493 10 1077 11 1202 7 916 18 335 20 374 13 221 19 267 1 825 4 597 3 859 22 303 42 264 5 786 26 293 25 247 2 1034
221 -4.6664893021346359 -2.8784908251256405 19.108448801949613 19 35 0 0.39497497687526534 8 867 14 953 6 842 12 815 12 1137 16 1212 15 494 10 1078 11 1203 7 917 18 336 20 375 13 222 19 268 1 826 4 598 3 860 22 304 42 265 5 787 26 294 25 248 2 1035
223 -4.2062412618561851 -2.8582306116210781 19.090347742605928 17 36 0 0.6100217701371291 8 608 14 957 6 628 12 822 16 883 15 495 10 1083 7 633 13 551 1 601 4 599 3 611 5 565 2 762 27 258
224 -4.2062412618561851 -2.8582306116210781 19.090347742605928 17 36 0 0.6100217701371291 8 609 14 958 6 629 12 823 16 884 15 496 10 1084 7 634 13 552 1 602 4 600 3 612 5 566 2 763 27 259
225 2.2160909959308146 -2.6990756010365349 17.854610712046259 142 148 60 0.68658877711482147 6 551 11 1204 17 372 21 331
226 -3.0481380622442886 -2.6793584972138622 19.250077897923148 127 137 51 0.2320789826547888 8 626 14 971 6 643 12 841 16 383 15 1297 10 384 11 486 7 646 13 228 1 614 4 616 3 630 24 342 21 341 25 274 2 775
228 -2.3695451577472286 -2.6664681888110131 19.245352133837098 129 136 62 0.21491543415056544 8 630 14 973 6 645 12 843 16 386 15 525 10 387 11 489 7 649 1 616 4 619 3 632 5 574 2 777
229 -2.370341727363658 -2.6689988715018087 19.249827047989239 129 136 62 0.16977370931305533 8 631 14 974 6 646 12 844 15 524 10 386 11 488 7 650 1 617 4 620 3 633 5 575 2 778
230 -40.473031890548555 -11.694612962694121 69.886947992429072 16 17 16 1.743984905350618 8 744 14 977 6 370 16 423 15 1227 10 330 18 621 1 703 4 341 42 183 5 664 34 218 35 124 45 560 47 586 37 509 40 489 36 142 41 221
231 2.7663106324454056 -2.5977791971880495 19.079999250359698 133 142 53 0.50415553836138582 8 621 14 979 11 490
232 37.701625246790883 -12.323733012722613 72.593619820627708 126 130 129 0.46753377489790243 8 741 14 984 6 364 12 893 16 948 15 407 10 1072 7 726 19 625 1 697 4 338 3 728 5 662 2 1227
233 37.666438335194108 -12.2985857783447 72.54696375345074 126 130 129 0.27873547730309667 8 742 14 985 6 365 15 408 10 1073 7 727 1 698 4 339 3 729 5 663
235 -4.4645464257983889 -2.3754203730198724 19.445923027153228 51 60 3 0.54903373513804821 8 645 14 990 6 658 12 861 16 929 15 1302 10 1418 11 1224 17 396 18 355 20 411 13 256 1 627 22 338 42 303 5 801 21 354 26 329 2 794 23 242
236 -4.0411065453727062 -2.3739778971128422 19.497562368339647 116 127 45 0.20363699935292087 8 651 14 991 6 661 12 864 16 933 10 415 11 511 7 666 17 397 18 356 1 629 4 633 3 646 22 339 24 350 5 591 21 356 2 797
237 -2.8052710553809219 -2.366822320748649 19.437049159643184 42 51 1 0.30985257607757832 8 644 14 992 12 866 16 406 15 579 10 1116 11 507 7 314 17 395 13 253 3 644 22 340 42 294 5 587 21 358 26 333 2 381
238 -3.086849777083581 -2.3551012360086676 19.483786036553035 124 131 52 0.19189847847815672 8 652 14 993 6 662 12 867 16 934 15 580 10 424 7 670 1 630 4 634 3 647 5 592 2 798
239 5.4111299607978189 -2.0940369126597504 19.465386324160015 90 125 29 0.46808860822947224 8 658 14 1004 12 882 15 604 5 803 2 1052
241 4.257988525124782 -2.0519350050613809 19.567457050233113 132 149 58 0.38863841113355507 8 660 14 1006 6 669 16 954 15 1311 10 468 1 633 24 353 25 289 2 809 23 255
242 4.2636709879515555 -2.0559043038422984 19.583311186806203 132 149 58 0.36869411144313763 8 661 14 1007 6 670 16 955 15 1312 24 354 2 810 23 256
243 2.7734930781355804 -1.9980578846263966 19.638186700413012 140 150 56 1.3121154970937918 8 664 14 1008 15 608 17 402
244 2.0508072156251904 -2.0225587978793227 19.639062081937642 141 149 56 0.26331346392695548 8 900 14 1011 16 962 15 605 10 1130 7 942 1 851 4 861 2 1054
245 2.0519245778387325 -2.0226380794895453 19.639663828479787 141 149 56 0.22391074254613 8 901 14 1012 16 963 10 1131 7 943 1 852 4 862 2 1055
246 38.653973716153182 -8.9203051261731101 68.384470159376619 45 51 51 0.43365627344138113 8 749 14 1013 6 727 12 1210 16 988 15 1295 10 1115 11 1168 17 741 18 804 20 719 13 508 1 706 4 721 3 734 22 584 42 631 24 594 5 665 43 616 21 586 26 603 27 553 25 480 34 711 44 557 23 442 40 498 33 582 45 574 47 601 46 526 38 549 37 514 48 538 28 456 39 493 32 517 35 503 36 543 31 434 29 432 30 515
247 1.894590744916943 -1.9002821835128134 19.646524817363609 135 141 53 0.63488549771858083 8 902 14 1015 6 873 12 1176 15 1316 10 1133 7 944 20 424 1 853 2 1056 23 258
248 4.3255682554587116 -1.9003529523404015 19.537657943034805 111 143 46 1.2735682128912509 8 665 14 1016 6 673 10 478 13 261 1 638 4 648 24 359 2 821 10 488
249 5.3506929088191342 -1.6923340134770386 19.772392400121987 22 50 3 0.22654996100725558 8 906 14 1024 6 881 12 897 16 980 11 1233 7 704 17 410 18 367 20 436 13 270 1 859 4 868 3 891 22 350 24 364 5 809 21 374 25 298 2 1062 23 263
251 -3.866727498194531 -1.5771505571289255 19.989015469837536 101 123 40 1.1507535924354375 8 693 14 1031 6 692 12 904 7 717 1 661 4 673 3 680 5 619 42 677 27 334 2 847 11 543 26 360
252 -3.2505244616114917 -1.6071332259119617 20.043261388031976 101 123 38 0.38006848114691283 8 691 14 1032 6 690 12 906 16 986 10 518 11 539 7 714 1 659 4 670 2 845
253 -3.244473853544187 -1.6026608463044658 20.02164500209734 101 123 38 0.14579993923345028 8 692 14 1033 6 691 7 715 4 671
254 2.0299297625913728 -1.6002933073639443 19.88414280283023 101 126 34 1.1759252435599512 8 686 14 1034 6 887 4 872 3 893 5 615 21 375 2 837 23 271
255 34.95669610930041 -7.0923366229571796 65.715279310092782 59 61 60 0.46528175645134096 8 382 14 1035 6 401 12 461 11 467 7 397 17 331 20 378 1 380 4 358 3 347 22 319 24 339 5 331 43 239 21 334 27 267 25 270 23 224 33 215 45 195 47 220 46 169 38 184 48 174 36 195 30 201
256 37.857647935146559 -6.9959679096575966 65.782795141593766 48 53 49 0.89519107156495092 8 383 14 1037 6 403 12 463 16 1010 15 564 10 467 7 399 17 335 18 321 20 380 13 522 1 385 4 359 3 349 22 324 5 333 17 337 34 316
258 2.5436765178145317 -1.5553288816127582 19.821303824219093 106 135 42 0.38109277047333801 8 687 14 1040 6 886 16 987 15 630 11 537 7 713 17 417 18 373 1 658 4 873 3 894 24 367 5 812 2 1065 23 273
259 1.9685679427750427 -1.5125820055763146 20.024509409125809 84 118 24 0.77643349647100401 8 694 14 1042 12 913 16 997 1 660 4 674 3 682
260 5.7546471075811025 -1.513511058292365 19.905627193452794 14 42 0 0.24897177290445968 8 689 14 1043 16 998 15 638 11 540 17 414 4 664
261 5.744820862222249 -1.5060890118253656 19.882785841890222 14 42 0 0.44100128913880549 8 690 14 1044 16 999 15 639 10 521 11 541 17 415 19 311 4 665
263 4.6913632475287192 -1.47392404768576 20.049842618022684 126 147 73 1.0520741643991594 8 696 14 1046 12 919 16 468 15 1327 18 376 4 675 3 684 5 617 26 365 19 309
265 1.4520618408817139 -1.4056865905019675 20.059920399864851 81 115 28 0.52138561902450431 8 701 14 1049 6 694 12 922 16 473 15 1332 10 530 11 548 7 719 17 422 18 380 20 445 13 278 4 677 3 686 22 362 5 624 26 375 2 1069 23 274 21 388
267 2.3237608476129274 -1.3986450466068496 20.062964569886052 84 119 32 0.26317057352385137 8 699 14 1051 6 698 12 926 15 1336 10 534 11 552 7 722 13 282 1 664 4 680 5 623 2 852
268 5.5992902533273767 -1.2933063360395691 20.027906167398495 59 111 26 0.45051293989999419 8 916 14 1057 6 893 12 930 12 1203 16 1006 15 669 10 1154 11 553 7 723 7 959 1 868 4 880 3 898 5 817 2 1072
269 5.7938773607579837 -1.2812457214272601 20.013056379012305 58 107 20 0.52588637783458225 8 704 6 894 12 931 7 724 1 869 4 881 3 899 5 818 2 1073 16 1007 10 561 11 554 14 1058 15 670 17 428
270 6.1306358016749289 -1.2630534880683593 20.024300762143209 51 101 15 1.592800522508701 8 918 14 1060 6 699 12 933 16 1008 15 673 10 1155 7 962 3 692 24 380 5 819 21 391 13 277 2 1074 17 429 13 290 26 425 9 368 15 1358 26 412
271 6.3296953968602896 -1.2933935938268859 20.120968154859693 52 103 12 0.88607601163415095 8 706 2 1075 10 1157 13 283 14 1061 26 413
273 37.86239550855543 -4.4052887484410297 59.99873679626522 12 12 11 0.79655633017495808 8 952 14 1071 6 927 12 955 16 1271 15 1315 11 515 17 388 18 681 20 414 13 569 1 711 4 729 3 740 5 668 21 365 26 345 27 308 34 726 23 257 30 287
274 30.873933348072587 1.5496877269833478 52.94414717537078 18 17 15 0.67283843283287292 8 413 14 1078 6 425 12 507 16 1027 15 711 10 1176 7 753 18 409 20 485 13 353 1 410 4 388 3 377 5 362 26 443 29 196
275 30.256141516633775 1.8874747610743123 52.323739090188724 14 14 12 0.92887400853337609 8 418 14 1079 6 431 12 508 16 1028 15 712 10 1177 11 592 7 755 18 411 20 486 13 357 19 698 1 415 4 389 3 379 5 364 27 378 45 279 47 291 28 282 29 197
276 30.898133215871706 2.6991223450101507 50.621742425661445 131 125 122 0.76202971959542798 8 757 14 1082 6 738 12 1233 11 1262 17 848 20 831 1 722 4 925 3 750 22 397 5 846 21 411 26 700 34 751 47 295 32 554 29 451 30 348
277 -45.037753690752638 -35.654059477953261 72.617225487558258 51 52 54 0.81500728418208868 8 520 14 1153 6 800 12 1003 16 1311 15 1450 11 1531 7 1010 17 1036 18 881 20 869 1 516 4 797 3 518 22 800 42 901 24 807 5 737 5 865 43 910 10 1239 41 840 34 1076 44 841 13 672 33 801 45 816 46 745 38 768 37 729 48 761 35 711 36 785
278 -40.602780239798108 -35.015274193602238 71.324087707999269 70 78 81 1.0651146328808592 8 518 14 1154 6 541 15 1045 10 1480 11 985 17 906 18 748 20 871 13 673 1 514 4 500 3 514 22 530 42 566 24 705 5 465 43 755 21 533 19 730 34 818 44 511 41 709 33 500 45 514 47 714 46 618 40 589 38 656 37 610 48 648 48 762 39 581 32 456 35 603 36 655 31 393 29 517
280 -37.517608062002573 -31.888776033098001 68.19275792103187 41 54 67 0.36602637292809614 8 528 14 1160 6 801 12 1014 13 679 7 789 1 791 4 507 3 524 5 746
281 -44.49307600374712 -33.353816516155689 73.283158485653814 13 14 16 0.81912052835291582 8 568 14 1163 6 588 12 620 16 698 15 1058 10 861 11 1004 17 660 18 92 20 74 19 411 1 557 4 551 3 567 22 66 42 60 24 64 5 753 41 53 34 72 44 68 33 42 45 41 46 46 38 51 37 48 35 27
282 -37.359609472142822 -32.85051877492819 72.891731471494069 13 15 14 0.38171067685453902 8 572 14 1167 6 593 12 1019 16 1081 15 1683 10 1490 11 1364 15 1465 17 1051 18 759 20 1025 13 884 19 739 1 564 4 558 3 570 42 910 24 819 43 923 41 848 21 691 34 981 44 851 40 718 33 815 45 829 47 854 46 757 38 779 37 741 48 776 39 719 9 714 32 730 35 722 36 795 31 658 29 609
283 -33.747049329839427 -29.1026009113884 70.089630058359802 59 59 57 0.99052581395699291 8 875 14 1176 12 1023 16 711 15 1078 10 1262 11 1018 17 116 18 116 20 887 13 687 4 612 3 625 22 83 42 75 43 60 21 99 44 82 47 76 46 63 38 62 28 408 39 65 29 102
286 1.0539006172439012 -4.1451687266889685 18.106848898188243 153 166 68 0.51037629286589914 8 775 14 1209 6 748 12 1057 16 1114 15 1170 10 937 11 1094 7 834 18 227 20 196 13 113 19 88 1 738 4 753 3 762 22 182 5 694 2 943 23 93
287 4.8570773605242898 -4.1583137003018287 18.025812813133825 53 81 4 0.32122526968751891 8 773 14 1210 6 747 12 1056 16 1115 15 1516 10 1544 16 1353 11 1091 7 830 17 721 18 220 20 702 13 752 19 447 1 734 4 750 3 761 22 183 24 185 5 691 5 859 21 192 26 178 25 119 2 938 2 1110 23 94
288 4.8076346175328135 -4.0829953843382985 18.079681797046817 125 135 52 0.34419705215901186 8 779 14 1212 6 749 12 1059 16 1117 15 1177 11 1098 7 835 17 229 18 228 20 199 10 945 13 491 19 87 1 743 4 754 3 763 22 184 24 189 5 698 21 204 26 184 25 128 2 944 23 99
290 5.3823802491091008 -4.0249108203476434 18.126054713247733 149 164 66 0.73395736153128199 8 781 14 1214 6 755 12 1063 16 1120 7 841 17 241 1 745 4 760 3 766 22 192 24 197 5 703 21 212 26 189 25 135 2 949 23 107 20 203 24 191 18 235 19 96 11 1105 15 1184
291 5.3806780519345425 -4.014736605945779 18.111087380360377 149 164 66 0.35045572308476225 8 782 14 1215 6 756 12 1064 16 1121 15 1185 10 950 11 1106 7 842 17 242 18 236 19 97 1 746 4 761 3 767 22 193 24 198 5 704 21 213 26 190 25 136 23 108
294 -3.6154316033804381 -3.8804703201555286 18.39090613076748 88 124 35 0.18637654843214066 8 798 14 1218 6 778 12 1071 16 1129 15 1192 10 1318 11 1123 7 856 17 731 18 248 20 233 19 138 1 761 4 771 3 786 22 202 42 164 24 210 5 724 21 226 26 200 25 152 2 966 23 123
296 5.3124062708834048 -3.9053828576228291 18.194137702816672 143 158 60 0.37892358043688745 8 784 14 1220 12 1069 15 1525 11 1109 17 725 18 619 20 234 1 748 4 762 3 772 22 568 24 585 5 706 21 229 26 198 25 153
297 5.3125631858519435 -3.9080768671467117 18.19858301249581 143 158 60 0.4174689705388388 8 785 14 1221 6 761 12 1070 16 1128 7 844 17 726 18 620 20 235 19 111 1 749 4 763 3 773 22 569 24 586 5 707 21 230 26 199 25 154 2 950 2 1115 13 757 15 1526 11 1110 9 674
298 1.4895652988025996 -3.8812275632628439 18.313334277879779 138 147 60 0.46089121758222623 8 794 14 1222 6 770 12 1072 16 1130 15 1199 10 967 11 1116 7 850 17 257 18 244 20 238 19 118 1 756 4 768 3 780 22 204 24 213 5 714 21 234 26 202 25 158 2 959 23 128
299 1.4901937448949962 -3.8751522143635713 18.302550189960709 138 147 60 0.29892725059471342 8 795 14 1223 6 771 12 1073 15 1200 11 1117 7 851 17 258 18 245 20 239 4 769 3 781 22 205 5 715 21 235 26 203 25 159 2 960 23 129
300 1.1791423221940858 -3.8245848701396037 18.328002327713996 140 145 55 0.30427512822435981 8 799 14 1224 6 777 12 1077 16 1133 15 1531 10 971 11 1129 17 264 18 249 20 244 13 500 1 760 4 773 3 785 24 220 5 721 21 236 25 164 2 964
301 -4.5997630398311076 -3.7949714737641669 18.456636629004752 122 134 67 0.54817534164201187 8 810 14 1225 6 783 12 1080 16 1134 15 1527 10 1324 11 1137 7 861 17 278 20 245 13 759 19 147 1 772 4 778 3 797 22 208 42 606 24 222 5 729 21 237 26 579 25 165 2 972 23 130 27 537
302 -4.5987193157677799 -3.7939380554513082 18.454552764775261 122 134 67 0.54219967700306115 8 811 14 1226 6 784 12 1081 16 1135 15 1528 10 1325 11 1138 7 862 17 279 20 246 13 760 1 773 4 779 3 798 22 209 42 607 24 223 5 730 21 238 26 580 25 166 2 973 23 131 27 538
303 -4.3193403270804378 -3.7933100980021939 18.460744480046234 122 132 66 0.52812568324154396 8 812 14 1227 6 785 12 1082 16 1136 15 1529 10 1326 11 1403 7 863 17 734 18 625 20 247 13 502 19 463 1 770 4 780 3 795 22 570 42 604 24 224 5 731 21 239 26 581 25 167 27 534 23 427 9 529
304 -4.3162833293546781 -3.7901426655131791 18.454900287711673 122 132 66 0.47289242057576253 8 813 14 1228 6 786 12 1083 16 1137 15 1530 10 1327 11 1404 7 864 17 735 18 626 20 248 13 503 1 771 4 781 3 796 22 571 42 605 24 225 5 732 21 240 26 582 25 168 27 535 23 428
305 -3.4960340351682175 -3.7966257003985211 18.447961661853874 40 80 18 0.34675194263124731 8 980 14 1229 6 959 12 1084 16 1138 15 1204 10 1328 11 1135 7 1043 18 255 13 127 19 462 1 936 4 947 22 572 42 168 5 862 43 606 26 211 27 159 25 464 2 1119 23 429
306 -6.7135215703346143 -3.9872952887626889 19.334811576011727 191 195 207 0.37589218294410082 8 824 14 1230 16 1147 10 1323 11 1133 13 130 8 823 4 791
307 4.5072235789608079 -3.786341084061323 18.317610175309149 132 139 53 1.836414462362389 8 801 3 782 2 962 7 855 12 1085 18 624 19 135 14 1231 10 1337 25 465 26 212 20 251 19 124
308 -4.6002373547944027 -3.5952157713321542 18.622986545897195 117 130 60 0.27675938386321619 8 817 14 1234 6 792 12 1094 16 1151 15 1532 10 1340 11 1147 7 872 17 289 18 266 20 279 13 509 19 178 1 779 4 785 3 804 22 226 42 610 24 242 5 738 21 248 26 584 25 181 2 985 23 143
309 -4.6002373547944027 -3.5952157713321542 18.622986545897195 117 130 60 0.27675938386321619 8 818 14 1235 6 793 12 1095 16 1152 15 1533 10 1341 11 1148 7 873 17 290 18 267 20 280 13 510 19 179 1 780 4 786 3 805 22 227 42 611 24 243 5 739 21 249 26 585 25 182 2 986 23 144
310 -4.3152560889498828 -3.5869036869256701 18.610683851860212 122 132 62 0.45296395737200812 8 819 14 1236 6 790 12 1096 16 1153 15 1228 10 1342 11 1145 7 874 17 291 20 281 13 511 19 180 1 781 4 787 3 806 22 228 42 176 24 244 5 740 21 250 26 586 25 183 2 983 27 170 23 145
311 -4.3152560889498828 -3.5869036869256701 18.610683851860212 122 132 62 0.45296395737200812 8 820 14 1237 6 791 12 1097 16 1154 15 1229 10 1343 11 1146 7 875 17 292 20 282 13 512 19 181 1 782 4 788 3 807 22 229 42 177 24 245 5 741 21 251 26 587 25 184 2 984 27 171 23 146
312 -6.6170417093939493 -3.7301833618352602 19.597906858428569 228 227 233 0.30880630346554488 8 529 14 1240 6 552 12 749 16 1159 15 1536 10 985 7 542 1 522 4 510 3 529 5 478
313 51.965634573676745 -20.62720208059007 82.785319512609078 38 44 40 0.62786360657893248 8 933 14 1241 6 720 12 1145 16 1179 15 1504 10 1310 11 1045 7 935 1 688 4 704 3 720 5 828 29 128
315 -3.949180513831601 -3.2264020365572206 18.856592334883128 17 47 12 0.3420804648786851 8 987 14 1245 6 966 12 1315 16 1366 15 1544 10 1354 11 1413 7 1052 17 744 18 633 20 721 13 526 1 948 4 957 3 961 22 576 42 205 24 592 5 871 21 579 26 237 25 470 27 551 2 1130 23 433 9 542
316 -3.7442356434784312 -3.2243851742267609 18.851562804180109 14 47 6 0.27585850173704096 8 988 14 1246 6 967 12 1316 16 1165 15 1545 10 1356 11 1414 7 1053 17 745 18 634 20 722 13 527 19 477 1 949 4 953 3 962 22 577 42 206 24 593 5 872 21 580 26 238 27 552 25 471 2 1131 23 434
317 -4.4406884865804255 -3.2118962520904208 18.862966014329412 9 44 11 0.40369800178975251 8 993 14 1247 6 971 12 1314 16 1367 15 1543 10 1355 11 1415 7 1055 17 750 18 635 20 720 13 532 1 952 4 956 3 968 22 575 42 215 24 595 5 875 21 581 26 592 25 469 2 1136 23 432
318 -2.0277129488214465 -3.2230667077418578 18.831496129631315 18 51 5 0.55911481454784828 8 834 14 1252 6 807 12 1101 16 847 15 1251 10 1361 11 1166 7 880 17 326 18 284 20 312 13 159 1 794 4 802 3 820 22 256 42 196 24 278 5 752 21 276 26 244 42 195 27 188 25 202 2 994 23 174
319 -2.3280576334648546 -3.1921746051713673 18.901813021353561 139 144 59 0.65281444625115281 8 840 14 1254 6 808 12 1104 16 1169 15 1550 10 1024 11 1169 7 884 18 291 20 321 19 476 1 798 4 807 3 822 42 207 42 619 24 286 5 754 21 286 26 245 27 193 25 205 2 996 23 177 9 682
320 -4.5439963916671262 -3.1559100554420865 18.926331508387317 127 131 49 0.28830713520746026 8 843 14 1256 6 813 12 1105 16 1173 15 1252 11 1172 7 887 17 341 18 296 20 315 19 234 1 801 4 811 3 826 22 261 24 282 5 759 21 280 25 208 2 1000 23 175
321 -4.5426970229309127 -3.1540168677265656 18.922499935448766 127 131 49 0.30995648144118715 8 844 14 1257 6 814 12 1106 16 1174 15 1253 10 1363 11 1173 7 888 17 342 18 297 20 316 19 235 1 802 4 812 3 827 22 262 24 283 5 760 21 281 26 250 25 209 2 1001 23 176
322 -2.9451157836987978 -3.1747351424682697 18.88403965393768 138 142 57 0.20429513768998792 8 996 14 1258 6 973 16 1170 10 1364 11 1421 7 1060 20 728 19 479 1 955 4 966 24 602 5 877 2 1137
323 -2.9439637425722007 -3.1708561832021589 18.876462498832332 138 142 57 0.26479540810588598 8 997 14 1259 6 974 16 1171 15 1551 10 1365 11 1422 7 1061 17 752 18 637 20 729 13 536 19 480 1 956 4 967 22 585 24 603 5 878 21 587 27 554 25 478 2 1138 23 441
324 -4.3639251985427672 -3.1529518460468529 18.924708432380541 126 135 59 0.41000077780349542 8 846 14 1260 6 816 12 1107 16 1175 15 1254 10 1366 11 1174 7 889 17 343 18 299 20 318 19 237 1 804 4 814 3 829 22 264 42 225 24 285 5 762 21 283 26 252 25 210 2 1003 23 178
325 -1.956887067588903 -3.1542265110827765 18.894827052344286 131 144 73 0.57233889533003934 8 841 14 1261 6 811 12 1109 15 1256 11 1171 7 886 18 293 20 323 13 169 10 1030 1 799 4 809 3 824 22 266 42 209 24 287 5 756 21 287 26 254 25 215 2 998 23 179 40 146 27 197
326 -1.9580926372793241 -3.1534715354709024 18.894098548735617 131 144 73 0.46066029160943545 8 842 14 1262 6 812 12 1108 16 1176 15 1255 11 1170 7 885 17 338 18 294 20 324 13 170 1 800 4 810 3 825 22 267 42 208 24 288 5 755 21 288 26 255 27 198 25 216 2 997 23 180
329 -2.0285238010872781 -3.071278044347983 18.953946216190769 23 49 14 0.66689916466773369 8 850 14 1267 6 822 12 1118 16 1184 15 1270 10 1373 11 1179 7 896 17 757 18 642 20 337 13 180 1 810 4 820 3 835 42 222 24 605 5 766 21 589 26 264 27 207 25 226 2 1007 23 190 9 289
330 -3.0699835270785756 -3.0374529188898949 18.993831699936255 13 43 7 0.38305346910788823 8 1001 14 1268 6 979 12 1122 12 1327 16 1187 16 1380 15 1554 10 1374 11 1424 7 1063 17 760 18 643 20 737 13 541 1 960 4 971 3 974 22 587 42 623 24 606 5 886 43 213 21 590 26 266 27 564 25 481 2 1147 23 444
331 2.7467533107838213 -3.0173377896438649 18.8107883166767 142 150 64 0.54893587593880833 8 847 14 1270 6 817 12 1121 16 1190 15 1275 10 1062 11 1181 7 894 17 754 18 640 20 345 1 805 4 815 3 830 22 280 24 610 5 758 21 300 26 271 2 999 23 196 48 808 31 125 32 854
332 -1.9508687759353636 -2.982542705148135 18.97468019238395 141 148 66 0.63864099843726618 8 854 14 1271 6 827 12 1123 16 1193 15 1562 10 1377 11 1189 7 901 17 766 18 648 20 348 20 742 13 542 1 813 4 823 3 841 22 286 42 238 42 628 11 1428 24 613 5 769 5 889 21 301 21 594 26 606 27 213 25 487 2 1015 23 448 9 555
333 -1.9508687759353636 -2.982542705148135 18.97468019238395 141 148 66 0.63864099843726607 8 855 14 1272 6 828 12 1124 16 1194 15 1561 10 1378 11 1188 11 1427 7 902 17 765 18 647 20 349 20 743 13 543 1 814 4 824 3 842 22 287 42 239 42 627 24 614 5 770 5 890 21 302 21 593 26 607 27 214 25 486 2 1016 23 447 9 554
334 -3.8366907204262635 -2.9498284924613882 19.059726434499176 124 129 45 0.31360166027438841 8 1004 14 1273 6 983 12 1131 16 1206 10 1380 7 911 17 767 18 654 20 744 19 494 1 963 4 832 3 855 22 590 2 1152
336 -3.1962070895577384 -2.9574487593384093 19.054741459881864 130 137 59 0.20982891979889762 8 861 14 1275 6 834 12 1125 16 1201 10 1070 7 908 17 368 18 322 20 360 1 819 4 830 3 853 22 294 24 311 5 780 21 305 25 237 2 1021 23 199
337 -3.1964154899192749 -2.9545566561937124 19.048829629173831 130 137 59 0.36669825746532403 8 862 14 1276 6 835 12 1126 15 1280 10 1071 11 1192 7 909 17 369 18 323 20 361 13 201 1 820 4 831 3 854 22 295 42 251 24 312 5 781 43 637 21 306 26 283 27 565 25 238 2 1022 23 200
338 -2.7292914359547376 -2.955139232446427 19.03859953073438 143 143 55 0.37002094242934214 8 863 14 1277 6 830 12 1127 16 1202 15 1281 10 1382 11 1193 7 904 17 363 18 324 20 362 19 490 1 815 4 826 3 848 22 296 24 313 5 778 5 891 43 227 21 309 27 234 25 239 2 1148 23 201
339 -2.7284643849538761 -2.9551429937967781 19.037971427146882 143 143 55 0.40576306839888088 8 864 14 1278 6 831 12 1128 16 1203 15 1282 10 1383 11 1194 7 905 17 364 18 325 20 363 19 491 1 816 4 827 3 849 22 297 42 248 24 314 5 779 43 228 21 310 27 235 25 240 2 1149 5 892 23 202
340 -2.5505323075058199 -2.9588121197139845 19.045661871040714 137 148 65 0.57322983780561376 8 859 14 1279 6 832 12 1129 16 1204 15 1283 10 1384 11 1190 7 906 17 365 18 326 20 364 19 492 1 817 4 828 3 850 22 298 42 249 24 315 5 776 21 311 27 230 25 241 2 1019 2 1150 43 214 23 205 30 545
341 -2.550622941369137 -2.958189458901848 19.044710110615725 137 148 65 0.56060847256153001 8 860 14 1280 6 833 12 1130 16 1205 15 1284 10 1385 11 1191 7 907 17 366 18 327 20 365 19 493 1 818 4 829 3 851 22 299 24 316 5 777 21 312 27 231 25 242 2 1020 43 215 23 206 2 1151 30 546
342 -47.972931504959398 -14.105594915715873 74.732520187811616 48 50 49 0.39030151662574936 8 945 14 1281 6 917 12 1171 16 1233 15 1522 11 1575 7 1208 1 895 4 913 3 924 5 836
343 -47.954618366597074 -14.098944564827312 74.706341052084738 48 50 49 0.36488740904523276 8 946 14 1282 6 918 12 1172 16 1234 15 1523 11 1576 15 1743 7 1209 1 896 4 914 3 925 5 837
344 -4.3750786198552269 -2.8858427331591034 19.126359466901917 15 42 0 0.18813866480655841 8 869 14 1283 6 843 12 1138 16 1213 10 1387 11 1197 7 918 17 772 18 337 20 748 1 827 4 835 3 861 24 327 5 788 21 318 2 1036 23 211
345 -4.37983310071969 -2.8906474071502157 19.136175154151033 15 42 0 0.2495426072311008 8 870 14 1284 6 844 12 1139 15 1288 10 1388 11 1198 7 919 17 773 18 338 20 749 13 549 1 828 4 836 3 862 22 595 24 328 5 789 21 319 25 491 2 1037 23 212
346 -3.9188883652466333 -2.8757277354137996 19.116549850098824 32 59 6 0.38837891656787665 8 871 14 1285 6 848 12 1140 16 1214 10 1085 7 920 17 377 18 339 20 376 19 269 1 829 4 837 3 863 22 312 24 329 5 790 21 320 25 249 2 1030 23 213 27 254
347 -3.923973062074182 -2.8797915439455393 19.125877617558508 32 59 6 0.34363082665176009 8 872 14 1286 6 849 12 1141 15 1289 10 1086 11 1199 7 921 17 378 18 340 20 377 1 830 4 838 3 864 22 313 42 260 24 330 5 791 21 321 26 295 25 250 27 255 2 1031 23 214
348 -2.6423527584958606 -2.8900669070518084 19.094326861199519 18 46 12 0.37117279198492359 8 1009 14 1287 6 987 12 1333 16 1215 15 1565 10 1389 11 1434 7 1075 17 770 18 657 20 751 13 209 1 967 4 977 3 982 22 596 42 632 24 617 5 895 21 597 26 610 27 572 25 493 2 1157 23 453
350 -4.3199255444128228 -2.7868264877926596 19.180046483301055 130 132 43 0.40417141042596649 8 1013 14 1289 6 990 15 1566 10 1393 11 1439 7 1076 17 775 18 659 13 559 1 969 4 979 3 984 22 597 42 641 24 619 5 896 21 599 26 614 25 496 2 1160 23 454
351 -4.3995115967449623 -2.6802211776602127 19.259545517821635 90 105 39 0.28549771831618009 8 1019 14 1290 6 993 16 1396 15 1571 10 1397 11 1215 7 1083 18 349 20 754 13 567 1 973 4 986 3 991 22 325 42 282 24 621 5 899 21 339 26 310 2 1170 23 227
352 -4.3995115967449623 -2.6802211776602127 19.259545517821635 90 105 39 0.28549771831618009 8 1020 14 1291 6 994 16 1397 15 1572 10 1398 11 1216 7 1084 18 350 20 755 13 568 1 974 4 987 3 992 22 326 42 283 24 622 5 900 21 340 26 311 2 1171 23 228
353 -2.9486825251862392 -2.6748066398170756 19.209784341703454 105 113 47 0.42219675780645438 8 1014 14 1292 16 1221 10 1399 20 389 22 598 42 277 43 649 2 1161
354 -2.9491817188213458 -2.6742600059689572 19.209394325835564 105 113 47 0.43210233259079378 8 1015 14 1293 16 1222 10 1400 20 390 22 599 43 650 2 1162
355 -2.6941201402386157 -2.6804237072029475 19.22101091817559 136 149 78 0.51845808451355102 8 1016 14 1294 6 992 16 1219 10 1402 7 1080 18 352 13 237 19 503 1 970 4 981 3 986 21 602 27 270 2 1164 23 226
356 -2.4523289771560162 -2.6727923625190861 19.22079976451111 111 122 54 0.3417829619447606 8 879 14 1295 12 1149 16 1226 15 1573 10 1403 11 1213 17 776 18 661 13 564 20 756 1 835 19 505 3 872 22 600 42 272 24 344 21 343 27 271 25 276 2 1165 23 229
357 -2.4523289771560162 -2.6727923625190861 19.22079976451111 111 122 54 0.3417829619447606 8 880 14 1296 12 1150 16 1227 15 1574 10 1404 11 1214 17 777 18 662 13 565 20 757 1 836 19 506 3 873 22 601 42 273 24 345 21 344 27 272 25 277 2 1166 23 230
359 -2.2783455730102831 -2.6759263427999698 19.233880697662094 113 123 53 0.38542487816352056 8 1018 14 1298 12 1152 16 1229 15 1576 10 1406 7 925 7 1082 17 779 18 664 20 759 19 508 4 983 22 603 42 275 24 624 21 346 27 582 25 499 2 1168 23 460
360 -2.0612746463219542 -2.6596866855304744 19.235078988118442 132 141 77 0.21207164315534627 8 1022 14 1301 6 996 12 1341 15 1577 10 1408 7 1086 17 780 18 665 20 761 19 663 1 971 4 984 3 989 24 625 5 897 21 603 26 620 25 500 23 461
361 -2.0612328595200231 -2.6603721577328523 19.23649924059487 132 141 77 0.21180772374872317 8 1023 14 1302 6 997 12 1342 10 1409 7 1087 17 781 18 666 20 762 1 972 4 985 3 990 24 626 5 898 21 604 26 621
362 2.1221345017800068 -2.5120421896620813 19.272568006993609 143 149 59 0.90426006530307457 8 883 14 1304 6 854 12 1158 16 1230 10 1108 20 405 1 839 4 844 3 876 3 993 22 334 26 321 2 1172 23 466 11 1218 19 278
363 3.2260278747965554 -2.4853169392446479 19.260151247773976 142 148 58 0.93706520610359956 8 1025 6 853 7 928 7 1090 13 232 1 838 1 977 4 845 3 875 5 795 2 1174 12 1347 14 1305 15 1581 16 1402 11 1219 20 406
364 -4.4009631888313185 -2.4541097507522447 19.486541251633554 123 126 44 0.77616972421608332 8 889 14 1306 6 858 12 1160 16 1235 15 1580 10 1414 7 932 17 784 18 667 20 408 1 843 4 850 3 879 22 608 42 973 24 629 24 896 5 799 26 951 27 867 25 281 2 1047 23 468
365 -3.4715635348283169 -2.3622628789567659 19.399662701043258 45 61 6 0.53769484509881982 8 890 14 1309 12 1165 16 1238 15 1588 10 1420 11 1448 17 792 18 670 20 777 19 512 4 629 1 625 6 657 3 643 22 613 24 635 42 296 5 585 21 355 26 331 27 602 2 1049 2 1180 23 473
366 -3.3045104233769598 -2.3701826965297692 19.458159994122106 50 67 13 0.31004408219268415 8 1030 14 1311 6 1004 16 1239 15 1590 10 1422 11 1225 7 1095 17 787 18 672 20 775 13 575 19 513 1 985 4 994 3 1004 22 615 42 651 24 637 5 911 21 613 26 637 27 600 25 507 2 1181 23 475
368 38.174850481038135 -11.262545157570189 70.890389065625754 45 47 46 0.53241543890398801 8 947 14 1314 6 919 16 966 15 1542 10 1395 7 984 17 945 18 622 20 712 19 631 1 897 3 926
370 2.4430914921354212 -2.1961148690514158 19.347351180086381 141 148 55 1.6804420089995491 8 653 14 1317 6 665 12 875 15 1310 10 1124 7 671 3 650 2 796
372 6.1296464629907597 -1.7409055905300961 19.691559496956732 120 130 48 0.46464496298089403 8 903 6 877 3 886 26 356 2 1059 11 1232 12 1183 14 1321 15 1607 16 1248 17 808 20 796 24 650 9 583
375 5.0465243710602659 -1.6366805516234455 19.831769499505441 136 144 60 0.19403234035607023 8 1055 14 1324 6 1027 16 1252 11 1466 7 1115 16 1428 17 810 18 689 20 798 1 1002 4 1010 3 1022 22 632 24 653 5 930 21 629 25 522 2 1198 23 489
376 34.964108157511134 -6.86839998725622 65.332976088372803 56 59 58 0.63835544179542736 8 951 14 1325 6 925 15 1582 10 1129 11 1438 20 949 1 904 4 915 22 749 42 645 43 821 25 622 45 736 47 766 46 663 37 656 28 460 32 663
378 -4.6698079579449558 -1.4653379027960269 20.15782737102931 99 123 32 0.59384715755653794 8 915 14 1327 15 1325 10 1147 11 1239 7 958 17 425 18 378 20 442 13 599 42 347 24 368 5 821 21 378 26 368 25 304
379 -3.6480377373194464 -1.4485978830057089 20.064926828429257 105 119 37 0.94207614075837209 8 1069 14 1328 12 1385 15 1615 7 1128 18 699 20 805 4 1022 22 635 42 686 14 1500 24 369 21 380 2 1210 23 499
380 -3.1293450935415783 -1.4585372390157529 20.116637423864123 102 125 35 0.43181795760734043 8 1070 14 1329 6 1040 12 1192 15 1617 12 1386 10 1442 7 1129 17 825 18 379 20 806 13 829 1 1012 4 1023 3 1037 22 636 42 684 5 944 21 637 26 662 27 626 25 532 2 1211 23 496
381 4.9302904568357526 -1.4816618711227603 19.961240275508043 143 150 64 0.3066878139165703 8 1062 14 1330 6 1034 12 1382 15 1618 10 1610 11 1471 7 1121 17 812 18 694 20 807 1 1007 4 1015 3 1030 22 634 24 660 5 936 21 636 26 657 25 527 2 1201 25 528 17 813 23 491
382 5.4041811886283169 -1.4649782196181866 19.95795930634516 129 142 59 0.47100120532151574 8 1063 6 1035 7 1122 1 1008 4 1016 3 1031 5 938 26 658 25 533 2 1202 23 495 21 638 16 1256 17 814 18 695 20 808 22 637 24 661 11 1472 14 1331 9 698
383 5.8647192147156826 -1.445272206065398 19.974518088182624 126 134 48 0.53886049537300684 8 1064 14 1332 6 1037 16 1258 15 1619 10 1444 11 1473 7 957 7 1123 17 815 18 696 20 809 4 1019 22 638 24 662 5 937 21 639 26 659 25 535 23 497 9 592
385 4.808190557291109 -1.3529493049146859 20.05016664667092 82 127 38 0.29848654074429393 8 1071 14 1335 6 1039 16 1260 15 1625 11 1476 7 1130 17 824 18 700 20 813 13 276 19 534 1 1010 4 1024 3 1034 22 639 24 663 5 943 21 640 25 538 2 1206 23 500
387 3.3186207495035922 -1.2868595658125466 20.084356914578599 15 53 15 0.40348971763927682 8 921 14 1337 6 898 12 1204 16 1263 15 1626 10 1447 11 1249 7 1132 17 827 18 704 20 815 13 603 19 536 1 872 4 885 3 903 22 643 24 664 5 948 21 641 26 678 25 540 2 1080 23 501 9 702
390 6.8602481222039273 -1.1876071546128391 20.136812540976862 6 43 2 0.59272094407027509 8 926 14 1342 6 900 16 1266 15 1361 10 1162 7 972 17 830 18 393 20 819 13 607 19 537 1 1016 4 1031 3 905 22 378 24 386 21 392 2 1218 26 684
391 -22.848573791556582 1.1187434252885975 53.463879131165221 20 19 17 0.59936973772439539 8 956 14 1349 6 933 12 1231 16 1277 15 1633 11 1490 17 990 1 908 4 1050 3 935 42 855 24 777 21 759 27 761 34 919 23 595 45 770 47 797 46 684 38 717 48 708 28 612 35 670 36 723 41 803
392 30.266238067636589 2.3429268357934183 51.138169704133531 130 125 122 0.7586287953213523 8 958 14 1354 6 735 12 959 16 1030 11 1261 17 845 18 713 20 830 1 716 4 735 3 748 24 404 5 669 43 356 41 347 21 407 26 699 34 436 45 283 47 651 32 233 29 207 30 347
393 59.130080597604938 -50.567214968031983 99.905690984776101 132 135 128 1.4598197618804558 8 136 14 1373 6 127 12 1011 18 59 1 519 4 129 3 121 3 520 24 936 21 68 34 625 46 41 38 37 28 547 32 67
394 -33.405020370954752 -31.343234128413876 68.211404149489169 73 77 76 0.31991720830300929 8 836 14 1376 12 1258 16 1317 15 1680 10 1488 11 1536 7 1019 17 1049 18 890 20 1022 13 882 19 738 4 806 22 810 42 909 24 818 43 918 41 847 21 808 34 976 44 849 40 716 33 813 45 827 47 852 46 756 38 777 37 737 48 772 28 661 39 717 9 712 32 729 35 720 36 792 31 654 29 608
395 50.868548639460649 -30.558441084614309 72.046523255962072 113 122 119 0.95892771843467595 8 865 14 1384 12 1026 7 828 6 189 4 190 3 179 5 765
396 -33.934931217927144 -28.142277509244096 70.146674965732245 29 31 28 0.84523035934184609 8 881 14 1386 6 651 16 716 16 1323 15 1475 15 1687 10 1265 11 106 11 1543 18 119 20 99 4 219 3 636 38 64 32 93 29 388
398 -35.392642401808864 -26.987958152440473 70.509021919433891 7 7 5 0.31279348564535936 8 1028 14 1390 6 1001 16 1325 15 1690 10 1499 11 1545 17 1057 18 899 20 1036 13 890 19 747 1 981 4 990 3 998 22 820 42 917 24 824 5 904 43 928 41 854 34 987 44 858 40 726 33 819 45 832 47 858 46 763 38 784 37 747 48 786 39 722 32 734 35 723 36 797 31 660
399 -35.392642401808864 -26.987958152440473 70.509021919433891 7 7 5 0.31279348564535936 8 1029 14 1391 6 1002 16 1326 15 1691 10 1500 11 1546 17 1058 18 900 20 1037 13 891 19 748 1 982 4 991 3 999 22 821 42 918 24 825 5 905 43 929 41 855 34 988 44 859 40 727 33 820 45 833 47 859 46 764 38 785 37 748 48 787 39 723 32 735 35 724 36 798 31 661
400 -35.471289313852047 -26.900890015237668 71.384213082457663 56 56 54 0.83968730875946618 8 1039 14 1392 6 863 8 893 16 1092 15 1481 10 1267 11 1372 17 683 18 578 20 661 13 691 19 594 1 846 1 991 3 882 4 855 22 544 24 548 5 798 43 568 34 846 44 91 41 78 33 58 45 533 47 87 48 496 39 604 32 478 35 38 31 50
401 -35.500068734545117 -26.117368067663246 71.025429668062671 9 7 8 0.31708244037800065 8 1044 14 1393 6 1018 16 1328 15 1695 10 1502 11 1547 17 1060 18 901 20 1039 13 894 19 751 1 997 4 1005 3 1015 22 823 42 920 24 828 5 909 43 930 41 857 34 990 44 862 40 728 45 834 47 860 46 766 38 787 37 750 48 789 39 725 9 718 32 737 36 800 31 662
402 -35.502006106619802 -26.117857297303839 71.027988661286528 9 7 8 0.31002882884794236 8 1043 14 1394 6 1017 16 1329 15 1696 10 1503 11 1548 17 1061 18 902 20 1038 13 893 19 752 1 996 4 1004 3 1014 22 824 42 921 24 827 5 908 43 931 41 858 34 991 44 863 40 729 33 821 45 835 47 861 46 767 38 788 37 751 48 790 39 726 9 719 32 738 35 725 36 801 31 663
403 -34.367631165355938 -25.004150506055687 71.895706505131542 49 49 47 0.4220729207467811 8 1049 14 1396 6 1021 15 1698 10 1504 11 1550 17 926 18 772 13 895 19 753 1 999 4 1007 3 1017 22 707 42 773 24 727 43 777 41 728 41 859 34 849 44 705 40 609 33 702 33 823 45 697 45 837 47 739 46 641 38 678 37 633 48 670 39 606 32 643 32 740 35 622 36 675 31 558 31 665
404 4.70586110570384 -4.1645410115774659 18.03445425311989 54 83 7 0.38853558382895209 8 772 14 1429 6 746 12 1304 16 1352 15 1736 10 1543 7 829 17 722 20 921 13 956 19 623 4 942 3 954 22 181 5 858 21 191 26 574 2 46 2 1109
405 6.9434236698542033 -4.0750877853638654 17.979478959324414 123 125 55 0.92709104062975778 8 454 14 1430 6 462 12 1305 16 1508 15 1882 10 1687 11 1574 7 1173 17 942 18 791 20 922 13 1092 19 624 1 735 4 751 4 943 3 429 22 724 24 580 21 198 26 795 26 940 25 461 23 425
406 4.3493361690075316 -4.0646235666995647 18.107025435554046 130 136 54 0.35589831911487008 8 975 14 1431 6 952 12 1306 16 1354 15 1518 10 1308 11 1398 7 1034 18 614 20 705 13 754 19 448 1 931 4 944 3 955 24 581 5 860 21 574 26 575 25 462 2 1112 23 426
407 3.987047807996126 -4.0433784206732293 18.137467963341557 135 137 53 0.53425258724033542 8 976 12 1307 4 945 2 1113 14 1432 16 1355 20 707 26 188 10 1546 15 1738 19 629
408 0.89803618110075711 -3.9950994331506018 18.193859325173477 149 164 64 0.92472234542621723 14 1433 12 1309 16 1356 10 1545 7 1038 17 947 20 219 20 924 13 755 19 798 1 1048 42 153 24 584 25 463 2 1241
409 -3.9465992223862645 -3.625948171711602 18.572224312498225 15 56 10 0.48318076804475185 8 1133 14 1437 6 1090 12 1451 16 1519 15 1750 10 1553 11 1586 7 1046 17 955 18 800 20 931 13 771 19 808 1 940 4 950 3 1088 22 732 42 609 24 745 5 864 21 724 26 583 27 716 25 466 2 1251 23 430 9 533 9 860
410 -3.2806056365104364 -3.2019899521716222 18.848368789378132 13 45 6 0.34441272842475856 8 1138 14 1444 6 968 12 1319 16 1368 15 1755 10 1556 11 1416 11 1589 7 1185 17 958 18 805 20 723 1 1060 4 958 3 1093 22 578 42 621 24 747 5 993 43 626 21 728 26 594 27 550 25 472 2 1255 23 435
412 -1.8635063016296041 -3.2290314827446562 18.842572767927368 24 52 15 0.54013292870808793 8 985 14 1446 6 965 12 1318 16 1369 15 1548 10 1360 11 1412 7 1051 17 743 18 632 1 945 4 954 3 960 22 581 42 617 24 596 5 870 21 582 27 544 25 475 2 1128
413 -2.8205744873850542 -3.1994595209369256 18.867225065717417 16 45 9 0.37410246221974802 8 994 14 1447 6 972 12 1320 16 1370 15 1549 10 1557 11 1419 7 1058 17 748 18 636 20 726 13 531 1 953 4 963 3 969 22 582 42 620 24 599 5 876 21 583 26 596 27 548 25 476 2 1134 23 438 9 541
414 -2.8185833211502933 -3.2019399538155153 18.870117686017434 16 45 9 0.42512318908242219 8 995 14 1448 12 1321 16 1371 10 1558 11 1420 7 1059 19 478 1 954 4 964 3 970 22 583 24 600 27 549 25 477 2 1135 43 620
415 -2.6377361975989126 -3.1998909024197517 18.872150409370072 18 49 11 0.28442897660472571 8 1139 14 1449 6 1095 12 1322 16 1372 15 1756 10 1559 11 1590 7 1186 17 959 18 806 20 937 13 776 19 648 1 1061 4 1081 3 1094 22 737 42 827 24 748 5 994 21 729 26 595 27 720 25 611 2 1256 23 566
416 -4.1208460996809331 -3.1306109220838714 18.88703762083275 134 135 49 0.58796156768760954 8 1140 14 1450 6 1096 12 1324 16 1375 15 1758 7 1187 17 962 18 808 20 732 19 650 1 1065 4 1084 3 1097 22 738 42 830 24 749 5 995 21 731 26 807 25 612 2 1258 23 567 27 722
417 -3.1646970131804908 -3.1212189710306992 18.916477273145222 140 143 57 0.3114700933482617 8 998 14 1452 6 975 12 1325 16 1376 15 1759 10 1561 11 1592 7 1189 17 963 18 811 20 939 13 777 1 957 4 968 3 971 22 739 42 829 24 750 5 996 43 816 21 732 26 808 27 721 25 613 2 1259 23 568
418 -1.8604772441868107 -3.0688543346911219 18.950156479415156 18 49 12 0.58043908598155769 8 1000 14 1453 6 978 12 1326 16 1379 15 1765 10 1566 11 1423 7 1062 17 964 18 814 20 945 13 181 19 483 1 958 4 969 3 972 22 743 42 622 24 754 5 881 21 736 26 600 27 559 25 618 2 1142 23 573 9 544
419 -2.6366113103548736 -3.0308786897314102 18.975867428498862 12 44 10 0.34739467290176324 8 1002 14 1454 6 980 12 1328 16 1381 15 1555 10 1567 11 1425 7 1064 17 968 18 644 20 738 13 195 1 961 4 972 3 975 22 588 42 624 24 607 5 887 21 591 26 602 27 562 25 482 2 1144 23 445
420 -2.6385880074559531 -3.0348335893164151 18.984432392548882 12 44 10 0.2603063370442279 8 1003 14 1455 6 981 12 1329 16 1382 15 1556 10 1568 11 1426 7 1065 17 969 18 645 20 739 1 962 4 973 3 976 22 589 42 625 24 608 5 888 21 592 26 601 27 563 25 483 2 1145 23 446
421 -4.2726396402151003 -2.9739781321780492 19.045970575145834 130 135 53 0.49705810827133484 8 1148 14 1456 6 1102 12 1330 16 1383 15 1557 10 1570 11 1429 7 1068 18 650 20 740 19 659 1 1073 4 1091 3 977 24 611 5 1005 25 484 2 1266
422 -4.2726396402151003 -2.9739781321780492 19.045970575145834 130 135 53 0.49705810827133484 8 1149 14 1457 6 1103 12 1331 16 1384 15 1558 10 1571 11 1430 7 1069 18 651 20 741 19 660 1 1074 4 1092 3 978 24 612 5 1006 25 485 2 1267
423 -3.2867864417394705 -2.8967808245487761 19.085628790374773 21 55 7 0.40548061803317792 8 1008 14 1459 6 986 12 1332 16 1391 15 1564 10 1573 15 1769 11 1433 7 1074 17 769 18 656 20 750 1 966 4 976 3 981 22 745 24 616 5 894 43 641 21 596 26 608 27 574 25 492 2 1156 23 452
425 -2.3620140510274448 -2.7779042062904122 19.149958876116994 140 143 54 0.26184602072284924 8 1153 14 1462 6 1107 12 1465 16 1531 15 1770 10 1578 11 1608 7 1199 17 972 18 822 20 950 13 789 1 1079 4 1094 3 1107 22 747 42 832 24 757 5 1012 21 738 26 813 25 621 2 1270 23 575
426 -3.4188485272960265 -2.6708943337216002 19.256591809106713 57 64 0 0.35372314927180037 8 1021 14 1464 6 995 12 1339 16 1398 15 1773 10 1580 11 1441 7 1085 17 974 20 953 19 667 1 1082 4 1097 3 988 24 759 5 1013 26 815 2 1272 23 576
427 4.1389896169424185 -2.5563439599723314 19.206385961925612 138 142 54 0.45341960708414331 8 1024 14 1468 6 998 12 1345 16 1401 15 1775 11 1442 7 1088 17 973 18 823 19 504 1 975 4 988 24 762 26 626 2 1169 23 578
428 -4.637971512539889 -2.3792007244034017 19.492427783507285 50 64 6 0.15430250990568692 8 1033 14 1470 6 1008 12 1348 16 1403 15 1584 10 1417 11 1444 7 1092 17 796 18 668 20 771 19 678 1 989 4 992 3 1001 22 610 24 631 5 918 21 609 25 504 2 1185 23 469
429 -4.1369668961692678 -2.3710115833946821 19.481349283498364 60 72 10 0.31356271767035815 8 1034 14 1471 12 1349 16 1404 15 1585 11 1445 7 1093 17 797 18 676 20 772 19 673 1 983 22 611 42 655 24 632 21 610 26 634 25 505 2 1186 23 470
430 -4.1358215410139776 -2.3707503069128046 19.477675332231929 60 72 10 0.26979775487901325 8 1035 14 1472 6 1009 12 1350 16 1405 15 1586 10 1419 11 1446 7 1094 17 798 18 677 20 773 13 581 19 674 1 984 4 993 3 1002 22 612 42 656 24 633 5 919 21 611 26 635 25 506 2 1187 23 471
431 -3.656181818487882 -2.3550484024477605 19.477935565105845 77 87 22 0.40207746259043958 8 1038 14 1473 6 1010 12 1351 16 1406 15 1591 10 1584 11 1454 7 1099 17 799 18 678 20 781 13 582 19 675 1 990 4 1000 3 1008 22 620 42 654 24 640 5 1015 21 615 26 638 25 512 27 603 2 1273 23 476
432 -2.3059754557867347 -2.3545317531716941 19.465911069048492 39 59 3 0.31061606494679189 8 1037 14 1475 6 1012 12 1357 16 1410 15 1596 10 1425 11 1452 7 1097 17 793 18 679 20 783 19 516 1 988 4 999 3 1007 22 621 42 648 24 642 5 915 21 618 26 644 27 594 25 513 2 1183 23 481
433 -4.5683320480309666 -2.2580862424420043 19.543977926830959 123 128 41 0.61012551343496124 8 1042 14 1477 12 1359 16 1414 15 1784 10 1590 11 1611 7 1102 17 976 18 685 20 785 13 804 1 992 4 1003 3 1013 22 623 42 841 24 763 5 921 26 820 25 515 2 1277
434 -4.2381065188566449 -2.2745915218456769 19.555242959453434 122 127 40 0.6841809345319313 8 1041 14 1478 6 1015 12 1361 16 1413 15 1598 15 1785 11 1456 7 1103 17 803 18 684 20 958 13 801 1 994 4 1100 3 1012 42 664 24 644 5 920 21 620 26 821 25 516 2 1275 23 483
435 -2.7210561828973172 -2.253748396005927 19.482806792345794 135 139 53 0.81291897367795696 8 1040 14 1480 6 1013 16 1540 10 1592 18 682 20 960 13 799 4 1002 42 837 43 827 26 647 27 607 25 517 2 1188
436 0.80930942712528764 -2.0780880825272683 19.586848113095897 122 124 40 0.30709239622636597 8 1164 14 1482 6 1115 12 1468 16 1416 15 1787 10 1598 7 1201 17 978 18 825 13 806 19 520 1 1084 4 1103 3 1111 22 754 24 765 5 1018 21 744 26 826 25 628 2 1278 23 580
437 0.60556041920789472 -2.0567652214738525 19.593379854686891 127 130 43 0.29678724812284246 8 1047 14 1483 6 1020 12 1363 16 1418 15 1603 10 1599 11 1460 7 1106 17 979 18 826 20 791 13 807 19 521 1 998 4 1006 3 1016 22 626 5 923 21 624 26 649 25 518 2 1190
438 38.069459826081022 -8.5386306964334047 68.12544939520356 66 72 72 0.73336467709451258 8 1093 14 1484 6 1063 12 1389 16 1548 15 1891 10 1589 11 1723 7 1136 17 1097 18 962 20 1100 13 976 19 812 1 902 1 1110 22 875 42 966 24 887 5 964 43 982 21 884 26 947 27 853 25 740 41 909 34 1013 44 890 23 686 40 777 33 856 45 848 47 887 46 797 38 811 37 767 48 818 28 693 39 751 32 758 35 754 36 831 29 624 30 829
441 -4.4013374886361714 -1.640966910006576 20.001462970998915 38 58 5 0.63971467853468944 8 1061 14 1490 6 1033 12 1187 16 1250 15 1609 11 1467 7 1118 17 817 18 691 20 797 13 820 19 312 1 1005 4 1013 3 1029 22 630 24 651 21 627 26 653 2 1203 23 487 42 679
443 -3.0321265431909636 -1.6043987104282571 20.009330751013263 59 79 24 0.33407577230748653 8 1166 14 1492 6 1117 12 1474 16 1545 15 1791 10 1605 11 1612 7 1205 17 982 18 830 20 965 13 818 19 689 1 1087 4 1104 3 1114 22 760 42 843 24 767 5 1021 21 747 26 833 27 746 25 631 2 1280 23 583
445 0.73779771198729838 -1.5763071015326926 19.980082237496458 80 94 13 0.42195581913140823 8 1059 14 1496 6 1032 12 1379 16 1435 15 1611 10 1606 11 1470 7 1119 17 980 18 692 20 966 13 817 19 686 1 1006 4 1014 3 1026 22 353 24 655 5 935 21 631 26 654 25 524 2 1200 23 586
447 -4.5382254468988572 -1.4792114966205252 20.145787732015329 98 120 28 0.40629444397321324 8 1073 14 1499 6 1041 12 1383 16 1437 15 1612 10 1607 11 1475 7 1126 17 985 18 697 20 803 13 830 1 1013 4 1109 3 1036 22 633 42 850 24 658 5 947 21 634 26 838 25 529 2 1294 23 492
449 0.94845775112182529 -1.4030777495711764 19.940408128858692 88 117 24 1.3129818559959965 8 1172 14 1503 6 1122 17 1121 20 811 1 1094 4 1108 25 536 2 1287 23 280 26 674
450 42.204918442774385 -32.068336429314762 76.280638797081565 25 27 26 0.43328308235072899 8 1155 14 1540 6 1163 12 1429 16 1486 15 1841 10 1652 11 1661 7 1174 17 1169 18 1017 20 1033 13 1068 19 881 1 1076 4 1095 3 1160 22 815 42 1025 24 944 5 1000 43 1056 21 817 26 890 27 923 25 799 2 1321 34 1084 44 855 23 622 33 914 45 938 47 961 46 888 40 821 38 871 37 837 48 894 28 663 39 800 9 822 32 733 35 818 36 902 31 764 29 611 30 885 41 958
451 44.22928889478051 -31.283788758387459 76.450039064689193 108 113 109 1.2132826265446164 8 1157 14 1542 6 850 8 876 12 1434 7 1037 18 763 1 834 1 1080 4 841 3 987 22 816 5 1008 43 924 21 818 27 687 41 960 34 1087 47 857 46 765
453 1.0553653717755747 -4.5146005062741619 18.140760006561077 55 107 42 0.30216613767255684 8 449 14 1554 6 460 12 1290 16 1500 15 1863 10 1672 11 1692 7 1030 17 1185 18 1031 20 1182 13 1085 19 907 1 445 4 417 3 425 22 947 24 957 5 688 21 958 26 929 25 811 2 934 23 765
454 -7.05467234248193 -3.9868170606310205 19.362769833115596 207 210 219 0.81506480023534933 8 1135 14 1571 6 1155 12 1447 16 1512 15 1883 10 1691 11 1577 7 1181 17 948 18 793 20 710 13 964 13 1242 19 994 1 942 4 1078 3 956 22 725 5 989 2 1252
455 -4.2455691276677925 -3.7011883650444517 18.534705703490225 12 49 15 0.5261715412917517 8 1130 14 1572 6 1087 12 1448 16 1514 15 1744 10 1548 11 1582 7 1177 17 951 17 1094 18 796 20 928 13 969 19 637 1 1053 4 1077 3 1085 22 730 42 819 24 741 5 987 13 762 21 720 26 799 25 606 2 1247 27 845 27 714 23 558
456 -3.3654750297473086 -3.719826595208882 18.504406060806993 130 137 47 0.25533813701065672 8 1128 14 1574 6 1085 12 1446 16 1513 15 1746 10 1693 11 1578 7 1176 18 795 20 927 13 967 19 636 1 1051 4 1073 3 1084 22 727 22 866 42 817 24 742 5 983 43 809 21 719 26 797 27 710 25 600 2 1245 23 555
457 -4.6693894268571263 -3.6861223195916994 18.536980613370886 11 44 14 0.58890474348373778 8 1131 14 1575 6 1088 12 1449 16 1516 15 1748 10 1551 11 1580 7 1179 17 953 18 798 20 929 13 767 19 639 1 1054 4 1075 3 1086 22 728 42 821 24 743 5 985 21 722 26 801 25 602 2 1249 23 556 27 712 9 678
458 -4.6659997510919293 -3.6815428401651986 18.528713915979072 11 44 14 0.51452218763868085 8 1132 14 1576 6 1089 12 1450 16 1517 15 1749 10 1552 11 1581 7 1180 17 954 18 799 20 930 13 768 19 640 1 1055 4 1076 3 1087 22 729 42 822 24 744 5 986 21 723 26 802 25 603 2 1250 23 557 27 713
459 -3.5186091883760082 -3.5934512498623574 18.59321564787594 23 47 1 0.28018817834304705 8 1206 14 1578 6 1152 12 1453 16 1520 15 1885 10 1695 11 1713 7 1265 17 1096 18 959 20 1093 13 975 19 810 1 1130 4 1146 3 1151 22 868 42 955 24 881 5 1057 43 975 21 877 26 942 27 848 25 733 2 1318 23 680 9 803
460 -4.458433838931529 -3.5491391304412936 18.644111527616211 11 45 14 0.62559790705312013 8 1134 14 1579 6 1156 12 1454 16 1521 10 1696 11 1716 7 1182 7 1266 17 1098 18 960 20 1094 13 977 19 811 1 1056 1 1131 4 1149 3 1089 22 735 42 824 42 957 24 884 5 1058 21 726 21 880 26 805 26 945 25 609 25 736 2 1320 23 564 27 849 9 739
461 -4.0621501590958822 -3.5152457384107638 18.662582921586896 130 136 49 0.40685772202333381 8 1136 14 1580 6 1092 12 1456 16 1522 15 1886 10 1699 7 1184 18 961 20 934 1 1057 4 1079 3 1090 5 990 2 1253 9 737
462 -2.2321131090124045 -3.1229704309663369 18.934541084618992 22 55 14 0.53370185775606016 8 1141 14 1581 12 1458 16 1377 15 1761 10 1700 11 1593 7 1188 18 809 20 941 19 481 1 1066 4 1085 3 1098 22 740 42 828 24 751 5 997 21 733 26 810 27 556 25 615 2 1260 23 570 30 525
463 -4.4788083131220642 -3.078537908396449 19.019196164671655 14 43 14 0.52136990988240484 8 1143 14 1582 12 1459 16 1524 15 1762 10 1564 11 1594 7 1191 17 965 18 815 20 943 19 653 1 1135 4 1155 3 1100 22 741 24 752 5 1066 19 997 17 1272 22 1019 21 734 25 616 2 1328 23 571
464 -2.9461120958388105 -2.9939705388751046 19.048065323985579 142 142 52 0.44383286016328938 8 1145 14 1584 6 1099 12 1461 16 1526 15 1888 10 1702 11 1599 7 1193 17 1106 20 1102 13 781 13 983 19 818 1 1070 4 1088 3 1102 22 877 42 962 24 889 5 1002 43 984 21 885 27 856 25 741 2 1262 23 687 30 541
465 -2.9466422797615737 -2.9947629173267525 19.050496011243734 142 142 52 0.31808515288843547 8 1146 14 1585 6 1100 12 1462 16 1527 15 1889 10 1703 11 1600 7 1194 17 1107 20 1103 19 819 1 1071 4 1089 3 1103 22 878 42 963 24 890 5 1003 43 985 21 886 27 857 25 742 2 1263 23 688
467 48.50282884599806 -16.222847181018871 77.976303451944943 35 39 38 1.3354202576022589 8 1180 14 1587 6 1128 12 1531 16 1607 15 1950 10 1778 11 1705 7 1281 1 1104 4 1178 3 1179 11 1836 5 1085 18 194 20 696 13 463 17 176 28 681
468 -3.3998915170735695 -2.5080905663811377 19.365653004575982 135 135 43 0.43578000007207585 8 1221 14 1589 6 1170 12 1527 16 1608 15 1893 10 1710 11 1726 7 1276 17 1111 18 972 20 1111 13 990 19 824 1 1143 4 1166 3 1164 22 882 42 971 24 897 5 1073 21 893 26 953 27 865 25 750 2 1333 23 698 9 691
470 -4.1933295488087037 -1.6036324148671564 20.034799739482658 37 66 8 0.52703763367108725 8 1171 14 1595 6 1119 12 1472 16 1543 15 1792 10 1604 11 1613 7 1206 18 831 16 1433 20 963 13 824 19 833 1 1091 3 1119 22 761 42 846 5 1025 21 748 26 831 2 1284 23 584
471 -3.7777839365389441 -1.6133477633928317 20.086515114813576 39 60 7 1.0944337148389816 8 1170 14 1596 12 1473 6 1120 16 1544 15 1790 10 1713 11 1614 7 1204 20 964 13 821 19 690 1 1146 3 1118 22 759 42 678 5 1077 26 361 11 1237 2 1286
473 -4.5170639394532905 -1.3387949664509724 20.214485144746074 7 40 9 0.53764502755969168 8 1229 14 1599 6 1177 13 1009 1 1151 4 1173 3 1173 22 891 5 1080 25 760 2 1341 42 989 10 1715 17 1123
474 -37.542365083349651 -31.214526652053696 67.274656450442137 13 21 31 0.89702690197273705 8 1137 14 1622 6 1093 12 1420 16 1480 15 1833 10 1737 11 1658 11 1759 7 1245 17 1167 18 1014 20 1153 13 1148 19 965 1 1058 22 925 42 1021 24 939 43 1053 34 1080 44 965 41 954 33 911 45 935 47 958 46 883 40 818 38 776 37 833 48 890 39 797 9 761 2 1244 32 821 35 814 36 900 31 653
475 -48.499347606573096 -23.523373958852407 78.207809877011499 1 3 2 1.0193427229454122 8 1077 14 1638 6 1044 12 1457 16 1511 15 1937 10 1760 11 1775 7 1198 17 1252 20 1235 13 1077 1 1017 4 1029 3 1040 5 940 43 1151 44 1076 45 945 47 863 46 893 38 880 37 842 48 900 35 823 36 907
476 -1.7278518037629058 -4.2020148685142029 18.127829844036555 123 130 50 0.68124634208524992 8 1196 14 1639 6 1145 12 1511 16 1592 15 1947 11 1709 7 1255 17 1190 18 1034 13 1093 1 1122 4 1136 3 1142 22 862 24 958 5 1047 25 728 2 1312 23 675
477 -1.3792843526638805 -4.0661116771110501 18.186754739805583 161 167 67 0.48193541925383715 8 1197 14 1640 12 1512 16 1594 15 1948 10 1770 11 1711 7 1257 17 1191 18 1036 7 1321 20 1186 13 1094 19 914 4 1139 3 1143 22 950 42 1040 24 959 2 1367 9 795
478 -1.3792843526638805 -4.0661116771110501 18.186754739805583 161 167 67 0.48193541925383715 8 1198 14 1641 12 1513 16 1595 15 1949 10 1771 11 1712 7 1258 17 1192 18 1037 20 1187 7 1322 13 1095 19 915 4 1140 3 1144 22 951 42 1041 24 960 2 1368 9 796
479 3.1183727665953942 -3.9806204927309845 18.162613293713648 160 166 69 0.36638458042753674 8 1199 14 1643 6 1147 12 1514 16 1597 15 1952 10 1772 11 1787 7 1259 17 1193 18 953 20 1089 13 1096 19 916 1 1124 4 1141 3 1145 22 953 24 962 5 1051 26 1022 25 815 2 1314 9 793
480 3.1181026575142612 -3.981100780611627 18.16330502307499 160 166 69 0.36240344099445171 8 1200 14 1644 6 1148 12 1515 16 1598 15 1953 10 1773 11 1788 7 1260 17 1194 18 954 20 1090 13 1097 19 917 1 1125 4 1142 3 1146 22 952 24 963 5 1052 21 959 26 1021 25 814 2 1315 23 768 9 794
481 1.397087155709231 -3.7939990846292222 18.358170710451102 141 145 58 0.76780210986357034 8 1202 6 1150 12 1516 4 1144 3 1147 2 1317 2 1118 10 1775 14 1645 15 1884 19 804
482 -43.766042979579318 -19.260634654369159 77.481747942926077 3 3 3 1.3514646807805915 8 1270 14 1646 6 1214 12 1526 12 1579 16 1661 15 2000 7 1277 7 1333 6 1181 17 1256 15 1945 18 1084 18 1140 13 1234 1 1158 1 1200 4 1176 4 1235 3 1125 42 1107 42 1171 5 1083 5 1127 43 1155 43 1220 41 1094 34 1095 34 1237 44 1183 21 949 44 870 41 973 40 964 33 827 33 1055 45 1109 47 1058 46 773 46 1045 40 832 38 891 37 846 48 990 39 961 9 838 35 731 35 1001 31 778 29 616
483 -2.8693645151786229 -3.6042880965693973 18.590245601461064 20 45 0 0.33287019816628399 8 1204 14 1647 6 1153 12 1518 16 1601 15 1956 10 1776 11 1714 7 1263 17 1198 18 957 20 1192 13 1103 19 919 1 1128 4 1147 3 1149 22 869 42 953 24 882 5 1055 21 878 26 943 27 846 25 734 43 972 23 681 9 804
484 -2.8697915081839844 -3.6055491960841319 18.592549026960949 20 45 0 0.32835001293005434 8 1205 14 1648 6 1154 12 1519 16 1602 15 1957 10 1777 11 1715 7 1264 17 1199 18 958 20 1193 13 1104 19 920 1 1129 4 1148 3 1150 22 870 42 954 24 883 5 1056 21 879 26 944 27 847 25 735 43 973 23 682
485 -4.4246195762647842 -3.3494690649032379 18.771302743454363 132 134 51 0.67662858910824786 8 1207 14 1650 6 1157 12 1523 16 1603 10 1779 7 1267 20 1096 19 813 1 1132 4 1150 3 1153 22 871 42 959 24 885 5 1059 2 1323 9 741 27 851
486 52.638968643824391 -19.288715155431358 83.217251199689443 30 36 34 0.95639056638389208 8 1179 14 1652 6 1127 12 1529 16 1606 15 1876 10 1692 11 1680 7 1280 1 1102 4 1117 3 1127 5 1084
487 -4.7868765194037133 -3.1780709559655942 18.909076283433137 132 132 45 0.51931542730271663 8 1209 14 1653 6 1158 12 1524 16 1604 15 1887 10 1780 11 1721 7 1268 17 1203 18 963 20 1097 13 1108 19 923 1 1133 4 1152 3 1154 22 872 42 960 24 886 5 1062 21 881 26 946 25 737 2 1327 2 1377 23 683
488 -3.4401118950025023 -3.0488266893706495 18.945292780810892 132 138 45 0.5484849264810403 8 1258 14 1654 12 1525 16 1605 15 1959 10 1783 7 1325 17 1204 18 1044 20 1197 13 1109 19 924 22 960 42 1048 24 970 5 1112 2 1378 9 808 43 1087
489 -2.3898177480854139 -2.5171062205114452 19.346211641401119 143 143 53 0.43594473314001486 8 1220 14 1658 6 1169 12 1528 16 1610 15 1897 10 1786 11 1725 7 1272 17 1208 18 1048 20 1114 13 1112 19 932 4 1165 3 1165 22 887 42 968 24 901 5 1122 43 994 21 898 26 956 9 690
490 -0.58777378786878565 -2.0694270141345705 19.629422839496076 137 139 55 0.42894134690067975 8 1224 14 1661 6 1173 12 1533 16 1615 15 1898 10 1791 11 1731 7 1279 17 1119 18 974 20 1115 13 1117 19 829 1 1145 4 1169 3 1167 22 889 42 979 24 902 5 1075 21 903 26 960 25 756 2 1335 23 703
491 -0.10580331533958577 -2.0796399328029804 19.594507768580726 122 126 41 0.41808196650496021 8 1223 14 1662 6 1172 12 1532 16 1614 15 1964 10 1790 11 1730 7 1278 17 1118 18 973 20 1116 13 1116 19 828 1 1194 4 1167 3 1166 22 890 24 903 5 1074 5 1124 21 901 26 961 25 757 2 1334 2 1388 23 774
492 -45.318676462836613 -32.862218505344906 72.56173417464268 9 10 12 0.60466506143489063 8 1211 14 1683 6 1159 12 1563 16 1642 15 1984 10 1806 11 1864 7 1313 17 1297 18 1133 20 1274 13 1217 19 1031 1 1134 1 1185 4 1154 3 1156 22 1046 42 1157 24 1043 5 1061 43 1207 2 1373 34 1228 44 1128 41 1079 33 1046 45 1098 47 1162 46 1036 40 951 38 1018 37 1017 48 1041 39 910 9 947 35 943 36 1020
493 -4.4616228221793319 -3.925774439666446 18.367185257784396 10 45 14 0.42738288882005004 8 1283 14 1697 6 1226 12 1617 16 1654 15 2003 10 1822 11 1839 7 1356 17 1266 18 1091 20 1244 13 1180 19 993 1 1213 4 1222 3 1226 22 1013 42 1113 24 1009 5 1138 21 1001 26 1072 25 862 2 1415 23 803 27 986 9 858
494 -2.936739937405719 -3.3615762486094529 18.73255342531786 139 137 47 0.63016493382556404 8 1288 14 1700 6 1230 12 1619 16 1660 15 2005 10 1828 7 1359 17 1270 20 1249 13 1184 1 1214 4 1225 22 1018 42 1118 24 1014 5 1141 43 1169 21 1005 26 1080 27 991 25 868 23 810 33 168 9 864
496 -39.129805451052384 -35.565380971160366 70.097785769297076 28 28 28 1.782928037209484 8 1203 14 1718 6 1151 12 1603 16 1687 7 1303 1 1127 4 1145 3 1148 42 1236 41 1151 44 1215 40 1031 46 1099 35 1029 36 1088
497 -35.089258274746861 -29.584433727595204 69.08486523756568 54 54 52 0.88969237546540614 8 1260 14 1723 6 1204 12 1565 16 1645 15 1987 10 1809 11 1823 20 1279 1 1186 4 1198 3 1208 22 1051 42 1162 17 1301 40 955 33 1048 46 1038 37 977 39 914 9 894 32 948 36 1024 35 948 31 900
498 -36.383763478318947 -27.220974448133756 70.308240984452979 58 58 56 0.81752545352403494 8 1266 14 1726 6 1210 16 1698 15 1992 10 1814 11 1867 17 1303 18 1136 20 1282 13 1224 19 1037 1 1193 4 1201 3 1213 22 995 42 1164 24 1085 5 1146 43 1212 41 1085 34 1232 44 1131 40 956 40 1003 33 1101 45 1104 47 1122 46 1040 38 1027 37 980 48 1046 39 916 9 952 35 953 36 1025 31 902
500 -42.575063990117194 -18.492521539666754 78.255818877977049 49 49 47 1.2314850723207624 8 1297 14 1730 6 1250 12 1646 16 1732 15 2033 10 1887 11 1874 17 1374 18 1187 13 1295 19 1093 1 1235 4 1236 3 1261 42 1209 5 1166 43 1258 41 1159 34 1281 44 1184 40 1039 33 1108 45 1153 47 1207 46 1077 38 1062 37 1020 48 1090 28 880 39 962 35 1035 36 1061 31 962
501 -4.1101768652583397 -3.380455315866246 18.725292364116772 132 134 47 0.66136352942988952 8 1305 14 1732 6 1264 12 1644 16 1705 15 2039 10 1857 11 1881 7 1380 17 1315 18 1153 20 1301 13 1243 19 1057 1 1246 4 1243 3 1254 22 1061 42 1178 24 1059 5 1162 21 1043 26 1132 25 915 2 1431 27 1036 23 844 27 1037 9 962
502 -3.8460616773327878 -3.1329150390298115 18.777473269796001 119 137 82 0.81156004535511506 8 1291 14 1735 12 1620 17 1316 13 1245 1 1217 22 1062 5 1142 21 1044 26 1136 2 1417 23 845 9 924
503 -4.8346723420122473 -3.0816592975854809 18.940225775471539 127 130 43 0.59338410103529582 8 1292 14 1736 6 1236 12 1621 16 1707 15 2040 10 1860 11 1883 17 1320 18 1156 13 1248 19 1059 22 1063 24 1060 5 1143 21 1045 26 1137 2 1433 23 846 42 1179 9 925
504 -4.4665098794237847 -3.0789441963983779 18.996134639717049 13 43 15 0.28924213245844443 8 1293 14 1737 6 1237 12 1622 16 1708 15 2007 10 1861 11 1842 7 1360 17 1273 18 1098 20 1251 13 1249 19 998 19 1060 1 1221 4 1228 3 1232 22 1020 42 1123 24 1015 5 1144 21 1007 26 1082 25 869 2 1418 23 811 9 926
505 -6.4255757344018427 -2.9513273077043332 20.313299055117891 16 18 15 0.55047531196582744 8 1263 14 1740 6 1243 12 1623 16 1712 15 2009 10 1864 11 1845 7 1361 17 1321 18 1158 20 1304 13 1252 1 1227 4 1230 3 1233 22 1066 24 1062 5 1148 21 1047 26 1139 25 917 2 1420 23 847 9 928
506 3.3396372263795753 -2.4171408662488987 19.263298598365633 145 146 57 0.54018158719542608 8 1262 14 1744 6 1206 12 1584 16 1664 15 2012 10 1834 7 1363 17 1275 18 1100 13 1190 19 1001 1 1224 4 1229 22 1023 22 1069 24 1017 5 1147 21 1009 26 1087 25 873 2 1419 23 815
507 37.44581158800591 -6.608430612745253 63.590897510333981 11 13 10 1.1214140016184502 8 1299 14 1746 6 1253 12 1627 16 1715 15 2041 10 1866 11 1884 7 1369 17 1352 18 1195 20 1347 13 1276 19 1100 1 1237 4 1239 3 1242 22 1108 42 1224 24 1095 5 1155 43 1267 21 1079 26 1176 27 1076 25 956 41 1131 2 1422 34 1290 44 1190 23 891 40 972 33 1117 45 1159 47 1175 46 1081 38 1066 37 1026 48 1095 28 932 39 966 9 965 32 1000 35 1010 36 1068 31 972 29 831 30 1068
508 -44.679818885875321 -37.735383789623071 73.505253476621576 23 24 26 1.2758279428878003 8 1285 14 1753 6 1228 12 1633 15 2048 10 1874 11 1892 17 1369 18 1213 20 1362 13 1290 19 1116 3 1229 22 1120 42 1234 24 1112 43 1288 41 1149 2 1413 34 1303 44 1212 40 1030 33 1133 45 1187 47 1197 46 1098 38 1086 37 1046 48 1110 39 979 9 943 32 1019 35 1028 36 1086 31 992
509 59.080382699954065 -38.135220783926741 81.976826987427842 26 30 29 1.3559283090945164 8 1256 14 1758 6 1203 12 1606 16 1724 7 1351 4 1194 3 1204 5 1108
510 -2.3865623250649257 -3.3900527727495202 18.691765139862834 140 141 55 1.4236199598306289 8 1322 14 1767 6 1281 16 1731 10 1892 7 1403 16 1759 17 1378 18 1191 18 1220 20 1343 13 1298 19 1098 1 1268 4 1258 22 1104 42 1216 24 1091 5 1180 21 1073 26 1133 27 1072 25 951 2 1455 23 884 9 986
511 -46.43972516754912 -16.898699647674658 77.814178549442488 22 24 23 0.72532714279208166 8 1310 14 1768 6 1271 12 1648 16 1710 15 2036 10 1890 11 1876 7 1382 17 1348 18 1189 13 1271 19 1095 1 1255 4 1247 3 1263 42 1213 5 1168 43 1260 41 1126 2 1439 34 1284 44 1186 40 1009 33 1058 45 1155 47 1174 46 1079 38 1064 37 1022 48 1093 39 965 9 955 35 1002 36 1063
512 -2.0189460231995722 -3.0789476430505887 18.931030777087361 22 48 11 0.48871401479214188 8 1325 14 1771 6 1285 12 1673 16 1760 15 2062 10 1893 11 1899 7 1405 17 1353 18 1193 20 1345 13 1277 19 1099 1 1269 4 1261 3 1273 22 1105 42 1218 24 1093 5 1183 21 1075 26 1171 25 953 2 1457 23 886 27 1073 9 988
513 32.104533820384894 2.2746154565284202 54.069053243505842 124 116 113 1.1932174865928455 14 1777 12 1652 16 1740 15 2070 10 1900 11 1905 7 1385 17 1382 18 1227 20 1379 13 1300 19 1130 22 1136 42 1252 24 1124 43 1310 41 1136 21 1118 26 1204 27 1109 25 987 34 1295 34 1325 44 1199 44 1230 23 895 23 924 25 960 40 1053 33 1126 33 1154 45 1166 45 1199 47 1221 46 1116 38 1104 37 1064 48 1100 48 1123 28 941 39 998 32 1007 32 1043 35 1013 35 1047 36 1106 31 1011 29 871 30 1099 41 1172
514 32.104533820384887 2.2746154565284198 54.06905324350582 124 116 113 1.1932174865928509 14 1778 12 1653 16 1741 15 2071 10 1901 11 1906 7 1386 17 1383 18 1228 20 1380 13 1301 19 1131 22 1137 42 1253 24 1125 43 1311 41 1137 21 1119 26 1205 27 1110 25 988 34 1296 34 1326 44 1200 44 1231 23 896 23 925 25 961 40 1054 33 1127 33 1155 45 1167 45 1200 47 1222 46 1117 38 1105 37 1065 48 1101 48 1124 28 942 39 999 32 1008 32 1044 35 1014 35 1048 36 1107 31 1012 29 872 30 1100 41 1173
515 -43.004849439983005 -35.909988492430472 73.821263730199945 65 70 73 0.98007497273107136 8 1320 14 1788 6 1279 12 1663 10 1908 11 1912 7 1393 17 1391 18 1234 20 1386 13 1311 19 1140 1 1266 4 1271 3 1283 22 1143 42 1261 24 1132 43 1323 34 1334 44 1243 40 1060 41 1179 33 1164 45 1209 47 1230 46 1127 38 1120 37 1077 48 1134 39 1011 35 1056 36 1118 31 1021
516 -42.999209503885098 -35.943508567674151 73.876741941567118 65 70 73 1.3547076243493759 8 1321 14 1789 6 1280 12 1664 16 1751 15 2077 10 1909 11 1913 7 1394 17 1392 18 1235 20 1387 13 1312 19 1141 1 1267 4 1272 3 1284 22 1144 42 1262 24 1133 43 1324 34 1335 44 1244 40 1061 33 1165 45 1210 47 1231 46 1128 38 1121 37 1078 48 1135 39 1012 32 58 17 71 44 55 35 1057 36 1119 31 1022 41 1180
518 -3.673174203946413 -3.7751291480829168 18.481366590380166 35 81 16 0.602935608800652 8 1337 14 1798 6 1300 12 1672 16 1757 15 2082 10 1919 11 1920 7 1418 17 1377 18 1219 20 1372 13 1297 19 1127 1 1278 4 1257 3 1271 22 1129 42 1243 24 1121 5 1191 21 1111 2 1463 9 985 9 1008 43 1300
519 37.053204456666187 -6.0144082662836702 58.798540714547819 92 92 90 2.1280923983607489 8 1345 14 1801 6 1308 12 1678 11 1902 11 1924 7 1424 17 1379 17 1402 18 1221 20 1375 13 1322 19 1150 1 1284 4 1266 3 1291 22 1132 22 1153 42 1247 5 1196 43 1301 21 1138 26 1214 27 1105 25 982 25 1004 41 1166 2 1470 34 1346 44 1223 23 919 23 938 40 1047 33 1147 45 1196 45 1219 47 1211 46 1112 46 1136 15 2064 38 1099 37 1057 48 1117 28 964 39 987 9 1009 32 1034 35 1040 36 1099 31 1003 31 1034 29 865 30 1095
522 43.701156023442039 -19.429433468093645 74.267949230263113 98 108 100 1.7708153895099192 14 1812 12 1685 16 1768 15 2093 10 1931 11 1933 17 1411 18 1239 13 1337 22 1162 43 1330 21 1133 26 1212 25 997 44 1249 23 932 34 1338 33 1179 45 1214 47 1235 40 1063 27 1125 19 1158 38 1127 48 1143 41 1184 47 1258 46 1157 9 1019 35 1060 36 1124 29 890 30 1111
525 3.2068715835288768 -4.0261762797082739 18.131309105244878 158 171 70 0.29869777035643502 14 866 6 35 5 399
527 -6.3397354208140291 -4.5367614251212318 19.104294834506213 185 191 204 0.20374819531625057 14 163 1 55 8 47 3 44 4 50 6 52 5 59
529 59.578576070102379 -55.326802039365148 100.43410040536433 114 118 117 0.68928859678660781 14 11 6 76 12 19 16 19 10 8 7 7 3 62 5 58 34 36 29 46
533 -6.4217713931672629 -4.1009476413530841 19.345445316631181 186 192 204 0.21082701668804008 14 242 6 114 12 240 7 165 1 97 5 109 2 149
534 -6.5374811165535363 -4.075025473750217 19.321853136360176 185 191 203 0.2456724513001321 14 243 6 116 12 241 7 167 1 103 4 109 8 113 3 96 5 111 2 151
535 -38.435472050219168 -33.792053295520802 68.646625116890704 29 33 34 1.5063740553101714 8 121 14 1152 6 124 12 605 16 36 15 1451 10 1238 11 1355 7 13 17 1037 18 882 20 1011 13 875 19 579 1 112 4 116 3 106 22 801 24 808 5 460 21 802
536 -2.8210576740840358 -3.2385166963706418 18.824273747270038 22 42 0 0.10347832917813084 14 925 6 150 12 278 16 263 7 553 1 140 4 147 3 137 2 658
537 -2.0419209379502941 -3.1279527537263285 18.885563843565361 17 47 2 0.23934808683780168 14 342 6 161 15 458 1 150
538 -2.0497477712421577 -3.152899680305675 18.929083590539541 17 47 2 0.53628083258795722 14 343 6 162 16 289 1 151
540 -6.7938212293365146 -2.9314573432322271 20.385895253180109 151 154 163 0.34045914180142883 8 248 14 388 6 236 12 371 16 382 15 508 10 372 7 304 1 234 4 230 3 223 5 223 2 360 9 324
541 38.017242186763596 -18.899155875539456 56.932188609806722 82 88 88 0.6881189029508189 14 102 6 242 1 257
542 33.368833490460183 -15.224310346177271 51.750579791251852 122 128 126 0.26571558895733638 14 180 6 261
544 -4.3281092226319151 -1.5956480765840237 20.134704344563545 105 129 52 1.295477896591126 14 449 6 281 12 421 15 627 8 298 6 286 10 517 7 355 7 359 1 287 1 293 4 269 3 263 3 268 5 265 2 461
545 5.2584085896206565 -1.3891246806307407 19.938040961102249 84 129 52 0.1504261527031143 14 466 6 284 12 429 3 266 5 267
546 5.2654483841812807 -1.3904064119249502 19.953572785616853 84 129 52 0.38895734450154223 14 467 6 285 12 430 16 477 3 267 5 268 2 849
549 -2.3445391953816204 1.4545000574644744 12.817625692832335 90 115 66 1.5240003466827072 8 323 6 318 1 327
550 37.234434433517997 -12.01987294342146 72.491019082245643 28 30 27 0.62566053911549158 14 405 6 366 12 415 16 1244 15 411 10 1079 7 728 13 492 19 628 1 699 4 340 3 327 5 314 2 1102 9 517
551 39.460613001680564 -8.5330843128715621 67.509630381703175 76 81 79 0.49460129391170887 14 428 6 384 12 445 10 433 5 322
552 37.760106931220221 -7.8790120932475256 66.940108416881444 52 57 57 0.70683951614796325 14 1020 6 389 12 951 15 534 10 451 11 427 17 742 20 344 19 205 4 349 3 336 22 300 42 279 24 308 41 266 21 313 26 305 25 490 34 295 44 186 40 172 45 178 47 207 46 156 38 174 48 164 28 199 39 148 32 178
553 37.493513183211206 -7.2557837596978079 65.804044105463035 44 50 48 0.53863597729382751 14 447 6 399 16 507 15 558 1 379 4 357 5 330 26 318 32 185
554 33.217911928391779 -2.0294056903035118 58.194411576686754 74 74 72 0.55962790446607613 14 487 6 412 12 484 10 1164 3 359
555 32.834870857718009 -1.8145078042996272 57.816317288315176 74 74 72 2.5018707692576632 14 488 12 485 16 554 10 1169 12 487 14 491 1 399 3 360
556 31.418687672585726 3.0079557240623274 50.337901200932066 110 106 103 0.95246311707109044 14 509 6 445 12 516 16 1032 15 721 11 611 7 761 17 471 18 423 20 503 1 433 4 403 3 409 5 671 23 297 29 215
559 -6.5255502529321943 -4.5525589561341935 19.031189815155873 208 211 226 0.30337924278613254 14 830 6 481 12 687 3 445 5 407
561 -6.8658821402954349 -4.2775314041187027 19.107220266775066 208 212 223 0.4107718130038262 8 495 6 513 16 782 17 246 1 485 4 469 3 481 5 444 21 185 23 85
565 -42.818410066613765 -35.26914109992655 73.127901439661713 86 91 94 0.49777543579092176 8 138 14 1156 6 550 12 611 16 691 15 1047 10 854 11 47 17 78 18 78 20 64 19 403 1 123 4 506 3 522 5 472 41 43 45 31 47 42 37 37 48 30 39 41 32 64
567 -1.8376701624169367 -2.8891233539942314 19.144557771498942 37 66 8 0.66548903388900937 14 960 6 623 12 826 16 366 15 506 11 453 7 627 17 373 18 333 1 599 4 593 3 609 24 333 5 559 27 236 2 745 9 307
568 -1.8368070571145934 -2.8859313434071092 19.134680946145412 37 66 8 0.63783303739961283 14 961 6 624 12 827 16 367 15 507 10 1093 11 454 7 628 17 374 18 334 19 266 1 600 4 594 3 610 24 334 5 560 27 237 2 746 2 1028 9 308
569 41.712395061372021 -32.121624126361624 76.369737749945443 117 121 120 2.3756311882186369 14 779 6 635 12 73 16 712 15 78 10 876 11 91 7 489 20 97 1 197 3 624 21 105 24 86 41 71 27 55 45 67 46 72 22 84 42 76 38 63
570 4.9296533019291706 -2.6840479817340177 19.070682673661196 132 131 45 0.8765743726327071 14 975 12 839 11 473 10 1102 3 868 2 1038
571 4.9296533019291706 -2.6840479817340177 19.070682673661196 132 131 45 0.8765743726327071 14 976 12 840 11 474 10 1103 3 869 2 1039
572 -4.6412156614629092 -2.6745311200173734 19.268824045919295 119 128 47 0.17040341401181067 14 393 6 650 12 365 10 383 3 634 5 576 2 335
573 -6.4064451420385256 -2.4630367732216896 20.674473199169139 189 193 202 0.29383979074768007 8 667 14 998 6 674 12 876 16 939 15 572 11 510 7 689 1 639 4 649 3 662 5 603 2 822
574 0.88050414455938664 1.8711759023484276 10.900153884439192 141 146 57 2.3918553374361857 8 668 6 675
575 2.2144905815652334 -1.9346500772155759 19.65757655321524 141 146 57 0.79730475761861364 14 426 6 676 4 651
576 4.4619581452236732 -1.7876822909458865 19.740979544729235 106 141 45 0.63673906740573794 14 1019 6 683 11 1231 17 407 13 267 19 291 4 864 22 345 21 370 25 295 23 259 10 1432
577 5.3026798294669977 -1.746909261621044 19.947977226568099 130 141 62 1.8232015088982672 14 446 6 685 12 900 16 458 15 623 11 532 7 708 16 979 1 649 5 610 21 625 23 486 10 1437 11 1463 14 1320 15 1606 19 525 24 648 26 652 12 1366 16 1422 9 584 7 1111
579 29.687003270722915 2.4350140856479596 51.890999710925477 14 16 13 1.0204456012062773 8 961 14 503 6 737 12 960 16 1552 14 1507 15 714 10 1722 7 1220 17 461 18 414 20 492 20 1121 1 422 4 737 3 388 5 843
580 -0.99254285044481472 -2.2787061710971583 12.054873345438656 56 61 59 1.7999991946976253 14 1809 6 739
581 -3.5274862053811353 -4.118526993826757 18.265794555622545 128 136 45 1.5136579432538984 14 1211 6 757 12 185 10 183 11 1104 7 843 1 38 4 429 3 768
582 -41.314109375258056 -34.338474983017583 72.491726048174542 72 80 83 1.0281572853660028 8 831 14 1374 6 804 12 1013 12 1256 16 1315 15 1676 10 1485 11 1532 7 1016 8 983 17 1042 18 886 20 1016 13 880 19 734 1 793 4 800 3 819 22 806 42 1018 24 813 5 747 43 913 41 950 34 973 44 960 40 711 33 804 45 932 47 952 46 879 38 865 37 827 48 885 39 712 2 970 32 816 35 811 36 895 31 753
583 -38.864431899564273 -31.58727012382727 69.722139905277245 59 62 61 0.61319253919525507 14 1164 6 810 12 1018 15 1062 11 1006 17 99 18 563 20 640 3 828 22 71 24 68 43 562 41 55 34 632 44 71 40 47 45 46 47 61 46 52 38 49 48 45 39 54 32 79 31 36 29 78
585 -2.742400646450402 -3.112134345356139 18.931382250598379 148 148 63 0.33429408592159127 14 1264 6 819 12 1113 16 1181 10 1368 11 1176 7 891 17 756 20 734 19 242 4 817 3 832 24 293 27 558 23 185
586 2.8800328465160638 -2.9768811408037363 18.876837237500304 138 142 54 0.42424075759491031 14 941 6 823 12 804 17 352 20 355 1 808 3 836 22 289 24 309
589 52.013066862320969 -31.303572158098298 74.478256485062147 52 56 55 1.4684757234811605 14 1179 6 846 12 1030 15 1478 11 1014 17 108 4 839 3 865 21 104 45 69 47 83 46 479 40 62 28 409
590 51.987917644936402 -31.283107717242871 74.459830154007022 52 56 55 1.4240964219455163 14 1178 6 847 12 1029 15 1477 17 107 4 840 3 866 21 103 45 68 47 82 46 478 40 61
591 -3.8853954690718004 -2.3793680260600514 19.492395537140606 132 135 44 0.46577818335275289 14 1307 6 862 12 1163 16 931 15 1305 7 934 18 357 13 571 1 844 4 851 3 881 24 351 5 802 21 357 2 1051 23 244
593 2.5826243240756481 -1.7709139403044016 19.719833955655385 137 148 54 0.40814813627331947 14 1021 6 878 12 1179 15 1318 10 1135 7 948 20 426 1 856 4 865 3 887 22 346 24 362 21 371 26 351 23 260
594 2.5812020071636295 -1.7676291691711792 19.711039371470264 137 148 54 0.32368369164097333 14 1022 6 879 12 1180 15 1319 10 1136 7 949 20 427 1 857 4 866 3 888 22 347 24 363
595 2.3713217532608817 -1.6209598377662191 19.820887037185656 108 134 41 0.54200263509693347 6 883 2 1064 16 983 11 535 14 1028 15 628 25 301
596 2.2212888401422073 -1.6192218068367137 19.918995050196823 110 135 38 0.34075768801579692 14 1029 6 884 15 1322 11 1234 1 861 4 870 24 365
597 2.2188853811045179 -1.618870555022186 19.918739676848009 110 135 38 0.5245414290322562 14 1030 6 885 15 1323 10 1146 11 1235 19 302 1 862 4 871 24 366
598 1.3860679595237282 -1.5619156504852283 19.932689878871695 104 129 37 1.0577233605143299 14 1038 6 889 12 910 16 993 11 1238 17 416 18 374 13 274 1 864 4 667 3 896 22 354 5 814 21 377 25 303 23 270
599 4.8324667159033314 -1.1248767936210073 20.236799648182849 24 56 18 0.33350826344509649 14 478 6 905 12 948 16 1013 11 573 7 738 4 902 3 911 5 825 21 397 2 893
600 -42.567921536137597 -11.989183036406672 72.910583836495604 75 74 72 1.2046045416686433 14 1465 6 921 12 1184 11 1584 7 1211 13 962 19 633 1 900 4 719 22 565 20 708 42 188 24 582 5 960 43 604 41 621 34 229 34 694 44 552 8 746 40 491 33 564 45 562 47 588 46 515 38 544 37 511 48 526 39 481 9 806 2 1301 35 500 36 540
601 -42.472711573451427 -11.95622594135067 72.726952645365571 75 74 72 1.1199574695686918 14 1466 6 922 11 1585 7 1212 13 963 19 634 1 901 4 720 22 566 42 189 24 583 5 961 43 605 41 622 34 230 44 553 8 747 40 492 33 565 34 695 20 709 45 563 47 589 46 516 38 545 37 512 48 527 39 482 35 501 36 541
602 -33.216190435779225 -1.0138930843207676 55.867744742227849 13 13 11 0.38660787183929241 14 1345 6 928 12 1226 16 1273 15 1630 10 1455 11 1483 7 1142 3 932 4 1047 5 969
604 -4.0897552539970601 -3.779058251109368 18.443750938474604 88 127 37 1.5172250307967348 6 960 12 1310 10 1547 20 926 22 726 42 816 24 740 43 1082 21 716 25 732 27 709 14 1570 19 803
605 -43.547151364779666 -36.464978781253862 72.730936592198447 33 35 34 0.60838431209893817 14 1524 6 961 12 1412 16 1310 15 1824 10 1638 11 1650 17 1034 18 879 20 1145 13 874 19 870 1 941 22 799 42 898 24 805 43 907 41 839 34 1075 44 839 40 707 33 800 45 931 47 845 46 744 38 862 37 726 48 760 39 709 32 718 35 809 36 784 31 751
606 -3.0516076230902374 -3.2118017856929226 18.849431086944172 15 50 12 0.21669022031061821 8 989 14 1250 6 969 12 1102 8 837 16 1166 10 1357 11 1417 7 1056 17 746 18 288 20 724 1 950 4 804 4 959 3 963 22 579 24 597 5 873 43 622 21 274 27 546 25 473 2 1132 23 436
607 -3.0493480532042905 -3.2091825231395132 18.84404348966056 15 50 12 0.29454757293136524 8 990 14 1251 6 970 12 1103 8 838 16 1167 15 1546 10 1358 11 1418 7 1057 17 747 18 289 20 725 1 951 4 805 4 960 3 964 22 580 42 203 24 598 5 874 43 623 21 275 26 243 27 547 25 474 2 1133 23 437
609 4.8974773235810343 -1.7280899777151251 19.743726369746316 101 138 71 0.42977147887570238 6 1025 12 1368 16 1425 7 1113 1 1000 3 1020 5 927 2 1194 10 1436 14 1489 19 292
610 5.8653388401372775 -1.4362594738810424 19.97072694860865 127 133 46 0.23243088859379632 6 1036 4 1018 5 939 2 1204 7 956 10 1445 11 1474 14 1333 16 1257 17 816 25 534
611 35.733024197232709 -6.6714913830447413 64.054299056379918 73 75 74 1.2920938336461338 14 1498 6 1067 12 1394 16 1440 15 1778 10 1431 11 1606 7 1139 17 1103 18 965 20 1107 13 1107 19 816 1 905 1 1028 4 916 3 928 22 881 5 968 25 623 25 747 2 1305 34 895 30 701 40 655 37 657 28 587 39 660 9 743 35 656 36 710
612 -39.367794277705151 -34.129624430984506 73.714798599720027 50 56 56 1.9043300315421385 14 1623 6 1094 12 1502 16 1578 15 1983 10 1805 11 1818 1 1062 4 965 7 1166 3 1095 5 992
613 -3.4021180780635794 -2.2438097392294747 19.520612776515236 134 137 50 0.62606548132541373 14 1479 6 1113 15 1786 10 1591 11 1610 17 975 20 959 13 998 1 1083 4 1101 3 1109 42 839 26 822 27 735 2 1276
615 33.864850419212104 -2.2524603464024913 58.096999701713962 26 24 21 0.59280570527162324 14 1505 6 1133 10 1718 7 1218 19 830
616 41.109085820853771 -32.53682251747459 76.249936760914053 122 131 130 0.49012058754118887 14 1626 6 1161 12 1505 16 1583 15 1930 10 1745 11 1764 17 1241 18 1075 20 1231 13 1149 19 966 1 1137 22 990 42 1101 24 994 43 1145 21 992 26 1055 27 971 25 850 34 1168 44 1070 23 792 33 980 45 1033 47 1045 46 958 40 887 38 950 37 919 48 985 28 823 39 867 32 890 35 884 36 969 31 836 29 734 30 963 41 1026
617 41.257474992296984 -32.638963739385431 76.508861076606493 122 131 130 0.56413507675573216 14 1627 6 1162 12 1506 16 1584 15 1931 10 1746 11 1765 17 1242 18 1076 20 1232 13 1150 19 967 1 1138 8 1213 4 1159 3 1158 22 991 42 1102 24 995 5 1063 43 1146 21 993 26 1056 27 972 25 851 34 1169 44 1071 23 793 33 981 45 1034 47 1046 2 1254 46 959 40 888 38 951 37 920 48 986 28 824 39 868 32 891 35 885 36 970 31 837 29 735 30 964 41 1027
618 -46.088766098266426 -24.168363640992879 78.749752105770696 5 8 8 0.81538690372864719 8 1226 14 1200 6 1175 12 1520 16 1599 15 1996 12 1578 10 1817 11 1828 7 1269 7 1326 18 1138 20 1284 19 1039 1 1147 1 1195 4 1171 3 1170 42 1168 5 1078 43 1150 43 1214 41 1088 2 1336 34 1234 44 1134 40 959 33 1053 47 1123 38 1031 37 982 48 1051 39 919 9 830 9 901 36 1026
619 3.4879265812331406 -0.5308846765455989 12.459366865352003 81 80 76 3.123070109575544 14 1341 6 1197 1 1117
620 -3.1241250980699995 -2.526958479993334 19.391288627724446 135 138 47 0.48305054533285335 14 1705 6 1208 12 1582 16 1663 15 1962 10 1833 11 1799 7 1331 18 1047 13 1113 22 1022 24 972 21 1008 26 1086 27 995 25 872 2 1384 23 814 9 930
621 -1.334410736718505 -6.0121927157146038 19.924329501684607 56 49 30 2.0008771643871923 14 1793 6 1223 12 1665 16 1752 10 1913 1 1175 5 1098
623 39.428202056630994 -32.46233279762702 71.440221485090419 139 144 142 0.7966901785574797 14 1685 6 1232 12 1607 16 1690 15 1990 10 1847 11 1820 7 1350 17 1295 18 1132 20 1277 13 1215 19 1030 1 1219 22 1049 42 1160 24 1047 43 1209 21 1033 26 1117 27 1020 25 901 34 1231 44 1130 30 1023 23 836 33 1050 45 1102 47 1121 46 1039 40 953 38 1021 37 976 48 1044 28 874 39 912 9 944 32 951 35 946 36 1022 31 901 29 788 41 1082
624 6.9631805916051421 -2.2558935513172376 18.996206242382517 132 127 124 1.5530333629958071 14 1745 6 1242 12 1626 16 1714 7 1330 20 1306 13 1280 20 1349 19 1063 1 1226 3 1212 22 1070 5 1120 21 1050 26 1142 23 849
626 4.3654832785182442 -1.1604618525696082 20.380910301924317 19 54 21 1.0049328861394542 14 1775 6 1302 12 1676 15 2044 10 1899 11 1888 7 1408 17 1324 18 1166 20 1309 13 1253 19 1069 4 1274 22 1074 24 1099 21 1014 26 1091 25 879 2 1469 23 819 9 991
629 32.882985379501434 -6.7185962853738683 63.53101237845658 62 64 63 1.9884745042053964 14 1495 12 1393 16 1439 15 1777 11 1603 7 1138 17 1102 1 903 13 981 43 990 21 890 25 745 25 746 23 692 40 782 46 805 38 815 28 700 35 759 32 662 35 758 36 837 36 838
630 2.590810926850295 -4.1388592988209449 18.084000079476823 105 131 40 1.0271127672851865 8 1319 6 1276 7 1400 1 1265 4 1256 3 1270 5 1177 2 1452 10 1930 12 1671 14 1810 16 1756
631 42.229160014343279 -33.186452625005074 74.710209640494483 89 95 93 0.35057883140472307 8 172 12 57 16 56 15 65 10 37 7 52
632 -5.3412691554708873 -5.5221945969131179 19.54901659192705 232 255 191 0.72432615816756363 14 1185 12 68 16 1091 15 1704 10 1507 11 1674 17 1066 18 911 20 1051 13 1082 19 765 21 832 26 897 25 686 23 633 9 720
633 -3.2951102521228215 -5.5514749367062244 19.671714537541071 212 224 143 0.49951021458505257 14 1187 12 72 16 720 15 1104
634 -4.0787724469366502 -5.4202790215248617 19.368572348506923 187 212 127 0.96782369208259733 14 1398 12 76 15 1940 10 1662 11 1676 17 1181 18 1028 20 1176 13 1166 19 902 22 940 24 955 21 951 25 804 23 547
635 4.9261039505233937 -5.7337811754615409 20.106774116815906 21 20 12 1.1499787087313171 14 1400 12 82 16 721
636 -0.053883640800600735 -5.122402347088947 18.863200437053951 124 132 86 0.2719380285377449 14 92 12 83 15 181 11 213
637 0.55244282663211364 -5.1067895205785065 18.823772922241208 122 136 89 0.3795321404472165 14 794 12 88 16 724 15 185 10 68 11 215 17 175 22 130
638 1.5707974930937916 -5.2038776358127885 19.057482284358016 123 137 85 0.23388593747975214 14 1192 12 89 16 727 15 1493 10 1280 11 1377 17 698 18 596 20 687 13 704 19 429 22 552 24 565 21 560 26 555 25 448 23 417
639 51.074827748901043 -29.743950071402505 72.201696324991048 76 85 82 1.0951202640512456 6 209 12 92 16 62 7 102
640 1.7604681249966634 -5.2363182620872006 19.156148806633045 115 128 79 0.20224184077074775 14 799 12 95 16 729 10 1281 19 427
641 -0.23125932366007979 -5.013888510970518 18.680976117939458 212 217 150 1.2301600681163942 14 801 12 97 15 1125 11 1054 7 28 24 133 19 64
642 1.4391647018110887 -4.9810767158063776 18.708934356555577 202 211 143 0.45112747977075224 14 803 12 98 10 900 11 225 15 201 17 181 20 165 22 133 21 132 25 73 23 56 9 462
643 -4.7279766519325346 -4.5338254808008589 18.139355447581913 27 80 30 0.42702284133522328 14 804 12 105 15 244 10 101 11 272 7 43 25 91
644 -5.1886689507189399 -4.5194439147945644 18.147897768726551 43 82 36 0.35074522673076702 14 117 12 106 15 243 11 274 17 204
645 -0.083271823717756294 -4.4980214995799068 18.051653581560284 26 64 20 0.37114118771024079 14 126 12 110 15 260 10 118 7 38
646 -5.4066833768088731 -4.5218674274753132 18.189938192306187 36 63 6 0.69033002610253724 14 805 12 113 16 92 15 1500 10 1289 11 1079 18 609 20 699 13 744 17 718 22 557 42 808
647 1.6886065474972676 -4.4632967493629216 18.044397946467821 45 84 34 0.52861926756182376 14 140 12 123 16 93 15 277 10 133 11 279 7 41 45 711
648 1.1867734860006973 -4.454941181525343 18.062686637037036 52 107 42 1.0036849696807646 8 9 12 126 6 15 15 1155 10 132 4 7 2 20
649 5.8538163019820315 -4.5918407677504209 18.330433295542662 161 205 114 0.42595475533337918 14 817 12 128 16 736 15 1510 11 1388 17 712 13 479 22 558 24 574 26 566 25 455 23 422
652 4.2441951445099155 -4.3978393645503076 18.00341261989799 32 76 27 0.26370864899822866 14 151 12 131 16 104 11 284 7 48
653 -6.8688670776228866 -4.6740194250078622 18.967259729764113 178 178 188 0.22320231969825999 14 139 12 140 15 248
654 -5.5815885284603004 -4.3401489172391514 18.146460669934857 212 219 181 0.25349089618999077 14 825 12 141 16 740 7 482
655 -6.3475118030542861 -4.6354865728917138 19.033205191802111 165 168 181 0.2484133515467985 6 41 14 145 12 147 7 83 4 32 8 36 3 28 5 45 2 69
656 0.463371350851431 -4.22642912303243 17.961089121159354 90 98 21 0.55907573622932671 14 1207 12 148 15 1165 10 1299 13 753 19 446 26 174
658 -6.5801954982469075 -4.5828256984825977 18.980186515333802 168 172 183 0.33931383453453867 14 153 12 155 7 91 1 43 6 43 4 34 3 30 5 49 2 73
659 -6.7214386818356422 -4.5731547432768656 19.00052030523786 172 174 186 0.24456818292781157 14 154 12 156 10 141 7 92
661 5.568417480502144 -4.1739948636801731 17.982416526449359 198 209 168 0.28890839178687672 14 190 12 162 16 125 7 67 2 42
663 -6.4732661875280115 -4.5167719827250972 19.103464703336691 164 170 184 0.1856549123690576 14 168 12 169 2 86 5 61
664 -6.2391346766765645 -4.3326186019280479 18.611917261016451 164 170 184 1.8702384529763985 14 169 12 170 7 108 2 70
665 -6.5705338062905012 -4.4696833476713955 19.035239063644816 164 170 182 0.27542010042960452 6 57 14 171 12 172 7 109 1 58 4 52 8 49 3 46 5 67 2 88
670 -7.1521316353702193 -4.6256660782629515 20.008015447091321 162 166 178 2.970237046416206 6 102 10 178 16 142 4 91 5 97
671 -6.1918763253214939 -4.1026299832693196 18.659113986674214 157 165 178 1.343906430799948 14 213 12 206 4 66 8 59 2 102 15 353
672 -7.0011247367910068 -4.4533904126965931 19.515556165409127 188 190 205 0.82251046993483101 8 82 14 200 1 78 4 79 3 72 5 86 2 121
673 2.3573457679194005 -4.7174457105276293 20.446429337237824 80 106 10 2.03061179766105 8 108 12 217 1 100
674 -6.3240324764815252 -4.2362174742580629 19.319675716750766 165 169 180 0.12017911322101726 14 222 12 220
675 -6.4444473700948652 -4.2086553416790418 19.302955543819728 162 168 180 0.0072097379470245368 14 224 12 224
679 -3.1843587877631627 -3.6514127949358595 18.563650137033576 21 40 0 0.077289716465100231 6 109 8 100 12 247 7 177 1 93 4 99 3 88 5 104
680 -6.3088726253178251 -3.9553008896152848 19.546706203646032 160 169 177 0.1397995707313463 14 254 12 250 7 190 4 121 3 115 5 122
681 -6.5375420180244452 -3.8964092549263851 19.486920666311033 153 162 171 0.2474640652785724 14 259 12 254 16 220 15 382 11 333 7 196 4 126 3 119
682 -4.6225683519554579 -3.5192720738773171 18.665900811433691 10 43 1 0.22788322928270346 14 282 12 261 10 279 7 199 2 180
683 -2.6369757253587784 -3.2467882911608275 18.811470534355188 20 38 0 0.10214204164144006 14 306 12 275 15 428 4 141 2 206
684 39.837691177845109 -20.911240586387869 73.565397154301664 88 94 90 0.74798178437838558 8 309 12 287 1 299 4 276
685 -6.7976994740068362 -3.5030302371298658 19.947530384737576 153 161 174 0.17343729753308523 6 185 14 303 12 292 8 182 1 177 4 173 3 167 5 536 2 245
686 -6.3153344311178996 -3.4246996712220734 20.029302751932715 140 147 155 0.16700469273235932 6 196 8 201 14 328 12 309 7 247 1 184 4 189 3 185 5 175 2 267
687 -6.8019449307638018 -3.4033113109429598 20.01752554730491 142 150 161 0.18336313037769658 14 332 12 311 10 303 16 300 7 249 1 193 6 197 8 202 4 191 3 186 5 184 2 269
688 -6.6747547736717729 -3.4127141430815393 20.021640049424921 139 145 157 0.15518210276388691 6 199 12 312 7 251 4 193 3 189 5 177
689 -6.396083565273317 -3.3932362832753142 20.099269198287327 174 180 185 0.2384499825212674 6 634 8 611 12 317 15 421 11 376 7 259 1 606 4 601 3 617 5 564 2 747
690 -3.2060542653112938 -3.0062509861066244 18.974486986208667 130 143 75 0.15077168852015954 6 175 8 174 12 323 7 248 1 165
691 -2.1476025054128809 -2.978284999064996 19.02231889312905 12 40 0 0.16920190897795565 6 187 8 186 12 324 16 333 7 257 1 168 4 177 3 163 5 164 2 250
692 -2.1476025054128809 -2.978284999064996 19.02231889312905 12 40 0 0.16920190897795565 6 188 8 187 12 325 16 334 7 258 1 169 4 178 3 164 5 165 2 251
693 -3.6120640883670272 -2.9495932992839369 19.073259689357982 31 53 0 0.16289058885326074 8 588 12 332 4 185 3 177
694 -2.1146002255478544 -2.9355953032667181 19.066009186747117 130 149 87 0.18617270582292877 6 190 8 196 12 334 10 353 7 265 1 182 3 176 2 263
695 -6.4136245240254475 -3.1909910899182607 20.112897115171545 144 149 153 0.219275728671849 6 216 8 225 12 335 7 285 1 211 4 211 3 208 5 199 2 314
696 -6.3047305921768304 -3.2074785873029277 20.149536342015615 150 159 168 0.14254350883937977 6 217 12 336 8 226 7 286 1 212 4 212 3 209 5 200 2 312 2 313
697 2.4493399789370347 -2.8013576238431375 18.953335819992773 93 114 23 0.36344941978562917 8 200 12 349
700 -4.6503878989470726 -2.6788105011574763 19.290865532974095 113 120 44 0.16216031158400651 14 392 12 364 10 382
701 -4.5233321478017858 -2.6673693034439312 19.251383439234321 112 119 50 0.11220196337369504 6 223 8 233 12 366 7 299 3 212 5 206 2 332
702 -3.5270854427181817 -2.6778677835945466 19.2625646104579 123 129 54 0.10808923497293377 6 222 8 231 12 369 7 293 4 216 5 204 2 325
703 -3.312068360829687 -2.6725537886679849 19.277819936903352 125 132 56 0.13980818480880794 6 224 8 234 12 370 7 297 3 213 5 207 2 329
704 44.430648587271762 -19.832072607779352 82.544485136559516 94 100 100 0.75161218074315672 6 345 12 372 4 324
705 -6.0793532662633103 -2.6697678713408668 19.599893092486614 82 84 80 1.4661299619308779 8 636 12 373 4 848
706 -6.328236484692801 -2.7125031234308237 20.500766080093836 143 150 159 0.14348715247830446 6 243 8 259 12 381 7 317 1 246 4 244 3 233 5 230 2 399
707 -4.2887948054846934 -2.3704603147361558 19.432851792037713 27 35 0 0.4010460000837312 6 238 8 251 12 385 16 399 10 414 7 313 1 236 4 233 3 225 42 302 2 385
708 -6.3702429223490311 -2.5792671257853246 20.535163655756534 195 199 208 0.28306671428829389 6 671 12 387 7 681 1 261 4 644 3 239 5 600 2 811
709 2.4922951744023814 -2.325521911087518 19.329507390275449 133 146 56 0.52052086012355203 8 643 12 389 16 407 5 582
710 38.379746769481443 -11.184126822600906 55.956348963735138 79 78 76 2.4416907238592218 6 347 12 399 27 125 44 125
711 40.886232029720574 -14.754426738430363 76.965530604013807 27 29 27 0.81766788006750557 6 362 12 403 16 930 10 1013 13 105 19 615
713 6.0422874855209923 -1.6918610181595874 19.672973333164514 22 49 0 0.10801223720816304 14 445 12 413 20 433
714 6.0311565761432897 -1.684010702181125 19.651155943650522 22 49 0 0.70086459174358662 14 444 12 414 15 622 7 345 20 432 13 813 9 352
715 4.8899805908240435 -1.6598140270893411 19.837173204644149 99 136 61 0.13044781278795597 6 272 12 417 7 351 1 276 4 259 3 254 5 255
719 -3.6658690511852359 -1.3306869441159737 20.591798159288352 16 38 1 2.0376740308101011 8 723 12 435 7 380 22 365 11 1247 26 392 27 349 2 523
720 39.740216146070281 -8.9270321316128829 68.510258579197171 49 55 55 0.48318746157872522 8 372 12 438 15 509 11 374 17 284 18 276 1 370 22 258 42 258 24 276 21 277 27 203 25 211 23 182 46 141 36 165 30 145
721 39.743245137825738 -8.9261927367347162 68.513504456354724 49 55 55 0.50329542348934697 8 373 12 439 15 510 11 375 17 285 18 277 20 305 1 371 22 259 42 259 24 277 21 278 26 276 27 204 25 212 34 266 23 183 46 142 36 166 30 146
722 4.7168296248508472 -1.1828464595860966 20.188812134418278 107 136 78 0.50128255012749356 14 475 12 443 16 527 13 317 4 292 3 695 5 628 26 431 2 875
723 4.7058651029854088 -1.1736453874864039 20.157880188237584 107 136 78 0.24043667524074919 14 476 12 444 16 528 4 293 3 696 5 629 2 876
725 34.784888151689614 -7.6738729855044312 66.367964662487893 54 56 55 0.28322453930154179 8 378 12 453 15 540 11 432 17 307 18 295 20 352 1 374 4 350 3 337
726 32.383995771312151 -7.4851583090387557 66.297674318493492 40 42 41 0.47567307907687173 6 392 12 454 16 493 15 546 1 378 3 341 24 326
727 35.1514393388467 -7.3435698200078816 65.766920001148677 40 44 45 0.48369908781997156 6 396 8 381 12 457 15 551 10 458 4 353 3 340 5 327
729 4.4118361293633273 0.1326333011456069 12.956612835458241 64 66 65 1.9848929195038303 6 1282 12 465
730 33.166803051732778 -6.3318833349773858 63.315330250111401 56 58 54 1.717910591002292 6 404 12 466 15 571 17 350 4 361 34 321 25 279 11 483 28 219 39 165 31 151
731 5.3995385456610503 -0.65618442129345789 20.021746273324556 46 45 41 1.4492023960969089 14 1075 16 1019 15 1370 19 696 23 292
733 30.644805785435846 0.60292953259810578 54.275096800571895 16 15 13 1.7275367878500707 12 499 16 571 7 412 20 474 10 587 19 321 3 371 5 354
734 3.846820422532677 1.3712976965073771 10.355586261547792 82 80 80 1.6977612116707865 6 98 12 515
737 41.735516569381375 -33.798078877163391 73.595944184393034 106 110 109 0.23453689679026923 6 153 12 623 4 150 3 138
738 42.773744609787798 -32.574075185946434 74.757958757782035 35 41 39 0.40729248712236377 6 178 12 631 15 72 7 478 17 101 20 88 4 182 3 173 26 91 34 89 29 103
740 1.6925159113183155 -5.365996920823167 19.276297112322101 205 210 157 0.74276135184870051 14 1189 12 639 16 1097 15 1492 10 1276 11 177 7 25 13 701 19 601 9 770
741 -43.005672130378329 -28.075815942752271 71.167393035560352 49 51 48 0.48832463297921047 6 652 8 639 12 648 11 1022 15 1084 17 676 18 575 1 620 4 627 22 87 42 79 5 577 43 65 41 73 3 637 47 81 46 68 38 66 37 69 48 63 39 441 35 34 36 58
742 -43.3305285209264 -28.350686703936589 71.6968909033735 49 51 48 1.2169393898951002 6 653 8 640 12 649 17 675 15 1083 18 574 1 621 3 638 43 64 45 65 47 550 38 65
744 -0.22917603703852191 -4.542132899218883 18.127209853983619 36 83 33 0.48170568329380692 14 1198 12 655 16 1102 10 1292 11 1074 21 853 26 770 25 709 23 654
745 -0.23220756587030927 -4.5495885061013466 18.14571184473029 36 83 33 0.34451433734721931 14 1199 12 656 16 1103 10 1293 18 920 13 735 19 781 22 842 21 854 26 771 25 710 23 655
746 0.40634210436601925 -4.4818456309406258 18.059471033043643 42 87 32 0.41381786206095011 14 810 12 658 15 268 10 127 11 1075 7 461 5 7 2 18
747 -3.4486641342667852 -4.4946302478583311 18.163264824706427 36 98 23 0.46940284301529667 14 809 12 659 15 1148 10 916 11 1080 7 468 26 159 27 107
748 4.8237239888131658 -4.6295160665727213 18.331847709218859 158 198 99 0.84283616274092565 14 1201 12 660 15 1507 10 1295 13 722 26 772
750 7.8227917979240518 -4.6951051350958926 18.7552359380159 36 40 40 1.2649751988194993 14 152 12 667 16 739 3 15 2 39
751 -6.3026491972813314 -4.7034647226511499 19.027586991021849 199 204 216 0.36927383364852989 6 471 8 462 12 668 1 451 4 428 3 439 5 400
753 -6.4201274634552785 -4.6793669655827665 18.995588073324075 196 198 211 0.14341729805146561 14 816 12 671 7 484
754 -6.6662869412530279 -4.7219267034913601 19.188644557788923 195 197 209 2.3796570744268752 14 813 12 674 18 208 17 209 22 149
755 -6.8011971477721209 -4.6400843997369279 19.005768348660283 196 198 210 0.41305386946340455 14 821 12 676 17 212 18 212
756 -1.5230760364485905 -4.2688773450870547 18.054562158019419 163 174 70 1.2817232952986592 8 15 12 678 2 570 17 723
757 -7.0159592086386988 -4.6727777125181698 19.198246469019193 199 201 213 1.2256582427580125 14 823 12 679 17 213 4 439
758 0.12986658250969441 -4.1885566390495486 18.120686427064509 132 138 52 0.75135230548911958 6 463 8 455 12 689 10 936 7 486 20 193 19 86 1 736 7 833 3 430 2 577
759 -6.8082150821586014 -4.5343167101958528 19.082332602862007 194 198 210 0.36193317425318289 14 834 12 691 17 222
761 -6.6512991091040012 -4.6890630506467046 19.670498989835306 197 204 217 1.198722515420831 14 839 12 697 7 500 1 477 4 458 8 489 3 473 5 436
762 0.63138781393346965 -4.1111874372696358 18.140404966253165 130 138 53 2.1253510162791924 6 467 12 699 42 146 48 118 9 214 45 955 31 912
764 5.2979296854381248 -4.0826818485928866 18.065309520511327 145 167 66 0.51281290914087962 6 752 8 777 12 705 11 1101 20 204 1 741 4 757 24 192 5 696
766 4.4064937496232357 -3.9779271916252443 17.975486317605952 68 97 7 0.89312379260092534 8 32 12 712 16 150 7 98 19 104 1 34
767 4.4253889875238315 -4.0150940507821646 18.041336209478583 68 97 7 0.36327005646830723 8 33 12 713 16 151 7 99 1 35
768 -6.9010725169613405 -4.2823910200091184 19.018140936782977 167 171 182 0.33641970698847634 8 488 12 716 6 504 7 515 1 475 4 456 3 471 5 434 2 601
770 -6.6295092949282237 -4.3245964604742859 19.138236597745344 195 198 213 0.3797486831321481 6 507 8 493 12 718 7 517 1 481 4 465 3 477 5 438 2 604
771 -7.0866565363959548 -4.4551418491381627 19.514093184779831 198 202 214 1.7980524109305256 14 855 12 722 15 312 11 303 7 521 2 608
773 1.771777132261682 -4.0219146869667739 18.346107521907033 66 103 8 1.0238266510760612 6 483 12 724 7 505 19 108 4 442 3 447 42 155 2 584 36 1031
774 1.3550223434448245 -3.9671262340263769 18.267259499447231 115 136 45 0.60805568053008718 14 873 12 725 16 790 15 1186 10 232 7 510 1 462 4 444 3 450 24 202 25 145 2 587 9 222
775 1.3530895005431411 -3.975014780212859 18.280000273494156 115 136 45 0.84106708305965316 14 872 12 726 15 1187 7 511 19 106 1 463 3 451 24 203 25 144 2 588
776 -6.733947771022013 -4.18803084254984 19.172895180171103 197 201 212 0.3423141566669381 14 868 12 729 7 528 1 500 6 528 8 507 4 477 3 497 5 457 2 613
778 4.0554533692615875 -3.7223045175898788 18.396968589256087 133 139 53 0.51016696455796839 6 515 8 497 12 738 16 807 15 1219 17 274 3 483 24 237 5 440
779 4.0584539187249868 -3.7248592075320035 18.408385381787827 133 139 53 0.5910273969740828 6 516 8 498 12 739 16 808 15 1220 17 275 1 487 3 484 24 238 5 441
780 0.94513253539171738 -3.6854205792617702 18.500194880488202 140 146 56 1.056231993615764 8 511 12 740 16 810 15 1226 22 223 24 241 21 247 2 615
783 1.0589319371785388 -3.390095542387245 18.704199712617736 137 147 55 1.0883792539163106 6 548 12 752 16 828 10 1002 7 879 17 298 20 301 19 190 21 262 19 472
784 -36.005966984610893 -21.16821297978883 73.898120196983612 45 45 43 0.6023382219025305 6 702 8 716 12 753 11 156 17 152 1 679 4 894 3 708 24 109 5 625 34 645 38 87
785 1.1481295265528109 -3.2693376685860458 18.681351023636672 139 148 59 0.96354983247929415 14 914 12 754 16 834 15 1247 10 1007 7 543 18 279 20 307 19 199 22 252 23 170
786 1.1519251647530691 -3.2632510746114121 18.660902683148734 139 148 59 0.70409288051663499 14 915 12 755 16 835 15 1248 10 1008 7 544 18 280 20 308 22 253 23 171
787 -4.7353421920007079 -3.2420448268524154 18.84445542762235 122 138 56 0.85794604891059933 8 530 12 757 16 1164 10 1353 11 1165 7 551 7 881 13 156 26 232 2 995 2 1129
788 -3.5355343955233725 -3.2218026896561489 18.850719227746509 130 135 53 0.14638061831516097 6 572 8 544 12 768 16 276 15 1249 10 309 11 385 7 568 13 160 1 539 4 520 3 535 5 487 2 662
789 -3.5348490672825763 -3.2206259076844983 18.848385718080817 130 135 53 0.15963133422112505 6 573 8 545 12 769 16 277 15 1250 10 308 11 386 7 569 13 161 1 540 4 521 3 536 5 488 26 239 2 663
790 -6.3883885230306952 -3.4841309473284046 20.014661387677332 172 179 182 0.23902925716619611 6 611 14 312 12 778 8 594 15 416 7 595 1 578 4 571 3 590 5 540 2 728
791 -6.746374745705717 -3.4672580214209825 19.999004317251686 169 175 187 0.19966634095193683 6 609 8 593 12 782 7 593 1 584 4 577 3 595 5 546 2 733
794 -6.7318846879474536 -3.349223149263334 20.045193449719545 170 176 188 0.31073280058020891 6 636 14 344 12 795 8 614 10 319 7 610 4 603 3 621 5 569 2 761 1 609 3 622 4 604 5 570 6 637
795 -6.4910506774430017 -3.3613472828305038 20.063437833736081 166 171 175 0.31527044777878027 6 633 8 615 12 796 15 432 14 345 11 390 7 261 1 608 4 606 3 623 2 757
797 2.380346801945632 -2.8686901556365259 18.684699320650065 135 149 61 0.52632598656366536 14 948 12 809
798 2.1983842830690108 -2.5109240413954903 17.468953555139564 135 149 61 2.1323392544635595 12 810 16 881 19 275 18 348 21 348
799 -5.5896238732171115 -2.9020053796715146 19.136310802718477 114 168 56 0.88341373517767963 6 203 8 213 12 813 15 1285 10 1076 7 630 13 550 1 824 5 785 2 1033 23 207
801 4.2363731489052245 -2.5756618148682362 19.119394440408396 137 145 55 0.39334134484947814 8 625 12 850 15 552 7 648 1 613 4 618 2 770
804 2.6913342788911527 -2.6018562326714147 20.047039895819196 136 147 60 2.2306653868634907 14 406 12 857 10 405 17 386 23 233
805 2.5540510055076573 -2.4172459735462826 19.245480511349964 136 147 60 1.587186309969147 14 407 12 858 11 498
806 -3.2154474904071448 -2.3735933195867109 19.471028432568176 123 128 49 0.14506374854482937 6 659 8 646 12 865 16 405 15 575 10 417 11 508 7 665 1 628 4 632 3 645 5 590 2 795
807 4.0900653021163214 -2.3013014818551043 19.149294732532184 135 144 55 1.781246565782503 14 409 12 872 10 438 13 246 1 622
808 50.059989617518639 -17.065783371771676 79.709353498561711 35 39 38 0.72015641097561878 6 724 8 737 12 874 15 1517 11 1077 1 691 4 912 3 919 5 655
809 1.785273838843334 -2.1544987664332074 19.45778092047512 139 143 54 0.1704377092959406 8 656 12 877
811 -49.328793227014884 -14.808137704363313 76.023740428374921 9 11 10 1.9181099551823515 8 739 12 881 15 1182 18 948 1 894 40 843
814 1.5501262087672394 -1.8027610977981743 19.81914700165126 133 139 50 0.78308104367235798 8 904 12 892 15 619 11 529 7 947 17 409 19 293 4 867 3 889
815 1.7394552464171751 -1.7180228218705977 19.819081312472544 121 130 42 0.25967170120311378 8 679 12 894 16 975 7 707 1 652 3 673 5 611 2 833
816 2.5123747262348202 -1.6500833096868965 19.831619975359338 114 139 45 0.65307443965098366 8 685 12 901 11 534 7 709 1 653 4 662 3 675 5 614
817 1.4829707053702268 -1.6550698256775302 19.933646236824117 105 130 38 0.51939742232109598 6 689 12 902 16 982 7 710 1 656 4 663 2 836 10 515
818 1.8297021850004787 -1.5144556903946786 19.794297224943826 93 120 26 1.2852355780330833 8 688 12 907 4 668 3 679 5 616 2 842 10 520
819 37.65602384144961 -10.51486572778677 69.75744737886059 68 74 74 0.76088875871776496 6 368 8 365 16 448 10 390 7 384 20 272 19 126 1 364 4 342 3 328 5 316 12 911
821 1.8741947877789933 -1.4113472902966335 20.071837409695124 84 118 30 0.5740673862866269 8 914 12 923 3 688 2 1070 10 532 13 593 15 1334 16 1004 20 446 24 372 26 377
822 2.0286528749873605 -1.3907674402916688 20.042527630759285 74 110 21 1.0262349589196333 6 696 8 698 12 924 15 1335 10 1151 20 447 13 280 4 678 3 689 26 378 2 856 24 377 26 409
823 -5.896803835303273 -1.3990649900435601 20.545073336729995 214 220 220 0.36902345836860528 14 1052 12 928 15 647 16 1259 10 1150 11 558 7 975 8 927 17 832 18 386 20 810 13 615 19 692 19 693 4 891 3 908 22 360 24 374 21 382 26 381 25 307 2 1089 23 276
824 -4.7477483580432596 -1.2570153633746464 20.366177053322257 9 45 7 0.44724551752842706 14 1059 12 934 10 553 7 740 1 881 4 905 2 1097
825 -2.9602244889939406 -1.2332077151673384 20.281890121178158 10 40 4 0.26053988220309399 8 929 12 937 15 1347
827 -1.684834998178107 -1.2207121777670173 20.233222648982768 23 52 11 0.80358810719501261 14 1065 12 943 15 679 10 564 11 567 42 356 13 349 26 429 2 1090
828 4.8272613812634555 -1.1211197672777862 20.20552443767188 23 54 14 0.38244838795923747 14 479 12 949 16 1014 7 739 2 894
829 4.5413398231532316 -1.1165565818092185 20.197278009391443 22 51 19 0.26028662053519191 14 477 12 950 15 686 10 576
830 33.778437965017851 -7.125047819307933 65.026927881773105 41 43 42 2.3105874847647017 6 395 8 380 12 952 16 494 15 550 10 457 11 451 17 317 20 372 1 377 4 352 3 339 5 326 26 314 27 252 32 183 43 639 38 185 37 520 11 1435 24 618 28 213 33 214 36 553 46 533 47 611 35 188 41 276 17 749 22 318 23 458 25 497 27 578 40 178 44 206 45 194 39 157 29 172
831 31.989802833961246 -6.3009759671863899 64.065324698593244 36 38 37 1.2983949487836728 6 728 12 953 11 1212 17 763 18 658 20 760 19 489 1 709 4 726 3 738 22 606 42 300 5 666 43 266 41 284 21 350 26 326 27 281 34 328 44 218 40 183 23 235 40 184 47 227 24 346 38 192 38 193 28 464 39 163 39 164 32 191 36 202 31 149 31 150
832 31.272196031440892 1.8111788410718463 52.145423584796802 132 122 120 0.71155431520349444 6 429 12 957 17 840 8 954 18 837 3 745 22 395 24 402 5 841 26 444 25 331 33 336 45 277 46 219 48 234 32 229 36 263
833 -31.84683602053029 -45.977488632106756 73.656825718652783 144 153 150 0.64519780085480105 6 453 8 441 12 982 16 1051 7 773 17 618 18 517 20 581 13 651 19 715 1 438 4 411 3 418 22 13 24 14 5 687 21 16 26 501 27 8 25 9 23 13 28 11 32 423 29 331
834 -44.682084156327228 -38.643707342694249 74.193034608612024 23 23 23 1.0287518939971483 6 787 12 991 15 1671 10 1633 16 1307 11 1643 1 503 4 479 3 74 5 728 44 954 38 856
836 -37.245014766464948 -31.58074344290252 68.525324829253194 15 29 47 0.50657145195739972 6 806 8 835 12 1015 16 1079 10 1250 7 794 17 913 15 1464 18 754 20 878 13 681 19 585 1 795 4 803 3 821 22 692 42 760 24 711 5 748 43 763 41 716 21 688 34 832 44 689 40 595 33 688 45 681 47 722 46 624 38 664 37 619 48 655 39 591 32 628 35 611 36 662 31 543 29 521
839 2.0923939897485253 -5.0999489275756966 19.45033759668403 67 107 64 0.9860672506926238 12 1039 27 819
840 5.0932164562381788 -4.5771429570899791 18.130615782208679 165 188 105 1.6070687766003711 14 1417 12 1041 16 1341 13 715 2 924
841 2.3402798642660154 -4.4937805941117643 18.088852962490709 62 98 49 0.79100014262965068 14 1202 12 1043 16 1106 15 1728 11 1076 14 142 7 462 13 732 21 157 21 858 26 567 25 95 25 713 9 151
842 2.345208416839931 -4.516607224095881 18.133463147267378 62 98 49 0.27948766907196143 14 1203 12 1044 16 1107 15 1729 10 1530 11 1565 7 463 17 1074 18 925 20 1072 13 733 19 779 22 847 24 857 21 859 26 568 25 714
843 7.6011691827555419 -4.8488781832788677 19.036524678308417 170 173 174 0.84556582231016653 14 1421 12 1049 15 1725 10 1673 7 475 17 1068 20 916 13 1084 19 612 26 910 9 836
844 7.8315439331579926 -4.6377641789678128 18.802632804694063 182 185 188 0.83945534073884931 14 1205 12 1051 16 1109 8 453 11 1390 18 786 13 723 19 613 4 419 22 559 26 787 13 923 25 456 2 936
845 7.0487441001281406 -4.2380261440384075 18.090302164936798 196 195 195 0.83309797190526014 14 1428 12 1052 16 1113 15 1881 10 1685 11 1706 17 1090 18 949 20 1185 13 1089 19 911 1 15 4 9 22 863 24 878 21 874 26 939 25 730 2 935 23 677 9 783
846 0.31633184697005196 -4.0166008143474032 18.246069323441976 128 139 51 0.57158443286231819 8 783 12 1065 16 784 10 947 17 248 18 238 13 120 5 705 9 218
848 -4.6918296873139784 -3.8518553090609209 18.41219608360349 18 45 0 0.75320708092745536 6 780 8 806 12 1074 15 1524 10 1320 7 859 17 276 18 253 20 231 13 501 19 457 1 765 3 791 42 171 24 212 5 726 21 231 26 205 27 532 23 126
851 -6.3812325148107067 -4.081327742734782 19.443690013346355 196 200 212 0.31826541584883289 6 795 12 1087 16 1140 11 1122 15 1189 4 789 3 808 5 742 2 982
853 -6.6012223994356249 -4.0138305782939616 19.366409130433741 191 197 209 0.27753711279731352 6 796 8 822 12 1090 16 1146 11 1131 7 869 1 784 4 790 3 809 5 743
854 -3.0764422287499351 -3.596476706920138 18.599522349418596 125 136 65 0.66622813673628778 6 789 12 1093 16 816 15 1534 10 983 7 536 13 137 19 174 4 784 3 803 5 467 2 163
855 2.6333739322747021 -3.2703548930804209 18.670746361908815 133 141 50 0.56096146943535252 8 828 12 1099 16 1163 20 309 4 799 3 815 21 270
856 3.7029401172062659 -3.1638945242113601 18.908984933299415 139 146 57 1.6954242653719522 14 929 12 1110 16 860 17 324 18 285 24 289 24 296 26 256
857 -6.1718097578040387 -3.1578624476593298 20.050503425934384 191 195 205 1.8154150327774494 14 1458 12 1143 16 1390 15 1764 10 1701 11 1597 17 1206 20 1196 13 1188 19 926 22 959 24 969 21 963 26 1025 25 819
858 -2.8315336286202055 -2.6738051842598862 19.248422901798456 119 132 63 0.31589988505115446 6 852 8 877 12 1147 16 1224 10 1099 7 926 20 392 1 837 4 842 3 870 22 327 5 792 27 273 2 1042
859 -2.8298945743068318 -2.6729037904416728 19.243057600502439 119 132 63 0.31046994771844733 8 878 12 1148 16 1225 10 1100 7 927 20 393 4 843 3 871 22 328 5 793 27 274 2 1043
860 2.4051501439511522 -2.3143921594469101 18.115278970512474 137 147 60 2.251942911276982 14 980 12 1156 16 919 1 823
861 2.5325861908587446 -2.5309057674782549 19.079549917452056 137 147 60 0.69565978911721582 14 981 12 1157 16 920 17 387 23 234
862 3.8231817653088145 -2.4102941639026696 19.216879244340561 141 152 62 1.8598486921600199 6 856 12 1162 16 1236 11 497 7 654 17 783 13 241 19 281 5 579 25 503 2 783
863 -3.4855864344426077 -2.3644950184575282 19.452062574978786 41 65 3 0.49284282003979646 14 1308 12 1164 15 1587 11 1447 17 791 18 669 20 776 13 250 19 511 42 295 24 634 26 330 27 601 23 472
864 -2.4802585637030181 -2.3663556228485301 19.448027206267227 69 86 22 0.4279957311979295 14 1312 12 1166 10 1423 11 1450 12 1355 17 789 13 572 19 514 4 996 22 618 42 646 43 660 21 616 26 641 27 592 25 510 2 1178 23 479
865 -3.7257624109171141 -2.25461986089933 19.509721958190116 131 132 47 1.2138580937168915 8 895 12 1169 15 1599 11 516 13 805 1 995 42 665 26 645 27 300 23 246
867 43.121145987469447 -12.304848060610185 71.016446979595855 41 45 44 2.1716731792862558 6 916 8 740 12 1178 16 946 15 1234 11 1118 7 960 17 719 18 221 1 696 4 718 3 727 5 661 41 175 43 132 34 193 20 703 40 123 47 153 38 137 48 127 36 125
868 4.7640670652246406 -1.7661661338484798 19.646718112762652 140 144 55 0.67852958699944455 6 874 12 1181 10 1433 19 522 1 854
870 38.513813554932916 -10.470687714942795 70.286259479576231 44 48 49 1.2022495446776522 8 366 12 1191 16 449 15 459 10 1101 7 989 20 274 13 758 19 454 1 365 4 343 5 317 9 237
871 41.081336166950145 -10.163782306044132 68.961215145934858 39 43 42 0.95183098969064328 6 725 8 745 12 1193 15 1264 11 352 17 263 18 257 20 716 1 899 3 731 22 236 42 202 24 253 43 150 21 255 26 229 27 178 25 191 23 156 33 192 47 175 38 151 37 130 28 165 39 129
872 -5.7057729680587537 -1.3993058073879283 20.261424041233997 19 41 7 0.55949454059017223 14 1048 12 1194 16 1002 10 1148 8 922 6 901 11 555 7 971 17 435 18 381 20 444 13 618 19 317 1 874 4 886 3 904 22 361 24 370 5 823 21 383 26 382 25 305 2 1084 9 396
875 3.541318549224588 -1.287325816689515 20.125494902022186 17 53 14 0.27435417693931641 6 1043 8 1076 4 1027 3 1038 5 949 2 1216 12 1205
878 -2.1710579294264449 -1.2244648253712493 20.271417348837449 19 49 15 0.31547371157416404 14 1063 12 1212 10 1159 11 565 7 980 17 445 22 372 2 1093
879 -2.154491163238911 -1.2289655777567614 20.326832563122384 19 49 15 1.5672517327529119 14 1064 12 1213 10 1160 11 566 7 981 17 446 22 373 27 352 4 1286 2 1094 1 1281 3 1286 6 1301
882 6.9752527520624259 -1.0313218313691914 20.018812458498303 28 27 27 1.3750970044710971 6 706 12 1223 8 720 16 1442 10 1716 4 694 3 707 5 638 2 1224 13 342 15 1631 18 706 26 846
883 -1.263170384645943 -1.0148448015218494 20.647876550728302 96 93 86 0.51041378620897249 14 1343 12 1224 16 1270 11 1484 20 465 24 669 21 908 26 436 26 847
885 31.613374385317005 2.7312444474373891 50.396585380658244 16 11 8 0.7824682685608646 6 936 12 1234 11 1497 18 842 20 980 1 910 8 1112 4 926 3 940 22 773 42 379 24 779 5 847 43 707 41 667 21 650 27 768 25 549 34 752 44 628 33 642 45 614 46 566 38 590 37 547 48 585 28 619 39 532 32 555 35 248 36 268 29 213
886 40.631883455419519 -50.917868230490832 83.300068231789041 112 153 147 0.75425359231347233 6 949 8 769 12 1244 16 1456 7 1151 17 1145 18 993 20 1132 13 1041 19 945 3 759 22 909 42 1005 24 922 5 978 43 894 21 785 26 869 27 899 25 779 34 957 44 823 23 614 33 888 45 918 47 940 46 865 40 696 38 845 37 810 48 869 28 739 39 774 32 798 31 633 29 653 30 761 41 934
887 41.426326224229747 -49.349682980911922 80.932246935262526 122 160 153 1.2802847306274658 6 745 12 1245 8 970 16 1457 7 1152 17 1147 18 995 20 1133 13 1043 19 854 1 923 3 948 22 789 18 864 42 543 18 734 22 676 24 694 5 853 43 744 21 670 21 786 26 507 26 981 27 664 27 784 25 19 25 661 43 7 41 827 2 1107 34 803 34 1060 44 4 33 0 45 489 45 808 47 697 46 606 46 732 40 802 38 1 37 0 48 455 48 750 28 531 28 740 39 1 39 567 39 700 32 605 31 737 29 488 29 587 30 762 41 696 41 5
888 -0.0089897043273371863 -4.7489477571369392 18.349033433903855 215 223 148 0.56050385308063755 14 1402 12 1273 16 1493 15 1714 10 1516 7 798 26 762 39 623
889 0.10867072912324408 -4.8148975456690364 18.486059145370323 211 218 138 0.79487528122956275 14 1636 12 1274 16 1494 11 1783 7 799 17 1261 18 1087 13 1171 19 987 22 944 24 1007 21 955 26 1017 25 807 23 762 9 840 11 1834
890 1.0308350935403834 -2.0234223965619007 12.273933356086896 198 207 135 2.1852176641134777 14 888 12 1279
896 2.7564936380143328 -4.5123032673393926 18.176787558501825 109 143 92 0.50643078079159765 14 1555 12 1295 16 1347 15 1867 11 1695 18 931 22 848 24 859 26 932 2 21 23 662 13 931 20 1074 21 860 9 778
898 5.7756851068396955 -4.4200108538482112 18.109454884754847 35 104 40 0.79252377358721782 14 1426 12 1303 15 1875 10 1679 11 1702 7 824 17 1081 18 942 20 1081 13 939 19 792 22 857 24 867 21 867 26 790 9 775
900 -2.1419640746356521 -2.795295388221382 19.15273899445474 141 147 60 1.5652574023075232 6 989 8 1011 12 1336 16 1395 15 1569 11 1437 17 774 20 753 13 556 13 787 4 978 3 983 42 635 42 636 24 620 5 1010 21 600 26 613 26 618 27 576 2 1158 23 455 23 456
901 43.883584036597192 -19.961279740054625 81.720809307641801 109 115 113 1.4224567113751905 6 1055 8 1086 12 1340 15 1726 11 1554 7 1105 17 1063 18 907 20 1048 13 900 1 1021 4 1037 3 1043 22 827 42 932 24 836 5 956 41 866 21 831 26 903 34 994 44 873 23 634 33 831 45 839 47 866 46 777 38 796 37 761 48 805 28 676 39 737 9 766 2 1209 32 748 35 730 36 805 31 674 29 617 30 790
903 -3.6613481716808201 -2.3630300611943396 19.489690357141644 72 84 18 0.32212496320450867 14 1474 12 1352 16 1407 10 1585 11 1455 7 1100 20 782 13 583 19 676 4 1001 3 1009 5 1016 2 1274 9 579
906 -2.3037152645275216 -2.3533918274384678 19.453892452865531 45 63 6 0.32843766364566068 14 1476 12 1358 16 1411 15 1597 10 1426 11 1453 7 1098 17 794 18 680 20 784 13 579 19 517 22 622 42 649 24 643 5 916 21 619 27 595 25 514 2 1184 23 482
907 -4.3595569522180133 -2.2594201312140108 19.543417267851943 127 130 39 0.77529292073318445 6 1014 12 1360 17 977 18 683 1 993 42 840 5 1017 25 626
910 4.9547221606975107 -1.7535044655603256 19.915619218517307 87 122 59 0.31326873283126594 14 1488 12 1367 16 1424 10 1435
911 5.6985660808326797 -1.7279454251123345 19.71425740897384 127 135 51 0.89106005156325008 8 1053 12 1369 16 1247 7 1112 5 926 11 1464 15 1608 21 626 22 629 24 649 42 314 19 299
912 -6.3546935091929377 -1.8711388843875418 21.370824809766077 163 165 163 1.7806403463950331 14 1023 12 1373 16 1426 10 1602 17 1209 19 305 22 963 21 1010
913 -4.5873110824856553 -1.5970664917171478 19.989311467482828 40 62 6 0.61106873919920046 8 1168 12 1374 1 1089 4 1106 3 1116 5 1023 2 1282 42 680 26 829 9 596 13 822
915 5.2787754689562281 -1.5727435592089063 19.810820086988379 60 90 40 0.76383882349233878 6 1030 8 1058 12 1378 16 1432 19 527 3 1025 5 932 2 839
916 -4.3117297699786663 -1.4679978820225523 20.149959301000322 98 122 36 0.54158786111233492 6 1042 8 1074 12 1384 15 1613 10 1441 7 1127 18 698 20 804 13 831 42 687 24 659 21 635 26 660 2 1212
917 -4.0518960120194025 -1.3518718555160281 20.154658153011848 9 44 8 0.83097612389885378 6 1045 12 1388 15 1620 13 616 5 953 26 390 42 354
918 41.23951122979409 -43.031842491695024 71.890010103254809 113 155 151 1.2841147257051948 8 1118 12 1400 6 1078 16 1565 7 1153 1 922 6 947 4 935 3 946 24 26 17 624 18 867 42 1011 17 1022 20 1001 5 851 43 898 26 872 34 4 44 828 33 796 45 5 45 812 47 839 46 607 17 894 38 850 48 640 48 752 28 645 32 608
919 -47.103939891549082 -34.620014523647029 73.865613406723313 30 32 31 0.94020284996921 6 964 8 986 12 1419 16 1478 15 1826 10 1644 11 1657 17 1165 18 888 20 1019 13 1060 1 1059 4 955 3 967 22 807 42 907 24 815 5 991 43 1048 41 953 44 961 33 907 47 953 46 749 38 772 37 829 48 764 39 794 35 717 36 896
920 6.9349273459657548 -5.9136028890667722 20.080705551892642 105 110 104 1.393012430148225 14 1548 12 1425 7 786
921 -6.0285459289985024 -5.3508855843395375 19.34142229811394 40 41 38 1.7723809584697865 14 1634 12 1430 16 1590
922 43.790238062694904 -31.762247357898218 75.671224928386948 24 29 25 0.87325007877524474 6 1104 8 1156 12 1432 15 1842 10 1653 11 1662 7 1175 17 1170 1 1077 4 1096 3 1106 42 1026 24 945 5 1001 43 1057 25 800 23 623 33 915 40 719 38 872 37 838
923 1.4314957656069198 -4.8109838532505167 18.494069773697809 199 201 136 0.6941036526209049 14 1637 12 1435 16 1496 15 2001 7 1020 17 1310 18 1089 13 1170 22 1011 21 999 23 801 9 839
924 -1.0860569308696391 -4.5451231116248625 18.188837653497711 81 121 43 0.89169270831113889 14 1552 12 1437 16 1498 15 1946 10 1767 11 1784 17 1188 20 1181 13 1087 22 946 42 1036 21 957 26 1019 25 810 9 664 41 869
925 7.0175220154882139 -4.6800316555675181 18.535517617663022 156 172 151 1.5432054927179424 14 1557 12 1438 16 1349
926 5.1099607091414736 -4.4115611224443967 18.105734838029026 109 156 87 0.42006223692913247 14 1559 12 1439 16 1501 9 654
927 5.136198182498644 -4.4452432206312356 18.189371150337422 109 156 87 0.58343125400930551 14 1560 12 1440 16 1502 15 1874 10 1676 11 1701 17 1183 13 936 26 937 9 655
928 5.3786369527231237 -4.4629598459039448 18.236137042497369 98 145 73 0.61566356843607528 14 1561 12 1441 16 1503 15 1872 10 1677 7 1031 13 937 26 935 2 33
929 1.2776988864824994 -4.1638862919112913 18.047635906061167 118 128 42 0.79430416926200476 6 1083 8 1122 12 1442 16 1505 15 1734 11 1572 7 1172 1 1046 3 1075 22 722 24 738 5 980 2 1240 10 938 20 919 19 89
930 4.1682346853331405 -4.176815430949504 18.03502347706354 55 90 5 0.39369354142536223 6 1082 8 1121 14 1564 12 1443 16 1506 15 1879 10 1682 11 1708 7 1170 17 1091 18 951 20 1087 13 1091 19 795 1 1045 4 941 3 1074 22 723 24 879 5 979 26 794 2 1239
932 -44.339733999416516 -25.976562356133687 75.313064541396713 49 50 45 2.2172385490460562 6 1022 8 670 12 1445 7 1048 17 137 1 643 43 71 24 100 44 95
933 -6.6579587344842182 -3.9044301579039424 19.508905910748837 149 157 168 0.52966426031446812 14 1577 12 1452 16 1518 10 1694 19 635
936 -1.9252273054607956 -2.7840224308494363 19.159695124215681 148 145 53 0.60677657380267114 6 1108 8 1154 12 1466 16 1532 10 1579 7 1197 18 820 20 951 13 788 22 748 24 758 5 1011 21 739 2 1271 30 709
937 -32.030005747467492 -12.414775078109546 72.398766664991001 7 9 6 1.1079007893892536 8 1235 12 1469 6 1184 16 1541 17 1093 13 1100 1 1161 4 1180 3 1181 5 1089 44 988 23 678 45 720 45 960 47 977 46 782 38 805 37 650 37 851 48 682 28 775 39 638 35 745 36 916 31 780
938 -6.7353371135351683 -2.1239533279058014 21.411474886860301 171 172 174 0.89792947204824292 6 1121 12 1470 8 1065 16 1542 7 1202 20 1199 1 1093 4 1017 3 1121 5 1027
939 0.58516932048718706 -1.3059388356538266 20.144011631955898 9 37 12 0.45511798638578094 8 1227 12 1478 17 1122 18 978 21 906
940 52.826917159426095 -31.849214776393953 76.509015612254927 34 36 35 0.77918380703997692 6 1164 14 1628 12 1508 10 1747 10 1815 14 1690 11 1767 17 1245 18 1077 20 1158 13 1220 19 882 1 1140 3 1161 22 927 42 1027 24 946 5 1068 43 1058 21 944 26 1002 27 925 25 801 2 1375 34 1085 44 969 23 755 33 916 45 939 47 962 46 889 40 720 38 873 37 839 48 897 28 759 39 801 9 945 32 825 35 819 36 903 31 765 29 684 30 887 41 959
941 52.561547463080494 -31.702288793166499 76.153007431799068 34 36 35 0.50107630394055025 6 1165 8 1216 14 1629 12 1509 16 1586 10 1748 11 1768 7 1256 19 883 1 1141 4 1161 3 1162 5 1069 40 721
942 -6.4162549281937951 -3.7151946587005242 19.72639414671 83 85 80 1.4888044746066562 6 1234 8 1290 12 1522 15 2004 10 1824 11 1840 17 1269 11 1792 18 1093 20 1247 13 1182 19 995 1 1216 4 1227 3 1231 22 1015 24 1011 5 1111 21 1003 26 1075 25 865 2 1376 23 806 9 863
944 43.20267017880915 -12.104178317188573 72.957271093534501 62 67 63 0.48996243174458071 6 1183 8 1234 12 1535 16 1616 10 1784 11 1791 7 1286 1 1105 4 1179 3 1180 5 1087
945 40.578460467391814 -10.254335199039794 68.602495510478263 42 48 46 1.3409147581056573 6 1187 8 1238 14 1660 12 1537 15 2006 14 1706 10 1831 7 1288 18 1151 20 1300 13 1240 19 1055 1 1162 4 1182 3 1184 24 1058 5 1090 43 1168 41 1048 21 1004 21 1042 26 1081 26 1135 27 987 34 1185 44 1086 23 807 40 914 33 1003 33 1065 45 1046 47 1067 46 980 46 1055 38 974 37 939 48 996 28 834 39 876 39 927 9 919 32 910 32 965 35 902 36 982 31 857 29 750 30 981 30 1033
946 35.831716736576119 -7.0408156707986667 65.587229088281404 60 66 64 0.16793877312063454 6 1188 8 1239 12 1540 7 1291 1 1165 4 1183 3 1187 5 1091
948 -1.1832031654022226 -5.8395889657252376 19.895574158189177 22 21 19 1.8886461585602003 14 1693 12 1568 7 1243
949 -1.4151450387801217 -6.4317108154571407 21.148880117743307 22 21 19 0.29831864704824468 16 1697 10 1914
950 2.7851103764060783 -4.1316077726278291 18.082762015268624 101 127 39 0.30495389366944597 14 1695 12 1575 16 1652 10 1821 11 1837 7 1320 17 1264 11 1785 18 1035 20 1243 19 912 22 949 24 1008 25 813
951 -3.0334171531185685 -3.7644308446735995 18.451396586202385 134 138 45 0.75682291324205841 6 1202 8 1255 12 1576 16 1656 15 1954 10 1774 11 1790 7 1323 17 1196 18 1039 13 1102 1 1182 4 1192 3 1200 22 955 42 1043 5 1107 43 1081 21 962 26 1023 27 943 25 818 2 1372 23 771 9 859 30 921
952 -5.4912962820934546 -2.7664989160408244 19.171283404073176 208 205 106 1.4598175840030574 6 1167 14 1702 12 1581 8 1215 16 1711 15 2011 10 1830 11 1798 7 1327 17 1207 18 1046 20 1106 13 1110 19 929 1 1189 8 1261 3 1163 22 880 24 893 5 1118 21 889 26 948 25 744 2 1382 23 691 42 1054
953 -3.8932613422181128 -2.4897352628758731 19.366419999634967 130 130 40 0.81862699261569305 6 1207 8 1265 12 1583 15 1961 10 1785 13 1114 4 1200 42 1057 21 964 26 1029 27 946 25 822 2 1386 23 773
954 7.0888408969676098 -1.2769951695560129 20.227094063684973 126 121 118 0.80658434186557293 14 1709 12 1590 16 1672 15 2014 10 1869 7 1365 17 1278 18 1103 20 1255 13 1192 19 1002 22 1025 18 1164 24 1018 21 1013 26 1090 25 878 2 1390 23 818 9 934
955 43.386835985978422 -53.397786473998217 86.302687448037929 77 75 71 0.94508952467945151 8 1249 12 1597 16 1681 7 1344 17 1362 18 1207 20 1355 13 1286 19 1107 4 1189 3 1195 22 1116 24 1105 5 1136 43 1283 21 1090 26 1182 27 1080 25 963 44 1208 23 899 33 1129 45 1141 28 950 32 1015 31 989 29 846 30 1080
957 4.8448934091506972 -5.5534889343832239 19.395830400224867 39 40 35 0.8385666015459412 12 1609 16 1699
958 6.8899967829257172 -5.0742239661768114 19.093465918954731 140 196 90 1.1557224459107269 12 1612 16 1703 7 1251 17 1376 14 1763 18 1218 19 1126 22 1128 24 1118 21 1109 25 976 23 912 26 1198
960 -5.5684507887044976 -4.1694663131508474 18.175180212373036 117 118 38 1.7835219092789549 14 1728 12 1616 16 1651 15 2037 10 1855 11 1878 7 1354 6 1146 17 1265 8 1125 18 1090 20 1184 13 1178 19 991 1 1047 4 1137 3 1077 22 948 24 876 5 1048 2 1313
961 -6.4148254994540794 -2.9415598934242335 20.290730616302554 12 12 15 0.42295156256355071 14 1741 12 1624 16 1713 6 1244 8 1264 10 1865 7 1362 1 1228 3 1234 5 1149 2 1421 9 929
964 7.4148851440598023 -4.3779494163289145 18.452355536768081 164 165 168 1.5535053017775051 14 1764 12 1642 16 1728 7 1353
966 -6.6867997211813952 -2.2245933683411736 21.583377588313621 167 168 170 1.2370489618178309 14 1774 12 1649 16 1737 10 1896 11 1886 7 1383 42 1292
967 4.3284357544991208 -1.5044814212888913 20.001602121994054 98 134 36 0.50150075399157168 6 1268 8 1308 12 1650 7 1384 1 1251 4 1246 3 1259 5 1165 26 1144 2 1437 10 1868 13 1282 16 1738 17 1323 18 1163 21 1051 9 971 11 1887 15 2042 19 1066
968 47.431559479051465 -49.306481682130681 83.552515141277567 119 161 157 1.500502994244961 6 1260 16 1720 1 1245 3 1251
971 2.9993687164283642 -2.6975614236175813 19.095662558705406 125 132 42 0.65607937079443401 14 1813 12 1686 16 1769 15 2084 10 1920 11 1923 17 1381 18 1223 20 1373 13 1325 19 1128 22 1130 24 1122 21 1115 25 980 25 1002 23 917 9 1010
972 -2.0242453549556432 -1.2495222071433167 20.338344242667681 17 53 17 1.7747327506200936 8 1340 12 1688 16 1761 15 2067 10 1897 7 1422 18 1202 20 1350 24 1097 27 1048 43 1269 9 992
973 63.690773579597199 -47.963130793620024 91.680008877128969 118 124 122 1.6522572626726182 6 1313 12 1693 16 1776 14 1815 15 2095 10 1935 7 1429 1 1293 4 1282 3 1297 5 1201
974 -1.5333387723359055 -6.2940659611267664 20.247287427563901 28 23 17 0.44149288164265527 8 1279 15 2098 4 1219
975 -6.6142605690899545 -3.195977575475172 19.798921735704091 171 178 188 1.100165450686071 6 1315 8 1352 12 1696 15 2083 10 1933 11 1921 7 1435 1 1279 4 1283 3 1298 5 1203 2 1480
976 -7.5367899333324218 3.063856569649603 17.892791555220551 39 39 37 1.0854924245813766 8 415 12 557
977 69.381677137982265 -35.793499840745888 103.56619140734033 24 26 23 1.268874486855708 6 268 8 681 12 736 1 651 3 674 30 49 30 48 15 1098
979 64.484061323330266 -58.423046409563014 98.698307132455312 29 35 34 0.91290008691845326 6 1200 8 1253 12 1551 16 1631 7 1296 17 1283 18 1117 20 1266 13 1201 19 1015 1 1177 4 1190 3 1198 22 1034 42 1144 24 1025 5 1099 43 1195 21 1023 26 1104 27 1009 25 892 2 1359 34 1214 44 1114 23 828 33 1032 45 1087 47 1105 46 1018 40 938 38 1001 37 961 48 1030 28 861 39 898 32 932 31 887 29 771 30 1010 41 1065
982 -5.8211513905053192 -4.7103384535632351 18.629848031475301 224 225 219 0.95058818993662941 14 1762 12 1613 16 1727 15 2057 10 1886 7 1316
984 -44.226376626667225 -28.776655716995393 74.740042498678193 50 50 48 1.3243880662429215 14 1760 12 1640 15 2027 10 1884 17 1344 18 1181 13 1268 24 1084 43 1250 44 1180 34 1311 40 1002 33 1100 45 1151 47 1166 47 1205 46 1075 38 1026 38 1094 37 1054 48 1088 39 955 35 952 36 1055
985 -45.372366504873384 -39.308684948761154 74.603323310341807 50 55 53 2.2242761897296335 6 89 16 20
986 -44.053279215740147 -40.243936490883264 76.165281786410205 53 59 57 0.94727768147720837 6 90 16 21 15 5 10 1
988 47.441242102350209 -33.462629069612404 83.222411159834351 89 98 94 1.6237864629434724 6 228 12 108 14 61 16 65 15 90 10 881 1 222 4 220 9 39
989 48.265497318526201 -34.090998616857824 84.578696181797483 89 98 94 1.5556748822155151 6 229 12 109 14 62 16 66 15 91 10 882 1 223 4 221
990 -5.7458158596023461 -5.6919858790285778 19.66377572040372 84 86 85 1.7553980265296805 12 634 15 129 24 558
991 -5.9932391552506017 -5.7929848028837752 20.22396209899949 43 45 36 1.542424249820378 14 77 16 68 42 587 9 95
992 -5.0666863140169864 -5.2871106928581426 19.140299558113714 87 158 43 0.61685909735708744 14 791 16 72 15 1488 10 1272 11 1375 17 701 18 781 20 913 13 705 19 607 22 714 24 733 21 710
993 0.7799569464966476 -4.9406438851713022 18.65151959969808 199 210 140 0.25901576162788431 14 96 16 81 15 1128 10 75 11 1056
994 0.78119295466319461 -4.947085611671957 18.669404911249785 199 210 140 0.26827955461761555 14 97 16 82 15 1129 10 76
995 -6.8461809432458702 -4.8419343180899101 18.970878274877105 203 204 205 0.48517003422578792 14 110 16 88 15 1134 10 87 11 1069
996 6.223413703319201 -4.7535633005101934 18.512000220741228 186 212 123 0.13216089845514695 12 112 16 89 15 252
997 6.2733423325792383 -4.8073940669349451 18.640259317071461 186 212 123 0.80750035759802363 12 111 16 90 15 251 9 108
998 -1.5773589540680746 -4.1910531178527091 18.04402124713911 160 169 76 1.056417091356191 16 119 7 74 4 12 22 176 2 52
1000 3.0468210505207587 -4.0222014042073351 18.147301602370224 159 168 72 0.39653523043793637 6 36 16 152 22 191
1001 4.8738418533421424 -3.9851425933340798 17.977418041257138 70 96 5 1.740359008492923 12 199 16 160 11 311 16 145 19 100 5 36 2 61
1002 4.8738418533421424 -3.9851425933340798 17.977418041257138 70 96 5 1.740359008492923 12 200 16 161 11 312 16 146 19 101 5 37 2 62
1003 -6.9686960644569496 -4.2386661056509496 19.225183898618354 164 170 182 0.029847755812088563 12 216 16 171
1004 27.548693783571565 -12.505567169109865 42.854310716324143 107 111 112 0.30606774186163715 8 266 16 183
1005 -6.8877107788490974 -4.0854171810042788 19.16467741551601 167 173 185 0.32163646497893983 12 231 14 231 16 194 6 105 8 96 7 156 1 90 4 94 3 85 5 101 2 141
1006 -3.3435248914989071 -3.828845224815042 18.45973603399645 64 104 15 1.5645956839997941 12 236 16 202 15 376 11 327 7 147 2 118
1007 -6.258770047410926 -3.8967563693135405 19.743513919644009 190 198 190 1.6816589229873637 6 963 16 225 7 208 8 830 6 803 18 956 13 968 19 805 1 790 4 509 6 146 3 817 3 958 22 865 42 1116 5 750 21 876
1008 -3.3473667172520201 -3.5554110747692853 18.617145881925182 126 138 60 0.1114115097230592 12 744 16 226 15 398 10 278 11 344 7 538 1 511 4 498 3 512 5 469 2 636
1009 2.4221904377687813 -3.2370024721182227 18.723463274444661 87 113 16 0.36093798603233518 8 142 16 271 1 128
1010 2.4221904377687813 -3.2370024721182227 18.723463274444661 87 113 16 0.36093798603233518 8 143 16 272 1 129
1011 -1.8044900193511191 -3.07573082634174 18.958411624084771 15 47 4 0.15823084522124681 6 172 16 322 7 238 1 161 4 167 3 158 5 157 2 233
1012 49.02660182210893 -15.724384627114885 68.807140729289856 73 72 70 1.3955381346550917 8 350 16 355 10 257 14 323
1013 6.7988633528634974 -2.8485017239638171 19.267131872195705 75 104 14 2.1513619016740657 12 351 16 376 7 280 13 192
1015 -6.4868891270400528 -2.5732714771024088 20.510989802596722 183 186 191 0.35893528936126035 6 251 16 402 1 263 2 409
1016 2.4978560675046793 -2.3290419488200618 19.346981880619914 131 141 52 0.42599991312768642 12 390 16 408 5 583
1017 -6.3356832030944714 -2.5173181201166295 20.655335296258098 161 165 173 0.092992436371466924 8 272 16 415 1 264 3 241
1018 2.0755840593209576 -2.2079362272140202 19.22397022197994 137 139 51 0.78909070785280777 12 395 16 416
1019 3.8898780367996317 -2.2421342951404437 19.430430099633941 133 149 58 0.079376389959655291 14 415 16 419
1022 1.3034247276239541 0.095647919143746388 7.8979284248361719 102 136 38 0.22218905753859911 12 731 16 433
1023 7.5306895665598388 -2.1181363871587884 19.974850407168777 52 51 47 0.1843288204115206 14 1010 16 437
1025 5.1722148372890242 -1.7311330216333241 19.74166247970253 18 48 0 0.16297369978319953 6 266 8 281 16 455 5 247
1026 5.1705855755986914 -1.7309964441966763 19.739435885739251 18 48 0 0.13845340335056963 6 267 16 456 5 248
1027 4.389159724527274 -1.7334728841769618 19.809929548147768 73 109 11 0.34983225873265994 8 283 7 347 2 439 16 457 10 1140 19 297
1028 -4.086477802476927 -1.5705997528985118 20.045916948021922 99 122 41 0.38356131190632925 6 693 8 695 16 460 10 519 7 358 1 662 3 683 5 620 2 463
1029 4.9604989365369141 -1.5705568049913832 19.900648765593839 136 144 70 0.66617801161071788 14 453 16 461 15 631 16 991 11 536 7 712 1 657 4 874 3 678 5 811
1030 35.862792309601183 -8.6510098841311311 67.530279907411355 58 60 59 0.618330859946434 6 383 8 374 16 463 15 512 11 397 7 391 17 288 1 707 4 348 3 735 22 265 21 289 26 281 25 225 23 188 33 208 46 144 29 159 30 150
1032 -5.2706649601705848 -1.3040701890910544 20.260432606770618 101 126 71 0.41129991933755128 6 705 16 486 15 658 10 537 7 730 13 344 1 672 26 414
1033 -2.7199272150273024 -1.2954930572893688 20.251824684269916 104 128 70 0.48506926656644644 6 312 16 499 15 662 10 545 7 373 5 636
1034 -2.7199272150273024 -1.2954930572893688 20.251824684269916 104 128 70 0.48506926656644644 6 313 16 500 15 663 10 546 7 374 5 637
1035 -2.4465158515299823 -1.278342705587975 20.213008522322454 115 135 72 0.90293735508055228 6 315 16 502 10 548 7 376 13 336 4 685 3 698 43 325 2 889
1036 -0.93787222972408946 -1.2669370933636406 20.183714916247148 78 101 47 0.40112227173461673 6 700 16 505 10 554 13 331 1 668 2 881
1038 0.32261979335078039 -1.2978473593983777 20.276075275006118 60 81 40 1.8042128753189697 8 708 16 511 15 668 10 559 17 431 15 1342 18 390 20 450 1 667 26 405 26 419 13 300 2 868 13 330
1039 4.4997073452046585 -1.1869529425971426 20.187526713584376 102 133 78 0.22326197010386667 6 306 16 523 3 285 2 488
1040 4.4997073452046585 -1.1869529425971426 20.187526713584376 102 133 78 0.22326197010386667 6 307 16 524 3 286 2 489
1041 5.3828657279748064 -1.1586350184691903 20.157840603764612 74 101 51 0.14932366191001689 8 713 16 529 4 688 2 878
1042 5.3828657279748064 -1.1586350184691903 20.157840603764612 74 101 51 0.14932366191001689 8 714 16 530 4 689 2 879
1043 5.9875600290062527 -1.1273023745734962 20.149820125269741 96 126 72 0.12792363760292444 8 328 16 534 4 297 2 882
1044 5.9875600290062527 -1.1273023745734962 20.149820125269741 96 126 72 0.12792363760292444 8 329 4 298 2 883 16 535
1045 6.659305325347499 -1.1098870153346976 20.15954865659722 87 106 52 0.1653135168312963 14 480 16 539 15 690 4 691 5 634 2 507
1046 2.9388725115263621 -0.7691446885629899 20.38666324966271 111 110 107 0.080416013924354254 12 468 16 549 7 390
1047 32.04776340285926 -1.8849460189234253 55.875890669869541 24 23 21 1.2346621608016606 6 411 16 552 7 407 4 377
1048 31.270059032663472 -0.76446596593054306 55.919415711767279 22 22 22 0.89603548154430213 8 398 16 561 6 418 10 1457 19 694 1 402
1049 30.823055586254917 0.17502306903373227 54.632167619011881 66 66 64 1.9644950134109869 6 420 16 567 19 539 8 402 4 384 1 406 5 351
1050 30.823055586254917 0.17502306903373227 54.632167619011881 66 66 64 1.9644950134109869 6 421 16 568 19 540 8 403 4 385 1 407 5 352
1052 -6.1936285277738738 3.3632543275349067 21.283214736850443 23 22 20 2.9963146999099513 12 544 16 604
1053 -4.7676976482396611 1.9662600639486409 14.523734499514402 0 0 0 1.2330013838794922 12 523 14 1094
1057 -43.590159005656531 -32.792395799136564 71.773823525944977 9 11 10 1.3242053055333673 8 162 16 699 15 1059 11 1005 17 661 18 93 20 75 19 412 4 157 3 148 22 67 42 55 42 61 24 65 41 54 34 64 34 73 44 69 33 36 33 43 45 42 46 47 38 45 37 49 39 52 36 41
1058 7.2208104966152531 -6.1816225098299364 21.132831000334207 39 41 34 1.950914060765536 12 86 16 722 15 2080 10 1853 13 1317 9 1005
1059 0.5167384200232561 -4.1757237702010332 16.806684898928186 107 130 75 0.82741568778354702 12 87 46 96
1060 1.1755511319217995 -5.1821945602882522 19.019094346381259 112 132 83 0.19080576115721259 12 94 16 726 10 1278 13 703
1062 -6.634577652345242 -4.9860470999964406 18.891176001740828 89 94 88 1.9495450346402263 14 802 16 730 15 186
1063 7.063170434421858 -4.8601730186493626 18.801280729680361 140 147 134 1.5000264328828774 12 115 16 732 18 606 17 705 20 697 19 65 15 246 24 571 21 567 26 152 25 454 23 421
1065 5.5860990339730154 -4.8207103609092625 18.662908886955464 95 132 55 0.32450581936389367 14 808 16 734 15 1141 21 146 9 118
1066 -6.4131211907179084 -4.5815183435000568 19.060665565448197 196 200 212 0.12702163250990051 14 828 16 745 7 493
1067 0.41543910753528834 -4.0874520538447445 17.893876244012937 132 139 53 1.3197272572395384 12 1054 16 757 7 832 5 693 9 515
1069 1.8804080224950002 -4.0584376298605083 18.231763220879309 106 139 44 1.0057152614734985 6 472 8 465 16 779 7 499 18 237 1 453 21 1000
1071 -6.7216227603539043 -4.2805189132968282 19.082247343131328 191 195 207 0.14859830098087323 6 512 16 781
1072 -6.3861225278356075 -4.2738164764970721 19.256240461388771 193 199 213 0.25588738069127753 12 727 16 787 3 486 1 491 4 472 8 500 5 450
1073 -6.4738153019481839 -4.3450095269293918 19.452161878836421 193 199 213 0.22092728938389805 14 864 16 788
1074 -6.4996140132778146 -4.2463961116121522 19.225175648579654 191 197 209 0.31172723139711589 6 523 16 791 8 505 7 526 1 494 4 475 3 493 5 452 21 193 25 123 23 95
1076 -3.0344840646824967 -3.7815924179076874 18.062344728339077 75 112 19 0.90651093822540996 14 240 16 799
1078 0.65124238438657156 -3.7533606559012234 18.397245629110611 135 143 57 0.77086855490021455 6 781 8 808 16 804 15 1214 10 975 20 259 19 137 1 768 3 793 24 233 21 244 25 174 2 968 23 135
1079 0.65174183465680435 -3.7414052518645073 18.375690983287011 135 143 57 0.57773408984455943 6 782 8 809 16 805 15 1215 10 976 20 260 1 769 3 794 24 234 21 245 25 175 23 136
1080 4.3340534850297585 -3.6865330260350184 18.293355074768542 132 138 52 0.57619707223877892 12 1088 16 809 22 222
1081 1.282611092508829 -3.7061433255745788 18.45113983094895 137 146 57 0.98943938900140582 14 890 16 811 15 1218 13 131 1 490 3 495 22 219 25 178 19 142 23 139
1082 -4.6903503171101049 -3.8703168584435579 19.265883453540791 19 40 0 1.6437138424353193 12 1092 16 815 15 1210 42 174
1083 0.84359295899294418 -3.5529577071187082 18.521052367106023 140 146 58 0.16575515335089258 14 895 16 817 24 249 2 628
1084 -4.0179029982629064 -3.5334867975001707 18.632845527412236 122 136 57 0.42241595691283268 6 797 16 819 7 876 17 293 18 273 20 288 1 785 4 792 3 810 22 233 42 179 5 744 27 174 23 150
1085 1.2921066095338247 -3.4311529069461599 18.580970160541384 140 146 58 0.51120665695109002 12 750 16 824 15 1236 11 1153 7 539 2 637
1086 2.4353314389994862 -3.4292350464189587 18.596746172431278 132 145 55 0.95345774104074699 6 543 16 827 15 1238 10 998 18 275 19 176 23 157
1088 -3.3531012080285634 -3.1579150820730142 18.870442294481101 136 142 72 0.40218093357153772 12 295 16 854 10 1026 20 319 1 142 3 142 2 686
1091 3.6446288627971848 -3.1016596330196311 18.736437280122921 134 145 55 0.41116785033419012 12 1111 16 861 17 325 24 297
1092 -3.7137745147356824 -3.0558408592495701 18.972011801994473 125 137 65 0.10865134726968995 14 357 16 868 10 333 2 712
1093 -3.7137745147356824 -3.0558408592495701 18.972011801994473 125 137 65 0.10865134726968995 14 358 16 869 10 334 2 713
1094 3.0526036074232863 -2.9742014688770548 18.904617683254614 133 136 50 0.61136804469053774 12 806 16 877 15 489 11 421 7 601 1 558
1095 3.3596967046874346 -2.9108238736374448 18.96669631775206 139 146 60 0.87702594809931411 14 955 16 879 13 185 19 251 24 331 5 771 25 245 2 1013 23 209 20 370
1096 6.8906245676852889 -2.8576914971740051 18.82428698805661 70 96 14 1.3644832663932762 6 982 16 882 10 368 10 1576 7 1066 13 779 19 655 1 162 1 1069 5 885 2 1008
1097 4.8139883639168515 -2.7916955145020599 18.982983307870906 128 139 47 0.50395725657945123 6 615 16 895 10 373 11 462 1 586 3 598 5 541 2 738
1098 4.8139883639168515 -2.7916955145020599 18.982983307870906 128 139 47 0.50395725657945123 6 616 16 896 10 374 11 463 1 587 3 599 5 542 2 739
1099 2.0200717937081389 -2.768983445100385 19.060175457558103 140 146 58 0.33449112854008312 12 832 16 899 11 1205 17 375 18 344 10 376 20 384 22 320 21 332 25 266 23 222
1100 2.0200717937081389 -2.768983445100385 19.060175457558103 140 146 58 0.33449112854008312 12 833 16 900 11 1206 17 376 18 345 20 385 10 377 22 321 21 333 25 267 23 223
1101 2.738962901091627 -2.7286296256810476 18.960261698114849 136 142 53 1.2203445385261493 14 970 16 902 15 521 21 337
1102 4.0211285367351373 -2.6911319071704991 19.136894584842899 139 149 60 1.314781297102201 8 617 7 639 2 767 11 471 15 529 16 910
1103 4.0211285367351373 -2.6911319071704991 19.136894584842899 139 149 60 1.314781297102201 8 618 7 640 2 768 16 911 11 472 15 530
1104 4.6908539751859371 -2.6735198783699992 19.32257347980298 137 143 57 1.6421711094404163 12 849 16 915 15 542
1105 2.3620948348738029 -2.4807449100453351 19.143610013476643 143 145 61 1.2403333464729402 14 983 16 922 11 1221 19 277
1106 2.8063840757946612 -2.4657782835561672 19.171477218279964 140 142 56 0.76101696310853517 14 987 16 923 15 565 10 410 5 794
1107 -2.8806117141769492 -2.4230753616126024 19.423873415579951 130 134 54 0.51458660335615591 12 383 16 925 15 1301 11 503 3 642 43 292 7 310 2 787
1108 -4.7238176381324681 -2.3588168233265621 19.478149235953271 120 123 41 0.54151373602286856 8 252 16 932 10 421 2 388
1109 -37.790592195750108 -10.279670359131456 59.354547649533494 11 13 10 1.7552862802443261 8 363 12 1175 16 935
1110 2.1552730170629761 -2.3534179343650408 19.333993186701314 143 146 57 0.84102848194618163 12 868 16 936 15 582 7 660
1112 2.107570204325381 -1.8380592636930519 19.644095349855771 141 146 56 0.3400479262238002 14 1017 16 967 15 615 17 405 24 360
1113 2.1033806387010094 -1.8495696493901785 19.689350425664379 141 146 56 0.7636423321926995 12 1177 14 1018 16 968 15 616 10 486 17 406 18 363 24 361 25 294
1115 2.4226411392039142 -1.7458264996716071 19.712579358554326 131 146 55 0.43254663766473495 6 684 8 677 16 972 11 531 7 703 1 646 4 657 3 668 2 829
1118 37.194247903689764 -9.3028975035261254 68.384039186102143 127 135 137 1.5112294777876401 6 379 16 984 10 1113 19 642 2 1103 9 245
1119 -3.2446596893806068 -1.6069387145263243 20.015593795504948 106 125 42 0.18656348970430195 12 905 16 985 11 538 2 844
1120 1.3493383498235574 -1.5194492756010061 19.939482496446939 94 124 32 0.11442969906146494 12 909 16 994
1122 -2.8899557119369597 -1.2303801156149579 20.317823858045347 16 47 13 0.5520825458532751 12 940 16 1009 15 672 10 562 11 569 17 448 1 683 42 361 2 908
1123 3.6813954281173156 -1.1462423202871457 20.232324602208433 20 55 14 0.447402963867161 12 946 16 1012 10 574 11 570 7 737 20 462 1 878 3 910 2 892
1124 5.4388530282216818 -1.091782388169269 20.207158260227661 14 46 6 0.42491571357798996 12 1220 16 1015 3 912
1125 36.766784262850457 -5.2691706161594896 59.651383453557699 75 74 72 1.8893791552420627 12 475 5 334 8 386 1 389 3 352 47 231 4 365
1126 1.035063770930436 0.47791107118312587 6.6916680670223663 47 49 42 0.50305219058446693 12 1293 16 1018
1129 33.198507356666475 -1.3412756589914741 58.633483315688018 22 21 17 1.3019061077870315 6 417 16 1025 10 1172 19 691 1 400 3 365 5 345
1130 -5.855867139355972 -5.5490449853342465 19.790705212095009 225 240 140 1.0320665523574017 14 790 16 1093 17 695 18 177 22 118 24 125 26 115
1131 0.30329253864591155 -5.4140178815872337 19.391869556050487 203 208 139 0.26835539411441228 12 1028 14 1399 16 1096 18 780
1132 1.3490194093865546 -5.1632257932952168 18.99934418748289 166 179 117 0.20873864638003195 12 1032 16 1098 7 451
1134 -3.2899943195684593 -4.3264294634034304 18.223003519594933 125 129 48 0.58854172406038197 14 158 16 1110 10 158
1135 1.5554555332729525 -4.2571639872208502 18.006554276083925 98 104 40 0.24195924047900574 12 1050 16 1111 15 1513 11 1395 20 700 13 751 19 445 24 577 26 173
1136 0.43647485613546338 -3.9411988855114473 18.31886850761024 125 138 50 0.74425613830569926 6 764 16 1125 15 1190 10 957 11 1113 7 847 18 240 20 224 19 121 1 753 3 777 26 192 2 954
1140 -4.4817915371501504 -3.7765157123387261 18.573128731682544 18 47 8 0.730891043243723 15 1209 10 253 7 161 16 1141 42 173
1141 3.8966624009772022 -3.5598931429786127 18.339385366417982 132 138 52 1.5288609849884185 16 1155 1 776 3 488 2 977 24 254 14 1239 11 1143 17 739
1142 4.0721767897583385 -3.5288702735381112 18.454202686246756 133 138 54 1.279671046751218 14 898 16 1158 20 290 4 494 25 187
1143 3.7776880272058442 -3.3322940648190644 18.718681064375126 135 141 55 0.81146623953260821 14 1244 16 1161 13 142 3 814
1144 -6.3380129765856354 -3.5630102267169526 20.199326675246894 180 189 194 0.76770081750498864 14 299 16 1168 10 1006 7 895
1145 -1.7979320626007333 -3.1693631166447602 18.915677492448726 140 142 62 1.060347024120702 6 809 16 1178 15 450 10 1032 17 340 20 325 19 229 19 230 4 808 3 823 5 757 27 194 27 195
1146 2.7456628331864512 -3.0175751745600157 18.790277469880866 145 151 61 0.43517860859375024 14 1269 16 1189 15 1274 11 1180 17 753 18 639 42 219 24 609 21 299 23 195
1147 -2.2400689526002613 -3.0145901331619087 19.056217895277303 18 48 5 0.99106519249774461 6 829 8 857 16 1192 15 1273 10 1063 11 1187 13 190 4 825 3 845 42 242 5 773 26 277 27 217 2 1017 34 253 33 187 36 706
1148 -5.3446882293437499 -2.9581978939788445 19.149877249843748 116 127 46 1.0279383621584515 12 331 16 1198 15 481 11 445 19 263 2 286
1150 -6.2526267353240961 -2.6134127636825921 20.612972091163908 201 203 200 0.58278501620203493 8 1046 16 1237 10 1107 14 989
1151 5.6624367357057199 -1.7404886251944875 19.652193789721217 126 134 49 0.25358082107103758 6 876 16 1246
1153 5.2228975495101162 -1.2327077290484265 20.114916484325988 16 53 8 0.40103616747366988 12 1209 16 1265 15 1355 11 1251 17 427 13 606 3 1039 22 374 24 384 25 315
1154 6.9314633227253948 -1.1030247561849815 20.16039681377201 118 124 116 1.1093328417546351 14 1072 16 1268 15 1365 11 574 8 331 6 321 7 743 17 437 18 398 1 328 4 889 6 1047 3 706 5 824 21 399 12 1391 13 833 4 299
1156 -4.9816976066981402 -4.5910686441851647 18.234306538622125 88 136 74 0.35855924933633954 14 1403 16 1332 15 1854 10 1665 11 1684 18 926 13 948 22 833 24 847 26 909
1157 -4.2883573033239015 -4.5728551795861092 18.24029177184465 52 106 40 0.67068497146558426 14 1404 16 1333 10 1519 13 741 22 834 42 802 21 840 27 838 25 696 23 641
1158 -4.2641994922646953 -4.5518742408528992 18.169438928204471 52 106 40 0.88875409011825945 14 1405 16 1334 10 1520 13 742 22 835 42 803 21 841 43 961 9 666
1161 -1.5250101462537033 -4.5571085599363519 18.257518399389777 42 106 29 1.5129082408910297 14 1413 16 1342 15 1722 11 1568 18 936 42 797 41 571
1162 -1.5156712236715697 -4.5251795860818254 18.178999713731606 42 106 29 0.52099264944630519 14 1414 16 1343 15 1723 10 1669 11 1569 17 1187 18 937 13 950 22 845 42 798 24 854 5 15 21 855 26 924 25 711 2 562 7 817 23 658 9 665
1163 6.3530519522684594 -4.6548569134872144 18.398815129134572 149 195 88 0.91490293747520479 12 1294 14 1419 16 1346 10 1533 12 664 13 914 26 775
1164 6.7616653320877962 -4.6045177238462305 18.362685833346319 142 191 85 1.4982308493399796 14 1556 16 1348 13 919 15 1159 26 569
1165 3.6405964310409145 -4.471938501054745 18.106384897985681 60 104 49 0.53836879269079041 14 1420 16 1351 15 1730 12 1046 10 1675 11 1698 7 822 17 1076 18 933 20 1076 13 933 19 784 22 850 24 861 21 862 26 782 25 716 2 26 2 8 23 664 9 482
1167 2.1493231046878569 -3.9003063126038513 18.154908385540963 137 142 55 0.27527524901920192 14 1434 16 1358 19 450
1168 -4.1289050123704145 -3.143807804047968 18.911832146168518 134 134 48 0.4626204095057096 12 1323 16 1374 20 731 19 649 2 1257
1169 -2.3782825266383694 -3.1074459273102986 18.945451611246082 142 144 60 0.3362252860134044 6 1097 8 1142 16 1378 10 1563 7 1190 18 812 20 942 1 1067 5 998
1171 -3.5406108854048162 -2.7619196748761232 19.039941826458396 126 131 46 1.0273628573937374 6 1106 16 1394 7 1196 27 729 2 1269 43 268
1175 -4.1997932560373439 -1.583934381870685 20.069773587591254 37 64 7 1.1140507251315031 6 1038 8 1066 16 1434 7 1124 18 832 13 825 19 532 1 1009 1 1092 4 1020 3 1032 3 1120 22 762 42 847 5 1026 21 632 21 749 26 832 25 525 2 1285 9 701
1176 -0.1354027943686924 0.63523339243738097 6.4902776909469342 23 23 21 1.5629346172289091 12 207 16 1445
1177 -0.19549421304158662 0.69208550670076663 6.6099732486490845 25 25 25 0.32107015590421151 12 286 16 1446
1179 6.5572257293221465 -5.5497118225941575 19.618122766809538 39 41 36 1.0889482476081913 14 1401 16 1490 7 791
1181 5.2658984426199718 -4.3835295987865557 17.877356126923122 118 158 94 1.5668745015991428 4 1135 8 1194 26 936 3 1140 13 938 15 1873 18 1033 19 908 9 777 10 1678 14 1562 16 1504
1182 -4.2477808329933584 -3.7049641322641973 18.543663339609758 10 46 10 0.48981032588125756 14 1573 16 1515 15 1745 10 1549 11 1583 7 1178 17 952 17 1095 18 797 13 763 13 970 22 731 42 820 5 988 21 721 26 800 25 607 2 1248 23 559 27 715
1183 -4.0616520383850423 -2.8223531350492714 19.161079732441163 129 127 45 0.24339759834768512 6 1166 8 1214 16 1529 10 1707 7 1270 17 1109 18 966 20 1105 19 821 1 1139 4 1160 3 1159 24 892 5 1071 2 1331
1184 -6.2657356246746438 -2.8827110287315127 20.592895192631072 194 202 125 1.3863530738387588 14 1588 16 1535 19 822 42 1055
1185 -5.7578136950709435 -2.5438803623277422 19.580367272617863 122 119 27 1.3717215202147954 14 1467 16 1536 10 1411 11 1443 15 547 20 399 13 245 19 827 24 347 23 467
1188 -0.19872410270208971 0.71640219873409405 6.5751521505960193 25 25 25 0.45675654290002948 12 305 16 1550
1189 -3.757318495915436 1.8334493345192615 11.911491217222743 32 32 30 1.3845572490516642 14 658 16 1557
1190 40.565847659250139 -42.668480468944963 69.992218117026539 51 56 54 0.57522659106766227 8 766 16 1561 6 744 7 997 1 732 4 932 6 946 3 945 5 849
1191 -6.7590559057819073 -4.9189411512348631 18.835922648369436 50 50 48 0.2040504965896241 14 1635 16 1591
1192 -2.3926311209843671 -2.5186994012724258 19.346622953434558 140 143 52 0.29119363042251356 6 1168 8 1219 16 1609 7 1271 19 931 4 1164 24 900 5 1121 25 820 23 699
1193 37.432350580637767 -10.908806895143538 70.616259234291363 60 64 63 1.2462389195173531 6 1185 8 1236 16 1618 7 1210 4 1181 3 1182 5 1088 9 798
1194 -1.2415300139262984 0.175626636419872 11.353882255218029 26 26 24 0.14858402879212512 12 1538 16 1622
1195 -3.8068745833652753 -3.3921584813568959 18.697292998467109 133 136 49 0.64704157088389647 14 1698 16 1658 10 1826 26 1076
1196 -3.8068745833652753 -3.3921584813568959 18.697292998467109 133 136 49 0.64704157088389647 14 1699 16 1659 10 1827 26 1077
1198 39.416067499529539 -10.578908219214112 70.499811898634931 40 45 42 1.2674875795646354 6 1186 8 1237 16 1668 11 1841 7 1336 17 1314 13 1241 4 1210 3 1183 3 1219 5 1129 44 1146 2 1394 38 973
1199 7.0694866051872527 -1.3168624115529963 19.459662267941258 48 48 46 1.7422780206620498 12 1476 16 1671 11 1477 17 984 20 968 19 834 22 640 21 752 26 964 25 635 13 1003 23 587
1200 -2.1594334261979378 -11.622583879818878 22.84045297100619 81 73 52 1.6662029388853086 12 1546 16 1677
1202 -4.946731964312038 -6.3755493926709175 21.118594311751014 27 31 27 2.1814626981195473 12 1567 16 1694
1203 6.5025621703696324 -5.6726456698417129 19.670034779582231 44 45 39 1.1227832977494778 12 1611 16 1700 7 1311
1204 -3.9734309196429698 -5.1162072869118553 18.950949891193076 203 215 108 0.61392990192680985 12 1573 16 1701
1205 7.2221912941893551 -2.939377026337588 19.052619526434487 137 133 130 0.80258497967615594 14 1738 16 1709 15 2010 10 1863 11 1844 17 1318 18 1157 20 1303 13 1246 19 1058 1 1222 6 1238 22 1065 24 1061 21 1046 26 1084 26 1138 25 871 23 813 9 964
1207 1.2602148746959383 -4.0027435719030366 18.076854972443947 101 119 33 0.74296642384741973 14 1765 16 1729 15 2058 10 1889 11 1880 17 1349 18 1190 20 1341 13 1274 19 1053 22 1059 24 1090 26 1131 25 913 9 984
1209 -1.9665534208073432 -1.2602847523391967 20.123387176345016 15 52 18 0.85226870256398191 8 1295 16 1762 15 2013 15 2068 10 1898 11 1848 17 1326 18 1203 20 1351 13 1284 19 1068 1 1196 4 1233 3 1237 22 1072 42 1134 24 1098 5 1151 21 1012 43 1270 26 1146 27 1049 25 877 25 922 23 817 23 852 9 993
1210 -2.1249086146373317 -4.2919740222942186 18.447701638431788 121 130 49 1.4901497605892848 16 1766 15 2094 10 1928 11 1934 20 1395 13 1338 9 1020
1211 -6.1685026165013275 -2.3378209575198823 19.958330315083053 155 157 161 1.4840464283647257 14 1800 16 1770 15 2085 10 1922 11 1926 17 1404 18 1245 20 1400 13 1327 19 1153 22 1155 24 1142 5 238 21 1140 9 1011
1212 6.2262963220473502 -4.3997112123633384 18.10803883095301 36 84 30 1.3720743022518409 12 669 15 1163 10 924 10 1541 11 292 7 825 19 787 2 28 21 868 18 944 20 1083 24 869 13 941 17 1083 15 316 17 198 9 476
1213 -40.977699681676 -11.431680109316893 71.112227112896917 20 21 23 1.449012904306556 16 432 15 403 6 375 5 320
1214 8.0801416287537329 -1.3771924657117751 20.199316574347566 38 40 37 0.84386867601787818 12 1199 16 481
1215 6.659305325347499 -1.1098870153346976 20.15954865659722 87 106 52 0.16531351683129628 4 692 5 635 2 508 14 481 15 691 16 540
1218 -6.6413542537206194 3.0217273180839919 19.020025602479947 44 44 42 1.0180626670034112 6 734 16 611
1219 61.348051963795371 -36.655350486051233 84.597765333690063 113 116 116 0.79263180747572592 6 1267 14 53 16 710 1 1249
1220 -4.3860536594023989 -5.0507858275749644 18.880859888834003 210 221 103 1.1368448088191543 14 1191 16 728 20 1058 19 773 24 843
1221 3.4394247334475141 -2.9789576707885237 19.436648440063067 139 146 60 1.7824010550394105 14 956 16 880 20 371 19 252 3 615 8 616 24 332 25 246 23 210
1226 -30.286777275363853 -51.643669567345142 99.71008777369299 103 105 102 0.82258992136334241 12 31 14 20 15 20 10 842 17 51 13 24 19 394 34 42 40 26 33 25 48 22 11 28
1227 40.712243771061637 -43.264422248353206 81.264605498495371 115 146 142 0.85703698547583518 12 21 15 24 14 743
1228 -30.842657824729329 -51.982767338839786 103.07755295500932 25 27 24 0.88939097926495592 12 610 14 755 16 1072 15 31 10 1240 11 35 7 443 20 49 13 403 19 576
1230 -42.973468602773991 -36.211994084423559 75.058322570654141 49 53 54 1.2732319698024879 16 41 15 35 10 856 11 990 17 80 18 79 20 65 22 63 24 54 43 44 41 44 34 54 44 56 40 35 33 31 45 32 47 43 46 36 48 31 39 42 32 65 35 21 36 34 20 59 42 44 18 75 46 35 31 24
1231 -33.017550513152266 -31.994715814529279 67.446038429882918 22 12 20 0.26353725454865179 16 43 15 39
1232 -35.272327943940716 -35.803073490864996 75.566045135327357 68 71 64 0.28485750576470398 12 42 15 40 11 50
1233 -33.029549181416513 -34.959204965489874 75.753700962343956 68 71 70 0.23388847216004166 16 46 15 44 10 28 11 54 20 71 24 61 40 39
1234 -32.090004435604484 -35.34746037863399 76.59663005644839 72 76 75 0.35968926242386684 12 43 14 41 16 47 15 46 10 29 11 1002 17 86 18 89 20 72 13 411 22 64 42 56 24 62 43 51 41 48 21 80 26 77 27 43 25 51 34 65 44 66 23 37 40 40 33 39 45 39 47 50 46 45 38 46 37 44 48 43 28 74 39 51 32 76 35 26 36 38 31 31 29 72
1235 -37.385254609908451 -31.050844427883568 68.341258650169152 51 55 61 0.31827552011624349 6 155 8 159 15 51 11 62 17 97 1 149 4 152 3 557 22 70 41 56 21 89 40 48 38 50 37 51 48 46
1236 -33.254730185573258 -32.795873019980995 72.27636193103379 34 36 31 0.55723862274420988 12 48 14 45 16 48 15 52 10 32 11 61 18 95 36 42
1237 -33.530084812617609 -33.616977983649456 74.060006297507002 55 57 54 0.39038054641270126 12 52 14 46 15 53 10 33 9 33 29 81 13 42
1238 -33.647373268744964 -32.087280599772079 70.869276182539892 61 60 59 0.95104553694086091 12 45 15 55 11 63 25 53 29 83
1239 -34.386636849688131 -31.885463503713677 71.725576555738243 40 45 41 0.18022083457178059 16 51 15 57 10 34
1241 -10.798956641988486 -17.373747814819154 39.700796155316802 61 61 59 1.4491056525500035 16 45 15 61
1242 41.2960294618793 -33.351075963756088 76.01096955025362 113 122 121 0.19417519170760186 8 188 15 70 5 148
1243 41.342123607451818 -27.568297770492233 74.813492190953681 93 102 99 0.089453135580772558 12 175 15 111
1245 27.930211417672236 -16.5230541084943 52.553562808992893 93 97 97 2.6348605998112422 6 250 15 122
1246 -41.301173815344796 -20.94875248201113 72.742239242037499 46 47 46 1.8856058650104224 6 701 15 124 17 150 31 841 15 128
1247 -9.6783740562241647 -8.089108699949854 29.089901272337279 48 47 39 0.75060991806673227 6 207 15 138
1248 -35.342092252161571 -22.278338935201386 80.583774281892559 57 57 55 2.3221036790865011 6 328 15 140 8 730 20 675
1249 -4.242478329017322 -5.2711936633997416 19.195082718193788 38 92 0 0.74213056308920666 14 88 15 152 10 53 11 196 17 702 18 598 20 684 13 462 22 549 42 593 24 562 21 125 26 123 25 446 23 415
1250 -4.5009825244317003 -4.9989160174942606 18.653687984419825 211 227 116 1.7859010589722173 12 642 15 162 10 1511 24 842 25 859 26 1069
1251 -0.056341068087111236 -5.1351954487620439 18.91015065918462 66 99 31 0.24766240921447777 14 93 15 182 11 214
1252 0.5578709748401165 -5.1829884840261444 18.975374616112827 78 107 42 1.2828862115257382 14 795 15 184 10 63 11 184 11 216 13 90
1253 20.255261626203328 -8.2760981357593888 34.495983454814137 0 0 0 0.3756908493352803 12 289 14 258
1254 7.3867932363520072 -5.2185880699970184 19.443590407458718 162 164 163 0.26893429414606274 14 107 15 208 11 219 20 162
1255 -6.8302311260675355 -4.7522340439481194 18.68158150827044 189 190 194 0.58502545493651892 12 652 15 215 10 912 11 1070
1256 -4.6512435629850932 -4.6503963555353858 18.266070929925743 48 96 34 0.28829341511956286 16 86 15 223 11 262
1257 53.690216692570417 -21.780698460338723 85.79061787384147 90 96 92 0.70737201232548619 12 356 14 279 16 856 15 238 10 217 7 323 13 77 1 336 4 315 3 297 5 292 9 644
1258 -4.2621951653089809 -4.5132108174034125 18.135982623761862 20 76 16 0.60822874263651938 14 120 15 249 10 104
1259 0.67052467197699095 -4.7272068776102909 18.631310933355113 49 105 34 1.5108023405182933 14 118 15 250 13 728
1260 1.055624098864369 -4.5839309242040711 18.159611601719533 55 101 28 0.26801271001116478 14 119 15 254 11 264 24 153
1261 -3.4486741720873648 -4.4222885973620638 17.930078160700962 33 90 10 1.2635393771779009 12 117 15 256 10 115 2 930
1264 39.032006167716155 -20.373476230158929 83.78362543114666 71 71 69 1.4052493568389677 6 344 15 266 8 733 11 220 18 163 1 348 3 914 8 934 24 834 18 775 21 116
1265 -1.4260348130508822 -4.4865532406257307 18.146467580374111 39 94 16 2.0803191195251332 12 661 15 267 10 918 10 125 18 610 24 575 2 30
1266 5.0816597632210838 -4.6046147010680487 18.34963726512299 160 208 104 0.38941304063723309 14 141 15 271 10 134 11 1071 22 154 23 65
1267 2.1639743128255535 -4.4883419187095956 18.091811079387529 48 93 40 0.8627403268188818 12 124 15 278 11 278 7 42 26 777
1269 4.9039919647637937 -4.4112630832838873 18.109931006556607 52 100 45 1.0544390488119653 12 138 7 823 26 570 2 27 13 738 15 303 18 940 22 855 23 668 25 721 11 1085 10 161
1270 6.0206279836574339 -4.394635687809326 18.099171098643851 58 105 56 1.0687550863457782 12 142 15 310 11 290 7 471 13 940 26 166
1271 5.3683741642297633 -4.3377746298925048 18.029606179637696 94 135 77 0.77714531998790937 14 162 15 313 2 34
1272 6.279132578628813 -4.2841958421302202 17.919530570007684 50 92 47 0.579783037877041 7 54 2 29 26 793 9 657
1273 5.1835114809834568 -3.936234851374127 18.199796703113993 98 113 23 0.37643098438696071 12 213 14 875 15 375
1274 -6.420963517948409 -3.9241295613744369 19.518530757020294 150 156 172 0.16530107058926125 12 253 15 381 10 256 16 215 7 193 1 115 8 130 4 123 3 116 5 126
1276 -6.3320115850112071 -3.8403405716190568 19.705086702925513 5 9 10 0.5211739125845708 8 527 15 391 11 1144 17 286 25 177
1277 -6.5171640938168229 -3.7290796559683446 19.56712831334217 6 7 9 1.1123798076777918 12 267 15 394 10 273 11 342 13 513 14 1440
1279 39.556495650086966 -13.269823542663261 74.919751869244934 32 38 38 0.55362488156605316 16 422 15 401 10 1056 19 443 1 363 5 313
1282 0.97371989758913591 -3.3767683390624699 18.549409566959838 104 114 25 0.046964791777510617 15 413 19 191
1283 -6.7607906573703671 -3.4822496218710088 20.028874771123558 164 172 183 0.24801426175169761 12 781 15 414 11 368 7 592 8 592 6 608 1 583 4 576 3 594 5 545 2 732
1285 -3.3449931650180735 -3.1397800130392683 18.836061020566248 134 146 71 0.82868986433963232 12 296 15 446 10 1027 11 400 20 320 13 539 1 143 3 143 42 216 43 206 2 687
1286 -3.2099867732869987 -3.1591117782266869 18.866999677379088 129 145 80 0.27445509347609043 12 297 15 447 1 144 21 284 2 688
1287 39.265852691168469 -10.467642797819114 70.321039904749185 36 40 39 0.71782177365773159 6 372 15 463 17 259 18 256 20 275 19 132 1 366 4 344 3 329 22 235 42 198 21 252 27 173 34 246 44 155 37 129 48 137 29 154
1288 -3.1232775222314615 -3.0916325042091968 18.992206729130945 134 141 64 0.13420889493318147 16 314 15 467 5 158
1289 2.9490956354540505 -3.1304682128307038 18.878949195401763 136 147 55 2.035008453313973 12 787 15 471 10 1050 2 675 13 153 26 260
1290 -6.8879515482318237 -3.2001259038763639 20.267138266063025 180 184 193 0.28559905257153434 16 354 15 472
1291 40.720357155708477 -9.5896634853181073 68.632924705246879 54 59 57 1.0190077829901785 8 369 15 482 6 376 11 360 17 733 18 627 20 717 3 331 42 229 24 259 5 319 21 264 25 195 23 166 40 153 46 135 28 172 36 152 30 129
1292 -33.030681484130469 -6.8312350229232592 51.461192594277364 11 13 10 0.65856514420006917 14 1001 13 538 9 565
1293 1.8509455986356296 -2.9483897132056041 19.122753267006185 94 120 23 1.0528816017654767 8 197 15 491 1 180
1294 1.863186435442834 -2.9538669442725709 19.134372945724333 94 120 23 1.331385164836457 8 198 15 492 1 181 26 291
1295 -5.4575028960448817 -2.8391709147266848 19.129058202362813 196 207 108 0.077508642124422419 12 347 15 503 2 308
1297 2.738962901091627 -2.7286296256810476 18.960261698114849 139 145 57 1.2203445385261493 14 969 16 901 15 520 21 336
1298 4.4344280001160081 -2.6849743965693516 19.071010148761211 136 148 58 0.21360300896337603 6 640 15 532 2 766
1299 29.81015139605206 -7.6559413534066385 67.262308418859902 32 34 31 0.96596579355582113 16 478 15 539 18 310 19 219 24 322 21 325 34 303 47 212 46 165 32 182 29 168
1300 4.6464904754982159 -2.6376156138970885 19.103537381811673 141 147 59 0.59069936207206075 16 914 15 541 25 278
1301 2.3620948348738029 -2.4807449100453351 19.143610013476643 142 151 62 1.2403333464729402 14 982 11 1220 16 921 19 276
1302 4.4541800608959745 -2.5687389710839716 19.216617879327291 135 145 56 1.1799572672484293 6 647 15 555 2 772
1303 14.87344321748947 -3.7117161258712414 30.86665984708274 60 62 61 2.1763510124907861 12 903 15 559
1304 31.197790287961897 -6.7493591008054974 65.172482550540607 61 63 58 0.28959975291552847 16 522 15 570 10 471
1305 -2.6437199696465368 -2.3747231187479438 19.430466504656341 61 71 1 0.37682734969647674 12 863 15 576 10 1117 11 506 7 662 17 394 19 510 4 631 26 332 27 291 2 792
1306 3.0294486488831756 -2.3426183390578443 19.310337583118752 134 140 50 0.58401234977635552 6 654 8 641 15 583 10 431 3 640 5 580 2 786
1307 37.091794074456494 -6.0900931901091431 64.604423612123554 23 23 21 1.7572368639993092 12 471 16 542 15 586 10 493 7 401 20 397 20 400 19 258
1308 1.8407950870965897 -2.2828774733665047 19.399039571665245 137 144 54 0.64171174782409279 6 660 8 648 15 587 10 437 4 636
1310 4.184371114697627 -2.1496244499334276 18.542458023271834 141 151 62 1.522507136083908 15 591 7 658 11 518
1311 1.9819510207141919 -2.1692140582637069 19.522330127227626 139 148 55 0.85398531724266613 16 945 15 593 10 1126
1312 2.6972833008734729 -2.1071330092538831 19.669242376540318 140 151 57 1.7294456541738752 6 668 14 1003 15 596 10 463
1315 5.5134325117261129 -2.0264904963665109 19.544852219345007 94 130 32 0.74595171676296235 6 672 15 607 11 1228 7 939 18 360 1 850 4 860 3 655 3 885 5 805 2 1053
1316 1.679391993296466 -1.9327672957104145 19.648713599041358 129 139 45 0.26431974061171742 12 887 15 610 7 694
1317 1.6727985613210872 -1.9311068984393642 19.640243504189414 129 139 45 0.53624490651356693 12 888 15 611 10 479 7 695
1318 -36.963143426804969 -3.6373598390592203 60.766254882916456 17 17 16 0.56268878573397862 6 730 14 482 15 614
1319 2.2412012692992369 -1.7669463626643009 19.768193262324338 128 140 46 0.3504178768604696 16 971 15 620 1 858 25 296 2 1060
1320 -3.3583806065499058 -1.6013369825959385 19.961241497405872 103 121 39 0.018977104771379906 8 293 15 625
1321 34.215438353360398 -2.9351848722324436 59.349943664747101 17 17 15 0.85558659633855838 14 1074 16 1022 15 632 10 1451 7 405 20 434 19 682 5 340
1322 34.66418174339735 -2.9454584570848596 59.178037329258956 19 18 16 0.68820356560315243 6 729 15 634 10 1163 20 431 3 358
1323 0.62001875137584306 -1.510865372866351 19.987269358497961 101 124 34 0.61143865127999386 6 282 15 635 4 672 3 681
1324 2.6267752900882955 -1.3303095658199404 20.068377167782387 93 127 47 1.0793340906868334 16 479 18 385 8 917 1 870 3 901 2 479 8 304
1325 -5.6425109760938845 -1.3062576533457679 20.279163117224531 123 149 106 0.66122660526426014 16 484 15 655 10 1152 7 731 1 674 3 704 6 316 1 325 5 647
1326 -5.274388654753599 -1.3100300744852176 20.275647581928045 88 115 60 0.23479639654419701 16 485 15 657 10 536 7 729 1 671 6 704
1327 -2.8897186698019177 -1.2968809811735191 20.249654724845026 92 119 69 0.25680683652794561 6 310 8 321 15 660 10 543 2 886
1328 -2.8897186698019177 -1.2968809811735191 20.249654724845026 92 119 69 0.25680683652794561 6 311 8 322 15 661 10 544 2 887
1331 -0.15303030517851446 -1.2595756714162141 20.145735794189946 69 92 53 0.37227068093384225 16 510 15 667 10 557 13 334 26 417 2 877
1333 -1.6078449630982534 -1.231019278877088 20.261983338317837 21 51 10 0.35525816924818204 12 945 15 681 10 567
1334 4.1072713849269755 -1.1928174445544293 20.176746004762862 90 116 62 0.1648346392831902 16 520 15 684 4 686 2 873
1335 4.1072713849269755 -1.1928174445544293 20.176746004762862 90 116 62 0.1648346392831902 16 521 15 685 4 687 2 874
1336 6.1569409856844537 -1.1214360579438287 20.160917253819871 83 109 62 0.38470578575004 16 537 15 687 7 733 1 320 5 632
1338 -33.926244993078605 -0.92757616117948871 55.856254156012263 84 84 83 0.54340097939376653 12 494 14 493 16 1024 15 692 10 1173 11 580
1339 6.2609169696498173 -1.0589300508854624 20.30417891331652 12 39 2 0.056706205229262951 12 1222 15 693
1340 -36.844818342539163 -0.76551705135936177 60.264555133812827 9 9 9 1.9797897885850695 12 496 15 695 13 626
1341 30.2177419313794 -0.62517876186116927 54.546706818520327 77 77 73 0.88049922687486359 8 399 15 696 6 419 10 1174 4 381 9 373 2 534
1342 -18.294090321302729 0.95695221438545564 52.764762002484325 45 44 42 0.20674929246723037 12 501 14 495 15 702
1343 32.973064530328024 0.86779366908281941 57.01068239508691 20 19 16 2.0757334871735749 8 407 16 572 3 372 9 404 15 705
1344 -15.330935217321398 1.0070113455551792 51.218379298556087 46 45 43 0.64151989079388494 12 504 15 706 43 852
1345 31.143713410743278 1.2480797478611683 53.539121168088869 66 66 64 1.3832863103515178 8 411 15 707 10 594 7 415 20 477 20 482 13 835 19 326 5 360
1346 31.143713410743278 1.2480797478611683 53.539121168088869 66 66 64 1.3832863103515178 8 412 15 708 10 595 7 416 20 478 20 483 13 836 19 327 5 361
1350 31.556695380794189 3.249385169467446 50.41788680508629 20 17 16 0.35673401377168545 12 518 14 511 16 581 15 723 10 603 7 763 17 474 19 338
1351 29.666723695807235 3.2058916146122232 48.098121102085287 82 82 80 1.7587470574750539 12 963 14 512 16 582 15 724 16 583 19 337 5 677 21 652 40 263 45 285 48 591 31 478 29 452
1352 33.953243262261452 3.865441651732247 50.618968284675333 72 71 69 0.68905056117574237 12 964 14 514 16 1035 15 728 11 617 7 767 17 482 13 846
1353 31.672209026880733 3.8127704690602959 48.815386749035412 86 82 81 1.2409143601730726 12 520 14 515 15 729 10 608 7 427 24 782
1354 32.736007626970363 3.960291255833928 49.862989264502694 91 88 89 0.65155564440509639 12 966 14 1086 16 1036 15 730 10 1183 11 620 7 994 17 855 20 510 19 344
1356 2.4140639526930228 -0.357091112065757 8.8625050680535793 10 6 3 2.1577668164416584 14 448 15 739
1357 -16.322412864089682 4.9827570001846526 48.325202444546903 28 27 26 0.70646021253653868 16 587 15 753 11 663 22 434
1358 -22.930155333476101 4.9766753246439528 47.783430217833811 14 13 11 0.22615953477405559 12 525 15 755 10 619
1359 -18.176236040440745 5.056444425750918 47.770297598872141 18 17 15 0.25454670041347183 12 528 14 520 15 757
1360 -16.770396334531473 5.0083134643809224 46.989942298880131 17 16 14 0.43943324748551282 12 529 14 521 16 588 15 758 11 669
1363 -16.145966184624502 6.565692441492784 45.593530298927945 64 63 61 0.47280374545249315 12 537 14 529 16 596 15 768 10 635 11 697 17 521 20 533
1364 -15.65186476446223 6.6166020334371964 45.75700985837905 65 64 62 0.65031166250273853 12 976 14 530 16 1040 15 769 10 639 11 699 17 522 18 460 20 535 13 366 22 454 42 430 24 462 21 486 26 475 27 436 25 382 34 478 44 368 23 356 33 371 45 356 46 290 40 316 38 324 48 288 28 327 35 292 36 331 31 275 29 244 41 400
1367 -14.558618974500034 6.6484320150136575 45.720293035824945 68 67 65 0.74287728673427544 14 1089 16 1041 15 772 10 1189 11 1293 17 525 18 463 20 537 13 639 22 459 42 432 24 465 21 488 26 723 27 438 25 386 44 370 23 359 33 374 45 359 47 363 40 310 38 325 37 292 48 291 28 330 39 273 32 302 32 311 35 294 36 334 31 276
1368 -3.1056452708678619 1.1297373268195912 14.873230735420734 63 62 60 1.5402226964552859 12 503 15 774
1370 -14.820903457440789 6.7238208410470621 45.374461767603655 30 29 27 0.75476032505503476 12 546 14 540 16 598 15 780 10 647 17 539 18 478 20 543 22 470
1371 -14.666326658028682 6.7943221730002294 45.652602491396664 24 23 21 0.70953230843203896 14 542 16 599 15 782 17 540 22 475 39 285 29 254
1372 -18.479747283913127 6.8762809644309444 45.155595000511646 49 48 46 0.34929375290483095 12 551 15 789 10 652 29 257
1373 -16.833119581763167 6.9297624506752431 45.090592021816846 54 53 51 0.42317478801559993 12 554 15 790 10 653 11 721 20 560
1374 -26.616970928600136 7.1401886043689879 45.528481721972533 40 40 38 0.77644555321845676 12 556 15 792 10 656 11 726
1376 -23.721014324982161 7.2324447472424147 45.439984728311885 42 42 40 0.55731666120574042 14 551 16 1047 15 795 10 661 17 554 20 563 22 481 24 489
1377 -21.600776443483745 7.2456965479634379 45.258330610528112 43 43 41 1.0440877241067172 14 1093 16 1048 15 799 10 1193 11 730 17 879 18 492 22 484 17 559 44 384 46 307
1378 -21.089768904370015 7.2202496076097891 45.056970686536197 50 50 48 0.41692613741747814 14 553 16 606 15 800 12 981 10 668 17 560
1380 -20.629090061853855 7.3077908715059383 45.401715494186071 43 43 41 0.55736693012160887 14 555 16 608 15 802 10 670 11 731 17 561
1381 -19.938010744354749 7.2601268092896536 45.042778833459018 52 52 50 0.44604206812083402 16 609 15 807 10 673 11 732 17 562 18 495 20 566 33 387 32 319 35 306
1382 -18.969281531872237 7.3697670315809987 45.40443270548203 56 55 53 1.4593307177737893 14 1096 16 612 15 809 10 675 11 736 17 564 32 320 18 502 27 456 29 260 29 470
1386 -14.259037438591546 7.2844848438319696 44.178064852163438 17 17 17 0.28223797654266553 14 572 16 620 15 824
1387 -20.692691244500743 7.6919941649679968 44.499603754989195 53 49 48 0.5730721322029565 14 1102 16 627 15 837 10 691 11 760 17 587 18 509 20 573 47 383 36 344 37 306 41 415
1388 20.386723147971562 8.2677458064834912 43.544629677844391 36 32 31 0.45370908837329144 14 611 15 868
1389 22.642855394600755 8.7817179311012659 44.280441939847073 29 28 26 0.6993245408243578 14 639 15 899
1392 23.030820567183994 8.9648280836683831 43.632153185034419 38 34 32 0.47432443865933988 14 671 15 938
1393 -2.6334730796574828 1.0709483483404101 11.178774913005315 28 24 23 1.2381990752417755 8 526 15 988
1403 -31.058537916245808 -52.043949899565547 102.35588225408515 104 106 103 0.53258685745892154 12 609 14 754 16 688 15 1040 10 850 11 980 7 19 17 56 18 60 20 48 13 401 19 395 22 54 42 38 24 46 43 549 41 39 21 60 27 37 25 42 34 618 44 48 40 32 23 33 33 30 45 511 47 530 46 32 38 33 37 31 48 28 28 62 39 37 32 51 35 18 36 26 31 18 30 27
1404 -34.532332159291265 -33.218760747489526 67.975085666189884 14 18 21 0.52254855720357507 12 37 14 31 16 38 15 1046 10 853 11 986 17 74 18 554 20 62 13 407 19 402 32 60 29 63
1406 -32.742635417376015 -37.249298184005205 77.85383320303238 92 96 97 0.3596730663412 12 1012 14 1159 16 694 15 1050 10 1246 11 991 7 787 17 655 18 555 20 627 13 677 19 406 22 535 42 46 24 57 43 557 41 548 21 540 26 743 34 58 44 517 23 35 33 32 47 44 46 38 38 494 37 38 48 35 28 392 9 622 32 463 31 397 29 375
1407 -32.58660310961011 -36.211144632286022 76.432694990130557 74 78 79 0.39874133317434945 12 617 14 759 16 695 15 1053 10 858 11 994 17 657 18 558 20 630 13 36 19 407 22 536 26 73 25 428 34 631 33 503 45 521 47 537 48 483 39 434 36 504 31 398
1408 55.239634977240051 -46.93590082001932 94.327033478363433 116 117 112 0.43469804118806926 12 614 14 760 15 1056 10 859 11 43 17 58 18 66 20 57 9 414
1410 -31.618188897642135 -35.889559921854918 78.459057788682173 45 49 48 0.42814229783629848 12 49 14 764 16 701 15 1061 10 863 11 1003 17 90 20 76 13 413 19 33 41 51 21 85 45 43 47 58 46 50
1412 -32.444767571675349 -36.100112580951993 79.990349467890283 112 116 115 0.98777613693752819 12 625 14 1169 15 1064 10 1256 11 1007 20 641 47 544 38 500 9 430 19 32
1413 -32.965145948622926 -31.369917470250517 70.012847975212054 40 39 37 0.45462239680278865 12 621 14 766 16 50 15 1065 10 864 11 1009 17 103 18 97 20 78 13 416 19 39 41 555 21 91 40 443 47 64 48 49 28 80 9 432 32 81 29 383
1414 50.045734013978127 -40.999235584580148 86.3246427260232 115 115 113 1.458043382214536 12 618 14 1165 16 696 15 1066 10 1254 11 995 17 68 18 80 20 636 13 30 19 401 26 82 34 68 45 49 17 67 21 84 26 81 47 65 38 42 9 418 29 382
1415 49.079626352913479 -40.284392445322766 84.800417865977309 115 115 113 0.68217495031508024 12 619 14 1166 16 697 15 1067 10 1255 11 996 17 69 18 81 20 635 13 29 19 400 26 83 34 69 45 50 38 43 9 419 29 381
1416 -31.642106839759446 -34.444347579437888 77.833126541782164 53 57 58 0.95640769020592387 12 627 14 1171 16 704 15 1070 10 1257 17 664 11 71 20 81 13 418 19 588 48 55
1417 -32.88948356283656 -34.631694673569804 79.972125508055342 63 65 64 1.1270514637305789 12 628 15 1072 18 109 11 80 34 84 44 79 31 41
1418 -32.389568913739716 -29.379976909487112 68.328442931458213 56 55 55 0.31775701215150703 14 770 16 706 15 1073 10 868 11 1013 17 669 18 569 20 648 13 421 24 544 44 524 38 507 9 44
1419 -32.469109124747398 -29.025100902112946 68.921868192703698 36 36 34 0.18702055081977648 12 633 15 1077 10 1261 11 1015 29 98
1420 -32.901307042554741 -29.302841647954985 71.269338891472202 15 19 18 0.59767083987356751 12 1027 14 776 16 1084 15 1081 10 1263 11 98 13 54 19 417 29 105
1422 -3.4699218037294171 -5.5835571448309631 19.73746300012504 207 222 124 1.8451528687536218 12 71 15 1103 10 51 22 119 42 96 26 113 26 114
1423 -4.6921285083330462 -5.3376110573979183 19.267366165592662 24 94 8 0.85457667485497879 14 84 15 1107 10 1273 11 174 20 910 17 936 18 782 13 459 22 715 24 734 21 711 26 758 25 592 23 548
1424 1.6842077733268839 -10.213232958053263 37.383568361730134 195 211 120 0.70825381257095088 8 267 15 1115 4 245
1425 6.2635005087661177 -5.1640328023864077 19.109038673491487 153 195 80 0.44437690427405929 14 99 15 1126 19 428 26 138
1426 -6.3240163512075931 -4.9107211050191699 18.938757784332442 191 195 198 0.68498106106049095 16 85 15 1127 10 77
1427 -4.2553932193727295 -4.8225861243128989 18.489151863312284 111 137 38 0.31769425704176085 14 95 15 1130 10 902 11 246 17 192 18 203 20 170 13 478 19 76 22 137 24 568 21 137 26 141 25 451
1428 -6.445417094162087 -4.8855718578095511 18.916390253288384 190 193 197 0.38422097330779836 14 104 15 1131 10 907
1431 5.6409504957323655 -4.8220749475805134 18.718734744800017 83 130 39 1.6352841707936641 14 807 15 1140 17 186 18 201 22 142 24 146 21 145 25 89
1432 6.9440273737904361 -4.3354216422974048 18.159258207396281 46 79 40 0.51813566964210345 14 174 15 1166 10 173 11 1086 20 189 19 80
1433 7.3000662362302018 -4.3395040004711216 18.321214704258065 144 144 144 1.2664045218880791 12 163 14 179 15 1167 10 932 11 1088 17 715 18 612 20 918 13 107 19 619 21 715 26 573 23 553 9 156
1434 -45.542920818124806 -16.065203959390185 77.795609368762385 32 34 33 1.0832014728679928 6 914 8 944 15 1168 11 1396 17 713 4 716 43 113 41 133 33 115 45 110 46 106 48 110 39 110
1435 0.28995832917323311 -4.1644594027155266 18.280977712520233 133 143 57 1.5797710022933302 8 463 15 1171 10 181 20 197
1436 5.1389332895410735 -4.0896171075789951 18.076358879665982 135 154 62 0.46304288646412367 14 857 15 1180 21 206 26 185 25 129 23 101
1438 0.72677461858344239 -3.8225162868508602 18.020783918488963 123 142 53 0.31649206162755406 14 877 15 1196
1439 0.72020221804981921 -3.9041915432956347 18.412627785759629 123 142 53 0.85305796391485778 6 774 8 797 14 878 15 1197 7 854 20 237 2 961
1443 -3.3704723469399216 -3.6513075136529043 18.58431056994673 126 136 62 0.26187858684963139 16 217 15 1223 11 338 2 625
1444 4.933333461755284 -3.7013432242861124 18.356877707576835 130 139 50 0.34885487111949914 14 1232 15 1224 20 266
1445 4.933333461755284 -3.7013432242861124 18.356877707576835 130 139 50 0.34885487111949914 14 1233 15 1225 20 267
1446 0.98489461166588843 -3.5454791351404529 18.738662532675747 141 151 62 1.7193908381805176 15 1233 19 182 4 793 24 251 19 167 2 987
1449 4.008028931814545 -3.1608270545672834 18.625068977399803 138 147 58 1.2244002097984035 16 852 15 1257 18 283 22 272
1451 33.232920595693045 -9.7889133893415075 69.806054664146004 37 39 36 1.9438579705376215 6 378 15 1276 11 1157 17 281 3 333 22 246 40 497 47 180 37 134 22 239 47 176 32 514 35 145 35 137 36 156
1456 -3.684322414011056 -2.638069345967812 19.090950194964289 118 127 44 1.0864493765589254 16 908 15 1296 27 276
1457 35.560965291078269 -6.7704936754210872 64.152605684402772 78 79 81 1.5290273866773694 6 402 15 1300 18 319 1 382 3 348
1458 -2.5734259787583018 -2.2727272005995198 19.494982402485483 132 136 57 0.93349718379720981 16 1415 15 1308 10 1593 11 1227 13 800 3 1011 22 624 42 660 21 621 27 733
1459 1.3045303966554773 -1.4301938475542522 20.123853722759197 77 112 27 0.49155425172195333 12 921 15 1329 10 528 7 718 13 275 26 373 2 854
1461 2.4815178351571339 -1.3787705788218727 20.318541313610922 81 119 30 1.1073949526801083 14 1054 19 314 4 884 23 277 15 1339 20 448 26 380 13 594
1463 3.4214733779415405 -1.3432874367508716 20.035522024475082 91 132 41 0.63685730121407769 3 272 5 942 2 859 12 927 21 386 15 1344 20 449 24 376
1469 4.1448344867930986 -1.1228842256607476 20.199263648635728 25 53 15 0.75742802711832546 14 1069 15 1364 10 575 11 571 7 983 17 441 24 389 25 321 2 1088
1471 -33.831957045379767 -0.79745617004989555 56.08083856559616 3 3 3 0.20044796774801052 12 1227 14 1346 16 1274 15 1367 10 1456 7 1219
1472 37.318531388754096 -1.0343659938950078 56.715061584004467 39 35 31 0.71887791043210081 6 731 8 754 15 1368 17 822 18 396 1 401 4 379 3 741 26 440
1473 -15.271320472018374 1.0309662306258696 53.244641233898967 44 44 42 0.70904583523613174 12 1229 14 1348 16 1276 15 1371 10 1175 17 841 18 711 20 823 13 359 19 542 22 650 24 670 21 646 41 663 34 746 33 639 45 611 47 649 40 539 48 580 31 467 29 448
1474 -16.56821864782026 2.2991782797547713 51.701102804450286 52 51 49 0.51255411539776263 12 958 16 1029 15 1375 11 1264 17 850 18 714 13 629 22 653 42 707 24 673 21 408 25 548 41 349 34 441 44 630 23 509 45 615 47 652 46 565 40 547 37 551 48 584 35 545 36 599 31 471
1475 23.903504740184655 2.9914340667367836 50.102812482317724 10 10 5 1.0749098493980576 12 517 16 1031 15 1376 21 414 25 335 48 239 28 287 32 236
1476 25.123057695077645 3.4401121050949013 50.272583448155373 11 10 8 0.71779281720616162 14 1083 16 1033 15 1378 10 605 11 1267 7 764 17 851 18 715 20 832 19 549 22 399 42 381 43 363 21 418 26 460 27 384 25 551 34 442 44 310 23 298 40 266 33 340 46 224 38 261 39 216 32 241 35 251 36 272 31 231 30 350
1477 25.123057695077645 3.4401121050949013 50.272583448155373 11 10 8 0.71779281720616162 14 1084 16 1034 15 1379 10 606 11 1268 7 765 17 852 18 716 20 833 19 550 22 400 42 382 43 364 21 419 26 461 27 385 25 552 34 443 44 311 23 299 40 267 33 341 46 225 38 262 39 217 32 242 35 252 36 273 31 232 30 351
1478 33.463018963312095 3.9668443896225019 50.408902684073112 11 10 9 0.46927651530920333 12 965 14 1357 16 1291 15 1380 10 1465 11 1269 7 995 17 854 13 630
1483 -16.778543240207181 6.5741157818409564 45.860939984902821 56 55 53 0.60319949491009539 12 973 14 527 15 1400 10 1188 11 1292 18 457 20 846 22 672 42 429 24 687 26 474 27 654 25 380 34 476 44 366 45 354 47 359 46 287 40 315 38 322 37 290 48 286 39 270 32 299 35 290 36 329 31 272
1485 -13.849195825503395 6.5601363965812585 45.169611617111293 62 61 59 0.58964601837875885 14 1090 16 1042 15 1402 10 1190 11 702 17 526 18 464 20 847 13 640 22 457 42 433 24 466 21 490 26 477 27 439 25 385 34 481 44 371 23 361 33 375 45 360 47 364 46 292 40 311 38 321 37 293 48 292 28 331 39 274 32 304 35 295 36 335 31 277 29 246
1486 -17.284846856199412 6.7899148200612975 45.525212837842091 25 24 22 0.75715123955154651 16 600 15 1411 10 1473 17 1012 20 991 34 935 27 655 48 731 28 633
1487 -22.850741570941342 7.7174583026993249 44.833941554527229 50 49 47 0.46480117154221628 14 1101 16 1049 15 1417 10 1196 11 758 17 586 18 508 20 850
1488 -19.092084256123623 7.6934125572534775 44.220937717700572 47 46 44 0.94472457307028845 16 628 15 1419 10 1197
1489 -18.141557439643201 7.7493065956984672 44.362960418261061 57 56 54 0.82370022867993742 14 582 16 1050 15 1420 10 694 11 761 17 592 27 465 34 500 13 852 44 391 28 347 39 295 35 313 31 289 29 265 41 416
1494 39.654511772323588 -52.985349984645921 95.596003125962156 121 129 128 0.78208168138817746 12 17 14 733 16 663 15 1444 10 1222 17 898 18 739 20 865 22 681 42 747 24 698 43 750 21 677 27 674 25 576 34 811 44 676 30 638 33 494 22 40 27 31 43 32 45 669 47 706 46 23 46 613 40 587 38 650 37 606 48 646 28 48 28 539 39 24 39 574 32 443 31 527 29 498 41 702 41 29
1495 -43.645534511759756 -39.724792083595482 75.988650340017742 24 24 24 1.4107764488917816 12 593 15 1445 10 1225 11 1348 17 53 18 55 20 1009 1 778 4 480 3 502 43 905 21 52 21 797 34 965 44 679 44 837 37 607 48 755 39 29 39 578 32 615 31 640 29 599
1496 -34.159832656240965 -33.405745247381894 67.264748045483458 87 95 97 0.50870925628398311 12 998 14 1148 16 1066 15 1448 10 1236 11 1352 7 440 8 105 9 19
1497 -34.969877640761275 -34.147429604628599 68.725854544149612 87 95 97 0.55282970129512232 12 999 14 1149 16 1067 15 1449 10 1237 11 1353 17 905 18 548 20 625 13 404 22 528 42 563 24 531 21 532 44 509 47 711 46 616 28 389 32 455 31 392 29 366
1498 -36.393615253988983 -39.304612505219907 79.975238038395901 106 107 109 1.4988725835290537 12 1008 16 1075 15 1452 10 1241 11 1356 17 654 18 551 20 55 13 877 7 1163 22 59 24 50 26 66 44 53 24 48 26 65 9 20 32 57 35 20 29 367 29 369
1499 39.663854014123167 -37.021922886080858 72.080211622919606 124 157 154 0.94619128980778899 12 997 14 1151 16 1309 15 1454 10 1481 11 31 17 644 18 61 20 624 24 49 43 43 21 69 34 52
1500 39.589908020778736 -37.700966811109545 74.721262076729303 91 96 92 0.8069598813912553 12 607 15 1458 25 426 44 515 28 393
1505 -32.644780982032238 -33.244858117188201 73.865850920369809 72 74 73 0.57542453804341798 12 624 14 1168 16 702 15 1466 10 1253 11 1365 17 916 18 758 20 882 13 683 19 587 22 695 42 764 24 715 43 765 41 719 21 692 25 585 34 836 27 682 44 692 40 599 33 691 45 684 47 725 46 628 38 668 37 623 48 658 28 557 39 595 32 632 35 613 36 666 31 546 29 525
1506 -32.580558312808392 -34.206140513226366 78.329966640106548 27 29 28 0.53486595653231661 16 1082 15 1468 11 1367 17 668 18 568 20 84 26 536 34 838 44 78 28 84 32 87 29 385
1507 -32.322624318244507 -29.594307158647567 69.114111985199173 107 112 106 0.47017640188120446 12 1020 14 1172 16 1083 15 1470 10 1258 11 1368 17 919 18 570 20 649 13 685 19 590 10 1494 22 541 42 767 24 545 43 767 41 723 21 545 34 839 33 514 47 731 46 632 38 671 37 625 48 662 28 404 39 597 32 473 35 616 36 669
1508 -36.126439601981666 -29.148739458540792 69.438159922724026 19 21 18 0.90456156365569729 6 988 8 874 15 1471 8 1012 11 1016 17 114 18 114 1 831 3 867 24 82 24 821 41 69 46 62 38 61 48 780 29 387
1509 -33.660276842744672 -29.356817624285327 72.309302488947054 111 113 112 1.1888658176594404 16 1085 15 1474 11 102 17 673 18 117 15 1082 20 98 13 688 19 591 43 63 34 94 28 562 9 52
1511 1.8542375738093646 -5.3913808503203544 19.317963188389367 208 221 121 0.72677147215672344 14 1188 15 1491 10 1275 11 1374 13 697 26 759
1512 2.0202149101733178 -5.1875022856744488 18.956884639580011 207 216 121 0.95205924704500211 14 793 15 1494 10 1513 20 914 13 702 19 605 26 556
1513 0.84600477430758081 -4.7160931737516663 18.310943929132101 201 212 123 0.7542191815605116 12 650 26 561 6 456 1 443 3 422 4 414 8 446 13 718 15 1497
1514 39.867254166961047 -20.318966503647484 84.369202439196641 13 15 14 0.36079358107431575 6 908 15 1508 8 935 11 1380 8 1087 17 163 18 589 20 905 1 887 4 907 3 915 5 829 38 105 39 457 9 646
1515 4.8289363286256437 -3.6194682919762351 18.450777797830956 132 138 48 0.23247448895001063 14 1238 15 1538 11 1408 20 715 21 577 23 431
1517 -4.5806292522634555 -3.3156254947140194 18.819436019198289 128 137 54 1.2393174084398895 12 1312 15 1540 10 1351 7 1049 18 281 3 1091 24 273 26 589
1519 -33.682067954191155 -6.7704221342733204 53.29270387643713 8 9 7 0.77367799195371401 12 1200 14 1319 16 1423 15 1563 11 1431 17 967 18 813 11 1724 42 644 44 559 20 1250 10 1787 45 577 46 525 40 654 38 557 48 686 39 496 35 515 36 192 41 775
1520 -2.7434746515685058 -2.7768849184562252 19.134803766109464 140 145 55 0.32517933554105738 12 1337 15 1570 13 791 42 638 26 616
1521 -4.6387480534445942 -2.3717725201745141 19.488360713406514 53 65 3 0.48939339082961031 14 1469 15 1583 10 1416 17 795 20 770 13 584 19 677 3 1000 22 609 24 630 5 917 21 608 26 632 42 658
1522 -3.3047316943587659 -2.3682682862414048 19.458758556188258 47 69 5 0.39552975997184536 14 1310 15 1589 10 1421 17 786 18 671 20 774 3 1003 13 574 22 614 42 650 24 636 21 612 26 636 27 599 23 474
1523 -2.8821163959840361 -2.2498863314253077 19.487884850807493 133 138 53 0.8595502722059043 8 896 15 1602 10 1428 11 1458 7 1101 13 803 1 849 22 625 42 661 24 646 43 667 21 622 27 734
1524 1.7325673179202976 -1.3317922257934931 19.69132621840161 6 39 1 1.4539765242194167 8 1267 15 1623 17 826 18 701 4 1203 22 641 26 844 25 539
1525 -3.2105625023440507 -0.93823130102824681 20.820662488614467 21 21 18 2.1028195482612326 14 1504 15 1632 11 582 17 1124 20 972 24 774
1526 -18.620691084083496 1.2479237288588481 53.584464021857109 25 24 22 0.6898978783751657 16 1279 15 1634 10 1458 11 1492 17 991 18 835 19 700 4 920 22 770 42 856 27 763 44 775 33 767 45 773 38 719 37 680 28 615 39 677 36 726
1527 -16.929881572097241 1.2987901017719516 53.368397618677804 27 26 24 0.57160288126455328 12 1232 14 1350 16 1280 15 1635 17 992 18 836 20 974 19 701 25 639 41 806 34 920 44 778 33 768 45 775 37 681 28 616 39 678 35 672 29 566
1528 -14.932481618258578 1.3246080900438644 53.320536740637522 28 27 25 0.68914770855286633 16 1282 15 1637 11 1494 17 993 18 838 21 761 27 764 39 679
1529 -14.93248161825859 1.3246080900438659 53.320536740637564 28 27 25 0.68914770855285212 16 1283 15 1638 11 1495 17 994 18 839 21 762 27 765 39 680
1531 32.88677492574422 2.7159942613784676 51.06433588887824 131 127 126 1.249294638761683 12 962 14 1081 16 1284 15 1643 11 605 7 760 17 847 18 419 20 978 13 1017 1 426 5 845 1 719 21 410 26 459 38 722 40 542 42 858 43 856 44 781 45 879 34 923 41 666 37 546 33 950 39 531 35 673 36 729 29 212
1532 32.917478646360152 2.7288047928579977 51.097797555853369 131 127 126 1.3708406495912193 12 961 14 1080 16 1285 15 1644 10 1461 11 604 7 759 17 846 18 418 20 979 13 1018 19 703 1 425 5 844 1 718 21 409 26 458 34 924 42 859 41 665 43 857 44 782 40 541 45 880 47 900 46 917 33 951 38 723 37 545 39 530 35 674 36 730 29 211
1533 34.424150938925237 3.5548186171230398 51.332784334895756 24 15 14 1.0455934867809458 12 1237 14 1355 16 1287 15 1645 10 1462 11 1265 7 993 17 849 13 843 19 839 9 751 10 1621
1534 25.838530075395859 3.7252412645664386 50.699654402647845 9 9 7 0.40329894273733335 16 1288 15 1646 10 1463 7 1143 27 642 46 226 32 558
1535 25.567255062789176 3.6895532302888858 50.174310044256984 9 9 7 0.60514425590128773 12 1238 14 1085 16 1289 15 1647 10 1464 7 1144 17 853 18 844 19 343 42 712 41 671 21 654 26 706 27 643 25 554 34 753 44 632 23 514 33 646 46 227 38 268 38 597 37 552 28 513 39 537 32 559 31 480 29 453
1537 21.49624686480162 4.2031817898639838 49.913752537052922 15 14 10 0.93049060536206163 12 1240 14 1358 16 1037 15 1649 11 1270 17 858 18 719 13 632 22 401 24 681 21 429 26 708 34 445 43 367 44 319 23 516 40 269 45 294 45 298 45 624 47 304 38 270 37 227 48 247 32 248 35 255 36 276 31 236 30 364 30 362
1538 21.416037590582153 4.17854802075039 49.76255413343538 15 14 10 0.94867020239427136 12 1241 14 1359 16 1038 15 1650 11 1271 17 859 18 720 13 633 22 402 21 430 26 709 44 320 25 336 40 270 45 295 45 625 32 249 35 256 36 277 31 237 30 363
1540 -14.609513363762449 6.4246765489986624 45.940784905298841 38 37 35 0.70192214733779801 14 1360 16 1297 15 1657 10 1468 11 1509 18 849 20 984 19 707 22 777 42 869 24 787 21 769 26 719 27 773 25 644 34 931 44 794 23 602 33 773 45 786 46 700 38 736 37 691 48 724 28 625 35 687 36 745 31 613 41 812
1541 -14.601329867789035 6.4204541879336352 45.916520184623657 38 37 35 0.69148735539303186 14 1361 16 1298 15 1658 10 1469 11 1510 18 850 20 985 19 708 22 778 42 870 24 788 21 770 26 720 27 774 25 645 34 932 44 795 23 603 33 774 45 787 46 701 40 681 38 737 37 692 48 725 28 626 35 688 36 746 31 614 29 576 41 813
1542 33.599909057729612 -49.360984674679329 89.765897149884438 9 8 4 0.97289901053976058 12 589 14 1140 16 1060 15 1669 10 1223 11 1 17 1025 18 873 20 1004 19 859 22 794 42 26 42 748 42 893 24 524 24 699 22 521 43 542 43 900 41 538 41 704 21 678 27 675 25 35 34 813 44 677 44 832 30 640 30 770 23 386 45 20 47 524 47 841 46 614 46 740 40 429 38 22 38 652 37 460 48 471 28 53 28 540 39 576 32 444 36 16 36 651 36 779 31 528 31 641 29 501
1543 33.52540765885913 -49.241350405559587 89.52403533651588 9 8 4 1.0520674693601337 12 590 14 1141 16 1061 15 1670 10 1224 11 2 17 1026 18 874 20 1005 13 1045 19 860 10 1632 22 795 42 27 42 749 42 894 24 525 24 700 22 522 43 543 43 901 41 539 41 705 21 679 27 676 25 36 34 814 44 678 44 833 30 641 30 771 23 387 45 21 47 525 47 842 46 615 46 741 40 430 38 23 38 653 37 461 48 472 28 54 28 541 39 577 32 445 32 714 36 17 36 652 36 780 31 529 31 642 29 502 29 596
1544 -35.714224341709013 -38.662829736698562 77.146377022135098 27 29 28 1.1525998300591891 16 1471 15 1673 11 1529 17 651 13 1053 9 758 29 515
1545 -42.910286690428933 -36.078950289496078 73.367515798805869 48 52 53 0.86893786723558553 8 521 15 1674 11 1530 1 517 4 796 3 110 24 704 45 817 47 848 46 746 37 730 32 720
1546 -32.293912996982733 -35.409280977451786 75.941643722250873 121 125 126 0.32565691809357838 12 1259 14 1375 16 1316 15 1677 10 1487 11 1534 7 31 17 1045 18 753 20 877 20 1020 13 1061 19 736 22 690 24 709 43 916 41 715 41 845 21 687 26 746 27 794 25 582 34 831 40 594 40 714 23 536 33 686 33 811 45 825 47 851 46 753 38 663 37 735 48 654 48 769 28 553 39 590 39 715 32 627 32 728 35 610 35 718 36 790 9 821 31 542 31 651 29 520
1547 -31.877629536517688 -33.846079763254508 74.031730646285254 70 72 69 0.49960564121829443 12 1016 14 1378 16 1318 15 1681 10 1251 11 1363 17 914 18 756 20 879 22 693 42 761 24 712 43 764 41 717 21 689 27 681 25 583 34 833 34 977 21 809 25 677 20 1023 43 920 44 691 40 596 23 538 33 689 45 682 47 723 46 626 38 665 37 620 48 656 48 774 28 555 39 592 32 630 36 663 31 544 31 656 29 523
1548 -31.722405707368626 -33.671211382153707 73.634372594880304 70 72 69 0.66420626719597264 14 1379 16 1319 15 1682 12 1260 10 1252 12 1017 17 915 18 757 20 880 20 1024 13 1064 19 737 42 762 24 713 43 921 41 718 21 690 21 810 25 584 25 678 34 834 34 978 40 597 33 690 45 683 47 724 46 627 38 666 23 539 26 747 37 621 48 657 48 775 28 556 39 593 9 760 32 631 36 664 31 545 31 657 29 524
1549 -32.296423346777338 -31.239921705220663 69.582908286183525 132 132 133 0.39153897812904453 12 1261 14 1380 16 1320 15 1684 11 1539 20 1027 18 893 13 885 19 740 22 696 18 760 42 765 24 716 41 720 21 694 25 680 34 982 44 693 44 853 40 600 33 692 45 685 47 726 46 629 46 759 38 669 38 780 37 624 48 659 48 778 28 558 32 633 36 667 36 796 35 614 31 547 29 526
1551 -32.906281773780265 -29.316663491264716 70.52199504018634 113 117 116 0.31674063062261298 12 1265 14 1383 15 1686 10 1497 11 1369 17 921 18 765 20 886 13 686 19 416 22 701 42 771 24 721 43 769 41 726 21 698 34 842 44 696 40 605 33 696 45 688 47 733 46 634 38 675 37 629 48 664 28 560 39 599 32 638 35 619 36 671 31 550 29 529
1553 -34.299640600795925 -22.411577829782818 73.495813617671757 50 50 48 0.34272203513655952 8 1067 15 1700 17 928 18 774 20 895 19 754 1 1011 4 1021 3 1033 42 774 24 728 5 934 43 778 41 729 34 850 44 706 40 610 33 703 45 699 46 642 38 680 37 636 47 741 48 671 39 611 32 644 35 623 36 677 31 560
1554 -3.1363504188087852 -5.0084331571438323 18.76006416925156 211 221 107 0.15404477517145279 14 1193 15 1711 11 1555
1555 -3.1706056522773123 -5.0328293502445289 18.864789185157456 211 221 107 0.6438060102146036 14 1194 15 1712 10 1515 11 1556 17 1067 18 914 20 1059 13 913 22 832 42 779 24 844 23 639
1556 -0.37934133122909058 -4.7232805949878021 18.284483940478189 216 227 122 0.27299892465484171 12 1272 15 1713 26 560
1557 38.756035829523235 -19.709168344932671 80.712255227582531 102 106 108 1.3403192374691095 6 1124 8 1085 16 870 15 1721 14 901 10 1314 11 1378 7 1104 17 931 17 1064 18 588 20 1047 13 1079 19 597 19 756 1 1020 4 906 4 1036 3 1124 22 117 42 109 24 123 24 835 5 1031 43 81 43 788 41 569 21 117 26 549 27 74 34 654 2 1288 44 108 40 461 33 93 45 96 46 93 46 774 38 104 37 760 48 516 48 804 28 121 39 97 32 127 35 54 29 410 29 539
1558 0.18355092441156093 -4.5454360419592259 18.164094422244091 72 115 53 0.31270761868492519 14 1415 15 1724 10 1528 11 1563 17 1072 18 922 13 928 20 1069 22 843 24 853 26 774 23 657
1559 2.1744601996706656 -4.5261460270372522 18.137116266380367 65 106 46 0.31963667996100953 16 1344 15 1727 10 1529 11 1564 17 1071 18 924 20 1071 13 731 22 846 24 856 21 857 26 778 25 712 23 661 9 481
1560 4.7313173128079953 -4.4422448041378244 18.112861571842501 61 108 39 0.41172827607202078 14 1425 15 1732 10 1539 17 1080 18 939 13 737 22 854 24 865 21 866 25 720 23 667
1561 7.2417097226559104 -4.0548055914815011 17.970898087469148 195 193 191 1.255713480072691 14 865 11 1096 17 223 18 225 20 206 8 1124 4 1070 6 1144 1 1121 3 1076 22 188 24 195 5 981 21 208 25 132 2 1311
1562 -3.3633376863707833 -3.7157997428125125 18.498107515341374 130 139 51 0.18654223100406925 6 1086 8 1129 1 1052 4 1074 5 984 26 798 25 601 2 1246 15 1747
1563 -6.8471865392897069 -3.8452332901873065 20.635035738585508 19 21 20 0.72987669028524949 17 957 18 802 13 514 19 644 22 734 26 804 23 563
1564 -4.4686901870340767 -3.5610432057990193 18.662533768133709 8 44 12 0.86573917924985055 12 1455 15 1754 42 825
1565 -6.8218643246865609 -3.3235425839281367 20.680182290304074 140 145 147 1.7428946310808537 12 828 15 1757 11 1591 7 641 18 810
1567 5.1790329138498832 -1.9899548369496085 20.544480990700322 107 138 39 1.0668359135078518 12 1471 15 1788 20 961 13 808 26 827
1568 -3.4899339147010013 -1.5345992555779564 19.747592232534295 111 132 63 1.3799202770932855 16 1546 15 1793 27 747
1569 -3.3898959898662051 -1.4644543366624225 20.060373310510091 99 122 30 1.0428736170077249 14 1501 15 1794 10 1609 13 827 42 849 2 1289 27 751
1571 -19.090299438390808 1.2141950604358083 53.138296086321454 26 25 23 0.36577986449315003 8 1100 15 1799 10 1614 11 1617 4 1053 3 1055 46 687 37 678 39 676
1572 25.983955989881562 4.1131501402986981 49.452064310764591 12 11 7 0.92337131585905907 16 1555 15 1803 10 1723 11 1623 7 1145 17 1133 18 985 13 1127 24 783 21 657 22 403 26 853 27 770 25 337 44 317 40 677 45 620 38 727 37 555 48 600 28 299 31 486 30 357
1573 -39.123378612935284 -53.346831558003664 101.26003668876571 7 8 10 0.84304194256510212 12 1411 14 1519 16 1470 15 1818 10 1634 11 1641 7 1157 17 1156 18 1005 20 1140 13 1047 19 725 22 796 42 896 24 802 43 1044 41 945 21 794 26 877 27 910 25 669 44 834 40 812 23 745 33 901 45 813 47 840 46 874 38 764 37 725 48 882 28 652 39 786 32 809 35 803 36 781 31 638 29 667 30 769
1574 -33.652165946619135 -49.92468324055131 94.777606511689896 8 10 9 1.323658582911633 12 1410 14 1520 16 1469 15 1819 10 1635 11 1642 7 1158 17 1029 18 875 20 1007 13 1048 22 797 42 558 22 48 24 803 41 835 21 531 21 795 26 54 27 33 25 37 34 963 44 835 44 503 40 704 45 814 47 31 46 737 38 854 19 949 39 30 39 707 9 756 32 39 32 713 35 707 31 746 29 668 30 23
1575 -32.472670861132173 -39.930722768845484 77.15335365701776 27 28 30 0.39011394986640263 12 1409 14 1521 16 1468 15 1820 10 1733 11 1644 7 1236 17 1158 18 1007 20 1142 13 1050 19 867 22 918 42 1015 24 933 43 1046 41 947 21 936 26 992 27 914 25 791 34 1074 44 957 23 748 33 904 45 929 47 949 46 876 38 859 37 823 48 883 28 752 39 788 32 814 35 806 36 891 31 749 29 672
1576 -34.779017626133893 -52.254279236636989 101.87037243996443 31 33 30 0.77826633684083968 12 1413 14 1525 16 1472 15 1821 10 1637 11 1645 17 1159 18 876 20 1143 13 1051 19 866 22 920 42 1016 24 934 43 1047 41 837 21 798 26 994 27 915 25 670 34 966 44 958 40 705 33 905 45 930 47 950 46 877 38 860 37 824 48 757 48 884 28 653 39 789 32 815 35 807 36 892 31 750 29 674 30 772
1577 -36.512892077326455 -36.592140957980313 72.217428244553332 23 27 26 0.85102559278857948 12 1498 14 1522 16 1576 15 1822 11 1647 7 1159 17 1033 18 878 20 1010 13 873 19 727 22 798 42 897 24 804 43 906 41 838 21 799 25 672 34 967 44 838 40 706 45 815 47 844 46 743 48 759 28 654 39 708 32 717 35 709 36 783 29 600
1578 -35.081014338557516 -36.031394103436206 71.351756804884516 92 96 95 0.51614281232633574 12 1253 14 1523 16 1308 15 1823 10 1636 11 1648 17 1160 18 1009 20 1144 13 1146 19 868 22 922 42 1017 24 935 43 1139 41 1021 21 937 27 967 25 792 34 1161 44 1064 40 882 33 906 45 1027 47 1039 46 952 38 944 37 914 48 978 28 753 39 861 9 818 32 885 35 879 36 965 31 832 29 675
1579 40.390095065721688 -36.997978990053618 73.630509294448331 25 28 25 0.5146305885094673 12 1415 14 1528 16 1474 15 1825 10 1640 11 1651 7 1007 17 1032 18 877 20 1148 13 872 19 956 22 805 42 903 24 811 43 912 21 804 26 885 27 793 25 674 34 971 44 845 33 810 45 822 40 710 38 770 37 733 48 771 28 657 39 711 32 723 35 713 36 788 31 647 29 605 30 776 41 842
1580 -33.852503890310814 -34.776311151088834 73.589345678639646 69 71 71 0.34865699316633592 12 1418 14 1530 16 1476 15 1827 10 1642 11 1653 17 1043 18 887 20 1017 13 1057 19 735 22 808 42 906 24 814 43 915 41 844 21 805 25 676 34 974 44 846 40 713 33 806 45 823 47 850 46 750 38 771 37 734 48 765 28 658 39 714 32 724 35 716 36 789 31 649 29 606
1582 -32.286668245436104 -36.95760569542351 78.381140800089526 34 34 32 0.32360304550244373 12 1421 14 1531 16 1479 15 1829 10 1645 11 1654 17 1163 18 1012 20 1151 13 1058 19 874 22 923 42 1019 24 937 43 1049 41 951 21 939 26 999 27 918 25 794 34 1077 44 962 40 816 23 752 33 908 45 933 47 954 46 880 38 867 37 830 48 886 28 755 39 795 9 759 32 817 35 812 36 897 31 754 29 676
1583 41.680659085394588 -38.31747437873662 77.183254169593468 99 102 98 1.5145767448297676 14 1372 16 1313 15 1831 12 1254 10 1647 11 1354 10 1247 12 1009 7 441 7 1241 17 648 18 745 20 875 19 577 42 45 18 69 20 63 15 41 33 687 46 625 28 69 28 551 39 43 36 33
1584 -31.428780459938867 -36.480202371203212 78.404449284777684 121 125 125 0.36621042309611801 12 1422 14 1533 16 1481 15 1834 10 1648 11 1535 17 1046 18 889 20 1021 13 881 19 876 22 809 24 817 41 846 21 807 26 886 27 795 34 975 44 848 40 715 23 621 33 812 45 826 46 754 38 774 37 736 48 770 28 660 39 716 35 719 36 791
1586 43.546038693601133 -31.754128733666096 77.715344175419375 111 117 113 0.79628969636142599 12 1433 14 1541 16 1588 15 1845 10 1654 11 1665 7 1261 17 1171 18 1019 20 1160 13 1154 19 884 22 928 5 1007 43 1059 21 945 26 1004 2 1324 34 1086 33 919 47 964 40 822 37 745 9 824 32 828 31 767 29 688 30 890 41 852
1587 -36.427117595108236 -25.991249601482707 71.89599430861648 61 60 56 1.2096297910081846 6 1114 15 1851 11 1549 8 1045 4 1102 3 1110 43 932 44 703 45 944 47 966 46 768 38 677 38 789 37 754 48 791 9 69 32 739 35 727 36 674 36 802
1588 -7.1422972772348992 -4.9785926082667178 19.19441594676799 52 52 50 1.5239169345014145 16 731 15 1852 10 1664 11 1681
1589 7.6791679506719159 -5.1785740096585853 19.636241863763694 86 90 89 1.6880577368634597 14 1412 15 1853 10 1766 11 1557 20 167 13 1167 26 559
1590 -4.5478527797396149 -4.580146448603144 18.159428863093087 28 96 38 0.58236138773908741 12 1280 15 1855 11 1685 17 1085 18 915 19 789 21 839 25 694 21 838 9 787
1591 -1.9943296909833006 -4.5421287140226045 18.13623016524107 26 95 25 0.566944163840017 16 1337 15 1859 11 1690 7 812 17 1089 18 929 20 1067 13 945 19 791 22 841 24 852 21 850 26 920 25 704 9 784
1592 0.59413422399294868 -4.5342105303086289 18.142904881380311 51 112 49 0.7860085763536776 12 1286 15 1861 10 1670 11 1687 7 1022 17 1073 18 923 20 1070 13 929 19 782 22 844 7 810 21 856 26 925 23 660 9 780
1593 1.2350351066605867 -4.5141337270357562 18.151459959297874 79 120 50 1.8538597947114435 8 10 15 1864 6 16 11 1693 4 8 9 781
1594 1.4933788955612055 -4.5290810498738354 18.182625846615931 123 164 99 0.78749707818660619 12 1292 15 1865 24 855 26 931
1595 4.0688175960610851 -4.4888944112802429 18.185577550396111 85 128 59 0.30726169962182043 14 1423 15 1871 10 1537 11 1700 17 1078 18 935 20 1078 13 935 22 852 24 863 21 864 26 786 25 718 23 665
1596 0.11917681765025172 -4.2520406243076172 18.066319642195221 104 116 36 0.94668649518304837 14 1563 15 1878 10 1681 11 1707 7 1169 18 950 13 954 2 1310
1597 -2.8481446656420775 -2.5090921486919755 19.3488724345933 137 140 48 0.75496830236018242 8 1217 15 1894 11 1727 17 1112 18 967 20 1112 13 991 19 825 22 883 42 969 43 998 21 894 26 954 27 862 25 751 23 695 35 654
1598 -2.8526516229459147 -2.511516417927842 19.355612741450617 137 140 48 0.56143918694026551 8 1218 15 1895 11 1728 17 1113 18 968 20 1113 13 992 19 826 22 884 42 970 43 999 21 895 26 955 27 863 25 752 23 696
1599 -3.232775458702958 -1.3322776998005375 20.169304756654196 6 40 5 0.48300250135229467 12 1477 15 1900 18 977 13 1008 1 1149 4 1172 3 1172 42 988 24 905 5 1079 26 843 2 1340
1600 5.6462480404855597 -1.1872603468380334 20.194266727391554 8 44 9 1.3623251273547003 16 1673 7 1285 1 1150 2 1339 8 1296 13 1007 15 1901 26 965 9 598
1601 -16.240465050821097 2.418642539937256 51.880872696283774 29 28 26 0.84817446517166162 12 1395 14 1666 16 1551 15 1903 10 1618 11 1733 17 1215 18 981 20 1204 13 1126 19 1009 13 1197 22 968 42 1070 24 976 21 967 27 879 25 764 41 917 34 1031 44 1025 23 710 33 873 45 881 47 901 46 819 37 781 48 837 28 719 39 763 36 852 31 719 29 709
1602 -16.359040483869457 2.4143409778182239 52.16423187839608 29 28 26 0.67764131485591139 12 1396 15 1904 10 1619 18 982 25 765 27 880 44 1026 23 711 46 820 37 782 28 720
1603 32.04952642694429 3.3692193643676904 50.564668606846503 92 92 90 0.5975989283463442 12 1485 14 1604 16 1553 15 1905 10 1620 11 1736 7 1221 17 1131 18 984 20 1123 13 1020 19 838 22 897 24 911 5 1041 21 912 26 968 27 883 25 767 2 1306 23 714 33 875 28 724 30 858
1604 -22.439832533619871 7.2285110968389459 44.167908256103928 17 17 15 0.33660053843116106 14 1508 16 1558 15 1908 10 1724
1606 -3.4627380463843691 2.3076231486657064 15.487922682146678 57 57 57 1.5978387662349671 15 1915 31 495 11 1527
1608 -34.411628995755976 -52.592577686832136 100.00145380305067 129 131 128 0.52625396810445346 12 1499 14 1618 16 1575 15 1919 10 1732 11 1752 7 1238 17 1157 18 1006 20 1141 13 1144 19 864 22 917 42 1014 24 932 43 1045 41 946 21 934 26 990 27 911 25 788 34 1073 44 953 40 813 23 746 33 902 45 1021 47 1030 46 875 38 855 37 908 48 971 28 750 39 787 9 816 32 812 35 804 36 890 31 747 29 669 30 876
1609 -36.589811609814859 -38.869361664369706 75.365717821940393 29 29 29 0.9386363851909042 12 1408 16 1574 15 1920 7 1156 17 1236 20 1221 13 1145 22 979 42 1095 24 988 43 1138 21 982 26 62 34 1159 44 1061 40 881 33 969 45 1025 47 1037 46 950 38 943 37 911 48 976 28 810 39 860 9 757 32 882 35 877 36 964 31 827 29 512 29 673 22 919
1610 -34.009317754815811 -35.92255942922494 72.503199327571721 128 137 135 0.62139328683162298 12 1414 14 1526 16 1473 15 1921 10 1734 11 1755 17 1161 18 1010 20 1146 13 1213 10 1802 15 1980 19 958 42 752 24 806 43 754 21 801 26 882 27 679 25 673 34 817 34 968 25 580 44 682 44 840 40 588 23 750 33 683 33 802 47 712 47 847 46 617 38 655 38 767 37 608 48 647 28 546 28 655 39 580 9 885 32 620 32 719 35 601 35 710 36 653 31 534
1611 32.704014840094068 -39.043923661246453 77.190585245794068 47 49 44 1.8378795784720512 12 1500 14 1619 16 1577 15 1923 10 1735 11 1816 7 1239 18 1008 11 1649 17 1030 20 1222 10 1804 19 953 22 804 42 1155 22 683 42 565 24 532 24 810 24 1041 43 553 43 1205 41 1077 21 71 21 683 26 997 26 1116 25 900 27 498 34 819 34 1225 44 512 30 1022 33 805 45 518 47 535 46 621 46 748 38 485 37 609 48 484 48 766 39 40 32 460 35 449 36 654 31 539 31 645 29 603 30 463 41 544
1613 -38.768221131569213 -31.383823073615861 70.141120018436169 56 60 61 0.49349598368234482 16 1579 15 1926 10 1738 13 1067 44 967
1614 6.8936828104926731 -16.045271475178332 42.848139068823563 111 110 108 1.3513901218089006 14 1389 15 1936 10 1755 11 1671 17 1059 18 904 20 1164 22 935 42 922 24 950 43 1252 21 824 26 1061 27 801 25 803 25 856 41 963 34 1091 44 972 23 757 33 921 45 836 47 967 46 892 38 876 37 752 48 792 28 668 39 805 32 829 35 726 36 673 45 696 31 769 29 690
1616 -3.1175606930416864 -2.5197977730570047 19.369024267119567 132 136 44 0.37253572398635981 6 1209 15 1963 7 1332 2 1385
1617 -33.457146004829667 -1.5643537157862173 55.890858369028237 93 93 91 0.62509105548153354 12 1541 14 1665 16 1623 15 1965 10 1792 11 1801 7 1292 9 812
1618 32.825013855911294 2.4524018644639303 49.999220826549568 16 15 13 1.1788012239305059 12 1543 14 1667 16 1626 15 1969 10 1794 11 1803 17 1279 18 1110 13 1193 19 1006 22 967 24 977 21 966 25 827 23 779 9 873
1619 32.093764781887799 2.8296924222600222 50.700746697963943 11 10 11 0.63309919951862004 12 1544 14 1668 16 1627 15 1970 10 1795 11 1804 7 1293 17 1280 18 1111 20 1260 13 1195 19 1007 22 1028 24 1020 5 1132 21 1017 26 1093 27 998 25 883 2 1351 23 821 48 943 28 798 9 874 31 805 29 710 30 1002
1620 31.838814973602343 2.7914057710951976 50.324920402612193 11 10 11 0.84714489166325613 12 1545 14 1669 16 1628 15 1971 10 1796 11 1805 7 1294 17 1281 18 1112 20 1261 13 1196 19 1008 1 1207 6 1190 4 1186 3 1190 22 1029 42 1068 24 1021 5 1133 43 1102 41 1000 21 1018 26 1094 27 999 25 884 2 1352 34 1134 44 1024 23 822 40 860 33 949 45 990 47 996 46 916 38 907 37 867 48 944 28 799 39 835 9 875 32 862 35 848 36 926 31 806 29 711 30 1003
1621 33.67494819944735 -51.354289324610711 92.94522635751872 140 139 135 0.78706612976354373 12 1405 14 1615 16 1466 15 1976 10 1729 7 1001 17 1287 18 1121 20 1268 13 1206 19 1020 42 1089 24 1034 43 1133 21 1025 26 1108 25 840 44 1056 44 1119 30 1016 23 831 33 1035 45 1019 47 1031 46 947 40 876 38 1010 37 905 48 974 48 1033 28 807 28 866 39 901 32 935 36 1012 31 890 29 775 41 1014
1623 -30.711404754525251 -53.60092742521914 103.34331275559751 71 74 71 0.49553804377404276 12 1557 14 1681 16 1637 15 1979 10 1801 11 1812 17 1289 18 1125 20 1269 13 1209 19 1023 22 1038 42 1150 24 1036 43 1200 41 1071 21 980 25 895 34 1219 44 1122 40 942 23 832 33 1037 45 1091 47 1111 46 1028 38 1013 37 967 48 1035 28 867 39 904 9 882 32 938 35 936 36 1014 31 892 29 776 30 956 30 1017
1624 -36.109525345879 -36.001321427150764 74.169994501284222 16 18 15 1.0275158768200807 12 1561 14 1682 16 1641 15 1981 10 1803 11 1817 17 1237 18 1070 20 1223 13 1214 19 959 19 1028 22 983 22 1044 24 990 21 985 21 1029 25 846 34 1226 27 1016 44 1066 44 1126 40 949 33 1042 47 1117 37 915 38 945 28 816 28 872 39 908 32 943 35 941 36 966 29 730 29 783
1625 -33.182791808987815 -30.975810729316734 69.173654081261006 14 16 15 0.54048595614848161 12 1564 14 1684 16 1643 15 1985 10 1807 11 1821 17 1298 18 1135 20 1276 13 1218 19 1032 4 1086 22 1048 42 1158 24 1045 43 1208 41 1080 21 1032 34 1229 44 1129 40 952 33 1047 45 1099 47 1120 46 1037 38 1019 37 974 48 1042 28 873 39 911 9 890 32 945 35 944 36 1021 31 898 29 785
1627 38.515707296618849 -1.5094340743060473 57.615796881090674 16 12 10 1.6328749751969085 14 1711 16 1674 15 2015 10 1836 11 1847 7 1337 18 1165 20 1310 19 1067 1 1202 22 1076 42 1136 24 1067 43 1181 41 1056 27 997 25 881 25 925 2 1397 34 1198 44 1097 40 927 33 1022 45 1056 47 1078 46 987 38 982 37 941 48 1002 39 882 9 932 32 916 35 912 36 988 31 193 34 912 46 210 47 633 27 634 32 212 29 443 29 759 21 395
1628 31.430764742547119 3.9288915094983241 49.19608412021811 20 19 17 1.9117728394021518 12 1592 14 1713 16 1676 15 2018 10 1839 11 1807 7 1339 17 1282 18 1113 20 1262 13 1254 19 1010 22 1030 24 1022 21 969 26 1042 25 885 27 955 2 1400 23 780 45 290 33 647 47 300 46 229 48 597 28 514 28 801 32 560 31 483 31 610 46 571 30 943 30 619
1629 -33.068651765076545 -51.539141068743668 101.92955536528478 25 27 24 0.81452587455066117 12 1604 14 1719 16 1688 15 2022 10 1844 11 1861 17 1290 18 1126 20 1324 13 1263 19 1081 22 1088 42 1203 24 1079 43 1245 41 1117 21 1063 26 1161 27 1012 27 1063 25 897 34 1272 44 1176 40 994 23 870 33 1094 45 1147 47 1158 46 1069 38 1055 37 1014 48 1083 28 916 39 950 9 941 32 988 35 994 36 1048 31 948 29 819 30 1053
1631 -32.206007246362105 -29.878624250261694 69.717225729197253 111 117 115 0.64834862708428276 14 1724 16 1691 15 2024 12 1608 10 1848 11 1865 20 1280 13 1221 19 1033 33 1049 9 895 32 949 29 786
1632 -34.252903933031753 -28.622000634113501 69.939100378398919 27 29 26 0.53502848165782679 14 1725 16 1692 15 2025 10 1849 11 1866 17 1342 18 1179 20 1328 13 1266 19 1085 22 1092 42 1205 24 1082 43 1248 41 1121 21 991 34 1277 44 1178 40 1000 33 1098 45 1149 47 1164 46 1073 38 1059 37 1019 48 1086 39 953 9 951 32 992 35 998 36 1053 31 952 29 789
1633 -45.15067520545346 -29.372560730853017 76.195158862303231 50 51 49 0.92701540590230269 12 1639 14 1759 15 2026 10 1883 17 1343 18 1180 13 1267 24 1083 22 1094 43 1249 40 1001 33 1099 47 1165 38 1025 35 951
1634 -42.48079888021941 -18.466830604318112 78.101043475586934 51 50 46 1.3614392883700457 12 1647 14 1731 16 1733 15 2034 10 1888 6 1291 11 1875 17 1375 18 1188 13 1296 6 1251 8 1298 19 1094 1 1236 4 1237 3 1262 42 1210 5 1167 43 1259 41 1160 34 1282 44 1185 40 1040 33 1109 45 1154 47 1208 46 1078 38 1063 37 1021 48 1091 28 881 39 963 9 982 35 1036 36 1062 31 963
1635 -7.0129035514183862 -4.641234287078313 18.856292668443622 186 190 201 1.1894937279820565 8 1251 15 2035 7 1319 18 1146 13 1237 19 1050 4 1220 12 1614 3 1196 5 1101 2 1365
1636 39.172649104472875 -2.7004812151504369 58.239576023827894 52 42 32 1.3071415168081297 12 1628 14 1747 16 1716 15 2043 10 1870 11 1846 7 1370 17 1322 18 1199 20 1307 13 1281 19 1104 22 1109 24 1065 21 1081 26 1145 27 1047 25 875 2 1423 23 851 46 985 28 845 28 897 9 970 32 914 31 865 29 758 30 1043
1637 33.341153171157423 -43.371014968694702 81.384278955627792 137 140 136 0.81625287457957096 12 1601 14 1716 16 1685 15 2050 10 1876 17 1367 18 1211 20 1359 13 1288 19 1113 22 1121 42 1232 24 1109 43 1243 43 1289 21 1094 26 1188 27 1088 25 967 41 1147 34 1304 44 1213 30 1085 23 903 33 1134 45 1189 47 1198 46 1100 40 1027 38 1083 28 954 39 977 32 1021 35 992 35 1025 36 1084 29 853
1638 33.253254495415725 -43.254377507400925 81.158375667540554 137 140 136 0.83167813057315898 12 1602 14 1717 16 1686 15 2051 10 1877 7 1302 17 1368 18 1212 20 1360 13 1289 19 1114 22 1122 42 1233 24 1110 43 1244 43 1290 41 1116 21 1095 26 1189 27 1089 25 968 41 1148 34 1305 44 1214 30 1086 23 904 33 1095 33 1135 45 1190 47 1199 46 1101 40 1028 38 1084 28 955 39 978 32 1022 35 993 35 1026 36 1085 29 854
1639 -6.8304600436581513 -3.6065178578246369 19.735148044255322 194 200 214 1.2936067685958705 14 1766 15 2060 10 1891 22 1103 21 1072 26 1169 25 950 23 883
1640 -2.3897482075338941 -2.6749694598349962 19.281265175558303 130 139 65 0.54390274233637814 14 1773 15 2063 10 1895 11 1901 17 1356 18 1196 20 1348 19 1103 1 1270 22 1107 42 1223 24 1096 21 1078 26 1175 25 955 23 890
1641 33.064728614139781 3.3424890560408396 50.587377138996501 132 123 117 0.63976757189950395 12 1656 14 1781 16 1744 15 2072 10 1902 11 1907 7 1389 17 1360 18 1204 20 1353 13 1303 19 1105 9 994
1642 33.091706869169961 3.3412934606464875 50.625976909330944 132 123 117 0.64187820806689899 12 1657 14 1782 16 1745 15 2073 10 1903 11 1908 7 1390 17 1361 13 1304 24 1103 9 995
1643 -32.339825680280768 -37.309922136187105 74.278950202245284 33 33 33 1.0768736719044336 12 1662 14 1787 16 1750 15 2076 10 1907 11 1911 17 1390 18 1214 20 1363 13 1310 19 1117 19 1139 24 1131 43 1322 41 1152 43 1293 21 1099 21 1127 26 1191 27 1090 34 1308 44 1217 23 907 33 1136 33 1163 47 1200 46 1102 46 1126 38 1088 38 1119 37 1048 28 957 39 1010 9 999 32 1024 36 1089 36 1117 31 1020 29 856
1644 30.792578805881643 3.8027419023114422 49.867019583764275 16 15 13 1.8182715274629231 12 1680 15 2089 10 1904 11 1909 7 1410 17 1385 18 1229 20 1381 13 1305 19 1133 22 1138 24 1126 21 1120 26 1206 25 989 2 1460 23 926 47 1137 46 1085 42 1187 45 1171 38 984 42 1138 28 943 39 887 36 993 30 1101 37 946
1645 -35.420423535749208 -32.76688454457895 71.380709321517799 29 26 30 0.48969315623063386 14 1807 16 1764 15 2091 10 1925 11 1930 17 1409 18 1249 20 1403 13 1334 19 1155 22 1158 42 1286 24 1144 43 1344 41 1194 21 1128 34 1357 44 1261 40 1074 33 1195 45 1231 47 1253 46 1154 38 1143 37 1097 48 1154 39 1036 9 1017 32 1074 35 1072 36 1141 31 1049 29 904
1646 47.69323672867035 -38.130027103304528 81.009999732424177 138 140 137 1.08773478372445 14 1816 16 1777 15 2096 10 1936 11 1939 7 1415 17 1421 18 1262 20 1420 13 1350 19 1168 22 1173 42 1287 24 1161 43 1345 21 1158 26 1239 27 1140 25 1018 34 1376 44 1262 23 961 33 1196 45 1232 47 1254 46 1155 40 1086 38 1151 37 1098 28 1005 9 1024 32 1090 36 1155 31 1072 29 905 30 1138 41 1209
1647 2.3626420674999551 -1.7433712141464113 19.712918839597315 106 117 25 1.7140476633279385 16 1779 15 2104 10 1943 18 1256 13 1342 19 1163 22 1166 21 1151 26 1216 25 1006 23 940
1649 4.1213019618329989 -2.8071275971585306 18.898266068614003 136 142 54 1.1828400040179841 16 1218 15 513 8 595 12 829 16 894 11 450 7 614 17 362 19 264 3 591 22 317 2 729
1650 31.736584465312593 -36.709642699232532 73.776972324313064 108 113 107 1.7260597507502569 12 1004 15 1460 16 1312 12 1417 14 1529 15 1925 10 1484 10 1641 11 1351 11 1756 10 1244 7 782 7 1009 17 647 18 68 20 60 20 872 20 1149 47 48 11 984 38 946 9 11 36 32 31 757 29 69
1651 1.0525952088048662 -4.4813548836868851 18.081087423887301 53 102 46 0.7593152431529212 14 1204 15 1509 14 1553 12 1289 16 1499 10 1297 7 1029 26 928 2 933
1654 -6.9456021436610271 -4.5187473890195733 18.941251005497705 161 165 176 0.40028983390792255 14 159 15 281 12 160 7 100 1 49 4 44 5 55 2 80
1655 4.6649007208875313 -3.7997352318566513 18.493235327673602 81 105 13 2.0179071782662912 6 80 15 390 11 329 20 252 19 125 5 80
1656 -20.115883284731506 7.4507428851456305 45.168749808870864 16 16 14 0.7911393051908755 14 568 16 616 15 821 10 683 11 745 18 501 22 501 35 312
1658 -10.308246128795323 5.3756759110877219 30.663694877982635 59 58 56 0.9231702771005732 16 631 11 818
1661 6.9759574045637791 -1.1186618646307886 20.23944043891554 123 132 123 1.3309208248350275 14 1073 15 1366 13 832 12 1390 21 398 26 683
1662 5.4955078859525646 -0.79622606969189103 20.508853885773526 27 22 18 1.167828980029576 12 467 15 1369 17 453 20 822
1666 4.7370350272868613 -4.4465947001298041 18.12442880649149 61 108 39 0.47050724998060767 14 1424 15 1731 10 1538 7 469 17 1079 18 938 13 736 22 853 24 864 21 865 26 789 25 719 23 666 9 148
1668 -32.098126072735823 -53.461114499502671 100.67380234089885 108 113 109 0.21202359042895352 12 23 15 10 16 673 10 4 11 14 18 45 20 31 19 393
1671 -5.2781718371304827 -5.2120559628707532 19.104336611067641 96 163 46 0.39633275396827533 15 157 10 57 11 210 13 469 19 610
1672 0.14648021397007879 -5.1812424890747071 18.976730204594713 195 217 142 0.16632414670999771 15 173 10 66 11 200
1673 -3.6176802398296601 -4.6758329480249126 18.222860215440484 194 212 111 0.42330919765583247 15 218 10 86 11 258
1674 -3.2088255769164777 -4.7724447154544674 18.567542396767859 196 216 108 1.2116539503708161 15 220 10 89 11 255 17 194 13 482 42 119 26 151 27 96 25 83 33 530
1675 1.8751981399905857 -4.7926170908676173 18.476847900100001 152 166 79 0.18100478181114887 15 224 10 91
1676 5.9524770000231326 -4.8419108605932859 18.840007738846801 182 206 118 0.49106209761222058 15 1145 10 117 11 1061 18 199 22 143 24 147 21 148 25 87 23 62 9 458
1677 -0.87299704000038436 -4.4574547844070267 17.999819339218146 41 86 22 0.86488242678580618 14 133 10 122 11 277 17 199 18 207 20 182 9 490
1678 -0.96680096660559778 -4.484925849484358 18.140914126311365 40 92 23 1.2761321389587597 14 136 10 126 13 484
1679 5.495102843341086 -4.612109350983375 18.404885445479163 155 198 100 0.48112276659304654 15 1153 10 135 11 1072 24 158
1680 -6.5822479058891199 -4.5875951027427542 18.986159054828867 159 162 174 0.30814356284415489 12 154 10 139 7 90 6 42 8 39 1 42 4 33 3 29 2 72
1681 -6.3004007306175902 -4.3151302948082773 18.778666201013994 159 167 180 0.36399898824233495 6 55 10 175 1 54 4 49 8 50 3 42 3 43 6 54 5 62
1684 -6.9054757747738664 -4.1948780818675884 19.106093167157528 157 163 175 0.3441403955977167 6 522 14 219 10 199 8 499 7 527 1 80 4 471 3 485 13 122 5 449 2 126 9 241
1687 -2.9696975735190532 -3.8869654837160224 18.424002352307287 123 137 50 1.0590158984397224 8 68 10 235
1688 -5.9928292877887861 -3.8756610271203491 18.713872096690363 155 161 173 1.5565710668137716 15 373 10 244 2 128 7 160
1689 -3.5205144507974406 -3.714196167643661 18.518792200116806 120 133 59 0.40628972397331936 15 384 10 260 2 617
1691 -6.0229529337063985 -3.6486884084451332 19.255396027365222 107 122 82 1.3349482992106954 16 243 10 275 20 283 22 232
1693 -3.7287464164754978 -3.2905055708366859 18.885394820832943 120 129 48 2.1926915927409585 15 418 10 297 3 135 1 138
1694 -2.279042903361606 -3.1307120782298177 18.954682119602793 26 46 0 0.12613340659354269 15 1261 10 328 2 698
1695 -1.8023571689890419 -3.0654931484128971 18.940097285533259 14 41 0 0.23099538571764275 6 171 10 335 7 237 1 160 4 166 3 157 5 156
1696 4.3719409627741168 -3.0756350859734289 18.730295938717664 113 123 34 0.4519497166257021 16 316 10 338 2 660
1697 4.3719409627741168 -3.0756350859734289 18.730295938717664 113 123 34 0.4519497166257021 16 317 10 339 2 661
1698 -4.5140906921309627 -3.0079465193248822 19.237902060941209 119 134 71 0.208275305408647 16 875 10 347 11 433
1699 -5.3552844870369194 -2.8725685849365252 19.144058800369546 130 125 36 1.046779445453468 8 215 10 360 2 303
1700 -6.6547299715654908 -2.8672236822359571 20.337207793830405 174 178 179 1.2423588964083816 16 913 10 378 19 498 9 327
1701 -6.8087872994494187 -2.8342401967037261 20.458524147713899 131 135 135 0.19711171602980945 16 388 10 381 7 308 6 239 1 239 4 234 3 226 5 228 2 384
1702 37.590553656319429 -10.441613977713919 69.557441492529406 72 77 74 0.21178469009111209 6 369 10 391 20 273
1703 -5.5606181123823593 -2.635392339469357 19.323958099759292 124 123 29 0.64662427265655098 14 398 10 392 5 212
1704 3.3787309201792457 -2.6647798265945433 19.33971716612011 135 140 52 0.8786415261372309 10 396 2 315
1705 3.3230014641988497 -2.6882853782904701 19.408725721068556 135 140 52 2.6766554449018027 12 847 10 397
1706 2.3276833879757919 -0.73145559035092944 8.94391623388365 0 0 0 1.2289820200061456 14 395 15 1642
1707 36.511587368152803 -9.5283953638684729 69.105574533179009 32 36 35 0.3944084877522599 8 748 10 407 11 367 1 705 6 923 3 733 22 247 42 241 24 267 41 248 21 269 27 185 25 198 44 165 23 169 40 159 33 202 45 158 47 185 46 137 38 162 37 141 48 140 28 173 39 141 32 159 35 146 36 158 30 130
1708 1.9151066932366745 -2.4325068033091468 19.453232907192984 135 144 55 1.5740678433057083 16 927 10 412 5 796 2 362
1709 8.5454416974155478 -3.516388533895713 28.682725595565614 130 138 48 1.5591556779586526 8 338 10 432
1711 5.2725177580325235 -2.2705394298447898 19.198389596143656 131 140 51 0.47047283472842916 15 1309 10 440
1714 0.28745400838583668 -2.0333894431044643 19.612414231302893 123 126 37 0.51440131996159011 16 956 10 464 7 693 17 403 19 288 3 656 2 817
1715 4.13463187228027 -1.9534092844409099 19.612867204447301 105 123 33 1.2658588530250843 16 439 10 477 2 820 21 367
1716 4.2691036630206307 -1.7819946143225807 19.502688505578686 110 144 47 0.45725611871522137 8 669 17 404 20 428
1717 -4.5464326253804552 -1.6878569319304035 20.086142427401082 105 122 42 0.35203286501568665 16 977 10 504 7 354 6 278 1 283 4 265 3 261 5 261
1721 0.75046786507947116 -1.4177060177000202 20.181104454111971 56 82 18 0.033826851990844585 15 648 10 526
1722 -4.7724718217104165 -1.3088851797746119 20.268180439934401 89 108 54 0.29753549652630173 16 487 10 539 5 643
1723 -4.7746529333395227 -1.3074819785464573 20.267351064715182 89 108 54 0.37463871200183596 16 488 10 540 13 343 5 644
1724 -3.4943043697857123 -1.2981432591913804 20.242004542893362 89 110 59 0.093273818637707756 16 495 10 541 1 669 5 639 2 890
1725 -3.4928011980841629 -1.2939767994674842 20.230099868933493 89 110 59 0.26837276767755508 16 496 10 542 13 339 1 670 5 640 2 891
1726 -2.439443081950909 -1.277155492237118 20.201899861269162 106 127 66 0.89291975330804618 16 501 10 547 7 375 4 684 3 697 43 324 2 888
1727 -2.2144398594096075 -1.2912486036684614 20.221731085294344 99 122 61 0.23095797005481222 16 503 10 549 5 630 2 884
1728 -2.2138674449514948 -1.2868851055851582 20.207971230993103 99 122 61 0.36603362229532527 16 504 10 550 13 337 5 631 2 885
1729 -4.8183471670780653 -1.2506430836128255 20.370790970858685 6 37 2 0.50395759485838665 12 936 10 556 7 746 2 912
1730 0.1247074734594945 -1.2538298734096707 20.167298538033037 73 96 48 0.62655211692691359 6 303 8 317 10 558 7 372 13 335 1 309 3 280 26 418
1731 1.1435452016879482 -1.2591361138330726 20.231933684718765 70 95 56 1.3104971097918157 8 312 10 560 13 617 1 300 4 294 8 326 3 274 5 279 26 421
1733 5.3878443765368988 -1.2230414284802344 20.080808699954872 11 45 3 1.4702599053783763 15 1356 10 571 2 1081
1735 4.8581832622092644 -0.80683509768589368 17.381820716307192 45 44 42 0.58504518987665199 16 532 10 580
1736 -28.922546711457752 0.67060877115363582 53.722923537262631 36 36 34 0.32736812993599601 8 416 15 699 10 588 11 588 6 432 1 416 3 380
1737 29.060930648601396 2.6735206274675489 49.125299455914544 85 83 82 2.0960872974919358 8 756 10 599 14 508 16 578 7 423 20 496 1 427 8 434 12 514 3 399 5 370
1739 -2.4517936153862112 0.28342939981267518 9.4395443964307066 16 15 13 1.147767272586951 15 1414 10 620
1740 -19.060596804226453 6.8129363694688641 44.816081167785462 41 40 38 0.62204152280981184 12 549 10 651 25 402
1741 -16.505565103881345 7.0266878804272661 44.513901809746599 22 21 19 0.88617195955881833 12 558 14 550 10 658 11 725 28 345 27 453 29 258
1742 -18.214274896865572 7.4350514201485778 45.479864362072846 53 53 51 1.9333026255800962 14 559 15 811 16 613 10 677 17 565 19 365 24 499 40 326 29 262 14 571 16 619 10 686
1743 -21.823921556587955 7.9781352483547066 44.061216198847426 43 43 41 1.4432952901902143 15 844 16 635 10 697
1745 -35.296233360873806 -36.418471619247164 72.857531947306327 58 60 57 0.95121396585738949 12 1002 15 1042 16 685 10 847 11 983 7 783 17 652 18 71 20 623 13 670 22 526 42 41 24 529 43 551 11 1349 41 42 21 66 27 496 34 621 44 508 10 846 15 1041 11 982 40 33 47 39 46 33 38 36 48 29 28 66 39 38 32 454 36 30 31 22 29 58 29 59 29 516
1747 -5.6907734673946582 -5.8425437748223823 20.302138070260025 7 12 4 0.96555390594450219 15 133 10 888 11 163 9 91
1748 -4.5039270735905061 -5.4431217892418768 19.450620732523788 33 93 28 1.0294784067796965 15 1105 10 890 11 1043 18 592 20 683 13 88 42 98 24 561 21 557 26 545 25 443 23 413
1749 -4.5270748503453504 -5.3222605933702827 19.191901280179447 207 237 135 0.2689225835810134 15 1110 10 892 11 1046 17 172 18 180 20 155 19 52 22 123 24 130 21 121 26 120 25 67 23 50
1750 -4.4239938368155531 -5.3419707350410652 19.377455887818222 206 233 143 0.91659444139848034 15 1112 10 895 11 1047 18 183 20 156 13 461 42 101 24 131 26 121 25 68
1751 1.2400558373437565 -5.2893654726667787 19.005853370660045 196 207 121 0.77426781219156815 15 1116 10 896 13 86 26 552
1752 -0.35144967280769773 -5.2863732507263963 19.142646328307439 167 177 90 0.17130632354418196 15 1117 10 897 18 593
1753 -6.2338892086957989 -4.9517469217255261 19.007080106446502 191 192 196 1.3205386642280916 16 84 10 901 11 1059 13 729 25 692 9 659
1754 -5.9682838284139166 -4.7550793310267743 18.594224004376205 176 179 188 1.0120076846886659 14 105 10 908 22 141 20 175 24 142
1755 -4.2135922020506733 -4.769376469702503 18.581109830870762 195 217 119 1.2153520880626283 15 1135 10 909 42 122 26 146 27 98
1756 -4.1369623249365066 -4.8026966684653942 18.711763815767871 201 216 111 1.316803843254581 15 216 10 910 11 1067 27 99
1757 0.34851428957914832 -4.2738064022808393 17.88218006324318 142 143 107 0.31972506662205241 15 1162 10 923 21 171
1759 -6.6796918763581923 -4.2401780625756711 18.637607439631292 185 191 203 1.5388014971112707 16 769 10 933 23 86
1761 0.68470458680628454 -3.9660998839527797 18.187590141127377 97 119 28 0.36703488384389704 16 163 10 951 2 82
1762 0.68470458680628454 -3.9660998839527797 18.187590141127377 97 119 28 0.36703488384389704 16 164 10 952 2 81
1763 1.05177764346964 -3.9373664694436474 18.120163981285454 121 138 46 0.75807425548633267 15 1183 10 953 20 220 13 121 22 197 21 216 26 191 23 117
1764 1.5733488990222533 -3.9209598354150303 18.204650797371265 95 120 28 0.20924540878835365 16 176 10 955 19 119
1765 1.2816011934039671 -3.9375936505009768 18.355084207522399 76 112 16 0.38910828257398034 6 64 10 960 3 54 2 592
1766 2.0762386164128914 -3.5622800791915572 18.557233163652921 97 117 25 0.45885436898100113 8 109 10 989 1 101
1768 2.9521380762702392 -3.2324686574502528 19.063597457693465 110 123 33 0.55049628164272535 15 454 10 1033 26 246
1769 -3.0461755348201556 -3.1271600161997806 18.91810790973561 19 41 0 0.25464921850945038 16 859 10 1034 19 238 24 291 21 290 25 219
1770 2.0737401690122961 -3.0441168643654 18.484629208362382 140 149 62 1.2615963831085981 10 1049 17 328 20 331 19 232 22 276
1772 -6.55580616456795 -2.8390645677052482 20.325281094977932 18 18 18 1.2504381475981761 6 1003 10 1097 4 1099 2 380
1774 -6.3001545672211705 -2.5599085790242735 20.387476985799012 187 191 196 0.89690999308531616 16 404 10 1110 19 283
1775 -3.5233962488910313 -2.4570947139219705 19.445698466483865 123 128 44 1.863274895684462 16 924 10 1112 2 367 15 561
1776 5.4678687582646761 -2.3003922132430961 19.370494846790542 89 114 21 0.82445482430685713 15 590 10 1121 26 334
1777 -6.2671370024874697 -2.2696829124516529 20.82812699291798 196 198 193 0.21503524143835584 16 952 10 1125
1780 33.680289786306794 -1.7937313135468826 59.327328054703315 60 56 53 0.74109792347345993 12 486 14 490 16 553 10 1168 1 398
1781 1.2481926462020043 -0.45630997065925438 5.6295029913788293 24 23 18 0.82875056987778639 14 52 10 1170
1782 31.417981270799977 -1.16258329476149 56.692429914029397 28 27 23 1.5146996062186766 12 490 10 1171 14 494 5 344
1786 0.038704652810072425 -5.432879151867696 19.402444714664195 209 216 127 1.1970854352708973 15 1489 10 1274 11 170 10 52 13 696 26 548
1788 50.199595007385383 -23.291206304434311 78.257699762422718 85 91 87 0.69556446249753878 8 302 14 205 10 1284 20 133 1 295
1789 1.5472653755183736 -4.7128939972330031 18.319044114382155 205 215 124 0.78745215645887845 15 1499 16 1331 10 1288 7 800 13 720 26 564 9 649
1791 -5.77654628539812 -3.2757548108580692 16.495535009540632 3 5 4 1.6770214013804212 16 1124 10 1329
1793 -4.3746324521789672 -3.0663831376875277 19.020764384937831 12 45 2 0.63515631091647673 15 1267 10 1371 11 1184
1794 -3.8585217557497353 -2.7805700567310776 19.139569061165357 124 127 45 0.64103267678487386 15 1567 10 1394 11 1207 20 381 13 560 42 639 26 299
1795 -2.6952315583231443 -2.6770094054726439 19.218810562756946 99 110 36 0.49104918838957945 6 991 10 1401 7 1079 18 351 13 236 19 502 4 980 3 985 21 601 2 1163 23 225
1796 -36.833222097512007 -7.9977573846263459 57.617851552242236 18 18 18 0.62684028396403324 12 425 10 1407
1798 4.7915630076764035 -1.5366099920424252 19.748034686955414 45 75 10 0.95175377869597277 12 1380 10 1439 17 811 18 693 13 590 19 304
1800 5.2713236005360873 -1.3484294485191703 20.043937211056388 75 117 31 0.73333307403861558 8 1072 10 1446 7 1131 19 535 4 1025 3 1035 26 388 2 1207
1802 13.967345845814474 -12.04233266159398 28.423253004566789 95 100 96 1.2449012738720604 14 763 10 1493
1803 -1.1040840506840395 -5.7235698602876344 19.799717275729694 20 20 17 1.1858817267765169 16 718 10 1505 7 445 12 1268
1804 -1.1040840506840395 -5.7235698602876344 19.799717275729694 20 20 17 1.1858817267765169 16 719 10 1506 7 446 12 1269
1805 -8.355297039408244 -6.0032283831291311 21.459551910653321 49 48 44 2.1413458502353775 14 1190 10 1508
1806 -0.52988467914527027 -5.2396482437144805 19.111468511506722 136 167 103 0.37988690544731191 15 1709 10 1510 19 606
1807 -3.8046697930944475 -4.9994567168019195 18.744052263583718 207 216 107 1.1352947843365213 12 644 10 1514 22 831
1808 -2.6091592297661386 -4.5937982767819969 18.261272267509959 64 109 37 0.99740756916812923 15 1857 10 1526 11 1562 17 1088 18 916 20 1065 13 943 22 839 42 796 42 943 24 850 21 846 26 916 27 835 25 700 23 648 30 809
1809 -2.3578424564399949 -4.5523218650431936 18.076036714964154 91 133 57 0.84289767737681887 15 1858 10 1527 11 1686 18 917 20 1066 13 944 22 840 24 851 21 847 26 918 27 826 2 7 23 650
1811 4.1159809395871836 -4.5417687269175575 18.359793152376575 109 148 80 0.38486416521229677 14 1422 10 1536 26 785
1812 -0.17434611999604624 -4.2823132680101379 17.93321347611089 136 133 86 0.62592421836635004 15 1512 10 1540 19 621
1815 -3.1671226717568368 -3.1216257758115722 18.922660923734156 134 136 53 0.25384414307220304 15 1760 10 1562 20 940 13 778 26 809 25 614 23 569
1816 -6.9874374217082789 -2.7627965792544442 20.716531993368744 174 176 175 0.22576061043862711 16 1537 10 1581 20 954 13 988 19 823
1818 2.8970554296965116 -1.8582769676148783 19.687203428892403 143 150 57 0.29840534601927471 14 1485 10 1601 13 809 19 683 1 1085 3 1112 22 755 5 1019
1819 0.67819191305853632 -5.6056767705914057 19.849895801161374 198 202 123 0.82864621588452014 14 1549 10 1663 18 1027 11 1778 20 1240 19 983 26 1012
1821 7.1766320167345867 -3.9846316041696639 18.022108780924984 128 124 122 1.055401339922418 6 953 15 1741 10 1689 8 34 19 94 4 425 15 1520 5 701 26 796
1822 -6.6097229438465677 -3.7588961342169447 19.913371293851455 18 18 16 0.77633388467107667 15 1751 10 1697 11 1587 17 956 18 801 20 933 19 643 22 733 24 746 21 725 26 803 25 608 12 1521 23 562
1823 34.84737663946197 -7.9115318041619851 58.5426343803435 81 86 83 2.2409418503680607 6 1060 15 490 24 591 45 165 39 143
1825 7.0277908262671138 -2.0461683981473038 18.623907295330579 32 32 28 0.11995678403965723 14 1707 23 485
1826 -33.375078481567563 -0.89203937088752561 54.57826893180151 87 83 82 0.89669180909610469 14 1603 15 1902 16 1624 10 1719
1829 -6.9074299633862157 -5.1057689708566611 19.383506714545121 54 55 52 1.2118830705704469 12 104 15 1942 10 1761
1830 -5.2584403027011062 -4.8871509120843628 18.738561950306998 225 233 124 0.47295620148234135 15 1944 10 1762 11 1782 17 1262 18 1030 17 1182 20 1179 13 1174 19 906 19 989 22 943 24 956 21 954 26 1016 25 806
1831 -2.7940012356393544 -4.7741477788116864 18.209413631899515 212 222 100 0.80722842286536711 10 1764 11 1833 13 1173 19 988 12 1574 9 842
1832 -3.6502300877940241 -4.0824236882381868 18.328628594831276 146 158 59 0.80642001918247852 14 1567 10 1769 13 1098 19 800 4 1071 24 880 43 969 14 1568 12 1308
1834 -32.766482475054787 -33.783141750270644 78.563709026624593 34 34 32 0.51380067880660019 14 1687 15 1989 16 1582 10 1811 11 1763 15 1927 17 1244 17 1300 18 1074 20 1229 13 1153 19 969 22 987 42 1100 24 942 43 1144 43 1211 41 1025 41 1084 21 990 25 797 34 1166 44 1069 40 886 33 978 45 1032 45 1101 47 1044 46 956 38 949 38 1023 37 918 37 979 48 982 28 821 27 921 39 866 32 889 35 883 35 950 36 968 31 835 29 733
1835 0.31491148704553285 -5.7593619125635449 20.347189148858995 204 205 149 1.2036374736607385 15 1999 10 1819 19 1044 26 1124 23 880
1837 7.4314709305111712 -2.7744915016703122 19.188465528239405 44 46 43 1.2653919461641963 15 1960 18 1045 17 970 20 1198 13 984 19 928 26 949
1838 -2.5940676966090197 -3.0726143553506362 18.588175864843233 31 57 9 1.1244873281321037 16 1706 10 1858 17 1317 9 923
1840 -6.8959383761791528 -3.0999887474180596 20.380246620061495 171 178 186 1.1584010584928064 14 1772 16 1736 10 1894 11 1900 17 1354 18 1194 20 1346 19 1102 22 1106 24 1094 21 1077 25 954 23 887 9 990
1841 -1.2819107956294558 -5.6188691152329859 18.960606351311359 26 27 21 2.3569722367873669 14 1794 15 2029 11 1871
1842 -7.0223038509169351 -4.6469655154242684 19.106193839775447 187 191 203 1.162624969376419 12 1669 10 1916 5 1178 6 1277
1843 -7.0223038509169351 -4.6469655154242684 19.106193839775447 187 191 203 1.162624969376419 12 1668 10 1917 5 1179 6 1278
1845 6.9284000548759579 -1.0533683234733353 20.858813150053514 30 29 24 0.27738981754129177 14 1776 21 1052 26 1148 25 924 23 854
1846 -7.3454711326642759 -3.6899277954802883 19.548137760134452 17 19 18 1.2500078536140793 8 1338 10 1932 4 1273
1847 -2.541887176930012 -1.8547979139345518 20.021319340443352 137 140 49 1.569919517887947 6 1317 10 1934 11 1936 7 1438 17 1405 20 1401 19 1154 1 1296 4 1285 3 1300 5 1204 2 1481
1848 4.5969635427911006 -4.0703332445966023 18.287903825155528 111 127 39 1.121634994591121 15 2103 10 1941 11 1945 17 1414 18 1253 20 1413 13 1339 19 1161 22 1163 24 1151 21 1150 26 1228 25 1010 23 949
1849 -0.40437941550832746 -4.546891847898725 18.146325200592496 29 77 23 0.45818806172863069 12 653 15 259 10 116 14 1411 12 654 15 1720 18 919 13 734 21 851 21 852 26 768 26 769 25 707 25 708 23 652 23 653
1853 2.0096542709270029 -1.7418734568409717 19.765550861014223 72 80 28 2.1875054429224372 8 678 16 973 6 880 8 905 10 1138 7 950 18 365 20 429 3 670 3 890 21 372 25 297 17 412 15 1320 10 502
1854 -6.5197810462257761 -4.4540954398428978 19.110399174089753 194 201 214 0.41731204384001264 14 841 12 704 10 926 6 492 16 764 7 502 17 232 1 468 4 449 8 480 3 459 22 168 24 171 5 415 21 170 25 104 2 593 23 76
1855 -3.6848384496988253 -3.1448707489365013 18.886348707030042 123 134 62 1.7545784615882298 8 560 14 334 6 581 12 777 16 853 15 442 10 1029 14 931 16 857 11 399 7 579 7 584 17 346 18 303 20 322 1 548 4 540 4 546 3 558 5 511 25 213 2 691
1857 35.446407899081386 -6.1841087535248125 63.764994869977343 13 13 12 0.99924656667862388 6 926 15 584 10 1134 14 1502 15 1781 10 1600 16 1441 17 1105 18 818 20 955 13 982 19 658 4 1045 42 836 43 824 21 741 26 818 25 625 34 898 33 733 45 738 46 664 1 710 37 658 48 693 39 661 32 664 35 657 36 711 31 589 29 553 30 707
1858 -4.5939503068598198 -3.3118904708378714 18.821788712621554 124 133 51 1.0672604150294802 8 832 14 1243 6 805 12 1098 16 1160 15 1541 10 1352 8 982 12 1313 11 1160 11 1411 7 1050 17 321 18 282 1 792 1 944 4 801 4 952 3 818 3 959 22 250 24 274 5 751 5 868 21 578 26 230 26 590 25 468 2 993 23 162
1860 -2.48240914960284 -2.366949372287205 19.453434850209621 65 81 17 0.31935428777121533 6 1007 8 1032 12 1356 10 1424 8 891 14 1313 6 859 12 1167 16 1240 15 1594 11 1451 17 790 18 675 20 780 13 573 19 515 4 997 3 880 22 619 42 647 24 641 5 914 43 661 21 617 26 642 27 593 25 511 2 1179 23 480
1862 27.948174396063028 5.0884112518605287 48.215374103372085 10 11 6 0.86048538598160629 15 1390 11 650 17 867 18 445 20 528 22 432 21 470 25 352 10 621 23 322 23 331 40 281 28 316 30 381
1863 -19.286397325881985 6.5970704507441544 45.407365711619548 49 48 46 0.1753405551992081 12 541 10 640 19 360
1864 -32.872280484867986 -57.154818886483433 105.53888559949831 44 48 47 0.45798563312654283 12 989 14 1139 15 1441 16 667 10 1219 11 1344 17 902 18 539 20 604 13 393 19 387 22 679 42 744 24 696 43 747 41 700 21 675 26 519 27 670 25 573 34 809 44 673 40 585 23 533 33 681 45 665 47 703 46 609 38 648 37 603 48 643 28 536 39 572 32 611 35 597 36 648 31 525 29 494 30 636
1867 -29.418729228626034 -56.154818503449768 105.43042645298367 101 107 105 1.6269650572270087 10 835 12 596 14 738 11 12 17 42 13 396 19 392 26 525 34 27 40 19 18 47 45 18 47 27 38 24 37 24 28 51 9 9 35 13 29 37
1868 39.9418683661101 -40.541377279882056 77.144270097442444 119 150 143 1.6895312274675043 14 21 16 26 11 22 20 619
1870 -31.79407714208438 -59.472907141772509 114.45877084434362 35 38 37 1.1083142273677302 10 1233 12 34 14 748 15 1034 16 682 11 25 17 49 18 54 20 40 19 23 37 27
1871 -35.747065768146648 -35.305140999640287 70.904581220762324 19 28 27 0.61095201976222957 10 849 14 752 15 1044 11 40 16 687 12 603 7 781 12 1001
1872 -33.415831308422923 -34.741845875380932 70.302692117827149 71 74 66 0.84704758833887384 10 21 14 27 11 45 16 35 19 399
1873 -9.5785283519865612 -9.6508166236147961 22.231732143933201 60 60 58 2.8625189397692283 14 17 11 81
1875 43.461495028238303 -32.165010180699156 75.899539801654313 19 25 23 0.55554555931080851 12 69 11 90 1 604 4 607 3 618
1877 43.297891069785017 -31.910073443538579 76.593485899487959 26 31 30 0.74594108081917854 6 215 11 93 1 207 4 208 3 206 24 87
1878 -34.258538119180557 -30.485380186738997 74.599940251148624 95 104 101 0.056665174034133674 16 59 11 101
1880 6.8869916429339435 -16.497316126103453 43.031885094198771 173 171 172 1.0466904607817002 10 880 14 781 11 120 17 129 18 771 19 50 22 547 27 504 25 436 41 79 34 106 44 530 23 407 33 67 45 535 46 75 38 73 37 77 37 486 39 73 35 462 29 395
1883 0.56105540995339864 -5.2065647083811966 18.963990333407754 82 116 44 0.43749823163039464 10 64 11 183 13 91
1884 0.62480704538070642 -5.1452080651976786 18.864008737993537 195 223 138 0.1834303275410793 10 67 11 206
1887 43.707685418823466 -19.03277616407896 82.223042016831187 31 35 36 0.58312748406987092 10 254 16 357 11 242
1888 -2.1582034390185507 -4.4982248726318215 18.095794407479431 19 78 14 0.32607958125221109 14 122 11 276 7 44 17 200 21 154
1889 -6.6857530990198644 -12.553929913938063 53.171065197086328 25 58 15 1.218684237181247 15 265 5 648
1890 5.5194876119586205 -4.3460974869599784 18.024553231908417 105 151 97 0.32514413552623878 12 144 11 291 7 472 18 213 24 172 5 16 25 103 2 32 23 77
1891 -6.7248574881577943 -4.3786164197614745 19.181453987956836 151 157 169 0.27699339461678646 14 194 15 322 11 304
1892 -48.26560643781081 -13.87136243056441 75.261218087549182 12 14 13 0.60517607590684896 6 367 8 743 11 323 17 244 1 700
1894 40.271421104202986 -10.515705202996893 70.772020223302761 36 40 39 0.89337004548837129 6 373 11 348 1 701 3 730 42 199 24 246 43 149 41 224 21 253 27 175 19 136 40 493 45 150 47 174 46 132 38 150 39 128 32 150
1895 -4.5835802438788855 -3.4604971229825305 18.686350519136184 42 93 18 0.42267002349727989 12 265 11 355
1896 -6.3920539777623686 -3.6636983326338384 20.19806741544642 190 201 190 0.85729321185572438 10 997 11 356
1898 39.098800352840961 -8.8701773808700377 68.248659231509052 46 52 52 0.82494006856149549 6 382 11 388 17 287 20 304 4 346 22 257 24 275 26 275 27 202 23 181 33 207 45 166 46 140 32 160 36 164 30 144
1899 40.001673561190287 -8.8307674591761689 67.886668486177598 49 55 55 0.84305913545255828 10 420 12 440 14 1014 16 989 11 389 7 392 6 381 18 629 20 306 13 764 19 469 1 372 4 347 3 334 22 260 24 279 5 321 21 279 44 168 45 164 47 187 48 145 28 184 32 161
1900 -6.8669568595523396 -3.3592797754863613 20.05595970319337 174 181 191 0.36968565996438513 12 319 11 391 7 260 6 206 8 612 1 607 4 202 3 619 5 568 2 760
1901 4.1670721683560492 -3.125238279011973 18.825267877944164 140 149 60 0.92728359539249339 8 552 7 575 1 541 4 534 3 552 2 654 11 395 17 308
1902 4.1540565573218142 -3.1051443469191762 18.798728078324039 140 149 60 0.43559449450506599 8 553 11 396 7 576 1 542 4 535 3 553
1903 -33.889438968549378 -7.3329598898448394 51.46850963289279 103 102 98 1.1132961691642798 16 442 11 398 17 320 20 293 13 520 9 553
1904 -3.170683696972135 -3.1724675741740693 19.169954814444448 139 149 70 1.3838208001844574 16 315 11 401 5 159
1905 -33.388724637220641 -7.0459178195533569 52.429332214944033 117 116 114 0.82405661512393791 14 417 11 418 17 751 14 1316 12 1190 15 1271 10 1104 18 290 14 1000 20 718
1906 13.17363187751695 -4.2022309821499366 30.590920008113581 33 35 32 1.4481522199971462 10 402 17 311
1909 2.4330470670602034 -2.7746581659401723 19.123965872105678 144 152 65 0.51190669342814543 14 968 15 517 11 469
1910 36.377487978845977 -6.5191426696049586 64.216786299402358 36 36 36 1.0372331162357971 10 475 14 454 15 573 11 476 17 351 1 387 4 362 42 290
1912 2.3352457170136787 -2.2478860143899437 16.501803952800834 0 0 0 0.012041111534545302 10 400 15 562
1913 6.9868801544842345 -2.5237923702969955 19.139176739572644 135 148 119 0.20324649414955889 6 648 11 492 1 214
1915 3.9981289316993185 -2.4317054905096405 19.279439613056098 141 154 62 2.1006370323329846 8 637 11 499 1 619 4 223 7 305
1916 4.0367887345678861 -2.4277216011435914 19.322715367900681 141 154 62 0.13876241935022871 8 638 11 500
1917 -3.3119523073214792 -2.4548922494740699 19.434604604108301 135 139 52 0.23364817686934636 10 409 11 501 2 368
1918 -4.5479587112172437 -2.4467634188201517 19.445619574698604 125 131 48 0.38064509422408449 16 1231 11 502 7 930 1 842
1920 2.9908343103757944 -1.817943740451619 12.871911030350656 141 150 61 2.5733483711482066 12 730 11 517
1921 3.9533108627885984 -2.1412266682327092 19.323047938616931 141 152 60 1.9560715990368667 16 942 11 520 7 679 19 285 2 391
1924 2.1715256306217676 -1.9953633858133404 19.756723026361026 142 152 59 1.9048438831940535 14 424 11 525 4 650
1925 1.4051295990488444 -1.6002347246177298 11.555488882914736 142 152 59 2.0744299590764017 14 909 11 526
1926 6.2788818776414024 -1.4610489251263836 17.386199584002618 24 20 18 1.5442001738306406 14 438 11 542
1927 5.2420857025658769 -1.2487762507743985 20.624217025031157 21 58 15 0.73558145087016114 6 711 11 561 8 727 4 700 3 716
1931 -0.97748784302484226 -0.81920395321266359 9.3921239766572526 13 14 10 1.9698657041899894 12 65 11 594
1933 34.516935253206746 3.9861676605218284 53.883241270965314 90 88 89 1.4776503099047329 10 607 16 584 11 615 20 508 19 341
1934 34.144581060755868 3.8741005542390732 50.885033379269203 88 87 85 0.42622319365844535 14 513 11 616 7 766
1936 -20.735982931857276 5.0615894119979039 48.219879427599842 17 16 14 0.52897411775108438 12 526 14 519 11 668 17 509 45 332
1937 -15.861715391913879 6.0317189163823759 45.228877418865011 63 62 60 0.2295956836243089 10 626 14 523 16 590 11 685
1938 -2.9819652142602906 0.69155399581882926 13.259092863971523 63 62 60 1.289999321327322 15 764 11 688
1939 -13.549043272622352 6.6652880979127138 45.574524960371406 74 73 71 0.62748764153146241 10 642 14 1091 15 1404 11 704 17 529 18 466 20 539 13 641 19 357 22 463 24 468 21 491 26 724 25 387 27 440 34 482 33 378 47 365 46 294 40 317 38 326 37 295 48 293 28 332 39 275 32 305 35 296 36 336 31 278 29 248 41 402
1940 -13.192814031004078 6.7022189994138524 44.748390431359809 26 25 23 1.2898550275039147 14 546 15 786 11 716 18 482 20 552 22 476 21 501 25 396 23 369
1941 -22.932160064271969 7.4540375126330307 46.233031939391566 53 53 51 1.3523676415503243 10 666 14 552 15 797 11 729 17 558 20 564 18 499 19 368
1943 -26.33584252322629 7.5336433462747552 46.733809810775533 16 16 14 1.7027707499463636 16 605 11 739 12 563
1944 -23.461917941526178 7.3585828449182147 45.286282966959917 16 16 14 0.42362228775068606 14 557 15 813 11 740 17 566 19 367 24 498
1945 -22.891881487248384 7.3026247224790852 44.814215381124562 13 13 11 0.74019469944696248 14 1364 15 814 11 741 17 568 18 498 22 493 24 500
1946 -22.114402232425395 7.393382506717761 45.240663618091951 15 17 14 0.37967179706749682 14 563 11 742 24 501
1947 -20.676769903984113 7.8155553400347699 46.954268380204553 16 15 13 1.569659881109698 14 566 15 822 11 746 17 571 20 569 37 877 34 1141 44 1033 46 923 45 999 48 950 31 813 32 321
1948 -18.3486694924745 7.3739182773833702 44.654707717587002 16 16 14 0.654127083263493 10 684 14 569 15 823 11 747 17 573 18 503 20 571 27 462 33 389 45 374 47 381 40 328 37 304 35 311 36 342
1949 -16.980685138486567 7.244168412698067 43.751624961759092 14 13 11 0.16192444978487883 10 687 16 622 11 749
1951 -16.695934051462064 7.5934622009981361 43.489192987795747 61 60 58 0.26036581052191954 14 585 16 629 11 762
1952 -16.900412669069404 7.9403608398523327 44.127065149779263 23 22 20 0.34792447394169779 16 633 11 771 17 593
1953 -29.373221628191217 9.3312364610390688 50.823772147069633 41 41 39 1.1262750992994555 10 695 15 842 16 646 11 776
1954 5.2497988898381225 2.0868847197832783 16.233984692490683 11 7 6 1.3225855585603512 12 1486 11 786 18 489 23 365
1962 -20.952254234947045 8.4809636377755435 44.06770017131133 47 46 44 1.4207956717035455 14 627 11 828 47 394 42 455 48 322
1979 23.348827250646806 7.8953475889908056 36.84519468728471 37 33 30 0.82536098408246528 14 1122 44 1035 45 1001 47 919 46 841 37 879 48 954
1988 -29.554798958324319 -58.090956662801673 108.49742030450184 104 110 107 0.51875194242743894 10 1227 12 993 14 1142 15 1026 16 671 11 971 17 638 18 541 20 606 13 394 19 388 22 518 42 554 24 521 43 539 41 537 21 526 27 489 25 34 34 611 44 496 40 428 23 28 33 493 45 504 47 522 46 452 38 473 37 463 48 463 28 382 39 423 32 442 35 446 36 490 31 12 30 21
1989 -29.889940784893994 -55.668456956356906 104.09127814864185 29 31 32 0.63272708224069563 10 1226 12 595 14 735 15 1027 16 670 11 972 17 639 18 542 20 608 13 663 7 1006 19 390 22 520 42 556 24 523 43 541 41 541 21 527 26 521 27 490 25 422 34 613 44 498 40 432 23 385 33 492 45 505 47 521 46 453 38 475 37 462 48 466 28 384 39 425 9 618 32 441 35 447 36 492 31 383 29 352 30 458
1990 -33.959641406118706 -55.696333990528409 104.29752744037675 27 29 28 0.44920249334606838 10 833 12 22 14 734 15 1025 16 669 11 973 17 640 18 543 20 607 22 519 42 555 24 522 43 540 41 540 21 48 26 520 27 488 25 423 34 612 44 497 40 431 23 384 33 491 45 503 47 520 46 451 38 474 37 464 48 462 28 383 39 424 9 8 32 440 35 448 36 491 31 382 29 351 30 457
1991 -33.899907947815123 -53.202807729628859 100.23536838651393 13 15 12 0.78909606256286124 10 1229 12 994 14 737 16 675 11 975 18 49 20 33 19 573 26 50 34 35 9 10
1993 -39.168931138657896 -31.130946898900103 70.065184161801 41 45 44 1.1948999413688446 8 580 11 1010 6 976 17 665 3 840 22 697 5 510 37 54 48 51
1994 -46.567858822207363 -21.994430782006699 75.802792066666711 18 20 19 1.0916557831140947 6 707 11 1036 1 684 4 892 3 711 43 573 44 707 45 704 47 742 46 487 38 681 37 637 48 505 35 624 36 679
1995 -46.627357100042694 -21.996356046731755 75.856812688122318 18 20 19 1.2789702809243744 6 708 8 719 11 1037 1 685 4 893 3 712 43 574 46 488 38 682 37 638 48 506
1997 -3.4975879594789867 -4.2717330489411962 18.075168117926669 162 173 71 1.6766757002521475 14 831 11 1089 7 64 1 19
1999 2.9426889549345576 -4.0530187462452743 18.056762118331665 110 134 40 1.135425875859339 6 464 11 1103 17 240 24 193 5 702
2000 1.1780393712990895 -3.8259491304273423 18.337736749413715 140 149 60 0.11013365675533049 6 776 11 1128 20 243 4 772 3 784
2002 5.0373928281291152 -3.4715609860189591 18.516145322602661 131 143 53 0.87075196949021816 14 903 11 1149 17 282 18 262 18 271 20 297 19 172 24 255 5 734 21 257 25 189
2003 5.0373928281291152 -3.4715609860189591 18.516145322602661 131 143 53 0.87075196949021816 14 904 11 1150 17 283 18 263 18 272 20 298 19 173 24 256 5 735 21 258 25 190
2004 34.761609651257018 -9.6741619157346719 69.662507387841984 36 41 37 1.1603908116403352 8 950 10 403 15 1278 11 1158 6 924 1 704 3 732 24 265 43 160 21 267 45 154 39 140 32 515
2006 0.96852507718739089 -1.1453610317313958 10.411827584908256 0 0 0 0.81678290641734186 12 1037 15 1345
2009 -24.338865119170887 7.3659806021049103 45.357549958405613 14 14 12 1.0808635394116732 14 1363 11 1297 15 1907 17 880 17 1221 18 497
2011 -11.839823170211146 3.7362612440703642 23.806545306154625 40 40 38 2.063572697819704 16 1046 11 1304
2013 -23.948497678598635 9.0586200903800069 43.312534756671404 41 41 39 0.44152620208973714 10 1204 14 1113 15 973 11 1308
2014 -21.679702571865199 9.0842098007198882 43.104613276051033 53 52 50 0.31186849962075081 10 1207 14 1115 15 1427 11 1311
2015 -21.679702571865199 9.0842098007198882 43.104613276051033 53 52 50 0.31186849962075081 10 1208 14 1116 15 1428 11 1312
2019 -3.4366719412052489 2.5606846585811716 15.56327918444936 31 29 30 2.1568858870672525 16 625 11 1328 28 346
2020 -29.294751431214092 -57.004236352988585 105.30092151532179 25 29 28 0.67213504700474247 10 1221 12 990 15 1443 16 1306 11 1345 7 1004 17 903 18 742 20 864 13 870 19 571 22 680 42 746 24 697 43 749 41 701 21 676 26 735 27 671 25 575 34 810 44 674 40 586 23 534 33 682 45 667 47 704 46 610 38 649 37 604 48 644 28 538 39 573 9 754 32 612 35 598 36 649 31 526 29 495 30 637
2021 -32.503518352433069 -55.545598734109262 105.03640764791429 61 66 62 1.4001935006426351 10 836 12 599 15 1030 16 677 11 1347 17 904 18 46 20 612 42 750 43 751 34 31 40 22 38 26 32 614
2022 -5.6925489965017864 -5.0224889693387755 19.163320699714738 157 211 108 0.79106293454672516 10 71 11 1385 13 717
2023 -4.5283277047684978 -3.6932763616690698 18.551005375950069 125 134 56 0.33791467967359923 14 1435 11 1407 7 1044 1 939 4 948 22 573 24 587 23 561
2024 -33.826527432793 -6.6315500643851291 52.597496976694337 102 102 100 0.99007998057880853 12 1201 11 1432 18 638 45 732
2026 -3.0387090755461794 -2.2381376435912528 19.408469559704688 136 142 53 1.2732886528446938 16 1241 11 1457 20 787 43 669 26 824 27 299
2027 -27.698646421047975 0.93789304339986546 53.593677677290493 18 18 16 0.29370517674673902 6 931 11 1486
2028 -27.698646421047975 0.93789304339986546 53.593677677290493 18 18 16 0.29370517674673902 6 932 11 1487
2029 24.229961081562145 3.0007496829564495 51.654196327353688 10 8 11 0.67505013212091602 12 1236 16 1286 11 1499 22 655 42 706 24 674 43 708 21 651 27 641 25 550 41 668 44 629 40 545 45 616 46 569 38 594 37 550 48 588 32 556 35 543 36 597 30 612
2030 58.458091433757275 -51.54858162813926 100.52893490035585 109 112 109 1.3388823904826013 8 522 10 857 15 1457 11 1528 6 544 17 48 15 36 1 515 4 501 3 517 4 502
2031 4.4713431660344787 -4.4868589720475303 18.194456743274323 32 99 37 1.5574635228011382 12 1047 11 1570 20 1079 19 785
2032 -3.29651075861667 -2.7597484194343029 19.123960488547624 135 135 49 1.278791899720823 6 1109 11 1607 18 821 13 790 43 825
2033 -23.295505935145435 1.1025694528153769 53.20129120877283 24 23 21 0.44403412380053381 8 1099 4 1049 44 771 11 1616 45 876 46 814 37 676 36 722
2035 -31.842532324171479 -40.283917440473701 75.163168174499532 36 43 41 0.81163894901095068 10 1628 12 1404 15 1816 16 1464 11 1639 17 1028 18 1004 20 1139 19 862 22 916 24 801 21 793 41 834 42 895 43 902 26 876 26 989 27 787 25 667 34 962 44 952 41 944 43 1042 42 1013 40 703 23 619 23 744 33 897 45 928 47 948 46 873 38 763 38 853 37 822 48 880 28 649 39 785 35 802 36 889 31 637 29 663 30 768
2036 -34.483246155883926 -38.058154531916898 77.481375966221634 35 36 38 1.0126980231906579 10 1639 12 1416 14 1527 16 1475 11 1652 17 1035 18 880 20 1147 22 803 15 1675 24 51 17 66 22 60 21 70 26 996 25 43 32 621 32 722 29 60
2038 39.674131390679243 -9.5105880465579364 69.096556470433896 63 69 69 0.53182123109301593 6 1129 8 1181 11 1717 17 1197 1 1106 4 1118 3 1128 42 961 5 1035 43 1083 44 997 45 846 47 981 46 791 38 897 37 854 48 924 32 855 35 834 36 917 31 784
2039 31.349780280617868 -8.7712540999570408 67.87388685268796 67 69 66 0.55291296358714925 12 1479 11 1719 7 1215 5 962 43 978 44 887 45 575 46 792 38 553 24 280 30 141 47 186 25 218 37 143 37 766 48 146 36 827 31 131
2040 31.385096130680076 -8.7820627626324157 67.94055887256394 67 69 66 0.65324592294183514 12 1480 11 1720 7 1216 5 963 43 979 44 888 45 576 46 793 38 554 24 281 30 142 36 828 31 132
2041 7.2451719502057097 -2.1246272089407734 19.197884428760418 37 33 30 1.0617649874882724 12 1467 11 1729 20 418 14 1593 26 337
2042 22.604742265214632 3.9139201445367151 51.338024681907584 13 12 8 0.7583032559788162 16 1554 11 1737 17 1132 24 978 21 766 17 1001 24 781 42 713 27 645 17 484 25 641 23 598 40 549 33 771 46 824 38 598 37 225 32 678 35 546 31 482 29 713
2044 -16.742370410410174 9.1997313652949426 42.050980104616713 60 59 57 0.55261335372124676 10 1798 14 1608 15 1913 11 1748 34 1041 44 1042 42 1080 33 881 45 1007 47 1016 46 930 40 799 38 927 37 891 48 852 39 848 32 783 35 861 36 949 31 818 41 1009
2045 -34.001427138393517 -54.581866228483598 101.31803133780988 12 16 15 0.53159836666149329 10 1728 12 1496 14 1616 15 1917 16 1571 11 1751 7 1234 17 1230 18 1063 20 1216 13 1142 19 948 22 975 42 1088 24 985 43 1132 41 1013 21 978 26 1051 27 962 25 839 34 1154 44 1055 40 875 23 787 33 962 45 1018 47 1029 46 945 38 939 37 904 48 970 28 806 39 856 9 815 32 879 35 872 36 960 31 825 29 725 30 954
2046 -36.902093253515915 -41.321357869312244 91.689154493850992 106 112 112 1.4188485408499911 10 1739 16 1580 11 1761 12 1504 17 1340 13 1265 19 1083 25 943
2047 -33.159235169776011 -32.454991011180589 77.74375244410264 107 116 113 1.1101574162512982 10 1744 14 1625 15 1837 16 1585 11 1766 16 1484 14 1536 20 1157 17 1172 18 1018 13 1156 17 1246 18 1078 20 1230 19 973 10 1813 14 1689 22 989 42 1024 24 943 24 993 43 1055 41 1028 21 943 34 1083 34 1167 40 820 40 889 33 912 33 979 45 830 47 855 46 886 46 957 37 836 37 921 48 983 28 822 39 799 39 869 32 824 35 817 35 886 36 971 31 763 29 683
2049 -33.61258604226888 -6.1681674726361653 53.080875354550443 108 106 107 1.1074917217103448 10 1835 12 1539 14 1663 16 1619 11 1797 17 1274 18 1099 20 1253 13 1189 19 999 22 1021 42 1131 24 1016 44 1089 45 1051 47 1071 46 981 40 921 38 701 11 1436 48 997 39 752 35 516 41 1053
2052 -31.774647289849987 -56.724384943369984 112.05429112989316 28 28 26 0.90290979672549643 10 1845 12 1605 14 1720 15 2023 16 1640 11 1815 17 1292 18 1128 13 1211 19 1025 22 981 22 1040 42 1152 24 1038 43 1202 41 1074 21 984 21 1027 26 1111 25 899 34 1222 44 1063 40 946 23 790 33 971 33 1039 45 1094 47 1113 46 1031 28 815 32 941 35 938 36 1017 31 830 31 895 29 728 30 1019 30 958
2055 80.911616669491423 -56.854449823712152 109.11585918020909 112 118 114 0.88490769799877267 6 1091 11 1859 5 1054
2056 7.4901040009787003 -6.2419519703652107 21.668050927985391 39 40 35 2.0583693267639123 14 90 15 2032 11 1898
2058 36.670797963342849 -8.1731229719389127 66.939241204838794 64 73 72 0.62898936495057278 12 1677 14 1814 11 1922 7 1409 17 1401 24 1141 43 1333 41 1186 25 1001 44 1252 23 937 40 1067 33 1184 45 1218 47 1239 46 1135 38 1128 37 1085 48 1145 28 982 32 1058 35 1062 36 1127 31 1033 29 892 30 1115
2059 -5.317343315086573 -1.1678729785487774 20.823464349986711 30 30 30 1.0106917975893852 14 1803 13 1299
2060 10.190173167590657 -14.98875123617818 41.124242200949936 174 172 173 1.4078810679279694 10 1939 15 2097 11 1942 17 1423 18 1263 20 1405 13 1352 19 1169 22 1175 42 1302 24 1162 41 1212 21 1159 26 1240 27 1141 25 1019 34 1379 40 1089 23 945 23 962 33 1197 45 1234 44 1263 47 1271 46 1171 38 1144 37 1109 48 1170 28 992 39 1037 9 1025 32 1091 35 1074 31 1075 29 924
2061 -42.766191660599638 -17.559817024850965 77.620160183359829 27 27 26 1.9249718521069057 6 355 12 853 15 276 11 268 8 355 14 291 6 353 12 378 16 878 15 274 10 962 7 343 18 185 13 95 1 352 1 693 4 707 4 709 3 318 3 320 5 308 5 658
2063 45.498975069133166 -37.779413339756694 86.631399925424788 93 96 91 0.62819709363356846 6 202 11 75 9 25
2065 29.838166649308597 -7.8587926116561535 66.705150215369969 50 52 49 0.64385678216734177 10 446 12 449 14 436 16 475 19 212
2067 -13.04710202572655 6.8213711363667509 37.785210902691993 21 20 18 2.7052561497766723 16 636 11 812
2068 -6.9918179265317866 2.6982301365076662 18.793338420074647 58 57 55 1.9523860549168273 16 594 11 832
2070 30.011486915529677 2.6178439586135309 51.285619879125989 47 47 46 1.400548058986248 12 512 16 577 15 717 8 435 11 606 7 421 17 463 1 721 3 405 5 369
2071 5.2485213491848217 -2.0425695647803015 19.505751211215504 51 67 19 0.58592595862973018 10 469 14 1009 11 524 22 343 5 804
2072 -4.4577964873632494 -16.748677657463197 33.134937644496681 74 78 77 0.91117865794697139 14 10 7 2
2073 -2.9504553811046605 -3.5931089467250041 15.17888284629049 93 95 92 0.01341206107140188 6 945 7 10
2074 5.8526587351490553 -1.5438268688771215 11.807170672745784 99 96 97 2.84896171627094 12 195 7 12
2075 6.0146199195477514 -1.5810078916365577 12.034798651106573 98 96 97 2.6973567738612632 12 208 7 20
2077 4.8664264985261925 -5.6699898917885738 19.898316548517304 35 34 28 0.43590762142195394 16 1327 7 29
2080 35.837101566808059 -18.529698995343818 46.644489420210292 88 88 87 0.41589085705356998 6 154 7 60 1 141 4 151 3 141
2083 -6.4541721670943497 -4.6899443793142854 18.923231282571429 184 185 194 0.27970446536664495 8 29 7 68 4 24 3 25
2084 -5.8288394389264919 -4.352245809151265 18.28024044758611 253 252 251 0.32452844342236886 16 109 7 71 2 578
2085 4.4157082053913213 -4.1066873380970277 18.042326047654846 51 90 1 0.41186556443001032 6 26 8 24 7 81 1 26 4 17 3 21 5 27 2 56
2086 -6.4506643947582569 -4.5955593802823582 18.987435075834899 180 182 194 0.28922217773561287 6 38 7 85 1 44 4 35 3 31 8 38 5 50
2087 -7.1917131433573145 -5.0349277970341193 19.93181718122019 182 182 194 1.7213467834230327 16 102 7 93 4 54 1 59 6 59 3 48 5 65 2 91
2088 -6.8011160372109138 -4.5135687082044686 18.913014182364286 186 186 198 0.32303671172250198 6 49 7 97 3 37 4 42 8 43 5 53
2091 5.4092606369281206 -3.9320571245249658 18.177670809576259 71 90 1 0.39695161390833406 16 181 7 115 4 45 3 39 5 47 2 78 10 964
2092 -6.6962781794131301 -4.7953830063884135 19.962321401196562 174 180 196 0.80111969605467637 6 78 7 117 8 73 1 72 3 65
2093 -6.4449327873928892 -4.3957660081398533 19.129107501365596 172 180 193 0.2865256442835018 12 192 16 138 7 119 5 77 3 57 6 69 1 66 2 103
2094 -6.6702157518076932 -4.3371047838588845 19.065127762860936 167 170 185 0.24515834418321975 8 65 7 122 3 470 6 500 5 430
2095 14.798283750831644 -6.7851746129538251 24.827038943787397 115 121 121 2.4383445716638965 15 194 7 128
2096 -6.9662365065542158 -4.8239416261329957 20.286597113205048 171 177 189 1.9878368183163377 8 92 12 191 7 130 4 87 5 91
2097 -7.0275801968518747 -4.8456378280553603 20.076907911525264 184 188 200 1.1176084719920696 6 85 15 269 4 77 8 77 3 67
2098 -6.7924978571286241 -4.2162586273879388 19.136008962837519 175 178 193 0.0059621876913923209 8 81 7 142
2099 -6.4232761997681669 -4.1939746378200571 19.261389044347162 173 179 191 0.18492715670296478 6 95 7 146 1 83 4 86 12 223 14 223 3 77 3 78 2 131
2100 -6.5435047040972139 -4.1673277747030033 19.238935978582287 171 175 187 0.20790370183493162 14 226 7 150 1 85 3 80
2102 -6.5272687004543828 -4.0635304917384891 19.304185919802798 177 181 193 0.21187266991012813 8 112 7 166 4 108 1 102 3 95 5 110
2103 -4.3150982788558823 -3.695568317435959 18.548464233343033 25 44 0 0.34951218961628772 11 336 15 387 7 171 2 142 23 138
2104 -6.7011630401846558 -3.9959379371134043 19.276082831046587 202 208 222 0.12675920215577305 8 120 7 174
2105 -3.8365044631007632 -3.6545767947887624 18.531391779681531 3 46 0 0.24330600918582804 16 210 7 175 1 91 4 97 3 86 5 102 2 143
2106 -3.8357922806560492 -3.6568316005596637 18.53737289776614 3 46 0 0.22729598612136598 16 211 7 176 4 98 2 144
2109 -5.5336066721343959 -3.7875137639362446 17.956677762661599 82 99 44 0.31413278404592604 6 484 1 51 4 443 3 41 5 63
2110 -3.5419974748316623 -3.5799088815295415 18.686827425793382 20 41 0 0.12438041066504593 15 397 7 189
2111 -3.6863680469056463 -3.5601457354785753 18.640771179831766 128 138 70 0.12798186790358085 6 125 7 192 3 107 2 169
2112 1.0688215656115305 -3.5220666035008734 18.694121314695636 89 111 13 0.41126453204683538 16 238 7 194 3 108
2113 1.0688215656115305 -3.5220666035008734 18.694121314695636 89 111 13 0.41126453204683538 16 239 7 195 3 109
2114 -6.4795808787882772 -3.853936325860444 19.405803155757997 160 166 180 1.5117738184160627 8 133 7 197 1 118 6 132 3 113 5 125 5 131 2 187
2115 -6.6357150840081598 -3.8564372275066945 19.430866904317313 159 165 179 0.23413561358353252 6 131 8 134 7 198 1 121 4 125 3 118 5 132 2 188
2117 -6.2697268999925235 -3.8961509124479963 19.756939715273145 214 221 217 1.5986236297282648 16 224 7 207 1 789 6 802 4 508 6 145 8 829 3 816 5 749
2118 -6.7821317499832157 -3.7964850373829186 19.552168614226446 168 174 186 0.2802099751451208 6 138 8 140 7 209 1 126 3 126 5 136
2120 -6.8350628845368719 -3.757183582268278 19.568629971050328 195 199 211 0.26696161527019086 6 144 7 212 1 131 5 139
2121 -2.6412052244901751 -3.2605971781047232 18.835616106137699 25 39 0 0.11623594122105065 6 148 8 146 7 215 1 133 3 131 5 141
2122 -2.5641581021994182 -3.2524505087566871 18.849605755301962 134 150 81 1.2274860330185515 10 302 15 429 7 220 13 150 9 277 30 181
2123 -6.4689682078629867 -3.6345354949607613 19.996228899192946 81 83 81 0.65096864816524003 15 405 7 223 19 192
2124 -3.9201812661199886 -3.1036148891009656 18.915087687457767 26 52 2 0.15783604134945622 6 166 8 166 7 230 1 155 4 160 3 152 5 154 2 228
2125 -6.9100802156412264 -3.4767520077416632 19.909329638158344 152 158 172 0.1517855784862015 8 190 7 233 1 176 4 179
2126 -6.8837977487948141 -3.4753018743683111 20.015069867611302 179 185 200 0.24381730436046201 6 612 8 590 7 239 1 581 4 574 3 592 5 543 2 730
2129 -4.312507884020242 -3.0181622151496508 19.019979135099351 127 144 84 0.28772249446382198 16 874 7 256 2 725
2130 -11.755250606065276 -7.3966935889905718 31.376561965852325 145 148 155 1.1172677400381144 11 271 7 267
2131 -6.2602842845909397 -3.2826458353858095 19.996132003626268 149 153 162 1.1694503225741808 8 217 7 268 4 203 1 203 3 1275 4 1262 5 190
2132 -6.6657091929723737 -3.2964034718897768 20.061537445574636 144 148 159 0.15155664837751767 6 212 8 220 7 269 1 199 4 204 3 201 2 302
2133 -6.5553185148443518 -3.3094057635783849 20.085749115766991 140 143 150 0.11695889817709611 6 213 8 221 7 270 1 201 3 202 5 193
2134 -6.5553185148443518 -3.3094057635783849 20.085749115766991 140 143 150 0.11695889817709611 6 214 8 222 7 271 1 200 3 203 5 194
2135 -2.1411082422024119 -2.6741584049509064 19.250690200560761 126 138 66 0.15502705674680087 6 220 8 228 7 291 1 217 4 214
2136 -2.1416505975465059 -2.6755994123438471 19.252870047802809 126 138 66 0.15097300362903596 6 221 8 229 7 292 1 218 4 215 2 322
2137 -6.7940806773284406 -3.033739830691351 20.324514148886067 153 156 163 0.14366246354111487 6 231 7 298 1 226 4 227 5 216
2138 3.8973707508690447 -2.3660114738537903 19.079228259751396 86 107 12 0.80902856391339517 16 401 7 306 4 224 5 214
2140 -6.4314443295581025 -2.6880339068279966 20.461055003807985 148 154 163 0.10396905130565776 6 246 8 263 7 318 1 251
2142 -6.5187902686835466 -2.6397906736370302 20.361642598368238 154 159 162 0.19566642365554945 6 244 8 260 7 320 1 249 4 242 3 234 2 400
2143 4.1855200939085382 -2.0721364942111391 19.441667897799377 86 106 11 0.090081289485806418 8 264 7 329 1 254
2144 4.1855200939085382 -2.0721364942111391 19.441667897799377 86 106 11 0.090081289485806418 8 265 7 330 1 255
2145 31.046435312240657 -8.7859637861009272 46.043772640417664 83 82 80 0.11463201288162569 8 347 7 335
2147 5.5125670627344476 -1.811505154666472 19.559930231643648 6 41 0 0.3547430478143897 12 407 7 339
2148 43.469213554206924 -17.613690722639937 80.308632640871579 36 40 39 0.56799502967152471 10 982 14 339 16 903 7 341 13 455 19 425
2149 4.3875398938929493 -1.7318331131866285 19.806179878894646 73 108 10 0.2596278716305423 8 282 7 346 2 438
2151 4.9453853251296866 -1.6349727241433614 19.816900127624635 16 45 0 0.076744232656970723 8 287 7 352 1 277
2152 4.9453853251296866 -1.6349727241433614 19.816900127624635 16 45 0 0.076744232656970723 8 288 7 353 1 278
2153 -4.3027541266418705 -1.5885873891766136 20.034637289596755 104 126 53 0.11829766398136068 12 422 7 356 5 266 2 462
2154 -4.4816554016082746 -1.5843587337414993 20.022934614296101 101 125 51 0.16425924041389034 6 280 8 297 7 357 1 289 4 267 3 264 5 263
2155 -4.5957779295865286 -1.5428204825940277 20.077668540462124 38 61 0 0.11571567501096551 14 452 7 360 2 467
2157 8.0697290708332812 -1.7211421258001425 21.836820409477411 35 34 30 1.7445224458208028 7 365 20 438
2158 6.855568290864178 -1.2895516954381681 20.229979895940588 55 99 15 1.9018464971410702 10 570 7 366 26 677
2159 0.13225677059166541 -1.2744490483895734 20.229464413939741 85 104 58 0.19242325723890522 6 302 7 371 1 308
2160 -3.6210053229496011 -1.2595717028107363 20.35913446391028 18 45 8 0.11504195476200718 8 722 7 379 2 522
2162 4.9206479835666119 -1.1068317374685273 20.206534909725683 24 56 14 1.0726308048278248 6 717 7 382 4 904
2163 5.3970070003500199 -0.91433874092657696 20.635396072184935 98 95 89 0.3872476996657554 14 483 7 385 17 452 24 394 21 401 25 324
2164 35.485086444295689 -8.9673720778391974 66.024680771962906 35 39 41 1.5125440665469205 10 1413 12 932 7 388 19 638 2 531
2165 36.251791769923216 -5.8464070686647123 63.272950273183696 65 64 62 0.52395777318414694 10 494 16 543 7 402 20 401
2166 37.963757409857983 -5.2199296130189312 64.153447248400752 25 23 24 0.71285986072008767 8 389 7 403 4 372
2167 30.250297886810788 0.99909926626333712 52.596448501883685 69 68 66 2.5300348975178726 6 422 7 413 19 323
2168 30.250297886810788 0.99909926626333712 52.596448501883685 69 68 66 2.5300348975178726 6 423 7 414 19 324
2169 31.947654722050554 2.7697927925651147 49.989504073297695 13 12 8 0.90183217777882252 6 444 7 422 1 430 48 237
2170 -0.30687523461803884 2.0356732318941155 16.206976521664338 170 169 167 0.21826683337262831 14 533 7 424 13 373
2171 -0.30687523461803884 2.0356732318941155 16.206976521664338 170 169 167 0.21826683337262831 14 534 7 425 13 374
2172 -4.5048300093534461 -20.184297724794099 37.718962367624194 43 37 25 2.4647728990979259 6 451 8 0 12 573 4 2
2173 -4.3078004427236269 -6.0949219262902412 20.535684689827878 32 34 31 2.2474580008298619 16 1695 7 448
2175 5.5312811477277988 -4.6498300549894971 18.342816718903272 169 198 124 1.9098233463722318 16 1345 7 452 1 446
2177 1.8171556042850525 -4.528934443006797 18.147283270782854 74 103 66 0.38289122148393939 12 1036 7 457
2178 -7.0159592086386988 -4.6727777125181698 19.198246469019193 206 208 221 1.2256582427580125 14 824 12 680 17 214 4 440
2181 -6.3953275951627155 -4.3757838453275086 19.19142822591942 201 207 223 0.22314649852772112 6 506 12 715 7 514 1 478 8 490 4 459 3 474 5 437
2182 -6.6233553946854604 -4.3181284431476437 19.127662129759713 199 202 217 0.38355186092381605 6 508 12 719 16 777 7 518 8 494 1 482 4 466 3 478 5 439 2 605
2183 -6.7267569873599387 -4.0964754088920303 19.247005789964945 201 205 217 0.33741281908453391 6 538 14 232 7 532 1 507 8 513 4 491 5 461
2185 3.9202456969392827 -3.2825105559647549 18.723045033423695 138 146 58 1.0033378636553547 7 545 2 644 25 200 14 912
2187 2.3235986391397501 -3.1686249989361728 18.580968190322459 138 148 61 1.0166338545305675 8 525 11 1167 7 548 1 521 5 477
2188 -5.7111072375582257 -3.1730899764783391 18.973583483003193 43 78 29 0.45697476527762043 16 1172 7 583 20 313
2189 3.2130794038088295 -2.3856825431358599 16.577092156357459 0 0 0 2.1128195638892673 11 484 14 962
2190 -6.5968969637978692 -3.1399117845049989 20.165044435551202 182 182 182 0.32456405708621017 6 649 8 632 7 642 1 618 2 771
2191 3.0296828747164368 -2.4577871239988625 19.174672055833831 136 138 47 1.4026613584160679 12 854 15 566 7 651
2192 3.0616367365900401 -2.5046213090302665 19.426249841124594 136 138 47 2.2233319802574893 12 855 15 567 7 652 2 353
2193 3.6171615256307876 -2.4553261975726981 19.208772406249036 143 150 62 0.5877993849811074 8 634 7 653 2 782
2194 4.9874312194914863 -2.4457501336766385 19.236611380042337 135 144 51 0.35312751818327714 16 926 2 1044
2195 4.7915184961503323 -2.1842574467004634 18.40105354488594 132 135 48 2.4732361387204937 8 628 7 656
2196 4.7915184961503323 -2.1842574467004634 18.40105354488594 132 135 48 2.4732361387204937 8 629 7 657
2197 4.0807384572118908 -2.1102459135323572 18.021321843383991 0 0 0 1.6705849849189225 11 519 12 860 15 592
2198 -2.6507748072971657 -2.3837313998330059 19.456303065728907 57 70 6 0.21646832043534286 12 862 7 661 4 630 2 791
2199 -3.7948102180583962 -2.3692723480432463 19.513657307277111 83 88 13 0.025439068479299543 7 668 2 799 15 577
2200 -3.7948102180583962 -2.3692723480432463 19.513657307277111 83 88 13 0.025439068479299543 15 578 7 669 2 800
2202 4.145197454272493 -2.3296377662295287 19.280270864094714 140 153 63 2.0969165483875374 12 873 14 410 13 247 1 623 2 365
2203 5.0831369935810775 -2.0799621112115032 19.493948068748793 101 134 37 1.6627874167507091 12 883 7 685 1 631 7 684 3 653 5 597
2204 5.1410229871408353 -2.0862398732302303 19.538621999396611 101 134 37 0.50718129326833794 12 884 7 686
2207 2.5203363950235258 -2.0238794563277582 19.530937447024112 139 152 54 0.4159865639636196 11 1230 7 691 4 647
2214 29.794535237508114 2.9923145371756239 48.912607733724236 83 83 81 1.4267318351579368 10 602 7 762 4 402 29 216
2216 -0.54411664239994117 2.7807712111316265 15.128372703575565 171 165 169 0.33748327273074091 6 416 7 769 1 397 4 378 3 361 5 353
2217 -33.595200011419507 -31.111857736049387 67.590105096865244 12 7 9 1.1186622466957956 8 833 7 792 20 639 13 414 19 584 28 400 32 469
2220 -0.55147622343194846 -4.6401416090882881 18.143678996916911 209 217 163 0.29175354038585399 12 99 7 797
2221 -1.3825756612914206 -4.4080288867979638 17.735647073366533 205 220 122 1.8940028674642095 12 1278 7 804 26 161
2222 -0.70926218269266406 -4.5625183340459614 18.149451381710797 39 88 33 1.3383785226963054 16 1338 7 807 18 918 20 1068 19 780 24 151 26 922 25 706 9 782
2223 5.5434794579486715 -4.3542376226629784 17.801725547705438 165 194 116 0.76027457509580998 6 13 7 808
2224 1.4246569395842408 -3.6806543898210728 18.43917931186396 145 145 59 1.5709095570846665 16 812 7 865 22 221 19 151 2 614 23 140
2225 2.5591914299197831 -3.1989441481109444 18.878001790834443 134 147 56 1.5128717129238953 11 1164 7 883 20 327 19 211 22 271 24 601 21 585 26 248 23 440
2226 -5.8490991411367599 -3.0375939078421657 19.257924484583601 180 188 195 1.5659729533944513 12 326 7 903 2 748 22 281
2227 -2.451319167029804 -2.2405175155776256 18.917236668294102 138 142 54 2.0035862207532111 8 886 7 929 20 788 17 398 43 296 2 1176
2228 53.860534984789737 -21.475873901414872 85.553552163224623 38 43 38 0.53652783114138969 11 1678 14 1242 15 1717 7 936 14 1439 13 443
2229 5.1353298689392348 -1.713214524830361 19.780843273525026 78 110 50 0.47360611526686147 10 1143 7 952 13 269 22 349
2233 -2.0598300510608221 -1.2305171955986198 20.26999346667894 19 52 14 0.29894201056540493 15 1353 7 977
2234 -43.019296530228175 -35.392885898024545 73.448414506980825 74 80 78 0.48210435310773492 10 855 12 612 14 1157 16 692 7 1011 17 79 13 675 19 404 5 473
2235 -1.2254280303926723 -6.1831500479777102 20.582369190436413 21 18 9 1.8561740806545273 12 1569 7 1013
2237 0.62364653684558602 -4.5441381707507231 18.166785577719516 60 110 57 0.94944318393200111 12 1285 7 1021 23 659
2238 -4.4747202812723934 -4.0353651680006388 18.350733985990463 13 45 13 0.47922571416507315 6 955 7 1040 18 618 24 196 17 254 25 134
2239 -7.0960228046465623 -3.4176809125053285 20.162645784008639 176 179 187 0.054512185243957872 10 1555 7 1067
2240 4.3583227667617965 -2.8419425679410288 19.021087531246188 140 144 54 0.63640948918773887 12 1335 7 1072 26 612
2241 -7.0194589865136923 -3.1647400061932136 20.18397147738947 183 188 194 0.64505700961296175 10 1569 7 1077 20 332 16 1389 13 783 19 657 5 1072 6 1111
2242 -45.373152452594461 -22.689699808602668 77.234911636773816 21 23 20 0.27446873076680783 10 1512 12 1311 7 1078 14 1427 13 897 19 755 3 1041 5 946
2243 -2.4121733604838469 -2.4943249765513924 19.523082984475291 142 146 58 1.2174081180285541 6 857 10 1415 7 1091 20 769 1 980 3 997 5 906 21 607 27 861 25 821 2 1177 23 700
2245 -2.7487596479844068 -1.0942956673317461 20.562496647309672 86 77 69 1.3405467294408446 8 1175 7 1135 4 1113
2246 5.6694887299832137 0.87289603219627954 18.724738773981169 24 23 19 0.17354786246731935 10 1838 7 1140
2247 -0.669187830616361 -4.8467121889960207 14.603975796942311 0 0 0 0.31341040936677733 11 1774 12 1491
2248 -7.2836478084751457 -7.2916996816414876 22.822444728350941 35 36 37 1.6490546215418775 11 150 7 1165
2249 -4.5902799761723845 -4.913584401808639 18.5059969432332 202 220 118 1.0688957995185584 12 1571 7 1167 27 1028
2250 -4.4645251472368592 -3.5690908914927659 18.651769320299532 12 50 16 0.30812636459918386 15 1753 7 1183 22 736 21 727 26 806 25 610 23 565
2251 -4.0559424687238783 -1.4592321723424386 20.082326210199057 105 125 36 1.0591873660591269 13 1006 21 905 26 962 42 984 2 1295 4 1110 7 1207 10 1608 26 839 27 875
2252 -32.865316573216617 -57.394959944654182 107.16028473130655 35 37 36 0.69036561140135633 12 1497 14 1617 15 1918 16 1572 7 1235 10 1730 17 1231 18 1065 20 1217 13 1143 21 979 26 1052 33 965 9 881 32 880 29 726
2253 74.957583089284881 -54.151403934272963 104.4233297543545 117 121 119 1.8542768009357722 15 1982 16 1638 7 1240 17 1288 18 1124 20 1271 13 1208 27 1017 44 1125 22 1041 47 1118 40 995 48 1039 28 871 39 905 41 1118
2254 -5.05599091159743 -5.0973348530874389 18.884674778708277 193 218 115 0.83648050429235066 12 1570 7 1247
2255 7.1648783758540002 -1.5096684963335527 19.471972223616387 37 39 34 1.6034065555534975 7 1282 17 1120 14 1597 20 967 18 375 13 1001 19 831
2256 3.269394326889802 -1.0628175846726782 20.742346499979007 66 65 60 0.67614524078478544 6 1179 8 1231 1 1154 4 1174 3 1176 5 1081 2 1343 7 1289 42 691
2257 -7.0471858238436926 -4.6751603393438419 18.908089409021056 205 202 211 1.1986577946528303 8 1252 7 1318 18 1147 16 1648 20 1180 13 1238 19 1051 4 1221 3 1197 5 1102 2 1366
2258 7.0979116580715766 -2.4703341335533322 19.301981243772953 135 131 128 2.0001693555140121 8 1159 6 1112 4 1163 3 1211 24 628 5 1119 2 1383
2259 -30.216931224084458 -14.720166640676217 65.741011622154929 65 65 63 1.6915162151692238 10 241 14 1649 7 1334 37 847
2262 5.2224767889144106 -0.3363380975557132 18.990400950641796 39 40 35 1.651057722654562 6 719 14 1710 1 884
2263 36.46832520135488 -6.9647411047993906 64.404854070865767 54 58 57 1.0426640122321762 6 1252 7 1368 4 1238
2264 5.1727217625987132 2.3329460797823476 15.644063203354966 17 16 14 0.67939395387250701 11 883 19 557 43 1021 7 1371
2265 0.90263638854861206 -5.5981053742564582 19.51142481715862 207 206 204 1.1225669583326683 15 2030 7 1379
2266 31.517392964555256 2.5213497452850415 51.589303099799473 124 117 111 0.7099106187175126 12 1654 14 1779 16 1742 7 1387 5 1173
2267 31.517392964555256 2.5213497452850415 51.589303099799473 124 117 111 0.7099106187175126 12 1655 14 1780 16 1743 7 1388 5 1174
2268 4.1448188341722929 -4.8013142374385742 18.380809318252947 206 209 148 2.133907595199326 12 1666 7 1397
2269 -2.0063406356531663 -3.0433544781270756 18.862574252072605 13 50 7 0.3174439215669711 6 1284 8 1324 7 1404 4 1260 5 1182 2 1456 9 989
2270 6.7869310293651361 -2.6895467259146524 18.989290436478843 68 109 15 0.67727402358739397 19 1062 1 1250 13 1251 14 1742 21 1048 25 919
2272 -3.9183028530086745 -4.8715346497568888 19.003178677281284 171 182 79 0.99694824345418598 6 1261 8 1318 12 1695 1 1264 3 1250 3 1269 5 1176 2 1450
2273 0.2544087454936238 -4.1620133200267411 18.183664777799191 131 141 54 0.57848238876760283 6 1299 8 1336 7 1434 1 1289 4 1281 3 1294 5 1200 2 1478
2275 -3.054802739794293 -3.918005608146343 18.414983455683789 72 112 20 1.5534417358142472 14 234 10 233 7 136 16 1360 10 1316 11 1119 13 961 19 133 26 578 27 531
2276 -6.8394019571173095 -4.0664897821739272 19.21919050721959 198 202 215 0.30882182509425493 6 537 14 237 12 238 8 514 7 159 16 201 10 231 1 509 4 495 3 508 5 466 2 622
2277 -6.7869479430313868 -3.4938880666962939 19.927489602442652 152 160 173 0.31085461789692775 16 273 10 294 7 232 8 183 14 304 6 186 1 178 4 174 3 168 2 246 9 282
2278 41.897372264494145 -10.445833084070173 69.391750669490619 62 65 64 1.4810607082479688 6 920 12 916 10 1708 14 1481 7 749 12 1387 17 727 20 932 1 898 4 1043 3 927 5 838 28 452
2280 44.042730188882274 -19.679423492928514 82.843287285843218 9 15 15 1.4172684376660147 8 734 14 907 6 721 12 1155 16 1197 15 283 10 1322 11 224 7 940 8 1088 12 1344 17 165 20 681 1 689 4 705 3 916 5 830 21 120 2 1219
2282 5.4819430138667915 -2.4149225693058729 19.227354359529318 132 134 46 0.84918756283431507 14 1590 12 1530 16 1611 15 1779 10 1788 11 1609 7 1273 7 1328 12 1585 16 1665 17 1110 13 1111 19 930 1 1190 4 1199 21 899 26 1033 25 753 2 1332 23 701
2283 13.229446958169687 -11.980736642304159 26.059426294682808 116 122 122 0.41885403669483273 12 10 7 3
2285 23.055614918800682 1.921957410506058 38.908312670139651 29 24 20 2.6647090123350812 15 720 7 754
2286 -7.0863033135048292 -4.3063290148518636 18.664678386985774 16 18 15 1.699376430699254 15 1877 7 1355
2287 43.008548193332103 -79.770908448154785 123.92527910475636 108 128 125 0.68204393616031067 7 430 12 569 16 649 17 1 18 8 20 579 13 1 22 9 24 7 5 384 21 13 26 10 27 10 25 8 28 9 30 3 32 1
2288 41.369275431875728 -73.9248313081238 124.54785687835596 63 79 76 0.46330909604058323 12 579 14 719 17 17 16 655 20 13 13 860 19 8
2289 -26.470750071750238 -37.104767257367271 62.996263256698917 22 30 32 1.8314844131772687 6 10 17 23 8 444 18 31 20 589 19 567 42 7 24 22 43 11 25 21 44 7 37 5
2290 41.01845898810987 -54.096200164627618 97.126551460257275 91 99 96 1.1219326150924827 12 16 17 26 19 14 34 24 32 34 29 36
2291 -33.235144500194636 -56.338842051059828 101.66577051083107 134 136 135 0.30705478316302404 12 587 14 727 16 662 17 28 18 35 20 23 13 659
2292 -29.372055977602152 -55.940484245937171 101.77798680646248 55 57 56 0.7875763758887514 12 592 17 32 18 533 20 602 19 384 42 22 43 26 41 24 21 40 26 43 25 28 34 16 33 7 45 13 47 14 46 12 37 18 48 10 28 38 26 515 39 18 32 26 35 9 29 344
2293 -34.052856055313804 -58.26861606597349 106.25432009345458 30 32 31 0.46429431813847416 16 18 17 35 18 39 20 25 13 18 19 18 46 9
2295 -31.79492137384058 -56.926459298817235 104.24180854894539 29 32 31 0.62396529122313438 10 831 11 4 14 731 15 1 17 40 16 1062 18 536 20 603 13 660 22 37 43 28 21 44 27 24 40 16 33 9 45 497 38 18 37 456 48 13 32 29 36 12
2296 -43.223962267969789 -38.267688400350366 72.903206122497778 22 26 27 1.6665126969166193 10 832 15 1028 17 52 20 615 19 27 38 479 48 468 45 670 36 18 32 37 39 426 36 782 29 353 31 384
2297 -32.216386010460347 -58.213461864175464 113.10493694875483 21 25 21 1.1552403621701215 15 1037 16 1070 17 54 18 58 20 44 19 26 21 55 26 529 34 43 34 44 44 42 47 37 38 30 32 47 29 360
2298 55.239634977240051 -46.935900820019313 94.327033478363418 109 110 105 0.43469804118807687 10 860 11 44 14 761 17 59 12 615 15 1057 18 67 20 58 9 415
2300 54.775492585619652 -45.956635025779654 94.197424535529336 110 112 107 2.1300895304858489 14 762 15 1060 17 64 7 444 10 31 11 989 18 553 20 67 13 28 19 398 4 139 6 140 3 127 44 64 37 39 21 78 27 500 42 572 28 397 40 441 45 524 46 471 48 489 44 520 23 396 33 509 38 492 47 52 39 585 36 502 29 380 29 75 30 466 41 550
2301 -34.461405729262935 -33.17487582909601 67.898794963808001 11 15 16 0.33208579409570188 16 37 17 73 20 61 32 59 29 62
2302 -33.33368457968777 -34.498803412918996 73.002354392660664 50 54 55 0.16383344183385096 15 1052 17 84 20 69
2303 -35.182024042023869 -30.526159852356134 65.431715778871677 54 55 60 0.6876201050252122 11 1000 17 88 18 87 24 59
2304 -31.709901986965008 -36.030349889682775 78.729834665313376 48 54 52 0.2073926321017312 12 50 14 765 17 91 41 52 21 86 34 71 45 44 47 59 46 51
2305 -36.970899992600444 -31.096786914311533 68.30823586124599 46 54 60 0.38261019478341785 15 49 17 96 21 87 34 74 32 78
2306 -34.296767724625226 -34.383247239019965 80.666153251564367 98 104 100 0.81084704807790409 10 1259 11 85 14 1173 15 1074 17 109 20 85
2307 -33.177521792069911 -33.325696337605983 78.183083909349207 98 104 100 1.113071704029204 11 86 15 1075 17 110 10 1260 14 1174 20 86 13 422 48 58 9 435 29 97
2308 48.589861282135281 -25.201088846686613 61.926336027842822 0 0 0 1.3044914820233851 7 89 10 43 15 92
2309 30.276171967847503 -31.839590422400693 83.527591146127776 7 8 3 0.48601267241345786 10 884 11 1023 14 786 15 1090 17 122 18 124 20 110 13 430 19 593 22 97 34 105 30 43 47 91 9 638
2310 -26.182580975116384 -25.345356037158332 66.085194278719229 77 76 74 2.4580619150573102 14 59 15 1085 17 127 13 433
2314 -33.739454447813166 -26.537379166940966 74.529969037959333 105 110 106 1.0398646751342715 11 134 16 87 17 136
2315 30.758868368332347 -13.35638514284611 42.241466817885239 0 0 0 1.4852718784495675 7 187 11 147 14 113 15 123
2316 62.486184275225398 -21.791672062251084 86.068235054538093 85 83 84 1.3060777671054788 6 334 12 360 4 314 3 305
2317 -7.6724229227599103 -5.8324389024288799 19.532231012307985 95 100 96 2.7829490400537447 6 8 17 167
2318 0.79801647579193524 -4.9701679308102689 17.987951877833769 73 106 30 1.7101008739344352 11 188 15 168 17 170 20 689 18 599 19 56 25 450
2321 -45.972030564035791 -17.567918536786699 76.885783834575975 29 33 36 1.1806542341644439 6 723 8 938 17 177 42 600 43 584 33 86 45 550 47 116 46 502 38 539 37 501 48 514 39 741 8 1090 35 483 35 736 42 949 36 524
2322 -4.6907027080317913 -5.4355275328832695 20.030177511271035 26 72 0 1.7385668035809085 11 203 17 178 42 105 26 124
2323 5.951840898671457 -4.7501496270204662 18.359949057439817 190 220 127 0.26439862889518645 11 1060 15 241 17 185 18 200 22 144 24 148 21 149 25 88 23 63 9 111
2324 -0.011996009261762331 -4.8691351252726776 18.580774925805418 212 224 123 0.16580539188165533 11 232 15 204 17 187 18 196 20 171 25 79 23 58
2325 -4.3417861953106911 -4.8900062056890077 18.548633490198583 218 234 116 0.15390468330733428 15 193 17 189 24 136
2327 -3.0410938838279988 -4.8048541831372464 18.465674157010366 116 141 37 0.38675342334007989 11 248 15 203 17 191 20 172 19 77 22 139 21 138 25 80
2328 -6.8081057141081374 -4.6441631206538654 19.024889134929399 188 191 200 0.49790774411334809 14 820 17 211 18 211
2329 -31.952965891698444 -9.0022521731165721 49.58051475684001 11 11 11 1.771005915942971 16 1662 12 1586 37 996 19 1054 35 966 31 98
2330 -6.5744438490178352 -4.5416577898489292 19.225295793143385 195 202 212 1.7583563447619268 6 491 17 231 22 159
2335 3.8341541321239836 -3.3296851657081059 18.112944093292775 136 144 58 1.7753242782952157 10 1003 11 1155 16 821 17 295 15 1239 25 192
2336 3.8341541321239836 -3.3296851657081059 18.112944093292775 136 144 58 1.7753242782952157 10 1004 11 1156 16 822 17 296 15 1240 25 193
2338 4.3446423169375032 -3.2938789640490755 18.545593050989332 130 143 53 0.33960168874887253 16 832 17 299 20 302 23 167
2340 -33.315345887488903 -7.3868101470435894 50.86328457040193 56 54 55 1.4078526159699725 12 418 17 306 16 1245 13 145 22 237 45 153 47 173
2341 -33.69392554336725 -7.2343168829366897 51.927449635508104 107 107 109 0.47869456799481713 12 908 14 999 16 445 17 327
2343 1.5980935135402761 -2.6220886066731661 15.20251261104837 138 152 64 2.1580880524736226 10 1009 17 354 9 284
2344 1.5980935135402761 -2.6220886066731661 15.20251261104837 138 152 64 2.1580880524736226 10 1010 17 355 9 285
2347 2.3847866677312841 -2.8386900339133021 19.146334884026381 0 0 0 0.43561097477905675 12 831 14 966
2348 2.1534242061585154 -2.6405743453977193 19.13538922303913 140 153 63 1.0898288843329405 15 537 17 381 4 613 22 329 19 274
2349 2.1235628019152988 -2.5914552940307098 18.67761153650153 140 153 63 0.30719462902553279 15 538 17 382 22 330
2350 2.4049225180910105 -2.5972220977408016 19.034795773523136 143 152 65 1.2825556277187289 14 978 16 918 17 384
2351 4.0912977721660795 -2.0767376053926183 19.416451718298497 137 150 60 1.0562861326269928 16 950 17 399 22 341
2352 2.2784668803713806 -1.5210881204801818 19.904425707674498 92 127 30 0.14138856182247048 16 996 17 418 22 355
2354 6.9076201677102462 -1.0457305552164287 20.71041778251622 15 39 6 1.4539717092732751 15 694 17 443 19 319 26 693
2356 -21.696127508321723 1.4176338083413618 52.665820831999213 44 43 41 0.67031915345547122 8 424 17 465 3 394
2358 -16.729953951929225 2.6446432058378355 52.477027527901498 30 29 27 0.35907507441725883 11 612 15 716 17 483 24 407
2360 28.18998146786333 5.4323710389471964 50.747632889147212 11 10 8 1.5257773339204468 10 617 11 652 17 496 20 526 41 359 26 465 25 356 47 336 22 435 37 248 48 272 39 232 32 285 31 257 29 235
2362 -14.790891831025721 4.1668911276229332 49.385043151050908 31 31 29 0.61120417519448567 10 611 11 634 15 736 17 500 18 430 20 511 19 346 22 410 24 419 21 440 27 390 41 373 44 337 23 307 33 346 45 308 47 321 46 244 40 286 38 292 37 255 28 300 32 255 35 269 36 295 31 243
2365 -16.303634657320213 6.5350525132476269 45.402840489119001 58 57 55 1.273262876871895 12 974 16 595 17 519 18 458 45 366
2367 -12.574823679501293 6.9093692790784491 46.670341133417161 60 58 61 2.0557305222452436 11 707 17 528 18 469 40 313 33 379 47 371 48 301 39 283 35 304
2368 -11.387755177554315 6.4466903007944607 43.912757066380642 69 68 66 1.5605500875295453 11 708 17 530 18 470 20 541 13 370 22 466 24 473 21 494 26 479 42 434 27 443 44 374 46 296 27 442 38 328 28 333 39 276 39 277 32 307 32 308 35 297
2369 -11.33308055091733 6.6547043829639616 44.909330364268811 63 62 60 2.0203795094921713 11 709 17 531 18 471 22 467 20 557 18 484 34 485 45 363 39 278 32 309 41 403
2370 -15.356250635763962 6.8371789086506789 46.114555875691202 28 27 25 0.60520946770704542 14 539 17 538 24 475
2371 -13.727536474423754 6.7613812131161453 45.389899600706443 28 27 25 0.68755252453354354 10 1191 14 541 15 1410 17 541 18 480 20 551 21 664 26 482 34 488 23 368 40 320 37 297 28 336 32 313 36 339 29 251
2373 -14.009587350951097 6.7499113441772991 45.147067000233292 27 26 24 1.4082900225705475 11 715 15 1409 17 544 14 544 18 479 20 550 24 482 40 321 28 338 25 828 32 312
2375 -22.228396143651398 6.7562996012040006 45.888587446552862 23 22 20 1.1919274542768727 11 714 17 548 19 362 22 465 24 472 45 372 48 298 41 408
2376 -23.872948763456829 7.093686777932092 44.808988813161598 38 38 36 0.44508926780225194 10 660 11 1296 15 794 17 553 18 491 22 480 24 488
2377 -21.730118465398924 7.1180633117243275 44.660880973937644 40 40 38 0.62305385340786323 15 798 17 556 10 667 46 710
2378 -19.077410344041709 7.2079236229467316 44.625671202218101 43 43 41 0.70463910365192006 10 674 14 1095 17 563 18 496 20 567 19 364 22 489 24 496 29 259
2382 20.871482817253099 8.2326015888184934 41.136429531808979 15 14 12 2.0105808779860919 15 915 17 591 11 802 43 418 47 386 32 337 35 307 46 312 31 299
2386 5.1779325023146319 -3.47393646154742 19.000683457591769 127 134 44 1.1252497353408721 10 1350 14 298 26 228 14 292
2387 42.91651456808971 -68.131404776642697 116.58738470522631 124 142 142 1.2010639992849688 12 1402 16 1462 17 630 7 1155 18 29 20 1002 18 869 22 23 42 10 21 28 25 666 44 12 45 8 47 5 40 8 38 6 48 6 28 644 39 9 39 704 32 17 32 710 35 706 29 26
2388 28.378562220152265 -39.464891267860722 66.831627048030299 87 107 103 2.1816259368266442 8 6 27 21 34 9 44 17 17 631 47 9
2389 37.965699732127661 -58.111705779461481 101.88705337125461 143 151 148 0.76287275602914528 12 13 14 725 16 659 17 633 18 525 20 599 13 655 19 377 22 28 42 14 24 27 43 24 21 34 26 44 27 25 34 15 44 27 23 24 30 17 33 11 47 18 46 15 40 13 38 15 37 15 48 461 39 11 32 27 35 4 31 7 29 30 41 13
2390 37.063885230660844 -57.475830495629111 101.61426626161295 1 3 1 0.55968238067044174 12 582 14 728 16 660 17 634 7 435 18 528 15 1023 20 600 13 656 19 379 22 515 42 550 24 518 43 535 21 522 26 516 27 485 25 419 34 604 44 491 23 382 30 453 33 488 45 498 47 517 46 448 40 424 38 468 37 453 48 464 28 380 39 420 32 435 35 442 36 486 31 378 29 345 41 534
2391 36.855204187822601 -57.136788436431203 101.00440471880219 1 3 1 0.54018217082147657 12 583 14 729 17 635 18 529 20 601 19 380 22 516 42 551 24 519 43 536 21 523 26 517 27 486 25 420 34 605 44 492 30 454 23 383 33 489 45 499 47 518 46 449 40 425 38 469 37 454 48 465 28 381 39 421 32 436 35 443 36 487 31 379 29 346 41 535
2393 -32.768834655883872 -53.468533966070275 101.61939951083608 69 71 70 0.5037383063228299 10 839 11 977 15 15 17 642 18 545 20 37 22 524 43 544 21 529 44 502 23 389 47 523 38 476 48 470 31 386
2394 -37.324162391939467 -48.134182838544213 91.770851389149882 22 27 29 1.2642379896662097 10 1231 12 600 14 742 15 1446 16 1065 17 643 18 546 20 613 13 664 19 574 22 47 24 40 41 34 34 39 40 24 33 19 47 29 46 22 37 26 28 55 36 19 31 14
2395 -38.329351685657436 -48.409273614371109 94.801643220102562 31 37 40 1.8460660111255971 10 1235 12 606 15 1036 16 1071 17 645 20 617 13 399 41 37 21 56 27 34 34 47 19 726 39 35
2396 54.153157778916103 -45.25439739919802 92.064580632607601 118 119 114 0.93557333216312344 12 616 15 1463 17 650 20 876 12 1257 1 125 4 135 26 76 48 490 9 710
2397 -22.560609145482509 -72.275939344774557 150.7120607568221 127 133 131 0.67063519005691141 10 1249 11 1358 12 622 14 1161 15 1055 16 1080 17 653 18 549 20 626 13 671 19 729 22 531 42 569 24 533 41 45 21 536 26 72 27 40 25 45 34 628 44 58 40 439 23 34 30 28 33 33 45 520 47 536 46 465 38 490 37 472 48 480 28 391 39 44 32 462 35 22 36 35 31 27 29 374
2399 -47.699581193602768 -33.767588447885458 71.970161710017052 33 35 34 1.2254022457599212 15 1051 17 658 20 631 42 49 41 46
2400 -34.039488530528438 -58.589088312213995 133.87052730104693 14 16 13 0.87320575683007207 11 74 15 1469 16 1322 17 662 10 1495 14 1175 18 564 20 883 13 886 19 879 24 72
2401 30.295595754470106 -32.554256760142145 82.844187477775534 12 13 8 0.68090525532308976 11 1020 14 1181 15 1482 17 671 18 572 20 656 13 426 42 581 41 76 21 109 44 88 23 46 45 531 38 69 37 481 28 97 9 635
2402 30.85527133620424 -33.124172579222176 84.29996155701177 12 13 8 0.52660742968027452 10 883 11 1021 14 1182 15 1483 17 672 18 573 20 657 13 427 19 418 42 582 43 567 45 532 38 70 37 482 28 98 9 636
2404 -48.391158444816661 -27.071630744591619 82.36024552803687 17 18 16 1.4214773732245232 17 687 18 905 1 284 9 643
2405 -35.803158342804593 -23.532090233938494 71.862104527648171 45 45 43 0.60259445053464655 6 686 8 682 15 1096 17 688 1 654 4 660 3 676 22 100 5 606
2406 -35.994502083987385 -23.687736266424114 72.229023399921957 45 45 43 0.61926308380250072 11 1033 15 1097 17 689 18 146 22 101 3 677 4 661 6 687 8 683 1 655 24 102 5 607
2408 5.0281695299430975 -5.4955763295197757 19.48220449096063 22 20 18 2.1348747131644084 15 1490 17 693
2410 -3.3601609405579347 -5.2986953948673241 19.159042801536565 207 226 111 0.26655440268920128 11 1048 15 1113 17 699 18 181 20 157 24 132 21 124 25 69 23 53
2411 -3.4157952799291253 -5.3479888421790669 19.384962409696449 207 226 111 0.83602349140198096 11 1049 15 1114 17 700 18 182 42 99 26 122 25 70 23 54
2413 -34.998566020323736 -17.365619908737365 77.646096815491063 63 63 61 1.3995000330437535 8 356 17 704 18 188 19 769 43 90 34 997 45 551 39 460
2414 -32.737552110112041 -16.322602563068269 76.368806118360652 70 68 69 0.83586911792815977 6 912 8 942 17 707 18 601 19 437 1 892 4 713 3 723 5 834 32 134
2415 -33.165709701563067 -16.569616197945393 77.17787036401846 70 68 69 0.9120742740246679 6 913 8 943 17 708 18 602 13 713 1 893 4 714 3 724 5 835 37 114 48 103 2 1101 9 494 7 706 32 133
2416 -46.301601523989596 -16.536697029973794 76.138157126341397 31 32 34 0.68615207199899941 8 941 17 709 1 694 4 710 3 921 22 128 43 94 44 539 47 572 38 117 37 113
2417 7.3980708949006031 -4.7196264785599586 19.058069733518224 123 123 121 0.6847064928763924 11 1073 15 1160 17 711 18 607 20 917 19 778 24 736 21 569
2419 41.03253014225789 -10.534609708805108 70.945610686188985 35 39 38 1.3838347658406089 6 374 8 367 11 350 17 730 1 367 1 702 8 368 4 345 3 330 42 201 24 247 21 254 44 156 40 149
2420 12.801596547018416 -4.689007824861946 28.00592059933691 34 36 33 1.5535640474995143 8 295 17 738 3 260
2421 -27.580568277719291 -4.2082845881150401 45.571203175122307 0 0 0 0.39225509083976695 14 1041 15 1780
2422 -14.733132364074224 1.0393042568054871 53.23949523731752 39 39 37 0.64443694573293708 11 1259 14 1076 16 1026 17 842 12 1230 20 824 42 700 26 695 25 546 41 664 34 747 23 507 45 612 47 650 46 563 38 589 32 542 35 539 31 468 29 449
2424 28.371987613080229 4.9471600086634 48.172575237347608 11 11 9 0.69155187068000257 16 1294 17 865 28 314 39 222 32 282
2427 -3.7159565948408724 1.9396336260379046 17.622924026511914 47 47 47 0.57050501274645538 10 644 17 877
2428 -23.766135085289427 7.648047730284258 44.586412707999003 40 40 38 0.22769807838422365 10 1195 11 1301 17 882 15 831
2429 -17.980330863504257 8.0326865466925046 45.648260814669776 46 45 43 0.22407485222725715 15 840 17 884
2430 44.098840487379952 -83.461463609141589 128.42169152899362 50 56 56 0.62981989010211614 16 1301 17 889 18 729 20 853 19 374 22 505 24 507 21 513 25 6 23 11 28 369
2431 63.21955738848785 -59.021242579370536 97.987484460657157 68 72 73 1.3924391795738884 6 951 7 998 8 973 17 892 13 652 1 928 22 677 42 545 44 487 45 491 47 698 38 5 37 6 48 639 32 606
2432 -30.022477770012085 -62.095612021779957 105.80891418729293 36 40 39 0.58724882895924346 16 1055 17 895 18 737 42 742 27 663 45 663 47 696 37 600 31 519
2433 37.723230685640857 -56.827989194201066 101.68060200795914 134 135 130 0.93502597568846624 10 1220 12 588 14 1135 15 1442 16 1059 17 896 18 738 20 862 13 657 19 568 19 723 13 867 22 517 42 552 24 520 43 537 21 524 26 736 27 30 25 33 34 807 44 495 23 27 30 456 33 17 45 501 47 23 46 21 40 427 38 470 37 21 48 469 28 44 39 22 32 439 35 11 36 488 31 11 29 496 41 28
2435 -32.552338899641583 -56.601938543480799 104.49129302787333 54 58 57 0.45905306462298667 10 1218 12 988 14 1138 15 1440 17 901 18 538 22 678 42 743 24 695 43 746 41 699 21 674 26 518 27 669 25 572 34 808 44 672 40 584 23 532 33 680 45 664 47 702 46 608 38 647 37 602 48 642 28 535 39 571 9 617 32 610 35 596 36 647 31 524 29 493
2436 45.523809387629264 -37.078079079674325 79.453046271267311 136 141 137 0.55119036591593917 10 866 11 1362 15 1467 17 907 14 767 12 51 18 751 20 881 22 694 42 763 24 714 43 563 41 554 21 693 26 748 27 683 25 586 34 835 44 694 23 540 33 695 45 686 47 730 46 631 40 598 38 667 37 622 48 661 28 559 39 594 32 634 35 612 36 665 31 548 29 528 30 650
2437 -34.003773920324974 -35.305294260399386 75.311108891835559 93 97 98 0.42173212073529703 11 1361 15 1462 17 911 18 752 20 633 22 689 42 759 24 538 43 762 41 551 21 686 27 680 25 581 34 830 44 688 40 593 33 505 45 680 47 721 46 623 38 662 37 617 48 653 28 552 39 435 32 465 35 454 36 661 31 541 29 378
2438 -35.268130381565435 -27.4034272099444 69.988337290748646 55 55 53 0.3328805656977713 15 1689 17 925 18 768 20 893 22 704 24 724 44 700 40 724 33 699 45 693 46 637 48 784 17 1056 22 819 39 602 31 554
2440 -33.200024683232058 -23.077575578161216 84.640407388431797 100 105 101 1.0692165621615448 6 1051 8 932 17 929 20 676 13 899 19 894 1 1099 4 1034 42 775 24 730 34 116 34 992 44 533 15 1487 33 70 33 704 33 824 45 705 47 105 38 90 37 640 48 507 39 90 9 767 32 110 31 563 31 668
2441 -33.731127619244418 -19.207874852161776 80.691306499950969 11 13 10 0.69213370206635683 6 909 8 936 17 934 18 778 13 698 19 763 1 888 4 908 3 917 42 782 5 831 43 793 41 741 41 870 21 708 26 754 27 690 25 590 34 857 44 716 40 624 40 746 23 543 33 706 33 829 45 707 47 745 47 864 46 644 38 684 37 646 48 678 48 800 28 422 39 625 32 649 35 629 36 682 31 565
2442 -33.745841065781164 -19.220201223046843 80.739445455412664 11 13 10 0.68307413388840044 6 910 8 937 17 935 18 779 13 699 19 764 1 889 4 909 3 918 42 783 5 832 43 794 41 742 41 871 21 709 26 755 25 591 27 691 34 858 44 717 40 625 40 747 23 544 33 707 33 830 45 708 47 746 47 865 46 645 38 685 37 647 48 679 48 801 39 626 9 773 32 650 35 630 36 683 31 566
2443 5.6637519474533491 -5.0332007137216603 18.899772280368374 202 215 103 0.58213216703960857 11 1381 15 1496 17 937 18 783 25 595
2444 5.1708418513315877 -4.7767918542834984 18.552450735558939 153 186 95 0.097055188725939559 10 1290 17 938
2445 5.1831287413783427 -4.8035600424043112 18.620539041776965 153 186 95 0.55274623840362958 10 1291 17 939 19 611 16 1099 22 717
2446 -5.510296787743278 -4.6577258528319101 18.342273144233619 241 252 177 0.54788073099731116 11 1389 17 940 18 785 20 915 13 740 19 441 22 716 24 735 21 565
2447 -16.637373344066955 6.5272248905868899 47.016433290660274 40 36 35 0.60294894761255713 15 1655 17 1007 35 683
2448 -16.637373344066955 6.5272248905868899 47.016433290660274 40 36 35 0.60294894761255713 15 1656 17 1008 35 684
2449 -13.154767968247716 6.4554326954392058 45.941903934215269 40 39 37 0.63316829957595133 10 1472 11 1512 15 1661 17 1009 18 852 42 871 24 791 21 772 27 775 44 796 23 606 33 775 45 788 47 811 38 734 37 693 28 629 31 615
2451 44.11499721781729 -66.3137192460824 105.90116795471525 108 144 140 1.3417801562462368 12 1243 17 1015 7 1150 16 1455 20 996 13 1037 19 851 22 787 24 692 17 891 22 674 5 854 21 668 26 16 27 661 25 16 2 1234 44 820 44 485 21 518 23 527 33 790 42 541 28 640 32 603 32 704 31 517 29 13 29 486 30 448 41 528
2452 -18.706024728691208 -76.964734391931259 124.06868457065426 14 16 13 0.98063985907176843 7 1295 12 1549 17 1018 18 990 20 995 13 1040 19 852 22 904 24 916 21 919 26 974 27 890 25 772 23 727 28 732 32 792 29 647 30 759
2453 41.086203341373341 -75.048989681832012 125.57492733679834 128 143 140 1.058702709650978 7 5 12 576 14 1 16 12 17 1019 13 654 19 560 18 23 20 11 17 15 42 6 34 0
2454 39.76222340513138 -64.429854295078016 108.12199254071453 15 43 58 0.48054451945552284 7 999 12 1247 14 1365 16 1302 17 1020 18 865 20 998 19 718 22 790 42 886 21 787 26 870 25 662 34 958 44 824 23 615 33 793 45 809 47 836 46 733 30 763 40 697 38 758 37 721 28 641 32 707 35 702 36 772 31 634 29 588 41 828
2455 39.790017051491837 -64.475750802210484 108.19721940232246 15 43 58 0.47720212681337182 14 1366 16 1303 17 1021 7 1000 12 1248 18 866 13 862 19 719 22 791 42 887 21 788 26 871 25 663 34 959 44 825 23 616 33 794 45 810 47 837 46 734 30 764 40 698 38 759 37 722 28 642 32 708 35 703 36 773 31 635 29 589 41 829
2456 38.662784351325584 -56.694068539695444 96.199624014392839 7 12 12 0.93961540081354766 14 1129 16 654 17 1023 12 577 18 868 20 1000 13 864 19 722 22 793 42 889 24 799 43 897 21 790 27 786 21 672 27 479 34 961 44 827 23 531 23 618 30 765 33 795 45 811 47 838 46 736 40 699 40 582 38 760 37 723 48 638 48 751 28 643 39 569 39 702 32 607 32 709 35 439 35 595 35 704 36 776 31 376 31 522 31 636 29 591 41 698
2457 57.68172345406051 -54.450545476347905 98.309882204392224 125 133 130 1.7291626599883068 6 1149 8 805 17 1024 18 1002 20 863 1 1126 4 777 3 1082 24 931 43 1043 26 737 26 991 27 912 34 812 33 903 39 575 32 813 35 801 31 748 29 503 29 670 30 877
2458 32.002051436712485 -36.692542580932894 72.613506201407247 94 99 95 0.67660122440802506 10 1482 17 1031 20 870 22 685 26 884 27 789 37 731 36 787
2459 -38.920361086120977 -71.380993365771189 151.1807115715674 7 11 10 1.165623672493932 10 1489 11 1533 12 1262 14 1381 15 1678 16 1321 17 1039 18 884 20 1014 13 1054 19 731 22 687 42 904 24 707 24 812 42 757 21 684 41 714 26 742 34 828 40 590 40 712 23 535 33 34 21 77 24 56 34 59 45 821 47 719 46 622 38 39 38 660 37 40 37 614 48 652 28 548 28 656 39 587 39 713 32 69 32 624 35 714 29 68 29 519 30 775
2460 -23.943899709465551 -72.072686200620481 153.29988599137587 10 11 12 0.75513203298231824 10 1649 11 1656 12 1423 14 1534 16 1483 17 1040 18 885 20 1015 13 1055 19 871 42 905 26 998 41 843 27 792 25 675 44 847 40 815 23 620 30 778 33 809 33 910 45 824 46 752 38 866 37 828 48 891 28 659 39 793 32 819 35 715 31 650 29 607
2461 -35.64317923736332 -62.720687167065748 135.16956145220701 63 62 60 1.5970853158746423 10 1491 11 1659 12 54 14 1535 17 1041 20 1018 19 873 22 688 42 908 24 816 43 917 21 806 32 626
2462 -33.688324797345963 -33.356799872955982 73.930903967166714 64 65 59 0.8686993153255993 16 1482 17 1050 18 892 20 1026 13 1066 18 1016 19 586 19 880 22 812 42 911 42 1022 24 820 43 922 41 849 41 955 21 812 25 679 34 980 44 852 40 717 33 816 45 828 47 853 46 758 38 778 37 740 48 777 28 662 39 718 9 762 32 731 35 721 36 794 31 659 31 759 29 610
2463 -35.245771578808395 -38.895398456160017 91.670144081965717 28 32 31 1.3118360893636216 10 1743 11 1541 14 1537 16 1485 17 1052 15 1472 15 1929 13 1069 14 1688 10 1812 19 970 21 814 26 887 46 885 28 757
2464 7.8349549380984715 -4.8665497631317418 19.036109629976437 30 32 31 1.3800738390274554 10 1534 17 1069 13 1083 24 846 26 907
2465 3.174368672193669 -4.49261423463106 18.139584005003275 56 120 54 0.56442468163803472 11 1696 15 1868 17 1075 18 932 20 1075 13 932 19 783 12 1296 22 849 24 860 21 861 26 933 25 715 12 1299 23 663 9 779
2466 5.7613674828695931 -4.4211361047545443 18.097873213626997 46 115 47 0.40459782597804783 11 1703 17 1082 18 943 20 1082 19 793 22 858 24 868 9 776
2467 6.8671258578784764 -2.9155503658441777 17.169906694174873 36 36 34 2.2117761363760313 10 1859 17 1101 18 1097 20 1252 13 1244 23 689
2468 -2.5504369020326081 -2.5068532983066265 19.397290697361452 141 144 56 0.78837159364627796 15 1896 17 1115 11 1222 13 994 22 886 24 899 43 997 21 897
2469 -4.2327660523704429 -2.5142883502755944 19.402138796274219 128 133 43 0.68486039305120228 7 1274 17 1116 18 970 20 1109 42 974 23 693
2470 -21.63350503933815 1.1483094806941303 53.417027720267548 23 23 21 0.4383408052615157 16 1447 4 1051 3 936 44 772 44 918 17 1125 19 836 37 677 48 709 36 724
2471 -17.40955102642419 1.2655311706365164 52.922009830312071 27 26 24 0.61774045105585917 10 1615 11 1618 15 1800 17 1126 22 894 44 777 45 877 47 801 38 720 38 819 35 765 36 849
2472 -12.797059312141373 1.4372601140408139 53.636587797281429 28 28 28 0.72148243075459528 11 1620 15 1802 17 1127 18 840 15 1640 13 1016 19 702 22 895 41 805 45 776 27 877 37 682 32 767 37 778 36 728 29 569
2475 -17.346512644741008 7.2298466342879513 45.285965643338685 35 35 33 0.6140728975692713 11 1629 15 1809 17 1138 42 997 27 886 34 1037 44 930 45 896 46 836 38 829 37 792 39 766 32 778 36 864 29 639
2476 -20.267316828326479 7.1005414008178445 43.276511253214288 28 28 26 1.9932257312398989 15 1909 17 1139 19 370 22 495 34 496 35 308
2477 79.906225727568511 -77.029951323549255 119.83362803925516 79 83 82 1.1504933902215395 12 2 16 651 17 1141 18 988 20 1126 19 848 22 903 24 915 21 921 26 977 27 894 25 774 23 729 28 735 32 796 29 649
2478 41.780182368006329 -58.924752898752125 95.276770650088167 93 128 122 1.8496285416069089 12 1399 17 1143 7 1225 16 1562 18 991 18 1059 20 1212 13 1039 13 1133 22 908 22 971 24 983 24 984 43 893 21 783 21 975 26 1048 27 782 25 778 26 979 44 821 44 1049 30 870 30 871 23 733 23 784 45 917 45 1015 47 1026 40 871 48 968 31 822 29 723 30 951 41 1010 29 586
2479 -20.823140260677619 -93.086130729070888 152.39422229643168 128 96 61 0.67851540128921428 7 1228 12 1490 16 1566 17 1144 18 992 20 1130 13 1134 19 853 22 906 24 919 21 923 26 975 27 891 25 775 44 944 23 730 30 865 28 733 32 794 29 721
2480 -32.43940374225425 -45.117838535400828 73.758474608978261 33 43 42 0.64186128512597729 7 1149 12 1398 16 1454 17 1150 18 994 20 1131 13 1044 19 856 22 907 24 920 21 782 27 892 25 777 23 611 28 636 32 793 29 650
2481 -35.126239307751007 -55.010107496683275 100.51420024013099 129 133 132 0.42670058036910968 7 1233 12 1407 14 1611 16 1465 17 1155 18 1003 20 1138 13 1046 19 861 22 913 42 1012 24 928 43 1041 41 942 21 933 26 988 27 906 25 786 34 1070 44 951 40 810 23 743 33 895 45 926 47 946 46 871 38 852 37 820 48 878 28 749 39 784 32 807 35 800 36 887 31 744 29 660 30 875
2482 -32.512563735188124 -37.979930643715583 78.001891242631174 37 41 42 0.89496948864862336 10 1736 11 1757 14 1620 15 1922 17 1162 20 1224 43 1141 41 1022 21 986 27 969 25 847 44 1067 40 883 33 973 45 1028 47 1041 46 953 38 864 37 916 48 979 39 862 32 886 35 880 31 752
2483 -32.405755977619272 -37.085327208226012 78.670416266055398 40 41 43 0.28093590035032645 10 1646 11 1655 14 1532 15 1830 17 1164 18 1013 20 1152 13 1059 19 875 22 924 42 1020 24 938 43 1050 41 952 21 940 26 1000 27 919 25 795 34 1078 44 963 40 817 23 753 33 909 45 934 47 955 46 881 38 868 37 831 48 887 28 756 39 796 32 818 35 813 36 898 31 755 29 677
2484 -34.807546936519969 -36.233262968655211 95.682992777158134 57 55 52 0.9618793977835115 10 1659 11 1670 17 1174 15 1694 18 898 20 1163 13 1075 19 889 22 822 42 919 24 826 41 856 21 822 27 800 34 845 44 861 40 64 17 679 21 549 24 96 27 58 44 90 33 517 47 551 37 75 37 749 48 788 28 96 28 666 39 603 39 724 9 716 32 477 29 392 30 652
2487 -3.2894930245100777 -4.583712727097307 18.333011833397457 33 108 26 0.75329571080595814 11 1689 15 1856 17 1186 18 927 20 1063 13 949 19 794 22 837 42 946 24 848 21 849 26 914 27 837 25 809 23 764 30 911 43 958 9 788
2488 -3.207691243658283 -3.3868935803130644 18.74192826752634 139 139 53 0.32620095750827216 15 1958 17 1201 3 1202 22 957 42 1046 24 966 2 1374 23 772
2489 -6.0350844138104307 -3.146170855549721 19.658791853860745 186 190 198 0.43606194811334364 11 1596 17 1205 18 1043 20 1195 13 1187 19 925 22 958 24 968 9 867
2491 -24.925526822260775 7.6032293481824134 46.416727777213332 19 19 17 1.1109903257862606 15 1906 17 1220 22 491
2493 41.7431875660454 -61.654015977389122 97.714600017930479 70 70 72 0.67550868630186511 7 1224 12 1487 16 1560 17 1225 18 989 20 1129 13 1131 19 850 22 970 24 918 21 924 26 1046 27 895 25 835 23 731 33 887 28 738 32 797 29 651 30 950
2494 40.054716587998165 -48.242209311985903 80.37764282521286 77 78 73 0.62426569051296843 7 1226 12 1488 16 1563 17 1227 18 1060 20 1213 13 1138 19 857 22 972 42 1008 24 925 43 1038 21 927 26 982 27 902 25 783 34 1063 44 948 23 735 33 890 45 921 47 943 46 868 40 806 38 848 37 814 48 872 28 745 39 778 32 801 35 868 36 956 31 740 29 655 30 952 41 938
2495 40.054716587998165 -48.242209311985903 80.37764282521286 77 78 73 0.62426569051296843 7 1227 12 1489 16 1564 17 1228 18 1061 20 1214 13 1139 19 858 22 973 42 1009 24 926 43 1039 21 928 26 983 27 903 25 784 34 1064 44 949 23 736 33 891 45 922 47 944 46 869 40 807 38 849 37 815 48 873 28 746 39 779 32 802 35 869 36 957 31 741 29 656 30 953 41 939
2496 38.025839122096322 -58.665990476876139 100.16879366963035 10 12 11 0.52160946131627128 12 1492 14 1609 16 1568 17 1229 18 999 20 1215 13 1140 19 947 22 912 42 1010 24 927 43 1130 21 931 26 986 27 904 25 836 34 1066 44 1053 23 740 30 874 33 893 45 924 47 1028 46 943 40 808 38 937 37 816 48 875 28 748 39 781 32 804 35 797 36 884 31 742 29 658 41 1012
2497 -33.155531123119971 -32.214763320517932 68.682841818407269 18 18 18 0.598537250764414 11 1758 15 1924 17 1239 18 1071 20 1226 22 984 42 1098 24 991 43 1052 21 941 25 429 34 1164 44 964 40 884 33 974 45 1029 47 956 46 882 38 869 37 832 48 888 28 818 39 863 32 820 35 881 36 899 31 756 29 678
2498 -34.074369453501824 -29.415212047488176 74.460597106512807 105 111 107 0.95552222472275872 10 1850 11 1824 15 1991 17 1248 18 1079 20 1281 13 1223 19 1036 22 994 42 1103 24 1048 43 1147 41 1029 34 1170 44 1072 40 891 33 1051 45 1035 45 1103 47 1047 46 960 38 952 37 922 48 984 48 1045 39 870 39 915 32 952 35 887 31 838
2500 -32.917221377787165 -17.695663120309455 79.03235872383614 96 98 95 0.46316888317393101 6 1182 8 1233 17 1259 18 1086 13 1169 19 1047 1 1160 4 1177 3 1178 42 1109 5 1086 43 1157 41 1038 21 997 26 1068 27 981 25 857 2 1345 34 1175 34 1241 44 1084 44 1142 43 1222 40 908 23 800 33 990 33 1057 45 1041 47 1061 47 1127 46 975 38 964 37 993 48 992 48 1055 28 830 39 875 39 924 32 900 35 960 36 1029 31 848
2502 7.8803981332506394 -3.6585679522727999 19.145456216195043 34 36 33 1.9774718142634282 10 1825 17 1267 18 1152 20 1342 13 1275 19 1097 22 1016 22 1060 17 1350 24 1012
2504 -35.498447340269216 -62.047170176749177 109.27831406944441 27 28 30 0.88073776895510547 7 1301 12 1553 14 1675 16 1635 17 1285 13 1205 22 1036 24 1027 21 1022 26 1102 25 890 44 1113 40 990 23 827 33 1030 45 1086 47 1104 38 1003 48 1029 35 932 36 1009
2506 -34.294538551881125 -25.968186685427074 93.590803652745535 91 93 92 1.2491935775124805 8 731 17 1305 6 333 18 1139 13 1228 19 1041 1 687 4 703 3 719 22 1000 20 1236 42 1169 43 1216 41 1091 34 1235 44 1137 40 961 33 1054 45 1108 47 1124 46 1044 38 1032 37 985 48 1053 39 921 9 902 11 1829 32 954 35 958 36 1027 31 907 29 793
2507 3.6352240059835728 -5.1968785149196295 17.615645715709853 107 106 103 1.8245076677354808 17 1308 20 1290 15 2079 26 1064 25 687 19 762 20 1175 26 900 23 840
2508 2.0761161773374819 -4.7866492329202437 18.240572531377826 207 217 105 0.42001921730011543 16 1702 17 1311 20 1293
2509 1.821971965151463 -4.0370516362962539 17.904776128987042 66 99 8 0.46980475619740886 11 1879 15 2038 17 1313 18 1150 20 1296 13 1239 19 1052 22 1058 24 1056 26 1071 25 861 23 802
2510 4.3260354414138149 -1.1724362768733825 20.109412181123055 19 55 14 0.38395490781618136 6 1211 8 1268 17 1325 1 1197 22 1075 21 1015 25 880 23 820 26 1092
2511 -33.106800326193294 -69.81003460590064 105.15986020153386 83 98 93 0.98030368167525139 12 1593 17 1331 7 1340 18 1171 20 1314 19 1076 22 1080 24 1074 21 1057 26 1151 27 1054 25 931 2 1404 23 823 28 907 30 1046
2512 -32.131349422132224 -67.83943094674396 106.4233681328743 27 36 33 0.41691929056329952 7 1342 12 1595 16 1678 17 1332 18 1173 20 1316 13 1256 19 1078 22 1082 24 1076 21 1059 26 1153 27 1058 25 935 23 860 28 910 29 811 30 1048
2513 -32.131349422132224 -67.83943094674396 106.4233681328743 27 36 33 0.41691929056329952 7 1343 12 1596 16 1679 17 1333 18 1174 20 1317 13 1257 19 1079 22 1083 24 1077 21 1060 26 1154 27 1059 25 936 23 861 28 911 29 812 30 1049
2516 -31.621335266548975 -61.977807011224613 109.54796662797466 24 27 26 0.68836698883152203 12 1554 17 1337 18 1175 20 1319 13 1259 22 1037 7 1376 42 1200 24 1028 43 1194 41 1067 21 1062 26 1103 27 1008 25 891 34 1268 44 1173 40 991 23 867 33 1089 45 1143 47 1154 46 1017 38 1004 37 1012 48 1078 28 912 39 947 32 931 35 987 36 1046 31 946 29 813 30 1051
2517 -35.046927095667563 -66.456495508674962 135.55008296343024 73 77 76 0.75715933074940478 10 1878 11 1893 14 1755 15 2052 16 1723 17 1339 18 1177 20 1325 13 1264 19 1082 22 1089 42 1204 24 1080 41 1119 21 1064 26 1114 27 1064 25 941 34 1273 44 1177 40 996 23 871 33 1096 45 1148 47 1159 46 1070 38 1056 37 1015 48 1084 28 918 39 951 9 975 32 989 35 995 36 1049 31 949 29 820 30 1054
2520 36.900606586436417 -7.4962074490793755 61.35398852873935 92 92 91 1.6475527186429073 12 1651 16 1739 17 1351 18 1192 1 1256 3 1264 43 1172 21 1076 26 1172 27 1040 18 1096 27 993 25 916 34 1187 44 1148 40 847 30 1036 33 1115 45 1120 46 1080 38 900 48 1094 32 998 35 971 31 860 30 988
2521 -1.2732991473244233 -0.74460482224536184 19.655257606860108 138 137 132 1.1229668672770121 11 1904 17 1358 21 1083 25 958 23 894
2522 40.008965929997593 -61.257985388374379 100.65772852913106 113 153 149 1.0103056015410714 7 1345 12 1630 16 1719 17 1363 18 1208 20 1356 13 1287 19 1108 22 1117 42 1199 24 1106 43 1284 21 1091 26 1183 27 1061 25 964 41 1112 2 1409 44 1207 23 864 30 1082 33 1128 45 1142 47 1151 40 989 48 1076 28 951 39 945 32 1016 31 988 29 847
2526 7.288902120566215 -15.142716866042962 42.121940487514493 116 112 111 0.85552027273037101 15 2055 17 1373 26 1195 27 1096 40 1038 47 1206 29 859
2527 36.539318724579161 -53.055248047074606 93.201266526098578 24 28 29 0.56552186410553063 14 1784 17 1387 18 1231 20 1383 13 1307 19 1135 22 1140 42 1259 24 1128 43 1319 21 1122 26 1210 27 1112 25 992 34 1331 44 1240 30 1105 23 928 33 1159 45 1206 47 1228 46 1124 40 1057 38 1116 37 1073 48 1132 28 970 39 1008 32 1050 35 1053 36 1114 31 1018 29 880 41 1177
2528 36.520848785393667 -53.03115029619029 93.158460482977716 24 28 29 0.56823939621341246 14 1785 17 1388 18 1232 20 1384 13 1308 19 1136 22 1141 42 1260 24 1129 43 1320 21 1123 26 1211 27 1113 25 993 44 1241 30 1106 23 929 33 1160 45 1207 47 1229 46 1125 40 1058 38 1117 37 1074 48 1133 28 971 39 1009 32 1051 35 1054 36 1115 31 1019 29 881 41 1178
2529 -36.59002497255549 -52.147255092642212 96.287452319012502 24 28 31 0.78131863756238074 12 1682 14 1805 16 1763 17 1389 18 1233 20 1385 13 1309 19 1137 22 1142 42 1283 24 1130 43 1321 41 1191 21 1124 26 1209 27 1111 25 994 34 1355 44 1242 40 1059 23 930 33 1158 45 1208 47 1251 46 1152 38 1118 37 1095 48 1152 28 972 39 1034 9 1015 32 1049 35 1055 36 1139 31 1017 29 882 30 1104
2531 -1.8693010481691377 -5.9729848092470617 20.288441859397068 23 23 21 0.94163850547357164 7 447 26 1122
2532 5.1308037983408479 -5.5713785619610929 18.593001026221767 27 26 22 1.1300483530375707 15 2092 17 1397
2533 -40.842821454396585 -37.885134190893034 75.720197533630483 25 27 26 1.008902354473395 11 1929 14 1806 15 2090 17 1408 18 1248 13 1333 19 1138 22 1157 42 1284 24 1143 43 1343 41 1192 21 1125 34 1356 44 1260 40 1072 33 1194 45 1230 47 1252 46 1153 38 1142 37 1096 48 1153 39 1035 32 1072 9 1002 35 1071 36 1140 31 1048
2534 -5.3799815138560447 -5.0575922177287378 18.961180792270099 140 217 101 1.5627374249280217 10 1927 17 1413 18 1252 20 1410 24 1166 9 1030
2535 5.4291792064160882 -3.509350724850115 15.604826474719397 126 128 44 1.1360332050363078 17 1415 18 1254 20 1414 13 1340 19 1162 22 1164 24 1152
2536 44.915454643803812 -46.736503227133795 83.070380120625373 116 158 154 1.0202890018307704 7 1428 12 1691 16 1774 17 1419 18 1259 20 1418 13 1348 19 1165 22 1170 24 1158 21 1155 26 1236 27 1136 25 1013 23 957 33 1211 28 1002 32 1087 29 922 30 1134
2537 0.60725120913585884 -3.9579115485863259 18.293858896590816 126 139 52 1.3690141837146479 8 473 14 871 6 485 16 789 15 1188 10 227 17 256 8 792 16 1127 18 239 13 124 19 112 3 449 26 194 25 143 2 586
2539 7.0015865692537886 -2.7016596373570767 18.995681052167331 129 136 118 0.69745325048988693 8 873 14 1299 6 845 12 1146 16 1220 15 1299 17 370 8 216 14 399 12 836 20 387
2540 -3.7727627514981061 -3.1158714021389042 18.893414578407214 63 77 25 2.126565228687614 14 932 16 858 15 1258 17 347 8 165 14 341 6 165 12 304 15 456 10 326 11 409 7 227 18 304 1 153 7 585 4 159 4 547 3 151 5 153 26 258 25 214 2 697 2 702
2541 -3.5428705552366919 -2.2575326867992547 19.520331224601051 129 132 45 0.70954058808956322 6 1016 12 1362 15 1600 10 1427 17 804 6 867 12 1170 20 786 13 802 1 848 42 662 24 645 21 362 26 646 27 612 2 1189 23 247
2544 37.639934018532031 -19.372144831598252 48.466305769717614 89 88 86 1.1972699364484785 10 44 20 107 18 121 8 163 13 53 20 112 28 102
2546 4.3446423169375032 -3.2938789640490755 18.545593050989332 130 143 53 0.33960168874887253 16 833 17 300 20 303 23 168
2547 29.01432523883847 -5.4639082335298008 57.329543746766511 48 50 47 0.91954325273307513 8 1095 11 493 17 367 6 1066 1 1027 4 1044 3 1049 42 305 5 967 27 284 23 237 33 226 45 203 47 229 46 173 37 176 48 181 28 223 11 495 35 204 36 205
2548 -20.04484859435539 7.2840768397438564 44.232554917605825 14 14 12 0.69047076007254959 10 682 15 820 17 570 34 498 22 500 41 413
2553 2.4278172205415012 -3.3769809017219368 18.486761096780235 67 72 26 1.4872457103804146 16 826 15 1237 6 542 17 302 18 274
2554 -30.861744832043033 -68.803318953879312 106.02858209299691 39 43 42 0.65446961387317282 6 9 7 0 18 7 1 7 3 4
2555 35.6824748787663 -50.776079097051742 87.820554848120409 19 31 31 0.88712739812877228 16 16 18 32 20 21 19 566 43 17 26 40 44 21 46 13 32 22
2556 -34.035279599426431 -55.251444426926611 99.760194460529064 146 148 147 0.46789727309042067 12 585 14 726 18 36 20 24 24 29 43 21 41 15 21 37 26 514 25 27 34 13 44 24 23 22 33 4 45 10 47 10 46 5 37 16 48 5 39 14 9 3 35 6 36 7 31 3 29 343 30 16
2557 -33.623771149631629 -56.909587329097874 106.48892344451697 19 21 20 0.55717383746832638 10 834 11 10 14 12 15 7 16 22 18 44 7 438 13 395 19 389
2558 -36.636346800729903 -37.770393607406902 73.917123338959996 23 25 22 1.6829012847256013 12 24 18 62 32 49 22 525 28 60 34 50 42 36 44 46 18 65 45 26 48 24 29 53
2559 -41.933543094291643 -37.121645720898911 74.028603555998572 53 58 61 0.44005982926994419 10 845 18 70 14 23 16 32 20 53
2563 -33.84431763432692 -31.451271780709408 70.697470228231651 45 41 44 0.42871719295091654 11 69 18 99 20 80 33 47 38 53 28 81 39 56 32 83 29 86
2564 30.703797605647701 -41.593790658553942 97.4303604343296 9 10 5 0.45194834132023398 10 871 11 83 14 777 15 74 18 106 20 90 42 71 24 80 21 97 34 91 30 33 23 41 33 52 45 61 46 64 38 58 37 64 39 63 35 31 36 53 31 45
2565 31.205627172913207 -42.262348905504986 99.009513558847885 9 10 5 0.63023248928586473 10 872 11 84 14 778 15 75 16 713 18 107 20 91 13 417 19 413 42 72 24 81 21 98 34 92 30 34 23 42 33 53 45 62 34 88 46 65 38 59 37 65 39 64 9 428 35 32 36 54 31 46
2566 30.312187618483946 -15.839352978363474 39.33225196901649 0 0 0 1.1604500395752826 15 93 17 119
2568 -35.14499117640257 -26.294422565156633 71.105758810624977 51 51 49 0.39678937284985105 11 127 15 98 18 129 1 247 33 64
2569 -40.966213049541196 -26.634971300096751 72.156181470045667 67 67 65 0.42898431801571918 7 871 18 131 13 437
2571 -31.430658732265936 -23.957598538704381 67.406841091536421 47 52 48 1.114301985041628 11 1030 18 139
2572 -9.4256794681061464 -8.7732891649461493 22.808409974540183 40 42 39 1.2361923407170698 11 123 18 142
2573 42.945228601069587 -19.237432985250468 57.277065891381099 91 87 88 0.9179716089558857 11 137 14 98 7 200
2574 35.719706240774769 -15.413235839730437 48.384718956164022 90 88 89 2.1338351535323254 17 140 18 148 13 65 12 235 9 68
2575 36.478365366057567 -15.129038696885925 50.009747096808141 86 84 85 1.2478070416493963 11 151 17 142 18 149 24 112
2576 -5.4018111044018129 -5.595137043742219 19.65856505377285 238 255 191 0.36192347641703693 11 165 15 134 18 176
2577 6.4527434090861338 -5.2010483290426039 18.988882754848976 146 182 67 0.52471599851829642 15 191 18 179 26 135
2578 -3.6636006284632487 -4.8552879598372769 18.453903917365775 203 218 112 0.11919708268078395 11 235 18 198
2579 -33.218735720948551 -16.447902675572813 78.682285280718276 12 12 10 1.0783158415379335 6 361 18 202 4 1041 8 1091
2580 -4.063672935542022 -5.0133292914529326 19.430099885217611 161 175 74 1.7818491818255007 11 247 18 204 22 138 25 78 19 69 27 94
2582 -5.9275533947327741 -3.9388275902639358 18.340190137701839 194 197 206 0.85601810127745603 11 1121 18 242 24 199 21 215 25 141 23 110
2583 7.0568512059898278 -4.704014631713048 27.311605913320307 123 131 46 1.0457834317960299 16 378 18 261 24 252
2585 3.119668782889391 -4.5006683901383955 23.387908234764357 0 0 0 2.1967198733527837 10 287 14 910
2586 26.134472866770185 -7.3336227775970935 60.619996184350398 47 49 46 2.0238902304110451 10 445 18 292 15 527 46 148 17 304 27 216 22 279 48 157 39 146 35 171 36 174
2587 -4.3634547860054509 -3.1573516396739252 18.929260704463328 111 124 63 0.26312961043288668 6 815 8 845 18 298 20 317 19 236 1 803 4 813 22 263 24 284 5 761 21 282 2 1002
2589 2.6231006541674762 -3.0729778691296485 18.756663752941829 127 141 53 0.48775456204832957 12 1117 18 301 20 334 19 224 24 300
2591 3.7437130255809543 -2.8224139123425824 18.97052408866298 129 141 55 1.3400951767090032 18 341 13 198 7 616 24 335
2593 4.0587076475751891 -1.9637412840897714 13.018918887436371 89 111 20 1.5239696322029297 7 33 18 353
2597 -2.9583112061416079 -1.1469381139265336 20.427576352931681 69 73 63 0.74582972975814066 11 576 15 683 18 400 20 461 2 526
2598 29.575698726244688 2.6379028501775066 44.524613793743924 135 128 122 2.1403671497424437 11 1501 17 999 18 424 24 909 26 703
2599 32.398530044375121 3.298188015864993 51.084100588773552 106 104 105 0.59516451675138782 10 1182 18 425 20 504 19 547 42 380 24 410 29 219
2601 -12.196800923864666 4.2259064139426563 49.274934849366069 29 29 29 0.20547456643190057 11 641 17 503 18 433
2602 -6.8212762654457455 2.6053729241321424 33.084965434101498 26 26 26 1.3609621367678231 8 1111 18 437 4 1062 24 428 27 394
2603 -6.7898931468151975 2.6107265447765515 32.972481923504631 26 26 26 1.4266464985567024 8 1110 18 438 4 1061 24 429 25 346 27 395
2604 -17.159468464470663 4.9147136683858621 48.797583271332357 26 26 24 0.334777079195892 11 657 15 750 18 448 28 307
2608 -3.7251307174481463 2.1454717020046159 17.34075098709469 17 17 17 2.098191192760102 10 672 18 488 20 562 21 500 25 391 22 473 24 480 20 554
2609 -21.420028191453742 7.2098647577581847 44.250310915379146 12 12 10 0.86781558662141012 11 743 18 500 10 680 19 369 42 445
2610 -13.265171344389021 7.304441521409184 44.039558223195158 17 17 17 0.35275749588875499 15 825 18 504 47 379 39 291
2611 -13.3821088302094 7.372777038384271 44.458164282801569 17 17 17 0.56921591682033557 14 574 15 826 18 505 47 380 39 292
2612 -17.469247088299259 7.7516389936123176 45.060301252873003 20 20 20 0.22496855587484163 14 580 15 835 18 507
2616 -36.789666261859672 -32.240110740143031 72.629063719961408 39 42 40 0.43272165495243164 11 1011 15 1068 17 104 18 566 20 79 22 72 24 71 43 56 34 77 44 73 46 54 37 56 48 53 32 82
2617 51.88292140939167 -30.586071021836315 73.790797932109314 109 114 114 1.1154779705530558 11 1017 15 1479 17 918 14 780 18 571 1 610 24 822
2619 1.8890308904045567 -5.1660143535041758 18.862303010059417 59 86 25 0.31327535955503583 11 1050 15 178 17 696 18 597 20 160 22 553 21 561
2621 -42.578239599183014 -16.335049269914386 76.829672493024844 33 34 38 0.067124263575858642 12 871 18 604
2623 4.0616079351429279 -3.8061383104602382 17.359345169838818 125 135 51 1.4927149774418744 11 1399 18 617 21 224 19 113 17 251 26 196 25 148 9 519
2624 4.7097162043824143 -3.8023316284337105 20.967785316878381 125 135 49 1.4930886860814296 6 838 19 160 5 783 18 628 20 296
2625 -33.419125355304075 -7.0143672564131521 51.227605188399728 18 18 18 0.1631115438539168 12 912 18 631 22 249 24 269
2626 14.415376092843037 -3.2387878769572915 23.443373751643641 10 12 9 0.59507580072446131 6 262 18 646
2627 -3.7011686456748674 -1.3708341876904859 20.229183541737761 18 50 3 1.9500752551515381 7 967 18 702 20 812 17 434 24 375 26 391 25 537 13 323
2631 -13.604387140566306 4.1381492156296886 48.954921726049179 28 28 26 1.100105836670048 10 1185 11 1278 17 502 18 724 15 1381 24 425 43 387 34 460 27 392 44 339 23 309 45 310 47 323 37 256 48 253 32 256 31 245
2633 7.7976434636914442 -4.6305595863615121 18.729659887254076 192 193 195 0.62692965228028041 11 1391 15 1511 18 787 13 724 19 614 22 560 26 788 25 457
2634 1.5131984505330496 -3.4511311714098136 18.505236073945941 135 142 57 1.2685296305695257 10 1554 18 803 19 645 1 783 10 1345 22 238 2 1125
2635 -13.192726797423521 6.5088904466147293 46.101889637224446 39 38 36 0.39571385399840592 11 1511 18 851 21 771
2636 17.59265553059582 7.0769813690818744 45.226897448531226 37 36 32 0.79518079649867179 10 1474 11 1517 15 1663 17 1006 18 859 20 992 19 709 22 785 42 721 24 690 41 391 21 665 26 863 27 450 25 394 34 929 44 643 23 367 40 679 47 357 46 288 37 569 39 265 32 687 35 287 36 608 31 496 29 578
2638 -37.152944219067322 -41.274738366906959 99.884824176098206 63 62 58 0.69936321340391883 10 1650 11 1663 14 1538 15 1838 18 894 20 1030 19 742 22 813 42 769 42 914 24 719 22 699 43 770 41 724 21 815 26 888 27 685 27 797 40 603 23 401 45 689 47 734 38 673 37 627 48 665 48 781 30 780 30 469
2639 -36.95036010739863 -41.072729919492524 99.361677704096749 63 62 58 0.68863539430243592 10 1651 11 1664 14 1539 15 1839 18 895 20 1031 13 888 19 743 22 814 42 915 24 720 22 700 43 771 42 770 41 725 21 697 21 816 26 889 27 686 27 798 34 841 34 984 40 604 23 402 45 690 47 735 46 477 38 674 37 628 48 666 48 782 32 637 32 732 35 618 36 56 31 44 31 551 30 470 30 781
2640 -0.076222833979922661 -5.221317990590439 19.0782553997443 92 114 52 0.32635021861535812 12 84 18 912 20 1055 19 767 22 830 24 841 21 834 25 690
2641 -6.6210975356470341 -5.4278481902935107 20.367251799846542 20 21 16 2.1460064285978482 10 69 13 1236 19 772 19 1048 17 1309 42 934 42 1108 20 1370 24 1004 25 908
2642 -0.04949409171976446 -4.537216305830607 18.121122029033568 93 132 76 1.5032206059745599 7 39 18 921 13 927
2643 2.5158708846102282 -4.4851608817247204 18.005769287989725 134 179 120 0.37157524499360817 11 1694 15 1866 18 930 20 1073 13 930 24 858 26 780 2 5
2644 4.267020544848978 -3.3296537270931794 11.948206019152265 31 79 20 1.7449422760107531 11 240 18 945 20 1084 19 788 24 870 21 869 25 725 23 672
2646 33.861747389601227 -60.098591449890719 105.33328688981393 132 134 129 1.4210785279008322 12 987 18 1000 20 1136 22 974 42 1087 43 1131 21 976 26 1050 27 960 44 1054 23 785 45 1017 23 830 44 1116 46 944 40 873 48 879 39 854 32 805 36 958 29 592 29 724
2647 39.743759295884594 -53.829299429154503 94.778197807066903 78 108 101 1.6494797366549623 7 1229 12 1493 14 1610 16 1569 18 1001 27 909 44 493 42 23 43 29 47 519 47 705 40 426 37 17 48 467 28 648 39 15 32 711 35 798 29 33 29 662 30 767
2649 -32.967999447903111 -33.974795084538421 79.086062975915581 34 34 32 0.59009015550659283 10 1810 11 1762 14 1686 15 1988 17 1243 18 1073 20 1228 13 1152 19 968 22 986 42 1099 43 1143 41 1024 21 989 34 1165 44 1068 40 885 33 977 45 1031 47 1043 46 955 38 948 37 917 48 981 28 820 39 865 9 892 17 1299 20 1278 21 1034 37 978 38 1022 41 1083 42 1163 43 1210 45 1100 32 888 32 950 35 882 35 949 36 967 31 834 29 732 29 787
2650 64.518306440051887 -58.537431832311221 98.827704097171946 28 32 33 0.73518331805113701 6 1201 17 1284 18 1118 8 1254 20 1267 13 1202 19 1016 1 1178 4 1191 3 1199 42 1145 5 1100 21 1024 26 1105 27 1010 2 1360 23 829 33 1033 39 899
2651 33.803803085326386 -51.487078966010415 93.192414634363715 133 134 129 0.90379119550652109 7 1002 12 1406 16 1467 18 1122 19 1021 42 1090 43 1134 25 841 44 1057 45 1020 47 1032 46 948 40 877 37 906 48 975 28 808 41 1015
2652 -39.892861198787948 -35.039522015184311 75.560122132453586 44 47 48 0.64296543772808212 11 1819 17 1296 18 1131 20 1273 13 1216 19 1029 1 1064 22 1045 42 1156 4 1083 24 1042 43 1206 41 1078 21 1031 34 1227 44 1127 40 950 33 1045 45 1097 47 1119 46 1035 38 1017 37 973 48 1040 39 909 9 889 32 944 35 942 36 1019 31 897 29 784
2653 3.714245976473074 -1.4751170929459911 19.752659048391642 96 132 36 0.41171109112226123 10 1867 18 1162 13 1191 19 1065 26 1088
2655 -33.116869546222091 -69.833180192362917 105.19056076187825 81 93 89 1.0280941441670808 7 1341 12 1594 18 1172 20 1315 19 1077 22 1081 24 1075 21 1058 26 1152 27 1055 25 932 2 1405 23 824 28 908 30 1047
2657 -14.742397321044985 -89.702817463552663 147.76231186542032 28 23 19 1.7629136270604191 16 1567 18 1206 22 1115 19 1080 24 1104 12 1246 21 1089
2658 43.256129353112698 -22.387716827815641 83.509074295473795 99 106 99 1.5259700884915779 11 1932 20 1407 18 1251 1 1298 24 1149 21 1149 22 1176 42 1290 43 1348 26 1226 27 1124 25 1009 17 1424 19 1170 15 2102 41 1195 13 1354 34 1360 44 1265 23 948 40 1076 33 1198 45 1235 47 1257 46 1156 38 1146 37 1110 47 1272 48 1172 28 1009 39 1048 9 1026 32 1076 35 1078 36 1143 31 1077 29 927 30 1124
2662 0.74568556103977868 -4.1614037054177269 18.152125246314775 149 163 67 1.5407500361567865 14 851 10 187 18 224 16 1112 10 935 17 724 20 198 13 114 19 85 3 435 22 562 24 187 24 578 21 194 25 122 25 460 2 947 23 92 9 510
2664 4.6885851188396241 -1.4655720560227994 20.029425810142737 129 149 76 0.68225854113688222 8 697 4 676 3 685 5 618 2 846 26 366 13 273 14 1047 15 1328 10 525 16 469 12 920 18 377
2665 -3.0011031303152018 -0.88488265082294792 20.388418681457665 97 97 94 1.5530354106999529 14 1601 15 1797 7 1213 17 986 18 707 7 387 14 1344 42 1186 24 974 24 1068 25 543 2 1300
2666 42.200508506888809 -32.810634359759568 73.176857158132876 98 100 100 0.50948573528991759 14 1624 16 1581 15 1928 10 1742 11 1760 17 1166 18 1015 20 1156 13 1062 19 877 22 926 42 1023 24 941 43 1054 21 942 26 1001 27 922 25 798 34 1082 44 968 23 754 33 913 45 937 47 960 46 887 40 819 38 870 37 835 48 893 28 758 39 798 32 823 35 816 36 901 31 762 29 682 30 884 41 956
2667 6.5659493394797792 -1.1768847929157051 20.070642123399796 16 54 9 1.3503338414647823 6 902 8 925 12 1215 15 1360 7 974 17 430 18 395 20 459 20 460 13 297 4 887 22 376 24 385 18 394 2 1082 23 286 43 683
2669 -42.098551054141289 -26.097272275915245 70.098279708519527 18 20 19 1.3991068121573995 18 128 3 884 42 83 5 221 39 71
2673 -4.5366209862356621 -0.024039532008127185 16.64576535643112 43 43 43 2.6784014743595046 10 589 18 420
2676 -31.454371439634915 -45.859819059730818 73.727011738080009 35 47 45 0.3056590024594813 6 5 20 6 1 4 3 3
2677 41.349226380665094 -72.06289796607922 122.06030148436739 72 96 90 0.57642768528353461 12 8 14 722 20 17
2678 40.168561758124468 -43.665188771655785 81.585916630468063 109 140 135 0.13954013057508619 14 16 20 42 12 594 19 19
2679 39.310473856073585 -40.32268940922512 77.619782956402048 120 133 125 1.5816715848256024 10 19 20 50 19 25 26 67 29 368
2681 -35.032312986788178 -27.434466877226498 70.794266533884411 55 55 53 0.44544344449398293 10 878 16 64 20 104
2682 42.893571210775143 -31.304559997069298 84.892436746739577 82 87 81 1.138508791623291 10 886 20 116 4 857
2684 -40.593252270044523 -24.035354652565331 73.513146164890216 60 60 58 0.30951359404696299 6 274 20 124 4 261 5 249
2688 40.392620235190357 -16.67149060753475 76.062005758851313 31 34 35 0.98304036074500512 10 270 12 386 20 163 19 602
2689 6.9052468980298123 -4.6459759930666742 18.440558382922308 121 162 79 0.42955604530854385 11 261 20 178 19 71
2690 3.6148282889686554 -4.4215550619424935 18.043170361178579 71 117 68 1.2414110567120782 7 821 2 25 11 1083 20 185 22 165 23 70 17 197 26 781
2691 5.4176687588711587 -4.1165131817176954 18.91587789330239 133 148 55 0.22576677849505708 10 1319 20 209 23 112
2693 1.2122912212719112 -3.9870367512633864 18.302805947767183 110 131 44 1.0189913979933616 10 954 20 214 22 196 24 200 5 710 21 1041 25 138 23 843
2695 13.127882632640475 -8.5435543952915101 51.766918092520243 119 131 45 2.1578562331702189 16 944 20 256 24 229 17 253
2699 2.1556798120735547 -3.5192963860944344 18.61871977652298 126 140 53 1.1284616862434171 10 990 20 294 13 133 22 234 23 155
2700 -32.829707559551039 -6.7309418749438192 49.767423130564907 91 87 84 1.2654780318221337 11 413 20 300 13 537 19 231
2701 -32.962670753941879 -6.4624517079913257 50.89787599709458 55 55 53 1.3444245561202866 16 454 20 310 13 197
2704 -33.623044642575216 -6.147583838544044 52.195956094597157 65 64 62 0.55235178049919587 16 1253 20 335
2705 -7.1743851239223195 -3.0901950392858377 20.373832709552126 15 17 16 0.88471725587351935 10 1386 16 1530 20 346
2706 33.486555646188542 -7.3647837339249129 65.726325499797738 34 38 37 0.43827955491811094 6 394 20 368 4 355
2710 4.1424510801547241 -2.0716055106847184 19.853402528940105 127 141 51 1.3476976763782287 16 964 20 422 19 286 24 355
2711 -6.8356274287906933 -2.0070393945853562 21.62956930146861 19 19 17 0.25935697974269678 10 484 20 423
2712 -32.78529064169124 -2.1149551937510056 53.61706316275442 57 57 55 1.1405396032735431 10 578 20 441
2714 -21.026798086835324 -1.0653205574174764 34.326872963922277 23 23 21 0.48681408228218875 11 1255 22 383 20 463
2715 30.161485641377062 -0.3982366959758234 54.752055190794486 19 18 16 0.70631110797947394 10 584 20 470 13 621 19 695 5 348
2716 33.027241550970807 -0.32921844131179373 58.709745727616358 21 20 16 2.2517242345783446 8 400 16 564 20 471 10 585 19 320 10 583 5 350
2717 -13.165876714411834 1.1053574037969747 52.764384591492345 42 42 40 0.7615141587245281 14 498 20 479 29 192
2718 -14.725749724358677 4.1515288114321667 49.189350338042416 28 28 26 0.58071214783651159 10 612 11 635 18 431 20 512 19 347 22 411 15 737 24 420 23 308 33 347 45 309 47 322 46 245 38 293 36 296
2719 29.581008725934403 4.4141417851790798 48.69698376289211 11 9 4 1.4991502555091982 11 1272 17 860 20 517 13 363 24 433 21 438 21 447 27 398 34 450 23 304 23 316 28 301 30 365
2720 29.501188452560211 4.4027255418849522 48.58064242116486 11 9 4 1.5284974895208823 11 1273 20 518 24 434 21 439 21 448 27 399 34 451 28 302 30 366
2721 35.79625391199874 4.5930321874346909 50.418543750118218 61 61 59 0.61782407723738375 15 744 20 520
2722 5.3119036477325272 1.0911392533285111 17.618004361638626 14 10 9 1.4503739444307824 7 1141 20 521 24 437
2723 25.690245664765087 4.1279901552702807 43.114754956718066 10 9 5 1.8547135516566244 11 645 20 525 22 425 17 1003 13 364 34 760 23 320 46 575 38 730 47 806 28 519 37 684 44 787 45 780 35 549 36 602 36 736 30 621
2725 40.720245741141085 -48.434945742073573 82.146083497320021 113 147 140 0.74431428834220825 7 776 12 575 14 1127 16 653 20 596 26 513 34 600 29 342
2726 66.686546232467833 -58.71692075902186 101.07239265372654 63 65 64 2.5141014731099078 8 977 20 598 1 747 4 432 46 450 43 23 39 419 32 434 38 13 31 6 28 37 43 18 22 513 44 23
2727 39.301192421221941 -46.733427688644539 86.665724331076802 121 134 127 1.5047195987762358 10 10 20 614 26 59 29 361
2728 43.435488691449038 -35.155669573265506 76.351072794276021 98 104 102 0.47765218817017124 10 867 11 55 14 768 15 1071 17 83 20 642 19 583 13 879 29 91
2729 -7.5940994287621564 -11.249598879053467 27.323876801091014 16 16 14 1.416044749699622 8 1117 20 662 4 1067 3 1073 24 97 26 97
2731 0.3282057206387396 -5.2055668249057776 19.07672912809689 193 204 112 0.0015820770516329933 10 898 20 685
2732 1.3780522505055888 -4.0914891948803076 18.184771675610232 113 130 45 2.394771767050607 14 852 18 615 20 704 13 115 19 91 22 563 21 573 2 1114 10 940
2733 4.2395063485202202 -3.1908973478663079 18.715406650177385 124 140 52 1.5188963050868061 16 1373 20 727 19 647 25 479
2734 -2.9856432759292924 -2.7930437870467473 19.213411271817925 122 124 43 1.5398209559978351 10 1575 20 752 13 793
2735 -8.2298477879432959 -2.8204991921648102 24.4191775779788 14 15 13 2.1116976340292597 16 438 20 765 13 1115 19 669
2737 -6.8852752659738403 -2.5472138199430385 20.866163648458858 169 171 170 0.30332636944086783 10 1114 16 414 20 767
2740 -13.334368082667595 1.3537027007994897 52.803696038037678 24 24 22 0.54520347757504195 10 1459 14 1353 20 828 26 696 32 548 29 568
2741 5.2836598048793872 1.4918236241072325 16.970778447101203 15 14 10 1.6403756342612059 14 1670 20 841 19 554
2746 -34.768900613636951 -50.211210170237742 97.051944428688003 54 56 55 0.90274029892002727 14 1370 20 868 13 665 33 495 32 449
2747 -3.552283508392005 -1.152287569026113 20.859577765193329 29 37 26 1.4733083993382983 15 1795 20 969 42 990 26 966
2748 -15.531287177587464 1.3238154479271724 53.273100268242999 23 23 21 0.69722106261649752 10 1616 11 1493 20 975 15 1636 15 1801 41 804 40 673 46 689 31 608 29 567
2749 -1.7015572759295392 -0.67205304474038297 6.9985341055360966 21 21 21 1.4315551510088103 10 1137 18 841 20 976
2750 32.437497118832525 2.9756687616868676 50.875863718607128 8 8 8 0.52331892949062542 12 1397 17 997 20 981 22 774 24 780 5 974 43 858 42 703 21 764 26 852 27 769 25 640 34 925 23 597 40 543 33 770 45 777 47 804 46 695 38 592 37 548 48 716 28 620 39 533 32 675 35 541 36 595 29 574 31 609 30 742
2751 -2.4629575054897908 0.81506685792150491 10.314195582150631 32 32 30 1.0490924035815039 11 1853 18 857 20 990
2752 4.4804943780509126 -4.4951926820189128 18.212721322268877 34 92 32 1.4394133837580958 11 1571 12 1048 20 1080 19 786 9 774
2753 35.933545796189819 -7.7042377431121682 67.837490555978547 30 34 31 0.79947667620601348 10 1595 20 1104 19 815 27 726 25 619 33 729 46 661 28 586 35 651
2754 39.055297439634536 -1.3779984117282618 57.018997933475461 46 39 31 2.0136034643551191 15 1966 17 421 20 1200
2758 -6.7518047397760892 -2.6178235350294297 20.756864856907828 151 151 151 1.5708684307010381 14 1743 20 1305 22 1068 24 1063 26 1177 25 920 23 892
2759 -3.3105393943747932 -23.009531479363361 35.034961732138939 26 23 16 2.013585426846872 6 1258 20 1318 8 1276 1 1208 6 1192 4 1216 3 1248 24 1024 18 1116 17 1226 18 1058 24 981 20 1211 22 901 21 1019 21 918 26 1100 25 771 23 826 23 783
2761 30.593681108703358 -36.867643235461415 73.246716714872449 50 50 48 0.83071592231426616 12 1558 14 1721 20 1326 13 1262 40 998 38 1057 48 1085 21 1030 19 1026 23 835 17 1293
2763 32.797741839131945 -52.246177363189119 92.803382906044703 129 131 128 0.55320865916382955 7 1374 12 1631 14 1751 16 1721 20 1357 19 1110 22 1118 42 1230 24 1107 43 1285 21 1092 26 1184 27 1082 25 965 34 1301 44 1209 30 1083 23 900 33 1130 45 1185 47 1195 46 1096 40 1025 38 1081 37 1043 48 1108 28 952 39 975 36 1082 29 849 41 1144
2764 32.797741839131945 -52.246177363189119 92.803382906044703 129 131 128 0.55320865916382955 7 1375 12 1632 14 1752 16 1722 20 1358 19 1111 22 1119 42 1231 24 1108 43 1286 21 1093 26 1185 27 1083 25 966 34 1302 44 1210 30 1084 23 901 33 1131 45 1186 47 1196 46 1097 40 1026 38 1082 37 1044 48 1109 28 953 39 976 36 1083 29 850 41 1145
2765 2.9489555531974871 -2.6767672983949296 18.753421358062713 123 130 44 0.40998850389170477 10 1921 20 1374 13 1326 22 1131
2766 -31.440839724476366 -59.961587720928513 106.6728816963154 27 29 28 0.70160857305546498 12 1660 14 1783 16 1748 20 1382 43 1318 34 1329 44 1239 40 1056 45 1205 38 1115 37 1071 48 1130 39 1007 36 1112 31 1015 29 879
2767 -4.4341557499894115 -4.8275497765565785 18.640243730545816 172 190 87 1.927793900210286 10 74 17 190 20 168 14 100 15 1133 10 81 11 1066 18 206 19 73 22 135 42 116 24 137 24 140 21 136 21 142 26 145 25 76 23 59 27 97
2768 -3.6907544055504617 -4.0097327920780952 18.41825535179666 108 122 45 1.9704653232923053 8 790 14 1213 6 765 11 1400 20 210 20 706 2 958 10 949 11 1112
2769 3.1511685678345422 -4.189331301997103 17.96579384199682 137 159 52 1.0783113551676029 14 178 7 65 20 701 15 1514 10 1542
2770 5.3483551326994503 -1.7085485382089303 19.804670331916942 89 107 35 1.5054547970103946 8 907 14 1025 6 882 12 898 16 981 7 705 18 368 20 437 17 807 18 687 20 795 13 271 1 860 4 869 3 892 22 628 5 810 25 519 2 1063 23 264
2771 -17.77963711785122 7.4537198306142161 45.383764931292653 42 41 41 2.1804638868636332 14 561 16 614 15 815 10 678 20 568 14 575 18 506 19 366 26 490 17 576 16 621 29 263
2772 -16.743526403684427 -15.999840842476953 41.140114210671953 39 41 38 0.20650304039658557 16 58 20 114
2774 -48.104389714081869 -10.25954239305478 69.96568117888809 71 70 68 1.0195063040048529 16 444 20 265 19 189
2777 -30.442943571310121 -43.455881183117469 69.238712314145815 48 54 54 1.4980507429193315 7 1148 13 6 1 1039 4 1129 5 976
2778 -31.523775899489507 -44.844938940716787 72.249148587165394 64 65 67 0.52744178450928392 12 1 16 2 13 7
2779 -9.6506285519567498 -34.557509413303968 59.8582562059418 75 80 83 1.0421806954940489 8 968 13 13
2780 -32.904246587777138 -55.584450811010264 99.367845896211122 36 37 39 0.69857693766800777 12 14 14 7 16 17 13 16 43 16 21 31 26 36 44 18 23 20 45 9 47 4 37 14 9 1 32 19 35 3 29 28
2781 -30.080054459307004 -58.243765643123105 109.87113401191615 76 80 78 0.31972775569786172 14 15 13 20 12 27
2782 -36.779736073215986 -58.825430616823652 110.93705715543496 107 109 104 1.5332838117559269 10 6 12 25 15 13 16 24 17 43 13 22 15 9 19 22 22 43 41 33 26 48 34 29 40 21 28 50 32 33
2783 -33.708077684480159 -32.138405698508151 66.971810727030203 11 10 10 0.160962211542787 14 37 13 34 12 39
2785 -32.377981816758798 -28.302377545878031 68.719165110112073 63 63 61 0.68292916622067124 15 71 13 55 48 60
2786 38.658687571171832 -19.012902002732471 50.356712065142943 89 88 87 0.66209923003620308 10 45 17 123 13 58 5 160
2787 36.031213430120864 -12.865524098230098 50.52385347806154 83 82 80 0.50517911733946808 10 194 13 80 9 81
2790 -34.273969615080496 -17.444255194917499 78.451830039967675 8 8 6 0.39460220477573554 6 357 7 701 8 357 13 96 1 353 4 330 3 321 5 659 26 132 47 127
2791 -5.1560978956931995 -5.1248563954502524 18.964105826787808 205 244 120 0.27646583657660412 11 221 15 1119 13 97
2792 4.9536262095649288 -4.7457210381900756 18.456451494080031 151 187 84 0.11949415994714166 10 105 13 101
2793 -32.640733422047326 -16.856883724711953 77.275658876527828 70 70 68 0.45447568014151063 6 358 8 358 13 102 1 356 4 333 3 323 5 310
2794 1.442307169555006 -4.0692186845556746 17.977692803290307 103 124 35 1.4747999667100786 10 941 13 116 21 197 25 124
2795 -5.91570306089619 -4.2475154683103495 18.437347284814656 173 179 190 0.63627339885767953 8 37 20 190 13 117 6 37 1 39 4 30 3 26 24 182 5 43 9 231
2796 1.1846411763641116 -3.9323599560854579 17.764263767244739 124 142 53 0.65263098427429511 10 946 13 118 25 137
2797 -6.8743800357941449 -4.0011586835604023 19.419517414811317 196 206 216 0.060088391519437886 11 331 13 129
2798 -7.0623238643929298 -3.802066479709449 19.342109553109822 22 24 23 0.023304565604249254 10 977 13 136
2800 1.9865689499589616 -3.1545717065843117 18.772395432080433 121 134 46 0.20725167329631267 10 1036 13 151 19 215 2 209
2801 1.9865689499589616 -3.1545717065843117 18.772395432080433 121 134 46 0.20725167329631267 10 1037 13 152 19 216 2 210
2802 4.4200650690752061 -3.1922438979049983 19.203148033687089 141 145 60 1.8133711209911638 14 935 13 154 26 261 20 730 13 519
2803 -5.8083392451065352 -3.2186058306038259 19.017142433326423 176 188 181 0.45711296937979518 10 1021 20 311 13 168 2 226 3 149 4 542 8 562
2804 -2.0024212801272672 -3.0197457803813217 18.773426283868336 19 46 0 0.64738557751379755 10 1372 13 179
2805 3.1149268611190717 -2.3143712329156498 12.368808438090827 114 123 34 0.64200713618330241 7 1391 13 191
2806 -1.7698539511203966 -2.9869672148198858 18.84362947389338 139 155 86 0.75832049064577745 10 346 13 193 19 254 9 686
2807 3.8467928105041227 -2.8591870944882656 19.439852703552919 142 155 65 1.8280116426608386 8 620 18 342 13 199 24 336
2808 -5.7100424261050424 -2.7543544150443493 19.25382227647448 124 157 75 1.6197973756332225 11 481 15 516 13 233 19 501 9 323 16 373
2810 -6.2371687963645996 -2.7292706813933307 20.078444494272844 173 177 178 1.1152878849675085 11 1217 15 522 13 240 9 329
2811 2.9676147660569066 -2.4606760218841881 19.354864779038177 135 146 54 2.3211237482563232 12 1159 13 242 2 352
2814 -2.932294519346462 -1.3701744008534473 20.33192639709161 22 52 0 1.3909012371853533 14 1053 13 313 21 385 26 393
2815 3.604807873905469 -1.2060840552237335 20.161227745254582 79 110 55 0.27786219064522477 16 517 13 316 4 683 3 694 2 867
2816 1.3758911851915698 -1.253419594320994 20.167803779925453 60 81 37 0.9386837163341516 6 294 8 314 13 325 5 280 26 422 2 865
2817 2.4724880597735925 -1.2090399513017864 20.490921734985903 41 65 27 1.4548529112146098 7 1133 13 326
2818 -0.32814998093589487 -1.2572325845953969 20.170735356549301 52 78 33 0.38280016215046908 6 301 13 333 1 307 4 281 3 279 26 416
2819 30.059526667291955 1.6365583574604952 51.266668727475398 147 143 140 0.43793017360033115 6 929 13 355
2821 35.396055835756137 -52.050785116176591 90.279605997691306 5 11 9 1.0657635835191512 14 6 20 22 13 388 12 9 16 656 34 11 29 29
2822 39.463476878144625 -62.666060185666204 109.33778946587911 127 134 132 1.9923336580141255 7 434 14 1133 13 389 34 12 36 6 25 25
2823 -31.337124324029357 -57.080862476698371 104.83170289104571 51 55 54 0.45517985560581398 14 1136 13 391 16 666 10 0 12 18 29 491
2824 -31.648276858547121 -57.604724128045447 105.85515782891045 51 55 54 0.20979980946866669 14 1137 13 392 29 492 13 662
2825 -42.879786112941389 -38.184150183183391 73.897073378381407 54 63 60 0.7900953816806835 8 816 10 1230 13 398 4 783
2826 -31.057828728791232 -51.998686673209072 102.29257474245412 109 111 108 0.52348638973622608 7 18 12 608 14 753 13 400 22 53 42 37 43 548 41 38 21 59 27 36 34 617 44 47 40 31 23 32 33 29 45 510 47 529 46 31 28 61 48 27 39 36 32 50 35 17 36 25 31 17 30 26
2827 42.581075833508159 -37.015948894813192 79.983860106442293 95 97 94 0.61689419650838739 7 34 13 408
2828 -32.099833427619053 -35.370854384271944 76.594926435737676 85 86 81 0.38149740831648343 12 44 14 42 13 412 26 78 36 39 29 73
2829 34.242761529327879 -27.607406036101601 66.424862902140987 0 0 0 1.9636194122653086 10 877 14 1177 20 100
2830 -36.491042562749946 -39.136229282989099 94.817087166878437 51 51 49 1.1983294561977973 10 875 16 717 20 650 13 424 19 415 28 88
2831 47.084429169786105 -22.105812965372518 86.238155117037579 112 118 116 0.74638091530976935 14 271 13 440
2832 1.464529028176943 -5.2369082291537801 19.145504358622809 201 217 126 0.040183524316302802 10 1279 13 456
2833 -33.603582637698608 -17.261846070106415 75.336276591760949 57 57 55 1.3506935705833314 7 696 13 464 19 603 1 1022 4 910 43 86 25 445 28 425 32 490 35 70 35 484
2834 -3.1468518899962841 -5.212717987135461 19.055864366959181 170 190 83 0.11782239514198557 10 60 13 465 19 59
2835 7.8240266916398822 -4.7450944083778985 18.724170867045487 27 29 28 2.031809628305854 15 1156 13 472 26 156
2837 4.3899596091861524 -3.8650193997252233 18.067730488088419 131 143 56 0.48655866622013355 10 969 13 493
2838 -3.2788717253630071 -4.0521383740892656 18.389510394076996 112 131 42 0.97966626281647895 10 1307 11 319 13 494 26 186 10 211
2839 -37.754215892620678 -10.432233007845397 64.995371731305212 23 24 25 0.65123740724523371 6 371 10 348 11 347 15 406 13 504 5 318
2840 -6.4421276542804096 -3.9098754644729845 19.782275867321875 188 191 199 0.26244854032124526 15 1211 13 505 11 1141
2841 4.2857675432543321 -3.4817736732857623 18.414936661282571 119 129 41 0.15779947855078158 10 1347 13 506 19 170
2842 4.2857675432543321 -3.4817736732857623 18.414936661282571 119 129 41 0.15779947855078158 10 1348 13 507 19 171
2843 -3.3882178049304437 -2.9770090971191023 19.172728794307595 137 144 59 0.80761371884206457 10 1068 13 544 15 485 16 344 27 224 2 268
2845 -3.3828941686047531 -2.7744342788755034 18.99553987521784 131 139 57 0.13781117978278046 15 1568 13 557
2846 3.5347513959827328 -2.5771301666717372 19.406408308442202 147 153 63 2.2061289315383683 15 1578 20 763 13 562 2 338 12 379 26 624
2847 -2.3085806300701175 -2.3544501104522748 19.470665842136192 69 82 12 0.27297549343870764 6 1011 8 1036 13 578 1 987 4 998 3 1006 26 643 9 692
2848 2.4661729378809714 -2.1576435942834356 19.594321782512075 148 158 64 0.35677019092191209 10 1596 13 586
2849 -4.3308368123524055 -1.7138269027855795 20.053473267386671 109 122 34 0.63735731391300565 10 1139 13 592 19 529
2850 -3.2714780258576317 -1.457075905273395 20.131263537010611 99 122 40 0.80302307280541174 42 683 2 1077 13 598 15 1616
2851 -0.20706211987178949 -1.3283659084949548 19.629928285564713 9 39 0 0.22494541776670193 15 1622 13 612 26 673
2852 -2.7748720115548502 -1.3511727609628583 20.143106656499839 22 52 1 0.51011682249549406 15 1621 13 614 42 350 5 952 26 394 27 630
2853 -32.890900899698217 -37.359490569761235 78.175405283271814 95 96 98 0.28968802413011568 7 788 13 678 26 744 29 376
2854 1.8197222189660265 -4.9745326258863658 18.676803024247743 200 215 122 0.40617111322121502 10 1282 13 708
2855 1.6019122023284553 -5.9398630838359097 24.816949763629065 191 207 119 1.8120286573479429 15 288 13 719 26 563
2856 0.29831151323850996 -4.6768997055524268 18.207468734996496 199 210 116 0.29931567341726523 10 913 13 726
2857 0.51161421854723854 -4.6642854847851902 18.173682779422165 190 203 113 1.6594433476903447 12 1275 13 727 17 193
2859 5.3033226277759322 -3.8969803832620933 18.162925620897628 138 153 58 0.46895300848705712 10 1321 13 756
2861 -3.0238962698217042 -1.5903235865109773 19.974009032189102 63 85 16 0.22013629114949831 6 1118 8 1167 13 819 1 1088 4 1105 3 1115 42 844 5 1022 26 834 2 1281 9 700
2862 -41.690011136029717 -1.2055124205274963 64.619527731708928 54 54 52 2.0111849145410923 12 495 20 818 13 834
2864 39.64958932231125 -73.134478532248934 123.9248419368831 119 123 124 1.2675439215664899 7 433 12 580 14 721 16 1056 13 863
2866 5.0084390332191377 -4.6618073024923072 18.508267831761888 165 202 101 0.27076132857094265 10 1296 13 918
2868 -5.1933990921675273 -4.5554388567340771 18.203855128203578 70 111 44 1.3780467469257953 10 1518 13 952 42 807 7 465
2869 -7.2138248940822871 -3.0589331786989109 20.458638201490221 25 25 23 0.19136009722294856 10 1706 13 986
2870 16.338209178536907 2.4475052139600577 23.244948746831273 29 29 27 1.2144971259455566 11 1809 13 1025 23 600
2873 -32.973493662292519 -45.709701505062618 73.390918284025631 60 66 66 1.460010928521138 6 742 13 1042 21 780 23 525
2874 -3.7733441529455876 -4.615815710892444 18.546886071573571 82 136 48 1.2442077523213371 10 1667 13 1088 43 1072 27 938
2875 -4.303374851966816 -4.0654433123720946 18.409490379662387 122 131 44 0.41582397725487308 10 1686 13 1099 9 801
2876 3.344896632903493 -1.4256593767923778 19.918239905387125 99 137 36 0.68596396239562107 16 1670 13 1118
2877 -6.0331978373153721 -1.6094575760443761 20.528425408195602 40 38 39 1.9878812349199197 16 1436 13 1119 19 832 2 1293 9 870
2879 5.9291669990052256 1.3534325356880792 18.018962877181465 15 14 12 0.96060386308986467 8 370 13 1128 1 369
2883 -3.5240282869106987 -3.3676054158353201 18.706447389655054 140 143 49 1.0482653464946574 8 1287 13 1183 26 1078 25 866 23 808 9 963
2885 -45.77278638236956 -29.852227168112016 77.657086450146011 56 56 54 1.8240019078746534 7 1401 6 1287 5 1186 34 1310 44 1179 2 1435 45 1150 47 1204 46 1074 38 1093 37 1053 48 1087 39 954 36 1054
2886 -46.861608623593732 -27.424311810246124 77.328478962249775 21 23 21 1.8122603667047947 12 1643 16 1755 13 1315 24 1115 46 1106
2888 16.037600510433229 3.3887722072204998 25.605604016328723 37 34 29 0.75181464949425947 11 1937 13 1345
2891 -35.326430564344591 -32.226288462191093 72.879424668977776 41 30 33 2.3091714860107846 12 53 14 49 16 53 10 35 13 45 16 52 15 59 14 47 11 72 17 106 22 76 42 66 24 75 43 57 41 61 21 93 34 81 44 75 45 52 46 58 37 59 39 58 32 85 32 86 21 92 38 56 46 57 17 663 18 565 20 643 22 539 28 401 24 541 33 510 41 556 47 545 35 459 38 503 40 444 42 576 48 491 31 38 31 404
2892 0.57467012813260876 -3.8982447064863024 18.358852784602433 86 96 35 2.0622822098753937 16 1126 13 123 10 965 6 772 12 1075 15 1202 11 1124 7 852 17 255 1 757 4 767 8 791 22 206 24 214 21 1071 26 206 26 193 25 161 25 949 42 158
2893 7.4575773852189506 -4.0828685652596279 18.265482257153053 139 137 138 1.1828686797678269 8 466 14 1569 16 1357 15 1740 10 1688 11 1710 17 1189 18 952 20 1188 13 1176 11 1838 14 1642 19 913 1 37 22 864 24 961 21 875 26 941 25 731 23 767 9 851
2894 -4.8721800163801463 -1.3715630739360649 20.182813701193172 6 40 6 2.8178744357499563 8 923 12 1196 15 1331 11 1246 17 436 18 388 13 319 8 1078 14 1334 12 1195 15 1330 11 1245 17 833 18 387 22 364 26 384 26 385 42 357 37 661
2895 1.3935580998065913 -4.2407824144045136 17.961932092162471 158 166 98 0.27186983918253405 13 485 14 166 16 115 15 318 10 1301 19 81
2896 40.595218084226779 -76.432360456689466 118.60629403603811 42 46 48 1.9299879427514597 7 774 16 1300 20 852 13 645 12 570 17 612 18 514 20 580 19 558 22 507 24 9 5 852 21 516 26 502 26 729 27 12 25 413 23 376 28 372 32 424 29 332 29 483 30 445
2897 60.205658960307211 -55.140101488302513 101.86451582026713 130 135 134 2.2449425259614406 14 1144 6 519 10 840 7 779 12 1251 14 1369 17 900 18 534 18 740 20 866 13 658 8 97 14 746 6 94 12 597 15 1038 10 843 11 11 7 8 18 540 12 992 19 724 1 86 1 493 4 83 4 483 3 81 3 799 22 45 24 38 5 720 41 35 26 531 34 616 44 45 44 41 23 391 45 23 32 46 29 54 42 32
2898 32.055940906078305 2.3947272559097947 51.04161266563564 112 105 104 1.7910397195788723 8 1186 12 1484 8 423 14 506 6 1070 12 511 16 576 15 715 10 1178 11 600 7 758 17 460 18 415 20 493 13 1124 19 546 1 420 1 1114 4 393 4 1125 3 1133 5 670 26 453 29 208
2901 -18.092778698628514 7.4474346597289216 44.710154904358689 20 19 18 1.1518800550570156 14 1606 16 1559 15 1911 18 1053 20 1208 13 1130 14 1099 16 618 17 575 10 685 20 572 19 943 26 727 32 323 29 642 27 957
2902 45.415458828213865 -13.997633567949311 74.619218725815529 32 36 35 2.1241592887150484 8 1272 14 1703 6 1215 16 1666 7 1335 17 1312 13 1272 10 1781 11 1786 14 1655 15 1955 17 1263 20 1242 4 1209 18 1148 3 1241 22 861 24 873 18 1032 5 1128 43 964 21 872 27 844 25 812 34 177 34 1113 44 877 23 766 45 714 18 788 22 721 47 148 2 1393 38 802 37 763 48 806 28 774 28 886 21 1040 39 744 9 913 35 738 31 779 29 147 29 796 30 810 41 894
2904 -7.4459335613340007 -6.0113832020421194 19.930778599856701 13 15 12 2.249424371520238 14 66 13 82
2905 -32.96347585201098 -18.969915293580581 80.161122300988197 106 108 105 0.39845780555499744 6 722 13 84
2910 -3.6251623164461568 -4.260718921889719 18.183199829325435 162 175 70 0.93553863874417253 11 1877 18 1149 20 1294 13 1273 22 1057 42 1174 12 1641 24 1055 43 1226 26 1168 27 1071 9 959
2912 -4.2366816687245921 -3.8644512529469588 18.400127679910419 7 23 5 2.1642938236201235 8 807 8 979 14 1217 15 1521 10 1317 11 1402 7 1042 17 277 11 1132 18 623 20 229 20 241 19 458 15 1195 12 735 22 200 42 167 24 207 24 219 5 727 21 232 26 208 26 577 25 160 23 121 23 127
2913 2.0780842251908287 -1.3195013330812779 20.099738480431782 5 27 0 1.37412830765379 6 897 11 556 8 1075 13 284 4 883 2 1213 23 281
2914 35.888486978237523 -52.139930408844243 91.401448336192388 23 24 26 0.59508407634642324 16 657 19 13 41 17
2915 40.781186246599937 -52.216738468996603 94.488163726453138 92 98 94 1.4958402924281691 16 664 19 15 26 51 34 33 32 36 29 38
2916 -29.847582997069328 -57.677370224479347 108.8775285454243 62 66 65 0.36960741125171137 10 7 12 26 15 14 16 25 19 21
2918 -38.064965873594353 -33.523667349926072 69.216119051308311 22 23 24 1.6006201814779397 7 16 10 22 16 40 19 29 4 122 16 690
2919 -33.750900674685745 -29.438213788504981 70.245268745370169 55 57 54 1.3191721626421049 15 64 19 49 45 59 32 89 29 100
2921 -3.9172069598638886 -5.2126949627703043 19.026468110224624 133 166 58 0.085876563370247891 11 198 15 158 19 61
2922 -3.9172069598638886 -5.2126949627703043 19.026468110224624 133 166 58 0.085876563370247891 11 199 19 62 15 159
2924 -4.6795319376110056 -4.8881956616312481 18.685424792974882 137 162 60 0.59048752879755328 15 198 19 72 26 140 25 75
2925 7.8122028325860207 -4.5010563165586435 18.837798891303763 22 23 25 0.27146544147303697 14 182 15 1733 19 78
2926 37.894599354070991 -12.09820296206694 72.461556732289779 46 50 49 0.7984856190307309 10 358 16 430 19 90
2927 7.3101005068872587 -3.9841949396346408 18.107477591541816 0 0 0 0.27611796034129343 12 202 11 314
2928 0.67807217760931238 -4.0983325667741521 18.082433692280205 111 124 35 0.121642613029683 10 939 19 95 2 63
2929 2.1496835309324234 -3.815516427563475 18.251526880236106 113 123 34 1.7243419164707199 7 131 17 261 19 130 24 221 5 72 2 97
2930 4.4363847457436796 -3.7687305825949848 18.414471605106623 115 123 38 0.22389029494471591 10 1335 19 134
2931 0.65823824800665809 -3.6653447380880055 18.462217235960708 117 125 39 0.17575128411320717 16 213 19 153 2 130
2932 38.567526012891527 -9.6038387830710992 70.148326305899957 32 40 43 0.4885882218304024 10 408 14 423 16 459 19 159
2933 2.6505313393783365 -3.3793008657504791 18.500221329589507 115 125 38 0.046953976555685409 10 1001 19 188
2934 3.6423540577682973 -3.2366114163748607 18.556386925223745 115 126 40 0.067637427826163665 16 837 19 200
2936 35.86865077231451 -7.864769350765874 66.467943973962662 46 51 54 0.79513463093429648 10 448 16 472 19 207 5 325
2937 1.8012957750512049 -3.2101989098209498 18.578009063405545 114 129 41 0.042909475585280792 10 1020 19 208
2938 2.2039741618150073 -3.0815535316453007 18.841463244847557 110 122 36 0.28354840042628443 10 1053 19 225 1 147
2939 1.6360438493530232 -2.6045816031185289 14.048771546667442 110 122 36 2.3263109298174571 10 988 19 226
2940 -6.4997279404023249 -3.0591348843089841 20.181536581131208 9 10 10 0.71260032363652415 10 355 19 260 3 995 26 282
2941 -5.3000695676358358 -2.7292280840477701 17.318627372658835 164 169 165 1.3510328900817785 15 476 18 817 20 947 19 270 22 594 24 615 21 595 26 812
2942 5.1380146758191909 -1.7175068576339845 19.779718411934365 73 109 61 0.49040580854506127 7 951 12 1186 16 1249 14 1322 5 928 26 354 25 520 19 295 20 430 22 348 10 1142 13 268
2943 5.8720481300191283 -1.6936309136453007 19.951351736280021 34 56 0 0.018167800766183073 14 1026 19 296
2944 5.2208043015509542 -1.4494938009961487 19.721224839818813 34 60 1 0.37276981119563835 10 523 19 313
2947 24.7851633084578 3.2081603918347215 50.680122459609692 9 8 6 1.0102616304178544 7 992 10 1181 19 340 22 398 40 261 47 298 48 240 28 289 39 214 32 238 35 249 36 271 30 349
2948 -3.3315262741320635 2.1063829385906652 15.838843008030992 4 4 4 1.8199861851237342 11 1307 19 371
2949 -35.552928071054019 -35.034780704484859 68.750251150968737 32 34 33 1.4605983064787691 10 11 16 676 19 397 22 56 43 752 13 669 21 62
2950 -31.585335225364712 -35.497657502293094 77.095232918370399 104 110 110 0.70370883066309742 14 1162 19 410 44 690 39 438 32 468
2951 -0.55973320787339209 -5.0672867878427033 18.815307509677982 200 218 117 0.79688335790135967 16 77 19 432
2952 7.0961315455133986 -4.4495823285478204 18.373282952517805 188 194 192 1.1961119859049096 15 317 19 440 21 570 26 167 23 423 9 138
2953 1.1327478835387117 -4.110167584896673 18.082429897783527 107 123 33 0.13960877080201406 10 1303 19 449
2954 3.952531558704913 -3.6625872363488492 18.245524821851777 113 123 37 0.036798908189738432 10 1338 19 460
2955 -2.94844642124098 -3.0683448725759792 18.958213517055146 132 140 71 0.28878366114129655 6 977 8 999 19 486 1 959 4 970 3 973 5 884 43 630 2 1141
2957 29.924497222064673 0.18745035505968352 53.641165205863359 20 19 17 1.4468756056081056 12 498 16 566 19 541
2958 -19.347866548389881 4.1059404048438068 48.053920381433841 29 28 26 0.50705720319895931 11 1283 15 1383 19 553 22 664 42 404 24 682 25 557 34 463 23 517 45 316 46 249 40 291 38 298 48 255 28 515 39 241 32 259 35 271 36 304
2960 39.384578550099448 -55.788378546611746 94.536890863432703 63 73 72 0.66878658815429204 14 1128 19 561 22 511 25 416 34 596 30 450 39 416 36 481 41 531
2961 40.89617665131864 -16.434084866941571 76.378722750621876 62 68 66 0.22684906500344473 10 987 16 907 19 604
2962 7.456595139872956 -3.8527848269576594 18.046783336117592 43 43 41 1.4565006511185712 19 630 21 961 25 817 3 38 23 770
2963 -4.7081688150786656 -4.0565302296819139 18.452985263721633 113 125 42 0.94100619595816148 16 1509 19 632 9 800
2964 5.5923682296357811 -2.5318878731237477 15.850525569440018 125 130 43 0.98003649780945712 15 511 19 656
2965 -3.8646832421010315 -2.6722902047078936 19.301642092499677 98 109 31 0.26799627150378719 16 1534 19 666
2966 35.239400548680322 -2.6868339873280491 60.869281078295664 50 48 49 0.85157685481741763 6 410 10 1453 19 685 4 376
2968 -9.5274086665656021 -42.593456443239731 66.600239049320749 91 84 42 1.7411498139462314 6 450 8 438 17 1142 18 733 20 856 19 714 13 648 17 616 1 437 4 408 24 10 24 913 5 684 3 415 21 515 21 917 27 889 23 726 32 701
2969 40.047406267174878 -67.012856160852749 112.63563205846742 106 144 138 0.47803698931045374 14 1515 16 1461 19 720
2972 39.942364428836058 -15.686703562027871 75.719313689259849 32 35 33 1.6834215508581769 7 350 10 1349 19 770 12 398
2974 7.4069441194579406 -1.1929853602993492 20.591131519400825 20 22 17 1.7094646967456579 14 1600 15 1796 20 1118 24 769 25 826 22 1026 23 706
2977 -3.1520980131748648 -2.2195475283943904 19.51466574369152 128 133 44 0.55597510217707247 11 1800 19 933 22 962 5 1123 26 1034 2 1387 27 947
2978 29.85487323084919 1.6788372724722214 51.725418618077029 23 24 19 0.61492468401803335 10 1721 14 1506 19 936 2 1230 9 750
2979 -1.1091466250668276 -0.78107739503393947 6.0957320057167781 24 24 24 0.38639948075429875 10 1391 19 939
2980 -40.039233686725829 -43.342343416626498 111.70348132927229 14 19 15 1.2942140419298138 10 1501 13 1073 15 1692 18 1021 11 1544 20 1035 22 929 24 947 43 774 11 1371 20 890 24 546 42 81 17 120 22 88 17 922 41 74 21 106 21 819 26 537 25 55 34 98 44 84 33 818 46 70 38 67 37 70 48 785 28 410 28 664 39 68 39 720 32 475 29 390 29 685
2984 -1.8096354213265329 -0.40403014399298598 7.2285160739229459 51 51 49 0.02524290118560538 10 582 19 1134
2986 0.99045554015148785 -4.7633055117639946 18.412810067341422 195 204 125 1.5431464872032956 7 35 10 1765 13 1172 19 905 14 1195 12 1033 15 1498 10 1285 22 945 26 562 26 1018 9 651 9 841
2988 3.7823689825007265 -3.5197183025448622 18.580977935936996 126 133 45 1.8010176061807277 10 991 13 132 19 169 8 821 14 900 15 1235 18 268 20 295 26 223 25 188 23 153 9 248 16 236
2989 2.5859083010050785 -3.0819196576898311 18.663012498852563 128 141 54 1.7382855082235922 7 882 20 326 19 223 12 1116 18 300 20 333 22 270 24 299 25 224
2991 -14.948165129368538 6.5102098012924436 45.002675089822958 59 58 56 2.5618605132950676 12 538 14 531 16 597 15 770 10 636 11 700 17 523 18 461 19 356 12 977 14 1088 15 771 11 701 17 524 18 462 20 536 22 453 42 431 24 463 24 464 21 487 26 476 25 383 25 384 34 479 34 480 22 455 44 369 23 357 23 358 33 372 33 373 45 357 45 358 47 361 47 362 46 291 37 291 48 289 48 290 28 328 39 272 32 301 35 293 36 332 36 333 29 245 41 401
2992 -34.252357692345605 -27.942061692063803 70.966701482695385 101 107 103 0.3427397919645378 8 885 14 1180 16 1087 6 855 15 1476 10 1266 11 1370 17 923 18 766 20 891 13 689 19 745 8 1027 14 1387 10 1498 1 840 4 846 3 878 22 702 42 772 24 722 43 773 41 727 34 844 44 697 40 606 33 697 45 691 47 736 46 635 38 676 37 630 48 667 39 600 32 639 35 620 36 672 31 552 29 531
2993 7.2092286531649625 -2.5506458989747802 19.074564993398102 77 74 71 1.4946474397125717 10 1412 13 553 19 496 9 319
2995 -44.45023581591839 -21.935752956192243 77.217243440351012 2 3 5 1.5100693752342935 15 1998 8 1174 14 1566 6 1123 16 1600 8 1230 15 1938 11 1776 7 1200 17 1253 18 1082 20 1166 13 1160 19 1040 8 1269 1 1153 4 1112 3 1122 42 925 43 1152 44 973 2 1279 40 897 45 1040 47 1055 38 960 37 984 48 794 39 806 31 58 18 581
2996 -5.5106081447451229 -3.105569644655827 19.108362258081229 31 82 4 1.3604994652387368 8 1306 14 1770 12 1645 6 1239 16 1735 7 1381 18 1155 19 1061 14 1769 16 1734 15 2061 10 1862 11 1882 17 1319 18 1154 20 1344 13 1278 1 1247 4 1244 3 1256 22 1064 42 1220 42 1221 24 1092 5 1164 21 1074 26 1170 25 952 2 1434 23 885 9 966 9 967
2998 17.105514323323437 -4.3713777831755118 30.620692381432832 42 48 49 2.7064046229178782 10 399 19 202
3000 23.763422036461336 -14.588223945330542 30.102405222792544 95 91 90 1.8850854627863836 15 47 1 2
3001 -8.0825095523642698 -12.371724886258537 29.723365418197854 141 142 83 1.8614065720942685 20 105 1 18 6 19 22 92 25 57 19 888
3002 -6.5824237515750061 -4.4797168560462648 19.056878561087029 190 193 205 0.23188587216823786 16 126 1 57 5 66 14 170
3005 -6.3080968654198619 -4.3107872968363043 19.202019731832415 190 194 206 0.24227523577292867 6 77 7 126 1 71 4 73 5 81
3006 -6.7934438381449258 -4.2216625134024843 19.139117731798734 188 190 205 0.33066797701782613 16 170 1 79 4 80 3 73 5 87
3007 16.805740114797139 -7.0129110045317464 24.895770940562119 101 99 100 1.8491812388101359 6 126 14 134 1 113 8 127 4 119 3 111
3008 -6.5288344665546596 -3.8865243973114882 19.472369209440949 175 183 196 0.21978333087778967 6 133 8 132 12 255 1 117 4 127 3 120 5 130 2 186
3009 -35.017208303476522 -30.507405170176735 64.659016057424409 37 46 57 1.4186567892616815 16 44 1 124 36 36 32 70 43 558 44 60 45 36 46 42 47 540 48 482 37 474
3010 -3.2144860235286319 -3.1657798822539367 18.880470061129586 135 155 94 0.21630074541711086 12 298 1 145 21 285 2 689
3011 2.4306613857328485 -3.8694413850881357 20.257133604988116 85 115 18 0.13971085672885344 10 285 1 148
3012 -1.8957806158640371 -2.847582716912108 19.035194934636696 142 153 78 0.3781073184618251 7 275 10 367 1 192 4 198 3 194
3013 -6.7915533349024395 -3.3943429191505641 19.998233021829503 164 167 182 0.1409320358153329 7 250 1 194 4 192 6 198 8 203 3 187 5 185
3014 4.144469387304321 -2.6576064848350622 19.056324730133031 134 148 55 1.2480213358939025 7 288 1 206 4 207 2 306
3015 3.1182979863588081 -2.4150985658790542 19.271488005163555 92 109 10 0.37849430459090749 16 397 1 224 2 785
3016 3.9206399827490546 -2.4025841225048694 19.25288521796492 82 111 15 2.1222192080942262 16 400 1 227 5 213
3017 -6.9229609840886237 -3.0567670729743561 20.488932925772492 183 187 196 0.18298097380317163 6 233 8 244 1 231 4 228 3 639 5 218 7 301 2 354
3019 38.289058029316543 -18.967490095380793 57.344519735146811 81 88 87 1.2901232694213545 10 49 16 758 1 256 14 101
3021 2.6052267476808608 -2.0768869240811547 19.582951145251855 81 109 6 0.31542119208874908 15 603 1 259 5 235 26 343
3025 5.7937957749041527 -1.3886301071250662 19.99959653262643 10 47 0 0.19648039681769328 15 654 1 291 5 269
3026 -21.422460767938841 -13.624228225611038 51.084305615906615 105 107 104 1.1621306206049054 15 148 1 297 11 166
3027 0.15601976052307101 3.4194297950253612 7.5570506559940265 99 124 69 0.48706511483765186 8 310 1 306
3028 -2.3347960842157582 -1.3104616966370346 20.273976908284251 118 140 92 0.11911175226994446 7 370 1 317 2 505
3029 -44.901507341342928 -22.565184465449036 76.500835007527314 32 33 35 0.17170518723428455 10 65 12 269 16 205 1 319 4 278 5 275
3030 -32.604600589712284 -24.030883748164126 86.612381739246004 82 83 78 0.4419471584498878 6 332 11 1039 18 157 1 334 4 311 3 718
3031 53.237772357215434 -20.702319857340218 83.054548063632836 107 113 111 0.24927639855546366 14 284 1 339
3033 63.831420122573228 -20.723358102629202 88.634166784634402 78 74 73 1.0708690739676312 15 304 1 350
3035 6.688434115652905 1.6974393787651425 18.359483256767451 62 64 63 1.0465239996880327 17 513 1 386
3037 33.544411106859336 -2.3686378141143991 58.711544511792006 29 28 26 0.81652341035697285 7 406 12 483 1 396
3038 -3.2311944496735472 3.2209487201025491 15.099718406126856 75 70 67 0.2907342655575289 6 426 8 409 1 411 4 386 5 375
3040 -33.333333590483022 -67.453788668416294 102.55118074538593 42 48 44 1.881593465181481 17 607 1 439 20 851 25 2 29 1 18 513 30 758
3042 -6.6082979729743068 -4.4874754397073309 18.936472553079234 209 211 222 0.19938741273581359 7 496 1 461 4 435
3043 73.153321047076702 -52.884708338290352 94.075250728971255 120 125 125 0.75065719276466136 12 586 14 732 1 465
3045 -7.2129335911341252 -4.8369254053565545 19.975548298054402 207 209 221 0.79996760778649334 11 288 1 484 4 468 3 480 5 443
3046 -6.4906710871843449 -4.2348963029905669 19.206881747963681 212 216 228 0.23562042818601969 6 524 16 792 1 495 4 476 8 506 3 494 5 453
3047 -6.4894906059964077 -4.1478467450204741 19.292462692729035 204 210 224 0.18624021949468994 7 530 1 504 4 486 3 504
3048 -6.4881458061042911 -4.1460131030275083 19.292255279175269 204 210 224 0.23670984639936385 7 531 1 505 4 487 3 505 2 619
3049 4.3523464033568553 -3.7980809984049406 18.930351327729998 135 140 56 1.2836010779065055 1 508 11 1139
3050 1.1881370011763166 -3.5448190350992514 18.61600062295604 140 148 59 1.0784552731175978 14 899 20 291 1 510 19 164 3 511
3052 44.065596925364716 -31.53575804849585 76.676261802795153 115 121 117 1.3107951016560482 11 97 1 612 17 111 4 614 3 627 43 565 34 640 17 920 29 108 19 44
3054 50.065515672714902 -18.069610933850271 78.585069101988822 107 111 110 2.5541693874768971 11 231 13 908 1 690
3055 35.555107315970446 -6.0088258436487632 63.305394502225575 0 0 0 1.5586137671923253 8 752 12 474 4 364 7 400
3056 29.751012812567541 2.2498078832592929 50.778855016151844 137 129 125 0.73658507017221186 12 509 1 715 4 734 26 451 37 218
3057 30.576347656198099 2.5983634053040912 50.576213274884516 131 123 121 0.94001765514918956 17 464 1 720 4 738 3 400
3058 0.43765231351661127 -3.9330661915655916 18.294641068911819 130 142 54 0.37944442292368735 20 223 1 752 3 776
3059 0.83026492079844261 -3.7233270300238894 18.295568687532498 138 148 57 0.87352308190850037 15 1217 1 766 4 776 3 792 24 230
3060 2.6222940620896802 -2.7829038776092578 18.995355683376822 146 159 67 0.50281447952128744 7 922 20 383 26 301
3061 2.3122734350495042 -2.6766942654474586 19.101911850614403 146 149 62 0.064648849939836162 18 347 1 832
3067 -2.1012110555204666 3.4277411526871866 15.328983412302181 83 79 80 0.274797570042559 6 937 8 959 1 912 4 921
3068 -2.1012110555204666 3.4277411526871866 15.328983412302181 83 79 80 0.274797570042559 6 938 8 960 1 913 4 922
3069 -9.2164041881106531 -6.3857251941819895 22.771898952683195 26 28 25 0.95411679118039361 18 170 1 937 24 832 20 1335
3072 -25.307361606652989 1.0557407878306115 53.530653823305521 22 22 20 0.66434026516781186 11 1489 1 1031 3 933 22 767 45 769 27 759 46 682 38 716 48 707
3076 61.06299040245495 -55.267768647261519 100.76799868199863 135 139 138 0.80743775538599361 8 1284 19 1022 20 1323 1 1181 17 1338 3 1228 22 1086 24 1035 26 1109 27 1062 25 940 34 1271 44 1174 23 869 33 1092 45 1092 47 1157 46 1029 40 993 38 1011 37 965 48 1082 28 915 39 949 32 986 35 990 36 1047 29 817 41 1115
3077 -14.78781399533664 -12.077753273053306 32.134537919182826 24 26 24 2.6172576094957591 18 140 1 1183
3079 32.959306134655826 -22.184591514247927 45.059431977561374 126 127 129 0.70333678498013275 17 65 1 1210
3080 -33.810001048178272 -17.894840531239158 60.243562980187015 56 56 54 1.5393924889015509 7 266 1 1230 5 1076
3081 -1.5459576326339928 -4.8518747392860471 18.901078924545821 171 183 79 1.3403750675711876 6 1259 7 1416 1 1244 3 1249 2 1451
3082 -3.3220287831388569 2.9490244715585963 14.781958221184825 27 26 24 0.7423033314245967 6 1295 8 1312 1 1259
3085 -40.929403468123084 -19.700993078109516 77.41598056822157 57 57 55 0.31321422375247215 18 1266 19 1171 1 1299 17 1426 4 1289
3086 -40.622551283117794 -19.57264049790405 76.943720452677539 57 57 55 0.90156254201867847 18 1267 19 1172 1 1300 13 1357 17 1427 11 1944 4 1290 42 1304 43 1362 41 1213 34 1380 44 1275 2 1483 40 1091 33 1216 47 1273 46 1172 38 1154 37 1111 48 1171 39 1049 9 1029 35 1090 36 1160
3087 32.468804144028987 -9.7601876801501444 69.737112721003086 14 14 14 1.1729839943977973 6 726 17 740 18 265 19 157 3 332 24 261 11 365 38 154 11 358 32 157
3088 5.8645277535386215 -1.2050635496435416 19.835585804961909 30 69 14 1.2423386407834749 8 705 12 433 7 725 1 666 16 1011 15 1357 10 1161 11 562 13 295 4 681 2 860
3089 35.608421374963747 -4.368305850555112 60.880896113877725 59 59 57 2.01607439897729 6 407 16 1020 20 417 1 393 6 406 8 391 13 238 4 374 3 355
3090 36.311870386446941 -4.5333051715689834 61.975614419740275 55 55 53 2.1559797125959634 6 408 20 416 1 394 6 405 8 390 20 413 19 1000 4 373 13 239 16 1021 3 356
3091 -36.521714436708088 -31.285970934743979 65.654531236496808 28 32 36 1.2913191879930903 12 1010 16 1076 15 1049 14 1158 11 992 1 520 8 524 18 559 4 505 3 519 44 686 45 677 47 718 37 615 31 540 29 66
3093 4.765563385554672 -1.7653471958977287 19.707967916074949 142 146 57 0.70553681701716897 6 875 1 855 6 1023 8 1051 12 1365 7 1109 3 1018 5 924 2 1192 10 1434 16 1421 20 794 21 745 22 757 26 828 12 1182 11 1462 13 810 15 1605 19 523
3094 -5.4980229365825828 -2.9544793818879707 19.170262621261358 26 75 0 1.0201898236875691 8 1150 12 1464 16 1388 15 1890 10 1704 11 1602 7 1073 1 965 8 598 14 944 12 812 7 914 4 975 3 980 5 188
3095 -2.7797303595932323 -1.2217447906335808 20.261612281371253 10 26 10 0.61542477404254659 8 930 14 1340 12 1211 15 1348 10 1448 7 978 17 834 20 817 4 897 22 644 21 643 26 681 27 357 2 1095
3097 -6.7672374424660875 -4.3158661979170274 19.15885936099901 189 192 207 0.71738388243721718 8 492 14 854 12 720 7 519 17 245 18 233 15 335 1 483 6 511 16 780 4 467 3 479 22 177 5 442 26 169 2 606
3098 44.199995221810177 -14.734431426647891 62.542367670228622 83 82 80 1.7859513022022873 17 166 1 333 11 233 15 296 4 312 3 292
3101 35.378859115989158 -23.423868066858187 93.063186889720569 91 93 88 2.0289860170418819 17 1345 18 1185 20 1332 3 308 22 1097 24 1087 21 1037 26 1165 25 904 44 1138 44 1081 40 899 43 1153 23 877 41 969 23 797 33 986 45 1111 47 973 47 1171 43 1256 46 1047 38 888 39 873 32 956 35 999 28 924 31 844 31 959 6 1053
3103 52.367350316178069 -17.787661065738629 81.918450429050154 105 107 106 0.47615458438528996 16 1533 1 1159 3 1218 1 1201
3106 -40.976841227930336 -16.81819029610045 75.059895575730508 44 45 44 1.6201703505137452 6 354 12 852 8 940 16 1387 12 1346 15 275 18 184 1 692 4 708 4 1040 3 319 5 657 21 128 17 182 34 144 44 118 45 102 46 94 38 115 35 73
3109 4.4348901376664722 -4.1302480688681351 18.089645914876865 54 91 1 0.14219140684507192 7 80 4 16 3 20 2 55
3110 -6.3767077673829631 -4.7638064778479379 19.019770589465853 194 197 206 0.32169433875631992 1 32 7 62 4 20 10 99 5 40
3111 37.524035988352622 -22.707573594298569 46.32437090935818 101 99 100 0.019769282487426099 15 45 4 38
3112 5.3938805304613799 -3.9180591860036782 18.151120014412903 69 90 0 0.097246917430222068 16 182 4 46 5 48
3113 -6.6266126391016904 -4.6071149229373418 19.908022317503114 182 188 200 1.2404388212658388 7 127 8 86 12 203 4 85 3 76 5 93
3115 58.735006534429253 -54.880952895633541 101.79162142475255 133 134 132 0.8706763623803615 17 1027 4 96 15 1672 3 802 5 424 47 531 15 21 18 43 20 34 21 53 22 49 23 394 24 527 25 39 26 61 27 35 34 615 43 547 44 506 45 509 33 498 46 458 38 480 37 468 48 477 28 388 39 429 32 450 36 496 31 388 29 362
3116 -34.680814439426747 -32.04320350652533 67.426280890191222 36 37 37 0.21706865654522031 12 40 14 38 4 130
3117 -6.6776566701523894 -3.4140398995400023 20.026933220024986 160 164 176 0.19044808009748415 7 252 4 194 5 178
3119 37.491458837988539 -17.355248064422838 49.974083377568398 101 99 100 1.5437314927842369 6 226 4 226 1 219 15 117 24 103 13 63
3120 39.663074372239606 -29.209965256914554 76.247653133542315 119 124 122 0.94599160788508085 15 1697 4 232 37 484
3121 -19.432749645906373 -10.064522558750175 36.11111670227686 56 58 57 2.0191473676363461 11 161 4 240
3124 37.896319668637233 -14.87852267975051 52.453402431497921 97 96 94 0.98457639922357199 8 285 17 147 4 260 11 158
3127 -32.918548755685755 -21.871145887272561 84.482808461878193 104 103 99 2.068046031325975 11 167 17 164 4 320 26 106
3129 -33.610514038472083 -18.61707951240146 79.349601062200009 115 115 113 0.54718568001302215 13 87 18 174 4 326 3 315
3130 -8.4589762377893933 -2.1921693936250031 26.208284423944864 20 22 19 1.4517753166505338 10 500 4 328
3131 -34.065574241064638 -17.408302135496683 78.755058870097329 68 68 66 0.48386794745711625 18 191 4 331 42 133 21 129 36 97
3132 59.477591052297285 -17.140219215286336 84.086434197740587 73 72 70 0.59518447115520312 1 357 4 334 12 402
3134 35.417296849041286 -4.8792955916155707 60.745989122348803 73 72 70 0.72665464075564312 12 477 4 371 5 339
3135 33.554492430840817 -2.3243932144171788 58.365809055626464 77 77 75 0.44235911081197427 15 651 4 375
3136 -25.448325019905479 0.83225497165552398 53.886465453722977 40 40 38 0.78843290158007284 15 701 4 390
3137 -19.509743860088623 1.5076292202200854 52.68801206052018 46 45 43 0.49466016869132434 11 597 4 399
3138 -18.453039021848806 1.5040132902612449 52.936556105876022 46 45 43 0.41176881567747897 15 709 4 400
3139 29.765339834487456 2.8008682012808959 49.792394264079846 90 86 84 1.8298536464053572 1 429 16 579 11 608 4 401 3 408 8 436 29 214
3140 3.139632527322143 -1.0315593211275123 21.086338595871368 0 0 0 0.20904407451343421 16 544 17 449
3141 -6.5004384329868561 -4.5170770751062772 18.979680827398546 208 210 222 0.31551488956977464 1 459 7 495 8 471 4 437
3144 4.2184862337112214 -3.3295773013764225 18.615739057446607 133 144 57 0.22583708075421166 11 359 15 1243 4 503 5 475
3145 4.3884100713800569 -3.8342717677665199 23.153200339362186 0 0 0 2.2948890376485345 12 834 14 945
3147 3.9033040413384423 -2.7876190420478388 19.05533159409482 136 148 59 0.44980535544619976 7 631 4 595 25 268 2 742
3150 6.4696079057217801 -4.7204246202281288 23.46812033848602 140 145 55 1.2668629487990044 20 215 4 621
3154 3.611357857037532 -1.2156040206170726 20.190571410437215 103 131 76 0.18648013688818821 16 516 4 682 3 693 2 866
3155 -32.136364534574817 -16.562497146105883 76.866637356448194 111 113 110 0.50838158981601989 17 188 18 195 4 712 3 922 42 143 21 131 26 557 28 428
3156 38.021596567559605 -8.7712578943863519 68.24587273979418 80 86 86 0.38442705032225249 18 278 4 723
3157 34.935910467609972 -6.2949115661081141 64.66085773661554 32 33 31 1.164336452477116 16 1267 22 607 27 587 45 581 3 739 46 535 38 194 48 179 28 465 32 520 35 198
3158 36.625307854946442 -4.5010591027549305 58.302226155543899 91 90 88 1.5800753534598388 11 509 17 385 4 728 3 354 45 216 40 188 29 180
3159 0.89845358180518053 -3.8983488027498621 18.226198455101375 147 164 62 0.23524057773640189 7 846 8 786 19 122 4 764 5 712
3160 2.61340258454771 -2.2892448424486047 19.407350235038948 143 149 58 0.40194085915923861 6 860 15 588 4 852
3161 -0.4666648340308982 -8.4286326240861076 33.544544184630759 205 215 110 0.91091086388311882 8 898 19 766 4 858 22 829 21 833
3162 1.588738870639447 -1.9401975793297701 19.723173098635733 139 144 54 1.5109114297888231 1 640 15 609 4 863
3163 -33.339072574863238 -1.1979409804213972 55.589838794432744 96 96 94 0.24828507753141493 15 1629 4 918 11 1482
3165 -4.3921955959168928 -3.7054743729626956 18.547643576010401 135 140 58 0.19819037338351261 7 1045 17 950 4 949 5 863 25 605 2 1120
3167 41.854385608923472 -18.78251158619798 82.762224560761197 51 55 54 1.3844492068392313 11 1682 4 1038 3 1045 5 1033 46 779 38 800
3169 -2.8593026554622818 0.81457273035972277 14.740108473553615 10 45 13 1.4761673833474538 19 348 4 1205
3170 -1.3558811386960481 -5.73070771183309 18.897562741178806 0 0 0 1.1100610010841381 7 1430 12 1694
3171 6.6850260759434263 -2.57091205094068 18.979796712078365 67 109 17 0.32773865140375447 7 1406 4 1263
3173 -6.3601521239457215 -2.5749029987612753 20.519534975730917 191 195 202 0.50544910829544809 12 388 1 262 4 645 16 403 10 1109 7 682 19 282 3 240 5 601 2 812
3175 -6.6880125512453823 -4.4490734807634214 19.023080710407012 181 185 197 0.28299445950548807 14 172 6 58 10 165 16 129 7 110 4 53 8 56 12 176 3 47 5 64 2 90
3176 -7.0179920318662905 -4.5545849730403445 19.296572533082976 99 100 106 1.3006741542521032 6 497 7 508 8 481 4 452 14 837 12 693 17 225 18 216 3 465 5 418 21 163
3177 1.5941421866297558 -1.5497566493337536 19.911194895923472 97 127 34 1.8997974527789421 8 911 6 890 18 372 1 865 11 544 7 716 3 897 5 815 4 669 15 633 14 1039 15 629
3178 55.586581164478119 -32.468543408459745 79.60914806116628 49 54 52 1.1843893617360626 6 219 16 63 10 42 13 51 19 886 3 216 9 36
3179 -6.5031782975472794 -4.34450025867568 19.151821443141781 204 209 222 0.28541179130318939 6 509 12 717 16 775 7 516 1 479 4 464 6 510 8 491 16 776 1 480 3 475 3 476 5 435 2 603
3180 -6.4017292484782802 -4.5721559986231988 19.03812187292046 205 210 222 0.26557690282427748 6 473 7 492 1 456 4 433 8 468 14 827 3 440
3181 1.7875801527858906 -3.9200067653222863 18.215413058367176 102 130 37 2.0833252457133762 6 482 12 723 7 504 4 441 6 486 16 796 15 372 10 234 11 322 7 512 1 464 3 446 3 452 2 583 2 589
3182 -7.0028970754804138 -4.5473316442334273 19.279298203273594 208 211 223 1.2420185268924604 6 498 12 694 10 922 17 226 18 217 4 453 7 509 3 466 22 166 24 167 21 164
3183 -3.694133781907706 -3.6591181299716546 18.575410605399998 107 127 61 1.1077074010823604 6 106 12 246 16 214 15 392 10 978 7 534 19 161 1 506 4 492 8 99 3 507 5 462 2 623 10 264
3184 6.5338550035036391 -1.2327513242527739 20.255234529141941 35 69 12 1.9550250976572396 7 973 12 1214 10 569 15 1352 20 454 13 595 4 1030 11 1252 15 1359 21 394 25 317 27 633
3185 37.983281392554659 -7.6735416307869126 65.722173433122421 62 68 67 1.3437100405498428 8 750 14 435 6 385 12 450 15 535 11 423 7 395 17 303 18 286 20 338 1 373 4 724 8 1094 14 1487 6 1064 12 1392 16 1438 15 1774 10 1594 11 1601 7 1137 17 1100 18 964 20 1101 13 773 13 978 19 814 1 1025 3 335 3 1048 42 834 24 891 5 965 43 817 41 774 21 887 25 743 2 1303 34 893 44 184 23 690 45 175 47 765 46 660 46 800 40 169 38 700 48 691 28 198 28 694 39 656 9 740 32 661 36 709 31 687 29 551
3191 -6.7974104414905598 -4.5084599717692555 18.906189624654136 193 195 206 0.27467358645589701 1 48 4 41 6 48 7 96 3 36 8 42 5 52 2 79
3192 -5.3909941123460188 -3.5840430747251708 17.653608658028269 0 0 0 0.57163299127689959 8 46 10 251
3193 1.2816011934039671 -3.9375936505009768 18.355084207522399 69 105 5 0.38910828257398034 6 63 10 959 3 53 2 591
3196 1.617784790027619 -3.556910628388223 19.048155031863647 145 151 59 1.0147240180698165 16 250 3 124
3197 -53.998425464019732 -92.96662578185115 175.27785192014719 24 39 0 1.7349538952565839 3 134 39 28 11 18 15 12 32 31
3198 -4.5735905614517209 -3.2959674315055447 19.76333284375681 135 149 88 2.0245832937364354 7 255 3 180 2 280 2 724
3199 -4.3294542406057506 -2.9443299660702515 19.121287112374315 135 149 88 0.17860549137608386 15 484 3 181 11 446 2 281
3200 -6.4899045363612498 -3.1600296587637384 20.213791938546194 222 226 229 0.22036323561639351 11 429 3 211 2 321
3201 46.363657515515897 -32.383589432025538 82.247405124061913 101 110 105 1.004916977881495 1 230 4 231 15 99 3 221 5 203
3203 30.989857490989255 -1.1117470767256623 55.506664204967372 85 85 83 1.4756769333030229 12 491 16 557 3 363 5 342 5 346
3204 30.989857490989255 -1.1117470767256623 55.506664204967372 85 85 83 1.4756769333030229 12 492 16 558 3 364 5 343 5 347
3205 30.363990353759228 -0.26831307451133435 54.429824588339038 79 78 76 1.473877888382745 20 473 3 367
3207 30.787168145669288 -0.15016719213173829 54.960316331093217 82 81 79 0.92148802134294605 4 382 7 410 20 472 3 369
3208 30.670790415847417 -0.12635307479006455 54.755873633510184 82 81 79 0.74394696854212583 4 383 7 411 3 370
3209 -28.526749362464937 -2.2733858097848643 93.096961662257954 100 93 88 1.2384892002515717 15 666 3 375
3210 -6.5821313428343187 3.2103011011621034 18.23005387306922 42 44 41 0.16244561507427757 16 641 3 392
3212 -6.7578586896199759 -4.3994907803066248 19.064118702850692 208 212 224 0.34865320308925796 4 450 7 506 8 483 3 460 12 708 10 930 16 767 5 420 17 239 14 845 18 222
3213 3.8909289374143103 -3.1979020082144531 19.040233709751924 136 145 56 1.8079085939139101 3 560 5 491 26 257 17 322 13 147
3215 1.6244706627432601 -2.1612053834560809 19.48454548078367 138 144 54 0.70469393989009499 10 452 3 651 5 595 2 806
3216 0.29150590473634785 -2.0512473431480687 19.657597835560967 123 123 37 0.33733236131273858 7 692 3 657 5 602 2 818
3218 2.595113478204524 -0.69552513145033124 18.440573130396917 8 36 3 1.0422126125501918 6 896 18 404 3 902
3220 -8.512505064974027 -9.6479946019477811 25.803292246060867 132 133 67 1.7183616527894106 1 926 15 95 3 952
3221 -6.9700359646308057 -2.7796722542230863 20.484489306147267 188 189 191 0.77346636066275209 4 637 7 931 3 1010
3224 -2.8420368043503337 1.2627309076328737 9.8021461170179656 23 28 24 1.0875095943062585 10 826 3 1071
3225 -4.0412115699088593 -4.2088070484713258 17.561095346203505 127 129 83 1.3696751578873965 1 1043 22 561 21 571 27 526 25 458
3227 7.1026116364489047 -2.8051686837162912 18.962335339147749 135 134 129 0.48327779121998493 12 1580 3 1205 5 1114 2 1380
3230 -44.564230478902019 -21.45912945961593 77.356457862671959 6 7 11 1.2535186741023892 10 1854 3 1239 1 1198 10 1820 40 1005 9 903 2 1389
3231 5.1645388621705086 -4.1410960453634864 18.008892399420212 99 134 30 0.52400545022122369 8 19 14 198 6 21 12 167 16 133 15 349 10 1306 11 300 7 76 13 488 1 21 4 13 2 574
3232 -6.9353333367497312 -4.410387398031645 18.993138553984402 159 164 176 0.40582072140900255 6 60 8 57 7 114 1 61 4 57 3 51 14 177 12 184 5 68 11 297 2 95
3233 -3.5017158730922269 -3.8802714849506468 18.3947324994128 85 123 34 2.173131956928112 14 239 6 75 12 227 15 371 11 325 7 141 3 60 8 63 14 233 6 70 12 221 16 191 7 135 5 78
3234 -6.4407400488899071 -3.4165899810313354 20.028659913913216 148 151 158 0.12893468969594135 6 194 7 245 1 188 4 195 8 207 3 190 12 308 7 246 1 189 3 191 5 181 5 182 16 299 2 266
3235 -6.5565756953305172 -4.2698311739756845 19.178696427898263 100 104 112 0.14653076563472539 1 74 14 214 10 191 7 133
3236 -32.565080987933484 -1.4528378748330379 55.323182863108144 10 10 8 1.730511169974186 6 1135 7 991 20 1308 3 1052 15 665 3 368 22 1073 24 973 22 964
3237 2.3869777467392517 -3.6112540789156444 18.387564389715877 110 123 30 0.35863242387061117 8 88 14 267 16 218 10 277 5 89
3239 -5.7771712342674695 -3.9775846669778256 18.339097304425252 230 231 228 0.90068028707780068 7 123 1 62 3 52 10 1309 19 802 5 71
3240 -6.830310576736772 -3.9611943160401974 19.225137008469957 124 127 135 2.1056361683157268 8 515 10 243 7 535 3 105 1 110 4 115 6 123 7 173 8 118 3 103 5 117 5 118 2 166 2 633
3243 -9.6466840914234542 -42.648809676216544 65.859321725897331 64 66 37 1.3303918546436497 4 406 17 8 18 13 22 8 24 6 21 12 25 7 29 4
3244 -39.866405923077849 -53.565558002680568 101.06857158973793 36 38 37 0.36012789427018888 10 3 11 17 15 8 22 42 42 30 24 37 41 32 26 49 34 28 44 36 40 20 45 17 47 25 38 25 28 49 35 14
3245 -38.783318479432616 -33.263706197923348 68.748117188364603 16 20 21 0.73740086888087442 4 117 17 75 22 61 42 568 24 52 43 555 21 73 41 545 34 627 44 514 40 438 33 502 45 517 47 534 46 462 38 488 37 471 48 478 39 432 32 457 35 451 36 500 31 394 11 46 15 34 29 64
3247 -36.251583233266935 -31.287362551778326 70.481635877682962 41 43 42 0.96748285259894395 11 1366 22 73 42 577 24 543 43 564 41 59 21 543 34 636 44 72 40 445 33 46 45 527 47 727 46 474 38 505 37 55 48 493 32 471 35 461 36 509 31 405 29 527
3248 38.647983987759581 -31.410533994798325 69.986652769759701 128 134 132 0.96653143891796922 3 1155 22 79 1 1218 4 1153 8 1210 6 1231 4 1195 8 1257 5 1109 41 64 27 51 40 55 47 75
3249 -38.460898821705506 -39.326344844834551 94.076670617878833 63 63 61 2.1972101731903173 14 55 15 67 18 113 22 80 9 48
3250 -16.454856332073359 -10.727684382069917 29.531312687966121 44 40 37 1.3548725075035137 6 527 22 99
3251 -0.65082057816258054 -1.4812304416277762 0.4170988071728291 86 91 87 0.043781158204315919 17 146 22 103
3254 -33.667112785626038 -24.053213399093227 86.811570226855309 20 26 19 0.39920324615269021 6 331 22 108 24 113 43 76
3255 0.69423321598377707 -1.391182790560058 0.34828508858023022 40 41 36 0.74497736329190822 17 168 22 109
3259 0.48212590034220532 -5.2014901180434245 19.073007058006237 201 215 126 0.18384340769298016 11 202 22 127 21 130
3260 -5.7399751738487836 -4.153014106238718 18.365179063668847 106 111 44 1.1522362506399519 8 41 22 175 6 46 1 46 5 54 42 1112 2 585
3261 34.398823413580395 -9.2472430333791298 50.904311355353741 136 136 138 0.94937744419827996 7 349 14 389 45 124
3262 6.5078760483431788 -4.801594806186003 23.634608042149388 0 0 0 1.6548134145231599 4 622 11 1111 3 874
3263 1.9579068002552646 -3.6142510701451749 17.199070479551313 141 153 63 0.87560245480362597 15 1207 22 215
3264 1.2813997489464937 -3.6805197000534347 18.418431585466454 138 154 63 0.18803728404613632 3 496 14 891 22 220
3265 1.6281554867753287 -3.5828415848706552 18.292712295708025 82 107 15 0.17109128135464069 12 742 22 230
3266 4.0166927592393105 -3.2528405520036707 18.456737734724655 138 146 60 0.14440064389428667 14 911 22 251
3267 30.650793687897416 -8.1466233384906541 67.787005922283498 34 36 33 0.89216599783029715 10 441 11 419 22 284 24 305 43 194 30 171 23 203 38 171 36 179
3269 1.4592496724515445 -1.5034399723471212 20.384730664998088 94 128 33 2.1730594944888413 16 467 22 356
3270 -31.166840382387509 -2.0958276725416867 52.414078762542381 6 6 6 1.7558483843972963 6 415 22 363
3272 31.625210590199465 2.0232396888888178 51.525212182233794 127 122 116 0.15140594503471813 4 392 6 433 22 396
3273 -15.521017882425918 4.102278466656637 48.737178920273948 27 26 22 0.64399633648503041 11 637 22 408 24 417 27 388 44 344 47 319 40 289 38 295 48 251 39 238 36 300
3274 -15.486584977683751 4.091159196496009 48.633430101962617 27 26 22 0.60414217761135791 11 638 22 409 24 418 27 389 44 345 45 312 47 320 40 290 38 296 48 252 39 239 32 254 36 301 31 244
3275 -13.360716302944605 4.2723192309960911 49.804855862481638 23 23 23 0.50218903002252291 11 639 22 413 10 614 24 423 25 344
3277 -1.846066219704666 -0.1044306852241608 6.9139842641979641 26 26 26 2.0383415735564281 11 841 22 416 24 427
3282 7.3148421624181115 2.3055196132380473 20.208890307285525 32 31 29 1.1870666644701864 10 1622 22 443 25 369
3285 -3.2937359068130734 1.4090239926854646 13.221500872722347 56 56 54 1.7746523875586595 11 838 20 548 24 476 27 446
3287 -32.998954027976588 -33.355571875558013 69.090678034351541 79 45 2 0.36807479996189274 16 689 22 534 41 713 21 537 27 497 44 516 32 459 35 452
3288 -34.294540581095049 -27.147575876160705 70.465225396909887 46 46 44 1.3712648492673902 16 1089 22 543 24 547 40 607 9 439
3290 -4.501122416843546 -3.6847085005070261 18.44191721158311 119 133 62 0.2102631781459674 11 1406 22 574 24 588
3292 31.860633946939831 2.1579946927431268 51.541265836914121 127 120 114 0.77992890853187258 1 714 22 652 3 747 4 733 6 434 8 957 4 1052 24 672 5 842 26 446 34 435 45 280 38 255 9 407 32 553 29 201
3293 -14.196256134107854 1.5727644288458613 23.240470408234238 185 183 188 0.092431878428273079 13 637 22 663
3294 -34.544120456812415 -33.960529943057352 69.415982319904913 9 10 9 0.4851036031312832 11 987 13 405 22 684 15 33 42 753 24 706 43 756 41 710 34 822 44 683 45 672 47 715 37 611 32 622 35 604 36 656 31 535 29 371
3295 -3.3333546392485518 -4.6356281128378463 18.602255703693494 24 100 24 1.1902868509251476 22 836 42 945 21 848 26 913 27 836 25 808 30 910 43 957 23 763
3296 7.7844501966354676 -6.5195766155179253 29.80000574007153 86 136 77 1.0638843013531691 7 282 18 941 22 856 24 866 25 722 23 669
3297 -3.3588488107134391 -3.7144108545260819 18.4696426263273 126 137 52 0.22852570595755736 11 1579 22 867 42 818 27 711
3299 64.917897086350308 -53.747976844654545 83.142750245330404 182 216 218 2.2165907451505351 3 1282 4 1270 6 1298 7 1411 12 1681 5 1189 18 731 28 638 32 9 27 15 43 2 8 1315 16 1746 17 611
3300 64.56420468310472 -58.43474271639019 98.76286540983682 28 32 33 0.82276249551386027 7 1297 12 1552 14 1673 16 1632 22 1035 24 1026 43 1196 25 893 34 1215 44 1115 45 1088 47 1106 46 1019 40 939 38 1002 37 962 48 1031 28 862 32 933 35 930 36 1007 31 888 29 772 30 1011 41 1066
3302 -35.331705502088376 -29.78230428578901 69.479737748144728 48 49 47 0.78540433463577164 3 1207 4 1197 22 1050 8 1259 42 1161 40 954 39 913 9 893 32 947 35 947 36 1023 31 899
3303 -2.022748923144067 -1.2041122087378022 20.12477082320493 27 65 25 0.67627787893159963 7 1423 12 1689 9 1013
3306 -15.887711135013705 -0.034277473613026688 25.55870505392852 188 187 193 0.79380940483323359 13 1302 17 1384 20 1378 22 1135 19 1132 24 1123
3308 4.0493918551113346 -2.060157810274434 19.147952285748712 140 156 63 1.7758475587087159 16 951 17 400 7 683 16 947 22 342
3309 7.0882399860143597 -5.3445534970728215 19.505597070977188 104 138 70 1.2531052580440256 14 1550 16 1492 15 1943 10 1763 18 1029 13 1165 19 901 22 942 11 171 20 158 22 126 24 1005 21 953 25 691 25 858 23 638 20 1056
3310 -15.536111331540488 6.4469144741904447 44.521380086597361 42 41 39 1.4296499473710729 12 975 15 1401 11 698 17 520 18 459 22 452 12 543 14 537 15 775 11 711 17 537 18 476 20 542 24 461 21 485 25 381 34 477 44 367 27 435 33 370 45 355 47 360 46 289 40 309 38 323 48 287 28 326 39 271 32 300 35 291 36 330 31 274 31 279
3311 5.1153996993977682 -4.817846602969289 18.709792608021406 147 166 90 1.5546506165009679 14 806 16 733 15 1139 10 914 11 250 18 197 17 183 13 100 22 555 26 565 25 84 25 90 9 460
3312 62.173655426238085 -59.28672716944147 104.1036286487245 64 68 67 1.5860467693511879 17 1335 18 1119 20 1320 13 1203 19 1017 22 1084 14 1516 6 956 12 1403 16 1463 15 1817 10 1629 7 1230 1 933 4 946 3 1080 42 1146 24 1029 26 1106 34 1269 46 1022 35 988 29 814 41 1113
3314 1.9924020190356246 -3.5046117981319012 19.444831105710268 146 153 64 1.8412069666858732 4 527 6 575 22 241
3315 3.2374581960656865 -1.4712482837331591 20.179202606724221 84 118 23 1.7739980262831914 1 290 7 361 22 357 26 367
3318 1.4621856686859429 -1.7170819895145957 0.43745988135116504 174 200 199 0.32375651799805177 20 108 42 0
3319 161.19956201408269 -93.015553946117976 190.23714716888301 97 88 80 1.8090700622136346 3 175 42 47 32 74
3322 -33.720102131566172 -35.077437739828518 76.606609526653784 79 81 80 0.26946021266684805 11 58 15 50 42 59 41 50 40 45 47 57 37 47 48 44 32 77 31 34
3326 -1.5564103745502438 -5.2030396145973627 17.456936362849373 8 10 5 1.6360255212919372 13 907 18 910 20 1050 42 94 22 938 19 51 19 982 13 1164 21 830 20 149 25 685 5 1094 23 632 41 862
3327 -3.0387728475733682 -4.793757272766741 18.661937138761534 201 223 118 0.55581280428382696 15 221 42 115
3328 -4.8735130940710407 -4.889110692627427 18.980919413619166 192 209 109 0.84905532174386489 15 209 42 121 33 709
3330 -5.6641722143546751 -4.2680320550015534 18.094120430998288 175 179 155 0.86176624245945355 10 156 2 53 9 522
3331 0.49067066695413442 -4.2084751103961535 18.842561280284595 138 153 61 1.3377508546497792 16 786 42 148
3332 -4.309524097055407 -3.5669700824334414 18.117488924079979 0 0 0 0.089658568836065849 7 162 11 341
3336 -4.0133759975658894 -3.2976376143631221 18.836520427894452 0 0 0 0.82922162697784663 13 521 15 417
3337 -3.1248927096755512 -3.2038157945797563 18.686401952885117 48 66 0 0.10324508823042872 13 158 42 200
3339 -4.5048530163666953 -3.2000559631425909 19.496748791716577 128 153 90 0.24034983181120015 13 171 42 226 26 251
3340 9.9615355474338827 -3.2160385921753574 21.344075279051598 27 32 28 2.1274924083144939 20 358 42 234 18 314 19 221 21 326 18 311
3341 28.939075385076961 -8.9460375631656088 63.785197720995399 30 32 29 1.0587507372137865 12 432 26 242 27 182 22 245 24 260 44 163 42 237 23 163 46 134 38 160 37 139 32 155 32 156 36 155 47 179 48 138
3342 -3.0880959912483732 -2.933555626988964 19.008359118742767 149 163 85 0.64802444457276864 13 207 42 253 43 238 21 308 26 285 2 1023
3345 7.8670995504923811 -2.3282762081993686 20.599677821081581 0 0 0 0.34947008352843129 7 938 14 1318
3346 2.665258963748693 -1.6673286660871984 19.826766195526474 120 151 51 1.716410172278104 12 899 25 300 19 298 26 362 9 357
3347 -3.1103874053871414 -1.6966706325609329 20.780766534226849 145 151 61 2.2160967007368426 10 513 42 321 43 314
3348 6.0396831891023464 -1.1781323575677463 20.046332102519724 3 39 2 1.3883029520118193 8 1079 17 829 6 1046 24 667 21 644 26 434 43 682
3349 4.7725064341061456 -1.2481551933262431 20.618253929953603 18 54 16 0.58816873404303893 4 900 13 289 15 1354 2 896
3352 5.3107662476936905 -1.1811246107131852 16.747642344411769 51 82 31 2.7121632328431331 13 329 42 337 9 374
3356 -4.4794955821639206 -1.3709789543123896 21.421145519757843 16 52 0 0.3358995477618188 13 322 42 353 26 389
3358 -9.5257300926565378 -0.93739118265441135 14.216090793273469 3 5 4 1.8656446762776924 13 627 46 195 47 895 44 1015 46 807 34 400
3359 -4.996680224027263 -1.3021425198130017 20.259204759102694 56 91 36 0.69218003066953149 13 345 2 900 8 324
3360 -0.015637297059500489 -0.53108392294442974 21.59904111172051 35 35 34 1.6172712355630479 42 372 27 371
3361 35.545126086681492 1.0842017415544793 49.24192110147883 7 5 1 0.53087678421611362 11 585 42 374 44 296 31 217
3364 -12.018993408060821 3.5039245668242724 49.517790394250525 54 54 54 0.53294240719546471 17 861 42 390 11 624 34 452 45 621 47 302 46 233 37 557 48 245 36 603 31 235
3365 -11.954252201279486 3.4760604616887623 49.235783019736836 54 54 54 0.5655553231296121 17 862 42 391 45 622 47 303 46 234 37 558 48 246
3369 17.252672187572326 4.859294196545819 48.076238861334993 32 32 28 1.1346664041510479 11 1285 42 399 24 445 43 375 21 466 27 404 25 558 23 323 33 353 46 256 48 264 48 265 35 263 36 289 31 253
3370 18.705538439947112 5.0397965926635457 49.26992557705502 35 36 32 0.68749157917662207 11 1286 22 430 42 400 24 684 41 365 44 350 23 326 43 380 33 356 45 319 47 333 46 259 38 286 37 247 28 310 39 231 32 284 35 265 36 291 30 375
3371 12.892431677712764 4.3866218846924765 36.405944522224857 31 30 28 1.3018177228672201 17 510 19 349 18 725 24 686 21 660 11 679 15 762
3372 15.62577736016674 5.5683806587815239 47.673735573936327 6 5 3 0.7906833465882307 11 670 15 1391 17 506 20 839 22 439 42 406 24 685 41 377 21 659 27 419 34 763 44 354 23 338 43 391 33 362 45 329 47 340 46 272 38 303 37 266 48 276 28 319 39 247 32 571 29 237 30 385
3373 15.75695133003414 5.6144543886684657 48.085534488715169 6 5 3 0.80804555085029717 11 671 15 1392 20 840 22 440 42 407 41 378 27 420 44 355 23 339 43 392 33 363 45 330 47 341 46 273 38 304 48 277 28 320 39 248 32 572 30 386
3374 17.224066584925787 6.2161353685283558 47.356776498296732 38 37 33 1.0645374779658858 11 1291 22 776 42 410 21 661 27 651 25 561 41 674 34 766 40 297 43 717 47 660 37 274 48 605 28 321 39 545 32 573 31 493 30 625
3375 17.829336388570585 6.6782242624001755 49.695837647407792 3 4 0 1.8091673450823111 11 680 17 873 42 415 22 671 26 718 27 428 42 417 25 370 43 398 34 467 19 350 26 470 43 396 40 300 45 341 47 346 38 310 37 277 28 324 39 260 32 294 28 524 35 284 31 268 29 465
3381 24.377546415068405 8.6907197897742723 42.872778581962557 13 12 10 1.6612271435565518 11 809 42 444 33 397 11 810 48 316
3382 -14.449048745591043 8.1684153299719711 44.245239600196726 34 34 32 1.1105645003297393 10 709 15 865 42 447
3383 -16.902195951367542 8.162496176775683 43.888960095731917 13 13 11 0.6002559784200403 10 1200 15 1421 14 1103 34 503 44 394 42 448 45 387 47 390 46 315 40 336 38 345 37 313 48 312 39 296 32 328 36 349 29 270 41 423
3385 -18.290258302532592 8.099059572353541 43.528295419509341 21 20 18 0.71094757308584489 10 717 42 452 32 329 14 1105 29 272
3386 -5.3260183424487471 3.3322184570173654 14.923155392162419 12 12 14 2.0561625191422221 4 919 42 464 34 529 39 323
3387 -15.388073044538235 8.8771809713815042 42.428347548180817 61 61 59 0.69097619783509756 10 803 14 690 15 979 42 467 11 884 38 368 32 354 29 294 41 447
3388 -15.388073044538235 8.8771809713815042 42.428347548180817 61 61 59 0.69097619783509756 10 804 14 691 15 980 42 468 11 885 38 369 32 355 29 295 41 448
3390 -16.961471303007308 9.2489070402827007 42.17549038106381 57 57 55 0.7194629578851347 10 1216 14 712 15 996 45 410 47 425 40 367 42 479 39 339 41 469
3391 16.874206757058122 10.438061464049104 40.678729525771544 35 35 33 0.61620129704441085 11 1332 41 475 44 441 42 491 33 442 45 425 47 451 46 371 40 372 43 476 38 396 37 369 48 387 36 400 31 349
3392 17.723304467284059 10.709101893726638 41.428879983287601 39 39 37 1.936777857776794 11 1333 42 492 34 789 44 455 47 452 39 342 35 380 36 401 31 353 41 493
3393 27.815410539466679 10.868770064543174 40.550731979112143 34 34 32 0.44840168423279714 11 967 42 494 36 396
3394 15.03448492602088 10.55375402764429 41.180380943458182 37 38 34 1.5172440960428899 11 952 41 480 34 564 42 496 40 376 45 423 45 437 43 492 47 462 48 385 39 352
3397 -4.526969305161189 -4.7049556020115739 18.183656553366479 201 220 121 1.1522674038487457 13 480 42 598 26 144 33 85
3398 -7.0525989573605949 -4.1602983062273173 21.159821906630427 157 166 176 1.0850576849867928 6 184 19 466 42 608
3400 -4.4462362594367608 -3.0320760284695241 19.727384179547347 136 159 86 0.33818315023592782 13 545 42 630 26 604
3401 -2.5637743757660423 -2.7365212687902458 18.673286262145982 154 163 82 0.26680474233378509 13 554 26 617 42 637
3402 -3.817556291216067 -2.7996812588463968 19.579486545593557 141 145 66 0.14832332314682045 13 561 42 640 26 615
3404 3.6375585472272127 -1.258769861346688 16.38489168362894 13 59 10 0.42117941639694684 13 294 42 676
3405 -6.1957929547744133 -1.3652221469265429 22.759900223818011 16 53 0 0.52024161091929666 13 622 42 690
3406 -6.1122002183025428 -1.2431698416372647 21.985209538125172 76 112 62 1.3573105735538189 13 624 42 692 9 707
3410 -11.013582788891496 1.131423914777606 52.296233829694231 34 33 31 0.67930724317386837 13 838 17 989 18 834 19 699 20 825 22 769 42 701 24 778 21 760 26 851 27 762 34 918 40 671 23 596 47 796 46 683 37 544 48 581 39 527 32 544 29 565
3415 17.503380526562232 9.2624008509407627 41.828056841765687 11 11 9 1.5936513264116248 11 1524 42 726 43 732 34 778 44 398 33 669 45 392 45 647 47 402 47 821 46 717 37 314 48 624 48 337 39 690 32 360 32 592 35 569 35 319 31 622 41 424
3416 18.874000242830153 10.001192769497257 41.130994923029554 15 14 10 0.50792520687253628 11 1324 15 1437 41 687 44 662 42 729 33 671 43 738 45 653 47 683 46 598 40 568 38 633 37 585 48 626 39 325 35 574 36 622 31 508
3417 17.028454178225758 10.266493815323519 40.547846797100853 8 8 6 0.55687928081683902 11 1330 41 463 34 787 44 436 42 732 33 676 45 419 47 690 46 364 40 364 43 469 38 638 37 360 48 630 39 559 35 579 36 390 31 513
3419 -2.2967780183541096 -1.4503405402796028 15.760894446572024 126 152 56 1.4658122745007123 13 828 41 649
3420 -16.511140736663108 1.3470073005981011 54.998416829799517 28 28 26 0.79594037184879918 16 1281 42 857 47 802 46 688 36 727 31 607
3421 16.211579497523672 5.1874776719939 48.592897491279984 32 31 29 0.91665029866356773 11 1504 17 1005 18 847 42 863 15 1652 22 775 24 784 42 717 21 768 27 772 44 790 23 599 43 716 40 552 33 653 45 630 47 807 46 698 38 606 37 564 48 721 28 624 39 542 32 570 35 553 36 604 30 744
3422 15.115880278313137 7.0956121972773296 45.208575728969485 40 39 35 0.53459305612829833 11 1628 42 865 43 866 44 793 45 791 47 815 46 709 38 733 37 690 25 654 48 730 39 685 32 688 35 682 36 741 31 620
3432 -3.8980947589444321 -4.534284500923313 18.186231830075759 93 140 59 1.2771111854255341 13 953 42 948 2 36 9 790
3433 -8.3594739467520096 -4.2854287361003349 23.238385857363991 180 184 192 0.66415527460864177 13 973 42 958
3434 -4.4595825427041795 -2.5209982059499136 19.594991046068117 144 147 60 1.6313774814734514 13 995 42 972 24 895 26 950
3435 2.3152315953218592 -1.8933197804621067 15.198296692746734 153 160 67 0.63953230772577174 22 888 42 976 21 900 25 754
3436 24.142809881546153 -5.4060043530490836 51.310751406027009 45 50 46 2.0190102121288596 6 1131 42 977 1 1108 4 1120 5 1037 47 890 48 822 36 834
3437 -4.1712449773018676 0.67814926466315417 23.604822485377284 23 23 23 1.4676950344589919 18 1168 42 992 19 1072 46 815
3438 45.367173856595237 -46.452619241753077 76.708929407364906 106 112 112 0.73969369892432046 12 1401 13 1135 16 1458 17 1149 18 997 20 1135 22 911 42 1007 24 924 43 1037 21 926 26 985 27 901 25 782 34 1062 44 947 23 737 33 889 45 920 47 942 46 867 40 804 38 847 37 812 48 871 28 744 39 776 32 800 36 881 31 739 29 654 30 873 41 937
3440 -5.5115759005042788 -2.3479860460439546 14.296595146655564 24 26 23 0.2568136287190339 12 1067 42 1050
3441 -3.2327496056434324 -1.4646272064482693 13.511544873140693 118 140 42 0.83910072362935617 13 1121 41 991
3444 17.0814601144364 0.47677043415004766 22.731125801299974 9 10 5 2.034063300688608 13 1125 42 1067 34 1030 45 606 44 295 47 646 38 241 39 203 32 543
3447 1.6686837896927358 -2.634250689660798 2.051817455225339 88 126 120 0.29029152864148117 19 865 42 1084
3449 -4.5014383771302739 -3.0883290725271411 19.121650324972659 19 51 6 0.82749417834765782 11 1843 15 2008 42 1124 9 927
3450 2.238764484310082 -1.3385421173721412 15.578544387783554 97 134 33 0.4906924305322618 42 1133 21 1011 26 1089 25 876 23 816
3453 -30.415772768275747 -53.091329618697586 102.36097785745761 72 76 75 0.45847391591162057 10 1800 12 1556 14 1680 15 1978 16 1636 42 1149 43 1199 41 1070 34 1218 44 1121 40 941 33 1036 45 1090 47 1110 46 1027 38 1012 37 966 48 1034 39 903 32 937 35 935 36 1013 31 891
3456 -9.3122269857231803 -4.4113274757027101 25.423371104341463 19 21 20 1.1790606268078037 19 1056 42 1217
3464 -2.2788204296009793 -2.6783393989218989 19.238804618209993 97 106 45 0.53927959949479742 7 924 22 602 8 1017 14 1297 12 1151 16 1228 15 1575 10 1405 7 1081 17 778 18 663 13 230 20 758 19 507 4 982 42 274 24 623 21 345 27 581 26 312 25 498 2 1167 23 459 43 253
3465 -35.726365361114539 -26.254424692617665 70.468720739858995 53 53 51 1.483513613685115 11 126 15 97 17 132 1 253 4 241 3 231 22 96 42 85 8 894 14 1183 6 865 16 1095 15 1484 10 1268 11 1373 17 684 20 663 13 435 1 847 4 856 3 883 22 545 24 549 5 584 43 569 41 560 34 108 34 847 44 92 44 527 40 450 33 63 33 518 45 76 45 534 47 88 47 552 46 480 38 75 38 511 37 485 48 71 48 497 39 76 39 443 9 640 32 98 32 479 35 42 36 62 31 408 41 81
3466 -41.61378336859331 -27.025395041124053 71.485848680327692 46 46 45 1.3452160515897638 6 1286 14 1791 16 1754 11 1915 7 1402 17 1393 18 1236 13 1314 19 1142 1 1271 4 1264 3 1285 42 1263 10 1911 20 1369 5 1185 43 1327 2 1436 41 1182 33 1168 45 1213 47 1232 38 1124 37 1081 48 1140 39 1015 9 1004 36 1120
3468 7.7321566843518656 -16.010486545140356 42.248156077527433 164 162 165 1.9824690707566643 10 1851 18 1183 20 1330 13 1269 42 1166 20 1283 13 1226 24 1049 25 903 25 944 41 1086 34 1233 46 1042 47 1167 44 1181 45 1105 38 1060 38 1029 48 1049 28 875 39 956 36 1056 35 955 19 1086 26 1164 31 953
3469 1.71999471389388 -2.641576729003289 14.894220783598961 159 171 75 1.8262618272837987 15 1259 20 350 25 220
3470 -9.0479876850771088 2.8717011775262198 23.270113993838347 28 28 26 2.3726934239222173 3 934 42 421
3471 23.510573401256604 5.6816199935841398 35.849815328698618 34 34 32 1.5834972966567953 15 1810 41 676 42 420 40 557 47 915 38 314 37 568 35 285 36 319 31 723
3473 45.299693743479828 -29.053235494531975 63.741365165104263 25 27 26 1.7681551124287123 10 1741 11 1538 15 1836 17 1044 18 755 42 912 17 912 24 77 43 59 26 87 27 796 34 637 34 983 44 80 45 56 47 856 46 761 38 55 38 781 37 57 28 86 31 761 29 681
3478 -6.797762986571585 -3.7834263963080992 18.912118315152945 181 191 203 2.4040633676962511 3 1252 42 1244 2 1319
3480 7.8203295165321167 -12.985138464010314 39.976318263018584 108 107 105 0.81357054246889937 10 1926 30 1123 35 1075
3481 -3.5906642358974961 -2.8428109736704967 19.212131421049143 125 129 48 0.98756164353676779 14 954 15 1290 10 1080 17 379 8 1152 14 1461 6 1105 12 1334 16 1393 10 1574 11 1604 7 1195 17 971 18 819 20 948 1 1078 4 1093 3 1105 22 746 42 263 24 756 5 1009 21 737 26 297 25 620 27 728 2 1268
3482 37.324214764609422 -6.0168633620427245 59.212003360676896 90 90 88 1.7285374998467975 8 1346 14 1802 12 1679 11 1903 11 1925 17 1380 17 1403 18 1222 20 1376 13 1323 19 1151 1 1285 4 1267 22 1133 42 1248 22 1154 5 1197 43 1302 41 1167 21 1139 26 1215 27 1106 25 983 25 1005 44 1224 15 2065 23 920 23 939 40 1048 33 1148 45 1197 47 1212 46 1113 38 1100 37 1058 48 1118 28 965 39 988 32 1035 35 1041 36 1100 31 1004 31 1035 29 866 30 1096
3484 26.200034491553058 4.5692979638409321 48.667452696157241 3 3 2 0.80354582361222138 17 864 22 419 15 1386 18 723 24 436 21 450 26 711 34 757 40 275 32 265 11 628 31 249
3485 -42.671948007882762 -37.507642809869431 75.582856938540658 17 23 23 0.49218773712528829 11 42 24 47 43 41 45 29
3486 -39.88255920984745 -22.117270947291797 68.134723450651663 15 17 16 1.3564639724490639 10 1661 24 104 34 111 37 81 9 446
3487 -36.287951889407438 -21.357734349606698 74.399612799144919 41 41 39 0.28543777722497787 1 680 6 703 24 110 3 709 4 895 8 717 5 626 38 88
3488 32.993951506239767 -13.772749814933126 45.461949328247933 0 0 0 0.73258905460800727 6 241 18 152 1 243
3489 5.0602476363044921 -4.3066834952705868 12.510349829811535 38 39 34 1.563414421078511 14 30 24 117
3494 1.1104928325812848 -3.7482526109970431 16.474535704020408 0 0 0 0.92495746104373433 13 119 42 150
3495 1.0432516855755396 -3.6269251783690328 19.158151133988714 130 140 54 1.9440478884852401 15 1232 20 284 24 250
3497 33.813062930711673 -9.6067581733107286 69.126876163818508 33 35 32 0.34132967145754284 6 377 24 263 21 265 25 196 23 164 38 161 28 170 32 158
3498 37.044950153225756 -10.254665540593804 74.235209410277079 32 34 31 0.98231971796134498 10 404 11 1159 24 266 43 161 21 268 45 155
3499 2.1582041880615872 -2.8278464960003338 15.631420694602804 144 158 65 1.1355518097491752 11 1163 42 184 21 584 23 439
3500 -4.1137648800358724 -3.0263461183090139 18.924197410104121 115 126 51 0.90789630922892994 1 563 24 302 21 293 25 229 27 229 23 192
3502 -4.1600908400985164 -2.9357454364723128 19.096701895429369 118 130 56 0.039478991394576342 4 187 24 317
3503 4.1482869461057845 -3.1498332092552297 19.97667986558654 126 140 53 1.3449320739979342 14 950 17 344 21 296 22 282 26 272 25 230
3504 4.1482869461057845 -3.1498332092552297 19.97667986558654 126 140 53 1.3449320739979342 14 951 17 345 21 297 22 283 26 273 25 231
3505 3.7358109351647024 -2.8431847227783149 18.893283103815953 147 160 68 2.8339539227297537 7 617 14 963 2 242
3507 -17.790525737348595 1.5521880841299207 53.027331856856343 41 41 39 0.6667826130666108 15 710 24 399 17 466
3508 -8.3292966877276093 0.91317609459895943 35.21422126758975 44 44 42 1.6077298091669969 16 573 24 401
3509 -14.960251834947693 3.6049644655357169 51.234796668336458 54 54 52 0.60617882936208811 15 725 24 412 21 424
3510 8.038026675558223 0.66450808548948637 14.022305701710039 5 4 1 0.42513098370701174 17 497 24 430
3511 6.2825595123328073 2.3794283304974289 20.120242409468929 15 11 8 1.9261969631033049 24 457 41 372 23 345
3512 -20.723317086388285 6.6585068272568808 45.012711991081879 20 20 18 0.23914216162482715 10 645 24 474
3513 -3.188897408623661 1.4988844680810962 13.614009588090585 60 60 58 1.657486442424045 15 921 22 471 24 479 27 448 20 549
3514 16.81189502123588 3.6140807903412244 24.749664195708402 28 30 25 1.7701665906126374 15 1415 24 486 25 652 42 995 34 1036 23 521 27 452 44 791 33 367 47 664 38 308 40 298 42 413 37 272 37 788 39 255 32 578 36 313 35 679 42 864 29 575 11 723
3516 -25.871029894552446 7.6534824104778743 47.012807485519666 11 11 9 0.30198186524194209 11 737 15 806 24 492
3518 -35.277968525108506 -37.122174904884353 73.569287927926695 115 121 118 0.47716911245103089 12 601 42 561 24 528 7 439 16 681 43 550 41 543 34 620 44 507 40 435 45 512 47 532 46 455 38 482 48 473 28 65 39 430 32 453 36 497 31 389 29 514
3519 6.8159472916767427 -4.9098895664318052 18.764627410342815 148 211 89 0.60264813251932459 11 1383 24 569 21 563 25 452 23 418
3521 -6.89243430320799 -5.2096802267253137 21.853242155881883 222 224 223 1.3582371103406787 22 718 42 127 24 572 21 568 26 911 21 956 25 701 23 651
3524 -5.7858959905110021 -3.1114347514386287 19.065920056665774 126 133 126 0.85489659190596035 8 171 17 356 18 641 20 735 22 586 24 604 21 588 26 597 23 443
3525 4.8109366566945901 -1.2215825006720835 15.794129116031636 0 0 0 0.81240654450457161 13 296 42 327
3528 38.530250339324233 -2.4957027635717255 57.977636031014477 41 38 33 0.86840059518039214 1 1029 24 768 41 324 34 396 44 602 23 498 40 518 33 626 45 744 47 778 38 226 37 527 48 557 31 595 29 561 30 596
3529 4.728329833726832 -1.0935260434598371 12.62680725121335 0 0 0 0.062858021384979507 22 763 42 980
3530 -3.2020415110706075 -0.80314346356197652 20.582860335359452 21 21 19 1.0443639509134004 4 321 22 766 23 707
3531 -15.519658180097718 6.3304961723324906 45.602396038510925 36 35 33 0.6535291781950846 10 1467 24 786 32 580 35 686
3532 -16.960718386186354 -98.014872608917258 158.50334652288367 22 15 8 1.7900154328546818 12 985 16 652 24 797 7 777
3533 44.587436230118001 -26.239060363190049 63.248907560640149 0 0 0 1.7354240205627325 1 179 20 1034
3534 4.8548449694617064 -3.4718160683789732 12.846823847022717 92 142 79 1.2848549024515292 18 946 20 1085 22 859 42 787 24 871 21 870 25 726 23 673
3543 2.2159390913252182 -1.3536363410093948 20.042664371603198 38 73 12 2.5202214303213575 8 919 14 1336 6 895 12 1202 16 1262 10 1153 11 1241 7 961 17 424 20 452 13 285 1 871 3 900 24 378 8 702 14 1050 6 697 12 925 16 1005 15 649 10 533 7 721 13 281 1 663 4 679 5 622 21 387 26 410 2 851 2 1079 23 282
3544 5.0998003552288891 -3.6853384624576209 18.155466903851984 112 126 38 2.1446387247374199 8 69 14 250 24 239 14 889 15 1221 17 265 19 144 18 259 24 240 21 246 25 176
3545 -38.264957266556088 -30.831848870747123 70.37168607820827 47 49 48 1.2545919183915837 15 2054 42 1238 12 1636 16 1725 10 1881 10 1910 11 1895 17 1372 20 1366 13 1291 19 1120 22 1125 24 1114 5 1163 43 1295 44 1219 33 1138 45 1193 47 1202 46 1104 40 1035 41 1156 38 1092 37 1052 48 1113 36 1093 9 978 32 1025 31 995
3546 7.5175407628342814 -16.50430887947908 43.344350129767768 130 129 131 1.6609544393726685 14 1630 11 1772 17 1175 18 1023 19 750 10 1753 22 933 42 1031 42 1105 24 999 15 1935 17 1251 21 823 26 1005 26 1060 27 927 27 974 34 1090 16 1587 40 825 33 920 45 1038 47 965 47 1052 45 943 46 770 46 964 10 1657 37 925 48 898 48 988 39 804 32 894 31 768 31 840 29 737
3548 3.5510793964913505 -1.1457839604831246 20.217074526369231 20 50 16 0.49964257715717902 8 928 14 1067 6 904 12 1216 15 1362 10 572 17 438 18 397 13 623 1 876 4 896 22 381 24 387 14 1068 12 1217 7 982 17 439 21 396 25 319 2 1085 2 1086 10 573 23 288
3549 26.606691149713228 4.7982799494796824 48.943098172784438 5 5 2 0.81277793160563017 12 967 11 1279 17 490 18 439 20 835 22 423 21 457 26 463 25 350 45 303 37 233 48 257 32 271 36 282 31 250 29 232 30 370
3550 -24.387526669183998 6.989460696085172 44.347184948529346 29 29 27 1.6446758554543865 11 728 24 487 12 978 16 602 15 793 10 657 17 552 18 490
3551 -5.2769500763183448 -5.208671434949669 19.099139575781422 108 180 62 0.42019463357328002 15 156 10 56 11 209 20 159 13 468 19 609 21 558 25 593 26 761 23 549
3552 27.563117276660712 5.0650652306378294 48.885527486293526 6 6 3 2.3525190981812596 22 667 24 683 16 1296 15 1651 17 868 20 982 42 398 41 361 27 411 27 649 11 1284 44 332 21 465 27 407 33 652 45 627 46 577 43 373 38 278 38 604 32 566 32 568 35 550 31 489 30 377
3553 -3.8815594590857434 -3.8732004522183985 18.395397524720764 89 121 39 2.3673171702810389 8 486 14 876 6 501 16 798 15 368 10 958 7 522 17 269 18 247 20 230 1 474 4 455 3 787 22 201 24 209 8 802 14 879 6 779 12 734 16 1131 15 374 10 963 11 1127 7 858 17 273 20 232 1 764 4 775 3 788 24 208 19 146 5 725 21 225 25 151 25 157 2 602 2 967 23 122 23 124 27 158
3554 -6.2383387263319134 -4.6281547630106399 18.695528367583893 164 165 169 3.0258475871603174 14 815 22 147 24 149
3556 13.324338681638856 -1.3697329172029322 31.002035044462072 31 32 27 0.7521431439526779 24 382 5 1036 25 318
3561 -9.1383675100785027 -17.848507432325217 37.163528102437247 114 127 116 1.9629968854535713 14 18 5 6
3562 3.0048242032245831 -4.4431004530834315 18.070334963938311 79 103 67 2.9424310760170056 3 11 10 145 12 1297 5 11
3563 2.9639298195000312 -4.462736549250911 18.096958704466527 79 103 67 0.53805900033799192 12 1298 5 12
3564 -3.8198362511355937 -5.278728926757644 19.342463192508088 42 103 35 1.5401837178338191 13 707 5 19 2 38
3565 -14.24158441763144 -17.604043587274624 37.528235349097727 175 168 171 0.73802151725916199 10 23 5 22
3566 -28.98802544937875 -38.301254807442469 70.608506008079019 130 130 68 1.5295593925590181 12 12 43 30 19 391 38 20
3567 -5.6074723192453142 -4.2076473355630517 18.002788469303336 178 185 133 0.30023957165042731 1 23 6 20 8 16 5 26 2 54
3568 4.7196241074441359 -4.0434616670986117 18.06476820595849 74 95 5 0.27802223632298018 16 147 5 38
3570 -6.3121706219043645 -4.5021757168283409 19.051908587555431 187 191 203 0.1993920359115646 1 56 6 53 8 48 5 60 3 45 4 51 2 83
3571 -6.5268146384887267 -4.0119404540662433 18.576852617318842 187 190 205 0.88616843943709256 1 69 12 214 3 59 4 70 8 66 2 110
3572 -6.8161647186535594 -4.4328843626002676 19.012499527648487 192 192 204 0.40852223879204691 1 60 16 131 5 70 3 50 6 62 2 94
3574 -3.778944764786516 -3.7940803575662838 18.4352955186983 72 113 40 0.070025230850054104 1 73 3 66 6 87 8 76 5 85
3575 -6.5463361181951614 -4.1693919858187796 19.250346132013899 184 188 200 0.06791578697647313 8 89 12 225 5 94
3576 -6.3609100689971907 -3.8564586978440105 19.40242349086876 168 175 191 0.1961870871208572 1 116 8 131 5 127 6 130 2 183
3577 -6.7530321385146062 -3.611312754579453 19.673950359172977 169 176 189 0.17298564376911671 3 147 4 155 6 158 8 161 5 151
3578 4.8315084470932064 -2.8511112448974845 18.935793851721368 80 104 8 0.08339931695647769 12 342 5 162 2 247
3579 4.8315084470932064 -2.8511112448974845 18.935793851721368 80 104 8 0.08339931695647769 12 343 5 163 2 248
3580 -6.5186176210003222 -3.4798673952313472 20.016214906659936 177 180 183 0.19805199177864291 4 184 6 191 8 194 5 171
3581 -6.7947337931620657 -3.2090689452966026 20.159158523939944 160 167 177 0.18000036318550625 1 213 3 207 4 210 6 218 8 224 5 201
3582 -6.2310096053229262 -2.7357461560318761 19.251492817129318 144 147 152 1.0703525361753645 1 215 4 213 8 227 42 1180 5 202
3583 -3.5273758544126053 -2.6808096308669662 19.267212950061818 125 132 55 0.090236603162661133 7 294 5 205 2 326
3584 38.290276491210022 -17.284134541476096 51.363303763917415 96 95 93 0.097994896440363022 18 143 5 209
3585 -6.7807806199553724 -3.1073156016492041 20.216667313105972 163 170 179 0.048097210999173551 1 220 3 218 8 238 5 210
3586 -6.1600865271068521 -2.41384379699603 19.170259235847286 188 192 194 1.0706021989767391 1 232 6 234 42 1130 5 219
3587 -41.667845310641823 -25.173259192608327 69.728356153701384 17 18 13 1.0865269626939478 7 537 17 134 44 93 45 78 48 72
3588 41.208734828253348 -25.431791792872481 75.237261700117443 96 105 102 0.76758023130351416 12 233 20 123 5 237
3589 6.992704026300018 -1.9766053574118356 19.662603816398274 124 135 105 1.9993384817935178 16 440 5 240 2 411
3590 4.7168257007653995 -1.293641891468045 10.971161066332076 0 0 0 0.57104823541763894 12 159 16 221
3591 8.3792783255044583 -2.7661122400772835 22.724976905825741 63 101 18 0.55230782065700756 14 416 5 252
3593 71.619140961883076 -21.755822435554602 100.20378497440322 72 71 69 2.5582934793841727 11 265 5 309
3595 29.874445910116695 -0.14661104728305369 54.040582600604615 20 20 18 1.25002410726808 19 538 5 349 16 1275
3596 30.140580934459869 0.92161231758774942 53.083401068199883 20 19 19 1.8601180042849417 10 590 5 355
3597 -3.3422556359005111 2.8168123247238976 15.037825551456516 231 227 228 0.32643958467226752 7 428 5 356
3598 12.171449828032454 3.1303418823023246 35.636288651114747 115 107 104 1.9454269770445398 17 493 5 374 20 522 13 635
3600 42.722780964756581 -44.032949396167055 71.716135097900505 99 115 115 0.40047262776222359 1 440 3 419 4 412 6 6 7 1 8 442 12 572 5 382
3601 39.922183088928023 -48.360564602842409 81.013356257421322 63 72 68 0.33531228196707469 18 27 20 590 5 386 17 626 24 24 28 34
3602 39.943164859192784 -48.466126059750501 81.111191164971117 63 72 68 1.1082061234737375 18 28 20 591 5 387 17 627 24 25 34 3 28 35 29 25 47 2 48 4
3605 -2.7891098305691679 -4.0107070760305747 18.400170512824129 95 124 35 1.6617816973748372 10 948 42 813 5 409 27 529
3606 -6.1224702799743174 -4.2894868935272834 18.814722012836906 212 218 229 0.35595447171824424 1 466 3 453 6 487 8 474 5 410
3607 -6.1224702799743174 -4.2894868935272834 18.814722012836906 212 218 229 0.35595447171824424 1 467 3 454 6 488 8 475 5 411
3608 -6.3695227905051084 -4.4307665611702802 19.050940057474026 212 216 228 0.47482267292583452 3 456 4 445 6 489 8 476 5 413 2 956
3609 -5.9585502562704624 -3.9234318465770848 18.2553431113482 212 216 228 1.9205745092314486 4 446 6 490 8 477 5 414 3 457 25 142 18 243 22 195 21 219 2 957 23 111 23 115
3610 -6.834799007732288 -4.6042155507410421 19.705465050354736 183 187 199 0.93784437924363095 4 78 12 193 5 446 3 68
3612 -7.2772841696628889 -4.9827420334638024 20.421748707324113 204 208 220 1.1821622318653333 1 497 3 491 6 525 14 832 5 454
3613 2.5771708360576286 -3.3591294910392535 18.558100577303364 134 143 50 0.17390119077803456 3 515 24 270 5 470
3614 -4.2974255584776389 -3.5117155218212339 18.661924328563224 16 53 12 0.32216559471040168 15 400 5 474 2 639
3615 -6.856508030539568 -3.4486248290254515 19.965084845038628 185 194 209 0.15454530815530168 1 582 3 593 4 575 6 613 8 591 5 544 2 731
3619 -6.8184809158268616 -2.4331793101635899 20.865045109706337 194 194 192 0.1246459516877378 1 641 3 663 4 652 6 679 8 671 5 604
3622 5.6326993698579582 3.428969710477511 15.987610356656781 117 110 107 1.43399109841104 8 1275 5 678
3625 2.6827545104505681 -3.1645527618714824 18.593112355340658 133 146 55 1.2189035382628119 19 213 2 649 20 314
3628 3.6794295484131063 -1.2336057398428675 15.977948365182433 0 0 0 2.0617217302320525 17 426 18 392 42 328
3629 -5.8951144753865474 -1.4045070960907453 20.550146942794584 219 219 218 0.15465558809347998 1 875 3 907 6 903 22 359 24 373 5 826
3630 -32.89376444501756 -17.562723304222608 75.660269282653985 63 64 62 0.49024963250777276 18 178 5 833
3631 -2.9056176673244694 0.53172372659030509 10.563925640808431 51 55 54 1.059263201579359 13 368 5 850
3632 -5.754195803093797 -4.3720601963272943 18.157487618585535 244 246 242 0.62118361161129054 1 925 3 951 4 939 6 1081 8 972 5 857 2 1364
3633 -2.9089758006099222 -1.4119298772064826 19.999002900507136 109 129 40 2.07579273948526 42 682 5 945 43 677 26 663 42 848
3634 3.0131537581568568 -1.2506487599635756 17.091782143965776 11 53 2 2.1129076930827102 11 560 42 334 13 604 25 541 26 679 23 502
3635 -1.5244955698271092 -1.3842727996349884 20.339795602919967 25 62 19 2.029429988619492 1 1232 13 596 15 1341 42 344 5 950 26 374 26 399
3636 -32.068145815206428 -17.069921098129406 78.557933898456952 13 15 12 0.33103642706115943 17 1070 5 958
3637 32.065614277540369 -6.8847693286383986 65.137340012801616 60 62 61 0.54516490214424973 11 1605 5 966 43 989 44 899 45 856 47 891 46 803 38 814 37 771 48 823 28 699 32 760 36 835
3638 -5.9355960996963999 -3.2751401852482105 19.304412485889756 195 200 208 0.27861359854228263 1 1068 3 1099 4 1087 6 1098 8 1212 5 999
3639 41.616798256752602 -18.751914535833571 82.5821270244207 47 51 50 0.63827209484089331 11 1683 5 1034
3640 32.188111161068583 3.3772456027052993 50.791713481566937 87 83 82 0.64453944008203823 13 1019 17 1130 18 983 20 1122 5 1040 22 896 24 910 21 911 26 967 27 882 25 766 23 713 33 874 30 857
3644 -6.8771311917570452 -3.2637013952310996 19.126402282328652 0 0 0 1.7094303340858161 1 1220 42 1047 6 1235
3647 49.629718939368622 -47.637043341433937 82.974206179070578 56 60 59 1.180551867522915 4 1138 13 1204 17 1336 18 1120 19 1018 20 1321 22 1085 24 1030 42 1147 8 1126 26 1107 34 1270 46 1023 35 989 29 815 41 1114
3650 -6.3582660170058629 -3.6116351560321047 19.563767214707493 55 55 44 0.39654350796522614 1 1215 3 1230 4 1226 6 1233 8 1289 5 1110
3651 7.1945712860939253 -2.4540532164327713 19.470370137199133 0 0 0 0.32146269992478943 1 1225 6 1241 7 1329
3652 -2.6919147175935172 3.1676847036454623 13.511065881879242 23 23 21 3.3347272435118667 3 1222 5 1130
3658 -33.752505149898546 -17.390009331034896 76.762101193955488 109 111 108 1.0364661401985278 6 911 8 939 17 703 18 594 13 467 1 890 4 911 3 920 5 957 19 903 3 1047 41 747 26 760 7 945 2 1225 34 658 41 107 27 78 40 89 45 103 37 111 28 426
3659 1.4255026385607792 -1.7636734496285871 19.923766625240006 133 139 49 2.313615422846476 12 411 16 453 10 499 11 530 17 411 4 659 5 612 12 895 16 976 2 832
3663 2.5553112537899172 -2.0461063067567222 19.542380511797269 117 135 36 2.2692868479066481 15 602 1 258 5 234 11 1229 7 690 17 401 4 646 22 344 10 465 25 290 26 342 9 345
3664 5.495963972539661 -1.4774175132594083 19.949520594777848 29 47 0 0.17223028418823078 8 296 14 460 12 424 15 644 5 260 14 459 12 423 15 643
3665 5.2652663957969956 -0.69423357744085679 20.164775878796785 142 141 136 1.7601051179614706 12 1591 16 1621 15 1967 11 1850 7 1214 17 1212 18 1106 20 1256 22 1077 24 975 24 1069 18 980 5 302 16 1443 22 648 21 909 21 1016 21 1054 22 1027 26 1179 25 761 25 927 2 1226 23 594 23 855
3666 35.934899517339439 -5.1280467458008046 61.677841600867033 37 37 35 2.2642878583008561 16 545 20 409 1 391 4 367 5 336 5 338 4 370 10 1145 12 476
3667 2.3651394556455472 -2.1239809431719343 19.439287035801954 110 117 44 2.2089133789604194 4 641 12 879 6 667 15 594 10 1127 17 805 20 415 5 596 16 1242 21 623 26 341 2 807
3668 5.1833103045682298 -1.5642730529884503 19.854823066223982 130 140 61 2.333960307687486 8 908 14 1326 6 888 12 1188 16 1254 15 1326 7 954 20 440 13 272 19 530 1 863 4 875 3 895 5 813 8 1056 14 1497 6 1028 7 1116 1 1003 4 1011 3 1023 26 364 2 1066 18 690 21 630 23 490 24 654 25 523 12 1376 16 1430 20 800 9 591
3669 35.339807144892241 -5.0898326179175726 61.086156619263093 19 18 18 2.4663903912617511 16 548 15 600 10 1144 20 956 19 500 19 509 1 392 16 546 20 410 4 368 4 369 5 337 10 505 5 667
3670 76.597963423723925 -56.525172694124478 99.551940002217549 66 72 72 1.6349669151831101 1 1180 7 1300 12 1600 16 1683 5 1106 1 1050 3 1081 4 1143 6 958 8 1201 5 1050 14 1614
3671 -6.5576043487315161 -3.938703027776203 19.113544722761166 184 189 203 0.21349238611216989 1 107 4 106 6 120 5 114 8 110
3672 34.909630451575012 1.9312236985940066 54.102878999827162 24 23 21 1.3390668163741344 13 356 5 363
3673 56.353830351465113 -32.244244875926604 83.28844537739316 0 0 0 1.4070132347938515 1 624 13 425 15 1092 18 120
3674 32.326472764741688 -21.571903494521184 45.461514825017154 66 72 72 2.1464262402108054 19 963 5 1049
3677 0.50669117327083801 -1.4478435833723704 20.0442976169406 92 119 25 0.58468995106960586 8 1225 14 1598 6 1174 12 1475 16 1549 15 1899 10 1714 7 1284 18 1051 13 1120 1 1095 4 1170 3 1169 3 1214 24 904 5 941 10 1443 7 1125 2 1337
3678 -3.3302080603757229 -3.9352784790845017 18.320476560616246 74 105 36 2.0404468526452253 11 1789 15 1951 16 1655 8 789 14 1216 6 766 12 1066 16 1122 15 1519 10 1311 7 848 7 1041 17 729 20 211 13 497 19 123 1 755 4 766 3 778 22 564 5 718 10 1823 17 1195 18 1038 20 1189 13 1101 8 1282 14 1729 6 1227 12 1618 7 1357 20 1297 19 918 1 1212 4 1223 3 1227 22 954 42 1042 24 964 24 1057 5 1139 43 134 43 1079 21 960 26 576 26 1020 27 151 27 942 25 816 2 1117 2 1369 2 1414 23 769 16 1704 10 1856 22 1014 18 1092
3679 -17.559656922842926 -84.682909074743804 139.67074622299347 134 108 75 0.97954364042851449 12 574 43 0
3680 53.454704145764353 -53.428723176911063 83.753644888382098 180 208 206 0.87322558998930877 16 1680 43 4 32 6
3681 -31.698816573293552 -56.72542393041833 103.90634650851226 23 25 24 0.58010265550061191 11 3 15 0 22 36 42 24 43 27 41 26 21 43 27 23 40 15 33 8 45 496 38 17 37 455 48 12 32 28 36 11
3684 -40.939633001049074 -22.138152456210822 76.240450868438131 38 38 36 1.3788097972628546 1 676 43 73 3 701 4 690 8 715 3 290 47 100
3686 -7.2276326614224375 -6.0985451669675319 23.053191145038788 12 16 10 1.7788949614237197 13 94 43 85
3688 -3.3529232590272731 -4.5747126154875186 17.597212293829337 198 216 112 1.8308266785599006 42 117 43 105 30 94
3689 -4.8603260563954684 -3.6492404917080203 19.248498723972368 9 54 1 0.45448008320094124 42 178 9 680 25 185 23 148
3693 -3.7175237750884418 -2.6590388356218666 19.184651471179592 147 155 69 1.5776190008371704 16 909 27 277 25 273
3695 35.089321777843551 -3.3620722289824436 52.342936593006883 50 45 38 1.6554698205262577 11 1459 22 627 24 647 21 369 27 312 34 371 40 196 38 209 39 177
3697 -2.4537549184923848 -1.0628821385804552 16.439624173957281 92 124 70 1.4602833258478929 42 355 43 327 30 330
3698 -3.0481749318109577 -0.92741319196752281 14.056495873467558 33 68 8 1.417626514876249 43 338 30 331
3702 15.933705197357414 5.8999444177646607 45.924267229025688 5 5 3 0.95664548571373564 11 677 17 511 22 441 24 452 18 452 26 468 25 365 41 381 34 465 23 343 43 393 38 305 37 268 39 253 35 275 36 309 31 264 29 238
3703 15.933705197357423 5.8999444177646643 45.924267229025716 5 5 3 0.95664548571374175 11 678 17 512 22 442 18 453 24 453 26 469 25 366 41 382 34 466 23 344 43 394 38 306 37 269 39 254 35 276 36 310 31 265 29 239
3706 -18.70601390306766 5.1860633324761833 37.231718807638167 14 14 12 0.69967011980225402 11 712 43 414
3708 25.504540005102655 9.6184649191686535 41.125733921390598 35 34 32 1.7652184964772448 15 1435 43 434 11 908 34 779 47 413 32 692
3712 17.771139962780417 9.7847461574134247 40.549273206512723 17 16 14 1.2408214398131185 11 922 43 451 36 369
3713 17.025925880654015 10.264795846810278 40.544187133186483 7 7 5 0.58647418568313103 11 1329 41 462 34 786 44 435 33 675 45 418 47 689 46 363 40 363 43 468 38 637 37 359 39 558 35 578 36 389 31 512
3719 -5.068214103458649 -5.717121384310885 23.700328094754553 193 210 105 0.40738717422897275 13 730 43 595
3722 17.761779115538829 9.1700852890495401 42.639064631646342 11 11 11 0.88475316944768601 11 1522 15 1666 41 680 44 655 40 562 33 666 47 673 46 591 43 730 37 579 48 620 39 553 35 567 31 503 29 582
3723 17.761779115538829 9.1700852890495401 42.639064631646342 11 11 11 0.88475316944768601 11 1521 15 1665 41 681 44 656 40 563 33 665 47 674 46 590 43 731 37 578 48 621 39 552 35 568 31 502 29 581
3724 17.525336914310763 9.6176044901578273 41.905608247904752 13 12 8 0.54536704382811252 11 1525 15 1667 41 685 44 660 33 670 45 399 47 679 46 339 40 566 43 737 38 627 37 580 48 625 32 595 35 570 36 617 31 506
3725 -38.492362516395929 -52.625360143420274 97.716367892065364 25 31 29 0.86014224247169746 14 1517 22 41 42 745 43 748 11 1640 21 525 25 574 44 675 45 666 47 701 46 447 38 651 37 605 48 641 28 537 32 613 32 712 35 445 36 650
3726 -4.0395870788780304 -1.4722598117194714 21.09339053286503 117 145 58 0.21805623642664612 42 685 26 661
3729 -10.964150834435173 6.3728415768808038 44.856771563182384 38 38 36 0.72486262713810712 17 1010 22 782 18 853 19 711 20 988 21 774 27 776 25 648 34 933 42 872 44 797 33 776 45 789 47 812 46 702 38 735 48 726 28 632 39 686 32 686 35 690 36 747 31 617 41 814
3733 -3.9249771183207089 -4.1823691935559815 18.086995933534158 144 153 62 1.4174016034931682 1 1123 43 968
3734 30.916274791347117 -7.0665083020064063 66.533044260679304 54 56 52 0.71457166660516591 12 1482 14 1494 24 894 43 988 44 898 45 855 46 802 38 813 37 770 35 757 31 692
3735 -2.5603111787928419 -2.5224853289691218 19.484983276669205 155 158 67 0.3892943019196573 13 993 17 1114 43 996 22 885 24 898 21 896
3738 -32.792012265639045 -42.050680954036409 108.94679074237231 19 21 18 1.9153947049891649 10 1754 11 1667 13 1158 15 1846 17 1249 18 1080 19 977 20 1234 22 931 24 823 43 1060 41 1032 21 820 26 1058 25 56 20 652 21 107 22 89 24 90 26 96 42 580 43 775 27 56 41 559 34 100 34 1172 44 526 44 1074 44 857 40 448 40 892 23 794 33 516 45 73 45 940 47 84 47 1050 46 962 38 68 38 953 37 480 37 924 48 69 48 987 28 411 28 760 39 69 39 721 32 476 32 826 35 888 36 904 31 555 29 686 30 888 30 35
3746 -32.087247993393852 -43.333176015000014 110.50382378172837 47 49 46 0.73913016325118996 10 1750 11 1770 13 1157 15 1933 17 1247 19 975 22 992 24 996 43 1148 41 1031 27 973 25 852 34 1171 40 890 33 982 47 1048 46 961 38 1024 37 923 28 825 32 892
3750 16.897144076138058 9.8076208080219036 40.440682774416409 12 11 9 0.7918532104102366 11 1811 43 1192 45 1006 34 1145 44 1111 47 1101 46 1012 38 996 37 888 48 958 39 845 32 787 46 727 35 782 35 926 36 867 31 726
3759 -3.1854374399414183 1.4698735254787043 13.029589718326084 0 0 0 0.51938305706766863 11 878 15 965
3760 -3.1854374399414183 1.4698735254787043 13.029589718326084 0 0 0 0.51938305706766863 11 879 15 966
3773 -43.328008606478733 -19.055647489483583 77.309992263181343 1 2 1 0.81957498268689677 11 1379 41 99 21 554 34 854 45 838 39 98 39 738 35 58
3778 1.182981407551325 -2.2671864080650117 10.074903533661272 0 0 0 1.7958210489375448 15 1212 17 329 9 535
3780 -2.5630397892706247 -2.5760792370000596 14.795469264321648 9 34 0 0.67018818521671419 13 548 41 202
3781 -2.0321722506366586 -2.4923369529015793 15.394857161039496 148 159 74 1.5219393357674553 13 555 41 223
3782 3.9006367398394324 -2.654594019807051 17.167504112935788 151 161 72 0.75971597593997009 6 794 41 225
3784 -3.1565945179955084 -2.0332029135218916 13.308930111141677 64 74 0 0.041661166040209648 13 585 41 243
3785 -3.0580079006833021 -2.0308517346686106 13.449802222564371 84 94 18 1.5439678831808485 13 255 41 244 19 284
3787 3.2546344310749862 -2.3038636447182221 17.928096388094939 157 168 76 1.729980790430504 1 576 41 264
3788 3.2546344310749862 -2.3038636447182221 17.928096388094939 157 168 76 1.729980790430504 1 577 41 265
3791 -2.8792958924679133 -1.2240296416889507 20.313969524005515 23 58 16 1.4091346049354574 1 682 11 568 42 360 17 447 25 542
3795 5.3346778496508991 -1.9925055923050861 27.700455497935735 16 55 2 0.027233953578624192 42 329 27 325
3799 26.619362652684284 5.0562864331675792 47.788556567710359 6 5 2 0.81005891600699087 11 653 20 527 41 360 26 466 25 357 32 286 31 258 29 236
3803 16.330012618663204 5.9899649179166499 48.790583029759077 3 2 1 1.0806186063203018 11 1290 18 450 24 451 41 380 26 715 27 423 44 358 23 342 46 275 39 251 32 292 30 624
3807 17.420966971307621 6.7186056113901875 46.366087056836257 7 6 3 1.9997897163122578 15 1398 19 351 20 844 22 448 24 458 41 389 13 850 21 479 25 375 26 472 34 471 11 693 15 1403 22 451 17 517 25 379 44 364 23 352 27 433 40 301 45 347 46 284 47 351 40 303 38 313 48 285 32 295 32 297 36 317 29 242
3808 17.546227491422069 6.7118474035209648 46.659390255397113 7 6 3 1.3085066384831592 15 1399 19 352 20 845 22 449 24 459 41 390 13 851 21 480 26 473 25 376 23 353 40 302 32 296 36 318 29 243
3811 -7.2803909696966498 3.8835403703885767 25.940035714308209 0 0 0 2.300081741424858 16 1044 42 440
3812 -20.609841042742101 6.6887176528241401 45.335407995200057 16 16 14 0.79800571630651462 15 776 34 492 33 382 46 303 38 337 48 299 41 407
3814 19.892111659188462 8.7724822251475718 44.093566496083234 11 10 9 1.805099291160464 11 795 17 589 11 794 44 389 41 412 40 329 33 394 47 385 38 340 48 313 28 362 39 293 32 335 36 341 44 388 31 294 28 361
3820 -12.203782143168443 8.8485503366828784 42.920997357900845 44 46 43 0.23529606962078364 11 867 41 437
3826 -14.556871393238373 8.8915818263369175 42.626057577068309 32 32 30 1.0402489223316265 15 981 44 1169 33 414 45 1136 47 1146 46 1062 38 366 38 1052 37 1009 48 338 39 327 35 345 41 446
3827 -12.984313917923931 9.0414129064863804 42.265636983482935 17 17 17 0.45794210656054257 11 901 15 989 34 537 44 416 32 366 35 347 41 449
3828 18.749773784114314 11.100478780054253 42.584166390365404 29 29 27 2.417377093446814 11 955 41 476 33 443 33 450 42 515 45 440 44 458 47 453 38 414 48 391 38 413 40 388 44 457 33 449 43 494 47 464 35 385 35 386 36 418 31 354
3831 -2.8985487700340351 -2.1594586703051193 12.751323068690848 91 103 27 1.4783117290736105 20 952 41 617
3832 7.3563245144581559 -2.9729290866031839 18.676137918828527 0 0 0 0.94406448893207784 10 1705 20 354
3838 17.715980757120402 8.9232087914793201 42.541515658301613 9 9 7 1.0012631610149099 11 1519 41 678 34 936 44 652 33 663 47 819 43 876 43 727 46 588 38 624 48 618 39 550 36 615 31 308
3839 17.715980757120402 8.9232087914793201 42.541515658301613 9 9 7 1.0012631610149099 11 1520 41 679 34 937 44 653 33 664 47 820 43 877 43 728 46 589 38 625 48 619 39 551 36 616 31 309
3842 1.2972520977672723 -4.2042886934241475 17.815086495647595 157 166 108 1.2813103160276444 14 160 7 59 9 671
3843 -2.527264513283328 -3.206071118278262 14.358053909666618 146 151 65 2.3028446932244604 13 965 41 752 21 717 27 707
3844 -2.523516252483756 -3.1908948683554614 14.318468044323881 146 151 65 2.2847859769366661 41 753 21 718 23 554 13 966 27 708
3846 -2.6118082345255313 -2.1267731683891924 11.349381454007437 133 146 65 1.2999900772552384 41 767 26 811
3848 3.8647433709651198 -1.3738558769792304 17.210668284034561 102 150 48 2.5193556032366513 13 1004 42 674 26 842
3854 -6.8898567346376325 -4.4472573420297028 18.235586943689345 0 0 0 2.1168646459268463 16 94 42 1211
3866 -39.926978970946834 -36.622205411537848 72.054514984836644 21 23 20 1.1956151045581758 15 2049 43 1291 10 1875 14 1754 34 1307 21 1098 45 1188 38 1087 37 1047 48 1111 32 1020 31 993 29 852
3870 -3.3297124966156049 -4.714875256678611 18.355784694057849 203 219 114 2.0478794289028417 15 1137 11 1068 14 106 15 1138 10 88 11 260 42 118 13 481 24 143 26 149 26 150 43 101 30 496 10 1283
3871 -2.7227259411085187 -3.1138691991988585 18.830083857723206 101 113 46 1.9792117026072626 15 1553 42 221 5 880 43 628 14 1263 6 818 12 1112 16 1180 15 1552 10 1367 11 1175 7 890 17 755 20 733 19 241 4 816 3 831 24 292 8 555 14 329 6 576 12 291 16 281 10 318 7 572 1 545 4 537 3 554 5 502 5 879 43 627 26 598 26 599 27 557 2 682 2 1139 2 1140 23 184
3873 15.611097316659388 5.704164605414543 46.774914782102123 3 2 1 1.331454479232252 19 843 41 922 17 1134 11 1289 18 449 24 450 41 379 21 915 26 714 27 422 34 764 23 341 46 274 39 250 32 291 29 716 34 1137 30 623
3875 0.879056393615815 -4.4915011614705245 18.109582445692606 56 102 47 0.78419054290294754 14 1418 6 458 12 1287 15 1154 10 131 7 1027 4 415 6 459 12 1288 8 448 15 1862 10 1671 7 1028 17 1184 1 444 4 416 3 424 5 390 2 931 2 932 28 132
3877 -16.921573459822969 7.386421261412405 44.422125349220067 14 14 12 0.60300184554294012 14 576 15 827 26 492 29 264 41 411
3886 -5.2700178789739764 -4.4128231106692759 18.058572262310935 0 0 0 0.031518817405243704 13 750 15 1506
3892 -42.276311283577385 -36.974273532450155 73.684023147245654 65 71 71 0.60377144009377481 11 37 14 22 16 684 21 64 10 844
3894 -4.5664557602375115 -5.3350885623828335 19.282958202553889 204 231 147 1.4673299920104119 10 893 17 173 21 122 27 81
3896 -6.3925224849225559 -4.7815068910982594 18.843004081622322 155 156 160 0.019569668124256968 10 93 21 144
3898 -1.0037134575149973 -4.2854898563321751 18.085427557044287 149 151 87 0.038845374181838033 8 771 21 174
3899 -6.1070851718961796 -4.1554092383923367 18.427874023305186 138 139 143 0.74525829999500903 8 469 21 189 25 121
3906 8.0436681644581061 -3.0930879682991601 19.011109750570903 30 32 29 1.9099460606105656 6 585 20 342 22 278 24 298 21 298 43 193 27 215
3910 1.8929883715920883 -2.5758493500919544 16.243446403470095 155 167 74 2.3209528385355624 42 240 21 329 37 142
3922 -4.382405753448932 0.14710844225593661 11.209025989893339 49 48 46 1.7333480032917754 11 676 21 423
3925 16.968522288608543 4.9485137301071633 48.863846977145897 34 33 29 1.5656135868937755 11 1287 22 668 42 401 21 468 27 405 41 367 13 634 44 352 40 280 23 518 45 322 47 332 46 261 33 351 38 288 48 604 28 520 39 233 39 227 35 267 36 292 29 458 30 373
3926 6.2612575820468415 1.7180731544401022 20.661429450202608 8 7 4 1.4984803848360355 11 675 20 530 21 469 25 354 23 328
3927 6.9612737346296685 2.4132053183193776 22.546263060596868 13 10 9 2.0393955021359815 42 403 21 476 25 364 33 358 37 250 39 235
3928 17.392831253938834 6.6747835888357825 45.529779346063826 6 5 1 1.166484925764693 10 637 18 455 19 355 21 483 20 534 34 472 32 298 26 722
3929 -66.44526887988728 -70.200721754282583 107.41898938613046 86 91 90 0.9492696609377258 7 1222 13 855 24 505 21 511 30 439
3936 -1.8439882067522591 -2.5340567214742253 16.609944058656843 0 0 0 0.025813894859045252 41 240 43 644
3937 -1.8439882067522591 -2.5340567214742253 16.609944058656843 0 0 0 0.025813894859045252 41 241 43 645
3952 2.5878846273662908 -1.4857165879609455 16.576159933066776 103 133 33 1.753551109698686 42 671 21 750
3956 23.722781086680687 2.9900861065864373 51.309684487359718 9 9 7 0.75083944559187676 12 1235 18 843 22 656 42 705 21 765 40 546 46 567 48 587 30 610
3957 -3.3575105770055562 1.2926681625151786 12.84287144012583 0 0 0 1.1343433355022299 11 829 20 544
3960 -2.0416295677989504 -4.900219143361503 18.806434550486273 34 92 35 1.3055366887600499 41 864 43 954 30 807
3962 5.6670565795239609 -4.3777246021064533 17.840402882287361 42 108 42 0.86491200621220288 6 11 8 4 25 723 23 670
3963 6.1470833610305311 -4.407108744147318 17.957518730343221 49 92 28 1.2782541023944964 3 758 4 747 8 768 26 571 25 724 23 671
3972 17.845704256372628 -0.40685642904670005 23.580837590205885 49 45 34 2.0296323117566497 42 991 45 756 47 785 36 843 17 836 21 910 20 973
3975 2.6684210471234588 -1.5613168171070719 15.103114107483041 116 141 40 0.53817531995046397 42 1060 21 965 26 1036 25 825 23 777
3976 38.516786942752461 -35.416818073977815 72.274148688188035 94 101 94 0.90303727927641353 12 1501 13 1147 19 957 20 1225 21 987 25 848 26 1054 27 970 38 947 14 1621
3984 -2.4165749576050959 -3.4846950537639807 19.027843237981966 0 0 0 1.5299570245424274 3 1255 43 1264 30 1066
3988 7.751402112086498 -5.3774981032816926 19.542621170313296 27 27 25 1.3852016553501814 13 1319 17 1398 19 1146 20 1393 22 1126 24 1117 21 1107 18 1241 26 1167 25 975 23 911
3992 -1.6177290688090327 -2.1746381140293902 15.73063277564972 160 163 70 1.4831884253867686 41 1130 21 1117 26 1202 25 984 23 921
3994 -2.3152322773195131 -6.9350486864484351 22.606785340312872 18 18 16 1.3586163380704026 20 1408 22 1160 24 1147 42 1265 21 1147 26 1224
3997 -38.341712986194544 -32.057391506658888 68.238994792012463 27 35 40 0.85603854389790723 18 85 20 634 21 79 11 1360 18 560 22 537 42 573 24 537 43 559 34 829 44 518 40 592 33 504 45 679 47 539 46 466 38 495 37 475 48 481 39 589 32 464 35 609 36 505 31 399 29 377
3998 -3.0388204185688479 -2.6750820691331549 19.235524204789687 112 121 45 0.76170211847019798 42 278 8 627 14 972 6 644 12 842 16 384 15 1298 10 385 11 487 7 647 1 615 4 617 13 229 3 631 13 235 24 343 21 342 25 275 2 776
3999 -3.4298710613407311 -3.0698331678182238 18.4884749680533 136 135 52 2.0601794237554687 14 1451 10 1560 17 961 18 807 20 938 21 730 22 961 24 971
4000 6.9738902309238755 -2.5989906196444834 18.765084103497447 92 92 87 1.1045620691312714 7 636 20 396 13 213 19 661 21 740 26 817 25 624 23 577
4001 -45.068821202527914 -41.105598707466562 79.285282909643115 21 22 22 1.7617325382119517 20 1008 41 1019 43 904 21 796 15 1977 16 1573 10 1731 11 1813 17 1233 18 1067 11 1753 19 950 22 977 24 986 41 1069 34 964 34 1157 44 836 44 955 40 879 33 967 46 946 38 857 38 941 38 1015 48 754 48 972 32 936 35 805 35 875 36 962 29 598
4003 37.923367108798217 -18.519984778360072 50.071149523630069 136 136 138 2.637421270473443 14 71 21 111 34 110
4005 6.291766676771859 -5.5098605024406426 27.959488403690337 143 154 62 2.6576144044498862 14 913 21 223 26 195
4009 -3.5587563716174375 0.09528439550675237 19.078190281961017 25 25 23 3.2352371912110502 10 1617 21 763
4010 -4.1990798908266544 -3.1531514090233301 10.724775451400596 153 154 156 2.6556517183869577 11 1918 21 837
4014 7.2732732754481297 -2.5979252159593029 18.729461444789326 42 43 38 1.6391258246835649 10 1832 21 1080
4017 2.3850373801868092 -2.3227073593095007 14.895543676013068 142 151 60 0.41451363539520569 42 1246 21 1116 26 1201 25 981 23 918
4018 -2.9707117627989748 -2.3576870807460342 19.451816201135877 58 77 13 0.44505264661522914 6 1006 8 1031 12 1354 16 1409 15 1593 10 1587 11 1449 7 1096 17 788 18 674 20 779 13 577 19 672 1 986 4 995 3 1005 22 617 42 653 24 639 5 913 43 664 21 614 6 1005 12 1353 16 1408 15 1592 10 1586 18 673 20 778 13 576 19 671 22 616 42 652 24 638 5 912 43 663 26 639 26 640 27 597 27 598 25 508 25 509 2 1182 23 477 23 478
4019 -3.811213045296054 -2.9886511521712049 19.029450177982969 79 91 24 2.7273639924225885 8 180 14 362 6 603 12 798 16 330 10 1055 7 608 1 572 4 565 3 584 5 534 8 1005 14 1274 6 984 12 1132 10 1381 11 1195 7 912 17 768 18 655 20 745 13 205 1 964 4 833 3 856 22 591 21 317 26 284 27 223 2 723 2 1153 11 425 13 187 15 474
4022 -32.278008465714962 -36.989791895045556 76.410789546068145 29 32 31 0.3594640275204477 16 693 18 76 19 28 26 71
4023 46.579164089825483 -29.569647249512055 65.338214082433637 24 24 22 0.46652937822658747 11 1537 15 1835 26 86 10 1740
4024 40.843910072787445 -32.552836725930518 74.52612843567394 27 33 31 0.76396875623113703 7 477 26 89 34 87 9 625 2 979
4025 -6.5441140046932187 -8.9198514138619718 21.124172130747755 16 16 14 1.7795169585765802 11 1019 18 770 21 699 22 705 24 725 20 894 25 682
4026 -1.5025649184358876 -1.7477987118129845 2.3605435906548995 76 77 72 0.69776019487437213 13 106 26 101
4027 -32.216968228176903 -22.33731813917618 86.495840691960652 14 15 14 0.39117481558524386 4 323 26 105
4028 41.930425604229953 -21.510679286743841 83.383832168842844 99 109 101 1.1450249242193482 7 933 12 350 26 109 9 645
4031 4.522426895033151 -4.6552674584087272 18.366667706226579 147 190 82 0.25683430819294573 7 37 26 157
4033 6.8511618702214241 -5.0096647466039057 26.509491593816563 0 0 0 2.1241052911772331 5 599 17 252 20 255 24 228 24 217
4034 5.1894544112986134 -3.7900351459370931 18.338945966531394 107 125 30 1.1997536573726768 8 70 14 251 26 214
4036 -6.5496012537975492 -3.8572947769070516 19.773313466251587 136 140 143 0.90444842684805338 11 1409 15 388 26 218 23 137
4037 -5.6661939155925527 -5.2447323513316491 31.433722668115873 99 119 41 2.1938360406694821 12 391 26 221
4038 5.1444958131132825 -3.5256687174734131 18.544149927343195 119 130 38 0.66391039030901522 10 995 26 225 2 148
4046 -2.6586210400810475 -2.9103634748679208 18.644418649382306 168 183 97 0.33039795432424762 13 202 42 247 26 286
4050 35.186578263486432 -7.3120800185648251 65.10414937654518 66 68 67 0.90358176288197689 12 455 26 315
4051 35.200147793440863 -7.3384719043662034 65.156242585187186 66 68 67 0.60811655850703605 7 396 12 456 16 483 26 316
4053 3.1772305018230176 -2.5194714548625066 18.197734908447575 130 141 50 1.0973258089967222 13 227 26 319
4055 3.7850889150255993 -1.864400200905203 13.370725386503194 129 146 54 0.16079487002301762 42 280 26 335
4057 1.1558579526966213 -1.4309468614078795 20.13309307439653 107 144 44 0.6325652436166207 10 527 26 372 2 476
4059 -2.0920643008129072 -1.351394842056804 19.459419115574079 29 69 5 1.3580320890359812 42 346 43 317 26 397 13 308 33 269 41 307
4062 -0.82524333506867176 -1.3294576627049879 19.05910946337454 10 51 1 0.5406112672028166 13 303 42 342 26 403
4064 1.5594524906541356 -1.3116968351004008 19.179182752166916 13 54 0 2.0651988930504972 15 1346 26 407 25 312 18 384 22 368 25 313 26 408 13 601 11 1244 26 423
4065 0.91753369950986519 -1.2543080074427995 20.283719081884321 36 67 26 2.0615587657054308 13 324 26 420 2 506
4067 2.0135517818783484 -1.261306486029115 20.18278511602859 67 105 55 0.43183084955116141 10 568 26 424 2 482
4068 -1.7738176773923637 -1.2029054845987783 20.230521735180787 42 68 34 0.43918021333254548 6 713 26 430 2 904
4070 30.35355941132995 2.2307324416953667 50.88288076308941 114 107 101 0.4949399703372207 1 418 6 438 26 450 29 202
4071 -10.135130031419955 2.8033754355392975 22.883112345946838 12 13 15 0.17553036508963549 1 907 26 471
4076 -4.0477271962154884 2.051578910668975 14.146300061754623 18 18 16 2.2639196076155774 11 926 15 1005 26 495
4077 -34.178360663215827 -42.085522877191721 79.892567924939712 51 55 54 0.66497988626591964 10 2 26 528
4078 36.37110055000413 -15.437018297014948 55.992919468412211 110 112 111 1.1566494121629955 5 251 19 893 26 542 23 410 47 110 46 84 28 419 31 68 30 658
4079 -4.4980075343496289 -5.4172917353772991 19.365099240783234 12 64 9 0.2295031397200902 11 1044 15 1106 26 546
4080 0.86788569090938628 -4.4929323524837566 15.291962737409737 183 193 103 1.4459858468172215 13 85 42 95 26 551 37 94
4101 1.8020508269873006 -1.3456863246398403 30.298482184501772 10 54 0 0.555294382225335 13 600 34 402 39 190
4103 5.2628632194490441 -1.2115143466306142 18.502662735879902 6 55 1 0.3501822385748069 13 610 26 680
4106 26.327394129325221 4.5923729973893588 48.91380946628999 7 6 2 0.80698648807585616 15 1385 18 722 24 435 13 1023 17 863 21 449 22 418 26 710 34 756 40 274 32 264 11 627 31 248
4107 -3.7298207929398703 -4.9625935699320332 17.476298598016594 172 200 91 1.191164251289182 8 1335 26 757 4 1269 23 546
4108 -5.4339066360043837 -5.172333790296169 19.185137947569253 85 141 44 0.57209794678915937 18 600 42 777 20 688 24 566 11 1052 15 166 25 449
4109 2.6268478416430527 -4.9591365987099749 19.53983072559458 191 207 105 0.28555020400134457 15 247 26 764
4110 3.8813349184712367 -4.5281675107731605 18.262340332848641 74 118 49 0.21798513431587652 7 50 26 783
4114 7.1656978550540744 -2.6523769578914758 19.324356736479228 95 94 90 0.75828998245195933 16 1399 26 816
4123 -5.2807502745600834 -1.2710560483801732 25.482455664263814 25 39 23 1.5164367234121199 42 852 26 845 9 611
4132 -0.71300987712304642 -4.5521742269655157 18.128365236924278 24 84 21 1.4819869968402548 7 806 26 921 25 705
4133 -1.660851776253208 -4.662614253274497 17.241491834290482 88 132 65 0.51770068767937794 43 951 30 805
4134 1.4957963806392307 -4.5496987610849642 18.229202892478892 111 152 84 1.0860254855846752 12 1291 26 930
4135 5.416290084238617 -4.7010560061754161 18.300151342720643 0 0 0 1.5447940247985084 8 1193 42 939 4 1134
4140 26.870126741952685 -7.4538572315093319 64.99998738930671 24 26 23 0.89794766489262756 7 1290 21 327 22 307 43 1086 26 1028 24 321 41 270 18 309 42 287 27 246 25 258 34 301 44 198 44 1002 30 186 46 162 46 906 38 901 37 160 37 860 48 170 48 927 39 155 39 828 35 839 29 700 17 1271
4141 4.508390777384137 -2.5455696149486791 26.369973601736788 113 139 36 0.05673189635983561 42 1059 27 948
4144 -1.8619940909768529 -2.469012524453567 6.7723782089431444 188 197 88 1.0256845539024309 13 747 26 1070
4146 -2.461094235621454 -2.6311095785667886 12.828247037846205 166 172 74 1.2456351074770469 41 1041 26 1079 25 867 23 809
4149 -1.5667182804682687 -5.1310976715572876 16.698232899076732 20 22 19 1.4957724301532789 13 1231 18 1142 19 1090 24 1053 41 1089 23 838
4150 -1.5736955306194185 -5.1388259212356724 16.743347926307482 19 21 20 1.4514812927136806 13 1232 19 1091 24 1054 41 1090 26 1123 18 1143 23 839
4156 2.2691646864649497 -3.8736023114491358 15.71322919149047 127 143 75 1.872432126122489 21 1136 42 1270 26 1227 25 998 23 935
4158 -1.0397751644228157 -6.2726071406881996 20.169233823594382 196 194 195 2.3724428766798455 1 1171 5 1097 6 1222 26 1241 27 1146
4159 4.4119636173447878 -4.1744328621429405 18.032721421859815 48 79 3 0.55388399813677802 14 1565 12 1444 16 1507 7 1171 1 927 3 953 26 177 12 161 16 124 11 296 10 1683 11 1573 13 955 15 1880 19 796 20 1088
4160 -2.8073814682803446 -4.5670976235407865 18.201796294275649 32 85 18 0.75164245085379155 14 1196 12 1034 16 1100 15 1501 10 106 11 275 7 459 20 180 42 124 21 844 26 767 12 1035 14 1410 16 1101 10 1525 15 1715 7 460 17 1087 19 790 22 838 24 849 21 845 27 832 27 833 25 92 25 697 25 698 23 645 23 646 40 628 33 989 30 812
4161 -6.5849736592195969 -3.0512676176012428 20.255634495991572 156 158 156 2.2447998866066348 8 633 12 353 10 354 11 444 7 289 13 212 4 624 3 994 5 578 26 288 6 230 8 242 12 359 16 897 10 359 7 296 4 222 3 220 5 215 2 344 2 784
4162 -1.9952882186041616 -2.8848579461130526 19.148429006844776 19 43 2 1.4094947860387887 8 212 14 385 6 205 12 345 16 365 7 279 1 196 4 201 3 196 5 187 6 840 15 1292 11 1201 42 257 26 296 8 211 14 384 6 204 12 344 16 364 7 278 1 195 4 200 3 195 5 186 8 868 14 1288 12 1142 16 1216 15 1291 11 1200 7 915 17 771 6 839 3 858 22 314 42 256 21 598 27 241 27 242 25 252 25 253 2 287 2 288 2 1029 23 215 23 216 30 223 30 222
4163 1.899761173399612 -2.7722069114467489 18.973468984926029 107 119 29 1.0713722499264406 8 209 15 514 26 300 10 1396 13 785
4164 -34.401724058405243 -53.884434916677804 102.07967097605523 69 72 70 2.0139766322608441 12 995 14 1146 16 678 15 1031 11 20 17 47 18 50 20 35 26 526 15 11 10 1228 11 974 14 736 17 45 16 674 18 48 20 32 19 572 22 44 42 31 21 51 27 32 34 34 34 37 45 19 47 28 47 30 37 25 48 17 28 52 29 354
4165 -10.492138588662886 6.6135122771554986 44.644805847325415 56 56 54 2.0126401930340267 17 534 22 469 13 643 21 498 26 480 17 533 18 472 20 545 22 468 41 398 27 444 25 388 34 486 44 373 23 362 23 364 42 436 42 435 45 364 47 368 40 314 40 318 38 329 48 294 28 335 39 279 32 310 35 298 35 299 36 337 31 280 29 252 41 399
4167 35.143841641726006 -8.5124303692959504 67.266630077541166 61 64 63 1.3502398922586498 10 1789 11 1795 17 1268 18 1095 13 1181 42 1126 1 1164 43 1171 21 1006 26 1083 8 1182 14 1594 6 1132 12 1481 16 1547 15 1771 10 1711 11 1722 7 1217 17 1200 18 1041 20 1098 13 1105 1 1109 4 1121 3 1129 22 873 42 964 24 967 5 1038 43 980 41 987 21 882 26 1026 27 944 25 738 25 870 34 1011 44 999 23 684 23 812 33 854 45 971 45 1050 47 883 47 1069 46 795 38 809 37 858 48 925 28 691 28 835 39 749 32 756 35 752 36 829 31 682 29 622 29 699 29 752 30 923
4168 7.1374627225601897 -5.5755014341460765 19.784125580614951 68 79 66 2.2575129108832739 7 449 26 550 15 165 13 83 9 86
4169 -2.9746090277306156 -4.5763335962727725 18.220522219432738 77 128 55 0.93624755944341531 14 1408 16 1335 10 1523 42 799 26 766 14 1409 16 1336 10 1524 17 1086 18 928 20 1064 42 800 27 830 27 831 23 643 23 644 30 813
4170 6.8811685607930277 -15.157395976585862 41.259449000133614 66 64 64 1.7880709653106663 22 1053 24 1050 10 1852 13 1270 11 1868 20 1331 19 1088 26 1119 25 945 47 1168 38 1030 48 1089 31 955
4171 -17.015227686337102 7.3283080400388139 43.700256837904384 21 21 21 1.3536254233554681 26 491 10 1726 15 1912 18 1055 14 1607 13 1036 17 574 38 831 29 643
4173 7.3462604125469424 -4.3830004094259225 18.426489176908763 155 155 157 1.2541519152416589 15 2081 10 1918 11 1919 26 1213 18 1243 20 1396 13 1320 17 1400 19 1148 22 1151 24 1138 25 999 23 936 9 1007
4174 37.066097530967255 -7.2512101584678907 65.798235776241754 28 30 30 0.43058913563422829 6 397 12 458 15 557 18 315 4 356 3 344 5 329 21 330
4175 2.8535001962343181 -1.867581633692994 19.719398620975646 123 138 41 2.6255298259618178 19 289 16 446 6 260 12 405 15 612 10 489 7 337 4 255 3 249 5 245 8 1050 14 1486 12 1364 16 1420 15 1604 11 1461 7 1108 17 806 18 686 20 793 1 1086 3 1113 22 756 5 1020 25 629 2 1191 23 581
4176 1.4105053814042077 -1.3288456938000206 20.113369450738194 4 21 2 2.2800105048294927 7 963 11 1243 7 966 20 451 4 1026 22 367 24 379 26 398 1 1014 13 286 13 292
4177 1.7804250147995366 -3.8048955995755827 3.9626888189389806 130 132 127 2.7524952089945454 17 18 26 47
4178 2.1351143126281467 -4.1209643236407487 20.536344228418674 156 167 73 2.4843012158858651 4 526 6 574 15 1213 26 216
4179 -4.677722939403921 -3.1438872633355071 20.334467203371197 7 51 0 1.6490928697888076 13 186 26 265 27 227
4180 -3.7508291646004612 2.49158574172418 17.10961106335456 43 43 41 1.5287085295594587 15 967 46 285
4181 -5.6308365195515586 -1.37998434082123 21.337314820899785 6 50 0 0.019791283410523414 13 619 26 667
4191 -0.1962655164456861 -1.3452872546727064 -0.72754825402210721 0 0 0 0.19015172328337804 21 8 22 5
4200 5.2677289893753843 -3.8600685222565092 18.617970391866812 0 0 0 1.1415865730914914 1 767 26 213
4204 0.387984849539805 -1.1290461036437422 1.6139692578005684 0 0 0 0.42535961977009079 24 357 26 247
4212 2.6094600756637791 -3.7055111489823478 21.098200530871569 0 0 0 2.284593043871304 1 833 42 182
4220 -6.8444312187185981 -2.7932314567117889 21.392167963719135 0 0 0 2.3394838746191997 13 570 42 289
4226 3.3179351877895402 -1.1230330225214062 18.098068646421819 179 198 93 0.20640272048003722 26 433 40 206
4230 9.6220664432384435 2.3394634043106928 27.299387615688211 2 2 1 1.7951257095279576 10 1187 21 459 22 427 24 441 27 403 21 462 23 321
4232 25.518392848680399 4.7684263103227265 46.649314917875692 34 31 26 2.3797079795425145 11 649 21 463 24 444 27 410 37 236 37 239 42 392 48 262 28 312 36 287 29 462 30 379
4234 -6.7444026427240296 1.7375533272220887 15.26271929062243 20 20 18 0.52735794047124163 10 1194 27 445
4238 -3.8073595297893705 2.0441494814454337 15.238553204018668 18 18 18 2.4475533801938978 10 721 27 460
4244 -5.3419624554914078 -4.166324514267953 17.948024278929847 159 162 92 1.047674283720943 5 394 27 527 1 447
4245 42.0096415374801 -11.40962002189586 69.250391518804577 92 94 93 0.98114103222068672 12 896 18 955 26 1024 27 533 25 172 44 143 23 679 37 124 48 130
4259 2.7178043856735283 -1.3029105199688391 15.850237457235439 0 0 0 0.29990112582433998 26 840 42 675
4263 32.016345606439806 3.7199531033528426 50.89819440410534 11 10 8 1.470407733004486 17 1000 21 653 22 659 24 677 41 670 42 709 43 711 27 644 25 553 44 631 34 1032 23 513 40 548 33 645 18 426 44 308 23 300 45 288 45 884 44 919 47 653 46 570 37 222 38 596 48 595 48 243 39 535 35 544 36 598 31 481 31 233 30 616
4267 -4.3277301622724185 -3.8822816609376534 18.359110488574199 11 58 13 1.2101386994659089 5 982 27 705 42 814
4302 47.755742031937139 -78.879352142603793 131.152581261374 113 150 145 0.85765781670586594 27 16 17 620 18 735 20 583 19 376 22 19 21 24 34 590 14 717 44 6 45 1 47 1 46 1 38 465 37 2 28 29 39 3 32 427 29 22 41 7
4303 -3.1635692073056298 -3.6356384269168474 18.540509258074923 41 62 8 0.74820294742150484 16 1362 10 1339 20 714 13 769 19 163 4 951 27 166 12 248 16 814 11 339 7 178 2 627
4306 4.0080488480741918 -1.264350690214042 20.039216221912515 2 9 2 2.0952945546761557 17 828 21 642 7 970 10 1156 12 1207 15 1351 18 391 20 456 13 287 26 415 20 455 23 283 23 284
4307 5.0642165855867294 -1.6633926551634013 19.901318319779623 135 145 61 1.1368820101289834 18 366 19 294 21 373 8 1054 14 1323 6 1026 12 1372 16 1427 15 1610 14 1493 11 1465 7 1114 17 809 18 688 1 1001 4 1009 3 1021 22 631 24 652 5 929 21 628 25 521 2 1197 23 488 9 694 15 1321 26 357
4309 -3.9254538842781663 -2.3300286700464725 19.678767484866409 153 162 69 1.5872978957580568 11 1226 27 296 9 582
4310 1.9017274247911278 -1.3465164015537563 14.577247155331628 125 160 56 2.1536573770075442 21 379 42 316 23 272
4314 3.7883730300052125 -3.1638536015303713 26.67204320867145 148 160 68 1.090071240124034 42 835 27 588
4315 -5.2444850149057478 -5.8078307291082361 21.424810022372551 0 0 0 2.148997536844957 20 911 42 592
4324 -25.276216573250551 -112.51025666349624 173.05687159570905 61 54 30 1.4033829431991414 7 775 12 571 13 380 17 0 18 2 20 0 21 9 22 4 24 5 26 7 27 6 25 4 16 650 12 983 16 1052 23 9 30 0 28 4 29 2
4326 -4.5076134651813087 -5.0769329743366169 18.211590827283775 0 0 0 2.3465249334744533 27 80 42 100
4331 6.504023637294476 -5.9680011807878781 25.931875084139755 0 0 0 0.35977891495346392 27 108 42 129
4332 6.7325263476861252 -5.9830593719952585 25.984438956681167 0 0 0 0.3959002634753872 27 109 42 130
4333 6.0085867121989427 -6.0656366357109652 26.82987885115076 110 115 39 1.2609463226591089 27 111 42 134 36 98
4335 7.5476764241269443 -5.9708275740076555 26.238753227262993 0 0 0 0.58631076941418248 27 113 42 138
4337 7.6469720524282092 -5.9435868879088565 27.060391736793161 0 0 0 0.60597492714496148 27 126 42 144
4338 7.6469720524282092 -5.9435868879088565 27.060391736793161 0 0 0 0.60597492714496148 27 127 42 145
4346 7.429217840737774 -5.6640935554350964 26.592374988771468 0 0 0 0.36759524084941331 27 136 42 152
4348 4.996767521962127 -3.8220492188124915 18.261331416352029 0 0 0 0.17370354721114847 5 716 22 211
4349 -4.0208549419721971 -2.7043339904553885 11.941377419475531 0 0 0 1.5043071056676511 7 1372 26 219
4353 7.528533650820517 -5.5066863028612589 28.646897364861594 0 0 0 1.3153680920618189 27 154 42 169
4354 7.528533650820517 -5.5066863028612589 28.646897364861594 0 0 0 1.3153680920618189 27 155 42 170
4355 -6.6342715846056581 -3.3918283491703409 20.278385553862524 160 165 170 2.0678797683633099 16 310 19 922 9 807
4361 2.9317355492282453 -3.349493465901439 22.388086628353385 149 166 68 0.78740954079996239 16 917 20 353 25 232
4372 2.7208519400192852 -1.8351830711148132 19.732973864901172 138 159 56 1.3201678402370467 4 655 7 700 8 673 16 969 25 293
4373 2.7351080730944317 -2.4714113171027785 24.949670480589056 0 0 0 0.050675736589736967 27 303 42 308
4376 -5.1358025915368586 -1.1209164879054552 17.131967267429541 0 0 0 1.3693716907896789 27 756 42 851
4377 5.6473545180592755 -2.0156809963344888 27.837596079617008 0 0 0 0.10631130369621364 27 324 42 331
4378 7.4922610606409812 -2.1445100478577865 29.773184384880715 0 0 0 0.44714836449647044 27 320 42 324
4379 5.3698687748274363 -0.97478773746862812 20.11546162719209 15 16 9 1.7549400753397666 5 1195 21 400 25 322 3 1287 4 1275 8 1341
4381 -12.581870365162942 3.8465158246349205 49.538480768906531 50 50 48 0.51682434016848233 11 625 25 338 35 262
4384 -18.995084562051339 6.8012473066875909 44.679316010295253 40 40 38 0.71257599668141181 12 548 25 401
4386 -6.2360300125366788 -4.9338912680328244 13.238178269905791 2 3 0 1.0855455551070938 11 1031 25 437
4389 6.0071703721886607 -5.8376680758677697 25.515542634711704 0 0 0 0.29392119210588374 27 523 42 601
4390 1.883186697875487 -7.245100083464604 33.801169650889477 140 158 59 1.659726118170384 42 602 30 495
4396 3.3525991542781353 -2.5337896689342596 14.797096418056134 149 156 66 1.4695147423371475 17 759 42 197 25 489 23 451
4402 7.0774734666652055 -2.6770305331034994 28.621537346016968 0 0 0 0.54258671967520455 27 613 42 667
4406 0.78432826071681372 -1.2852798805617009 16.169260354329182 0 0 0 0.048202273890101233 18 383 42 332
4407 6.6346554632285857 -2.2174595627253741 28.29780077204892 0 0 0 0.62623194823047568 27 316 42 319
4408 4.3573630755306034 -1.9215223312676109 26.579283347887895 0 0 0 0.058272363005032385 27 327 42 333
4418 3.9476468245958229 -2.6859234383695014 26.828585524121184 210 220 112 1.130588540964397 27 736 42 842 48 932
4427 4.9282009032928702 -6.2330435586653472 24.973461711930305 0 0 0 0.20902424722067212 27 817 42 791
4434 -5.0851381735881063 -4.5796388605756633 17.476030308950001 0 0 0 1.5696797204867738 27 983 42 1035
4435 -1.1526069496196099 -5.073704784618954 18.936745025495604 127 163 96 1.1019308161665922 8 11 43 1071 30 905
4437 4.1091901976981262 -5.3621336379118985 23.98343971779132 0 0 0 0.024226605676550023 27 842 42 951
4438 4.109190197698128 -5.3621336379119002 23.983439717791331 0 0 0 0.024226605676550023 27 843 42 952
4445 4.4042029663515949 -3.3803660472107606 25.501018868091613 0 0 0 0.1921776458283565 27 945 42 1128
4446 5.9916512909108253 -1.9044269224843604 28.435579292076763 0 0 0 0.46473200277577209 27 1046 42 1183
4451 -31.818776144684126 -35.739668670895981 78.734802866404294 76 79 79 0.72648306654982164 14 1757 27 1065 10 1880 34 1276 40 999 47 1163 46 1072 38 1058 37 1018 28 919 9 946 32 991 36 1052 29 821
4454 6.3255974843236036 -5.8934984304559306 25.843792655538216 0 0 0 0.45082450891325826 27 1126 42 1271
4456 2.7456843493634859 -1.8663593607113527 19.763839067459063 88 98 32 2.4323020417423291 8 672 7 699 4 654 25 292 3 248 10 485 5 244
4457 -2.3583330352015963 -2.9738635777179172 19.099147238662283 145 147 60 2.3802183231739145 6 837 12 1133 11 1196 7 913 18 332 1 822 4 834 3 857 22 302 5 782 25 244 8 1147 14 1586 6 1101 12 1463 16 1528 15 1766 10 1572 17 1108 13 782 19 248 1 1072 4 1090 3 1104 22 744 22 879 5 1004 27 723 2 1025 2 1264 43 818 14 947 15 1286 9 745 30 704
4458 6.9374557471241118 -4.9657187736185486 19.295692821001403 134 191 75 2.1397721288229032 24 570 21 564 25 453 11 1058 15 1146 18 605 20 695 19 67 22 554 21 566 26 155 23 419 23 420
4459 -5.3562216757385164 -4.4893446956714724 18.218078197203717 166 189 166 2.1250310961662371 17 717 18 608 20 698 22 556 21 714 26 765 25 695 14 811 12 665 16 1108 15 1505 10 1294 11 1394 7 474 17 215 18 214 8 450 6 17 13 749 3 14 2 1238 5 391 23 640 42 811
4460 2.9559406624446827 -4.3863825577538096 17.934657575337837 107 122 100 1.1850228843630648 4 6 5 5 25 98 14 822 12 129 11 1082 24 166 2 22
4461 -1.5947260062448931 -5.2957168141105688 17.876542208452005 9 11 6 1.8488918216444625 13 906 18 909 20 1049 42 93 19 981 22 937 13 1163 21 829 26 544 25 684 42 927 22 115 20 148 23 631 41 861
4463 3.9033040413384423 -2.7876190420478388 19.05533159409482 151 165 72 0.44980535544619976 4 596 7 632 25 269 2 743
4464 -2.0481100779186479 -4.2965688726603526 17.944224732475622 153 156 103 2.1959877571858915 12 134 25 459
4468 7.5878675217662721 -1.8939572245158891 20.200064339605479 30 29 25 2.6825096744281431 16 1669 18 827 25 758
4469 -4.7633820064954824 -28.14274192424708 52.611779762725902 27 18 11 2.0223536647646951 7 1154 20 1270 22 1087 25 896 44 1175 29 777
4474 -3.4579697801707159 -1.4251203064767357 20.048610153731079 69 95 26 1.5418876541712994 8 703 14 1045 6 892 12 918 16 1000 15 640 10 522 11 551 17 423 20 443 13 597 1 867 4 879 21 381 26 370 11 1242 13 312 19 316 26 387 27 342 2 1078
4475 -3.7140697632351682 -2.954720878469014 19.075113785037349 128 127 42 0.98463339702184072 6 985 8 1007 16 1386 15 1560 16 1207 10 1379 11 449 7 272 7 1071 20 747 4 974 3 183 3 979 22 593 5 893 27 569 8 1006 15 1559 11 448 7 1070 20 746 13 546 3 182 22 592 26 605 2 1154 2 1155 23 449 23 450
4476 2.0334620317456418 -2.3470676350829511 19.555877382555032 143 148 58 1.1195433587940296 14 1592 16 1539 15 1783 22 752 14 1591 16 1538 15 1782 10 1588 20 957 13 797 19 670 8 892 14 1315 6 864 12 1168 15 1601 1 845 4 854 22 751 5 800 5 907 26 819 25 286 2 1050
4478 -1.0624888062224513 -1.3551109439492834 20.421545058075342 10 30 10 1.8543830509628758 17 432 18 389 42 343 4 279 13 311 1 305 6 299 18 703 26 401 26 402 27 341 13 302 2 499 28 705
4479 -5.8517946591362655 -5.8331780531782762 20.124474450778582 16 14 10 0.24324677095992439 14 1633 7 27
4480 1.5149203678364132 -5.1694110369266868 18.957691359068292 18 22 8 2.4672065382708976 11 1376 17 697 18 595 20 686 22 551 24 564 21 559 26 554 25 447 19 58 42 104 18 189 26 133 11 1051 15 1121 23 55 23 416 9 456 9 647
4481 26.57858919229016 -47.411834137381007 78.436037005698765 110 136 132 1.6792967643915595 19 6 2 0
4482 0.41632698444613936 -4.5166294821720676 18.113628233357371 48 83 39 0.29059347692709897 5 8 2 19
4483 -1.337878499024153 -4.5117671421222996 18.159107650324131 44 102 26 1.15625993565475 26 927 2 31 13 951
4486 0.037015009989021047 -4.2208218305642458 18.107919197079781 90 103 15 0.16983423238494105 15 325 2 49
4487 -1.5114851613299785 -4.2027899300650136 18.250195579105593 172 180 82 0.79036043204384221 1 930 2 64 12 695
4488 -6.0851192631850424 -4.2105926107499165 18.666093795421681 0 0 0 0.91115057285195267 15 332 21 183 25 117 26 175
4489 -6.4072191236207479 -4.5427703108615534 18.90768058250757 188 192 204 0.23818701268847875 1 45 3 32 4 36 5 51 2 71 6 39
4490 0.24070894346325411 -4.0412618701790555 18.231238503589637 103 112 26 1.8767513783046681 15 356 16 154 2 75 23 105
4491 -6.8581197748318568 -4.4579738650894782 19.079453355458263 0 0 0 0.025005155452211471 7 112 16 130
4492 -6.5892843017071039 -4.157334706604372 18.334491262677865 0 0 0 1.317148353305128 10 182 11 308 15 330 16 132
4493 -5.7963723054549963 -3.9884327580320003 18.057607342047369 0 0 0 0.55017878752221971 12 189 15 351
4494 1.4186802241128218 -3.9165501847933459 18.280903282857953 79 106 13 0.26129943065291233 10 961 16 188 2 92
4496 -6.5270005867657241 -4.0322458707017876 18.279415915113919 0 0 0 0.40928481263818839 15 345 16 149
4497 -5.9290579474176353 -3.9345953707001504 18.386146559847909 182 185 200 1.1705428564718077 5 75 6 66 16 185 3 56 4 64 8 61 2 99
4498 0.94706466358667774 -3.8699494845493438 18.3231367121654 88 109 16 1.454472992695554 4 62 10 238 2 101
4500 -2.412092417113362 -3.198595179224982 13.787321194452719 0 0 0 2.6488253604974732 26 201 41 111 13 126
4501 0.76227908932995614 -3.7834336583591197 18.374972837161355 91 114 19 0.024567516585138074 16 206 2 113
4502 -6.4111102096972941 -4.2621374701697814 19.148908068970169 179 185 199 0.15484934684110377 1 77 5 84 2 116
4503 7.6819712245386444 -3.5279220675493046 18.233123895169353 112 118 114 2.100007437702947 17 280 2 123
4504 2.3477408420243684 -3.4282014949632664 18.394740367095881 83 113 10 0.52263430957512014 10 996 16 245 2 158
4505 -6.7572149903188361 -3.9126389321887429 19.34670282492598 180 186 198 0.084942886217214214 8 125 2 176
4506 10.982342630898257 -3.205722690235751 18.672049122905825 96 95 93 0.045033251946257929 7 213 2 191
4507 9.4353551349310614 -2.956105595869186 18.409423192581741 68 72 71 2.5504631429174913 7 219 2 200 43 202 7 224 23 208 24 306
4508 3.9265555516421147 -3.1343600821892896 18.816663305955249 102 117 26 0.23536467034500183 16 301 2 214
4510 9.8291228284065859 -2.8865019899401814 18.870551270250086 117 122 120 1.9134546227227944 11 426 2 230
4511 -3.8681602871741725 -3.099782084998524 18.961328050856931 125 140 81 0.00076674936772166611 12 313 2 237
4513 -6.6213803666503059 -3.3595733958338934 19.920051751436887 153 161 172 0.15653795677349344 8 205 2 272 6 200 1 185
4514 4.4144307231621447 -2.6730406133302118 18.778286200995282 91 110 15 1.150039265659853 7 281 14 390 2 276
4515 4.4255446855280294 -2.6695563531559636 18.77903144638708 91 110 15 1.0528549186758345 14 391 2 277
4516 48.249657582080843 -26.504481697827345 72.64077325333794 95 97 92 1.6511522190253052 19 890 2 278
4518 10.88257344510826 -2.2698302113576867 19.162405036135496 94 93 92 1.5411979296370906 7 309 12 392 2 348
4519 10.838949505941249 -2.215004169163421 19.058538408562704 90 86 85 0.51902439323720229 8 246 2 351
4523 7.0078107344433942 -2.068623022998799 19.564882080450921 122 132 104 0.13592991451583583 16 434 20 421 2 407
4524 10.53174194264127 -1.6706881961744693 18.927514214797014 81 80 78 2.0633664850323501 8 270 12 408 2 410 4 247 3 237
4525 4.4274021436625279 -1.8950899171420272 19.730664203885414 79 117 16 0.26595923646237934 10 487 2 420
4526 10.908418266446999 -1.72485085586781 19.609264822865132 91 88 88 0.026412170513326692 7 342 2 422
4527 4.2935712760430347 -1.9213842870797495 19.922837194251734 97 126 30 1.4402231850156215 21 366 2 424
4528 5.7430102765860909 -1.8439499177176359 19.747566321826447 10 39 0 1.6893747876069156 7 340 13 263 2 426
4530 11.082158323470903 -1.6173040468895745 19.83105812934334 78 77 75 0.66779726207788492 12 419 2 442
4531 4.6566765185080019 -1.7218101841002122 20.007620768158755 100 138 52 0.15425090589177756 5 613 8 684 2 443
4532 -4.4651391435158523 -1.750313660510521 20.858423175045246 0 0 0 1.5689894802453113 10 506 11 533
4533 10.514220035312057 -1.2095883141325297 19.269769888777148 78 77 75 0.19670681580563293 5 258 2 455
4535 3.0731964602607054 -1.9095981831656776 21.695946675698512 92 128 46 0.22742694208906519 27 996 2 470
4536 1.9300779676720143 -1.4495528095101606 20.220036251438572 86 121 34 0.18562434544820489 3 270 2 474
4537 3.3204339864976529 -1.366653440858463 20.053331238919881 93 135 43 0.11200407679088172 15 653 2 477
4538 3.3435671002189444 -1.2386380117943658 20.23595756548653 87 114 58 0.19512051068135156 1 302 4 282 6 295 8 319 2 486
4539 11.083436733541856 -1.099449306890407 20.233623425905112 74 70 69 0.19823643216264705 8 330 2 487
4540 -1.6319542287622064 -1.2989548151128532 20.242931775192833 99 119 69 0.21521326206668931 8 315 2 495
4542 5.7984840603816421 -1.1571263288235116 20.220298005386969 80 112 59 0.10391075594635736 3 289 2 501
4543 5.8690250620591931 -1.1392239511929276 20.179215461881572 82 107 50 0.32310048654928392 4 295 2 502
4544 3.4034190036714747 -1.2107839017867643 20.34880319048645 19 45 8 0.26579538201785008 4 693 5 641 8 718 2 511 1 673 3 705 6 709
4545 3.3956005497340769 -1.1945829115567002 20.295054896787654 19 45 8 0.30445190701027725 5 642 2 512
4546 -4.3027204319586811 -1.3119770258963392 20.293434753675779 84 111 53 0.17817544684096698 16 491 2 513
4547 -4.3027204319586811 -1.3119770258963392 20.293434753675779 84 111 53 0.17817544684096698 16 492 2 514
4548 -4.8946380494205197 -1.3160025703222722 20.284170980493606 93 113 59 0.12213395731240742 4 291 2 519
4549 10.288494071514609 -0.6879491129527987 19.287715739080177 73 69 68 0.039925470791784261 8 334 2 524
4550 -0.96153021260195759 -0.80011631977430542 19.791311665627365 24 24 24 0.79387093458655789 7 386 2 530
4551 -1.6504684623845762 -4.605769105734133 18.044373974304822 71 76 70 1.3006460214325211 1 1174 2 549
4555 1.0936689777992394 -6.8954780796022996 30.171447256520757 129 142 54 2.1596849819940309 42 139 30 93 29 540
4556 0.79553368435671468 -3.8466746699548713 18.302281182538959 88 111 19 0.5503220536470802 16 193 19 129 2 596
4557 -6.2706853399442366 -4.0414793273646143 18.576062786920097 181 184 197 0.9223336742588768 3 468 12 210 15 359 6 68 1 65 2 597
4559 -4.2349364476297016 -3.4012135142723392 18.57475932021072 125 137 66 1.7457296496389763 12 266 27 179 2 640
4565 4.078732192149837 -2.8682882068595696 18.894814812149484 115 122 34 0.060191834477379767 16 360 2 719
4566 3.4836175765991348 -2.8212465693963402 19.007676187186114 136 145 56 0.2705770722626476 4 582 2 737
4569 4.4344280001160081 -2.6849743965693516 19.071010148761211 137 147 58 0.21360300896337603 6 639 15 531 2 765
4573 4.5289557182660101 -2.1440584448268969 19.724703821608852 142 151 60 1.8639689315472947 7 687 8 659 2 808 3 238 4 246
4574 3.9697046299068863 -1.238539077440189 17.808073857743071 0 0 0 2.0382987053709489 5 598 41 303 5 807 6 872
4575 6.0188889442607678 -1.9181517274103304 19.823285419275209 87 121 33 1.2405461651818046 26 349 2 825
4576 -6.336076967815834 -2.210598068660985 20.720691376164872 184 185 190 0.11948556366724958 1 650 3 669 4 658 6 269 2 830
4577 2.7035102996353513 -1.3771586802013323 19.990157532028888 90 129 46 0.33401818188055932 15 650 2 853
4578 2.2250851376616421 -1.2389350391941474 20.124968617213305 88 113 60 0.33593208791132168 6 292 8 311 13 314 2 864
4579 3.8932218145096562 -1.2170100769388907 20.230334608080351 113 134 68 0.65741065573139579 1 312 3 283 8 711 2 871
4580 3.8932218145096527 -1.2170100769388861 20.230334608080337 113 134 68 0.65741065573139934 1 313 8 712 2 872 3 284
4581 -1.1865164373640633 -1.2981653563218454 20.266967997330976 99 115 66 1.1366281775656761 13 338 26 400 2 880 9 392
4582 4.8181299388103254 -1.1758965120736962 16.130508780815937 0 0 0 1.9037306985565696 13 327 42 336
4583 4.0178355752272639 -1.1302261986329085 20.228715997313426 20 56 17 0.21062527673625897 12 947 2 895
4589 1.3727126806162477 -5.1474708183385296 22.167582086987419 0 0 0 0.53196298541292975 27 115 42 137
4590 7.1125626452090067 -6.1076219206475333 26.614218399259922 0 0 0 0.51454186855937434 27 110 42 131
4592 4.3057762863920406 -3.9275153062375292 18.288182644584911 133 140 54 1.9171674164712251 17 250 2 952 19 110 20 226 9 518
4594 0.60793786209789158 -4.6420478728073391 21.39312967295152 0 0 0 0.51968357782079122 27 141 42 156
4596 -6.4012703739464767 -4.3810128084459832 19.20329011972942 0 0 0 0.046064313367088772 7 513 12 714
4597 1.9255069670339646 -4.8863425220354593 22.774584595156497 0 0 0 0.4500939351998014 27 139 42 157
4598 1.4854944899762417 -4.6441738397235124 21.84813159592764 0 0 0 0.28060910463398175 27 148 42 160
4599 0.85804772785079619 -4.4802756340009706 21.662257228647107 0 0 0 0.42345333392705575 27 152 42 162
4606 -2.0821995898838899 -3.0213716851065495 16.497808648910901 0 0 0 0.82648586944323288 41 182 43 169 30 524
4610 2.2192255794443771 -2.5551542234093203 15.238571858492902 0 0 0 0.50515823045599684 18 329 42 220 18 653
4611 3.4129665946433283 -3.0410601124450665 19.22858154894211 0 0 0 0.6195356010111932 5 772 2 1014
4616 -5.1877006336323124 -2.5728661891329945 17.097857467260528 0 0 0 1.5290847009986905 27 261 42 266
4618 4.6680416910299503 -2.3708943504478439 19.204473491209683 140 145 55 0.95811765597148002 3 877 13 243 2 1045
4620 2.481368771963651 -1.890547317009883 19.694426046458773 141 150 58 1.7086404973151927 18 361 19 290 20 425 21 368 2 1057 24 356
4621 2.495531044647195 -1.9244711048724117 19.790144925843695 141 150 58 1.4202638787030986 18 362 2 1058
4624 -3.4139098784149993 -1.3504572004716331 20.084370010360953 10 47 7 0.68371774264181284 7 968 2 1083 12 1197 42 351
4626 -2.2503012566958707 -1.2984165152767286 16.467653982651392 0 0 0 2.5431911155857518 13 340 41 298
4628 -3.8270901502375958 -3.4137527636923926 18.602129269566056 132 136 50 0.14276038099560084 1 943 2 1127
4631 -2.3517189003484398 -2.8187368359254426 15.12602207620998 0 0 0 2.6806301575884715 41 594 43 619
4632 -1.7808316591017093 -3.1125427902894804 17.860100519582218 0 0 0 1.2571931133613288 41 612 43 618
4634 -2.1808570216785035 -2.5393252776922242 15.087755186949696 0 0 0 1.5101073716124571 41 215 43 635 30 549
4637 -2.0639997092167079 -2.3868687483587072 15.4165595806097 0 0 0 1.3052957403172563 41 231 43 261 30 261
4638 -2.0611325428307827 -2.3856673722347015 15.405493361610743 0 0 0 1.8686951918210233 41 232 43 262
4639 -1.9687753769111502 -2.4435304684220176 15.874869626837915 0 0 0 1.2449535987360107 41 236 43 254
4640 5.8540889000014289 -3.8401464642721481 27.585477641439528 122 126 32 1.0217791006929506 27 566 42 634 33 1183 35 903
4642 2.1889696416472133 -2.7062553743004854 19.650262561642652 159 155 65 1.8339339683431166 1 976 42 267 36 983
4644 -1.9531907547796739 -2.1304362421398837 15.683918963350328 0 0 0 1.1991305529708418 41 627 43 658 30 580
4645 -1.9531907547796739 -2.1304362421398837 15.683918963350328 0 0 0 1.1991305529708418 41 628 43 659 30 581
4650 9.3759330010559108 -1.2592042143560493 19.663487149176078 46 48 45 1.4712074300798239 16 506 2 1205
4651 -2.4591512192614644 -1.2473959061532138 12.846631841663791 0 0 0 2.8812940081073228 27 627 41 287
4655 2.8086715559693292 -0.99066432976870977 19.645858513948234 21 22 17 0.34798113392781355 1 318 3 287 8 325 2 1223
4661 -2.2347432669745313 -2.872812019844682 15.414846508203196 0 0 0 1.5644517120430426 41 595 43 617 30 189
4663 -1.97134702352684 -2.8966906557088286 16.103061041731472 0 0 0 0.69626439528298434 41 769 43 621
4673 46.598601907496537 -17.581999021236602 74.282888559603791 85 93 90 0.89610467525941206 19 759 2 1291 17 933 18 777 20 908 22 122 24 128 42 114 44 114 40 83 38 109 32 492 35 61
4676 3.1541118702468771 -1.3333622460531329 20.796462795774641 97 98 90 0.18176514858897372 1 1098 5 1029 8 1173 2 1297
4677 -1.5116985274444763 -1.1292150848361406 20.779295024260772 94 89 70 0.49643116686275962 5 1030 6 1180 2 1298
4682 7.839749828759242 -3.8239006741574695 28.345422912537227 0 0 0 1.3569614089161686 27 858 42 1053
4684 8.3639425346868279 -2.1604255936617784 30.935617634118397 0 0 0 0.79555674225916972 27 873 42 981
4686 -5.8434782728937771 -1.1828802665796903 20.637295874833946 18 20 21 1.9572222237454504 17 1211 2 1344 13 1011 23 588 9 813
4687 7.2587777728147396 -2.9567075830998051 19.284534364120411 136 132 129 1.2974136141746011 3 1206 4 1157 5 1115 8 1151 2 1381
4693 -3.5183420385053683 -5.1425032477076442 18.708462810241279 43 49 45 0.92573350669693499 5 2 2 1427
4694 -7.3486760104969111 -3.7941607684964005 19.783741647253443 16 18 15 0.039722083763195623 6 1283 2 1432
4696 5.920859171374433 -2.3566107972807027 27.916494670751192 0 0 0 0.52564699736418108 27 1044 42 1182
4697 -3.3046379884609074 -4.625878020162526 17.824733229250675 43 52 47 0.38610208094042708 13 926 2 1449
4700 4.43245146230913 -5.7163165723751952 19.553985357002453 183 181 184 1.9484130344274548 5 1190 2 1462 1 1263 3 1268 4 1255 6 1274
4702 -5.5425249122149962 -3.3403926185141799 19.026881069924787 44 94 9 0.52356069134145178 1 1294 5 1202 6 1314 2 1479
4703 0.61544115415382616 -4.2336986051755527 18.006291996842005 87 96 36 0.39313424320708318 10 1300 13 487 19 82 2 43 12 149 15 324
4704 3.8162660155646861 -4.4631969768689244 18.102741791944844 93 134 73 1.5603248271765446 15 1870 10 1535 11 1699 17 1077 18 934 20 1077 13 934 22 851 24 862 21 863 26 784 25 717 2 9 14 150 15 295 11 283 7 49
4705 4.540942007635981 -4.1602090223457449 17.997108207144596 56 84 11 0.36169379980995509 15 1735 10 1684 19 622 2 45 14 849 12 164 16 128 15 1172 20 194 21 187
4706 -6.562430785032749 -3.6181446053532915 19.817710784657987 119 122 124 2.3518414390142151 16 257 15 404 10 289 7 222 1 163 26 226 2 703 6 586 15 399 1 154 7 216 4 545
4707 -6.8498889331427861 -4.2101830658507549 19.114361372857914 196 199 213 3.3564153094166413 6 514 8 496 17 247 12 721 1 486 4 470 3 482 5 445 21 186 2 607 8 508 14 870 6 529 12 732 10 215 7 529 1 499 4 478 3 498 5 456
4708 -6.801356992245319 -4.4172814787690537 18.985908270197623 117 120 129 0.39907765383369947 6 61 12 178 4 58 3 49 2 93 5 69 8 54
4709 -6.6543306218541272 -4.1353837744468969 19.207188971496706 141 146 157 0.21180233962359649 6 104 14 229 7 152 4 92 1 88 12 229 3 82 5 96 2 137 8 94
4710 6.6846767699432492 -2.0133336173812624 18.907267979921276 38 61 10 1.3956390752162056 10 1430 1 626 2 1048 5 227
4711 -6.6819328329877568 -3.6037002278237935 19.291933197355984 192 196 206 0.88483148659277011 6 143 7 211 8 144 1 130 4 138 3 128 5 138 2 201 14 285 12 268
4712 -1.8258741273827161 -3.2166212701799854 18.784523592049432 21 44 7 1.3375778201707529 8 147 14 315 6 151 12 281 7 217 1 136 4 144 3 132 5 142 2 207 8 984 14 1445 12 1317 15 1547 10 1359 14 1248 13 157 5 869 26 593
4713 5.8322649558765827 -1.1393476492332724 20.175256090538983 54 69 38 2.4435369776566445 16 533 4 296 2 503 3 288 2 500
4714 -1.6921015892815805 -4.5289737926809552 18.177136768826443 46 101 25 0.75456824822494195 12 119 15 264 10 121 2 561 14 1551 12 1284 16 1497 15 1860 10 1668 11 1691 13 1086 42 944 26 923 9 785
4715 -2.1611935423575113 -3.2270335700748949 18.828567821225597 79 93 36 2.2623663196327164 8 533 14 307 6 553 12 279 16 264 10 310 11 371 7 549 1 134 4 142 3 531 5 479 2 652 8 537 14 927 6 559 12 773 15 439 10 314 7 557 1 526 4 524 3 539 5 481 26 241
4717 2.4778985629729453 -3.4917197836240033 18.500611203826693 99 115 21 2.296859100067461 16 233 7 186 2 630 6 539 10 993 12 746 13 138 19 177 4 496 3 509 23 151 9 260 25 914
4718 -3.8825408335225458 -3.2865042799214277 18.978359540126782 51 72 21 0.78881445180814491 8 541 14 319 6 569 12 283 7 565 1 536 4 517 3 549 5 484 2 674 15 1242 42 616 26 591
4719 -6.2074309511833015 -2.1791723551257096 20.309568365820294 171 175 181 0.69105005220773963 8 674 6 680 1 642 4 653 3 664 5 605 2 827 7 336
4720 -3.9547296466040418 -1.280856298980815 20.432507158358852 23 59 15 2.1649600714832964 16 508 7 381 4 699 5 649 2 910 13 346 42 359
4721 -0.3237662515785632 -2.0306380510718931 19.655752867371419 123 124 39 0.26581853310106157 16 961 3 659 2 819 14 1005 16 960 3 658
4722 -5.4079286567508706 -1.2609570433189814 20.375042117453393 6 39 1 1.9759708285514876 8 729 7 744 4 701 5 827 14 1055 7 745 2 913 14 1056 15 664 11 564
4723 2.6745229446060357 -2.9025431831977948 18.890536281341131 137 147 58 2.3713201381632931 2 1011 7 900 12 1134 10 1089 15 1293 18 652 17 359 22 301 25 243
4724 11.080259754115559 -2.9843344198406161 18.932874441076788 98 94 93 2.7355206583176779 7 591 14 372 12 337 16 341 2 218
4725 6.0975792363968688 -1.0769719697515971 20.107456203660288 40 68 32 2.1157890757809827 12 1221 16 1269 11 1254 7 987 17 442 18 399 22 382 24 390 26 689 2 1092 16 538 7 734 1 321 5 633 13 328 15 688
4726 -2.660553227832279 -1.220565580613195 20.282772519552378 17 49 15 1.0670302892110928 14 1062 12 941 15 675 10 1158 7 736 1 880 4 899 22 371 26 428 2 1096 13 350 15 674 1 879 4 898 22 370 26 427 27 358
4727 -4.4796875646160448 -3.0771732436058383 19.017443884172703 9 41 2 0.55701019796073847 14 1583 15 1763 10 1565 13 780 1 1136 4 1156 5 1067 21 735 2 1329 8 1144 12 1460 16 1525 11 1595 7 1192 17 966 18 816 20 944 3 1101 22 742 24 753 25 617 23 572
4728 -1.3169252719241111 -1.2359976068796006 20.293460554312741 15 26 7 3.1870263854129717 14 472 2 903 12 939 11 563
4729 40.30883507576101 -72.776379013359659 122.43765065831883 98 107 104 1.9673616566528678 2 1411 7 1298 12 1550 16 1633 17 1364 14 1672 13 1258 27 1081
4730 3.4548572499169188 -4.4585745831900256 18.108270397657336 67 108 50 0.99747421734182729 14 147 12 130 15 291 10 150 11 287 7 819 5 13 2 24 14 1558 12 1300 16 1350 15 1869 10 1674 11 1697 7 820 5 14 26 934
4731 1.6092308925210224 -1.4161131177042183 20.109895169636832 51 82 17 0.51566810807497387 6 695 8 303 16 1003 15 1333 10 531 11 549 7 720 13 279 1 665 3 687 26 376 2 855 23 275
4732 -6.3218538622940024 -2.0878766935046387 20.915140287825352 135 136 140 0.68688807233077853 1 282 3 258 4 263 6 275 8 292 5 259 2 451 12 404 15 601 7 348 4 264
4733 -6.3183155440343377 -2.3945503214876247 20.684780350787236 79 80 85 0.10967535574579339 6 256 8 275 1 268 3 247 5 246 2 423 12 401
4734 4.6939238853081138 -1.1134381839404142 20.214245636220816 14 39 5 2.1613969111002014 11 572 6 715 8 726 12 447 16 536 7 742 1 678 4 697 3 715 5 646 14 1070 2 897 2 898 4 901 7 741 10 577
4735 5.231759747242605 -1.5204419565082841 19.685097472707611 53 82 33 1.5370426597662792 6 1029 8 1057 12 1377 16 1431 19 526 3 1024 5 931 2 838 16 995 14 457 12 914
4736 -4.0971891331279791 -4.5458404192697834 18.201718577943353 34 89 21 0.60568343956813442 5 17 27 522 14 1406 12 1281 16 1339 15 1718 10 1521 11 1566 7 814 42 805 24 573 21 842 26 912 14 1407 12 1282 16 1340 15 1719 10 1522 11 1567 20 1062 13 743 42 806 21 843 27 839 25 702 2 564 23 642 9 789
4737 -6.2962521020483129 -4.8654289386132934 18.888351648673282 209 213 214 0.25761083832982457 8 451 2 41
4738 4.4506649624052796 -2.6572226368571394 18.692013443969294 92 109 15 0.71259123473075014 16 377 2 264
4739 -6.3251893012037765 -1.9140250218596431 20.932862009133366 173 174 176 0.10427374390280758 1 292 5 272 6 283 2 460
4741 -47.534622339661034 -34.303350344033881 73.204215142742584 29 30 32 1.2583844177983277 11 999 17 659 34 60 43 47 44 59 40 37 19 408 47 47 39 46 35 23
4745 39.260780881895208 -5.8405900777312523 56.88687911601032 54 46 37 1.7422669323009754 11 1440 22 604 34 322 43 642 41 280 17 960 44 737 17 1104 23 465 40 509 33 222 45 198 47 223 38 188 32 188 35 190 31 147 31 152 29 177 30 226
4747 -11.930222257780967 6.7753368304277792 45.102082160431841 26 22 21 0.96443786973634837 18 483 20 556 24 483 27 449 22 477 34 489 15 788 44 379 47 372 45 368 40 322 38 333 37 299 28 341 48 302 39 284 32 315 41 405
4748 21.799647196553469 8.2280552773578073 42.367497096059367 14 12 13 0.48631358848573625 17 579 34 494
4750 -18.880031787189758 8.4572873522712335 42.845113097495279 18 20 17 0.14505774139016434 10 754 11 844 34 513
4752 -17.081282601524382 8.5174185359628769 42.945005235247876 17 16 14 0.40787542790667619 14 1110 15 931 34 516 32 341 29 280
4754 -13.8773520338257 8.9413484314841067 41.973848996713087 20 20 20 0.17257377087766465 10 810 11 900 14 704 34 536
4756 -18.020714595635472 8.9789695920368864 42.299442795773771 53 53 51 0.64244843840103716 10 1214 11 1318 14 1125 15 1433 34 543 33 420 47 417 37 355 48 350 32 363
4757 16.452674557978042 11.005994744549467 42.651628538232728 35 34 32 1.3775478210102872 11 951 34 552 45 424 48 390 34 560 37 387 38 412 40 386 42 513 43 493 44 453 45 439 46 376 47 459 39 346 39 368 35 384 36 415 41 499
4758 34.554498871885222 -54.558907187079875 91.696010658184917 128 156 164 2.1629049927596289 13 859 16 1054 18 25 19 9 20 15 26 508 34 593 25 23 27 18 24 514 30 12 28 32 32 14 35 438 36 2 29 338
4760 -35.901522592688281 -21.09405209382474 73.749864397016211 36 36 34 0.85081790890922282 11 157 17 153 34 646
4762 5.8179519760153386 -1.6880608225599576 19.815617374691112 36 57 0 0.41451195107960381 3 672 14 1027 1 648 9 353
4764 18.450703904873574 0.89445257963213498 26.353345596517595 23 24 26 2.4630967911033501 15 718 34 745
4768 16.057130916932628 5.9410075681350136 47.223002777790541 8 8 7 1.0711567133556585 11 1505 15 1653 17 871 20 983 26 859 34 765 13 1026 23 519 44 357 33 654 37 566 40 554 28 522 39 543 35 554 30 389
4771 -12.015662512629131 2.5986740447078134 53.277807817202138 20 21 21 1.760499080171847 11 1498 18 422 34 926 40 676 45 778 47 997 45 991 46 221 46 694 38 724 37 683 37 869 48 938 39 681 46 992
4775 -40.10940997708591 -36.627572352959042 70.408666123271075 25 26 28 1.3780087126676774 10 1477 17 1234 18 1068 19 951 44 956 38 858
4777 -38.065155795511011 -31.555944506000902 68.261990832618864 1 14 22 0.22697206342580958 15 1832 34 1079 47 957 38 775 48 889 31 652
4778 7.2560199619747321 -16.512055475307196 43.242985550135053 169 167 168 0.89855109231940467 15 1850 16 1324 38 786 32 642 36 799
4782 36.700391213673981 -53.478395661803972 93.830579861970349 24 24 24 0.82481623503351253 12 1659 16 1747 34 1332
4785 -20.515971698696795 7.2947062277504227 44.634621395855724 25 25 25 2.2277698535068762 16 615 15 819 10 681 11 744 17 567 17 881 34 497 11 1744 17 1222 18 1052 19 942 14 554 16 607 15 801 10 669 20 565 47 1009 46 309 46 308 37 305 48 307 48 308 48 949 35 309 36 343
4786 -35.276617804059143 -27.409870160880665 69.996239690654448 57 57 55 0.38287484439286101 34 986 8 1026 15 1688 17 1055 18 767 20 892 17 924 19 746 4 847 22 703 22 818 24 723 44 699 33 698 45 692 46 636 40 723 38 783 37 746 48 783 39 601 31 553
4787 -42.685677757212389 -23.458546060697444 74.354378881557167 46 47 43 1.1378837409444429 4 1232 12 1577 16 1653 3 1236 34 1173 3 1168 12 1517 16 1596 20 1041 41 1034 37 928 35 822
4788 -1.5509698191829198 -1.2405512100368998 20.303214244303369 27 57 16 2.242351221488557 8 1082 14 1339 6 1048 12 1208 16 1264 15 1349 11 1253 7 976 4 1032 24 383 25 923 26 1147 12 944 15 680 10 566 2 901 23 853
4789 18.975230513160842 7.1683268378292064 48.753106675918048 15 15 13 2.1892647895566522 14 532 15 766 10 634 11 687 17 516 19 353 22 450 11 1626 15 1805 17 1135 21 484 26 862 24 460 42 419 34 928 23 717 33 369 47 810 42 422 43 721 45 348 38 315 38 611 37 282 18 456 28 525 39 684 32 683 36 322 29 577 30 628
4790 -32.924012644132318 -9.437025324670234 50.582136617163115 21 6 0 2.5589476789481167 11 1134 19 992 34 188 13 1179 17 1092 36 127 35 95 18 613 17 946 24 181 22 172
4791 -12.700702401420763 9.775523012947307 40.943632740794456 62 60 59 0.47177092311645946 10 824 11 946 15 1018 34 567 37 404 48 383 35 403
4793 15.797813409312557 0.96334826721631117 23.179243089294044 50 50 48 0.80554009850937314 10 1180 34 748
4795 20.711427869948249 4.6709142950479343 49.105048842476805 13 12 8 2.0136337918657454 11 1282 15 1389 21 453 22 421 24 439 25 349 26 855 34 759 44 329 44 330 47 316 38 603 28 622 30 369
4797 36.127954507436783 -49.830794153488981 86.271318199086522 69 73 74 1.6588728549807292 14 1130 44 26 28 379
4810 15.902864048915605 10.041838762299767 39.336683645334944 37 37 35 1.5599026679604564 11 953 44 440 43 488 37 373 48 386 39 347 46 851 47 930 37 800 48 857 44 940 36 405 36 948 31 348
4812 -36.997929268201538 -28.761355726981488 67.766644045395751 56 58 57 1.1778160483149827 3 197 44 525
4817 20.711369326757797 8.2348203209640527 50.301245452836291 14 13 11 1.5305299262218779 15 1808 17 876 18 860 22 673 27 656 41 677 44 645 13 1034 23 373 24 495 25 400 40 559 43 723 33 659 26 488 45 640 47 666 46 305 38 613 37 570 39 269 32 318 35 558 36 610 29 469 30 629
4823 -19.44765769331018 1.2008622222275231 52.755151172308857 31 30 28 0.24645619635594482 11 1491 44 774 45 772 46 686 47 799 38 718 37 679 48 710 36 725
4833 -33.850576745107048 -3.7499189182595001 55.749709003903341 19 21 18 0.36096611412177082 2 915 43 1095
4838 -13.078720835322187 8.5179229451552434 41.107633665407079 26 26 26 1.394414649095258 14 1111 11 877 44 1109 45 1078 47 1095 46 1006 11 1854 38 993 37 953 48 1023 35 922 36 999 29 290
4842 -3.2946265465255378 2.6852683778691668 15.469826373459238 220 218 221 1.7955706717394331 5 1187 42 1194 44 1204 45 1181 28 949 35 982 36 1040
4845 29.003566225513328 -51.117516120351773 92.413149136174937 29 30 28 2.4460321630713624 7 1232 14 1612 15 1975 12 1495 16 1570 44 1211 17 1365 13 1260 19 1112 43 1287 27 1084 34 1333 43 1241 32 1018 29 851 30 1052 20 1322 26 1159 41 1146 42 1201 48 1080
4846 -32.782153832222399 -32.637695919982747 69.224546257872547 92 89 84 0.74941386932360066 14 758 11 997 18 83 16 1078 15 1461 11 1359 17 910 20 632 42 758 43 761 25 49 20 70 44 687 45 678 47 720 40 591 38 661 37 616 28 394 39 588 32 625 35 607 36 660
4847 16.37314881962525 4.7263602452630691 49.322505764399693 23 22 20 2.1951573480714077 11 646 15 1387 17 494 18 441 20 523 22 422 42 393 24 440 41 358 21 456 27 401 34 457 11 1624 13 1024 15 1804 21 913 22 898 25 768 19 706 44 331 44 788 23 319 23 716 30 368 43 372 40 279 33 350 45 311 45 781 46 254 38 280 37 243 37 686 48 259 48 719 28 623 39 226 32 270 35 260 35 678 36 286 36 738
4848 -12.884244346898848 6.5680416106328741 44.967256849878694 57 56 54 2.119623918476178 11 705 18 467 20 538 22 460 24 469 21 492 26 478 34 483 11 1294 17 527 18 465 20 540 22 461 24 470 21 493 34 484 44 372 15 1405 27 441 33 376 33 377 45 361 45 362 47 366 47 367 46 295 40 312 38 327 37 294 32 306 41 397
4849 -41.631606692935101 -26.6801267834872 68.81319083870585 20 22 20 1.8474335099162422 17 678 1 233 5 211 11 118 3 222 37 72 45 70 48 67 9 62
4854 -3.8997607134980363 -3.7331421230204245 18.520270937799737 59 107 21 0.79252115158624681 6 788 8 814 12 1089 16 1148 11 1140 7 867 20 261 19 154 1 775 4 782 3 800 22 218 5 733 27 164 25 173 2 974 10 255 20 258
4855 -4.5853561382100754 -1.6130540688265604 19.974890287354278 47 66 7 0.87345999643843386 8 1169 14 1491 6 1116 12 1375 16 1429 15 1789 10 1603 11 1468 7 1203 17 983 18 829 20 962 13 823 19 688 1 1090 4 1107 3 1117 22 758 24 766 5 1024 21 746 26 830 25 630 2 1283 6 891 8 910 7 955 1 866 4 877 42 681 5 816 23 582 9 597
4856 -33.358393325717429 -7.4105649827890163 51.816089929045781 93 91 92 0.60747937948258168 16 1617 12 1536 17 1202 11 1794 18 1042 20 1194 13 1185 18 1094 19 996 22 956 22 1017 42 1052 24 965 24 1013 14 1659 42 1125 44 1087 45 963 47 1068 46 978 48 916 48 995 9 866 41 988
4857 0.57231913356846187 -3.8700982633007781 18.380122349216588 116 133 43 1.5144623848080934 6 773 12 1076 15 1203 10 966 11 1125 7 853 1 758 22 207 24 215 26 207 25 162 7 140 2 107
4858 5.0638469273546782 -1.5285465961759079 19.928719581259852 58 89 25 0.96750758175476748 12 1189 16 1255 7 1117 1 1004 3 1028 4 1012 5 933 6 1031 8 1060 2 1199 3 262 10 1440 11 1469 12 1381 13 591 15 1614 19 531 20 802 21 633 24 657 25 526 26 656
4861 -1.061702291288235 -1.5535131295465723 20.694728351116961 0 0 0 1.3390193083286683 1 873 41 302
4865 -6.6081073426190535 -3.4123786406884569 20.001387192681925 165 171 180 3.0428155727175992 6 632 8 610 14 930 12 794 15 431 7 609 17 336 18 287 1 605 4 605 3 616 5 567 25 199 8 587 12 783 15 415 14 310 7 594 6 610 17 309 1 580 4 578 3 589 5 547 2 734
4866 4.398787557951259 -3.9399510007896081 18.108782425118942 106 112 44 1.2253274325832382 6 760 15 1194 20 212 19 109 22 199 24 206 21 217 25 147 5 401 10 229
4867 33.774029088689922 -56.001761903780071 93.684865623367784 101 139 137 1.1857377126812225 13 385 16 1053 21 25 33 3 40 6 39 701
4869 68.29664643399181 -37.539384521492217 84.193278166645953 0 0 0 2.2598534886684929 15 69 6 174 3 160 8 192 5 150
4878 1.6014489550211368 -1.5362103463303116 26.273714737121349 0 0 0 0.54678113001134732 26 669 41 314
4880 -12.801212376695824 2.2604249153051321 52.574896565988226 35 35 34 0.50134825268720917 11 1263 15 713 17 475 40 262
4881 -9.0087774865464194 2.2997779574326613 50.650169966272507 31 33 32 0.27817717512101875 17 478 22 654 40 264 33 641
4882 16.421585806822549 5.0058575241891079 49.438845338191008 5 5 3 1.0170870930183316 13 636 21 464 26 858 41 363 17 1004 34 762 40 282 38 605 37 562 32 567 17 870 30 372 29 461
4886 -14.562134447312015 8.2141888321278618 43.776950065213626 15 15 13 0.78622633099539763 11 813 40 335 45 385 32 330 31 292
4887 -17.428872242801994 8.5853662555199399 43.249603668392865 15 15 15 0.70021121338922598 10 761 11 849 14 653 15 929 44 402 34 515 33 402 40 345 37 326 35 333
4890 16.440618782267418 9.876177748080158 41.070812302799602 13 13 11 0.50790960161818088 11 1322 40 353 37 336 48 361 35 343 31 333
4893 -14.450663416729322 9.5047323449660173 41.294123305925289 30 29 27 0.3268333555043163 11 927 15 1011 40 392 39 376
4901 -13.267282108432434 1.0850694313134246 54.353964512559827 32 32 30 1.9782459455921155 15 1372 17 843 20 480 21 404 27 639 22 394 40 540 11 589 48 230 29 191
4908 -0.90770603850859888 -2.6830144291861155 8.2667153820054597 23 86 23 1.1289211718409988 40 736 25 703
4913 -17.429940582140414 8.3049279277450179 43.28760710204093 39 39 37 0.44226551270771958 10 1623 11 1631 14 1511 15 1812 44 932 34 1040 33 879 45 900 47 920 46 840 40 796 38 832 37 794 48 851 28 730 39 768 32 781 35 780 36 866 31 724 29 580 41 924
4918 15.652270543616496 -1.34689913913732 42.445067487379184 28 29 24 0.71227958816885917 11 557 40 977
4921 -34.013710268767539 -19.939787292001697 80.580738626943116 108 110 107 1.0899259592678812 1 1157 5 1082 44 1080 40 901 6 1126 8 1177 17 1180 18 1026 13 1081 19 898 1 1103 4 1115 3 1126 42 933 6 1056 5 1032 43 941 11 1679 19 980 41 974 26 1010 21 828 27 689 27 804 25 683 34 993 44 977 40 742 23 760 33 828 45 951 47 972 46 896 46 971 38 798 38 890 38 961 37 845 37 930 48 799 39 809 9 837 32 835 35 828 36 806 31 672
4931 -14.633457972607193 -14.46839723144187 44.936844943368257 147 105 93 1.0855227600808344 12 201 30 50
4933 5.6561579932522212 -5.5933440527651257 25.577089022611165 0 0 0 0.11575559381981802 27 130 42 147
4935 -3.4689190648860464 -4.4386160847265765 15.519579900730967 183 203 101 1.2869386276768267 43 91 30 87
4942 -5.0656788146166241 -2.7617887371315386 11.90463195685801 105 107 106 1.2787080430093718 43 147 30 152
4944 -5.2957589233853755 -2.6430754643063175 11.789079429305387 100 101 103 1.4432388343007871 43 157 30 173
4949 -3.5424163683127099 -2.2740469277167739 12.636236836178128 144 156 74 0.32830385648357763 43 234 30 253
4962 -4.6918823827329001 -0.75364202239410116 12.60302329525185 15 15 15 1.3439946905119429 43 699 30 337
4963 -3.5331039571389842 -0.64455197239020234 12.984899878552611 18 32 16 0.44589249582555368 43 344 30 340
4964 -3.8121808984786365 -0.64475622382668796 12.718827766989275 45 72 31 1.1764084348139794 43 345 30 342
4965 -4.1465203597831737 -0.5906668997975042 12.375092419686 93 99 95 0.58580624340880294 43 348 30 345
4966 26.650510826487221 4.8044784166459626 49.027246622585054 1 1 0 0.80992064675870612 11 1280 12 968 18 440 21 458 22 424 25 351 26 464 20 836 45 304 37 234 48 258 32 272 36 283 31 251 29 233 30 371
4968 16.141104520348062 6.1708151895335677 46.909516028166301 39 39 37 1.8173407367562795 17 514 44 361 27 427 41 385 42 411 44 359 22 669 24 456 25 368 27 424 18 454 43 395 45 337 47 343 46 277 38 309 37 273 28 322 36 315 35 281 30 390
4969 -13.819529883094647 6.401231908309521 46.980922540221847 50 49 47 0.92924875526684092 10 630 22 444 25 374 28 325
4972 -10.802574952297759 6.5030369696206227 44.023412406319984 63 63 59 0.42942333567750174 19 358 17 532 13 642 21 495 28 334 29 249
4975 -16.547745853185155 8.012916354641499 43.690653922473651 62 62 60 0.38838407166177713 10 702 11 782 15 856 45 382 38 341 28 349 35 314 41 419
4980 -4.2886729245404815 -4.3926894191312575 14.979106529065151 14 71 4 2.3002573518852705 43 585 30 491
4981 -4.1874594316926563 -4.335646600121704 14.957012461312779 178 208 117 1.5969796426307636 43 88 30 492
4982 -4.2801564267513479 -4.252837265358937 14.66492440273235 190 212 119 1.9242716476076529 43 589 30 493
5000 45.931927790546773 -66.426434885774114 111.82715506901629 107 143 136 1.3871575835276984 7 431 27 667 30 634 12 7 14 720 16 13 28 534 36 644 31 521
5004 5.7244207406454777 -5.9468211267590707 25.250845994784115 0 0 0 0.18667289692302522 27 704 42 809
5006 -2.5424938562864194 -3.5719809855623241 20.073690630799153 0 0 0 2.1642782325654624 2 1146 41 604
5018 -10.107628236014705 5.4393405141234927 39.323691687873719 36 33 31 1.8980783211598271 19 710 43 872 20 987 13 638 29 241
5019 -9.8212388631071565 6.3565334136514648 44.362220307422746 39 39 36 0.44619523789305993 17 1011 21 776 22 784 24 796 34 773 42 873 44 800 19 713 23 607 46 705 38 738 37 694 39 687 32 586 35 691 31 618 29 467
5022 -0.63302868142554802 -5.9403244603756944 19.84116360361655 150 167 101 1.5200518305532971 43 786 30 793
5023 4.1796801755887278 -6.0629196318191445 24.194684727247196 0 0 0 0.1429961613774986 27 815 42 936
5028 -4.600603280549139 -4.0642572293399581 14.077063064413057 67 143 27 2.1497624335842827 43 798 30 806
5029 -2.5808650695006219 -4.2741373527538622 15.971671612785102 0 0 0 0.95325528862169662 41 737 43 802 30 811
5043 -0.87637941579137735 -6.0733685020885559 20.09836739261905 208 216 107 2.0273870449149216 43 937 30 900
5044 2.4711835724482785 -9.4208292035922288 39.71398421824091 86 129 69 1.749601750195557 42 941 30 903 48 519 38 535 44 980
5046 -5.3522292397864497 -4.3738620248690818 21.223890201585288 0 0 0 3.354785960463099 19 801 43 971
5050 -2.1347434559188692 -5.5239066271952639 17.142243499890583 15 15 13 2.1108486216393603 43 1217 30 968
5051 -1.0519952473354242 -5.2182223422203506 18.309367931937089 201 212 103 0.75333711268978099 43 1156 30 974
5053 -5.0208692881906609 -2.2984690463572655 12.482119120022057 8 8 6 1.6057145927542902 43 1174 30 995
5055 -4.8180982771120613 -1.3459839980048576 11.058964586923608 136 137 139 0.63820466787515773 43 1180 30 998
5056 -4.7148292454292644 -0.87836232236417711 12.818125743645592 160 163 171 1.9591908203082169 43 1098 30 999
5058 4.3810510600836396 -9.2815191361728377 42.418296762316281 70 97 11 1.7643280065264768 42 1110 30 1029 28 831
5060 -4.5555438564703712 -3.7506059101286948 13.816448147089634 213 218 119 1.2649025110547421 43 1161 30 1032
5062 -4.8710205616700648 -1.6700833089433169 12.272524435522232 26 26 23 1.4461947838404197 43 1230 30 1042
5063 -4.8984611447968067 -3.6808348046796979 12.713382609545542 155 166 112 1.6488863538970784 43 1225 30 1062
5066 -1.68690982149417 -1.5970490472176337 18.814477240602596 148 157 62 0.63706419000433689 27 1045 30 1074 18 1201 13 1283
5069 -4.4975882676530041 -1.3286387546893881 10.313432837527007 137 140 142 0.6833472411868089 43 1268 30 1098
5079 -3.4106345006948922 -4.4610983409255347 17.746257929381169 34 83 1 1.6414424312327318 5 1159 30 100
5081 2.9993332320355699 -1.7955451094351202 5.1816424060540118 0 0 0 1.1603749436733706 27 201 43 137
5082 -3.6157464804075432 -2.3215198016163749 13.664086748277954 110 128 61 0.98089642950410016 43 243 30 257
5085 4.7194009889934092 0.76168271552622324 5.875081781268416 0 0 0 0.85706138081910388 42 714 43 867
5086 17.956361436049757 6.8136517882075065 48.790348572490025 1 3 0 1.1007477348548529 21 478 22 446 41 388 37 280 48 282 30 393
5088 -3.5130861585875466 1.6717468945831984 17.468210438498101 0 0 0 2.6147133094042951 11 720 16 1450
5090 -3.8019830940609802 -0.72964136107962163 13.03091446752136 53 85 23 0.49650638402403297 43 700 30 741
5092 -2.4626670677338796 -2.0625946871608267 13.644724101765044 148 150 66 1.9872865059695748 21 892 25 749 26 952 27 864 23 697 41 905
5093 -3.5917092376636268 -1.7660884433806043 13.719144610908669 141 146 62 0.45155758867905826 43 1006 30 851
5096 6.0675645035450705 -8.8096432705846439 31.248622545229804 0 0 0 2.1234359046718008 15 1706 27 929 42 926 34 1236
5102 -39.059763269385783 -51.341185252706666 98.108125728317972 16 18 15 0.78389607361407498 14 1145 16 679 23 31 28 385
5105 0.9949091329392592 -4.9978545604090368 21.674062274888211 0 0 0 0.49927531758474675 27 122 42 140
5108 -3.5258547897463259 -3.0930038863846687 14.186443746525143 0 0 0 0.7363501863562314 30 513 43 143
5109 1.4414367811852122 -3.6928970920525841 18.393010820413902 159 165 72 0.30963787216033956 7 866 23 141
5110 2.4168192536788964 -1.6392637122445681 4.8885944090364672 24 23 21 0.68779102601492248 11 1397 23 161
5117 -1.8843219848626689 -2.8809467534994671 16.396939672355309 0 0 0 0.75064342156941422 30 204 43 181
5122 -2.9140186603585616 -1.7703087870475387 14.985111128033605 0 0 0 1.0222755779651294 30 721 43 829
5123 -0.64509613914214192 -2.1118596137178196 19.539158717021561 149 153 56 0.071921476529970496 8 269 23 251
5129 4.7108738467591058 -1.7688053845624514 27.028655551397449 0 0 0 0.0018986196469642197 27 336 42 341
5131 -13.040085016540973 1.6421538347701801 52.100297408975031 42 40 41 0.98638902011416718 11 598 21 406 23 295 24 400 45 282 27 375 38 259 28 849 31 224
5137 -3.5832276445917368 -3.0002038984363879 14.05437846411669 0 0 0 0.70259832899014463 30 691 43 607
5145 -1.9439315262570023 -2.4565859255520235 15.886023687041043 0 0 0 0.12402127619181602 30 558 41 235
5147 -3.6436052225568116 -1.6346336741809318 13.756953408582081 0 0 0 0.78368509715799084 30 724 43 676
5165 -3.8802562352512688 -2.8741688178585223 14.068414524252299 0 0 0 0.83552366636228004 30 693 43 812
5169 -4.548045765998098 -3.6967242061527519 18.61570241288317 157 174 93 0.30697108927250005 14 1436 23 560
5170 -6.5378846415043679 -3.7306811636344825 19.718983099587309 0 0 0 0.66921334868483084 10 1698 14 1441 15 1752 11 1588
5171 -3.3576918342977295 -2.4106299572671896 14.029944409370072 0 0 0 0.78461647799471468 30 710 43 820
5172 8.8045035541014762 -3.461722565133845 22.859653065903181 0 0 0 1.4617656702163146 14 1300 16 1400
5174 1.0330071177282565 -2.5370941475893516 23.03942145008752 0 0 0 0.4450534706329628 27 732 42 838
5177 -3.3066538731270909 -1.0713524451034582 14.23342758779726 0 0 0 0.72811425843013056 30 732 43 843
5179 26.882942923605722 -1.4069837248917034 57.699527279794978 26 25 21 0.99847135971219902 11 1480 24 771 43 840 44 759 23 590 45 753 47 780 46 668 38 703 37 662 35 534 38 577 46 556 36 714
5181 -2.6334217785390384 -4.588387757642689 18.267595745630498 92 134 73 1.7293976967024123 14 121 25 699 26 915 27 834 23 647
5186 -2.3871791509280671 -3.1820262684992202 14.998515245905997 0 0 0 2.0255319154085383 30 826 41 886
5187 -2.3871791509280671 -3.1820262684992202 14.998515245905997 0 0 0 2.0255319154085383 30 827 41 887
5188 -3.4171437440830306 -1.8337588882848268 14.039235926607473 0 0 0 0.56858430797412951 30 847 43 1004
5189 -3.4171437440830297 -1.8337588882848266 14.039235926607473 0 0 0 0.56858430797410131 30 848 43 1005
5191 -2.0066166680127289 -2.2542778498289771 15.459748032316677 0 0 0 1.9225645325047889 30 838 41 907
5200 -0.18481602234603364 -0.10728729888507932 -1.685712865032615 0 0 0 0.036109625708408352 34 681 40 831
5207 -3.6879448327244222 -3.0932834370143829 13.940035396831693 0 0 0 1.0259723174850999 30 987 43 1166
5210 4.9064019889738502 -2.1583344468840271 38.424376378685679 0 0 0 1.9237298802749052 15 2066 41 1054
5215 3.9695478374063753 -4.3484309343028347 13.776675476729263 20 21 16 1.5652032292587685 21 1070 22 1101 26 1125 42 1170 23 881 25 907
5228 -6.4328878305407695 -3.1571450363485196 20.534329190739818 74 75 80 2.3746053982606292 11 1186 26 268 23 191 15 480 10 1074 20 347 26 269
5229 -4.2692629248707386 -2.4897471366259114 19.575868288995633 126 130 45 1.5755191584590214 15 1892 10 1709 17 1117 18 971 20 1110 13 997 42 975 23 694 8 888 14 988 12 859 10 1111 11 1223 7 659 18 354 20 407 4 628 22 335 21 351 2 790
5230 -6.0664634019853283 -4.2824276811905788 18.501699697170384 188 191 206 0.93558655007286051 1 41 3 27 6 40 8 35 5 44 4 31 2 68 23 79 12 166 7 104
5233 17.614204332974115 6.6759522759059786 47.774372402105719 4 5 2 1.1831913136184768 21 477 22 445 25 563 41 387 42 418 23 347 34 468 33 368 37 279 48 281 31 270 30 392
5234 19.129914030959128 -0.71629270857823679 26.970813022014738 55 45 37 1.8843656725359013 20 1120 41 997 44 1017 22 649 24 907 25 326 18 979 40 859 38 904 37 534 34 914 46 809 33 756 46 671 32 859 36 243 35 662 29 707 36 923
5241 37.045263002607271 -6.8604437935317666 65.337903661970373 60 61 61 1.4831266443002455 12 462 14 450 16 515 11 468 7 398 17 334 18 320 20 379 19 233 1 384 22 323 24 340 5 332 43 241 21 338 26 320 27 269 25 272 34 314 23 231 10 476 14 455 15 574 11 477 20 386 13 533 15 1304 1 388 4 363 42 291 40 179 33 217 45 197 47 221 37 166 48 175 28 214 39 158 32 186 35 189 31 145 29 174 30 209 41 279
5252 -6.7752382199034802 -4.0246794313119008 19.275820604286256 166 171 184 0.31025126894747823 8 116 14 247 6 122 12 244 7 170 1 109 4 112 3 101 5 116 2 160
5253 2.1814470383518247 -3.0315917157188115 18.616373895745902 151 163 71 2.9369914685516965 14 933 42 212 23 189 8 156 22 277 20 351 26 280
5254 -6.4328456342708389 -4.062219655986401 18.640524260033839 173 179 191 1.1167637706825229 6 499 8 64 1 67 4 67 3 469 5 429 14 218 7 138 12 212 2 108
5255 2.1561052230779305 -3.8144638380242641 18.250625585027528 112 128 36 1.3508651070019777 17 262 7 132 5 73 2 98
5256 -12.463518762726205 6.6799246045471588 44.882898519092201 47 46 43 2.3682368601978285 15 787 17 542 20 555 42 439 10 643 11 706 18 468 24 471 44 378 17 543 26 483 25 397 33 384 45 367 48 300 39 282 35 303
5257 -2.5494091690337406 -3.1104219022406818 18.926366523851318 121 132 62 0.57000683437214172 8 849 14 1266 6 821 12 1115 16 1183 15 1263 10 1370 11 1178 7 893 17 349 18 306 20 329 19 240 1 807 4 819 3 834 22 269 24 295 5 764 21 292 27 206 25 223 2 1005 23 187 43 184 30 203
5258 -2.5492851022059395 -3.111197019546367 18.927489729158076 122 133 62 0.59132574527295234 8 848 14 1265 6 820 12 1114 16 1182 15 1262 10 1369 11 1177 7 892 17 348 18 305 20 328 19 239 1 806 4 818 3 833 22 268 42 217 24 294 5 763 21 291 27 205 25 222 2 1004 23 186 43 183 30 202
5259 -6.4310138529993468 -2.6845988010944501 20.460116891577638 153 156 163 0.18627297248385058 6 247 7 319 1 252 3 232 5 232 2 403
5260 -2.3679815889457059 -1.3482705199358342 20.129045730924194 11 39 5 0.93984443879067947 12 1198 15 1337 11 1248 7 969 17 831 13 306 1 1015 4 1028 42 349 43 321 26 395 43 319 34 735
5261 27.578209530409787 -14.757650634928719 36.21738969462006 0 0 0 2.028469411389997 3 71 11 105
5267 -12.968694191105776 8.236664291541242 43.656918708547472 14 14 14 0.82024183112540305 11 814 44 393 33 395 15 880 45 386
5270 -15.633761468654017 8.6319320129772716 43.250250887223679 20 20 20 0.62499968091584435 11 850 14 659 44 403 33 403 47 395 38 353 37 322 39 310 41 433
5271 -13.437359507490951 8.8126658570715186 42.656687492738953 6 6 6 0.38305085550780876 10 798 14 1112 15 969 33 412 47 409 40 347 38 359 37 332 48 334 39 321
5272 -13.381761195063584 8.7732704398248096 42.464247087911076 6 6 6 0.28131942785875652 10 799 15 970 33 413 47 410 40 348 38 360 37 333 48 335 39 322
5273 -18.051558381372526 8.991177482262156 42.360316462753538 52 51 49 0.69456121359649381 10 1213 11 1317 15 1432 34 542 33 419 14 1124 47 416 40 361 37 354 48 349 32 362
5274 -11.723142038591254 9.8015544308280091 40.913869466821559 60 59 57 0.44067078204812016 11 948 44 472 33 434 47 456 46 370 40 400 38 433 37 406 39 387 32 414 36 436 31 337
5277 17.812948533181245 8.7007168593489723 42.798232838844925 10 10 8 0.59567102996115628 17 885 44 650 33 661 45 380 46 586 43 725 38 621 37 576 48 616 39 548 35 564 31 499 29 471
5278 17.812948533181245 8.7007168593489723 42.798232838844925 10 10 8 0.59567102996115628 17 886 44 651 33 662 45 381 46 587 43 726 38 622 37 577 48 617 39 549 35 565 31 500 29 472
5280 6.63837961895854 0.73065908098410592 14.607881002490135 0 0 0 1.6301167881935483 2 528 5 277
5282 -17.109249495148266 9.1457760352472484 41.881893796980115 36 36 34 0.37779962605024991 10 1624 11 1632 15 1813 34 946 33 780 44 934 45 907 47 925 32 782 35 698 36 763
5283 -16.954716672343121 9.8108673331113305 41.204635622520073 37 37 35 0.61527167599186894 10 1627 42 884 33 787 44 814 45 803 46 728 38 753 37 713 32 598
5285 40.987921020847928 -13.69748065591552 66.389495925366674 25 29 28 0.9968218732876527 7 1110 41 120 33 837 45 113 45 840 22 151 38 118 28 682
5294 29.354848130161439 -50.486363240114564 92.525686434037823 40 43 39 2.089879084603393 7 1347 10 1873 15 2047 33 1162 36 1116
5298 -30.857189227315573 -51.818867549333049 100.69950284079816 57 59 56 2.1896330922590042 12 30 15 19 11 29 17 50 40 25 33 24 12 604 14 749 16 34 15 1039 10 1234 11 979 7 784 17 55 18 547 20 616 13 668 19 575 26 530 48 21 9 619 29 363 29 509
5300 20.864264135823174 8.5957443901637234 42.953586527760123 11 11 11 0.42160975113868959 17 590 33 396 28 364
5304 -43.603652995554064 -25.845817766858364 73.159028393050718 16 16 14 1.2149112895576659 8 1048 22 934 48 73 38 79
5305 33.464932025875108 -11.641650127841224 47.53902752788531 148 148 150 1.7548973673528965 14 265 41 98 45 98 47 120
5310 27.190720928883739 1.9087356254955039 46.720362178119522 161 159 155 1.1734062897837083 6 930 40 257 41 346 44 625 46 220 38 254 37 217 39 211 3 744 8 414
5311 31.78828279675858 3.5386915222356516 50.15319252480743 105 104 103 1.2011100232442102 5 679 21 420 24 411 45 287 35 250
5312 16.655640481376452 4.6720562011179183 48.97833483479468 52 48 47 0.97775723574536322 11 644 41 357 45 306 46 251 28 305 32 268
5313 -10.121546831390072 6.2149165702550579 43.723774814123274 31 32 28 0.68147048484969686 18 855 25 650 45 349 42 868 44 799 24 793 47 356 46 704 38 615 37 572 48 728 32 584 36 743
5314 -22.165294497866899 6.5757918045607511 45.063717587388261 25 25 25 0.42266053607270909 15 1406 17 546 22 462 24 467 44 382 45 369 46 302 48 295
5315 21.427780749613987 8.4018106365795102 43.325964708296354 13 12 10 0.32424284439211032 15 887 17 578 45 376 28 355
5316 -16.542776647885503 8.0064296621363553 43.674660162016288 62 62 60 0.3925634469460223 10 703 11 783 14 600 15 857 45 383 38 342 28 350 35 315 41 420
5317 -15.610276623944396 7.8845192152889281 42.506401027679345 15 15 15 1.8478701258311219 10 720 14 609 15 872 45 384 46 316 38 343 37 310 28 352 35 316 17 600 41 421
5318 -18.24075269952862 8.5130250307633872 43.216361237057612 29 27 28 1.2781556366225311 10 755 45 393 39 316 35 330 31 303
5319 -19.701199450454165 8.9762600484283492 42.546352876243496 62 61 57 0.66966022284573468 10 1211 11 1315 15 1430 42 474 44 422 45 403 47 414 46 340 48 347
5320 -19.711003715948241 8.9826292748081595 42.569794206016283 62 61 57 0.62968363966959229 10 1212 11 1316 14 1119 15 1431 42 475 44 423 45 404 47 415 46 341 48 348
5322 -24.88332843123235 0.78960172037023102 53.961614727761933 35 34 32 0.54886021084070913 3 746 25 545 33 331 44 304 45 608 47 287 46 560 38 588 48 578
5324 -12.564139587440474 8.25438557865305 43.649092741393787 26 26 26 0.71370587260229745 15 1423 34 504 42 449 44 654 45 645 47 391 46 318 38 626 37 311 48 615 28 529 39 554 32 331 35 317 36 350 31 293 31 498
5325 -19.57410267682581 8.5036929172523283 43.247283717155895 24 23 21 0.66499029314132874 10 1203 11 1306 14 1108 15 1424 45 646 47 675 40 567 38 630 37 583 39 557 36 620 41 686
5326 -44.461480459756686 -38.459152411409136 73.852653876554243 0 0 0 0.42182129647202593 6 93 16 1063
5329 -14.815901058082845 0.70270441733537248 53.92028766720474 19 18 16 0.47985730371371216 11 1485 45 765 38 714 35 667
5330 -25.863297098033428 1.0406220122783554 53.449793565475979 24 24 22 0.38081360397183578 3 1054 45 768 46 681 4 1048 8 1098 28 611 37 675 36 721
5331 -20.730510681566589 1.1805666626804974 52.771444567854012 28 28 26 0.76368179173902562 3 937 6 934 44 773 45 771 47 798 46 685 35 671
5332 16.826297185212781 6.6352234351607837 45.523372963078728 41 40 38 0.96208843556268653 15 1806 17 515 21 773 24 794 27 434 43 864 44 792 45 784 11 1507 22 781 19 844 11 1627 22 899 24 912 47 353 38 732 37 281 37 687 32 685 35 680 21 481
5335 32.810930357575437 -6.8656091126189276 65.099844148273377 61 63 62 0.27386420918160909 1 1026 6 1065 45 857 47 892 46 804 36 836
5336 -11.499722667077942 1.6610846056140769 56.97564938370445 28 27 25 2.1859956324832188 11 1732 45 878
5337 -14.495712131669874 2.4917871122068007 52.282458295529551 33 33 31 0.62654033183454694 11 1734 24 406 45 882 46 821 38 821 37 783 36 853
5338 -13.605222637826804 2.5035057539189096 51.285902802047474 38 38 36 0.40525789480837737 11 1735 45 883 47 902 46 822 38 910 37 784 48 838 35 768 36 854 31 720
5339 17.921365680748877 6.565598364109281 44.837067944786156 49 48 44 0.39797336297895175 11 1739 17 1218 44 926 45 894 47 912 46 832 37 790 48 848 32 775 35 772 36 859
5341 -15.425025224358688 9.0863068583091202 41.578194146790779 64 64 62 0.68694633772494329 10 1727 11 1633 14 1513 15 1914 45 906 32 784 29 318
5342 33.254451528850396 -8.7600932685098929 68.084790016159928 65 67 66 0.5558317685928057 6 1130 45 970 1 1107 4 1119 46 902 37 857
5344 18.922120049329916 4.4163924924835145 50.415046935696921 52 48 45 0.52849256116247245 11 1808 43 1106 44 1102 45 993 47 1001 46 919 38 988 37 872 48 1010 32 924 35 851 36 932
5345 -18.858206749686921 6.80514823924831 45.045010648980366 34 33 31 0.29350219736992184 11 1741 44 1029 45 996 47 1007 46 920 38 916 37 874 48 948 32 869 35 852 36 937 31 811
5347 -35.729276181798355 -27.287965029475107 69.975382519362441 62 62 60 1.2646730634038361 8 1163 22 930 42 1029 45 1036
5350 -12.562126215608627 -0.9100146568702735 60.406197165185603 16 15 14 1.3729245744057579 10 1720 45 1126
5354 -19.393377048749748 7.4689794535341987 45.030662992648374 20 19 17 1.5536423956352425 10 1725 14 1605 15 1910 11 1745 20 1206 34 1140 44 1032 45 998 11 1299 17 572 18 727 20 570 34 495 22 502 20 1207 24 502 14 1098 44 386 47 1010 46 922 40 327 48 309 32 322 35 310 31 285 41 1004
5355 -15.819574854032089 8.7645414223951761 42.237304808321021 8 8 7 1.8175040532889521 10 1841 11 1855 14 1714 15 2019 44 1110 34 528 41 443 45 1079 47 1096 47 408 46 1009 38 994 38 362 37 956 14 678 48 333 48 1024 48 1074 36 1001 31 883
5356 -0.77178954089812934 -1.3910186355400458 9.5320293626158108 44 93 44 0.96394223207629504 14 867 45 170 39 149
5359 -11.245053192133405 6.2586957744732894 44.933836575622202 52 51 51 1.2031883323272372 13 1331 44 1235 45 1203 47 1226 46 1120 38 1110 37 1069 36 1110
5364 -32.419767786657303 -17.285940944339828 76.281198449677518 64 64 62 0.54198176146064481 3 721 4 329 13 470 47 119 5 656
5365 37.837231136048374 -11.317138406979694 54.944148715109002 146 147 149 1.6301242578933293 5 301 47 143 1 347
5366 -15.410571757808036 4.10804631183401 49.272920718841647 32 32 30 0.32337683598196676 11 633 47 314 46 243 31 239
5370 -17.364198886469648 8.1269521981692598 43.64078948207505 25 25 23 0.46680514629741926 10 718 11 804 14 608 15 870 47 389 36 348
5372 -12.550051045188802 8.6449447003805044 42.927123419316203 23 23 21 0.46464184258416813 15 943 34 512 44 401 47 397 32 342 31 311 29 285
5373 -20.085886296499979 8.6830482475097526 42.978106628914631 19 19 17 0.79307571944725141 15 946 42 465 47 407 46 331
5375 17.134257646414149 10.159755955570979 40.887889087916477 8 8 6 0.48299046486201852 11 935 47 437 36 386
5376 -14.092626189470542 9.4728438222500806 41.103808608250567 46 45 43 0.75830403019314596 11 928 42 517 47 441 48 368 36 423 31 334
5377 18.052621778524252 10.341255368164381 40.100567558707127 55 54 50 0.89464350551468663 11 956 43 477 47 454 36 402 31 350
5383 -21.24268527831083 6.6363389091525411 45.298253976363974 25 25 23 0.44128987204394904 15 1407 24 689 42 724 44 646 47 667 46 580 38 617 48 608 35 562
5384 7.0629661721222012 3.3299225234548722 19.023495509406725 28 27 23 1.4200233174774382 15 998 45 641 47 669 37 573 35 561
5390 43.90588590674507 -17.827149261805676 79.182191618492851 51 57 55 1.9152714489543021 6 1058 47 868 37 762
5399 -3.046659184361757 3.1070585021925785 14.456524194074142 142 140 141 1.1284469549645086 4 1214 47 1192 46 1095 40 1023 37 1039 39 973 35 1020 36 1080
5403 26.280636018253833 4.4082829681670077 49.587204986389381 17 17 13 2.0467399798521901 11 1275 42 387 21 442 44 327 23 310 45 299 47 657 14 1087 16 1039 15 1384 18 721 19 552 22 406 42 385 24 421 41 355 21 433 34 446 44 322 44 324 23 303 27 397 33 343 45 296 47 305 46 239 46 237 43 368 38 271 38 273 37 228 37 232 48 248 48 602 32 565 39 219 32 253 31 240 31 247 29 225 30 620
5412 -4.8602286733987912 1.2764388299069758 23.681897850342693 28 28 28 1.4865856700835014 15 740 47 999 46 918 38 912 37 870 48 940 39 764 36 931 31 804
5413 -3.8781413350755392 2.3871109178248702 17.30785438687122 0 0 0 0.59030997897904691 4 1278 43 1340
5415 36.952392468788887 -28.599681469561506 48.051465255967827 61 65 66 0.7956158804586404 4 1 46 18 38 14
5416 36.092913963967192 -52.43077443142392 91.84372484866681 0 0 0 0.35310705094953249 16 658 41 18 7 6 12 11 14 9
5417 -40.380532358889553 -24.266820099616059 73.457712564992519 42 42 40 0.4590087365046312 8 680 45 79 46 76
5419 39.478519283725603 -16.013246042220707 63.963198726257843 0 0 0 0.010511088221671721 4 306 12 346
5429 5.1250564330521771 1.1262804621784779 16.69432765782204 23 22 20 0.88074574807115502 10 1872 46 222 48 590
5430 12.030128058531353 1.8353603311819247 17.870154984699834 38 34 31 1.599243319995137 11 1740 46 253
5432 7.2710128263630134 2.153136716527936 14.488642420620126 53 48 45 2.0395526742152832 11 905 44 362 45 339 46 280 35 278 37 275
5433 -3.5400280801764552 2.3557541111798765 16.107046826356978 50 51 50 1.1643325206745736 16 1043 46 286
5435 -17.836114912213247 6.7659913189889869 45.047044413986335 27 27 25 0.4614863024012868 11 718 23 370 24 481 46 304
5436 -13.599165185155085 8.3282824080680129 44.738236986336901 45 45 43 0.70015493297505138 10 713 11 791 15 866 46 313
5437 -16.766414724488538 8.5521257249513063 43.046491416949664 22 24 19 0.3321906339496955 10 762 14 655 15 932 46 324 31 304
5438 -16.766414724488538 8.5521257249513063 43.046491416949664 22 24 19 0.3321906339496955 10 763 14 656 15 933 46 325 31 305
5439 15.34569415728402 6.103685313189283 26.061927305406698 42 42 40 1.458157945328393 11 1331 46 338 44 1106 33 1028 45 1077 46 1007 47 1094 34 1208 42 1076 40 865 38 919 37 881 48 1027 39 842 32 596 35 920 36 939 31 507 31 944 41 422
5440 -1.7777398144354275 3.4956213880307598 13.361626669590663 145 143 144 0.68371685824833561 4 1054 45 421 47 448 46 366 33 435 8 1101
5445 17.047185192230877 2.6791915545152887 24.325165598542299 32 32 30 1.9136262018247385 11 1506 46 697 42 1189 44 1163 47 1089 34 1204 33 1026 46 997 40 932 40 678 38 1049 37 1005 48 1013 48 1068 44 335 39 940 35 551 32 867 35 980 36 285 36 1038 31 808 29 635
5448 -18.437869678728166 9.097286940359707 42.031574134058495 40 36 33 0.71463143885406744 11 1526 34 785 42 731 44 813 46 721 38 749
5450 -35.028839908682833 -27.578166787453881 70.375295384578763 52 54 51 0.60239123980453479 5 901 14 1388 42 916 46 762 41 853 1 979 6 1000 40 725 44 856 3 996 43 927
5451 42.132810838324922 -18.34584882858513 81.183953258064918 48 54 52 0.46361858737210249 4 1039 6 1057 46 780 3 1046 8 1089 37 649 36 686
5456 15.771911093499742 5.7183156920137783 26.365282225449757 43 42 40 1.3948675774767372 11 1321 34 1142 46 926 37 793 39 294 31 817
5459 -13.711296954903268 9.251716159167902 41.585437513738313 72 72 70 0.82787588731511097 11 1857 42 480 44 1172 45 1138 47 1149 46 1064 37 365 37 1010 11 1320
5462 7.3944499206564345 -1.0865605943169243 18.816315020173697 0 0 0 0.38594749784255433 3 259 25 638
5463 5.2137662547649031 3.1074041523042082 14.903153020769961 23 19 16 1.4822476964841953 1 713 42 1075 45 899 47 672 46 585 38 620 40 561 37 950 48 614 40 935 39 547 39 840 35 777 36 613 8 1242 31 300
5469 -35.238729523276255 -35.327150223994146 68.624550264909089 142 145 145 0.40713436918633722 15 1032 17 60 10 837 18 63 20 46 19 396 22 51 42 33 24 44 43 38 21 57 25 40 44 43 40 27 33 27 47 35 46 29 12 20 14 739 16 672 15 1033 10 838 11 978 7 437 17 61 18 64 20 47 13 402 22 52 42 34 24 45 43 39 21 58 25 41 34 45 44 44 40 28 33 28 45 25 47 36 46 30 38 31 38 32 37 29 37 30 48 19 48 20 28 58 28 59 39 33 39 34 9 16 32 48 36 22 36 23 29 52
5479 -42.126060268392202 -18.813310832617901 77.952317912349017 44 45 43 1.0118508534580275 19 1145 2 1458 8 1328 42 1268 45 1215 33 1178 12 1675 39 1020
5480 22.776022167153194 3.4863668885409238 50.781775191895377 9 9 5 2.3433226250997987 11 1266 42 708 22 658 24 675 21 417 44 309 42 711 40 265 33 339 45 286 47 299 24 676 44 312 23 512 33 644 38 264 38 267 48 242 48 594 39 536 32 240 32 245 43 710 30 614
5481 20.569799520809305 5.3285060941116731 51.867294854255952 33 32 30 2.6780278025442952 11 651 43 381 11 647 13 849 27 409 24 443 44 351 25 355 33 357 45 320 40 283 41 366 42 716 44 353 23 329 43 385 47 334 34 458 38 287 38 289 37 249 48 269 28 311 39 234 32 279 35 266 35 268 36 293 29 460
5482 -9.49904534741035 6.6254157456747116 43.996020330757531 23 23 21 2.3755834787691543 17 535 18 475 20 553 21 499 22 472 24 477 25 390 44 376 34 487 42 437 33 380 46 299 40 319 17 545 18 487 19 361 20 559 21 504 22 478 24 485 26 487 44 380 33 385 47 375 40 323 38 334 37 301 48 296 48 305 39 280 32 317 31 283 29 255 29 468
5484 -28.594282633543926 -11.612927569136236 50.588290300742777 25 27 26 1.0437423602560878 8 1354 47 122 4 1287 38 114 35 72 36 95 39 102
5485 -42.612615923431342 -17.336413580973971 78.209924643915272 6 6 4 0.35266616436191889 1 355 37 503 31 83
5486 37.559914859229764 -8.9716784921076975 56.19299232031964 124 124 124 1.7330396802913828 4 335 45 140 38 145 1 362
5490 37.186570276058809 -2.1908885018557869 56.079193547161211 0 0 0 1.4093713822367886 11 1236 25 309 27 343 45 243
5496 -9.36023877744638 6.7418907836106579 45.041687865134485 55 55 55 0.9668982600575432 18 477 23 366 33 381 42 438 44 377 45 365 46 300 47 370 41 404 38 331 37 296 48 297 28 339 39 281 35 301 36 338 29 256 36 340
5498 21.047995661354623 9.3926793338820236 40.823705343908109 39 38 34 0.93622517043380271 11 904 43 436 38 350 39 305 36 354
5499 -19.226630760904992 8.5998492517550797 42.936911118199788 51 50 48 0.6754136330153846 11 855 38 357 15 940 48 327 41 438
5500 -19.253466656277411 8.6105057314214655 43.000171670522562 51 50 48 0.61847275659924561 11 856 15 941 38 358 14 665 48 328 41 439
5501 -12.396777595498079 9.0879387813382486 42.203404246006961 24 24 22 0.25940563753166479 11 903 15 993 38 372 37 344
5502 -17.419720692862388 9.0291947609584167 42.619816906034657 73 72 70 0.35801406089228333 14 699 15 986 38 380
5504 -15.091848411465309 9.5678104715529138 41.655557166209555 41 40 38 0.63914003128707131 10 818 11 925 15 1009 38 419 39 374
5508 23.641228784053666 -1.415227464798535 55.72957820532892 25 25 20 0.34908778332821411 11 1478 42 699 44 611 46 554 38 573 37 540 48 566 39 513 35 533 36 589 31 454
5510 27.729953698234073 -1.4363479103624002 59.454524027277188 27 26 22 0.55091510125955379 11 1481 23 591 46 557 47 642 38 578 43 841 38 704 46 669 47 781 35 535
5513 -10.247610535415051 6.3079662369484444 44.296527896368673 40 38 40 0.52263908442841034 18 854 24 792 25 649 42 867 44 798 46 703 38 614 37 571 48 727 32 583 36 742
5515 -11.733094721469532 6.4474904045825445 45.435323717795498 47 47 45 0.92158264526988865 11 1515 31 616 35 689
5517 40.343431117771651 -10.567334961000974 70.857802930551117 33 38 36 0.79182973311568972 1 1163 43 1167 38 894 48 918 32 851
5520 -11.730584206150903 3.4904651653731986 50.906995137643804 49 49 47 1.029053942388199 17 1386 46 1086 47 1182 38 1070 45 1172 37 1031 48 1102 36 1074
5523 -37.422788771514078 -30.576340003751675 69.469741301145177 44 48 49 0.98183061210492839 8 1307 14 1790 48 1139 3 1257 4 1245 39 1014 35 1031 1 1248 6 1266
5524 -53.679500347412677 -24.2999673089083 83.536522892947701 25 27 24 1.996166967975288 8 1326 38 1126 37 1055 34 1313 39 1019 35 1034 36 1095
5527 44.413800656585273 -30.933591502890692 60.527021137228829 132 137 133 3.428666199766762 11 981 38 38
5533 -5.60553338124934 -6.9882163403888038 16.815992671322036 50 50 48 0.4289175117467785 11 103 38 72 37 76
5534 8.4880712610074092 -4.9318144017116063 15.80930076435574 117 121 118 0.16461759924276081 14 57 37 88
5538 -0.025178230095543763 -2.1559148211298309 19.68588045970488 0 0 0 1.0935838257346473 4 859 5 806 6 870 8 899 42 304 26 338
5539 38.615712017917872 -3.10288403823166 58.286023924570031 10 10 7 2.3605958476161502 5 1039 33 296 37 194 28 595 39 186 29 560 30 590 39 182
5541 -19.972647534464528 6.4659287194353832 44.811488627509846 25 24 22 2.1766521447945295 10 646 44 802 47 816 37 302 45 793 46 708
5543 -18.415189216879742 8.4814261543701637 42.886037115419249 27 26 24 0.50620667051955659 10 759 11 847 37 325 32 339
5544 18.337034395018463 10.014359145236176 41.186148814859145 17 16 12 0.18834451487400802 11 1323 37 340 48 363
5545 -14.959177561729128 8.9321340144381516 41.962926897345362 20 19 17 0.67298102651041469 10 809 37 343 11 899 40 360 32 364 29 477
5550 25.64510816940723 9.1462476984537222 41.043763135621965 31 30 28 1.2131978091834661 11 880 38 743 37 698 35 566 36 753
5555 1.0530103885120232 -6.079914118004039 20.20000067553752 217 226 124 0.74297184626295498 1 442 37 929 3 423
5557 -3.4923704153756936 2.6798310066824751 15.611109335396216 19 21 18 1.5897658312888445 16 1453 32 779
5561 -9.9839596400701804 6.7475444664903828 44.849690756721287 44 45 43 2.079064962411842 17 547 18 486 42 441 24 484 26 486 23 371 25 399 47 374 38 336 37 300 17 536 18 474 25 389 26 481 44 375 46 298 47 369 38 330 19 359 13 644 28 337 28 342 39 286 35 300 29 253
5565 -41.125371908786455 -25.112905673837272 69.903660420994285 52 52 50 0.65447719148421901 1 1144 37 926 48 1048 35 891
5566 -40.2758821278235 -46.443673572039373 118.98407188637172 40 42 41 0.98623974211683529 16 73 46 71 48 66
5568 -38.507417994941889 -21.173511942140614 73.517031772910187 40 40 38 0.88828331446219844 3 702 48 81
5569 40.91060582154352 -14.773236219233929 57.24049960669543 0 0 0 1.2559196384194831 6 289 15 229 8 307
5573 26.267346717420178 4.967156491147362 48.69253911262998 34 33 29 1.0646151497982823 11 1625 44 789 31 252
5575 20.435939347410525 8.6239345502705476 43.180244472033579 17 16 12 0.41077864870076503 11 797 48 314 28 363
5576 26.179660155156302 9.1758258321595569 45.054752655700831 19 15 14 1.4483647191106086 11 811 41 410 44 390 47 388 48 317 33 401 31 301
5577 -19.874257464435622 7.7706494605709651 40.988096862121459 55 55 55 1.2449092783287534 11 825 48 318 10 1202 15 894
5578 -18.065744094298058 8.5147383904199909 43.303124748487868 17 16 14 1.8545210246467938 10 760 11 848 14 654 48 323 10 742 15 903 14 1107 32 338 35 332 36 359 41 432
5582 21.084102965247006 10.00737476904466 40.761255570020943 19 18 16 0.7410441161191873 11 1325 46 351 47 429 48 366 31 510 41 441
5584 -14.887383110928566 9.7127999048277029 41.078103837926584 63 59 58 0.49750986510191031 11 941 15 1017 48 378
5586 0.85217657054342788 -2.836596027021129 23.135914510020253 154 190 84 2.1929493932728303 3 1027 48 541
5589 -12.1519170878978 1.2075662833794008 57.150005899966963 0 0 0 2.4172767948792542 11 1488 43 705
5591 -11.194228576087971 1.4038999490042641 52.116751550074866 23 23 21 0.49520096607794234 11 1496 13 839 17 996 22 771 38 721 48 712 29 570
5594 64.303966176784328 -57.451544536281482 96.374254275782704 70 76 76 1.9237948158607419 4 752 27 480 48 753 43 13 44 9 46 8 47 12 37 7 37 11 48 11 39 570 32 432 36 3 30 635
5602 -12.896795657388086 9.2462876986678886 41.536779289793536 59 61 60 0.59528752808605223 11 1858 37 957 38 997 44 1112 45 1082 46 1011 47 1099 48 1028 36 1003
5605 18.265291023415646 7.0977227883769638 45.086677549713109 11 10 7 1.44320951499942 48 304 11 703 15 1412 17 874 20 849 22 479 19 556 42 425 24 691 21 502 25 395 45 351 45 353 46 293 28 344 39 264 32 316 39 266 31 282 30 419
5614 -24.002232597570202 -101.53634032627534 166.57810558823979 116 98 73 0.87539567705795862 16 9 17 619 18 18 20 7 21 20 22 17 23 15 24 19 25 13 26 15 27 14 30 7 41 1 42 1 44 0 28 20 40 0 19 5 32 4 29 11
5618 -32.193620884084496 -32.919618433247955 84.373808833266636 49 48 44 2.2981478697701951 10 879 13 1313 28 93 9 56 9 1003
5619 97.26835910452786 -40.959301859986589 125.2807122721297 15 15 13 2.0132695676362897 16 178 42 87 28 106
5620 -2.4708828841844142 -2.620066393000628 14.668950126326708 111 133 41 0.21018002929709823 44 554 28 166
5623 -1.6658847316869878 -2.1353377418903547 16.242185607710599 63 98 24 0.75430277262699674 44 185 28 216 45 974
5624 -0.54785776875324099 -2.2045980315060909 17.29571961213879 32 41 1 0.91461615954999531 44 192 28 217
5626 -1.1015384580354894 -1.794050599163868 16.399060220489154 34 46 0 0.59128537376310231 44 221 28 237
5627 -0.77115399832206011 -1.7288684856997729 17.469368892389159 78 87 16 0.42787603750462266 44 230 28 244
5628 -1.0025323627303635 -1.5980312900509306 17.221945864341826 48 60 1 0.25074472096024714 44 236 28 248
5629 -2.3880009787070171 -1.0596067382043755 15.099188179738757 61 91 23 0.11681493462465999 44 260 28 264
5633 -4.2432379576809911 -0.44710469041017137 13.995539517682761 135 135 128 0.2089621948996544 44 616 28 277
5634 -0.785329778060332 -0.10935395483255075 15.471224563148795 52 68 35 2.3081400240393957 44 292 28 278
5635 -1.9459748731686706 0.55626122806561362 15.995044877197259 44 69 23 0.98194024030595772 44 306 28 284
5636 -4.1445399325892991 1.1273030812832814 13.828406009349861 24 24 24 0.97183129222813014 44 326 28 306
5638 -6.7138949066337963 2.9789700586989607 23.691265134752566 0 0 0 2.0377778367109043 8 428 23 351
5641 -14.855822013956782 8.0973828801450818 43.846905903099916 40 40 38 0.34955015113699472 11 790 15 862 17 601 28 351 14 604
5645 33.125141750676363 -16.567462453218358 50.70766553644966 0 0 0 1.5785494082475293 5 217 15 120
5649 -0.44030505001432158 -2.2160390036591564 17.730592662473335 129 135 63 0.11508422764865819 44 202 28 462
5650 -1.2766894818964889 -1.7968165669665908 16.601392480929739 133 140 63 0.85599945195044458 44 567 28 471
5651 -1.3214528541124813 -1.6543875122396718 16.067266938140182 52 65 3 0.4984533689472801 44 570 28 474
5652 -0.96108240659023014 -1.7069679888908698 17.354363485795737 128 142 76 0.61931232751874765 44 232 28 475
5653 -1.4738776254216333 -1.5342966002091638 15.730621667357603 56 66 6 0.37523819020884885 44 576 28 479
5654 -0.79087551294315828 -1.633616385272306 17.526893418795037 134 140 70 0.17749400278198982 44 579 28 480
5655 -1.1885710402324494 -1.560925805239445 16.811776246356217 134 146 74 0.53875611485406782 44 743 28 482
5656 -1.1700110646777029 -1.4901311451945296 17.117784793456742 79 90 22 0.46458521947832065 44 241 28 484
5657 -0.92062874587334764 -1.3926472288077574 16.83626353634245 96 102 30 0.60200488108865191 44 583 28 487
5658 -1.1804337914509524 -1.3618979764660915 16.832025551016127 132 140 64 0.079629380225585619 44 585 28 488
5659 -2.0788472690913031 -0.99993099612309266 13.978137460644691 52 72 16 1.4014035320238807 44 261 28 498
5660 -1.3881321390399113 0.036027666913234252 17.990504602893683 105 131 58 0.12393464634811149 44 294 28 507
5661 -3.1474180911797434 0.99479859610774535 14.626227158144578 121 122 126 1.0281882352928602 44 784 28 516
5663 12.130559056599173 3.6070511529593134 19.270579506724275 31 31 29 1.9059067813816366 11 1319 33 390 34 491 45 373 48 310 31 286
5665 -1.915346015948399 -2.9708405161689586 15.735008710708879 188 197 101 0.053700015939035992 44 547 28 581
5666 -0.8362497796864472 -1.1411525079686475 17.221958369897056 87 97 26 0.97712489545272085 44 593 28 596
5667 -0.8362497796864472 -1.1411525079686475 17.221958369897056 87 97 26 0.97712489545272085 44 594 28 597
5668 -2.3573653660979326 -0.97857309211933685 15.069121077379544 111 123 54 0.9485876051425346 44 597 28 598
5669 -2.1761916069205092 -0.72720759949036418 15.39788619380113 125 132 61 1.2958732286596524 44 750 28 605
5670 -1.3194680020160696 -0.11636823103233918 17.105435857699806 87 105 31 0.46982363892669871 44 763 28 610
5673 -1.778351389601734 0.16907817165509559 16.855244801315479 85 105 35 1.0033223623011631 44 620 28 617
5674 -2.3595266970542745 0.49283031626830631 16.121525682095637 98 121 39 0.14895315688180755 44 779 28 618
5678 1.9924603373147862 -5.248691775979113 19.548945330035824 46 106 46 1.8048973352180857 7 458 44 869 28 678
5679 38.758716224176162 -13.063216930484828 61.911482555456111 0 0 0 0.3715860851691255 15 1739 20 1061
5681 -0.17936627318293946 -3.3711324232514612 17.272649261238151 152 159 61 0.7946721675560382 44 879 28 687
5682 -1.6989328393469609 -1.6607917505268515 9.0901368654451691 0 0 0 1.1623853739095404 14 75 44 726 45 962
5683 -2.4017708753141314 -2.3473414133848984 14.371376938835844 37 88 39 0.51627176401594221 44 884 28 689
5684 -2.4017708753141314 -2.3473414133848984 14.371376938835844 37 88 39 0.51627176401594221 44 885 28 690
5685 -1.3221120286552224 -2.2008439108240423 15.76881455841087 122 135 49 0.52446738772536594 44 1000 28 697
5686 -1.3221120286552224 -2.2008439108240423 15.76881455841087 122 135 49 0.52446738772536594 44 1001 28 698
5687 -1.1868936564438515 -2.1758945968442771 16.37106557044298 53 66 5 0.12302519855552052 44 892 28 701
5688 -1.3590284919976692 -1.9856572382565967 15.616079914122475 84 99 33 0.034949115652625012 44 897 28 703
5689 -1.4278315437572007 -0.88536446028220772 16.170323742105325 136 141 60 1.493771455929652 44 905 28 708
5690 -1.2735188561894732 -0.90445500355763853 17.241854071641001 100 106 36 0.34926997622235162 44 747 28 709
5691 -1.5595516776275056 0.12995059073619705 17.553171261576225 111 138 54 0.47947571588850102 44 765 28 717
5692 -4.0338709327784548 0.18612097457279211 13.788213924642545 19 18 14 0.36811371825527389 44 915 28 718
5696 -0.74448457620557573 -3.5172942353658674 16.783791309778717 43 96 40 0.68440026999182324 44 986 28 776
5697 -1.5860110450882539 -3.3077711433489321 16.524604452140906 201 214 96 0.078711496993544225 44 878 28 778
5698 -1.2919407656836299 -3.1431986028957946 16.021309631924943 66 109 38 0.59554688699293301 44 987 28 779
5699 -2.8730129108956528 -2.646184920925009 14.566926967818491 199 209 96 0.31561117741581513 44 990 28 781
5701 -1.7005443642142419 -2.3360418734594512 15.583327099832166 130 141 50 0.25812243013970976 44 886 28 785
5702 -1.4925601810100961 -2.3014922100573614 15.717038122099037 66 96 22 0.44373320437386798 44 998 28 786
5704 -1.1619463455475769 -1.957852695392241 16.419908326988068 136 140 60 0.14744820791356691 44 1007 28 790
5705 -1.6051262472937897 -1.8749740954639598 15.80815869110207 75 98 35 0.30670732622369951 44 735 28 791
5706 -2.9945902406842064 -1.6639337827356613 12.74990203842842 129 155 97 2.0570572245620387 44 896 28 838
5707 -1.9041961392417821 -1.5062619724246504 15.46944244150802 135 140 58 0.99812056447616837 44 1092 28 840
5708 -2.3502214109683499 -1.4131336412252422 15.303515803505315 50 77 23 1.2761752748084456 44 1158 28 841
5709 -1.9699190755386708 -1.2538873628379865 14.319880581815651 132 139 61 0.11262685804639605 44 1093 28 842
5710 -1.8225370606694797 -1.306915851787734 15.46721582150866 86 99 42 1.8111272425153488 44 1013 28 843
5711 -2.724400428705271 -0.26662806711416592 14.033100752884664 136 143 65 2.0216029113213585 44 1019 28 846
5713 -3.036710530623588 -3.1703363082583564 15.391654455316917 165 198 89 0.71699801086416137 44 1144 28 887
5714 -0.92501054941925509 -2.0813125435244295 16.518848730460455 136 138 55 0.5591244531486862 44 1150 28 890
5715 -2.3759067746278499 -1.3903059499363737 13.262035548983929 100 123 41 0.096933026921712628 44 1154 28 894
5716 -2.2406616961627073 -0.74444658319839419 13.363565473202575 126 135 57 0.25598114692649365 44 1096 28 898
5717 -2.4767129333159508 0.64139435276666568 15.937819399407479 122 141 53 0.42419720645008774 44 1101 28 903
5718 -3.7918915473982202 -0.34270947618569986 11.595688660175449 138 138 136 0.58077745957373939 44 1194 28 936
5719 -0.63662724361493062 -0.17832127850857218 18.28206401655132 50 68 41 0.025494856516542319 44 1195 28 937
5720 -1.4192120402715309 0.28422341840655435 17.003154800621445 35 61 32 0.31511911578154783 44 1197 28 939
5721 -4.0552200318005953 1.0374270595540818 15.368185788591646 133 134 136 0.41798964090078938 44 1162 28 946
5722 -4.433208415251805 -1.8611823889976269 13.597011005602473 30 30 28 1.3137046879900627 44 1221 28 962
5723 -1.7189102483665479 -2.014647591184298 15.670296021765012 64 98 22 0.20966099330569687 44 1222 28 963
5724 -2.6479904218372625 -1.2960226844775034 12.362695075521284 110 119 39 1.3588999879142094 44 1225 28 966
5726 -3.6878760663317056 0.6513315092346923 12.416856434972694 123 125 122 1.7957679445759385 44 1281 28 999
5727 -3.8853234245577206 2.5896656624597174 16.833893288582832 39 37 38 1.5118169004572788 12 533 44 801 45 790 46 706 47 813 37 695 36 748
5729 -1.0019651357283363 -1.9215263530281661 17.0216493813064 42 53 1 0.27793975080170519 44 214 28 231
5731 -1.6444499922619222 -2.9397590845791131 14.949053218664263 180 200 103 0.96127525475609576 44 544 28 447 36 915
5733 -2.7846817740801901 -2.3265301207467335 14.190269283681555 199 208 96 0.59589728782998552 44 995 28 783
5734 -33.493509448437706 -34.277964718691415 74.859825827587315 104 107 105 2.088483654660557 10 30 11 56 14 43 15 48 18 561 20 73 19 30 22 538 42 58 24 63 43 560 41 552 21 83 27 44 25 430 44 67 40 442 33 45 45 526 47 543 46 49 38 498 37 478 48 485 12 47 14 44 16 700 15 1063 10 862 11 60 17 94 18 91 20 77 13 415 19 34 22 69 42 62 24 67 45 45 47 62 38 48 37 50 28 77 39 53 9 32 31 32 29 80
5747 -13.180527414096396 4.233149436978195 49.698451138420211 27 27 26 2.8478273425686469 11 640 15 738 22 414 10 615 24 424 21 441 25 345 34 461 37 253 48 254 10 1186 15 1382 17 869 18 432 11 636 20 513 22 412 21 658 47 324 37 254 32 257 32 258 29 227
5748 5.1731638028530202 3.2764242757688375 15.131360797621792 90 86 83 1.9628938143788333 1 1206 4 1215 6 1220 8 1274 5 1131 38 742 40 683 44 805 45 796 46 713 34 776 47 818 33 778 37 697 48 734 2 1403 34 499 32 591 36 752 31 621
5752 -36.31554666623714 -26.410948148283659 70.991204545121875 32 32 30 0.29896644527442728 1 245 3 229 4 239 8 258 39 75
5756 28.410981198862718 4.9527652419029691 48.232594200984238 7 6 2 0.60908670716633928 16 1295 17 866 18 443 28 315 39 223 32 283
5759 20.127720668558396 5.4715091139207095 47.96056276218777 22 18 15 0.41020890077843269 11 661 17 504 21 472 24 447 25 360 39 243 32 289
5760 20.127720668558393 5.4715091139207077 47.960562762187756 22 18 15 0.41020890077842592 11 662 17 505 24 448 25 361 39 244 21 473 32 290
5762 -18.618730444542116 6.7783249201561988 45.517070155088639 22 21 19 0.44636588048059572 11 717 15 781 39 288
5763 -3.4902255021865161 3.3282891721159897 15.670561751832803 6 6 6 1.5438492959919463 3 1056 39 299
5764 -18.864015445562178 7.9929399551543039 43.105109122553223 19 19 17 0.4641889383641456 10 1199 40 339 39 300 31 291
5765 -14.484672011782214 9.5313280058014396 41.39840850369518 29 28 26 0.39076312603329511 10 819 15 1010 40 391 39 375
5773 2.2882090282280525 -0.63573117433786697 4.9578624411714527 145 147 146 0.76171574710214052 11 1295 39 755
5777 -37.460226557729996 -35.194821390937896 73.579912577532895 12 13 13 1.5923160159174805 12 1255 14 1371 16 1314 10 1483 39 586 15 1048 17 656 18 556 20 628 13 410 24 536 21 539 34 629 45 676
5778 37.654464446599711 -11.307163898606827 61.571990027235628 62 66 65 2.3899220554682894 15 1539 11 1114 17 716 22 190 48 124 39 120 1 891 11 1107 18 611 17 714 3 722 4 711 43 123 21 199 24 579
5785 42.065890216382371 -29.736944094107077 73.89497273555213 0 0 0 0.1846584498612874 3 214 12 102
5786 -39.70522394355816 -39.42467354564284 91.584378826802748 76 81 83 2.29113656096483 5 571 9 41
5787 -33.266996458531601 -28.293583963025512 69.338829297015423 66 66 64 0.069911008960038629 4 615 9 53
5788 45.719069235642344 -24.02463972229566 69.483812399203629 89 95 91 0.60634253939504401 14 800 9 59
5789 -28.705882986520734 -25.359970625383568 70.471588754452966 101 106 102 1.6246367949110141 15 104 17 135 9 70
5792 -5.6914188455729713 -5.9340919295430181 20.600413062977946 15 17 14 0.75407864425280846 15 131 9 89
5793 6.8615497024712866 -4.7971004705743123 18.393063007254277 180 188 177 0.84909745356198729 14 112 9 103
5794 7.1177599292407319 -4.938286972330153 19.312486902965954 147 182 111 2.0424089727913319 15 1503 9 109 11 1063
5797 -26.285757503953331 -14.778234398506941 60.801845196363345 63 65 62 1.7303746213890145 2 850 9 134
5798 -34.049760388347352 -11.948856799575088 47.936353392884335 89 88 86 0.57871464899604097 18 172 9 155
5800 5.4588556555960182 -4.2192262264173346 17.762604604233495 169 194 148 1.6921831128637828 15 327 9 169
5802 -6.2698257235345967 -4.4559878372227786 18.458591314007865 172 180 191 1.4421238402464189 11 1087 9 207 15 1157
5804 2.4720487206507267 -3.509965835700299 18.533924532978613 112 128 34 2.3422419947738606 2 631 7 185 16 232 23 152 10 288 12 747 9 259 4 497 3 510 6 540
5810 -6.0198972234348167 -2.570097379219876 19.115132511668708 178 182 183 1.0187384937865342 10 394 9 332
5811 1.6339014403461383 -1.2453269147012265 8.8342455724056546 71 109 34 1.5707717039541493 12 5 9 376
5813 -0.37311364952490139 -1.3239873281006338 20.04157692181218 60 91 23 1.5272202784081128 2 1217 9 390 18 382 26 404 13 304
5814 42.834902565896961 -34.474905401929995 77.594213402040211 116 122 122 1.7542151586048629 7 55 9 424 36 49
5815 61.881645967024731 -34.614665849266707 92.426153462873899 0 0 0 0.83158223110110918 8 1222 17 674
5816 -7.5457975859950155 -7.0398681626395678 18.02038981112894 112 117 113 2.3471176663203486 18 144 9 442 20 125
5817 -32.713368828092271 -13.912316221406851 44.933057154301778 40 40 40 0.780229350788475 17 149 18 153 20 672 9 449
5819 1.4563104872528978 -4.8538747722461206 18.863307228792106 205 218 121 0.13883953570773222 10 98 9 472
5820 -31.779856969701694 -15.86534828967611 73.285014083817785 9 9 7 1.1743738900999714 2 1100 7 702 9 495
5821 4.3669588430953574 -3.7355047881358918 19.062920664139497 0 0 0 1.3145076120446655 11 1405 12 745 21 576 18 258
5826 9.4217591905495439 -3.0872539071531246 31.436849240686314 0 0 0 0.93163966878145543 27 298 42 306
5831 -2.8004536846920578 -1.2505832845841676 20.366997236542943 27 51 8 0.11812651791925399 7 979 9 610
5832 -37.537668089646914 -1.5658289206174232 58.946083775567537 56 55 53 1.7969486194149 13 1010 15 682 24 665 9 613 20 814 22 380 17 835 20 1117
5833 -34.749532846107826 -34.13952449192513 66.751941296163068 41 43 42 1.7339603636034429 7 1005 9 620 12 1250 14 1518 29 513
5835 -3.7940606470304763 -2.6671449773509157 13.641801498346645 0 0 0 1.0716241840788965 30 528 43 170
5837 4.1122804111492668 -8.9434385103159393 40.28057487591164 134 163 83 0.5806654633356545 4 882 9 729 8 920
5838 -34.348126284123794 -17.879018379672338 78.042691927543487 113 115 112 0.1143938816966987 7 946 9 730
5839 -3.420779837943182 -2.8442358696590646 13.689661636561446 0 0 0 1.1512282228824935 30 832 43 976
5841 51.893714886537744 -20.372687546456504 83.692733038219032 94 100 98 0.24609196600027211 2 1290 9 765
5842 -28.37055177176865 -11.731941135552903 39.075539900518955 98 97 95 1.7703653795477725 17 1177 9 768 18 1024 20 1042
5843 7.6787263449932075 -6.7007963997376754 27.031068206453238 0 0 0 0.70969967964532499 27 818 42 940
5846 -1.279564237681353 -4.165500445731305 16.680884189343477 0 0 0 1.4653228631225321 6 741 1 729 43 1073 30 912
5847 -1.3151916725401023 -4.3617322121553803 17.884031749924667 0 0 0 0.58062290967472086 30 913 43 1074
5850 -33.157958677341462 -6.202866712930323 50.703204591220754 105 101 100 0.77517863228393213 24 888 46 794 47 888 9 810 22 876 42 978 44 895 45 849 48 816
5851 6.7763858160682258 -1.4478056877701604 19.721353921081121 61 107 13 1.4064809774062625 13 816 19 687 9 811
5856 39.622431360355094 -18.860805105986682 80.606317155549746 30 34 33 1.5547704511277054 2 1338 9 904
5858 37.020551236029661 -20.891115358614964 90.160974078467987 35 37 34 1.2021240081189599 3 1277 8 1329 9 907
5861 7.3967055170179901 -3.3384033153957935 18.179698641868892 43 45 42 0.17531877866817003 26 1134 9 920
5867 6.7053521062362398 -8.7285274031981661 33.161950762595829 0 0 0 0.8852442722780971 13 1233 41 1092 19 1092
5868 0.89337591016459206 -4.2349161634284531 18.224257838643119 166 178 81 0.56026176873451616 2 1430 9 956
5869 10.779763124087593 -4.8952162022561172 29.855850272417701 0 0 0 1.7643436129869827 27 990 42 1119
5870 -3.4640024040975916 -2.1770314116368925 11.919054457684107 0 0 0 1.8573369252755596 13 1279 41 984
5876 6.214200864801561 -11.956570257397287 33.914248672063501 0 0 0 2.1506755323898687 13 1336 18 1250 19 1157 20 1406 21 1146 23 946 24 1145 25 1008 26 1223 27 1123 37 1082 38 1145 39 1018 41 1183 46 1131 48 1157 40 1062 31 1026 42 1264
5878 -34.156731960077998 -5.2122913653873466 53.519694218837323 96 94 94 0.92561862479611712 11 1935 13 1341 19 1152 24 1153 9 1021 20 1399
5883 35.648739115575516 -8.1674428546327302 66.998173728616038 11 11 12 2.5797700163600008 6 387 16 471 15 526 10 1122 19 473 19 475 10 435 12 446 16 464 9 270
5884 6.7703689445831472 -4.9401296480731194 18.214241881327329 167 179 165 0.8087083853215542 15 192 18 190 19 53 20 164 22 131 23 57 24 135 25 74 9 90 17 171 21 134
5885 -16.081393871605936 -6.7461872588833485 22.0275972046134 0 0 0 0.99988828230864213 13 81 18 162
5886 -2.5036576461997382 -2.7796985673811805 15.226735112765324 118 129 53 3.2944105683227032 41 597 9 683
5887 4.0557951250861137 -1.453949679049114 16.403983889620765 127 144 64 2.2281021318722205 42 669 9 697
5888 -44.24438046715219 -11.512248888026091 67.564418514980005 14 15 14 2.6583705198968302 12 1588 9 802 14 1657 16 1613 9 861
5890 -33.731717455944413 -32.851978254437135 70.645879470410719 51 48 43 0.46046370731842229 11 52 32 72
5895 -0.38356822129750262 -2.4241272667467908 9.0612979393416992 0 0 0 1.4800727611580031 15 240 33 991
5896 38.046301168154066 -7.3263236091343122 66.798510114890291 37 40 39 1.1634545146218032 6 398 17 319 26 317 32 184 1 383
5898 -14.008947527400922 1.1034660774287601 53.382306132986656 43 43 41 0.38216045106526919 11 590 14 497 32 225
5899 24.737628841377045 3.4078306453211193 50.860487018289888 32 31 27 0.29682522557624885 10 604 32 239
5900 -9.2789876025016884 3.3835576043774709 48.02904035469566 57 57 56 0.10103686107892433 17 487 34 449 32 246
5901 16.783389023077678 4.5010506652784894 48.040127736860498 43 42 38 0.49309849479484597 15 747 17 491 34 455 32 266
5905 -11.592727479382649 8.0181256814173203 42.164518063348879 25 25 25 0.3813251401780029 11 816 32 332 29 274
5908 -14.093861599296273 8.8569616666521664 42.204153395232709 52 51 49 0.30494117726048192 11 888 14 694 15 982 32 356 10 805
5910 -36.283343154002715 -37.953958517077908 74.682464338183621 23 25 24 1.6772025430045281 15 1035 38 34 32 451 31 21
5911 -32.135854436377279 -29.387430095617542 68.652102369555678 108 110 105 0.43710652197347027 9 45 21 546 22 542 28 405 33 515 34 840 37 626 38 672 39 598 42 768 43 768 46 633 47 732 48 663 32 474 35 617 36 670 29 386
5914 -13.169352189177101 1.3332657915741477 52.12189396790771 20 20 18 0.4891908185806742 10 1460 20 829 26 697 32 549
5915 -12.064778093158338 1.4137189438698354 52.898745644210393 26 26 24 0.24141997029028095 15 1641 17 995 46 690 32 550
5917 -9.728390037770497 6.2960564822399014 43.96073846731079 36 34 30 0.50297730933024642 18 856 19 712 20 989 21 775 22 783 24 795 34 772 32 585
5918 -18.797721300767293 7.5866101815405118 43.537204085912521 47 46 44 0.43361976223099885 17 883 32 588
5927 4.3808585454394029 -8.6443675606390151 24.427584057554391 0 0 0 1.7160005333505191 9 1018 15 2078
5930 -17.632794856440544 8.6484315982611619 43.067740876427571 22 22 22 1.5371626640827534 15 927 34 514 32 340 10 789 11 860 15 951 48 332 10 1840 11 1810 14 1671 15 1973 34 1210 42 1077 33 954 44 1108 45 1075 47 1092 46 1004 37 952 48 1021 10 775 39 843 32 874 35 342 35 854 36 998 31 881
5932 -3.6578656173314172 2.316712755809831 16.539784420542656 0 0 0 0.69020068799497636 15 960 28 340
5933 99.226615011122561 -69.354757425651997 194.71804819915997 115 121 119 1.5408939829666279 6 279 14 94 32 481
5935 -8.2386500184458313 0.84009617118272395 43.223307574551619 39 39 39 2.0084427401571525 17 844 19 543 20 826 21 405 22 651 33 333 34 434 32 545 37 673 39 674 47 795 29 193
5952 65.430239297823235 -59.31426628552272 100.17804423028166 29 33 34 0.36113168838329573 14 1674 35 931 36 1008
5955 46.931324080671402 -38.069406885079687 80.539150925871311 122 124 121 0.8919783615881679 12 1683 48 1155 35 1073
5957 -36.70778197916686 -35.512425703273337 71.097098909455454 43 45 48 2.0172701155299144 12 33 14 26 16 33 15 32 10 18 4 114 3 102 22 527 9 423 35 19 11 36 15 23 41 41 38 35
5958 37.307701914520166 -5.7232452829292546 60.862513853870311 0 0 0 1.9968579764863452 3 351 16 1016 8 385 14 463 20 398 12 470 24 348
5965 25.181743651220476 -38.323590476607542 143.71931730961617 37 61 1 3.0292330609826257 5 305 36 71
5966 5.1337333351170198 -7.4915675045500532 26.917665639281836 30 54 3 0.84162816466850887 14 138 36 76
5967 -32.72171306638387 -7.4832526034923408 50.922826729280928 124 86 67 2.4751364669931641 12 1589 38 551 36 160 33 179
5971 -0.562873667656831 -0.74198375738440725 6.0306668681417452 148 154 144 1.7231574512094188 14 32 36 566
5976 -41.361752517944872 -36.15991222451327 73.670406838510459 20 23 24 0.61197520380293935 9 711 13 876 17 1038 18 883 20 1012 21 803 22 802 24 809 32 721 33 803 34 969 37 732 38 769 42 902 43 911 44 844 45 818 46 747 47 849 48 763 36 786 35 712 39 710 40 709 41 841 35 810 31 644 29 601
5980 -40.767231368089909 -37.162094868287802 71.923238735217495 0 0 0 1.6931274038050341 1 777 37 968 34 1217
5982 -1.857238070632131 -0.15485782082643884 7.6041342480676803 23 24 22 0.77231558284477564 16 1657 36 1105
5983 7.721525390125823 -14.725129358389937 42.350351938108254 120 119 117 1.9279344379344747 14 1795 44 1247 36 1121 28 993
5984 42.843797827935369 6.1746768512782824 66.31924391076771 6 6 6 1.32400460814701 9 936 34 1369 37 1102 42 1293 36 1150 35 1083 39 1043 40 1081 41 1202
5985 -15.964200027641551 6.3838319325766513 46.716162348835574 48 45 44 2.4645708329676803 10 1466 11 1508 17 875 24 785 45 785 48 607 32 579 35 685 36 744 12 532 14 524 16 591 15 763 10 627 11 686 25 373 23 348
5986 -10.352185702852127 8.0027844076235581 48.001401033093956 38 38 38 0.64383105048007438 13 1332 36 1152
5987 -37.557925352538021 -32.822487862507046 67.692365982618753 124 128 132 0.41244497698977489 8 826 14 1155 6 799 12 1006 16 1074 15 1456 11 1357 7 785 17 909 18 750 20 874 13 674 1 788 4 795 3 812 22 533 42 755 24 535 5 736 43 758 41 712 21 535 34 824 44 685 40 437 33 685 45 674 47 717 46 620 38 658 37 613 48 650 39 583 9 621 32 623 35 606 36 658 6 798 8 825 12 1005 16 1073 15 1455 10 1242 17 908 18 749 20 873 19 581 1 787 4 794 3 811 22 532 42 754 24 534 43 757 41 711 21 534 34 823 44 684 40 436 33 684 45 673 47 716 46 619 38 657 37 612 48 649 39 582 35 605 36 657 31 536 31 537 29 373
5988 -33.617290335871097 -30.010268340878341 68.182155087405206 17 13 14 2.2269923834586516 12 1503 16 1644 15 1986 10 1808 11 1822 17 1240 18 1072 20 1227 13 1151 22 985 42 1159 13 1219 24 992 24 1046 43 1142 41 1023 41 1081 21 988 34 1230 33 975 45 1030 47 1042 46 954 38 1020 37 975 48 980 48 1043 28 819 39 864 32 887 9 825 35 945 8 856 15 1685 10 1492 11 1540 17 917 18 761 20 884 20 1028 22 698 42 766 42 913 24 717 43 766 21 695 21 813 34 837 44 695 44 854 40 601 33 694 33 817 45 55 21 95 47 729 46 630 38 670 38 782 37 61 37 742 48 660 48 779 28 85 39 596 32 635 35 615 36 668 31 549 31 833 29 731 41 851 41 65 41 722
5991 4.7241926855326772 -3.3178371061359719 16.802856314899959 0 0 0 0.98947762337734102 5 23 41 146 1 22 3 16 4 14 6 22 8 20
5993 3.7735256906592953 -3.2346562626576292 17.252141719474562 0 0 0 2.1557695428869477 5 408 41 165 3 775 6 763 8 788 3 458
5994 -1.1846930557764064 -1.5757250329043955 20.786567945560851 0 0 0 1.3154573174716879 5 951 41 301
5997 -27.277470895096354 -21.343889315864313 40.399465076803914 29 33 32 2.2937677671861705 8 765 31 16
5999 6.2844795758866479 -5.3201446343830936 13.759255389660508 0 0 0 2.4182608210749863 9 64 15 89
6006 21.268525233883288 8.6647897613657108 43.265961733025627 17 16 13 0.023833491584367296 11 798 31 297
6007 -14.454779106150282 8.812592705234163 42.771428019691996 13 13 11 0.29924367965669835 10 796 14 684 32 349 31 315
6008 -14.49084379174036 8.8388816171356659 42.889016733316332 13 13 11 0.2769883904676087 10 797 32 350 31 316
6009 -2.3915556206717121 3.3692531807396335 15.422939823195389 149 149 151 0.66617609424492241 8 1184 31 317 4 1123
6010 23.579713247918395 9.6662409392607778 41.541095541572325 39 40 38 0.52122350083234903 11 906 32 388 31 327
6011 22.018945381099517 10.563503105261216 40.263209217690232 45 46 43 0.71856331880365443 11 1336 34 790 35 362 36 626 37 589 38 641 39 560 41 690 42 733 43 740 44 666 45 657 46 600 47 691 48 631 31 352 40 571 33 447
6013 28.166296124285449 11.604220940236017 42.782264499231857 9 9 7 1.7990399504653625 11 962 35 378 38 408 44 466 45 445 47 475 48 398 31 370 46 393 33 467 35 381 48 401 39 365
6019 -11.599465120861371 9.4991215652616887 42.793639398919503 48 48 46 0.59517567913835645 11 913 32 785 35 697 42 1001 31 625
6025 0.04564705129026126 3.5536797263267448 7.1906212754232071 0 0 0 0.59132029121572049 3 278 8 313
6033 -3.2179368308475924 2.6851944339324065 15.290154616846932 198 198 200 0.72266496409420955 8 1331 32 1012 31 986 1 1275 6 1293
6036 38.112833186261561 -6.4921190556295585 60.482824106920987 0 0 0 0.81853040489296924 16 1771 20 1415 43 1334
6037 37.527142070667701 -6.3680964020979776 59.640395618302385 0 0 0 0.24949342214233186 7 1425 16 1772 20 1416
6049 40.69171721552938 -46.539914711789997 86.414868859983372 91 103 101 0.46543668083903922 14 740 29 50
6055 -16.683392660042919 4.1251565980598857 49.875559059187609 27 26 24 0.13985799486393691 14 517 29 224
6056 -17.327596158294895 6.7860895203101919 46.549818984089065 52 51 49 0.66931424246765359 13 371 15 1662 29 247
6057 -18.348513418064563 7.747332142041099 44.233610375706725 50 49 47 0.90089008556079408 13 378 14 581 15 839 20 574 29 266
6058 -16.558572462163369 7.7693320749825352 42.479186944759348 49 48 46 0.16359288866745703 13 379 29 268
6059 -16.780825420452857 8.1138510295664616 43.632245890843862 23 22 20 0.42548480752970952 14 1104 15 1422 29 271
6060 -13.352886596119307 8.1789333016089305 42.701126150337799 53 53 51 0.3001661246729756 14 626 29 276 10 733 11 822 15 893
6061 -13.811993050470289 8.4981566902642172 43.120533789474997 54 53 51 0.4398443374500513 14 651 29 279 11 839 15 922
6062 -14.90432931897306 8.536533722033699 42.77744366021188 26 26 24 0.37134093184976585 14 660 29 283 10 769
6063 -14.944180570053302 8.9102981908368548 42.47839471438671 45 45 43 0.67442318358095366 14 692 29 296 11 886
6064 -2.7783639162100862 3.4695301147215027 15.81324896496565 0 0 0 2.6412660049249137 4 1063 32 351 33 409
6065 -13.636350066916231 9.1175800987246465 42.635693316148348 33 33 31 0.6431346948361244 15 990 29 304 14 705
6067 40.526896450799867 -47.362248283801527 87.475712485278962 91 104 100 0.53799218004239258 14 13 29 358
6068 40.526896450799867 -47.362248283801527 87.475712485278962 91 104 100 0.53799218004239258 14 14 29 359
6069 -13.427399879394617 -24.636123603484918 52.3395401221917 0 0 0 3.397166065027073 7 11 9 24
6070 40.059775300781922 -46.201209662999723 86.228781689145919 127 137 132 1.8371800801626301 10 14 15 22 29 364
6072 -16.157553424168427 8.9526924587161201 42.263754687217258 29 29 27 0.24841600104601902 14 1123 29 476
6073 -43.934740031588916 -39.980864597617654 76.579854085864227 0 0 0 0.2985644997599044 10 1476 31 639
6074 16.213860548910034 2.5779466546541117 23.226455438480738 0 0 0 1.5927710064823031 15 1972 45 629 39 224 42 397
6085 -35.491161408111388 -56.730596600575922 103.66638702028193 18 19 21 0.61253644334924828 12 591 14 730 17 38 7 778 13 390 19 385 26 45 34 17 46 10 39 19 9 5 29 32 16 665 17 39 18 535 20 26 19 386 24 32 41 25 27 22 25 29 34 18 44 30 33 6 46 11 45 14 47 13 37 19 28 39 48 9 39 20
6086 42.44895845338678 -32.589324548386848 74.41858678487894 69 75 73 2.1460779756252744 6 179 12 632 15 73 7 479 17 102 20 89 4 183 3 174 26 92 34 90 9 425 29 104 8 181 14 51 6 173 12 59 16 57 15 68 10 38 11 73 1 164 4 169 3 159 5 147 48 62
6087 33.4576142661125 -7.2305961878110754 65.520715277310856 48 51 51 2.3357158052813451 6 400 11 465 3 346 28 212 29 171 6 393 10 456 20 367 4 354 3 342 34 308
6088 -31.366978996735103 -22.910507463595273 86.671334462191282 18 19 16 0.86873228821544124 11 162 17 155 1 344 3 298 29 119 6 1052 8 1084 17 1179 18 1025 13 1078 19 897 1 1100 4 1035 3 1123 42 1033 43 1066 41 967 34 1092 44 974 40 827 33 923 45 947 47 971 46 894 38 886 37 844 48 901 39 807 9 835 32 833 35 825 36 910 31 776
6089 -13.52206257809655 6.4463097810364367 45.797616895999489 34 33 31 0.61126902957297702 10 1470 11 1513 15 1659 20 842 22 779 24 789 26 721 25 646 23 604 28 627 32 581 29 466 10 1471 11 1514 15 1660 20 843 22 780 24 790 25 647 23 605 40 560 28 628 32 582
6090 -17.674837995123305 9.3179224037239976 43.317943753054699 52 52 50 2.6881402365924685 14 700 15 987 38 381 29 301 14 709 34 947 15 995 33 781 35 699
6091 26.240886523376151 1.5371277349299572 36.440195545679273 56 52 49 2.3522610380226192 15 719 26 447 29 204
6093 35.267552384882173 3.8593046715214157 45.422392892245114 17 13 10 1.8137082417916865 28 947 32 1010 35 979 36 1072 42 1188 43 1272 29 835 25 990 45 291 38 1069 40 1021 44 1202 47 1183 26 1181 34 1297 39 969 41 1138 30 1078 27 1079
6094 26.037480139842714 3.941667655967799 50.266248170556992 8 8 5 0.46363305803435906 11 1503 17 857 18 718 22 661 42 384 24 679 43 713 41 354 21 656 27 647 25 556 34 755 44 634 40 551 33 649 45 618 46 573 47 655 38 600 37 554 48 599 28 296 32 563 35 548 36 601 31 485 29 222 12 1239 14 1356 16 1290 15 1648 11 1502 17 856 18 717 22 660 42 383 24 678 43 712 41 353 21 655 27 646 25 555 34 754 44 633 40 550 33 648 45 617 46 572 47 654 37 553 38 599 48 598 28 295 39 538 32 562 35 547 36 600 31 484 30 617 30 618
6095 -16.047698609449885 4.0869010040114722 49.066731818480434 29 29 27 1.3081454301399023 11 631 15 733 18 428 22 404 24 416 41 368 21 431 25 339 23 305 25 342 47 309 47 311 46 240 40 284 38 290 37 251 48 249 28 297 39 236 11 632 15 734 17 499 18 429 22 405 41 369 21 432 25 340 25 343 23 306 47 310 47 312 46 241 40 285 38 291 37 252 48 250 28 298 39 237 31 238
6096 -33.240000601121864 -60.457449154881807 107.94185792691698 56 56 56 0.54756098349527937 7 1003 14 1367 13 868 12 584 14 1134 16 1058 17 897 18 532 20 858 19 381 22 514 42 549 24 517 43 534 41 533 21 673 26 732 27 481 25 418 34 804 44 488 40 583 23 381 33 486 45 493 47 513 46 441 38 467 37 452 48 457 28 375 39 418 32 430 35 441 36 645 31 523 29 489 30 451
6097 -37.914076955686077 -33.897463961731475 73.589303170567817 22 25 24 2.2191393264707302 11 53 17 89 18 88 20 637 42 53 24 60 43 50 34 63 44 65 33 37 45 38 46 44 38 44 37 42 48 40 28 72 39 49 32 73 35 25 31 29 29 71 11 57 17 93 22 65 42 57 24 66 43 561 21 81 34 66 44 523 40 38 33 38 45 525 47 54 46 469 38 499 37 43 48 486 28 75 39 50 32 75 35 457 36 40 31 30
6103 53.68869012487837 -32.198297425832379 79.004142701433494 96 101 97 1.7525915716572473 8 1158 14 1543 6 1110 12 1436 16 1589 12 1510 15 1693 15 1934 10 1656 10 1752 11 1666 7 1262 17 1053 18 897 18 1020 20 1161 13 1070 19 885 19 972 20 1233 1 1081 1 1142 4 1098 4 1162 3 1108 22 817 42 1028 24 948 24 997 5 1070 20 889 18 764 41 1030 21 946 26 893 13 1155 34 985 34 843 45 942 40 722 28 665 32 736 31 556 2 1326 23 541 43 772 33 700 48 668
6107 3.6445613083116113 -3.6700127377906355 16.556202085190723 0 0 0 2.3100368935712496 7 467 41 883
6108 3.3930631439996484 -2.5287279309674497 16.850613728931844 0 0 0 1.3913185250097122 7 546 41 234
